timestamp,timestamp_sample,device_id,magnetometer_ga[0],magnetometer_ga[1],magnetometer_ga[2],calibration_count
1777227097833000,1777227097833000,197388,0.20809491,0.008590708,0.43335035,0
1777227097965000,1777227097901000,197388,0.21602401,0.010624291,0.42984164,0
1777227097969000,1777227097969000,197388,0.21704715,0.0074366992,0.42695698,0
1777227098101000,1777227098037000,197388,0.2153613,0.010811796,0.42979363,0
1777227098105000,1777227098105000,197388,0.21057107,0.0116421245,0.42289943,0
1777227098237000,1777227098173000,197388,0.21440676,0.009184923,0.4292409,0
1777227098241000,1777227098241000,197388,0.21002957,0.013048059,0.43644136,0
1777227098373000,1777227098309000,197388,0.21480437,0.009297946,0.4298396,0
1777227098377000,1777227098377000,197388,0.2193195,0.0031130097,0.4232852,0
1777227098509000,1777227098445000,197388,0.21432771,0.010819256,0.4292586,0
1777227098513000,1777227098513000,197388,0.21693562,0.019249052,0.4251866,0
1777227098645000,1777227098581000,197388,0.21502511,0.009964186,0.4313266,0
1777227098649000,1777227098649000,197388,0.216351,0.009983985,0.4281168,0
1777227098781000,1777227098717000,197388,0.21573962,0.009695029,0.42909348,0
1777227098785000,1777227098785000,197388,0.21423693,0.0059358403,0.43053952,0
1777227098917000,1777227098853000,197388,0.21606293,0.010142552,0.42907605,0
1777227098921000,1777227098921000,197388,0.22205871,0.0054269144,0.42252982,0
1777227099053000,1777227098989000,197388,0.21501732,0.011036148,0.42950636,0
1777227099057000,1777227099057000,197388,0.2126735,0.0070884572,0.4264201,0
1777227099189000,1777227099125000,197388,0.21570721,0.009710703,0.4298016,0
1777227099193000,1777227099193000,197388,0.21212691,0.012264385,0.4266002,0
1777227099325000,1777227099261000,197388,0.21565105,0.012501383,0.42969775,0
1777227099329000,1777227099329000,197388,0.20899495,0.0113618,0.4285112,0
1777227099461000,1777227099397000,197388,0.2169789,0.010865163,0.42910194,0
1777227099465000,1777227099465000,197388,0.20975128,0.02422143,0.42693833,0
1777227099597000,1777227099533000,197388,0.21573976,0.010322906,0.43030643,0
1777227099601000,1777227099601000,197388,0.21824597,0.008253183,0.4268969,0
1777227099733000,1777227099669000,197388,0.21447286,0.010052345,0.42968538,0
1777227099737000,1777227099737000,197388,0.20360099,0.015854046,0.4248127,0
1777227099869000,1777227099805000,197388,0.21595351,0.011718961,0.43077964,0
1777227099873000,1777227099873000,197388,0.2287791,0.0067008478,0.43209,0
1777227100005000,1777227099941000,197388,0.21596003,0.010667964,0.4286409,0
1777227100009000,1777227100009000,197388,0.21022923,0.0050379387,0.43096307,0
1777227100141000,1777227100077000,197388,0.21560127,0.010326381,0.430319,0
1777227100145000,1777227100145000,197388,0.2105265,-0.0005575758,0.43592924,0
1777227100277000,1777227100213000,197388,0.21374871,0.010500952,0.4300104,0
1777227100281000,1777227100281000,197388,0.2198054,0.013631355,0.4322258,0
1777227100413000,1777227100349000,197388,0.21613938,0.010154156,0.42964786,0
1777227100417000,1777227100417000,197388,0.2113742,0.0072867023,0.41718867,0
1777227100549000,1777227100485000,197388,0.21414134,0.009679937,0.43017235,0
1777227100553000,1777227100553000,197388,0.2084314,0.015978748,0.4220772,0
1777227100685000,1777227100621000,197388,0.21493998,0.010099106,0.43001026,0
1777227100689000,1777227100689000,197388,0.21742257,0.015471062,0.44001248,0
1777227100821000,1777227100757000,197388,0.21616545,0.0116766095,0.43194357,0
1777227100825000,1777227100825000,197388,0.2198312,0.013833374,0.43347034,0
1777227100957000,1777227100893000,197388,0.21399298,0.010820232,0.42873484,0
1777227100961000,1777227100961000,197388,0.21605429,0.022626033,0.42300373,0
1777227101093000,1777227101029000,197388,0.21352461,0.010201418,0.42881477,0
1777227101097000,1777227101097000,197388,0.21693319,0.008198371,0.43436462,0
1777227101229000,1777227101165000,197388,0.21439888,0.010219711,0.42998615,0
1777227101233000,1777227101233000,197388,0.22226569,0.013726911,0.42785448,0
1777227101365000,1777227101301000,197388,0.21542938,0.009482866,0.42941865,0
1777227101369000,1777227101369000,197388,0.22233133,0.016276162,0.43403655,0
1777227101501000,1777227101437000,197388,0.21497822,0.009502016,0.43080583,0
1777227101505000,1777227101505000,197388,0.21103692,0.0053731967,0.43462944,0
1777227101637000,1777227101573000,197388,0.2158392,0.009299384,0.43048492,0
1777227101641000,1777227101641000,197388,0.21127822,0.015857078,0.42506602,0
1777227101773000,1777227101709000,197388,0.21491146,0.009964259,0.43017507,0
1777227101777000,1777227101777000,197388,0.21718858,0.014745418,0.44171318,0
1777227101909000,1777227101845000,197388,0.21693757,0.010858562,0.42959327,0
1777227101913000,1777227101913000,197388,0.2217792,0.0056805806,0.42862687,0
1777227102045000,1777227101981000,197388,0.21366179,0.0107544605,0.43012053,0
1777227102049000,1777227102049000,197388,0.21556853,0.0040135253,0.43780136,0
1777227102181000,1777227102117000,197388,0.21479364,0.009387222,0.4294923,0
1777227102185000,1777227102185000,197388,0.21489495,0.014841988,0.42623773,0
1777227102317000,1777227102253000,197388,0.21516365,0.009536667,0.43005964,0
1777227102321000,1777227102321000,197388,0.2104095,0.011308605,0.43212897,0
1777227102453000,1777227102389000,197388,0.2151425,0.010735039,0.42930296,0
1777227102457000,1777227102457000,197388,0.22042927,0.0075735548,0.426954,0
1777227102589000,1777227102525000,197388,0.21518749,0.010056491,0.43037933,0
1777227102593000,1777227102593000,197388,0.21154557,0.0019495233,0.4262598,0
1777227102729000,1777227102729000,197388,0.21140674,0.012559257,0.42837307,0
1777227102861000,1777227102797000,197388,0.21472716,0.00965972,0.42973083,0
1777227102865000,1777227102865000,197388,0.2121827,0.016386002,0.43194288,0
1777227102997000,1777227102933000,197388,0.21518987,0.010044182,0.43000853,0
1777227103001000,1777227103001000,197388,0.21464778,0.007800441,0.4325116,0
1777227103133000,1777227103069000,197388,0.21360935,0.010247838,0.42894492,0
1777227103137000,1777227103137000,197388,0.21415146,-0.0006617169,0.4256272,0
1777227103269000,1777227103205000,197388,0.21533477,0.010368555,0.43038446,0
1777227103273000,1777227103273000,197388,0.21052481,0.008112114,0.42613563,0
1777227103405000,1777227103341000,197388,0.21532995,0.010960174,0.42933005,0
1777227103409000,1777227103409000,197388,0.20993239,0.0013774765,0.43641484,0
1777227103541000,1777227103477000,197388,0.21396446,0.010234887,0.42939082,0
1777227103545000,1777227103545000,197388,0.21306144,0.013240987,0.43001506,0
1777227103677000,1777227103613000,197388,0.21455234,0.010447685,0.42934772,0
1777227103681000,1777227103681000,197388,0.21034682,0.022801522,0.42970708,0
1777227103813000,1777227103749000,197388,0.2154578,0.009245561,0.42956272,0
1777227103817000,1777227103817000,197388,0.22097763,0.019651823,0.43353745,0
1777227103949000,1777227103885000,197388,0.21557908,0.010622307,0.43114948,0
1777227103953000,1777227103953000,197388,0.21552637,0.008332672,0.434125,0
1777227104085000,1777227104021000,197388,0.21467578,0.009633772,0.42895672,0
1777227104089000,1777227104089000,197388,0.21752045,0.00568654,0.4232306,0
1777227104221000,1777227104157000,197388,0.21508521,0.010161779,0.4288223,0
1777227104225000,1777227104225000,197388,0.21944971,0.0030000429,0.43148124,0
1777227104357000,1777227104293000,197388,0.21492472,0.009770264,0.4301525,0
1777227104361000,1777227104361000,197388,0.21370237,0.0035485588,0.44512764,0
1777227104493000,1777227104429000,197388,0.21641159,0.009438882,0.42987695,0
1777227104497000,1777227104497000,197388,0.21744764,0.010030953,0.42905128,0
1777227104629000,1777227104565000,197388,0.21572404,0.008597546,0.42976665,0
1777227104633000,1777227104633000,197388,0.21057174,0.0138663845,0.43268606,0
1777227104765000,1777227104701000,197388,0.21429545,0.009985352,0.43062305,0
1777227104769000,1777227104769000,197388,0.20864323,0.012789946,0.42767277,0
1777227104901000,1777227104837000,197388,0.21581347,0.0099096,0.43028924,0
1777227104905000,1777227104905000,197388,0.21843386,0.0057609086,0.43332157,0
1777227105037000,1777227104973000,197388,0.21487343,0.011871681,0.4308908,0
1777227105041000,1777227105041000,197388,0.20843676,0.008750351,0.41539648,0
1777227105173000,1777227105109000,197388,0.2150006,0.011936154,0.428553,0
1777227105177000,1777227105177000,197388,0.21374822,0.0069875685,0.42874858,0
1777227105309000,1777227105245000,197388,0.21513031,0.011718042,0.4302648,0
1777227105313000,1777227105313000,197388,0.21605076,0.015906412,0.43598196,0
1777227105445000,1777227105381000,197388,0.21568915,0.011066143,0.43099824,0
1777227105449000,1777227105449000,197388,0.2213977,0.003404942,0.4250897,0
1777227105581000,1777227105517000,197388,0.21691488,0.009599633,0.43035665,0
1777227105585000,1777227105585000,197388,0.21364094,0.0014284431,0.4277996,0
1777227105717000,1777227105653000,197388,0.21518889,0.011311545,0.43034726,0
1777227105721000,1777227105721000,197388,0.21096414,0.010609782,0.4335099,0
1777227105853000,1777227105789000,197388,0.21505329,0.010778564,0.4294797,0
1777227105857000,1777227105857000,197388,0.22078556,0.0018475592,0.42847934,0
1777227105989000,1777227105925000,197388,0.21469493,0.010144201,0.42933583,0
1777227105993000,1777227105993000,197388,0.21163967,0.0037730772,0.4303339,0
1777227106125000,1777227106061000,197388,0.21367295,0.009736642,0.42811877,0
1777227106129000,1777227106129000,197388,0.20939511,0.007858714,0.43718395,0
1777227106261000,1777227106197000,197388,0.21379328,0.012306543,0.4294882,0
1777227106265000,1777227106265000,197388,0.21656138,0.011135305,0.43496558,0
1777227106397000,1777227106333000,197388,0.21655482,0.011235528,0.42894423,0
1777227106401000,1777227106401000,197388,0.21922794,0.0058421744,0.4439005,0
1777227106533000,1777227106469000,197388,0.21582612,0.0096155135,0.42918226,0
1777227106537000,1777227106537000,197388,0.221042,0.009300965,0.43219274,0
1777227106669000,1777227106605000,197388,0.21724078,0.010118846,0.42999798,0
1777227106673000,1777227106673000,197388,0.2152787,0.0052854936,0.42976886,0
1777227106805000,1777227106741000,197388,0.21543333,0.011580348,0.43124348,0
1777227106809000,1777227106809000,197388,0.21849862,0.013057428,0.4334902,0
1777227106941000,1777227106877000,197388,0.2145516,0.010575879,0.43133307,0
1777227106945000,1777227106945000,197388,0.21472722,0.016752522,0.42821425,0
1777227107077000,1777227107013000,197388,0.21404494,0.0096669495,0.43053564,0
1777227107081000,1777227107081000,197388,0.21751246,0.011548181,0.43114817,0
1777227107213000,1777227107149000,197388,0.2140192,0.009742032,0.43077192,0
1777227107217000,1777227107217000,197388,0.2172111,0.007689033,0.43513814,0
1777227107349000,1777227107285000,197388,0.21616304,0.0106689455,0.43086833,0
1777227107353000,1777227107353000,197388,0.21178731,0.005480086,0.42301732,0
1777227107485000,1777227107421000,197388,0.21409258,0.010763971,0.42984232,0
1777227107489000,1777227107489000,197388,0.21790949,0.009080581,0.4325437,0
1777227107621000,1777227107557000,197388,0.2137421,0.010174615,0.43046737,0
1777227107625000,1777227107625000,197388,0.2194687,0.0052093607,0.43065766,0
1777227107761000,1777227107761000,197388,0.2175381,0.005637877,0.4314179,0
1777227107893000,1777227107829000,197388,0.21448028,0.009725589,0.429656,0
1777227107897000,1777227107897000,197388,0.22174643,0.010279739,0.43033546,0
1777227108029000,1777227107965000,197388,0.21667239,0.009813658,0.4338924,0
1777227108033000,1777227108033000,197388,0.21321817,0.016706014,0.43436763,0
1777227108165000,1777227108101000,197388,0.21430993,0.010293537,0.42929074,0
1777227108169000,1777227108169000,197388,0.21029435,0.0039063725,0.4332198,0
1777227108301000,1777227108237000,197388,0.21490906,0.010113025,0.4295053,0
1777227108305000,1777227108305000,197388,0.21423826,0.008881487,0.43215844,0
1777227108437000,1777227108373000,197388,0.21437366,0.010506824,0.4296073,0
1777227108441000,1777227108441000,197388,0.21592419,0.009693666,0.4316715,0
1777227108573000,1777227108509000,197388,0.21577136,0.010439686,0.4302539,0
1777227108577000,1777227108577000,197388,0.21235995,-0.0025314987,0.437928,0
1777227108709000,1777227108645000,197388,0.21463442,0.010780701,0.4294117,0
1777227108713000,1777227108713000,197388,0.21442504,0.008847916,0.43566397,0
1777227108845000,1777227108781000,197388,0.21383354,0.011972422,0.42931858,0
1777227108849000,1777227108849000,197388,0.20418431,0.013712407,0.4403068,0
1777227108981000,1777227108917000,197388,0.21403463,0.010654257,0.42842573,0
1777227108985000,1777227108985000,197388,0.20666058,0.016151117,0.4288303,0
1777227109117000,1777227109053000,197388,0.21553387,0.0107976105,0.42979607,0
1777227109121000,1777227109121000,197388,0.21333045,0.008923306,0.43434063,0
1777227109253000,1777227109189000,197388,0.21412534,0.01159054,0.42890972,0
1777227109257000,1777227109257000,197388,0.22176044,0.006290859,0.4265767,0
1777227109389000,1777227109325000,197388,0.21383925,0.011125006,0.43081558,0
1777227109393000,1777227109393000,197388,0.22058696,0.010077746,0.42715636,0
1777227109529000,1777227109529000,197388,0.21980166,0.014013826,0.43054205,0
1777227109661000,1777227109597000,197388,0.21341537,0.013042926,0.43009228,0
1777227109665000,1777227109665000,197388,0.21405114,0.0075296788,0.4258299,0
1777227109797000,1777227109733000,197388,0.2152671,0.011215721,0.42991155,0
1777227109801000,1777227109801000,197388,0.20974405,0.017088192,0.4250768,0
1777227109933000,1777227109869000,197388,0.21578856,0.010651725,0.42935202,0
1777227109937000,1777227109937000,197388,0.2207118,0.014116925,0.4295699,0
1777227110069000,1777227110005000,197388,0.2161419,0.00905697,0.42984572,0
1777227110073000,1777227110073000,197388,0.22763693,0.004860157,0.42185527,0
1777227110205000,1777227110141000,197388,0.21670263,0.010339065,0.43078852,0
1777227110209000,1777227110209000,197388,0.2141031,0.011509183,0.42720833,0
1777227110341000,1777227110277000,197388,0.21599095,0.010959363,0.43044797,0
1777227110345000,1777227110345000,197388,0.2167164,0.011307362,0.42088243,0
1777227110477000,1777227110413000,197388,0.21497971,0.009642746,0.42887655,0
1777227110481000,1777227110481000,197388,0.20679092,0.004337606,0.42335486,0
1777227110613000,1777227110549000,197388,0.2147411,0.011643829,0.42943248,0
1777227110617000,1777227110617000,197388,0.2190138,0.018244456,0.44081643,0
1777227110749000,1777227110685000,197388,0.21388651,0.010856043,0.42850164,0
1777227110753000,1777227110753000,197388,0.21011826,0.009372101,0.4278543,0
1777227110885000,1777227110821000,197388,0.21472943,0.010412937,0.43030328,0
1777227110889000,1777227110889000,197388,0.22619839,0.011068046,0.4334854,0
1777227111021000,1777227110957000,197388,0.21511355,0.010507518,0.42971537,0
1777227111025000,1777227111025000,197388,0.21419202,-0.00020843105,0.4239592,0
1777227111157000,1777227111093000,197388,0.21582459,0.011033352,0.42985693,0
1777227111161000,1777227111161000,197388,0.22187611,0.0056760353,0.43102634,0
1777227111293000,1777227111229000,197388,0.2151207,0.009848875,0.4306677,0
1777227111297000,1777227111297000,197388,0.21319087,0.011922573,0.43291888,0
1777227111429000,1777227111365000,197388,0.21450597,0.010653313,0.43192086,0
1777227111433000,1777227111433000,197388,0.20816137,0.008627729,0.42147923,0
1777227111565000,1777227111501000,197388,0.21538171,0.009153593,0.42872456,0
1777227111569000,1777227111569000,197388,0.20676872,0.0038069037,0.43922305,0
1777227111701000,1777227111637000,197388,0.21417594,0.010148662,0.43074328,0
1777227111705000,1777227111705000,197388,0.2140077,0.012057168,0.4359397,0
1777227111837000,1777227111773000,197388,0.21352762,0.008873371,0.42864344,0
1777227111841000,1777227111841000,197388,0.21611615,0.011151341,0.4320751,0
1777227111973000,1777227111909000,197388,0.21482909,0.00988349,0.43150815,0
1777227111977000,1777227111977000,197388,0.20933929,0.018551892,0.43127406,0
1777227112109000,1777227112045000,197388,0.21391527,0.00959996,0.42888674,0
1777227112113000,1777227112113000,197388,0.21043651,0.01057732,0.43685043,0
1777227112245000,1777227112181000,197388,0.21462463,0.010622437,0.4294936,0
1777227112249000,1777227112249000,197388,0.2084343,0.008968851,0.41739148,0
1777227112381000,1777227112317000,197388,0.21401562,0.010887864,0.42885688,0
1777227112385000,1777227112385000,197388,0.22382163,0.0047742287,0.42830074,0
1777227112517000,1777227112453000,197388,0.21550186,0.011137102,0.42949432,0
1777227112521000,1777227112521000,197388,0.21847919,0.015332247,0.42442313,0
1777227112653000,1777227112589000,197388,0.21396014,0.010401587,0.4298486,0
1777227112657000,1777227112657000,197388,0.22300878,0.005752481,0.43073598,0
1777227112789000,1777227112725000,197388,0.21610585,0.011869134,0.43087748,0
1777227112793000,1777227112793000,197388,0.21661033,0.008471342,0.43114492,0
1777227112925000,1777227112861000,197388,0.21434139,0.010544393,0.43034393,0
1777227112929000,1777227112929000,197388,0.21030536,0.010923259,0.4326417,0
1777227113061000,1777227112997000,197388,0.21432269,0.011756143,0.43065172,0
1777227113065000,1777227113065000,197388,0.21523508,0.021611884,0.42231375,0
1777227113197000,1777227113133000,197388,0.21606472,0.008774872,0.4311017,0
1777227113201000,1777227113201000,197388,0.20898697,0.016339619,0.42373028,0
1777227113333000,1777227113269000,197388,0.21415228,0.01144536,0.42921692,0
1777227113337000,1777227113337000,197388,0.21565336,0.012072276,0.43578693,0
1777227113469000,1777227113405000,197388,0.21447904,0.011609496,0.43050265,0
1777227113473000,1777227113473000,197388,0.20482068,0.009368432,0.431744,0
1777227113605000,1777227113541000,197388,0.21484323,0.009531995,0.42911366,0
1777227113609000,1777227113609000,197388,0.22148246,0.0076405564,0.4293467,0
1777227113741000,1777227113677000,197388,0.2153926,0.010422017,0.4295606,0
1777227113745000,1777227113745000,197388,0.21475735,0.0036378116,0.42680845,0
1777227113877000,1777227113813000,197388,0.21433675,0.0111117,0.43183094,0
1777227113881000,1777227113881000,197388,0.21368687,0.01652704,0.42032403,0
1777227114013000,1777227113949000,197388,0.21379496,0.011579322,0.43050653,0
1777227114017000,1777227114017000,197388,0.20948268,0.009070745,0.4285358,0
1777227114149000,1777227114085000,197388,0.21536401,0.009634242,0.42731708,0
1777227114153000,1777227114153000,197388,0.21254413,0.013681681,0.43223795,0
1777227114285000,1777227114221000,197388,0.21530193,0.009707274,0.4290135,0
1777227114289000,1777227114289000,197388,0.2199024,0.014371062,0.43025044,0
1777227114421000,1777227114357000,197388,0.21570502,0.009539633,0.42944598,0
1777227114425000,1777227114425000,197388,0.21311721,0.009277414,0.43232954,0
1777227114557000,1777227114493000,197388,0.21556441,0.0109523935,0.43046337,0
1777227114561000,1777227114561000,197388,0.21456054,0.014964803,0.4284752,0
1777227114693000,1777227114629000,197388,0.21499479,0.010610165,0.42632028,0
1777227114697000,1777227114697000,197388,0.21236537,0.015385573,0.43110394,0
1777227114829000,1777227114765000,197388,0.21544573,0.009279979,0.42944154,0
1777227114833000,1777227114833000,197388,0.21551579,0.0073226015,0.42351848,0
1777227114965000,1777227114901000,197388,0.21471882,0.009865699,0.42850083,0
1777227114969000,1777227114969000,197388,0.20783973,0.018043445,0.43445322,0
1777227115101000,1777227115037000,197388,0.21622334,0.009061858,0.4311378,0
1777227115105000,1777227115105000,197388,0.207999,0.011417202,0.43211722,0
1777227115237000,1777227115173000,197388,0.21488309,0.009834006,0.43013313,0
1777227115241000,1777227115241000,197388,0.20732298,0.014956845,0.4378362,0
1777227115373000,1777227115309000,197388,0.21521398,0.009240899,0.4296671,0
1777227115377000,1777227115377000,197388,0.20918262,0.024472315,0.43925202,0
1777227115509000,1777227115445000,197388,0.21615364,0.011001289,0.43031067,0
1777227115513000,1777227115513000,197388,0.22631168,0.02108742,0.42513677,0
1777227115645000,1777227115581000,197388,0.21455319,0.009204972,0.4308196,0
1777227115649000,1777227115649000,197388,0.22146375,0.020301407,0.42251268,0
1777227115781000,1777227115717000,197388,0.21491317,0.009494564,0.43082124,0
1777227115785000,1777227115785000,197388,0.21388926,0.009280807,0.42765924,0
1777227115917000,1777227115853000,197388,0.21552041,0.010814833,0.42966297,0
1777227115921000,1777227115921000,197388,0.21320283,0.012691474,0.42405692,0
1777227116053000,1777227115989000,197388,0.21467502,0.010172887,0.4283901,0
1777227116057000,1777227116057000,197388,0.21799695,0.0028130629,0.43718994,0
1777227116189000,1777227116125000,197388,0.21554567,0.010685865,0.42895395,0
1777227116193000,1777227116193000,197388,0.21554531,0.016689613,0.43472353,0
1777227116325000,1777227116261000,197388,0.21624045,0.009693709,0.42980972,0
1777227116329000,1777227116329000,197388,0.21261421,0.011170039,0.43141866,0
1777227116461000,1777227116397000,197388,0.21479987,0.01041564,0.43032682,0
1777227116465000,1777227116465000,197388,0.21400082,0.004435585,0.43014306,0
1777227116597000,1777227116533000,197388,0.2151853,0.011705902,0.42936483,0
1777227116601000,1777227116601000,197388,0.22161113,0.006997943,0.4246866,0
1777227116733000,1777227116669000,197388,0.21435703,0.010964377,0.429398,0
1777227116737000,1777227116737000,197388,0.21397205,0.0037399724,0.42784098,0
1777227116869000,1777227116805000,197388,0.21718942,0.010339858,0.43006545,0
1777227116873000,1777227116873000,197388,0.22036064,0.01709936,0.43461582,0
1777227117005000,1777227116941000,197388,0.21644233,0.010035047,0.43025932,0
1777227117009000,1777227117009000,197388,0.21098536,0.007909673,0.43391606,0
1777227117141000,1777227117077000,197388,0.21595527,0.0101417685,0.43075147,0
1777227117145000,1777227117145000,197388,0.21633945,0.01159929,0.4309951,0
1777227117277000,1777227117213000,197388,0.21550617,0.0098379515,0.4278384,0
1777227117281000,1777227117281000,197388,0.215517,0.010485136,0.43095902,0
1777227117413000,1777227117349000,197388,0.21502316,0.01028045,0.42887598,0
1777227117417000,1777227117417000,197388,0.21445741,0.004609051,0.43663856,0
1777227117549000,1777227117485000,197388,0.21443498,0.011891069,0.4307471,0
1777227117553000,1777227117553000,197388,0.21210945,0.0071539003,0.4289562,0
1777227117685000,1777227117621000,197388,0.21482792,0.010794292,0.42841503,0
1777227117689000,1777227117689000,197388,0.2167758,0.010080977,0.42314506,0
1777227117821000,1777227117757000,197388,0.21544099,0.009546024,0.43078083,0
1777227117825000,1777227117825000,197388,0.21240693,0.0076282313,0.42354736,0
1777227117957000,1777227117893000,197388,0.21499571,0.008792736,0.43019837,0
1777227117961000,1777227117961000,197388,0.21135055,0.004770086,0.4245738,0
1777227118093000,1777227118029000,197388,0.21684986,0.009936396,0.4305504,0
1777227118097000,1777227118097000,197388,0.21549132,0.016574897,0.43173397,0
1777227118229000,1777227118165000,197388,0.21568352,0.0116381645,0.43037987,0
1777227118233000,1777227118233000,197388,0.21620592,0.0018229234,0.4357276,0
1777227118365000,1777227118301000,197388,0.21505992,0.010956274,0.42959872,0
1777227118369000,1777227118369000,197388,0.20754878,0.013099608,0.42675906,0
1777227118501000,1777227118437000,197388,0.2150455,0.010928623,0.42969716,0
1777227118505000,1777227118505000,197388,0.21857242,0.007449668,0.4320998,0
1777227118637000,1777227118573000,197388,0.21476793,0.011776083,0.42824203,0
1777227118641000,1777227118641000,197388,0.21811889,0.019720424,0.4354402,0
1777227118773000,1777227118709000,197388,0.21604344,0.010536836,0.43025434,0
1777227118777000,1777227118777000,197388,0.22420041,0.009478962,0.4305366,0
1777227118909000,1777227118845000,197388,0.21490358,0.010184165,0.4296186,0
1777227118913000,1777227118913000,197388,0.21762213,0.0047947345,0.43042517,0
1777227119045000,1777227118981000,197388,0.21455595,0.01207421,0.4305493,0
1777227119049000,1777227119049000,197388,0.21314622,0.007247067,0.42692527,0
1777227119181000,1777227119117000,197388,0.21453895,0.011160417,0.42907816,0
1777227119185000,1777227119185000,197388,0.21727014,0.016421638,0.4287439,0
1777227119321000,1777227119321000,197388,0.21042246,0.0055901133,0.43134078,0
1777227119453000,1777227119389000,197388,0.21536124,0.010303894,0.42846954,0
1777227119457000,1777227119457000,197388,0.2211185,0.011105486,0.43411356,0
1777227119589000,1777227119525000,197388,0.2137611,0.009833614,0.4302969,0
1777227119593000,1777227119593000,197388,0.21896344,0.0072857453,0.42669624,0
1777227119725000,1777227119661000,197388,0.21557254,0.010716968,0.42927787,0
1777227119729000,1777227119729000,197388,0.22286801,0.017071562,0.4214921,0
1777227119861000,1777227119797000,197388,0.21694037,0.009702119,0.4298094,0
1777227119865000,1777227119865000,197388,0.21008222,0.0078587625,0.42598686,0
1777227119997000,1777227119933000,197388,0.21583371,0.010287377,0.43113708,0
1777227120001000,1777227120001000,197388,0.22270532,0.009339767,0.42774895,0
1777227120133000,1777227120069000,197388,0.21508197,0.010315494,0.42917076,0
1777227120137000,1777227120137000,197388,0.20776993,0.014657943,0.4367594,0
1777227120269000,1777227120205000,197388,0.21544471,0.009943579,0.42758745,0
1777227120273000,1777227120273000,197388,0.21130688,0.011084825,0.41701013,0
1777227120409000,1777227120409000,197388,0.21056971,0.010371139,0.43289915,0
1777227120541000,1777227120477000,197388,0.21486902,0.009080254,0.42870426,0
1777227120545000,1777227120545000,197388,0.21661504,0.0102271745,0.4383839,0
1777227120677000,1777227120613000,197388,0.2137799,0.010402656,0.42777288,0
1777227120681000,1777227120681000,197388,0.22595285,0.0009699126,0.43106598,0
1777227120813000,1777227120749000,197388,0.2147816,0.010778209,0.42943084,0
1777227120817000,1777227120817000,197388,0.21370742,0.007594573,0.4312413,0
1777227120949000,1777227120885000,197388,0.21499005,0.010299953,0.42932212,0
1777227120953000,1777227120953000,197388,0.22031204,0.017499289,0.43784747,0
1777227121085000,1777227121021000,197388,0.21516223,0.010185077,0.43131232,0
1777227121089000,1777227121089000,197388,0.21321148,0.00977598,0.43071228,0
1777227121221000,1777227121157000,197388,0.2161613,0.009551481,0.43058345,0
1777227121225000,1777227121225000,197388,0.21547912,0.015016447,0.4310187,0
1777227121357000,1777227121293000,197388,0.21439531,0.009337609,0.4287782,0
1777227121361000,1777227121361000,197388,0.21696092,0.011920289,0.4329335,0
1777227121493000,1777227121429000,197388,0.21625088,0.010762953,0.42926303,0
1777227121497000,1777227121497000,197388,0.21568052,-0.0015223059,0.42731386,0
1777227121629000,1777227121565000,197388,0.21419536,0.010439032,0.42924368,0
1777227121633000,1777227121633000,197388,0.21917117,0.00066876103,0.4273945,0
1777227121765000,1777227121701000,197388,0.2150599,0.009283448,0.42872965,0
1777227121769000,1777227121769000,197388,0.22384612,0.012334476,0.42215908,0
1777227121901000,1777227121837000,197388,0.21432576,0.0095596025,0.42967537,0
1777227121905000,1777227121905000,197388,0.21396327,0.0015063762,0.42365366,0
1777227122041000,1777227122041000,197388,0.21641566,0.0047572157,0.4258599,0
1777227122173000,1777227122109000,197388,0.21200836,0.0065978407,0.43144548,0
1777227122177000,1777227122177000,197388,0.22036418,0.01403457,0.4330982,0
1777227122309000,1777227122245000,197388,0.21191393,0.007148769,0.4303544,0
1777227122313000,1777227122313000,197388,0.21946587,-0.0012569189,0.42616242,0
1777227122445000,1777227122381000,197388,0.2129312,0.0065488624,0.42973545,0
1777227122449000,1777227122449000,197388,0.21573941,0.014893862,0.42778513,0
1777227122581000,1777227122517000,197388,0.21663678,0.009659154,0.42996106,0
1777227122585000,1777227122585000,197388,0.21872519,0.01571728,0.43104073,0
1777227122717000,1777227122653000,197388,0.21596529,0.01211086,0.42856404,0
1777227122721000,1777227122721000,197388,0.21885632,0.009729618,0.42478728,0
1777227122853000,1777227122789000,197388,0.21642084,0.012130936,0.42868057,0
1777227122857000,1777227122857000,197388,0.21989879,0.0069860094,0.4307822,0
1777227122989000,1777227122925000,197388,0.21600047,0.010372013,0.42978898,0
1777227122993000,1777227122993000,197388,0.22226255,0.005270005,0.433178,0
1777227123129000,1777227123129000,197388,0.21926355,0.016726343,0.43040293,0
1777227123261000,1777227123197000,197388,0.2151691,0.010504761,0.42857888,0
1777227123265000,1777227123265000,197388,0.21378033,0.012414931,0.43425918,0
1777227123397000,1777227123333000,197388,0.21364427,0.0108819725,0.43021578,0
1777227123401000,1777227123401000,197388,0.2120881,0.013462916,0.42948073,0
1777227123533000,1777227123469000,197388,0.21585782,0.010668562,0.4303756,0
1777227123537000,1777227123537000,197388,0.21552868,0.014136597,0.42848575,0
1777227123669000,1777227123605000,197388,0.21457718,0.010696215,0.42849165,0
1777227123673000,1777227123673000,197388,0.21506508,0.014266187,0.4242757,0
1777227123805000,1777227123741000,197388,0.21676806,0.009753709,0.42886484,0
1777227123809000,1777227123809000,197388,0.2133553,0.021617932,0.43625033,0
1777227123941000,1777227123877000,197388,0.21571457,0.011670371,0.42982858,0
1777227123945000,1777227123945000,197388,0.21724308,0.012903861,0.4244273,0
1777227124077000,1777227124013000,197388,0.21522574,0.013192728,0.42868847,0
1777227124081000,1777227124081000,197388,0.21039505,0.010573041,0.42943773,0
1777227124213000,1777227124149000,197388,0.21425737,0.011251347,0.428797,0
1777227124217000,1777227124217000,197388,0.22222283,0.010945985,0.42967585,0
1777227124349000,1777227124285000,197388,0.21457554,0.011816454,0.42791817,0
1777227124353000,1777227124353000,197388,0.21926342,0.009043445,0.4285601,0
1777227124485000,1777227124421000,197388,0.21356513,0.010223344,0.43114498,0
1777227124489000,1777227124489000,197388,0.21117549,0.011815998,0.43134618,0
1777227124621000,1777227124557000,197388,0.21606618,0.010647966,0.43032524,0
1777227124625000,1777227124625000,197388,0.22217827,0.011354644,0.43247804,0
1777227124757000,1777227124693000,197388,0.21650593,0.009895676,0.4313955,0
1777227124761000,1777227124761000,197388,0.21828796,0.005911903,0.4378149,0
1777227124893000,1777227124829000,197388,0.21510957,0.0095356535,0.4288834,0
1777227124897000,1777227124897000,197388,0.21458071,0.011921818,0.4323941,0
1777227125029000,1777227124965000,197388,0.2160022,0.010531712,0.42943,0
1777227125033000,1777227125033000,197388,0.21546671,0.007358782,0.43132147,0
1777227125165000,1777227125101000,197388,0.21485135,0.008997007,0.4302692,0
1777227125169000,1777227125169000,197388,0.22617655,0.012500177,0.42951298,0
1777227125301000,1777227125237000,197388,0.21556517,0.010748946,0.42987013,0
1777227125305000,1777227125305000,197388,0.21713145,0.0075274403,0.42834535,0
1777227125437000,1777227125373000,197388,0.21526481,0.009016955,0.4297792,0
1777227125441000,1777227125441000,197388,0.21248558,0.010362009,0.42140934,0
1777227125573000,1777227125509000,197388,0.21548228,0.009259562,0.42878556,0
1777227125577000,1777227125577000,197388,0.21975827,0.0059340205,0.43910187,0
1777227125709000,1777227125645000,197388,0.2144362,0.009451703,0.43048447,0
1777227125713000,1777227125713000,197388,0.21848887,0.009837506,0.425278,0
1777227125845000,1777227125781000,197388,0.21337903,0.00959762,0.43092832,0
1777227125849000,1777227125849000,197388,0.21201874,0.009621275,0.43017715,0
1777227125981000,1777227125917000,197388,0.21609308,0.008086992,0.42877284,0
1777227125985000,1777227125985000,197388,0.20709892,0.012863272,0.42507362,0
1777227126117000,1777227126053000,197388,0.21456715,0.009704144,0.4320117,0
1777227126121000,1777227126121000,197388,0.2087521,0.013888684,0.42848384,0
1777227126253000,1777227126189000,197388,0.21367365,0.009557036,0.43031508,0
1777227126257000,1777227126257000,197388,0.2085176,0.002854707,0.4258171,0
1777227126389000,1777227126325000,197388,0.21456164,0.008311357,0.43189734,0
1777227126393000,1777227126393000,197388,0.22092193,0.005118183,0.4292733,0
1777227126525000,1777227126461000,197388,0.21640527,0.008548359,0.43095532,0
1777227126529000,1777227126529000,197388,0.22090694,0.011801691,0.42270187,0
1777227126661000,1777227126597000,197388,0.21424748,0.007504675,0.4303141,0
1777227126665000,1777227126665000,197388,0.20379281,0.026021812,0.42930427,0
1777227126797000,1777227126733000,197388,0.21381405,0.00940745,0.43129212,0
1777227126801000,1777227126801000,197388,0.21037905,0.00494983,0.44012287,0
1777227126933000,1777227126869000,197388,0.21450897,0.0075927,0.43062547,0
1777227126937000,1777227126937000,197388,0.20755097,0.0066609737,0.4201088,0
1777227127069000,1777227127005000,197388,0.21367833,0.0069612986,0.4318605,0
1777227127073000,1777227127073000,197388,0.20985226,0.010074875,0.4213406,0
1777227127205000,1777227127141000,197388,0.2136833,0.009249674,0.4315497,0
1777227127209000,1777227127209000,197388,0.21711901,0.005051619,0.42458838,0
1777227127341000,1777227127277000,197388,0.21475735,0.008535748,0.43111208,0
1777227127345000,1777227127345000,197388,0.2076539,0.0090366695,0.43093616,0
1777227127477000,1777227127413000,197388,0.21350668,0.008883056,0.43057862,0
1777227127481000,1777227127481000,197388,0.2163057,0.0066733854,0.43618497,0
1777227127613000,1777227127549000,197388,0.21462621,0.009351354,0.42999017,0
1777227127617000,1777227127617000,197388,0.21494624,0.013198535,0.43082744,0
1777227127749000,1777227127685000,197388,0.21268925,0.009299533,0.43022975,0
1777227127753000,1777227127753000,197388,0.21275797,0.009040885,0.42802852,0
1777227127885000,1777227127821000,197388,0.21339066,0.008593468,0.4306266,0
1777227127889000,1777227127889000,197388,0.21394233,0.007972356,0.42691082,0
1777227128021000,1777227127957000,197388,0.21329018,0.008397328,0.43019143,0
1777227128025000,1777227128025000,197388,0.21436517,0.006776483,0.4306138,0
1777227128157000,1777227128093000,197388,0.21418728,0.00866169,0.43133628,0
1777227128161000,1777227128161000,197388,0.21223077,0.01553643,0.42438456,0
1777227128293000,1777227128229000,197388,0.21488442,0.009385348,0.42981666,0
1777227128297000,1777227128297000,197388,0.2191534,0.0041023633,0.42456508,0
1777227128429000,1777227128365000,197388,0.21420221,0.010950027,0.43005252,0
1777227128433000,1777227128433000,197388,0.2149018,0.010353783,0.43180236,0
1777227128565000,1777227128501000,197388,0.214307,0.011012016,0.4315705,0
1777227128569000,1777227128569000,197388,0.20534505,0.005657377,0.4287368,0
1777227128701000,1777227128637000,197388,0.2140453,0.011349299,0.430402,0
1777227128705000,1777227128705000,197388,0.21090643,0.013969226,0.42564824,0
1777227128837000,1777227128773000,197388,0.2133381,0.010434311,0.43052548,0
1777227128841000,1777227128841000,197388,0.21875942,0.011645485,0.4257636,0
1777227128973000,1777227128909000,197388,0.2157024,0.011393595,0.42978263,0
1777227128977000,1777227128977000,197388,0.20645012,0.012835038,0.42780262,0
1777227129109000,1777227129045000,197388,0.2148913,0.011597303,0.4301599,0
1777227129113000,1777227129113000,197388,0.21773511,0.0066437493,0.42890438,0
1777227129245000,1777227129181000,197388,0.2158522,0.013794135,0.42882755,0
1777227129249000,1777227129249000,197388,0.21052234,0.010708271,0.42550024,0
1777227129381000,1777227129317000,197388,0.21658376,0.012632255,0.42994925,0
1777227129385000,1777227129385000,197388,0.21751647,0.017081762,0.42882946,0
1777227129517000,1777227129453000,197388,0.21486124,0.012024494,0.42843705,0
1777227129521000,1777227129521000,197388,0.20675063,0.01694001,0.42870757,0
1777227129653000,1777227129589000,197388,0.21399176,0.013690943,0.4288051,0
1777227129657000,1777227129657000,197388,0.21305513,0.014028625,0.43448594,0
1777227129789000,1777227129725000,197388,0.2147866,0.013521244,0.43073356,0
1777227129793000,1777227129793000,197388,0.21215251,0.02180199,0.43312055,0
1777227129925000,1777227129861000,197388,0.21397574,0.013203398,0.42963478,0
1777227129929000,1777227129929000,197388,0.21326572,0.012218136,0.42575124,0
1777227130061000,1777227129997000,197388,0.2143006,0.016042337,0.42789546,0
1777227130065000,1777227130065000,197388,0.21118823,0.012657914,0.42556432,0
1777227130197000,1777227130133000,197388,0.21429498,0.014555144,0.43053368,0
1777227130201000,1777227130201000,197388,0.21338232,0.017080717,0.4309265,0
1777227130333000,1777227130269000,197388,0.21546035,0.013927392,0.42975244,0
1777227130337000,1777227130337000,197388,0.2151539,0.0017222153,0.43358028,0
1777227130469000,1777227130405000,197388,0.21394075,0.013181392,0.429984,0
1777227130473000,1777227130473000,197388,0.21823429,0.01026689,0.432741,0
1777227130605000,1777227130541000,197388,0.21539396,0.014409011,0.42891473,0
1777227130609000,1777227130609000,197388,0.21912377,0.019930806,0.43249953,0
1777227130741000,1777227130677000,197388,0.21513027,0.013209012,0.42942736,0
1777227130745000,1777227130745000,197388,0.20932065,0.012286863,0.434576,0
1777227130877000,1777227130813000,197388,0.21469043,0.011395325,0.4287001,0
1777227130881000,1777227130881000,197388,0.2152829,0.018450288,0.4309186,0
1777227131013000,1777227130949000,197388,0.21205801,0.011605438,0.43017793,0
1777227131017000,1777227131017000,197388,0.22222026,0.012983173,0.4298253,0
1777227131149000,1777227131085000,197388,0.21434242,0.014264208,0.4300502,0
1777227131153000,1777227131153000,197388,0.21145605,0.014529857,0.43070117,0
1777227131285000,1777227131221000,197388,0.21395189,0.011615273,0.42852768,0
1777227131289000,1777227131289000,197388,0.21131317,0.016166616,0.43055266,0
1777227131421000,1777227131357000,197388,0.21558058,0.012024943,0.42953876,0
1777227131425000,1777227131425000,197388,0.21758683,0.011472863,0.4255653,0
1777227131557000,1777227131493000,197388,0.21418755,0.011553034,0.43022212,0
1777227131561000,1777227131561000,197388,0.21364963,0.009573585,0.42892134,0
1777227131693000,1777227131629000,197388,0.21540391,0.010279763,0.4313495,0
1777227131697000,1777227131697000,197388,0.20813896,0.017022282,0.43467596,0
1777227131829000,1777227131765000,197388,0.21479274,0.011931138,0.43027186,0
1777227131833000,1777227131833000,197388,0.21701595,0.014142214,0.4293063,0
1777227131965000,1777227131901000,197388,0.21526405,0.01048755,0.43080017,0
1777227131969000,1777227131969000,197388,0.21926224,0.010322667,0.42664587,0
1777227132101000,1777227132037000,197388,0.21418017,0.012034497,0.42965785,0
1777227132105000,1777227132105000,197388,0.2118902,0.018593902,0.4364301,0
1777227132237000,1777227132173000,197388,0.21732105,0.011389758,0.42947802,0
1777227132241000,1777227132241000,197388,0.2133624,0.012044217,0.43148378,0
1777227132373000,1777227132309000,197388,0.21508694,0.010823371,0.42848906,0
1777227132377000,1777227132377000,197388,0.21832238,0.019771727,0.42738116,0
1777227132509000,1777227132445000,197388,0.21421133,0.010461843,0.4299051,0
1777227132513000,1777227132513000,197388,0.21547021,0.008766839,0.42460576,0
1777227132645000,1777227132581000,197388,0.21608227,0.009918214,0.42869046,0
1777227132649000,1777227132649000,197388,0.21771781,0.0057949787,0.42783332,0
1777227132781000,1777227132717000,197388,0.21536224,0.009466349,0.42921194,0
1777227132785000,1777227132785000,197388,0.21525641,0.010371234,0.43052575,0
1777227132917000,1777227132853000,197388,0.21437958,0.009511442,0.42965564,0
1777227132921000,1777227132921000,197388,0.21410145,0.008321579,0.42522207,0
1777227133053000,1777227132989000,197388,0.21541741,0.009226131,0.43022048,0
1777227133057000,1777227133057000,197388,0.21407157,0.0053338334,0.4352093,0
1777227133189000,1777227133125000,197388,0.21363313,0.0103755705,0.4291998,0
1777227133193000,1777227133193000,197388,0.21514426,0.0064448775,0.43342927,0
1777227133325000,1777227133261000,197388,0.21479039,0.007990795,0.4296708,0
1777227133329000,1777227133329000,197388,0.21922754,0.010075638,0.4322951,0
1777227133461000,1777227133397000,197388,0.21696565,0.010493971,0.4277944,0
1777227133465000,1777227133465000,197388,0.21268067,0.012679676,0.4330494,0
1777227133597000,1777227133533000,197388,0.22099638,0.009028151,0.4263821,0
1777227133601000,1777227133601000,197388,0.22965854,-0.00072661525,0.4227599,0
1777227133733000,1777227133669000,197388,0.23651783,0.009189444,0.41821867,0
1777227133737000,1777227133737000,197388,0.23831926,0.017718345,0.4107541,0
1777227133869000,1777227133805000,197388,0.25753188,0.010345569,0.4043376,0
1777227133873000,1777227133873000,197388,0.27188927,0.015436504,0.4069416,0
1777227134005000,1777227133941000,197388,0.28045288,0.014342414,0.3909065,0
1777227134009000,1777227134009000,197388,0.2903533,0.01691066,0.3854767,0
1777227134141000,1777227134077000,197388,0.30191478,0.015420804,0.37290096,0
1777227134145000,1777227134145000,197388,0.3143323,0.008562326,0.36788863,0
1777227134277000,1777227134213000,197388,0.32407436,0.015682923,0.35577762,0
1777227134281000,1777227134281000,197388,0.33050156,0.014138596,0.35056943,0
1777227134413000,1777227134349000,197388,0.3364639,0.01575052,0.34072194,0
1777227134417000,1777227134417000,197388,0.33619216,0.012972336,0.3275283,0
1777227134549000,1777227134485000,197388,0.3450063,0.015055066,0.3335252,0
1777227134553000,1777227134553000,197388,0.34414724,0.015208404,0.33563167,0
1777227134685000,1777227134621000,197388,0.34813303,0.013361058,0.33167943,0
1777227134689000,1777227134689000,197388,0.35054734,0.010937468,0.33067784,0
1777227134821000,1777227134757000,197388,0.3480185,0.011570415,0.33144033,0
1777227134825000,1777227134825000,197388,0.342389,0.013645442,0.33501464,0
1777227134957000,1777227134893000,197388,0.3458869,0.008879636,0.3325982,0
1777227134961000,1777227134961000,197388,0.35679132,0.008672834,0.33425382,0
1777227135093000,1777227135029000,197388,0.3434961,0.0084633,0.33445203,0
1777227135097000,1777227135097000,197388,0.3385005,0.01220199,0.33737653,0
1777227135229000,1777227135165000,197388,0.3426933,0.007230487,0.33802283,0
1777227135233000,1777227135233000,197388,0.3376765,0.022205252,0.34805503,0
1777227135365000,1777227135301000,197388,0.33901343,0.004792479,0.34174964,0
1777227135369000,1777227135369000,197388,0.3442006,0.0031582394,0.3436322,0
1777227135501000,1777227135437000,197388,0.32929206,0.0053514503,0.34886202,0
1777227135505000,1777227135505000,197388,0.3238015,-0.00040823634,0.35487965,0
1777227135637000,1777227135573000,197388,0.31320357,0.0062840628,0.36363342,0
1777227135641000,1777227135641000,197388,0.30759364,0.004678376,0.36533353,0
1777227135773000,1777227135709000,197388,0.29473218,0.006510383,0.3786707,0
1777227135777000,1777227135777000,197388,0.2736148,0.0015281076,0.3915132,0
1777227135909000,1777227135845000,197388,0.27383447,0.005753966,0.39414725,0
1777227135913000,1777227135913000,197388,0.2608763,0.0038378527,0.40724412,0
1777227136045000,1777227135981000,197388,0.25016096,0.006614902,0.41095102,0
1777227136049000,1777227136049000,197388,0.24157815,0.0036753346,0.41716716,0
1777227136181000,1777227136117000,197388,0.22856724,0.0065656677,0.42276788,0
1777227136185000,1777227136185000,197388,0.21414524,0.0060526663,0.43669984,0
1777227136317000,1777227136253000,197388,0.21559262,0.004797975,0.43042782,0
1777227136321000,1777227136321000,197388,0.20593692,0.0068471553,0.42924222,0
1777227136453000,1777227136389000,197388,0.20816459,0.0058551123,0.43535966,0
1777227136457000,1777227136457000,197388,0.20864023,0.008012838,0.43295687,0
1777227136589000,1777227136525000,197388,0.20505838,0.0042704092,0.43659264,0
1777227136593000,1777227136593000,197388,0.20016885,0.007216873,0.4322983,0
1777227136725000,1777227136661000,197388,0.2017066,0.0050702943,0.43638435,0
1777227136729000,1777227136729000,197388,0.20459205,0.0036925673,0.44151327,0
1777227136861000,1777227136797000,197388,0.20092405,0.0028661867,0.43685108,0
1777227136865000,1777227136865000,197388,0.20450795,0.009591628,0.43207604,0
1777227136997000,1777227136933000,197388,0.19932994,0.0036428992,0.43765917,0
1777227137001000,1777227137001000,197388,0.1931414,-0.0065652714,0.44078952,0
1777227137133000,1777227137069000,197388,0.19955201,0.004013258,0.43960354,0
1777227137137000,1777227137137000,197388,0.19625604,0.00966562,0.43190014,0
1777227137269000,1777227137205000,197388,0.19850789,0.0049396907,0.4375325,0
1777227137273000,1777227137273000,197388,0.19887531,0.0062338677,0.44223988,0
1777227137405000,1777227137341000,197388,0.19931276,0.0040851748,0.43754333,0
1777227137409000,1777227137409000,197388,0.21028838,0.0147869885,0.44130984,0
1777227137541000,1777227137477000,197388,0.20172237,0.0043054232,0.43678913,0
1777227137545000,1777227137545000,197388,0.20695436,0.008114555,0.44427136,0
1777227137677000,1777227137613000,197388,0.20282666,0.0045505995,0.43540117,0
1777227137681000,1777227137681000,197388,0.20986344,0.0061156,0.4307937,0
1777227137813000,1777227137749000,197388,0.20575073,0.003886111,0.4335646,0
1777227137817000,1777227137817000,197388,0.21611956,0.0034863104,0.4203294,0
1777227137949000,1777227137885000,197388,0.20838465,0.00499075,0.43349507,0
1777227137953000,1777227137953000,197388,0.20843524,-0.0023515332,0.42912617,0
1777227138085000,1777227138021000,197388,0.21171512,0.0068698786,0.43061677,0
1777227138089000,1777227138089000,197388,0.21551503,0.0075964886,0.42896926,0
1777227138221000,1777227138157000,197388,0.21650648,0.006426208,0.42950052,0
1777227138225000,1777227138225000,197388,0.21976183,0.0013439181,0.43515903,0
1777227138357000,1777227138293000,197388,0.22025006,0.0056841066,0.42700395,0
1777227138361000,1777227138361000,197388,0.22313073,0.009278902,0.42828506,0
1777227138493000,1777227138429000,197388,0.22145031,0.0068516773,0.42705175,0
1777227138497000,1777227138497000,197388,0.22683826,0.007369593,0.42593876,0
1777227138629000,1777227138565000,197388,0.22475967,0.008779683,0.42434376,0
1777227138633000,1777227138633000,197388,0.22737086,0.0069493265,0.4305174,0
1777227138765000,1777227138701000,197388,0.22711326,0.009467393,0.4236621,0
1777227138769000,1777227138769000,197388,0.23138373,0.008087882,0.41856045,0
1777227138901000,1777227138837000,197388,0.23066948,0.009760221,0.4214524,0
1777227138905000,1777227138905000,197388,0.23441635,0.011341136,0.42636606,0
1777227139037000,1777227138973000,197388,0.23232467,0.008978826,0.42058912,0
1777227139041000,1777227139041000,197388,0.23819791,0.00034102835,0.41707847,0
1777227139173000,1777227139109000,197388,0.23259935,0.010489387,0.41913572,0
1777227139177000,1777227139177000,197388,0.2400801,0.0051760054,0.42827055,0
1777227139309000,1777227139245000,197388,0.23682593,0.009017278,0.41913387,0
1777227139313000,1777227139313000,197388,0.23773345,0.013070046,0.4161774,0
1777227139445000,1777227139381000,197388,0.23486815,0.0088800695,0.41776338,0
1777227139449000,1777227139449000,197388,0.24098514,0.0038606355,0.42089432,0
1777227139581000,1777227139517000,197388,0.23780806,0.009342593,0.41790807,0
1777227139585000,1777227139585000,197388,0.24100895,0.024908978,0.4174303,0
1777227139717000,1777227139653000,197388,0.23662858,0.00898656,0.41795143,0
1777227139721000,1777227139721000,197388,0.23026367,0.013184293,0.4242071,0
1777227139853000,1777227139789000,197388,0.2364215,0.008971008,0.41791224,0
1777227139857000,1777227139857000,197388,0.23338714,0.00039288137,0.42473415,0
1777227139989000,1777227139925000,197388,0.23583333,0.010871713,0.41811296,0
1777227139993000,1777227139993000,197388,0.23250464,0.0043404754,0.41641036,0
1777227140125000,1777227140061000,197388,0.23739591,0.010610176,0.41985786,0
1777227140129000,1777227140129000,197388,0.23326889,-0.0026557927,0.4223018,0
1777227140261000,1777227140197000,197388,0.23429695,0.008576722,0.41910338,0
1777227140265000,1777227140265000,197388,0.2369985,0.007991725,0.41428766,0
1777227140397000,1777227140333000,197388,0.23397303,0.009629879,0.41988307,0
1777227140401000,1777227140401000,197388,0.2329838,0.01266065,0.4198776,0
1777227140533000,1777227140469000,197388,0.23170504,0.008188808,0.42024472,0
1777227140537000,1777227140537000,197388,0.22660697,0.008498962,0.42875573,0
1777227140669000,1777227140605000,197388,0.2303344,0.007246956,0.42297673,0
1777227140673000,1777227140673000,197388,0.2359391,0.0026191915,0.42285752,0
1777227140805000,1777227140741000,197388,0.2295261,0.01007476,0.42220303,0
1777227140809000,1777227140809000,197388,0.23223113,0.012517283,0.42534885,0
1777227140941000,1777227140877000,197388,0.22884724,0.008601587,0.42183238,0
1777227140945000,1777227140945000,197388,0.22929282,0.020794468,0.42562824,0
1777227141077000,1777227141013000,197388,0.22862178,0.0089302845,0.42304024,0
1777227141081000,1777227141081000,197388,0.23900259,0.0077614877,0.42623475,0
1777227141213000,1777227141149000,197388,0.228044,0.008122135,0.4223617,0
1777227141217000,1777227141217000,197388,0.2268905,0.0016001075,0.42388612,0
1777227141349000,1777227141285000,197388,0.226404,0.008895472,0.4223305,0
1777227141353000,1777227141353000,197388,0.228421,0.006426413,0.4116415,0
1777227141485000,1777227141421000,197388,0.22742845,0.008910404,0.42364934,0
1777227141489000,1777227141489000,197388,0.2309775,0.0084250625,0.42842925,0
1777227141621000,1777227141557000,197388,0.22598381,0.009575184,0.42258605,0
1777227141625000,1777227141625000,197388,0.22670807,0.013885809,0.42013666,0
1777227141757000,1777227141693000,197388,0.22565527,0.008287687,0.42537424,0
1777227141761000,1777227141761000,197388,0.22136854,0.012916169,0.4231493,0
1777227141893000,1777227141829000,197388,0.22728649,0.008815364,0.42311615,0
1777227141897000,1777227141897000,197388,0.22278206,0.0010935342,0.4293621,0
1777227142029000,1777227141965000,197388,0.22642489,0.008865537,0.42397302,0
1777227142033000,1777227142033000,197388,0.22509092,0.015348862,0.4215398,0
1777227142165000,1777227142101000,197388,0.2256975,0.0075811013,0.42541784,0
1777227142169000,1777227142169000,197388,0.22320724,0.005209031,0.42901754,0
1777227142301000,1777227142237000,197388,0.22699824,0.00904427,0.42450377,0
1777227142305000,1777227142305000,197388,0.23407698,0.014365605,0.42762437,0
1777227142437000,1777227142373000,197388,0.22810267,0.008697011,0.42376968,0
1777227142441000,1777227142441000,197388,0.22558878,0.0149505995,0.4219099,0
1777227142573000,1777227142509000,197388,0.22704183,0.009078769,0.42361534,0
1777227142577000,1777227142577000,197388,0.2282894,0.008021547,0.41715395,0
1777227142709000,1777227142645000,197388,0.22900516,0.009116707,0.42458826,0
1777227142713000,1777227142713000,197388,0.22730781,0.015757838,0.4214312,0
1777227142845000,1777227142781000,197388,0.22958544,0.009279425,0.42269152,0
1777227142849000,1777227142849000,197388,0.2265966,0.0075162626,0.424737,0
1777227142981000,1777227142917000,197388,0.22865683,0.009539954,0.42312384,0
1777227142985000,1777227142985000,197388,0.23496339,0.0036625455,0.4168186,0
1777227143117000,1777227143053000,197388,0.22788738,0.008127704,0.42278633,0
1777227143121000,1777227143121000,197388,0.22777575,0.009930544,0.42304167,0
1777227143253000,1777227143189000,197388,0.22915725,0.0069311312,0.42120537,0
1777227143257000,1777227143257000,197388,0.23220895,0.011027209,0.41764438,0
1777227143389000,1777227143325000,197388,0.23000924,0.008217032,0.42235216,0
1777227143393000,1777227143393000,197388,0.23085333,0.0137420995,0.43097815,0
1777227143525000,1777227143461000,197388,0.23186189,0.009324759,0.420399,0
1777227143529000,1777227143529000,197388,0.23042831,0.008811133,0.42560264,0
1777227143661000,1777227143597000,197388,0.23215558,0.0096452655,0.4216733,0
1777227143665000,1777227143665000,197388,0.23257059,0.007581104,0.41608602,0
1777227143797000,1777227143733000,197388,0.23127486,0.012096626,0.42109734,0
1777227143801000,1777227143801000,197388,0.23213235,0.014226629,0.421087,0
1777227143933000,1777227143869000,197388,0.23154037,0.012097778,0.42082253,0
1777227143937000,1777227143937000,197388,0.2321934,0.011436874,0.41019508,0
1777227144069000,1777227144005000,197388,0.23314413,0.011768158,0.42140856,0
1777227144073000,1777227144073000,197388,0.22727996,0.00411405,0.42665613,0
1777227144205000,1777227144141000,197388,0.23366465,0.011385534,0.42126572,0
1777227144209000,1777227144209000,197388,0.22796689,0.015025214,0.41846249,0
1777227144341000,1777227144277000,197388,0.23338552,0.012514737,0.41964594,0
1777227144345000,1777227144345000,197388,0.23047237,0.010356514,0.42378053,0
1777227144477000,1777227144413000,197388,0.23171985,0.011228179,0.42111105,0
1777227144481000,1777227144481000,197388,0.2308703,0.014499092,0.4258506,0
1777227144613000,1777227144549000,197388,0.23112273,0.0097397985,0.41936722,0
1777227144617000,1777227144617000,197388,0.238783,0.01453622,0.4227231,0
1777227144749000,1777227144685000,197388,0.23177868,0.011795872,0.42065844,0
1777227144753000,1777227144753000,197388,0.23466249,0.0012365468,0.41323197,0
1777227144885000,1777227144821000,197388,0.23049173,0.01013955,0.4222389,0
1777227144889000,1777227144889000,197388,0.23492673,0.012019618,0.4200044,0
1777227145021000,1777227144957000,197388,0.2299611,0.010812595,0.42082128,0
1777227145025000,1777227145025000,197388,0.2303545,0.009142068,0.42054,0
1777227145157000,1777227145093000,197388,0.22966282,0.009775505,0.423613,0
1777227145161000,1777227145161000,197388,0.23122145,0.0063098245,0.42764243,0
1777227145293000,1777227145229000,197388,0.22890124,0.009837015,0.4224659,0
1777227145297000,1777227145297000,197388,0.22782932,0.017388808,0.4198708,0
1777227145429000,1777227145365000,197388,0.22790575,0.009263594,0.42088303,0
1777227145433000,1777227145433000,197388,0.22593479,0.0030398876,0.43008757,0
1777227145565000,1777227145501000,197388,0.22943807,0.0103777945,0.42448902,0
1777227145569000,1777227145569000,197388,0.2319525,0.0062873005,0.43285552,0
1777227145701000,1777227145637000,197388,0.22800195,0.009184198,0.42372492,0
1777227145705000,1777227145705000,197388,0.2279738,0.011278394,0.41538346,0
1777227145837000,1777227145773000,197388,0.22649881,0.006854674,0.42162445,0
1777227145841000,1777227145841000,197388,0.23088749,0.0034168907,0.43138584,0
1777227145973000,1777227145909000,197388,0.22705688,0.0052694743,0.4251141,0
1777227145977000,1777227145977000,197388,0.22513339,0.006449193,0.41628367,0
1777227146109000,1777227146045000,197388,0.2266762,0.008140021,0.4229609,0
1777227146113000,1777227146113000,197388,0.22286353,0.007908101,0.42677587,0
1777227146245000,1777227146181000,197388,0.22748938,0.0072455104,0.42415914,0
1777227146249000,1777227146249000,197388,0.22067694,0.0125285145,0.42414334,0
1777227146381000,1777227146317000,197388,0.2260049,0.007796042,0.42487377,0
1777227146385000,1777227146385000,197388,0.21623357,0.0014032628,0.42726517,0
1777227146517000,1777227146453000,197388,0.22512753,0.006142048,0.4234324,0
1777227146521000,1777227146521000,197388,0.21806142,0.0009940047,0.42535228,0
1777227146653000,1777227146589000,197388,0.22519132,0.008108757,0.42490104,0
1777227146657000,1777227146657000,197388,0.22662282,0.013174609,0.413741,0
1777227146789000,1777227146725000,197388,0.22646235,0.0059770797,0.42343348,0
1777227146793000,1777227146793000,197388,0.2262034,0.005033526,0.4299475,0
1777227146925000,1777227146861000,197388,0.2254785,0.007647288,0.4259156,0
1777227146929000,1777227146929000,197388,0.22996375,0.009091975,0.42705265,0
1777227147061000,1777227146997000,197388,0.22561552,0.008342458,0.42399535,0
1777227147065000,1777227147065000,197388,0.21560189,0.011017105,0.4131488,0
1777227147197000,1777227147133000,197388,0.22464682,0.007114205,0.42444605,0
1777227147201000,1777227147201000,197388,0.22813328,0.014798683,0.4272933,0
1777227147333000,1777227147269000,197388,0.22373931,0.008055311,0.42397243,0
1777227147337000,1777227147337000,197388,0.23210275,0.0029200655,0.4193691,0
1777227147469000,1777227147405000,197388,0.22563204,0.007323476,0.42424,0
1777227147473000,1777227147473000,197388,0.22468476,0.0072986768,0.42872733,0
1777227147605000,1777227147541000,197388,0.22554119,0.007859914,0.42532015,0
1777227147609000,1777227147609000,197388,0.23621014,0.009000888,0.42167142,0
1777227147741000,1777227147677000,197388,0.22617494,0.006602778,0.42468414,0
1777227147745000,1777227147745000,197388,0.23282194,0.01535504,0.42265248,0
1777227147877000,1777227147813000,197388,0.22531761,0.008352843,0.42440528,0
1777227147881000,1777227147881000,197388,0.22061779,0.00800664,0.41855627,0
1777227148013000,1777227147949000,197388,0.22635677,0.0067910734,0.4242036,0
1777227148017000,1777227148017000,197388,0.23332831,0.0055366806,0.433045,0
1777227148149000,1777227148085000,197388,0.22693098,0.009136518,0.42406836,0
1777227148153000,1777227148153000,197388,0.23130141,0.0077526313,0.43188077,0
1777227148285000,1777227148221000,197388,0.2251073,0.010129976,0.4227537,0
1777227148289000,1777227148289000,197388,0.23313126,0.007840479,0.42103973,0
1777227148421000,1777227148357000,197388,0.22866637,0.0065120053,0.4232008,0
1777227148425000,1777227148425000,197388,0.23984472,0.0028761392,0.41437936,0
1777227148557000,1777227148493000,197388,0.22697608,0.00745379,0.42420515,0
1777227148561000,1777227148561000,197388,0.22954965,0.0013051468,0.42884016,0
1777227148693000,1777227148629000,197388,0.22688037,0.0065735206,0.423028,0
1777227148697000,1777227148697000,197388,0.22724344,0.021954618,0.41599265,0
1777227148829000,1777227148765000,197388,0.22878008,0.007869076,0.4250023,0
1777227148833000,1777227148833000,197388,0.22758801,0.0121391695,0.42618927,0
1777227148965000,1777227148901000,197388,0.22998016,0.007565478,0.42179146,0
1777227148969000,1777227148969000,197388,0.22753209,0.007944763,0.42468768,0
1777227149101000,1777227149037000,197388,0.22782066,0.0076372563,0.4232642,0
1777227149105000,1777227149105000,197388,0.2295898,0.003561442,0.4147618,0
1777227149237000,1777227149173000,197388,0.22984865,0.007891536,0.42249534,0
1777227149241000,1777227149241000,197388,0.23905997,0.0014228703,0.42238787,0
1777227149373000,1777227149309000,197388,0.22798267,0.007895572,0.42256287,0
1777227149377000,1777227149377000,197388,0.23861215,0.01353828,0.42236722,0
1777227149509000,1777227149445000,197388,0.23003693,0.008742911,0.42272824,0
1777227149513000,1777227149513000,197388,0.23491682,0.007195609,0.41678438,0
1777227149645000,1777227149581000,197388,0.22848842,0.00850047,0.42324203,0
1777227149649000,1777227149649000,197388,0.22605,0.017940024,0.42778742,0
1777227149781000,1777227149717000,197388,0.22977827,0.007755364,0.42222145,0
1777227149785000,1777227149785000,197388,0.23057044,0.005462721,0.42638656,0
1777227149917000,1777227149853000,197388,0.22925122,0.009484938,0.4208611,0
1777227149921000,1777227149921000,197388,0.23571,0.010035141,0.4237472,0
1777227150053000,1777227149989000,197388,0.22979385,0.010327714,0.42334506,0
1777227150057000,1777227150057000,197388,0.22641082,0.016178409,0.43277138,0
1777227150189000,1777227150125000,197388,0.23008029,0.008630247,0.42141974,0
1777227150193000,1777227150193000,197388,0.22548698,0.0056546177,0.4188351,0
1777227150325000,1777227150261000,197388,0.23074721,0.009852903,0.42261133,0
1777227150329000,1777227150329000,197388,0.22824538,0.022028973,0.42576376,0
1777227150461000,1777227150397000,197388,0.22856449,0.011160669,0.42216203,0
1777227150465000,1777227150465000,197388,0.23390515,0.016364668,0.42345512,0
1777227150597000,1777227150533000,197388,0.2292708,0.009366796,0.42210546,0
1777227150601000,1777227150601000,197388,0.22658417,0.019393547,0.41659707,0
1777227150733000,1777227150669000,197388,0.22939141,0.008894358,0.42297855,0
1777227150737000,1777227150737000,197388,0.22627278,-0.0007370904,0.4242106,0
1777227150869000,1777227150805000,197388,0.22708818,0.008228615,0.42269567,0
1777227150873000,1777227150873000,197388,0.23578481,0.0068501215,0.4224123,0
1777227151005000,1777227150941000,197388,0.22835398,0.010742483,0.42263517,0
1777227151009000,1777227151009000,197388,0.22340174,0.0071267043,0.42357698,0
1777227151141000,1777227151077000,197388,0.22844212,0.011637329,0.42282972,0
1777227151145000,1777227151145000,197388,0.2312091,0.02055944,0.43147787,0
1777227151277000,1777227151213000,197388,0.22796361,0.008635309,0.4230042,0
1777227151281000,1777227151281000,197388,0.22750187,0.010739666,0.43420506,0
1777227151413000,1777227151349000,197388,0.22880591,0.009249407,0.4237835,0
1777227151417000,1777227151417000,197388,0.23189586,0.009320546,0.42326638,0
1777227151549000,1777227151485000,197388,0.22526428,0.008420545,0.4231515,0
1777227151553000,1777227151553000,197388,0.22754756,0.01206199,0.42944318,0
1777227151685000,1777227151621000,197388,0.22572577,0.008041779,0.42288336,0
1777227151689000,1777227151689000,197388,0.23667574,0.012226248,0.4300141,0
1777227151821000,1777227151757000,197388,0.2260419,0.009448207,0.4248896,0
1777227151825000,1777227151825000,197388,0.22876404,0.00969314,0.423306,0
1777227151957000,1777227151893000,197388,0.22487949,0.008423093,0.42491132,0
1777227151961000,1777227151961000,197388,0.22221835,0.0038881118,0.43309125,0
1777227152093000,1777227152029000,197388,0.22551236,0.007966569,0.42349222,0
1777227152097000,1777227152097000,197388,0.22099304,0.0063968166,0.4263151,0
1777227152229000,1777227152165000,197388,0.2236013,0.00852519,0.42438012,0
1777227152233000,1777227152233000,197388,0.22198312,-0.00089716166,0.4204767,0
1777227152365000,1777227152301000,197388,0.22424842,0.008337239,0.4261777,0
1777227152369000,1777227152369000,197388,0.22198191,0.01712349,0.4268179,0
1777227152501000,1777227152437000,197388,0.22549726,0.008390228,0.42392862,0
1777227152505000,1777227152505000,197388,0.23542249,0.0023630434,0.42736614,0
1777227152637000,1777227152573000,197388,0.22692905,0.009021713,0.42524156,0
1777227152641000,1777227152641000,197388,0.22134937,0.004735811,0.42029482,0
1777227152773000,1777227152709000,197388,0.22624658,0.007886261,0.4249091,0
1777227152777000,1777227152777000,197388,0.22838359,0.0016802755,0.41933587,0
1777227152909000,1777227152845000,197388,0.22768937,0.0077462327,0.42415467,0
1777227152913000,1777227152913000,197388,0.23235196,0.005102709,0.41660583,0
1777227153045000,1777227152981000,197388,0.22767332,0.0089963125,0.42182422,0
1777227153049000,1777227153049000,197388,0.22305728,0.012704714,0.41756758,0
1777227153181000,1777227153117000,197388,0.23105282,0.0092999665,0.42181855,0
1777227153185000,1777227153185000,197388,0.23505081,0.012748053,0.42999977,0
1777227153317000,1777227153253000,197388,0.23183116,0.009502972,0.42175096,0
1777227153321000,1777227153321000,197388,0.2365403,0.019415734,0.4117197,0
1777227153457000,1777227153457000,197388,0.22913487,0.012980583,0.4165188,0
1777227153589000,1777227153525000,197388,0.23238315,0.013041103,0.41919437,0
1777227153593000,1777227153593000,197388,0.23579453,0.014459,0.4230688,0
1777227153725000,1777227153661000,197388,0.23360929,0.013550725,0.41960976,0
1777227153729000,1777227153729000,197388,0.22855772,0.010484161,0.4213037,0
1777227153861000,1777227153797000,197388,0.2328105,0.011811289,0.42135218,0
1777227153865000,1777227153865000,197388,0.23700325,0.0076032015,0.41665986,0
1777227153997000,1777227153933000,197388,0.2334399,0.012090206,0.41940424,0
1777227154001000,1777227154001000,197388,0.23458655,0.010929338,0.40976432,0
1777227154133000,1777227154069000,197388,0.23499538,0.011461579,0.4189455,0
1777227154137000,1777227154137000,197388,0.23981835,0.006944109,0.4169629,0
1777227154269000,1777227154205000,197388,0.22970656,0.01099729,0.42171246,0
1777227154273000,1777227154273000,197388,0.22134994,0.0027405517,0.4168833,0
1777227154405000,1777227154341000,197388,0.21558419,0.011264445,0.42793372,0
1777227154409000,1777227154409000,197388,0.20124188,0.0046060598,0.42979974,0
1777227154541000,1777227154477000,197388,0.19464615,0.010951749,0.44007418,0
1777227154545000,1777227154545000,197388,0.18700668,0.011906865,0.44459367,0
1777227154677000,1777227154613000,197388,0.16539921,0.009584645,0.4504245,0
1777227154681000,1777227154681000,197388,0.15424693,0.006053951,0.46706876,0
1777227154813000,1777227154749000,197388,0.13661808,0.009171818,0.46140027,0
1777227154817000,1777227154817000,197388,0.12827547,0.0022728126,0.46762908,0
1777227154949000,1777227154885000,197388,0.10609742,0.008947493,0.47027045,0
1777227154953000,1777227154953000,197388,0.09371852,0.013250653,0.4726685,0
1777227155085000,1777227155021000,197388,0.08355185,0.0110523505,0.47156796,0
1777227155089000,1777227155089000,197388,0.07432906,0.004505489,0.47688374,0
1777227155221000,1777227155157000,197388,0.06888298,0.009815172,0.47621927,0
1777227155225000,1777227155225000,197388,0.05339972,0.0060901316,0.47779572,0
1777227155357000,1777227155293000,197388,0.059713844,0.010243144,0.4777349,0
1777227155361000,1777227155361000,197388,0.063739255,0.005175337,0.47825068,0
1777227155493000,1777227155429000,197388,0.050175343,0.011931859,0.4785601,0
1777227155497000,1777227155497000,197388,0.051928263,0.0073356056,0.4788492,0
1777227155629000,1777227155565000,197388,0.0524204,0.00942805,0.47660127,0
1777227155633000,1777227155633000,197388,0.05884347,0.009260496,0.4745873,0
1777227155765000,1777227155701000,197388,0.05992132,0.010435048,0.47576708,0
1777227155769000,1777227155769000,197388,0.06625175,0.003340813,0.47277647,0
1777227155901000,1777227155837000,197388,0.07237842,0.010229174,0.47450706,0
1777227155905000,1777227155905000,197388,0.07347515,0.008777804,0.47292167,0
1777227156037000,1777227155973000,197388,0.08673382,0.009871385,0.4730836,0
1777227156041000,1777227156041000,197388,0.085875995,0.0073191132,0.47564942,0
1777227156173000,1777227156109000,197388,0.10329599,0.010510809,0.4677847,0
1777227156177000,1777227156177000,197388,0.114911236,0.010504541,0.47483507,0
1777227156309000,1777227156245000,197388,0.12599069,0.010203294,0.46508157,0
1777227156313000,1777227156313000,197388,0.13416936,0.008320078,0.46768126,0
1777227156445000,1777227156381000,197388,0.14806566,0.009221428,0.45798865,0
1777227156449000,1777227156449000,197388,0.16291808,0.011609321,0.45249292,0
1777227156581000,1777227156517000,197388,0.17110834,0.010725419,0.44993505,0
1777227156585000,1777227156585000,197388,0.18349174,0.0186496,0.4405207,0
1777227156717000,1777227156653000,197388,0.18991739,0.0097791925,0.440977,0
1777227156721000,1777227156721000,197388,0.20168763,0.011456505,0.43639964,0
1777227156853000,1777227156789000,197388,0.20388985,0.009323295,0.43462828,0
1777227156857000,1777227156857000,197388,0.20460005,0.011037107,0.43002978,0
1777227156989000,1777227156925000,197388,0.2175779,0.010813022,0.4290113,0
1777227156993000,1777227156993000,197388,0.2124863,0.014701295,0.43133977,0
1777227157125000,1777227157061000,197388,0.22619636,0.008823824,0.42497125,0
1777227157129000,1777227157129000,197388,0.22485249,0.013864786,0.42781007,0
1777227157261000,1777227157197000,197388,0.22988662,0.009037981,0.4197713,0
1777227157265000,1777227157265000,197388,0.23366883,0.005278552,0.41910392,0
1777227157397000,1777227157333000,197388,0.23781987,0.010196246,0.41689384,0
1777227157401000,1777227157401000,197388,0.24689686,0.017255284,0.421807,0
1777227157533000,1777227157469000,197388,0.24416344,0.009180433,0.41558158,0
1777227157537000,1777227157537000,197388,0.24047796,0.015112361,0.41091496,0
1777227157669000,1777227157605000,197388,0.24527973,0.008505436,0.41154525,0
1777227157673000,1777227157673000,197388,0.25043052,0.010050887,0.41615245,0
1777227157805000,1777227157741000,197388,0.24658756,0.009813202,0.41122764,0
1777227157809000,1777227157809000,197388,0.24909562,0.011114671,0.41252893,0
1777227157941000,1777227157877000,197388,0.24887484,0.009677905,0.41012517,0
1777227157945000,1777227157945000,197388,0.24237143,0.011093357,0.40301618,0
1777227158077000,1777227158013000,197388,0.24812375,0.009273337,0.41376776,0
1777227158081000,1777227158081000,197388,0.24566557,0.005227702,0.4019246,0
1777227158213000,1777227158149000,197388,0.24542288,0.008271868,0.41181427,0
1777227158217000,1777227158217000,197388,0.25130403,0.0146405175,0.40979007,0
1777227158349000,1777227158285000,197388,0.2433338,0.007993002,0.41460815,0
1777227158353000,1777227158353000,197388,0.24981393,0.011326046,0.41837057,0
1777227158485000,1777227158421000,197388,0.24327892,0.0068182284,0.41569564,0
1777227158489000,1777227158489000,197388,0.24337308,0.015129156,0.40976974,0
1777227158621000,1777227158557000,197388,0.23922671,0.007449976,0.41654906,0
1777227158625000,1777227158625000,197388,0.24479394,0.004244323,0.42148063,0
1777227158757000,1777227158693000,197388,0.23547648,0.007888899,0.4200243,0
1777227158761000,1777227158761000,197388,0.22491471,0.006620998,0.41429374,0
1777227158893000,1777227158829000,197388,0.23123221,0.010072518,0.42106742,0
1777227158897000,1777227158897000,197388,0.22022367,0.011904818,0.42324576,0
1777227159029000,1777227158965000,197388,0.22799307,0.007890553,0.422715,0
1777227159033000,1777227159033000,197388,0.2227819,0.005602146,0.42473543,0
1777227159165000,1777227159101000,197388,0.22339629,0.0076137087,0.42762408,0
1777227159169000,1777227159169000,197388,0.22496644,0.011414435,0.43171483,0
1777227159301000,1777227159237000,197388,0.21813588,0.0077128033,0.4287066,0
1777227159305000,1777227159305000,197388,0.21280535,0.010686149,0.42432594,0
1777227159437000,1777227159373000,197388,0.21591042,0.008177435,0.42855933,0
1777227159441000,1777227159441000,197388,0.20857972,0.018384416,0.43149966,0
1777227159573000,1777227159509000,197388,0.21209691,0.0081971,0.43001235,0
1777227159577000,1777227159577000,197388,0.21175866,0.0032418289,0.43074965,0
1777227159709000,1777227159645000,197388,0.20847811,0.008878087,0.4339542,0
1777227159713000,1777227159713000,197388,0.20647475,0.012052979,0.43481576,0
1777227159845000,1777227159781000,197388,0.205931,0.008460935,0.4341603,0
1777227159849000,1777227159849000,197388,0.20610888,0.00410071,0.43808773,0
1777227159981000,1777227159917000,197388,0.20206197,0.008100331,0.43583345,0
1777227159985000,1777227159985000,197388,0.20314871,0.0062987884,0.4350927,0
1777227160117000,1777227160053000,197388,0.20205799,0.00974358,0.4343252,0
1777227160121000,1777227160121000,197388,0.19878347,0.015806276,0.43698156,0
1777227160253000,1777227160189000,197388,0.19925702,0.007594067,0.43621963,0
1777227160257000,1777227160257000,197388,0.20172554,0.0035989222,0.43386924,0
1777227160389000,1777227160325000,197388,0.19726424,0.008008935,0.43881747,0
1777227160393000,1777227160393000,197388,0.19551302,0.007006814,0.43431655,0
1777227160525000,1777227160461000,197388,0.19974932,0.009672362,0.43680662,0
1777227160529000,1777227160529000,197388,0.19642952,0.006802882,0.44587833,0
1777227160661000,1777227160597000,197388,0.19766982,0.008398492,0.437716,0
1777227160665000,1777227160665000,197388,0.19205157,0.00964483,0.45214015,0
1777227160797000,1777227160733000,197388,0.19658695,0.010483414,0.43790567,0
1777227160801000,1777227160801000,197388,0.20648153,0.011718095,0.43381187,0
1777227160933000,1777227160869000,197388,0.1998751,0.00845421,0.43833062,0
1777227160937000,1777227160937000,197388,0.19102271,0.002853115,0.43002602,0
1777227161069000,1777227161005000,197388,0.20058094,0.010162696,0.436931,0
1777227161073000,1777227161073000,197388,0.20124133,0.004093683,0.43975258,0
1777227161205000,1777227161141000,197388,0.20232348,0.009990396,0.43787578,0
1777227161209000,1777227161209000,197388,0.19853473,0.006727484,0.43441013,0
1777227161341000,1777227161277000,197388,0.20453076,0.0112262005,0.4348673,0
1777227161345000,1777227161345000,197388,0.20264257,0.009340869,0.4388028,0
1777227161477000,1777227161413000,197388,0.20510967,0.009272638,0.43673283,0
1777227161481000,1777227161481000,197388,0.21151522,0.00047263806,0.43427292,0
1777227161613000,1777227161549000,197388,0.20671253,0.011002092,0.43370557,0
1777227161617000,1777227161617000,197388,0.20767845,0.008288824,0.435817,0
1777227161749000,1777227161685000,197388,0.20713088,0.009800886,0.43215555,0
1777227161753000,1777227161753000,197388,0.22012395,0.008561216,0.43939698,0
1777227161885000,1777227161821000,197388,0.21035683,0.011299382,0.43046075,0
1777227161889000,1777227161889000,197388,0.20492813,0.016488766,0.43230525,0
1777227162021000,1777227161957000,197388,0.21155235,0.012386102,0.43187818,0
1777227162025000,1777227162025000,197388,0.21764617,0.008204504,0.42675924,0
1777227162161000,1777227162161000,197388,0.20117146,0.013432521,0.42976743,0
1777227162293000,1777227162229000,197388,0.21641238,0.009949784,0.43115357,0
1777227162297000,1777227162297000,197388,0.21086887,0.006018966,0.42206895,0
1777227162429000,1777227162365000,197388,0.21456482,0.011106168,0.42972904,0
1777227162433000,1777227162433000,197388,0.22210442,0.0059359977,0.43019998,0
1777227162565000,1777227162501000,197388,0.2167806,0.010792433,0.42669812,0
1777227162569000,1777227162569000,197388,0.20931846,0.007211525,0.43269652,0
1777227162701000,1777227162637000,197388,0.21686517,0.010602992,0.42928785,0
1777227162705000,1777227162705000,197388,0.22072099,0.006812604,0.42693847,0
1777227162837000,1777227162773000,197388,0.21901846,0.0097152935,0.4278753,0
1777227162841000,1777227162841000,197388,0.22065662,0.007220014,0.42265233,0
1777227162973000,1777227162909000,197388,0.22023034,0.010487433,0.4285744,0
1777227162977000,1777227162977000,197388,0.22474715,0.008832395,0.43350735,0
1777227163109000,1777227163045000,197388,0.21991348,0.009732271,0.4289246,0
1777227163113000,1777227163113000,197388,0.22550239,0.017568508,0.42839646,0
1777227163245000,1777227163181000,197388,0.22084114,0.010988353,0.42796353,0
1777227163249000,1777227163249000,197388,0.22157398,0.0042287232,0.42409748,0
1777227163381000,1777227163317000,197388,0.22044663,0.008176011,0.42617795,0
1777227163385000,1777227163385000,197388,0.22311828,0.010523208,0.43624166,0
1777227163517000,1777227163453000,197388,0.21946645,0.0081282705,0.42698583,0
1777227163521000,1777227163521000,197388,0.21741937,0.011861127,0.41674364,0
1777227163653000,1777227163589000,197388,0.22026443,0.009038748,0.4254744,0
1777227163657000,1777227163657000,197388,0.22243507,0.005893786,0.4184763,0
1777227163789000,1777227163725000,197388,0.21940951,0.009743821,0.4258833,0
1777227163793000,1777227163793000,197388,0.22285515,0.013870388,0.4289814,0
1777227163925000,1777227163861000,197388,0.21853846,0.00897951,0.4279777,0
1777227163929000,1777227163929000,197388,0.22939442,0.0063631567,0.43593493,0
1777227164061000,1777227163997000,197388,0.21781845,0.00905897,0.4295724,0
1777227164065000,1777227164065000,197388,0.21630731,0.009072597,0.43014053,0
1777227164197000,1777227164133000,197388,0.21851517,0.0085148215,0.42771137,0
1777227164201000,1777227164201000,197388,0.2100028,0.0065897927,0.43258157,0
1777227164337000,1777227164337000,197388,0.20863006,-0.00069671794,0.42510775,0
1777227164469000,1777227164405000,197388,0.21703598,0.007893889,0.4275416,0
1777227164473000,1777227164473000,197388,0.2172002,0.016712585,0.42636827,0
1777227164605000,1777227164541000,197388,0.21665604,0.008383208,0.4290177,0
1777227164609000,1777227164609000,197388,0.21466051,0.008423869,0.43150142,0
1777227164741000,1777227164677000,197388,0.2156209,0.010222353,0.42935222,0
1777227164745000,1777227164745000,197388,0.21553889,0.008387623,0.43864486,0
1777227164877000,1777227164813000,197388,0.21530999,0.00858301,0.42936963,0
1777227164881000,1777227164881000,197388,0.21737854,0.015760839,0.43141937,0
1777227165013000,1777227164949000,197388,0.21356846,0.009432084,0.4305715,0
1777227165017000,1777227165017000,197388,0.2113908,0.015508906,0.44211763,0
1777227165149000,1777227165085000,197388,0.21458134,0.008475387,0.4298937,0
1777227165153000,1777227165153000,197388,0.21742296,0.0139712095,0.42835397,0
1777227165285000,1777227165221000,197388,0.21384172,0.007881532,0.4314002,0
1777227165289000,1777227165289000,197388,0.20713383,0.0038070038,0.4248243,0
1777227165425000,1777227165425000,197388,0.20797476,0.012367238,0.42416647,0
1777227165557000,1777227165493000,197388,0.21271966,0.0074131084,0.43107194,0
1777227165561000,1777227165561000,197388,0.21764435,0.008196586,0.4261487,0
1777227165693000,1777227165629000,197388,0.21435253,0.008684245,0.4308378,0
1777227165697000,1777227165697000,197388,0.21123108,0.009599546,0.4234875,0
1777227165829000,1777227165765000,197388,0.2150732,0.008033596,0.43105295,0
1777227165833000,1777227165833000,197388,0.20554215,0.008855055,0.4350571,0
1777227165965000,1777227165901000,197388,0.21335275,0.008683117,0.43041185,0
1777227165969000,1777227165969000,197388,0.2114626,0.0055698794,0.43190682,0
1777227166101000,1777227166037000,197388,0.21510659,0.0068917572,0.4308081,0
1777227166105000,1777227166105000,197388,0.20667239,0.015347695,0.43958664,0
1777227166237000,1777227166173000,197388,0.21424977,0.0075169704,0.4302392,0
1777227166241000,1777227166241000,197388,0.20441845,0.0058893375,0.42965442,0
1777227166373000,1777227166309000,197388,0.21353006,0.010518691,0.42892355,0
1777227166377000,1777227166377000,197388,0.21476817,0.012022869,0.43490198,0
1777227166509000,1777227166445000,197388,0.2149362,0.007974246,0.42915067,0
1777227166513000,1777227166513000,197388,0.20781384,0.0050311727,0.42992443,0
1777227166645000,1777227166581000,197388,0.21281385,0.0102517735,0.4302679,0
1777227166649000,1777227166649000,197388,0.21712543,0.013116393,0.43011373,0
1777227166781000,1777227166717000,197388,0.21613772,0.008840614,0.4280659,0
1777227166785000,1777227166785000,197388,0.22134845,0.012086944,0.43483114,0
1777227166917000,1777227166853000,197388,0.21565272,0.0074329656,0.43123242,0
1777227166921000,1777227166921000,197388,0.21955901,0.016284315,0.42512012,0
1777227167053000,1777227166989000,197388,0.21444038,0.009282963,0.42977503,0
1777227167057000,1777227167057000,197388,0.21357259,0.013908421,0.42710084,0
1777227167189000,1777227167125000,197388,0.21435973,0.007978998,0.4285893,0
1777227167193000,1777227167193000,197388,0.21465245,0.0080464715,0.42683125,0
1777227167325000,1777227167261000,197388,0.2139363,0.010665672,0.43058246,0
1777227167329000,1777227167329000,197388,0.2084539,0.008075944,0.43307847,0
1777227167461000,1777227167397000,197388,0.21393804,0.008162741,0.42800525,0
1777227167465000,1777227167465000,197388,0.20610014,0.01204296,0.43625548,0
1777227167597000,1777227167533000,197388,0.21508919,0.009983678,0.43059427,0
1777227167601000,1777227167601000,197388,0.21732645,0.010130938,0.42566562,0
1777227167733000,1777227167669000,197388,0.21534707,0.008762441,0.42960227,0
1777227167737000,1777227167737000,197388,0.21007971,0.013606994,0.42978266,0
1777227167869000,1777227167805000,197388,0.21534508,0.009572835,0.42856893,0
1777227167873000,1777227167873000,197388,0.2217442,0.0022759386,0.4324989,0
1777227168005000,1777227167941000,197388,0.21622042,0.009348965,0.42871112,0
1777227168009000,1777227168009000,197388,0.2120898,0.01465795,0.42216268,0
1777227168141000,1777227168077000,197388,0.2157358,0.0092025045,0.4303467,0
1777227168145000,1777227168145000,197388,0.21924779,0.018076206,0.43263915,0
1777227168277000,1777227168213000,197388,0.2139627,0.009046157,0.43058622,0
1777227168281000,1777227168281000,197388,0.21085162,-0.0021749754,0.43028504,0
1777227168413000,1777227168349000,197388,0.21420343,0.009013111,0.43151087,0
1777227168417000,1777227168417000,197388,0.22026458,0.007582879,0.4273218,0
1777227168549000,1777227168485000,197388,0.21592498,0.012205775,0.43105835,0
1777227168553000,1777227168553000,197388,0.2083791,0.014834581,0.42731667,0
1777227168685000,1777227168621000,197388,0.21436454,0.0097259935,0.43065706,0
1777227168689000,1777227168689000,197388,0.2246257,0.013918874,0.4301444,0
1777227168821000,1777227168757000,197388,0.21441762,0.01004399,0.4284011,0
1777227168825000,1777227168825000,197388,0.21086714,0.011592549,0.4247402,0
1777227168957000,1777227168893000,197388,0.21428674,0.008962591,0.43038493,0
1777227168961000,1777227168961000,197388,0.21295446,0.009141393,0.4334147,0
1777227169093000,1777227169029000,197388,0.21393265,0.010079646,0.42998216,0
1777227169097000,1777227169097000,197388,0.2158352,-0.00980696,0.42506775,0
1777227169229000,1777227169165000,197388,0.21476452,0.010869404,0.43018767,0
1777227169233000,1777227169233000,197388,0.21815728,0.014966327,0.42730168,0
1777227169365000,1777227169301000,197388,0.2149002,0.008133004,0.4289672,0
1777227169369000,1777227169369000,197388,0.22519568,0.018559352,0.43103153,0
1777227169501000,1777227169437000,197388,0.21276453,0.009614405,0.4295362,0
1777227169505000,1777227169505000,197388,0.21333387,0.010917036,0.4279433,0
1777227169637000,1777227169573000,197388,0.21324822,0.009207726,0.43131262,0
1777227169641000,1777227169641000,197388,0.21627437,0.007916868,0.4261216,0
1777227169773000,1777227169709000,197388,0.21361466,0.009038617,0.43054956,0
1777227169777000,1777227169777000,197388,0.21510652,0.0142936865,0.42452562,0
1777227169909000,1777227169845000,197388,0.21357796,0.011121478,0.43049452,0
1777227169913000,1777227169913000,197388,0.21609132,0.009126697,0.4256477,0
1777227170045000,1777227169981000,197388,0.2134798,0.008415649,0.4303904,0
1777227170049000,1777227170049000,197388,0.21378821,0.0031713613,0.42681023,0
1777227170181000,1777227170117000,197388,0.21483135,0.007868903,0.4306421,0
1777227170185000,1777227170185000,197388,0.2144647,0.011790131,0.42594516,0
1777227170317000,1777227170253000,197388,0.21431272,0.008742226,0.43008456,0
1777227170321000,1777227170321000,197388,0.21070433,0.0034122004,0.43024823,0
1777227170453000,1777227170389000,197388,0.21334822,0.008136142,0.43060297,0
1777227170457000,1777227170457000,197388,0.20936257,0.003322992,0.43488696,0
1777227170589000,1777227170525000,197388,0.21452215,0.007091554,0.42997542,0
1777227170593000,1777227170593000,197388,0.22058879,0.0070270863,0.42264017,0
1777227170725000,1777227170661000,197388,0.21384251,0.007884043,0.4287434,0
1777227170729000,1777227170729000,197388,0.2135028,0.008890064,0.42810765,0
1777227170861000,1777227170797000,197388,0.21592577,0.009033699,0.43089533,0
1777227170865000,1777227170865000,197388,0.2105623,0.0067477277,0.42742246,0
1777227170997000,1777227170933000,197388,0.21664515,0.008439124,0.43026745,0
1777227171001000,1777227171001000,197388,0.21720931,0.013162983,0.4259579,0
1777227171133000,1777227171069000,197388,0.2141952,0.009246342,0.42994082,0
1777227171137000,1777227171137000,197388,0.21487467,0.01667337,0.43097323,0
1777227171269000,1777227171205000,197388,0.21550983,0.0071013533,0.43016702,0
1777227171273000,1777227171273000,197388,0.21748349,0.013573006,0.4299496,0
1777227171405000,1777227171341000,197388,0.21559434,0.0074270214,0.4297012,0
1777227171409000,1777227171409000,197388,0.21528275,0.00043088588,0.43703106,0
1777227171541000,1777227171477000,197388,0.21369512,0.007886165,0.43019897,0
1777227171545000,1777227171545000,197388,0.21146385,0.0064685545,0.43339416,0
1777227171677000,1777227171613000,197388,0.21615504,0.00788833,0.4293512,0
1777227171681000,1777227171681000,197388,0.21758519,0.011911047,0.4283152,0
1777227171813000,1777227171749000,197388,0.21510473,0.0091157695,0.42991218,0
1777227171817000,1777227171817000,197388,0.21352829,0.015994467,0.43777424,0
1777227171949000,1777227171885000,197388,0.21463151,0.0088284975,0.43018582,0
1777227171953000,1777227171953000,197388,0.21142599,0.009156824,0.4268661,0
1777227172085000,1777227172021000,197388,0.21694483,0.009355266,0.43034166,0
1777227172089000,1777227172089000,197388,0.2174783,0.008973773,0.41832075,0
1777227172221000,1777227172157000,197388,0.2171426,0.0096450895,0.42948022,0
1777227172225000,1777227172225000,197388,0.21907428,0.007876643,0.43711585,0
1777227172357000,1777227172293000,197388,0.21577021,0.006744476,0.429414,0
1777227172361000,1777227172361000,197388,0.22017084,0.009466801,0.42538825,0
1777227172493000,1777227172429000,197388,0.21546872,0.00901041,0.43113142,0
1777227172497000,1777227172497000,197388,0.20198013,0.010390415,0.41967052,0
1777227172629000,1777227172565000,197388,0.21403258,0.008183818,0.43000448,0
1777227172633000,1777227172633000,197388,0.21670587,0.011119809,0.43314308,0
1777227172765000,1777227172701000,197388,0.21639182,0.007854995,0.42971423,0
1777227172769000,1777227172769000,197388,0.21807335,0.012884062,0.43514496,0
1777227172901000,1777227172837000,197388,0.21378815,0.0085514095,0.4290735,0
1777227172905000,1777227172905000,197388,0.21119393,-0.0015216701,0.42565402,0
1777227173037000,1777227172973000,197388,0.21633185,0.008911675,0.42884555,0
1777227173041000,1777227173041000,197388,0.22081889,0.011002283,0.41084707,0
1777227173173000,1777227173109000,197388,0.21475165,0.009756684,0.43004498,0
1777227173177000,1777227173177000,197388,0.21703699,0.0051713428,0.41962364,0
1777227173309000,1777227173245000,197388,0.21459065,0.010023057,0.42917615,0
1777227173313000,1777227173313000,197388,0.21328892,0.012325763,0.42630187,0
1777227173445000,1777227173381000,197388,0.2161125,0.009847672,0.4306025,0
1777227173449000,1777227173449000,197388,0.2160659,0.0110199815,0.42106578,0
1777227173581000,1777227173517000,197388,0.21480845,0.011081739,0.42875898,0
1777227173585000,1777227173585000,197388,0.21808209,0.006734731,0.42932028,0
1777227173717000,1777227173653000,197388,0.21487969,0.010093952,0.42912665,0
1777227173721000,1777227173721000,197388,0.20344494,0.021309106,0.4288241,0
1777227173853000,1777227173789000,197388,0.21303792,0.010030376,0.43021858,0
1777227173857000,1777227173857000,197388,0.20905489,0.011270131,0.42000923,0
1777227173989000,1777227173925000,197388,0.21554631,0.010975012,0.43059945,0
1777227173993000,1777227173993000,197388,0.22089183,0.003064132,0.43115568,0
1777227174125000,1777227174061000,197388,0.21421233,0.0092317425,0.4300821,0
1777227174129000,1777227174129000,197388,0.21317315,0.013842859,0.42712736,0
1777227174265000,1777227174265000,197388,0.21905626,0.008208444,0.43821645,0
1777227174397000,1777227174333000,197388,0.21419303,0.009910085,0.4290654,0
1777227174401000,1777227174401000,197388,0.21839719,0.004684221,0.4315466,0
1777227174533000,1777227174469000,197388,0.21476601,0.010504923,0.4301367,0
1777227174537000,1777227174537000,197388,0.22062124,0.0044940254,0.43222168,0
1777227174669000,1777227174605000,197388,0.21416533,0.011678004,0.4276917,0
1777227174673000,1777227174673000,197388,0.21713571,0.011119538,0.42177856,0
1777227174805000,1777227174741000,197388,0.21304657,0.011118933,0.4296722,0
1777227174809000,1777227174809000,197388,0.21263225,0.012984281,0.435253,0
1777227174941000,1777227174877000,197388,0.21350859,0.009498883,0.42991462,0
1777227174945000,1777227174945000,197388,0.20984298,0.01092675,0.43023786,0
1777227175077000,1777227175013000,197388,0.21388209,0.011098593,0.43082443,0
1777227175081000,1777227175081000,197388,0.21899524,0.01114892,0.43518198,0
1777227175213000,1777227175149000,197388,0.21659504,0.01080266,0.42945665,0
1777227175217000,1777227175217000,197388,0.21653934,-0.0028152596,0.43069184,0
1777227175349000,1777227175285000,197388,0.21503323,0.011700031,0.43134204,0
1777227175353000,1777227175353000,197388,0.22227925,0.019504165,0.4300516,0
1777227175485000,1777227175421000,197388,0.21515863,0.0117626265,0.43024758,0
1777227175489000,1777227175489000,197388,0.22200233,0.009785088,0.43669203,0
1777227175621000,1777227175557000,197388,0.21536799,0.01044064,0.4295291,0
1777227175625000,1777227175625000,197388,0.22564374,0.009479061,0.42733482,0
1777227175757000,1777227175693000,197388,0.21549454,0.010580827,0.42823678,0
1777227175761000,1777227175761000,197388,0.2106185,0.019803338,0.43982434,0
1777227175893000,1777227175829000,197388,0.21789779,0.01006525,0.42939803,0
1777227175897000,1777227175897000,197388,0.2190116,0.00474126,0.42747283,0
1777227176029000,1777227175965000,197388,0.21824877,0.00878642,0.42867562,0
1777227176033000,1777227176033000,197388,0.21436201,0.009855413,0.437628,0
1777227176169000,1777227176169000,197388,0.21629252,0.008560671,0.43108875,0
1777227176301000,1777227176237000,197388,0.21640398,0.010474533,0.42795795,0
1777227176305000,1777227176305000,197388,0.21408595,0.0055963127,0.4290822,0
1777227176437000,1777227176373000,197388,0.2168484,0.011141418,0.4281183,0
1777227176441000,1777227176441000,197388,0.21390958,0.011903813,0.42924064,0
1777227176573000,1777227176509000,197388,0.21519229,0.009903736,0.42904007,0
1777227176577000,1777227176577000,197388,0.22243667,0.013401029,0.43094793,0
1777227176709000,1777227176645000,197388,0.21505943,0.010302595,0.431026,0
1777227176713000,1777227176713000,197388,0.21835996,0.005636668,0.42749178,0
1777227176845000,1777227176781000,197388,0.21490596,0.008459623,0.42849234,0
1777227176849000,1777227176849000,197388,0.21719037,0.0037098555,0.4451929,0
1777227176981000,1777227176917000,197388,0.21578385,0.00954438,0.42928466,0
1777227176985000,1777227176985000,197388,0.22333513,0.008087585,0.43321162,0
1777227177117000,1777227177053000,197388,0.21548447,0.009209315,0.43167788,0
1777227177121000,1777227177121000,197388,0.21169773,0.0031801884,0.43414503,0
1777227177253000,1777227177189000,197388,0.21632855,0.009084588,0.42994365,0
1777227177257000,1777227177257000,197388,0.21311785,0.013397072,0.42226404,0
1777227177389000,1777227177325000,197388,0.21585235,0.010525125,0.42838907,0
1777227177393000,1777227177393000,197388,0.21772885,0.011132289,0.42720306,0
1777227177525000,1777227177461000,197388,0.21616223,0.008270186,0.43021664,0
1777227177529000,1777227177529000,197388,0.21468593,0.004920788,0.4265051,0
1777227177661000,1777227177597000,197388,0.21551229,0.0075365314,0.43017447,0
1777227177665000,1777227177665000,197388,0.2154642,0.006829692,0.4295352,0
1777227177797000,1777227177733000,197388,0.21518144,0.0066958833,0.42908013,0
1777227177801000,1777227177801000,197388,0.21765631,0.013587107,0.42989928,0
1777227177933000,1777227177869000,197388,0.21443589,0.007944078,0.42992562,0
1777227177937000,1777227177937000,197388,0.20992899,0.0074491664,0.4323014,0
1777227178069000,1777227178005000,197388,0.21591142,0.007503692,0.4296999,0
1777227178073000,1777227178073000,197388,0.21607898,0.0033348105,0.44410524,0
1777227178205000,1777227178141000,197388,0.21363127,0.006682042,0.4299029,0
1777227178209000,1777227178209000,197388,0.21184188,0.0060840975,0.4290121,0
1777227178341000,1777227178277000,197388,0.21579742,0.0065426948,0.42914194,0
1777227178345000,1777227178345000,197388,0.21427523,0.010233923,0.4252917,0
1777227178477000,1777227178413000,197388,0.21496701,0.0066034114,0.4307829,0
1777227178481000,1777227178481000,197388,0.21672063,-0.0057694186,0.42616624,0
1777227178613000,1777227178549000,197388,0.21401514,0.006529357,0.4292721,0
1777227178617000,1777227178617000,197388,0.2091383,0.0126321,0.42616844,0
1777227178749000,1777227178685000,197388,0.21428645,0.008755633,0.4293808,0
1777227178753000,1777227178753000,197388,0.21519871,0.015083174,0.43092597,0
1777227178885000,1777227178821000,197388,0.21319434,0.009615177,0.4302491,0
1777227178889000,1777227178889000,197388,0.21717818,0.009508429,0.4300544,0
1777227179021000,1777227178957000,197388,0.21347994,0.0073471386,0.42955855,0
1777227179025000,1777227179025000,197388,0.2198904,0.007341597,0.43101344,0
1777227179157000,1777227179093000,197388,0.21528308,0.008280472,0.43053624,0
1777227179161000,1777227179161000,197388,0.2214483,0.005543282,0.43164334,0
1777227179293000,1777227179229000,197388,0.2156455,0.008550923,0.42911533,0
1777227179297000,1777227179297000,197388,0.21763863,0.011087842,0.42747372,0
1777227179429000,1777227179365000,197388,0.2150721,0.00791247,0.42918986,0
1777227179433000,1777227179433000,197388,0.2169063,0.013038325,0.4228233,0
1777227179565000,1777227179501000,197388,0.21452498,0.009226967,0.43058065,0
1777227179569000,1777227179569000,197388,0.21216774,0.010317321,0.43909883,0
1777227179701000,1777227179637000,197388,0.21442704,0.0076697464,0.42972508,0
1777227179705000,1777227179705000,197388,0.21131943,1.792257e-05,0.42421606,0
1777227179837000,1777227179773000,197388,0.21572056,0.008437995,0.4293596,0
1777227179841000,1777227179841000,197388,0.2116687,0.0028842364,0.42841464,0
1777227179973000,1777227179909000,197388,0.21506485,0.008698695,0.4297673,0
1777227179977000,1777227179977000,197388,0.2188361,0.008257831,0.43553692,0
1777227180109000,1777227180045000,197388,0.21613352,0.0077213943,0.42904004,0
1777227180113000,1777227180113000,197388,0.2201559,0.0057629463,0.42681208,0
1777227180245000,1777227180181000,197388,0.21366027,0.008580232,0.42918423,0
1777227180249000,1777227180249000,197388,0.21950749,0.007050089,0.43131182,0
1777227180381000,1777227180317000,197388,0.21541397,0.011062972,0.42862254,0
1777227180385000,1777227180385000,197388,0.21815069,0.012323538,0.4161658,0
1777227180517000,1777227180453000,197388,0.21527275,0.010221054,0.430521,0
1777227180521000,1777227180521000,197388,0.20802653,0.008296338,0.4315847,0
1777227180653000,1777227180589000,197388,0.21527189,0.0103147905,0.430005,0
1777227180657000,1777227180657000,197388,0.21547674,-0.0029909043,0.43140483,0
1777227180789000,1777227180725000,197388,0.21616599,0.011886179,0.42967123,0
1777227180793000,1777227180793000,197388,0.21283552,-0.0010294942,0.42493296,0
1777227180925000,1777227180861000,197388,0.21518263,0.010888111,0.4296838,0
1777227180929000,1777227180929000,197388,0.21373805,0.015027393,0.42794794,0
1777227181065000,1777227181065000,197388,0.21297395,0.012658218,0.43056226,0
1777227181197000,1777227181133000,197388,0.21503714,0.011027513,0.42942092,0
1777227181201000,1777227181201000,197388,0.21637836,0.0070151994,0.4226047,0
1777227181333000,1777227181269000,197388,0.21580815,0.011312608,0.43090078,0
1777227181337000,1777227181337000,197388,0.20808452,0.013454701,0.42997596,0
1777227181469000,1777227181405000,197388,0.21591157,0.012559175,0.4297481,0
1777227181473000,1777227181473000,197388,0.20875622,0.004425245,0.4336753,0
1777227181605000,1777227181541000,197388,0.21478394,0.011542305,0.43060875,0
1777227181609000,1777227181609000,197388,0.20985605,0.015449807,0.4254471,0
1777227181741000,1777227181677000,197388,0.2169433,0.011631984,0.42958024,0
1777227181745000,1777227181745000,197388,0.20974092,0.017188706,0.43182406,0
1777227181877000,1777227181813000,197388,0.21579137,0.0115918135,0.4303138,0
1777227181881000,1777227181881000,197388,0.2189337,0.010716353,0.428477,0
1777227182013000,1777227181949000,197388,0.21534136,0.010960204,0.4288156,0
1777227182017000,1777227182017000,197388,0.21933725,0.014370173,0.42988324,0
1777227182149000,1777227182085000,197388,0.21631634,0.010799353,0.43011558,0
1777227182153000,1777227182153000,197388,0.21023077,0.012831004,0.42509696,0
1777227182285000,1777227182221000,197388,0.21587588,0.010799505,0.43085408,0
1777227182289000,1777227182289000,197388,0.21519455,0.012545911,0.42959443,0
1777227182421000,1777227182357000,197388,0.21571213,0.010392571,0.42874196,0
1777227182425000,1777227182425000,197388,0.21301538,0.010663592,0.42770994,0
1777227182557000,1777227182493000,197388,0.21440697,0.008606877,0.42966866,0
1777227182561000,1777227182561000,197388,0.2196091,0.013783187,0.4358465,0
1777227182693000,1777227182629000,197388,0.21418674,0.008347498,0.42952657,0
1777227182697000,1777227182697000,197388,0.21483795,0.0075232005,0.4245469,0
1777227182829000,1777227182765000,197388,0.21513592,0.010290425,0.4290788,0
1777227182833000,1777227182833000,197388,0.21146342,0.013921026,0.4283078,0
1777227182965000,1777227182901000,197388,0.21515329,0.009994647,0.43005157,0
1777227182969000,1777227182969000,197388,0.20451613,-0.0013243832,0.42968047,0
1777227183101000,1777227183037000,197388,0.21479438,0.009310314,0.43034244,0
1777227183105000,1777227183105000,197388,0.21482798,0.010486931,0.431588,0
1777227183237000,1777227183173000,197388,0.21422568,0.01026567,0.42963558,0
1777227183241000,1777227183241000,197388,0.2183134,0.008409336,0.4277174,0
1777227183373000,1777227183309000,197388,0.21345536,0.009053076,0.43161458,0
1777227183377000,1777227183377000,197388,0.21004982,0.015457395,0.42589357,0
1777227183509000,1777227183445000,197388,0.21522304,0.01099677,0.42980635,0
1777227183513000,1777227183513000,197388,0.21552658,0.0020152975,0.42713404,0
1777227183645000,1777227183581000,197388,0.21548074,0.00938593,0.42937407,0
1777227183649000,1777227183649000,197388,0.21994084,0.009153737,0.43562543,0
1777227183781000,1777227183717000,197388,0.21494186,0.010447165,0.4290748,0
1777227183785000,1777227183785000,197388,0.21922539,0.014728629,0.43414536,0
1777227183917000,1777227183853000,197388,0.21503012,0.009283937,0.42829782,0
1777227183921000,1777227183921000,197388,0.21930765,0.0075657256,0.43058005,0
1777227184053000,1777227183989000,197388,0.21729958,0.009665218,0.42938593,0
1777227184057000,1777227184057000,197388,0.21545407,0.0071168323,0.4173849,0
1777227184189000,1777227184125000,197388,0.21431246,0.009841454,0.4285902,0
1777227184193000,1777227184193000,197388,0.2032985,0.0128203435,0.42504272,0
1777227184329000,1777227184329000,197388,0.21620251,0.0051430543,0.4295082,0
1777227184461000,1777227184397000,197388,0.21408695,0.0069830357,0.43033597,0
1777227184465000,1777227184465000,197388,0.21664321,0.01115825,0.42591998,0
1777227184597000,1777227184533000,197388,0.21385941,0.007492932,0.4299205,0
1777227184601000,1777227184601000,197388,0.21649545,0.006357828,0.41219768,0
1777227184737000,1777227184737000,197388,0.2154484,0.008749547,0.4253699,0
1777227184869000,1777227184805000,197388,0.2148433,0.009458093,0.42853752,0
1777227184873000,1777227184873000,197388,0.21458642,0.017559981,0.42996955,0
1777227185005000,1777227184941000,197388,0.21544512,0.0092003215,0.4299372,0
1777227185009000,1777227185009000,197388,0.22113392,0.0077151586,0.43429294,0
1777227185141000,1777227185077000,197388,0.21521662,0.008298881,0.43035212,0
1777227185145000,1777227185145000,197388,0.21854834,0.01886614,0.43319216,0
1777227185277000,1777227185213000,197388,0.21719906,0.0075834976,0.43079308,0
1777227185281000,1777227185281000,197388,0.21967925,0.009535159,0.42453504,0
1777227185413000,1777227185349000,197388,0.21564375,0.008283696,0.42894828,0
1777227185417000,1777227185417000,197388,0.21276246,0.009773466,0.42887446,0
1777227185549000,1777227185485000,197388,0.21530512,0.009240979,0.42902985,0
1777227185553000,1777227185553000,197388,0.22970262,0.014658515,0.42667234,0
1777227185685000,1777227185621000,197388,0.21591476,0.009938702,0.430919,0
1777227185689000,1777227185689000,197388,0.21709447,0.001280955,0.43875054,0
1777227185821000,1777227185757000,197388,0.21562283,0.008927878,0.42761385,0
1777227185825000,1777227185825000,197388,0.21463649,0.011493766,0.41979176,0
1777227185957000,1777227185893000,197388,0.21619223,0.0093229925,0.4307503,0
1777227185961000,1777227185961000,197388,0.22770469,0.015344097,0.4229291,0
1777227186093000,1777227186029000,197388,0.21542032,0.0086178575,0.4301699,0
1777227186097000,1777227186097000,197388,0.21061179,0.012855755,0.4245961,0
1777227186229000,1777227186165000,197388,0.21768905,0.0090569705,0.4291094,0
1777227186233000,1777227186233000,197388,0.21782096,0.0041041947,0.427654,0
1777227186365000,1777227186301000,197388,0.2152162,0.009079005,0.42975777,0
1777227186369000,1777227186369000,197388,0.21822184,0.0100777345,0.43172473,0
1777227186501000,1777227186437000,197388,0.21630138,0.008403109,0.43113592,0
1777227186505000,1777227186505000,197388,0.21762899,0.0045183385,0.43640673,0
1777227186637000,1777227186573000,197388,0.21512964,0.0076691112,0.43073788,0
1777227186641000,1777227186641000,197388,0.21974342,0.012371415,0.42850938,0
1777227186773000,1777227186709000,197388,0.21621026,0.008328266,0.42886692,0
1777227186777000,1777227186777000,197388,0.21147884,0.015465804,0.42023158,0
1777227186909000,1777227186845000,197388,0.21675946,0.008729546,0.4298995,0
1777227186913000,1777227186913000,197388,0.20871651,0.0067742593,0.4298239,0
1777227187045000,1777227186981000,197388,0.21640357,0.010316238,0.42923734,0
1777227187049000,1777227187049000,197388,0.2152795,0.0017642042,0.42258278,0
1777227187181000,1777227187117000,197388,0.21593177,0.010015676,0.43090042,0
1777227187185000,1777227187185000,197388,0.2135648,0.0047943913,0.42478716,0
1777227187317000,1777227187253000,197388,0.21506009,0.010472233,0.4302017,0
1777227187321000,1777227187321000,197388,0.21763963,0.008962895,0.41943687,0
1777227187453000,1777227187389000,197388,0.21448444,0.009158723,0.42967206,0
1777227187457000,1777227187457000,197388,0.21221854,0.017662358,0.4291932,0
1777227187589000,1777227187525000,197388,0.21373525,0.00988684,0.42904308,0
1777227187593000,1777227187593000,197388,0.21700577,0.016278422,0.4338905,0
1777227187725000,1777227187661000,197388,0.21472432,0.009909993,0.42926547,0
1777227187729000,1777227187729000,197388,0.2153953,0.003622919,0.43178546,0
1777227187861000,1777227187797000,197388,0.21456869,0.008747786,0.43106228,0
1777227187865000,1777227187865000,197388,0.21784776,0.008420387,0.43108708,0
1777227187997000,1777227187933000,197388,0.21572231,0.009767178,0.4295281,0
1777227188001000,1777227188001000,197388,0.21987113,0.007420039,0.43087938,0
1777227188133000,1777227188069000,197388,0.21468382,0.009617558,0.42902473,0
1777227188137000,1777227188137000,197388,0.21916799,0.005528882,0.43094712,0
1777227188269000,1777227188205000,197388,0.21412009,0.0091023985,0.43065536,0
1777227188273000,1777227188273000,197388,0.21833467,0.010133791,0.43219116,0
1777227188405000,1777227188341000,197388,0.21417989,0.009077795,0.4292744,0
1777227188409000,1777227188409000,197388,0.21102566,0.009156469,0.43184507,0
1777227188541000,1777227188477000,197388,0.21523666,0.010336682,0.42925948,0
1777227188545000,1777227188545000,197388,0.21354908,0.005564049,0.4354953,0
1777227188677000,1777227188613000,197388,0.21595363,0.009164225,0.430285,0
1777227188681000,1777227188681000,197388,0.21657334,0.0042559444,0.43726337,0
1777227188813000,1777227188749000,197388,0.21460512,0.00814426,0.42991385,0
1777227188817000,1777227188817000,197388,0.21637915,0.009223933,0.42800972,0
1777227188949000,1777227188885000,197388,0.21408655,0.010736765,0.42907238,0
1777227188953000,1777227188953000,197388,0.22024459,0.013607094,0.42569003,0
1777227189085000,1777227189021000,197388,0.2142196,0.0110780215,0.43170345,0
1777227189089000,1777227189089000,197388,0.21080987,0.0019644531,0.41831473,0
1777227189221000,1777227189157000,197388,0.214553,0.009358337,0.4299162,0
1777227189225000,1777227189225000,197388,0.22077139,0.017517362,0.43395698,0
1777227189357000,1777227189293000,197388,0.21332721,0.011324115,0.42917162,0
1777227189361000,1777227189361000,197388,0.211728,0.011310762,0.43230733,0
1777227189493000,1777227189429000,197388,0.21467236,0.0097296275,0.43151155,0
1777227189497000,1777227189497000,197388,0.21071588,0.009748647,0.43120357,0
1777227189633000,1777227189633000,197388,0.21917643,-0.0011348355,0.44207087,0
1777227189769000,1777227189769000,197388,0.21587086,0.0047042845,0.42666665,0
1777227189901000,1777227189837000,197388,0.21505834,0.01046096,0.43027687,0
1777227189905000,1777227189905000,197388,0.20967947,0.014057855,0.41863126,0
1777227190037000,1777227189973000,197388,0.21638297,0.010708762,0.43036437,0
1777227190041000,1777227190041000,197388,0.2189199,0.0107318405,0.42681044,0
1777227190177000,1777227190177000,197388,0.21634123,0.013837175,0.4143493,0
1777227190309000,1777227190245000,197388,0.21600218,0.00880893,0.4289158,0
1777227190313000,1777227190313000,197388,0.21793762,0.012882941,0.43279505,0
1777227190445000,1777227190381000,197388,0.21398588,0.009877196,0.43067697,0
1777227190449000,1777227190449000,197388,0.22286205,0.010365661,0.43167618,0
1777227190581000,1777227190517000,197388,0.21502842,0.0077395705,0.430535,0
1777227190585000,1777227190585000,197388,0.21017645,0.0046597645,0.43659902,0
1777227190717000,1777227190653000,197388,0.21407948,0.008295548,0.42955664,0
1777227190721000,1777227190721000,197388,0.21423303,0.016191924,0.43884274,0
1777227190853000,1777227190789000,197388,0.21363826,0.008133306,0.42873943,0
1777227190857000,1777227190857000,197388,0.2099234,0.008691055,0.41812006,0
1777227190989000,1777227190925000,197388,0.21564797,0.009415576,0.4315057,0
1777227190993000,1777227190993000,197388,0.21257891,0.012764416,0.42931998,0
1777227191125000,1777227191061000,197388,0.21472551,0.008895615,0.42815682,0
1777227191129000,1777227191129000,197388,0.2080258,0.016405065,0.43188965,0
1777227191261000,1777227191197000,197388,0.21575265,0.007588775,0.42987767,0
1777227191265000,1777227191265000,197388,0.20970516,0.0071586035,0.43100455,0
1777227191397000,1777227191333000,197388,0.21541224,0.009903809,0.43028682,0
1777227191401000,1777227191401000,197388,0.21014017,0.010112882,0.42476857,0
1777227191537000,1777227191537000,197388,0.22607665,0.00457005,0.43404976,0
1777227191669000,1777227191605000,197388,0.216678,0.010314759,0.42959726,0
1777227191673000,1777227191673000,197388,0.22215837,0.0146416975,0.4323883,0
1777227191805000,1777227191741000,197388,0.21573453,0.0093037505,0.42931974,0
1777227191809000,1777227191809000,197388,0.21992853,0.0074533215,0.42788294,0
1777227191941000,1777227191877000,197388,0.21596429,0.009513794,0.42781925,0
1777227191945000,1777227191945000,197388,0.2135168,0.0010718245,0.4192892,0
1777227192077000,1777227192013000,197388,0.2149019,0.009526724,0.4300279,0
1777227192081000,1777227192081000,197388,0.22263679,-0.0009757508,0.43260598,0
1777227192213000,1777227192149000,197388,0.21476465,0.0095968,0.42848468,0
1777227192217000,1777227192217000,197388,0.21660468,0.006840228,0.42953688,0
1777227192349000,1777227192285000,197388,0.21384402,0.008513959,0.42771474,0
1777227192353000,1777227192353000,197388,0.21829696,0.0045626615,0.42456716,0
1777227192485000,1777227192421000,197388,0.21390459,0.009306234,0.4289612,0
1777227192489000,1777227192489000,197388,0.21032028,0.007994026,0.43102682,0
1777227192621000,1777227192557000,197388,0.21657106,0.0079456875,0.42962804,0
1777227192625000,1777227192625000,197388,0.21899992,-0.0028784939,0.4246469,0
1777227192757000,1777227192693000,197388,0.21506226,0.0069716563,0.42903802,0
1777227192761000,1777227192761000,197388,0.21171486,0.0072189304,0.42885187,0
1777227192893000,1777227192829000,197388,0.21452259,0.0079954965,0.4311431,0
1777227192897000,1777227192897000,197388,0.21844785,0.00018645215,0.4222609,0
1777227193029000,1777227192965000,197388,0.21512218,0.0084677795,0.42999652,0
1777227193033000,1777227193033000,197388,0.219298,0.013290281,0.4280047,0
1777227193165000,1777227193101000,197388,0.21594091,0.009414784,0.42955258,0
1777227193169000,1777227193169000,197388,0.20808333,0.014381748,0.4190927,0
1777227193301000,1777227193237000,197388,0.21485662,0.009885998,0.43162978,0
1777227193305000,1777227193305000,197388,0.2053535,0.010621317,0.42990184,0
1777227193437000,1777227193373000,197388,0.21500592,0.009241325,0.4296578,0
1777227193441000,1777227193441000,197388,0.21177132,0.0014920657,0.42112902,0
1777227193573000,1777227193509000,197388,0.21369828,0.009113017,0.43113506,0
1777227193577000,1777227193577000,197388,0.21113549,0.013910906,0.43027353,0
1777227193709000,1777227193645000,197388,0.2145943,0.009872132,0.43082738,0
1777227193713000,1777227193713000,197388,0.21135347,0.009820022,0.42876297,0
1777227193845000,1777227193781000,197388,0.21476726,0.009309745,0.42937505,0
1777227193849000,1777227193849000,197388,0.20830168,0.008071241,0.43000495,0
1777227193981000,1777227193917000,197388,0.21648261,0.0099128345,0.43074074,0
1777227193985000,1777227193985000,197388,0.21300615,0.010286731,0.42445546,0
1777227194117000,1777227194053000,197388,0.2155473,0.008405516,0.43053415,0
1777227194121000,1777227194121000,197388,0.21783869,0.015226977,0.43229264,0
1777227194253000,1777227194189000,197388,0.21440496,0.007458144,0.430678,0
1777227194257000,1777227194257000,197388,0.2147322,0.0028276516,0.42686334,0
1777227194389000,1777227194325000,197388,0.21544917,0.007941932,0.42943212,0
1777227194393000,1777227194393000,197388,0.20558709,0.009645412,0.4348771,0
1777227194525000,1777227194461000,197388,0.21506806,0.007580553,0.4306312,0
1777227194529000,1777227194529000,197388,0.22270322,0.0048965765,0.4302199,0
1777227194661000,1777227194597000,197388,0.21512704,0.008078558,0.43052012,0
1777227194665000,1777227194665000,197388,0.21090032,0.0065681776,0.4334301,0
1777227194797000,1777227194733000,197388,0.21411592,0.008497083,0.42988953,0
1777227194801000,1777227194801000,197388,0.21404515,0.005913496,0.42697698,0
1777227194933000,1777227194869000,197388,0.2144381,0.0090454025,0.430559,0
1777227194937000,1777227194937000,197388,0.21551466,0.012684068,0.42427373,0
1777227195069000,1777227195005000,197388,0.21463937,0.0072703855,0.43040407,0
1777227195073000,1777227195073000,197388,0.21950427,0.008102325,0.43168312,0
1777227195205000,1777227195141000,197388,0.2152905,0.01001656,0.429198,0
1777227195209000,1777227195209000,197388,0.22159834,0.008658553,0.43010697,0
1777227195341000,1777227195277000,197388,0.21414144,0.009908549,0.4303071,0
1777227195345000,1777227195345000,197388,0.21105844,0.0035921002,0.42125046,0
1777227195477000,1777227195413000,197388,0.21571249,0.008805279,0.4295346,0
1777227195481000,1777227195481000,197388,0.21549255,0.01105689,0.42963657,0
1777227195613000,1777227195549000,197388,0.21363334,0.008831614,0.4303723,0
1777227195617000,1777227195617000,197388,0.21131779,0.008124305,0.43101496,0
1777227195749000,1777227195685000,197388,0.21403116,0.009132314,0.4299763,0
1777227195753000,1777227195753000,197388,0.21427123,-0.0013592183,0.43502003,0
1777227195885000,1777227195821000,197388,0.21549596,0.010501589,0.4278993,0
1777227195889000,1777227195889000,197388,0.20672904,0.009389525,0.43074656,0
1777227196021000,1777227195957000,197388,0.21550953,0.008945835,0.43024224,0
1777227196025000,1777227196025000,197388,0.219499,0.014761883,0.4362889,0
1777227196157000,1777227196093000,197388,0.21338016,0.008329077,0.4300699,0
1777227196161000,1777227196161000,197388,0.21604604,0.01114191,0.42721725,0
1777227196293000,1777227196229000,197388,0.21366104,0.009072416,0.42870897,0
1777227196297000,1777227196297000,197388,0.21380287,0.005981256,0.428308,0
1777227196429000,1777227196365000,197388,0.21465178,0.009094301,0.42993268,0
1777227196433000,1777227196433000,197388,0.21515505,0.014452852,0.427404,0
1777227196565000,1777227196501000,197388,0.21444297,0.0075308112,0.4310392,0
1777227196569000,1777227196569000,197388,0.21557437,0.013165267,0.42243752,0
1777227196701000,1777227196637000,197388,0.21621513,0.008326399,0.4287233,0
1777227196705000,1777227196705000,197388,0.22042437,0.011639084,0.42462486,0
1777227196837000,1777227196773000,197388,0.21375553,0.008340889,0.4302666,0
1777227196841000,1777227196841000,197388,0.20986822,0.0061618434,0.42456123,0
1777227196973000,1777227196909000,197388,0.21542244,0.009383905,0.4300411,0
1777227196977000,1777227196977000,197388,0.21298754,0.014384771,0.42745173,0
1777227197109000,1777227197045000,197388,0.21619357,0.0099162,0.43182996,0
1777227197113000,1777227197113000,197388,0.20177247,0.010374589,0.4275968,0
1777227197245000,1777227197181000,197388,0.21421658,0.01011575,0.43060905,0
1777227197249000,1777227197249000,197388,0.20594847,0.008141258,0.42790994,0
1777227197381000,1777227197317000,197388,0.2156615,0.007475108,0.4314823,0
1777227197385000,1777227197385000,197388,0.21952471,0.013288976,0.42595863,0
1777227197517000,1777227197453000,197388,0.21547768,0.009358536,0.4301491,0
1777227197521000,1777227197521000,197388,0.21595111,0.01271045,0.42515332,0
1777227197653000,1777227197589000,197388,0.21547562,0.0082813185,0.43010047,0
1777227197657000,1777227197657000,197388,0.21209495,0.002970005,0.42852312,0
1777227197789000,1777227197725000,197388,0.21514222,0.0070372517,0.4299008,0
1777227197793000,1777227197793000,197388,0.2166054,0.0101186745,0.426696,0
1777227197925000,1777227197861000,197388,0.21389788,0.0087041,0.42959017,0
1777227197929000,1777227197929000,197388,0.21089132,0.007073577,0.42918167,0
1777227198061000,1777227197997000,197388,0.21495937,0.008190387,0.42884305,0
1777227198065000,1777227198065000,197388,0.2164319,0.0046941508,0.42351574,0
1777227198197000,1777227198133000,197388,0.21435079,0.008758493,0.43002927,0
1777227198201000,1777227198201000,197388,0.21797226,0.016940223,0.43595165,0
1777227198333000,1777227198269000,197388,0.21526214,0.00844282,0.42851415,0
1777227198337000,1777227198337000,197388,0.21265732,0.003379277,0.42201,0
1777227198469000,1777227198405000,197388,0.21406586,0.009622506,0.42993763,0
1777227198473000,1777227198473000,197388,0.20680234,0.0053942883,0.4266477,0
1777227198605000,1777227198541000,197388,0.21479312,0.008540558,0.43036032,0
1777227198609000,1777227198609000,197388,0.21672836,0.007196999,0.42705736,0
1777227198741000,1777227198677000,197388,0.21412195,0.009606698,0.4291973,0
1777227198745000,1777227198745000,197388,0.21279907,0.0064785834,0.42948347,0
1777227198877000,1777227198813000,197388,0.2159949,0.00839944,0.42911446,0
1777227198881000,1777227198881000,197388,0.21914476,0.0019628129,0.42146644,0
1777227199013000,1777227198949000,197388,0.21480738,0.009584123,0.42958218,0
1777227199017000,1777227199017000,197388,0.22166844,0.0070140995,0.4354226,0
1777227199149000,1777227199085000,197388,0.21500073,0.009387513,0.4305519,0
1777227199153000,1777227199153000,197388,0.21875162,0.0011539478,0.43274426,0
1777227199285000,1777227199221000,197388,0.21626125,0.007242738,0.43004498,0
1777227199289000,1777227199289000,197388,0.21641715,0.010298683,0.43758067,0
1777227199421000,1777227199357000,197388,0.21570857,0.009771039,0.43007034,0
1777227199425000,1777227199425000,197388,0.21894917,-0.0021738468,0.42631698,0
1777227199557000,1777227199493000,197388,0.21520123,0.008825617,0.4305117,0
1777227199561000,1777227199561000,197388,0.21301314,0.008073665,0.4256769,0
1777227199693000,1777227199629000,197388,0.21435466,0.010003066,0.4302199,0
1777227199697000,1777227199697000,197388,0.20920189,0.006771261,0.43167618,0
1777227199829000,1777227199765000,197388,0.21471551,0.007866824,0.430871,0
1777227199833000,1777227199833000,197388,0.2141625,0.011150649,0.437122,0
