timestamp,yaw_sp_move_rate,q_d[0],q_d[1],q_d[2],q_d[3],thrust_body[0],thrust_body[1],thrust_body[2]
1777227097933000,0.0,0.99999994,-0.0,0.0,-0.00033108637,0.0,0.0,-0.001
1777227097941000,0.0,0.99999994,-0.0,0.0,-0.00031936663,0.0,0.0,-0.001
1777227097989000,0.0,0.99999994,-0.0,0.0,-0.00037553915,0.0,0.0,-0.001
1777227098029000,0.0,0.99999994,-0.0,0.0,-0.00039815714,0.0,0.0,-0.001
1777227098085000,0.0,0.99999994,-0.0,0.0,-0.0003078359,0.0,0.0,-0.001
1777227098133000,0.0,0.99999994,-0.0,0.0,-0.0002527044,0.0,0.0,-0.001
1777227098189000,0.0,1.0,-0.0,0.0,-0.00014123348,0.0,0.0,-0.001
1777227098237000,0.0,1.0,-0.0,0.0,-0.0001485913,0.0,0.0,-0.001
1777227098285000,0.0,1.0,-0.0,0.0,-0.00016718585,0.0,0.0,-0.001
1777227098333000,0.0,1.0,-0.0,0.0,-0.00020942588,0.0,0.0,-0.001
1777227098381000,0.0,1.0,-0.0,0.0,-0.00013634773,0.0,0.0,-0.001
1777227098437000,0.0,1.0,-0.0,0.0,-0.00015024772,0.0,0.0,-0.001
1777227098485000,0.0,1.0,-0.0,0.0,-0.00020712808,0.0,0.0,-0.001
1777227098533000,0.0,0.99999994,-0.0,0.0,-0.00030042426,0.0,0.0,-0.001
1777227098581000,0.0,0.99999994,-0.0,0.0,-0.00030273126,0.0,0.0,-0.001
1777227098629000,0.0,1.0,-0.0,0.0,-0.00021906622,0.0,0.0,-0.001
1777227098685000,0.0,0.99999994,-0.0,0.0,-0.00025957005,0.0,0.0,-0.001
1777227098733000,0.0,1.0,-0.0,0.0,-0.00013685653,0.0,0.0,-0.001
1777227098781000,0.0,1.0,-0.0,0.0,-0.0002238971,0.0,0.0,-0.001
1777227098829000,0.0,1.0,-0.0,0.0,-0.000205179,0.0,0.0,-0.001
1777227098885000,0.0,1.0,-0.0,0.0,-0.00013073818,0.0,0.0,-0.001
1777227098933000,0.0,0.9999812,0.0,0.0,0.0061254483,0.0,0.0,-0.001
1777227098989000,0.0,0.99998236,0.0,0.0,0.0059414566,0.0,0.0,-0.001
1777227099029000,0.0,0.99998206,0.0,0.0,0.005988351,0.0,0.0,-0.001
1777227099085000,0.0,0.9999811,0.0,0.0,0.0061431057,0.0,0.0,-0.001
1777227099133000,0.0,0.999979,0.0,0.0,0.006476335,0.0,0.0,-0.001
1777227099181000,0.0,0.9999777,0.0,0.0,0.0066795563,0.0,0.0,-0.001
1777227099229000,0.0,0.99997574,0.0,0.0,0.006965363,0.0,0.0,-0.001
1777227099285000,0.0,0.99997437,0.0,0.0,0.0071650273,0.0,0.0,-0.001
1777227099333000,0.0,0.99997354,0.0,0.0,0.0072718393,0.0,0.0,-0.001
1777227099381000,0.0,0.9999733,0.0,0.0,0.007306605,0.0,0.0,-0.001
1777227099429000,0.0,0.99997365,0.0,0.0,0.007259613,0.0,0.0,-0.001
1777227099485000,0.0,0.99997514,0.0,0.0,0.0070515997,0.0,0.0,-0.001
1777227099533000,0.0,0.9999769,0.0,0.0,0.0068044728,0.0,0.0,-0.001
1777227099589000,0.0,0.9999781,0.0,0.0,0.0066157156,0.0,0.0,-0.001
1777227099637000,0.0,0.99998033,0.0,0.0,0.00627135,0.0,0.0,-0.001
1777227099685000,0.0,0.9999832,0.0,0.0,0.0057932087,0.0,0.0,-0.001
1777227099733000,0.0,0.9999852,0.0,0.0,0.005431458,0.0,0.0,-0.001
1777227099781000,0.0,0.99998724,0.0,0.0,0.0050520455,0.0,0.0,-0.001
1777227099837000,0.0,0.9999882,0.0,0.0,0.004855481,0.0,0.0,-0.001
1777227099885000,0.0,0.99998903,0.0,0.0,0.004682679,0.0,0.0,-0.001
1777227099933000,0.0,0.99999017,0.0,0.0,0.004440418,0.0,0.0,-0.001
1777227099989000,0.0,0.999991,0.0,0.0,0.0042454493,0.0,0.0,-0.001
1777227100029000,0.0,0.99999136,0.0,0.0,0.0041519627,0.0,0.0,-0.001
1777227100085000,0.0,0.99999195,0.0,0.0,0.004017161,0.0,0.0,-0.001
1777227100133000,0.0,0.99999195,0.0,0.0,0.0040099807,0.0,0.0,-0.001
1777227100181000,0.0,0.99999154,0.0,0.0,0.004110814,0.0,0.0,-0.001
1777227100229000,0.0,0.99999034,0.0,0.0,0.004403644,0.0,0.0,-0.001
1777227100285000,0.0,0.9999902,0.0,0.0,0.0044200886,0.0,0.0,-0.001
1777227100333000,0.0,0.999989,0.0,0.0,0.0046943617,0.0,0.0,-0.001
1777227100381000,0.0,0.9999882,0.0,0.0,0.0048635453,0.0,0.0,-0.001
1777227100429000,0.0,0.9999875,0.0,0.0,0.0050018397,0.0,0.0,-0.001
1777227100485000,0.0,0.9999866,0.0,0.0,0.0051817303,0.0,0.0,-0.001
1777227100533000,0.0,0.99998647,0.0,0.0,0.005200719,0.0,0.0,-0.001
1777227100589000,0.0,0.99998647,0.0,0.0,0.0052097864,0.0,0.0,-0.001
1777227100637000,0.0,0.99998605,0.0,0.0,0.0052886796,0.0,0.0,-0.001
1777227100685000,0.0,0.9999859,0.0,0.0,0.005317805,0.0,0.0,-0.001
1777227100733000,0.0,0.9999859,0.0,0.0,0.005313086,0.0,0.0,-0.001
1777227100781000,0.0,0.99998564,0.0,0.0,0.00535996,0.0,0.0,-0.001
1777227100829000,0.0,0.9999857,0.0,0.0,0.0053433757,0.0,0.0,-0.001
1777227100885000,0.0,0.9999859,0.0,0.0,0.0053128353,0.0,0.0,-0.001
1777227100933000,0.0,0.9999861,0.0,0.0,0.0052715167,0.0,0.0,-0.001
1777227100981000,0.0,0.9999871,0.0,0.0,0.005081986,0.0,0.0,-0.001
1777227101029000,0.0,0.9999882,0.0,0.0,0.0048665134,0.0,0.0,-0.001
1777227101085000,0.0,0.9999888,0.0,0.0,0.0047333273,0.0,0.0,-0.001
1777227101133000,0.0,0.9999898,0.0,0.0,0.004507697,0.0,0.0,-0.001
1777227101181000,0.0,0.9999905,0.0,0.0,0.0043534124,0.0,0.0,-0.001
1777227101229000,0.0,0.9999908,0.0,0.0,0.00429011,0.0,0.0,-0.001
1777227101285000,0.0,0.9999915,0.0,0.0,0.004128884,0.0,0.0,-0.001
1777227101333000,0.0,0.9999916,0.0,0.0,0.0040935474,0.0,0.0,-0.001
1777227101381000,0.0,0.9999916,0.0,0.0,0.004103435,0.0,0.0,-0.001
1777227101429000,0.0,0.9999917,0.0,0.0,0.004066608,0.0,0.0,-0.001
1777227101485000,0.0,0.99999183,0.0,0.0,0.004043291,0.0,0.0,-0.001
1777227101533000,0.0,0.9999921,0.0,0.0,0.0039833444,0.0,0.0,-0.001
1777227101581000,0.0,0.99999213,0.0,0.0,0.0039632684,0.0,0.0,-0.001
1777227101629000,0.0,0.9999919,0.0,0.0,0.0040185293,0.0,0.0,-0.001
1777227101685000,0.0,0.99999213,0.0,0.0,0.0039643757,0.0,0.0,-0.001
1777227101733000,0.0,0.9999921,0.0,0.0,0.0039759567,0.0,0.0,-0.001
1777227101789000,0.0,0.99999166,0.0,0.0,0.004083324,0.0,0.0,-0.001
1777227101829000,0.0,0.9999916,0.0,0.0,0.0041047386,0.0,0.0,-0.001
1777227101885000,0.0,0.9999915,0.0,0.0,0.0041347556,0.0,0.0,-0.001
1777227101933000,0.0,0.99999154,0.0,0.0,0.0041139647,0.0,0.0,-0.001
1777227101981000,0.0,0.999992,0.0,0.0,0.0040016086,0.0,0.0,-0.001
1777227102029000,0.0,0.9999925,0.0,0.0,0.003876549,0.0,0.0,-0.001
1777227102085000,0.0,0.99999243,0.0,0.0,0.0038948834,0.0,0.0,-0.001
1777227102133000,0.0,0.99999243,0.0,0.0,0.0038903703,0.0,0.0,-0.001
1777227102189000,0.0,0.999993,0.0,0.0,0.003740588,0.0,0.0,-0.001
1777227102229000,0.0,0.9999932,0.0,0.0,0.003693014,0.0,0.0,-0.001
1777227102285000,0.0,0.99999356,0.0,0.0,0.003590101,0.0,0.0,-0.001
1777227102333000,0.0,0.9999935,0.0,0.0,0.0036012623,0.0,0.0,-0.001
1777227102381000,0.0,0.9999933,0.0,0.0,0.003660673,0.0,0.0,-0.001
1777227102429000,0.0,0.9999929,0.0,0.0,0.003766997,0.0,0.0,-0.001
1777227102485000,0.0,0.9999931,0.0,0.0,0.0037096816,0.0,0.0,-0.001
1777227102533000,0.0,0.9999931,0.0,0.0,0.0037209536,0.0,0.0,-0.001
1777227102581000,0.0,0.99999267,0.0,0.0,0.0038322248,0.0,0.0,-0.001
1777227102629000,0.0,0.9999926,0.0,0.0,0.0038453294,0.0,0.0,-0.001
1777227102685000,0.0,0.9999924,0.0,0.0,0.0039067282,0.0,0.0,-0.001
1777227102733000,0.0,0.999992,0.0,0.0,0.0039945017,0.0,0.0,-0.001
1777227102781000,0.0,0.9999912,0.0,0.0,0.0041998774,0.0,0.0,-0.001
1777227102837000,0.0,0.9999905,0.0,0.0,0.0043564574,0.0,0.0,-0.001
1777227102885000,0.0,0.9999906,0.0,0.0,0.004343933,0.0,0.0,-0.001
1777227102933000,0.0,0.99999034,0.0,0.0,0.0043948484,0.0,0.0,-0.001
1777227102981000,0.0,0.99999,0.0,0.0,0.0044792085,0.0,0.0,-0.001
1777227103037000,0.0,0.99998933,0.0,0.0,0.0046122195,0.0,0.0,-0.001
1777227103085000,0.0,0.9999892,0.0,0.0,0.0046461513,0.0,0.0,-0.001
1777227103133000,0.0,0.99998933,0.0,0.0,0.004622612,0.0,0.0,-0.001
1777227103181000,0.0,0.99998975,0.0,0.0,0.0045297965,0.0,0.0,-0.001
1777227103229000,0.0,0.99998957,0.0,0.0,0.0045661903,0.0,0.0,-0.001
1777227103285000,0.0,0.9999896,0.0,0.0,0.004556529,0.0,0.0,-0.001
1777227103333000,0.0,0.99998933,0.0,0.0,0.0046157227,0.0,0.0,-0.001
1777227103389000,0.0,0.9999897,0.0,0.0,0.004538708,0.0,0.0,-0.001
1777227103437000,0.0,0.99998957,0.0,0.0,0.004571002,0.0,0.0,-0.001
1777227103485000,0.0,0.9999897,0.0,0.0,0.0045439517,0.0,0.0,-0.001
1777227103533000,0.0,0.9999893,0.0,0.0,0.0046319696,0.0,0.0,-0.001
1777227103581000,0.0,0.99998915,0.0,0.0,0.0046582446,0.0,0.0,-0.001
1777227103637000,0.0,0.99998873,0.0,0.0,0.004745532,0.0,0.0,-0.001
1777227103685000,0.0,0.9999879,0.0,0.0,0.00491986,0.0,0.0,-0.001
1777227103733000,0.0,0.999987,0.0,0.0,0.005105548,0.0,0.0,-0.001
1777227103781000,0.0,0.99998665,0.0,0.0,0.0051641655,0.0,0.0,-0.001
1777227103829000,0.0,0.9999865,0.0,0.0,0.005191297,0.0,0.0,-0.001
1777227103885000,0.0,0.99998724,0.0,0.0,0.005055181,0.0,0.0,-0.001
1777227103933000,0.0,0.9999875,0.0,0.0,0.0050007836,0.0,0.0,-0.001
1777227103981000,0.0,0.9999877,0.0,0.0,0.0049537607,0.0,0.0,-0.001
1777227104029000,0.0,0.99998826,0.0,0.0,0.004843325,0.0,0.0,-0.001
1777227104085000,0.0,0.9999889,0.0,0.0,0.004717276,0.0,0.0,-0.001
1777227104133000,0.0,0.999989,0.0,0.0,0.0046953754,0.0,0.0,-0.001
1777227104189000,0.0,0.9999894,0.0,0.0,0.004604942,0.0,0.0,-0.001
1777227104237000,0.0,0.99998945,0.0,0.0,0.004588069,0.0,0.0,-0.001
1777227104285000,0.0,0.99998933,0.0,0.0,0.004614389,0.0,0.0,-0.001
1777227104333000,0.0,0.9999896,0.0,0.0,0.0045589325,0.0,0.0,-0.001
1777227104381000,0.0,0.99998957,0.0,0.0,0.0045759613,0.0,0.0,-0.001
1777227104429000,0.0,0.99998903,0.0,0.0,0.004688246,0.0,0.0,-0.001
1777227104485000,0.0,0.99998856,0.0,0.0,0.0047865943,0.0,0.0,-0.001
1777227104533000,0.0,0.9999883,0.0,0.0,0.0048322263,0.0,0.0,-0.001
1777227104581000,0.0,0.9999876,0.0,0.0,0.004981612,0.0,0.0,-0.001
1777227104629000,0.0,0.99998736,0.0,0.0,0.005030011,0.0,0.0,-0.001
1777227104685000,0.0,0.99998647,0.0,0.0,0.0051964778,0.0,0.0,-0.001
1777227104733000,0.0,0.9999866,0.0,0.0,0.0051734117,0.0,0.0,-0.001
1777227104781000,0.0,0.99998623,0.0,0.0,0.005248425,0.0,0.0,-0.001
1777227104837000,0.0,0.99998647,0.0,0.0,0.005201482,0.0,0.0,-0.001
1777227104885000,0.0,0.9999867,0.0,0.0,0.005152778,0.0,0.0,-0.001
1777227104933000,0.0,0.99998695,0.0,0.0,0.0051121516,0.0,0.0,-0.001
1777227104981000,0.0,0.99998707,0.0,0.0,0.0050831297,0.0,0.0,-0.001
1777227105029000,0.0,0.9999868,0.0,0.0,0.0051280074,0.0,0.0,-0.001
1777227105085000,0.0,0.999987,0.0,0.0,0.005105122,0.0,0.0,-0.001
1777227105133000,0.0,0.9999869,0.0,0.0,0.0051181456,0.0,0.0,-0.001
1777227105189000,0.0,0.9999871,0.0,0.0,0.0050817435,0.0,0.0,-0.001
1777227105229000,0.0,0.9999873,0.0,0.0,0.0050369967,0.0,0.0,-0.001
1777227105285000,0.0,0.99998796,0.0,0.0,0.0049015484,0.0,0.0,-0.001
1777227105333000,0.0,0.99998826,0.0,0.0,0.0048399186,0.0,0.0,-0.001
1777227105381000,0.0,0.9999883,0.0,0.0,0.0048321076,0.0,0.0,-0.001
1777227105437000,0.0,0.9999884,0.0,0.0,0.0048294906,0.0,0.0,-0.001
1777227105485000,0.0,0.999989,0.0,0.0,0.0046962523,0.0,0.0,-0.001
1777227105533000,0.0,0.99998915,0.0,0.0,0.004659204,0.0,0.0,-0.001
1777227105581000,0.0,0.99998885,0.0,0.0,0.004724252,0.0,0.0,-0.001
1777227105629000,0.0,0.9999888,0.0,0.0,0.0047342135,0.0,0.0,-0.001
1777227105685000,0.0,0.9999881,0.0,0.0,0.0048796334,0.0,0.0,-0.001
1777227105733000,0.0,0.99998724,0.0,0.0,0.005046196,0.0,0.0,-0.001
1777227105781000,0.0,0.9999869,0.0,0.0,0.005120636,0.0,0.0,-0.001
1777227105829000,0.0,0.9999863,0.0,0.0,0.0052351137,0.0,0.0,-0.001
1777227105885000,0.0,0.999986,0.0,0.0,0.0052899662,0.0,0.0,-0.001
1777227105933000,0.0,0.9999859,0.0,0.0,0.005312797,0.0,0.0,-0.001
1777227105981000,0.0,0.99998564,0.0,0.0,0.005357635,0.0,0.0,-0.001
1777227106029000,0.0,0.999985,0.0,0.0,0.005475612,0.0,0.0,-0.001
1777227106085000,0.0,0.9999842,0.0,0.0,0.0056187017,0.0,0.0,-0.001
1777227106133000,0.0,0.9999833,0.0,0.0,0.0057778195,0.0,0.0,-0.001
1777227106181000,0.0,0.99998325,0.0,0.0,0.005786183,0.0,0.0,-0.001
1777227106229000,0.0,0.99998343,0.0,0.0,0.005759774,0.0,0.0,-0.001
1777227106285000,0.0,0.9999822,0.0,0.0,0.0059766513,0.0,0.0,-0.001
1777227106333000,0.0,0.9999821,0.0,0.0,0.005977451,0.0,0.0,-0.001
1777227106381000,0.0,0.99998194,0.0,0.0,0.0060120984,0.0,0.0,-0.001
1777227106429000,0.0,0.9999819,0.0,0.0,0.006018752,0.0,0.0,-0.001
1777227106485000,0.0,0.9999821,0.0,0.0,0.0059814816,0.0,0.0,-0.001
1777227106533000,0.0,0.9999818,0.0,0.0,0.006036204,0.0,0.0,-0.001
1777227106589000,0.0,0.9999815,0.0,0.0,0.0060823336,0.0,0.0,-0.001
1777227106629000,0.0,0.9999814,0.0,0.0,0.006101161,0.0,0.0,-0.001
1777227106685000,0.0,0.99998146,0.0,0.0,0.006089661,0.0,0.0,-0.001
1777227106733000,0.0,0.9999814,0.0,0.0,0.006099351,0.0,0.0,-0.001
1777227106781000,0.0,0.9999808,0.0,0.0,0.0061911964,0.0,0.0,-0.001
1777227106837000,0.0,0.99998075,0.0,0.0,0.0062007415,0.0,0.0,-0.001
1777227106885000,0.0,0.9999814,0.0,0.0,0.0060981815,0.0,0.0,-0.001
1777227106933000,0.0,0.9999806,0.0,0.0,0.006230809,0.0,0.0,-0.001
1777227106981000,0.0,0.9999806,0.0,0.0,0.0062241945,0.0,0.0,-0.001
1777227107029000,0.0,0.9999802,0.0,0.0,0.0062903855,0.0,0.0,-0.001
1777227107085000,0.0,0.9999793,0.0,0.0,0.006435098,0.0,0.0,-0.001
1777227107133000,0.0,0.9999909,0.0,0.0,0.004271607,0.0,0.0,-0.001
1777227107181000,0.0,0.9999907,0.0,0.0,0.004315468,0.0,0.0,-0.001
1777227107229000,0.0,0.9999902,0.0,0.0,0.004423586,0.0,0.0,-0.001
1777227107285000,0.0,0.99999076,0.0,0.0,0.004296418,0.0,0.0,-0.001
1777227107333000,0.0,0.99999106,0.0,0.0,0.0042230776,0.0,0.0,-0.001
1777227107381000,0.0,0.9999914,0.0,0.0,0.004143241,0.0,0.0,-0.001
1777227107429000,0.0,0.99999094,0.0,0.0,0.004257579,0.0,0.0,-0.001
1777227107485000,0.0,0.99999094,0.0,0.0,0.0042572455,0.0,0.0,-0.001
1777227107533000,0.0,0.9999902,0.0,0.0,0.0044217114,0.0,0.0,-0.001
1777227107581000,0.0,0.99998975,0.0,0.0,0.0045315227,0.0,0.0,-0.001
1777227107629000,0.0,0.999989,0.0,0.0,0.004690068,0.0,0.0,-0.001
1777227107685000,0.0,0.9999875,0.0,0.0,0.0050058328,0.0,0.0,-0.001
1777227107733000,0.0,0.99998695,0.0,0.0,0.0051124142,0.0,0.0,-0.001
1777227107789000,0.0,0.9999861,0.0,0.0,0.005270323,0.0,0.0,-0.001
1777227107829000,0.0,0.99998575,0.0,0.0,0.0053348034,0.0,0.0,-0.001
1777227107885000,0.0,0.99998474,0.0,0.0,0.0055246465,0.0,0.0,-0.001
1777227107933000,0.0,0.99998415,0.0,0.0,0.005632767,0.0,0.0,-0.001
1777227107981000,0.0,0.9999837,0.0,0.0,0.005700352,0.0,0.0,-0.001
1777227108037000,0.0,0.9999833,0.0,0.0,0.005772568,0.0,0.0,-0.001
1777227108085000,0.0,0.9999833,0.0,0.0,0.005783872,0.0,0.0,-0.001
1777227108133000,0.0,0.999983,0.0,0.0,0.005832342,0.0,0.0,-0.001
1777227108189000,0.0,0.9999825,0.0,0.0,0.0059148073,0.0,0.0,-0.001
1777227108229000,0.0,0.9999831,0.0,0.0,0.0058128806,0.0,0.0,-0.001
1777227108285000,0.0,0.9999844,0.0,0.0,0.0055873613,0.0,0.0,-0.001
1777227108333000,0.0,0.9999855,0.0,0.0,0.0053833653,0.0,0.0,-0.001
1777227108381000,0.0,0.9999857,0.0,0.0,0.005351302,0.0,0.0,-0.001
1777227108429000,0.0,0.9999859,0.0,0.0,0.0053179655,0.0,0.0,-0.001
1777227108485000,0.0,0.99998635,0.0,0.0,0.0052267388,0.0,0.0,-0.001
1777227108533000,0.0,0.99998677,0.0,0.0,0.00513858,0.0,0.0,-0.001
1777227108581000,0.0,0.99998695,0.0,0.0,0.0051069846,0.0,0.0,-0.001
1777227108629000,0.0,0.9999873,0.0,0.0,0.0050383783,0.0,0.0,-0.001
1777227108685000,0.0,0.99998754,0.0,0.0,0.0049920846,0.0,0.0,-0.001
1777227108733000,0.0,0.9999873,0.0,0.0,0.0050398074,0.0,0.0,-0.001
1777227108789000,0.0,0.9999867,0.0,0.0,0.0051564556,0.0,0.0,-0.001
1777227108829000,0.0,0.999986,0.0,0.0,0.0052874703,0.0,0.0,-0.001
1777227108885000,0.0,0.9999857,0.0,0.0,0.0053491644,0.0,0.0,-0.001
1777227108933000,0.0,0.9999849,0.0,0.0,0.005486624,0.0,0.0,-0.001
1777227108981000,0.0,0.9999847,0.0,0.0,0.0055296496,0.0,0.0,-0.001
1777227109037000,0.0,0.999985,0.0,0.0,0.0054856054,0.0,0.0,-0.001
1777227109085000,0.0,0.9999853,0.0,0.0,0.0054259496,0.0,0.0,-0.001
1777227109133000,0.0,0.9999857,0.0,0.0,0.0053507774,0.0,0.0,-0.001
1777227109181000,0.0,0.9999859,0.0,0.0,0.0053129215,0.0,0.0,-0.001
1777227109229000,0.0,0.9999867,0.0,0.0,0.0051558567,0.0,0.0,-0.001
1777227109285000,0.0,0.99998724,0.0,0.0,0.0050452617,0.0,0.0,-0.001
1777227109333000,0.0,0.99998754,0.0,0.0,0.0049942103,0.0,0.0,-0.001
1777227109381000,0.0,0.99998736,0.0,0.0,0.005027306,0.0,0.0,-0.001
1777227109429000,0.0,0.9999878,0.0,0.0,0.0049403966,0.0,0.0,-0.001
1777227109485000,0.0,0.999988,0.0,0.0,0.0048989593,0.0,0.0,-0.001
1777227109533000,0.0,0.9999881,0.0,0.0,0.0048868596,0.0,0.0,-0.001
1777227109589000,0.0,0.9999882,0.0,0.0,0.0048557175,0.0,0.0,-0.001
1777227109637000,0.0,0.9999882,0.0,0.0,0.0048596025,0.0,0.0,-0.001
1777227109685000,0.0,0.99998814,0.0,0.0,0.0048669064,0.0,0.0,-0.001
1777227109733000,0.0,0.9999881,0.0,0.0,0.0048839683,0.0,0.0,-0.001
1777227109781000,0.0,0.9999879,0.0,0.0,0.00491295,0.0,0.0,-0.001
1777227109829000,0.0,0.999988,0.0,0.0,0.004902864,0.0,0.0,-0.001
1777227109885000,0.0,0.999988,0.0,0.0,0.004895026,0.0,0.0,-0.001
1777227109933000,0.0,0.99998814,0.0,0.0,0.0048668375,0.0,0.0,-0.001
1777227109981000,0.0,0.9999883,0.0,0.0,0.0048347153,0.0,0.0,-0.001
1777227110029000,0.0,0.99998796,0.0,0.0,0.0049080597,0.0,0.0,-0.001
1777227110085000,0.0,0.9999882,0.0,0.0,0.0048582554,0.0,0.0,-0.001
1777227110133000,0.0,0.99998873,0.0,0.0,0.0047417167,0.0,0.0,-0.001
1777227110189000,0.0,0.99998957,0.0,0.0,0.004566755,0.0,0.0,-0.001
1777227110229000,0.0,0.99999005,0.0,0.0,0.0044606095,0.0,0.0,-0.001
1777227110285000,0.0,0.9999902,0.0,0.0,0.0044303993,0.0,0.0,-0.001
1777227110333000,0.0,0.9999905,0.0,0.0,0.004351645,0.0,0.0,-0.001
1777227110381000,0.0,0.99999094,0.0,0.0,0.0042533106,0.0,0.0,-0.001
1777227110437000,0.0,0.99999094,0.0,0.0,0.004249697,0.0,0.0,-0.001
1777227110485000,0.0,0.9999912,0.0,0.0,0.0041940743,0.0,0.0,-0.001
1777227110533000,0.0,0.9999908,0.0,0.0,0.0042866073,0.0,0.0,-0.001
1777227110581000,0.0,0.9999908,0.0,0.0,0.004278288,0.0,0.0,-0.001
1777227110629000,0.0,0.99999034,0.0,0.0,0.0043937415,0.0,0.0,-0.001
1777227110685000,0.0,0.9999905,0.0,0.0,0.0043508783,0.0,0.0,-0.001
1777227110733000,0.0,0.9999908,0.0,0.0,0.0042814026,0.0,0.0,-0.001
1777227110789000,0.0,0.9999909,0.0,0.0,0.0042713475,0.0,0.0,-0.001
1777227110837000,0.0,0.99999154,0.0,0.0,0.0041098953,0.0,0.0,-0.001
1777227110885000,0.0,0.9999914,0.0,0.0,0.0041526402,0.0,0.0,-0.001
1777227110933000,0.0,0.99999154,0.0,0.0,0.0041070585,0.0,0.0,-0.001
1777227110989000,0.0,0.99999166,0.0,0.0,0.0040870877,0.0,0.0,-0.001
1777227111029000,0.0,0.9999917,0.0,0.0,0.0040738564,0.0,0.0,-0.001
1777227111085000,0.0,0.99999213,0.0,0.0,0.0039669746,0.0,0.0,-0.001
1777227111133000,0.0,0.9999923,0.0,0.0,0.003914889,0.0,0.0,-0.001
1777227111189000,0.0,0.9999922,0.0,0.0,0.003948263,0.0,0.0,-0.001
1777227111229000,0.0,0.99999243,0.0,0.0,0.0038935083,0.0,0.0,-0.001
1777227111285000,0.0,0.99999195,0.0,0.0,0.004009422,0.0,0.0,-0.001
1777227111333000,0.0,0.9999916,0.0,0.0,0.0041042813,0.0,0.0,-0.001
1777227111381000,0.0,0.99999154,0.0,0.0,0.004118852,0.0,0.0,-0.001
1777227111437000,0.0,0.99999124,0.0,0.0,0.0041823634,0.0,0.0,-0.001
1777227111485000,0.0,0.99999076,0.0,0.0,0.00429607,0.0,0.0,-0.001
1777227111533000,0.0,0.9999911,0.0,0.0,0.0042139366,0.0,0.0,-0.001
1777227111581000,0.0,0.9999913,0.0,0.0,0.004177625,0.0,0.0,-0.001
1777227111637000,0.0,0.9999912,0.0,0.0,0.004203473,0.0,0.0,-0.001
1777227111685000,0.0,0.9999911,0.0,0.0,0.0042147483,0.0,0.0,-0.001
1777227111733000,0.0,0.9999914,0.0,0.0,0.0041401894,0.0,0.0,-0.001
1777227111781000,0.0,0.99999136,0.0,0.0,0.0041630003,0.0,0.0,-0.001
1777227111829000,0.0,0.99999094,0.0,0.0,0.0042500524,0.0,0.0,-0.001
1777227111885000,0.0,0.9999907,0.0,0.0,0.0043177498,0.0,0.0,-0.001
1777227111933000,0.0,0.99999005,0.0,0.0,0.0044667358,0.0,0.0,-0.001
1777227111981000,0.0,0.9999893,0.0,0.0,0.0046308893,0.0,0.0,-0.001
1777227112029000,0.0,0.9999891,0.0,0.0,0.0046654097,0.0,0.0,-0.001
1777227112085000,0.0,0.9999886,0.0,0.0,0.0047720377,0.0,0.0,-0.001
1777227112133000,0.0,0.9999883,0.0,0.0,0.0048290994,0.0,0.0,-0.001
1777227112181000,0.0,0.9999886,0.0,0.0,0.0047723777,0.0,0.0,-0.001
1777227112229000,0.0,0.999988,0.0,0.0,0.004896203,0.0,0.0,-0.001
1777227112285000,0.0,0.99998814,0.0,0.0,0.004867697,0.0,0.0,-0.001
1777227112333000,0.0,0.9999889,0.0,0.0,0.0047049164,0.0,0.0,-0.001
1777227112381000,0.0,0.99998957,0.0,0.0,0.004563517,0.0,0.0,-0.001
1777227112429000,0.0,0.99998987,0.0,0.0,0.0044983327,0.0,0.0,-0.001
1777227112485000,0.0,0.99998987,0.0,0.0,0.0045071766,0.0,0.0,-0.001
1777227112533000,0.0,0.9999899,0.0,0.0,0.0044900537,0.0,0.0,-0.001
1777227112581000,0.0,0.9999898,0.0,0.0,0.0045095673,0.0,0.0,-0.001
1777227112629000,0.0,0.9999898,0.0,0.0,0.0045126104,0.0,0.0,-0.001
1777227112685000,0.0,0.99998987,0.0,0.0,0.004495196,0.0,0.0,-0.001
1777227112733000,0.0,0.99998945,0.0,0.0,0.00459849,0.0,0.0,-0.001
1777227112781000,0.0,0.99998933,0.0,0.0,0.004616524,0.0,0.0,-0.001
1777227112829000,0.0,0.9999895,0.0,0.0,0.0045732753,0.0,0.0,-0.001
1777227112885000,0.0,0.99998975,0.0,0.0,0.0045231683,0.0,0.0,-0.001
1777227112933000,0.0,0.99998933,0.0,0.0,0.00461313,0.0,0.0,-0.001
1777227112981000,0.0,0.99998933,0.0,0.0,0.004628025,0.0,0.0,-0.001
1777227113037000,0.0,0.9999894,0.0,0.0,0.004602762,0.0,0.0,-0.001
1777227113085000,0.0,0.99998945,0.0,0.0,0.004587889,0.0,0.0,-0.001
1777227113133000,0.0,0.9999897,0.0,0.0,0.004536294,0.0,0.0,-0.001
1777227113181000,0.0,0.99998987,0.0,0.0,0.0045027514,0.0,0.0,-0.001
1777227113237000,0.0,0.99999005,0.0,0.0,0.0044660005,0.0,0.0,-0.001
1777227113285000,0.0,0.9999903,0.0,0.0,0.0044093346,0.0,0.0,-0.001
1777227113333000,0.0,0.9999904,0.0,0.0,0.0043813745,0.0,0.0,-0.001
1777227113381000,0.0,0.99999076,0.0,0.0,0.0043078973,0.0,0.0,-0.001
1777227113429000,0.0,0.9999912,0.0,0.0,0.0042051426,0.0,0.0,-0.001
1777227113485000,0.0,0.9999913,0.0,0.0,0.004181573,0.0,0.0,-0.001
1777227113533000,0.0,0.9999917,0.0,0.0,0.004076185,0.0,0.0,-0.001
1777227113581000,0.0,0.99999183,0.0,0.0,0.0040381625,0.0,0.0,-0.001
1777227113637000,0.0,0.99999195,0.0,0.0,0.0040158313,0.0,0.0,-0.001
1777227113685000,0.0,0.9999924,0.0,0.0,0.0039079078,0.0,0.0,-0.001
1777227113733000,0.0,0.9999924,0.0,0.0,0.0039090854,0.0,0.0,-0.001
1777227113781000,0.0,0.9999927,0.0,0.0,0.0038109026,0.0,0.0,-0.001
1777227113829000,0.0,0.99999225,0.0,0.0,0.003936021,0.0,0.0,-0.001
1777227113885000,0.0,0.9999921,0.0,0.0,0.003979419,0.0,0.0,-0.001
1777227113933000,0.0,0.9999921,0.0,0.0,0.0039789425,0.0,0.0,-0.001
1777227113981000,0.0,0.9999921,0.0,0.0,0.003974909,0.0,0.0,-0.001
1777227114037000,0.0,0.9999928,0.0,0.0,0.00380077,0.0,0.0,-0.001
1777227114085000,0.0,0.9999928,0.0,0.0,0.0038014094,0.0,0.0,-0.001
1777227114133000,0.0,0.99999243,0.0,0.0,0.003893233,0.0,0.0,-0.001
1777227114189000,0.0,0.9999928,0.0,0.0,0.003798049,0.0,0.0,-0.001
1777227114237000,0.0,0.999993,0.0,0.0,0.0037326743,0.0,0.0,-0.001
1777227114285000,0.0,0.9999932,0.0,0.0,0.0036861314,0.0,0.0,-0.001
1777227114333000,0.0,0.9999932,0.0,0.0,0.0036784103,0.0,0.0,-0.001
1777227114381000,0.0,0.9999933,0.0,0.0,0.0036465037,0.0,0.0,-0.001
1777227114429000,0.0,0.99999344,0.0,0.0,0.0036182024,0.0,0.0,-0.001
1777227114485000,0.0,0.99999374,0.0,0.0,0.0035363417,0.0,0.0,-0.001
1777227114533000,0.0,0.9999938,0.0,0.0,0.003516542,0.0,0.0,-0.001
1777227114581000,0.0,0.99999416,0.0,0.0,0.0034204964,0.0,0.0,-0.001
1777227114629000,0.0,0.9999944,0.0,0.0,0.0033406545,0.0,0.0,-0.001
1777227114685000,0.0,0.9999946,0.0,0.0,0.0033014263,0.0,0.0,-0.001
1777227114733000,0.0,0.9999948,0.0,0.0,0.003232065,0.0,0.0,-0.001
1777227114781000,0.0,0.9999951,0.0,0.0,0.003116245,0.0,0.0,-0.001
1777227114829000,0.0,0.9999953,0.0,0.0,0.003065054,0.0,0.0,-0.001
1777227114885000,0.0,0.99999523,0.0,0.0,0.003091248,0.0,0.0,-0.001
1777227114933000,0.0,0.99999493,0.0,0.0,0.0031888948,0.0,0.0,-0.001
1777227114981000,0.0,0.99999475,0.0,0.0,0.003230522,0.0,0.0,-0.001
1777227115029000,0.0,0.9999948,0.0,0.0,0.0032275522,0.0,0.0,-0.001
1777227115085000,0.0,0.9999949,0.0,0.0,0.0031982686,0.0,0.0,-0.001
1777227115133000,0.0,0.99999493,0.0,0.0,0.003187005,0.0,0.0,-0.001
1777227115181000,0.0,0.999995,0.0,0.0,0.003156967,0.0,0.0,-0.001
1777227115237000,0.0,0.9999947,0.0,0.0,0.003261633,0.0,0.0,-0.001
1777227115285000,0.0,0.9999947,0.0,0.0,0.003249611,0.0,0.0,-0.001
1777227115333000,0.0,0.99999505,0.0,0.0,0.0031437578,0.0,0.0,-0.001
1777227115389000,0.0,0.99999565,0.0,0.0,0.0029498902,0.0,0.0,-0.001
1777227115429000,0.0,0.9999959,0.0,0.0,0.0028669066,0.0,0.0,-0.001
1777227115485000,0.0,0.99999607,0.0,0.0,0.0027932245,0.0,0.0,-0.001
1777227115533000,0.0,0.9999958,0.0,0.0,0.002887679,0.0,0.0,-0.001
1777227115589000,0.0,0.9999956,0.0,0.0,0.0029718133,0.0,0.0,-0.001
1777227115637000,0.0,0.9999959,0.0,0.0,0.0028702565,0.0,0.0,-0.001
1777227115685000,0.0,0.99999607,0.0,0.0,0.0027988497,0.0,0.0,-0.001
1777227115733000,0.0,0.99999595,0.0,0.0,0.0028425173,0.0,0.0,-0.001
1777227115781000,0.0,0.99999595,0.0,0.0,0.002847825,0.0,0.0,-0.001
1777227115829000,0.0,0.9999961,0.0,0.0,0.0027799748,0.0,0.0,-0.001
1777227115885000,0.0,0.999996,0.0,0.0,0.002834972,0.0,0.0,-0.001
1777227115933000,0.0,0.999996,0.0,0.0,0.0028327021,0.0,0.0,-0.001
1777227115981000,0.0,0.9999959,0.0,0.0,0.0028672651,0.0,0.0,-0.001
1777227116029000,0.0,0.9999962,0.0,0.0,0.0027660297,0.0,0.0,-0.001
1777227116085000,0.0,0.99999636,0.0,0.0,0.0026847848,0.0,0.0,-0.001
1777227116133000,0.0,0.99999654,0.0,0.0,0.0026358045,0.0,0.0,-0.001
1777227116189000,0.0,0.9999965,0.0,0.0,0.0026415822,0.0,0.0,-0.001
1777227116237000,0.0,0.99999636,0.0,0.0,0.002697961,0.0,0.0,-0.001
1777227116285000,0.0,0.9999961,0.0,0.0,0.0027906497,0.0,0.0,-0.001
1777227116333000,0.0,0.999996,0.0,0.0,0.0028314842,0.0,0.0,-0.001
1777227116389000,0.0,0.999996,0.0,0.0,0.002824517,0.0,0.0,-0.001
1777227116437000,0.0,0.999996,0.0,0.0,0.002827547,0.0,0.0,-0.001
1777227116485000,0.0,0.99999577,0.0,0.0,0.0028996076,0.0,0.0,-0.001
1777227116533000,0.0,0.999996,0.0,0.0,0.0028276592,0.0,0.0,-0.001
1777227116581000,0.0,0.99999607,0.0,0.0,0.002793691,0.0,0.0,-0.001
1777227116629000,0.0,0.99999607,0.0,0.0,0.0028118757,0.0,0.0,-0.001
1777227116685000,0.0,0.9999961,0.0,0.0,0.0027813166,0.0,0.0,-0.001
1777227116733000,0.0,0.99999654,0.0,0.0,0.0026202123,0.0,0.0,-0.001
1777227116781000,0.0,0.99999654,0.0,0.0,0.0026179587,0.0,0.0,-0.001
1777227116837000,0.0,0.9999969,0.0,0.0,0.0024952816,0.0,0.0,-0.001
1777227116885000,0.0,0.99999696,0.0,0.0,0.002454273,0.0,0.0,-0.001
1777227116933000,0.0,0.9999969,0.0,0.0,0.0024859724,0.0,0.0,-0.001
1777227116981000,0.0,0.9999968,0.0,0.0,0.0025264581,0.0,0.0,-0.001
1777227117029000,0.0,0.9999965,0.0,0.0,0.0026405058,0.0,0.0,-0.001
1777227117085000,0.0,0.9999961,0.0,0.0,0.002779154,0.0,0.0,-0.001
1777227117133000,0.0,0.9999962,0.0,0.0,0.0027505772,0.0,0.0,-0.001
1777227117189000,0.0,0.9999959,0.0,0.0,0.0028635787,0.0,0.0,-0.001
1777227117237000,0.0,0.9999959,0.0,0.0,0.0028764056,0.0,0.0,-0.001
1777227117285000,0.0,0.9999958,0.0,0.0,0.0028950465,0.0,0.0,-0.001
1777227117333000,0.0,0.99999565,0.0,0.0,0.002950947,0.0,0.0,-0.001
1777227117381000,0.0,0.9999956,0.0,0.0,0.002983311,0.0,0.0,-0.001
1777227117429000,0.0,0.9999954,0.0,0.0,0.0030313397,0.0,0.0,-0.001
1777227117485000,0.0,0.99999565,0.0,0.0,0.0029528479,0.0,0.0,-0.001
1777227117533000,0.0,0.9999953,0.0,0.0,0.0030662462,0.0,0.0,-0.001
1777227117581000,0.0,0.99999535,0.0,0.0,0.0030552575,0.0,0.0,-0.001
1777227117629000,0.0,0.999995,0.0,0.0,0.0031557456,0.0,0.0,-0.001
1777227117685000,0.0,0.99999535,0.0,0.0,0.0030576685,0.0,0.0,-0.001
1777227117733000,0.0,0.9999952,0.0,0.0,0.0031138698,0.0,0.0,-0.001
1777227117781000,0.0,0.99999475,0.0,0.0,0.0032391634,0.0,0.0,-0.001
1777227117829000,0.0,0.99999493,0.0,0.0,0.0031903621,0.0,0.0,-0.001
1777227117885000,0.0,0.9999948,0.0,0.0,0.0032320085,0.0,0.0,-0.001
1777227117933000,0.0,0.9999946,0.0,0.0,0.0032983038,0.0,0.0,-0.001
1777227117981000,0.0,0.9999944,0.0,0.0,0.003352122,0.0,0.0,-0.001
1777227118029000,0.0,0.99999404,0.0,0.0,0.003448484,0.0,0.0,-0.001
1777227118085000,0.0,0.9999939,0.0,0.0,0.0034859916,0.0,0.0,-0.001
1777227118133000,0.0,0.99999344,0.0,0.0,0.0036196325,0.0,0.0,-0.001
1777227118181000,0.0,0.99999297,0.0,0.0,0.0037555392,0.0,0.0,-0.001
1777227118229000,0.0,0.9999925,0.0,0.0,0.0038693764,0.0,0.0,-0.001
1777227118285000,0.0,0.99999225,0.0,0.0,0.0039324546,0.0,0.0,-0.001
1777227118333000,0.0,0.99999183,0.0,0.0,0.0040391674,0.0,0.0,-0.001
1777227118381000,0.0,0.9999922,0.0,0.0,0.003954148,0.0,0.0,-0.001
1777227118437000,0.0,0.99999154,0.0,0.0,0.004119107,0.0,0.0,-0.001
1777227118485000,0.0,0.9999914,0.0,0.0,0.0041414434,0.0,0.0,-0.001
1777227118533000,0.0,0.99999166,0.0,0.0,0.0040830965,0.0,0.0,-0.001
1777227118589000,0.0,0.9999919,0.0,0.0,0.0040242155,0.0,0.0,-0.001
1777227118629000,0.0,0.99999195,0.0,0.0,0.0040085283,0.0,0.0,-0.001
1777227118685000,0.0,0.9999919,0.0,0.0,0.004022616,0.0,0.0,-0.001
1777227118733000,0.0,0.999992,0.0,0.0,0.0039896956,0.0,0.0,-0.001
1777227118781000,0.0,0.9999921,0.0,0.0,0.0039827763,0.0,0.0,-0.001
1777227118829000,0.0,0.99999136,0.0,0.0,0.0041574924,0.0,0.0,-0.001
1777227118885000,0.0,0.9999915,0.0,0.0,0.0041247364,0.0,0.0,-0.001
1777227118933000,0.0,0.99999136,0.0,0.0,0.0041615167,0.0,0.0,-0.001
1777227118981000,0.0,0.9999911,0.0,0.0,0.0042237025,0.0,0.0,-0.001
1777227119029000,0.0,0.99999034,0.0,0.0,0.004399502,0.0,0.0,-0.001
1777227119085000,0.0,0.9999896,0.0,0.0,0.0045632785,0.0,0.0,-0.001
1777227119133000,0.0,0.9999895,0.0,0.0,0.0045802984,0.0,0.0,-0.001
1777227119181000,0.0,0.99998736,4.137298e-05,0.0018906525,0.0046542827,0.0,0.0,-0.008071033
1777227119237000,0.0,0.9999871,-0.00010872812,0.0018318956,0.004731897,0.0,0.0,-0.015304609
1777227119285000,0.0,0.99998695,3.6894646e-05,0.0017345529,0.004807118,0.0,0.0,-0.021991355
1777227119333000,0.0,0.9999874,-0.00020335107,0.00158797,0.0047593056,0.0,0.0,-0.02958727
1777227119381000,0.0,0.99998605,-0.00042998284,0.002048428,0.00484384,0.0,0.0,-0.03734395
1777227119437000,0.0,0.99998593,-0.00013355743,0.0022335963,0.004816215,0.0,0.0,-0.046760343
1777227119485000,0.0,0.99998564,-3.3501827e-05,0.002197011,0.0048827045,0.0,0.0,-0.055355635
1777227119533000,0.0,0.99998474,-0.0003383856,0.002177906,0.005057028,0.0,0.0,-0.06420961
1777227119589000,0.0,0.9999844,-0.00044421936,0.0022334442,0.0051068678,0.0,0.0,-0.075199224
1777227119629000,0.0,0.9999848,-0.00030984625,0.0019967258,0.005130174,0.0,0.0,-0.083272986
1777227119685000,0.0,0.99998456,-0.00015005816,0.0020661606,0.0051524234,0.0,0.0,-0.09530656
1777227119733000,0.0,0.9999841,-0.00031463933,0.002010852,0.0052649113,0.0,0.0,-0.10629378
1777227119781000,0.0,0.9999831,-0.00015646362,0.0023043728,0.0053404057,0.0,0.0,-0.11756394
1777227119829000,0.0,0.9999827,-0.00040899715,0.0023882585,0.005359353,0.0,0.0,-0.12923247
1777227119885000,0.0,0.99998325,-0.0006203274,0.0020865675,0.0053591724,0.0,0.0,-0.1433623
1777227119933000,0.0,0.99998367,-0.00063866045,0.0020376134,0.0052967984,0.0,0.0,-0.15591508
1777227119981000,0.0,0.9999844,-0.0007092089,0.0020435231,0.0051516113,0.0,0.0,-0.16900617
1777227120029000,0.0,0.999984,-0.00091971504,0.0021878672,0.0051279413,0.0,0.0,-0.18232188
1777227120085000,0.0,0.9999848,-0.000527557,0.0019274842,0.0051285517,0.0,0.0,-0.19847311
1777227120133000,0.0,0.99998444,-0.0006474116,0.0018018171,0.0052432073,0.0,0.0,-0.2129013
1777227120189000,0.0,0.99998415,-0.00071709143,0.001943532,0.0052398182,0.0,0.0,-0.23009376
1777227120229000,0.0,0.9999843,-0.00097181526,0.001613088,0.005268884,0.0,0.0,-0.24282542
1777227120285000,0.0,0.9999834,-0.0012416592,0.0018614711,0.005327326,0.0,0.0,-0.26120058
1777227120333000,0.0,0.99998283,-0.0010563696,0.00198007,0.00541443,0.0,0.0,-0.27738744
1777227120381000,0.0,0.9999833,-0.0012429358,0.0016209367,0.005404032,0.0,0.0,-0.29380578
1777227120429000,0.0,0.9999831,-0.001190964,0.0015188466,0.0054919594,0.0,0.0,-0.31076157
1777227120485000,0.0,0.9999815,-0.0012629787,0.0017131369,0.005695394,0.0,0.0,-0.32358658
1777227120533000,0.0,0.9999813,-0.0014064913,0.0015974154,0.005734507,0.0,0.0,-0.32751396
1777227120581000,0.0,0.99998075,-0.0014822036,0.0017114537,0.0057820706,0.0,0.0,-0.33320382
1777227120629000,0.0,0.99998003,-0.0014877779,0.001451845,0.0059673325,0.0,0.0,-0.33736098
1777227120685000,0.0,0.9999794,-0.0016506527,0.0014085856,0.006043262,0.0,0.0,-0.34424934
1777227120733000,0.0,0.99997985,-0.0015493762,0.0013198319,0.00600968,0.0,0.0,-0.34874406
1777227120781000,0.0,0.9999798,-0.0015800048,0.0014260219,0.005993786,0.0,0.0,-0.35490733
1777227120829000,0.0,0.99997836,-0.0019800349,0.0013310541,0.006133278,0.0,0.0,-0.35936067
1777227120885000,0.0,0.99997824,-0.0021665366,0.0010429621,0.006149005,0.0,0.0,-0.36719322
1777227120933000,0.0,0.99997735,-0.00230179,0.0008496071,0.0062644356,0.0,0.0,-0.3720475
1777227120981000,0.0,0.99997723,-0.002304127,0.0009111953,0.0062780343,0.0,0.0,-0.37846535
1777227121029000,0.0,0.9999765,-0.002396395,0.0010257779,0.0063345334,0.0,0.0,-0.3838463
1777227121085000,0.0,0.9999762,-0.0023374893,0.0008218411,0.006434904,0.0,0.0,-0.3919996
1777227121133000,0.0,0.9999757,-0.0023569092,0.00068194495,0.0065293154,0.0,0.0,-0.3975162
1777227121189000,0.0,0.9999756,-0.0023802228,0.0005699187,0.006540842,0.0,0.0,-0.40442297
1777227121237000,0.0,0.99997395,-0.0026100895,0.00043701153,0.0067127054,0.0,0.0,-0.41005197
1777227121285000,0.0,0.99997413,-0.0027092767,0.00022537926,0.0066594826,0.0,0.0,-0.41891736
1777227121333000,0.0,0.99997413,-0.002590023,0.0007098919,0.0066748546,0.0,0.0,-0.42470315
1777227121381000,0.0,0.99997324,-0.0028270422,0.00066474907,0.0067166653,0.0,0.0,-0.43158317
1777227121429000,0.0,0.99997365,-0.0028828825,0.00025187395,0.006661779,0.0,0.0,-0.43770677
1777227121485000,0.0,0.9999738,-0.0027752945,0.00021527812,0.0066855024,0.0,0.0,-0.4472772
1777227121533000,0.0,0.9999726,-0.0031429008,0.00050494366,0.0066836444,0.0,0.0,-0.45381522
1777227121581000,0.0,0.9999729,-0.0031198664,0.00010861496,0.006668924,0.0,0.0,-0.46119562
1777227121629000,0.0,0.9999726,-0.0031761187,0.0003235254,0.0066805165,0.0,0.0,-0.46800065
1777227121685000,0.0,0.9999728,-0.002859141,0.00047913342,0.006779541,0.0,0.0,-0.47823846
1777227121733000,0.0,0.9999722,-0.0030736665,0.00034513386,0.0067823688,0.0,0.0,-0.48534667
1777227121789000,0.0,0.99997234,-0.0030223324,0.00021123253,0.006787545,0.0,0.0,-0.49353582
1777227121837000,0.0,0.99997205,-0.0029746694,0.00030337897,0.0068556867,0.0,0.0,-0.5001924
1777227121885000,0.0,0.9999714,-0.0028334283,0.00013531871,0.0070149465,0.0,0.0,-0.5082485
1777227121933000,0.0,0.9999724,-0.0023024653,-0.00062521774,0.0070347125,0.0,0.0,-0.5123992
1777227121981000,0.0,0.9999737,-0.001520881,-0.0010269295,0.0070171203,0.0,0.0,-0.51622504
1777227122037000,0.0,0.9999731,-0.001064216,-0.0014443321,0.0071132667,0.0,0.0,-0.51797134
1777227122085000,0.0,0.9999737,-0.0006309437,-0.0016794528,0.0070298314,0.0,0.0,-0.52334344
1777227122133000,0.0,0.9999729,-0.000121420555,-0.0021249028,0.0070481296,0.0,0.0,-0.5244678
1777227122181000,0.0,0.9999714,0.00019909877,-0.0023586426,0.0071814107,0.0,0.0,-0.5514318
1777227122229000,0.0,0.99997056,0.0004954638,-0.0027770011,0.0071327942,0.0,0.0,-0.5470627
1777227122285000,0.0,0.9999695,0.0010874468,-0.002895515,0.0071735727,0.0,0.0,-0.54570335
1777227122333000,0.0,0.9999703,0.0011050042,-0.0027133068,0.007129577,0.0,0.0,-0.5418211
1777227122389000,0.0,0.99997044,0.0013530438,-0.0025050957,0.0071449056,0.0,0.0,-0.53785247
1777227122437000,0.0,0.99996924,0.0014853791,-0.0026236156,0.0072359405,0.0,0.0,-0.53449035
1777227122485000,0.0,0.99996746,0.0019799036,-0.0028807872,0.007275648,0.0,0.0,-0.5374734
1777227122533000,0.0,0.9999681,0.0018499552,-0.0026585874,0.007299878,0.0,0.0,-0.5344534
1777227122581000,0.0,0.99996716,0.0017179421,-0.0028937107,0.0073710447,0.0,0.0,-0.5333884
1777227122629000,0.0,0.9999667,0.0017222234,-0.0029168203,0.0074233003,0.0,0.0,-0.5309004
1777227122685000,0.0,0.9999677,0.0016065282,-0.002901056,0.0073208455,0.0,0.0,-0.5331907
1777227122733000,0.0,0.9999676,0.0018423386,-0.0027137478,0.00735322,0.0,0.0,-0.5307207
1777227122781000,0.0,0.99996835,0.0016010992,-0.0025894025,0.0073448885,0.0,0.0,-0.53057206
1777227122829000,0.0,0.9999696,0.001286309,-0.0024259842,0.007297571,0.0,0.0,-0.52814674
1777227122885000,0.0,0.9999702,0.0013057021,-0.0023212268,0.0072525833,0.0,0.0,-0.53125674
1777227122933000,0.0,0.9999712,0.0012751971,-0.002299568,0.0071180784,0.0,0.0,-0.52877223
1777227122989000,0.0,0.999971,0.0013212388,-0.002179733,0.007173722,0.0,0.0,-0.5262777
1777227123037000,0.0,0.99996996,0.0015568613,-0.0022220158,0.0072538117,0.0,0.0,-0.5236791
1777227123085000,0.0,0.99997073,0.0014627916,-0.0021850355,0.0071829474,0.0,0.0,-0.5298696
1777227123133000,0.0,0.99996996,0.0017324936,-0.0022261369,0.0072237924,0.0,0.0,-0.5273513
1777227123189000,0.0,0.9999695,0.0018356763,-0.0018747346,0.007354472,0.0,0.0,-0.52507854
1777227123229000,0.0,0.9999698,0.0016442395,-0.0017459458,0.0073931115,0.0,0.0,-0.5248489
1777227123285000,0.0,0.9999692,0.001595147,-0.0016159543,0.0075126356,0.0,0.0,-0.52924675
1777227123333000,0.0,0.99996847,0.0018471937,-0.0014184146,0.007594048,0.0,0.0,-0.52653736
1777227123381000,0.0,0.9999681,0.0015990186,-0.0012710098,0.007715575,0.0,0.0,-0.52692086
1777227123429000,0.0,0.9999675,0.0014252609,-0.001400765,0.007806816,0.0,0.0,-0.5241927
1777227123485000,0.0,0.9999677,0.0015589271,-0.0011248265,0.0078038475,0.0,0.0,-0.5287351
1777227123533000,0.0,0.9999678,0.0014776253,-0.00087581546,0.007838034,0.0,0.0,-0.5259298
1777227123581000,0.0,0.9999674,0.0014490444,-0.0011391819,0.007866109,0.0,0.0,-0.519074
1777227123629000,0.0,0.99996877,0.0014913742,-0.0008345237,0.00771796,0.0,0.0,-0.5072271
1777227123685000,0.0,0.99996924,0.0015767395,-0.0008731244,0.0076319766,0.0,0.0,-0.50007474
1777227123733000,0.0,0.99996984,0.0015700668,-0.0006292165,0.0075800507,0.0,0.0,-0.49792048
1777227123781000,0.0,0.999969,0.001774809,-0.0012121942,0.0075793206,0.0,0.0,-0.4978747
1777227123829000,0.0,0.99996984,0.001582132,-0.0010214377,0.0075311395,0.0,0.0,-0.49584946
1777227123885000,0.0,0.99997157,0.0013055692,-0.0011683877,0.007330761,0.0,0.0,-0.50041634
1777227123933000,0.0,0.99997157,0.0010893951,-0.0010383616,0.0073900917,0.0,0.0,-0.49847078
1777227123981000,0.0,0.99997175,0.0009782385,-0.0010485275,0.007376748,0.0,0.0,-0.49816114
1777227124029000,0.0,0.99997175,0.0008711005,-0.0010291382,0.0073968964,0.0,0.0,-0.4958595
1777227124085000,0.0,0.99997336,0.00044272485,-0.0006556247,0.007260016,0.0,0.0,-0.5003142
1777227124133000,0.0,0.999974,0.00037445157,-0.00035778058,0.0071931565,0.0,0.0,-0.49810576
1777227124181000,0.0,0.99997413,9.834097e-05,-0.0007657517,0.0071520405,0.0,0.0,-0.4977127
1777227124229000,0.0,0.999974,3.9390412e-05,-0.00066744536,0.0071729105,0.0,0.0,-0.49532917
1777227124285000,0.0,0.9999744,-0.00017022867,-0.0006465734,0.0071199937,0.0,0.0,-0.499522
1777227124333000,0.0,0.99997455,-0.00025751593,-0.0006170255,0.007100643,0.0,0.0,-0.497108
1777227124381000,0.0,0.99997485,-0.00025632407,-0.0003363212,0.007081532,0.0,0.0,-0.49679866
1777227124429000,0.0,0.99997425,-0.00068550446,-0.000394883,0.007132776,0.0,0.0,-0.49455413
1777227124485000,0.0,0.9999736,-0.00074574095,-0.000100571866,0.007224832,0.0,0.0,-0.49901807
1777227124533000,0.0,0.999973,-0.00078345276,-0.00010977528,0.007306208,0.0,0.0,-0.49660453
1777227124589000,0.0,0.99997234,-0.0009877855,8.807142e-05,0.0073682303,0.0,0.0,-0.49398652
1777227124637000,0.0,0.99997205,-0.00086307694,-1.2507266e-05,0.0074232933,0.0,0.0,-0.49164394
1777227124685000,0.0,0.999972,-0.0012056687,0.00030997407,0.007382583,0.0,0.0,-0.49842373
1777227124733000,0.0,0.999972,-0.0014650713,0.00024277189,0.0073352167,0.0,0.0,-0.49606532
1777227124781000,0.0,0.9999724,-0.0015049832,1.3008921e-06,0.007273998,0.0,0.0,-0.49609262
1777227124829000,0.0,0.9999721,-0.001900284,0.00023367918,0.0072161555,0.0,0.0,-0.49338526
1777227124885000,0.0,0.99997216,-0.0021699364,-1.2021772e-05,0.007144061,0.0,0.0,-0.4977594
1777227124933000,0.0,0.99997383,-0.0019259528,0.0001264791,0.0069772205,0.0,0.0,-0.49548715
1777227124989000,0.0,0.9999736,-0.0020348036,4.5793186e-05,0.006971948,0.0,0.0,-0.49297205
1777227125029000,0.0,0.9999737,-0.0020322613,0.00011152491,0.00696431,0.0,0.0,-0.49294993
1777227125085000,0.0,0.99997365,-0.0022173591,0.00024557332,0.006906172,0.0,0.0,-0.49742925
1777227125133000,0.002792526,0.99997294,-0.002632575,0.00011614805,0.006866845,0.0,0.0,-0.49492413
1777227125189000,0.0,0.9999728,-0.0026542316,0.00021910355,0.006868079,0.0,0.0,-0.49205366
1777227125237000,0.0,0.999973,-0.0025901222,0.00023747972,0.0068681114,0.0,0.0,-0.48942378
1777227125285000,0.0,0.9999734,-0.0024350954,3.120262e-05,0.0068675703,0.0,0.0,-0.49656063
1777227125333000,0.0,0.99997205,-0.002929363,0.00034801083,0.006868521,0.0,0.0,-0.49444684
1777227125381000,0.0,0.99997264,-0.0027195134,0.00037978316,0.0068685305,0.0,0.0,-0.49447656
1777227125429000,0.0,0.9999718,-0.0029658074,0.0005943887,0.006869263,0.0,0.0,-0.49213564
1777227125485000,0.0,0.9999717,-0.0030135668,0.00055330707,0.0068691694,0.0,0.0,-0.49701208
1777227125533000,0.0,0.99997145,-0.003119576,0.00040326186,0.0068687643,0.0,0.0,-0.49465212
1777227125581000,0.0,0.99997115,-0.0031161427,0.0009163395,0.006870354,0.0,0.0,-0.49476308
1777227125637000,0.0,0.9999707,-0.0031613554,0.0012041269,0.0068712994,0.0,0.0,-0.4897888
1777227125685000,0.0,0.99997115,-0.0030058199,0.0011940115,0.006871078,0.0,0.0,-0.49689275
1777227125733000,0.0,0.999972,-0.0027461923,0.0011313331,0.006870593,0.0,0.0,-0.49418846
1777227125781000,0.0,0.9999725,-0.0025784664,0.001062975,0.006870226,0.0,0.0,-0.4940421
1777227125837000,0.0,0.99997175,-0.0028166578,0.0011554057,0.006870742,0.0,0.0,-0.48956862
1777227125885000,0.0,0.9999703,-0.0032950537,0.0011410379,0.006871257,0.0,0.0,-0.49662337
1777227125933000,0.0,0.9999714,-0.002926731,0.0012032576,0.00687101,0.0,0.0,-0.4944493
1777227125981000,0.0,0.9999719,-0.002737506,0.0012028128,0.006870777,0.0,0.0,-0.49452558
1777227126029000,0.0,0.9999719,-0.002707821,0.001268228,0.0068709166,0.0,0.0,-0.49197987
1777227126085000,0.0,0.9999717,-0.0026315257,0.0015693333,0.006871602,0.0,0.0,-0.49656725
1777227126133000,0.0,0.9999716,-0.0027249078,0.0014633596,0.006871464,0.0,0.0,-0.4939895
1777227126181000,0.0,0.99997044,-0.002969222,0.001762001,0.0068727033,0.0,0.0,-0.49415496
1777227126229000,0.0,0.9999702,-0.002972019,0.0019038048,0.0068731247,0.0,0.0,-0.49205244
1777227126285000,0.0,0.99997014,-0.0029625753,0.0019184682,0.0068731494,0.0,0.0,-0.49676576
1777227126333000,0.0,0.9999704,-0.0028454268,0.0019632317,0.006873048,0.0,0.0,-0.49431643
1777227126381000,0.0,0.9999711,-0.0027033524,0.0018251892,0.006872399,0.0,0.0,-0.49444342
1777227126429000,0.0,0.99997044,-0.0027611677,0.0020656912,0.006873159,0.0,0.0,-0.49185118
1777227126485000,0.0,0.9999703,-0.002758055,0.002112599,0.00687328,0.0,0.0,-0.49647608
1777227126533000,0.0,0.99996895,-0.0032740925,0.0020302401,0.0068741147,0.0,0.0,-0.49410906
1777227126581000,0.0,0.99996805,-0.0034488838,0.0021759814,0.00687497,0.0,0.0,-0.49386597
1777227126637000,0.0,0.99996996,-0.0031410812,0.0017171516,0.0068728705,0.0,0.0,-0.48908746
1777227126685000,0.0,0.9999699,-0.0031279929,0.0017747881,0.006873026,0.0,0.0,-0.4961442
1777227126733000,0.0,0.9999694,-0.003185027,0.0019424958,0.006873656,0.0,0.0,-0.49381036
1777227126781000,0.0,0.99996996,-0.0029921196,0.0019576557,0.0068733217,0.0,0.0,-0.49389467
1777227126829000,0.0,0.9999711,-0.0027129631,0.0017860167,0.006872312,0.0,0.0,-0.49148265
1777227126885000,0.0,0.99997044,-0.0029181314,0.0018453826,0.006872852,0.0,0.0,-0.49600792
1777227126933000,0.0,0.99997085,-0.0028033569,0.0017965677,0.0068725036,0.0,0.0,-0.4936006
1777227126981000,0.0,0.99997103,-0.0025448813,0.0020403457,0.0068726456,0.0,0.0,-0.49374837
1777227127029000,0.0,0.9999705,-0.0028364826,0.0019380635,0.0068729604,0.0,0.0,-0.4912387
1777227127085000,0.0,0.99997044,-0.0027563092,0.0020721697,0.006873166,0.0,0.0,-0.4960404
1777227127133000,0.0,0.99997026,-0.0029731907,0.0018703747,0.006873029,0.0,0.0,-0.49349666
1777227127181000,0.0,0.99997044,-0.0027962846,0.0020252706,0.006873121,0.0,0.0,-0.4935821
1777227127229000,0.0,0.99997056,-0.0026595446,0.002139984,0.0068731415,0.0,0.0,-0.4910697
1777227127285000,0.0,0.99997073,-0.0026504146,0.0020736891,0.0068729506,0.0,0.0,-0.49547133
1777227127333000,0.0,0.9999706,-0.002638102,0.0021316935,0.006873075,0.0,0.0,-0.4932038
1777227127381000,0.0,0.9999707,-0.0025066924,0.0022716918,0.006873136,0.0,0.0,-0.493421
1777227127437000,0.0,0.99997026,-0.002639496,0.0022917276,0.006873493,0.0,0.0,-0.4882823
1777227127485000,0.0,0.99997085,-0.0024959247,0.0021902558,0.006872913,0.0,0.0,-0.4955088
1777227127533000,0.0,0.99997157,-0.0024956132,0.0018674774,0.0068721194,0.0,0.0,-0.49279365
1777227127589000,0.0,0.9999719,-0.002414532,0.0017637264,0.00687172,0.0,0.0,-0.49045482
1777227127637000,0.0,0.99997,-0.0028100477,0.0021771125,0.006873569,0.0,0.0,-0.48807165
1777227127685000,0.0,0.9999704,-0.0028944288,0.0019215166,0.0068730256,0.0,0.0,-0.49497065
1777227127733000,0.0,0.9999705,-0.0029501428,0.0017432078,0.006872615,0.0,0.0,-0.4926506
1777227127781000,0.0,0.99997103,-0.002998816,0.0013061912,0.0068714037,0.0,0.0,-0.49310693
1777227127829000,0.0,0.99997103,-0.0029723838,0.0013869292,0.0068716058,0.0,0.0,-0.49051026
1777227127885000,0.0,0.9999716,-0.002766661,0.0013500832,0.006871217,0.0,0.0,-0.49531385
1777227127933000,0.0,0.99997216,-0.0024097299,0.001620883,0.0068713725,0.0,0.0,-0.4928743
1777227127989000,0.0,0.9999734,-0.0018795059,0.0015485866,0.0068703713,0.0,0.0,-0.49077216
1777227128037000,0.0,0.9999734,-0.0020518717,0.0013453219,0.0068702297,0.0,0.0,-0.48817474
1777227128085000,0.0,0.9999737,-0.0018704996,0.0013438917,0.0068699815,0.0,0.0,-0.49536222
1777227128133000,0.0,0.9999743,-0.0016465761,0.0012331738,0.006869498,0.0,0.0,-0.49292192
1777227128189000,0.0,0.9999741,-0.001828457,0.0011296486,0.0068695378,0.0,0.0,-0.49051064
1777227128237000,0.0,0.9999744,-0.0014467541,0.0013785552,0.0068694567,0.0,0.0,-0.4880426
1777227128285000,0.0,0.9999743,-0.0015106613,0.0013748558,0.0068695396,0.0,0.0,-0.49507245
1777227128333000,0.0,0.9999747,-0.0014217307,0.0011857277,0.0068691527,0.0,0.0,-0.4926059
1777227128381000,0.0,0.9999746,-0.0015098373,0.0011255521,0.0068691676,0.0,0.0,-0.4929592
1777227128429000,0.0,0.99997497,-0.0011924326,0.0011996364,0.006868894,0.0,0.0,-0.49060082
1777227128485000,0.0,0.9999756,-0.0009639828,0.000824659,0.0068682656,0.0,0.0,-0.49519545
1777227128533000,0.0,0.99997544,-0.0011392962,0.0007806108,0.0068683615,0.0,0.0,-0.49261218
1777227128581000,0.0,0.9999758,-0.0010319214,0.00049642764,0.0068679876,0.0,0.0,-0.4928377
1777227128637000,0.0,0.9999758,-0.0009479891,0.0005685171,0.0068680127,0.0,0.0,-0.4880089
1777227128685000,0.0,0.999976,-0.0008364476,0.00044093668,0.006867843,0.0,0.0,-0.49524614
1777227128733000,0.0,0.999976,-0.0008327202,0.00044793653,0.006867848,0.0,0.0,-0.4926088
1777227128789000,0.0,0.99997616,-0.00066594675,5.958136e-05,0.006867516,0.0,0.0,-0.4904292
1777227128829000,0.0,0.9999762,-0.0005553938,-0.00013915186,0.0068673976,0.0,0.0,-0.49039385
1777227128885000,0.0,0.99997634,0.00014202314,-0.00031470426,0.0068675177,0.0,0.0,-0.49497613
1777227128933000,0.0,0.9999762,0.00041506955,-0.00039438927,0.006867637,0.0,0.0,-0.49253985
1777227128981000,0.0,0.99997604,0.0008035913,-0.00031511756,0.0068677277,0.0,0.0,-0.4924823
1777227129029000,0.0,0.9999762,0.0006442012,-0.00017899665,0.0068675913,0.0,0.0,-0.49017978
1777227129085000,0.0,0.9999759,0.000760409,-0.00065958855,0.0068679727,0.0,0.0,-0.49496844
1777227129133000,0.0,0.99997586,0.0006730157,-0.00078735873,0.006867999,0.0,0.0,-0.49248037
1777227129181000,0.0,0.99997604,0.0006194631,-0.0006011019,0.0068678427,0.0,0.0,-0.4927327
1777227129237000,0.0,0.9999761,0.00064185204,-0.0003927723,0.0068677254,0.0,0.0,-0.48806763
1777227129285000,0.0,0.99997586,0.00081321644,-0.00064153154,0.006867993,0.0,0.0,-0.49489522
1777227129333000,0.0,0.99997556,0.0007798938,-0.001015329,0.0068682567,0.0,0.0,-0.4924686
1777227129381000,0.0,0.9999758,0.0008832284,-0.00066468224,0.0068680593,0.0,0.0,-0.4927982
1777227129429000,0.0,0.9999759,0.0006503843,-0.0006863453,0.006867917,0.0,0.0,-0.49030915
1777227129485000,0.0,0.9999757,0.00095537555,-0.00073998066,0.0068681785,0.0,0.0,-0.49498695
1777227129533000,0.0,0.99997574,0.0010844569,-0.00047398606,0.0068679904,0.0,0.0,-0.49262065
1777227129581000,0.0,0.9999756,0.0011726727,-0.00041780306,0.0068679666,0.0,0.0,-0.49267167
1777227129629000,0.0,0.9999755,0.0012385241,-0.00047370404,0.006868064,0.0,0.0,-0.49033883
1777227129685000,0.0,0.9999757,0.0011564225,-0.00035071486,0.0068678833,0.0,0.0,-0.49272057
1777227129733000,0.0,0.9999758,0.0010352201,-0.00038757524,0.0068678777,0.0,0.0,-0.49856517
1777227129789000,0.0,0.9999758,0.0011008881,-0.00019935594,0.006867697,0.0,0.0,-0.5104012
1777227129837000,0.0,0.99997604,0.00078949233,-0.00024931016,0.0068676723,0.0,0.0,-0.515401
1777227129885000,0.0,0.9999761,0.00077008334,-0.00018116452,0.006867616,0.0,0.0,-0.53539056
1777227129933000,0.0,0.99997616,0.0005786781,-0.00033491262,0.0068676686,0.0,0.0,-0.5401805
1777227129981000,0.0,0.9999756,0.0012340348,-0.00034100824,0.0068678996,0.0,0.0,-0.5566067
1777227130029000,0.0,0.99997544,0.0013241061,-0.00042882853,0.006868046,0.0,0.0,-0.5605368
1777227130085000,0.0,0.99997556,0.0012970135,-0.0002758494,0.006867836,0.0,0.0,-0.55666953
1777227130133000,0.0,0.9999754,0.0013064876,-0.00047983497,0.0068681045,0.0,0.0,-0.54288334
1777227130181000,0.0,0.99997556,0.0012454073,-0.00029679664,0.0068678474,0.0,0.0,-0.53525615
1777227130229000,0.0,0.9999758,0.0010353749,-0.00030048157,0.0068677873,0.0,0.0,-0.522389
1777227130285000,0.0,0.9999756,0.0011393,-0.0005017138,0.0068680476,0.0,0.0,-0.51267606
1777227130333000,0.0,0.9999756,0.0012151698,-0.00040310138,0.0068679675,0.0,0.0,-0.50057644
1777227130381000,0.0,0.9999758,0.0010752995,-0.00030891594,0.0068678088,0.0,0.0,-0.49246728
1777227130429000,0.0,0.99997604,0.0008327128,-0.00028539388,0.006867713,0.0,0.0,-0.4813639
1777227130485000,0.0,0.9999758,0.0009793058,-0.00045083358,0.006867917,0.0,0.0,-0.47109553
1777227130533000,0.0,0.99997604,0.00079832174,-0.00032823856,0.006867736,0.0,0.0,-0.4606774
1777227130581000,0.0,0.9999759,0.00096555654,-0.00028456943,0.006867751,0.0,0.0,-0.45115378
1777227130629000,0.0,0.999976,0.0009324372,-0.00015694147,0.0068676234,0.0,0.0,-0.4409659
1777227130685000,0.0,0.9999763,0.0004873487,-0.00017524872,0.0068675596,0.0,0.0,-0.42892674
1777227130733000,0.0,0.99997634,0.00035999733,-0.0001393325,0.006867525,0.0,0.0,-0.4197373
1777227130781000,0.0,0.9999762,0.00063804956,0.000100625,0.0068674115,0.0,0.0,-0.4183523
1777227130837000,0.0,0.99997646,0.0,0.0,0.0068674744,0.0,0.0,-0.42232364
1777227130885000,0.0,0.9999764,0.00015887302,-6.7540255e-05,0.0068674847,0.0,0.0,-0.42953333
1777227130933000,0.0,0.9999764,0.0001612011,6.177811e-05,0.006867464,0.0,0.0,-0.43289578
1777227130989000,0.0,0.99997646,0.0,0.0,0.0068674744,0.0,0.0,-0.43777516
1777227131029000,0.0,0.99997646,0.0,0.0,0.0068674744,0.0,0.0,-0.44105348
1777227131085000,0.0,0.9999764,-0.00012568888,0.000118341166,0.006867489,0.0,0.0,-0.44643885
1777227131133000,0.0,0.99997634,-0.00037050873,-0.00020380679,0.006867399,0.0,0.0,-0.44829136
1777227131181000,0.0,0.99997634,-0.00025293263,0.00023501996,0.0068675335,0.0,0.0,-0.45235133
1777227131229000,0.0,0.99997634,-0.00033316208,9.0621914e-05,0.0068675047,0.0,0.0,-0.45307812
1777227131285000,0.0,0.99997634,-0.00038206825,-5.509501e-05,0.006867454,0.0,0.0,-0.45646626
1777227131333000,0.0,0.99997634,-0.00029035387,0.00025437426,0.0068675485,0.0,0.0,-0.45693567
1777227131381000,0.0,0.99997616,-0.00061541225,0.0004330261,0.0068677394,0.0,0.0,-0.45969623
1777227131437000,0.0,0.99997634,-0.000331208,9.752212e-05,0.0068675065,0.0,0.0,-0.45928863
1777227131485000,0.0,0.9999764,-0.0001586156,6.814257e-05,0.0068674847,0.0,0.0,-0.46224236
1777227131533000,0.0,0.9999762,-0.00051388156,0.00025249028,0.0068676043,0.0,0.0,-0.4622153
1777227131589000,0.0,0.9999762,-0.0006009631,0.00023680367,0.006867618,0.0,0.0,-0.46320283
1777227131637000,0.0,0.9999763,-0.00056942785,-5.9811893e-05,0.0068674404,0.0,0.0,-0.4628992
1777227131685000,0.0,0.99997646,0.0,0.0,0.0068674744,0.0,0.0,-0.46505606
1777227131733000,0.0,0.9999764,0.0,0.0,0.006867474,0.0,0.0,-0.46460283
1777227131781000,0.0,0.99997634,-0.00031453822,-0.00014239034,0.00686743,0.0,0.0,-0.46609694
1777227131829000,0.0,0.9999764,-0.0001617367,-6.0361963e-05,0.006867464,0.0,0.0,-0.4659422
1777227131885000,0.0,0.9999764,-8.728984e-05,-0.00014893895,0.006867461,0.0,0.0,-0.46745476
1777227131933000,0.0,0.99997634,-0.00014841135,0.00031174254,0.0068675196,0.0,0.0,-0.46747252
1777227131989000,0.0,0.9999763,-0.0005024569,0.00012553112,0.006867538,0.0,0.0,-0.4682944
1777227132029000,0.0,0.99997634,-0.0003828135,4.9653718e-05,0.006867494,0.0,0.0,-0.4686898
1777227132085000,0.0,0.9999764,-0.0003452658,8.833525e-07,0.006867474,0.0,0.0,-0.47015548
1777227132133000,0.0,0.99997634,-0.00031456148,0.00014233886,0.0068675196,0.0,0.0,-0.47012067
1777227132181000,0.0,0.9999764,-0.00013141232,-0.000111951456,0.006867459,0.0,0.0,-0.4711912
1777227132237000,0.0,0.99997634,-0.00018972204,0.00028846983,0.006867528,0.0,0.0,-0.47061402
1777227132285000,0.0,0.9999764,-8.735516e-05,0.00014890064,0.006867486,0.0,0.0,-0.47247863
1777227132333000,0.0,0.9999764,0.0,0.0,0.006867474,0.0,0.0,-0.4723831
1777227132389000,0.0,0.9999764,0.00029843635,0.00017362327,0.0068674223,0.0,0.0,-0.47303525
1777227132437000,0.0,0.99997634,0.0003127049,-0.00022633445,0.006867545,0.0,0.0,-0.4730244
1777227132485000,0.0,0.99997634,0.0003934142,-0.00015504601,0.0068675354,0.0,0.0,-0.47457337
1777227132533000,0.0,0.9999763,0.0005000169,0.0002191034,0.006867365,0.0,0.0,-0.47457686
1777227132589000,0.0,0.9999763,0.00048762662,0.00024544544,0.0068673547,0.0,0.0,-0.47472453
1777227132637000,0.0,0.9999763,0.00050153595,-0.0002762015,0.0068676127,0.0,0.0,-0.47443262
1777227132685000,0.0,0.99997634,0.0004089545,-0.00010756461,0.0068675186,0.0,0.0,-0.475935
1777227132733000,0.0,0.9999764,0.00012549956,0.00011854193,0.006867459,0.0,0.0,-0.47582823
1777227132789000,0.0,0.99997634,0.0004211415,-3.8128917e-05,0.0068674916,0.0,0.0,-0.47623792
1777227132837000,0.0,0.99997634,0.00038361832,0.00034793385,0.0068673403,0.0,0.0,-0.4762622
1777227132885000,0.0,0.9999762,0.00063237903,0.00013164067,0.0068673925,0.0,0.0,-0.47778675
1777227132933000,0.0,0.9999761,0.0007836455,0.00010839107,0.0068673915,0.0,0.0,-0.47776073
1777227132989000,0.0,0.99997616,0.00074988644,6.2566134e-05,0.0068674292,0.0,0.0,-0.4781498
1777227133029000,0.0,0.99997634,0.00051198987,7.8021476e-05,0.0068674358,0.0,0.0,-0.478509
1777227133085000,0.0,0.99997634,0.00039899736,0.00014005371,0.006867419,0.0,0.0,-0.47919616
1777227133133000,0.0,0.99997634,0.00016301489,0.00030436073,0.0068674237,0.0,0.0,-0.47914425
1777227133181000,0.0,0.99997634,0.00031789855,0.00027884485,0.0068673855,0.0,0.0,-0.4800876
1777227133229000,0.0,0.9999763,0.0002359836,0.00049227534,0.0068673557,0.0,0.0,-0.4801174
1777227133285000,0.0,0.9999763,0.00045933743,0.00023922797,0.006867364,0.0,0.0,-0.4808485
1777227133333000,0.0,0.99997634,0.00019026382,0.00028811276,0.0068674185,0.0,0.0,-0.48079664
1777227133381000,-0.005585054,0.99996233,0.0046398877,-0.0026102592,0.0068572485,0.0,0.0,-0.4810395
1777227133429000,-0.019547688,0.99991494,0.0005055202,-0.011241644,0.006598247,0.0,0.0,-0.4809004
1777227133485000,-0.0418879,0.99965036,1.4088713e-05,-0.025841447,0.005605605,0.0,0.0,-0.48204732
1777227133533000,-0.055850536,0.9993719,0.00023957032,-0.035132956,0.004633329,0.0,0.0,-0.48219946
1777227133581000,-0.06308556,0.99880844,8.332422e-05,-0.048720215,0.0028442147,0.0,0.0,-0.4835941
1777227133629000,-0.04912293,0.99831367,0.00032116196,-0.058022715,0.0017381535,0.0,0.0,-0.48412105
1777227133685000,-0.026782716,0.9972848,0.0007582888,-0.07363517,0.0005655386,0.0,0.0,-0.486181
1777227133733000,-0.012820082,0.9965722,0.0009377157,-0.08272234,0.00019433486,0.0,0.0,-0.48676804
1777227133781000,0.0,0.9952803,0.0014481155,-0.09703103,0.00014117846,0.0,0.0,-0.48883334
1777227133837000,0.0,0.9945209,0.0009834075,-0.10453347,0.00010336536,0.0,0.0,-0.488778
1777227133885000,0.0,0.9925843,0.0012774891,-0.12155176,0.00015644121,0.0,0.0,-0.49202758
1777227133933000,0.0,0.99159724,0.0012033337,-0.12935798,0.00015697989,0.0,0.0,-0.4927295
1777227133981000,0.0,0.9896688,0.0011161705,-0.14336847,0.00016169416,0.0,0.0,-0.4954536
1777227134029000,0.0,0.9886317,0.0012190326,-0.15035233,0.00018539197,0.0,0.0,-0.49646786
1777227134085000,0.0,0.98620236,0.0006293796,-0.16554312,0.00010564717,0.0,0.0,-0.5001639
1777227134133000,0.0,0.9851829,0.0003550156,-0.1715068,6.1803345e-05,0.0,0.0,-0.501059
1777227134181000,0.0,0.9840058,0.00010880675,-0.17813623,1.9697467e-05,0.0,0.0,-0.5024402
1777227134237000,0.0,0.98476696,0.00013785668,-0.17387927,2.4341207e-05,0.0,0.0,-0.49995136
1777227134285000,0.0,0.9838347,0.00035426568,-0.17907892,6.448392e-05,0.0,0.0,-0.5018759
1777227134333000,0.0,0.98432785,0.0005143628,-0.1763477,9.215092e-05,0.0,0.0,-0.5011152
1777227134381000,0.0,0.9839152,0.00069599727,-0.1786347,0.00012636177,0.0,0.0,-0.50294167
1777227134429000,0.0,0.98447746,0.00081808836,-0.17550915,0.0001458459,0.0,0.0,-0.50276583
1777227134485000,0.0,0.9841336,0.0012398686,-0.17742445,0.00022352957,0.0,0.0,-0.50442404
1777227134533000,0.0,0.9848538,0.0012420601,-0.17338252,0.00021866345,0.0,0.0,-0.5040219
1777227134581000,0.0,0.98453665,0.0015913498,-0.17517136,0.0002831372,0.0,0.0,-0.50584906
1777227134629000,0.0,0.9852746,0.0023014932,-0.17096359,0.00039935223,0.0,0.0,-0.50526536
1777227134685000,0.0,0.98504883,0.0024821456,-0.17225702,0.00043405665,0.0,0.0,-0.50721395
1777227134733000,0.0,0.98584783,0.0028883063,-0.1676169,0.0004910787,0.0,0.0,-0.5066925
1777227134781000,0.0,0.98559225,0.003135635,-0.16910905,0.00053801585,0.0,0.0,-0.50820714
1777227134837000,0.0,0.986951,0.0032684335,-0.16098714,0.0005331327,0.0,0.0,-0.50654626
1777227134885000,0.0,0.9861472,0.0034313065,-0.16583611,0.0005770279,0.0,0.0,-0.50915474
1777227134933000,0.0,0.98696846,0.0034964567,-0.16087477,0.0005699186,0.0,0.0,-0.5084692
1777227134981000,0.0,0.9866776,0.0031314655,-0.16265683,0.0005162317,0.0,0.0,-0.50961834
1777227135029000,0.0,0.9874538,0.0032973585,-0.15787303,0.00052717817,0.0,0.0,-0.50862867
1777227135085000,0.0,0.9870993,0.0032217111,-0.16007607,0.000522459,0.0,0.0,-0.50954646
1777227135133000,0.0,0.98788446,0.002777442,-0.15516554,0.0004362487,0.0,0.0,-0.5086135
1777227135181000,0.0,0.987422,0.0029342421,-0.15807904,0.0004697507,0.0,0.0,-0.51004684
1777227135237000,0.0,0.98981625,0.002720323,-0.14232461,0.00039115237,0.0,0.0,-0.50584257
1777227135285000,0.0,0.99038243,0.0024697944,-0.1383344,0.00034497536,0.0,0.0,-0.50501853
1777227135333000,0.0,0.9920566,0.0024876012,-0.12576744,0.0003153643,0.0,0.0,-0.5025729
1777227135381000,0.0,0.99292237,0.0020832445,-0.118746415,0.00024914113,0.0,0.0,-0.5014847
1777227135429000,0.0,0.99436635,0.0020924718,-0.10597715,0.00022301056,0.0,0.0,-0.49984756
1777227135485000,0.0,0.99529624,0.0018217742,-0.096861176,0.00017729316,0.0,0.0,-0.49895692
1777227135533000,0.0,0.99646735,0.0015266672,-0.08396695,0.00012864405,0.0,0.0,-0.49779367
1777227135589000,0.0,0.9974185,0.0011349928,-0.07179888,8.170213e-05,0.0,0.0,-0.49655718
1777227135629000,0.0,0.9980018,0.0009225553,-0.063179485,5.840327e-05,0.0,0.0,-0.49585104
1777227135685000,0.0,0.998594,0.00064768555,-0.053006057,3.4379595e-05,0.0,0.0,-0.49467087
1777227135733000,0.0,0.9991855,0.00014069244,-0.040352445,5.6819113e-06,0.0,0.0,-0.50192755
1777227135781000,0.0,0.99951166,-0.00045676265,-0.031245237,-1.4278629e-05,0.0,0.0,-0.5038003
1777227135829000,0.0,0.9998439,-0.00079174916,-0.017651692,-1.3977892e-05,0.0,0.0,-0.50271463
1777227135885000,0.0,0.999977,-0.0013587162,-0.006648193,-9.033216e-06,0.0,0.0,-0.50177175
1777227135933000,0.0,0.99997723,-0.0020201975,0.006443319,1.3017072e-05,0.0,0.0,-0.5008167
1777227135981000,0.0,0.9998899,-0.0023662404,0.014651617,3.4673067e-05,0.0,0.0,-0.49939612
1777227136037000,0.0,0.99974024,-0.0027644949,0.022623926,6.255998e-05,0.0,0.0,-0.49866176
1777227136085000,0.0,0.9998584,-0.0027571945,0.016603282,4.578496e-05,0.0,0.0,-0.49753082
1777227136133000,0.0,0.9997887,-0.003303385,0.020290747,6.7042325e-05,0.0,0.0,-0.49672133
1777227136181000,0.0,0.99985117,-0.0036212394,0.016871328,6.110422e-05,0.0,0.0,-0.49590614
1777227136237000,0.0,0.9997154,-0.0039828504,0.023521096,9.3707684e-05,0.0,0.0,-0.49537826
1777227136285000,0.0,0.9998519,-0.0038613568,0.016772747,6.477516e-05,0.0,0.0,-0.4948489
1777227136333000,0.0,0.99978167,-0.0041320208,0.020483172,8.4655374e-05,0.0,0.0,-0.49467567
1777227136381000,0.0,0.99984056,-0.0047635934,0.017209396,8.1991646e-05,0.0,0.0,-0.49419698
1777227136429000,0.0,0.99976826,-0.0048084212,0.02098487,0.0001009275,0.0,0.0,-0.49430874
1777227136485000,0.0,0.99982774,-0.0052465014,0.017802514,9.341702e-05,0.0,0.0,-0.4938935
1777227136533000,0.0,0.99975395,-0.005333322,0.02152773,0.00011484256,0.0,0.0,-0.49393284
1777227136581000,0.0,0.99982476,-0.0051808152,0.017987357,9.320551e-05,0.0,0.0,-0.4936291
1777227136637000,0.0,0.99966836,-0.005081229,0.02524623,0.00012832445,0.0,0.0,-0.49368888
1777227136685000,0.0,0.9998176,-0.005083689,0.018411037,9.3613075e-05,0.0,0.0,-0.4933758
1777227136733000,0.0,0.99975437,-0.0050159898,0.02158731,0.000108308326,0.0,0.0,-0.49321383
1777227136789000,0.0,0.99975806,-0.004826981,0.021460917,0.0001036165,0.0,0.0,-0.49294984
1777227136837000,0.0,0.9996855,-0.0048205517,0.024608767,0.00011866514,0.0,0.0,-0.49286133
1777227136885000,0.0,0.9998372,-0.0048689977,0.017372215,8.459905e-05,0.0,0.0,-0.4924665
1777227136933000,0.0,0.99977595,-0.0050493795,0.020556064,0.00010381863,0.0,0.0,-0.49259967
1777227136989000,0.0,0.9997881,-0.0051160897,0.019939529,0.00010203404,0.0,0.0,-0.49229604
1777227137037000,0.0,0.9997239,-0.0050560483,0.02294612,0.00011604872,0.0,0.0,-0.4923097
1777227137085000,0.0,0.9998653,-0.0051809438,0.015575643,8.0707396e-05,0.0,0.0,-0.49201465
1777227137133000,0.0,0.9998238,-0.004972751,0.01809958,9.002057e-05,0.0,0.0,-0.49221414
1777227137189000,0.0,0.9998469,-0.004681946,0.016864682,7.897162e-05,0.0,0.0,-0.4920332
1777227137229000,0.0,0.9998539,-0.0048415866,0.016393322,7.938128e-05,0.0,0.0,-0.49219435
1777227137285000,0.0,0.99992037,-0.0047102845,0.011707981,5.515231e-05,0.0,0.0,-0.49197656
1777227137333000,0.0,0.9998895,-0.004665015,0.014114599,6.5852095e-05,0.0,0.0,-0.4918962
1777227137381000,0.0,0.9999443,-0.0044551794,0.009563631,4.2610063e-05,0.0,0.0,-0.4916726
1777227137429000,0.0,0.9999208,-0.004442998,0.011775362,5.232206e-05,0.0,0.0,-0.49170747
1777227137485000,0.0,0.9999671,-0.0041258843,0.006986444,2.8826207e-05,0.0,0.0,-0.49164444
1777227137533000,0.0,0.99995327,-0.0038022033,0.008888382,3.3797016e-05,0.0,0.0,-0.491497
1777227137581000,0.0,0.9999853,-0.0036937532,0.003967529,1.4655287e-05,0.0,0.0,-0.49150673
1777227137629000,0.0,0.99997693,-0.0034266685,0.005864465,2.009604e-05,0.0,0.0,-0.49152872
1777227137685000,0.0,0.99999565,-0.0029036722,0.0004910855,1.4259576e-06,0.0,0.0,-0.4911855
1777227137733000,0.0,0.9999926,-0.0028942684,0.0025425907,7.3589945e-06,0.0,0.0,-0.49098334
1777227137781000,0.0,0.9999918,-0.0029798707,-0.0027570005,-8.215573e-06,0.0,0.0,-0.49082354
1777227137829000,0.0,0.9999956,-0.0027992562,-0.0010076982,-2.8208178e-06,0.0,0.0,-0.4906186
1777227137885000,0.0,0.9999774,-0.00272093,-0.0061511355,-1.6737187e-05,0.0,0.0,-0.4905122
1777227137933000,0.0,0.9999896,-0.0026401603,-0.003703021,-9.776669e-06,0.0,0.0,-0.49007517
1777227137981000,0.0,0.9999556,-0.0023628827,-0.009124558,-2.1561216e-05,0.0,0.0,-0.4901182
1777227138037000,0.0,0.9999913,-0.0021503246,-0.003575005,-7.6874885e-06,0.0,0.0,-0.48994958
1777227138085000,0.0,0.9999297,-0.0021705255,-0.011657452,-2.5304575e-05,0.0,0.0,-0.48997608
1777227138133000,0.0,0.99994934,-0.0022123943,-0.009818524,-2.1723547e-05,0.0,0.0,-0.49000958
1777227138189000,0.0,0.9999355,-0.0020618802,-0.011167063,-2.3026632e-05,0.0,0.0,-0.48996538
1777227138229000,0.0,0.99992394,-0.0019383046,-0.01217762,-2.3605733e-05,0.0,0.0,-0.49007294
1777227138285000,0.0,0.99984664,-0.0015901058,-0.017442103,-2.7739046e-05,0.0,0.0,-0.4900823
1777227138333000,0.0,0.99988174,-0.0015802403,-0.015296544,-2.4175075e-05,0.0,0.0,-0.4900526
1777227138389000,0.0,0.99986386,-0.0013763289,-0.016442325,-2.2633127e-05,0.0,0.0,-0.49015516
1777227138437000,0.0,0.999896,-0.0015034042,-0.014344338,-2.1567583e-05,0.0,0.0,-0.48990712
1777227138485000,0.0,0.9997544,-0.0012652569,-0.022123564,-2.7998865e-05,0.0,0.0,-0.49015126
1777227138533000,0.0,0.9998076,-0.0012742326,-0.019575844,-2.4948979e-05,0.0,0.0,-0.48998415
1777227138581000,0.0,0.99970645,-0.0010114729,-0.024206681,-2.449159e-05,0.0,0.0,-0.48991683
1777227138629000,0.0,0.9997683,-0.0007437778,-0.021512404,-1.6004156e-05,0.0,0.0,-0.48983377
1777227138685000,0.0,0.99966145,-0.00066483876,-0.026011102,-1.7299046e-05,0.0,0.0,-0.48987803
1777227138733000,0.0,0.99972254,-0.0003783596,-0.023553051,-8.913997e-06,0.0,0.0,-0.48980325
1777227138781000,0.0,0.999615,-0.00047604044,-0.02774269,-1.3211729e-05,0.0,0.0,-0.49013087
1777227138829000,0.0,0.999692,-0.0007658035,-0.024804812,-1.9001465e-05,0.0,0.0,-0.4898518
1777227138885000,0.0,0.9995804,-0.0010298091,-0.028949669,-2.9825154e-05,0.0,0.0,-0.4900582
1777227138933000,0.0,0.99965656,-0.0011108151,-0.026185486,-2.9097233e-05,0.0,0.0,-0.48964193
1777227138981000,0.0,0.9995553,-0.0010271794,-0.029801462,-3.0625066e-05,0.0,0.0,-0.48976117
1777227139029000,0.0,0.9996395,-0.0009064628,-0.026833503,-2.4332343e-05,0.0,0.0,-0.4897109
1777227139085000,0.0,0.9995242,-0.0007929089,-0.030835696,-2.4461538e-05,0.0,0.0,-0.48986006
1777227139133000,0.0,0.99961174,-0.0007452518,-0.027854702,-2.0766829e-05,0.0,0.0,-0.48963568
1777227139189000,0.0,0.9995915,-0.0010092555,-0.028563838,-2.8839995e-05,0.0,0.0,-0.48983127
1777227139229000,0.0,0.9995831,-0.0010763141,-0.02885362,-3.1068517e-05,0.0,0.0,-0.49002987
1777227139285000,0.0,0.9994687,-0.0011668848,-0.03257393,-3.8030237e-05,0.0,0.0,-0.49015325
1777227139333000,0.0,0.99956465,-0.0012017641,-0.029480191,-3.5443663e-05,0.0,0.0,-0.49024165
1777227139389000,0.0,0.9995581,-0.0012268267,-0.029700236,-3.6453148e-05,0.0,0.0,-0.49020478
1777227139437000,0.0,0.9996507,-0.00090313406,-0.026413282,-2.3863071e-05,0.0,0.0,-0.4899866
1777227139485000,0.0,0.99944466,-0.0009147054,-0.03330973,-3.048552e-05,0.0,0.0,-0.49027625
1777227139533000,0.0,0.9995615,-0.00096703204,-0.02959626,-2.8633089e-05,0.0,0.0,-0.49020872
1777227139581000,0.0,0.9994588,-0.0010456014,-0.03287991,-3.4397908e-05,0.0,0.0,-0.4905545
1777227139629000,0.0,0.9995675,-0.0008613917,-0.029392906,-2.5329755e-05,0.0,0.0,-0.4905008
1777227139685000,0.0,0.999462,-0.0007091078,-0.032791335,-2.326511e-05,0.0,0.0,-0.49082974
1777227139733000,0.0,0.9995808,-0.0005302538,-0.028948205,-1.5356334e-05,0.0,0.0,-0.49051365
1777227139789000,0.0,0.9995947,-0.00048352263,-0.028466813,-1.3769931e-05,0.0,0.0,-0.49054345
1777227139829000,0.0,0.9996101,-0.00037390928,-0.027920399,-1.0443768e-05,0.0,0.0,-0.49076486
1777227139885000,0.0,0.9995362,-0.00033172086,-0.03045174,-1.0106165e-05,0.0,0.0,-0.49096015
1777227139933000,0.0,0.9996434,-0.00056444894,-0.026698152,-1.507512e-05,0.0,0.0,-0.4909614
1777227139981000,0.0,0.9995784,-0.0006753785,-0.029026922,-1.9612427e-05,0.0,0.0,-0.49083328
1777227140037000,0.0,0.99977493,-0.00076987996,-0.021203801,-1.6328058e-05,0.0,0.0,-0.4904377
1777227140085000,0.0,0.9996125,-0.0005177182,-0.02783043,-1.4413903e-05,0.0,0.0,-0.49099836
1777227140133000,0.0,0.99971324,-0.00043742923,-0.023943577,-1.0476626e-05,0.0,0.0,-0.49080244
1777227140181000,0.0,0.99963164,-0.0006127066,-0.027132252,-1.6630236e-05,0.0,0.0,-0.49105164
1777227140229000,0.0,0.99972963,-0.0005941188,-0.023246726,-1.3815052e-05,0.0,0.0,-0.49082562
1777227140285000,0.0,0.9996591,-0.00063625135,-0.0261016,-1.6612845e-05,0.0,0.0,-0.4908595
1777227140333000,0.0,0.99976295,-0.00091900857,-0.021754326,-1.9997155e-05,0.0,0.0,-0.49076954
1777227140381000,0.0,0.99971086,-0.0011128644,-0.024019914,-2.673864e-05,0.0,0.0,-0.49060115
1777227140429000,0.0,0.9998004,-0.0014010194,-0.019931609,-2.7930146e-05,0.0,0.0,-0.49066627
1777227140485000,0.0,0.9997429,-0.0011483596,-0.022643143,-2.6009155e-05,0.0,0.0,-0.49060678
1777227140533000,0.0,0.9998219,-0.0012201187,-0.018832918,-2.2982493e-05,0.0,0.0,-0.49027568
1777227140581000,0.0,0.999759,-0.0014105517,-0.02190762,-3.090928e-05,0.0,0.0,-0.4904131
1777227140637000,0.0,0.9998878,-0.0017343672,-0.014878631,-2.5807902e-05,0.0,0.0,-0.49027935
1777227140685000,0.0,0.9997656,-0.0018484271,-0.021573218,-3.988587e-05,0.0,0.0,-0.49048775
1777227140733000,0.0,0.9998377,-0.0020143194,-0.017904725,-3.6071695e-05,0.0,0.0,-0.4905359
1777227140781000,0.0,0.99977976,-0.001849345,-0.020905938,-3.867081e-05,0.0,0.0,-0.49071088
1777227140837000,0.0,0.9998941,-0.0018114167,-0.01444242,-2.616401e-05,0.0,0.0,-0.490516
1777227140885000,0.0,0.9997732,-0.0017760447,-0.0212228,-3.7701193e-05,0.0,0.0,-0.49098358
1777227140933000,0.0,0.9998437,-0.0015927108,-0.01760936,-2.8051007e-05,0.0,0.0,-0.4907217
1777227140981000,0.0,0.9997773,-0.0018023303,-0.021025883,-3.790403e-05,0.0,0.0,-0.4907894
1777227141037000,0.0,0.99990124,-0.0016630152,-0.013955795,-2.321099e-05,0.0,0.0,-0.49039033
1777227141085000,0.0,0.99978316,-0.001322734,-0.020783734,-2.7497317e-05,0.0,0.0,-0.49071562
1777227141133000,0.0,0.99985147,-0.0015416987,-0.017168354,-2.6472362e-05,0.0,0.0,-0.49067235
1777227141189000,0.0,0.9998524,-0.0014134164,-0.017123787,-2.4206614e-05,0.0,0.0,-0.49066156
1777227141237000,0.0,0.99990743,-0.0014585124,-0.013529027,-1.9734081e-05,0.0,0.0,-0.4907163
1777227141285000,0.0,0.9997868,-0.0012499489,-0.020612597,-2.5770189e-05,0.0,0.0,-0.49083292
1777227141333000,0.0,0.99985576,-0.0013765169,-0.01692726,-2.3304023e-05,0.0,0.0,-0.49069798
1777227141381000,0.0,0.99979144,-0.0014123614,-0.020375922,-2.8784172e-05,0.0,0.0,-0.49120653
1777227141429000,0.0,0.9998575,-0.0009371577,-0.016857667,-1.5800544e-05,0.0,0.0,-0.49085507
1777227141485000,0.0,0.99978757,-0.0012132701,-0.020575717,-2.4969208e-05,0.0,0.0,-0.49085644
1777227141533000,0.0,0.99986005,-0.001520697,-0.01666285,-2.5342695e-05,0.0,0.0,-0.49069026
1777227141581000,0.0,0.9997952,-0.0017422697,-0.020163523,-3.5137495e-05,0.0,0.0,-0.49089345
1777227141629000,0.0,0.9998602,-0.0017677398,-0.016625015,-2.9392808e-05,0.0,0.0,-0.49057615
1777227141685000,0.0,0.9997947,-0.001467155,-0.02021049,-2.965801e-05,0.0,0.0,-0.4908866
1777227141733000,0.0,0.9998545,-0.0015279116,-0.01699074,-2.5964124e-05,0.0,0.0,-0.49061182
1777227141789000,0.0,0.9998421,-0.0018199357,-0.017676068,-3.217439e-05,0.0,0.0,-0.49079272
1777227141829000,0.0,0.9998461,-0.0017050693,-0.017461987,-2.9778479e-05,0.0,0.0,-0.4909269
1777227141885000,0.0,0.99977255,-0.001864149,-0.021246824,-3.961626e-05,0.0,0.0,-0.49080816
1777227141933000,0.0,0.9998379,-0.0021257538,-0.017882675,-3.802033e-05,0.0,0.0,-0.4904059
1777227141981000,0.0,0.9997704,-0.0019665381,-0.021338392,-4.1972402e-05,0.0,0.0,-0.4904117
1777227142029000,0.0,0.99984014,-0.0020507476,-0.017761867,-3.643093e-05,0.0,0.0,-0.49018383
1777227142085000,0.0,0.99976194,-0.0017860755,-0.021748362,-3.8853475e-05,0.0,0.0,-0.49049005
1777227142133000,0.0,0.9998279,-0.0019211951,-0.018452534,-3.545702e-05,0.0,0.0,-0.49048445
1777227142189000,0.0,0.9998232,-0.0020070095,-0.018696964,-3.753162e-05,0.0,0.0,-0.49038622
1777227142229000,0.0,0.99982786,-0.0019824624,-0.01845009,-3.658291e-05,0.0,0.0,-0.49040088
1777227142285000,0.0,0.99974024,-0.0018441103,-0.022714848,-4.1899562e-05,0.0,0.0,-0.49048448
1777227142333000,0.0,0.99981743,-0.0019097686,-0.019014478,-3.631989e-05,0.0,0.0,-0.49016824
1777227142381000,0.0,0.99974394,-0.001654208,-0.022568937,-3.7343278e-05,0.0,0.0,-0.49026537
1777227142437000,0.0,0.99987596,-0.0015723817,-0.0156717,-2.4644949e-05,0.0,0.0,-0.49008262
1777227142485000,0.0,0.99974096,-0.001614465,-0.022702157,-3.6661335e-05,0.0,0.0,-0.49047253
1777227142533000,0.0,0.9998129,-0.0016795091,-0.019270375,-3.2370826e-05,0.0,0.0,-0.4900843
1777227142589000,0.0,0.9998189,-0.0016336087,-0.018961767,-3.0981722e-05,0.0,0.0,-0.48993886
1777227142637000,0.0,0.99987215,-0.0015374304,-0.015916664,-2.4473893e-05,0.0,0.0,-0.48994687
1777227142685000,0.0,0.9997373,-0.0015585978,-0.022866277,-3.564869e-05,0.0,0.0,-0.49021634
1777227142733000,0.0,0.9998116,-0.0014681367,-0.019355498,-2.8421875e-05,0.0,0.0,-0.4901147
1777227142789000,0.0,0.99980766,-0.0015161514,-0.019554025,-2.9652567e-05,0.0,0.0,-0.4903276
1777227142829000,0.0,0.9998049,-0.0015702341,-0.019691018,-3.092554e-05,0.0,0.0,-0.4903161
1777227142885000,0.0,0.99972564,-0.0016072358,-0.023368938,-3.75697e-05,0.0,0.0,-0.49033478
1777227142933000,0.0,0.9998021,-0.0016458359,-0.019825896,-3.263663e-05,0.0,0.0,-0.4899469
1777227142989000,0.0,0.9998076,-0.0015992942,-0.019551208,-3.1274154e-05,0.0,0.0,-0.48963568
1777227143037000,0.0,0.99986726,-0.0013990444,-0.016232437,-2.2712913e-05,0.0,0.0,-0.4895624
1777227143085000,0.0,0.99972504,-0.0013553585,-0.0234091,-3.173645e-05,0.0,0.0,-0.4901017
1777227143133000,0.0,0.99979,-0.001243583,-0.020457692,-2.5446188e-05,0.0,0.0,-0.48990038
1777227143189000,0.0,0.9997883,-0.00081476895,-0.02056276,-1.6757449e-05,0.0,0.0,-0.48978287
1777227143237000,0.0,0.99984497,-0.0008074064,-0.017590938,-1.4205239e-05,0.0,0.0,-0.4895828
1777227143285000,0.0,0.99969757,-0.00061608775,-0.024585735,-1.5151556e-05,0.0,0.0,-0.49026072
1777227143333000,0.0,0.9997628,-0.00033614557,-0.02178003,-7.322999e-06,0.0,0.0,-0.4901939
1777227143381000,0.0,0.99966717,-0.0001939895,-0.02579744,-5.006099e-06,0.0,0.0,-0.49034244
1777227143429000,0.0,0.9997454,0.00024206257,-0.022560915,5.4625434e-06,0.0,0.0,-0.49032995
1777227143485000,0.0,0.99964744,0.0008142196,-0.026541106,2.1617914e-05,0.0,0.0,-0.49065354
1777227143533000,0.0,0.99971634,0.001461274,-0.023772923,3.4748613e-05,0.0,0.0,-0.49042982
1777227143581000,0.0,0.99962956,0.0014310814,-0.027180474,3.891189e-05,0.0,0.0,-0.49074376
1777227143629000,0.0,0.99971825,0.0012183564,-0.023702515,2.8886248e-05,0.0,0.0,-0.49032414
1777227143685000,0.0,0.99963444,0.0011615071,-0.02701134,3.1385334e-05,0.0,0.0,-0.49049857
1777227143733000,0.0,0.99971557,0.0014034124,-0.023807723,3.342156e-05,0.0,0.0,-0.49048683
1777227143781000,0.0,0.99962735,0.0018054589,-0.027237073,4.919375e-05,0.0,0.0,-0.4906012
1777227143837000,0.0,0.999792,0.0019118809,-0.020308737,3.8835966e-05,0.0,0.0,-0.49021065
1777227143885000,0.0,0.9996195,0.0019443274,-0.027515503,5.351951e-05,0.0,0.0,-0.49061483
1777227143933000,0.0,0.99970835,0.0019327651,-0.024072101,4.653929e-05,0.0,0.0,-0.49045655
1777227143981000,0.0,0.9996235,0.0019106085,-0.027373984,5.2320673e-05,0.0,0.0,-0.49060178
1777227144029000,0.0,0.99970883,0.00165622,-0.024071673,3.9879593e-05,0.0,0.0,-0.49052843
1777227144085000,0.0,0.99962133,0.0016664919,-0.027468165,4.5792814e-05,0.0,0.0,-0.4905972
1777227144133000,0.0,0.9997159,0.0015169225,-0.023785733,3.6091365e-05,0.0,0.0,-0.49036974
1777227144181000,0.0,0.9996361,0.0013111979,-0.026943166,3.534068e-05,0.0,0.0,-0.4907785
1777227144229000,0.0,0.9997414,0.0009471392,-0.02272207,2.152653e-05,0.0,0.0,-0.49070457
1777227144285000,0.0,0.9996562,0.00088500144,-0.02620547,2.3199857e-05,0.0,0.0,-0.49099368
1777227144333000,0.0,0.99974877,0.0008076307,-0.022401225,1.8096463e-05,0.0,0.0,-0.49110216
1777227144389000,0.0,0.9997659,0.0006521603,-0.021631414,1.4110456e-05,0.0,0.0,-0.49117756
1777227144429000,0.0,0.99977285,0.00057497853,-0.021304613,1.2252477e-05,0.0,0.0,-0.49124816
1777227144485000,0.0,0.9996904,0.00021033573,-0.024879904,5.234753e-06,0.0,0.0,-0.4913251
1777227144533000,0.0,0.999778,0.00034126977,-0.021068426,7.191614e-06,0.0,0.0,-0.491306
1777227144581000,0.0,0.9996908,0.00018796253,-0.024867503,4.675605e-06,0.0,0.0,-0.4918189
1777227144629000,0.0,0.9997736,0.00026666702,-0.021277813,5.6753775e-06,0.0,0.0,-0.491479
1777227144685000,0.0,0.9997017,0.00015161003,-0.024423966,3.7040236e-06,0.0,0.0,-0.49140972
1777227144733000,0.0,0.99978334,0.00041925543,-0.020813689,8.728143e-06,0.0,0.0,-0.49108076
1777227144789000,0.0,0.99979174,-4.106688e-05,-0.020408712,-8.3829684e-07,0.0,0.0,-0.49118635
1777227144829000,0.0,0.99979484,-0.0001308935,-0.020257363,-2.6521016e-06,0.0,0.0,-0.4909756
1777227144885000,0.0,0.999719,-0.0003919753,-0.023701672,-9.293081e-06,0.0,0.0,-0.49100542
1777227144933000,0.0,0.99980074,-0.00015620673,-0.019961525,-3.1187458e-06,0.0,0.0,-0.4907848
1777227144981000,0.0,0.9997295,-0.0007575634,-0.023242615,-1.7612516e-05,0.0,0.0,-0.49095812
1777227145029000,0.0,0.9998047,-0.0005853418,-0.019756172,-1.1566374e-05,0.0,0.0,-0.49060452
1777227145085000,0.0,0.9997448,-0.00054138235,-0.022585424,-1.2230472e-05,0.0,0.0,-0.49090055
1777227145133000,0.0,0.99982184,-0.0009401168,-0.018852927,-1.772711e-05,0.0,0.0,-0.49077567
1777227145189000,0.0,0.99982554,-0.0010398378,-0.018650586,-1.939697e-05,0.0,0.0,-0.490832
1777227145237000,0.0,0.9998905,-0.0014093381,-0.014732984,-2.0766029e-05,0.0,0.0,-0.49062315
1777227145285000,0.0,0.99976546,-0.0012697214,-0.021621889,-2.7460219e-05,0.0,0.0,-0.49085897
1777227145333000,0.0,0.9998352,-0.0012891354,-0.018110264,-2.335043e-05,0.0,0.0,-0.4906754
1777227145381000,0.0,0.99977565,-0.0014656805,-0.021129746,-3.097641e-05,0.0,0.0,-0.4908791
1777227145429000,0.0,0.99983966,-0.0014889567,-0.017847005,-2.6577682e-05,0.0,0.0,-0.49092644
1777227145485000,0.0,0.9997808,-0.0019377153,-0.020848671,-4.0407653e-05,0.0,0.0,-0.49097434
1777227145533000,0.0,0.99985176,-0.0020303426,-0.017098283,-3.472052e-05,0.0,0.0,-0.49097106
1777227145581000,0.0,0.999788,-0.001801753,-0.02051077,-3.6963174e-05,0.0,0.0,-0.4908692
1777227145629000,0.0,0.9998668,-0.0018937681,-0.016211621,-3.0705138e-05,0.0,0.0,-0.4907404
1777227145685000,0.0,0.9998102,-0.001844118,-0.019397188,-3.57775e-05,0.0,0.0,-0.49106368
1777227145733000,0.0,0.9998765,-0.002187274,-0.01556525,-3.4049674e-05,0.0,0.0,-0.49082395
1777227145781000,0.0,0.99981546,-0.0023284385,-0.019068057,-4.440699e-05,0.0,0.0,-0.49068165
1777227145829000,0.0,0.9998757,-0.0021387814,-0.015622626,-3.341754e-05,0.0,0.0,-0.49068308
1777227145885000,0.0,0.9998194,-0.0024749304,-0.018845115,-4.664878e-05,0.0,0.0,-0.49074683
1777227145933000,0.0,0.9998815,-0.0025461758,-0.015183375,-3.8664122e-05,0.0,0.0,-0.4908129
1777227145981000,0.0,0.9998282,-0.0024763306,-0.01836843,-4.5494122e-05,0.0,0.0,-0.49097565
1777227146037000,0.0,0.9999304,-0.0026334422,-0.011502237,-3.0292586e-05,0.0,0.0,-0.49094796
1777227146085000,0.0,0.9998251,-0.0029589823,-0.018467113,-5.4653425e-05,0.0,0.0,-0.49109516
1777227146133000,0.0,0.9998873,-0.0025648125,-0.014793462,-3.7946735e-05,0.0,0.0,-0.49110276
1777227146181000,0.0,0.9998289,-0.0026422562,-0.018310338,-4.8388887e-05,0.0,0.0,-0.49107003
1777227146229000,0.0,0.9998878,-0.002806741,-0.01471407,-4.1303218e-05,0.0,0.0,-0.4907254
1777227146285000,0.0,0.9998328,-0.0024524045,-0.018123386,-4.4453307e-05,0.0,0.0,-0.49099448
1777227146333000,0.0,0.99989635,-0.002330528,-0.014207175,-3.3113654e-05,0.0,0.0,-0.49072406
1777227146381000,0.0,0.99983984,-0.0023536973,-0.017742755,-4.1767766e-05,0.0,0.0,-0.4908718
1777227146437000,0.0,0.9999363,-0.0023597386,-0.01104066,-2.605473e-05,0.0,0.0,-0.4908069
1777227146485000,0.0,0.99983144,-0.0023382637,-0.018210616,-4.2588403e-05,0.0,0.0,-0.49101084
1777227146533000,0.0,0.9998919,-0.0021697287,-0.014545366,-3.1562915e-05,0.0,0.0,-0.4908345
1777227146589000,0.0,0.99989986,-0.0021834697,-0.013983342,-3.0535262e-05,0.0,0.0,-0.49097598
1777227146637000,0.0,0.9999415,-0.002034259,-0.0106238285,-2.1612881e-05,0.0,0.0,-0.49081534
1777227146685000,0.0,0.99984485,-0.00200552,-0.017500848,-3.510374e-05,0.0,0.0,-0.49082437
1777227146733000,0.0,0.9998971,-0.0019092791,-0.014216535,-2.7146127e-05,0.0,0.0,-0.4906079
1777227146781000,0.0,0.9998434,-0.0017021904,-0.017615197,-2.9989116e-05,0.0,0.0,-0.49081135
1777227146829000,0.0,0.999898,-0.0018302705,-0.014166046,-2.593034e-05,0.0,0.0,-0.4907324
1777227146885000,0.0,0.9998438,-0.0017982266,-0.017585328,-3.1627344e-05,0.0,0.0,-0.490883
1777227146933000,0.0,0.9998986,-0.0020684546,-0.014090996,-2.9149543e-05,0.0,0.0,-0.4907781
1777227146981000,0.0,0.99984306,-0.0018791473,-0.017618356,-3.3112687e-05,0.0,0.0,-0.4908195
1777227147029000,0.0,0.9999046,-0.0018410316,-0.013693953,-2.5213405e-05,0.0,0.0,-0.49096563
1777227147085000,0.0,0.99985194,-0.0020164375,-0.017091211,-3.4468467e-05,0.0,0.0,-0.49087787
1777227147133000,0.0,0.9999073,-0.0020705212,-0.013455618,-2.7862725e-05,0.0,0.0,-0.49058428
1777227147181000,0.0,0.9998543,-0.002083306,-0.016942171,-3.5300865e-05,0.0,0.0,-0.4906285
1777227147229000,0.0,0.99990606,-0.0020637556,-0.013549353,-2.7965176e-05,0.0,0.0,-0.49053666
1777227147285000,0.0,0.99985087,-0.0020638402,-0.017147364,-3.5394696e-05,0.0,0.0,-0.49084392
1777227147333000,0.0,0.99990714,-0.0020872601,-0.013467421,-2.8112621e-05,0.0,0.0,-0.49060997
1777227147381000,0.0,0.9998466,-0.0020151786,-0.01740239,-3.507431e-05,0.0,0.0,-0.49064755
1777227147429000,0.0,0.9999033,-0.001993467,-0.013760586,-2.7433927e-05,0.0,0.0,-0.49075386
1777227147485000,0.0,0.99984634,-0.0017971403,-0.01743823,-3.1343763e-05,0.0,0.0,-0.49087712
1777227147533000,0.0,0.99989367,-0.0018288165,-0.014470122,-2.6466016e-05,0.0,0.0,-0.49072152
1777227147581000,0.0,0.9998331,-0.0017989503,-0.018182669,-3.271518e-05,0.0,0.0,-0.49072337
1777227147629000,0.0,0.9998922,-0.0015643674,-0.014601451,-2.2844499e-05,0.0,0.0,-0.49078336
1777227147685000,0.0,0.99983144,-0.0014778773,-0.018300544,-2.7050517e-05,0.0,0.0,-0.4908882
1777227147733000,0.0,0.9998847,-0.0014913719,-0.015109494,-2.2536473e-05,0.0,0.0,-0.4906841
1777227147781000,0.0,0.9998291,-0.0015183446,-0.018423842,-2.7978522e-05,0.0,0.0,-0.49083847
1777227147829000,0.0,0.99989146,-0.0015603282,-0.014648752,-2.2859344e-05,0.0,0.0,-0.4906761
1777227147885000,0.0,0.99982214,-0.0013440567,-0.018812602,-2.52897e-05,0.0,0.0,-0.4909176
1777227147933000,0.0,0.99988246,-0.0013754385,-0.015272477,-2.1008822e-05,0.0,0.0,-0.4909131
1777227147981000,0.0,0.9998169,-0.0014884757,-0.019078659,-2.8403325e-05,0.0,0.0,-0.4910097
1777227148029000,0.0,0.99986964,-0.0014255239,-0.016084414,-2.2931707e-05,0.0,0.0,-0.49084708
1777227148085000,0.0,0.9998182,-0.0013993481,-0.019018142,-2.6617841e-05,0.0,0.0,-0.49080297
1777227148133000,0.0,0.9998762,-0.0013596253,-0.015677337,-2.1317945e-05,0.0,0.0,-0.49072352
1777227148181000,0.0,0.999804,-0.0016531495,-0.01972733,-3.261862e-05,0.0,0.0,-0.4909739
1777227148237000,0.0,0.99991715,-0.0015386377,-0.012782532,-1.9669314e-05,0.0,0.0,-0.49070403
1777227148285000,0.0,0.9998088,-0.001963782,-0.01945603,-3.8214712e-05,0.0,0.0,-0.49076992
1777227148333000,0.0,0.99986684,-0.0019449675,-0.016202796,-3.151811e-05,0.0,0.0,-0.49057537
1777227148389000,0.0,0.9998675,-0.0021327138,-0.016138582,-3.4423534e-05,0.0,0.0,-0.49036923
1777227148429000,0.0,0.99986285,-0.002049781,-0.016431972,-3.368656e-05,0.0,0.0,-0.49036112
1777227148485000,0.0,0.99980474,-0.0021091285,-0.019648947,-4.1450254e-05,0.0,0.0,-0.4907969
1777227148533000,0.0,0.99986446,-0.0020382314,-0.016338827,-3.3306827e-05,0.0,0.0,-0.4905058
1777227148581000,0.0,0.99979633,-0.002113458,-0.020071656,-4.242925e-05,0.0,0.0,-0.49040067
1777227148629000,0.0,0.99986035,-0.0017605763,-0.016620396,-2.9265564e-05,0.0,0.0,-0.4903325
1777227148685000,0.0,0.9997863,-0.0016362367,-0.02060724,-3.3725526e-05,0.0,0.0,-0.49030024
1777227148733000,0.0,0.99985385,-0.0015780885,-0.017023833,-2.6869044e-05,0.0,0.0,-0.48993176
1777227148781000,0.0,0.9997828,-0.0015819427,-0.020781392,-3.2882115e-05,0.0,0.0,-0.48996985
1777227148829000,0.0,0.9998431,-0.0014787712,-0.01765225,-2.6107738e-05,0.0,0.0,-0.48963833
1777227148885000,0.0,0.99977225,-0.0013088064,-0.021303644,-2.78887e-05,0.0,0.0,-0.48962352
1777227148933000,0.0,0.99984205,-0.0014719785,-0.017712649,-2.6076757e-05,0.0,0.0,-0.48946047
1777227148981000,0.0,0.9997676,-0.0014205191,-0.021510914,-3.0563766e-05,0.0,0.0,-0.48971406
1777227149029000,0.0,0.9998364,-0.0014263421,-0.018033992,-2.5726855e-05,0.0,0.0,-0.48987558
1777227149085000,0.0,0.9997679,-0.0013039365,-0.021506522,-2.8049652e-05,0.0,0.0,-0.4901942
1777227149133000,0.0,0.9998348,-0.0014430664,-0.018121684,-2.6155118e-05,0.0,0.0,-0.48985463
1777227149181000,0.0,0.9997662,-0.001488949,-0.02157408,-3.213022e-05,0.0,0.0,-0.4901694
1777227149229000,0.0,0.99983174,-0.0014747211,-0.018284507,-2.6969088e-05,0.0,0.0,-0.48989487
1777227149285000,0.0,0.9997578,-0.0010833349,-0.021980539,-2.3818053e-05,0.0,0.0,-0.49010816
1777227149333000,0.0,0.9998254,-0.0009603551,-0.018662034,-1.7925311e-05,0.0,0.0,-0.49027085
1777227149381000,0.0,0.999759,-0.0009359605,-0.021935057,-2.0535299e-05,0.0,0.0,-0.49048606
1777227149437000,0.0,0.99989164,-0.0008215667,-0.014698556,-1.2077153e-05,0.0,0.0,-0.49014333
1777227149485000,0.0,0.9997655,-0.0010194787,-0.021632377,-2.205892e-05,0.0,0.0,-0.49045002
1777227149533000,0.0,0.99983716,-0.00083717017,-0.018028824,-1.5095653e-05,0.0,0.0,-0.4904085
1777227149581000,0.0,0.99976325,-0.00079128426,-0.021745646,-1.7211065e-05,0.0,0.0,-0.49054778
1777227149629000,0.0,0.9998339,-0.0005997898,-0.018219113,-1.0929455e-05,0.0,0.0,-0.4905959
1777227149685000,0.0,0.9997678,-0.00036195628,-0.021547122,-7.800928e-06,0.0,0.0,-0.49058732
1777227149733000,0.0,0.9998324,-0.00049886596,-0.018302122,-9.131836e-06,0.0,0.0,-0.49036708
1777227149789000,0.0,0.9998256,-0.00021461755,-0.018673532,-4.008367e-06,0.0,0.0,-0.49067473
1777227149829000,0.0,0.9998303,3.313436e-05,-0.018420862,6.104671e-07,0.0,0.0,-0.49086395
1777227149885000,0.0,0.9997537,0.00014337541,-0.022192176,3.1825957e-06,0.0,0.0,-0.4911469
1777227149933000,0.0,0.99982053,0.00027636712,-0.018945247,5.236783e-06,0.0,0.0,-0.49084374
1777227149981000,0.0,0.9997448,0.00056138437,-0.022584284,1.26816985e-05,0.0,0.0,-0.49111873
1777227150029000,0.0,0.99981576,0.00070690113,-0.01918193,1.3562227e-05,0.0,0.0,-0.49100262
1777227150085000,0.0,0.9997453,0.0008638998,-0.0225536,1.9489016e-05,0.0,0.0,-0.4912108
1777227150133000,0.0,0.9998152,0.0012012547,-0.01918686,2.305257e-05,0.0,0.0,-0.4909523
1777227150181000,0.0,0.99974626,0.00093124295,-0.022503957,2.0961968e-05,0.0,0.0,-0.4908237
1777227150229000,0.0,0.9998166,0.0009493849,-0.019127885,1.8163057e-05,0.0,0.0,-0.4907922
1777227150285000,0.0,0.999757,0.00090052444,-0.022028727,1.9842231e-05,0.0,0.0,-0.49081337
1777227150333000,0.0,0.99982643,0.0010487256,-0.018602086,1.9511872e-05,0.0,0.0,-0.49045354
1777227150389000,0.0,0.9998317,0.0007271921,-0.01833434,1.3334833e-05,0.0,0.0,-0.49056128
1777227150437000,0.0,0.99989074,0.00051503925,-0.014772121,7.609053e-06,0.0,0.0,-0.490577
1777227150485000,0.0,0.9997665,0.00014280654,-0.021607008,3.0863425e-06,0.0,0.0,-0.49070832
1777227150533000,0.0,0.9998408,8.918178e-05,-0.017842934,1.591518e-06,0.0,0.0,-0.4904255
1777227150581000,0.0,0.9997756,0.00023191476,-0.021184877,4.9141886e-06,0.0,0.0,-0.49069324
1777227150629000,0.0,0.99984473,0.00012205871,-0.017621728,2.1512194e-06,0.0,0.0,-0.49070728
1777227150685000,0.0,0.9997677,0.0005544714,-0.02154649,1.1949688e-05,0.0,0.0,-0.49083507
1777227150733000,0.0,0.99983495,0.0004720796,-0.018163905,8.576225e-06,0.0,0.0,-0.4907024
1777227150781000,0.0,0.9997612,0.0009458031,-0.021834541,2.0656114e-05,0.0,0.0,-0.4908255
1777227150837000,0.0,0.99989575,0.00095199374,-0.014408012,1.3717767e-05,0.0,0.0,-0.49044365
1777227150885000,0.0,0.99978226,0.00076618034,-0.020853173,1.598077e-05,0.0,0.0,-0.49082977
1777227150933000,0.0,0.9998565,0.00038444353,-0.016940124,6.513456e-06,0.0,0.0,-0.49070635
1777227150981000,0.0,0.9997979,0.00024289818,-0.020104226,4.884267e-06,0.0,0.0,-0.49069643
1777227151029000,0.0,0.99986726,-8.358484e-05,-0.01629423,-1.3621315e-06,0.0,0.0,-0.4901809
1777227151085000,0.0,0.9998131,-0.00016270392,-0.019335039,-3.1464745e-06,0.0,0.0,-0.4901406
1777227151133000,0.0,0.99987847,-0.00044295777,-0.015585294,-6.904466e-06,0.0,0.0,-0.49021885
1777227151181000,0.0,0.999827,-0.0005202121,-0.018592328,-9.673628e-06,0.0,0.0,-0.4904565
1777227151229000,0.0,0.9998868,-0.00038776576,-0.015042864,-5.8337682e-06,0.0,0.0,-0.4902744
1777227151285000,0.0,0.9998332,-0.0006534576,-0.018252408,-1.1929165e-05,0.0,0.0,-0.49068964
1777227151333000,0.0,0.9998948,-0.0008159496,-0.014482358,-1.1818116e-05,0.0,0.0,-0.49051484
1777227151389000,0.0,0.9999011,-0.0011075387,-0.014016139,-1.5524949e-05,0.0,0.0,-0.49068686
1777227151429000,0.0,0.9999049,-0.00088723784,-0.013765924,-1.2214811e-05,0.0,0.0,-0.49041927
1777227151485000,0.0,0.99984854,-0.0013863357,-0.017348176,-2.4054036e-05,0.0,0.0,-0.4904448
1777227151533000,0.0,0.9999025,-0.0014064944,-0.013896321,-1.9547006e-05,0.0,0.0,-0.49033067
1777227151581000,0.0,0.9998523,-0.0013432879,-0.01713552,-2.3021337e-05,0.0,0.0,-0.49055153
1777227151629000,0.0,0.99990785,-0.0017234527,-0.013465783,-2.320978e-05,0.0,0.0,-0.49054915
1777227151685000,0.0,0.99985415,-0.0020712924,-0.016953317,-3.5120396e-05,0.0,0.0,-0.49086076
1777227151733000,0.0,0.9999119,-0.0021482627,-0.013098712,-2.8141954e-05,0.0,0.0,-0.49096203
1777227151781000,0.0,0.99986213,-0.0018789623,-0.016500313,-3.1007734e-05,0.0,0.0,-0.4909628
1777227151837000,0.0,0.99995166,-0.0020026304,-0.009623337,-1.9272919e-05,0.0,0.0,-0.49088365
1777227151885000,0.0,0.9998554,-0.0021732757,-0.016866496,-3.6660844e-05,0.0,0.0,-0.49115306
1777227151933000,0.0,0.99991167,-0.0019708166,-0.013144736,-2.590815e-05,0.0,0.0,-0.49071935
1777227151981000,0.0,0.99985796,-0.0017716513,-0.016760286,-2.96976e-05,0.0,0.0,-0.4907359
1777227152029000,0.0,0.9999072,-0.001450851,-0.013545261,-1.9653977e-05,0.0,0.0,-0.49063042
1777227152085000,0.0,0.99985033,-0.0017117233,-0.017217271,-2.9475612e-05,0.0,0.0,-0.49087158
1777227152133000,0.0,0.999903,-0.0016554873,-0.0138290515,-2.289604e-05,0.0,0.0,-0.49070403
1777227152181000,0.0,0.99984616,-0.0016404005,-0.017462207,-2.864942e-05,0.0,0.0,-0.49073955
1777227152229000,0.0,0.99989974,-0.001669429,-0.014060344,-2.3475099e-05,0.0,0.0,-0.49051768
1777227152285000,0.0,0.9998441,-0.0014531037,-0.017596895,-2.5574102e-05,0.0,0.0,-0.49042252
1777227152333000,0.0,0.9998964,-0.0014869015,-0.014316943,-2.129009e-05,0.0,0.0,-0.4902144
1777227152381000,0.0,0.99983484,-0.0012130209,-0.01813525,-2.200207e-05,0.0,0.0,-0.4903083
1777227152429000,0.0,0.9998897,-0.0012947944,-0.0147989765,-1.9163746e-05,0.0,0.0,-0.49038452
1777227152485000,0.0,0.9998215,-0.0012277701,-0.018856144,-2.3155144e-05,0.0,0.0,-0.49055967
1777227152533000,0.0,0.99987483,-0.0011324028,-0.015783435,-1.7875444e-05,0.0,0.0,-0.49045587
1777227152581000,0.0,0.9998109,-0.00081314915,-0.019431673,-1.5803838e-05,0.0,0.0,-0.49038002
1777227152629000,0.0,0.9998642,-0.00040569907,-0.016474048,-6.6844136e-06,0.0,0.0,-0.4902219
1777227152685000,0.0,0.99979514,-0.00032116284,-0.020240523,-6.501836e-06,0.0,0.0,-0.49051479
1777227152733000,0.0,0.9998499,-0.00045166377,-0.017321216,-7.824541e-06,0.0,0.0,-0.49068353
1777227152781000,0.0,0.9997777,0.00018047549,-0.021085966,3.8063467e-06,0.0,0.0,-0.49075904
1777227152837000,0.0,0.999892,0.0004513327,-0.014692281,6.6318235e-06,0.0,0.0,-0.49044076
1777227152885000,0.0,0.99976087,0.00018943803,-0.021867828,4.143589e-06,0.0,0.0,-0.49093503
1777227152933000,0.0,0.99982375,0.00035206054,-0.01877094,6.6096727e-06,0.0,0.0,-0.49073952
1777227152981000,0.0,0.9997399,0.0010938214,-0.022780988,2.4924815e-05,0.0,0.0,-0.49094832
1777227153029000,0.0,0.9998079,0.0011371557,-0.019569064,2.2257347e-05,0.0,0.0,-0.49079728
1777227153085000,0.0,0.9997121,0.0010022541,-0.02397325,2.4034205e-05,0.0,0.0,-0.49117324
1777227153133000,0.0,0.9997791,0.0012432748,-0.020982698,2.6093026e-05,0.0,0.0,-0.49083498
1777227153181000,0.0,0.99969524,0.001495292,-0.02464126,3.6857113e-05,0.0,0.0,-0.49101675
1777227153229000,0.0,0.999771,0.0018813416,-0.021318126,4.0115872e-05,0.0,0.0,-0.49073064
1777227153285000,0.0,0.9996809,0.0019509167,-0.025186917,4.915327e-05,0.0,0.0,-0.4909348
1777227153333000,0.0,0.99974793,0.0018749349,-0.02237189,4.195641e-05,0.0,0.0,-0.49073064
1777227153381000,0.0,0.99964726,0.0022916133,-0.026459591,6.0656545e-05,0.0,0.0,-0.49076393
1777227153429000,0.0,0.9997269,0.0024015068,-0.023246296,5.5841392e-05,0.0,0.0,-0.49043968
1777227153485000,0.0,0.99963194,0.0028916104,-0.026976405,7.8033976e-05,0.0,0.0,-0.49070945
1777227153533000,0.0,0.9997162,0.0028683997,-0.02364759,6.784999e-05,0.0,0.0,-0.490671
1777227153589000,0.0,0.999709,0.00279244,-0.023960229,6.692697e-05,0.0,0.0,-0.4906662
1777227153629000,0.0,0.99970186,0.002774816,-0.024257706,6.7330744e-05,0.0,0.0,-0.49076316
1777227153685000,0.0,0.9996019,0.0033335243,-0.028016206,9.3429895e-05,0.0,0.0,-0.49070632
1777227153733000,0.0,0.99969566,0.0028974586,-0.024498938,7.100627e-05,0.0,0.0,-0.4905739
1777227153781000,0.0,0.99960744,0.0029218795,-0.027864955,8.1450016e-05,0.0,0.0,-0.49079344
1777227153837000,0.0,0.9997837,0.0027005,-0.020622512,5.5703134e-05,0.0,0.0,-0.49039155
1777227153885000,0.0,0.99961597,0.0027105582,-0.027580043,7.478604e-05,0.0,0.0,-0.49097356
1777227153933000,0.0,0.9997037,0.0026220384,-0.024198456,6.3468084e-05,0.0,0.0,-0.49071923
1777227153981000,0.0,0.9996161,0.0024345464,-0.027598757,6.721625e-05,0.0,0.0,-0.49078485
1777227154029000,0.0,0.99970526,0.0024482997,-0.024154423,5.9154707e-05,0.0,0.0,-0.490491
1777227154085000,-0.007993769,0.9997422,0.0018389582,-0.022629824,-8.5144966e-05,0.0,0.0,-0.49012545
1777227154133000,0.00061894767,0.9999478,0.0017516166,-0.010063289,-0.00022620166,0.0,0.0,-0.48966017
1777227154181000,0.005944077,0.99999887,0.0014846657,-3.3758017e-05,-2.5254609e-05,0.0,0.0,-0.4895185
1777227154229000,0.0,0.999913,0.0014532323,0.013111211,-1.9055295e-05,0.0,0.0,-0.4898521
1777227154285000,0.005585054,0.9996686,0.0014611076,0.025701739,-0.000115678784,0.0,0.0,-0.49036348
1777227154333000,0.0,0.9992279,0.001239573,0.039269645,-4.8715203e-05,0.0,0.0,-0.49121308
1777227154381000,-0.002792526,0.99871653,0.0012363953,0.05063276,-0.00015726301,0.0,0.0,-0.49190518
1777227154429000,0.005585052,0.99794966,0.00094163715,0.06399728,-8.258876e-05,0.0,0.0,-0.49268508
1777227154485000,0.0,0.9969592,0.00063476415,0.07792226,0.00012144411,0.0,0.0,-0.49392843
1777227154533000,-0.00837758,0.9958981,0.0005745062,0.09048003,6.8664776e-05,0.0,0.0,-0.49531814
1777227154581000,0.0,0.9947165,0.00014310516,0.10265979,-1.476918e-05,0.0,0.0,-0.49688157
1777227154637000,0.0,0.9931593,0.0005827734,0.11676567,-6.851662e-05,0.0,0.0,-0.49892092
1777227154685000,0.0,0.99158317,0.00031611914,0.12947115,-4.1275725e-05,0.0,0.0,-0.501168
1777227154733000,0.0,0.99000144,0.00010769587,0.14105758,-1.5344747e-05,0.0,0.0,-0.50325066
1777227154781000,0.005585054,0.98811454,0.00031503968,0.15371913,-2.7469669e-05,0.0,0.0,-0.5058109
1777227154829000,-0.0027925281,0.986649,0.00052587345,0.16286035,-8.144249e-05,0.0,0.0,-0.507276
1777227154885000,-0.0027925228,0.98615605,0.00029208488,0.16581969,-4.3761356e-05,0.0,0.0,-0.5065669
1777227154933000,-0.00837758,0.98570484,-1.530637e-05,0.16848145,-4.5483164e-05,0.0,0.0,-0.50646514
1777227154989000,0.005585052,0.9852796,0.0001959407,0.17095053,-5.5345336e-05,0.0,0.0,-0.50724524
1777227155029000,0.0,0.9850147,-0.0002286886,0.1724706,4.004211e-05,0.0,0.0,-0.5078249
1777227155085000,0.0,0.9846548,-0.000105444786,0.1745134,1.8688304e-05,0.0,0.0,-0.50920165
1777227155133000,0.0,0.98434794,-0.00026279854,0.17623584,4.705097e-05,0.0,0.0,-0.51038516
1777227155181000,0.0,0.98405147,-0.00050980225,0.17788333,9.215507e-05,0.0,0.0,-0.51152337
1777227155229000,0.0,0.9837651,-0.00061934505,0.17945972,0.00011298175,0.0,0.0,-0.5129162
1777227155285000,0.0,0.9833982,-5.534527e-05,0.18146062,1.0212534e-05,0.0,0.0,-0.51464254
1777227155333000,0.0,0.9832573,-6.672967e-05,0.1822228,1.236672e-05,0.0,0.0,-0.51578355
1777227155381000,0.0,0.9833859,-0.00029077003,0.1815271,5.3674386e-05,0.0,0.0,-0.5162928
1777227155437000,0.0,0.98422307,-0.00019635705,0.17693205,3.529876e-05,0.0,0.0,-0.5157543
1777227155485000,0.0,0.9851351,-0.00053293473,0.1717806,9.2929244e-05,0.0,0.0,-0.51485306
1777227155533000,0.0,0.98596245,-0.0006047991,0.16696618,0.000102418715,0.0,0.0,-0.5145043
1777227155581000,0.0,0.98687553,-0.00041775362,0.16148229,6.835697e-05,0.0,0.0,-0.51381123
1777227155629000,0.0,0.9878201,-0.00031891928,0.1556001,5.023574e-05,0.0,0.0,-0.51332945
1777227155685000,0.0,0.9890148,-0.00047935982,0.14781605,7.16441e-05,0.0,0.0,-0.5127751
1777227155733000,0.0,0.9899319,-0.000470595,0.14154404,6.728739e-05,0.0,0.0,-0.512517
1777227155781000,0.0,0.99094266,-0.00068838143,0.13428368,9.32833e-05,0.0,0.0,-0.51165473
1777227155829000,0.0,0.99192816,-0.0003286035,0.12680049,4.2006144e-05,0.0,0.0,-0.51091534
1777227155885000,0.0,0.99310106,-9.995281e-05,0.11726182,1.180207e-05,0.0,0.0,-0.50974286
1777227155933000,0.0,0.99400544,-0.00023174485,0.10933086,2.5489668e-05,0.0,0.0,-0.508592
1777227155989000,0.0,0.99504083,-0.00020109913,0.099467404,2.0102501e-05,0.0,0.0,-0.5074726
1777227156029000,0.0,0.9957517,-4.64202e-05,0.092079215,4.2925712e-06,0.0,0.0,-0.50671494
1777227156085000,0.0,0.99671626,-4.919782e-05,0.08097337,3.9968377e-06,0.0,0.0,-0.5057756
1777227156133000,0.0,0.9973798,0.00018518075,0.07234289,-1.3431702e-05,0.0,0.0,-0.5048004
1777227156181000,0.0,0.99806494,1.755072e-05,0.062180653,-1.093431e-06,0.0,0.0,-0.5036471
1777227156229000,0.0,0.9985692,0.00015634151,0.053474657,-8.372287e-06,0.0,0.0,-0.5025488
1777227156285000,0.0,0.9991131,0.00026555033,0.042106528,-1.1191328e-05,0.0,0.0,-0.5016884
1777227156333000,0.0,0.9994213,0.00027098518,0.034016035,-9.223179e-06,0.0,0.0,-0.5008765
1777227156381000,0.0,0.99970275,0.00046384524,0.024375452,-1.13097985e-05,0.0,0.0,-0.50009507
1777227156437000,0.0,0.99987125,0.00041158136,0.01604128,-6.6031416e-06,0.0,0.0,-0.49928758
1777227156485000,0.0,0.99996847,0.0003736096,0.007934225,-2.9643954e-06,0.0,0.0,-0.49870038
1777227156533000,0.0,0.99999744,0.00032668083,0.002240375,-7.3188943e-07,0.0,0.0,-0.49836096
1777227156581000,0.0,0.9999935,0.00047620834,-0.0035689266,1.6995635e-06,0.0,0.0,-0.49778447
1777227156629000,0.0,0.99997073,-0.00016281108,-0.0076430263,-1.2444056e-06,0.0,0.0,-0.4972082
1777227156685000,0.0,0.9999248,-0.00012992483,-0.012263581,-1.5934635e-06,0.0,0.0,-0.496127
1777227156733000,0.0,0.99988073,-4.6892183e-06,-0.015444669,-7.243206e-08,0.0,0.0,-0.4957171
1777227156789000,0.0,0.99981517,-9.9287376e-05,-0.01922572,-1.909224e-06,0.0,0.0,-0.4949945
1777227156829000,0.0,0.99976605,6.2637715e-05,-0.0216322,1.3553089e-06,0.0,0.0,-0.4947223
1777227156885000,0.0,0.99968684,-3.1250485e-05,-0.025025886,-7.8231614e-07,0.0,0.0,-0.4944539
1777227156933000,0.0,0.9996174,-0.00024685267,-0.027660152,-6.830596e-06,0.0,0.0,-0.4941891
1777227156981000,0.0,0.99955034,-0.0001192409,-0.029985366,-3.5770906e-06,0.0,0.0,-0.49391675
1777227157029000,0.0,0.9994896,-0.00024151476,-0.031946544,-7.719503e-06,0.0,0.0,-0.49333972
1777227157085000,0.0,0.9994132,-0.00011783341,-0.034253955,-4.038631e-06,0.0,0.0,-0.49319986
1777227157133000,0.0,0.99934506,0.00018545933,-0.03618509,6.715259e-06,0.0,0.0,-0.4934136
1777227157181000,0.0,0.99928325,-0.0001861547,-0.037854332,-7.0518163e-06,0.0,0.0,-0.49321225
1777227157229000,0.0,0.9992208,-0.00015207203,-0.039469782,-6.0069306e-06,0.0,0.0,-0.49274835
1777227157285000,0.0,0.99914986,-0.00018238995,-0.0412254,-7.5254966e-06,0.0,0.0,-0.49266425
1777227157333000,0.0,0.99910325,-0.00054982014,-0.042337406,-2.3298853e-05,0.0,0.0,-0.4926574
1777227157381000,0.0,0.9990758,-0.0006198027,-0.04298023,-2.6663909e-05,0.0,0.0,-0.49241844
1777227157429000,0.0,0.99904084,-0.00056916155,-0.04378434,-2.4944287e-05,0.0,0.0,-0.49233097
1777227157485000,0.0,0.9990002,-0.0005398945,-0.04470248,-2.415878e-05,0.0,0.0,-0.4926079
1777227157533000,0.0,0.9989863,-0.0006007786,-0.045010656,-2.7068876e-05,0.0,0.0,-0.4926962
1777227157589000,0.0,0.9989931,-0.0007744868,-0.0448571,-3.4776247e-05,0.0,0.0,-0.49260113
1777227157629000,0.0,0.998995,-0.0008998365,-0.04481322,-4.036514e-05,0.0,0.0,-0.49267223
1777227157685000,0.0,0.9989951,-0.0010417444,-0.044806816,-4.67242e-05,0.0,0.0,-0.49266186
1777227157733000,0.0,0.9990094,-0.0010579694,-0.044487365,-4.7112942e-05,0.0,0.0,-0.4925956
1777227157789000,0.0,0.99903345,-0.0010008153,-0.04394477,-4.4023138e-05,0.0,0.0,-0.49265417
1777227157829000,0.0,0.999058,-0.0016963318,-0.04336209,-7.362586e-05,0.0,0.0,-0.49268457
1777227157885000,0.0,0.9990872,-0.0015555449,-0.04268896,-6.6465254e-05,0.0,0.0,-0.49266824
1777227157933000,0.0,0.9991279,-0.0012665708,-0.041736327,-5.290816e-05,0.0,0.0,-0.49261895
1777227157981000,0.0,0.99917555,-0.0013435056,-0.040576376,-5.455957e-05,0.0,0.0,-0.49253374
1777227158029000,0.0,0.9992226,-0.0016995185,-0.039386205,-6.6989654e-05,0.0,0.0,-0.49233916
1777227158085000,0.0,0.9992688,-0.0017505438,-0.0381954,-6.6911656e-05,0.0,0.0,-0.49235612
1777227158133000,0.0,0.9993346,-0.0016063389,-0.036439743,-5.857355e-05,0.0,0.0,-0.49209562
1777227158189000,0.0,0.9993918,-0.0015151165,-0.034837753,-5.2815372e-05,0.0,0.0,-0.49213755
1777227158229000,0.0,0.99943113,-0.0016313447,-0.033687294,-5.498687e-05,0.0,0.0,-0.4921226
1777227158285000,0.0,0.99948955,-0.0016727292,-0.031903636,-5.33934e-05,0.0,0.0,-0.49191704
1777227158333000,0.0,0.999548,-0.0015303948,-0.030024042,-4.5969417e-05,0.0,0.0,-0.49180964
1777227158389000,0.0,0.9996129,-0.0017729857,-0.02776477,-4.92456e-05,0.0,0.0,-0.49150872
1777227158429000,0.0,0.99965096,-0.0019653924,-0.02634592,-5.1798153e-05,0.0,0.0,-0.49136248
1777227158485000,0.0,0.9996951,-0.0015993258,-0.024638966,-3.941775e-05,0.0,0.0,-0.4912129
1777227158533000,0.0,0.9997354,-0.0013894222,-0.022961047,-3.1911033e-05,0.0,0.0,-0.49116448
1777227158581000,0.0,0.9997785,-0.0014760969,-0.020993883,-3.0995874e-05,0.0,0.0,-0.49091795
1777227158629000,0.0,0.99981624,-0.0014454001,-0.019115523,-2.7634653e-05,0.0,0.0,-0.49096107
1777227158685000,0.0,0.99985725,-0.0013476262,-0.016843105,-2.270145e-05,0.0,0.0,-0.4906889
1777227158733000,0.0,0.999884,-0.0011434264,-0.0151889315,-1.736944e-05,0.0,0.0,-0.49058774
1777227158781000,0.0,0.9999106,-0.0011124093,-0.013326901,-1.4826295e-05,0.0,0.0,-0.49053937
1777227158829000,0.0,0.99993575,-0.0012942818,-0.01126067,-1.4575417e-05,0.0,0.0,-0.49014494
1777227158885000,0.0,0.99995697,-0.0013801665,-0.009172483,-1.2660099e-05,0.0,0.0,-0.4901656
1777227158933000,0.0,0.9999697,-0.0013607008,-0.007663982,-1.0428703e-05,0.0,0.0,-0.4900074
1777227158989000,0.0,0.99998575,-0.0012749796,-0.005188936,-6.6158814e-06,0.0,0.0,-0.48962477
1777227159029000,0.0,0.9999927,-0.0010848665,-0.0036560358,-3.9663387e-06,0.0,0.0,-0.48944116
1777227159085000,0.0,0.9999967,-0.0010763211,-0.002304048,-2.4799033e-06,0.0,0.0,-0.48944974
1777227159133000,0.0,0.9999992,-0.0011176465,-0.0004909004,-5.486534e-07,0.0,0.0,-0.48955712
1777227159181000,0.0,0.9999986,-0.0010331457,0.0013054603,1.3487326e-06,0.0,0.0,-0.48905805
1777227159229000,0.0,0.9999955,-0.0009166537,0.0028617913,2.6232833e-06,0.0,0.0,-0.48902497
1777227159285000,0.0,0.9999897,-0.0010435083,0.0044265003,4.619137e-06,0.0,0.0,-0.4890305
1777227159333000,0.0,0.99998283,-0.0010807485,0.0057562534,6.221169e-06,0.0,0.0,-0.4890335
1777227159381000,0.0,0.99997145,-0.0011978577,0.0074629886,8.939853e-06,0.0,0.0,-0.48887542
1777227159429000,0.0,0.999961,-0.00085738464,0.008784542,7.532025e-06,0.0,0.0,-0.48926607
1777227159485000,0.0,0.9999519,-0.00092694495,0.0097643575,9.051456e-06,0.0,0.0,-0.48933107
1777227159533000,0.0,0.99994344,-0.0008616332,0.010599878,9.133723e-06,0.0,0.0,-0.48949996
1777227159589000,0.0,0.9999243,-0.0007517454,0.0122788865,9.231296e-06,0.0,0.0,-0.48960584
1777227159629000,0.0,0.99991006,-0.0005588919,0.013399429,7.4895056e-06,0.0,0.0,-0.48967123
1777227159685000,0.0,0.999906,-0.0006458494,0.013695838,8.846279e-06,0.0,0.0,-0.48956296
1777227159733000,0.0,0.9998934,-0.0005126964,0.0145905195,7.4813042e-06,0.0,0.0,-0.48965418
1777227159781000,0.0,0.9998703,-0.00047834616,0.016098775,7.701787e-06,0.0,0.0,-0.48968717
1777227159829000,0.0,0.99986017,-0.0005097991,0.016715413,8.522694e-06,0.0,0.0,-0.4896163
1777227159885000,0.0,0.9998618,-0.00025608117,0.016625598,4.2580914e-06,0.0,0.0,-0.4897314
1777227159933000,0.0,0.9998572,-0.000136453,0.016899906,2.306372e-06,0.0,0.0,-0.48980978
1777227159981000,0.0,0.9998297,0.00011365722,0.018453678,-2.0977507e-06,0.0,0.0,-0.48990646
1777227160029000,0.0,0.9998206,0.00016248759,0.018942632,-3.0784954e-06,0.0,0.0,-0.49005085
1777227160085000,0.0,0.99983823,0.0004494783,0.017981434,-8.083573e-06,0.0,0.0,-0.4901509
1777227160133000,0.0,0.99983245,0.00038639462,0.018300774,-7.072505e-06,0.0,0.0,-0.49013314
1777227160181000,0.0,0.9998069,0.0005633419,0.019646384,-1.106977e-05,0.0,0.0,-0.4901923
1777227160229000,0.0,0.9998101,0.0003510925,0.019485313,-6.8424474e-06,0.0,0.0,-0.49042714
1777227160285000,0.0,0.99982923,0.0007247772,0.018465633,-1.3385755e-05,0.0,0.0,-0.49048492
1777227160333000,0.0,0.99982643,0.00066590396,0.018621318,-1.24021635e-05,0.0,0.0,-0.49053466
1777227160381000,0.0,0.99981457,0.0008791379,0.019239202,-1.6917049e-05,0.0,0.0,-0.4906654
1777227160429000,0.0,0.9998201,0.001011054,0.01894152,-1.915435e-05,0.0,0.0,-0.49077785
1777227160485000,0.0,0.9998381,0.0009402738,0.017968265,-1.6897828e-05,0.0,0.0,-0.49069792
1777227160533000,0.0,0.9998423,0.0010391262,0.01772818,-1.842472e-05,0.0,0.0,-0.49059498
1777227160581000,0.0,0.99984324,0.0012154521,0.01766559,-2.1475045e-05,0.0,0.0,-0.49053243
1777227160629000,0.0,0.9998444,0.0012752211,0.017595438,-2.2441569e-05,0.0,0.0,-0.4906495
1777227160685000,0.0,0.9998669,0.0011772853,0.01627385,-1.9161518e-05,0.0,0.0,-0.49071422
1777227160733000,0.0,0.9998787,0.001206771,0.0155294705,-1.8742789e-05,0.0,0.0,-0.49070582
1777227160781000,0.0,0.9998806,0.0015895673,0.01536944,-2.4433675e-05,0.0,0.0,-0.49072883
1777227160829000,0.0,0.9998888,0.0013866572,0.014849973,-2.0594114e-05,0.0,0.0,-0.4904998
1777227160885000,0.0,0.999901,0.0014392774,0.013997684,-2.0148542e-05,0.0,0.0,-0.49052522
1777227160933000,0.0,0.9999096,0.0016508171,0.013347101,-2.2035616e-05,0.0,0.0,-0.49039045
1777227160981000,0.0,0.9999195,0.0018380204,0.0125579955,-2.308371e-05,0.0,0.0,-0.49058655
1777227161029000,0.0,0.99992865,0.00162416,0.01183325,-1.922046e-05,0.0,0.0,-0.4907605
1777227161085000,0.0,0.9999383,0.0015313125,0.011005731,-1.6854254e-05,0.0,0.0,-0.49087152
1777227161133000,0.0,0.9999458,0.0018392814,0.0102444375,-1.8843422e-05,0.0,0.0,-0.4906402
1777227161181000,0.0,0.99995255,0.0018623953,0.009561489,-1.7808117e-05,0.0,0.0,-0.49048138
1777227161229000,0.0,0.9999608,0.001953351,0.008635076,-1.6867993e-05,0.0,0.0,-0.4902868
1777227161285000,0.0,0.9999671,0.0021775854,0.007812288,-1.7012484e-05,0.0,0.0,-0.49013513
1777227161333000,0.0,0.9999753,0.002196364,0.0066752103,-1.4661553e-05,0.0,0.0,-0.4900005
1777227161389000,0.0,0.99997926,0.0023023544,0.00601779,-1.3855374e-05,0.0,0.0,-0.48986706
1777227161429000,0.0,0.9999821,0.0023476598,0.005497406,-1.290627e-05,0.0,0.0,-0.4899528
1777227161485000,0.0,0.99998647,0.0027043158,0.0044437805,-1.2017547e-05,0.0,0.0,-0.48980206
1777227161533000,0.0,0.99998933,0.0025593566,0.0038455378,-9.842208e-06,0.0,0.0,-0.48995867
1777227161581000,0.0,0.99999183,0.0025779326,0.003112224,-8.023168e-06,0.0,0.0,-0.49003226
1777227161629000,0.0,0.99999386,0.0027218796,0.0022000286,-5.988249e-06,0.0,0.0,-0.49016777
1777227161685000,0.0,0.9999966,0.0023496614,0.00116766,-2.7436147e-06,0.0,0.0,-0.4903608
1777227161733000,0.0,0.9999965,0.0026134504,0.000416443,-1.0883568e-06,0.0,0.0,-0.49048305
1777227161781000,0.0,0.9999962,0.0027290897,-0.0003894388,1.0628174e-06,0.0,0.0,-0.49076444
1777227161837000,0.0,0.99999684,0.0022899765,-0.0010219094,2.3401556e-06,0.0,0.0,-0.49065283
1777227161885000,0.0,0.9999956,0.00250405,-0.001615805,4.046074e-06,0.0,0.0,-0.49038723
1777227161933000,0.0,0.999995,0.0022685428,-0.0022129389,5.0201716e-06,0.0,0.0,-0.49011946
1777227161989000,0.0,0.999993,0.0024568804,-0.0028126913,6.9104944e-06,0.0,0.0,-0.49025065
1777227162037000,0.0,0.9999922,0.002177502,-0.0032977124,7.180831e-06,0.0,0.0,-0.49024805
1777227162085000,0.0,0.99998957,0.002166463,-0.004020953,8.711337e-06,0.0,0.0,-0.4902405
1777227162133000,0.0,0.9999887,0.0018660155,-0.0043746945,8.163341e-06,0.0,0.0,-0.49043
1777227162189000,0.0,0.99998707,0.00188848,-0.004725661,8.924432e-06,0.0,0.0,-0.4903811
1777227162237000,0.0,0.99998456,0.0019527326,-0.005202119,1.0158504e-05,0.0,0.0,-0.49025083
1777227162285000,0.0,0.9999807,0.0021841212,-0.0058209295,1.2713861e-05,0.0,0.0,-0.49010348
1777227162333000,0.0,0.9999792,0.0020411115,-0.006123521,1.2499048e-05,0.0,0.0,-0.4901552
1777227162381000,0.0,0.99997795,0.0016843741,-0.0064311535,1.0832707e-05,0.0,0.0,-0.49016818
1777227162429000,0.0,0.99997556,0.0015672117,-0.00681101,1.06745565e-05,0.0,0.0,-0.49010798
1777227162485000,0.0,0.999975,0.0013672272,-0.006938227,9.486368e-06,0.0,0.0,-0.48994216
1777227162533000,0.0,0.9999727,0.0011944831,-0.0072877617,8.705346e-06,0.0,0.0,-0.49033442
1777227162581000,0.0,0.9999705,0.001243134,-0.007582415,9.426236e-06,0.0,0.0,-0.49029893
1777227162629000,0.0,0.9999684,0.0011157859,-0.007873726,8.78567e-06,0.0,0.0,-0.4903075
1777227162685000,0.0,0.99996716,0.0010901103,-0.008032795,8.756921e-06,0.0,0.0,-0.49033386
1777227162733000,0.0,0.99996364,0.0009732377,-0.008468228,8.241897e-06,0.0,0.0,-0.49012104
1777227162781000,0.0,0.99995875,0.0010237782,-0.009023022,9.237954e-06,0.0,0.0,-0.49021947
1777227162829000,0.0,0.9999606,0.00090975745,-0.008828357,8.031979e-06,0.0,0.0,-0.4901628
1777227162885000,0.0,0.99995863,0.0006555537,-0.009070377,5.9463646e-06,0.0,0.0,-0.4900616
1777227162933000,0.0,0.99995667,0.00048342036,-0.009300058,4.496032e-06,0.0,0.0,-0.4901706
1777227162981000,0.0,0.99996,0.00052362785,-0.008930009,4.6761884e-06,0.0,0.0,-0.490193
1777227163029000,0.0,0.9999587,0.00058731803,-0.009068479,5.3263007e-06,0.0,0.0,-0.49002114
1777227163085000,0.0,0.99995744,0.00022084499,-0.009226389,2.0376883e-06,0.0,0.0,-0.49009988
1777227163133000,0.0,0.99995846,0.00011970251,-0.009114525,1.0910768e-06,0.0,0.0,-0.4902966
1777227163181000,0.0,0.9999581,8.980729e-05,-0.009152392,8.2198585e-07,0.0,0.0,-0.49043155
1777227163229000,0.0,0.9999596,-0.00017634602,-0.0089917965,-1.5857315e-06,0.0,0.0,-0.4905006
1777227163285000,0.0,0.99995965,-0.0003124515,-0.008979804,-2.8058662e-06,0.0,0.0,-0.49040833
1777227163333000,0.0,0.99995923,-0.00014116203,-0.009028799,-1.2745758e-06,0.0,0.0,-0.4903559
1777227163381000,0.0,0.9999626,-0.00032497395,-0.008641089,-2.8082336e-06,0.0,0.0,-0.4903228
1777227163437000,0.0,0.9999664,-0.00018088722,-0.008197641,-1.4828984e-06,0.0,0.0,-0.49041024
1777227163485000,0.0,0.9999675,-0.00030724128,-0.008054481,-2.4747494e-06,0.0,0.0,-0.4904984
1777227163533000,0.0,0.99996495,-0.0002755269,-0.008367744,-2.3056193e-06,0.0,0.0,-0.49036112
1777227163581000,0.0,0.9999675,-0.00047412218,-0.0080519365,-3.817726e-06,0.0,0.0,-0.49023128
1777227163629000,0.0,0.99997026,-0.000499922,-0.007698398,-3.848713e-06,0.0,0.0,-0.49034068
1777227163685000,0.0,0.99997354,-0.0006507485,-0.007246065,-4.7154904e-06,0.0,0.0,-0.49012843
1777227163733000,0.0,0.999973,-0.0006881405,-0.0073203747,-5.0375825e-06,0.0,0.0,-0.49036375
1777227163781000,0.0,0.99997604,-0.0005709386,-0.006892515,-3.9352963e-06,0.0,0.0,-0.49055097
1777227163829000,0.0,0.99997693,-0.0005300466,-0.006771488,-3.589287e-06,0.0,0.0,-0.49037048
1777227163885000,0.0,0.9999792,-0.00041919408,-0.0064341677,-2.697221e-06,0.0,0.0,-0.49022874
1777227163933000,0.0,0.9999806,-0.0005924704,-0.0061985324,-3.672518e-06,0.0,0.0,-0.49039567
1777227163989000,0.0,0.9999849,-0.00054050185,-0.00545969,-2.951016e-06,0.0,0.0,-0.49023193
1777227164037000,0.0,0.9999864,-0.0007602966,-0.0051605687,-3.9236156e-06,0.0,0.0,-0.4903556
1777227164085000,0.0,0.9999864,-0.00070718426,-0.0051623452,-3.6507788e-06,0.0,0.0,-0.4904554
1777227164133000,0.0,0.9999879,-0.0008445898,-0.0048493254,-4.0957407e-06,0.0,0.0,-0.49034423
1777227164181000,0.0,0.9999883,-0.0008831501,-0.0047555096,-4.1998783e-06,0.0,0.0,-0.49053234
1777227164229000,0.0,0.9999905,-0.0009518725,-0.0042483197,-4.0438968e-06,0.0,0.0,-0.4907527
1777227164285000,0.0,0.9999921,-0.0010916747,-0.0038292406,-4.1803173e-06,0.0,0.0,-0.49071547
1777227164333000,0.0,0.9999943,-0.000989165,-0.003235065,-3.200031e-06,0.0,0.0,-0.49048445
1777227164381000,0.0,0.999994,-0.00086795184,-0.0033684424,-2.9236633e-06,0.0,0.0,-0.49043524
1777227164437000,0.0,0.9999952,-0.0005225317,-0.0030728683,-1.6056787e-06,0.0,0.0,-0.4903103
1777227164485000,0.0,0.99999547,-0.00067871966,-0.0029273613,-1.9868667e-06,0.0,0.0,-0.4901471
1777227164533000,0.0,0.9999965,-0.00074187614,-0.0025578453,-1.897611e-06,0.0,0.0,-0.48996985
1777227164589000,0.0,0.9999974,-0.00066452444,-0.002205271,-1.4654603e-06,0.0,0.0,-0.48989153
1777227164629000,0.0,0.99999696,-0.00075076794,-0.0023486211,-1.7632748e-06,0.0,0.0,-0.48967615
1777227164685000,0.0,0.9999974,-0.000834836,-0.0021465928,-1.7920578e-06,0.0,0.0,-0.48967496
1777227164733000,0.0,0.9999978,-0.00083696103,-0.0019261984,-1.6121566e-06,0.0,0.0,-0.48994166
1777227164781000,0.0,0.9999977,-0.0008862496,-0.0019580408,-1.7353166e-06,0.0,0.0,-0.49004495
1777227164829000,0.0,0.9999985,-0.0007746385,-0.001552408,-1.2025566e-06,0.0,0.0,-0.49016744
1777227164885000,0.0,0.99999774,-0.0012127431,-0.0017575577,-2.1314706e-06,0.0,0.0,-0.4903294
1777227164933000,0.0,0.99999845,-0.0011573607,-0.0013266339,-1.5353963e-06,0.0,0.0,-0.49049324
1777227164981000,0.0,0.99999833,-0.0012915138,-0.0012689555,-1.6388763e-06,0.0,0.0,-0.490459
1777227165029000,0.0,0.9999987,-0.0012119478,-0.001114986,-1.3513067e-06,0.0,0.0,-0.4902807
1777227165085000,0.0,0.9999988,-0.0012681527,-0.00088089413,-1.1171097e-06,0.0,0.0,-0.49021664
1777227165133000,0.0,0.99999875,-0.0012609218,-0.0009400368,-1.1853144e-06,0.0,0.0,-0.49024153
1777227165181000,0.0,0.9999992,-0.0009898323,-0.0007143867,-7.071236e-07,0.0,0.0,-0.49008855
1777227165237000,0.0,0.9999991,-0.0011510242,-0.000680649,-7.834442e-07,0.0,0.0,-0.49046814
1777227165285000,0.0,0.99999845,-0.0014188219,-0.0010422985,-1.4788382e-06,0.0,0.0,-0.49041837
1777227165333000,0.0,0.9999986,-0.0014674214,-0.0007474525,-1.0968292e-06,0.0,0.0,-0.4903116
1777227165389000,0.0,0.9999987,-0.0013911605,-0.00086422305,-1.2022747e-06,0.0,0.0,-0.49036288
1777227165429000,0.0,0.9999984,-0.0015565435,-0.0008920892,-1.3885779e-06,0.0,0.0,-0.49041805
1777227165485000,0.0,0.99999875,-0.0013978771,-0.0007803455,-1.0908285e-06,0.0,0.0,-0.49045137
1777227165533000,0.0,0.9999991,-0.0010953211,-0.00074740156,-8.1864545e-07,0.0,0.0,-0.4902821
1777227165589000,0.0,0.99999875,-0.0012108145,-0.0010473435,-1.2681401e-06,0.0,0.0,-0.4904068
1777227165629000,0.0,0.9999989,-0.0010213498,-0.0010357653,-1.0578797e-06,0.0,0.0,-0.490283
1777227165685000,0.0,0.9999985,-0.001142415,-0.0012826995,-1.4653773e-06,0.0,0.0,-0.49027303
1777227165733000,0.0,0.9999985,-0.0012818626,-0.0011691294,-1.4986654e-06,0.0,0.0,-0.49016377
1777227165781000,0.0,0.99999815,-0.001325261,-0.0014032015,-1.8596114e-06,0.0,0.0,-0.49018976
1777227165829000,0.0,0.9999982,-0.0015041874,-0.0011330917,-1.7043855e-06,0.0,0.0,-0.49044532
1777227165885000,0.0,0.9999986,-0.0012405267,-0.0010692534,-1.3264392e-06,0.0,0.0,-0.4905588
1777227165933000,0.0,0.9999986,-0.0013566545,-0.0009174414,-1.2446525e-06,0.0,0.0,-0.490514
1777227165981000,0.0,0.9999985,-0.0012212687,-0.0011954624,-1.4599827e-06,0.0,0.0,-0.49080703
1777227166037000,0.0,0.99999815,-0.0011124727,-0.001567767,-1.7441013e-06,0.0,0.0,-0.49093875
1777227166085000,0.0,0.9999984,-0.0011208702,-0.0014008215,-1.5701415e-06,0.0,0.0,-0.4911278
1777227166133000,0.0,0.9999989,-0.0009115346,-0.0011336091,-1.033325e-06,0.0,0.0,-0.49112874
1777227166181000,0.0,0.9999984,-0.0007868248,-0.00162153,-1.275862e-06,0.0,0.0,-0.49086285
1777227166229000,0.0,0.9999986,-0.00075873313,-0.0014513903,-1.1012194e-06,0.0,0.0,-0.49094588
1777227166285000,0.0,0.9999982,-0.0007863742,-0.0017198531,-1.3524505e-06,0.0,0.0,-0.49096224
1777227166333000,0.0,0.9999985,-0.00066551194,-0.0015740782,-1.0475693e-06,0.0,0.0,-0.49074322
1777227166381000,0.0,0.9999988,-0.0007469183,-0.001362388,-1.0175938e-06,0.0,0.0,-0.49060068
1777227166429000,0.0,0.99999845,-0.0009932836,-0.001473918,-1.4640209e-06,0.0,0.0,-0.49062866
1777227166485000,0.0,0.99999845,-0.00089952716,-0.0015329375,-1.3789212e-06,0.0,0.0,-0.4903418
1777227166533000,0.0,0.9999988,-0.0008169375,-0.0012988445,-1.061076e-06,0.0,0.0,-0.4905957
1777227166581000,0.0,0.99999726,-0.001133527,-0.0020417986,-2.31444e-06,0.0,0.0,-0.49060878
1777227166637000,0.0,0.9999973,-0.0014112844,-0.0018283583,-2.5803404e-06,0.0,0.0,-0.4906566
1777227166685000,0.0,0.99999774,-0.0011720122,-0.0017766091,-2.0822122e-06,0.0,0.0,-0.49055228
1777227166733000,0.0,0.9999982,-0.0010057087,-0.0016015085,-1.6106538e-06,0.0,0.0,-0.49043977
1777227166781000,0.0,0.99999857,-0.00081915024,-0.0014798699,-1.2122376e-06,0.0,0.0,-0.4904982
1777227166829000,0.0,0.99999785,-0.001037667,-0.0017762819,-1.8431931e-06,0.0,0.0,-0.49076077
1777227166885000,0.0,0.99999845,-0.00069485424,-0.001617597,-1.1239957e-06,0.0,0.0,-0.49068895
1777227166933000,0.0,0.99999803,-0.000879973,-0.0017606675,-1.5493428e-06,0.0,0.0,-0.49075237
1777227166981000,0.0,0.9999987,-0.0007154958,-0.0014731853,-1.0540592e-06,0.0,0.0,-0.4906685
1777227167029000,0.0,0.99999845,-0.0005849299,-0.0016783633,-9.817263e-07,0.0,0.0,-0.49066368
1777227167085000,0.0,0.99999857,-0.00060888653,-0.0015780622,-9.608622e-07,0.0,0.0,-0.49082193
1777227167133000,0.0,0.9999987,-0.00055563176,-0.0015406111,-8.560137e-07,0.0,0.0,-0.49042997
1777227167181000,0.0,0.99999875,-0.00049594144,-0.0014925267,-7.4020676e-07,0.0,0.0,-0.49039036
1777227167229000,0.0,0.9999989,-0.00028616932,-0.0014572161,-4.1701097e-07,0.0,0.0,-0.49039787
1777227167285000,0.0,0.9999989,0.00011628149,-0.0014499807,1.6860609e-07,0.0,0.0,-0.49029213
1777227167333000,0.0,0.99999917,-0.000104199746,-0.0013219225,-1.3774412e-07,0.0,0.0,-0.49020132
1777227167381000,0.0,0.9999991,0.00032494342,-0.0013085693,4.252113e-07,0.0,0.0,-0.49011388
1777227167429000,0.0,0.99999845,0.00011795298,-0.0017565674,2.0719268e-07,0.0,0.0,-0.4901594
1777227167485000,0.0,0.9999985,3.0468918e-05,-0.0017346778,5.2853835e-08,0.0,0.0,-0.49047878
1777227167533000,0.0,0.9999988,7.91322e-05,-0.0015420518,1.220261e-07,0.0,0.0,-0.49045524
1777227167589000,0.0,0.99999815,0.00019240753,-0.0019127121,3.6802092e-07,0.0,0.0,-0.4903368
1777227167637000,0.0,0.9999981,0.00040530888,-0.0019106078,7.743878e-07,0.0,0.0,-0.49023458
1777227167685000,0.0,0.9999975,0.0004628806,-0.0021959818,1.0164798e-06,0.0,0.0,-0.49019685
1777227167733000,0.0,0.9999984,0.0004968862,-0.0017325004,8.6085697e-07,0.0,0.0,-0.49029422
1777227167781000,0.0,0.99999845,0.00013054546,-0.0017471684,2.2808524e-07,0.0,0.0,-0.49031037
1777227167829000,0.0,0.9999981,0.0004068011,-0.0019258282,7.8343044e-07,0.0,0.0,-0.49023706
1777227167885000,0.0,0.9999982,0.00068738795,-0.0017617537,1.2110104e-06,0.0,0.0,-0.49003914
1777227167933000,0.0,0.99999785,0.00069594104,-0.001935871,1.3472547e-06,0.0,0.0,-0.48983312
1777227167981000,0.0,0.99999756,0.0011528715,-0.0018784748,2.1656451e-06,0.0,0.0,-0.49001268
1777227168029000,0.0,0.9999977,0.0009333063,-0.001936053,1.8069345e-06,0.0,0.0,-0.49027786
1777227168085000,0.0,0.99999774,0.0010537502,-0.0018492064,1.9486058e-06,0.0,0.0,-0.4901
1777227168133000,0.0,0.999998,0.0010723689,-0.0017125839,1.8365254e-06,0.0,0.0,-0.490194
1777227168181000,0.0,0.99999785,0.0013229634,-0.0015941464,2.109002e-06,0.0,0.0,-0.49038306
1777227168229000,0.0,0.9999978,0.0012909508,-0.0016475401,2.1268977e-06,0.0,0.0,-0.49039236
1777227168285000,0.0,0.99999833,0.00095872633,-0.0015647705,1.5001892e-06,0.0,0.0,-0.49067208
1777227168333000,0.0,0.99999815,0.0010471818,-0.0016213272,1.6978273e-06,0.0,0.0,-0.49077427
1777227168381000,0.0,0.9999984,0.000926773,-0.0015458153,1.4326221e-06,0.0,0.0,-0.49091282
1777227168429000,0.0,0.9999985,0.00065903086,-0.0016049031,1.0576822e-06,0.0,0.0,-0.4906704
1777227168485000,0.0,0.9999986,0.00069468614,-0.0015129533,1.051029e-06,0.0,0.0,-0.49062505
1777227168533000,0.0,0.9999987,0.0005463924,-0.0015244867,8.329691e-07,0.0,0.0,-0.49078235
1777227168581000,0.0,0.9999985,0.0007092717,-0.0015644054,1.10959e-06,0.0,0.0,-0.49070805
1777227168629000,0.0,0.9999987,0.00024023492,-0.00158281,3.802467e-07,0.0,0.0,-0.49052852
1777227168685000,0.0,0.9999985,0.0002141717,-0.0017042772,3.6500845e-07,0.0,0.0,-0.49030575
1777227168733000,0.0,0.9999989,0.00026487908,-0.001430316,3.788612e-07,0.0,0.0,-0.4902279
1777227168789000,0.0,0.99999887,0.00020817238,-0.0014804861,3.0819663e-07,0.0,0.0,-0.49021167
1777227168837000,0.0,0.99999905,-1.1619493e-05,-0.0013917673,-1.6171649e-08,0.0,0.0,-0.49013475
1777227168885000,0.0,0.9999991,0.00019454646,-0.0013342014,2.595644e-07,0.0,0.0,-0.48988143
1777227168933000,0.0,0.99999917,-8.7088265e-05,-0.00132316,-1.1523183e-07,0.0,0.0,-0.48995078
1777227168989000,0.0,0.9999993,-5.230809e-05,-0.0012073016,-6.315169e-08,0.0,0.0,-0.49001566
1777227169037000,0.0,0.9999991,1.312693e-05,-0.0013482467,1.7698355e-08,0.0,0.0,-0.48994145
1777227169085000,0.0,0.9999992,-0.00016988642,-0.001257165,-2.1357542e-07,0.0,0.0,-0.49024582
1777227169133000,0.0,0.9999993,-0.00037002578,-0.0011241842,-4.159774e-07,0.0,0.0,-0.4904082
1777227169181000,0.0,0.9999994,-0.0003218008,-0.0010575155,-3.4030955e-07,0.0,0.0,-0.4903962
1777227169229000,0.0,0.9999993,-0.00028154356,-0.0011495401,-3.2364582e-07,0.0,0.0,-0.49051768
1777227169285000,0.0,0.9999993,-0.00050310313,-0.0010712595,-5.389543e-07,0.0,0.0,-0.4903335
1777227169333000,0.0,0.9999993,-0.00072182406,-0.00096916646,-6.9956815e-07,0.0,0.0,-0.49024507
1777227169381000,0.0,0.99999934,-0.0008243163,-0.0007948615,-6.552177e-07,0.0,0.0,-0.4902612
1777227169429000,0.0,0.9999991,-0.0010211174,-0.0008804889,-8.9908343e-07,0.0,0.0,-0.49026737
1777227169485000,0.0,0.999999,-0.00093336,-0.001088669,-1.0161211e-06,0.0,0.0,-0.4904525
1777227169533000,0.0,0.99999845,-0.0012025444,-0.001274177,-1.5322569e-06,0.0,0.0,-0.49043104
1777227169589000,0.0,0.9999984,-0.0013217939,-0.0012373831,-1.635568e-06,0.0,0.0,-0.49062288
1777227169637000,0.0,0.99999845,-0.0013745658,-0.0011000048,-1.5120313e-06,0.0,0.0,-0.49071333
1777227169685000,0.0,0.9999985,-0.0011905384,-0.0012620039,-1.5024661e-06,0.0,0.0,-0.49060246
1777227169733000,0.0,0.99999875,-0.0011105164,-0.0011531495,-1.280593e-06,0.0,0.0,-0.4907115
1777227169781000,0.0,0.9999988,-0.0010248746,-0.0011419351,-1.1703418e-06,0.0,0.0,-0.49059713
1777227169829000,0.0,0.9999987,-0.0011071098,-0.0011819104,-1.3085065e-06,0.0,0.0,-0.49033597
1777227169885000,0.0,0.9999981,-0.0015320514,-0.001235767,-1.8932622e-06,0.0,0.0,-0.49045146
1777227169933000,0.0,0.9999978,-0.0015907972,-0.0013602594,-2.1639016e-06,0.0,0.0,-0.49040142
1777227169981000,0.0,0.99999756,-0.0017181243,-0.0013805174,-2.3719058e-06,0.0,0.0,-0.49036524
1777227170029000,0.0,0.99999815,-0.0015048941,-0.0012085463,-1.8187377e-06,0.0,0.0,-0.49043506
1777227170085000,0.0,0.9999973,-0.0015440644,-0.0017176967,-2.6522412e-06,0.0,0.0,-0.49042165
1777227170133000,0.0,0.99999666,-0.0016621593,-0.00197057,-3.275412e-06,0.0,0.0,-0.4905026
1777227170181000,0.0,0.99999654,-0.0017701433,-0.0019520596,-3.455437e-06,0.0,0.0,-0.49050114
1777227170229000,0.0,0.9999961,-0.0019356905,-0.0020004266,-3.872222e-06,0.0,0.0,-0.49049032
1777227170285000,0.0,0.99999666,-0.0016890567,-0.0019779322,-3.3408514e-06,0.0,0.0,-0.490574
1777227170333000,0.0,0.9999966,-0.001731996,-0.0019481073,-3.3741253e-06,0.0,0.0,-0.4906284
1777227170381000,0.0,0.99999595,-0.0019209121,-0.002087277,-4.0094915e-06,0.0,0.0,-0.4904263
1777227170429000,0.0,0.99999636,-0.0018857877,-0.0019352977,-3.649574e-06,0.0,0.0,-0.49036443
1777227170485000,0.0,0.9999957,-0.0017757664,-0.0023173515,-4.1150925e-06,0.0,0.0,-0.49015328
1777227170533000,0.0,0.99999565,-0.001571204,-0.002496717,-3.9228685e-06,0.0,0.0,-0.49017978
1777227170581000,0.0,0.999995,-0.0017861765,-0.0026178153,-4.6759033e-06,0.0,0.0,-0.49017644
1777227170629000,0.0,0.99999464,-0.0018503381,-0.0026862016,-4.9704076e-06,0.0,0.0,-0.49006972
1777227170685000,0.0,0.9999949,-0.0020226168,-0.0024881368,-5.0325725e-06,0.0,0.0,-0.49018988
1777227170733000,0.0,0.99999475,-0.0018491952,-0.0026535054,-4.9068753e-06,0.0,0.0,-0.4901267
1777227170781000,0.0,0.99999547,-0.0016578283,-0.0025003818,-4.1452217e-06,0.0,0.0,-0.49028832
1777227170829000,0.0,0.9999943,-0.0019408382,-0.0027815183,-5.398508e-06,0.0,0.0,-0.49012423
1777227170885000,0.0,0.99999475,-0.0018001935,-0.0027035766,-4.8669867e-06,0.0,0.0,-0.49019846
1777227170933000,0.0,0.99999464,-0.001958865,-0.0026195194,-5.131313e-06,0.0,0.0,-0.4904351
1777227170981000,0.0,0.99999344,-0.002201085,-0.0028650728,-6.30631e-06,0.0,0.0,-0.49039236
1777227171029000,0.0,0.9999947,-0.0019059083,-0.0026470635,-5.045087e-06,0.0,0.0,-0.49022657
1777227171085000,0.0,0.9999943,-0.0020821786,-0.0026662005,-5.551537e-06,0.0,0.0,-0.49017254
1777227171133000,0.0,0.9999931,-0.0022890405,-0.0029357066,-6.7199976e-06,0.0,0.0,-0.4900614
1777227171181000,0.0,0.99999326,-0.0024911573,-0.0026953265,-6.714526e-06,0.0,0.0,-0.48983842
1777227171229000,0.0,0.99999297,-0.0023877518,-0.0028974374,-6.9184102e-06,0.0,0.0,-0.48978767
1777227171285000,0.0,0.9999936,-0.002365771,-0.0026811054,-6.342921e-06,0.0,0.0,-0.489717
1777227171333000,0.0,0.99999404,-0.002261918,-0.0026142795,-5.9133213e-06,0.0,0.0,-0.48985907
1777227171389000,0.0,0.99999356,-0.0021582614,-0.0028560297,-6.1640976e-06,0.0,0.0,-0.4898837
1777227171429000,0.0,0.99999434,-0.0020347384,-0.0026859867,-5.4653115e-06,0.0,0.0,-0.48997095
1777227171485000,0.0,0.99999404,-0.0019932697,-0.0028244657,-5.629956e-06,0.0,0.0,-0.48998338
1777227171533000,0.0,0.99999404,-0.001727479,-0.0029944193,-5.1728275e-06,0.0,0.0,-0.48992682
1777227171589000,0.0,0.99999434,-0.0016171857,-0.0029461484,-4.7644958e-06,0.0,0.0,-0.4899717
1777227171629000,0.0,0.9999944,-0.0015174096,-0.0029987574,-4.550369e-06,0.0,0.0,-0.49003407
1777227171685000,0.0,0.9999943,-0.0014264435,-0.0030723205,-4.3825166e-06,0.0,0.0,-0.49007174
1777227171733000,0.0,0.9999942,-0.0013485068,-0.0031073177,-4.1902626e-06,0.0,0.0,-0.49020627
1777227171781000,0.0,0.99999434,-0.0013261985,-0.003092908,-4.101833e-06,0.0,0.0,-0.49001026
1777227171829000,0.0,0.99999386,-0.0013831372,-0.0032149164,-4.4466974e-06,0.0,0.0,-0.4899194
1777227171885000,0.0,0.99999475,-0.0011641609,-0.0030175066,-3.5128817e-06,0.0,0.0,-0.489938
1777227171933000,0.0,0.99999535,-0.0011320611,-0.002826121,-3.1993568e-06,0.0,0.0,-0.4899147
1777227171989000,0.0,0.9999954,-0.001037485,-0.0028412917,-2.9478108e-06,0.0,0.0,-0.4900677
1777227172029000,0.0,0.99999523,-0.0009014234,-0.0029587129,-2.6670657e-06,0.0,0.0,-0.4900882
1777227172085000,0.0,0.99999523,-0.00095316436,-0.0029272195,-2.7901347e-06,0.0,0.0,-0.49028018
1777227172133000,0.0,0.9999947,-0.00089316035,-0.0031371475,-2.8019906e-06,0.0,0.0,-0.49020755
1777227172181000,0.0,0.9999954,-0.0008456024,-0.002909308,-2.460129e-06,0.0,0.0,-0.49010232
1777227172237000,0.0,0.999995,-0.00064643694,-0.0030976923,-2.0024727e-06,0.0,0.0,-0.49015814
1777227172285000,0.0,0.9999951,-0.000818532,-0.0030125345,-2.465868e-06,0.0,0.0,-0.49029884
1777227172333000,0.0,0.99999547,-0.0006350722,-0.0029472688,-1.8717371e-06,0.0,0.0,-0.4904058
1777227172381000,0.0,0.99999523,-0.00055659364,-0.0030424905,-1.6934389e-06,0.0,0.0,-0.4905203
1777227172429000,0.0,0.9999949,-0.0007014911,-0.003128852,-2.1948729e-06,0.0,0.0,-0.49080327
1777227172485000,0.0,0.9999943,-0.00082490407,-0.0032898677,-2.7138408e-06,0.0,0.0,-0.49081555
1777227172533000,0.0,0.99999493,-0.0006879799,-0.0031079694,-2.1382314e-06,0.0,0.0,-0.490723
1777227172581000,0.0,0.9999948,-0.00055429677,-0.003186436,-1.7662401e-06,0.0,0.0,-0.4907459
1777227172629000,0.0,0.99999464,-0.00065041403,-0.0032149022,-2.0910288e-06,0.0,0.0,-0.4906143
1777227172685000,0.0,0.99999493,-0.00023275611,-0.003174684,-7.389308e-07,0.0,0.0,-0.4902412
1777227172733000,0.0,0.9999956,-0.00025246042,-0.0029694033,-7.4966016e-07,0.0,0.0,-0.49019438
1777227172781000,0.0,0.9999953,-4.5626584e-05,-0.003078158,-1.4044649e-07,0.0,0.0,-0.4903764
1777227172829000,0.0,0.99999547,-0.00028465915,-0.0029914998,-8.515617e-07,0.0,0.0,-0.4905424
1777227172885000,0.0,0.9999956,-0.00018461453,-0.0029693784,-5.481929e-07,0.0,0.0,-0.49046546
1777227172933000,0.0,0.99999493,-0.00018376643,-0.0031872601,-5.857144e-07,0.0,0.0,-0.49069193
1777227172981000,0.0,0.9999953,-0.00035925195,-0.0030428064,-1.0931393e-06,0.0,0.0,-0.49079365
1777227173029000,0.0,0.9999946,-0.00072105764,-0.00321374,-2.317304e-06,0.0,0.0,-0.49078378
1777227173085000,0.0,0.99999523,-0.00019453463,-0.0030723435,-5.9768e-07,0.0,0.0,-0.4905821
1777227173133000,0.0,0.9999944,-0.00055152964,-0.0032927017,-1.8160325e-06,0.0,0.0,-0.49057975
1777227173181000,0.0,0.99999416,-0.0003325556,-0.0034105019,-1.1341879e-06,0.0,0.0,-0.49044377
1777227173237000,0.0,0.99999565,-0.0002429884,-0.0029450024,-7.1560453e-07,0.0,0.0,-0.4904229
1777227173285000,0.0,0.9999946,-0.00023222115,-0.003289973,-7.640054e-07,0.0,0.0,-0.49020585
1777227173333000,0.0,0.9999945,-0.00020370983,-0.0033099186,-6.7426663e-07,0.0,0.0,-0.49024177
1777227173381000,0.0,0.9999954,-0.00017828883,-0.0030244552,-5.39229e-07,0.0,0.0,-0.49026114
1777227173429000,0.0,0.99999547,6.984104e-05,-0.0030042012,2.0981747e-07,0.0,0.0,-0.4903428
1777227173485000,0.0,0.9999952,5.9107933e-05,-0.0031020408,1.8335611e-07,0.0,0.0,-0.49017555
1777227173533000,0.0,0.9999948,5.5826677e-05,-0.0032106831,1.7924268e-07,0.0,0.0,-0.49025658
1777227173589000,0.0,0.9999946,-5.1082538e-05,-0.0032977625,-1.6845898e-07,0.0,0.0,-0.49025306
1777227173629000,0.0,0.9999946,-0.0002869755,-0.0032674584,-9.376854e-07,0.0,0.0,-0.49016982
1777227173685000,0.0,0.99999523,-0.00019189541,-0.0030870247,-5.923887e-07,0.0,0.0,-0.48994112
1777227173733000,0.0,0.9999949,-0.00020151526,-0.0032048395,-6.458274e-07,0.0,0.0,-0.4900556
1777227173781000,0.0,0.999995,-0.00014971194,-0.0031561633,-4.725176e-07,0.0,0.0,-0.49021196
1777227173829000,0.0,0.9999945,-0.00030681732,-0.0032929187,-1.0103299e-06,0.0,0.0,-0.4903475
1777227173885000,0.0,0.99999475,-0.00013097687,-0.0032316342,-4.2327156e-07,0.0,0.0,-0.49025857
1777227173933000,0.0,0.9999945,-0.00040256768,-0.0032916563,-1.3251215e-06,0.0,0.0,-0.49013853
1777227173981000,0.0,0.999995,-0.00046310137,-0.0031255905,-1.4474724e-06,0.0,0.0,-0.49017674
1777227174029000,0.0,0.9999944,-0.0001531248,-0.0033395246,-5.1136686e-07,0.0,0.0,-0.4903007
1777227174085000,0.0,0.9999952,9.920046e-05,-0.0031106134,3.0857575e-07,0.0,0.0,-0.49020627
1777227174133000,0.0,0.99999523,-0.00025094431,-0.0030779492,-7.723975e-07,0.0,0.0,-0.49008825
1777227174189000,0.0,0.9999953,-0.00034629946,-0.0030443077,-1.054247e-06,0.0,0.0,-0.49008256
1777227174229000,0.0,0.999995,-0.00019647859,-0.0031583188,-6.205451e-07,0.0,0.0,-0.49027944
1777227174285000,0.0,0.9999952,-5.4495533e-05,-0.0031117175,-1.6957551e-07,0.0,0.0,-0.49042204
1777227174333000,0.0,0.999995,5.1413404e-05,-0.0031640062,1.6267315e-07,0.0,0.0,-0.49068847
1777227174381000,0.0,0.9999954,0.00012286734,-0.003022287,3.7134208e-07,0.0,0.0,-0.49068725
1777227174437000,0.0,0.9999955,5.168844e-05,-0.0029796676,1.5401504e-07,0.0,0.0,-0.49071434
1777227174485000,0.0,0.99999565,6.790028e-05,-0.0029441242,1.9990772e-07,0.0,0.0,-0.49074408
1777227174533000,0.0,0.9999958,0.00012337873,-0.0028963825,3.5735354e-07,0.0,0.0,-0.4907707
1777227174581000,0.0,0.9999948,9.070389e-05,-0.0032098873,2.9115077e-07,0.0,0.0,-0.4907421
1777227174629000,0.0,0.9999951,-8.0004385e-05,-0.0031207304,-2.4967332e-07,0.0,0.0,-0.4906057
1777227174685000,0.0,0.999995,-0.00013900928,-0.0031566524,-4.3880613e-07,0.0,0.0,-0.49063098
1777227174733000,0.0,0.99999505,-1.0573155e-05,-0.0031360257,-3.315785e-08,0.0,0.0,-0.4905382
1777227174781000,0.0,0.9999949,0.00010711641,-0.003204735,3.432815e-07,0.0,0.0,-0.4904125
1777227174829000,0.0,0.9999934,0.00015045672,-0.003634501,5.468387e-07,0.0,0.0,-0.490455
1777227174885000,0.0,0.9999936,0.00013674458,-0.003568851,4.880241e-07,0.0,0.0,-0.49029842
1777227174933000,0.0,0.99999297,-2.308348e-05,-0.0037544593,-8.66666e-08,0.0,0.0,-0.49021277
1777227174981000,0.0,0.9999924,0.00021490961,-0.003892685,8.365817e-07,0.0,0.0,-0.49009085
1777227175029000,0.0,0.999992,-8.103151e-05,-0.0039996593,-3.2410105e-07,0.0,0.0,-0.49009585
1777227175085000,0.0,0.9999912,2.8915169e-05,-0.004200254,1.2145212e-07,0.0,0.0,-0.49012238
1777227175133000,0.0,0.9999904,-1.8917095e-05,-0.004384306,-8.293913e-08,0.0,0.0,-0.49029732
1777227175181000,0.0,0.9999896,6.176168e-06,-0.004551107,2.8108694e-08,0.0,0.0,-0.49010748
1777227175229000,0.0,0.9999895,-0.0001415083,-0.0045815515,-6.483344e-07,0.0,0.0,-0.49004236
1777227175285000,0.0,0.999989,-0.00020121328,-0.00468865,-9.43429e-07,0.0,0.0,-0.49027124
1777227175333000,0.0,0.99998856,-6.701619e-07,-0.0047934945,-3.2124545e-09,0.0,0.0,-0.4903311
1777227175389000,0.0,0.9999877,-0.00022611256,-0.0049533607,-1.1200308e-06,0.0,0.0,-0.49034888
1777227175429000,0.0,0.99998796,-0.00042888254,-0.004888388,-2.0965697e-06,0.0,0.0,-0.49019367
1777227175485000,0.0,0.9999881,-0.0004700524,-0.0048632,-2.2859858e-06,0.0,0.0,-0.4903612
1777227175533000,0.0,0.9999871,-0.00040358663,-0.005058293,-2.041486e-06,0.0,0.0,-0.49046257
1777227175581000,0.0,0.9999869,-0.00029645427,-0.0051183747,-1.517384e-06,0.0,0.0,-0.49021313
1777227175637000,0.0,0.9999862,-0.00070566346,-0.005208531,-3.6755205e-06,0.0,0.0,-0.48992148
1777227175685000,0.0,0.99998456,-0.00046225003,-0.0055399756,-2.5608936e-06,0.0,0.0,-0.49001956
1777227175733000,0.0,0.99998343,-0.00055450737,-0.005732583,-3.1788124e-06,0.0,0.0,-0.49032733
1777227175781000,0.0,0.9999851,-0.00071001577,-0.005418284,-3.8471244e-06,0.0,0.0,-0.4904841
1777227175829000,0.0,0.9999835,-0.00093885156,-0.005674429,-5.3275344e-06,0.0,0.0,-0.49038914
1777227175885000,0.0,0.9999822,-0.0011145103,-0.0058703544,-6.542688e-06,0.0,0.0,-0.49041688
1777227175933000,0.0,0.99998295,-0.0011579844,-0.0057230177,-6.627278e-06,0.0,0.0,-0.49039033
1777227175981000,0.0,0.99998385,-0.0011498904,-0.005568957,-6.4037936e-06,0.0,0.0,-0.49039724
1777227176029000,0.0,0.99998343,-0.0011191816,-0.0056416322,-6.3141156e-06,0.0,0.0,-0.4908402
1777227176085000,0.0,0.9999818,-0.0014314043,-0.005854923,-8.380914e-06,0.0,0.0,-0.49084967
1777227176133000,0.0,0.9999825,-0.0017007514,-0.005670536,-9.644342e-06,0.0,0.0,-0.49110115
1777227176181000,0.0,0.999982,-0.001776721,-0.0057336087,-1.01872065e-05,0.0,0.0,-0.4909963
1777227176229000,0.0,0.99998236,-0.0018815376,-0.005634338,-1.0601408e-05,0.0,0.0,-0.49084324
1777227176285000,0.0,0.9999822,-0.0019286226,-0.0056554037,-1.0907334e-05,0.0,0.0,-0.49091887
1777227176333000,0.0,0.99998385,-0.0018588173,-0.0053712684,-9.984367e-06,0.0,0.0,-0.4907168
1777227176381000,0.0,0.9999838,-0.0016711619,-0.005449014,-9.106331e-06,0.0,0.0,-0.49052456
1777227176429000,0.0,0.999986,-0.0017751136,-0.004992271,-8.861973e-06,0.0,0.0,-0.49040043
1777227176485000,0.0,0.99998605,-0.0020516145,-0.0048698727,-9.99124e-06,0.0,0.0,-0.49067545
1777227176533000,0.0,0.999986,-0.0021929191,-0.0048140925,-1.0557063e-05,0.0,0.0,-0.4905963
1777227176589000,0.0,0.9999855,-0.002457657,-0.0047851843,-1.176051e-05,0.0,0.0,-0.49048263
1777227176637000,0.0,0.9999871,-0.0021847573,-0.0045799613,-1.00062325e-05,0.0,0.0,-0.4904669
1777227176685000,0.0,0.99998677,-0.00225409,-0.004624234,-1.042358e-05,0.0,0.0,-0.4902932
1777227176733000,0.0,0.9999881,-0.002111681,-0.004405957,-9.304087e-06,0.0,0.0,-0.49010408
1777227176781000,0.0,0.9999873,-0.0022531103,-0.004507225,-1.0155403e-05,0.0,0.0,-0.4902107
1777227176829000,0.0,0.9999875,-0.0021393287,-0.004522966,-9.6762315e-06,0.0,0.0,-0.49012834
1777227176885000,0.0,0.99998784,-0.002409914,-0.004292039,-1.03435705e-05,0.0,0.0,-0.4899258
1777227176933000,0.0,0.99998677,-0.0026163785,-0.004439418,-1.1615352e-05,0.0,0.0,-0.48993856
1777227176981000,0.0,0.99998695,-0.0029608656,-0.004167723,-1.234023e-05,0.0,0.0,-0.4899895
1777227177029000,0.0,0.9999872,-0.002777249,-0.004229313,-1.1746006e-05,0.0,0.0,-0.49010846
1777227177085000,0.0,0.99998677,-0.0028268767,-0.0042911107,-1.2130599e-05,0.0,0.0,-0.49016786
1777227177133000,0.0,0.9999865,-0.0030332971,-0.004219006,-1.2797672e-05,0.0,0.0,-0.49029425
1777227177181000,0.0,0.9999874,-0.0030682029,-0.003959759,-1.2149496e-05,0.0,0.0,-0.49022946
1777227177229000,0.0,0.99998844,-0.0031749962,-0.0036077972,-1.1454875e-05,0.0,0.0,-0.490232
1777227177285000,0.0,0.99998635,-0.0034448344,-0.0039359434,-1.3558858e-05,0.0,0.0,-0.49041757
1777227177333000,0.0,0.9999879,-0.0032733013,-0.0036802976,-1.20468685e-05,0.0,0.0,-0.49043566
1777227177381000,0.0,0.99998707,-0.0033555194,-0.0038182598,-1.281241e-05,0.0,0.0,-0.49055418
1777227177437000,0.0,0.99998546,-0.0036991795,-0.0039132754,-1.4476118e-05,0.0,0.0,-0.4905323
1777227177485000,0.0,0.9999858,-0.0036410254,-0.0038954269,-1.418355e-05,0.0,0.0,-0.49072576
1777227177533000,0.0,0.9999857,-0.0038011996,-0.003759164,-1.4289536e-05,0.0,0.0,-0.49055454
1777227177581000,0.0,0.9999877,-0.0032647592,-0.003728065,-1.2171383e-05,0.0,0.0,-0.4906254
1777227177629000,0.0,0.999987,-0.0036968715,-0.0035185763,-1.3007893e-05,0.0,0.0,-0.4903457
1777227177685000,0.0,0.99998677,-0.003630872,-0.003644342,-1.3232316e-05,0.0,0.0,-0.49000418
1777227177733000,0.0,0.99998695,-0.003697623,-0.0035304716,-1.3054523e-05,0.0,0.0,-0.48996788
1777227177781000,0.0,0.9999875,-0.003455327,-0.0036268814,-1.2532218e-05,0.0,0.0,-0.4899261
1777227177837000,0.0,0.99998736,-0.0034538582,-0.0036609892,-1.26446985e-05,0.0,0.0,-0.48982856
1777227177885000,0.0,0.99998665,-0.0035551684,-0.003750155,-1.3332611e-05,0.0,0.0,-0.4897915
1777227177933000,0.0,0.9999869,-0.0034296,-0.003795297,-1.3016521e-05,0.0,0.0,-0.4899732
1777227177981000,0.0,0.9999867,-0.0036472725,-0.0036484073,-1.3306912e-05,0.0,0.0,-0.48987952
1777227178029000,0.0,0.99998724,-0.003805964,-0.00332494,-1.2654763e-05,0.0,0.0,-0.4896877
1777227178085000,0.0,0.9999875,-0.0037218947,-0.0033304722,-1.2395822e-05,0.0,0.0,-0.48963854
1777227178133000,0.0,0.99998695,-0.0037185405,-0.0035169167,-1.3077969e-05,0.0,0.0,-0.4896088
1777227178181000,0.0,0.99998707,-0.0037047414,-0.003488999,-1.2926005e-05,0.0,0.0,-0.48952764
1777227178237000,0.0,0.99998885,-0.0033985584,-0.0032820331,-1.1154304e-05,0.0,0.0,-0.4896083
1777227178285000,0.0,0.99998885,-0.0034903907,-0.0031748253,-1.10815035e-05,0.0,0.0,-0.48966917
1777227178333000,0.0,0.9999886,-0.003433958,-0.0033131419,-1.1377319e-05,0.0,0.0,-0.49000686
1777227178389000,0.0,0.9999897,-0.0033988908,-0.0030068168,-1.0219947e-05,0.0,0.0,-0.49020237
1777227178437000,0.0,0.9999946,-0.0018898093,-0.0027030483,-5.1082734e-06,0.0,0.0,-0.48719084
1777227178485000,0.0,0.9999953,-0.0018523654,-0.0024466873,-4.5321804e-06,0.0,0.0,-0.47312057
1777227178533000,0.0,0.9999952,-0.0017655083,-0.0025687623,-4.535193e-06,0.0,0.0,-0.464988
1777227178581000,0.0,0.99999607,-0.0015474592,-0.0023458442,-3.6301124e-06,0.0,0.0,-0.45187196
1777227178629000,0.0,0.9999956,-0.0017885233,-0.0023712178,-4.240997e-06,0.0,0.0,-0.44441694
1777227178685000,0.0,0.9999956,-0.0020702116,-0.002136706,-4.423454e-06,0.0,0.0,-0.42912388
1777227178733000,0.0,0.99999624,-0.0016887088,-0.002151429,-3.6331503e-06,0.0,0.0,-0.42253366
1777227178789000,0.0,0.9999956,-0.001848829,-0.002324504,-4.2976294e-06,0.0,0.0,-0.4105939
1777227178829000,0.0,0.9999954,-0.0019543802,-0.0023279,-4.5496226e-06,0.0,0.0,-0.40232635
1777227178885000,0.0,0.99999624,-0.0018108765,-0.0020641496,-3.7379339e-06,0.0,0.0,-0.3857406
1777227178933000,0.0,0.99999565,-0.0019659733,-0.0021993695,-4.32392e-06,0.0,0.0,-0.38097727
1777227178981000,0.0,0.9999963,-0.0016224352,-0.0021745984,-3.5281575e-06,0.0,0.0,-0.3644835
1777227179029000,0.0,0.99999654,-0.0016848785,-0.0020261114,-3.4137638e-06,0.0,0.0,-0.36226472
1777227179085000,0.0,0.99999654,-0.0014719763,-0.0021788585,-3.2072392e-06,0.0,0.0,-0.3716087
1777227179133000,0.0,0.99999684,-0.001176143,-0.0022281348,-2.6206128e-06,0.0,0.0,-0.38556933
1777227179181000,0.0,0.9999968,-0.001495672,-0.0020639459,-3.0869962e-06,0.0,0.0,-0.3926964
1777227179237000,0.0,0.9999969,-0.0013643901,-0.0020897666,-2.8512657e-06,0.0,0.0,-0.4101847
1777227179285000,0.0,0.9999974,-0.0012330887,-0.0019453292,-2.3987698e-06,0.0,0.0,-0.41418755
1777227179333000,0.0,0.9999982,-0.0009913513,-0.0016011557,-1.5873107e-06,0.0,0.0,-0.42655632
1777227179381000,0.0,0.999995,-0.0022829499,-0.0021844723,-4.987065e-06,0.0,0.0,-0.43415266
1777227179437000,0.0,0.9999948,-0.002477517,-0.002050199,-5.0794292e-06,0.0,0.0,-0.44998336
1777227179485000,0.0,0.99999493,-0.002462808,-0.002016772,-4.9669475e-06,0.0,0.0,-0.45608723
1777227179533000,0.0,0.99999493,-0.0024871512,-0.001994159,-4.9598e-06,0.0,0.0,-0.46756974
1777227179581000,0.0,0.9999941,-0.0028628616,-0.0018910161,-5.413749e-06,0.0,0.0,-0.4758651
1777227179629000,0.0,0.9999923,-0.003188911,-0.002269194,-7.2363114e-06,0.0,0.0,-0.48685798
1777227179685000,0.0,0.9999973,-0.0013548243,-0.0019021773,-2.5771228e-06,0.0,0.0,-0.48577505
1777227179733000,0.0,0.9999981,-0.00086819637,-0.0017580484,-1.5263345e-06,0.0,0.0,-0.48749524
1777227179789000,0.0,0.99999756,-0.00068417273,-0.002088034,-1.4285795e-06,0.0,0.0,-0.48719293
1777227179829000,0.0,0.9999977,-0.00038547663,-0.0021354565,-8.231705e-07,0.0,0.0,-0.48706266
1777227179885000,0.0,0.99999636,-0.0004989819,-0.0026387842,-1.3167103e-06,0.0,0.0,-0.48486528
1777227179933000,0.0,0.9999963,-0.00033601592,-0.0026922605,-9.046457e-07,0.0,0.0,-0.48720136
1777227179981000,0.0,0.999997,-0.00047533054,-0.0024070998,-1.1441716e-06,0.0,0.0,-0.4847893
1777227180029000,0.0,0.9999968,-0.0001408038,-0.0025391493,-3.5752302e-07,0.0,0.0,-0.4875761
1777227180085000,0.0,0.9999965,-2.6764303e-05,-0.0026462863,-7.0826246e-08,0.0,0.0,-0.48558
1777227180133000,0.0,0.9999967,0.00016605516,-0.0025668156,4.2623435e-07,0.0,0.0,-0.48816594
1777227180181000,0.0,0.9999971,0.00012880124,-0.0024134347,3.108543e-07,0.0,0.0,-0.48617348
1777227180229000,0.0,0.99999624,0.00057886075,-0.00267307,1.5473408e-06,0.0,0.0,-0.488866
1777227180285000,0.0,0.99999636,0.00045672857,-0.0026632631,1.2163928e-06,0.0,0.0,-0.48680264
1777227180333000,0.0,0.99999714,0.00079318247,-0.0022368503,1.7742357e-06,0.0,0.0,-0.48948687
1777227180381000,0.0,0.99999684,0.0007125567,-0.002410468,1.7176005e-06,0.0,0.0,-0.48739594
1777227180429000,0.0,0.99999595,0.00096408447,-0.0026678022,2.5719971e-06,0.0,0.0,-0.49004826
1777227180485000,0.0,0.9999956,0.0015219083,-0.0025563813,3.8905955e-06,0.0,0.0,-0.48785076
1777227180533000,0.0,0.9999955,0.001658503,-0.0025058875,4.15604e-06,0.0,0.0,-0.4902145
1777227180589000,0.0,0.9999953,0.00157558,-0.0026334547,4.1492376e-06,0.0,0.0,-0.4904284
1777227180637000,0.0,0.9999947,0.0017354956,-0.00276179,4.7931e-06,0.0,0.0,-0.49324673
1777227180685000,0.0,0.9999937,0.0018510361,-0.003020007,5.5901774e-06,0.0,0.0,-0.48854563
1777227180733000,0.0,0.9999943,0.0020213956,-0.0027125732,5.483214e-06,0.0,0.0,-0.49101952
1777227180781000,0.0,0.9999942,0.0020930625,-0.0026855527,5.621062e-06,0.0,0.0,-0.48864836
1777227180829000,0.0,0.9999935,0.0021861554,-0.0028764813,6.2884756e-06,0.0,0.0,-0.4911178
1777227180885000,0.0,0.9999937,0.0021997096,-0.0027870517,6.130743e-06,0.0,0.0,-0.48895225
1777227180933000,0.0,0.9999938,0.0021901582,-0.0027677747,6.0619022e-06,0.0,0.0,-0.49146873
1777227180981000,0.0,0.99999356,0.0019189891,-0.0030416595,5.836949e-06,0.0,0.0,-0.48898342
1777227181029000,0.0,0.9999935,0.002269962,-0.0027948676,6.344283e-06,0.0,0.0,-0.49169466
1777227181085000,0.0,0.99999404,0.0023322008,-0.0025459323,5.9376603e-06,0.0,0.0,-0.4895431
1777227181133000,0.0,0.99999315,0.0027446868,-0.0024791057,6.8044137e-06,0.0,0.0,-0.491992
1777227181181000,0.0,0.9999924,0.0028211263,-0.0027128654,7.653394e-06,0.0,0.0,-0.48950848
1777227181229000,0.0,0.9999926,0.0027028932,-0.0027288308,7.3757924e-06,0.0,0.0,-0.492294
1777227181285000,0.0,0.99999213,0.0028593356,-0.0027603318,7.892778e-06,0.0,0.0,-0.48961666
1777227181333000,0.0,0.9999928,0.0027846326,-0.002571097,7.159612e-06,0.0,0.0,-0.49201587
1777227181381000,0.0,0.99999285,0.002712867,-0.0026467096,7.180223e-06,0.0,0.0,-0.4898926
1777227181429000,0.0,0.99999285,0.0025903375,-0.0027505397,7.1248774e-06,0.0,0.0,-0.4923325
1777227181485000,0.0,0.99999285,0.0025612598,-0.0027722656,7.100543e-06,0.0,0.0,-0.48994374
1777227181533000,0.0,0.9999932,0.0026394369,-0.0025793475,6.8080717e-06,0.0,0.0,-0.49225032
1777227181589000,0.0,0.99999446,0.0022245361,-0.0024894804,5.537969e-06,0.0,0.0,-0.4920469
1777227181629000,0.0,0.999994,0.0020936907,-0.0027616662,5.7821085e-06,0.0,0.0,-0.4921459
1777227181685000,0.0,0.9999943,0.0021597275,-0.00260378,5.6234876e-06,0.0,0.0,-0.48967582
1777227181733000,0.0,0.999994,0.0022010116,-0.0026935646,5.9286026e-06,0.0,0.0,-0.49206585
1777227181781000,0.0,0.99999475,0.00168085,-0.002768603,4.653631e-06,0.0,0.0,-0.4897499
1777227181837000,0.0,0.99999577,0.0015370103,-0.0024881456,3.824321e-06,0.0,0.0,-0.49442652
1777227181885000,0.0,0.99999595,0.0014145273,-0.0024708996,3.495169e-06,0.0,0.0,-0.4894713
1777227181933000,0.0,0.99999607,0.0010585161,-0.002603298,2.7556434e-06,0.0,0.0,-0.49195224
1777227181981000,0.0,0.9999963,0.001065097,-0.002495344,2.6577932e-06,0.0,0.0,-0.4894605
1777227182029000,0.0,0.99999654,0.00122603,-0.0023261535,2.8519437e-06,0.0,0.0,-0.49186426
1777227182085000,0.0,0.9999967,0.0011485753,-0.0023079633,2.6508783e-06,0.0,0.0,-0.48932102
1777227182133000,0.0,0.99999684,0.0009822841,-0.002320132,2.279036e-06,0.0,0.0,-0.4915784
1777227182181000,0.0,0.9999968,0.00091788574,-0.0023716218,2.176885e-06,0.0,0.0,-0.48918378
1777227182237000,0.0,0.99999744,0.00066247955,-0.0021718475,1.4388085e-06,0.0,0.0,-0.4938893
1777227182285000,0.0,0.99999696,0.0003790133,-0.0024485972,9.2805374e-07,0.0,0.0,-0.49731424
1777227182333000,0.0,0.99999756,0.000117060205,-0.0022076862,2.584328e-07,0.0,0.0,-0.5021993
1777227182381000,0.0,0.999998,-0.0001169672,-0.002017235,-2.3595082e-07,0.0,0.0,-0.50221366
1777227182429000,0.0,0.9999979,-0.00048352673,-0.0019845725,-9.595958e-07,0.0,0.0,-0.50398904
1777227182485000,0.0,0.99999815,-0.00046195468,-0.0018740037,-8.6570634e-07,0.0,0.0,-0.50020415
1777227182533000,0.0,0.9999983,-0.00042578782,-0.0018016582,-7.6712536e-07,0.0,0.0,-0.50198466
1777227182589000,0.0,0.9999982,-0.0007083701,-0.0017534221,-1.2420742e-06,0.0,0.0,-0.5036247
1777227182629000,0.0,0.99999785,-0.00084877084,-0.0018739045,-1.5905188e-06,0.0,0.0,-0.503452
1777227182685000,0.0,0.999998,-0.0009868728,-0.0017632354,-1.7400929e-06,0.0,0.0,-0.49933204
1777227182733000,0.0,0.9999981,-0.0011750123,-0.0015696643,-1.8443786e-06,0.0,0.0,-0.50088334
1777227182781000,0.0,0.9999979,-0.0011935548,-0.0016755172,-1.9998258e-06,0.0,0.0,-0.5008164
1777227182829000,0.0,0.9999976,-0.0013091486,-0.001730577,-2.265588e-06,0.0,0.0,-0.5024625
1777227182885000,0.0,0.9999981,-0.0010276457,-0.0016787634,-1.7251771e-06,0.0,0.0,-0.4989007
1777227182933000,0.0,0.99999774,-0.0015242093,-0.0014955068,-2.279471e-06,0.0,0.0,-0.5007074
1777227182981000,0.0,0.9999982,-0.0012898472,-0.0013829579,-1.7838075e-06,0.0,0.0,-0.50050765
1777227183029000,0.0,0.99999774,-0.0016178635,-0.0013829214,-2.237383e-06,0.0,0.0,-0.5024493
1777227183085000,0.0,0.9999975,-0.0015408696,-0.0016132913,-2.4858778e-06,0.0,0.0,-0.49856767
1777227183133000,0.0,0.99999803,-0.0013648272,-0.0014494675,-1.9782765e-06,0.0,0.0,-0.50033283
1777227183189000,0.0,0.99999833,-0.0011702854,-0.0013815528,-1.6168137e-06,0.0,0.0,-0.501757
1777227183229000,0.0,0.99999815,-0.0013291094,-0.0013888687,-1.8459618e-06,0.0,0.0,-0.5015628
1777227183285000,0.0,0.9999979,-0.0011695971,-0.001674625,-1.9586403e-06,0.0,0.0,-0.4981476
1777227183333000,0.0,0.9999978,-0.0012622256,-0.0016696493,-2.1074784e-06,0.0,0.0,-0.4997092
1777227183381000,0.0,0.9999984,-0.00087026396,-0.0015688506,-1.3653163e-06,0.0,0.0,-0.49975538
1777227183429000,0.0,0.9999979,-0.0010788281,-0.00173449,-1.8712203e-06,0.0,0.0,-0.5013211
1777227183485000,0.0,0.99999756,-0.0010240178,-0.0019517087,-1.998589e-06,0.0,0.0,-0.49785373
1777227183533000,0.0,0.9999978,-0.001262687,-0.0016782031,-2.1190497e-06,0.0,0.0,-0.49938983
1777227183581000,0.0,0.99999785,-0.0010003396,-0.0018140717,-1.8146918e-06,0.0,0.0,-0.4996637
1777227183629000,0.0,0.99999696,-0.0012402596,-0.0021310633,-2.6430796e-06,0.0,0.0,-0.5012574
1777227183685000,0.0,0.9999971,-0.0012215605,-0.0020854368,-2.5474942e-06,0.0,0.0,-0.49769378
1777227183733000,0.0,0.99999684,-0.0012210294,-0.0021902914,-2.6744187e-06,0.0,0.0,-0.49907258
1777227183781000,0.0,0.99999684,-0.0013553455,-0.0021168687,-2.8690977e-06,0.0,0.0,-0.49911538
1777227183829000,0.0,0.9999963,-0.0014867614,-0.0022695183,-3.374245e-06,0.0,0.0,-0.5006606
1777227183885000,0.0,0.9999961,-0.0016704682,-0.0022266884,-3.7196264e-06,0.0,0.0,-0.49726942
1777227183933000,0.0,0.9999964,-0.0016429733,-0.002096089,-3.4438306e-06,0.0,0.0,-0.49870452
1777227183989000,0.0,0.9999971,-0.001582103,-0.0018270762,-2.8906309e-06,0.0,0.0,-0.50004286
1777227184037000,0.0,0.99999636,-0.0019826235,-0.001835967,-3.640045e-06,0.0,0.0,-0.5015964
1777227184085000,0.0,0.99999726,-0.0017027808,-0.001625967,-2.768673e-06,0.0,0.0,-0.49648115
1777227184133000,0.0,0.99999714,-0.0018355396,-0.0015241512,-2.797648e-06,0.0,0.0,-0.4979624
1777227184189000,0.0,0.99999714,-0.001776364,-0.0016113287,-2.8623144e-06,0.0,0.0,-0.49976662
1777227184229000,0.0,0.9999969,-0.0017703628,-0.0017420957,-3.0841513e-06,0.0,0.0,-0.49978378
1777227184285000,0.0,0.9999972,-0.0016416637,-0.0017052209,-2.799407e-06,0.0,0.0,-0.49648932
1777227184333000,0.0,0.99999744,-0.001566044,-0.001653212,-2.5890097e-06,0.0,0.0,-0.49776924
1777227184381000,0.0,0.99999744,-0.0014154685,-0.0017838308,-2.5249626e-06,0.0,0.0,-0.49804908
1777227184437000,0.0,0.99999726,-0.0013881746,-0.0018779766,-2.6069663e-06,0.0,0.0,-0.5007352
1777227184485000,0.0,0.99999726,-0.00149954,-0.0017986128,-2.6970995e-06,0.0,0.0,-0.4959104
1777227184533000,0.0,0.9999977,-0.001314608,-0.0016738453,-2.2004554e-06,0.0,0.0,-0.49712223
1777227184581000,0.0,0.99999696,-0.0014622008,-0.002000312,-2.9248665e-06,0.0,0.0,-0.49712926
1777227184637000,0.0,0.9999973,-0.0013735488,-0.0018488318,-2.5394672e-06,0.0,0.0,-0.4999091
1777227184685000,0.0,0.9999977,-0.0013481509,-0.0016738726,-2.256638e-06,0.0,0.0,-0.4954754
1777227184733000,0.0,0.999998,-0.0012894722,-0.0015556922,-2.0060263e-06,0.0,0.0,-0.49688557
1777227184789000,0.0,0.99999815,-0.0009019531,-0.0016888359,-1.5232536e-06,0.0,0.0,-0.49858755
1777227184829000,0.0,0.9999976,-0.00104189,-0.0019345393,-2.015582e-06,0.0,0.0,-0.49857926
1777227184885000,0.0,0.9999972,-0.00091497245,-0.002203422,-2.016076e-06,0.0,0.0,-0.49552712
1777227184933000,0.0,0.9999962,-0.0009948177,-0.0025883075,-2.5749036e-06,0.0,0.0,-0.4967327
1777227184981000,0.0,0.9999961,-0.0011816826,-0.0025203633,-2.9782805e-06,0.0,0.0,-0.49721014
1777227185029000,0.0,0.99999654,-0.0010303735,-0.0024191877,-2.492675e-06,0.0,0.0,-0.49861702
1777227185085000,0.0,0.9999962,-0.0009778249,-0.002583264,-2.5259892e-06,0.0,0.0,-0.4955561
1777227185133000,0.0,0.9999958,-0.001318876,-0.0025526085,-3.3665885e-06,0.0,0.0,-0.496684
1777227185189000,0.0,0.99999464,-0.0011587178,-0.003058824,-3.5443331e-06,0.0,0.0,-0.49845883
1777227185229000,0.0,0.9999955,-0.0009397377,-0.0028385895,-2.6675414e-06,0.0,0.0,-0.49849185
1777227185285000,0.0,0.9999958,-0.0010342576,-0.0027027326,-2.795333e-06,0.0,0.0,-0.4951369
1777227185333000,0.0,0.9999949,-0.00087683304,-0.003093957,-2.7128979e-06,0.0,0.0,-0.49605405
1777227185381000,0.0,0.9999954,-0.00093471206,-0.0028819144,-2.6937719e-06,0.0,0.0,-0.4966125
1777227185437000,0.0,0.999995,-0.0009290463,-0.0030200414,-2.8057723e-06,0.0,0.0,-0.49899808
1777227185485000,0.0,0.9999954,-0.0009010855,-0.0028874488,-2.60185e-06,0.0,0.0,-0.49456412
1777227185533000,0.0,0.9999951,-0.0011594984,-0.0028932889,-3.35478e-06,0.0,0.0,-0.49560568
1777227185589000,0.0,0.9999945,-0.0011785355,-0.0030996955,-3.6531212e-06,0.0,0.0,-0.49725437
1777227185629000,0.0,0.99999505,-0.0014008775,-0.0028057639,-3.9305505e-06,0.0,0.0,-0.49729347
1777227185685000,0.0,0.99999493,-0.0012540247,-0.0029257839,-3.6690237e-06,0.0,0.0,-0.4945391
1777227185733000,0.0,0.9999947,-0.0012765481,-0.0030016422,-3.8317608e-06,0.0,0.0,-0.49556476
1777227185781000,0.0,0.9999948,-0.0012074519,-0.0029805147,-3.5988467e-06,0.0,0.0,-0.4960693
1777227185829000,0.0,0.99999493,-0.0012026323,-0.0029472816,-3.5445137e-06,0.0,0.0,-0.49691507
1777227185885000,0.0,0.9999939,-0.001206275,-0.0032717346,-3.946636e-06,0.0,0.0,-0.49424225
1777227185933000,0.0,0.9999939,-0.0009202881,-0.0033633937,-3.09531e-06,0.0,0.0,-0.4950529
1777227185981000,0.0,0.9999937,-0.0010730525,-0.0033933092,-3.6412218e-06,0.0,0.0,-0.4957126
1777227186029000,0.0,0.9999949,-0.0010572951,-0.003012395,-3.1850068e-06,0.0,0.0,-0.4968207
1777227186085000,0.0,0.999995,-0.00123743,-0.0029175591,-3.6102933e-06,0.0,0.0,-0.49346185
1777227186133000,0.0,0.9999955,-0.0011801923,-0.0027364644,-3.2295686e-06,0.0,0.0,-0.49466515
1777227186181000,0.0,0.9999958,-0.0008375092,-0.002775398,-2.324431e-06,0.0,0.0,-0.49563903
1777227186229000,0.0,0.99999577,-0.0010783544,-0.0027130458,-2.9256373e-06,0.0,0.0,-0.4965766
1777227186285000,0.0,0.9999962,-0.00097399065,-0.0025847119,-2.5174947e-06,0.0,0.0,-0.49345645
1777227186333000,0.0,0.99999607,-0.0011578094,-0.0025664947,-2.9715234e-06,0.0,0.0,-0.49436876
1777227186389000,0.0,0.9999954,-0.0013493479,-0.002723597,-3.6750969e-06,0.0,0.0,-0.49650744
1777227186437000,0.0,0.9999964,-0.0009683971,-0.0024809595,-2.4025626e-06,0.0,0.0,-0.49740037
1777227186485000,0.0,0.9999961,-0.0007857273,-0.0026704373,-2.0982434e-06,0.0,0.0,-0.49329865
1777227186533000,0.0,0.99999684,-0.0009509985,-0.0023331307,-2.2188106e-06,0.0,0.0,-0.49433511
1777227186581000,0.0,0.9999957,-0.00067277916,-0.0028513924,-1.9183653e-06,0.0,0.0,-0.49515566
1777227186629000,0.0,0.9999963,-0.00035650807,-0.0026896235,-9.58876e-07,0.0,0.0,-0.496279
1777227186685000,0.0,0.999997,-0.00038829315,-0.0024226634,-9.4070646e-07,0.0,0.0,-0.4931431
1777227186733000,0.0,0.99999714,-0.0005184181,-0.0023416004,-1.2139316e-06,0.0,0.0,-0.4940049
1777227186781000,0.0,0.99999684,-0.00044123337,-0.002480566,-1.094512e-06,0.0,0.0,-0.49495465
1777227186837000,0.0,0.99999595,-0.00058271753,-0.002786875,-1.6239676e-06,0.0,0.0,-0.49708602
1777227186885000,0.0,0.99999684,-0.00034848225,-0.0024952865,-8.695658e-07,0.0,0.0,-0.49315807
1777227186933000,0.0,0.9999969,-0.00059994124,-0.0024225512,-1.4533929e-06,0.0,0.0,-0.49377382
1777227186981000,0.0,0.99999684,-0.0003806114,-0.0024905885,-9.4794933e-07,0.0,0.0,-0.4948684
1777227187029000,0.0,0.9999975,-0.00014660774,-0.0022260938,-3.2636342e-07,0.0,0.0,-0.4958033
1777227187085000,0.0,0.999998,-0.00041855275,-0.001976798,-8.27396e-07,0.0,0.0,-0.48848924
1777227187133000,0.0,0.99999774,-0.00043513114,-0.002083414,-9.0656033e-07,0.0,0.0,-0.489826
1777227187181000,0.0,0.99999774,-0.0004354908,-0.002090479,-9.1038646e-07,0.0,0.0,-0.48857883
1777227187229000,0.0,0.99999744,-0.0003900001,-0.002243547,-8.749858e-07,0.0,0.0,-0.48954272
1777227187285000,0.0,0.9999984,-0.00026893386,-0.0017737885,-4.770326e-07,0.0,0.0,-0.4881616
1777227187333000,0.0,0.9999982,-0.00029129323,-0.0018685359,-5.442928e-07,0.0,0.0,-0.48935795
1777227187381000,0.0,0.99999845,-0.00031574283,-0.0017491007,-5.5226684e-07,0.0,0.0,-0.4884325
1777227187429000,0.0,0.99999857,-0.00029516566,-0.001656532,-4.8895197e-07,0.0,0.0,-0.48957163
1777227187485000,0.0,0.9999982,-0.0003311134,-0.0018538716,-6.138429e-07,0.0,0.0,-0.4884291
1777227187533000,0.0,0.99999845,-9.1095426e-05,-0.001758165,-1.6016104e-07,0.0,0.0,-0.4895047
1777227187589000,0.0,0.9999981,-0.00029338893,-0.0019386652,-5.68784e-07,0.0,0.0,-0.489457
1777227187629000,0.0,0.9999982,7.485937e-05,-0.0018737852,1.4027061e-07,0.0,0.0,-0.48951694
1777227187685000,0.0,0.99999845,-0.00016193576,-0.0017699783,-2.8662325e-07,0.0,0.0,-0.4884997
1777227187733000,0.0,0.99999815,-0.00016500257,-0.0019152708,-3.1602517e-07,0.0,0.0,-0.489726
1777227187781000,0.0,0.99999815,-5.670698e-05,-0.001921529,-1.08964294e-07,0.0,0.0,-0.48854133
1777227187829000,0.0,0.9999985,-0.00021794708,-0.0016950303,-3.6942743e-07,0.0,0.0,-0.48967797
1777227187885000,0.0,0.99999857,-0.00018080583,-0.0016817646,-3.0407327e-07,0.0,0.0,-0.4887266
1777227187933000,0.0,0.9999988,8.915013e-05,-0.0015511417,1.3828465e-07,0.0,0.0,-0.48981085
1777227187981000,0.0,0.99999905,0.00031544367,-0.0013555983,4.276153e-07,0.0,0.0,-0.48910332
1777227188029000,0.0,0.9999991,0.0002735255,-0.0013202749,3.6112917e-07,0.0,0.0,-0.49020857
1777227188085000,0.0,0.9999994,0.00044433324,-0.0010121576,4.4973558e-07,0.0,0.0,-0.4890459
1777227188133000,0.0,0.99999905,0.00063397025,-0.0012390452,7.855186e-07,0.0,0.0,-0.49028677
1777227188189000,0.0,0.9999992,0.00045098702,-0.0011603152,5.232875e-07,0.0,0.0,-0.4903938
1777227188229000,0.0,0.9999993,0.00029052145,-0.0011729923,3.4077968e-07,0.0,0.0,-0.49029517
1777227188285000,0.0,0.99999905,0.0005251653,-0.0012773215,6.7080555e-07,0.0,0.0,-0.4894507
1777227188333000,0.0,0.99999917,0.00050711836,-0.0011755674,5.9615235e-07,0.0,0.0,-0.49052218
1777227188381000,0.0,0.9999991,0.0007414798,-0.0011261215,8.3499714e-07,0.0,0.0,-0.4896083
1777227188429000,0.0,0.99999905,0.0006066413,-0.0012644918,7.670937e-07,0.0,0.0,-0.49093407
1777227188485000,0.0,0.99999845,0.00086523563,-0.0015525507,1.3433244e-06,0.0,0.0,-0.48967764
1777227188533000,0.0,0.99999857,0.0005160104,-0.0016108248,8.312035e-07,0.0,0.0,-0.49064374
1777227188581000,0.0,0.9999988,0.0005799364,-0.0014414099,8.3592704e-07,0.0,0.0,-0.48924407
1777227188637000,0.0,0.9999988,0.00060614734,-0.0014305853,8.671465e-07,0.0,0.0,-0.49138865
1777227188685000,0.0,0.9999993,0.00027717336,-0.0011762178,3.2601648e-07,0.0,0.0,-0.4893964
1777227188733000,0.0,0.999999,0.0007569927,-0.0012179171,9.2195523e-07,0.0,0.0,-0.490385
1777227188781000,0.0,0.9999991,0.0007240086,-0.0011242559,8.139717e-07,0.0,0.0,-0.48929113
1777227188829000,0.0,0.9999989,0.00058625214,-0.0013312676,7.8045935e-07,0.0,0.0,-0.4903451
1777227188885000,0.0,0.99999875,0.0005711594,-0.0014653908,8.369726e-07,0.0,0.0,-0.4892281
1777227188933000,0.0,0.9999988,0.0005446872,-0.0014344681,7.813373e-07,0.0,0.0,-0.49060822
1777227188981000,0.0,0.9999986,0.0006040436,-0.0015222816,9.1952546e-07,0.0,0.0,-0.4894413
1777227189037000,0.0,0.99999917,0.00077290024,-0.0010059575,7.7750536e-07,0.0,0.0,-0.491753
1777227189085000,0.0,0.99999934,0.0007442056,-0.0008872783,6.603179e-07,0.0,0.0,-0.48964217
1777227189133000,0.0,0.9999993,0.0004431745,-0.0011374148,5.040736e-07,0.0,0.0,-0.4907193
1777227189181000,0.0,0.9999991,0.0005098033,-0.0012362201,6.3022975e-07,0.0,0.0,-0.48970628
1777227189229000,0.0,0.9999995,0.00023693833,-0.00091538514,2.1688993e-07,0.0,0.0,-0.490655
1777227189285000,0.0,0.99999946,0.00019406885,-0.0010463389,2.0306193e-07,0.0,0.0,-0.48921177
1777227189333000,0.0,0.9999994,0.00047387817,-0.0009986663,4.7324642e-07,0.0,0.0,-0.49022314
1777227189381000,0.0,0.9999993,0.0006081424,-0.0010584325,6.4367816e-07,0.0,0.0,-0.4890465
1777227189437000,0.0,0.9999996,4.18572e-05,-0.00094462576,3.9539408e-08,0.0,0.0,-0.49127612
1777227189485000,0.0,0.99999976,0.00014046658,-0.000653685,9.1820915e-08,0.0,0.0,-0.4890908
1777227189533000,0.0,0.9999996,-4.8896538e-05,-0.0008789024,-4.29753e-08,0.0,0.0,-0.4903752
1777227189581000,0.0,0.9999997,-1.4956206e-05,-0.0007909647,-1.1829834e-08,0.0,0.0,-0.48934308
1777227189629000,0.0,0.99999976,5.8334575e-05,-0.0007502274,4.376421e-08,0.0,0.0,-0.49051514
1777227189685000,0.0,0.99999946,0.00030852112,-0.0010184807,3.14223e-07,0.0,0.0,-0.48951885
1777227189733000,0.0,0.9999991,0.00015703519,-0.0013166919,2.0676714e-07,0.0,0.0,-0.49058422
1777227189781000,0.0,0.99999917,0.00014084039,-0.0012607494,1.775646e-07,0.0,0.0,-0.48924717
1777227189829000,0.0,0.99999905,0.00018254595,-0.0013905502,2.5383957e-07,0.0,0.0,-0.49025324
1777227189885000,0.0,0.99999887,0.0004037268,-0.0014291176,5.769736e-07,0.0,0.0,-0.48913473
1777227189933000,0.0,0.99999905,0.00015900334,-0.0013389025,2.1289013e-07,0.0,0.0,-0.49045998
1777227189989000,0.0,0.9999988,5.0602914e-05,-0.0015528772,7.858021e-08,0.0,0.0,-0.4905619
1777227190029000,0.0,0.9999988,0.0002690829,-0.0015302231,4.1175736e-07,0.0,0.0,-0.49034157
1777227190085000,0.0,0.99999815,0.00049562275,-0.001857376,9.2055956e-07,0.0,0.0,-0.4893024
1777227190133000,0.0,0.99999857,0.0003736795,-0.0016496624,6.1644596e-07,0.0,0.0,-0.49047664
1777227190181000,0.0,0.99999875,9.8445074e-05,-0.0015696824,1.5452767e-07,0.0,0.0,-0.4893778
1777227190229000,0.0,0.9999988,-2.2620856e-05,-0.0015439151,-3.4924724e-08,0.0,0.0,-0.4903259
1777227190285000,0.0,0.9999986,2.3432021e-05,-0.0016646525,3.900623e-08,0.0,0.0,-0.48925585
1777227190333000,0.0,0.999998,-0.0002353616,-0.0019919632,-4.688326e-07,0.0,0.0,-0.49035716
1777227190381000,0.0,0.99999785,-0.00029015407,-0.0020511819,-5.9516e-07,0.0,0.0,-0.48913082
1777227190429000,0.0,0.9999983,-9.6597854e-05,-0.0018487663,-1.7858716e-07,0.0,0.0,-0.49020788
1777227190485000,0.0,0.9999986,-0.00033891128,-0.0016022949,-5.430365e-07,0.0,0.0,-0.48892742
1777227190533000,0.0,0.99999803,-0.0003595071,-0.0019581786,-7.0398045e-07,0.0,0.0,-0.4898185
1777227190581000,0.0,0.9999982,-0.00067199726,-0.0017507408,-1.1764951e-06,0.0,0.0,-0.48881817
1777227190629000,0.0,0.9999982,-0.0005941646,-0.0017870212,-1.0617867e-06,0.0,0.0,-0.4899698
1777227190685000,0.0,0.9999975,-0.00064541097,-0.0021144801,-1.3647118e-06,0.0,0.0,-0.48890734
1777227190733000,0.0,0.99999803,-0.0005613733,-0.0018865742,-1.0590743e-06,0.0,0.0,-0.49032122
1777227190789000,0.0,0.99999815,-0.00029991881,-0.0019066567,-5.7184326e-07,0.0,0.0,-0.4901473
1777227190829000,0.0,0.999998,-0.00049776194,-0.0019583541,-9.747962e-07,0.0,0.0,-0.49019438
1777227190885000,0.0,0.9999979,-0.0003641013,-0.002002487,-7.291096e-07,0.0,0.0,-0.48908928
1777227190933000,0.0,0.99999815,-0.00043788055,-0.0018797745,-8.2311817e-07,0.0,0.0,-0.49012995
1777227190981000,0.0,0.9999976,-0.00015246608,-0.0021714796,-3.3107779e-07,0.0,0.0,-0.48891133
1777227191029000,0.0,0.99999774,-0.0001758155,-0.0021069967,-3.704436e-07,0.0,0.0,-0.48991504
1777227191085000,0.0,0.9999974,-0.0005007795,-0.0022481177,-1.1258143e-06,0.0,0.0,-0.48853743
1777227191133000,0.0,0.9999962,-0.00031278393,-0.002738934,-8.5669774e-07,0.0,0.0,-0.48968488
1777227191189000,0.0,0.99999624,-0.0005359004,-0.0026931022,-1.4432401e-06,0.0,0.0,-0.4895314
1777227191237000,0.0,0.9999959,-0.00058050116,-0.0028139409,-1.6335027e-06,0.0,0.0,-0.49101248
1777227191285000,0.0,0.99999654,-0.0005502822,-0.002588578,-1.4244533e-06,0.0,0.0,-0.4888493
1777227191333000,0.0,0.9999971,-0.00040321285,-0.002370458,-9.558019e-07,0.0,0.0,-0.48985726
1777227191381000,0.0,0.9999957,-4.7886017e-05,-0.0029191044,-1.3978489e-07,0.0,0.0,-0.4887722
1777227191437000,0.0,0.99999666,-0.000112318216,-0.0025755197,-2.8927874e-07,0.0,0.0,-0.4910421
1777227191485000,0.0,0.9999966,-2.4505996e-05,-0.0026065938,-6.387739e-08,0.0,0.0,-0.48875874
1777227191533000,0.0,0.99999654,-0.00044754264,-0.0025968535,-1.1622067e-06,0.0,0.0,-0.48966044
1777227191589000,0.0,0.9999966,-0.00032930519,-0.0026030552,-8.5720245e-07,0.0,0.0,-0.48958495
1777227191629000,0.0,0.999997,-0.0005857738,-0.0023826323,-1.3956878e-06,0.0,0.0,-0.4895298
1777227191685000,0.0,0.9999966,-0.0006147306,-0.0025272984,-1.5536126e-06,0.0,0.0,-0.48865336
1777227191733000,0.0,0.99999565,-0.00012424862,-0.002947345,-3.6620511e-07,0.0,0.0,-0.4897817
1777227191781000,0.0,0.9999967,-0.0003837925,-0.0025433872,-9.761362e-07,0.0,0.0,-0.48866802
1777227191829000,0.0,0.99999577,-0.00067389937,-0.002814305,-1.8965662e-06,0.0,0.0,-0.48991123
1777227191885000,0.0,0.999997,-0.0005283446,-0.002396022,-1.2659291e-06,0.0,0.0,-0.48875853
1777227191933000,0.0,0.99999654,-0.000551651,-0.0025651543,-1.4150748e-06,0.0,0.0,-0.4899003
1777227191981000,0.0,0.99999684,-0.00087579864,-0.002356071,-2.06345e-06,0.0,0.0,-0.48865458
1777227192029000,0.0,0.999997,-0.000826097,-0.002310332,-1.908564e-06,0.0,0.0,-0.48977727
1777227192085000,0.0,0.99999696,-0.0009971006,-0.0022550975,-2.248566e-06,0.0,0.0,-0.48855868
1777227192133000,0.0,0.99999696,-0.0011297765,-0.0021711455,-2.4529159e-06,0.0,0.0,-0.48937032
1777227192181000,0.0,0.99999696,-0.0012134952,-0.0021602563,-2.6214686e-06,0.0,0.0,-0.4882477
1777227192229000,0.0,0.9999967,-0.0012485785,-0.0022421791,-2.7995459e-06,0.0,0.0,-0.48932892
1777227192285000,0.0,0.9999975,-0.0009684928,-0.0020245037,-1.9607223e-06,0.0,0.0,-0.48837256
1777227192333000,0.0,0.99999714,-0.0012967412,-0.0020175013,-2.6161845e-06,0.0,0.0,-0.48938072
1777227192389000,0.0,0.9999969,-0.0015286218,-0.001972815,-3.0156975e-06,0.0,0.0,-0.4894834
1777227192429000,0.0,0.9999968,-0.0014384387,-0.0020900231,-3.00638e-06,0.0,0.0,-0.48941812
1777227192485000,0.0,0.9999972,-0.0014424584,-0.0018846628,-2.7185552e-06,0.0,0.0,-0.48855382
1777227192533000,0.0,0.9999971,-0.0014095209,-0.0019708648,-2.7779831e-06,0.0,0.0,-0.48969263
1777227192581000,0.0,0.99999696,-0.0014162867,-0.0020403957,-2.8897941e-06,0.0,0.0,-0.4886205
1777227192637000,0.0,0.9999969,-0.0013994552,-0.0020519758,-2.8716577e-06,0.0,0.0,-0.49085218
1777227192685000,0.0,0.99999684,-0.001194011,-0.0022118844,-2.6410219e-06,0.0,0.0,-0.4888084
1777227192733000,0.0,0.99999595,-0.0014592739,-0.0024386365,-3.558653e-06,0.0,0.0,-0.49014184
1777227192781000,0.0,0.99999654,-0.001482608,-0.002171638,-3.2196992e-06,0.0,0.0,-0.48901895
1777227192829000,0.0,0.9999972,-0.0013751541,-0.0019266004,-2.6493797e-06,0.0,0.0,-0.4901096
1777227192885000,0.0,0.9999971,-0.0012926627,-0.0020421261,-2.6397881e-06,0.0,0.0,-0.48917934
1777227192933000,0.0,0.999997,-0.0010484352,-0.0022182995,-2.3257505e-06,0.0,0.0,-0.490677
1777227192981000,0.0,0.9999972,-0.00093300146,-0.0021753956,-2.029653e-06,0.0,0.0,-0.48896
1777227193029000,0.0,0.9999977,-0.0010444176,-0.0019099113,-1.99475e-06,0.0,0.0,-0.4898798
1777227193085000,0.0,0.9999981,-0.00072073744,-0.0018234686,-1.3142445e-06,0.0,0.0,-0.48871425
1777227193133000,0.0,0.9999978,-0.0008801023,-0.0018990423,-1.6713551e-06,0.0,0.0,-0.49005038
1777227193181000,0.0,0.99999833,-0.00094517734,-0.001582436,-1.4956852e-06,0.0,0.0,-0.48880193
1777227193237000,0.0,0.9999985,-0.00084637274,-0.0015144926,-1.281827e-06,0.0,0.0,-0.4910519
1777227193285000,0.0,0.9999984,-0.0010323299,-0.0014774125,-1.5251794e-06,0.0,0.0,-0.48870236
1777227193333000,0.0,0.9999987,-0.0011168902,-0.0011726727,-1.3097484e-06,0.0,0.0,-0.48977637
1777227193381000,0.0,0.9999984,-0.0011971422,-0.0013473324,-1.6129509e-06,0.0,0.0,-0.48859817
1777227193437000,0.0,0.9999981,-0.0013263784,-0.0014336727,-1.9015962e-06,0.0,0.0,-0.49072304
1777227193485000,0.0,0.9999983,-0.0013244388,-0.0012934951,-1.7131579e-06,0.0,0.0,-0.48829892
1777227193533000,0.0,0.9999981,-0.0012342962,-0.0015332362,-1.8924717e-06,0.0,0.0,-0.48932654
1777227193581000,0.0,0.99999833,-0.0011300122,-0.0014459373,-1.6339296e-06,0.0,0.0,-0.48826247
1777227193637000,0.0,0.9999985,-0.0011627317,-0.0012524707,-1.4562894e-06,0.0,0.0,-0.49064437
1777227193685000,0.0,0.9999984,-0.0012140007,-0.0013321616,-1.6172479e-06,0.0,0.0,-0.48846027
1777227193733000,0.0,0.9999977,-0.001414068,-0.0016000525,-2.2625882e-06,0.0,0.0,-0.48960298
1777227193781000,0.0,0.99999726,-0.0015549537,-0.0017678664,-2.7489582e-06,0.0,0.0,-0.4885995
1777227193837000,0.0,0.9999973,-0.001565792,-0.0016891151,-2.6448097e-06,0.0,0.0,-0.4909419
1777227193885000,0.0,0.99999774,-0.0015763749,-0.0014300338,-2.2542742e-06,0.0,0.0,-0.48888388
1777227193933000,0.0,0.99999815,-0.0016029165,-0.0010751507,-1.7233799e-06,0.0,0.0,-0.4898984
1777227193989000,0.0,0.9999976,-0.0016007974,-0.001464997,-2.345169e-06,0.0,0.0,-0.48975518
1777227194037000,0.0,0.9999979,-0.0014965844,-0.001379405,-2.0644002e-06,0.0,0.0,-0.49075982
1777227194085000,0.0,0.9999976,-0.0016798035,-0.0014164165,-2.3793073e-06,0.0,0.0,-0.4886033
1777227194133000,0.0,0.9999983,-0.001438651,-0.0012028953,-1.7305496e-06,0.0,0.0,-0.4897586
1777227194189000,0.0,0.9999976,-0.0014931936,-0.0015839646,-2.3651712e-06,0.0,0.0,-0.48988962
1777227194229000,0.0,0.9999973,-0.0016259351,-0.0016674408,-2.711158e-06,0.0,0.0,-0.48999003
1777227194285000,0.0,0.99999714,-0.0016895197,-0.0016845673,-2.846118e-06,0.0,0.0,-0.48892006
1777227194333000,0.0,0.9999977,-0.0014403175,-0.0016230384,-2.3376965e-06,0.0,0.0,-0.4901261
1777227194389000,0.0,0.99999744,-0.0013588154,-0.0018191818,-2.4719386e-06,0.0,0.0,-0.49030492
1777227194429000,0.0,0.9999972,-0.0014211467,-0.0018929288,-2.6901369e-06,0.0,0.0,-0.49034825
1777227194485000,0.0,0.9999976,-0.0011138066,-0.0018623109,-2.074259e-06,0.0,0.0,-0.48956326
1777227194533000,0.0,0.9999981,-0.000857992,-0.0017714826,-1.5199208e-06,0.0,0.0,-0.4898644
1777227194581000,0.0,0.9999969,-0.0013097926,-0.0021244127,-2.7825488e-06,0.0,0.0,-0.48757616
1777227194629000,0.0,0.9999975,-0.0014711345,-0.0016859872,-2.4803203e-06,0.0,0.0,-0.48709753
1777227194685000,0.0,0.9999971,-0.001549284,-0.0018549869,-2.8739098e-06,0.0,0.0,-0.48317468
1777227194733000,0.0,0.9999973,-0.0014595912,-0.0018148328,-2.648921e-06,0.0,0.0,-0.4810572
1777227194781000,0.0,0.99999744,-0.0014801032,-0.0017132702,-2.5358231e-06,0.0,0.0,-0.4762084
1777227194829000,0.0,0.9999978,-0.0013072577,-0.0016617535,-2.1723451e-06,0.0,0.0,-0.47328272
1777227194885000,0.0,0.99999666,-0.0014749675,-0.0021143297,-3.118578e-06,0.0,0.0,-0.46718523
1777227194933000,0.0,0.9999972,-0.0015904027,-0.0017531273,-2.7881863e-06,0.0,0.0,-0.46325976
1777227194981000,0.0,0.9999972,-0.0017623868,-0.0015895382,-2.801389e-06,0.0,0.0,-0.4566857
1777227195029000,0.0,0.99999756,-0.001433518,-0.0016830349,-2.4126668e-06,0.0,0.0,-0.4521714
1777227195085000,0.0,0.999998,-0.0013350357,-0.0015362954,-2.051013e-06,0.0,0.0,-0.44372803
1777227195133000,0.0,0.99999785,-0.00145005,-0.0014895274,-2.1598937e-06,0.0,0.0,-0.4382132
1777227195181000,0.0,0.99999815,-0.0011900843,-0.0015096982,-1.7966715e-06,0.0,0.0,-0.43018594
1777227195229000,0.0,0.99999833,-0.0013185033,-0.0012995448,-1.713457e-06,0.0,0.0,-0.42409095
1777227195285000,0.0,0.9999983,-0.0013881241,-0.0012248993,-1.7003152e-06,0.0,0.0,-0.41397694
1777227195333000,0.0,0.9999981,-0.0012899258,-0.0014766824,-1.9048146e-06,0.0,0.0,-0.40703854
1777227195389000,0.0,0.99999815,-0.0014471784,-0.0012535395,-1.8140983e-06,0.0,0.0,-0.39732635
1777227195429000,0.0,0.99999857,-0.0012174099,-0.0011615225,-1.414051e-06,0.0,0.0,-0.39019182
1777227195485000,0.0,0.99999774,-0.0016809972,-0.0013054506,-2.194464e-06,0.0,0.0,-0.37889773
1777227195533000,0.0,0.9999979,-0.0015477071,-0.0013217891,-2.0457464e-06,0.0,0.0,-0.3706896
1777227195581000,0.0,0.9999974,-0.0017851976,-0.0014031647,-2.5049328e-06,0.0,0.0,-0.36016354
1777227195629000,0.0,0.99999815,-0.0014344273,-0.0012798075,-1.8357941e-06,0.0,0.0,-0.35142595
1777227195685000,0.0,0.999998,-0.0015561659,-0.0012889011,-2.0057482e-06,0.0,0.0,-0.33845505
1777227195733000,0.0,0.9999983,-0.0014918398,-0.0011493003,-1.7145748e-06,0.0,0.0,-0.32913667
1777227195781000,0.0,0.99999845,-0.0013986967,-0.0010966739,-1.5339165e-06,0.0,0.0,-0.31726572
1777227195837000,0.0,0.99999833,-0.0016531942,-0.00079662545,-1.3169787e-06,0.0,0.0,-0.30687395
1777227195885000,0.0,0.9999983,-0.0017644217,-0.00063520926,-1.120779e-06,0.0,0.0,-0.29344824
1777227195933000,0.0,0.9999986,-0.0015885558,-0.00049810426,-7.9126744e-07,0.0,0.0,-0.28308243
1777227195981000,0.0,0.99999815,-0.0017255998,-0.0008472274,-1.4619781e-06,0.0,0.0,-0.27048865
1777227196029000,0.0,0.9999977,-0.0019586426,-0.00093407097,-1.8295154e-06,0.0,0.0,-0.2594543
1777227196085000,0.0,0.99999774,-0.0019677882,-0.0007734068,-1.5219042e-06,0.0,0.0,-0.24397293
1777227196133000,0.0,0.999998,-0.0019250389,-0.0006141209,-1.1822091e-06,0.0,0.0,-0.23270616
1777227196181000,0.0,0.99999756,-0.0020722428,-0.00075072475,-1.5556877e-06,0.0,0.0,-0.21911837
1777227196237000,0.0,0.99999994,0.0,0.0,0.00032721,0.0,0.0,-0.12
1777227196285000,0.0,0.99999994,0.0,0.0,0.0003486205,0.0,0.0,-0.12
1777227196333000,0.0,0.9999999,0.0,0.0,0.0004861979,0.0,0.0,-0.12
1777227196381000,0.0,0.99999994,0.0,0.0,0.00034766376,0.0,0.0,-0.12
1777227196429000,0.0,0.99999994,0.0,0.0,0.0003677575,0.0,0.0,-0.12
1777227196485000,0.0,0.99999994,0.0,0.0,0.0004061423,0.0,0.0,-0.12
1777227196533000,0.0,0.9999999,0.0,0.0,0.00046904638,0.0,0.0,-0.12
1777227196589000,0.0,0.99999994,0.0,0.0,0.00027258872,0.0,0.0,-0.12
1777227196629000,0.0,1.0,0.0,0.0,0.00010573921,0.0,0.0,-0.12
1777227196685000,0.0,1.0,0.0,0.0,0.00012350972,0.0,0.0,-0.12
1777227196733000,0.0,1.0,0.0,0.0,0.00019226178,0.0,0.0,-0.12
1777227196781000,0.0,1.0,0.0,0.0,0.00011626982,0.0,0.0,-0.12
1777227196837000,0.0,1.0,0.0,0.0,0.00016056997,0.0,0.0,-0.12
1777227196885000,0.0,1.0,0.0,0.0,7.7542805e-05,0.0,0.0,-0.12
1777227196933000,0.0,1.0,0.0,0.0,3.6223777e-05,0.0,0.0,-0.001
1777227196981000,0.0,1.0,-0.0,0.0,-8.60733e-05,0.0,0.0,-0.001
1777227197029000,0.0,1.0,0.0,0.0,4.234646e-06,0.0,0.0,-0.001
1777227197085000,0.0,1.0,-0.0,0.0,-2.3028051e-05,0.0,0.0,-0.001
1777227197133000,0.0,1.0,-0.0,0.0,-0.00016037835,0.0,0.0,-0.001
1777227197181000,0.0,1.0,-0.0,0.0,-0.00012714515,0.0,0.0,-0.001
1777227197229000,0.0,1.0,-0.0,0.0,-0.00015387232,0.0,0.0,-0.001
1777227197285000,0.0,1.0,-0.0,0.0,-0.00020910462,0.0,0.0,-0.001
1777227197333000,0.0,1.0,-0.0,0.0,-0.00021286552,0.0,0.0,-0.001
1777227197389000,0.0,0.99999994,-0.0,0.0,-0.0003080963,0.0,0.0,-0.001
1777227197437000,0.0,0.99999994,-0.0,0.0,-0.0003109428,0.0,0.0,-0.001
1777227197485000,0.0,0.99999994,-0.0,0.0,-0.00032560623,0.0,0.0,-0.001
1777227197533000,0.0,1.0,-0.0,0.0,-0.0001649626,0.0,0.0,-0.001
1777227197581000,0.0,1.0,-0.0,0.0,-0.00012516939,0.0,0.0,-0.001
1777227197629000,0.0,0.99999994,-0.0,0.0,-0.00030194406,0.0,0.0,-0.001
1777227197685000,0.0,0.99999994,-0.0,0.0,-0.00029002977,0.0,0.0,-0.001
1777227197733000,0.0,0.99999994,-0.0,0.0,-0.00030305417,0.0,0.0,-0.001
1777227197781000,0.0,1.0,-0.0,0.0,-0.00020846317,0.0,0.0,-0.001
1777227197837000,0.0,0.99999994,-0.0,0.0,-0.00030991138,0.0,0.0,-0.001
1777227197885000,0.0,0.99999994,-0.0,0.0,-0.00030529866,0.0,0.0,-0.001
1777227197933000,0.0,0.99999994,-0.0,0.0,-0.00025851044,0.0,0.0,-0.001
1777227197989000,0.0,0.99999994,-0.0,0.0,-0.00031558287,0.0,0.0,-0.001
1777227198037000,0.0,0.99999994,-0.0,0.0,-0.00031861925,0.0,0.0,-0.001
1777227198085000,0.0,0.99999994,-0.0,0.0,-0.00037118795,0.0,0.0,-0.001
1777227198133000,0.0,0.99999994,-0.0,0.0,-0.00034466368,0.0,0.0,-0.001
1777227198181000,0.0,0.99999994,-0.0,0.0,-0.00026348716,0.0,0.0,-0.001
1777227198229000,0.0,0.99999994,-0.0,0.0,-0.0003105895,0.0,0.0,-0.001
1777227198285000,0.0,1.0,-0.0,0.0,-0.00020865709,0.0,0.0,-0.001
1777227198333000,0.0,0.99999994,-0.0,0.0,-0.00025257684,0.0,0.0,-0.001
1777227198381000,0.0,0.99999994,-0.0,0.0,-0.00035502788,0.0,0.0,-0.001
1777227198429000,0.0,0.99999994,-0.0,0.0,-0.0003161684,0.0,0.0,-0.001
1777227198485000,0.0,0.99999994,-0.0,0.0,-0.00031952775,0.0,0.0,-0.001
1777227198533000,0.0,1.0,-0.0,0.0,-0.0001310682,0.0,0.0,-0.001
1777227198589000,0.0,1.0,-0.0,0.0,-0.00016267218,0.0,0.0,-0.001
1777227198637000,0.0,1.0,-0.0,0.0,-0.00013046512,0.0,0.0,-0.001
1777227198685000,0.0,1.0,-0.0,0.0,-4.7028818e-05,0.0,0.0,-0.001
1777227198733000,0.0,1.0,-0.0,0.0,-6.76482e-05,0.0,0.0,-0.001
1777227198781000,0.0,1.0,0.0,0.0,5.5230394e-05,0.0,0.0,-0.001
1777227198837000,0.0,1.0,0.0,0.0,1.1698511e-05,0.0,0.0,-0.001
1777227198885000,0.0,1.0,0.0,0.0,2.0383695e-06,0.0,0.0,-0.001
1777227198933000,0.0,1.0,0.0,0.0,7.2197145e-05,0.0,0.0,-0.001
1777227198981000,0.0,1.0,0.0,0.0,1.4058468e-05,0.0,0.0,-0.001
1777227199037000,0.0,1.0,-0.0,0.0,-9.296151e-05,0.0,0.0,-0.001
1777227199085000,0.0,1.0,0.0,0.0,2.4276484e-05,0.0,0.0,-0.001
1777227199133000,0.0,1.0,0.0,0.0,5.1106545e-05,0.0,0.0,-0.001
1777227199181000,0.0,1.0,0.0,0.0,2.6400083e-05,0.0,0.0,-0.001
1777227199229000,0.0,1.0,-0.0,0.0,-4.810388e-06,0.0,0.0,-0.001
1777227199285000,0.0,1.0,0.0,0.0,6.7321365e-05,0.0,0.0,-0.001
1777227199333000,0.0,1.0,0.0,0.0,0.000121671685,0.0,0.0,-0.001
1777227199381000,0.0,1.0,0.0,0.0,0.0002085155,0.0,0.0,-0.001
1777227199437000,0.0,1.0,0.0,0.0,7.133182e-05,0.0,0.0,-0.001
1777227199485000,0.0,1.0,0.0,0.0,3.6250654e-05,0.0,0.0,-0.001
1777227199533000,0.0,1.0,0.0,0.0,5.892643e-05,0.0,0.0,-0.001
1777227199589000,0.0,1.0,-0.0,0.0,-2.255163e-05,0.0,0.0,-0.001
1777227199629000,0.0,1.0,-0.0,0.0,-4.7530128e-05,0.0,0.0,-0.001
1777227199685000,0.0,1.0,0.0,0.0,0.00015316866,0.0,0.0,-0.001
1777227199733000,0.0,1.0,0.0,0.0,0.00012288561,0.0,0.0,-0.001
1777227199781000,0.0,1.0,0.0,0.0,0.00017732318,0.0,0.0,-0.001
1777227199837000,0.0,1.0,0.0,0.0,0.00015047821,0.0,0.0,-0.001
1777227199885000,0.0,1.0,0.0,0.0,7.339985e-05,0.0,0.0,-0.001
