timestamp,timestamp_sample,time_last_fuse,observation[0],observation[1],device_id,observation_variance[0],observation_variance[1],innovation[0],innovation[1],innovation_filtered[0],innovation_filtered[1],innovation_variance[0],innovation_variance[1],test_ratio[0],test_ratio[1],test_ratio_filtered[0],test_ratio_filtered[1],estimator_instance,innovation_rejected,fused
1777227498757000,1777227498603000,1777227498605000,47.3986695,8.5455934,0,0.25,0.25,-0.021598466,0.0061676214,-0.009158357,0.0020339198,0.2574779,0.25748608,7.247126e-05,5.9093763e-06,-2.5554556e-05,4.0917353e-06,0,0,1
1777227498813000,1777227498655000,1777227498661000,47.3986695,8.545593199999999,0,0.25,0.25,-0.02142099,0.021425389,-0.010313532,0.0038606524,0.2575038,0.2575121,7.127798e-05,7.130497e-05,-2.9861836e-05,1.0423417e-05,0,0,1
1777227498861000,1777227498707000,1777227498709000,47.3986696,8.5455933,0,0.25,0.25,-0.03221444,0.013425176,-0.012376661,0.0047616586,0.2574777,0.257486,0.00016122097,2.799925e-05,-4.223625e-05,1.2079111e-05,0,0,1
1777227498917000,1777227498759000,1777227498765000,47.3986695,8.5455933,0,0.25,0.25,-0.020518938,0.013239661,-0.0131436875,0.005560311,0.25750363,0.25751203,6.5401306e-05,2.7228029e-05,-4.4418466e-05,1.3506183e-05,0,0,1
1777227498965000,1777227498811000,1777227498813000,47.3986695,8.5455933,0,0.25,0.25,-0.020198572,0.013008294,-0.013808278,0.0062619327,0.25747794,0.25748613,6.3381325e-05,2.6287351e-05,-4.6204823e-05,1.47102055e-05,0,0,1
1777227499021000,1777227498863000,1777227498869000,47.3986695,8.5455934,0,0.25,0.25,-0.020002615,0.0053537264,-0.014391803,0.006176377,0.25750384,0.25751212,6.2151244e-05,4.4522e-06,-4.770702e-05,1.3743872e-05,0,0,1
1777227499069000,1777227498915000,1777227498917000,47.398669399999996,8.5455933,0,0.25,0.25,-0.008391922,0.012892139,-0.013826597,0.0068090213,0.25747773,0.25748602,1.0940653e-05,2.5820003e-05,-4.4243523e-05,1.4881479e-05,0,0,1
1777227499125000,1777227498967000,1777227498973000,47.3986695,8.545593499999999,0,0.25,0.25,-0.019752406,-0.0023891046,-0.014384825,0.0059425314,0.25750366,0.25751206,6.0606133e-05,8.866102e-07,-4.5784927e-05,1.3396079e-05,0,0,1
1777227499173000,1777227499019000,1777227499021000,47.398669399999996,8.5455934,0,0.25,0.25,-0.00830462,0.0053397603,-0.013812052,0.0058857487,0.25747797,0.25748616,1.0714192e-05,4.429448e-06,-4.2481162e-05,1.2551396e-05,0,0,1
1777227499229000,1777227499071000,1777227499077000,47.398669299999995,8.5455933,0,0.25,0.25,0.0025366915,0.012960163,-0.012271953,0.006552179,0.25750387,0.25751215,9.995662e-07,2.6090549e-05,-3.838515e-05,1.3826823e-05,0,0,1
1777227499277000,1777227499123000,1777227499125000,47.3986692,8.5455933,0,0.25,0.25,0.013383154,0.012666284,-0.009855167,0.0071281455,0.25747776,0.25748605,2.782513e-05,2.4923254e-05,-3.214795e-05,1.4872139e-05,0,0,1
1777227499333000,1777227499175000,1777227499181000,47.3986692,8.5455934,0,0.25,0.25,0.012604773,0.0048318068,-0.0077393753,0.0069118235,0.2575037,0.25751212,2.4680083e-05,3.6264476e-06,-2.6794583e-05,1.38127625e-05,0,0,1
1777227499381000,1777227499227000,1777227499229000,47.398669299999995,8.5455933,0,0.25,0.25,0.00081457547,0.012331059,-0.006933568,0.0074223313,0.257478,0.2574862,1.0308192e-07,2.3621464e-05,-2.4260746e-05,1.4736771e-05,0,0,1
1777227499437000,1777227499279000,1777227499285000,47.398669299999995,8.5455933,0,0.25,0.25,0.00034678844,0.012042079,-0.0062477374,0.007857525,0.2575039,0.2575122,1.8681227e-08,2.2525017e-05,-2.1973554e-05,1.5470447e-05,0,0,1
1777227499485000,1777227499331000,1777227499333000,47.398669399999996,8.545593199999999,0,0.25,0.25,-0.011029832,0.019297121,-0.0066982247,0.008935168,0.2574778,0.25748608,1.8899835e-05,5.7848392e-05,-2.1684e-05,1.9462572e-05,0,0,1
1777227499541000,1777227499383000,1777227499389000,47.398669399999996,8.5455933,0,0.25,0.25,-0.011127337,0.0112298895,-0.00711546,0.009151338,0.25750372,0.25751215,1.9233526e-05,1.9589044e-05,-2.1453157e-05,1.9474486e-05,0,0,1
1777227499589000,1777227499435000,1777227499437000,47.398669399999996,8.5455933,0,0.25,0.25,-0.011065109,0.01092811,-0.0074875285,0.009318715,0.2574776,0.25748602,1.9020936e-05,1.8552246e-05,-2.1224036e-05,1.9387608e-05,0,0,1
1777227499645000,1777227499487000,1777227499493000,47.3986695,8.545593199999999,0,0.25,0.25,-0.022294994,0.018150542,-0.008882435,0.010150699,0.2575039,0.25751224,7.721309e-05,5.117305e-05,-2.6498368e-05,2.2381888e-05,0,0,1
1777227499693000,1777227499539000,1777227499541000,47.3986695,8.5455933,0,0.25,0.25,-0.021869184,0.010081314,-0.010105824,0.010144163,0.25747782,0.25748613,7.429941e-05,1.5788482e-05,-3.1001364e-05,2.176077e-05,0,0,1
1777227499749000,1777227499591000,1777227499597000,47.3986695,8.5455933,0,0.25,0.25,-0.021514822,0.009782633,-0.011180585,0.010110105,0.25750372,0.25751218,7.190382e-05,1.4865302e-05,-3.4854493e-05,2.1111196e-05,0,0,1
1777227499797000,1777227499643000,1777227499645000,47.3986696,8.5455933,0,0.25,0.25,-0.032273248,0.0094764,-0.013167575,0.010050409,0.25747764,0.25748608,0.00016181017,1.3950604e-05,-4.6814086e-05,2.0436648e-05,0,0,1
1777227499853000,1777227499695000,1777227499701000,47.3986696,8.545593499999999,0,0.25,0.25,-0.03166976,-0.0059268675,-0.014910534,0.008545303,0.25750393,0.2575123,0.00015579935,5.4564784e-06,-5.7080815e-05,1.799744e-05,0,0,1
1777227499901000,1777227499747000,1777227499749000,47.3986695,8.545593199999999,0,0.25,0.25,-0.019829508,0.016816417,-0.015373915,0.009324466,0.25747782,0.25748616,6.1086335e-05,4.3931195e-05,-5.7458146e-05,2.0440475e-05,0,0,1
1777227499957000,1777227499799000,1777227499805000,47.398669399999996,8.5455931,0,0.25,0.25,-0.0083975475,0.023775026,-0.014716721,0.01068575,0.25750375,0.25751224,1.0954219e-05,8.780194e-05,-5.307734e-05,2.6786121e-05,0,0,1
1777227500005000,1777227499851000,1777227499853000,47.398669299999995,8.545593199999999,0,0.25,0.25,0.002935915,0.015510103,-0.013053792,0.011140218,0.25747764,0.25748613,1.3390827e-06,3.7371065e-05,-4.7951155e-05,2.7783253e-05,0,0,1
1777227500061000,1777227499903000,1777227499909000,47.398669299999995,8.5455933,0,0.25,0.25,0.0024775874,0.0074451137,-0.01159069,0.010792129,0.25750393,0.25751233,9.535294e-07,8.61003e-06,-4.3344193e-05,2.597708e-05,0,0,1
1777227500109000,1777227499955000,1777227499957000,47.398669299999995,8.5455934,0,0.25,0.25,0.0022196444,-0.00036328757,-0.0102897165,0.009741256,0.25747785,0.25748622,7.6539726e-07,2.0502512e-08,-3.918894e-05,2.3528033e-05,0,0,1
1777227500165000,1777227500007000,1777227500013000,47.398669399999996,8.5455934,0,0.25,0.25,-0.009401498,-0.00042313308,-0.010206044,0.008783741,0.25750375,0.25751227,1.3730002e-05,2.7810964e-08,-3.6790636e-05,2.1309004e-05,0,0,1
1777227500213000,1777227500059000,1777227500061000,47.398669399999996,8.5455934,0,0.25,0.25,-0.009327949,-0.0004401498,-0.010123325,0.0079148235,0.2574776,0.2574861,1.351739e-05,3.009589e-08,-3.459823e-05,1.9298799e-05,0,0,1
1777227500269000,1777227500111000,1777227500117000,47.3986695,8.545593499999999,0,0.25,0.25,-0.020676088,-0.008037622,-0.011117426,0.0064120567,0.25750354,0.25751218,6.6406945e-05,1.0034999e-05,-3.7594702e-05,1.653547e-05,0,0,1
1777227500317000,1777227500163000,1777227500165000,47.398669299999995,8.5455934,0,0.25,0.25,0.002067389,-0.00033459655,-0.009875378,0.005776502,0.25747785,0.25748625,6.639945e-07,1.7391974e-08,-3.3990622e-05,1.4976143e-05,0,0,1
1777227500373000,1777227500215000,1777227500221000,47.398669399999996,8.5455934,0,0.25,0.25,-0.009477175,-0.00046783092,-0.009837866,0.0051882677,0.25750378,0.25751233,1.3951926e-05,3.399694e-08,-3.210292e-05,1.3562144e-05,0,0,1
1777227500421000,1777227500267000,1777227500269000,47.398669399999996,8.5455933,0,0.25,0.25,-0.00939879,0.0069901943,-0.009796504,0.0053580143,0.25747764,0.25748616,1.3723484e-05,7.5907483e-06,-3.0371522e-05,1.29996215e-05,0,0,1
1777227500477000,1777227500319000,1777227500325000,47.398669299999995,8.5455934,0,0.25,0.25,0.0016728009,-0.00092451455,-0.008716062,0.0047661816,0.25750357,0.2575122,4.3467557e-07,1.3276686e-07,-2.7469488e-05,1.1762512e-05,0,0,1
1777227500525000,1777227500371000,1777227500373000,47.398669299999995,8.5455934,0,0.25,0.25,0.0014080141,-0.0009900689,-0.0077623446,0.004223926,0.25747788,0.2574863,3.079882e-07,1.5227783e-07,-2.4852769e-05,1.0640104e-05,0,0,1
1777227500581000,1777227500423000,1777227500429000,47.398669299999995,8.5455934,0,0.25,0.25,0.0010980114,-0.0011126365,-0.0069276732,0.0037212062,0.2575038,0.2575124,1.872794e-07,1.9229522e-07,-2.2493923e-05,9.61966e-06,0,0,1
1777227500629000,1777227500475000,1777227500477000,47.398669399999996,8.5455934,0,0.25,0.25,-0.010284896,-0.0011771691,-0.007243933,0.003259765,0.2574781,0.25748643,1.6433101e-05,2.1526992e-07,-2.1922977e-05,8.693181e-06,0,0,1
1777227500685000,1777227500527000,1777227500533000,47.398669399999996,8.5455934,0,0.25,0.25,-0.01031784,-0.0013408305,-0.007533504,0.0028263754,0.257504,0.25751248,1.653688e-05,2.7926046e-07,-2.1415592e-05,7.847952e-06,0,0,1
1777227500733000,1777227500579000,1777227500581000,47.3986692,8.5455931,0,0.25,0.25,0.012126973,0.021207845,-0.00568143,0.0045579635,0.2574783,0.25748658,2.2846738e-05,6.987125e-05,-1.7245951e-05,1.36907265e-05,0,0,1
1777227500789000,1777227500631000,1777227500637000,47.398669299999995,8.5455931,0,0.25,0.25,0.00035123067,0.020334179,-0.005113136,0.006044129,0.25750422,0.25751263,1.9162867e-08,6.422657e-05,-1.5619527e-05,1.845135e-05,0,0,1
1777227500837000,1777227500683000,1777227500685000,47.398669299999995,8.5455933,0,0.25,0.25,0.00012934212,0.004460982,-0.0046192794,0.005894992,0.2574781,0.25748646,2.5989604e-09,3.0914807e-06,-1.4147878e-05,1.7004406e-05,0,0,1
1777227500893000,1777227500735000,1777227500741000,47.398669399999996,8.545593499999999,0,0.25,0.25,-0.011318768,-0.011037007,-0.0052503906,0.0042999485,0.257504,0.2575125,1.9900977e-05,1.892188e-05,-1.46898365e-05,1.3620045e-05,0,0,1
1777227500941000,1777227500787000,1777227500789000,47.398669399999996,8.545593499999999,0,0.25,0.25,-0.011150987,-0.010872736,-0.005806244,0.0028706375,0.2574783,0.2574866,1.9317282e-05,1.8364664e-05,-1.5125755e-05,1.0606993e-05,0,0,1
1777227500997000,1777227500839000,1777227500845000,47.398669399999996,8.5455936,0,0.25,0.25,-0.010991301,-0.018298592,-0.0062946915,0.0008764344,0.25750422,0.25751266,1.8766092e-05,5.201119e-05,-1.5468686e-05,4.7081776e-06,0,0,1
1777227501045000,1777227500891000,1777227500893000,47.398669399999996,8.5455934,0,0.25,0.25,-0.010811731,-0.0027891842,-0.0067202095,0.00053112244,0.25747806,0.2574865,1.8159766e-05,1.2085369e-06,-1.5722193e-05,4.150806e-06,0,0,1
1777227501101000,1777227500943000,1777227500949000,47.398669399999996,8.545593499999999,0,0.25,0.25,-0.010699535,-0.010455311,-0.0070950733,-0.00050383154,0.257504,0.25751254,1.7783033e-05,1.6979917e-05,-1.591633e-05,2.1602305e-06,0,0,1
1777227501149000,1777227500995000,1777227500997000,47.3986695,8.545593499999999,0,0.25,0.25,-0.021687673,-0.010302788,-0.008469739,-0.0014269217,0.25747827,0.2574866,7.3071045e-05,1.648978e-05,-2.130047e-05,4.0334544e-07,0,0,1
1777227501205000,1777227501047000,1777227501053000,47.398669399999996,8.545593499999999,0,0.25,0.25,-0.01007184,-0.010286722,-0.008620662,-0.0022615406,0.2575042,0.2575127,1.5757718e-05,1.643673e-05,-2.0778327e-05,-1.1830388e-06,0,0,1
1777227501253000,1777227501099000,1777227501101000,47.398669399999996,8.5455934,0,0.25,0.25,-0.009988726,-0.0025537466,-0.008749537,-0.0022890673,0.25747806,0.25748652,1.5500294e-05,1.0131205e-06,-2.028112e-05,-1.167032e-06,0,0,1
1777227501309000,1777227501151000,1777227501157000,47.398669399999996,8.5455934,0,0.25,0.25,-0.009864755,-0.002694482,-0.008854594,-0.0023272585,0.25750437,0.25751278,1.5116388e-05,1.1277473e-06,-1.9794588e-05,-1.1633313e-06,0,0,1
1777227501357000,1777227501203000,1777227501205000,47.398669399999996,8.5455934,0,0.25,0.25,-0.009697075,-0.002722015,-0.008933959,-0.0023644457,0.25747827,0.25748667,1.4608341e-05,1.1510289e-06,-1.930603e-05,-1.1621723e-06,0,0,1
1777227501413000,1777227501255000,1777227501261000,47.398669399999996,8.5455934,0,0.25,0.25,-0.009601412,-0.0028983098,-0.008996835,-0.0024147374,0.2575046,0.25751296,1.4320072e-05,1.3048199e-06,-1.8836337e-05,-1.1756101e-06,0,0,1
1777227501461000,1777227501307000,1777227501309000,47.398669299999995,8.5455934,0,0.25,0.25,0.0017276409,-0.0029375628,-0.007986559,-0.002463989,0.2574785,0.25748682,4.6368808e-07,1.3405385e-06,-1.701822e-05,-1.1911469e-06,0,0,1
1777227501517000,1777227501359000,1777227501365000,47.398669399999996,8.5455933,0,0.25,0.25,-0.009647677,0.0043496145,-0.00814304,-0.0018221277,0.25750443,0.2575129,1.4458418e-05,2.9387495e-06,-1.6777078e-05,-8.0209867e-07,0,0,1
1777227501565000,1777227501411000,1777227501413000,47.3986695,8.5455933,0,0.25,0.25,-0.020586146,0.0040218965,-0.009315217,-0.0012716036,0.25747833,0.25748676,6.58369e-05,2.5128516e-06,-2.1398657e-05,-4.8982076e-07,0,0,1
1777227501621000,1777227501463000,1777227501469000,47.3986695,8.5455933,0,0.25,0.25,-0.02011711,0.0035786268,-0.0103327865,-0.0008146978,0.25750467,0.25751305,6.286459e-05,1.9892693e-06,-2.5304867e-05,-2.5628327e-07,0,0,1
1777227501669000,1777227501515000,1777227501517000,47.3986695,8.5455933,0,0.25,0.25,-0.019642036,0.0032547137,-0.011209745,-0.0004313474,0.25747854,0.2574869,5.9936585e-05,1.6456232e-06,-2.8567276e-05,-7.711816e-08,0,0,1
1777227501725000,1777227501567000,1777227501573000,47.3986695,8.5455933,0,0.25,0.25,-0.019240238,0.0027874527,-0.011966241,-0.00012812708,0.25750446,0.257513,5.750374e-05,1.2069127e-06,-3.1293173e-05,4.384127e-08,0,0,1
1777227501773000,1777227501619000,1777227501621000,47.3986695,8.5455934,0,0.25,0.25,-0.018713323,-0.005095589,-0.012601836,-0.0005960764,0.25747836,0.25748685,5.4402783e-05,4.033608e-06,-3.3470165e-05,-3.402663e-07,0,0,1
1777227501829000,1777227501671000,1777227501677000,47.3986695,8.5455933,0,0.25,0.25,-0.018305415,0.0021829128,-0.01313913,-0.00033428756,0.2575047,0.25751314,5.2051593e-05,7.401732e-07,-3.522059e-05,-2.3848577e-07,0,0,1
1777227501877000,1777227501723000,1777227501725000,47.398669399999996,8.5455933,0,0.25,0.25,-0.0067225844,0.0018673681,-0.012534672,-0.00012688519,0.2574786,0.257487,7.020877e-06,5.4170715e-07,-3.2564094e-05,-1.6498933e-07,0,0,1
1777227501933000,1777227501775000,1777227501781000,47.398669299999995,8.5455934,0,0.25,0.25,0.0044941707,-0.0061061783,-0.010930506,-0.000690152,0.25750452,0.25751308,3.1374313e-06,5.7916145e-06,-2.9200906e-05,-6.950338e-07,0,0,1
1777227501981000,1777227501827000,1777227501829000,47.398669399999996,8.545593499999999,0,0.25,0.25,-0.0069017713,-0.013724554,-0.010550987,-0.0019180307,0.25747842,0.25748694,7.4001464e-06,2.9261819e-05,-2.714721e-05,-3.386108e-06,0,0,1
1777227502037000,1777227501879000,1777227501885000,47.3986695,8.5455933,0,0.25,0.25,-0.0179956,0.0013456264,-0.0112522915,-0.0016105847,0.25750434,0.257513,5.0304643e-05,2.8126124e-07,-2.9328708e-05,-3.040631e-06,0,0,1
1777227502085000,1777227501931000,1777227501933000,47.3986695,8.5455934,0,0.25,0.25,-0.017595917,-0.006518617,-0.011849879,-0.0020729355,0.25747865,0.25748706,4.8099722e-05,6.601087e-06,-3.109699e-05,-3.3760364e-06,0,0,1
1777227502141000,1777227501983000,1777227501989000,47.398669399999996,8.5455936,0,0.25,0.25,-0.0060662534,-0.021855155,-0.011305045,-0.003936478,0.25750458,0.25751314,5.7163147e-06,7.419393e-05,-2.8706057e-05,-1.0047288e-05,0,0,1
1777227502189000,1777227502035000,1777227502037000,47.398669399999996,8.5455937,0,0.25,0.25,-0.0060094995,-0.028989851,-0.01080619,-0.006296579,0.25747848,0.25748703,5.6104236e-06,0.00013055593,-2.6530382e-05,-2.1399552e-05,0,0,1
1777227502245000,1777227502087000,1777227502093000,47.398669399999996,8.5455937,0,0.25,0.25,-0.0059779948,-0.028569074,-0.01035136,-0.008394713,0.2575044,0.25751308,5.551194e-06,0.00012678067,-2.4554081e-05,-3.132676e-05,0,0,1
1777227502293000,1777227502139000,1777227502141000,47.3986695,8.545593499999999,0,0.25,0.25,-0.017084565,-0.012899976,-0.010985647,-0.008819122,0.2574787,0.25748718,4.53447e-05,2.5851288e-05,-2.6512618e-05,-3.0810956e-05,0,0,1
1777227502349000,1777227502191000,1777227502197000,47.3986695,8.5455934,0,0.25,0.25,-0.016843956,-0.005357128,-0.011537517,-0.008492992,0.25750464,0.25751325,4.407204e-05,4.45784e-06,-2.8166767e-05,-2.8328415e-05,0,0,1
1777227502397000,1777227502243000,1777227502245000,47.3986695,8.5455934,0,0.25,0.25,-0.016408022,-0.0054715658,-0.0119963335,-0.008208365,0.25747854,0.25748712,4.1824565e-05,4.6508007e-06,-2.9453371e-05,-2.6097916e-05,0,0,1
1777227502453000,1777227502295000,1777227502301000,47.3986695,8.545593499999999,0,0.25,0.25,-0.016035931,-0.013338434,-0.012376876,-0.008691632,0.2575045,0.2575132,3.9945102e-05,2.763568e-05,-3.0441723e-05,-2.6242778e-05,0,0,1
1777227502501000,1777227502347000,1777227502349000,47.3986695,8.545593499999999,0,0.25,0.25,-0.015632229,-0.01323846,-0.01268354,-0.009119957,0.2574788,0.25748727,3.7962982e-05,2.7225708e-05,-3.1150248e-05,-2.6335374e-05,0,0,1
1777227502557000,1777227502399000,1777227502405000,47.398669399999996,8.5455936,0,0.25,0.25,-0.0041410076,-0.020872084,-0.011878808,-0.010227041,0.25750473,0.25751334,2.6637094e-06,6.766933e-05,-2.8466733e-05,-3.0229154e-05,0,0,1
1777227502605000,1777227502451000,1777227502453000,47.398669399999996,8.5455937,0,0.25,0.25,-0.0042013377,-0.028065609,-0.011155568,-0.011907486,0.25747862,0.2574872,2.7421677e-06,0.0001223639,-2.6043404e-05,-3.8908514e-05,0,0,1
1777227502661000,1777227502503000,1777227502509000,47.3986695,8.5455934,0,0.25,0.25,-0.015325431,-0.005034581,-0.011548381,-0.011260038,0.25750455,0.25751328,3.648383e-05,3.9371957e-06,-2.7026923e-05,-3.5614114e-05,0,0,1
1777227502709000,1777227502555000,1777227502557000,47.398669399999996,8.5455933,0,0.25,0.25,-0.0037731247,0.0023711342,-0.01081593,-0.009975942,0.2574789,0.25748736,2.2116717e-06,8.734064e-07,-2.4689254e-05,-3.2176882e-05,0,0,1
1777227502765000,1777227502607000,1777227502613000,47.398669399999996,8.5455933,0,0.25,0.25,-0.0037394566,0.0018054363,-0.010149306,-0.0088661015,0.25750482,0.25751343,2.172159e-06,5.063193e-07,-2.2568078e-05,-2.909803e-05,0,0,1
1777227502813000,1777227502659000,1777227502661000,47.398669299999995,8.5455934,0,0.25,0.25,0.0075172707,-0.006097742,-0.008485063,-0.008605314,0.2574787,0.2574873,8.7788785e-06,5.776201e-06,-1.9615103e-05,-2.6901045e-05,0,0,1
1777227502869000,1777227502711000,1777227502717000,47.398669399999996,8.545593199999999,0,0.25,0.25,-0.003912399,0.008659292,-0.008054305,-0.0069789384,0.25750467,0.25751337,2.3777225e-06,1.1647293e-05,-1.7991291e-05,-2.326968e-05,0,0,1
1777227502917000,1777227502763000,1777227502765000,47.398669399999996,8.5455934,0,0.25,0.25,-0.0038342008,-0.0069990847,-0.0076567587,-0.0069808364,0.25747898,0.25748745,2.283852e-06,7.610031e-06,-1.6511605e-05,-2.1794496e-05,0,0,1
1777227502973000,1777227502815000,1777227502821000,47.398669399999996,8.5455934,0,0.25,0.25,-0.0037448613,-0.0072947154,-0.0072882464,-0.0070104045,0.25750494,0.25751355,2.1784415e-06,8.265642e-06,-1.5161379e-05,-2.052004e-05,0,0,1
1777227503021000,1777227502867000,1777227502869000,47.398669399999996,8.5455934,0,0.25,0.25,-0.0036617843,-0.0074137365,-0.0069466233,-0.0070483997,0.25747883,0.25748742,2.0830707e-06,8.538435e-06,-1.3929365e-05,-1.9391338e-05,0,0,1
1777227503077000,1777227502919000,1777227502925000,47.398669399999996,8.545593499999999,0,0.25,0.25,-0.0035695736,-0.015295092,-0.0066284956,-0.007825262,0.2575048,0.2575135,1.9792806e-06,3.6338264e-05,-1.2803633e-05,-2.0987787e-05,0,0,1
1777227503125000,1777227502971000,1777227502973000,47.398669399999996,8.5455934,0,0.25,0.25,-0.0033708531,-0.0076406645,-0.0063216165,-0.0078078723,0.25747868,0.25748736,1.7652181e-06,9.069145e-06,-1.1763782e-05,-1.9865016e-05,0,0,1
1777227503181000,1777227503023000,1777227503029000,47.398669299999995,8.5455933,0,0.25,0.25,0.0078593325,-0.00033209758,-0.0049857297,-0.0071036327,0.25750506,0.25751367,9.595013e-06,1.7131331e-08,-9.751721e-06,-1.7995288e-05,0,0,1
1777227503229000,1777227503075000,1777227503077000,47.398669299999995,8.545593499999999,0,0.25,0.25,0.0076356954,-0.015750611,-0.0037967549,-0.007918203,0.25747895,0.25748754,9.057649e-06,3.8538838e-05,-7.979824e-06,-1.993055e-05,0,0,1
1777227503285000,1777227503127000,1777227503133000,47.398669399999996,8.5455936,0,0.25,0.25,-0.0037181478,-0.023225693,-0.00378935,-0.009360213,0.25750497,0.25751367,2.1474727e-06,8.379094e-05,-7.4303994e-06,-2.5946385e-05,0,0,1
1777227503333000,1777227503179000,1777227503181000,47.398669399999996,8.545593499999999,0,0.25,0.25,-0.0036266404,-0.015169009,-0.0037740222,-0.009907418,0.25747895,0.25748762,2.043277e-06,3.5745226e-05,-6.922917e-06,-2.6869464e-05,0,0,1
1777227503389000,1777227503231000,1777227503237000,47.398669299999995,8.5455936,0,0.25,0.25,0.007604335,-0.022400975,-0.002702148,-0.011084347,0.2575055,0.2575141,8.982473e-06,7.794582e-05,-5.424583e-06,-3.1681004e-05,0,0,1
1777227503437000,1777227503283000,1777227503285000,47.398669299999995,8.5455936,0,0.25,0.25,0.0073990417,-0.021671295,-0.0017505866,-0.012081669,0.25747958,0.25748813,8.50488e-06,7.2957926e-05,-4.112387e-06,-3.556941e-05,0,0,1
1777227503493000,1777227503335000,1777227503341000,47.398669399999996,8.5455934,0,0.25,0.25,-0.0039594937,-0.005695061,-0.001958672,-0.011480032,0.2575059,0.25751454,2.435298e-06,5.0379626e-06,-3.9544007e-06,-3.269326e-05,0,0,1
1777227503541000,1777227503387000,1777227503389000,47.398669299999995,8.545593499999999,0,0.25,0.25,0.0074476,-0.012386605,-0.0010725737,-0.011565434,0.25748008,0.2574887,8.61686e-06,2.383452e-05,-2.7701512e-06,-3.185874e-05,0,0,1
1777227503597000,1777227503439000,1777227503445000,47.398669399999996,8.545593499999999,0,0.25,0.25,-0.0038920555,-0.010690804,-0.0013381771,-0.011483042,0.25750712,0.25751564,2.3530374e-06,1.7753218e-05,-2.730858e-06,-3.0529958e-05,0,0,1
1777227503645000,1777227503491000,1777227503493000,47.398669299999995,8.5455934,0,0.25,0.25,0.0074029034,-0.0012370354,-0.0005147419,-0.010517838,0.25748146,0.25748998,8.513697e-06,2.3771901e-07,-1.6715882e-06,-2.7676342e-05,0,0,1
1777227503701000,1777227503543000,1777227503549000,47.398669399999996,8.545593499999999,0,0.25,0.25,-0.0040176753,-0.006387799,-0.00084472843,-0.010128777,0.25750834,0.25751695,2.5073698e-06,6.3380644e-06,-1.7503212e-06,-2.5666215e-05,0,0,1
1777227503749000,1777227503595000,1777227503597000,47.3986695,8.5455936,0,0.25,0.25,-0.015056755,-0.011337376,-0.0021835426,-0.01024263,0.2574828,0.25749135,3.52188e-05,1.9967443e-05,-4.9031487e-06,-2.5129375e-05,0,0,1
1777227503805000,1777227503647000,1777227503653000,47.398669399999996,8.5455936,0,0.25,0.25,-0.0033507836,-0.007783338,-0.0022935001,-0.010010958,0.25750983,0.25751853,1.7440501e-06,9.409862e-06,-4.6055525e-06,-2.364855e-05,0,0,1
1777227503853000,1777227503699000,1777227503701000,47.398669399999996,8.5455937,0,0.25,0.25,-0.0032442,-0.011890424,-0.002383059,-0.010188009,0.25748476,0.2574932,1.6350224e-06,2.1962862e-05,-4.32572e-06,-2.3489754e-05,0,0,1
1777227503909000,1777227503751000,1777227503757000,47.398669399999996,8.545593499999999,0,0.25,0.25,-0.003145977,0.007225443,-0.002454928,-0.008547611,0.25751194,0.2575205,1.5373532e-06,8.109184e-06,-4.063048e-06,-2.0513042e-05,0,0,1
1777227503957000,1777227503803000,1777227503805000,47.398669399999996,8.5455936,0,0.25,0.25,-0.003079618,0.0030536149,-0.0025137756,-0.0074547413,0.2574865,0.257495,1.4733274e-06,1.4485041e-06,-3.8190888e-06,-1.84442e-05,0,0,1
1777227504013000,1777227503855000,1777227503861000,47.398669399999996,8.545593799999999,0,0.25,0.25,-0.0030048967,-0.008072741,-0.0025600407,-0.0075129587,0.2575138,0.25752237,1.4025508e-06,1.0122484e-05,-3.5914438e-06,-1.766027e-05,0,0,1
1777227504061000,1777227503907000,1777227503909000,47.3986695,8.545593799999999,0,0.25,0.25,-0.014093284,-0.0042569847,-0.0036465055,-0.0072062365,0.25748876,0.2574971,3.085504e-05,2.8150869e-06,-6.159754e-06,-1.626181e-05,0,0,1
1777227504117000,1777227503959000,1777227503965000,47.398669399999996,8.5455939,0,0.25,0.25,-0.0025359215,-0.0076143425,-0.0035418854,-0.0072446815,0.25751612,0.25752455,9.989119e-07,9.0054655e-06,-5.6735876e-06,-1.5578242e-05,0,0,1
1777227504165000,1777227504011000,1777227504013000,47.398669399999996,8.545594,0,0.25,0.25,-0.0024853526,-0.011424353,-0.0034423568,-0.0076384186,0.25749063,0.257499,9.595653e-07,2.0274385e-05,-5.229513e-06,-1.6020633e-05,0,0,1
1777227504221000,1777227504063000,1777227504069000,47.398669299999995,8.5455939,0,0.25,0.25,0.008841457,0.0004055209,-0.002285186,-0.006880656,0.25751805,0.25752652,1.2142274e-05,2.5542567e-08,-3.5930402e-06,-1.4509036e-05,0,0,1
1777227504269000,1777227504115000,1777227504117000,47.398669399999996,8.545594,0,0.25,0.25,-0.0026151768,-0.0036991502,-0.0023162721,-0.006580949,0.257493,0.25750118,1.0624212e-06,2.1256153e-06,-3.3546485e-06,-1.3342482e-05,0,0,1
1777227504325000,1777227504167000,1777227504173000,47.398669299999995,8.5455942,0,0.25,0.25,0.008589512,-0.014879421,-0.0012889156,-0.007362689,0.2575204,0.2575287,1.1460017e-05,3.4387962e-05,-1.9590639e-06,-1.5325028e-05,0,0,1
1777227504373000,1777227504219000,1777227504221000,47.3986692,8.5455942,0,0.25,0.25,0.019471271,-0.011090394,0.0006667542,-0.0077138497,0.2574949,0.25750312,5.889521e-05,1.9106074e-05,3.7735854e-06,-1.5681213e-05,0,0,1
1777227504429000,1777227504271000,1777227504277000,47.398669299999995,8.5455943,0,0.25,0.25,0.0076891812,-0.014638775,0.0013282872,-0.008366197,0.25752234,0.25753066,9.183437e-06,3.3284385e-05,4.283209e-06,-1.7339484e-05,0,0,1
1777227504477000,1777227504323000,1777227504325000,47.3986692,8.5455943,0,0.25,0.25,0.018585153,-0.011252434,0.002953934,-0.0086380895,0.2574972,0.25750524,5.365618e-05,1.9668303e-05,8.934287e-06,-1.7558865e-05,0,0,1
1777227504533000,1777227504375000,1777227504381000,47.398669299999995,8.545594699999999,0,0.25,0.25,0.0066967513,-0.037941266,0.0033065183,-0.011398533,0.2575246,0.25753275,6.9657776e-06,0.00022358936,8.748847e-06,-3.6967536e-05,0,0,1
1777227504581000,1777227504427000,1777227504429000,47.398669399999996,8.5455945,0,0.25,0.25,-0.00467818,-0.018900318,0.0025543366,-0.012105223,0.25749898,0.25750706,3.3996823e-06,5.548928e-05,7.6044203e-06,-3.871234e-05,0,0,1
1777227504637000,1777227504479000,1777227504485000,47.3986695,8.5455946,0,0.25,0.25,-0.01573247,-0.02320545,0.00083166617,-0.013150897,0.2575264,0.25753456,3.8444316e-05,8.363816e-05,3.2664957e-06,-4.2944484e-05,0,0,1
1777227504685000,1777227504531000,1777227504533000,47.3986695,8.545594699999999,0,0.25,0.25,-0.015311648,-0.027674586,-0.0006890809,-0.01451907,0.25750113,0.25750902,3.6418725e-05,0.000118967895,-4.7196727e-07,-5.010611e-05,0,0,1
1777227504741000,1777227504583000,1777227504589000,47.3986695,8.5455946,0,0.25,0.25,-0.014878686,-0.017166078,-0.002025783,-0.014768426,0.2575285,0.2575365,3.4384586e-05,4.5768153e-05,-3.6666347e-06,-4.9697464e-05,0,0,1
1777227504789000,1777227504635000,1777227504637000,47.3986695,8.5455946,0,0.25,0.25,-0.014516551,-0.014745917,-0.0032024495,-0.014766306,0.25750276,0.2575107,3.2734446e-05,3.3776003e-05,-6.4049073e-06,-4.8197617e-05,0,0,1
1777227504845000,1777227504687000,1777227504693000,47.398669399999996,8.5455945,0,0.25,0.25,-0.002965986,-0.0051675877,-0.003180174,-0.013862079,0.25753012,0.25753814,1.3663758e-06,4.1475737e-06,-5.930263e-06,-4.4047974e-05,0,0,1
1777227504893000,1777227504739000,1777227504741000,47.398669399999996,8.545594699999999,0,0.25,0.25,-0.0028713797,-0.018673416,-0.0031510845,-0.014315321,0.2575043,0.25751227,1.2807275e-06,5.4163866e-05,-5.492263e-06,-4.500092e-05,0,0,1
1777227504949000,1777227504791000,1777227504797000,47.398669399999996,8.5455948,0,0.25,0.25,-0.002832649,-0.024622086,-0.003121087,-0.015286248,0.25753206,0.25753987,1.2462759e-06,9.415974e-05,-5.0922786e-06,-4.9631824e-05,0,0,1
1777227504997000,1777227504843000,1777227504845000,47.3986695,8.5455946,0,0.25,0.25,-0.013960675,-0.007817748,-0.004142208,-0.014582694,0.25750613,0.25751388,3.0275076e-05,9.493419e-06,-7.4645714e-06,-4.585067e-05,0,0,1
1777227505053000,1777227504895000,1777227504901000,47.3986695,8.545594699999999,0,0.25,0.25,-0.013696641,-0.014709377,-0.0050422633,-0.014594628,0.25753328,0.2575411,2.9137665e-05,3.3604854e-05,-9.50624e-06,-4.4697077e-05,0,0,1
1777227505101000,1777227504947000,1777227504949000,47.398669399999996,8.5455949,0,0.25,0.25,-0.002205841,-0.028857797,-0.004775064,-0.01593826,0.25750718,0.25751495,7.558212e-07,0.0001293552,-8.681925e-06,-5.267212e-05,0,0,1
1777227505157000,1777227504999000,1777227505005000,47.398669399999996,8.5455949,0,0.25,0.25,-0.002258096,-0.028033664,-0.004537958,-0.017077683,0.25753453,0.25754216,7.91971e-07,0.00012205944,-7.938668e-06,-5.9208607e-05,0,0,1
1777227505205000,1777227505051000,1777227505053000,47.398669299999995,8.5455948,0,0.25,0.25,0.008893261,-0.019596018,-0.0032726983,-0.017314916,0.2575083,0.25751588,1.2285443e-05,5.9647416e-05,-6.0334983e-06,-5.9249945e-05,0,0,1
1777227505261000,1777227505103000,1777227505109000,47.398669399999996,8.5455948,0,0.25,0.25,-0.0026230493,-0.01947614,-0.0032114994,-0.01751851,0.25753507,0.2575427,1.0686525e-06,5.891373e-05,-5.5657956e-06,-5.9218273e-05,0,0,1
1777227505309000,1777227505155000,1777227505157000,47.3986695,8.5455949,0,0.25,0.25,-0.013680332,-0.02687185,-0.004197694,-0.01839962,0.25750872,0.2575163,2.9071094e-05,0.000112163216,-7.780063e-06,-6.4205844e-05,0,0,1
1777227505365000,1777227505207000,1777227505213000,47.398669299999995,8.5455949,0,0.25,0.25,0.008983811,-0.026673216,-0.0029559578,-0.019179016,0.25753576,0.25754315,1.2535558e-05,0.00011049962,-5.8662727e-06,-6.856685e-05,0,0,1
1777227505413000,1777227505259000,1777227505261000,47.398669299999995,8.545594699999999,0,0.25,0.25,0.008679438,-0.011195703,-0.0018598696,-0.018426966,0.2575097,0.25751686,1.1701719e-05,1.9469604e-05,-4.211317e-06,-6.394175e-05,0,0,1
1777227505469000,1777227505311000,1777227505317000,47.398669299999995,8.5455948,0,0.25,0.25,0.008414286,-0.01949852,-0.00089201424,-0.01852791,0.25753617,0.25754336,1.0996547e-05,5.9049053e-05,-2.778692e-06,-6.3480846e-05,0,0,1
1777227505517000,1777227505363000,1777227505365000,47.398669299999995,8.5455948,0,0.25,0.25,0.008147901,-0.019812793,-4.0427956e-05,-0.01864895,0.25750962,0.25751677,1.0312359e-05,6.097417e-05,-1.5454771e-06,-6.324471e-05,0,0,1
1777227505573000,1777227505415000,1777227505421000,47.3986692,8.5455948,0,0.25,0.25,0.019068163,-0.02083196,0.0017596569,-0.018854596,0.25753593,0.25754315,5.647287e-05,6.7401605e-05,3.92002e-06,-6.3636304e-05,0,0,1
1777227505621000,1777227505467000,1777227505469000,47.398669299999995,8.545594699999999,0,0.25,0.25,0.007243224,-0.013970255,0.0022762248,-0.018394476,0.25750974,0.25751668,8.1494845e-06,3.0315397e-05,4.3184477e-06,-6.049738e-05,0,0,1
1777227505677000,1777227505519000,1777227505525000,47.398669399999996,8.5455946,0,0.25,0.25,-0.0042047207,-0.007676808,0.0016657009,-0.01738484,0.2575359,0.2575429,2.7459748e-06,9.153175e-06,3.6529586e-06,-5.5660606e-05,0,0,1
1777227505725000,1777227505571000,1777227505573000,47.398669299999995,8.5455948,0,0.25,0.25,0.0069561386,-0.024337046,0.0021640756,-0.018039757,0.25750923,0.25751618,7.516292e-06,9.2000715e-05,4.0168957e-06,-5.908395e-05,0,0,1
1777227505781000,1777227505623000,1777227505629000,47.398669299999995,8.545594699999999,0,0.25,0.25,0.0066358303,-0.018303555,0.002585328,-0.018064607,0.2575353,0.2575423,6.8393333e-06,5.2033407e-05,4.2827774e-06,-5.841977e-05,0,0,1
1777227505829000,1777227505675000,1777227505677000,47.3986692,8.545594699999999,0,0.25,0.25,0.017507154,-0.019942924,0.0039910073,-0.01824155,0.25750896,0.25751573,4.7610065e-05,6.177801e-05,8.364334e-06,-5.8736125e-05,0,0,1
1777227505885000,1777227505727000,1777227505733000,47.3986692,8.5455945,0,0.25,0.25,0.016919902,-0.0069878064,0.0052089468,-0.017181415,0.25753495,0.25754175,4.446512e-05,7.5839257e-06,1.17651325e-05,-5.391744e-05,0,0,1
1777227505933000,1777227505779000,1777227505781000,47.398669299999995,8.5455943,0,0.25,0.25,0.0051914626,0.0060962364,0.0052072997,-0.014988593,0.25750816,0.25751492,4.1864746e-06,5.7727298e-06,1.1051201e-05,-4.8294452e-05,0,0,1
1777227505989000,1777227505831000,1777227505837000,47.398669399999996,8.5455945,0,0.25,0.25,-0.006339083,-0.012305891,0.004119597,-0.014735875,0.25753406,0.25754085,6.2413446e-06,2.3520144e-05,9.422193e-06,-4.596064e-05,0,0,1
1777227506037000,1777227505883000,1777227505885000,47.398669399999996,8.545594699999999,0,0.25,0.25,-0.006254836,-0.029664153,0.0031422952,-0.016142162,0.25750765,0.25751418,6.0771745e-06,0.0001366856,7.962108e-06,-5.4507196e-05,0,0,1
1777227506093000,1777227505935000,1777227505941000,47.398669399999996,8.5455945,0,0.25,0.25,-0.0062140417,-0.016881937,0.002260901,-0.01621185,0.25753388,0.25754026,5.997551e-06,4.4264892e-05,6.6470675e-06,-5.3542342e-05,0,0,1
1777227506141000,1777227505987000,1777227505989000,47.398669299999995,8.5455945,0,0.25,0.25,0.0050981953,-0.01935865,0.0025281825,-0.016508289,0.25750703,0.25751334,4.0374193e-06,5.8211714e-05,6.401231e-06,-5.398221e-05,0,0,1
1777227506197000,1777227506039000,1777227506045000,47.398669399999996,8.5455943,0,0.25,0.25,-0.006397074,-0.0072828587,0.0016873974,-0.015639227,0.25753275,0.25753912,6.3560938e-06,8.2379765e-06,5.199454e-06,-4.967297e-05,0,0,1
1777227506245000,1777227506091000,1777227506093000,47.3986695,8.5455942,0,0.25,0.25,-0.01744485,-0.0025548106,-0.000114916125,-0.014406636,0.25750628,0.25751242,4.7272297e-05,1.013863e-06,2.564625e-07,-4.5089142e-05,0,0,1
1777227506301000,1777227506143000,1777227506149000,47.398669399999996,8.5455943,0,0.25,0.25,-0.0059023933,-0.013613462,-0.0006601133,-0.014331917,0.25753197,0.25753817,5.4110947e-06,2.8784294e-05,-2.7743783e-07,-4.3553177e-05,0,0,1
1777227506349000,1777227506195000,1777227506197000,47.398669399999996,8.5455942,0,0.25,0.25,-0.0057868306,-0.008714053,-0.001143065,-0.013802698,0.2575051,0.25751123,5.201825e-06,1.17951695e-05,-7.413294e-07,-4.056148e-05,0,0,1
1777227506405000,1777227506247000,1777227506253000,47.398669399999996,8.545594,0,0.25,0.25,-0.0056921914,0.0030782039,-0.0015716059,-0.012212468,0.25753072,0.25753692,5.032571e-06,1.4716863e-06,-1.1455768e-06,-3.6601836e-05,0,0,1
1777227506453000,1777227506299000,1777227506301000,47.398669399999996,8.545594099999999,0,0.25,0.25,-0.0055532074,-0.0075598815,-0.0019466843,-0.011774181,0.25750422,0.25751022,4.7903077e-06,8.877599e-06,-1.488921e-06,-3.399013e-05,0,0,1
1777227506509000,1777227506351000,1777227506357000,47.398669299999995,8.5455939,0,0.25,0.25,0.005717654,0.004216622,-0.0012246814,-0.010267802,0.2575298,0.25753585,5.077714e-06,2.761542e-06,-8.703249e-07,-3.0528015e-05,0,0,1
1777227506557000,1777227506403000,1777227506405000,47.398669299999995,8.545594,0,0.25,0.25,0.0056075486,-0.0064283917,-0.0005810655,-0.009906118,0.2575029,0.25750893,4.8845427e-06,6.4190735e-06,-3.2819963e-07,-2.8256884e-05,0,0,1
1777227506613000,1777227506455000,1777227506461000,47.398669399999996,8.545593799999999,0,0.25,0.25,-0.0057426384,0.005320485,-0.0010673006,-0.008471727,0.25752845,0.25753453,5.1222137e-06,4.3967016e-06,-7.798097e-07,-2.5180821e-05,0,0,1
1777227506661000,1777227506507000,1777227506509000,47.398669399999996,8.5455939,0,0.25,0.25,-0.0055981376,-0.005356486,-0.0014941186,-0.008178263,0.25750154,0.25750762,4.8681877e-06,4.4568687e-06,-1.1649468e-06,-2.3228564e-05,0,0,1
1777227506717000,1777227506559000,1777227506565000,47.398669399999996,8.545593799999999,0,0.25,0.25,-0.0054010297,-0.0011739121,-0.001862161,-0.0075184326,0.25752747,0.25753343,4.530953e-06,2.1404126e-07,-1.4820343e-06,-2.1060529e-05,0,0,1
1777227506765000,1777227506611000,1777227506613000,47.398669399999996,8.5455936,0,0.25,0.25,-0.0052082054,0.011002445,-0.0021773682,-0.005773712,0.2575006,0.25750652,4.2136453e-06,1.8803996e-05,-1.7393601e-06,-1.7305174e-05,0,0,1
1777227506821000,1777227506663000,1777227506669000,47.3986695,8.5455936,0,0.25,0.25,-0.016272783,0.0072262837,-0.0035051974,-0.0045490745,0.25752607,0.25753206,4.1130355e-05,8.110707e-06,-5.450106e-06,-1.4910924e-05,0,0,1
1777227506869000,1777227506715000,1777227506717000,47.398669299999995,8.5455937,0,0.25,0.25,0.0065111266,-0.003481997,-0.0025616304,-0.0044485526,0.2574992,0.25750518,6.5856166e-06,1.8833489e-06,-4.316306e-06,-1.3683688e-05,0,0,1
1777227506925000,1777227506767000,1777227506773000,47.398669299999995,8.5455937,0,0.25,0.25,0.0063517466,-0.00678285,-0.0017219645,-0.00466845,0.2575251,0.25753093,6.2665254e-06,7.145868e-06,-3.3193724e-06,-1.3067806e-05,0,0,1
1777227506973000,1777227506819000,1777227506821000,47.398669399999996,8.545593799999999,0,0.25,0.25,-0.004959914,-0.01692524,-0.0020269887,-0.0058230753,0.2574982,0.25750408,3.8215017e-06,4.4498516e-05,-3.3666745e-06,-1.602867e-05,0,0,1
1777227507029000,1777227506871000,1777227506877000,47.398669399999996,8.545594,0,0.25,0.25,-0.0048381155,-0.034843076,-0.0022918049,-0.008556844,0.25752366,0.2575296,3.635761e-06,0.00018856706,-3.3920232e-06,-3.228229e-05,0,0,1
1777227507077000,1777227506923000,1777227506925000,47.398669399999996,8.545593799999999,0,0.25,0.25,-0.004764429,-0.02120887,-0.0025247333,-0.009748701,0.25749683,0.25750276,3.526223e-06,6.9873604e-05,-3.4046652e-06,-3.58235e-05,0,0,1
1777227507133000,1777227506975000,1777227506981000,47.3986695,8.5455937,0,0.25,0.25,-0.015873305,-0.015848076,-0.0037822076,-0.01032328,0.25752267,0.25752848,3.9136252e-05,3.9011065e-05,-6.7706846e-06,-3.612378e-05,0,0,1
1777227507181000,1777227507027000,1777227507029000,47.398669399999996,8.5455934,0,0.25,0.25,-0.0043311073,0.00487759,-0.0038339156,-0.008891313,0.25749585,0.25750166,2.9139874e-06,3.6956476e-06,-6.4073724e-06,-3.2372674e-05,0,0,1
1777227507237000,1777227507079000,1777227507085000,47.398669399999996,8.545593499999999,0,0.25,0.25,-0.004299226,-0.005616388,-0.0038777492,-0.008582806,0.2575213,0.25752717,2.870962e-06,4.8994925e-06,-6.0742323e-06,-2.978462e-05,0,0,1
1777227507285000,1777227507131000,1777227507133000,47.3986695,8.5455934,0,0.25,0.25,-0.015356738,-0.00026621317,-0.004959103,-0.007799359,0.2574945,0.25750038,3.6634476e-05,1.1008831e-08,-8.953096e-06,-2.6979858e-05,0,0,1
1777227507341000,1777227507183000,1777227507189000,47.398669399999996,8.5455933,0,0.25,0.25,-0.0038610178,0.004976989,-0.0048556603,-0.00659579,0.25751993,0.25752592,2.3155426e-06,3.8474445e-06,-8.327819e-06,-2.4075836e-05,0,0,1
1777227507389000,1777227507235000,1777227507237000,47.398669399999996,8.545593199999999,0,0.25,0.25,-0.0038152093,0.010436726,-0.004757647,-0.0049912776,0.2574936,0.25749937,2.2611548e-06,1.6920469e-05,-7.756322e-06,-2.0213865e-05,0,0,1
1777227507445000,1777227507287000,1777227507293000,47.398669299999995,8.545593199999999,0,0.25,0.25,0.0073720515,0.007898695,-0.0036149942,-0.0037770048,0.25751904,0.25752488,8.441651e-06,9.690618e-06,-6.2304257e-06,-1.7396776e-05,0,0,1
1777227507493000,1777227507339000,1777227507341000,47.398669399999996,8.545593,0,0.25,0.25,-0.004036478,0.020820608,-0.0036546993,-0.0014598381,0.2574923,0.25749817,2.5310517e-06,6.733993e-05,-5.8819337e-06,-9.4143315e-06,0,0,1
1777227507549000,1777227507391000,1777227507397000,47.398669399999996,8.545592899999999,0,0.25,0.25,-0.0040375753,0.025557423,-0.0036907673,0.0010852665,0.25751776,0.25752372,2.5321772e-06,0.0001014558,-5.566377e-06,1.0299573e-06,0,0,1
1777227507597000,1777227507443000,1777227507445000,47.398669299999995,8.545592899999999,0,0.25,0.25,0.0071976045,0.022921808,-0.0026650513,0.0031423322,0.25749147,0.25749722,8.047724e-06,8.161786e-05,-4.283889e-06,8.621571e-06,0,0,1
1777227507653000,1777227507495000,1777227507501000,47.398669299999995,8.545592899999999,0,0.25,0.25,0.0068605207,0.020443765,-0.0017677147,0.0047721774,0.25751692,0.25752276,7.3108586e-06,6.491815e-05,-3.1916302e-06,1.3924873e-05,0,0,1
1777227507701000,1777227507547000,1777227507549000,47.3986692,8.5455928,0,0.25,0.25,0.01739753,0.025939042,3.7707156e-05,0.0067661577,0.25749025,0.25749612,4.701911e-05,0.000104519466,1.5383675e-06,2.2459146e-05,0,0,1
1777227507757000,1777227507599000,1777227507605000,47.3986692,8.5455931,0,0.25,0.25,0.016549315,0.0009035131,0.0015931486,0.0062138797,0.25751573,0.2575217,4.2541844e-05,1.267988e-07,5.4010143e-06,2.0355374e-05,0,0,1
1777227507805000,1777227507651000,1777227507653000,47.3986692,8.5455931,0,0.25,0.25,0.015655912,-0.00054777,0.0029179018,0.005576913,0.2574895,0.25749528,3.807652e-05,4.6610868e-08,8.479142e-06,1.8433448e-05,0,0,1
1777227507861000,1777227507703000,1777227507709000,47.398669299999995,8.545593,0,0.25,0.25,0.0035899314,0.0053884005,0.002981209,0.0055591543,0.25751498,0.25752085,2.001842e-06,4.5099046e-06,7.868961e-06,1.7121809e-05,0,0,1
1777227507909000,1777227507755000,1777227507757000,47.3986692,8.5455928,0,0.25,0.25,0.014192084,0.019355394,0.0040373057,0.0068588,0.25748837,0.25749427,3.128922e-05,5.8196445e-05,1.0075217e-05,2.099116e-05,0,0,1
1777227507965000,1777227507807000,1777227507813000,47.3986692,8.545592899999999,0,0.25,0.25,0.013371228,0.01005272,0.0049165883,0.0071596764,0.25751388,0.2575199,2.7771668e-05,1.5696989e-05,1.1742274e-05,2.0492433e-05,0,0,1
1777227508013000,1777227507859000,1777227507861000,47.398669299999995,8.545592899999999,0,0.25,0.25,0.0014430946,0.008824563,0.004589375,0.0073165135,0.2574877,0.25749353,3.2351397e-07,1.2097066e-05,1.0666594e-05,1.9701565e-05,0,0,1
1777227508069000,1777227507911000,1777227507917000,47.398669299999995,8.5455928,0,0.25,0.25,0.00090129406,0.015017864,0.004241947,0.008042003,0.25751325,0.2575192,1.2618084e-07,3.5032146e-05,9.673657e-06,2.114575e-05,0,0,1
1777227508117000,1777227507963000,1777227507965000,47.398669299999995,8.5455928,0,0.25,0.25,0.00042711946,0.014052202,0.0038825793,0.008608181,0.2574867,0.25749263,2.8340265e-08,3.0674957e-05,8.76504e-06,2.2043429e-05,0,0,1
1777227508173000,1777227508015000,1777227508021000,47.398669399999996,8.545592899999999,0,0.25,0.25,-0.011267519,0.0054806992,0.002455396,0.008313563,0.25751224,0.2575183,1.9720534e-05,4.6657756e-06,6.0816155e-06,2.0406404e-05,0,0,1
1777227508221000,1777227508067000,1777227508069000,47.3986692,8.545592899999999,0,0.25,0.25,0.01058352,0.004834767,0.003221089,0.00798585,0.25748613,0.257492,1.7400687e-05,3.6311765e-06,7.147905e-06,1.882613e-05,0,0,1
1777227508277000,1777227508119000,1777227508125000,47.3986691,8.545593,0,0.25,0.25,0.020558724,-0.0033732313,0.0048543448,0.0069157914,0.2575117,0.25751767,6.565311e-05,1.7674421e-06,1.2659266e-05,1.6886155e-05,0,0,1
1777227508325000,1777227508171000,1777227508173000,47.3986691,8.545592899999999,0,0.25,0.25,0.019181747,0.0038676858,0.0062040277,0.006628651,0.2574852,0.2574912,5.715892e-05,2.3238065e-06,1.6851263e-05,1.5514339e-05,0,0,1
1777227508381000,1777227508223000,1777227508229000,47.3986692,8.545593,0,0.25,0.25,0.0065837866,-0.0042306823,0.006239802,0.0056056706,0.2575112,0.25751713,6.7331043e-06,2.7801914e-06,1.5898104e-05,1.3790941e-05,0,0,1
1777227508429000,1777227508275000,1777227508277000,47.3986692,8.5455931,0,0.25,0.25,0.0055849864,-0.011691284,0.0061781164,0.0039762473,0.25748473,0.25749066,4.8456577e-06,2.1233565e-05,1.4856932e-05,1.0491531e-05,0,0,1
1777227508485000,1777227508327000,1777227508333000,47.3986692,8.5455931,0,0.25,0.25,0.0045109033,-0.011323815,0.00602106,0.0025349369,0.25751075,0.2575166,3.160761e-06,1.991775e-05,1.3755118e-05,7.626888e-06,0,0,1
1777227508533000,1777227508379000,1777227508381000,47.3986692,8.5455931,0,0.25,0.25,0.003525389,-0.010970641,0.0057859607,0.0012626721,0.2574843,0.2574902,1.9307379e-06,1.8696628e-05,1.2641227e-05,5.147136e-06,0,0,1
1777227508589000,1777227508431000,1777227508437000,47.3986692,8.545593199999999,0,0.25,0.25,0.0024814152,-0.018113755,0.005474663,-0.00056264363,0.25750992,0.25751594,9.564558e-07,5.0965096e-05,1.1540487e-05,-1.3879935e-07,0,0,1
1777227508637000,1777227508483000,1777227508485000,47.3986691,8.5455931,0,0.25,0.25,0.012349918,-0.009944276,0.006122332,-0.0014464207,0.2574835,0.25748953,2.3694014e-05,1.5361964e-05,1.2685385e-05,-1.5728657e-06,0,0,1
1777227508693000,1777227508535000,1777227508541000,47.398669,8.5455931,0,0.25,0.25,0.021852795,-0.009449479,0.0076041874,-0.002200332,0.25750956,0.25751552,7.417894e-05,1.3869867e-05,1.8478257e-05,-2.731279e-06,0,0,1
1777227508741000,1777227508587000,1777227508589000,47.398669,8.545593199999999,0,0.25,0.25,0.020068258,-0.016572258,0.008778339,-0.0035542091,0.25748318,0.25748914,6.256486e-05,4.266428e-05,2.2631342e-05,-6.4930837e-06,0,0,1
1777227508797000,1777227508639000,1777227508645000,47.3986691,8.5455931,0,0.25,0.25,0.0070460215,-0.008290024,0.00861515,-0.0040003364,0.25750884,0.25751492,7.7118e-06,1.067503e-05,2.1225878e-05,-6.8870354e-06,0,0,1
1777227508845000,1777227508691000,1777227508693000,47.3986692,8.5455931,0,0.25,0.25,-0.005484417,-0.007880966,0.00728693,-0.004365903,0.25748247,0.2574886,4.6727578e-06,9.648524e-06,1.8786151e-05,-7.1471754e-06,0,0,1
1777227508901000,1777227508743000,1777227508749000,47.3986691,8.5455931,0,0.25,0.25,0.0045904093,-0.006995424,0.00703291,-0.0046136114,0.25750858,0.25751463,3.2731891e-06,7.6012707e-06,1.7324786e-05,-7.1899526e-06,0,0,1
1777227508949000,1777227508795000,1777227508797000,47.3986692,8.5455931,0,0.25,0.25,-0.007868763,-0.0062388233,0.005629129,-0.004766711,0.2574822,0.2574883,9.618907e-06,6.046553e-06,1.4786612e-05,-7.082241e-06,0,0,1
1777227509005000,1777227508847000,1777227508853000,47.3986691,8.5455931,0,0.25,0.25,0.0026763477,-0.005336328,0.0053509683,-0.0048203706,0.2575079,0.25751412,1.1126397e-06,4.423275e-06,1.3498484e-05,-6.831759e-06,0,0,1
1777227509053000,1777227508899000,1777227508901000,47.3986692,8.5455931,0,0.25,0.25,-0.009361019,-0.0046001934,0.0039650565,-0.004799629,0.25748158,0.25748783,1.3613198e-05,3.287422e-06,1.09444845e-05,-6.497872e-06,0,0,1
1777227509109000,1777227508951000,1777227508957000,47.3986691,8.5455931,0,0.25,0.25,0.0012580082,-0.003713844,0.0037100448,-0.004697345,0.25750726,0.25751367,2.4583144e-07,2.1424319e-06,9.936641e-06,-6.0875773e-06,0,0,1
1777227509157000,1777227509003000,1777227509005000,47.398669,8.545593199999999,0,0.25,0.25,0.011631776,-0.010565941,0.0044562947,-0.005250184,0.25748137,0.25748762,2.1018719e-05,1.7342833e-05,1.0980604e-05,-7.1478553e-06,0,0,1
1777227509213000,1777227509055000,1777227509061000,47.3986689,8.5455931,0,0.25,0.25,0.02167603,-0.0016002705,0.006078444,-0.0049063517,0.25750712,0.2575135,7.298444e-05,3.9778354e-07,1.6821545e-05,-6.511979e-06,0,0,1
1777227509261000,1777227509107000,1777227509109000,47.398669,8.5455931,0,0.25,0.25,0.009224248,-0.0005717371,0.006374788,-0.0044980184,0.2574808,0.25748724,1.3218345e-05,5.078051e-08,1.6482112e-05,-5.9033155e-06,0,0,1
1777227509317000,1777227509159000,1777227509165000,47.3986691,8.5455933,0,0.25,0.25,-0.0028793677,-0.014487173,0.00550302,-0.005439026,0.25750655,0.25751314,1.287852e-06,3.2600776e-05,1.480813e-05,-8.418294e-06,0,0,1
1777227509365000,1777227509211000,1777227509213000,47.398669,8.545593199999999,0,0.25,0.25,0.0076996917,-0.005526465,0.0057099527,-0.005447263,0.25748068,0.25748712,9.210051e-06,4.744597e-06,1.4280775e-05,-8.072221e-06,0,0,1
1777227509421000,1777227509263000,1777227509269000,47.398669,8.5455933,0,0.25,0.25,0.0072065694,-0.011775375,0.005850938,-0.0060433894,0.25750646,0.25751302,8.067314e-06,2.1538246e-05,1.3695449e-05,-9.34076e-06,0,0,1
1777227509469000,1777227509315000,1777227509317000,47.3986689,8.5455931,0,0.25,0.25,0.017890459,0.0046259565,0.0069850963,-0.005038306,0.2574802,0.25748682,4.9723207e-05,3.3243603e-06,1.7089369e-05,-8.147668e-06,0,0,1
1777227509525000,1777227509367000,1777227509373000,47.3986689,8.545593,0,0.25,0.25,0.017159453,0.013047562,0.00794355,-0.0033345649,0.25750598,0.25751275,4.573825e-05,2.6443564e-05,1.9788176e-05,-4.8890734e-06,0,0,1
1777227509573000,1777227509419000,1777227509421000,47.398669,8.5455931,0,0.25,0.25,0.005250975,0.006086289,0.0076899016,-0.002447093,0.25748014,0.2574868,4.283474e-06,5.754534e-06,1.8327588e-05,-3.8864146e-06,0,0,1
1777227509629000,1777227509471000,1777227509477000,47.3986689,8.545593199999999,0,0.25,0.25,0.016079081,-0.0005637715,0.008480187,-0.0022696785,0.25750595,0.25751275,4.016014e-05,4.9370502e-08,2.0384277e-05,-3.5249539e-06,0,0,1
1777227509677000,1777227509523000,1777227509525000,47.398668799999996,8.545593199999999,0,0.25,0.25,0.02690019,0.0003815644,0.010215404,-0.0020199236,0.25747973,0.25748655,0.00011241589,2.261732e-08,2.9053921e-05,-3.1907623e-06,0,0,1
1777227509733000,1777227509575000,1777227509581000,47.3986689,8.5455931,0,0.25,0.25,0.015184364,0.008952162,0.010683495,-0.0009863212,0.25750554,0.25751254,3.581514e-05,1.2448514e-05,2.9690847e-05,-1.7174971e-06,0,0,1
1777227509781000,1777227509627000,1777227509629000,47.398669,8.545593199999999,0,0.25,0.25,0.0037251655,0.002003375,0.010028,-0.00070468313,0.25747973,0.25748658,2.1557983e-06,6.234906e-07,2.7096965e-05,-1.4969692e-06,0,0,1
1777227509837000,1777227509679000,1777227509685000,47.398669,8.545593199999999,0,0.25,0.25,0.003884974,0.002551248,0.009449309,-0.00039796496,0.25750554,0.25751257,2.3444968e-06,1.0110367e-06,2.476521e-05,-1.2607077e-06,0,0,1
1777227509885000,1777227509731000,1777227509733000,47.398668799999996,8.545593199999999,0,0.25,0.25,0.026251897,0.002983489,0.011032161,-7.942217e-05,0.25747934,0.25748643,0.0001070629,1.3827846e-06,3.251789e-05,-1.011683e-06,0,0,1
1777227509941000,1777227509783000,1777227509789000,47.3986689,8.5455931,0,0.25,0.25,0.014537088,0.01097415,0.011362336,0.00096185645,0.25750518,0.25751242,3.282682e-05,1.8706976e-05,3.2546995e-05,8.45872e-07,0,0,1
1777227509989000,1777227509835000,1777227509837000,47.398668699999995,8.5455931,0,0.25,0.25,0.036589347,0.011126045,0.013738793,0.0019193524,0.2574794,0.2574865,0.0002079825,1.9230349e-05,4.907353e-05,2.577743e-06,0,0,1
1777227510045000,1777227509887000,1777227509893000,47.398668799999996,8.5455931,0,0.25,0.25,0.02461495,0.011326677,0.014763359,0.0028055497,0.25750524,0.2575125,9.4117815e-05,1.9928137e-05,5.331683e-05,4.2122006e-06,0,0,1
1777227510093000,1777227509939000,1777227509941000,47.3986689,8.5455931,0,0.25,0.25,0.01287401,0.011388499,0.014585377,0.0036140885,0.25747904,0.25748634,2.5748135e-05,2.0148318e-05,5.071978e-05,5.7134293e-06,0,0,1
1777227510149000,1777227509991000,1777227509997000,47.398669,8.545593199999999,0,0.25,0.25,0.0015813455,0.0039450773,0.013360359,0.0036452687,0.25750488,0.25751236,3.8844365e-07,2.417536e-06,4.597842e-05,5.4029465e-06,0,0,1
1777227510197000,1777227510043000,1777227510045000,47.3986689,8.5455931,0,0.25,0.25,0.012720636,0.011424745,0.013300095,0.004378118,0.2574787,0.25748622,2.5138323e-05,2.0276784e-05,4.401522e-05,6.8041054e-06,0,0,1
1777227510253000,1777227510095000,1777227510101000,47.3986689,8.5455931,0,0.25,0.25,0.012647637,0.011108605,0.013238631,0.0050121495,0.25750497,0.25751245,2.48481e-05,1.9168177e-05,4.2209624e-05,7.968837e-06,0,0,1
1777227510301000,1777227510147000,1777227510149000,47.3986689,8.545593199999999,0,0.25,0.25,0.012483421,0.0032274588,0.013167488,0.0048440266,0.2574788,0.2574863,2.4209494e-05,1.6181816e-06,4.0513958e-05,7.370587e-06,0,0,1
1777227510357000,1777227510199000,1777227510205000,47.3986691,8.5455931,0,0.25,0.25,-0.009843189,0.010732976,0.010999816,0.005398783,0.25750467,0.25751236,1.5050348e-05,1.7893784e-05,3.5279638e-05,8.3619025e-06,0,0,1
1777227510405000,1777227510251000,1777227510253000,47.3986689,8.545593199999999,0,0.25,0.25,0.012972425,0.0028522122,0.011185641,0.0051588886,0.2574785,0.25748622,2.6143356e-05,1.2637747e-06,3.4418972e-05,7.693238e-06,0,0,1
1777227510461000,1777227510303000,1777227510309000,47.3986689,8.5455933,0,0.25,0.25,0.012958943,-0.0047474587,0.011352692,0.004225682,0.2575048,0.25751248,2.608638e-05,3.5009357e-06,3.3634016e-05,6.6387147e-06,0,0,1
1777227510509000,1777227510355000,1777227510357000,47.3986689,8.5455931,0,0.25,0.25,0.012839946,0.010447062,0.011492795,0.004811754,0.25747862,0.25748634,2.56121e-05,1.6954857e-05,3.2878328e-05,7.6105252e-06,0,0,1
1777227510565000,1777227510407000,1777227510413000,47.3986689,8.5455931,0,0.25,0.25,0.01280545,0.01013814,0.011616451,0.005313515,0.2575045,0.25751242,2.5472104e-05,1.5965348e-05,3.218064e-05,8.397574e-06,0,0,1
1777227510613000,1777227510459000,1777227510461000,47.398669,8.545593199999999,0,0.25,0.25,0.001488273,0.0023221413,0.010662347,0.005031719,0.25747836,0.25748628,3.4409985e-07,8.3768975e-07,2.9181545e-05,7.68541e-06,0,0,1
1777227510669000,1777227510511000,1777227510517000,47.3986691,8.5455933,0,0.25,0.25,-0.009376358,-0.005334981,0.008774643,0.0040551457,0.25750467,0.25751254,1.3656621e-05,4.4210697e-06,2.5146066e-05,6.544945e-06,0,0,1
1777227510717000,1777227510563000,1777227510565000,47.3986691,8.545593499999999,0,0.25,0.25,-0.0088930875,-0.020326037,0.007110291,0.0017583673,0.25747854,0.25748643,1.2286384e-05,6.418168e-05,2.161982e-05,-1.1770862e-07,0,0,1
1777227510773000,1777227510615000,1777227510621000,47.3986689,8.5455936,0,0.25,0.25,0.014080908,-0.02730281,0.0077669434,-0.0009792801,0.25750443,0.2575125,3.0799e-05,0.00011579142,2.2484526e-05,-1.1014508e-05,0,0,1
1777227510821000,1777227510667000,1777227510669000,47.3986689,8.5455934,0,0.25,0.25,0.013891228,-0.011418568,0.008343869,-0.0019626913,0.2574783,0.2574864,2.9977859e-05,2.0254847e-05,2.319042e-05,-1.1884975e-05,0,0,1
1777227510877000,1777227510719000,1777227510725000,47.398669,8.545593499999999,0,0.25,0.25,0.0026954922,-0.018729303,0.0078117754,-0.0035421548,0.2575042,0.25751248,1.1286307e-06,5.448851e-05,2.1112135e-05,-1.5898351e-05,0,0,1
1777227510925000,1777227510771000,1777227510773000,47.398668799999996,8.545593499999999,0,0.25,0.25,0.025147384,-0.018222598,0.00944484,-0.0049250955,0.25747848,0.25748655,9.824369e-05,5.158531e-05,2.8378152e-05,-1.9260166e-05,0,0,1
1777227510981000,1777227510823000,1777227510829000,47.3986689,8.5455934,0,0.25,0.25,0.0136162825,-0.010174826,0.0098378025,-0.005419635,0.2575044,0.25751263,2.8799996e-05,1.6081089e-05,2.8417891e-05,-1.8960687e-05,0,0,1
1777227511029000,1777227510875000,1777227510877000,47.398668799999996,8.5455934,0,0.25,0.25,0.024537379,-0.009935123,0.011222545,-0.0058450075,0.25747827,0.25748652,9.3535346e-05,1.5333877e-05,3.4552144e-05,-1.8619032e-05,0,0,1
1777227511085000,1777227510927000,1777227510933000,47.3986689,8.5455934,0,0.25,0.25,0.013054956,-0.009723819,0.011395164,-0.0062104026,0.25750417,0.2575126,2.6474427e-05,1.4687072e-05,3.37912e-05,-1.824863e-05,0,0,1
1777227511133000,1777227510979000,1777227510981000,47.398668799999996,8.5455933,0,0.25,0.25,0.02403565,-0.0019033367,0.012585934,-0.0058046645,0.25747848,0.25748667,8.9749235e-05,5.627772e-07,3.906261e-05,-1.6582571e-05,0,0,1
1777227511189000,1777227511031000,1777227511037000,47.3986689,8.5455934,0,0.25,0.25,0.012542323,-0.009361244,0.012581826,-0.0061397045,0.25750437,0.25751275,2.443607e-05,1.3612202e-05,3.7684746e-05,-1.6302754e-05,0,0,1
1777227511237000,1777227511083000,1777227511085000,47.398668799999996,8.5455933,0,0.25,0.25,0.023555659,-0.0015548781,0.013615593,-0.0057078004,0.25747827,0.25748664,8.6200525e-05,3.7557612e-07,4.2255073e-05,-1.4802368e-05,0,0,1
1777227511293000,1777227511135000,1777227511141000,47.398668799999996,8.5455934,0,0.25,0.25,0.02322789,-0.009101422,0.0145211,-0.0060274894,0.25750425,0.2575128,8.380986e-05,1.2867068e-05,4.6169655e-05,-1.4620057e-05,0,0,1
1777227511341000,1777227511187000,1777227511189000,47.398668799999996,8.5455931,0,0.25,0.25,0.02273545,0.013792157,0.015294915,-0.004160421,0.25747865,0.257487,8.0301914e-05,2.9550789e-05,4.9385013e-05,-1.0459035e-05,0,0,1
1777227511397000,1777227511239000,1777227511245000,47.398668799999996,8.5455931,0,0.25,0.25,0.022412997,0.013342582,0.01596546,-0.0025115872,0.25750485,0.25751334,7.80323e-05,2.7652857e-05,5.208367e-05,-6.868784e-06,0,0,1
1777227511445000,1777227511291000,1777227511293000,47.398668799999996,8.5455931,0,0.25,0.25,0.021944664,0.012902953,0.016528718,-0.0010594928,0.257479,0.2574875,7.481282e-05,2.5863188e-05,5.422482e-05,-3.7853372e-06,0,0,1
1777227511501000,1777227511343000,1777227511349000,47.398668799999996,8.545593199999999,0,0.25,0.25,0.021604292,0.0049495036,0.017006852,-0.00049342785,0.2575055,0.25751415,7.25026e-05,3.805241e-06,5.594664e-05,-3.0702827e-06,0,0,1
1777227511549000,1777227511395000,1777227511397000,47.398668799999996,8.5455934,0,0.25,0.25,0.021179903,-0.010312101,0.017399965,-0.0014183754,0.2574803,0.25748873,6.9688955e-05,1.6519469e-05,5.7241206e-05,-4.337235e-06,0,0,1
1777227511605000,1777227511447000,1777227511453000,47.398668799999996,8.545593199999999,0,0.25,0.25,0.02099693,0.005124827,0.01773881,-0.0008019867,0.25750718,0.25751576,6.848292e-05,4.079572e-06,5.8300207e-05,-3.5443475e-06,0,0,1
1777227511653000,1777227511499000,1777227511501000,47.398668799999996,8.545593199999999,0,0.25,0.25,0.020576505,0.0049715512,0.01800613,-0.00025810266,0.25748208,0.25749043,6.577429e-05,3.8395715e-06,5.9004287e-05,-2.8487607e-06,0,0,1
1777227511709000,1777227511551000,1777227511557000,47.3986689,8.545593199999999,0,0.25,0.25,0.009213106,0.0048943213,0.017177802,0.00022727065,0.2575091,0.25751764,1.3184981e-05,3.720814e-06,5.4687975e-05,-2.2298877e-06,0,0,1
1777227511757000,1777227511603000,1777227511605000,47.398668799999996,8.5455933,0,0.25,0.25,0.020325365,-0.0027765855,0.01747431,-5.5701326e-05,0.257484,0.2574923,6.4178035e-05,1.1976168e-06,5.5581964e-05,-2.1326448e-06,0,0,1
1777227511813000,1777227511655000,1777227511661000,47.398668699999995,8.5455933,0,0.25,0.25,0.031233,-0.0026850542,0.018770419,-0.00030339402,0.25751102,0.25751948,0.00015152754,1.1198401e-06,6.462032e-05,-2.0372356e-06,0,0,1
1777227511861000,1777227511707000,1777227511709000,47.398668799999996,8.545593199999999,0,0.25,0.25,0.019349951,0.0052379393,0.018825013,0.00021861572,0.25748542,0.25749388,5.8165715e-05,4.2620054e-06,6.4012274e-05,-1.4438288e-06,0,0,1
1777227511917000,1777227511759000,1777227511765000,47.398668799999996,8.545593,0,0.25,0.25,0.019118253,0.020592019,0.018852638,0.0021378496,0.2575123,0.2575209,5.677517e-05,6.586358e-05,6.333052e-05,4.896725e-06,0,0,1
1777227511965000,1777227511811000,1777227511813000,47.398668799999996,8.5455931,0,0.25,0.25,0.018685717,0.012819376,0.018836914,0.0031440803,0.25748655,0.25749514,5.4240663e-05,2.5528465e-05,6.2474224e-05,6.840295e-06,0,0,1
1777227512021000,1777227511863000,1777227511869000,47.398668799999996,8.5455931,0,0.25,0.25,0.018510649,0.012853683,0.018806178,0.004058753,0.25751358,0.25752214,5.3223466e-05,2.5662595e-05,6.1602776e-05,8.6134105e-06,0,0,1
1777227512069000,1777227511915000,1777227511917000,47.3986689,8.5455933,0,0.25,0.25,0.0070099714,-0.0022388077,0.01769494,0.0034655046,0.2574876,0.25749612,7.633719e-06,7.7861523e-07,5.6518733e-05,7.728654e-06,0,0,1
1777227512125000,1777227511967000,1777227511973000,47.3986689,8.545593499999999,0,0.25,0.25,0.007056382,-0.016788073,0.016692758,0.0015575587,0.25751388,0.25752252,7.734345e-06,4.3777047e-05,5.1923103e-05,2.8766676e-06,0,0,1
1777227512173000,1777227512019000,1777227512021000,47.3986689,8.5455936,0,0.25,0.25,0.0070622773,-0.023453861,0.015785538,-0.0007985899,0.2574876,0.25749624,7.7480645e-06,8.545113e-05,4.7761685e-05,-5.4440675e-06,0,0,1
1777227512229000,1777227512071000,1777227512077000,47.3986689,8.5455933,0,0.25,0.25,0.007575739,0.00026064165,0.015012151,-0.0006988072,0.25751382,0.2575224,8.914756e-06,1.0551948e-08,4.410219e-05,-4.9302266e-06,0,0,1
1777227512277000,1777227512123000,1777227512125000,47.398668799999996,8.545593199999999,0,0.25,0.25,0.019055894,0.008180721,0.015393083,0.00013767008,0.25748727,0.2574958,5.6410885e-05,1.0396161e-05,4.5261706e-05,-3.4864363e-06,0,0,1
1777227512333000,1777227512175000,1777227512181000,47.3986689,8.5455933,0,0.25,0.25,0.008079237,0.0008202871,0.014704097,0.00020197459,0.257513,0.25752148,1.01391515e-05,1.0451492e-07,4.195306e-05,-3.1481582e-06,0,0,1
1777227512381000,1777227512227000,1777227512229000,47.398669,8.5455934,0,0.25,0.25,-0.0026951937,-0.006393056,0.013065034,-0.00041929644,0.2574862,0.25749463,1.1284596e-06,6.349051e-06,3.7894653e-05,-3.4496916e-06,0,0,1
1777227512437000,1777227512279000,1777227512285000,47.398669,8.5455933,0,0.25,0.25,-0.0018429812,0.0017981675,0.011660655,-0.00021040489,0.2575116,0.25751996,5.276003e-07,5.022378e-07,3.4275166e-05,-3.0774083e-06,0,0,1
1777227512485000,1777227512331000,1777227512333000,47.3986689,8.5455933,0,0.25,0.25,0.010037805,0.002168179,0.0115077775,1.3664627e-05,0.2574846,0.257493,1.565259e-05,7.302724e-07,3.2520864e-05,-2.7187139e-06,0,0,1
1777227512541000,1777227512383000,1777227512389000,47.398669,8.5455934,0,0.25,0.25,-0.0006683743,-0.00503671,0.0103607485,-0.00046209534,0.25750938,0.25751787,6.9391525e-08,3.9404563e-06,2.9450766e-05,-2.8338056e-06,0,0,1
1777227512589000,1777227512435000,1777227512437000,47.398668799999996,8.5455933,0,0.25,0.25,0.022328539,0.00308536,0.011488149,-0.00012791474,0.25748235,0.2574908,7.745208e-05,1.4788017e-06,3.397263e-05,-2.4275455e-06,0,0,1
1777227512645000,1777227512487000,1777227512493000,47.3986689,8.5455933,0,0.25,0.25,0.011602716,0.0034670029,0.011498941,0.00021073697,0.2575069,0.25751555,2.0911752e-05,1.8670887e-06,3.2742257e-05,-2.0229786e-06,0,0,1
1777227512693000,1777227512539000,1777227512541000,47.3986689,8.5455933,0,0.25,0.25,0.01196559,0.0037382722,0.0115429,0.00054304104,0.25748026,0.25748867,2.2242533e-05,2.1709195e-06,3.1753152e-05,-1.6279012e-06,0,0,1
1777227512749000,1777227512591000,1777227512597000,47.398669,8.5455933,0,0.25,0.25,0.0013866795,0.0040492504,0.010586155,0.0008733361,0.25750473,0.25751328,2.9869432e-07,2.5468867e-06,2.8790051e-05,-1.234624e-06,0,0,1
1777227512797000,1777227512643000,1777227512645000,47.3986689,8.5455933,0,0.25,0.25,0.013214925,0.0042538038,0.010833792,0.001191786,0.25747767,0.2574862,2.7130003e-05,2.8110007e-06,2.8633669e-05,-8.5351445e-07,0,0,1
1777227512853000,1777227512695000,1777227512701000,47.3986691,8.5455934,0,0.25,0.25,-0.008564747,-0.0030044583,0.009006393,0.0007964876,0.25750208,0.25751075,1.1394842e-05,1.4021581e-06,2.4862868e-05,-9.0519825e-07,0,0,1
1777227512901000,1777227512747000,1777227512749000,47.398669,8.5455936,0,0.25,0.25,0.0035575957,-0.017651085,0.0084931,-0.00094132737,0.25747547,0.2574839,1.9662434e-06,4.8400816e-05,2.2705939e-05,-5.3794233e-06,0,0,1
1777227512957000,1777227512799000,1777227512805000,47.398669,8.545593499999999,0,0.25,0.25,0.004403603,-0.009231206,0.008107858,-0.001722258,0.25749987,0.25750846,3.0123072e-06,1.3236872e-05,2.085074e-05,-6.119618e-06,0,0,1
1777227513005000,1777227512851000,1777227512853000,47.3986689,8.5455934,0,0.25,0.25,0.016510593,-0.0010235634,0.00889942,-0.001656439,0.2574729,0.25748146,4.2350035e-05,1.6275845e-07,2.2876036e-05,-5.558464e-06,0,0,1
1777227513061000,1777227512903000,1777227512909000,47.398669,8.545593499999999,0,0.25,0.25,0.0062191146,-0.008059873,0.008646927,-0.0022596612,0.2574973,0.25750598,6.0082e-06,1.009088e-05,2.1287036e-05,-5.985431e-06,0,0,1
1777227513109000,1777227512955000,1777227512957000,47.3986691,8.545593499999999,0,0.25,0.25,-0.004066929,-0.007428263,0.0074492446,-0.0027465585,0.25747082,0.25747928,2.5695979e-06,8.572199e-06,1.9039671e-05,-6.229112e-06,0,0,1
1777227513165000,1777227513007000,1777227513013000,47.3986692,8.545593499999999,0,0.25,0.25,-0.013794697,-0.0067888964,0.0054480033,-0.0031273584,0.25749525,0.25750384,2.9560726e-05,7.159367e-06,1.4461372e-05,-6.3167445e-06,0,0,1
1777227513213000,1777227513059000,1777227513061000,47.398669299999995,8.545593499999999,0,0.25,0.25,-0.023521166,-0.006142455,0.0027190235,-0.0034113892,0.25746843,0.257477,8.595155e-05,5.861457e-06,5.0021836e-06,-6.273855e-06,0,0,1
1777227513269000,1777227513111000,1777227513117000,47.3986692,8.5455934,0,0.25,0.25,-0.010332733,0.0020257572,0.0014895101,-0.0028991941,0.2574929,0.25750163,1.658537e-05,6.3746273e-07,2.9685732e-06,-5.6227886e-06,0,0,1
1777227513317000,1777227513163000,1777227513165000,47.3986691,8.5455934,0,0.25,0.25,0.0022294966,0.002368513,0.001559219,-0.0024029608,0.25746658,0.25747505,7.722408e-07,8.7151807e-07,2.7616722e-06,-5.011006e-06,0,0,1
1777227513373000,1777227513215000,1777227513221000,47.3986691,8.545593499999999,0,0.25,0.25,0.0035594408,-0.0048392857,0.0017476457,-0.0026324696,0.2574911,0.25749972,1.9681643e-06,3.637858e-06,2.6869216e-06,-4.8816514e-06,0,0,1
1777227513421000,1777227513267000,1777227513269000,47.3986692,8.545593499999999,0,0.25,0.25,-0.006395131,-0.0043227384,0.0009805724,-0.0027916979,0.25746444,0.25747305,6.353918e-06,2.9029939e-06,1.8352482e-06,-4.695256e-06,0,0,1
1777227513477000,1777227513319000,1777227513325000,47.3986691,8.5455936,0,0.25,0.25,0.0069997357,-0.0116649885,0.0015475951,-0.0036275876,0.25748906,0.25749785,7.6113993e-06,2.1137568e-05,2.3793784e-06,-6.2441695e-06,0,0,1
1777227513525000,1777227513371000,1777227513373000,47.3986692,8.5455937,0,0.25,0.25,-0.0020928138,-0.01886874,0.0012046581,-0.0050633484,0.2574629,0.25747147,6.8046614e-07,5.5311662e-05,2.091132e-06,-1.086647e-05,0,0,1
1777227513581000,1777227513423000,1777227513429000,47.398669299999995,8.5455937,0,0.25,0.25,-0.009224163,-0.018291112,0.00022223277,-0.006309442,0.2574876,0.25749642,1.3217753e-05,5.197195e-05,6.4899064e-07,-1.4738725e-05,0,0,1
1777227513629000,1777227513475000,1777227513477000,47.3986692,8.545593799999999,0,0.25,0.25,0.0062769125,-0.025279015,0.0007926012,-0.008096431,0.2574611,0.25747,6.1212554e-06,9.927814e-05,1.1644938e-06,-2.2702585e-05,0,0,1
1777227513685000,1777227513527000,1777227513533000,47.3986692,8.5455936,0,0.25,0.25,0.013475036,-0.009437783,0.0019873234,-0.00822279,0.25748587,0.2574952,2.8207622e-05,1.3836645e-05,3.712035e-06,-2.1867387e-05,0,0,1
1777227513733000,1777227513579000,1777227513581000,47.398669399999996,8.545593799999999,0,0.25,0.25,-0.0014366496,-0.024243962,0.0016647752,-0.009732031,0.2574595,0.257469,3.2066592e-07,9.1315014e-05,3.332143e-06,-2.8409555e-05,0,0,1
1777227513789000,1777227513631000,1777227513637000,47.398669399999996,8.5455939,0,0.25,0.25,0.011356679,-0.031147085,0.0025777807,-0.011749391,0.25748476,0.2574947,2.0036005e-05,0.00015070461,4.9056953e-06,-3.9930106e-05,0,0,1
1777227513837000,1777227513683000,1777227513685000,47.3986695,8.545593799999999,0,0.25,0.25,0.0133625725,-0.022732316,0.0035937396,-0.012784014,0.25745845,0.25746873,2.7741695e-05,8.0282865e-05,7.056913e-06,-4.3731452e-05,0,0,1
1777227513893000,1777227513735000,1777227513741000,47.3986696,8.545593799999999,0,0.25,0.25,0.022735033,-0.022176005,0.0053969054,-0.013668767,0.25748342,0.25749463,8.029748e-05,7.6393866e-05,1.3956387e-05,-4.6808345e-05,0,0,1
1777227513941000,1777227513787000,1777227513789000,47.3986698,8.5455937,0,0.25,0.25,0.020896992,-0.014040625,0.0068570585,-0.013703797,0.25745723,0.257469,6.784572e-05,3.0627245e-05,1.903292e-05,-4.528404e-05,0,0,1
1777227513997000,1777227513839000,1777227513845000,47.398669999999996,8.5455937,0,0.25,0.25,0.02950556,-0.013765504,0.008990614,-0.01370961,0.25748268,0.25749558,0.00013524453,2.9435703e-05,2.998039e-05,-4.379108e-05,0,0,1
1777227514045000,1777227513891000,1777227513893000,47.3986703,8.5455936,0,0.25,0.25,0.02633911,-0.0059577352,0.010624893,-0.012979361,0.2574565,0.25747034,0.000107784996,5.514361e-06,3.7309812e-05,-4.01853e-05,0,0,1
1777227514101000,1777227513943000,1777227513949000,47.3986709,8.5455936,0,0.25,0.25,0.003119573,-0.0059538465,0.00991787,-0.012317537,0.25748163,0.25749746,1.5118338e-06,5.5065843e-06,3.393754e-05,-3.6918464e-05,0,0,1
1777227514149000,1777227513995000,1777227513997000,47.398671,8.5455936,0,0.25,0.25,0.0348594,-0.005958665,0.012267435,-0.011718513,0.2574555,0.25747263,0.00018879812,5.5160335e-06,4.8525857e-05,-3.3960263e-05,0,0,1
1777227514205000,1777227514047000,1777227514053000,47.3986716,8.5455937,0,0.25,0.25,0.026675586,-0.013613796,0.013624725,-0.0118970545,0.257481,0.25750074,0.000110545916,2.8789887e-05,5.4368327e-05,-3.34732e-05,0,0,1
1777227514253000,1777227514099000,1777227514101000,47.3986719,8.5455937,0,0.25,0.25,0.049213745,-0.01338988,0.016977314,-0.012037683,0.25745493,0.25747645,0.0003762977,2.7853248e-05,8.469501e-05,-3.2943783e-05,0,0,1
1777227514309000,1777227514151000,1777227514157000,47.3986726,8.5455937,0,0.25,0.25,0.046244685,-0.013213615,0.019734384,-0.012148459,0.25748006,0.25750545,0.00033223093,2.7121696e-05,0.00010801361,-3.2395325e-05,0,0,1
1777227514357000,1777227514203000,1777227514205000,47.3986732,8.545593799999999,0,0.25,0.25,0.04975049,-0.020489704,0.02256199,-0.012934229,0.25745398,0.25748172,0.000384552,6.522062e-05,0.00013406434,-3.5487563e-05,0,0,1
1777227514413000,1777227514255000,1777227514261000,47.3986741,8.5455936,0,0.25,0.25,0.0428559,-0.0050718156,0.024473734,-0.012193567,0.2574791,0.25751188,0.00028532464,3.99567e-06,0.0001483135,-3.2520933e-05,0,0,1
1777227514461000,1777227514307000,1777227514309000,47.398674799999995,8.5455936,0,0.25,0.25,0.051082104,-0.0054143993,0.02698032,-0.01155495,0.25745344,0.25748882,0.00040541412,4.554096e-06,0.00017253312,-2.9886376e-05,0,0,1
1777227514517000,1777227514359000,1777227514365000,47.3986757,8.545593799999999,0,0.25,0.25,0.06245069,-0.020932605,0.030321732,-0.012438352,0.2574786,0.2575202,0.0006058893,6.806052e-05,0.00021335654,-3.348249e-05,0,0,1
1777227514565000,1777227514411000,1777227514413000,47.398676699999996,8.5455937,0,0.25,0.25,0.052790705,-0.013239053,0.032438375,-0.012513781,0.25745255,0.25749764,0.00043298985,2.722705e-05,0.00023404663,-3.289321e-05,0,0,1
1777227514621000,1777227514463000,1777227514469000,47.3986777,8.5455937,0,0.25,0.25,0.07164801,-0.013440852,0.036132038,-0.012601114,0.25747773,0.25753027,0.0007974961,2.8059847e-05,0.0002871252,-3.2437893e-05,0,0,1
1777227514669000,1777227514515000,1777227514517000,47.3986789,8.5455936,0,0.25,0.25,0.055773955,-0.005975594,0.037982363,-0.01197697,0.25745207,0.25750822,0.00048331078,5.5466535e-06,0.00030560646,-2.9904659e-05,0,0,1
1777227514725000,1777227514567000,1777227514573000,47.3986801,8.545593799999999,0,0.25,0.25,0.07117088,-0.021483475,0.041108817,-0.012872511,0.25747728,0.25754198,0.0007869113,7.1683804e-05,0.00035094676,-3.3840377e-05,0,0,1
1777227514773000,1777227514619000,1777227514621000,47.398681599999996,8.5455939,0,0.25,0.25,0.037900984,-0.028863497,0.04080663,-0.014378908,0.2574513,0.25752023,0.00022318546,0.00012940365,0.00033891128,-4.2842716e-05,0,0,1
1777227514829000,1777227514671000,1777227514677000,47.39868310000001,8.545593799999999,0,0.25,0.25,0.038812622,-0.021024747,0.04061879,-0.0150049655,0.25747654,0.257555,0.00023402825,6.865174e-05,0.000329031,-4.5274e-05,0,0,1
1777227514877000,1777227514723000,1777227514725000,47.398684499999995,8.545593799999999,0,0.25,0.25,0.033575818,-0.020896045,0.03995532,-0.015559922,0.25745097,0.25753346,0.00017515344,6.781949e-05,0.00031453528,-4.739785e-05,0,0,1
1777227514933000,1777227514775000,1777227514781000,47.398685900000004,8.5455937,0,0.25,0.25,0.06389622,-0.0133484835,0.042210624,-0.015351598,0.25747663,0.25756904,0.00063426746,2.767134e-05,0.00034465498,-4.5539557e-05,0,0,1
1777227514981000,1777227514827000,1777227514829000,47.3986875,8.5455936,0,0.25,0.25,0.05116118,-0.005950558,0.04305379,-0.014465993,0.25745067,0.2575475,0.00040667463,5.4994343e-06,0.0003504974,-4.176766e-05,0,0,1
1777227515037000,1777227514879000,1777227514885000,47.3986892,8.5455936,0,0.25,0.25,0.06538437,-0.0064114667,0.045157395,-0.013707234,0.257476,0.25758365,0.0006641576,6.383465e-06,0.0003800451,-3.8434366e-05,0,0,1
1777227515085000,1777227514931000,1777227514933000,47.398691,8.545593499999999,0,0.25,0.25,0.045306772,0.00076573784,0.045171466,-0.012343838,0.25745046,0.25756195,0.00031892792,9.106228e-08,0.0003742877,-3.4805158e-05,0,0,1
1777227515141000,1777227514983000,1777227514989000,47.3986929,8.5455934,0,0.25,0.25,0.054862864,0.0072302446,0.046084423,-0.010499902,0.25747582,0.25759843,0.00046760647,8.117508e-06,0.0003830786,-3.076172e-05,0,0,1
1777227515189000,1777227515035000,1777227515037000,47.3986948,8.5455933,0,0.25,0.25,0.03887332,0.013593584,0.045405116,-0.008230226,0.2574499,0.25757644,0.00023478508,2.8696031e-05,0.0003691089,-2.5160627e-05,0,0,1
1777227515245000,1777227515087000,1777227515093000,47.3986969,8.5455933,0,0.25,0.25,0.042792503,0.012018706,0.045159,-0.006322718,0.25747532,0.25761303,0.00028448526,2.2428878e-05,0.0003611371,-2.0677557e-05,0,0,1
1777227515293000,1777227515139000,1777227515141000,47.398699,8.5455933,0,0.25,0.25,0.018807115,0.010616371,0.042676575,-0.004727007,0.25744987,0.25759062,5.4955566e-05,1.7501778e-05,0.00033229392,-1.7080953e-05,0,0,1
1777227515349000,1777227515191000,1777227515197000,47.398700999999996,8.545593199999999,0,0.25,0.25,0.0504829,0.016608583,0.043411955,-0.0027171322,0.25747547,0.2576271,0.00039592478,4.282857e-05,0.00033828814,-1.14373015e-05,0,0,1
1777227515397000,1777227515243000,1777227515245000,47.3987032,8.5455931,0,0.25,0.25,0.028593013,0.022616124,0.042015966,-0.00033066585,0.2574497,0.25760406,0.0001270245,7.942251e-05,0.0003183865,-2.8780432e-06,0,0,1
1777227515453000,1777227515295000,1777227515301000,47.3987055,8.545593199999999,0,0.25,0.25,0.040826987,0.012665562,0.04190396,0.0008936166,0.25747544,0.25763997,0.00025895177,2.4905525e-05,0.00031278757,-2.607503e-07,0,0,1
1777227515501000,1777227515347000,1777227515349000,47.398707800000004,8.545593499999999,0,0.25,0.25,0.019586394,-0.011903985,0.039801583,-0.00031195465,0.25744975,0.25761616,5.960415e-05,2.2002481e-05,0.00028893695,-2.3088846e-06,0,0,1
1777227515557000,1777227515399000,1777227515405000,47.3987102,8.5455933,0,0.25,0.25,0.033244763,0.0017036858,0.03918391,-0.00012207545,0.257476,0.25765118,0.00017169976,4.5061628e-07,0.00027789286,-2.0489317e-06,0,0,1
1777227515605000,1777227515451000,1777227515453000,47.3987127,8.5455934,0,0.25,0.25,-0.000118760676,-0.0074175685,0.035481486,-0.00080933206,0.2574504,0.25762644,2.19135e-09,8.542652e-06,0.00025171434,-2.660659e-06,0,0,1
1777227515661000,1777227515503000,1777227515509000,47.3987151,8.5455933,0,0.25,0.25,0.023859508,-0.0014364982,0.03438666,-0.00086841296,0.2574764,0.25766024,8.843936e-05,3.203486e-07,0.00023633336,-2.440195e-06,0,0,1
1777227515709000,1777227515555000,1777227515557000,47.3987176,8.5455931,0,0.25,0.25,-0.0015769558,0.01177462,0.030998783,0.0003225975,0.25745085,0.2576345,3.8637114e-07,2.152533e-05,0.00021403367,-1.825731e-07,0,0,1
1777227515765000,1777227515607000,1777227515613000,47.3987201,8.545593199999999,0,0.25,0.25,0.018753484,0.0016635743,0.02984524,0.0004489214,0.2574774,0.25766686,5.4636745e-05,4.296213e-07,0.00019901802,-1.2490261e-07,0,0,1
1777227515813000,1777227515659000,1777227515661000,47.3987227,8.545593,0,0.25,0.25,-0.012478166,0.014832213,0.025858251,0.0018038691,0.25745192,0.25764006,2.4191646e-05,3.415533e-05,0.00017799102,3.104395e-06,0,0,1
1777227515869000,1777227515711000,1777227515717000,47.3987252,8.545593,0,0.25,0.25,0.012940158,0.012260273,0.02464133,0.0027888927,0.25747818,0.25767076,2.6013497e-05,2.333432e-05,0.0001636743,5.010113e-06,0,0,1
1777227515917000,1777227515763000,1777227515765000,47.398727900000004,8.545592899999999,0,0.25,0.25,-0.025787406,0.017566536,0.019890796,0.0041809897,0.25745276,0.25764287,0.000103318416,4.790867e-05,0.00013852281,9.051282e-06,0,0,1
1777227515973000,1777227515815000,1777227515821000,47.3987304,8.5455931,0,0.25,0.25,0.0025635047,0.00022240645,0.018258516,0.0038080798,0.25747955,0.25767174,1.0209054e-06,7.678705e-09,0.00012556973,8.1993485e-06,0,0,1
1777227516021000,1777227515867000,1777227515869000,47.3987329,8.545593,0,0.25,0.25,-0.012376726,0.0063424073,0.015372587,0.0040468206,0.25745416,0.25764284,2.3799708e-05,6.245255e-06,0.000111498695,8.015267e-06,0,0,1
1777227516077000,1777227515919000,1777227515925000,47.398735599999995,8.545593199999999,0,0.25,0.25,-0.0064145396,-0.01058244,0.013320177,0.0026687018,0.25748062,0.25766987,6.392142e-06,1.738473e-05,0.00010039304,5.6225135e-06,0,0,1
1777227516125000,1777227515971000,1777227515973000,47.398738099999996,8.545593199999999,0,0.25,0.25,-0.021480765,-0.011636662,0.010041827,0.0013210949,0.2574553,0.25764,7.168985e-05,2.102343e-05,8.418233e-05,3.1123882e-06,0,0,1
1777227516181000,1777227516023000,1777227516029000,47.3987407,8.545593,0,0.25,0.25,-0.005412925,0.002290474,0.008585945,0.0014124132,0.25748184,0.25766537,4.5517395e-06,8.144317e-07,7.582332e-05,2.895914e-06,0,0,1
1777227516229000,1777227516075000,1777227516077000,47.3987433,8.545593,0,0.25,0.25,-0.033257607,0.00086475466,0.0046441606,0.0013608221,0.25745696,0.2576347,0.0001718452,1.1610248e-07,5.249223e-05,2.6340476e-06,0,0,1
1777227516285000,1777227516127000,1777227516133000,47.3987458,8.545592899999999,0,0.25,0.25,-0.00803594,0.0072365548,0.0034496584,0.0019143332,0.25748357,0.2576585,1.0031915e-05,8.129788e-06,4.6602272e-05,3.1517623e-06,0,0,1
1777227516333000,1777227516179000,1777227516181000,47.398748399999995,8.545592899999999,0,0.25,0.25,-0.037696667,0.0060982895,-0.00042644516,0.0023084742,0.25745827,0.25762722,0.00022077966,5.7741004e-06,2.1414118e-05,3.3987942e-06,0,0,1
1777227516389000,1777227516231000,1777227516237000,47.398750899999996,8.545592899999999,0,0.25,0.25,-0.015019786,0.004837664,-0.0018011802,0.0025467311,0.2574849,0.25764975,3.5045774e-05,3.6333033e-06,1.6095433e-05,3.4208856e-06,0,0,1
1777227516437000,1777227516283000,1777227516285000,47.3987535,8.5455927,0,0.25,0.25,-0.047231525,0.018890286,-0.0060808505,0.0040863417,0.25746006,0.25761795,0.00034658844,5.540653e-05,-1.8070441e-05,8.318084e-06,0,0,1
1777227516493000,1777227516335000,1777227516341000,47.398756,8.5455928,0,0.25,0.25,-0.027242674,0.010196567,-0.008074356,0.004661943,0.25748673,0.25763947,0.00011529344,1.6141932e-05,-2.722913e-05,9.055113e-06,0,0,1
1777227516541000,1777227516387000,1777227516389000,47.3987585,8.5455927,0,0.25,0.25,-0.050555993,0.01701126,-0.012076249,0.0058252844,0.25746143,0.2576074,0.0003970938,4.4933957e-05,-6.2071456e-05,1.24350045e-05,0,0,1
1777227516597000,1777227516439000,1777227516445000,47.398761,8.5455928,0,0.25,0.25,-0.0331844,0.008525442,-0.0140646985,0.006079647,0.25748813,0.25762814,0.00017106878,1.1284973e-05,-7.233932e-05,1.2326668e-05,0,0,1
1777227516645000,1777227516491000,1777227516493000,47.3987635,8.5455927,0,0.25,0.25,-0.05859541,0.015481737,-0.01825962,0.0069653513,0.25746325,0.257596,0.00053342327,3.7218622e-05,-0.00011577476,1.4671563e-05,0,0,1
1777227516701000,1777227516543000,1777227516549000,47.398765999999995,8.5455927,0,0.25,0.25,-0.043860465,0.015070812,-0.020671295,0.007728909,0.25748998,0.25761625,0.0002988451,3.526631e-05,-0.00013302051,1.6611648e-05,0,0,1
1777227516749000,1777227516595000,1777227516597000,47.398768499999996,8.545592899999999,0,0.25,0.25,-0.07160902,-0.0004077824,-0.025469776,0.0069624092,0.25746462,0.25758412,0.000796669,2.5822475e-08,-0.00019553813,1.504435e-05,0,0,1
1777227516805000,1777227516647000,1777227516653000,47.398770999999996,8.5455928,0,0.25,0.25,-0.059469774,0.007322195,-0.028672675,0.006996302,0.25749135,0.25760412,0.0005494016,8.325105e-06,-0.0002288731,1.4411378e-05,0,0,1
1777227516853000,1777227516699000,1777227516701000,47.3987733,8.5455928,0,0.25,0.25,-0.06677747,0.0072098062,-0.03226226,0.007016415,0.25746638,0.25757214,0.0006927864,8.072505e-06,-0.0002725751,1.3814238e-05,0,0,1
1777227516909000,1777227516751000,1777227516757000,47.398775799999996,8.5455928,0,0.25,0.25,-0.057387084,0.0071884547,-0.03462909,0.0070326217,0.2574931,0.25759202,0.00051159074,8.0241425e-06,-0.00029509107,1.3268794e-05,0,0,1
1777227516957000,1777227516803000,1777227516805000,47.398778199999995,8.5455928,0,0.25,0.25,-0.07861241,0.0075051887,-0.03877245,0.007077139,0.2574677,0.25756034,0.00096010667,8.747908e-06,-0.00035773747,1.2842913e-05,0,0,1
1777227517013000,1777227516855000,1777227516861000,47.3987805,8.5455928,0,0.25,0.25,-0.049661335,0.007959987,-0.039798215,0.0071603055,0.2574944,0.25758034,0.00038311485,9.839478e-06,-0.0003601281,1.2559981e-05,0,0,1
1777227517061000,1777227516907000,1777227516909000,47.3987829,8.5455928,0,0.25,0.25,-0.07372477,0.0082929,-0.042994194,0.007266999,0.25746936,0.25754905,0.0008444254,1.0681025e-05,-0.0004057503,1.2382978e-05,0,0,1
1777227517117000,1777227516959000,1777227516965000,47.3987853,8.5455928,0,0.25,0.25,-0.058673073,0.008715279,-0.04447119,0.0074034315,0.25749606,0.2575693,0.00053477,1.179583e-05,-0.00041790432,1.2327667e-05,0,0,1
1777227517165000,1777227517011000,1777227517013000,47.3987877,8.5455928,0,0.25,0.25,-0.0848113,0.00935696,-0.048271343,0.0075874594,0.25747055,0.25753847,0.0011174803,1.3598387e-05,-0.00048380642,1.2447373e-05,0,0,1
1777227517221000,1777227517063000,1777227517069000,47.3987901,8.5455928,0,0.25,0.25,-0.072384804,0.010136249,-0.050542902,0.007827563,0.25749722,0.25755912,0.000813921,1.5956497e-05,-0.00051490415,1.2777942e-05,0,0,1
1777227517269000,1777227517115000,1777227517117000,47.398792400000005,8.545592899999999,0,0.25,0.25,-0.08945149,0.0031845595,-0.054208204,0.0073901787,0.25747165,0.25752878,0.0012430991,1.57519e-06,-0.00058350223,1.172261e-05,0,0,1
1777227517325000,1777227517167000,1777227517173000,47.398794699999996,8.5455927,0,0.25,0.25,-0.06820075,0.01924876,-0.055526342,0.008507292,0.2574987,0.25755003,0.0007225423,5.7544505e-05,-0.00059660024,1.6039165e-05,0,0,1
1777227517373000,1777227517219000,1777227517221000,47.398797099999996,8.5455928,0,0.25,0.25,-0.098809585,0.0121015,-0.05960375,0.008845877,0.25747314,0.25752023,0.0015167926,2.2747154e-05,-0.000683285,1.6671076e-05,0,0,1
1777227517429000,1777227517271000,1777227517277000,47.398799399999994,8.545592899999999,0,0.25,0.25,-0.079673454,0.0056423075,-0.061494377,0.008544091,0.25749972,0.25754195,0.0009860762,4.9445352e-06,-0.0007118088,1.5566402e-05,0,0,1
1777227517477000,1777227517323000,1777227517325000,47.3988016,8.5455931,0,0.25,0.25,-0.08943361,-0.008341216,-0.064126335,0.006953446,0.2574741,0.25751272,0.0012425904,1.080737e-05,-0.00076181,1.3081916e-05,0,0,1
1777227517533000,1777227517375000,1777227517381000,47.398803799999996,8.545593199999999,0,0.25,0.25,-0.061485793,-0.01416412,-0.06387759,0.0049641104,0.25750107,0.25753516,0.0005872601,3.1160373e-05,-0.0007453669,8.914164e-06,0,0,1
1777227517581000,1777227517427000,1777227517429000,47.398806,8.5455934,0,0.25,0.25,-0.07351658,-0.027519746,-0.06478561,0.0019040366,0.25747538,0.25750646,0.0008396433,0.00011764153,-0.000754248,-3.00775e-06,0,0,1
1777227517637000,1777227517479000,1777227517485000,47.3988084,8.5455933,0,0.25,0.25,-0.07028288,-0.0177162,-0.06530347,5.5753393e-05,0.2575023,0.25752956,0.00076732255,4.874993e-05,-0.0007554797,-7.316796e-06,0,0,1
1777227517685000,1777227517531000,1777227517533000,47.398810499999996,8.5455933,0,0.25,0.25,-0.07263751,-0.015897918,-0.06599435,-0.0014471288,0.25747657,0.25750136,0.0008196797,3.9260965e-05,-0.0007615275,-1.032603e-05,0,0,1
1777227517741000,1777227517583000,1777227517589000,47.398812799999995,8.5455933,0,0.25,0.25,-0.060184892,-0.013930514,-0.065447085,-0.0026231,0.25750345,0.25752515,0.0005626676,3.014218e-05,-0.0007427943,-1.2192769e-05,0,0,1
1777227517789000,1777227517635000,1777227517637000,47.3988151,8.545593199999999,0,0.25,0.25,-0.08678587,-0.0045951987,-0.06745726,-0.0028088775,0.25747767,0.2574974,0.0011700878,3.2801652e-06,-0.0007830466,-1.1353176e-05,0,0,1
1777227517845000,1777227517687000,1777227517693000,47.3988174,8.5455934,0,0.25,0.25,-0.07543399,-0.017633023,-0.06820869,-0.004205355,0.2575041,0.2575216,0.00088391406,4.8294747e-05,-0.0007925486,-1.4833179e-05,0,0,1
1777227517893000,1777227517739000,1777227517741000,47.398819599999996,8.545593499999999,0,0.25,0.25,-0.09165817,-0.022923399,-0.070417695,-0.005968649,0.25747827,0.2574943,0.001305154,8.163012e-05,-0.0008408375,-2.1125645e-05,0,0,1
1777227517949000,1777227517791000,1777227517797000,47.3988217,8.5455934,0,0.25,0.25,-0.05917913,-0.012706861,-0.06935899,-0.006603408,0.25750464,0.25751904,0.00054401654,2.507998e-05,-0.0008128761,-2.1498154e-05,0,0,1
1777227517997000,1777227517843000,1777227517845000,47.3988239,8.545593499999999,0,0.25,0.25,-0.07670515,-0.018134607,-0.07005102,-0.0076896804,0.25747922,0.25749233,0.00091404346,5.1087187e-05,-0.0008224064,-2.4285528e-05,0,0,1
1777227518053000,1777227517895000,1777227517901000,47.3988261,8.5455934,0,0.25,0.25,-0.05657438,-0.008079546,-0.06878148,-0.0077264067,0.25750598,0.25751784,0.00049717835,1.0139733e-05,-0.00079176895,-2.2952952e-05,0,0,1
1777227518101000,1777227517947000,1777227517949000,47.3988283,8.5455934,0,0.25,0.25,-0.074972644,-0.006104281,-0.069364704,-0.0075735976,0.25748008,0.25749123,0.0008732166,5.7885077e-06,-0.00079944154,-2.1336013e-05,0,0,1
1777227518157000,1777227517999000,1777227518005000,47.3988304,8.545593499999999,0,0.25,0.25,-0.044604037,-0.011463846,-0.06703218,-0.007940071,0.2575064,0.2575169,0.00030904397,2.0413383e-05,-0.0007532447,-2.1249098e-05,0,0,1
1777227518205000,1777227518051000,1777227518053000,47.39883280000001,8.5455936,0,0.25,0.25,-0.08608224,-0.016913556,-0.06882675,-0.008785399,0.25748086,0.2574908,0.0011511772,4.443939e-05,-0.00079073105,-2.3433691e-05,0,0,1
1777227518261000,1777227518103000,1777227518109000,47.3988349,8.5455936,0,0.25,0.25,-0.055804126,-0.0145646725,-0.06759998,-0.009329823,0.25750715,0.25751686,0.00048373034,3.2950025e-05,-0.0007618107,-2.4330158e-05,0,0,1
1777227518309000,1777227518155000,1777227518157000,47.3988369,8.545593499999999,0,0.25,0.25,-0.052618045,-0.004839327,-0.06618864,-0.008906805,0.25748116,0.25749066,0.0004301144,3.6380484e-06,-0.00073056394,-2.2380902e-05,0,0,1
1777227518365000,1777227518207000,1777227518213000,47.3988392,8.545593499999999,0,0.25,0.25,-0.045321107,-0.0026424893,-0.06422286,-0.008316688,0.25750738,0.257517,0.00031905927,1.0846273e-06,-0.000691799,-2.0374731e-05,0,0,1
1777227518413000,1777227518259000,1777227518261000,47.3988413,8.5455934,0,0.25,0.25,-0.05389178,0.0067088287,-0.06324964,-0.006901241,0.25748178,0.25749132,0.00045118906,6.991829e-06,-0.0006691328,-1.7796721e-05,0,0,1
1777227518469000,1777227518311000,1777227518317000,47.3988435,8.545593499999999,0,0.25,0.25,-0.035778318,0.0008530119,-0.060661763,-0.006170768,0.25750798,0.25751787,0.00019884246,1.1302195e-07,-0.0006248301,-1.6109572e-05,0,0,1
1777227518517000,1777227518363000,1777227518365000,47.3988458,8.5455936,0,0.25,0.25,-0.06647894,-0.0050151227,-0.061209757,-0.0060619027,0.25748193,0.25749195,0.00068656454,3.907144e-06,-0.00063064566,-1.4960068e-05,0,0,1
1777227518573000,1777227518415000,1777227518421000,47.398848199999996,8.5455937,0,0.25,0.25,-0.069792576,-0.010556558,-0.062018283,-0.0064853122,0.2575081,0.25751868,0.00075663696,1.7309954e-05,-0.00064251444,-1.5181435e-05,0,0,1
1777227518621000,1777227518467000,1777227518469000,47.3988503,8.5455937,0,0.25,0.25,-0.07700273,-0.008586362,-0.06342986,-0.0066832374,0.25748247,0.2574932,0.00092113763,1.1452825e-05,-0.00066876155,-1.4830189e-05,0,0,1
1777227518677000,1777227518519000,1777227518525000,47.3988525,8.545593799999999,0,0.25,0.25,-0.057399187,-0.0141587695,-0.062861755,-0.007387454,0.2575086,0.25752005,0.0005117758,3.1138665e-05,-0.000653973,-1.6366495e-05,0,0,1
1777227518725000,1777227518571000,1777227518573000,47.39885470000001,8.545593799999999,0,0.25,0.25,-0.07558201,-0.012479257,-0.06406004,-0.0078671165,0.2574825,0.25749418,0.00088746083,2.41919e-05,-0.00067596824,-1.7103672e-05,0,0,1
1777227518781000,1777227518623000,1777227518629000,47.398856900000006,8.545593799999999,0,0.25,0.25,-0.055225182,-0.010811105,-0.06322777,-0.0081444485,0.2575086,0.2575211,0.00047374272,1.815463e-05,-0.00065691804,-1.7202676e-05,0,0,1
1777227518829000,1777227518675000,1777227518677000,47.3988591,8.545593799999999,0,0.25,0.25,-0.072937295,-0.009329367,-0.064142436,-0.008256071,0.25748292,0.25749567,0.0008264392,1.3520553e-05,-0.0006728874,-1.6855809e-05,0,0,1
1777227518885000,1777227518727000,1777227518733000,47.3988613,8.545594,0,0.25,0.25,-0.052005656,-0.022873368,-0.062999114,-0.009633063,0.257509,0.2575226,0.0004201155,8.126524e-05,-0.0006490756,-2.2923365e-05,0,0,1
1777227518933000,1777227518779000,1777227518781000,47.3988635,8.545593799999999,0,0.25,0.25,-0.06910038,-0.006362833,-0.063573875,-0.009324999,0.25748286,0.2574967,0.0007417756,6.289112e-06,-0.0006578082,-2.1356369e-05,0,0,1
1777227518989000,1777227518831000,1777227518837000,47.398865699999995,8.545593799999999,0,0.25,0.25,-0.047150157,-0.0053308215,-0.062026713,-0.008948736,0.2575089,0.25752363,0.00034532978,4.4139883e-06,-0.00062837184,-1.9760348e-05,0,0,1
1777227519037000,1777227518883000,1777227518885000,47.3988678,8.545594,0,0.25,0.25,-0.05241774,-0.019418946,-0.06112152,-0.0099350605,0.25748277,0.25749767,0.00042684327,5.8578462e-05,-0.00060938724,-2.3417128e-05,0,0,1
1777227519093000,1777227518935000,1777227518941000,47.398869999999995,8.545594,0,0.25,0.25,-0.029738858,-0.018055685,-0.05816518,-0.010700047,0.25750923,0.25752506,0.00013737754,5.0637052e-05,-0.0005649226,-2.5981324e-05,0,0,1
1777227519141000,1777227518987000,1777227518989000,47.398872399999995,8.545594099999999,0,0.25,0.25,-0.06785255,-0.024330087,-0.05907776,-0.011984036,0.25748307,0.25749904,0.00071522663,9.195422e-05,-0.00057908165,-3.2196163e-05,0,0,1
1777227519197000,1777227519039000,1777227519045000,47.3988747,8.5455939,0,0.25,0.25,-0.0546923,-0.0077740774,-0.058664635,-0.011587446,0.25750905,0.25752586,0.00046464344,9.387217e-06,-0.00056830124,-3.0047495e-05,0,0,1
1777227519245000,1777227519091000,1777227519093000,47.3988769,8.5455939,0,0.25,0.25,-0.06881196,-0.0071920324,-0.05962054,-0.011173385,0.2574829,0.25749978,0.00073559623,8.035009e-06,-0.0005840609,-2.7973854e-05,0,0,1
1777227519301000,1777227519143000,1777227519149000,47.398879199999996,8.5455939,0,0.25,0.25,-0.05444558,-0.0066938763,-0.059133045,-0.010751402,0.25750932,0.25752705,0.00046046037,6.959732e-06,-0.0005724174,-2.5994263e-05,0,0,1
1777227519349000,1777227519195000,1777227519197000,47.3988814,8.5455939,0,0.25,0.25,-0.06722817,-0.0062809135,-0.05989563,-0.010330269,0.25748312,0.2575009,0.0007021239,6.128115e-06,-0.0005846361,-2.4122814e-05,0,0,1
1777227519405000,1777227519247000,1777227519253000,47.3988836,8.5455939,0,0.25,0.25,-0.04024916,-0.005851075,-0.058044877,-0.009908316,0.2575091,0.25752756,0.0002516408,5.3175013e-06,-0.00055326696,-2.2351298e-05,0,0,1
1777227519453000,1777227519299000,1777227519301000,47.398885899999996,8.545594099999999,0,0.25,0.25,-0.063568994,-0.020926265,-0.058565266,-0.010946238,0.25748292,0.25750133,0.0006277725,6.802428e-05,-0.0005602856,-2.6653826e-05,0,0,1
1777227519509000,1777227519351000,1777227519357000,47.3988881,8.545594099999999,0,0.25,0.25,-0.035529476,-0.020515384,-0.05639523,-0.0118476795,0.2575093,0.25752842,0.00019608514,6.5372355e-05,-0.0005259768,-3.0301224e-05,0,0,1
1777227519557000,1777227519403000,1777227519405000,47.3988903,8.545594099999999,0,0.25,0.25,-0.046537556,-0.02008889,-0.055466607,-0.012624025,0.2574831,0.2575021,0.00033644834,6.268897e-05,-0.00050812267,-3.3352244e-05,0,0,1
1777227519613000,1777227519455000,1777227519461000,47.398892499999995,8.5455943,0,0.25,0.25,-0.017540442,-0.035023108,-0.051893853,-0.014734084,0.25750902,0.2575286,4.7791273e-05,0.00019052144,-0.0004647581,-4.815804e-05,0,0,1
1777227519661000,1777227519507000,1777227519509000,47.3988948,8.5455943,0,0.25,0.25,-0.039303597,-0.03422162,-0.050707813,-0.016569866,0.25748283,0.25750226,0.0002399807,0.00018191985,-0.0004435834,-6.075879e-05,0,0,1
1777227519717000,1777227519559000,1777227519565000,47.398897,8.5455943,0,0.25,0.25,-0.009446201,-0.033621088,-0.04682085,-0.01817614,0.25750872,0.25752866,1.3860613e-05,0.00017557308,-0.00040310228,-7.157463e-05,0,0,1
1777227519765000,1777227519611000,1777227519613000,47.3988994,8.5455943,0,0.25,0.25,-0.041705657,-0.032896217,-0.046338983,-0.019562814,0.25748295,0.25750276,0.00027021,0.00016810089,-0.00039058345,-8.066768e-05,0,0,1
1777227519821000,1777227519663000,1777227519669000,47.3989018,8.545594,0,0.25,0.25,-0.033133924,-0.0100388285,-0.045095026,-0.018665627,0.25750884,0.25752908,0.00017053502,1.5653079e-05,-0.00036985424,-7.454312e-05,0,0,1
1777227519869000,1777227519715000,1777227519717000,47.3989042,8.5455939,0,0.25,0.25,-0.06405673,-0.0028796264,-0.046881273,-0.01717854,0.25748265,0.25750265,0.0006374433,1.2881029e-06,-0.0003950619,-6.764228e-05,0,0,1
1777227519925000,1777227519767000,1777227519773000,47.3989063,8.545594,0,0.25,0.25,-0.020709997,-0.01111319,-0.04441586,-0.016607165,0.25750855,0.2575289,6.6623645e-05,1.9182778e-05,-0.00036412207,-6.3077256e-05,0,0,1
1777227519973000,1777227519819000,1777227519821000,47.3989085,8.545594099999999,0,0.25,0.25,-0.028904593,-0.018969154,-0.042954654,-0.016829671,0.25748274,0.2575029,0.0001297913,5.5895103e-05,-0.00034204742,-6.240068e-05,0,0,1
1777227520029000,1777227519871000,1777227519877000,47.398910799999996,8.5455939,0,0.25,0.25,-0.007936361,-0.0046753734,-0.039655827,-0.015684702,0.25750867,0.2575291,9.783878e-06,3.3952074e-06,-0.00031074724,-5.6842193e-05,0,0,1
1777227520077000,1777227519923000,1777227519925000,47.398913099999994,8.545593799999999,0,0.25,0.25,-0.026826762,0.0019898557,-0.03844729,-0.014019707,0.25748244,0.2575026,0.000111801826,6.1506574e-07,-0.000292006,-5.1429553e-05,0,0,1
1777227520133000,1777227519975000,1777227519981000,47.3989155,8.5455937,0,0.25,0.25,-0.016498921,0.008147553,-0.03637969,-0.011931486,0.25750834,0.25752872,4.2284366e-05,1.0310712e-05,-0.0002684815,-4.561344e-05,0,0,1
1777227520181000,1777227520027000,1777227520029000,47.3989177,8.545593799999999,0,0.25,0.25,-0.023523644,-0.0006856287,-0.035168614,-0.010872094,0.25748256,0.25750268,8.596493e-05,7.302242e-08,-0.00025128791,-4.13234e-05,0,0,1
1777227520237000,1777227520079000,1777227520085000,47.3989201,8.5455937,0,0.25,0.25,-0.012739668,0.005660893,-0.03305574,-0.009314639,0.25750846,0.25752878,2.5210687e-05,4.9774176e-06,-0.00022999078,-3.696173e-05,0,0,1
1777227520285000,1777227520131000,1777227520133000,47.3989225,8.5455936,0,0.25,0.25,-0.0417627,0.011676575,-0.03387596,-0.007337205,0.25748223,0.2575022,0.00027095043,2.1179223e-05,-0.00023384929,-3.1484684e-05,0,0,1
1777227520341000,1777227520183000,1777227520189000,47.3989248,8.545593799999999,0,0.25,0.25,-0.018818967,-0.005413915,-0.03245755,-0.0071560256,0.25750813,0.25752825,5.5012402e-05,4.5525844e-06,-0.00021700234,-2.8947601e-05,0,0,1
1777227520389000,1777227520235000,1777227520237000,47.398927199999996,8.5455937,0,0.25,0.25,-0.047265206,0.0008137913,-0.033852473,-0.0064052455,0.25748235,0.25750217,0.00034705285,1.028739e-07,-0.00022925348,-2.6210962e-05,0,0,1
1777227520445000,1777227520287000,1777227520293000,47.3989297,8.5455939,0,0.25,0.25,-0.046041757,-0.015956387,-0.035000738,-0.0073049907,0.25750825,0.2575282,0.0003292855,3.954616e-05,-0.00023867679,-2.7467177e-05,0,0,1
1777227520493000,1777227520339000,1777227520341000,47.3989319,8.5455937,0,0.25,0.25,-0.050924193,-0.0018789335,-0.036500774,-0.0067938403,0.25748202,0.25750157,0.00040286675,5.4840694e-07,-0.00025414396,-2.493135e-05,0,0,1
1777227520549000,1777227520391000,1777227520397000,47.3989343,8.5455937,0,0.25,0.25,-0.038041938,-0.0035913826,-0.036645956,-0.0064921593,0.25750792,0.25752756,0.00022479915,2.0033629e-06,-0.0002513796,-2.2771468e-05,0,0,1
1777227520597000,1777227520443000,1777227520445000,47.3989366,8.5455937,0,0.25,0.25,-0.05428734,-0.005362684,-0.038307827,-0.0063857595,0.25748214,0.25750145,0.00045783605,4.4672956e-06,-0.0002708284,-2.1047163e-05,0,0,1
1777227520653000,1777227520495000,1777227520501000,47.3989389,8.5455936,0,0.25,0.25,-0.029992932,0.00020622081,-0.03752454,-0.005764776,0.25750804,0.2575274,0.0001397356,6.6054358e-09,-0.0002584791,-1.9063837e-05,0,0,1
1777227520701000,1777227520547000,1777227520549000,47.3989413,8.5455936,0,0.25,0.25,-0.05760383,-0.0016986222,-0.039416067,-0.0053817322,0.25748184,0.2575008,0.00051548507,4.4820328e-07,-0.0002826898,-1.7310189e-05,0,0,1
1777227520757000,1777227520599000,1777227520605000,47.398943599999996,8.545593499999999,0,0.25,0.25,-0.032800402,0.0037391686,-0.038792852,-0.004522517,0.25750774,0.25752673,0.00016711986,2.1716398e-06,-0.0002718028,-1.5474943e-05,0,0,1
1777227520805000,1777227520651000,1777227520653000,47.3989459,8.5455934,0,0.25,0.25,-0.04870708,0.009338468,-0.0397268,-0.0032167719,0.25748155,0.2575001,0.0003685514,1.3546712e-05,-0.0002809168,-1.27410185e-05,0,0,1
1777227520861000,1777227520703000,1777227520709000,47.3989482,8.5455936,0,0.25,0.25,-0.024146995,-0.008239076,-0.038259137,-0.0036898875,0.25750786,0.25752652,9.0572365e-05,1.05437475e-05,-0.00026298582,-1.2534029e-05,0,0,1
1777227520909000,1777227520755000,1777227520757000,47.3989504,8.5455933,0,0.25,0.25,-0.029165106,0.01272783,-0.037402455,-0.0021432908,0.25748166,0.2574999,0.00013214197,2.5164694e-05,-0.00025065994,-8.9827e-06,0,0,1
1777227520965000,1777227520807000,1777227520813000,47.398952799999996,8.5455933,0,0.25,0.25,-0.016270677,0.0102339415,-0.03541178,-0.0009773195,0.2575076,0.2575258,4.112266e-05,1.626766e-05,-0.00023092092,-6.604043e-06,0,0,1
1777227521013000,1777227520859000,1777227520861000,47.3989553,8.545593199999999,0,0.25,0.25,-0.05505076,0.015558621,-0.03726183,0.00058041397,0.2574814,0.2574992,0.0004708047,3.7603335e-05,-0.00025351866,-2.4395795e-06,0,0,1
1777227521069000,1777227520911000,1777227520917000,47.3989578,8.5455933,0,0.25,0.25,-0.05262091,0.005320137,-0.038708698,0.0010269097,0.2575077,0.25752556,0.00043011684,4.396279e-06,-0.00027015473,-1.7956218e-06,0,0,1
1777227521117000,1777227520963000,1777227520965000,47.3989601,8.545593199999999,0,0.25,0.25,-0.06807317,0.010653405,-0.041474916,0.0019337535,0.25748155,0.25749895,0.0007198895,1.7630371e-05,-0.00031252106,3.4363097e-08,0,0,1
1777227521173000,1777227521015000,1777227521021000,47.3989623,8.5455933,0,0.25,0.25,-0.031780634,0.0005418183,-0.040561687,0.0018026291,0.25750744,0.25752482,0.00015689003,4.5598263e-08,-0.00029786016,3.5421483e-08,0,0,1
1777227521221000,1777227521067000,1777227521069000,47.3989647,8.545593199999999,0,0.25,0.25,-0.058923043,0.006256807,-0.04229138,0.0022222255,0.25748128,0.2574982,0.0005393674,6.0812285e-06,-0.00032061082,6.0495404e-07,0,0,1
1777227521277000,1777227521119000,1777227521125000,47.3989669,8.5455931,0,0.25,0.25,-0.02282454,0.0114247175,-0.040457547,0.003089127,0.2575076,0.25752455,8.092339e-05,2.0273666e-05,-0.00029803158,2.457804e-06,0,0,1
1777227521325000,1777227521171000,1777227521173000,47.3989693,8.5455931,0,0.25,0.25,-0.050232485,0.009228909,-0.041378375,0.0036675122,0.2574814,0.25749794,0.00039199763,1.3230827e-05,-0.00030688345,3.472654e-06,0,0,1
1777227521381000,1777227521223000,1777227521229000,47.3989717,8.545593199999999,0,0.25,0.25,-0.036773946,-0.0007423989,-0.040944625,0.0032520858,0.25750732,0.2575238,0.00021006363,8.560857e-08,-0.00029776274,3.1374555e-06,0,0,1
1777227521429000,1777227521275000,1777227521277000,47.398973999999995,8.5455933,0,0.25,0.25,-0.052533478,-0.010096298,-0.04203633,0.0019946294,0.25748116,0.2574972,0.00042873295,1.583477e-05,-0.00031010053,1.3502167e-06,0,0,1
1777227521485000,1777227521327000,1777227521333000,47.398976399999995,8.5455931,0,0.25,0.25,-0.038979266,0.0032533663,-0.041748345,0.002113206,0.25750706,0.25752303,0.00023601422,1.6440306e-06,-0.00030312137,1.3778948e-06,0,0,1
1777227521533000,1777227521379000,1777227521381000,47.3989786,8.545593199999999,0,0.25,0.25,-0.04349952,-0.0061408724,-0.041913312,0.0013356479,0.2574813,0.2574969,0.00029395657,5.8579835e-06,-0.00030225803,6.9625406e-07,0,0,1
1777227521589000,1777227521431000,1777227521437000,47.3989809,8.545593,0,0.25,0.25,-0.018943947,0.007261425,-0.039749533,0.0018938733,0.25750723,0.25752273,5.5745717e-05,8.190079e-06,-0.00027903586,1.4021941e-06,0,0,1
1777227521637000,1777227521483000,1777227521485000,47.3989834,8.5455931,0,0.25,0.25,-0.057598133,-0.0018457455,-0.041430924,0.0015415903,0.25748104,0.25749615,0.0005153847,5.292159e-07,-0.0003013006,1.2202497e-06,0,0,1
1777227521693000,1777227521535000,1777227521541000,47.398985499999995,8.5455931,0,0.25,0.25,-0.009958681,-0.0032349182,-0.038466148,0.0010916293,0.25750697,0.25752196,1.5405458e-05,1.6254453e-06,-0.00027436845,9.5217695e-07,0,0,1
1777227521741000,1777227521587000,1777227521589000,47.398987899999995,8.545592899999999,0,0.25,0.25,-0.03727493,0.010719607,-0.03835393,0.0019986127,0.25748122,0.25749582,0.00021584805,1.7850381e-05,-0.00026885566,2.5440368e-06,0,0,1
1777227521797000,1777227521639000,1777227521645000,47.3989903,8.5455928,0,0.25,0.25,-0.023683023,0.017108273,-0.03697189,0.0034219865,0.25750712,0.25752163,8.712545e-05,4.5463057e-05,-0.00025173614,6.587133e-06,0,0,1
1777227521845000,1777227521691000,1777227521693000,47.3989927,8.545593,0,0.25,0.25,-0.05063776,0.00068944664,-0.038259253,0.0031645733,0.25748095,0.25749508,0.00039834913,7.384011e-08,-0.0002655475,5.973562e-06,0,0,1
1777227521901000,1777227521743000,1777227521749000,47.398995,8.545593,0,0.25,0.25,-0.025491666,-0.00027534825,-0.03705651,0.0028405227,0.25750685,0.25752088,0.00010094101,1.17763905e-08,-0.0002500411,5.409726e-06,0,0,1
1777227521949000,1777227521795000,1777227521797000,47.3989973,8.545593,0,0.25,0.25,-0.041250765,-0.0010878248,-0.03745162,0.002470461,0.2574811,0.25749478,0.0002643496,1.8382707e-07,-0.00025138902,4.882797e-06,0,0,1
1777227522005000,1777227521847000,1777227521853000,47.398999599999996,8.5455931,0,0.25,0.25,-0.016400341,-0.009067994,-0.03546853,0.0013835051,0.25750703,0.2575206,4.178079e-05,1.277234e-05,-0.00023164332,3.2196317e-06,0,0,1
1777227522053000,1777227521899000,1777227521901000,47.399001899999995,8.5455928,0,0.25,0.25,-0.03250577,0.013442062,-0.035189427,0.0025194562,0.25748086,0.25749403,0.00016414814,2.806885e-05,-0.00022528508,5.5605005e-06,0,0,1
1777227522109000,1777227521951000,1777227521957000,47.3990042,8.5455928,0,0.25,0.25,-0.007865724,0.012644982,-0.032615457,0.00347331,0.25750676,0.25751984,9.610561e-06,2.4836234e-05,-0.00020496792,7.3763304e-06,0,0,1
1777227522157000,1777227522003000,1777227522005000,47.3990066,8.545592899999999,0,0.25,0.25,-0.03530894,0.0043443977,-0.03286919,0.003555369,0.257481,0.25749373,0.0001936797,2.9319222e-06,-0.00020390454,6.957654e-06,0,0,1
1777227522213000,1777227522055000,1777227522061000,47.3990089,8.545592899999999,0,0.25,0.25,-0.010788893,0.0037868563,-0.030789161,0.0035771758,0.25750694,0.25751954,1.80811e-05,2.2274473e-06,-0.00018639943,6.512055e-06,0,0,1
1777227522261000,1777227522107000,1777227522109000,47.3990113,8.545592899999999,0,0.25,0.25,-0.038149375,0.0033264342,-0.031482514,0.003553555,0.25748077,0.25749302,0.00022609453,1.7189071e-06,-0.00019013882,6.060526e-06,0,0,1
1777227522317000,1777227522159000,1777227522165000,47.3990137,8.545592899999999,0,0.25,0.25,-0.024956001,0.0028298101,-0.030867698,0.0034853762,0.2575067,0.25751883,9.6743424e-05,1.243843e-06,-0.0001813407,5.6067806e-06,0,0,1
1777227522365000,1777227522211000,1777227522213000,47.399015999999996,8.545593,0,0.25,0.25,-0.0410881,-0.0047780843,-0.03183049,0.0027069342,0.25748095,0.25749275,0.00026226902,3.5465216e-06,-0.00018896439,4.744513e-06,0,0,1
1777227522421000,1777227522263000,1777227522269000,47.399018399999996,8.545592899999999,0,0.25,0.25,-0.027838558,0.0029584926,-0.031454436,0.0027306317,0.25750688,0.25751856,0.00012038284,1.3595414e-06,-0.0001825038,4.4256385e-06,0,0,1
1777227522469000,1777227522315000,1777227522317000,47.399020799999995,8.545592899999999,0,0.25,0.25,-0.055073395,0.0028604046,-0.03367941,0.0027428567,0.25748068,0.25749207,0.00047119326,1.2710161e-06,-0.0002096992,4.128464e-06,0,0,1
1777227522525000,1777227522367000,1777227522373000,47.3990231,8.545592899999999,0,0.25,0.25,-0.030312823,0.0028280707,-0.03336227,0.002750884,0.2575066,0.25751787,0.000142733,1.242319e-06,-0.00020339078,3.8565804e-06,0,0,1
1777227522573000,1777227522419000,1777227522421000,47.3990255,8.5455928,0,0.25,0.25,-0.05754994,0.010317989,-0.035640817,0.0034637274,0.25748044,0.2574914,0.00051452377,1.6538164e-05,-0.0002327004,5.0512226e-06,0,0,1
1777227522629000,1777227522471000,1777227522477000,47.3990277,8.5455928,0,0.25,0.25,-0.021606406,0.010139283,-0.034318734,0.0040925844,0.2575068,0.25751764,7.251642e-05,1.5968622e-05,-0.0002176106,6.0796733e-06,0,0,1
1777227522677000,1777227522523000,1777227522525000,47.399029899999995,8.5455928,0,0.25,0.25,-0.026758568,0.009946759,-0.033606544,0.0046440647,0.25748062,0.25749117,0.000111234935,1.5369538e-05,-0.0002075897,6.9548055e-06,0,0,1
1777227522733000,1777227522575000,1777227522581000,47.3990322,8.545592899999999,0,0.25,0.25,-0.0034212538,0.0022834213,-0.030763002,0.0044216854,0.25750655,0.25751698,1.8182028e-06,8.0989037e-07,-0.00018820543,6.3759367e-06,0,0,1
1777227522781000,1777227522627000,1777227522629000,47.3990346,8.545592899999999,0,0.25,0.25,-0.031796277,0.002292727,-0.03086034,0.004221131,0.2574808,0.25749093,0.00015706076,8.1658743e-07,-0.00018527152,5.85223e-06,0,0,1
1777227522837000,1777227522679000,1777227522685000,47.3990371,8.5455928,0,0.25,0.25,-0.03056966,0.009923006,-0.030832957,0.0047582644,0.25750715,0.25751716,0.00014516166,1.529468e-05,-0.00018149306,6.7417363e-06,0,0,1
1777227522885000,1777227522731000,1777227522733000,47.3990395,8.5455927,0,0.25,0.25,-0.05809707,0.0173928,-0.033401318,0.005948474,0.25748098,0.25749072,0.00052435236,4.6993453e-05,-0.0002137914,1.0533565e-05,0,0,1
1777227522941000,1777227522783000,1777227522789000,47.3990417,8.545592599999999,0,0.25,0.25,-0.022671003,0.024638569,-0.03239049,0.0077091353,0.2575069,0.2575166,7.983854e-05,9.4294366e-05,-0.00020117265,1.8424076e-05,0,0,1
1777227522989000,1777227522835000,1777227522837000,47.3990442,8.545592599999999,0,0.25,0.25,-0.061818957,0.024138521,-0.035162736,0.009256831,0.25748074,0.25749016,0.00059368846,9.051503e-05,-0.00023814877,2.5215253e-05,0,0,1
1777227523045000,1777227522887000,1777227522893000,47.399046399999996,8.545592599999999,0,0.25,0.25,-0.02621996,0.023644587,-0.0343203,0.0106122,0.2575071,0.25751638,0.00010679105,8.6839755e-05,-0.00022577449,3.102046e-05,0,0,1
1777227523093000,1777227522939000,1777227522941000,47.399048699999994,8.5455928,0,0.25,0.25,-0.042843178,0.007965939,-0.035123177,0.010362915,0.25748095,0.25748998,0.0002851532,9.857655e-06,-0.00023136813,2.9026862e-05,0,0,1
1777227523149000,1777227522991000,1777227522997000,47.3990509,8.5455928,0,0.25,0.25,-0.007845413,0.008040145,-0.03255353,0.010144103,0.25750688,0.25751585,9.560988e-06,1.0041157e-05,-0.00021047326,2.7238353e-05,0,0,1
1777227523197000,1777227523043000,1777227523045000,47.399053200000004,8.545592899999999,0,0.25,0.25,-0.024983738,0.00043506292,-0.031840436,0.009229483,0.2574807,0.25748944,9.6968375e-05,2.9403886e-08,-0.00019978077,2.4675192e-05,0,0,1
1777227523253000,1777227523095000,1777227523101000,47.3990556,8.5455928,0,0.25,0.25,-0.012979035,0.008297614,-0.030063637,0.0091416985,0.25750667,0.2575153,2.6167145e-05,1.0694571e-05,-0.00018342586,2.3358176e-05,0,0,1
1777227523301000,1777227523147000,1777227523149000,47.399057899999995,8.545592899999999,0,0.25,0.25,-0.029919084,0.0006816338,-0.030050019,0.008344736,0.25748092,0.2574893,0.00013906298,7.2177706e-08,-0.00017924675,2.1164567e-05,0,0,1
1777227523357000,1777227523199000,1777227523205000,47.399060399999996,8.545592899999999,0,0.25,0.25,-0.028624177,0.00097443804,-0.0299157,0.0076504326,0.25750685,0.25751516,0.00012727328,1.4749104e-07,-0.0001743507,1.9184698e-05,0,0,1
1777227523405000,1777227523251000,1777227523253000,47.399062699999995,8.545592899999999,0,0.25,0.25,-0.045097973,0.0011538306,-0.031345915,0.007038434,0.25748068,0.2574888,0.00031595802,2.0681676e-07,-0.00018769052,1.7396926e-05,0,0,1
1777227523461000,1777227523303000,1777227523309000,47.3990651,8.545592899999999,0,0.25,0.25,-0.03215525,0.0018331058,-0.031422157,0.006548077,0.2575066,0.25751466,0.00016061103,5.219551e-07,-0.00018513955,1.5807254e-05,0,0,1
1777227523509000,1777227523355000,1777227523357000,47.3990674,8.545593,0,0.25,0.25,-0.04848293,-0.0052211857,-0.033029333,0.0054393783,0.2574809,0.25748867,0.00036516797,4.2348706e-06,-0.00020209874,1.3919228e-05,0,0,1
1777227523565000,1777227523407000,1777227523413000,47.3990698,8.545593,0,0.25,0.25,-0.03526179,-0.004487996,-0.033239637,0.0045041908,0.25750682,0.25751457,0.00019314345,3.128694e-06,-0.00020125513,1.2313264e-05,0,0,1
1777227523613000,1777227523459000,1777227523461000,47.3990721,8.545592899999999,0,0.25,0.25,-0.05147871,0.0037663733,-0.03495781,0.004434686,0.25748065,0.25748822,0.00041169036,2.203684e-06,-0.00022107874,1.1360912e-05,0,0,1
1777227523669000,1777227523511000,1777227523517000,47.399074299999995,8.545592899999999,0,0.25,0.25,-0.0155204935,0.0043267193,-0.03312676,0.004424515,0.2575066,0.2575141,3.7418184e-05,2.9078797e-06,-0.00020377738,1.0564612e-05,0,0,1
1777227523717000,1777227523563000,1777227523565000,47.3990765,8.545592899999999,0,0.25,0.25,-0.02073629,0.004786265,-0.03195954,0.004458593,0.25748086,0.25748813,6.680011e-05,3.55874e-06,-0.00019087372,9.904638e-06,0,0,1
1777227523773000,1777227523615000,1777227523621000,47.3990789,8.545593,0,0.25,0.25,-0.007986965,-0.0021980254,-0.029701255,0.0038315204,0.2575068,0.25751403,9.909114e-06,7.504547e-07,-0.00017382632,8.900897e-06,0,0,1
1777227523821000,1777227523667000,1777227523669000,47.3990812,8.545593,0,0.25,0.25,-0.02457484,-0.0013982356,-0.029218333,0.0033388622,0.25748065,0.2574877,9.3820294e-05,3.0371356e-07,-0.00016628952,8.033796e-06,0,0,1
1777227523877000,1777227523719000,1777227523725000,47.399083499999996,8.545592899999999,0,0.25,0.25,-0.00050546415,0.0073344493,-0.026513496,0.003715258,0.25750658,0.2575136,3.9687375e-08,8.355931e-06,-0.0001506283,8.064142e-06,0,0,1
1777227523925000,1777227523771000,1777227523773000,47.399086,8.545593199999999,0,0.25,0.25,-0.03959647,-0.014547484,-0.027745951,0.0019948548,0.25748083,0.25748765,0.00024357234,3.287603e-05,-0.0001593839,4.2074594e-06,0,0,1
1777227523981000,1777227523823000,1777227523829000,47.3990884,8.5455933,0,0.25,0.25,-0.02570991,-0.02058252,-0.02755415,-0.00013199961,0.2575068,0.25751358,0.00010267683,6.58047e-05,-0.00015404193,-2.3878897e-06,0,0,1
1777227524029000,1777227523875000,1777227523877000,47.399090799999996,8.5455933,0,0.25,0.25,-0.05251186,-0.018991536,-0.02990524,-0.0019086227,0.25748062,0.2574873,0.00042838106,5.603048e-05,-0.00017988548,-7.441178e-06,0,0,1
1777227524085000,1777227523927000,1777227523933000,47.399093199999996,8.5455931,0,0.25,0.25,-0.038177717,-0.0021341783,-0.03068453,-0.0019298707,0.25750658,0.25751323,0.0002264079,7.074926e-07,-0.00018426802,-6.8068452e-06,0,0,1
1777227524133000,1777227523979000,1777227523981000,47.39909540000001,8.545593,0,0.25,0.25,-0.042160988,0.006937334,-0.031765647,-0.0010945543,0.25748083,0.25748727,0.00027614465,7.4763466e-06,-0.00019292306,-5.461327e-06,0,0,1
1777227524189000,1777227524031000,1777227524037000,47.3990977,8.5455931,0,0.25,0.25,-0.016896319,0.00092863897,-0.030364914,-0.00090396364,0.2575068,0.25751323,4.4346107e-05,1.3395356e-07,-0.00017892668,-4.934235e-06,0,0,1
1777227524237000,1777227524083000,1777227524085000,47.3991,8.5455931,0,0.25,0.25,-0.032354888,0.0024160566,-0.030552376,-0.0005912081,0.25748062,0.25748697,0.00016262796,9.068155e-07,-0.0001773913,-4.3839914e-06,0,0,1
1777227524293000,1777227524135000,1777227524141000,47.399102299999996,8.545593199999999,0,0.25,0.25,-0.006959675,-0.0034059116,-0.028329875,-0.00085636135,0.25750655,0.2575129,7.5240146e-06,1.8018878e-06,-0.0001613893,-4.1407498e-06,0,0,1
1777227524341000,1777227524187000,1777227524189000,47.3991046,8.545593,0,0.25,0.25,-0.022578642,0.013333074,-0.027788091,0.00048032473,0.2574804,0.25748667,7.9197496e-05,2.761632e-05,-0.00015364659,-1.1491416e-06,0,0,1
1777227524397000,1777227524239000,1777227524245000,47.3991069,8.5455931,0,0.25,0.25,0.002967931,0.007546949,-0.024890784,0.0011460213,0.25750676,0.25751293,1.3682927e-06,8.847159e-06,-0.00013904374,-2.0746103e-07,0,0,1
1777227524445000,1777227524291000,1777227524293000,47.3991093,8.5455931,0,0.25,0.25,-0.02369071,0.00918403,-0.024777733,0.0019032251,0.2574806,0.2574867,8.7191e-05,1.3103031e-05,-0.00013415905,1.046426e-06,0,0,1
1777227524501000,1777227524343000,1777227524349000,47.3991117,8.545593,0,0.25,0.25,-0.009367879,0.018590605,-0.02332608,0.0034752248,0.25750652,0.25751266,1.3631833e-05,5.3684438e-05,-0.00012280504,6.0050797e-06,0,0,1
1777227524549000,1777227524395000,1777227524397000,47.3991141,8.545593199999999,0,0.25,0.25,-0.035620168,0.004832186,-0.024484219,0.0036030544,0.25748038,0.25748643,0.00019710959,3.6273786e-06,-0.00012980474,5.7810935e-06,0,0,1
1777227524605000,1777227524447000,1777227524453000,47.399116500000005,8.545593199999999,0,0.25,0.25,-0.02078059,0.0068282094,-0.024135327,0.0039068735,0.25750673,0.25751272,6.707908e-05,7.242274e-06,-0.0001238958,5.918741e-06,0,0,1
1777227524653000,1777227524499000,1777227524501000,47.3991187,8.5455933,0,0.25,0.25,-0.024328757,0.0010014338,-0.02415355,0.0036331727,0.2574806,0.25748652,9.1950766e-05,1.5579374e-07,-0.00012088649,5.3758545e-06,0,0,1
1777227524709000,1777227524551000,1777227524557000,47.3991211,8.5455933,0,0.25,0.25,-0.009380714,0.003143559,-0.022761906,0.0035870497,0.25750652,0.2575125,1.3669214e-05,1.5349876e-06,-0.00011078631,5.014034e-06,0,0,1
1777227524757000,1777227524603000,1777227524605000,47.399123499999995,8.5455933,0,0.25,0.25,-0.03537056,0.004937931,-0.023949677,0.0037143065,0.25748035,0.25748628,0.0001943568,3.7878774e-06,-0.0001186589,4.898526e-06,0,0,1
1777227524813000,1777227524655000,1777227524661000,47.3991259,8.545593499999999,0,0.25,0.25,-0.020163614,-0.008191631,-0.02359302,0.0025927327,0.2575067,0.2575126,6.315507e-05,1.04232295e-05,-0.00011343028,3.4551722e-06,0,0,1
1777227524861000,1777227524707000,1777227524709000,47.3991283,8.5455936,0,0.25,0.25,-0.045742717,-0.013659668,-0.025679585,0.0010617094,0.25748056,0.2574864,0.00032505696,2.8985847e-05,-0.00013336612,3.991338e-07,0,0,1
1777227524917000,1777227524759000,1777227524765000,47.3991307,8.5455936,0,0.25,0.25,-0.030196818,-0.011202969,-0.02610512,-9.365892e-05,0.2575065,0.25751242,0.0001416427,1.9495215e-05,-0.0001341458,-1.4749717e-06,0,0,1
1777227524965000,1777227524811000,1777227524813000,47.399133199999994,8.545593499999999,0,0.25,0.25,-0.066742085,-0.0014908827,-0.02993324,-0.00022528146,0.25748035,0.25748622,0.00069201493,3.4529708e-07,-0.00018669869,-1.3685531e-06,0,0,1
1777227525021000,1777227524863000,1777227524869000,47.3991356,8.545593499999999,0,0.25,0.25,-0.050653066,0.0004780963,-0.03188511,-0.00015902123,0.25750628,0.25751224,0.00039855076,3.5505277e-08,-0.00020665576,-1.2362867e-06,0,0,1
1777227525069000,1777227524915000,1777227524917000,47.3991377,8.5455936,0,0.25,0.25,-0.0419884,-0.005369692,-0.03283687,-0.00064988155,0.25748053,0.25748634,0.00027388879,4.4792423e-06,-0.00021298931,-1.5417826e-06,0,0,1
1777227525125000,1777227524967000,1777227524973000,47.3991401,8.5455936,0,0.25,0.25,-0.026887551,-0.0033533666,-0.032276426,-0.0009045577,0.25750646,0.25751236,0.0001122986,1.7467229e-06,-0.00020350395,-1.5610885e-06,0,0,1
1777227525173000,1777227525019000,1777227525021000,47.3991424,8.545593799999999,0,0.25,0.25,-0.041402593,-0.016633412,-0.033136137,-0.0023862615,0.25748032,0.25748616,0.00026629993,4.298023e-05,-0.00020941951,-5.462892e-06,0,0,1
1777227525229000,1777227525071000,1777227525077000,47.399144799999995,8.5455939,0,0.25,0.25,-0.026385123,-0.022338832,-0.03250017,-0.004265852,0.25750622,0.25751218,0.00010814103,7.751453e-05,-0.00019987878,-1.2250366e-05,0,0,1
1777227525277000,1777227525123000,1777227525125000,47.399147199999994,8.5455939,0,0.25,0.25,-0.052407064,-0.020464174,-0.03437546,-0.0057917805,0.2574805,0.2574863,0.00042667313,6.5057044e-05,-0.00022124346,-1.722491e-05,0,0,1
1777227525333000,1777227525175000,1777227525181000,47.3991496,8.545593799999999,0,0.25,0.25,-0.037531372,-0.0110195875,-0.034672756,-0.006284255,0.25750643,0.25751233,0.00021880679,1.8862213e-05,-0.00022101392,-1.7379149e-05,0,0,1
1777227525381000,1777227525227000,1777227525229000,47.3991519,8.5455937,0,0.25,0.25,-0.052112896,-0.0023117764,-0.03631567,-0.005910036,0.25748026,0.25748616,0.000421897,8.3022866e-07,-0.0002399377,-1.5820193e-05,0,0,1
1777227525437000,1777227525279000,1777227525285000,47.3991542,8.5455936,0,0.25,0.25,-0.026004314,0.0062310616,-0.03534431,-0.0047663096,0.2575062,0.25751218,0.00010504203,6.030958e-06,-0.00022723014,-1.3761751e-05,0,0,1
1777227525485000,1777227525331000,1777227525333000,47.3991565,8.5455936,0,0.25,0.25,-0.0408952,0.006874784,-0.03586722,-0.0036696848,0.25748047,0.2574863,0.00025981272,7.3421616e-06,-0.00023029951,-1.1773701e-05,0,0,1
1777227525541000,1777227525383000,1777227525389000,47.39915870000001,8.5455937,0,0.25,0.25,-0.0043648886,2.3728682e-05,-0.03289961,-0.0033217545,0.2575064,0.25751233,2.9594996e-06,8.745995e-11,-0.00020888343,-1.0664576e-05,0,0,1
1777227525589000,1777227525435000,1777227525437000,47.399161199999995,8.5455936,0,0.25,0.25,-0.042529736,0.008351921,-0.033806797,-0.0022220602,0.25748023,0.25748616,0.00028099684,1.0836246e-05,-0.00021567673,-8.639136e-06,0,0,1
1777227525645000,1777227525487000,1777227525493000,47.3991636,8.5455936,0,0.25,0.25,-0.028245028,0.00859725,-0.03328286,-0.0012028498,0.25750616,0.2575122,0.00012392428,1.1481041e-05,-0.00020703339,-6.7437563e-06,0,0,1
1777227525693000,1777227525539000,1777227525541000,47.3991659,8.545593499999999,0,0.25,0.25,-0.043460324,0.016325366,-0.03424161,0.00044835906,0.25748044,0.25748634,0.00029342808,4.1402982e-05,-0.00021517201,-2.2081936e-06,0,0,1
1777227525749000,1777227525591000,1777227525597000,47.3991682,8.545593799999999,0,0.25,0.25,-0.018075423,-0.006369824,-0.032718707,-0.0001939336,0.25750637,0.2575124,5.075151e-05,6.302556e-06,-0.00019968313,-2.5938944e-06,0,0,1
1777227525797000,1777227525643000,1777227525645000,47.3991707,8.545593799999999,0,0.25,0.25,-0.055894718,-0.00579555,-0.034901954,-0.00072162214,0.25748023,0.25748625,0.00048535288,5.2178943e-06,-0.00022659404,-2.8410827e-06,0,0,1
1777227525853000,1777227525695000,1777227525701000,47.399173,8.545593799999999,0,0.25,0.25,-0.030040001,-0.005242825,-0.034443945,-0.0011475326,0.25750616,0.2575123,0.00014017554,4.2696547e-06,-0.00021845316,-2.9756584e-06,0,0,1
1777227525901000,1777227525747000,1777227525749000,47.399175199999995,8.5455937,0,0.25,0.25,-0.034021135,0.0028267421,-0.034404114,-0.00077314436,0.25748044,0.2574864,0.0001798098,1.2413038e-06,-0.00021481284,-2.5784084e-06,0,0,1
1777227525957000,1777227525799000,1777227525805000,47.3991774,8.5455937,0,0.25,0.25,0.002313997,0.0031211837,-0.030945161,-0.00040628735,0.25750637,0.25751248,8.317591e-07,1.5132141e-06,-0.0001944985,-2.1929657e-06,0,0,1
1777227526005000,1777227525851000,1777227525853000,47.3991798,8.5455937,0,0.25,0.25,-0.025027895,0.0030501653,-0.030387737,-8.0679456e-05,0.25748023,0.25748634,9.731163e-05,1.4452818e-06,-0.00018534322,-1.8502321e-06,0,0,1
1777227526061000,1777227525903000,1777227525909000,47.3991821,8.5455936,0,0.25,0.25,-0.00018426283,0.010441532,-0.027542481,0.0009105435,0.25750616,0.2575124,5.2740936e-09,1.69352e-05,-0.00016788385,-8.058976e-08,0,0,1
1777227526109000,1777227525955000,1777227525957000,47.3991845,8.5455939,0,0.25,0.25,-0.027423954,-0.01264601,-0.027531315,-0.00036652328,0.25748003,0.25748625,0.000116835974,2.4843514e-05,-0.00016307499,-2.4133292e-06,0,0,1
1777227526165000,1777227526007000,1777227526013000,47.399187,8.545594,0,0.25,0.25,-0.02485134,-0.01990707,-0.027278854,-0.0022072997,0.2575064,0.2575126,9.593379e-05,6.155683e-05,-0.00015675009,-7.984819e-06,0,0,1
1777227526213000,1777227526059000,1777227526061000,47.399189299999996,8.5455939,0,0.25,0.25,-0.04020628,-0.0118448045,-0.028496655,-0.0031151806,0.25748026,0.25748646,0.00025113302,2.1795227e-05,-0.00016564124,-9.285799e-06,0,0,1
1777227526269000,1777227526111000,1777227526117000,47.3991918,8.545593799999999,0,0.25,0.25,-0.037340567,-0.004033484,-0.029329777,-0.0032016875,0.2575062,0.2575125,0.00021658787,2.5270995e-06,-0.00017044056,-8.64911e-06,0,0,1
1777227526317000,1777227526163000,1777227526165000,47.399194,8.5455939,0,0.25,0.25,-0.041218445,-0.011576986,-0.030449724,-0.003990665,0.25748006,0.25748637,0.00026393658,2.0820768e-05,-0.00017924816,-9.795715e-06,0,0,1
1777227526373000,1777227526215000,1777227526221000,47.3991964,8.5455939,0,0.25,0.25,-0.027160043,-0.01142155,-0.030139826,-0.004690676,0.25750643,0.25751272,0.000114586335,2.0263358e-05,-0.00017315683,-1.0781798e-05,0,0,1
1777227526421000,1777227526267000,1777227526269000,47.3991987,8.545593799999999,0,0.25,0.25,-0.042574443,-0.0037309597,-0.031311203,-0.004600268,0.2574803,0.25748658,0.00028158785,2.1624521e-06,-0.00018337135,-9.96983e-06,0,0,1
1777227526477000,1777227526319000,1777227526325000,47.3992011,8.545593799999999,0,0.25,0.25,-0.028492955,-0.0038873847,-0.031045716,-0.004533112,0.25750625,0.25751266,0.00012610933,2.3473424e-06,-0.0001779771,-9.251769e-06,0,0,1
1777227526525000,1777227526371000,1777227526373000,47.3992034,8.5455937,0,0.25,0.25,-0.04391178,0.003530792,-0.032257736,-0.0037734688,0.2574801,0.25748652,0.00029955627,1.936644e-06,-0.00018943021,-8.197789e-06,0,0,1
1777227526581000,1777227526423000,1777227526429000,47.3992058,8.545593799999999,0,0.25,0.25,-0.029823888,-0.0044260668,-0.03202846,-0.0038349454,0.2575065,0.25751287,0.00013816573,3.042965e-06,-0.00018460095,-7.7121895e-06,0,0,1
1777227526629000,1777227526475000,1777227526477000,47.3992082,8.5455939,0,0.25,0.25,-0.056261268,-0.01232134,-0.03431126,-0.0046343883,0.25748035,0.25748673,0.0004917393,2.3584193e-05,-0.00021353428,-9.207379e-06,0,0,1
1777227526685000,1777227526527000,1777227526533000,47.399210499999995,8.5455939,0,0.25,0.25,-0.030626966,-0.012552452,-0.03396419,-0.005380293,0.25750628,0.25751284,0.0001457069,2.4474752e-05,-0.00020714474,-1.064561e-05,0,0,1
1777227526733000,1777227526579000,1777227526581000,47.3992128,8.5455939,0,0.25,0.25,-0.045839462,-0.012722479,-0.035082877,-0.006071948,0.25748014,0.2574867,0.00032643392,2.514483e-05,-0.00021838212,-1.2011478e-05,0,0,1
1777227526789000,1777227526631000,1777227526637000,47.3992151,8.5455939,0,0.25,0.25,-0.020507297,-0.01292547,-0.033709813,-0.0067175697,0.2575061,0.25751278,6.532649e-05,2.5950987e-05,-0.00020396383,-1.332462e-05,0,0,1
1777227526837000,1777227526683000,1777227526685000,47.3992174,8.545593799999999,0,0.25,0.25,-0.036011707,-0.0055501303,-0.03392666,-0.0066075935,0.25748038,0.25748688,0.00020146668,4.7853227e-06,-0.00020372859,-1.2520194e-05,0,0,1
1777227526893000,1777227526735000,1777227526741000,47.3992199,8.545593799999999,0,0.25,0.25,-0.033248954,-0.0060230964,-0.033862818,-0.0065525323,0.25750634,0.257513,0.00017172283,5.6350855e-06,-0.00020071355,-1.1871597e-05,0,0,1
1777227526941000,1777227526787000,1777227526789000,47.3992223,8.5455939,0,0.25,0.25,-0.05958775,-0.01394035,-0.036286183,-0.0072484864,0.25748017,0.25748685,0.00055160746,3.0189247e-05,-0.00023376878,-1.3597173e-05,0,0,1
1777227526997000,1777227526839000,1777227526845000,47.3992246,8.545593799999999,0,0.25,0.25,-0.033887226,-0.0066236127,-0.036060195,-0.0071896217,0.25750613,0.25751293,0.0001783793,6.8147638e-06,-0.00022855093,-1.295825e-05,0,0,1
1777227527045000,1777227526891000,1777227526893000,47.399226899999995,8.545593799999999,0,0.25,0.25,-0.04904524,-0.006996322,-0.037283424,-0.0071714125,0.2574804,0.25748706,0.00037368832,7.6040355e-06,-0.0002422233,-1.2453867e-05,0,0,1
1777227527101000,1777227526943000,1777227526949000,47.399229299999995,8.5455939,0,0.25,0.25,-0.034798495,-0.015061294,-0.03704934,-0.007914662,0.25750637,0.25751314,0.0001881018,3.5235884e-05,-0.00023712488,-1.4599999e-05,0,0,1
1777227527149000,1777227526995000,1777227526997000,47.3992315,8.545593799999999,0,0.25,0.25,-0.038805436,-0.007994619,-0.037214767,-0.007922195,0.25748023,0.257487,0.00023393825,9.928879e-06,-0.0002368247,-1.4159967e-05,0,0,1
1777227527205000,1777227527047000,1777227527053000,47.399234,8.5455939,0,0.25,0.25,-0.036146767,-0.016487066,-0.03711416,-0.00872903,0.25750616,0.25751308,0.0002029604,4.222284e-05,-0.00023363458,-1.6803571e-05,0,0,1
1777227527253000,1777227527099000,1777227527101000,47.3992363,8.5455937,0,0.25,0.25,-0.051302314,-0.0018640036,-0.038450725,-0.008082325,0.25748047,0.2574872,0.0004088741,5.3975646e-07,-0.00025014265,-1.5271473e-05,0,0,1
1777227527309000,1777227527151000,1777227527157000,47.3992388,8.5455939,0,0.25,0.25,-0.048314564,-0.01802694,-0.03937993,-0.009019136,0.2575064,0.25751328,0.00036260026,5.0478266e-05,-0.00026073647,-1.8588054e-05,0,0,1
1777227527357000,1777227527203000,1777227527205000,47.3992412,8.545593799999999,0,0.25,0.25,-0.07459818,-0.010922431,-0.04269759,-0.009198432,0.25748026,0.25748715,0.0008645149,1.8532886e-05,-0.00031761415,-1.8582858e-05,0,0,1
1777227527413000,1777227527255000,1777227527261000,47.3992436,8.545593799999999,0,0.25,0.25,-0.060136836,-0.011777846,-0.044340417,-0.00944142,0.25750622,0.25751323,0.00056176336,2.1547268e-05,-0.0003406137,-1.8862114e-05,0,0,1
1777227527461000,1777227527307000,1777227527309000,47.3992459,8.5455937,0,0.25,0.25,-0.07500582,-0.0048544663,-0.047229186,-0.009009316,0.2574805,0.25748733,0.00087398826,3.6608935e-06,-0.00039085915,-1.7430115e-05,0,0,1
1777227527517000,1777227527359000,1777227527365000,47.399248199999995,8.5455937,0,0.25,0.25,-0.049433403,-0.006222907,-0.04743683,-0.008746828,0.25750643,0.25751343,0.0003795884,6.0151538e-06,-0.0003897974,-1.6354792e-05,0,0,1
1777227527565000,1777227527411000,1777227527413000,47.3992505,8.545593499999999,0,0.25,0.25,-0.064573,0.007736394,-0.049051106,-0.007194061,0.2574803,0.2574873,0.0006477656,9.297824e-06,-0.00041409876,-1.3938241e-05,0,0,1
1777227527621000,1777227527463000,1777227527469000,47.3992527,8.5455934,0,0.25,0.25,-0.028070955,0.013584186,-0.047074713,-0.00523669,0.25750625,0.25751337,0.00012240144,2.8663384e-05,-0.00038662003,-9.925044e-06,0,0,1
1777227527669000,1777227527515000,1777227527517000,47.3992551,8.5455934,0,0.25,0.25,-0.055031776,0.01184945,-0.04782429,-0.0036271259,0.25748053,0.25748748,0.00047048164,2.181224e-05,-0.00039452003,-6.935299e-06,0,0,1
1777227527725000,1777227527567000,1777227527573000,47.399257399999996,8.5455934,0,0.25,0.25,-0.029990539,0.0100163305,-0.0461443,-0.0023418725,0.2575065,0.25751358,0.00013971413,1.5583935e-05,-0.00037051656,-4.813922e-06,0,0,1
1777227527773000,1777227527619000,1777227527621000,47.399259699999995,8.545593499999999,0,0.25,0.25,-0.045642644,0.0009175188,-0.04609704,-0.0020348285,0.25748035,0.25748742,0.0003236365,1.3077778e-07,-0.0003661003,-4.348117e-06,0,0,1
1777227527829000,1777227527671000,1777227527677000,47.3992619,8.5455934,0,0.25,0.25,-0.009833457,0.006969383,-0.042680904,-0.0011866057,0.25750628,0.25751352,1.5020508e-05,7.544815e-06,-0.00033302756,-3.227768e-06,0,0,1
1777227527877000,1777227527723000,1777227527725000,47.3992642,8.5455933,0,0.25,0.25,-0.026649421,0.012979749,-0.04117069,0.00014790602,0.25748014,0.25748736,0.00011032954,2.6171985e-05,-0.00031204877,-4.5822594e-07,0,0,1
1777227527933000,1777227527775000,1777227527781000,47.3992666,8.5455933,0,0.25,0.25,-0.01418525,0.011047005,-0.038628582,0.0011746328,0.25750652,0.2575137,3.1256888e-05,1.8956089e-05,-0.00028559734,1.3706589e-06,0,0,1
1777227527981000,1777227527827000,1777227527829000,47.399269000000004,8.5455934,0,0.25,0.25,-0.042034756,0.0018206394,-0.038949452,0.0012354885,0.25748038,0.25748754,0.00027449403,5.149341e-07,-0.00028455138,1.2900471e-06,0,0,1
1777227528037000,1777227527879000,1777227527885000,47.3992715,8.5455934,0,0.25,0.25,-0.04040463,0.00017020814,-0.039086536,0.001135136,0.2575063,0.25751364,0.0002535913,4.5000816e-09,-0.00028163486,1.1689448e-06,0,0,1
1777227528085000,1777227527931000,1777227527933000,47.399273799999996,8.5455933,0,0.25,0.25,-0.05635161,0.0063439906,-0.040712956,0.0016258252,0.25748017,0.25748748,0.0004933201,6.252144e-06,-0.00030157622,1.6477969e-06,0,0,1
1777227528141000,1777227527983000,1777227527989000,47.399276199999996,8.5455934,0,0.25,0.25,-0.043112177,-0.0029520108,-0.04093897,0.0011945798,0.25750655,0.25751382,0.00028871652,1.3536155e-06,-0.0003003648,1.3650551e-06,0,0,1
1777227528189000,1777227528035000,1777227528037000,47.3992785,8.545593499999999,0,0.25,0.25,-0.05933529,-0.0121884495,-0.042671956,-6.6140434e-05,0.2574804,0.25748765,0.0005469429,2.3078124e-05,-0.00032359318,-9.375633e-07,0,0,1
1777227528245000,1777227528087000,1777227528093000,47.3992807,8.545593499999999,0,0.25,0.25,-0.02404882,-0.013782448,-0.0409176,-0.0013582564,0.25750634,0.25751373,8.983791e-05,2.9506135e-05,-0.00030157276,-3.6288056e-06,0,0,1
1777227528293000,1777227528139000,1777227528141000,47.3992831,8.5455933,0,0.25,0.25,-0.05198154,-3.5318077e-05,-0.041959856,-0.0012336317,0.2574802,0.2574876,0.00041977293,1.9377501e-10,-0.00031270756,-3.2869798e-06,0,0,1
1777227528349000,1777227528191000,1777227528197000,47.3992854,8.5455934,0,0.25,0.25,-0.028135194,-0.009539823,-0.04065753,-0.0020160992,0.25750658,0.2575139,0.00012296216,1.4136436e-05,-0.00029483298,-4.3090304e-06,0,0,1
1777227528397000,1777227528243000,1777227528245000,47.399287699999995,8.545593499999999,0,0.25,0.25,-0.04483892,-0.018501349,-0.04105143,-0.0035690577,0.25748044,0.25748777,0.00031233885,5.3175325e-05,-0.0002964821,-8.912377e-06,0,0,1
1777227528453000,1777227528295000,1777227528301000,47.39929,8.5455936,0,0.25,0.25,-0.021065809,-0.02742955,-0.039168727,-0.0058167856,0.25750637,0.25751385,6.893318e-05,0.000116868316,-0.00027504633,-1.9082141e-05,0,0,1
1777227528501000,1777227528347000,1777227528349000,47.3992924,8.5455933,0,0.25,0.25,-0.049136218,-0.0056660157,-0.040107694,-0.0058025825,0.25748023,0.25748768,0.00037507623,4.9872265e-06,-0.00028446942,-1.7754359e-05,0,0,1
1777227528557000,1777227528399000,1777227528405000,47.3992947,8.5455931,0,0.25,0.25,-0.025214918,0.007736398,-0.03870475,-0.004527171,0.2575062,0.2575138,9.876144e-05,9.296878e-06,-0.0002669752,-1.5206054e-05,0,0,1
1777227528605000,1777227528451000,1777227528453000,47.3992972,8.5455931,0,0.25,0.25,-0.06432443,0.005842429,-0.041118197,-0.0035503246,0.25748047,0.2574879,0.0006427878,5.3026147e-06,-0.00030237783,-1.3274078e-05,0,0,1
1777227528661000,1777227528503000,1777227528509000,47.399299299999996,8.545592899999999,0,0.25,0.25,-0.01775189,0.019355496,-0.038917024,-0.0013925296,0.25750643,0.25751397,4.8950948e-05,5.819261e-05,-0.00027850427,-6.541708e-06,0,0,1
1777227528709000,1777227528555000,1777227528557000,47.399301699999995,8.545592899999999,0,0.25,0.25,-0.045976896,0.017519388,-0.039582085,0.0003890281,0.2574803,0.25748783,0.00032839406,4.768054e-05,-0.00028320405,-1.4338148e-06,0,0,1
1777227528765000,1777227528607000,1777227528613000,47.399304099999995,8.5455927,0,0.25,0.25,-0.033436872,0.03072332,-0.03900319,0.0032466066,0.25750622,0.25751394,0.00017366951,0.00014662079,-0.00027288558,1.2513359e-05,0,0,1
1777227528813000,1777227528659000,1777227528661000,47.3993063,8.5455927,0,0.25,0.25,-0.038819898,0.02859959,-0.038985923,0.005634931,0.2574805,0.257488,0.00023411239,0.00012706402,-0.00026923302,2.3304365e-05,0,0,1
1777227528869000,1777227528711000,1777227528717000,47.3993087,8.5455928,0,0.25,0.25,-0.026461175,0.01898674,-0.037806056,0.00689271,0.25750646,0.25751412,0.00010876523,5.599635e-05,-0.0002541165,2.6384045e-05,0,0,1
1777227528917000,1777227528763000,1777227528765000,47.399310899999996,8.5455928,0,0.25,0.25,-0.03199402,0.017262258,-0.037258547,0.007869552,0.25748032,0.25748798,0.00015902065,4.6291174e-05,-0.00024515818,2.8259354e-05,0,0,1
1777227528973000,1777227528815000,1777227528821000,47.399313199999995,8.545593,0,0.25,0.25,-0.008523991,0.0008697927,-0.03455167,0.007210154,0.25750628,0.2575141,1.1286471e-05,1.1751424e-07,-0.00022312679,2.5608311e-05,0,0,1
1777227529021000,1777227528867000,1777227528869000,47.3993156,8.545592899999999,0,0.25,0.25,-0.036835328,0.007648017,-0.034766797,0.007251402,0.25748056,0.25748816,0.00021078739,9.086579e-06,-0.00022196438,2.4051917e-05,0,0,1
1777227529077000,1777227528919000,1777227528925000,47.399318,8.5455928,0,0.25,0.25,-0.024318846,0.014229042,-0.033782568,0.007908716,0.2575065,0.25751427,9.186662e-05,3.144923e-05,-0.00020970879,2.4748766e-05,0,0,1
1777227529125000,1777227528971000,1777227528973000,47.3993204,8.5455927,0,0.25,0.25,-0.052133992,0.020692596,-0.035511326,0.009112994,0.25748035,0.25748813,0.00042223855,6.651701e-05,-0.0002297297,2.8683455e-05,0,0,1
1777227529181000,1777227529023000,1777227529029000,47.3993227,8.545592599999999,0,0.25,0.25,-0.027905371,0.027351247,-0.034794822,0.010831091,0.2575063,0.25751424,0.00012096165,0.000116201845,-0.00021948344,3.692794e-05,0,0,1
1777227529229000,1777227529075000,1777227529077000,47.399325,8.5455927,0,0.25,0.25,-0.04406709,0.018739795,-0.0356683,0.011576113,0.2574806,0.25748834,0.0003016784,5.455469e-05,-0.00022722644,3.858843e-05,0,0,1
1777227529285000,1777227529127000,1777227529133000,47.399327299999996,8.5455927,0,0.25,0.25,-0.019607404,0.018086959,-0.034155317,0.0121894535,0.25750655,0.25751448,5.9718917e-05,5.081471e-05,-0.00021144675,3.9740182e-05,0,0,1
1777227529333000,1777227529179000,1777227529181000,47.399329699999996,8.545592899999999,0,0.25,0.25,-0.04711847,0.0026114273,-0.03537648,0.011287175,0.2574804,0.25748834,0.00034490397,1.0593959e-06,-0.0002240188,3.609634e-05,0,0,1
1777227529389000,1777227529231000,1777227529237000,47.399332,8.545593,0,0.25,0.25,-0.022617513,-0.004759924,-0.03417455,0.009775491,0.25750634,0.25751445,7.946242e-05,3.5193175e-06,-0.00021040117,3.2364427e-05,0,0,1
1777227529437000,1777227529283000,1777227529285000,47.39933430000001,8.545593,0,0.25,0.25,-0.038889766,-0.0044309776,-0.03461874,0.0084372,0.25748062,0.25748855,0.00023495576,3.0500094e-06,-0.00021271428,2.9028284e-05,0,0,1
1777227529493000,1777227529335000,1777227529341000,47.3993366,8.545593,0,0.25,0.25,-0.014270142,-0.003972707,-0.032701842,0.0072681513,0.25750658,0.25751466,3.1632113e-05,2.4514954e-06,-0.00019565581,2.6062797e-05,0,0,1
1777227529541000,1777227529387000,1777227529389000,47.399338799999995,8.545592899999999,0,0.25,0.25,-0.019168805,0.0040001273,-0.031426992,0.0069602937,0.25748044,0.25748852,5.7082874e-05,2.4857059e-06,-0.00018260184,2.3841767e-05,0,0,1
1777227529597000,1777227529439000,1777227529445000,47.399341199999995,8.5455927,0,0.25,0.25,-0.0062448303,0.01937093,-0.02905476,0.008129412,0.25750637,0.25751463,6.0577772e-06,5.8285303e-05,-0.00016597088,2.7086448e-05,0,0,1
1777227529645000,1777227529491000,1777227529493000,47.399343599999995,8.5455927,0,0.25,0.25,-0.033792447,0.019197665,-0.029501064,0.009172074,0.25748023,0.2574885,0.00017740073,5.7253103e-05,-0.0001670476,2.9928235e-05,0,0,1
1777227529701000,1777227529543000,1777227529549000,47.3993459,8.5455928,0,0.25,0.25,-0.009296974,0.011545976,-0.02759778,0.009395702,0.2575066,0.25751483,1.3426255e-05,2.0707088e-05,-0.00015257603,2.9059576e-05,0,0,1
1777227529749000,1777227529595000,1777227529597000,47.3993483,8.5455928,0,0.25,0.25,-0.036757857,0.011457303,-0.028460685,0.0095899105,0.25748044,0.25748867,0.00020990176,2.0392321e-05,-0.00015797628,2.8243096e-05,0,0,1
1777227529805000,1777227529647000,1777227529653000,47.3993507,8.5455927,0,0.25,0.25,-0.023324361,0.019056665,-0.027976828,0.010481706,0.2575064,0.25751477,8.4506755e-05,5.6409415e-05,-0.00015105524,3.0896445e-05,0,0,1
1777227529853000,1777227529699000,1777227529701000,47.3993529,8.5455928,0,0.25,0.25,-0.02804549,0.011208265,-0.027983297,0.01055015,0.25748026,0.25748864,0.00012219182,1.9515455e-05,-0.00014833623,2.9824323e-05,0,0,1
1777227529909000,1777227529751000,1777227529757000,47.399355400000005,8.5455928,0,0.25,0.25,-0.026086243,0.011277577,-0.027804589,0.0106186755,0.2575066,0.25751498,0.0001057048,1.9755547e-05,-0.00014432022,2.8875815e-05,0,0,1
1777227529957000,1777227529803000,1777227529805000,47.399357699999996,8.545593,0,0.25,0.25,-0.04192007,-0.0035362565,-0.029134309,0.0092852395,0.2574805,0.25748882,0.0002729981,1.9426257e-06,-0.00015644205,2.5972628e-05,0,0,1
1777227530013000,1777227529855000,1777227529861000,47.399360099999996,8.545592899999999,0,0.25,0.25,-0.028345987,0.0049229027,-0.029060047,0.008874294,0.25750643,0.25751492,0.00012481165,3.7644377e-06,-0.00015346237,2.3880551e-05,0,0,1
1777227530061000,1777227529907000,1777227529909000,47.399362499999995,8.545592899999999,0,0.25,0.25,-0.055165537,0.0053973375,-0.03151926,0.008546755,0.2574803,0.2574888,0.00047277194,4.52544e-06,-0.00018354226,2.2057244e-05,0,0,1
1777227530117000,1777227529959000,1777227529965000,47.399364899999995,8.545593,0,0.25,0.25,-0.041181937,-0.0015029375,-0.032429513,0.0076000444,0.25750667,0.25751513,0.00026344202,3.5086424e-07,-0.00019106905,1.9946336e-05,0,0,1
1777227530165000,1777227530011000,1777227530013000,47.3993671,8.5455928,0,0.25,0.25,-0.0453722,0.01429763,-0.03364875,0.008230977,0.25748053,0.25748897,0.00031981236,3.1756266e-05,-0.00020319704,2.1058866e-05,0,0,1
1777227530221000,1777227530063000,1777227530069000,47.3993696,8.5455928,0,0.25,0.25,-0.042659752,0.014718229,-0.034497615,0.008842095,0.25750646,0.25751507,0.00028268874,3.364871e-05,-0.00021068538,2.2244865e-05,0,0,1
1777227530269000,1777227530115000,1777227530117000,47.3993718,8.545592899999999,0,0.25,0.25,-0.04677497,0.007396934,-0.035654176,0.008705957,0.25748032,0.25748894,0.0003398936,8.4997255e-06,-0.00022285717,2.0950032e-05,0,0,1
1777227530325000,1777227530167000,1777227530173000,47.3993742,8.545592899999999,0,0.25,0.25,-0.033071358,0.0080530485,-0.035410866,0.008644451,0.25750628,0.25751504,0.00016989329,1.0073445e-05,-0.00021786781,1.9925426e-05,0,0,1
1777227530373000,1777227530219000,1777227530221000,47.3993764,8.545593,0,0.25,0.25,-0.03745721,0.0008937261,-0.03560364,0.00791431,0.25748056,0.25748911,0.0002179648,1.2408233e-07,-0.00021787695,1.8060082e-05,0,0,1
1777227530429000,1777227530271000,1777227530277000,47.3993787,8.545593,0,0.25,0.25,-0.012823121,0.0016576884,-0.033457648,0.007324918,0.25750652,0.25751522,2.5542253e-05,4.2683783e-07,-0.00019975846,1.6398979e-05,0,0,1
1777227530477000,1777227530323000,1777227530325000,47.3993812,8.545593,0,0.25,0.25,-0.05132624,0.0021752305,-0.03514092,0.0068398025,0.25748035,0.25748906,0.00040925576,7.3504145e-07,-0.00021949371,1.492339e-05,0,0,1
1777227530533000,1777227530375000,1777227530381000,47.3993835,8.5455931,0,0.25,0.25,-0.026363056,-0.0045901034,-0.03431402,0.005763072,0.2575063,0.25751516,0.00010796018,3.2726691e-06,-0.00020898692,1.3209268e-05,0,0,1
1777227530581000,1777227530427000,1777227530429000,47.3993859,8.5455931,0,0.25,0.25,-0.053307433,-0.003833705,-0.036103256,0.004859028,0.2574806,0.25748923,0.00044145968,2.2831703e-06,-0.00023088654,1.1749836e-05,0,0,1
1777227530637000,1777227530479000,1777227530485000,47.3993883,8.545593,0,0.25,0.25,-0.039387275,0.004626818,-0.03641262,0.004837153,0.25750655,0.25751534,0.00024098145,3.3252302e-06,-0.0002318375,1.0956213e-05,0,0,1
1777227530685000,1777227530531000,1777227530533000,47.3993906,8.5455931,0,0.25,0.25,-0.054793086,-0.0024161534,-0.03814411,0.0041538705,0.2574804,0.25748917,0.00046640943,9.068805e-07,-0.00025393485,9.838675e-06,0,0,1
1777227530741000,1777227530583000,1777227530589000,47.399392899999995,8.545593,0,0.25,0.25,-0.029579174,0.0060907328,-0.03733727,0.0043363287,0.25750637,0.2575153,0.0001359077,5.762302e-06,-0.00024281634,9.454669e-06,0,0,1
1777227530789000,1777227530635000,1777227530637000,47.3993952,8.545592899999999,0,0.25,0.25,-0.04522565,0.014148665,-0.03808038,0.0052606794,0.25748065,0.25748935,0.0003177496,3.109794e-05,-0.00024987527,1.1493528e-05,0,0,1
1777227530845000,1777227530687000,1777227530693000,47.3993974,8.5455931,0,0.25,0.25,-0.009219814,-0.00052097824,-0.03536163,0.0047160303,0.25750658,0.25751546,1.3204318e-05,4.2159535e-08,-0.00022758018,1.0406833e-05,0,0,1
1777227530893000,1777227530739000,1777227530741000,47.399399800000005,8.5455931,0,0.25,0.25,-0.036644988,0.00016638626,-0.035482526,0.004287441,0.25748044,0.2574893,0.0002086147,4.300666e-09,-0.00022579358,9.426884e-06,0,0,1
1777227530949000,1777227530791000,1777227530797000,47.3994022,8.545593199999999,0,0.25,0.25,-0.023583198,-0.00655717,-0.034361575,0.003265847,0.2575064,0.2575154,8.6392756e-05,6.6786647e-06,-0.00021266162,7.909695e-06,0,0,1
1777227530997000,1777227530843000,1777227530845000,47.399404499999996,8.545593199999999,0,0.25,0.25,-0.039781023,-0.005754733,-0.034872103,0.0024160822,0.25748068,0.25748944,0.00024584832,5.144592e-06,-0.0002157879,6.6799435e-06,0,0,1
1777227531053000,1777227530895000,1777227530901000,47.3994068,8.545593199999999,0,0.25,0.25,-0.015428332,-0.004812027,-0.033040445,0.0017351734,0.2575066,0.25751555,3.6975118e-05,3.5967696e-06,-0.00019894322,5.7118473e-06,0,0,1
1777227531101000,1777227530947000,1777227530949000,47.3994091,8.545593199999999,0,0.25,0.25,-0.03188967,-0.004051245,-0.03293204,0.001190076,0.25748047,0.25748938,0.00015798496,2.5496329e-06,-0.00019508484,4.9335918e-06,0,0,1
1777227531157000,1777227530999000,1777227531005000,47.3994115,8.5455931,0,0.25,0.25,-0.01890351,0.0043530297,-0.03161051,0.0014880354,0.25750643,0.2575155,5.550816e-05,2.9433363e-06,-0.00018193631,4.746104e-06,0,0,1
1777227531205000,1777227531051000,1777227531053000,47.3994138,8.545593199999999,0,0.25,0.25,-0.035281297,-0.0027209246,-0.03195631,0.0010915392,0.25748068,0.25748953,0.00019337682,1.1500942e-06,-0.00018301404,4.190665e-06,0,0,1
1777227531261000,1777227531103000,1777227531109000,47.399415999999995,8.5455931,0,0.25,0.25,-4.9710798e-06,0.0056966376,-0.028946402,0.0015253528,0.25750664,0.25751564,3.8386013e-12,5.0407316e-06,-0.00016577358,4.270744e-06,0,0,1
1777227531309000,1777227531155000,1777227531157000,47.39941830000001,8.5455933,0,0.25,0.25,-0.01689175,-0.008959505,-0.027810818,0.0005376488,0.2574805,0.25748947,4.432665e-05,1.2470059e-05,-0.00015433293,2.6937114e-06,0,0,1
1777227531365000,1777227531207000,1777227531213000,47.39942070000001,8.5455931,0,0.25,0.25,-0.0045034913,0.0071786335,-0.0256152,0.0011632489,0.25750646,0.25751558,3.1504348e-06,8.0046075e-06,-0.0001400911,3.1940133e-06,0,0,1
1777227531413000,1777227531259000,1777227531261000,47.3994232,8.545593199999999,0,0.25,0.25,-0.043717377,-1.507102e-05,-0.027320478,0.0010522477,0.2574803,0.25748938,0.00029690957,3.5284664e-11,-0.00015486385,2.8931247e-06,0,0,1
1777227531469000,1777227531311000,1777227531317000,47.3994256,8.5455933,0,0.25,0.25,-0.030579602,-0.0068431604,-0.027627498,0.00030847732,0.25750667,0.2575157,0.00014525636,7.2739404e-06,-0.0001539588,1.9353577e-06,0,0,1
1777227531517000,1777227531363000,1777227531365000,47.399428,8.5455933,0,0.25,0.25,-0.057849854,-0.006042671,-0.030474532,-0.00028981932,0.25748053,0.25748953,0.0005199004,5.672289e-06,-0.00018843156,1.2186952e-06,0,0,1
1777227531573000,1777227531415000,1777227531421000,47.3994304,8.5455934,0,0.25,0.25,-0.04429677,-0.012702029,-0.031776626,-0.0014590856,0.2575065,0.25751564,0.00030480072,2.5061243e-05,-0.00019939386,-1.2569515e-06,0,0,1
1777227531621000,1777227531467000,1777227531469000,47.3994328,8.545593499999999,0,0.25,0.25,-0.07115503,-0.019334437,-0.035486184,-0.0031429958,0.25748035,0.25748947,0.00078655133,5.807157e-05,-0.0002547058,-6.6090543e-06,0,0,1
1777227531677000,1777227531519000,1777227531525000,47.399435,8.545593499999999,0,0.25,0.25,-0.03487753,-0.018108508,-0.035428848,-0.0045527904,0.2575067,0.2575158,0.00018895698,5.09356e-05,-0.00024851208,-1.0784744e-05,0,0,1
1777227531725000,1777227531571000,1777227531573000,47.3994374,8.5455934,0,0.25,0.25,-0.062074374,-0.00952996,-0.037938934,-0.005021654,0.25748056,0.25748962,0.00059860485,1.4108553e-05,-0.00028149184,-1.1097856e-05,0,0,1
1777227531781000,1777227531623000,1777227531629000,47.39943960000001,8.5455934,0,0.25,0.25,-0.026144862,-0.00863229,-0.0368279,-0.0053617866,0.25750652,0.2575157,0.00010618043,1.1574663e-05,-0.000264977,-1.1142773e-05,0,0,1
1777227531829000,1777227531675000,1777227531677000,47.39944200000001,8.545593199999999,0,0.25,0.25,-0.05350379,0.0072401245,-0.038398817,-0.0041746497,0.25748038,0.25748953,0.0004447182,8.143151e-06,-0.00028190913,-9.325982e-06,0,0,1
1777227531885000,1777227531727000,1777227531733000,47.3994443,8.545593199999999,0,0.25,0.25,-0.02903379,0.007624705,-0.037516605,-0.0030631162,0.25750676,0.25751585,0.00013094195,9.030298e-06,-0.00026768757,-7.5967673e-06,0,0,1
1777227531933000,1777227531779000,1777227531781000,47.3994468,8.545593199999999,0,0.25,0.25,-0.06756567,0.00789478,-0.040347315,-0.0020308506,0.25748062,0.25748968,0.00070919824,9.682336e-06,-0.00030927916,-5.9690256e-06,0,0,1
1777227531989000,1777227531831000,1777227531837000,47.399448899999996,8.5455933,0,0.25,0.25,-0.020401748,0.00061789894,-0.038468383,-0.0017813307,0.25750658,0.25751576,6.465564e-05,5.930497e-08,-0.00028623492,-5.4011393e-06,0,0,1
1777227532037000,1777227531883000,1777227531885000,47.399451199999994,8.5455934,0,0.25,0.25,-0.03692847,-0.0064967275,-0.03832332,-0.0022255348,0.25748044,0.2574896,0.00021185484,6.5567647e-06,-0.00027922812,-5.5100027e-06,0,0,1
1777227532093000,1777227531935000,1777227531941000,47.3994536,8.5455934,0,0.25,0.25,-0.024513433,-0.0057542007,-0.03702239,-0.0025579454,0.25750637,0.25751567,9.334268e-05,5.1431166e-06,-0.00026171716,-5.475441e-06,0,0,1
1777227532141000,1777227531987000,1777227531989000,47.3994559,8.545593199999999,0,0.25,0.25,-0.04123221,0.0099822385,-0.037418965,-0.0013766236,0.25748065,0.2574897,0.00026411228,1.5479465e-05,-0.0002619428,-3.5014277e-06,0,0,1
1777227532197000,1777227532039000,1777227532045000,47.3994582,8.5455934,0,0.25,0.25,-0.017497735,-0.004878648,-0.035542328,-0.0017065245,0.2575066,0.2575158,4.7559282e-05,3.6970482e-06,-0.00024174724,-3.5198557e-06,0,0,1
1777227532245000,1777227532091000,1777227532093000,47.399460399999995,8.545593499999999,0,0.25,0.25,-0.023268903,-0.011834063,-0.034386136,-0.0026605679,0.25748047,0.25748962,8.411385e-05,2.1755446e-05,-0.00022689771,-5.2377013e-06,0,0,1
1777227532301000,1777227532143000,1777227532149000,47.39946270000001,8.545593499999999,0,0.25,0.25,1.1809065e-05,-0.0109013375,-0.03114575,-0.0034368723,0.2575064,0.2575157,2.1662219e-11,1.8459326e-05,-0.00020552329,-6.4832166e-06,0,0,1
1777227532349000,1777227532195000,1777227532197000,47.399465,8.5455934,0,0.25,0.25,-0.017376069,-0.0025544555,-0.029848605,-0.0033537461,0.25748068,0.25748974,4.690492e-05,1.0136704e-06,-0.00019058098,-5.9679696e-06,0,0,1
1777227532405000,1777227532247000,1777227532253000,47.3994674,8.5455934,0,0.25,0.25,-0.0054152557,-0.0019003627,-0.027546912,-0.003216833,0.2575066,0.25751582,4.555222e-06,5.609564e-07,-0.0001730568,-5.4586135e-06,0,0,1
1777227532453000,1777227532299000,1777227532301000,47.3994699,8.5455936,0,0.25,0.25,-0.04497564,-0.01642868,-0.029188748,-0.004461427,0.25748047,0.25748965,0.00031424643,4.1928135e-05,-0.00018635727,-8.894149e-06,0,0,1
1777227532509000,1777227532351000,1777227532357000,47.3994723,8.5455937,0,0.25,0.25,-0.032330167,-0.022811575,-0.02948468,-0.0061900644,0.2575064,0.25751573,0.00016236329,8.082891e-05,-0.00018409696,-1.5670612e-05,0,0,1
1777227532557000,1777227532403000,1777227532405000,47.3994745,8.545593499999999,0,0.25,0.25,-0.037631888,-0.006565823,-0.03025217,-0.006225462,0.25748068,0.25748977,0.00022000237,6.69697e-06,-0.00018747935,-1.4825268e-05,0,0,1
1777227532613000,1777227532455000,1777227532461000,47.399477,8.5455934,0,0.25,0.25,-0.036304303,0.0017347068,-0.030822298,-0.005475591,0.25750664,0.25751585,0.00020473295,4.6742096e-07,-0.00018910468,-1.3384652e-05,0,0,1
1777227532661000,1777227532507000,1777227532509000,47.399479299999996,8.545593499999999,0,0.25,0.25,-0.052698404,-0.0054709357,-0.03288309,-0.0054751523,0.25748047,0.25748965,0.00043143026,4.6496843e-06,-0.00021193246,-1.25617935e-05,0,0,1
1777227532717000,1777227532559000,1777227532565000,47.399481699999995,8.545593499999999,0,0.25,0.25,-0.03979478,-0.004782372,-0.03353419,-0.0054098903,0.2575064,0.25751573,0.0002459938,3.5525725e-06,-0.00021514115,-1.17130985e-05,0,0,1
1777227532765000,1777227532611000,1777227532613000,47.39948400000001,8.545593499999999,0,0.25,0.25,-0.05604099,-0.0041798935,-0.035654396,-0.005294021,0.25748068,0.25748977,0.00048789568,2.7141286e-06,-0.00024083542,-1.0865369e-05,0,0,1
1777227532821000,1777227532663000,1777227532669000,47.3994863,8.5455937,0,0.25,0.25,-0.03189496,-0.018657118,-0.035300247,-0.006552864,0.2575066,0.25751585,0.00015802134,5.4068605e-05,-0.0002330341,-1.493524e-05,0,0,1
1777227532869000,1777227532715000,1777227532717000,47.3994887,8.5455937,0,0.25,0.25,-0.059547517,-0.017692177,-0.03758441,-0.0076022195,0.25748047,0.25748965,0.0005508623,4.8625352e-05,-0.00026297444,-1.8108947e-05,0,0,1
1777227532925000,1777227532767000,1777227532773000,47.399491,8.5455936,0,0.25,0.25,-0.035276927,-0.009202932,-0.03736704,-0.0077530113,0.2575064,0.25751573,0.00019330962,1.3155539e-05,-0.00025641182,-1.7642322e-05,0,0,1
1777227532973000,1777227532819000,1777227532821000,47.399493299999996,8.545593499999999,0,0.25,0.25,-0.05168142,-0.0009904336,-0.038715497,-0.007115957,0.25748065,0.25748977,0.00041493902,1.5238798e-07,-0.00027134555,-1.599472e-05,0,0,1
1777227533029000,1777227532871000,1777227532877000,47.3994955,8.5455934,0,0.25,0.25,-0.01651551,0.006637074,-0.036624193,-0.0058203815,0.2575066,0.25751585,4.2369724e-05,6.842414e-06,-0.00024977536,-1.3843395e-05,0,0,1
1777227533077000,1777227532923000,1777227532925000,47.399498,8.5455937,0,0.25,0.25,-0.0558653,-0.016194304,-0.038436763,-0.006797635,0.25748044,0.25748965,0.0004848417,4.0740357e-05,-0.0002719193,-1.6377167e-05,0,0,1
1777227533133000,1777227532975000,1777227532981000,47.3995001,8.5455936,0,0.25,0.25,-0.009414769,-0.008213565,-0.035702806,-0.0069310195,0.25750637,0.25751573,1.3768648e-05,1.0478993e-05,-0.00024760075,-1.5821543e-05,0,0,1
1777227533181000,1777227533027000,1777227533029000,47.3995025,8.545593499999999,0,0.25,0.25,-0.03779327,-0.00047359665,-0.035899732,-0.0063227117,0.25748023,0.25748953,0.00022189374,3.484317e-08,-0.00024517908,-1.433439e-05,0,0,1
1777227533237000,1777227533079000,1777227533085000,47.3995049,8.5455934,0,0.25,0.25,-0.02537462,0.0069235377,-0.034908235,-0.0050748764,0.25750658,0.25751582,0.00010001629,7.4458144e-06,-0.00023150432,-1.2282631e-05,0,0,1
1777227533285000,1777227533131000,1777227533133000,47.3995074,8.5455934,0,0.25,0.25,-0.06442466,0.006640829,-0.03768877,-0.003971223,0.25748044,0.25748962,0.00064479245,6.8508566e-06,-0.00027043727,-1.0480201e-05,0,0,1
1777227533341000,1777227533183000,1777227533189000,47.3995097,8.545593499999999,0,0.25,0.25,-0.03995532,-0.0012372723,-0.037902284,-0.0037136767,0.25750637,0.25751573,0.00024798265,2.3778628e-07,-0.00026832198,-9.5153355e-06,0,0,1
1777227533389000,1777227533235000,1777227533237000,47.3995119,8.5455934,0,0.25,0.25,-0.045003235,0.006267994,-0.038571216,-0.0027733743,0.25748023,0.25748953,0.00031463246,6.1032e-06,-0.00027268456,-8.044024e-06,0,0,1
1777227533445000,1777227533287000,1777227533293000,47.3995142,8.545593499999999,0,0.25,0.25,-0.021017341,-0.0016068211,-0.03691759,-0.0026634815,0.25750658,0.25751585,6.861628e-05,4.010431e-07,-0.00025346072,-7.324033e-06,0,0,1
1777227533493000,1777227533339000,1777227533341000,47.3995165,8.545593499999999,0,0.25,0.25,-0.037758708,-0.0015837067,-0.036996827,-0.0025617636,0.25748044,0.25748965,0.00022148789,3.8962762e-07,-0.0002504488,-6.6707917e-06,0,0,1
1777227533549000,1777227533391000,1777227533397000,47.3995189,8.5455934,0,0.25,0.25,-0.025070367,0.005926341,-0.03587332,-0.0017621595,0.25750637,0.25751573,9.763227e-05,5.455436e-06,-0.00023605303,-5.528466e-06,0,0,1
1777227533597000,1777227533443000,1777227533445000,47.3995211,8.545593499999999,0,0.25,0.25,-0.030460462,-0.0018498186,-0.035363413,-0.0017704172,0.2574802,0.25748956,0.00014414152,5.3156776e-07,-0.0002273947,-5.0577437e-06,0,0,1
1777227533653000,1777227533495000,1777227533501000,47.3995235,8.5455934,0,0.25,0.25,-0.017952267,0.00563778,-0.03372323,-0.0010725434,0.25750655,0.25751585,5.0062245e-05,4.9371038e-06,-0.00021068947,-4.1162e-06,0,0,1
1777227533701000,1777227533547000,1777227533549000,47.3995257,8.545593499999999,0,0.25,0.25,-0.023201972,-0.0021635573,-0.0327321,-0.0011753201,0.2574804,0.25748968,8.363067e-05,7.2717177e-07,-0.00019872015,-3.796944e-06,0,0,1
1777227533757000,1777227533599000,1777227533605000,47.3995281,8.5455934,0,0.25,0.25,-0.010518758,0.005347163,-0.030639539,-0.00056088326,0.25750634,0.25751576,1.7187036e-05,4.4412277e-06,-0.00018161921,-3.0208842e-06,0,0,1
1777227533805000,1777227533651000,1777227533653000,47.3995304,8.545593499999999,0,0.25,0.25,-0.02711536,-0.0024166096,-0.03030755,-0.0007356981,0.25748017,0.2574896,0.00011422126,9.072215e-07,-0.00017527012,-2.821771e-06,0,0,1
1777227533861000,1777227533703000,1777227533709000,47.399532799999996,8.5455934,0,0.25,0.25,-0.014278834,0.0051512285,-0.028797599,-0.00018113246,0.2575061,0.25751567,3.167072e-05,4.121715e-06,-0.00016174265,-2.1676744e-06,0,0,1
1777227533909000,1777227533755000,1777227533757000,47.399535199999995,8.545593499999999,0,0.25,0.25,-0.04191919,-0.0026162455,-0.03003369,-0.0004105272,0.25748038,0.2574897,0.00027298677,1.0633031e-06,-0.00017222216,-2.0636394e-06,0,0,1
1777227533965000,1777227533807000,1777227533813000,47.399537599999995,8.5455934,0,0.25,0.25,-0.028640768,0.00490556,-0.029902473,9.026364e-05,0.2575063,0.2575158,0.00012742112,3.7379484e-06,-0.00016800177,-1.517113e-06,0,0,1
1777227534013000,1777227533859000,1777227533861000,47.3995399,8.5455933,0,0.25,0.25,-0.04480167,0.012245068,-0.03130602,0.0012352816,0.25748017,0.25748962,0.00031182045,2.3292852e-05,-0.00018154991,8.2005783e-07,0,0,1
1777227534069000,1777227533911000,1777227533917000,47.3995423,8.5455933,0,0.25,0.25,-0.031472918,0.01180571,-0.03132174,0.0022310468,0.2575061,0.2575157,0.00015386735,2.1649133e-05,-0.00017894214,2.782217e-06,0,0,1
1777227534117000,1777227533963000,1777227533965000,47.3995446,8.5455934,0,0.25,0.25,-0.04746324,0.00386875,-0.032842316,0.0023853232,0.25748038,0.25748974,0.00034996978,2.3250989e-06,-0.00019505344,2.7391552e-06,0,0,1
1777227534173000,1777227534015000,1777227534021000,47.3995469,8.5455934,0,0.25,0.25,-0.022911675,0.0037145442,-0.03190682,0.0025105397,0.2575063,0.25751582,8.1542836e-05,2.143222e-06,-0.00018436041,2.6830166e-06,0,0,1
1777227534221000,1777227534067000,1777227534069000,47.399549199999996,8.5455934,0,0.25,0.25,-0.039154824,0.0035423746,-0.032589603,0.0026077416,0.25748017,0.25748965,0.00023816983,1.949347e-06,-0.00018942941,2.6139028e-06,0,0,1
1777227534277000,1777227534119000,1777227534125000,47.399551599999995,8.5455934,0,0.25,0.25,-0.025956137,0.0034136781,-0.03196471,0.0026836633,0.2575061,0.25751573,0.00010465322,1.8100949e-06,-0.00018144325,2.5381817e-06,0,0,1
1777227534325000,1777227534171000,1777227534173000,47.3995539,8.5455934,0,0.25,0.25,-0.042099815,0.003233298,-0.032919466,0.0027354404,0.25748038,0.25748977,0.00027534436,1.6240203e-06,-0.000190289,2.452065e-06,0,0,1
1777227534381000,1777227534223000,1777227534229000,47.3995563,8.5455936,0,0.25,0.25,-0.028862394,-0.012062434,-0.032537278,0.0013414376,0.2575063,0.25751585,0.00012940077,2.260091e-05,-0.00018455315,9.200198e-08,0,0,1
1777227534429000,1777227534275000,1777227534277000,47.3995587,8.5455934,0,0.25,0.25,-0.055966202,0.0032789072,-0.034744352,0.0015239528,0.25748017,0.25748968,0.00048659524,1.6701613e-06,-0.0002130064,2.4066918e-07,0,0,1
1777227534485000,1777227534327000,1777227534333000,47.3995611,8.545593799999999,0,0.25,0.25,-0.04233585,-0.02724266,-0.035459492,-0.0011859458,0.25750613,0.25751576,0.00027841266,0.00011528034,-0.00021916785,-1.0641745e-05,0,0,1
1777227534533000,1777227534379000,1777227534381000,47.3995633,8.545593799999999,0,0.25,0.25,-0.04683406,-0.026566666,-0.03653101,-0.003576883,0.2574804,0.2574898,0.00034075277,0.000109641274,-0.0002306215,-1.9967789e-05,0,0,1
1777227534589000,1777227534431000,1777227534437000,47.399565599999995,8.5455939,0,0.25,0.25,-0.022295488,-0.033615272,-0.035189983,-0.0064065866,0.25750634,0.25751588,7.721577e-05,0.00017552108,-0.00021617024,-3.462136e-05,0,0,1
1777227534637000,1777227534483000,1777227534485000,47.399567999999995,8.5455936,0,0.25,0.25,-0.04972627,-0.010100858,-0.036559343,-0.0067545976,0.25748062,0.25748992,0.00038413794,1.5849528e-05,-0.00023199328,-3.2853e-05,0,0,1
1777227534693000,1777227534535000,1777227534541000,47.399570399999995,8.5455936,0,0.25,0.25,-0.036192577,-0.010067944,-0.03652479,-0.0070667244,0.25750658,0.25751603,0.00020347482,1.5744807e-05,-0.00022930677,-3.1241358e-05,0,0,1
1777227534741000,1777227534587000,1777227534589000,47.3995727,8.5455937,0,0.25,0.25,-0.05205128,-0.017443566,-0.037987433,-0.008044253,0.25748086,0.25749004,0.00042089898,4.726831e-05,-0.00024735532,-3.2751144e-05,0,0,1
1777227534797000,1777227534639000,1777227534645000,47.3995749,8.5455937,0,0.25,0.25,-0.016612884,-0.017140592,-0.035973888,-0.008901155,0.25750682,0.25751615,4.287077e-05,4.5635956e-05,-0.00022809228,-3.396493e-05,0,0,1
1777227534845000,1777227534691000,1777227534693000,47.399577199999996,8.545593499999999,0,0.25,0.25,-0.03331055,-0.0016141186,-0.035722993,-0.008214694,0.25748068,0.25748995,0.00017237687,4.0473483e-07,-0.00022284372,-3.080346e-05,0,0,1
1777227534901000,1777227534743000,1777227534749000,47.399579599999996,8.5455937,0,0.25,0.25,-0.020751145,-0.016850628,-0.034312602,-0.009028224,0.2575066,0.25751606,6.688916e-05,4.4105003e-05,-0.00020815234,-3.2056505e-05,0,0,1
1777227534949000,1777227534795000,1777227534797000,47.3995819,8.5455937,0,0.25,0.25,-0.037351098,-0.016370604,-0.03459884,-0.009719898,0.25748047,0.2574899,0.00021673171,4.1632182e-05,-0.00020896054,-3.295856e-05,0,0,1
1777227535005000,1777227534847000,1777227534853000,47.3995842,8.5455937,0,0.25,0.25,-0.013472947,-0.01608295,-0.032608718,-0.010319316,0.25750685,0.25751618,2.819658e-05,4.017787e-05,-0.00019193205,-3.363864e-05,0,0,1
1777227535053000,1777227534899000,1777227534901000,47.3995866,8.545593799999999,0,0.25,0.25,-0.041526694,-0.023264965,-0.033448815,-0.011538833,0.2574807,0.25749,0.00026789831,8.408227e-05,-0.00019908829,-3.8390575e-05,0,0,1
1777227535109000,1777227534951000,1777227534957000,47.3995889,8.5455936,0,0.25,0.25,-0.017413296,-0.0076539456,-0.03193822,-0.0111728655,0.25750667,0.2575161,4.7101363e-05,9.0996855e-06,-0.00018477067,-3.563129e-05,0,0,1
1777227535157000,1777227535003000,1777227535005000,47.3995913,8.545593499999999,0,0.25,0.25,-0.045330677,9.344054e-05,-0.033199828,-0.010111547,0.25748053,0.25748992,0.0003192273,1.3563457e-09,-0.00019743688,-3.227459e-05,0,0,1
1777227535213000,1777227535055000,1777227535061000,47.399593599999996,8.5455936,0,0.25,0.25,-0.021179544,-0.007212137,-0.03206748,-0.009838414,0.2575069,0.25751624,6.967939e-05,8.079478e-06,-0.00018540175,-2.999534e-05,0,0,1
1777227535261000,1777227535107000,1777227535109000,47.3995959,8.5455937,0,0.25,0.25,-0.037711132,-0.014256826,-0.03259913,-0.010254642,0.25748077,0.25749004,0.00022092981,3.1575135e-05,-0.0001887486,-3.0144161e-05,0,0,1
1777227535317000,1777227535159000,1777227535165000,47.3995981,8.5455936,0,0.25,0.25,-0.0026398872,-0.006057996,-0.02977688,-0.009859306,0.25750673,0.25751615,1.0825354e-06,5.700507e-06,-0.00017106991,-2.78415e-05,0,0,1
1777227535365000,1777227535211000,1777227535213000,47.3996005,8.5455937,0,0.25,0.25,-0.030931348,-0.013106795,-0.029885635,-0.0101652285,0.25748056,0.25748998,0.0001486323,2.6686565e-05,-0.00016895622,-2.7732702e-05,0,0,1
1777227535421000,1777227535263000,1777227535269000,47.3996028,8.5455937,0,0.25,0.25,-0.0072673303,-0.012468621,-0.027754925,-0.010382215,0.25750694,0.25751626,8.203909e-06,2.414861e-05,-0.00015381289,-2.739507e-05,0,0,1
1777227535469000,1777227535315000,1777227535317000,47.399605099999995,8.5455937,0,0.25,0.25,-0.024340704,-0.011807991,-0.027433295,-0.010516527,0.2574808,0.2574901,9.2041024e-05,2.1659653e-05,-0.0001479938,-2.6854777e-05,0,0,1
1777227535525000,1777227535367000,1777227535373000,47.399607499999995,8.545593799999999,0,0.25,0.25,-0.012099066,-0.018779315,-0.025988765,-0.011294906,0.25750676,0.25751618,2.2739192e-05,5.477911e-05,-0.00013619445,-2.948533e-05,0,0,1
1777227535573000,1777227535419000,1777227535421000,47.399609899999994,8.545593799999999,0,0.25,0.25,-0.040179145,-0.017935995,-0.02732554,-0.011920515,0.25748062,0.25749,0.00025079382,4.9974744e-05,-0.00014699005,-3.1415493e-05,0,0,1
1777227535629000,1777227535471000,1777227535477000,47.3996122,8.5455939,0,0.25,0.25,-0.016202284,-0.024692446,-0.026277699,-0.013123669,0.25750658,0.25751612,4.0777835e-05,9.470737e-05,-0.00013698454,-3.7377773e-05,0,0,1
1777227535677000,1777227535523000,1777227535525000,47.3996145,8.5455939,0,0.25,0.25,-0.03298358,-0.023652352,-0.026909413,-0.014115501,0.25748086,0.25749016,0.00016900929,8.690565e-05,-0.00014000137,-4.2043444e-05,0,0,1
1777227535733000,1777227535575000,1777227535581000,47.399616800000004,8.545593799999999,0,0.25,0.25,-0.009171442,-0.015125195,-0.025238445,-0.014210617,0.25750682,0.25751626,1.3066117e-05,3.553508e-05,-0.0001280437,-4.1430336e-05,0,0,1
1777227535781000,1777227535627000,1777227535629000,47.399619099999995,8.545593799999999,0,0.25,0.25,-0.026047291,-0.014237065,-0.02531464,-0.014213108,0.25748068,0.25749007,0.00010539997,3.1487663e-05,-0.00012591059,-4.0493705e-05,0,0,1
1777227535837000,1777227535679000,1777227535685000,47.399621499999995,8.5455937,0,0.25,0.25,-0.013525677,-0.0058840937,-0.024204087,-0.013428491,0.25750664,0.25751618,2.8417744e-05,5.3779236e-06,-0.000116726485,-3.7185695e-05,0,0,1
1777227535885000,1777227535731000,1777227535733000,47.3996237,8.545593799999999,0,0.25,0.25,-0.019086065,-0.012851662,-0.023721954,-0.013374152,0.25748092,0.25749022,5.6591045e-05,2.5657708e-05,-0.000111061556,-3.6099726e-05,0,0,1
1777227535941000,1777227535783000,1777227535789000,47.3996262,8.545593799999999,0,0.25,0.25,-0.017467206,-0.011930488,-0.023132738,-0.013238154,0.25750688,0.25751632,4.7393416e-05,2.210913e-05,-0.00010506383,-3.478177e-05,0,0,1
1777227535989000,1777227535835000,1777227535837000,47.3996285,8.545593799999999,0,0.25,0.25,-0.033678822,-0.011119597,-0.02412621,-0.01303858,0.25748074,0.25749016,0.00017620939,1.9207791e-05,-0.00011176595,-3.3314656e-05,0,0,1
1777227536045000,1777227535887000,1777227535893000,47.3996308,8.545593799999999,0,0.25,0.25,-0.0089646485,-0.010294255,-0.022697946,-0.012780057,0.25750667,0.25751626,1.2483548e-05,1.646058e-05,-0.00010241326,-3.1726955e-05,0,0,1
1777227536093000,1777227535939000,1777227535941000,47.3996332,8.545594,0,0.25,0.25,-0.036122665,-0.024633296,-0.023962593,-0.0138966665,0.25748095,0.2574903,0.00020270968,9.4263625e-05,-0.000111861475,-3.761809e-05,0,0,1
1777227536149000,1777227535991000,1777227535997000,47.399635499999995,8.5455939,0,0.25,0.25,-0.011060435,-0.015480394,-0.022747172,-0.014045858,0.25750688,0.2575164,1.9002713e-05,3.7223657e-05,-0.00010311391,-3.7580932e-05,0,0,1
1777227536197000,1777227536043000,1777227536045000,47.399637999999996,8.545594,0,0.25,0.25,-0.049445428,-0.021815293,-0.025262225,-0.014777761,0.25748074,0.25749025,0.00037981098,7.3930096e-05,-0.00012917958,-4.100513e-05,0,0,1
1777227536253000,1777227536095000,1777227536101000,47.399640399999996,8.5455939,0,0.25,0.25,-0.034681953,-0.012706586,-0.026149591,-0.014582651,0.25750667,0.25751635,0.00018684377,2.5079158e-05,-0.0001346117,-3.9504856e-05,0,0,1
1777227536301000,1777227536147000,1777227536149000,47.399642799999995,8.545593799999999,0,0.25,0.25,-0.06063638,-0.0039866045,-0.029398346,-0.013584472,0.25748092,0.2574904,0.00057119114,2.4689102e-06,-0.00017573877,-3.601596e-05,0,0,1
1777227536357000,1777227536199000,1777227536205000,47.399645,8.5455939,0,0.25,0.25,-0.023070518,-0.010566716,-0.028802246,-0.013300191,0.25750688,0.2575165,8.2677216e-05,1.7343431e-05,-0.0001669721,-3.4256955e-05,0,0,1
1777227536405000,1777227536251000,1777227536253000,47.3996473,8.5455939,0,0.25,0.25,-0.037828732,-0.009484388,-0.029652568,-0.012940731,0.2574807,0.25749034,0.00022230993,1.3973902e-05,-0.00017218509,-3.2346234e-05,0,0,1
1777227536461000,1777227536303000,1777227536309000,47.399649499999995,8.5455939,0,0.25,0.25,-0.0006607058,-0.008468081,-0.02692145,-0.012519394,0.25750667,0.25751644,6.780906e-08,1.1138457e-05,-0.00015597114,-3.03484e-05,0,0,1
1777227536509000,1777227536355000,1777227536357000,47.399651899999995,8.545594,0,0.25,0.25,-0.027195316,-0.015026893,-0.026947249,-0.012755607,0.25748092,0.25749046,0.000114895534,3.5078192e-05,-0.0001521017,-3.079396e-05,0,0,1
1777227536565000,1777227536407000,1777227536413000,47.399654299999995,8.5455939,0,0.25,0.25,-0.012598224,-0.0066573555,-0.025595529,-0.012181134,0.25750685,0.25751656,2.465414e-05,6.884277e-06,-0.00014009577,-2.8541597e-05,0,0,1
1777227536613000,1777227536459000,1777227536461000,47.39965660000001,8.5455939,0,0.25,0.25,-0.027561774,-0.0061453236,-0.025780754,-0.011612543,0.2574807,0.25749037,0.00011801294,5.866628e-06,-0.0001380155,-2.6405549e-05,0,0,1
1777227536669000,1777227536511000,1777227536517000,47.3996591,8.5455942,0,0.25,0.25,-0.024115738,-0.028293347,-0.025623905,-0.013183923,0.25750664,0.25751647,9.033846e-05,0.00012434366,-0.00013352418,-3.56316e-05,0,0,1
1777227536717000,1777227536563000,1777227536565000,47.3996615,8.5455939,0,0.25,0.25,-0.049813017,-0.0045202393,-0.027902588,-0.012367779,0.25748047,0.25749028,0.0003854796,3.1741104e-06,-0.00015725911,-3.257401e-05,0,0,1
1777227536773000,1777227536615000,1777227536621000,47.3996638,8.5455939,0,0.25,0.25,-0.023332153,-0.004111863,-0.02747204,-0.011590048,0.25750682,0.2575166,8.45631e-05,2.626226e-06,-0.00015041094,-2.9752842e-05,0,0,1
1777227536821000,1777227536667000,1777227536669000,47.399665999999996,8.545594,0,0.25,0.25,-0.026460025,-0.011632815,-0.027376706,-0.011594077,0.25748065,0.2574904,0.00010876668,2.1021737e-05,-0.00014648793,-2.8930346e-05,0,0,1
1777227536877000,1777227536719000,1777227536725000,47.399668299999995,8.545594,0,0.25,0.25,-0.00043929927,-0.011528408,-0.024839124,-0.011587891,0.2575066,0.25751647,2.9977304e-08,2.064399e-05,-0.00013269117,-2.8149747e-05,0,0,1
1777227536925000,1777227536771000,1777227536773000,47.3996709,8.545593799999999,0,0.25,0.25,-0.048901908,0.003772497,-0.027105909,-0.010140898,0.25748086,0.2574905,0.0003715067,2.2108363e-06,-0.00015518829,-2.5289692e-05,0,0,1
1777227536981000,1777227536823000,1777227536829000,47.399673199999995,8.545594,0,0.25,0.25,-0.022117456,-0.01167291,-0.026635982,-0.010285217,0.2575072,0.2575168,7.598729e-05,2.1164728e-05,-0.00014772732,-2.4901108e-05,0,0,1
1777227537029000,1777227536875000,1777227536877000,47.3996755,8.5455939,0,0.25,0.25,-0.036461867,-0.003972717,-0.027561609,-0.009690561,0.25748104,0.2574906,0.00020653447,2.4517371e-06,-0.00015326712,-2.2786313e-05,0,0,1
1777227537085000,1777227536927000,1777227536933000,47.3996778,8.5455939,0,0.25,0.25,-0.010354344,-0.0041366294,-0.025940634,-0.009167365,0.257507,0.25751668,1.6653907e-05,2.6579562e-06,-0.00014039775,-2.0890164e-05,0,0,1
1777227537133000,1777227536979000,1777227536981000,47.3996802,8.545594,0,0.25,0.25,-0.036598224,-0.011704863,-0.026944611,-0.009406405,0.25748083,0.25749046,0.00020808229,2.1282935e-05,-0.00014677383,-2.0927164e-05,0,0,1
1777227537189000,1777227537031000,1777227537037000,47.3996826,8.5455942,0,0.25,0.25,-0.021771824,-0.026775053,-0.026457319,-0.011042582,0.25750718,0.25751674,7.363093e-05,0.00011135641,-0.00013988356,-2.9445862e-05,0,0,1
1777227537237000,1777227537083000,1777227537085000,47.399685,8.5455942,0,0.25,0.25,-0.047730953,-0.026160449,-0.028461358,-0.012466729,0.257481,0.25749055,0.00035392807,0.000106313666,-0.00016004717,-3.6687034e-05,0,0,1
1777227537293000,1777227537135000,1777227537141000,47.3996873,8.545594,0,0.25,0.25,-0.021596441,-0.010610613,-0.027814662,-0.0122918775,0.25750694,0.2575166,7.2449504e-05,1.7487822e-05,-0.00015179522,-3.4878412e-05,0,0,1
1777227537341000,1777227537187000,1777227537189000,47.3996898,8.5455939,0,0.25,0.25,-0.058752164,-0.003320916,-0.030729065,-0.011446787,0.25748077,0.2574904,0.0005362446,1.7132264e-06,-0.00018801147,-3.1754156e-05,0,0,1
1777227537397000,1777227537239000,1777227537245000,47.399692099999996,8.545594,0,0.25,0.25,-0.03221206,-0.011451606,-0.030868767,-0.011447241,0.2575067,0.25751644,0.00016117899,2.0369847e-05,-0.00018548378,-3.068172e-05,0,0,1
1777227537445000,1777227537291000,1777227537293000,47.399694499999995,8.545594,0,0.25,0.25,-0.057878662,-0.011709842,-0.03341318,-0.011471978,0.25748098,0.25749046,0.0005204174,2.1301044e-05,-0.0002170355,-2.9798033e-05,0,0,1
1777227537501000,1777227537343000,1777227537349000,47.3996967,8.545594099999999,0,0.25,0.25,-0.020173447,-0.019641168,-0.03216596,-0.01224154,0.25750732,0.2575167,6.3216525e-05,5.99224e-05,-0.0002025453,-3.2635835e-05,0,0,1
1777227537549000,1777227537395000,1777227537397000,47.3996991,8.545594099999999,0,0.25,0.25,-0.046068776,-0.019661574,-0.033475645,-0.012940528,0.25748116,0.25749052,0.0003297068,6.005308e-05,-0.00021452428,-3.5218618e-05,0,0,1
1777227537605000,1777227537447000,1777227537453000,47.3997013,8.5455939,0,0.25,0.25,-0.008667012,-0.004753814,-0.031138599,-0.0121693155,0.25750712,0.2575166,1.1668352e-05,3.510259e-06,-0.00019541466,-3.2231597e-05,0,0,1
1777227537653000,1777227537499000,1777227537501000,47.399703699999996,8.5455939,0,0.25,0.25,-0.034991298,-0.005183969,-0.031501535,-0.011511276,0.25748137,0.25749058,0.00019021041,4.1746825e-06,-0.0001949244,-2.9588555e-05,0,0,1
1777227537709000,1777227537551000,1777227537557000,47.399706099999996,8.545593799999999,0,0.25,0.25,-0.02023963,0.001690812,-0.03044063,-0.0102676,0.25750732,0.25751665,6.3632e-05,4.4406372e-07,-0.00018255628,-2.6759395e-05,0,0,1
1777227537757000,1777227537603000,1777227537605000,47.399708399999994,8.5455939,0,0.25,0.25,-0.035070512,-0.006492284,-0.030876778,-0.009911954,0.25748116,0.25749046,0.00019107274,6.547777e-06,-0.00018335856,-2.4855402e-05,0,0,1
1777227537813000,1777227537655000,1777227537661000,47.3997107,8.5455939,0,0.25,0.25,-0.008908894,-0.007010827,-0.02880734,-0.00963866,0.2575071,0.2575165,1.2328731e-05,7.634725e-06,-0.00016724705,-2.3233164e-05,0,0,1
1777227537861000,1777227537707000,1777227537709000,47.3997131,8.5455939,0,0.25,0.25,-0.03530133,-0.0074054506,-0.029419092,-0.009428285,0.25748137,0.25749052,0.00019359599,8.519257e-06,-0.0001697292,-2.184707e-05,0,0,1
1777227537917000,1777227537759000,1777227537765000,47.3997154,8.5455939,0,0.25,0.25,-0.009461235,-0.00794714,-0.027539004,-0.009288757,0.2575073,0.25751656,1.3904845e-05,9.810171e-06,-0.00015505009,-2.071316e-05,0,0,1
1777227537965000,1777227537811000,1777227537813000,47.3997178,8.545593799999999,0,0.25,0.25,-0.03593221,-0.0008051217,-0.028329669,-0.008489574,0.25748113,0.25749037,0.00020057759,1.0069828e-07,-0.00015933892,-1.8771407e-05,0,0,1
1777227538021000,1777227537863000,1777227537869000,47.3997202,8.5455937,0,0.25,0.25,-0.021661123,0.005639948,-0.027701473,-0.0071585323,0.2575071,0.2575164,7.288409e-05,4.940891e-06,-0.00015119462,-1.6537639e-05,0,0,1
1777227538069000,1777227537915000,1777227537917000,47.399722499999996,8.5455936,0,0.25,0.25,-0.036935028,0.01205658,-0.0285713,-0.005348413,0.25748134,0.25749043,0.00021192933,2.2581207e-05,-0.00015691601,-1.285253e-05,0,0,1
1777227538125000,1777227537967000,1777227537973000,47.3997249,8.5455937,0,0.25,0.25,-0.022761546,0.0029952538,-0.028024005,-0.004562415,0.2575073,0.25751647,8.047741e-05,1.3935488e-06,-0.00014971527,-1.1510508e-05,0,0,1
1777227538173000,1777227538019000,1777227538021000,47.3997271,8.545593799999999,0,0.25,0.25,-0.026876107,-0.0056608287,-0.027915869,-0.004665889,0.25748116,0.25749028,0.00011221405,4.978049e-06,-0.00014618254,-1.0895131e-05,0,0,1
1777227538229000,1777227538071000,1777227538077000,47.3997295,8.5455937,0,0.25,0.25,-0.013043712,0.00086390215,-0.02651487,-0.0041449666,0.2575071,0.25751632,2.642854e-05,1.1592693e-07,-0.00013490138,-9.857858e-06,0,0,1
1777227538277000,1777227538123000,1777227538125000,47.3997319,8.545593799999999,0,0.25,0.25,-0.03983764,-0.0077111963,-0.027769912,-0.0044809156,0.25748137,0.2574903,0.00024654795,9.237248e-06,-0.0001454188,-9.799394e-06,0,0,1
1777227538333000,1777227538175000,1777227538181000,47.399734099999996,8.5455937,0,0.25,0.25,-0.0037124576,-0.0011140774,-0.02550363,-0.0041637495,0.2575073,0.25751638,2.1408857e-06,1.927906e-07,-0.00013192161,-8.894424e-06,0,0,1
1777227538381000,1777227538227000,1777227538229000,47.399736499999996,8.5455939,0,0.25,0.25,-0.03121251,-0.017175937,-0.026041422,-0.0053895353,0.25748116,0.25749016,0.00015134635,4.5828983e-05,-0.00013375148,-1.2373767e-05,0,0,1
1777227538437000,1777227538279000,1777227538285000,47.399738799999994,8.545593799999999,0,0.25,0.25,-0.0065892306,-0.010662393,-0.024208969,-0.005886254,0.2575071,0.2575162,6.7443516e-06,1.7658946e-05,-0.000121787045,-1.28716465e-05,0,0,1
1777227538485000,1777227538331000,1777227538333000,47.399741299999995,8.545593499999999,0,0.25,0.25,-0.045130406,0.0109378565,-0.026179828,-0.004301374,0.25748092,0.25748998,0.00031641233,1.8585066e-05,-0.00014012131,-9.908333e-06,0,0,1
1777227538541000,1777227538383000,1777227538389000,47.39974360000001,8.545593499999999,0,0.25,0.25,-0.020136295,0.009077538,-0.02561051,-0.0030410415,0.2575073,0.25751624,6.2983905e-05,1.2799455e-05,-0.00013285474,-7.769193e-06,0,0,1
1777227538589000,1777227538435000,1777227538437000,47.399746,8.5455934,0,0.25,0.25,-0.04718756,0.01493912,-0.027643131,-0.001347258,0.25748113,0.25749,0.00034591518,3.4669665e-05,-0.00015292566,-3.7713294e-06,0,0,1
1777227538645000,1777227538487000,1777227538493000,47.3997483,8.5455934,0,0.25,0.25,-0.022191534,0.012866826,-0.027129576,-8.250005e-06,0.2575071,0.25751606,7.649718e-05,2.571571e-05,-0.00014572588,-9.935645e-07,0,0,1
1777227538693000,1777227538539000,1777227538541000,47.3997506,8.5455933,0,0.25,0.25,-0.038403578,0.018633088,-0.028191619,0.0017478182,0.25748092,0.25748983,0.00022911753,5.3934862e-05,-0.00015358161,4.1808526e-06,0,0,1
1777227538749000,1777227538591000,1777227538597000,47.399753,8.545593499999999,0,0.25,0.25,-0.025233533,0.001347025,-0.027912958,0.0017100623,0.25750726,0.2575161,9.8906916e-05,2.8184283e-07,-0.00014843109,3.8135545e-06,0,0,1
1777227538797000,1777227538643000,1777227538645000,47.399755299999995,8.545593499999999,0,0.25,0.25,-0.041363697,-0.00010007268,-0.029180057,0.0015395423,0.2574811,0.25748986,0.000265799,1.555718e-09,-0.00015948749,3.45416e-06,0,0,1
1777227538853000,1777227538695000,1777227538701000,47.399757699999995,8.545593499999999,0,0.25,0.25,-0.028134875,-0.0017344785,-0.029081598,0.0012311201,0.25750706,0.2575159,0.00012295914,4.6729784e-07,-0.00015604642,3.0847473e-06,0,0,1
1777227538901000,1777227538747000,1777227538749000,47.39976,8.5455936,0,0.25,0.25,-0.04422626,-0.01069843,-0.030508269,0.00010732177,0.2574809,0.2574897,0.0003038613,1.7780347e-05,-0.00016997101,1.1191948e-06,0,0,1
1777227538957000,1777227538799000,1777227538805000,47.3997622,8.545593499999999,0,0.25,0.25,-0.008619721,-0.0044215196,-0.028446304,-0.00031930825,0.25750723,0.25751594,1.154136e-05,3.0366796e-06,-0.00015504648,7.2769944e-07,0,0,1
1777227539005000,1777227538851000,1777227538853000,47.399764499999996,8.545593499999999,0,0.25,0.25,-0.025308575,-0.005694517,-0.02815072,-0.00082566857,0.25748107,0.25748974,9.9506186e-05,5.037486e-06,-0.00014981443,1.8460224e-07,0,0,1
1777227539061000,1777227538903000,1777227538909000,47.399766799999995,8.5455933,0,0.25,0.25,-0.001461693,0.007989808,-0.025636537,4.774949e-06,0.25750703,0.25751576,3.3188164e-07,9.915826e-06,-0.00013573274,1.1013119e-06,0,0,1
1777227539109000,1777227538955000,1777227538957000,47.399769199999994,8.545593199999999,0,0.25,0.25,-0.029537957,0.013947141,-0.026004063,0.0013181863,0.25748086,0.25748956,0.00013554265,3.021835e-05,-0.00013571483,3.8442213e-06,0,0,1
1777227539165000,1777227539007000,1777227539013000,47.3997715,8.5455933,0,0.25,0.25,-0.005654492,0.0045306063,-0.024087075,0.0016208056,0.2575068,0.25751558,4.966592e-06,3.188373e-06,-0.00012339797,3.7824384e-06,0,0,1
1777227539213000,1777227539059000,1777227539061000,47.399774,8.5455934,0,0.25,0.25,-0.04480949,-0.0044800327,-0.026039187,0.001046089,0.25748104,0.2574896,0.00031192828,3.1179036e-06,-0.00014115807,3.1324062e-06,0,0,1
1777227539269000,1777227539111000,1777227539117000,47.3997762,8.5455934,0,0.25,0.25,-0.00936429,-0.0058300043,-0.024468362,0.00039834104,0.257507,0.25751564,1.3621366e-05,5.2795167e-06,-0.00012914375,2.3399787e-06,0,0,1
1777227539317000,1777227539163000,1777227539165000,47.3997786,8.545593199999999,0,0.25,0.25,-0.0372392,0.00805778,-0.025671413,0.0011198823,0.25748083,0.25748944,0.00021543479,1.0086288e-05,-0.00013727261,3.0697036e-06,0,0,1
1777227539373000,1777227539215000,1777227539221000,47.399780899999996,8.5455933,0,0.25,0.25,-0.013074143,-0.001181277,-0.024484714,0.0009031064,0.25750676,0.2575155,2.6552036e-05,2.1675051e-07,-0.00012684241,2.76011e-06,0,0,1
1777227539421000,1777227539267000,1777227539269000,47.399783299999996,8.5455934,0,0.25,0.25,-0.040854145,-0.009974194,-0.026026763,-0.000121566816,0.25748104,0.2574895,0.0002592907,1.5454538e-05,-0.00013931943,1.0442373e-06,0,0,1
1777227539477000,1777227539319000,1777227539325000,47.399785699999995,8.545593199999999,0,0.25,0.25,-0.027799627,0.004007017,-0.026193772,0.00026735777,0.25750697,0.25751555,0.00012004635,2.4940139e-06,-0.00013750384,1.1808104e-06,0,0,1
1777227539525000,1777227539371000,1777227539373000,47.39978800000001,8.545593199999999,0,0.25,0.25,-0.043959137,0.0026419358,-0.02786732,0.00049104996,0.25748083,0.25748935,0.00030020188,1.0842895e-06,-0.00015283047,1.1717178e-06,0,0,1
1777227539581000,1777227539423000,1777227539429000,47.3997903,8.5455931,0,0.25,0.25,-0.019645212,0.008699047,-0.027092773,0.0012642671,0.25750676,0.2575154,5.9949398e-05,1.1754392e-05,-0.0001440808,2.1686365e-06,0,0,1
1777227539629000,1777227539475000,1777227539477000,47.3997926,8.5455933,0,0.25,0.25,-0.03606619,-0.007909511,-0.027938096,0.0004000705,0.25748104,0.25748944,0.00020207623,9.718514e-06,-0.00014954414,1.0488324e-06,0,0,1
1777227539685000,1777227539527000,1777227539533000,47.399795,8.5455931,0,0.25,0.25,-0.023161542,0.0060172747,-0.027488131,0.00092922745,0.25750697,0.2575155,8.333087e-05,5.6241424e-06,-0.00014330665,1.4798399e-06,0,0,1
1777227539733000,1777227539579000,1777227539581000,47.399797299999996,8.545593199999999,0,0.25,0.25,-0.039456863,-0.0029415828,-0.02861562,0.0005645859,0.25748083,0.2574893,0.00024185785,1.3441972e-06,-0.00015259047,1.2138073e-06,0,0,1
1777227539789000,1777227539631000,1777227539637000,47.3997995,8.545593,0,0.25,0.25,-0.0041175834,0.010867603,-0.026307834,0.00153516,0.25750676,0.25751537,2.6336386e-06,1.8345281e-05,-0.0001384641,2.8276418e-06,0,0,1
1777227539837000,1777227539683000,1777227539685000,47.3998019,8.545593,0,0.25,0.25,-0.032173164,0.009306768,-0.026860366,0.002267268,0.25748104,0.25748938,0.00016080603,1.34554575e-05,-0.00014056877,3.8288126e-06,0,0,1
1777227539893000,1777227539735000,1777227539741000,47.3998042,8.545593,0,0.25,0.25,-0.008213122,0.007738415,-0.02510374,0.0027826661,0.25750697,0.25751546,1.0478223e-05,9.301666e-06,-0.00012831386,4.3443715e-06,0,0,1
1777227539941000,1777227539787000,1777227539789000,47.3998066,8.5455931,0,0.25,0.25,-0.036087714,-0.0012820241,-0.026138462,0.0023997605,0.25748083,0.25748926,0.00020231768,2.5532495e-07,-0.00013528523,3.911067e-06,0,0,1
1777227539997000,1777227539839000,1777227539845000,47.399809,8.5455931,0,0.25,0.25,-0.023152405,-0.002651622,-0.025857167,0.0019239056,0.2575068,0.25751534,8.32652e-05,1.0921445e-06,-0.00013038478,3.43975e-06,0,0,1
1777227540045000,1777227539891000,1777227539893000,47.3998114,8.545592899999999,0,0.25,0.25,-0.05067385,0.011247502,-0.028194971,0.0028022155,0.25748104,0.25748935,0.000398917,1.9652274e-05,-0.0001556813,4.967017e-06,0,0,1
1777227540101000,1777227539943000,1777227539949000,47.399813599999995,8.5455928,0,0.25,0.25,-0.015129525,0.017047195,-0.026964169,0.004144134,0.257507,0.25751543,3.5556706e-05,4.5140107e-05,-0.00014436521,8.751439e-06,0,0,1
1777227540149000,1777227539995000,1777227539997000,47.3998159,8.5455928,0,0.25,0.25,-0.03176482,0.015335472,-0.027416404,0.0051983907,0.25748083,0.25748923,0.00015675013,3.653383e-05,-0.00014553191,1.1368621e-05,0,0,1
1777227540205000,1777227540047000,1777227540053000,47.3998183,8.545592899999999,0,0.25,0.25,-0.019127177,0.005976315,-0.026635535,0.005271673,0.2575068,0.25751528,5.68294e-05,5.5478404e-06,-0.00013717588,1.0820287e-05,0,0,1
1777227540253000,1777227540099000,1777227540101000,47.3998207,8.5455931,0,0.25,0.25,-0.046828542,-0.010571318,-0.028537774,0.0037792174,0.25748062,0.25748911,0.0003406722,1.7360386e-05,-0.00015634584,8.165585e-06,0,0,1
1777227540309000,1777227540151000,1777227540157000,47.399823,8.545592899999999,0,0.25,0.25,-0.023008214,0.0035047105,-0.028016875,0.003753358,0.257507,0.2575154,8.2231236e-05,1.9079241e-06,-0.00014936403,7.5760954e-06,0,0,1
1777227540357000,1777227540203000,1777227540205000,47.3998255,8.545593,0,0.25,0.25,-0.06216991,-0.0053766435,-0.03123419,0.0028932854,0.25748086,0.2574892,0.00060044817,4.490797e-06,-0.00019185747,6.439359e-06,0,0,1
1777227540413000,1777227540255000,1777227540261000,47.3998278,8.5455928,0,0.25,0.25,-0.03797854,0.008608328,-0.031869527,0.003431659,0.2575068,0.25751525,0.0002240515,1.1510512e-05,-0.00019489024,6.9170765e-06,0,0,1
1777227540461000,1777227540307000,1777227540309000,47.399829999999994,8.5455927,0,0.25,0.25,-0.043222655,0.014735319,-0.032939024,0.0044964966,0.25748065,0.25748906,0.0002902273,3.3730306e-05,-0.00020387127,9.442961e-06,0,0,1
1777227540517000,1777227540359000,1777227540365000,47.3998323,8.5455927,0,0.25,0.25,-0.019519623,0.013046465,-0.031674877,0.0053019286,0.257507,0.25751534,5.91853e-05,2.6438853e-05,-0.00019024144,1.1044023e-05,0,0,1
1777227540565000,1777227540411000,1777227540413000,47.3998347,8.545592599999999,0,0.25,0.25,-0.047587946,0.019049624,-0.033173934,0.0065970016,0.25748086,0.25748917,0.00035181065,5.6373352e-05,-0.00020546172,1.5314177e-05,0,0,1
1777227540621000,1777227540463000,1777227540469000,47.399837,8.545592599999999,0,0.25,0.25,-0.023736468,0.017238114,-0.032284897,0.0075994255,0.2575068,0.25751522,8.751923e-05,4.6156896e-05,-0.00019435119,1.821965e-05,0,0,1
1777227540669000,1777227540515000,1777227540517000,47.3998393,8.5455924,0,0.25,0.25,-0.040446866,0.030681163,-0.033053778,0.009773793,0.25748065,0.25748906,0.0002541471,0.00014623282,-0.00019998413,3.0278863e-05,0,0,1
1777227540725000,1777227540567000,1777227540573000,47.399841599999995,8.5455925,0,0.25,0.25,-0.016825376,0.021024132,-0.031525016,0.010833607,0.25750703,0.2575153,4.3974458e-05,6.865831e-05,-0.00018528757,3.3894317e-05,0,0,1
1777227540773000,1777227540619000,1777227540621000,47.3998438,8.5455924,0,0.25,0.25,-0.022659224,0.026786756,-0.030689832,0.01233644,0.25748086,0.25748914,7.976367e-05,0.000111465706,-0.00017534691,4.120177e-05,0,0,1
1777227540829000,1777227540671000,1777227540677000,47.3998463,8.5455925,0,0.25,0.25,-0.021834698,0.01751334,-0.029855652,0.012824119,0.25750682,0.25751522,7.4056916e-05,4.7642556e-05,-0.0001658051,4.180851e-05,0,0,1
1777227540877000,1777227540723000,1777227540725000,47.3998487,8.5455924,0,0.25,0.25,-0.049841747,0.023719853,-0.0317384,0.013850529,0.25748065,0.25748903,0.0003859241,8.7402776e-05,-0.00018654096,4.6103625e-05,0,0,1
1777227540933000,1777227540775000,1777227540781000,47.3998512,8.5455925,0,0.25,0.25,-0.04828849,0.014556002,-0.033297468,0.013916986,0.25750658,0.25751507,0.00036220875,3.2911037e-05,-0.00020308938,4.4860844e-05,0,0,1
1777227540981000,1777227540827000,1777227540829000,47.3998536,8.545592599999999,0,0.25,0.25,-0.07554711,0.005751663,-0.037277505,0.013147789,0.25748086,0.25748911,0.000886647,5.1391107e-06,-0.00026748248,4.1118943e-05,0,0,1
1777227541037000,1777227540879000,1777227540885000,47.3998558,8.5455925,0,0.25,0.25,-0.039766487,0.012247699,-0.037511975,0.013062998,0.25750682,0.2575152,0.00024564375,2.330055e-05,-0.00026542522,3.9440398e-05,0,0,1
1777227541085000,1777227540931000,1777227540933000,47.399858099999996,8.5455925,0,0.25,0.25,-0.056235775,0.011086406,-0.03927581,0.0128767975,0.25748065,0.25748903,0.0004912932,1.909338e-05,-0.00028670265,3.752365e-05,0,0,1
1777227541141000,1777227540983000,1777227540989000,47.3998602,8.545592599999999,0,0.25,0.25,-0.0098461,0.002395267,-0.036503445,0.0118894065,0.2575066,0.25751507,1.5059138e-05,8.9117947e-07,-0.00026111305,3.4072764e-05,0,0,1
1777227541189000,1777227541035000,1777227541037000,47.399862399999996,8.545592599999999,0,0.25,0.25,-0.015903948,0.0015714641,-0.03456291,0.010917426,0.25748086,0.25748911,3.9293885e-05,3.8362782e-07,-0.00024021704,3.089915e-05,0,0,1
1777227541245000,1777227541087000,1777227541093000,47.399864799999996,8.545592599999999,0,0.25,0.25,-0.004180614,0.0011270054,-0.031700812,0.00999514,0.25750682,0.2575152,2.7148847e-06,1.9729187e-07,-0.00021784364,2.8006947e-05,0,0,1
1777227541293000,1777227541139000,1777227541141000,47.3998673,8.5455925,0,0.25,0.25,-0.043821637,0.00830743,-0.03284263,0.009836153,0.25748068,0.25748903,0.00029832698,1.07209835e-05,-0.0002254254,2.6378559e-05,0,0,1
1777227541349000,1777227541191000,1777227541197000,47.399869699999996,8.5455923,0,0.25,0.25,-0.031223774,0.022814184,-0.032690126,0.011058722,0.2575066,0.2575151,0.00015144063,8.084761e-05,-0.00021845583,3.1509702e-05,0,0,1
1777227541397000,1777227541243000,1777227541245000,47.399871999999995,8.5455924,0,0.25,0.25,-0.047759477,0.01425593,-0.034109704,0.011359908,0.2574809,0.25748914,0.00035435136,3.157128e-05,-0.00023125758,3.15155e-05,0,0,1
1777227541453000,1777227541295000,1777227541301000,47.399874399999995,8.5455924,0,0.25,0.25,-0.03498769,0.013560507,-0.034192413,0.011567211,0.25750726,0.25751546,0.00019015207,2.856331e-05,-0.00022738532,3.1237396e-05,0,0,1
1777227541501000,1777227541347000,1777227541349000,47.399876600000006,8.5455924,0,0.25,0.25,-0.040179934,0.013239705,-0.034756456,0.0117247645,0.2574811,0.25748926,0.0002508032,2.7230619e-05,-0.00022959134,3.0859945e-05,0,0,1
1777227541557000,1777227541399000,1777227541405000,47.3998789,8.545592599999999,0,0.25,0.25,-0.016392164,-0.0020143907,-0.033026487,0.010430496,0.25750706,0.25751537,4.1739135e-05,6.302955e-07,-0.00021189512,2.7893473e-05,0,0,1
1777227541605000,1777227541451000,1777227541453000,47.399881199999996,8.5455924,0,0.25,0.25,-0.03328049,0.013382128,-0.033050414,0.010708548,0.2574813,0.2574894,0.00017206547,2.7819606e-05,-0.00020814306,2.7886515e-05,0,0,1
1777227541661000,1777227541503000,1777227541509000,47.3998835,8.5455925,0,0.25,0.25,-0.009662689,0.0058740354,-0.030847222,0.010253123,0.25750726,0.25751552,1.4503288e-05,5.3595672e-06,-0.00018990162,2.5764411e-05,0,0,1
1777227541709000,1777227541555000,1777227541557000,47.3998859,8.5455923,0,0.25,0.25,-0.037506443,0.021123791,-0.03147454,0.011277172,0.2574811,0.25748932,0.0002185377,6.931776e-05,-0.00019259923,2.9867264e-05,0,0,1
1777227541765000,1777227541607000,1777227541613000,47.3998883,8.5455923,0,0.25,0.25,-0.024509907,0.021110883,-0.03081845,0.012203536,0.25750706,0.25751543,9.331558e-05,6.9226044e-05,-0.00018324642,3.3574976e-05,0,0,1
1777227541813000,1777227541659000,1777227541661000,47.3998907,8.5455923,0,0.25,0.25,-0.05184265,0.021187117,-0.03279899,0.013049816,0.2574813,0.25748947,0.00041753094,6.973395e-05,-0.0002053167,3.6981255e-05,0,0,1
1777227541869000,1777227541711000,1777227541717000,47.399893,8.5455924,0,0.25,0.25,-0.027113538,0.013981017,-0.032263406,0.013137538,0.25750723,0.25751558,0.000114193914,3.0362256e-05,-0.00019673267,3.6357727e-05,0,0,1
1777227541917000,1777227541763000,1777227541765000,47.3998953,8.545592599999999,0,0.25,0.25,-0.043171693,-0.00074682507,-0.033290997,0.01182959,0.2574811,0.25748938,0.00028954283,8.664399e-08,-0.00020547566,3.2924563e-05,0,0,1
1777227541973000,1777227541815000,1777227541821000,47.399897700000004,8.5455924,0,0.25,0.25,-0.029426534,0.015757592,-0.032926954,0.01219962,0.25750703,0.2575155,0.00013450831,3.856882e-05,-0.00019879034,3.345627e-05,0,0,1
1777227542021000,1777227541867000,1777227541869000,47.399899999999995,8.5455924,0,0.25,0.25,-0.04507773,0.01646402,-0.034071594,0.012601338,0.25748086,0.25748932,0.00031567423,4.2108768e-05,-0.00020980115,3.4271357e-05,0,0,1
1777227542077000,1777227541919000,1777227541925000,47.3999023,8.545592599999999,0,0.25,0.25,-0.020028299,0.0026429119,-0.032748677,0.0116632255,0.25750723,0.25751564,6.231013e-05,1.08498e-06,-0.00019590707,3.1145104e-05,0,0,1
1777227542125000,1777227541971000,1777227541973000,47.3999046,8.5455925,0,0.25,0.25,-0.035452936,0.011698121,-0.033003427,0.011666513,0.25748107,0.25748947,0.00019526262,2.1258506e-05,-0.00019584635,3.0213758e-05,0,0,1
1777227542181000,1777227542023000,1777227542029000,47.399907,8.545592599999999,0,0.25,0.25,-0.021457331,0.0057885093,-0.03191575,0.011112788,0.257507,0.25751558,7.1519156e-05,5.204631e-06,-0.00018413438,2.7857826e-05,0,0,1
1777227542229000,1777227542075000,1777227542077000,47.3999094,8.545592599999999,0,0.25,0.25,-0.047955826,0.007202392,-0.033426773,0.010744417,0.25748083,0.2574894,0.00035727106,8.058498e-06,-0.00020044435,2.5992673e-05,0,0,1
1777227542285000,1777227542127000,1777227542133000,47.3999118,8.545592599999999,0,0.25,0.25,-0.03345323,0.009243162,-0.033429265,0.010602995,0.2575072,0.25751573,0.0001738388,1.3270808e-05,-0.00019793803,2.4794237e-05,0,0,1
1777227542333000,1777227542179000,1777227542181000,47.3999141,8.5455927,0,0.25,0.25,-0.048035406,0.003331776,-0.034805205,0.009918025,0.25748104,0.25748956,0.00035845747,1.7244553e-06,-0.00021305944,2.2620996e-05,0,0,1
1777227542389000,1777227542231000,1777227542237000,47.3999166,8.545592599999999,0,0.25,0.25,-0.044279885,0.013087663,-0.035697747,0.010216614,0.25750738,0.25751588,0.00030456728,2.6606036e-05,-0.00022167974,2.2996399e-05,0,0,1
1777227542437000,1777227542283000,1777227542285000,47.399918799999995,8.5455928,0,0.25,0.25,-0.04736982,1.6541788e-05,-0.03679729,0.009255738,0.25748122,0.2574897,0.00034859238,4.2507442e-11,-0.00023363528,2.0830075e-05,0,0,1
1777227542493000,1777227542335000,1777227542341000,47.3999212,8.5455928,0,0.25,0.25,-0.032485653,0.002714294,-0.03639112,0.008639515,0.25750756,0.25751603,0.00016392802,1.144378e-06,-0.00022706865,1.8975625e-05,0,0,1
1777227542541000,1777227542387000,1777227542389000,47.3999236,8.5455927,0,0.25,0.25,-0.05821305,0.012545883,-0.03844681,0.009007506,0.2574814,0.25748986,0.00052644726,2.4451321e-05,-0.00025527098,1.9491452e-05,0,0,1
1777227542597000,1777227542439000,1777227542445000,47.3999258,8.5455928,0,0.25,0.25,-0.020668002,0.007449523,-0.036771994,0.00886074,0.25750732,0.25751594,6.635404e-05,8.62011e-06,-0.00023747445,1.8467339e-05,0,0,1
1777227542645000,1777227542491000,1777227542493000,47.3999281,8.545592899999999,0,0.25,0.25,-0.03559714,0.0020847924,-0.03666132,0.008222426,0.2574812,0.25748977,0.00019685423,6.751894e-07,-0.00023364791,1.6791268e-05,0,0,1
1777227542701000,1777227542543000,1777227542549000,47.399930399999995,8.545593,0,0.25,0.25,-0.009741585,-0.0024218482,-0.034125403,0.007219705,0.25750712,0.25751588,1.4741103e-05,9.11066e-07,-0.00021302624,1.5123656e-05,0,0,1
1777227542749000,1777227542595000,1777227542597000,47.399932799999995,8.5455931,0,0.25,0.25,-0.036111746,-0.0071689617,-0.03431252,0.0058642505,0.25748137,0.25748992,0.00020258682,7.983848e-06,-0.00021204283,1.2946863e-05,0,0,1
1777227542805000,1777227542647000,1777227542653000,47.399935199999994,8.5455931,0,0.25,0.25,-0.021461688,-0.0038360627,-0.033101935,0.0049504526,0.25750732,0.25751603,7.154811e-05,2.2857416e-06,-0.00019880781,1.1511907e-05,0,0,1
1777227542853000,1777227542699000,1777227542701000,47.3999376,8.5455931,0,0.25,0.25,-0.047576655,-0.001037071,-0.034465495,0.0043864106,0.25748116,0.25748986,0.0003516433,1.6707708e-07,-0.00021320536,1.0411713e-05,0,0,1
1777227542909000,1777227542751000,1777227542757000,47.39993990000001,8.545593199999999,0,0.25,0.25,-0.021485874,-0.0054662838,-0.033242777,0.0034582582,0.2575071,0.25751597,7.1709524e-05,4.6413056e-06,-0.00019987604,8.993675e-06,0,0,1
1777227542957000,1777227542803000,1777227542805000,47.3999422,8.5455933,0,0.25,0.25,-0.036475535,-0.010143769,-0.033547312,0.0021769078,0.25748137,0.25748998,0.00020668909,1.5984473e-05,-0.00020051785,6.6406606e-06,0,0,1
1777227543013000,1777227542855000,1777227542861000,47.3999445,8.5455934,0,0.25,0.25,-0.010831873,-0.014358944,-0.031407453,0.0006191825,0.2575073,0.2575161,1.8225423e-05,3.2025848e-05,-0.00018334537,2.9981632e-06,0,0,1
1777227543061000,1777227542907000,1777227542909000,47.399946899999996,8.5455933,0,0.25,0.25,-0.037292805,-0.0036780422,-0.03196187,0.00021437142,0.25748113,0.2574899,0.00021605518,2.1015185e-06,-0.00018642673,2.5177583e-06,0,0,1
1777227543117000,1777227542959000,1777227542965000,47.399949199999995,8.545593199999999,0,0.25,0.25,-0.011609374,0.006963872,-0.030044606,0.00085019396,0.2575071,0.257516,2.0935742e-05,7.5328153e-06,-0.000170837,2.9901912e-06,0,0,1
1777227543165000,1777227543011000,1777227543013000,47.399951699999995,8.5455931,0,0.25,0.25,-0.049222395,0.016977396,-0.03185121,0.0023694234,0.25748134,0.25749,0.0003763914,4.4775636e-05,-0.00019020082,6.9265016e-06,0,0,1
1777227543221000,1777227543063000,1777227543069000,47.399954,8.545593199999999,0,0.25,0.25,-0.02327598,0.011931973,-0.0310434,0.0032702433,0.25750726,0.2575161,8.415627e-05,2.2114653e-05,-0.00018021112,8.3572695e-06,0,0,1
1777227543269000,1777227543115000,1777227543117000,47.3999563,8.5455931,0,0.25,0.25,-0.03851445,0.021711517,-0.031747192,0.005007465,0.2574811,0.2574899,0.00023044221,7.3228504e-05,-0.00018494304,1.4468329e-05,0,0,1
1777227543325000,1777227543167000,1777227543173000,47.3999587,8.5455933,0,0.25,0.25,-0.024398476,0.008908343,-0.031054921,0.0053749387,0.25750703,0.25751597,9.246903e-05,1.232678e-05,-0.00017623173,1.4266589e-05,0,0,1
1777227543373000,1777227543219000,1777227543221000,47.3999611,8.545593199999999,0,0.25,0.25,-0.05091188,0.018793302,-0.032925505,0.0066389875,0.25748128,0.25748998,0.00040267312,5.486632e-05,-0.00019756316,1.8091201e-05,0,0,1
1777227543429000,1777227543271000,1777227543277000,47.399963400000004,8.5455933,0,0.25,0.25,-0.025396163,0.013694595,-0.03221622,0.0073036463,0.2575072,0.25751606,0.00010018595,2.913091e-05,-0.00018838994,1.9131174e-05,0,0,1
1777227543477000,1777227543323000,1777227543325000,47.399965699999996,8.545593499999999,0,0.25,0.25,-0.04078696,0.00075318455,-0.03302361,0.006686574,0.25748104,0.25748983,0.0002584386,8.812573e-08,-0.00019498872,1.7337263e-05,0,0,1
1777227543533000,1777227543375000,1777227543381000,47.399968,8.5455936,0,0.25,0.25,-0.015678968,-0.00409087,-0.031389695,0.0056713074,0.25750697,0.2575159,3.8186157e-05,2.5994846e-06,-0.00018021747,1.5459163e-05,0,0,1
1777227543581000,1777227543427000,1777227543429000,47.3999702,8.5455937,0,0.25,0.25,-0.02025481,-0.00938231,-0.030340755,0.004253213,0.25748125,0.25748992,6.373393e-05,1.3674748e-05,-0.00016924438,1.2714664e-05,0,0,1
1777227543637000,1777227543479000,1777227543485000,47.3999726,8.5455937,0,0.25,0.25,-0.0073255217,-0.006772226,-0.028172653,0.0032145844,0.25750718,0.25751597,8.33581e-06,7.1239156e-06,-0.00015408633,1.08458125e-05,0,0,1
1777227543685000,1777227543531000,1777227543533000,47.399975,8.5455937,0,0.25,0.25,-0.03493066,-0.0044048154,-0.028809277,0.0024968148,0.257481,0.25748977,0.00018955201,3.0140843e-06,-0.0001574273,9.54017e-06,0,0,1
1777227543741000,1777227543583000,1777227543589000,47.3999774,8.545593799999999,0,0.25,0.25,-0.021629777,-0.00952781,-0.028132947,0.0013640603,0.25750694,0.25751582,7.267334e-05,1.4100751e-05,-0.00014944324,7.313127e-06,0,0,1
1777227543789000,1777227543635000,1777227543637000,47.399979699999996,8.5455937,0,0.25,0.25,-0.0376157,-2.0867677e-05,-0.02902625,0.0012335961,0.25748077,0.2574896,0.00021981308,6.7647006e-11,-0.00015607227,6.624203e-06,0,0,1
1777227543845000,1777227543687000,1777227543693000,47.399982099999995,8.5455936,0,0.25,0.25,-0.024236577,0.009335968,-0.028575048,0.0019968632,0.25750712,0.25751588,9.1245885e-05,1.3538628e-05,-0.00014996545,7.275562e-06,0,0,1
1777227543893000,1777227543739000,1777227543741000,47.3999844,8.545593799999999,0,0.25,0.25,-0.04011316,-0.0044020186,-0.029661972,0.00139407,0.25748095,0.25748965,0.0002499704,3.01026e-06,-0.00015938621,6.3066077e-06,0,0,1
1777227543949000,1777227543791000,1777227543797000,47.3999867,8.545593799999999,0,0.25,0.25,-0.015423355,-0.002545688,-0.028320653,0.0010229333,0.25750688,0.25751573,3.6951224e-05,1.0066224e-06,-0.00014785248,5.61768e-06,0,0,1
1777227543997000,1777227543843000,1777227543845000,47.3999891,8.545593799999999,0,0.25,0.25,-0.042759176,-0.00088580145,-0.029680803,0.00084312493,0.2574807,0.2574895,0.00028403636,1.2189145e-07,-0.0001606814,5.076996e-06,0,0,1
1777227544053000,1777227543895000,1777227543901000,47.3999915,8.5455939,0,0.25,0.25,-0.029260943,-0.007095592,-0.029641252,9.5274765e-05,0.25750706,0.2575158,0.00013299873,7.820479e-06,-0.00015807361,3.8620165e-06,0,0,1
1777227544101000,1777227543947000,1777227543949000,47.3999939,8.545593799999999,0,0.25,0.25,-0.05617428,0.0018794097,-0.03214074,0.00026334546,0.2574809,0.25748956,0.0004902188,5.487105e-07,-0.00018936266,3.5498933e-06,0,0,1
1777227544157000,1777227543999000,1777227544005000,47.399996099999996,8.545593799999999,0,0.25,0.25,-0.01991828,0.003066438,-0.030989349,0.00052740495,0.25750682,0.2575156,6.162755e-05,1.4605782e-06,-0.00017732964,3.3530737e-06,0,0,1
1777227544205000,1777227544051000,1777227544053000,47.3999984,8.5455939,0,0.25,0.25,-0.035937358,-0.0034012042,-0.031455465,0.00015731854,0.25748068,0.2574894,0.00020063543,1.7970743e-06,-0.00017952512,2.8679146e-06,0,0,1
1777227544261000,1777227544103000,1777227544109000,47.4000007,8.545594099999999,0,0.25,0.25,-0.011473808,-0.017627815,-0.029573135,-0.0015180927,0.25750703,0.2575157,2.0449661e-05,4.8267324e-05,-0.00016453974,-1.949173e-06,0,0,1
1777227544309000,1777227544155000,1777227544157000,47.4000031,8.5455942,0,0.25,0.25,-0.0389514,-0.023964008,-0.030456595,-0.0036325632,0.25748086,0.2574895,0.00023570089,8.92112e-05,-0.00017124333,-1.016951e-05,0,0,1
1777227544365000,1777227544207000,1777227544213000,47.4000055,8.545594099999999,0,0.25,0.25,-0.025575696,-0.01496198,-0.0299968,-0.004699827,0.2575068,0.25751555,0.000101607606,3.47724e-05,-0.00016468344,-1.2487173e-05,0,0,1
1777227544413000,1777227544259000,1777227544261000,47.400007800000004,8.545594,0,0.25,0.25,-0.041527916,-0.0063469075,-0.031083064,-0.004854987,0.25748062,0.25748932,0.00026791418,6.2578492e-06,-0.00017440808,-1.1900353e-05,0,0,1
1777227544469000,1777227544311000,1777227544317000,47.4000102,8.545594,0,0.25,0.25,-0.02855951,-0.006073826,-0.030845338,-0.004969805,0.25750655,0.25751537,0.00012669901,5.7303546e-06,-0.00016991375,-1.1319121e-05,0,0,1
1777227544517000,1777227544363000,1777227544365000,47.4000126,8.545594099999999,0,0.25,0.25,-0.055949483,-0.013242616,-0.03321022,-0.005749128,0.25748083,0.25748938,0.00048630332,2.7242582e-05,-0.00019971858,-1.2819157e-05,0,0,1
1777227544573000,1777227544415000,1777227544421000,47.400014899999995,8.545594099999999,0,0.25,0.25,-0.031407006,-0.012727644,-0.033040352,-0.006406524,0.25750676,0.25751543,0.00015322317,2.5162442e-05,-0.00019533858,-1.398193e-05,0,0,1
1777227544621000,1777227544467000,1777227544469000,47.4000171,8.545594099999999,0,0.25,0.25,-0.03639188,-0.0126385605,-0.033356074,-0.0069936,0.2574806,0.25748923,0.00020574273,2.4813964e-05,-0.00019631868,-1.500234e-05,0,0,1
1777227544677000,1777227544519000,1777227544525000,47.4000195,8.5455942,0,0.25,0.25,-0.023636036,-0.020232648,-0.032440417,-0.008240757,0.25750652,0.25751528,8.6780274e-05,6.3586136e-05,-0.00018599984,-1.9579074e-05,0,0,1
1777227544725000,1777227544571000,1777227544573000,47.4000219,8.5455942,0,0.25,0.25,-0.051263954,-0.019938234,-0.034213647,-0.009342693,0.2574808,0.2574893,0.00040826236,6.1755294e-05,-0.00020693762,-2.3552197e-05,0,0,1
1777227544781000,1777227544623000,1777227544629000,47.4000242,8.5455942,0,0.25,0.25,-0.026947044,-0.019817634,-0.03352911,-0.010329463,0.25750673,0.25751534,0.00011279599,6.1004306e-05,-0.0001980692,-2.7080294e-05,0,0,1
1777227544829000,1777227544675000,1777227544677000,47.4000266,8.5455942,0,0.25,0.25,-0.05451565,-0.019572893,-0.035506103,-0.01120022,0.2574806,0.25748914,0.0004616979,5.95129e-05,-0.0002229038,-3.013554e-05,0,0,1
1777227544885000,1777227544727000,1777227544733000,47.400028999999996,8.5455942,0,0.25,0.25,-0.04140952,-0.019508744,-0.036062222,-0.011982908,0.25750652,0.2575152,0.0002663619,5.9117458e-05,-0.00022699767,-3.286572e-05,0,0,1
1777227544933000,1777227544779000,1777227544781000,47.4000312,8.545594,0,0.25,0.25,-0.046251412,-0.004520922,-0.037022073,-0.011279967,0.2574808,0.2574892,0.00033232666,3.1750824e-06,-0.00023691996,-3.0068775e-05,0,0,1
1777227544989000,1777227544831000,1777227544837000,47.4000336,8.545594,0,0.25,0.25,-0.033409804,-0.0053533553,-0.036681786,-0.010721663,0.25750673,0.25751525,0.00017338809,4.4515286e-06,-0.00023093508,-2.7655557e-05,0,0,1
1777227545037000,1777227544883000,1777227544885000,47.400036,8.545594,0,0.25,0.25,-0.06083347,-0.0059693176,-0.038956944,-0.010273978,0.25748056,0.25748906,0.00057491113,5.5354203e-06,-0.00026333862,-2.5571775e-05,0,0,1
1777227545093000,1777227544935000,1777227544941000,47.4000383,8.545594,0,0.25,0.25,-0.03640195,-0.0067777704,-0.038716257,-0.009944625,0.25750652,0.2575151,0.00020583587,7.1356076e-06,-0.0002579217,-2.3835035e-05,0,0,1
1777227545141000,1777227544987000,1777227544989000,47.4000406,8.545593799999999,0,0.25,0.25,-0.05254993,0.0077658026,-0.04001943,-0.008276251,0.25748077,0.25748911,0.00042900213,9.36858e-06,-0.00027403797,-2.0707157e-05,0,0,1
1777227545197000,1777227545039000,1777227545045000,47.400042899999995,8.545593799999999,0,0.25,0.25,-0.028269142,0.006085475,-0.03891252,-0.0069233347,0.25750673,0.25751516,0.0001241357,5.752361e-06,-0.00025991673,-1.8214594e-05,0,0,1
1777227545245000,1777227545091000,1777227545093000,47.4000452,8.545594,0,0.25,0.25,-0.04462062,-0.010308016,-0.03945024,-0.0072421813,0.2574806,0.25748897,0.0003093048,1.6506368e-05,-0.00026456924,-1.8053674e-05,0,0,1
1777227545301000,1777227545143000,1777227545149000,47.4000475,8.545594099999999,0,0.25,0.25,-0.02058272,-0.01899117,-0.037672862,-0.00834897,0.25750652,0.25751504,6.580779e-05,5.602229e-05,-0.00024584535,-2.1630427e-05,0,0,1
1777227545349000,1777227545195000,1777227545197000,47.4000499,8.5455939,0,0.25,0.25,-0.048320755,-0.004528997,-0.038675927,-0.007989117,0.2574808,0.25748906,0.00036272925,3.1864367e-06,-0.00025685615,-1.989295e-05,0,0,1
1777227545405000,1777227545247000,1777227545253000,47.4000522,8.545594,0,0.25,0.25,-0.024163311,-0.013447505,-0.037308797,-0.008503313,0.25750673,0.25751513,9.06952e-05,2.8089285e-05,-0.0002412033,-2.066507e-05,0,0,1
1777227545453000,1777227545299000,1777227545301000,47.4000546,8.545594,0,0.25,0.25,-0.051738754,-0.014601865,-0.03866814,-0.009077814,0.2574806,0.25748894,0.00041586027,3.3122116e-05,-0.0002576565,-2.183856e-05,0,0,1
1777227545509000,1777227545351000,1777227545357000,47.400056899999996,8.545594,0,0.25,0.25,-0.02750503,-0.016115159,-0.037616543,-0.009740753,0.25750652,0.257515,0.00011751574,4.033914e-05,-0.00024445483,-2.3581368e-05,0,0,1
1777227545557000,1777227545403000,1777227545405000,47.400059299999995,8.545594,0,0.25,0.25,-0.055116985,-0.017297307,-0.039265137,-0.010452602,0.25748038,0.25748882,0.00047193994,4.6479196e-05,-0.0002658846,-2.5738409e-05,0,0,1
1777227545613000,1777227545455000,1777227545461000,47.4000616,8.545594,0,0.25,0.25,-0.030732198,-0.018786414,-0.03846131,-0.011237672,0.25750676,0.2575151,0.00014670962,5.482076e-05,-0.00025465796,-2.847805e-05,0,0,1
1777227545661000,1777227545507000,1777227545509000,47.400064,8.5455939,0,0.25,0.25,-0.058091708,-0.012305863,-0.04031055,-0.011338298,0.2574806,0.25748894,0.00052425644,2.352478e-05,-0.00028005493,-2.8011438e-05,0,0,1
1777227545717000,1777227545559000,1777227545565000,47.4000663,8.5455937,0,0.25,0.25,-0.033627428,0.0011563688,-0.03968098,-0.010161264,0.25750655,0.257515,0.00017565441,2.0770652e-07,-0.0002702201,-2.5353113e-05,0,0,1
1777227545765000,1777227545611000,1777227545613000,47.4000686,8.5455937,0,0.25,0.25,-0.049741194,-0.0008699492,-0.040628683,-0.009285995,0.2574804,0.25748885,0.00038436885,1.1756806e-07,-0.00028097324,-2.2975852e-05,0,0,1
1777227545821000,1777227545663000,1777227545669000,47.400070899999996,8.5455937,0,0.25,0.25,-0.02548755,-0.0032059841,-0.039202344,-0.00871324,0.2575068,0.25751513,0.00010090844,1.5965406e-06,-0.00026401062,-2.096186e-05,0,0,1
1777227545869000,1777227545715000,1777227545717000,47.4000732,8.5455936,0,0.25,0.25,-0.04188505,0.0025570954,-0.039455064,-0.0076515414,0.25748062,0.25748897,0.00027254203,1.0157696e-06,-0.0002648143,-1.8891504e-05,0,0,1
1777227545925000,1777227545767000,1777227545773000,47.4000756,8.5455937,0,0.25,0.25,-0.029110713,-0.007470252,-0.038480595,-0.0076344633,0.25750658,0.25751504,0.00013163681,8.668179e-06,-0.0002522686,-1.7928436e-05,0,0,1
1777227545973000,1777227545819000,1777227545821000,47.4000779,8.545593799999999,0,0.25,0.25,-0.045461405,-0.016858714,-0.03913821,-0.008503415,0.25748044,0.25748888,0.00032107127,4.4152e-05,-0.00025875002,-2.0398773e-05,0,0,1
1777227546029000,1777227545871000,1777227545877000,47.4000802,8.545593799999999,0,0.25,0.25,-0.021508813,-0.01878438,-0.037477467,-0.009471912,0.25750682,0.25751516,7.186281e-05,5.4808876e-05,-0.0002411447,-2.3640305e-05,0,0,1
1777227546077000,1777227545923000,1777227545925000,47.4000826,8.5455936,0,0.25,0.25,-0.049607005,-0.005114185,-0.038620103,-0.009061402,0.25748068,0.25748897,0.0003822974,4.0630694e-06,-0.0002544417,-2.1796073e-05,0,0,1
1777227546133000,1777227545975000,1777227545981000,47.400084899999996,8.5455939,0,0.25,0.25,-0.025757495,-0.03001432,-0.037408408,-0.011035227,0.25750664,0.25751507,0.00010305732,0.00013993113,-0.00024018085,-3.2924738e-05,0,0,1
1777227546181000,1777227546027000,1777227546029000,47.4000871,8.545593799999999,0,0.25,0.25,-0.031377833,-0.023565888,-0.03684031,-0.012215652,0.2574805,0.2574889,0.00015295424,8.627185e-05,-0.00023196384,-3.795019e-05,0,0,1
1777227546237000,1777227546079000,1777227546085000,47.40008960000001,8.5455937,0,0.25,0.25,-0.030374369,-0.017668314,-0.036231197,-0.012729309,0.25750643,0.25751498,0.00014331327,4.84895e-05,-0.0002236127,-3.8943024e-05,0,0,1
1777227546285000,1777227546131000,1777227546133000,47.4000919,8.545593499999999,0,0.25,0.25,-0.046989057,-0.0039439895,-0.037244618,-0.011901706,0.2574807,0.25748903,0.00034301155,2.416422e-06,-0.00023486042,-3.550211e-05,0,0,1
1777227546341000,1777227546183000,1777227546189000,47.400094200000005,8.545593499999999,0,0.25,0.25,-0.023266632,-0.006005126,-0.03592785,-0.011346231,0.25750667,0.2575151,8.408888e-05,5.6014637e-06,-0.0002206573,-3.2685384e-05,0,0,1
1777227546389000,1777227546235000,1777227546237000,47.4000966,8.5455934,0,0.25,0.25,-0.051191717,-0.000111711866,-0.03736575,-0.010287907,0.25748053,0.25748894,0.00040711305,1.9386528e-09,-0.00023822197,-2.9606508e-05,0,0,1
1777227546445000,1777227546287000,1777227546293000,47.400098899999996,8.545593499999999,0,0.25,0.25,-0.027216002,-0.009742514,-0.036409613,-0.01023653,0.2575065,0.25751504,0.00011505897,1.4743462e-05,-0.00022661965,-2.8206367e-05,0,0,1
1777227546493000,1777227546339000,1777227546341000,47.400101299999996,8.5455934,0,0.25,0.25,-0.055014834,-0.0036910826,-0.03816228,-0.00961993,0.25748074,0.2574891,0.0004701916,2.1164533e-06,-0.00024956482,-2.574862e-05,0,0,1
1777227546549000,1777227546391000,1777227546397000,47.4001036,8.5455934,0,0.25,0.25,-0.030789489,-0.005300086,-0.03746774,-0.009212988,0.2575067,0.2575152,0.00014725716,4.3633795e-06,-0.00023992715,-2.3734068e-05,0,0,1
1777227546597000,1777227546443000,1777227546445000,47.400106,8.545593199999999,0,0.25,0.25,-0.058020465,0.008610022,-0.039403867,-0.007534009,0.25748053,0.25748903,0.0005229715,1.1516217e-05,-0.00026659074,-2.0413388e-05,0,0,1
1777227546653000,1777227546495000,1777227546501000,47.4001084,8.5455933,0,0.25,0.25,-0.04430381,-0.00078215764,-0.039865457,-0.006897965,0.2575065,0.25751513,0.00030489758,9.502674e-08,-0.00027019935,-1.849934e-05,0,0,1
1777227546701000,1777227546547000,1777227546549000,47.4001107,8.5455933,0,0.25,0.25,-0.059888754,-0.00206917,-0.04175171,-0.0064430786,0.25748074,0.2574892,0.0005571932,6.6510967e-07,-0.000297235,-1.6819304e-05,0,0,1
1777227546757000,1777227546599000,1777227546605000,47.400112899999996,8.545593499999999,0,0.25,0.25,-0.023405742,-0.01816306,-0.040023465,-0.007547135,0.2575067,0.2575153,8.5097396e-05,5.1243052e-05,-0.00027725103,-2.0062122e-05,0,0,1
1777227546805000,1777227546651000,1777227546653000,47.4001153,8.5455936,0,0.25,0.25,-0.050315347,-0.026101481,-0.04099299,-0.009295008,0.25748056,0.25748917,0.00039329324,0.00010583549,-0.00028818255,-2.8142222e-05,0,0,1
1777227546861000,1777227546703000,1777227546709000,47.400117599999994,8.5455934,0,0.25,0.25,-0.025267068,-0.0112563,-0.03951156,-0.009479768,0.2575065,0.25751528,9.9170284e-05,1.968105e-05,-0.00027037703,-2.7345155e-05,0,0,1
1777227546909000,1777227546755000,1777227546757000,47.4001199,8.5455934,0,0.25,0.25,-0.041029148,-0.011427034,-0.039654523,-0.009663206,0.25748074,0.25748932,0.00026151718,2.0284662e-05,-0.00026954242,-2.6680036e-05,0,0,1
1777227546965000,1777227546807000,1777227546813000,47.4001223,8.5455931,0,0.25,0.25,-0.027404109,0.010936869,-0.0385005,-0.0077226185,0.2575067,0.25751543,0.00011665486,1.8579874e-05,-0.00025513995,-2.2416421e-05,0,0,1
1777227547013000,1777227546859000,1777227546861000,47.4001246,8.5455931,0,0.25,0.25,-0.043130234,0.010134516,-0.038936634,-0.0060404246,0.25748053,0.25748926,0.00028898762,1.5955371e-05,-0.0002583285,-1.8801687e-05,0,0,1
1777227547069000,1777227546911000,1777227546917000,47.4001271,8.545593199999999,0,0.25,0.25,-0.04023665,0.001728183,-0.0390591,-0.005308599,0.25750646,0.25751537,0.00025148696,4.6391273e-07,-0.000257684,-1.6986813e-05,0,0,1
1777227547117000,1777227546963000,1777227546965000,47.4001294,8.5455931,0,0.25,0.25,-0.05522286,0.008755091,-0.040581774,-0.003983759,0.25748074,0.2574894,0.00047375416,1.1907536e-05,-0.00027803844,-1.42648805e-05,0,0,1
1777227547173000,1777227547015000,1777227547021000,47.400131699999996,8.545593,0,0.25,0.25,-0.029665766,0.0155056175,-0.039553456,-0.002147803,0.25750667,0.25751552,0.00013670445,3.734519e-05,-0.00026472437,-9.403062e-06,0,0,1
1777227547221000,1777227547067000,1777227547069000,47.400134099999995,8.545592899999999,0,0.25,0.25,-0.056078564,0.02214682,-0.04111017,0.00014082086,0.25748053,0.25748935,0.0004885504,7.619447e-05,-0.00028580942,-1.3395256e-06,0,0,1
1777227547277000,1777227547119000,1777227547125000,47.4001364,8.545592899999999,0,0.25,0.25,-0.030509932,0.021001982,-0.040111598,0.0021060028,0.25750646,0.25751546,0.00014459535,6.851367e-05,-0.00027250664,5.240848e-06,0,0,1
1777227547325000,1777227547171000,1777227547173000,47.4001387,8.545592899999999,0,0.25,0.25,-0.04583575,0.020255914,-0.04065083,0.0038157771,0.25748032,0.2574893,0.0003263808,6.373889e-05,-0.00027758174,1.0751533e-05,0,0,1
1777227547381000,1777227547223000,1777227547229000,47.4001411,8.545593,0,0.25,0.25,-0.031699978,0.01198009,-0.039807633,0.004584879,0.25750667,0.2575156,0.00015609515,2.2293416e-05,-0.00026613736,1.18388125e-05,0,0,1
1777227547429000,1777227547275000,1777227547277000,47.4001434,8.545593,0,0.25,0.25,-0.046961643,0.011600085,-0.04048156,0.005245732,0.25748053,0.2574894,0.00034261166,2.090369e-05,-0.00027334146,1.269275e-05,0,0,1
1777227547485000,1777227547327000,1777227547333000,47.4001458,8.5455928,0,0.25,0.25,-0.03326061,0.026345758,-0.039801326,0.0072334157,0.25750646,0.25751552,0.00017184316,0.000107814696,-0.00026378004,2.1653514e-05,0,0,1
1777227547533000,1777227547379000,1777227547381000,47.400148099999996,8.545592899999999,0,0.25,0.25,-0.048809573,0.017991506,-0.04064993,0.00824686,0.25748032,0.25748932,0.00037010587,5.0284692e-05,-0.00027379623,2.4350655e-05,0,0,1
1777227547589000,1777227547431000,1777227547437000,47.400150499999995,8.545592899999999,0,0.25,0.25,-0.034610987,0.017443385,-0.040081043,0.009113199,0.25750667,0.25751564,0.0001860799,4.726263e-05,-0.0002655331,2.650903e-05,0,0,1
1777227547637000,1777227547483000,1777227547485000,47.4001528,8.545592899999999,0,0.25,0.25,-0.049749415,0.016998157,-0.04099183,0.009855985,0.2574805,0.25748944,0.0003844958,4.488531e-05,-0.00027673974,2.8240129e-05,0,0,1
1777227547693000,1777227547535000,1777227547541000,47.4001551,8.545593,0,0.25,0.25,-0.024207756,0.008983154,-0.03941072,0.009773762,0.25750646,0.25751555,9.1029244e-05,1.2534709e-05,-0.00025924528,2.6760632e-05,0,0,1
1777227547741000,1777227547587000,1777227547589000,47.4001574,8.545593199999999,0,0.25,0.25,-0.03942564,-0.006314958,-0.039412126,0.008258157,0.25748032,0.25748938,0.00024147573,6.195004e-06,-0.00025757134,2.3656115e-05,0,0,1
1777227547797000,1777227547639000,1777227547645000,47.4001598,8.5455931,0,0.25,0.25,-0.025429742,0.001522263,-0.038094945,0.0076236166,0.25750667,0.2575157,0.00010045127,3.599446e-07,-0.00024277017,2.1461548e-05,0,0,1
1777227547845000,1777227547691000,1777227547693000,47.400162099999996,8.545593199999999,0,0.25,0.25,-0.040791586,-0.0060214577,-0.038348977,0.006338211,0.25748053,0.25748953,0.00025849778,5.6325325e-06,-0.00024425174,1.8909208e-05,0,0,1
1777227547901000,1777227547743000,1777227547749000,47.4001644,8.5455931,0,0.25,0.25,-0.0154234255,0.0018653579,-0.03618932,0.0059168553,0.2575065,0.2575156,3.695162e-05,5.404814e-07,-0.00022472347,1.717882e-05,0,0,1
1777227547949000,1777227547795000,1777227547797000,47.4001668,8.5455931,0,0.25,0.25,-0.042215466,0.0019012287,-0.036757004,0.0055385716,0.25748032,0.25748944,0.00027685933,5.6152527e-07,-0.00022963481,1.5613423e-05,0,0,1
1777227548005000,1777227547847000,1777227547853000,47.4001692,8.545592899999999,0,0.25,0.25,-0.027618727,0.017559825,-0.035896152,0.0066710087,0.25750628,0.25751555,0.00011848939,4.7895737e-05,-0.00021916459,1.8654511e-05,0,0,1
1777227548053000,1777227547899000,1777227547901000,47.4001715,8.545593,0,0.25,0.25,-0.04254015,0.01000948,-0.036522035,0.0069855023,0.25748056,0.2574896,0.00028113415,1.5564076e-05,-0.00022500231,1.8363384e-05,0,0,1
1777227548109000,1777227547951000,1777227547957000,47.4001738,8.545593,0,0.25,0.25,-0.01688633,0.01033714,-0.034672294,0.0073012365,0.25750652,0.25751567,4.429373e-05,1.6598053e-05,-0.00020797904,1.8197085e-05,0,0,1
1777227548157000,1777227548003000,1777227548005000,47.4001762,8.5455931,0,0.25,0.25,-0.04322911,0.0030442511,-0.035478372,0.006900216,0.25748035,0.2574895,0.00029031435,1.4396647e-06,-0.00021573527,1.6618487e-05,0,0,1
1777227548213000,1777227548055000,1777227548061000,47.400178499999996,8.5455933,0,0.25,0.25,-0.017545365,-0.011492628,-0.03378903,0.0051675565,0.25750673,0.25751582,4.781853e-05,2.0516098e-05,-0.00019991703,1.3120301e-05,0,0,1
1777227548261000,1777227548107000,1777227548109000,47.4001808,8.545593499999999,0,0.25,0.25,-0.032777812,-0.025365366,-0.03369377,0.0022912663,0.257481,0.25748983,0.00016690708,9.994985e-05,-0.0001968074,2.4687643e-06,0,0,1
1777227548317000,1777227548159000,1777227548165000,47.4001832,8.5455933,0,0.25,0.25,-0.018548988,-0.008504712,-0.03226709,0.0012742537,0.25750694,0.2575159,5.3445543e-05,1.12350535e-05,-0.0001833023,1.1778247e-06,0,0,1
1777227548365000,1777227548211000,1777227548213000,47.4001854,8.545593199999999,0,0.25,0.25,-0.022549363,0.0002271401,-0.031351652,0.0011756126,0.2574808,0.25748974,7.899211e-05,8.014708e-09,-0.00017347597,1.0676252e-06,0,0,1
1777227548421000,1777227548263000,1777227548269000,47.4001878,8.5455933,0,0.25,0.25,-0.008712056,-0.006297329,-0.029218936,0.00047163974,0.25750673,0.25751582,1.1789971e-05,6.1598316e-06,-0.00015824469,3.867778e-07,0,0,1
1777227548469000,1777227548315000,1777227548317000,47.4001902,8.545593499999999,0,0.25,0.25,-0.03532263,-0.020277102,-0.029793922,-0.0014829522,0.257481,0.25748983,0.00019382992,6.387217e-05,-0.00016159692,-5.6666017e-06,0,0,1
1777227548525000,1777227548367000,1777227548373000,47.4001926,8.5455933,0,0.25,0.25,-0.021010393,-0.0034931651,-0.028966488,-0.0016723201,0.25750694,0.25751594,6.857083e-05,1.8953705e-06,-0.0001528336,-5.311341e-06,0,0,1
1777227548573000,1777227548419000,1777227548421000,47.4001951,8.545593499999999,0,0.25,0.25,-0.058440093,-0.017490521,-0.031742986,-0.0031624406,0.2574808,0.25748974,0.000530563,4.752319e-05,-0.0001884168,-9.28782e-06,0,0,1
1777227548629000,1777227548471000,1777227548477000,47.400197399999996,8.5455934,0,0.25,0.25,-0.032300174,-0.008340355,-0.031795476,-0.0036502152,0.25750673,0.25751582,0.00016206199,1.080501e-05,-0.0001859341,-9.430743e-06,0,0,1
1777227548677000,1777227548523000,1777227548525000,47.4001999,8.545593499999999,0,0.25,0.25,-0.069379434,-0.014314412,-0.035335995,-0.0046548136,0.257481,0.25748983,0.0007477842,3.1830754e-05,-0.00023886202,-1.1540889e-05,0,0,1
1777227548733000,1777227548575000,1777227548581000,47.4002021,8.5455934,0,0.25,0.25,-0.03171667,-0.0048143645,-0.034995046,-0.0046698437,0.25750697,0.25751594,0.00015625943,3.6002593e-06,-0.00023108062,-1.0792859e-05,0,0,1
1777227548781000,1777227548627000,1777227548629000,47.4002044,8.5455933,0,0.25,0.25,-0.04653277,0.0041990243,-0.036081932,-0.0038343705,0.2574808,0.25748974,0.00033638216,2.7390302e-06,-0.00024100032,-9.518116e-06,0,0,1
1777227548837000,1777227548679000,1777227548685000,47.4002067,8.545593499999999,0,0.25,0.25,-0.02081182,-0.009426863,-0.034643445,-0.0043611997,0.25750676,0.25751582,6.728086e-05,1.380354e-05,-0.00022463544,-9.921815e-06,0,0,1
1777227548885000,1777227548731000,1777227548733000,47.4002091,8.5455934,0,0.25,0.25,-0.047081582,-0.00021996944,-0.035815153,-0.0039710836,0.25748104,0.25748986,0.00034436327,7.516655e-09,-0.00023591415,-8.9878595e-06,0,0,1
1777227548941000,1777227548783000,1777227548789000,47.400211399999996,8.5455934,0,0.25,0.25,-0.021278188,0.0014187226,-0.03444573,-0.0034633481,0.25750697,0.25751594,7.0329945e-05,3.1264452e-07,-0.00022031563,-8.111725e-06,0,0,1
1777227548989000,1777227548835000,1777227548837000,47.4002139,8.5455934,0,0.25,0.25,-0.058696426,0.0028373525,-0.036730215,-0.002869804,0.25748083,0.25748974,0.0005352275,1.2506237e-06,-0.00024998124,-7.2297644e-06,0,0,1
1777227549045000,1777227548887000,1777227548893000,47.400216099999994,8.5455934,0,0.25,0.25,-0.021401715,0.004358284,-0.035286225,-0.002188897,0.2575068,0.25751585,7.114894e-05,2.9504422e-06,-0.00023313472,-6.2707595e-06,0,0,1
1777227549093000,1777227548939000,1777227548941000,47.4002185,8.5455933,0,0.25,0.25,-0.047732785,0.013194594,-0.036458727,-0.0007397275,0.25748062,0.25748965,0.00035395575,2.7045327e-05,-0.0002445164,-3.1322875e-06,0,0,1
1777227549149000,1777227548991000,1777227548997000,47.40022080000001,8.5455936,0,0.25,0.25,-0.02200152,-0.008293077,-0.035096817,-0.0014512751,0.257507,0.25751594,7.519281e-05,1.0682854e-05,-0.00022856564,-3.843573e-06,0,0,1
1777227549197000,1777227549043000,1777227549045000,47.400223200000006,8.545593499999999,0,0.25,0.25,-0.048735656,0.0007956728,-0.036381636,-0.0012396061,0.25748083,0.2574897,0.000368985,9.834881e-08,-0.00024179355,-3.4722323e-06,0,0,1
1777227549253000,1777227549095000,1777227549101000,47.4002256,8.5455936,0,0.25,0.25,-0.034786675,-0.005392475,-0.036231387,-0.0016308184,0.25750676,0.2575158,0.00018797377,4.5168163e-06,-0.00023672357,-3.570635e-06,0,0,1
1777227549301000,1777227549147000,1777227549149000,47.4002281,8.5455937,0,0.25,0.25,-0.07234001,-0.011576105,-0.039632924,-0.0025676931,0.25748104,0.25748977,0.0008129651,2.0817324e-05,-0.0002910072,-5.1953234e-06,0,0,1
1777227549357000,1777227549199000,1777227549205000,47.4002304,8.5455937,0,0.25,0.25,-0.04653589,-0.009963665,-0.040283203,-0.003264415,0.25750738,0.25751606,0.00033639252,1.5420339e-05,-0.00029528263,-6.1585497e-06,0,0,1
1777227549405000,1777227549251000,1777227549253000,47.4002327,8.5455936,0,0.25,0.25,-0.06185543,-0.0009389922,-0.04231537,-0.0030453536,0.25748125,0.25748983,0.00059438805,1.369695e-07,-0.00032345924,-5.591299e-06,0,0,1
1777227549461000,1777227549303000,1777227549309000,47.400234999999995,8.5455937,0,0.25,0.25,-0.036764916,-0.0076104878,-0.0417925,-0.0034754025,0.25750718,0.25751588,0.0002099606,8.9966525e-06,-0.00031276734,-5.9120935e-06,0,0,1
1777227549509000,1777227549355000,1777227549357000,47.4002373,8.5455937,0,0.25,0.25,-0.05235592,-0.0066172443,-0.042787604,-0.003771373,0.257481,0.25748968,0.0004258399,6.80228e-06,-0.0003234191,-5.9959516e-06,0,0,1
1777227549565000,1777227549407000,1777227549413000,47.4002396,8.545593799999999,0,0.25,0.25,-0.027587635,-0.013183152,-0.04135572,-0.00465799,0.25750738,0.25751594,0.00011822226,2.6995687e-05,-0.000304089,-7.974188e-06,0,0,1
1777227549613000,1777227549459000,1777227549461000,47.4002419,8.5455937,0,0.25,0.25,-0.04390729,-0.0045309863,-0.041596085,-0.0046460256,0.25748122,0.25748974,0.0002994937,3.189228e-06,-0.0003036561,-7.5234307e-06,0,0,1
1777227549669000,1777227549511000,1777227549517000,47.400244199999996,8.5455937,0,0.25,0.25,-0.019735811,-0.003659538,-0.03953678,-0.0045530954,0.25750718,0.2575158,6.0503517e-05,2.080217e-06,-0.00028075042,-7.010664e-06,0,0,1
1777227549717000,1777227549563000,1777227549565000,47.4002465,8.5455937,0,0.25,0.25,-0.036340915,-0.0028736882,-0.039235722,-0.0043948903,0.25748143,0.2574898,0.0002051662,1.2828599e-06,-0.00027363017,-6.471088e-06,0,0,1
1777227549773000,1777227549615000,1777227549621000,47.4002489,8.545593799999999,0,0.25,0.25,-0.02377898,-0.010098262,-0.03777965,-0.004932164,0.25750735,0.25751582,8.783282e-05,1.5839787e-05,-0.00025612753,-7.3536467e-06,0,0,1
1777227549821000,1777227549667000,1777227549669000,47.4002513,8.545594,0,0.25,0.25,-0.051860992,-0.024627604,-0.039106153,-0.006787532,0.2574816,0.25748983,0.00041782594,9.4220246e-05,-0.00027135998,-1.5536732e-05,0,0,1
1777227549877000,1777227549719000,1777227549725000,47.4002537,8.5455939,0,0.25,0.25,-0.039270103,-0.016160926,-0.039121598,-0.007670533,0.25750756,0.25751588,0.00023954886,4.0568455e-05,-0.00026836328,-1.7894794e-05,0,0,1
1777227549925000,1777227549771000,1777227549773000,47.400256,8.545594,0,0.25,0.25,-0.055704847,-0.02294097,-0.040683787,-0.009109052,0.2574814,0.25748965,0.00048205888,8.175677e-05,-0.00028849402,-2.3910778e-05,0,0,1
1777227549981000,1777227549823000,1777227549829000,47.400258199999996,8.5455939,0,0.25,0.25,-0.020642232,-0.014466641,-0.038795814,-0.009613752,0.25750732,0.2575157,6.618868e-05,3.2508106e-05,-0.0002675522,-2.4720672e-05,0,0,1
1777227550029000,1777227549875000,1777227549877000,47.4002607,8.5455939,0,0.25,0.25,-0.059924047,-0.01374897,-0.040786155,-0.010003302,0.25748158,0.2574897,0.0005578483,2.9365703e-05,-0.00029489896,-2.5158248e-05,0,0,1
1777227550085000,1777227549927000,1777227549933000,47.400262999999995,8.545594099999999,0,0.25,0.25,-0.03578946,-0.028181912,-0.040315453,-0.01171578,0.2575075,0.25751576,0.0001989667,0.00012336647,-0.00028586187,-3.440975e-05,0,0,1
1777227550133000,1777227549979000,1777227549981000,47.4002653,8.545594,0,0.25,0.25,-0.052282937,-0.019492818,-0.041442826,-0.012448399,0.25748134,0.25748953,0.000424653,5.9026857e-05,-0.0002989364,-3.6728754e-05,0,0,1
1777227550189000,1777227550031000,1777227550037000,47.4002676,8.545594099999999,0,0.25,0.25,-0.028369436,-0.02616013,-0.040211275,-0.013740084,0.25750726,0.2575156,0.00012501782,0.00010630073,-0.00028255276,-4.3282635e-05,0,0,1
1777227550237000,1777227550083000,1777227550085000,47.4002701,8.5455939,0,0.25,0.25,-0.067396864,-0.0099676335,-0.042772237,-0.013384708,0.25748152,0.25748962,0.0007056564,1.5434209e-05,-0.00032241037,-4.0659233e-05,0,0,1
1777227550293000,1777227550135000,1777227550141000,47.4002723,8.545593799999999,0,0.25,0.25,-0.031933688,-0.0018310148,-0.041751213,-0.012296317,0.25750747,0.25751567,0.00015840479,5.2076285e-07,-0.00030696057,-3.6878075e-05,0,0,1
1777227550341000,1777227550187000,1777227550189000,47.4002747,8.545593799999999,0,0.25,0.25,-0.05964744,-0.001477014,-0.04343709,-0.0112771075,0.2574813,0.25748947,0.0005527108,3.388986e-07,-0.00033011095,-3.343598e-05,0,0,1
1777227550397000,1777227550239000,1777227550245000,47.400276899999994,8.5455939,0,0.25,0.25,-0.024410514,-0.008722797,-0.04164473,-0.0110364845,0.25750723,0.25751552,9.256023e-05,1.1818657e-05,-0.000307733,-3.1399566e-05,0,0,1
1777227550445000,1777227550291000,1777227550293000,47.4002792,8.5455939,0,0.25,0.25,-0.041229684,-0.0081823375,-0.041605633,-0.010767615,0.2574815,0.25748953,0.00026407908,1.0400524e-05,-0.00030362068,-2.9421395e-05,0,0,1
1777227550501000,1777227550343000,1777227550349000,47.4002816,8.545594,0,0.25,0.25,-0.028880045,-0.015192406,-0.040406846,-0.011184444,0.2575074,0.2575156,0.00012955852,3.5851685e-05,-0.00028722352,-3.0027148e-05,0,0,1
1777227550549000,1777227550395000,1777227550397000,47.400284,8.545594,0,0.25,0.25,-0.05670477,-0.014451821,-0.041942157,-0.01149224,0.25748125,0.2574894,0.0004995208,3.2444852e-05,-0.00030722254,-3.0254903e-05,0,0,1
1777227550605000,1777227550447000,1777227550453000,47.4002864,8.5455942,0,0.25,0.25,-0.043942086,-0.029289296,-0.042130556,-0.013168775,0.25750718,0.2575155,0.00029993834,0.00013325224,-0.00030653636,-3.995755e-05,0,0,1
1777227550653000,1777227550499000,1777227550501000,47.4002888,8.545594,0,0.25,0.25,-0.07135943,-0.013421098,-0.044884,-0.013192544,0.25748143,0.2574895,0.00079107354,2.7981856e-05,-0.00035218117,-3.8829407e-05,0,0,1
1777227550709000,1777227550551000,1777227550557000,47.4002911,8.545593799999999,0,0.25,0.25,-0.04694923,0.0018532897,-0.04507855,-0.011775183,0.25750735,0.25751555,0.00034239492,5.3351073e-07,-0.00035125928,-3.5121306e-05,0,0,1
1777227550757000,1777227550603000,1777227550605000,47.4002933,8.545593799999999,0,0.25,0.25,-0.051965244,0.001701094,-0.045727298,-0.010505678,0.25748116,0.25748935,0.00041950823,4.4952859e-07,-0.00035768852,-3.177043e-05,0,0,1
1777227550813000,1777227550655000,1777227550661000,47.4002956,8.5455936,0,0.25,0.25,-0.02813834,0.016435316,-0.044070367,-0.007967758,0.2575071,0.25751543,0.00012298941,4.1957814e-05,-0.00033557919,-2.4825014e-05,0,0,1
1777227550861000,1777227550707000,1777227550709000,47.4002981,8.545593799999999,0,0.25,0.25,-0.06718534,0.0006487273,-0.046247866,-0.00715606,0.25748092,0.25748923,0.0007012356,6.537704e-08,-0.00037002508,-2.2480268e-05,0,0,1
1777227550917000,1777227550759000,1777227550765000,47.4003003,8.5455939,0,0.25,0.25,-0.031776812,-0.007300788,-0.044884652,-0.0071696937,0.2575073,0.2575155,0.00015685239,8.279348e-06,-0.00034994358,-2.11425e-05,0,0,1
1777227550965000,1777227550811000,1777227550813000,47.400302599999996,8.545594,0,0.25,0.25,-0.04847762,-0.014924644,-0.04522312,-0.007900232,0.2574811,0.25748932,0.0003650877,3.46026e-05,-0.0003513702,-2.241048e-05,0,0,1
1777227551021000,1777227550863000,1777227550869000,47.400304999999996,8.545594,0,0.25,0.25,-0.036104783,-0.015101842,-0.044364147,-0.008578645,0.25750703,0.25751537,0.00020248852,3.5425554e-05,-0.00033734512,-2.3636538e-05,0,0,1
1777227551069000,1777227550915000,1777227550917000,47.400307399999996,8.5455939,0,0.25,0.25,-0.064279616,-0.0074346745,-0.04624024,-0.00847088,0.25748086,0.25748917,0.00064189144,8.586673e-06,-0.00036603428,-2.2218797e-05,0,0,1
1777227551125000,1777227550967000,1777227550973000,47.4003096,8.545594,0,0.25,0.25,-0.029500304,-0.015356141,-0.04466329,-0.009119491,0.25750723,0.25751543,0.00013518345,3.662865e-05,-0.00034428746,-2.3576247e-05,0,0,1
1777227551173000,1777227551019000,1777227551021000,47.4003119,8.5455939,0,0.25,0.25,-0.046735715,-0.008040152,-0.04485852,-0.009017814,0.25748104,0.25748923,0.0003393224,1.0042212e-05,-0.00034381973,-2.2301301e-05,0,0,1
1777227551229000,1777227551071000,1777227551077000,47.4003143,8.5455937,0,0.25,0.25,-0.03495069,0.0062533873,-0.043925174,-0.0075792223,0.25750697,0.25751528,0.00018975031,6.07418e-06,-0.00032930594,-1.9628249e-05,0,0,1
1777227551277000,1777227551123000,1777227551125000,47.4003166,8.5455939,0,0.25,0.25,-0.052051693,-0.009896329,-0.044690717,-0.0077975006,0.2574808,0.2574891,0.00042090577,1.5214209e-05,-0.0003379349,-1.9212433e-05,0,0,1
1777227551333000,1777227551175000,1777227551181000,47.400318899999995,8.545594,0,0.25,0.25,-0.029439542,-0.018325616,-0.04325401,-0.0087892795,0.25750718,0.25751534,0.00013462719,5.216438e-05,-0.00031878272,-2.2316603e-05,0,0,1
1777227551381000,1777227551227000,1777227551229000,47.4003211,8.545594,0,0.25,0.25,-0.03609619,-0.0190192,-0.04257972,-0.009752967,0.257481,0.25748911,0.00020241257,5.6193436e-05,-0.00030782033,-2.55079e-05,0,0,1
1777227551437000,1777227551279000,1777227551285000,47.4003234,8.545594099999999,0,0.25,0.25,-0.014065238,-0.027507354,-0.039893575,-0.011425482,0.25750694,0.25751516,3.073019e-05,0.000117531636,-0.00028171763,-3.4176803e-05,0,0,1
1777227551485000,1777227551331000,1777227551333000,47.400325699999996,8.545594,0,0.25,0.25,-0.032680962,-0.020384066,-0.039214127,-0.012269407,0.25748077,0.25748897,0.00016592233,6.454803e-05,-0.00027080937,-3.7037862e-05,0,0,1
1777227551541000,1777227551383000,1777227551389000,47.40032790000001,8.545594,0,0.25,0.25,4.056938e-05,-0.021730289,-0.03551622,-0.013160649,0.2575067,0.257515,2.5566319e-10,7.334803e-05,-0.00024529832,-4.0458384e-05,0,0,1
1777227551589000,1777227551435000,1777227551437000,47.400330399999994,8.545594,0,0.25,0.25,-0.041302323,-0.022690192,-0.036061287,-0.014058359,0.25748095,0.25748903,0.00026501098,7.99793e-05,-0.00024715532,-4.4181368e-05,0,0,1
1777227551645000,1777227551487000,1777227551493000,47.4003327,8.545594,0,0.25,0.25,-0.019511882,-0.02399743,-0.034502286,-0.014994648,0.25750688,0.25751507,5.9138387e-05,8.945133e-05,-0.00022944357,-4.844593e-05,0,0,1
1777227551693000,1777227551539000,1777227551541000,47.400335,8.545593799999999,0,0.25,0.25,-0.03798774,-0.009890193,-0.034830626,-0.014513793,0.2574807,0.25748888,0.00022418273,1.5195363e-05,-0.00022894799,-4.531363e-05,0,0,1
1777227551749000,1777227551591000,1777227551597000,47.4003373,8.545593799999999,0,0.25,0.25,-0.016190134,-0.011585002,-0.033074636,-0.014237893,0.25750664,0.25751495,4.0716688e-05,2.0847297e-05,-0.00021121606,-4.3008833e-05,0,0,1
1777227551797000,1777227551643000,1777227551645000,47.400339599999995,8.545593799999999,0,0.25,0.25,-0.03464113,-0.012835088,-0.033222206,-0.014105745,0.25748092,0.25748897,0.00018642281,2.5591695e-05,-0.00020888046,-4.1368086e-05,0,0,1
1777227551853000,1777227551695000,1777227551701000,47.4003419,8.5455936,0,0.25,0.25,-0.0130102085,0.00043238586,-0.031318177,-0.012736211,0.25750685,0.25751504,2.6292973e-05,2.904025e-08,-0.00019168018,-3.746836e-05,0,0,1
1777227551901000,1777227551747000,1777227551749000,47.4003443,8.545593499999999,0,0.25,0.25,-0.04268635,0.0060320157,-0.032389093,-0.010968189,0.2574807,0.25748888,0.00028306968,5.652316e-06,-0.00020028935,-3.3406264e-05,0,0,1
1777227551957000,1777227551799000,1777227551805000,47.4003465,8.5455936,0,0.25,0.25,-0.0093156025,-0.0035352444,-0.030215504,-0.010267984,0.25750664,0.25751498,1.348011e-05,1.9413164e-06,-0.00018269138,-3.0442174e-05,0,0,1
1777227552005000,1777227551851000,1777227551853000,47.4003489,8.5455936,0,0.25,0.25,-0.0389787,-0.004911343,-0.031041022,-0.009763373,0.25748092,0.25748903,0.00023603131,3.7471564e-06,-0.00018771616,-2.7927425e-05,0,0,1
1777227552061000,1777227551903000,1777227551909000,47.4003513,8.5455934,0,0.25,0.25,-0.027592508,0.008583066,-0.030716162,-0.008035085,0.25750685,0.25751513,0.00011826427,1.14430595e-05,-0.00018117359,-2.421861e-05,0,0,1
1777227552109000,1777227551955000,1777227551957000,47.4003537,8.545593199999999,0,0.25,0.25,-0.056351755,0.022023443,-0.033131108,-0.0052034846,0.2574807,0.257489,0.0004933217,7.5348005e-05,-0.00021057884,-1.48391455e-05,0,0,1
1777227552165000,1777227552007000,1777227552013000,47.400356,8.545593199999999,0,0.25,0.25,-0.03316556,0.019726638,-0.033134352,-0.0028549945,0.2575071,0.25751534,0.00017086198,6.044537e-05,-0.0002068374,-7.747125e-06,0,0,1
1777227552213000,1777227552059000,1777227552061000,47.4003582,8.545593199999999,0,0.25,0.25,-0.038944073,0.017729247,-0.033681646,-0.0009158992,0.25748134,0.25748938,0.00023561175,4.8829384e-05,-0.00020954803,-2.4174537e-06,0,0,1
1777227552269000,1777227552111000,1777227552117000,47.4003605,8.5455934,0,0.25,0.25,-0.0158175,0.0005255702,-0.03199879,-0.00078010856,0.2575073,0.25751552,3.8863884e-05,4.2906e-08,-0.00019346908,-2.1856806e-06,0,0,1
1777227552317000,1777227552163000,1777227552165000,47.4003629,8.5455934,0,0.25,0.25,-0.04435903,-0.00056280574,-0.03316316,-0.00075963803,0.25748113,0.25748938,0.00030568818,4.920596e-08,-0.00020404045,-1.9844185e-06,0,0,1
1777227552373000,1777227552215000,1777227552221000,47.400365199999996,8.545593499999999,0,0.25,0.25,-0.02066735,-0.009379564,-0.031986017,-0.0015716602,0.2575071,0.2575155,6.6349916e-05,1.3665386e-05,-0.0001910696,-3.0847996e-06,0,0,1
1777227552421000,1777227552267000,1777227552269000,47.400367599999996,8.5455934,0,0.25,0.25,-0.048635192,-0.0025956621,-0.033554416,-0.0016681241,0.25748134,0.25748956,0.00036746458,1.0466384e-06,-0.00020768652,-2.8927989e-06,0,0,1
1777227552477000,1777227552319000,1777227552325000,47.4003699,8.5455933,0,0.25,0.25,-0.02467753,0.003810191,-0.03271819,-0.0011520509,0.25750726,0.2575157,9.459624e-05,2.2550169e-06,-0.00019703309,-2.4078597e-06,0,0,1
1777227552525000,1777227552371000,1777227552373000,47.4003721,8.5455933,0,0.25,0.25,-0.029911507,0.002725751,-0.03245379,-0.0007867507,0.25748113,0.25748953,0.00013899243,1.1541779e-06,-0.00019156549,-2.0723055e-06,0,0,1
1777227552581000,1777227552423000,1777227552429000,47.4003744,8.5455933,0,0.25,0.25,-0.006496438,0.0014133054,-0.030008532,-0.000579499,0.25750706,0.25751564,6.5557356e-06,3.102619e-07,-0.00017413704,-1.8478607e-06,0,0,1
1777227552629000,1777227552475000,1777227552477000,47.4003768,8.5455933,0,0.25,0.25,-0.03508116,0.0003674493,-0.030486388,-0.0004902937,0.2574809,0.25748947,0.00019118898,2.0974682e-08,-0.00017574338,-1.671811e-06,0,0,1
1777227552685000,1777227552527000,1777227552533000,47.400379099999995,8.5455934,0,0.25,0.25,-0.01288439,-0.008329761,-0.028828228,-0.0012287943,0.25750726,0.25751573,2.5786843e-05,1.0777581e-05,-0.00016161703,-2.529601e-06,0,0,1
1777227552733000,1777227552579000,1777227552581000,47.400381499999995,8.5455933,0,0.25,0.25,-0.04291787,-0.001522614,-0.030155513,-0.001256473,0.25748152,0.2574897,0.0002861477,3.6014697e-07,-0.00017334818,-2.3252321e-06,0,0,1
1777227552789000,1777227552631000,1777227552637000,47.4003838,8.545593,0,0.25,0.25,-0.02335022,0.020088335,-0.029514436,0.0007542701,0.25750747,0.25751567,8.469389e-05,6.26822e-05,-0.00016499669,3.7986567e-06,0,0,1
1777227552837000,1777227552683000,1777227552685000,47.4003861,8.545593199999999,0,0.25,0.25,-0.04476875,0.0037988971,-0.030951437,0.0010410829,0.2574813,0.25748935,0.00031136101,2.2418976e-06,-0.00017878463,3.6520055e-06,0,0,1
1777227552893000,1777227552735000,1777227552741000,47.4003885,8.545593199999999,0,0.25,0.25,-0.04103701,0.0029358706,-0.031901527,0.0012195774,0.25750768,0.25751537,0.00026159,1.338846e-06,-0.00018658514,3.4340992e-06,0,0,1
1777227552941000,1777227552787000,1777227552789000,47.400390599999994,8.5455934,0,0.25,0.25,-0.04461854,-0.012830291,-0.033099506,-0.00010396098,0.2574815,0.25748894,0.0003092749,2.5572574e-05,-0.00019814286,7.0158626e-07,0,0,1
1777227552997000,1777227552839000,1777227552845000,47.40039300000001,8.5455934,0,0.25,0.25,-0.04783438,-0.013182405,-0.034487575,-0.0013359885,0.25750726,0.25751448,0.00035542733,2.6992784e-05,-0.00021295952,-1.9073038e-06,0,0,1
1777227553045000,1777227552891000,1777227552893000,47.400395200000006,8.5455934,0,0.25,0.25,-0.06902619,-0.013316122,-0.037741214,-0.002464552,0.25748092,0.2574878,0.00074018916,2.7546019e-05,-0.0002626261,-4.3225455e-06,0,0,1
1777227553101000,1777227552943000,1777227552949000,47.4003974,8.5455931,0,0.25,0.25,-0.057328016,0.009006501,-0.039586347,-0.0013839453,0.25750685,0.25751323,0.00051051093,1.2600061e-05,-0.00028597756,-2.7283868e-06,0,0,1
1777227553149000,1777227552995000,1777227552997000,47.4003993,8.5455931,0,0.25,0.25,-0.051969517,0.008212417,-0.040752877,-0.0004799401,0.2574803,0.25748634,0.00041957863,1.0477263e-05,-0.00029856316,-1.4843763e-06,0,0,1
1777227553205000,1777227553047000,1777227553053000,47.4004014,8.545593199999999,0,0.25,0.25,-0.038514215,-0.00020491677,-0.040541988,-0.0004540321,0.25750542,0.25751114,0.00023041765,6.522573e-09,-0.00029214364,-1.3451581e-06,0,0,1
1777227553253000,1777227553099000,1777227553101000,47.4004036,8.5455931,0,0.25,0.25,-0.07481862,0.0068280986,-0.043770947,0.00023196574,0.25747862,0.25748408,0.00086963736,7.2428447e-06,-0.00034654522,-5.361433e-07,0,0,1
1777227553309000,1777227553151000,1777227553157000,47.4004055,8.5455931,0,0.25,0.25,-0.047281142,0.005966756,-0.04410162,0.00077219965,0.2575033,0.25750846,0.0003472587,5.530254e-06,-0.00034661242,3.5328924e-08,0,0,1
1777227553357000,1777227553203000,1777227553205000,47.4004075,8.545593199999999,0,0.25,0.25,-0.06881097,-0.002257212,-0.04642931,0.00048682027,0.25747666,0.2574815,0.00073559285,7.915142e-07,-0.0003832555,-4.25621e-08,0,0,1
1777227553413000,1777227553255000,1777227553261000,47.4004094,8.5455931,0,0.25,0.25,-0.051164478,0.0047622668,-0.046875376,0.00088957977,0.25750083,0.2575055,0.00040664786,3.5229048e-06,-0.00038545913,2.9331522e-07,0,0,1
1777227553461000,1777227553307000,1777227553309000,47.400411299999995,8.545593199999999,0,0.25,0.25,-0.06995148,-0.0029797626,-0.049049214,0.00052507647,0.2574735,0.25747812,0.00076018844,1.3793771e-06,-0.00042075972,1.3574275e-07,0,0,1
1777227553517000,1777227553359000,1777227553365000,47.400413,8.5455931,0,0.25,0.25,-0.040357918,0.0044938806,-0.04823047,0.00089894934,0.25749725,0.2575019,0.0002530142,3.1370582e-06,-0.0004049576,4.184754e-07,0,0,1
1777227553565000,1777227553411000,1777227553413000,47.4004148,8.545592899999999,0,0.25,0.25,-0.058056742,0.019348439,-0.049156133,0.0026369449,0.25747013,0.25747484,0.0005236468,5.8159014e-05,-0.00041613847,5.8578016e-06,0,0,1
1777227553621000,1777227553463000,1777227553469000,47.400416500000006,8.545592899999999,0,0.25,0.25,-0.04132231,0.018584862,-0.048418164,0.004139285,0.25749347,0.2574986,0.0002652546,5.3654214e-05,-0.00040192477,1.03603625e-05,0,0,1
1777227553669000,1777227553515000,1777227553517000,47.4004182,8.5455931,0,0.25,0.25,-0.05887736,0.0028791944,-0.04940345,0.004020581,0.25746578,0.25747126,0.00053856376,1.2878735e-06,-0.00041479655,9.505708e-06,0,0,1
1777227553725000,1777227553567000,1777227553573000,47.4004199,8.5455931,0,0.25,0.25,-0.05570544,0.002637949,-0.049997117,0.003890333,0.2574888,0.2574952,0.00048205533,1.080995e-06,-0.0004211325,8.712075e-06,0,0,1
1777227553773000,1777227553619000,1777227553621000,47.4004216,8.545593199999999,0,0.25,0.25,-0.0853376,-0.0050350223,-0.053326294,0.0030495387,0.25746146,0.25746858,0.0011314325,3.93857e-06,-0.00048804484,7.5203475e-06,0,0,1
1777227553829000,1777227553671000,1777227553677000,47.4004232,8.545593199999999,0,0.25,0.25,-0.08583496,-0.0049997917,-0.056388706,0.0022912684,0.25748432,0.25749308,0.0011445574,3.883276e-06,-0.0005498902,6.446093e-06,0,0,1
1777227553877000,1777227553723000,1777227553725000,47.4004245,8.545593,0,0.25,0.25,-0.08356102,0.010294805,-0.058948416,0.0030452248,0.25745666,0.25746655,0.001084834,1.6465521e-05,-0.0006002835,7.389952e-06,0,0,1
1777227553933000,1777227553775000,1777227553781000,47.4004258,8.5455931,0,0.25,0.25,-0.066681705,0.0023679726,-0.059676915,0.0029814257,0.2574795,0.2574919,0.0006907656,8.7106343e-07,-0.0006088072,6.7758538e-06,0,0,1
1777227553981000,1777227553827000,1777227553829000,47.4004273,8.545592899999999,0,0.25,0.25,-0.101761945,0.01734108,-0.063641444,0.0043341466,0.2574524,0.2574665,0.0016089177,4.6718782e-05,-0.0007030205,1.0538593e-05,0,0,1
1777227554037000,1777227553879000,1777227553885000,47.4004285,8.545593,0,0.25,0.25,-0.09041346,0.00917281,-0.06616344,0.004789963,0.2574754,0.25749296,0.001269961,1.3070718e-05,-0.00075642794,1.0777127e-05,0,0,1
1777227554085000,1777227553931000,1777227553933000,47.4004297,8.545592899999999,0,0.25,0.25,-0.10616565,0.016411513,-0.06993177,0.0058847466,0.25744814,0.25746784,0.0017512101,4.18441e-05,-0.0008501393,1.3703726e-05,0,0,1
1777227554141000,1777227553983000,1777227553989000,47.4004307,8.5455928,0,0.25,0.25,-0.089868195,0.023372663,-0.071809836,0.0075321593,0.2574714,0.25749558,0.001254709,8.48607e-05,-0.00088825094,2.040692e-05,0,0,1
1777227554189000,1777227554035000,1777227554037000,47.4004316,8.545592899999999,0,0.25,0.25,-0.08723091,0.0150646875,-0.07326254,0.008241746,0.25744483,0.2574718,0.00118227,3.525742e-05,-0.0009159484,2.1805881e-05,0,0,1
1777227554245000,1777227554087000,1777227554093000,47.4004325,8.545592899999999,0,0.25,0.25,-0.0773904,0.014548773,-0.073651396,0.008835886,0.25746852,0.2575009,0.0009304865,3.2880165e-05,-0.0009173179,2.2849112e-05,0,0,1
1777227554293000,1777227554139000,1777227554141000,47.4004334,8.5455931,0,0.25,0.25,-0.08966661,-0.0010659359,-0.07516008,0.007903106,0.25744188,0.25747713,0.0012492298,1.7651578e-07,-0.000948585,2.068003e-05,0,0,1
1777227554349000,1777227554191000,1777227554197000,47.4004341,8.5455931,0,0.25,0.25,-0.074231625,-0.0011807474,-0.07507262,0.0070473803,0.25746593,0.25750732,0.0008560874,2.1656307e-07,-0.0009398715,1.8711511e-05,0,0,1
1777227554397000,1777227554243000,1777227554245000,47.4004349,8.5455933,0,0.25,0.25,-0.08940216,-0.016392983,-0.0764225,0.00483923,0.25743952,0.257484,0.0012418834,4.1747044e-05,-0.00096832187,1.301614e-05,0,0,1
1777227554453000,1777227554295000,1777227554301000,47.400435599999994,8.5455933,0,0.25,0.25,-0.08925007,-0.016074384,-0.07763089,0.0028691066,0.2574643,0.25751576,0.0012375426,4.0135146e-05,-0.0009936832,8.009134e-06,0,0,1
1777227554501000,1777227554347000,1777227554349000,47.400436,8.5455931,0,0.25,0.25,-0.07219941,-0.0006089649,-0.07711923,0.0025414622,0.25743812,0.25749263,0.00080994295,5.7607586e-08,-0.0009763744,7.2492235e-06,0,0,1
1777227554557000,1777227554399000,1777227554405000,47.4004366,8.5455931,0,0.25,0.25,-0.07537772,-0.0008426303,-0.07695518,0.002222671,0.25746286,0.25752425,0.00088273705,1.1028488e-07,-0.00096755347,6.5559366e-06,0,0,1
1777227554605000,1777227554451000,1777227554453000,47.4004371,8.5455931,0,0.25,0.25,-0.08157649,-0.0009180309,-0.077390514,0.0019268077,0.2574369,0.25750113,0.0010339968,1.3091683e-07,-0.0009738126,5.9260155e-06,0,0,1
1777227554661000,1777227554503000,1777227554509000,47.400437499999995,8.5455931,0,0.25,0.25,-0.074956894,-0.0010305442,-0.07716126,0.0016482165,0.2574623,0.2575338,0.0008729101,1.6495252e-07,-0.0009643073,5.3522285e-06,0,0,1
1777227554709000,1777227554555000,1777227554557000,47.40043800000001,8.545592899999999,0,0.25,0.25,-0.09153543,0.013962286,-0.07851535,0.0028082374,0.2574365,0.25751042,0.0013018718,3.0281559e-05,-0.0009961069,7.700644e-06,0,0,1
1777227554765000,1777227554607000,1777227554613000,47.4004383,8.545592899999999,0,0.25,0.25,-0.08438069,0.01342535,-0.079067886,0.0038084004,0.2574618,0.25754222,0.0011061992,2.799386e-05,-0.0010064779,9.612324e-06,0,0,1
1777227554813000,1777227554659000,1777227554661000,47.400438400000006,8.5455931,0,0.25,0.25,-0.06488662,-0.002132016,-0.07773197,0.0032487959,0.2574362,0.25751853,0.00065418525,7.0604506e-07,-0.0009732909,8.640303e-06,0,0,1
1777227554869000,1777227554711000,1777227554717000,47.400438799999996,8.545593,0,0.25,0.25,-0.07934652,0.0053486563,-0.07788406,0.0034466088,0.25746208,0.25755087,0.0009781433,4.4431026e-06,-0.000973748,8.244915e-06,0,0,1
1777227554917000,1777227554763000,1777227554765000,47.4004389,8.5455928,0,0.25,0.25,-0.06812634,0.02018773,-0.076964855,0.0050236713,0.2574366,0.25752673,0.0007211404,6.3301304e-05,-0.00094995165,1.3431387e-05,0,0,1
1777227554973000,1777227554815000,1777227554821000,47.400439000000006,8.5455928,0,0.25,0.25,-0.05762831,0.01945922,-0.0751433,0.006383542,0.25746235,0.25755772,0.00051596237,5.8807982e-05,-0.0009090686,1.7705994e-05,0,0,1
1777227555021000,1777227554867000,1777227554869000,47.4004391,8.545592899999999,0,0.25,0.25,-0.05375032,0.011257793,-0.07312802,0.0068427105,0.25743702,0.257533,0.00044890156,1.9684916e-05,-0.0008657196,1.7892415e-05,0,0,1
1777227555077000,1777227554919000,1777227554925000,47.400439299999995,8.5455928,0,0.25,0.25,-0.062033724,0.018378478,-0.07208291,0.007929414,0.25746295,0.25756335,0.00059786206,5.2455976e-05,-0.0008404866,2.1148402e-05,0,0,1
1777227555125000,1777227554971000,1777227554973000,47.400439299999995,8.545592899999999,0,0.25,0.25,-0.052565824,0.010194718,-0.07024434,0.008142812,0.25743812,0.2575389,0.0004293328,1.614238e-05,-0.0008017547,2.067682e-05,0,0,1
1777227555181000,1777227555023000,1777227555029000,47.4004394,8.5455928,0,0.25,0.25,-0.055306844,0.017257862,-0.06883719,0.009001477,0.25746426,0.25756842,0.00047522667,4.6253153e-05,-0.0007709948,2.3086184e-05,0,0,1
1777227555229000,1777227555075000,1777227555077000,47.4004394,8.545593,0,0.25,0.25,-0.050441533,0.0015377154,-0.067104265,0.008298369,0.25743914,0.25754252,0.00039533203,3.67251e-07,-0.0007356063,2.0945994e-05,0,0,1
1777227555285000,1777227555127000,1777227555133000,47.400439299999995,8.5455931,0,0.25,0.25,-0.0358253,-0.006211337,-0.064157695,0.0069315126,0.25746542,0.25757113,0.00019939798,5.991465e-06,-0.0006850939,1.8408407e-05,0,0,1
1777227555333000,1777227555179000,1777227555181000,47.4004394,8.5455931,0,0.25,0.25,-0.046256322,-0.006111987,-0.062471334,0.005702777,0.25744078,0.25754544,0.00033244886,5.80191e-06,-0.00065187376,1.6127726e-05,0,0,1
1777227555389000,1777227555231000,1777227555237000,47.400439299999995,8.5455931,0,0.25,0.25,-0.03495199,-0.006016587,-0.05987893,0.0045987787,0.25746724,0.25757313,0.00018979372,5.6215986e-06,-0.0006083445,1.4078876e-05,0,0,1
1777227555437000,1777227555283000,1777227555285000,47.4004392,8.545593,0,0.25,0.25,-0.02567647,0.0016377589,-0.05665696,0.004319842,0.25744224,0.257546,0.00010243557,4.1658643e-07,-0.0005606864,1.2791848e-05,0,0,1
1777227555493000,1777227555335000,1777227555341000,47.4004391,8.545592899999999,0,0.25,0.25,-0.017316857,0.008988709,-0.052951008,0.004759663,0.25746882,0.2575727,4.6587942e-05,1.254743e-05,-0.0005122568,1.2768824e-05,0,0,1
1777227555541000,1777227555387000,1777227555389000,47.400439000000006,8.545593,0,0.25,0.25,-0.01026094,0.0011158898,-0.04892948,0.004416409,0.25744426,0.25754586,1.6358785e-05,1.9339622e-07,-0.0004655418,1.1584181e-05,0,0,1
1777227555597000,1777227555439000,1777227555445000,47.4004389,8.545593,0,0.25,0.25,-0.004229715,0.0009582041,-0.04471863,0.004090636,0.25747097,0.25757167,2.7794185e-06,1.4258636e-07,-0.00042194824,1.050635e-05,0,0,1
1777227555645000,1777227555491000,1777227555493000,47.400438799999996,8.545593,0,0.25,0.25,0.0011877391,0.00056367816,-0.040394116,0.0037583862,0.25744602,0.2575435,2.1918757e-07,4.934825e-08,-0.00038217884,9.52127e-06,0,0,1
1777227555701000,1777227555543000,1777227555549000,47.400438799999996,8.545592899999999,0,0.25,0.25,-0.0051932074,0.007958819,-0.03707809,0.004154079,0.2574728,0.25756848,4.189864e-06,9.837042e-06,-0.00034657118,9.551017e-06,0,0,1
1777227555749000,1777227555595000,1777227555597000,47.40043860000001,8.545593,0,0.25,0.25,0.010690365,7.23815e-05,-0.032578163,0.0037695714,0.25744832,0.2575407,1.7756403e-05,8.137094e-10,-0.00031225046,8.65136e-06,0,0,1
1777227555805000,1777227555647000,1777227555653000,47.40043860000001,8.545593,0,0.25,0.25,0.0038237444,-0.000143741,-0.029148998,0.003400926,0.25747517,0.25756493,2.2714457e-06,3.2087404e-09,-0.0002826216,7.8360745e-06,0,0,1
1777227555853000,1777227555699000,1777227555701000,47.40043860000001,8.545592899999999,0,0.25,0.25,-0.0028122973,0.007294475,-0.026668005,0.0037677097,0.25745025,0.25753605,1.2288224e-06,8.2643755e-06,-0.0002561136,7.8764215e-06,0,0,1
1777227555909000,1777227555751000,1777227555757000,47.40043860000001,8.545592899999999,0,0.25,0.25,-0.008873148,0.006809888,-0.024991678,0.0040542916,0.25747716,0.25755966,1.2231415e-05,7.2021485e-06,-0.00023313917,7.812903e-06,0,0,1
1777227555957000,1777227555803000,1777227555805000,47.4004385,8.545592899999999,0,0.25,0.25,-0.00339313,0.0065137893,-0.022957033,0.0042859833,0.25745267,0.2575313,1.7888074e-06,6.5901822e-06,-0.0002113453,7.697719e-06,0,0,1
1777227556013000,1777227555855000,1777227555861000,47.4004383,8.5455927,0,0.25,0.25,0.013668075,0.021311002,-0.01950684,0.005889789,0.25747964,0.2575544,2.90223e-05,7.0534035e-05,-0.00018870196,1.3617084e-05,0,0,1
1777227556061000,1777227555907000,1777227555909000,47.400438199999996,8.5455927,0,0.25,0.25,0.019460557,0.020573618,-0.015835999,0.0072730486,0.25745466,0.25752518,5.8839607e-05,6.574483e-05,-0.00016538282,1.852767e-05,0,0,1
1777227556117000,1777227555959000,1777227555965000,47.400438199999996,8.5455928,0,0.25,0.25,0.01511922,0.012303233,-0.012919927,0.0077469065,0.25748166,0.25754797,3.551178e-05,2.3509336e-05,-0.00014645797,1.8996958e-05,0,0,1
1777227556165000,1777227556011000,1777227556013000,47.400438199999996,8.5455928,0,0.25,0.25,0.011542538,0.011838635,-0.010615492,0.008132359,0.25745666,0.2575188,2.0699435e-05,2.1769796e-05,-0.00013071125,1.9258167e-05,0,0,1
1777227556221000,1777227556063000,1777227556069000,47.40043800000001,8.5455927,0,0.25,0.25,0.031460308,0.018962517,-0.00665183,0.009152591,0.2574841,0.25754207,0.00015375721,5.5847508e-05,-0.000103913495,2.270499e-05,0,0,1
1777227556269000,1777227556115000,1777227556117000,47.400438099999995,8.5455928,0,0.25,0.25,0.017777868,0.010845868,-0.0043504816,0.009312103,0.25745907,0.25751296,4.9103353e-05,1.8272145e-05,-8.949886e-05,2.2287402e-05,0,0,1
1777227556325000,1777227556167000,1777227556173000,47.40043800000001,8.5455927,0,0.25,0.25,0.028970724,0.017952483,-0.0012115273,0.0101260515,0.2574861,0.2575356,0.00013038417,5.0057803e-05,-6.8785244e-05,2.4903455e-05,0,0,1
1777227556373000,1777227556219000,1777227556221000,47.4004379,8.5455927,0,0.25,0.25,0.039946944,0.017362153,0.0026657204,0.0108077135,0.25746104,0.25750673,0.0002479223,4.6825084e-05,-3.8950475e-05,2.6968535e-05,0,0,1
1777227556429000,1777227556271000,1777227556277000,47.4004379,8.5455927,0,0.25,0.25,0.041466173,0.016770653,0.006320836,0.01136944,0.25748852,0.2575301,0.00026710992,4.3684962e-05,-1.0118696e-05,2.854327e-05,0,0,1
1777227556477000,1777227556323000,1777227556325000,47.40043800000001,8.5455928,0,0.25,0.25,0.031700306,0.008698039,0.008711656,0.011117786,0.2574634,0.2575015,0.00015612462,1.1752301e-05,5.5419077e-06,2.6961512e-05,0,0,1
1777227556533000,1777227556375000,1777227556381000,47.40043800000001,8.5455927,0,0.25,0.25,0.035645988,0.01592429,0.011248948,0.011570573,0.25749087,0.2575252,0.0001973874,3.938768e-05,2.3614311e-05,2.8132094e-05,0,0,1
1777227556581000,1777227556427000,1777227556429000,47.400438099999995,8.5455928,0,0.25,0.25,0.028309273,0.007845094,0.01285608,0.011219622,0.25746572,0.25749695,0.00012450821,9.56058e-06,3.311881e-05,2.6382602e-05,0,0,1
1777227556637000,1777227556479000,1777227556485000,47.400438199999996,8.5455927,0,0.25,0.25,0.02378672,0.015089867,0.013885778,0.01158421,0.25749323,0.25752103,8.789482e-05,3.536862e-05,3.8278868e-05,2.722911e-05,0,0,1
1777227556685000,1777227556531000,1777227556533000,47.400438199999996,8.5455927,0,0.25,0.25,0.030150682,0.014607343,0.01541798,0.011868998,0.25746801,0.25749323,0.00014123131,3.314642e-05,4.7977286e-05,2.7786538e-05,0,0,1
1777227556741000,1777227556583000,1777227556589000,47.400438099999995,8.545592599999999,0,0.25,0.25,0.050479364,0.021653427,0.018720863,0.01279072,0.25749505,0.25751737,0.00039583925,7.2829396e-05,8.074689e-05,3.2029708e-05,0,0,1
1777227556789000,1777227556635000,1777227556637000,47.400438199999996,8.5455928,0,0.25,0.25,0.04712893,0.0058739483,0.021396985,0.01213914,0.2574698,0.25749004,0.0003450713,5.3599383e-06,0.00010564702,2.9517338e-05,0,0,1
1777227556845000,1777227556687000,1777227556693000,47.400438400000006,8.545592899999999,0,0.25,0.25,0.035965826,-0.00182606,0.022769412,0.010823578,0.25749683,0.2575148,0.00020094083,5.1795007e-07,0.000114623974,2.6687927e-05,0,0,1
1777227556893000,1777227556739000,1777227556741000,47.4004385,8.545593,0,0.25,0.25,0.035245027,-0.009331373,0.023944652,0.008924923,0.25747198,0.25748834,0.00019298596,1.352675e-05,0.0001220059,2.2899587e-05,0,0,1
1777227556949000,1777227556791000,1777227556797000,47.4004385,8.5455931,0,0.25,0.25,0.04923109,-0.016636241,0.026326708,0.006516987,0.257499,0.25751376,0.00037649856,4.299025e-05,0.00014597985,1.6692573e-05,0,0,1
1777227556997000,1777227556843000,1777227556845000,47.400438799999996,8.5455931,0,0.25,0.25,0.028014028,-0.016176213,0.02648566,0.0043792217,0.25747368,0.25748736,0.00012192093,4.0649742e-05,0.00014371343,1.129076e-05,0,0,1
1777227557053000,1777227556895000,1777227556901000,47.400438799999996,8.545592899999999,0,0.25,0.25,0.044602674,-0.0006559061,0.028192334,0.003904898,0.25750065,0.25751343,0.00030903198,6.682569e-08,0.00015928692,1.0220842e-05,0,0,1
1777227557101000,1777227556947000,1777227556949000,47.400439000000006,8.545593,0,0.25,0.25,0.03636991,-0.008213536,0.028962685,0.0027633063,0.2574757,0.2574878,0.00020549826,1.04800565e-05,0.00016364017,8.2707575e-06,0,0,1
1777227557157000,1777227556999000,1777227557005000,47.400439000000006,8.545593199999999,0,0.25,0.25,0.05458647,-0.023084631,0.03137652,0.00032835547,0.25750268,0.2575145,0.00046285853,8.277595e-05,0.0001918274,-3.061068e-07,0,0,1
1777227557205000,1777227557051000,1777227557053000,47.4004392,8.5455931,0,0.25,0.25,0.047868393,-0.014915247,0.032930102,-0.0011076363,0.2574772,0.2574889,0.00035597454,3.4559096e-05,0.00020729055,-3.532838e-06,0,0,1
1777227557261000,1777227557103000,1777227557109000,47.4004394,8.545593199999999,0,0.25,0.25,0.045505278,-0.022074705,0.03411472,-0.003082795,0.25750414,0.2575162,0.00032166168,7.569117e-05,0.00021806464,-1.0330363e-05,0,0,1
1777227557309000,1777227557155000,1777227557157000,47.400439600000006,8.545593,0,0.25,0.25,0.040675536,-0.0063441084,0.034732766,-0.0033900202,0.25747904,0.25749117,0.0002570305,6.2522863e-06,0.00022173533,-9.946196e-06,0,0,1
1777227557365000,1777227557207000,1777227557213000,47.400439899999995,8.545592899999999,0,0.25,0.25,0.028763058,0.0013877542,0.034170404,-0.00293994,0.25750592,0.25751898,0.00012851175,2.9914096e-07,0.0002129534,-8.9810555e-06,0,0,1
1777227557413000,1777227557259000,1777227557261000,47.400440200000006,8.5455931,0,0.25,0.25,0.014477363,-0.013763476,0.03231526,-0.0039595487,0.25748035,0.2574939,3.256078e-05,2.9427225e-05,0.00019595989,-1.0907144e-05,0,0,1
1777227557469000,1777227557311000,1777227557317000,47.4004403,8.545593199999999,0,0.25,0.25,0.026971333,-0.020913051,0.03181185,-0.005556618,0.25750718,0.25752217,0.00011299923,6.79329e-05,0.00018814475,-1.6279137e-05,0,0,1
1777227557517000,1777227557363000,1777227557365000,47.4004407,8.5455931,0,0.25,0.25,0.0024846785,-0.012750248,0.029049143,-0.006234279,0.25748193,0.25749752,9.590774e-07,2.5253654e-05,0.00017051132,-1.7124563e-05,0,0,1
1777227557573000,1777227557415000,1777227557421000,47.400441,8.545593,0,0.25,0.25,-0.0061333366,-0.0048382245,0.025734851,-0.0061027664,0.2575087,0.2575261,5.843347e-06,3.6358904e-06,0.0001538982,-1.5853891e-05,0,0,1
1777227557621000,1777227557467000,1777227557469000,47.400441099999995,8.545592899999999,0,0.25,0.25,0.004650417,0.0028541696,0.023748636,-0.005258997,0.25748298,0.2575013,3.3596593e-06,1.2654358e-06,0.00013971704,-1.4241201e-05,0,0,1
1777227557677000,1777227557519000,1777227557525000,47.4004413,8.545592899999999,0,0.25,0.25,0.008095242,0.0028365399,0.022274042,-0.004496374,0.25750968,0.25753015,1.0179492e-05,1.2497113e-06,0.00012751423,-1.2781912e-05,0,0,1
1777227557725000,1777227557571000,1777227557573000,47.4004414,8.545593199999999,0,0.25,0.25,0.019160785,-0.019879619,0.021980764,-0.0059455205,0.2574843,0.2575056,5.7034267e-05,6.138884e-05,0.00012087481,-1.7360826e-05,0,0,1
1777227557781000,1777227557623000,1777227557629000,47.4004415,8.5455931,0,0.25,0.25,0.03357491,-0.011704234,0.023072967,-0.006488008,0.25751093,0.2575346,0.00017510317,2.1277001e-05,0.00012598328,-1.772974e-05,0,0,1
1777227557829000,1777227557675000,1777227557677000,47.4004418,8.545592899999999,0,0.25,0.25,0.021969637,0.0037101777,0.02296903,-0.005527309,0.25748506,0.2575098,7.498143e-05,2.1382361e-06,0.00012117875,-1.5858119e-05,0,0,1
1777227557885000,1777227557727000,1777227557733000,47.4004421,8.545593,0,0.25,0.25,0.0142059475,-0.003942252,0.022143522,-0.005377992,0.2575116,0.25753888,3.1347554e-05,2.4138262e-06,0.00011271639,-1.4591627e-05,0,0,1
1777227557933000,1777227557779000,1777227557781000,47.400442299999995,8.545592899999999,0,0.25,0.25,0.01411453,0.0037143787,0.021387167,-0.0045214645,0.25748566,0.25751403,3.094851e-05,2.1430458e-06,0.00010501362,-1.3015173e-05,0,0,1
1777227557989000,1777227557831000,1777227557837000,47.4004426,8.545593,0,0.25,0.25,0.0064299405,-0.0038771431,0.019978153,-0.0044607674,0.25751254,0.2575433,6.422077e-06,2.3347127e-06,9.572601e-05,-1.2009043e-05,0,0,1
1777227558037000,1777227557883000,1777227557885000,47.4004427,8.545593,0,0.25,0.25,0.017658565,-0.0037644655,0.01975964,-0.004395174,0.25748655,0.25751832,4.8441354e-05,2.2011948e-06,9.1271664e-05,-1.1085115e-05,0,0,1
1777227558093000,1777227557935000,1777227557941000,47.400442999999996,8.545593199999999,0,0.25,0.25,0.0096562905,-0.018708706,0.018807875,-0.00574355,0.2575129,0.25754735,1.448377e-05,5.436137e-05,8.403802e-05,-1.5161864e-05,0,0,1
1777227558141000,1777227557987000,1777227557989000,47.4004432,8.5455931,0,0.25,0.25,0.009414794,-0.010589701,0.01792302,-0.0062000714,0.25748685,0.2575222,1.3769765e-05,1.7418579e-05,7.741855e-05,-1.5374453e-05,0,0,1
1777227558197000,1777227558039000,1777227558045000,47.4004434,8.5455931,0,0.25,0.25,0.012059549,-0.010241164,0.017370664,-0.006580754,0.25751355,0.25755125,2.25903e-05,1.6289021e-05,7.225356e-05,-1.5460608e-05,0,0,1
1777227558245000,1777227558091000,1777227558093000,47.4004437,8.5455931,0,0.25,0.25,-0.000109148634,-0.009858559,0.015724014,-0.006889533,0.25748745,0.25752592,1.8507191e-09,1.50961405e-05,6.544689e-05,-1.5426274e-05,0,0,1
1777227558301000,1777227558143000,1777227558149000,47.400444099999994,8.5455931,0,0.25,0.25,-0.020259684,-0.009576326,0.012334246,-0.0071426365,0.25751364,0.25755462,6.375659e-05,1.4242574e-05,5.3275544e-05,-1.5314767e-05,0,0,1
1777227558349000,1777227558195000,1777227558197000,47.4004443,8.5455931,0,0.25,0.25,-0.021249913,-0.009288458,0.009170521,-0.007344779,0.25748745,0.2575291,7.0148475e-05,1.3400498e-05,4.1648644e-05,-1.5134437e-05,0,0,1
1777227558405000,1777227558247000,1777227558253000,47.4004445,8.545593,0,0.25,0.25,-0.019288668,-0.0014309357,0.0064895824,-0.0067876778,0.257514,0.25755772,5.7791454e-05,3.1799894e-07,3.2281096e-05,-1.3738685e-05,0,0,1
1777227558453000,1777227558299000,1777227558301000,47.4004446,8.545593,0,0.25,0.25,-0.009782438,-0.0013953435,0.004956711,-0.006279704,0.2574882,0.2575321,1.4866095e-05,3.0240633e-07,2.7839693e-05,-1.2472949e-05,0,0,1
1777227558509000,1777227558351000,1777227558357000,47.4004449,8.5455931,0,0.25,0.25,-0.020437993,-0.008874612,0.002564456,-0.006524152,0.2575142,0.25756034,6.488365e-05,1.22315e-05,1.9104886e-05,-1.2450203e-05,0,0,1
1777227558557000,1777227558403000,1777227558405000,47.400445,8.5455931,0,0.25,0.25,-0.012276818,-0.008635004,0.0011663649,-0.0067230007,0.25748792,0.25753438,2.3413953e-05,1.1581101e-05,1.5099487e-05,-1.2368331e-05,0,0,1
1777227558613000,1777227558455000,1777227558461000,47.4004451,8.545593199999999,0,0.25,0.25,-0.0023294934,-0.01593473,0.0008370449,-0.0075907726,0.25751388,0.25756237,8.429122e-07,3.943365e-05,1.3597667e-05,-1.4917963e-05,0,0,1
1777227558661000,1777227558507000,1777227558509000,47.4004453,8.545593,0,0.25,0.25,-0.006934855,-0.00034421947,0.000104909355,-0.006908126,0.25748795,0.2575363,7.4709856e-06,1.840316e-08,1.1612939e-05,-1.3514381e-05,0,0,1
1777227558717000,1777227558559000,1777227558565000,47.400445399999995,8.545593,0,0.25,0.25,0.0016050433,-0.00029906625,0.00024622632,-0.0062855333,0.25751385,0.25756398,4.0015928e-07,1.3890237e-08,1.0556662e-05,-1.2242595e-05,0,0,1
1777227558765000,1777227558611000,1777227558613000,47.4004456,8.545592899999999,0,0.25,0.25,-0.004585926,0.0072860145,-0.00020897647,-0.005007054,0.2574875,0.25753763,3.267066e-06,8.245165e-06,9.254427e-06,-1.03125885e-05,0,0,1
1777227558821000,1777227558663000,1777227558669000,47.4004458,8.545593,0,0.25,0.25,-0.00899528,-0.0004725183,-0.0010366718,-0.0045798877,0.25751334,0.25756505,1.2568677e-05,3.4674507e-08,7.198627e-06,-9.34438e-06,0,0,1
1777227558869000,1777227558715000,1777227558717000,47.4004459,8.5455931,0,0.25,0.25,-0.0051938994,-0.008047459,-0.0014282947,-0.004906543,0.2574874,0.25753862,4.1907438e-06,1.0058544e-05,6.125715e-06,-9.411656e-06,0,0,1
1777227558925000,1777227558767000,1777227558773000,47.400445999999995,8.545593199999999,0,0.25,0.25,-0.00056400755,-0.01578077,-0.0013468764,-0.0059309267,0.25751317,0.2575658,4.941177e-08,3.8674807e-05,5.544e-06,-1.216833e-05,0,0,1
1777227558973000,1777227558819000,1777227558821000,47.4004463,8.5455931,0,0.25,0.25,-0.02075614,-0.00820138,-0.0031752854,-0.00614481,0.25748676,0.2575391,6.692653e-05,1.0446979e-05,-1.2829346e-06,-1.2006173e-05,0,0,1
1777227559029000,1777227558871000,1777227558877000,47.4004465,8.5455931,0,0.25,0.25,-0.028524717,-0.008464381,-0.005563276,-0.00636332,0.2575125,0.257566,0.00012638757,1.11265845e-05,-1.3068155e-05,-1.1923314e-05,0,0,1
1777227559077000,1777227558923000,1777227558925000,47.400446599999995,8.545592899999999,0,0.25,0.25,-0.027451787,0.0064295004,-0.007625237,-0.0051581995,0.25748652,0.25753924,0.0001170703,6.420533e-06,-2.2865459e-05,-1.019527e-05,0,0,1
1777227559133000,1777227558975000,1777227558981000,47.400446599999995,8.545593,0,0.25,0.25,-0.014349663,-0.0018366257,-0.008258698,-0.0048452974,0.25751227,0.25756595,3.1984935e-05,5.238572e-07,-2.372454e-05,-9.284195e-06,0,0,1
1777227559181000,1777227559027000,1777227559029000,47.400446699999996,8.5455931,0,0.25,0.25,-0.015218884,-0.009808733,-0.008914367,-0.0053128675,0.25748584,0.25753897,3.598092e-05,1.4943175e-05,-2.4879128e-05,-9.817287e-06,0,0,1
1777227559237000,1777227559079000,1777227559085000,47.4004469,8.5455928,0,0.25,0.25,-0.02692641,0.01221529,-0.010611154,-0.0036616642,0.25751156,0.25756544,0.0001126212,2.3172879e-05,-3.3144686e-05,-6.709517e-06,0,0,1
1777227559285000,1777227559131000,1777227559133000,47.4004469,8.545592899999999,0,0.25,0.25,-0.018044058,0.0034544352,-0.011311355,-0.002991307,0.25748554,0.25753844,5.0579623e-05,1.8534123e-06,-3.4787106e-05,-5.9028644e-06,0,0,1
1777227559341000,1777227559183000,1777227559189000,47.4004471,8.545593,0,0.25,0.25,-0.031405766,-0.0051381416,-0.013204306,-0.0031935452,0.25751126,0.25756475,0.00015320838,4.1000176e-06,-4.5942736e-05,-5.733031e-06,0,0,1
1777227559389000,1777227559235000,1777227559237000,47.4004471,8.545592899999999,0,0.25,0.25,-0.02387438,0.0017212413,-0.014209459,-0.002730558,0.25748485,0.25753757,8.854672e-05,4.6015367e-07,-4.9956154e-05,-5.149615e-06,0,0,1
1777227559445000,1777227559287000,1777227559293000,47.400447199999995,8.5455928,0,0.25,0.25,-0.027952632,0.0082924515,-0.015504105,-0.0016921584,0.2575105,0.2575637,0.00012136974,1.0679261e-05,-5.6683522e-05,-3.6584888e-06,0,0,1
1777227559493000,1777227559339000,1777227559341000,47.400447199999995,8.5455928,0,0.25,0.25,-0.021938939,0.007190462,-0.016110284,-0.00085538975,0.25748456,0.25753656,7.477218e-05,8.030354e-06,-5.8387526e-05,-2.5573659e-06,0,0,1
1777227559549000,1777227559391000,1777227559397000,47.400447199999995,8.545593,0,0.25,0.25,-0.016574472,-0.009110273,-0.016154012,-0.0016330237,0.25751066,0.25756267,4.2672116e-05,1.2889612e-05,-5.690709e-05,-3.5306934e-06,0,0,1
1777227559597000,1777227559443000,1777227559445000,47.4004474,8.545593,0,0.25,0.25,-0.034996714,-0.010095351,-0.01792905,-0.0024301996,0.25748426,0.25753537,0.00019026716,1.5829457e-05,-6.947e-05,-4.689273e-06,0,0,1
1777227559653000,1777227559495000,1777227559501000,47.4004474,8.545592899999999,0,0.25,0.25,-0.030877264,-0.0036198895,-0.019148808,-0.002542272,0.25750995,0.25756127,0.0001480961,2.0350267e-06,-7.687681e-05,-4.439235e-06,0,0,1
1777227559701000,1777227559547000,1777227559549000,47.4004474,8.5455928,0,0.25,0.25,-0.027958283,0.0026814218,-0.019978685,-0.0020501849,0.25748357,0.25753397,0.00012143153,1.1167494e-06,-8.1073995e-05,-3.915845e-06,0,0,1
1777227559757000,1777227559599000,1777227559605000,47.4004474,8.5455928,0,0.25,0.25,-0.025648756,0.0011899603,-0.020512823,-0.0017449538,0.25750968,0.25755987,0.0001021878,2.1991089e-07,-8.306298e-05,-3.5262447e-06,0,0,1
1777227559805000,1777227559651000,1777227559653000,47.4004474,8.545592899999999,0,0.25,0.25,-0.024223868,-0.007668216,-0.020862414,-0.0023029423,0.2574833,0.25753254,9.1158654e-05,9.133065e-06,-8.382562e-05,-4.0544232e-06,0,0,1
1777227559861000,1777227559703000,1777227559709000,47.4004474,8.5455928,0,0.25,0.25,-0.02342948,-0.0013242447,-0.021104239,-0.002210746,0.25750902,0.2575583,8.526933e-05,2.7234594e-07,-8.396162e-05,-3.6981405e-06,0,0,1
1777227559909000,1777227559755000,1777227559757000,47.4004476,8.5455927,0,0.25,0.25,-0.04575721,0.005014637,-0.02342662,-0.001530094,0.25748268,0.25753096,0.0003252603,3.905796e-06,-0.000106692656,-2.9818275e-06,0,0,1
1777227559965000,1777227559807000,1777227559813000,47.4004476,8.545592599999999,0,0.25,0.25,-0.04564211,0.01105388,-0.025519384,-0.0003446471,0.2575088,0.25755677,0.00032359318,1.8976516e-05,-0.00012712531,-9.1328775e-07,0,0,1
1777227560013000,1777227559859000,1777227559861000,47.4004474,8.5455927,0,0.25,0.25,-0.023177668,0.0019626725,-0.025298787,-0.00012729088,0.25748247,0.25752947,8.34549e-05,5.9831336e-07,-0.00012301143,-7.7089055e-07,0,0,1
1777227560069000,1777227559911000,1777227559917000,47.4004474,8.5455927,0,0.25,0.25,-0.024779445,0.0005687759,-0.025249863,-6.1719365e-05,0.25750822,0.25755513,9.537883e-05,5.0242612e-08,-0.00012040836,-6.935374e-07,0,0,1
1777227560117000,1777227559963000,1777227559965000,47.4004474,8.5455925,0,0.25,0.25,-0.026646974,0.014391855,-0.025381476,0.0012998495,0.2574819,0.25752786,0.00011030853,3.2171352e-05,-0.00011945693,2.4024307e-06,0,0,1
1777227560173000,1777227560015000,1777227560021000,47.400447299999996,8.545592599999999,0,0.25,0.25,-0.018438784,0.0050641103,-0.024727454,0.0016544538,0.2575081,0.2575536,5.2812127e-05,3.9828933e-06,-0.000113178794,2.551315e-06,0,0,1
1777227560221000,1777227560067000,1777227560069000,47.400447299999996,8.5455924,0,0.25,0.25,-0.021356735,0.018769203,-0.024409924,0.0032667129,0.2574818,0.25752637,7.0857066e-05,5.471797e-05,-0.00010919196,7.4655654e-06,0,0,1
1777227560277000,1777227560119000,1777227560125000,47.400447199999995,8.5455924,0,0.25,0.25,-0.014273195,0.016830614,-0.023455014,0.004544472,0.2575076,0.25755206,3.1645526e-05,4.3994147e-05,-0.000101886864,1.0906664e-05,0,0,1
1777227560325000,1777227560171000,1777227560173000,47.4004471,8.5455924,0,0.25,0.25,-0.006672819,0.015103943,-0.021874083,0.005539205,0.25748137,0.25752488,6.9172406e-06,3.5434103e-05,-9.294045e-05,1.321722e-05,0,0,1
1777227560381000,1777227560223000,1777227560229000,47.4004471,8.5455924,0,0.25,0.25,-0.011796068,0.013324572,-0.020924704,0.0062726093,0.25750726,0.25755066,2.1614494e-05,2.7574259e-05,-8.6221335e-05,1.4569695e-05,0,0,1
1777227560429000,1777227560275000,1777227560277000,47.400447,8.5455925,0,0.25,0.25,-0.005101827,0.0041384725,-0.019434143,0.0060715675,0.25748152,0.2575237,4.043574e-06,2.6602531e-06,-7.847995e-05,1.34477905e-05,0,0,1
1777227560485000,1777227560327000,1777227560333000,47.4004471,8.545592599999999,0,0.25,0.25,-0.022347437,-0.0049128016,-0.019708583,0.005036808,0.2575075,0.25754958,7.757567e-05,3.7485006e-06,-7.839476e-05,1.1827849e-05,0,0,1
1777227560533000,1777227560379000,1777227560381000,47.4004471,8.545592599999999,0,0.25,0.25,-0.026898382,-0.0060071126,-0.020385884,0.0039964383,0.2574814,0.25752258,0.000112400034,5.605008e-06,-8.1598155e-05,1.0185624e-05,0,0,1
1777227560589000,1777227560431000,1777227560437000,47.4004471,8.5455924,0,0.25,0.25,-0.032828506,0.007923351,-0.021558015,0.004366365,0.25750744,0.25754854,0.00016740654,9.750315e-06,-8.9681555e-05,1.0144617e-05,0,0,1
1777227560637000,1777227560483000,1777227560485000,47.400447,8.5455923,0,0.25,0.25,-0.026377114,0.0140263215,-0.022011988,0.005276361,0.25748178,0.25752175,0.00010808564,3.0558615e-05,-9.141527e-05,1.2067674e-05,0,0,1
1777227560693000,1777227560535000,1777227560541000,47.4004469,8.5455923,0,0.25,0.25,-0.021712318,0.012346554,-0.021983758,0.0059423936,0.2575079,0.25754777,7.322878e-05,2.3675202e-05,-8.970205e-05,1.3161137e-05,0,0,1
1777227560741000,1777227560587000,1777227560589000,47.4004468,8.5455922,0,0.25,0.25,-0.015944006,0.018353023,-0.021414796,0.007111511,0.25748184,0.2575209,3.9491926e-05,5.2319396e-05,-8.497211e-05,1.684996e-05,0,0,1
1777227560797000,1777227560639000,1777227560645000,47.400446699999996,8.5455922,0,0.25,0.25,-0.011757392,0.0166474,-0.02050504,0.008009819,0.257508,0.25754705,2.147293e-05,4.3042375e-05,-7.8990306e-05,1.931736e-05,0,0,1
1777227560845000,1777227560691000,1777227560693000,47.400446699999996,8.5455922,0,0.25,0.25,-0.01783502,0.015029588,-0.020253517,0.008671102,0.2574824,0.25752038,4.9415088e-05,3.50867e-05,-7.620423e-05,2.0802878e-05,0,0,1
1777227560901000,1777227560743000,1777227560749000,47.400446699999996,8.545592,0,0.25,0.25,-0.024894184,0.02853739,-0.020690681,0.010542564,0.2575086,0.25754657,9.6264026e-05,0.00012648317,-7.809392e-05,3.0758267e-05,0,0,1
1777227560949000,1777227560795000,1777227560797000,47.4004465,8.545592,0,0.25,0.25,-0.008288571,0.026574448,-0.019522367,0.0120528145,0.25748262,0.2575198,1.0672628e-05,0.00010969272,-7.1742645e-05,3.819412e-05,0,0,1
1777227561005000,1777227560847000,1777227560853000,47.4004465,8.5455921,0,0.25,0.25,-0.015667183,0.01749908,-0.019159198,0.012565869,0.25750884,0.25754607,3.8128495e-05,4.7559304e-05,-6.85761e-05,3.907635e-05,0,0,1
1777227561053000,1777227560899000,1777227560901000,47.4004463,8.5455923,0,0.25,0.25,0.00068737124,0.0011698898,-0.017289594,0.011492334,0.25748327,0.25751948,7.33996e-08,2.1258852e-07,-6.210912e-05,3.541527e-05,0,0,1
1777227561109000,1777227560951000,1777227560957000,47.4004464,8.5455921,0,0.25,0.25,-0.017948572,0.015482751,-0.017351672,0.011868243,0.25750956,0.2575458,5.0041053e-05,3.723075e-05,-6.097227e-05,3.5586294e-05,0,0,1
1777227561157000,1777227561003000,1777227561005000,47.4004462,8.545592,0,0.25,0.25,-0.0014521225,0.021867517,-0.015853887,0.012810204,0.25748357,0.25751916,3.2757967e-07,7.4276155e-05,-5.5259363e-05,3.9230992e-05,0,0,1
1777227561213000,1777227561055000,1777227561061000,47.4004462,8.5455919,0,0.25,0.25,-0.008857151,0.027991679,-0.015194775,0.014240343,0.2575099,0.25754553,1.2185802e-05,0.000121692516,-5.1201707e-05,4.6999106e-05,0,0,1
1777227561261000,1777227561107000,1777227561109000,47.4004462,8.545592,0,0.25,0.25,-0.014887988,0.018919833,-0.015165875,0.014681165,0.25748432,0.257519,3.4433502e-05,5.5601347e-05,-4.9622093e-05,4.7809463e-05,0,0,1
1777227561317000,1777227561159000,1777227561165000,47.400445999999995,8.545592,0,0.25,0.25,0.000559724,0.017693808,-0.013684478,0.014964965,0.25751063,0.2575454,4.8664546e-08,4.862379e-05,-4.4942964e-05,4.7886173e-05,0,0,1
1777227561365000,1777227561211000,1777227561213000,47.400445999999995,8.545592,0,0.25,0.25,-0.005180361,0.016469669,-0.012883365,0.0151067125,0.25748464,0.25751883,4.1689696e-06,4.2132837e-05,-4.1101935e-05,4.734419e-05,0,0,1
1777227561421000,1777227561263000,1777227561269000,47.400445999999995,8.5455921,0,0.25,0.25,-0.011800646,0.008175629,-0.0127813695,0.014453785,0.257511,0.2575453,2.1630958e-05,1.0381228e-05,-3.9267714e-05,4.3862172e-05,0,0,1
1777227561469000,1777227561315000,1777227561317000,47.4004459,8.5455921,0,0.25,0.25,-0.006068307,0.0076806624,-0.012148979,0.013815736,0.25748497,0.25751874,5.720621e-06,9.163229e-06,-3.610748e-05,4.059343e-05,0,0,1
1777227561525000,1777227561367000,1777227561373000,47.4004458,8.5455921,0,0.25,0.25,-0.0009773333,0.0072476524,-0.011096578,0.013197004,0.25751176,0.25754535,1.4837075e-07,8.158325e-06,-3.272003e-05,3.753795e-05,0,0,1
1777227561573000,1777227561419000,1777227561421000,47.4004458,8.5455921,0,0.25,0.25,-0.0061815125,0.0067943544,-0.010633565,0.012593856,0.25748575,0.2575188,5.9360327e-06,7.1704667e-06,-3.0196898e-05,3.4677243e-05,0,0,1
1777227561629000,1777227561471000,1777227561477000,47.4004457,8.545592,0,0.25,0.25,-0.00055669644,0.014018796,-0.009684294,0.0127280895,0.2575121,0.25754532,4.8139242e-08,3.0523042e-05,-2.7356797e-05,3.4285906e-05,0,0,1
1777227561677000,1777227561523000,1777227561525000,47.4004456,8.545592,0,0.25,0.25,0.005891612,0.013403693,-0.008216999,0.012791733,0.25748608,0.25751877,5.392306e-06,2.7906159e-05,-2.4271736e-05,3.3684915e-05,0,0,1
1777227561733000,1777227561575000,1777227561581000,47.4004456,8.545592,0,0.25,0.25,0.00060910673,0.012941997,-0.007385554,0.012805888,0.25751284,0.25754544,5.7629908e-08,2.6014095e-05,-2.1979838e-05,3.29623e-05,0,0,1
1777227561781000,1777227561627000,1777227561629000,47.4004456,8.545592,0,0.25,0.25,-0.0036646877,0.012793173,-0.0070350375,0.012804691,0.2574868,0.25751892,2.0863108e-06,2.5421863e-05,-2.010581e-05,3.225197e-05,0,0,1
1777227561837000,1777227561679000,1777227561685000,47.4004455,8.545592,0,0.25,0.25,0.003081829,0.012814119,-0.0060819993,0.012805579,0.25751314,0.25754547,1.475291e-06,2.550255e-05,-1.8072808e-05,3.1616153e-05,0,0,1
1777227561885000,1777227561731000,1777227561733000,47.400445399999995,8.5455918,0,0.25,0.25,0.010692982,0.027805964,-0.004501747,0.014218659,0.2574871,0.25751895,1.7762422e-05,0.000120095494,-1.4697025e-05,3.9951163e-05,0,0,1
1777227561941000,1777227561783000,1777227561789000,47.400445399999995,8.5455918,0,0.25,0.25,0.0064720213,0.027498316,-0.0034679861,0.015469641,0.25751382,0.25754562,6.506378e-06,0.00011744053,-1.2699603e-05,4.7250887e-05,0,0,1
1777227561989000,1777227561835000,1777227561837000,47.400445399999995,8.545592,0,0.25,0.25,0.003390345,0.011923018,-0.0028219114,0.015135539,0.25748777,0.2575191,1.7856288e-06,2.2081214e-05,-1.1335052e-05,4.487983e-05,0,0,1
1777227562045000,1777227561887000,1777227561893000,47.400445399999995,8.5455918,0,0.25,0.25,0.00044909606,0.027229166,-0.002513773,0.016274793,0.2575141,0.25754565,3.1328348e-08,0.00011515279,-1.0264305e-05,5.149975e-05,0,0,1
1777227562093000,1777227561939000,1777227561941000,47.400445399999995,8.545592,0,0.25,0.25,-0.001976568,0.011694519,-0.0024631668,0.015843319,0.25748798,0.25751913,6.069132e-07,2.1242968e-05,-9.3545505e-06,4.8649472e-05,0,0,1
1777227562149000,1777227561991000,1777227561997000,47.4004453,8.5455919,0,0.25,0.25,0.006868917,0.019536475,-0.0015840575,0.016191225,0.2575143,0.25754568,7.328839e-06,5.9278624e-05,-7.782926e-06,4.9650767e-05,0,0,1
1777227562197000,1777227562043000,1777227562045000,47.4004453,8.5455919,0,0.25,0.25,0.0051200613,0.019709226,-0.00095251,0.016522631,0.2574886,0.25751925,4.0724176e-06,6.0337792e-05,-6.6661187e-06,5.0657516e-05,0,0,1
1777227562253000,1777227562095000,1777227562101000,47.4004453,8.5455921,0,0.25,0.25,0.003155325,0.0050739734,-0.0005655399,0.015444134,0.2575149,0.2575458,1.5464856e-06,3.9985443e-06,-5.8924675e-06,4.6262106e-05,0,0,1
1777227562301000,1777227562147000,1777227562149000,47.400445399999995,8.5455921,0,0.25,0.25,-0.009180902,0.0057878387,-0.001377132,0.014534484,0.2574888,0.25751925,1.3094001e-05,5.203351e-06,-6.5708728e-06,4.239425e-05,0,0,1
1777227562357000,1777227562199000,1777227562205000,47.4004455,8.5455921,0,0.25,0.25,-0.020855458,0.006701433,-0.003212047,0.0137965875,0.25751504,0.25754577,6.756112e-05,6.974947e-06,-1.2316332e-05,3.905765e-05,0,0,1
1777227562405000,1777227562251000,1777227562253000,47.4004455,8.5455921,0,0.25,0.25,-0.02080222,0.007295122,-0.0048690923,0.01318413,0.25748932,0.25751933,6.722335e-05,8.266377e-06,-1.7488732e-05,3.6157024e-05,0,0,1
1777227562461000,1777227562303000,1777227562309000,47.400445399999995,8.5455922,0,0.25,0.25,-0.009167242,0.0006442339,-0.0052739903,0.012002835,0.25751558,0.25754583,1.3053706e-05,6.446034e-08,-1.7070939e-05,3.2756998e-05,0,0,1
1777227562509000,1777227562355000,1777227562357000,47.4004455,8.5455923,0,0.25,0.25,-0.020096377,-0.005742899,-0.0066703022,0.010331135,0.2574894,0.25751925,6.2738785e-05,5.122862e-06,-2.1372984e-05,2.9188604e-05,0,0,1
1777227562565000,1777227562407000,1777227562413000,47.4004455,8.5455919,0,0.25,0.25,-0.019609118,0.026164614,-0.007889177,0.011822695,0.25751564,0.2575457,5.972725e-05,0.00010632474,-2.4986068e-05,3.6455054e-05,0,0,1
1777227562613000,1777227562459000,1777227562461000,47.4004455,8.545592,0,0.25,0.25,-0.018646196,0.019073749,-0.008902519,0.012505765,0.2574899,0.25751925,5.401076e-05,5.6509623e-05,-2.7720278e-05,3.8344253e-05,0,0,1
1777227562669000,1777227562511000,1777227562517000,47.4004455,8.5455921,0,0.25,0.25,-0.017591799,0.012554921,-0.009721074,0.012510396,0.25751612,0.25754568,4.807022e-05,2.4481256e-05,-2.9637302e-05,3.7038317e-05,0,0,1
1777227562717000,1777227562563000,1777227562565000,47.4004455,8.545592,0,0.25,0.25,-0.016163228,0.020953225,-0.010327944,0.013305735,0.25748992,0.25751907,4.0584106e-05,6.819497e-05,-3.066852e-05,3.9973365e-05,0,0,1
1777227562773000,1777227562615000,1777227562621000,47.4004455,8.5455921,0,0.25,0.25,-0.014718959,0.014330499,-0.01074159,0.01340227,0.25751612,0.25754544,3.3651915e-05,3.189545e-05,-3.0949566e-05,3.9212402e-05,0,0,1
1777227562821000,1777227562667000,1777227562669000,47.400445399999995,8.545592,0,0.25,0.25,-0.0018758018,0.022705968,-0.0099064065,0.014278705,0.2574903,0.25751892,5.4660427e-07,8.008126e-05,-2.8085518e-05,4.306237e-05,0,0,1
1777227562877000,1777227562719000,1777227562725000,47.400445399999995,8.5455922,0,0.25,0.25,-0.00037595243,0.008489956,-0.00900861,0.013733388,0.25751647,0.2575453,2.1954358e-08,1.1194824e-05,-2.5441848e-05,4.0060353e-05,0,0,1
1777227562925000,1777227562771000,1777227562773000,47.400445399999995,8.5455921,0,0.25,0.25,0.0013120284,0.016992291,-0.008036376,0.014040386,0.25749025,0.25751862,2.6741492e-07,4.4849257e-05,-2.301996e-05,4.051148e-05,0,0,1
1777227562981000,1777227562823000,1777227562829000,47.400445399999995,8.5455922,0,0.25,0.25,0.003082524,0.010494176,-0.0069889436,0.013706323,0.25751638,0.2575449,1.4759379e-06,1.710424e-05,-2.0712376e-05,3.830645e-05,0,0,1
1777227563029000,1777227562875000,1777227562877000,47.4004456,8.5455922,0,0.25,0.25,-0.017619276,0.011384118,-0.007990352,0.013487564,0.25749058,0.25751835,4.822528e-05,2.0130317e-05,-2.3304172e-05,3.6594207e-05,0,0,1
1777227563085000,1777227562927000,1777227562933000,47.4004456,8.5455919,0,0.25,0.25,-0.01482933,0.035176374,-0.008634604,0.015530713,0.25751668,0.25754458,3.4158413e-05,0.00019218068,-2.4326673e-05,5.1250907e-05,0,0,1
1777227563133000,1777227562979000,1777227562981000,47.4004456,8.5455922,0,0.25,0.25,-0.012270071,0.012696771,-0.008977075,0.015263747,0.25749043,0.25751787,2.3387998e-05,2.504028e-05,-2.4238247e-05,4.878179e-05,0,0,1
1777227563189000,1777227563031000,1777227563037000,47.4004456,8.5455922,0,0.25,0.25,-0.00961216,0.013829226,-0.009036902,0.015128612,0.25751653,0.2575441,1.4351484e-05,2.970326e-05,-2.3306884e-05,4.6984536e-05,0,0,1
1777227563237000,1777227563083000,1777227563085000,47.4004456,8.5455925,0,0.25,0.25,-0.0072152144,-0.008168865,-0.008865294,0.012933921,0.25749028,0.25751737,8.0871905e-06,1.0365181e-05,-2.1873144e-05,4.1582025e-05,0,0,1
1777227563293000,1777227563135000,1777227563141000,47.4004457,8.5455924,0,0.25,0.25,-0.015898887,0.0010868586,-0.009527879,0.011817893,0.25751677,0.25754362,3.92634e-05,1.8346586e-07,-2.3511357e-05,3.768216e-05,0,0,1
1777227563341000,1777227563187000,1777227563189000,47.4004458,8.5455924,0,0.25,0.25,-0.0244673,0.0022380583,-0.010935215,0.010915445,0.2574905,0.2575169,9.299743e-05,7.780312e-07,-3.0057146e-05,3.4205685e-05,0,0,1
1777227563397000,1777227563239000,1777227563245000,47.4004459,8.5455925,0,0.25,0.25,-0.032133248,-0.003950347,-0.012932131,0.009515044,0.25751653,0.257543,0.00016038513,2.4237108e-06,-4.233442e-05,3.0755087e-05,0,0,1
1777227563445000,1777227563291000,1777227563293000,47.4004458,8.545592599999999,0,0.25,0.25,-0.017528871,-0.010230291,-0.013365157,0.007654976,0.25749025,0.2575162,4.7731723e-05,1.6256663e-05,-4.284286e-05,2.6326445e-05,0,0,1
1777227563501000,1777227563343000,1777227563349000,47.4004459,8.5455923,0,0.25,0.25,-0.025461923,0.014207412,-0.014504707,0.008272234,0.25751668,0.2575424,0.00010070175,3.1350264e-05,-4.8293336e-05,2.6799704e-05,0,0,1
1777227563549000,1777227563395000,1777227563397000,47.4004459,8.5455923,0,0.25,0.25,-0.02217491,0.015048874,-0.015227263,0.008910613,0.25749037,0.2575156,7.638757e-05,3.5177454e-05,-5.0939896e-05,2.7588912e-05,0,0,1
1777227563605000,1777227563447000,1777227563453000,47.4004459,8.5455924,0,0.25,0.25,-0.018784381,0.008523289,-0.015562354,0.008874126,0.25751638,0.25754163,5.4808625e-05,1.1283063e-05,-5.130434e-05,2.6052854e-05,0,0,1
1777227563653000,1777227563499000,1777227563501000,47.4004459,8.5455924,0,0.25,0.25,-0.015775697,0.009406678,-0.015582452,0.008924293,0.25749007,0.25751483,3.8661317e-05,1.3744543e-05,-5.0113333e-05,2.4893376e-05,0,0,1
1777227563709000,1777227563551000,1777227563557000,47.4004459,8.5455924,0,0.25,0.25,-0.012691815,0.010525808,-0.015310145,0.009075161,0.25751647,0.2575409,2.5020872e-05,1.720777e-05,-4.774955e-05,2.4169369e-05,0,0,1
1777227563757000,1777227563603000,1777227563605000,47.4004459,8.545592599999999,0,0.25,0.25,-0.009897042,-0.0037784462,-0.014800215,0.007864314,0.25749016,0.25751412,1.521634e-05,2.2176114e-06,-4.4684824e-05,2.1683638e-05,0,0,1
1777227563813000,1777227563655000,1777227563661000,47.400445999999995,8.5455923,0,0.25,0.25,-0.018240592,0.020240111,-0.015124309,0.00903015,0.25751612,0.25754002,5.1681298e-05,6.362695e-05,-4.5343913e-05,2.563482e-05,0,0,1
1777227563861000,1777227563707000,1777227563709000,47.400446099999996,8.5455924,0,0.25,0.25,-0.026508728,0.0131666,-0.016196754,0.009419816,0.2574898,0.2575132,0.00010916358,2.6928228e-05,-5.135591e-05,2.5756663e-05,0,0,1
1777227563917000,1777227563759000,1777227563765000,47.400446099999996,8.5455923,0,0.25,0.25,-0.02357437,0.02165295,-0.016891748,0.010572213,0.25751576,0.25753906,8.6324966e-05,7.282006e-05,-5.4650096e-05,3.0190171e-05,0,0,1
1777227563965000,1777227563811000,1777227563813000,47.400446099999996,8.5455923,0,0.25,0.25,-0.020961663,0.022090882,-0.017275145,0.011657305,0.25748983,0.2575124,6.825765e-05,7.580327e-05,-5.5931967e-05,3.4487057e-05,0,0,1
1777227564021000,1777227563863000,1777227563869000,47.400446099999996,8.5455925,0,0.25,0.25,-0.018301789,0.0075915805,-0.017371858,0.011274302,0.25751576,0.25753826,5.2028732e-05,8.951229e-06,-5.556427e-05,3.208151e-05,0,0,1
1777227564069000,1777227563915000,1777227563917000,47.400446099999996,8.5455925,0,0.25,0.25,-0.015898371,0.008423827,-0.017233051,0.01100578,0.2574894,0.25751144,3.9265025e-05,1.1022556e-05,-5.4028835e-05,3.0097694e-05,0,0,1
1777227564125000,1777227563967000,1777227563973000,47.4004462,8.5455925,0,0.25,0.25,-0.024656244,0.009481382,-0.017932337,0.010862177,0.25751537,0.25753725,9.443014e-05,1.39625e-05,-5.7834754e-05,2.8577711e-05,0,0,1
1777227564173000,1777227564019000,1777227564021000,47.400446099999996,8.5455925,0,0.25,0.25,-0.011316418,0.010269193,-0.017309098,0.0108063165,0.25748944,0.25751057,1.9893834e-05,1.6380893e-05,-5.426061e-05,2.7428736e-05,0,0,1
1777227564229000,1777227564071000,1777227564077000,47.4004462,8.5455925,0,0.25,0.25,-0.02085112,0.011198531,-0.017642766,0.010843264,0.25751537,0.25753638,6.7532936e-05,1.9477962e-05,-5.5510904e-05,2.667975e-05,0,0,1
1777227564277000,1777227564123000,1777227564125000,47.400446099999996,8.545592599999999,0,0.25,0.25,-0.0076628774,0.004320003,-0.016702631,0.010228754,0.25748903,0.2575096,9.121894e-06,2.8989098e-06,-5.1140923e-05,2.4439527e-05,0,0,1
1777227564333000,1777227564175000,1777227564181000,47.400446099999996,8.545592599999999,0,0.25,0.25,-0.0063947244,0.0054672873,-0.015731597,0.00978021,0.25751498,0.2575354,6.3518632e-06,4.6426594e-06,-4.6921665e-05,2.2574604e-05,0,0,1
1777227564381000,1777227564227000,1777227564229000,47.400446099999996,8.545592599999999,0,0.25,0.25,-0.0052204495,0.00630167,-0.014741417,0.009452522,0.25748906,0.25750875,4.23367e-06,6.168496e-06,-4.290033e-05,2.1029102e-05,0,0,1
1777227564437000,1777227564279000,1777227564285000,47.4004462,8.5455927,0,0.25,0.25,-0.015357369,-0.0002416752,-0.014799441,0.0085393,0.25751498,0.25753453,3.663457e-05,9.0717e-09,-4.231008e-05,1.9047246e-05,0,0,1
1777227564485000,1777227564331000,1777227564333000,47.4004463,8.5455927,0,0.25,0.25,-0.02549572,0.00073705654,-0.015807062,0.007804306,0.25748864,0.25750777,0.00010098025,8.4386166e-08,-4.783698e-05,1.7260889e-05,0,0,1
1777227564541000,1777227564383000,1777227564389000,47.4004462,8.545592599999999,0,0.25,0.25,-0.013203602,0.009051782,-0.015561809,0.007921822,0.25751457,0.25753352,2.707965e-05,1.2726074e-05,-4.5881578e-05,1.6833696e-05,0,0,1
1777227564589000,1777227564435000,1777227564437000,47.4004462,8.5455928,0,0.25,0.25,-0.012326423,-0.0056928894,-0.015257026,0.0066392766,0.25748864,0.2575069,2.3603483e-05,5.034271e-06,-4.3782915e-05,1.477367e-05,0,0,1
1777227564645000,1777227564487000,1777227564493000,47.4004462,8.5455928,0,0.25,0.25,-0.011962313,-0.0047683283,-0.014946654,0.0055646473,0.25751454,0.2575327,2.2227397e-05,3.5315059e-06,-4.1752322e-05,1.3049269e-05,0,0,1
1777227564693000,1777227564539000,1777227564541000,47.4004462,8.5455928,0,0.25,0.25,-0.011542048,-0.0040301327,-0.01462593,0.0046607913,0.2574882,0.25750592,2.0695144e-05,2.5229663e-06,-3.9768674e-05,1.15823195e-05,0,0,1
1777227564749000,1777227564591000,1777227564597000,47.4004462,8.5455928,0,0.25,0.25,-0.011427133,-0.0031777287,-0.014324594,0.00392238,0.25751412,0.25753167,2.0283062e-05,1.5684221e-06,-3.7933074e-05,1.0343481e-05,0,0,1
1777227564797000,1777227564643000,1777227564645000,47.4004462,8.5455928,0,0.25,0.25,-0.01146079,-0.0024955736,-0.014054815,0.00331779,0.2574882,0.25750512,2.0404776e-05,9.674196e-07,-3.6281857e-05,9.277962e-06,0,0,1
1777227564853000,1777227564695000,1777227564701000,47.4004462,8.545592899999999,0,0.25,0.25,-0.011775726,-0.009251272,-0.013840118,0.002133748,0.2575141,0.25753087,2.153944e-05,1.32933255e-05,-3.4893077e-05,7.151681e-06,0,0,1
1777227564901000,1777227564747000,1777227564749000,47.4004462,8.5455927,0,0.25,0.25,-0.0119630825,0.006686627,-0.013663297,0.0025626426,0.25748774,0.25750417,2.2232567e-05,6.945283e-06,-3.370042e-05,7.132238e-06,0,0,1
1777227564957000,1777227564799000,1777227564805000,47.4004463,8.5455928,0,0.25,0.25,-0.023468465,-0.0003392668,-0.014586972,0.0022892742,0.25751364,0.2575299,8.555179e-05,1.787784e-08,-3.858497e-05,6.458676e-06,0,0,1
1777227565005000,1777227564851000,1777227564853000,47.4004462,8.5455931,0,0.25,0.25,-0.012044432,-0.022414004,-0.014347457,-3.784639e-05,0.2574873,0.2575032,2.2535998e-05,7.803982e-05,-3.707311e-05,-1.5013279e-06,0,0,1
1777227565061000,1777227564903000,1777227564909000,47.4004463,8.545593,0,0.25,0.25,-0.023644535,-0.013536642,-0.015223269,-0.0013094723,0.25751358,0.2575291,8.684032e-05,2.8461356e-05,-4.1761326e-05,-4.041041e-06,0,0,1
1777227565109000,1777227564955000,1777227564957000,47.4004462,8.545592899999999,0,0.25,0.25,-0.012290427,-0.0050554373,-0.014946987,-0.001662353,0.2574872,0.2575024,2.346596e-05,3.9700517e-06,-4.003785e-05,-4.0343534e-06,0,0,1
1777227565165000,1777227565007000,1777227565013000,47.4004463,8.5455928,0,0.25,0.25,-0.024167905,0.0033394422,-0.015815625,-0.0011911694,0.25751305,0.25752813,9.072746e-05,1.7321407e-06,-4.4812958e-05,-3.491133e-06,0,0,1
1777227565213000,1777227565059000,1777227565061000,47.4004463,8.5455927,0,0.25,0.25,-0.02431827,0.011347664,-0.0166166,-9.97493e-06,0.2574867,0.25750145,9.1869326e-05,2.0002914e-05,-4.9245806e-05,-1.2779253e-06,0,0,1
1777227565269000,1777227565111000,1777227565117000,47.4004463,8.545593,0,0.25,0.25,-0.024843873,-0.010932689,-0.017391633,-0.0010389263,0.2575129,0.25752732,9.587373e-05,1.8564817e-05,-5.363829e-05,-2.9064008e-06,0,0,1
1777227565317000,1777227565163000,1777227565165000,47.400446099999996,8.545592899999999,0,0.25,0.25,-0.002703623,-0.0024717147,-0.01600798,-0.0011738992,0.25748652,0.25750062,1.1355278e-06,9.490267e-07,-4.869238e-05,-2.7220105e-06,0,0,1
1777227565373000,1777227565215000,1777227565221000,47.4004462,8.545592899999999,0,0.25,0.25,-0.0154028945,-0.0017442835,-0.01595098,-0.001227631,0.2575123,0.2575263,3.6852478e-05,4.7257694e-07,-4.7577025e-05,-2.5101074e-06,0,0,1
1777227565421000,1777227565267000,1777227565269000,47.4004462,8.545593,0,0.25,0.25,-0.01609683,-0.008650671,-0.015964719,-0.0019269029,0.25748593,0.25749964,4.0251976e-05,1.1624732e-05,-4.6886984e-05,-3.3687315e-06,0,0,1
1777227565477000,1777227565319000,1777227565325000,47.4004463,8.545593,0,0.25,0.25,-0.02846921,-0.007740893,-0.017142678,-0.0024745977,0.2575121,0.25752547,0.00012589637,9.307261e-06,-5.43299e-05,-3.9281585e-06,0,0,1
1777227565525000,1777227565371000,1777227565373000,47.4004462,8.545592899999999,0,0.25,0.25,-0.017762795,0.0005841182,-0.017201094,-0.0021864576,0.2574857,0.25749883,4.9015056e-05,5.300126e-08,-5.3829226e-05,-3.5531218e-06,0,0,1
1777227565581000,1777227565423000,1777227565429000,47.400446099999996,8.545592899999999,0,0.25,0.25,-0.007812344,0.0012325492,-0.016316647,-0.0018643773,0.2575114,0.2575245,9.480391e-06,2.359663e-07,-4.9651437e-05,-3.1961788e-06,0,0,1
1777227565629000,1777227565475000,1777227565477000,47.4004462,8.545592899999999,0,0.25,0.25,-0.020390626,0.0017561949,-0.016700428,-0.0015233089,0.25748503,0.25749785,6.4590575e-05,4.7910623e-07,-5.105875e-05,-2.8499562e-06,0,0,1
1777227565685000,1777227565527000,1777227565533000,47.4004462,8.5455931,0,0.25,0.25,-0.021843681,-0.012674497,-0.017184937,-0.0025737833,0.25751075,0.2575235,7.411674e-05,2.4951958e-05,-5.3230877e-05,-4.932029e-06,0,0,1
1777227565733000,1777227565579000,1777227565581000,47.4004462,8.5455931,0,0.25,0.25,-0.022861943,-0.011783451,-0.017719727,-0.0034413608,0.25748476,0.25749707,8.119601e-05,2.1569134e-05,-5.5865275e-05,-6.499293e-06,0,0,1
1777227565789000,1777227565631000,1777227565637000,47.400445999999995,8.545593,0,0.25,0.25,-0.0019393753,-0.0032764217,-0.016233172,-0.003425823,0.25751048,0.25752273,5.842366e-07,1.6674161e-06,-5.065764e-05,-6.044116e-06,0,0,1
1777227565837000,1777227565683000,1777227565685000,47.400446099999996,8.5455931,0,0.25,0.25,-0.014831016,-0.010217875,-0.016101085,-0.0040656542,0.2574841,0.25749615,3.41705e-05,1.6218492e-05,-4.9104503e-05,-7.0025717e-06,0,0,1
1777227565893000,1777227565735000,1777227565741000,47.400445999999995,8.545592899999999,0,0.25,0.25,-0.0053449455,0.005800572,-0.015087825,-0.003136227,0.2575098,0.2575218,4.4376475e-06,5.2262194e-06,-4.4896755e-05,-5.850584e-06,0,0,1
1777227565941000,1777227565787000,1777227565789000,47.4004459,8.5455931,0,0.25,0.25,0.0042890417,-0.0089539,-0.013262468,-0.0036842686,0.25748384,0.25749543,2.8577915e-06,1.2454175e-05,-4.039814e-05,-6.4726614e-06,0,0,1
1777227565997000,1777227565839000,1777227565845000,47.400445999999995,8.545593,0,0.25,0.25,-0.0094934665,-0.00052736455,-0.0129074175,-0.003386879,0.25750956,0.25752112,1.3999621e-05,4.3198533e-08,-3.7911323e-05,-5.8669875e-06,0,0,1
1777227566045000,1777227565891000,1777227565893000,47.4004459,8.545592899999999,0,0.25,0.25,-0.00013762123,0.0075281835,-0.011704465,-0.0023586485,0.25748318,0.25749457,2.9422667e-09,8.803843e-06,-3.4340243e-05,-4.4849526e-06,0,0,1
1777227566101000,1777227565943000,1777227565949000,47.4004458,8.5455931,0,0.25,0.25,0.008525548,-0.0075424956,-0.009798739,-0.0028469819,0.25750887,0.25752023,1.1290479e-05,8.836469e-06,-3.0041696e-05,-4.894878e-06,0,0,1
1777227566149000,1777227565995000,1777227565997000,47.4004458,8.5455931,0,0.25,0.25,0.0061636325,-0.0071887155,-0.008295037,-0.0032559857,0.25748295,0.2574939,5.9018066e-06,8.027783e-06,-2.6655714e-05,-5.190007e-06,0,0,1
1777227566205000,1777227566047000,1777227566053000,47.4004458,8.545593199999999,0,0.25,0.25,0.0034326452,-0.014344082,-0.007190255,-0.0043005166,0.25750864,0.2575196,1.8303158e-06,3.1959153e-05,-2.3972247e-05,-7.711738e-06,0,0,1
1777227566253000,1777227566099000,1777227566101000,47.4004457,8.5455931,0,0.25,0.25,0.012382136,-0.006357503,-0.005346479,-0.004494291,0.25748232,0.2574931,2.3817913e-05,6.2786685e-06,-1.9470275e-05,-7.576739e-06,0,0,1
1777227566309000,1777227566151000,1777227566157000,47.4004458,8.545593199999999,0,0.25,0.25,-0.0016618456,-0.0135964835,-0.004999376,-0.0053517437,0.257508,0.25751883,4.2899336e-07,2.8714694e-05,-1.7676532e-05,-9.567995e-06,0,0,1
1777227566357000,1777227566203000,1777227566205000,47.4004459,8.5455931,0,0.25,0.25,-0.014886692,-0.005591084,-0.0059307897,-0.00537429,0.2574821,0.25749254,3.4427805e-05,4.856097e-06,-1.925455e-05,-9.124121e-06,0,0,1
1777227566413000,1777227566255000,1777227566261000,47.4004459,8.545593199999999,0,0.25,0.25,-0.016915299,-0.012872235,-0.0069655627,-0.006080618,0.25750783,0.2575183,4.4445613e-05,2.5737114e-05,-2.1627622e-05,-1.0689113e-05,0,0,1
1777227566461000,1777227566307000,1777227566309000,47.4004458,8.5455931,0,0.25,0.25,-0.0073691662,-0.0049043065,-0.0070035835,-0.005969806,0.25748152,0.25749183,8.436274e-06,3.736386e-06,-2.038496e-05,-1.0034146e-05,0,0,1
1777227566517000,1777227566359000,1777227566365000,47.4004458,8.545593199999999,0,0.25,0.25,-0.009736514,-0.012230492,-0.0072610336,-0.006559581,0.25750723,0.25751758,1.4725753e-05,2.3234908e-05,-1.9851846e-05,-1.1277696e-05,0,0,1
1777227566565000,1777227566411000,1777227566413000,47.4004458,8.545593199999999,0,0.25,0.25,-0.011503225,-0.011845351,-0.0076606604,-0.007057516,0.25748137,0.25749138,2.0556701e-05,2.1796823e-05,-1.9918245e-05,-1.2268629e-05,0,0,1
1777227566621000,1777227566463000,1777227566469000,47.4004458,8.5455933,0,0.25,0.25,-0.013628467,-0.018993836,-0.008222845,-0.008181952,0.2575071,0.25751713,2.8851262e-05,5.6037563e-05,-2.075976e-05,-1.639179e-05,0,0,1
1777227566669000,1777227566515000,1777227566517000,47.4004458,8.5455931,0,0.25,0.25,-0.015263566,-0.0033770772,-0.008886102,-0.007729319,0.2574808,0.25749075,3.6193214e-05,1.7716599e-06,-2.2213637e-05,-1.50145315e-05,0,0,1
1777227566725000,1777227566567000,1777227566573000,47.4004457,8.5455931,0,0.25,0.25,-0.006107264,-0.003263506,-0.008624327,-0.0073086265,0.25750655,0.25751653,5.793822e-06,1.6543361e-06,-2.0666843e-05,-1.3755962e-05,0,0,1
1777227566773000,1777227566619000,1777227566621000,47.4004458,8.5455931,0,0.25,0.25,-0.019003853,-0.0031850825,-0.009602109,-0.0069201766,0.25748026,0.25749016,5.610472e-05,1.5759438e-06,-2.4005194e-05,-1.2608569e-05,0,0,1
1777227566829000,1777227566671000,1777227566677000,47.4004458,8.545593,0,0.25,0.25,-0.020849392,0.0044921907,-0.010661636,-0.0058450983,0.25750643,0.25751615,6.752408e-05,3.1345262e-06,-2.81048e-05,-1.1125523e-05,0,0,1
1777227566877000,1777227566723000,1777227566725000,47.4004457,8.5455931,0,0.25,0.25,-0.0110615045,-0.0031497746,-0.010699305,-0.005591191,0.25748017,0.2574898,1.9008357e-05,1.5411997e-06,-2.7247888e-05,-1.0222652e-05,0,0,1
1777227566933000,1777227566775000,1777227566781000,47.4004456,8.5455931,0,0.25,0.25,-0.001987605,-0.0030660024,-0.009878637,-0.0053533106,0.25750592,0.2575156,6.136671e-07,1.4601633e-06,-2.4738867e-05,-9.3972e-06,0,0,1
1777227566981000,1777227566827000,1777227566829000,47.4004455,8.545593199999999,0,0.25,0.25,0.0076447017,-0.010554896,-0.008227888,-0.0058433153,0.25747967,0.25748926,9.079003e-06,1.7306482e-05,-2.1553125e-05,-1.01422775e-05,0,0,1
1777227567037000,1777227566879000,1777227566885000,47.4004455,8.545593499999999,0,0.25,0.25,0.0054988507,-0.03295317,-0.006934789,-0.008397142,0.25750586,0.2575153,4.6969585e-06,0.00016867524,-1.9080291e-05,-2.5076542e-05,0,0,1
1777227567085000,1777227566931000,1777227566933000,47.4004456,8.545593199999999,0,0.25,0.25,-0.0073415376,-0.0093472935,-0.006973106,-0.008486649,0.2574796,0.257489,8.373195e-06,1.3572913e-05,-1.8071652e-05,-2.3992867e-05,0,0,1
1777227567141000,1777227566983000,1777227566989000,47.4004455,8.5455931,0,0.25,0.25,0.002164637,-0.0014996352,-0.006112304,-0.007828452,0.2575054,0.25751486,7.278532e-07,3.493244e-07,-1.6300684e-05,-2.1765576e-05,0,0,1
1777227567189000,1777227567035000,1777227567037000,47.4004455,8.545593199999999,0,0.25,0.25,0.00050783786,-0.008961866,-0.0054886676,-0.007935222,0.25747916,0.25748855,4.006527e-08,1.24766775e-05,-1.4761338e-05,-2.0890535e-05,0,0,1
1777227567245000,1777227567087000,1777227567093000,47.400445399999995,8.545593199999999,0,0.25,0.25,0.009863454,-0.008736566,-0.004042453,-0.0080107115,0.25750536,0.25751463,1.5112341e-05,1.1856038e-05,-1.1947151e-05,-2.0039459e-05,0,0,1
1777227567293000,1777227567139000,1777227567141000,47.4004455,8.545593199999999,0,0.25,0.25,-0.003045577,-0.008515589,-0.0039485446,-0.008058272,0.25747958,0.25748855,1.4409749e-06,1.1265007e-05,-1.09574385e-05,-1.921288e-05,0,0,1
1777227567349000,1777227567191000,1777227567197000,47.400445399999995,8.545593,0,0.25,0.25,0.006472288,0.0068369103,-0.002966872,-0.0066551026,0.25750536,0.25751445,6.507129e-06,7.2606945e-06,-9.312225e-06,-1.6718992e-05,0,0,1
1777227567397000,1777227567243000,1777227567245000,47.4004455,8.545592899999999,0,0.25,0.25,-0.0059583304,0.014179115,-0.003248676,-0.0046924585,0.25747916,0.2574882,5.5152736e-06,3.123208e-05,-8.954541e-06,-1.2201862e-05,0,0,1
1777227567453000,1777227567295000,1777227567301000,47.400445399999995,8.545592899999999,0,0.25,0.25,0.0041102627,0.013742915,-0.0025554425,-0.0029557927,0.25750494,0.2575141,2.6243006e-06,2.9337069e-05,-7.86378e-06,-8.288775e-06,0,0,1
1777227567501000,1777227567347000,1777227567349000,47.4004455,8.545593,0,0.25,0.25,-0.008184296,0.0057767625,-0.0030856968,-0.0021331606,0.25747916,0.25748804,1.0405923e-05,5.184083e-06,-8.103258e-06,-7.019592e-06,0,0,1
1777227567557000,1777227567399000,1777227567405000,47.4004455,8.545593,0,0.25,0.25,-0.009177238,0.005544871,-0.0036595375,-0.0014098677,0.25750497,0.25751397,1.3082728e-05,4.7757558e-06,-8.572339e-06,-5.908436e-06,0,0,1
1777227567605000,1777227567451000,1777227567453000,47.4004455,8.5455931,0,0.25,0.25,-0.009939706,-0.0021774918,-0.0042511476,-0.0014821801,0.2574788,0.2574877,1.5348487e-05,7.3657424e-07,-9.210671e-06,-5.4212314e-06,0,0,1
1777227567661000,1777227567503000,1777227567509000,47.4004455,8.545593199999999,0,0.25,0.25,-0.010798459,-0.009728581,-0.0048679234,-0.002259015,0.25750464,0.25751367,1.8113338e-05,1.47014e-05,-1.0049328e-05,-6.2954505e-06,0,0,1
1777227567709000,1777227567555000,1777227567557000,47.400445399999995,8.545593,0,0.25,0.25,5.8351696e-05,0.0055875666,-0.004403854,-0.0015198443,0.25747886,0.25748765,5.289631e-10,4.850081e-06,-9.102602e-06,-5.245509e-06,0,0,1
1777227567765000,1777227567607000,1777227567613000,47.4004455,8.5455931,0,0.25,0.25,-0.011834528,-0.0022554577,-0.005103845,-0.0015891412,0.25750473,0.2575136,2.175588e-05,7.901857e-07,-1.0294578e-05,-4.8258044e-06,0,0,1
1777227567813000,1777227567659000,1777227567661000,47.4004457,8.545593199999999,0,0.25,0.25,-0.034362644,-0.009820079,-0.007860109,-0.0023645195,0.25747856,0.25748742,0.00018343916,1.4980766e-05,-2.6605301e-05,-5.7824313e-06,0,0,1
1777227567869000,1777227567711000,1777227567717000,47.4004455,8.545593199999999,0,0.25,0.25,-0.011675978,-0.009616989,-0.0082195755,-0.0030477233,0.2575044,0.25751337,2.1176875e-05,1.43660845e-05,-2.6093927e-05,-6.5910363e-06,0,0,1
1777227567917000,1777227567763000,1777227567765000,47.4004456,8.545593,0,0.25,0.25,-0.023009446,0.0056692013,-0.009612824,-0.0022265636,0.25747868,0.25748742,8.224908e-05,4.9928412e-06,-3.1383905e-05,-5.4998013e-06,0,0,1
1777227567973000,1777227567815000,1777227567821000,47.4004456,8.545593199999999,0,0.25,0.25,-0.022912202,-0.009722259,-0.010865664,-0.0029326798,0.25750455,0.2575134,8.154714e-05,1.4682313e-05,-3.6109428e-05,-6.3648204e-06,0,0,1
1777227568021000,1777227567867000,1777227567869000,47.400445399999995,8.5455931,0,0.25,0.25,-4.4225704e-05,-0.0019155783,-0.009846253,-0.0028368658,0.2574784,0.2574872,3.0385663e-10,5.700384e-07,-3.2707845e-05,-5.8189353e-06,0,0,1
1777227568077000,1777227567919000,1777227567925000,47.4004453,8.545593,0,0.25,0.25,0.010883518,0.005566044,-0.007893449,-0.0020452873,0.25750425,0.2575132,1.8399844e-05,4.812311e-06,-2.7893353e-05,-4.817441e-06,0,0,1
1777227568125000,1777227567971000,1777227567973000,47.4004453,8.5455931,0,0.25,0.25,0.010456375,-0.0021813698,-0.0061648423,-0.0020581067,0.25747854,0.25748724,1.6985612e-05,7.392016e-07,-2.3665623e-05,-4.433259e-06,0,0,1
1777227568181000,1777227568023000,1777227568029000,47.4004453,8.545593,0,0.25,0.25,0.010095041,0.0053435494,-0.004633114,-0.0013608492,0.25750443,0.25751323,1.5830385e-05,4.4352705e-06,-1.9944984e-05,-3.5978178e-06,0,0,1
1777227568229000,1777227568075000,1777227568077000,47.4004453,8.5455931,0,0.25,0.25,0.009726633,-0.0024347939,-0.0032803842,-0.001462018,0.2574787,0.25748727,1.4697509e-05,9.2093427e-07,-1.668156e-05,-3.3456477e-06,0,0,1
1777227568285000,1777227568127000,1777227568133000,47.4004455,8.5455931,0,0.25,0.25,-0.012982282,-0.0025132876,-0.0041943314,-0.0015610507,0.2575046,0.25751328,2.6180445e-05,9.811711e-07,-1.7576383e-05,-3.1229072e-06,0,0,1
1777227568333000,1777227568179000,1777227568181000,47.4004455,8.545593,0,0.25,0.25,-0.012651498,0.005054939,-0.004991021,-0.00093780516,0.2574789,0.25748733,2.4865793e-05,3.9695014e-06,-1.8263067e-05,-2.4547817e-06,0,0,1
1777227568389000,1777227568231000,1777227568237000,47.400445399999995,8.5455931,0,0.25,0.25,-0.0011833915,-0.0027548298,-0.0046323314,-0.0011089742,0.2575052,0.25751358,2.1753588e-07,1.1788252e-06,-1.6563125e-05,-2.3345829e-06,0,0,1
1777227568437000,1777227568283000,1777227568285000,47.4004453,8.545593199999999,0,0.25,0.25,0.009951058,-0.010385943,-0.0032585338,-0.0019828915,0.25747907,0.25748742,1.5383548e-05,1.6756983e-05,-1.3553656e-05,-3.693215e-06,0,0,1
1777227568493000,1777227568335000,1777227568341000,47.400445399999995,8.545593,0,0.25,0.25,-0.0015956241,0.0049086227,-0.0031018828,-0.0013336908,0.257505,0.25751346,3.9549005e-07,3.7426512e-06,-1.2314118e-05,-2.9927346e-06,0,0,1
1777227568541000,1777227568387000,1777227568389000,47.4004455,8.545593,0,0.25,0.25,-0.01274339,0.004638038,-0.004010141,-0.0007711366,0.25747886,0.2574873,2.522832e-05,3.3417411e-06,-1.3530674e-05,-2.3960085e-06,0,0,1
1777227568597000,1777227568439000,1777227568445000,47.400445399999995,8.545593,0,0.25,0.25,-0.0013021094,0.0043903226,-0.0037550365,-0.00028491215,0.2575052,0.25751355,2.6337162e-07,2.9940065e-06,-1.2280855e-05,-1.8882535e-06,0,0,1
1777227568645000,1777227568491000,1777227568493000,47.400445399999995,8.545592899999999,0,0.25,0.25,-0.0013093712,0.011723124,-0.0035246478,0.0008462798,0.25747907,0.2574874,2.6634444e-07,2.1349651e-05,-1.11490535e-05,3.0082458e-07,0,0,1
1777227568701000,1777227568543000,1777227568549000,47.4004455,8.545592899999999,0,0.25,0.25,-0.012505389,0.011267041,-0.0043706596,0.0018279458,0.257505,0.25751343,2.4292305e-05,1.9718771e-05,-1.2387186e-05,2.1300516e-06,0,0,1
1777227568749000,1777227568595000,1777227568597000,47.4004456,8.5455931,0,0.25,0.25,-0.023327373,-0.0042453683,-0.006156437,0.0012558219,0.2574789,0.25748727,8.453762e-05,2.7998515e-06,-1.9183966e-05,1.6656404e-06,0,0,1
1777227568805000,1777227568647000,1777227568653000,47.4004455,8.5455931,0,0.25,0.25,-0.011586295,-0.0042666947,-0.0066679455,0.0007355848,0.25750524,0.25751355,2.085274e-05,2.827763e-06,-1.9341169e-05,1.2423488e-06,0,0,1
1777227568853000,1777227568699000,1777227568701000,47.400445399999995,8.545592899999999,0,0.25,0.25,-0.00013676583,0.010834912,-0.0060526896,0.0016869707,0.25747913,0.2574874,2.9058498e-09,1.8237059e-05,-1.751945e-05,2.8432999e-06,0,0,1
1777227568909000,1777227568751000,1777227568757000,47.4004455,8.545592899999999,0,0.25,0.25,-0.011362075,0.0103596635,-0.006552849,0.0025039637,0.25750506,0.25751343,2.005347e-05,1.6670607e-05,-1.775816e-05,4.1458725e-06,0,0,1
1777227568957000,1777227568803000,1777227568805000,47.4004456,8.545592899999999,0,0.25,0.25,-0.02224683,0.010033806,-0.008031268,0.0032132966,0.25747895,0.2574873,7.688729e-05,1.5639956e-05,-2.3328297e-05,5.2286487e-06,0,0,1
1777227569013000,1777227568855000,1777227568861000,47.4004455,8.5455928,0,0.25,0.25,-0.010523398,0.017125124,-0.008266034,0.0045238314,0.25750533,0.25751355,1.7202272e-05,4.5554087e-05,-2.2751208e-05,9.0274225e-06,0,0,1
1777227569061000,1777227568907000,1777227568909000,47.400445399999995,8.5455928,0,0.25,0.25,0.00090439897,0.016493298,-0.0074021523,0.00565139,0.2574792,0.25748742,1.2706852e-07,4.225898e-05,-2.0596008e-05,1.2157931e-05,0,0,1
1777227569117000,1777227568959000,1777227568965000,47.4004455,8.5455928,0,0.25,0.25,-0.0102321245,0.015916225,-0.007668744,0.0066183675,0.25750515,0.25751346,1.626319e-05,3.9349587e-05,-2.0187843e-05,1.4719464e-05,0,0,1
1777227569165000,1777227569011000,1777227569013000,47.400445399999995,8.5455927,0,0.25,0.25,0.0015508495,0.02290989,-0.0068002315,0.008153076,0.25747904,0.25748733,3.736435e-07,8.153614e-05,-1.8250892e-05,2.101379e-05,0,0,1
1777227569221000,1777227569063000,1777227569069000,47.400445399999995,8.5455928,0,0.25,0.25,0.0018126736,0.014605308,-0.0059888707,0.008760896,0.25750497,0.25751337,5.104034e-07,3.3134595e-05,-1.6483524e-05,2.2155604e-05,0,0,1
1777227569269000,1777227569115000,1777227569117000,47.400445399999995,8.5455928,0,0.25,0.25,0.002120046,0.014094747,-0.0052249874,0.00926336,0.25747928,0.25748745,6.982457e-07,3.0861604e-05,-1.4864951e-05,2.2975735e-05,0,0,1
1777227569325000,1777227569167000,1777227569173000,47.4004455,8.545592899999999,0,0.25,0.25,-0.008761558,0.006053088,-0.0055581424,0.008960943,0.25750566,0.25751373,1.1924382e-05,5.691327e-06,-1.458794e-05,2.1347494e-05,0,0,1
1777227569373000,1777227569219000,1777227569221000,47.400445399999995,8.545592899999999,0,0.25,0.25,0.002985107,0.0058091637,-0.0047533438,0.008664036,0.25747952,0.25748757,1.3843219e-06,5.2424098e-06,-1.3083307e-05,1.9830348e-05,0,0,1
1777227569429000,1777227569271000,1777227569277000,47.4004453,8.545592899999999,0,0.25,0.25,0.014401721,0.0055207494,-0.0029488811,0.00836793,0.2575059,0.25751385,3.2218224e-05,4.7342965e-06,-8.81577e-06,1.8408256e-05,0,0,1
1777227569477000,1777227569323000,1777227569325000,47.400445399999995,8.545592899999999,0,0.25,0.25,0.0031920841,0.005326184,-0.0023703843,0.008081389,0.2574802,0.25748792,1.5829413e-06,4.406923e-06,-7.836182e-06,1.708929e-05,0,0,1
1777227569533000,1777227569375000,1777227569381000,47.400445399999995,8.5455928,0,0.25,0.25,0.0034682322,0.012635926,-0.0018203696,0.00851044,0.25750616,0.257514,1.8684811e-06,2.4801235e-05,-6.921974e-06,1.7815779e-05,0,0,1
1777227569581000,1777227569427000,1777227569429000,47.4004455,8.5455928,0,0.25,0.25,-0.007425842,0.012230554,-0.0023484214,0.008860885,0.25748003,0.25748783,8.566587e-06,2.3237826e-05,-7.0769015e-06,1.8326551e-05,0,0,1
1777227569637000,1777227569479000,1777227569485000,47.4004456,8.545592599999999,0,0.25,0.25,-0.018036086,0.026907029,-0.003826245,0.010560884,0.25750598,0.2575139,5.053093e-05,0.00011245811,-1.1170398e-05,2.7194017e-05,0,0,1
1777227569685000,1777227569531000,1777227569533000,47.4004455,8.5455928,0,0.25,0.25,-0.0059956997,0.011006546,-0.0040306137,0.010602867,0.25748026,0.25748798,5.584648e-06,1.8819374e-05,-1.0644204e-05,2.6405101e-05,0,0,1
1777227569741000,1777227569583000,1777227569589000,47.4004455,8.545592899999999,0,0.25,0.25,-0.0050890315,0.003086268,-0.0041303197,0.009894782,0.25750625,0.25751403,4.02293e-06,1.4795387e-06,-1.0020461e-05,2.405704e-05,0,0,1
1777227569789000,1777227569635000,1777227569637000,47.4004455,8.545592899999999,0,0.25,0.25,-0.004099419,0.002963123,-0.004127409,0.009241799,0.2574801,0.2574879,2.6107236e-06,1.3639627e-06,-9.322442e-06,2.1919286e-05,0,0,1
1777227569845000,1777227569687000,1777227569693000,47.400445399999995,8.5455928,0,0.25,0.25,0.007938829,0.010399732,-0.0029907343,0.009350879,0.25750607,0.25751394,9.790062e-06,1.6799777e-05,-7.521988e-06,2.1437014e-05,0,0,1
1777227569893000,1777227569739000,1777227569741000,47.4004453,8.5455928,0,0.25,0.25,0.019588504,0.01006733,-0.0008637046,0.009418371,0.25748035,0.257488,5.9609905e-05,1.5744597e-05,-1.1979687e-06,2.0900772e-05,0,0,1
1777227569949000,1777227569791000,1777227569797000,47.400445399999995,8.5455928,0,0.25,0.25,0.008690965,0.009834557,3.6373094e-05,0.009457577,0.2575063,0.25751406,1.17329755e-05,1.5023415e-05,2.0163839e-08,2.0347108e-05,0,0,1
1777227569997000,1777227569843000,1777227569845000,47.400445399999995,8.545592899999999,0,0.25,0.25,0.009215639,0.00198208,0.00090108666,0.008753363,0.25748017,0.25748792,1.3193715e-05,6.10303e-07,1.2611507e-06,1.8487844e-05,0,0,1
1777227570053000,1777227569895000,1777227569901000,47.4004457,8.545592899999999,0,0.25,0.25,-0.023646133,0.00180785,-0.0014113327,0.008099075,0.25750616,0.257514,8.6854554e-05,5.0767284e-07,-7.0396045e-06,1.679406e-05,0,0,1
1777227570101000,1777227569947000,1777227569949000,47.4004457,8.5455928,0,0.25,0.25,-0.022197712,0.009282834,-0.00336947,0.008210589,0.25748044,0.25748807,7.654771e-05,1.3386407e-05,-1.358747e-05,1.6473048e-05,0,0,1
1777227570157000,1777227569999000,1777227570005000,47.4004457,8.5455928,0,0.25,0.25,-0.020742305,0.008972073,-0.0050060414,0.008282323,0.2575064,0.25751415,6.683223e-05,1.2503871e-05,-1.8603281e-05,1.609914e-05,0,0,1
1777227570205000,1777227570051000,1777227570053000,47.4004457,8.5455928,0,0.25,0.25,-0.01933767,0.0086528165,-0.0063561224,0.008317225,0.2574803,0.25748798,5.809307e-05,1.1631026e-05,-2.2323335e-05,1.5678232e-05,0,0,1
1777227570261000,1777227570103000,1777227570109000,47.4004457,8.5455927,0,0.25,0.25,-0.017930228,0.015908394,-0.007446437,0.009032335,0.25750625,0.25751406,4.993946e-05,3.9310788e-05,-2.4924853e-05,1.7904487e-05,0,0,1
1777227570309000,1777227570155000,1777227570157000,47.4004458,8.545593,0,0.25,0.25,-0.02786372,-0.0072385343,-0.0093698045,0.007499572,0.25748014,0.2574879,0.0001206131,8.1396265e-06,-3.3938963e-05,1.5451056e-05,0,0,1
1777227570365000,1777227570207000,1777227570213000,47.4004457,8.545592899999999,0,0.25,0.25,-0.015102513,0.00050368364,-0.009909842,0.0068405387,0.25750655,0.2575142,3.542992e-05,3.94071e-08,-3.4079414e-05,1.3999234e-05,0,0,1
1777227570413000,1777227570259000,1777227570261000,47.4004456,8.5455928,0,0.25,0.25,-0.0027071123,0.008036883,-0.009231324,0.0069532376,0.2574804,0.25748807,1.1384877e-06,1.0034093e-05,-3.0976284e-05,1.3625707e-05,0,0,1
1777227570469000,1777227570311000,1777227570317000,47.4004457,8.5455927,0,0.25,0.25,-0.012903443,0.015362061,-0.009577248,0.007745373,0.2575064,0.25751415,2.5863254e-05,3.665708e-05,-3.049462e-05,1.579533e-05,0,0,1
1777227570517000,1777227570363000,1777227570365000,47.4004458,8.5455925,0,0.25,0.25,-0.022941288,0.030029183,-0.010836179,0.009844573,0.2574803,0.257488,8.176201e-05,0.00014008448,-3.5324156e-05,2.7503727e-05,0,0,1
1777227570573000,1777227570415000,1777227570421000,47.4004458,8.545592599999999,0,0.25,0.25,-0.021468796,0.021609357,-0.011837803,0.01095285,0.25750667,0.2575143,7.1595685e-05,7.2534116e-05,-3.874104e-05,3.174572e-05,0,0,1
1777227570621000,1777227570467000,1777227570469000,47.4004459,8.545592599999999,0,0.25,0.25,-0.031140804,0.021057112,-0.013656202,0.011904701,0.25748056,0.25748816,0.00015065211,6.888115e-05,-4.9283386e-05,3.5243986e-05,0,0,1
1777227570677000,1777227570519000,1777227570525000,47.4004458,8.5455927,0,0.25,0.25,-0.018285276,0.012918149,-0.014092274,0.012000171,0.25750655,0.25751424,5.193675e-05,2.5921452e-05,-4.953334e-05,3.4365778e-05,0,0,1
1777227570725000,1777227570571000,1777227570573000,47.4004457,8.5455927,0,0.25,0.25,-0.0057617244,0.0124214655,-0.013307512,0.012039858,0.2574804,0.25748807,5.1572806e-06,2.3968925e-05,-4.5352986e-05,3.3386365e-05,0,0,1
1777227570781000,1777227570623000,1777227570629000,47.4004457,8.545592899999999,0,0.25,0.25,-0.004823742,-0.0030924827,-0.012508316,0.010614348,0.25750682,0.2575144,3.6144268e-06,1.4855015e-06,-4.142109e-05,3.0101333e-05,0,0,1
1777227570829000,1777227570675000,1777227570677000,47.4004457,8.5455927,0,0.25,0.25,-0.0039688386,0.0120548755,-0.011703872,0.01075005,0.25748068,0.25748822,2.4470467e-06,2.2575017e-05,-3.7749625e-05,2.9392333e-05,0,0,1
1777227570885000,1777227570727000,1777227570733000,47.4004457,8.5455928,0,0.25,0.25,-0.0032327273,0.0039913305,-0.010905866,0.0101133585,0.25750667,0.2575143,1.6233406e-06,2.4745375e-06,-3.4346423e-05,2.6856598e-05,0,0,1
1777227570933000,1777227570779000,1777227570781000,47.4004457,8.5455928,0,0.25,0.25,-0.0024759038,0.0038491269,-0.010111739,0.00952325,0.25748053,0.25748813,9.5232053e-07,2.3015862e-06,-3.12006e-05,2.4543444e-05,0,0,1
1777227570989000,1777227570831000,1777227570837000,47.4004458,8.5455927,0,0.25,0.25,-0.013016553,0.011223034,-0.010385381,0.009683374,0.2575065,0.2575142,2.631866e-05,1.9564977e-05,-3.074071e-05,2.4074458e-05,0,0,1
1777227571037000,1777227570883000,1777227570885000,47.4004458,8.5455927,0,0.25,0.25,-0.012014235,0.010869859,-0.010538824,0.009795144,0.2574808,0.25748825,2.2423708e-05,1.835483e-05,-2.9957224e-05,2.3535653e-05,0,0,1
1777227571093000,1777227570935000,1777227570941000,47.4004459,8.545592899999999,0,0.25,0.25,-0.02261898,-0.0045868778,-0.01167681,0.008440316,0.25750676,0.25751433,7.947259e-05,3.268082e-06,-3.4621717e-05,2.1010663e-05,0,0,1
1777227571141000,1777227570987000,1777227570989000,47.4004459,8.545592899999999,0,0.25,0.25,-0.021751288,-0.0044864016,-0.012625854,0.0072225817,0.25748062,0.25748816,7.349967e-05,3.1267923e-06,-3.828413e-05,1.8736844e-05,0,0,1
1777227571197000,1777227571039000,1777227571045000,47.4004459,8.545593,0,0.25,0.25,-0.020906113,-0.0119215455,-0.013405879,0.005419149,0.25750658,0.2575142,6.7891946e-05,2.207618e-05,-4.1073275e-05,1.4892139e-05,0,0,1
1777227571245000,1777227571091000,1777227571093000,47.4004457,8.545593199999999,0,0.25,0.25,0.0022608112,-0.026665622,-0.011930032,0.0023966704,0.25748086,0.25748825,7.9404225e-07,0.00011046025,-3.712925e-05,3.0835809e-06,0,0,1
1777227571301000,1777227571143000,1777227571149000,47.4004459,8.5455931,0,0.25,0.25,-0.019923009,-0.018347885,-0.012682993,0.00044247299,0.25750682,0.25751433,6.165682e-05,5.2291445e-05,-3.943982e-05,-2.1329074e-06,0,0,1
1777227571349000,1777227571195000,1777227571197000,47.4004459,8.5455928,0,0.25,0.25,-0.01908486,0.0048428047,-0.013286067,0.000856997,0.25748068,0.25748813,5.6583955e-05,3.6433148e-06,-4.1054845e-05,-1.5887705e-06,0,0,1
1777227571405000,1777227571247000,1777227571253000,47.4004459,8.5455928,0,0.25,0.25,-0.018399209,0.004805592,-0.01376774,0.001228966,0.25750664,0.25751418,5.258597e-05,3.5871756e-06,-4.214111e-05,-1.1011814e-06,0,0,1
1777227571453000,1777227571299000,1777227571301000,47.400445999999995,8.5455927,0,0.25,0.25,-0.028825931,0.012251501,-0.015186265,0.0022673209,0.25748092,0.25748825,0.00012908674,2.3317458e-05,-5.033164e-05,1.1991253e-06,0,0,1
1777227571509000,1777227571351000,1777227571357000,47.400445999999995,8.5455927,0,0.25,0.25,-0.028240884,0.011979014,-0.016416049,0.0031821905,0.25750688,0.2575143,0.00012388757,2.2289521e-05,-5.7260822e-05,3.185902e-06,0,0,1
1777227571557000,1777227571403000,1777227571405000,47.4004459,8.545592899999999,0,0.25,0.25,-0.016489554,-0.0034554584,-0.016422974,0.0025569047,0.2574807,0.2574881,4.2240892e-05,1.854873e-06,-5.58459e-05,2.7110464e-06,0,0,1
1777227571613000,1777227571455000,1777227571461000,47.4004459,8.545593,0,0.25,0.25,-0.016290165,-0.010851571,-0.016410463,0.0012937873,0.25750667,0.25751415,4.1221374e-05,1.8291283e-05,-5.4468226e-05,7.325659e-07,0,0,1
1777227571661000,1777227571507000,1777227571509000,47.4004459,8.545593,0,0.25,0.25,-0.01601696,-0.01046395,-0.016373394,0.0001861743,0.25748095,0.2574882,3.985429e-05,1.7009597e-05,-5.309155e-05,-9.3879737e-07,0,0,1
1777227571717000,1777227571559000,1777227571565000,47.4004458,8.545593,0,0.25,0.25,-0.0047237766,-0.010044309,-0.015275966,-0.000777567,0.25750688,0.25751424,3.4661698e-06,1.567108e-05,-4.8416696e-05,-2.3266211e-06,0,0,1
1777227571765000,1777227571611000,1777227571613000,47.4004459,8.545593,0,0.25,0.25,-0.01593021,-0.009702162,-0.015337598,-0.0016182899,0.25748074,0.25748807,3.9423776e-05,1.4623115e-05,-4.7569538e-05,-3.4849866e-06,0,0,1
1777227571821000,1777227571663000,1777227571669000,47.400446099999996,8.545593199999999,0,0.25,0.25,-0.03818775,-0.024387125,-0.017490149,-0.0037631802,0.2575067,0.25751412,0.00022652681,9.238047e-05,-6.442783e-05,-1.1859199e-05,0,0,1
1777227571869000,1777227571715000,1777227571717000,47.400445999999995,8.545593,0,0.25,0.25,-0.02614298,-0.008502886,-0.01830527,-0.0042096744,0.25748095,0.25748816,0.00010617569,1.1231439e-05,-6.8360605e-05,-1.1800062e-05,0,0,1
1777227571925000,1777227571767000,1777227571773000,47.400445999999995,8.5455928,0,0.25,0.25,-0.025794096,0.006948173,-0.01901074,-0.0031585726,0.2575069,0.2575142,0.0001033503,7.498943e-06,-7.165674e-05,-9.982039e-06,0,0,1
1777227571973000,1777227571819000,1777227571821000,47.4004459,8.5455928,0,0.25,0.25,-0.01411272,0.006838316,-0.018549332,-0.0022168367,0.25748077,0.25748804,3.0941166e-05,7.2644257e-06,-6.782121e-05,-8.357372e-06,0,0,1
1777227572029000,1777227571871000,1777227571877000,47.4004459,8.5455927,0,0.25,0.25,-0.0141060045,0.014278373,-0.018130759,-0.0006629401,0.25750673,0.2575141,3.090861e-05,3.1667692e-05,-6.4343934e-05,-4.5868946e-06,0,0,1
1777227572077000,1777227571923000,1777227571925000,47.4004459,8.5455928,0,0.25,0.25,-0.014231776,0.006374162,-0.017763464,-2.462184e-08,0.25748056,0.2574879,3.1465435e-05,6.3117445e-06,-6.124668e-05,-3.560211e-06,0,0,1
1777227572133000,1777227571975000,1777227571981000,47.400445999999995,8.5455928,0,0.25,0.25,-0.025722688,0.006284262,-0.018513246,0.0005919734,0.25750694,0.25751418,0.000102778846,6.134334e-06,-6.515913e-05,-2.6469568e-06,0,0,1
1777227572181000,1777227572027000,1777227572029000,47.4004459,8.5455928,0,0.25,0.25,-0.014067273,0.0061262497,-0.018094422,0.0011133184,0.25748077,0.257488,3.0742205e-05,5.8303194e-06,-6.191696e-05,-1.8483727e-06,0,0,1
1777227572237000,1777227572079000,1777227572085000,47.4004459,8.5455928,0,0.25,0.25,-0.014250346,0.005958568,-0.0177323,0.0015697549,0.25750673,0.25751406,3.1544398e-05,5.514966e-06,-5.9055776e-05,-1.1547248e-06,0,0,1
1777227572285000,1777227572131000,1777227572133000,47.4004459,8.5455931,0,0.25,0.25,-0.014092913,-0.016874667,-0.01738946,-0.00016776333,0.2574806,0.25748786,3.0854397e-05,4.4235778e-05,-5.6399123e-05,-5.2130854e-06,0,0,1
1777227572341000,1777227572183000,1777227572189000,47.4004458,8.545593,0,0.25,0.25,-0.0029378594,-0.008788963,-0.016028076,-0.0009799052,0.25750694,0.25751415,1.3407044e-06,1.1998698e-05,-5.121246e-05,-5.8523096e-06,0,0,1
1777227572389000,1777227572235000,1777227572237000,47.4004457,8.5455928,0,0.25,0.25,0.008061065,0.006553246,-0.013758809,-0.0002702605,0.2574808,0.25748798,1.0094855e-05,6.6713847e-06,-4.5437133e-05,-4.6725413e-06,0,0,1
1777227572445000,1777227572287000,1777227572293000,47.4004458,8.5455927,0,0.25,0.25,-0.0036967122,0.013982961,-0.012810931,0.0010724344,0.25750673,0.25751403,2.1227686e-06,3.037088e-05,-4.1356794e-05,-1.3713493e-06,0,0,1
1777227572493000,1777227572339000,1777227572341000,47.4004457,8.5455928,0,0.25,0.25,0.0075116702,0.006087476,-0.0108964825,0.0015448659,0.2574806,0.25748786,8.765739e-06,5.7567545e-06,-3.6635105e-05,-6.9986123e-07,0,0,1
1777227572549000,1777227572391000,1777227572397000,47.4004458,8.5455928,0,0.25,0.25,-0.004158558,0.0060609444,-0.010261751,0.0019702937,0.25750694,0.25751415,2.6863127e-06,5.7061015e-06,-3.343703e-05,-9.6400925e-08,0,0,1
1777227572597000,1777227572443000,1777227572445000,47.4004458,8.545593,0,0.25,0.25,-0.0041717687,-0.009134659,-0.009688057,0.0009241749,0.2574808,0.25748798,2.703682e-06,1.2962468e-05,-3.0541858e-05,-1.3084218e-06,0,0,1
1777227572653000,1777227572495000,1777227572501000,47.4004459,8.545593,0,0.25,0.25,-0.01556047,-0.008743429,-0.010241255,1.3458601e-05,0.25750673,0.25751406,3.7611167e-05,1.18746975e-05,-3.120781e-05,-2.3037956e-06,0,0,1
1777227572701000,1777227572547000,1777227572549000,47.4004458,8.545593,0,0.25,0.25,-0.0040928223,-0.008395781,-0.0096620545,-0.0007787162,0.2574806,0.25748786,2.6023235e-06,1.0950284e-05,-2.8513088e-05,-3.11832e-06,0,0,1
1777227572757000,1777227572599000,1777227572605000,47.4004457,8.545593,0,0.25,0.25,0.006987106,-0.008025952,-0.008093655,-0.0014614268,0.25750652,0.25751394,7.5834428e-06,1.0005811e-05,-2.511269e-05,-3.7671416e-06,0,0,1
1777227572805000,1777227572651000,1777227572653000,47.4004458,8.545593,0,0.25,0.25,-0.0044263895,-0.0076884534,-0.007748188,-0.002048031,0.25748077,0.25748798,3.0437884e-06,9.182924e-06,-2.3033735e-05,-4.277324e-06,0,0,1
1777227572861000,1777227572703000,1777227572709000,47.4004458,8.545592899999999,0,0.25,0.25,-0.004430625,0.00018945185,-0.007435664,-0.0018372536,0.2575067,0.25751406,3.0493093e-06,5.575153e-09,-2.1151145e-05,-3.8738626e-06,0,0,1
1777227572909000,1777227572755000,1777227572757000,47.4004457,8.5455928,0,0.25,0.25,0.00663518,0.0077796574,-0.0061101494,-0.00093131256,0.25748056,0.2574879,6.839447e-06,9.402083e-06,-1.851435e-05,-2.62323e-06,0,0,1
1777227572965000,1777227572807000,1777227572813000,47.4004458,8.545592899999999,0,0.25,0.25,-0.004859896,0.00015866326,-0.005992372,-0.00082863367,0.2575069,0.25751418,3.6688084e-06,3.910314e-09,-1.7115857e-05,-2.375746e-06,0,0,1
1777227573013000,1777227572859000,1777227572861000,47.4004458,8.5455928,0,0.25,0.25,-0.004791548,0.007810407,-0.005879251,-1.4810939e-05,0.25748116,0.25748825,3.5666972e-06,9.476542e-06,-1.5839487e-05,-1.259226e-06,0,0,1
1777227573069000,1777227572911000,1777227572917000,47.4004457,8.5455927,0,0.25,0.25,0.0064087203,0.015318514,-0.004721688,0.0014296328,0.25750712,0.2575143,6.379893e-06,3.6449528e-05,-1.3746357e-05,2.293048e-06,0,0,1
1777227573117000,1777227572963000,1777227572965000,47.4004458,8.545592899999999,0,0.25,0.25,-0.0050431937,-0.00013974668,-0.0047519747,0.0012817926,0.25748095,0.25748813,3.951174e-06,3.0337919e-09,-1.28236225e-05,2.0767504e-06,0,0,1
1777227573173000,1777227573015000,1777227573021000,47.4004458,8.545592899999999,0,0.25,0.25,-0.004902919,5.8243662e-05,-0.004766194,0.0011665308,0.25750688,0.2575142,3.7340535e-06,5.269339e-10,-1.1967359e-05,1.8811642e-06,0,0,1
1777227573221000,1777227573067000,1777227573069000,47.4004459,8.5455928,0,0.25,0.25,-0.015964143,0.00770579,-0.0058210734,0.0017825479,0.25748113,0.25748825,3.959185e-05,9.2243745e-06,-1.4569666e-05,2.572916e-06,0,0,1
1777227573277000,1777227573119000,1777227573125000,47.4004458,8.5455927,0,0.25,0.25,-0.00438138,0.015195693,-0.00568545,0.0030461052,0.2575071,0.25751433,2.981897e-06,3.5867375e-05,-1.3478064e-05,5.7093507e-06,0,0,1
1777227573325000,1777227573171000,1777227573173000,47.4004458,8.545593,0,0.25,0.25,-0.0043318085,-0.007827673,-0.005557933,0.0020217637,0.25748092,0.25748816,2.9151e-06,9.518491e-06,-1.2483002e-05,4.274844e-06,0,0,1
1777227573381000,1777227573223000,1777227573229000,47.4004456,8.545592899999999,0,0.25,0.25,0.018016808,7.5037104e-05,-0.003337124,0.0018383764,0.25750685,0.25751424,5.042279e-05,8.746029e-10,-6.557094e-06,3.8722237e-06,0,0,1
1777227573429000,1777227573275000,1777227573277000,47.4004456,8.545593,0,0.25,0.25,0.01744726,-0.007364344,-0.0013791746,0.0009714534,0.25748113,0.2574883,4.7289966e-05,8.425013e-06,-1.4845446e-06,2.7137883e-06,0,0,1
1777227573485000,1777227573327000,1777227573333000,47.4004456,8.545593,0,0.25,0.25,0.016881714,-0.006955912,0.00034105417,0.00022467249,0.2575071,0.2575144,4.426942e-05,7.5156518e-06,2.8256118e-06,1.7501453e-06,0,0,1
1777227573533000,1777227573379000,1777227573381000,47.4004457,8.545592899999999,0,0.25,0.25,0.0052038976,0.0009358619,0.00079914817,0.0002916686,0.25748092,0.25748822,4.206999e-06,1.3605866e-07,2.9557425e-06,1.5980936e-06,0,0,1
1777227573589000,1777227573431000,1777227573437000,47.4004459,8.5455928,0,0.25,0.25,-0.01729054,0.008603055,-0.00090495293,0.0010746253,0.25750685,0.2575143,4.6439585e-05,1.1496457e-05,-1.6974407e-06,2.5305483e-06,0,0,1
1777227573637000,1777227573483000,1777227573485000,47.4004456,8.545593,0,0.25,0.25,0.016655462,-0.006617374,0.00074928923,0.00035001663,0.25748113,0.25748837,4.3095104e-05,6.8025806e-06,2.5221473e-06,1.6513404e-06,0,0,1
1777227573693000,1777227573535000,1777227573541000,47.4004456,8.545592899999999,0,0.25,0.25,0.016152348,0.0013905051,0.0022003022,0.00044803368,0.25750706,0.25751445,4.052679e-05,3.003334e-07,6.1022947e-06,1.5240716e-06,0,0,1
1777227573741000,1777227573587000,1777227573589000,47.4004459,8.545592899999999,0,0.25,0.25,-0.017721733,0.0015117413,0.0003235886,0.00054823805,0.25748092,0.25748828,4.8789603e-05,3.550238e-07,9.313185e-07,1.4139439e-06,0,0,1
1777227573797000,1777227573639000,1777227573645000,47.4004457,8.545592899999999,0,0.25,0.25,0.0050483826,0.0016770855,0.0007686779,0.0006545788,0.25750685,0.25751436,3.958911e-06,4.368868e-07,1.2165265e-06,1.3219022e-06,0,0,1
1777227573845000,1777227573691000,1777227573693000,47.4004458,8.545593,0,0.25,0.25,-0.0063303364,-0.005815022,9.9930156e-05,4.512357e-05,0.2574807,0.2574882,6.225423e-06,5.252976e-06,5.154732e-07,7.025296e-07,0,0,1
1777227573901000,1777227573743000,1777227573749000,47.4004458,8.545592899999999,0,0.25,0.25,-0.00619909,0.0021152727,-0.0004934558,0.00024013764,0.25750706,0.2575145,5.9693457e-06,6.950099e-07,-9.54156e-08,7.018212e-07,0,0,1
1777227573949000,1777227573795000,1777227573797000,47.4004459,8.545593,0,0.25,0.25,-0.017231112,-0.0053854,-0.0020701918,-0.00028980436,0.25748092,0.25748834,4.6125548e-05,4.505451e-06,-4.4315875e-06,2.1128102e-07,0,0,1
1777227574005000,1777227573847000,1777227573853000,47.4004458,8.5455931,0,0.25,0.25,-0.005529779,-0.012653493,-0.002396095,-0.0014544998,0.25750685,0.25751442,4.749925e-06,2.4870204e-05,-4.461576e-06,-2.1514677e-06,0,0,1
1777227574053000,1777227573899000,1777227573901000,47.4004458,8.545593,0,0.25,0.25,-0.005373006,-0.0046462445,-0.0026765289,-0.0017551715,0.2574807,0.25748828,4.484871e-06,3.3535644e-06,-4.4637704e-06,-2.2647087e-06,0,0,1
1777227574109000,1777227573951000,1777227573957000,47.4004458,8.5455931,0,0.25,0.25,-0.0052990625,-0.011888196,-0.0029235792,-0.002709732,0.2575071,0.2575146,4.3618315e-06,2.1952806e-05,-4.4541675e-06,-4.1193844e-06,0,0,1
1777227574157000,1777227574003000,1777227574005000,47.4004459,8.545593199999999,0,0.25,0.25,-0.016316859,-0.018968474,-0.004185265,-0.004241353,0.25748092,0.25748843,4.1360716e-05,5.589424e-05,-7.930872e-06,-8.996726e-06,0,0,1
1777227574213000,1777227574055000,1777227574061000,47.4004458,8.545593,0,0.25,0.25,-0.004703742,-0.0031709832,-0.0042341067,-0.004140521,0.25750688,0.2575145,3.4368306e-06,1.5618746e-06,-7.5075204e-06,-8.296342e-06,0,0,1
1777227574261000,1777227574107000,1777227574109000,47.4004458,8.545592899999999,0,0.25,0.25,-0.0045641344,0.0045733233,-0.004265196,-0.0033196514,0.2574807,0.25748834,3.236176e-06,3.2491234e-06,-7.1051472e-06,-7.208725e-06,0,0,1
1777227574317000,1777227574159000,1777227574165000,47.4004458,8.545592899999999,0,0.25,0.25,-0.004409813,0.0046273717,-0.0042788195,-0.0025710186,0.2575071,0.25751466,3.0207245e-06,3.326035e-06,-6.7203828e-06,-6.21632e-06,0,0,1
1777227574365000,1777227574211000,1777227574213000,47.4004459,8.545592899999999,0,0.25,0.25,-0.01543583,0.004561218,-0.005329842,-0.0018991412,0.25748095,0.25748852,3.7014754e-05,3.2319435e-06,-9.574201e-06,-5.326266e-06,0,0,1
1777227574421000,1777227574263000,1777227574269000,47.4004459,8.545592899999999,0,0.25,0.25,-0.014961449,0.0045348136,-0.006237168,-0.0012930441,0.25750688,0.2575146,3.4771103e-05,3.1943098e-06,-1.1947823e-05,-4.523603e-06,0,0,1
1777227574469000,1777227574315000,1777227574317000,47.4004459,8.545592899999999,0,0.25,0.25,-0.014549915,0.0044516465,-0.0070202528,-0.00075187755,0.25748074,0.25748843,3.28879e-05,3.0785316e-06,-1.39204385e-05,-3.8074597e-06,0,0,1
1777227574525000,1777227574367000,1777227574373000,47.4004458,8.5455928,0,0.25,0.25,-0.002926405,0.012031471,-0.0066346005,0.00045235106,0.2575067,0.25751454,1.3302717e-06,2.2485146e-05,-1.2734408e-05,-1.3306199e-06,0,0,1
1777227574573000,1777227574419000,1777227574421000,47.4004459,8.5455928,0,0.25,0.25,-0.013982642,0.011750369,-0.0073268074,0.0015166572,0.25748095,0.2574886,3.03734e-05,2.14489e-05,-1.4396052e-05,8.1527696e-07,0,0,1
1777227574629000,1777227574471000,1777227574477000,47.400445999999995,8.5455928,0,0.25,0.25,-0.024745334,0.011521776,-0.008967683,0.0024591684,0.2575069,0.2575147,9.511691e-05,2.062039e-05,-2.2000193e-05,2.6809762e-06,0,0,1
1777227574677000,1777227574523000,1777227574525000,47.400445999999995,8.5455928,0,0.25,0.25,-0.024150645,0.011186061,-0.010397962,0.0032812671,0.25748074,0.25748852,9.060929e-05,1.9438223e-05,-2.8463368e-05,4.2595575e-06,0,0,1
1777227574733000,1777227574575000,1777227574581000,47.4004459,8.545592899999999,0,0.25,0.25,-0.012327263,0.0034630431,-0.010579708,0.003298391,0.2575067,0.2575146,2.3605044e-05,1.8628332e-06,-2.80057e-05,4.033779e-06,0,0,1
1777227574781000,1777227574627000,1777227574629000,47.4004459,8.545592899999999,0,0.25,0.25,-0.011966061,0.0034505173,-0.010710306,0.0033127216,0.25748095,0.25748867,2.2244227e-05,1.849568e-06,-2.7462951e-05,3.82802e-06,0,0,1
1777227574837000,1777227574679000,1777227574685000,47.4004458,8.5455928,0,0.25,0.25,-0.00046237605,0.0109217875,-0.009744922,0.0040295175,0.2575069,0.25751474,3.3209457e-08,1.8528715e-05,-2.487899e-05,5.212868e-06,0,0,1
1777227574885000,1777227574731000,1777227574733000,47.4004458,8.545592899999999,0,0.25,0.25,-0.0004466309,0.0031227327,-0.008868996,0.0039440957,0.25748077,0.25748858,3.098937e-08,1.514857e-06,-2.2538235e-05,4.8645047e-06,0,0,1
1777227574941000,1777227574783000,1777227574789000,47.4004459,8.545592899999999,0,0.25,0.25,-0.011601446,0.0031080833,-0.009126401,0.003865341,0.25750667,0.25751463,2.0907195e-05,1.5005255e-06,-2.2384587e-05,4.547608e-06,0,0,1
1777227574989000,1777227574835000,1777227574837000,47.400445999999995,8.5455928,0,0.25,0.25,-0.022421679,0.0106606865,-0.010378854,0.0045054825,0.25748092,0.25748867,7.810002e-05,1.7655182e-05,-2.7633143e-05,5.7823795e-06,0,0,1
1777227575045000,1777227574887000,1777227574893000,47.4004459,8.545592899999999,0,0.25,0.25,-0.010590336,0.0029460255,-0.010398776,0.004358577,0.25750688,0.25751474,1.7421704e-05,1.3481273e-06,-2.6671196e-05,5.36466e-06,0,0,1
1777227575093000,1777227574939000,1777227574941000,47.4004459,8.545592899999999,0,0.25,0.25,-0.010352403,0.002937314,-0.010394407,0.00422469,0.2574807,0.25748858,1.6649363e-05,1.3403024e-06,-2.572711e-05,4.985554e-06,0,0,1
1777227575149000,1777227574991000,1777227574997000,47.4004457,8.545593,0,0.25,0.25,0.012227701,-0.0045741107,-0.008263339,0.0033958177,0.2575066,0.2575146,2.3225295e-05,3.2499113e-06,-2.1115651e-05,4.209749e-06,0,0,1
1777227575197000,1777227575043000,1777227575045000,47.4004457,8.545593,0,0.25,0.25,0.0118537275,-0.004335916,-0.0063682534,0.002667466,0.2574809,0.25748867,2.1828548e-05,2.920543e-06,-1.7070182e-05,3.538055e-06,0,0,1
1777227575253000,1777227575095000,1777227575101000,47.4004458,8.5455928,0,0.25,0.25,0.00020514404,0.011051517,-0.0057490203,0.0034572678,0.25750682,0.25751474,6.5371593e-09,1.8971501e-05,-1.5461506e-05,4.9919304e-06,0,0,1
1777227575301000,1777227575147000,1777227575149000,47.4004459,8.5455927,0,0.25,0.25,-0.010964173,0.018311633,-0.0062403027,0.004856592,0.25748062,0.25748852,1.8675284e-05,5.209023e-05,-1.5764253e-05,9.428727e-06,0,0,1
1777227575357000,1777227575199000,1777227575205000,47.4004459,8.5455927,0,0.25,0.25,-0.01053567,0.017947882,-0.0066449386,0.00608983,0.25750655,0.2575146,1.7242335e-05,5.0036233e-05,-1.5903493e-05,1.3254072e-05,0,0,1
1777227575405000,1777227575251000,1777227575253000,47.4004458,8.5455928,0,0.25,0.25,0.000864794,0.009963848,-0.0059375,0.0064547737,0.25748083,0.25748864,1.1618243e-07,1.5422545e-05,-1.43943935e-05,1.3458348e-05,0,0,1
1777227575461000,1777227575303000,1777227575309000,47.4004458,8.5455928,0,0.25,0.25,0.00076006795,0.009835094,-0.0053065694,0.0067732097,0.25750718,0.25751495,8.973782e-08,1.5025003e-05,-1.3029946e-05,1.3605932e-05,0,0,1
1777227575509000,1777227575355000,1777227575357000,47.4004459,8.5455928,0,0.25,0.25,-0.010442954,0.009660089,-0.0057904315,0.007045162,0.25748098,0.2574887,1.6941876e-05,1.44965325e-05,-1.3398461e-05,1.3689829e-05,0,0,1
1777227575565000,1777227575407000,1777227575413000,47.400445999999995,8.545592899999999,0,0.25,0.25,-0.021412604,0.0019621192,-0.0072620856,0.0065663247,0.2575069,0.25751477,7.122133e-05,5.980103e-07,-1.8845543e-05,1.2456541e-05,0,0,1
1777227575613000,1777227575459000,1777227575461000,47.4004459,8.545592899999999,0,0.25,0.25,-0.009637682,0.001998052,-0.0074858735,0.00613598,0.25748077,0.2574886,1.4429802e-05,6.201769e-07,-1.8429568e-05,1.1341522e-05,0,0,1
1777227575669000,1777227575511000,1777227575517000,47.4004459,8.5455931,0,0.25,0.25,-0.009438691,-0.013061198,-0.0076698344,0.00432755,0.25750712,0.25751492,1.3838668e-05,2.6498645e-05,-1.7997092e-05,7.776868e-06,0,0,1
1777227575717000,1777227575563000,1777227575565000,47.400446099999996,8.545593,0,0.25,0.25,-0.031581733,-0.005035386,-0.009922405,0.0034455343,0.25748092,0.25748867,0.00015494831,3.9388315e-06,-3.0898293e-05,6.6732155e-06,0,0,1
1777227575773000,1777227575615000,1777227575621000,47.400445999999995,8.5455931,0,0.25,0.25,-0.019489191,-0.012295168,-0.010823624,0.0019627144,0.25750688,0.25751477,5.9000922e-05,2.348155e-05,-3.3545643e-05,3.832549e-06,0,0,1
1777227575821000,1777227575667000,1777227575669000,47.400445999999995,8.545593,0,0.25,0.25,-0.018948385,-0.0043065445,-0.011589,0.001372132,0.2574807,0.25748858,5.5777586e-05,2.8811107e-06,-3.5639958e-05,3.2001026e-06,0,0,1
1777227575877000,1777227575719000,1777227575725000,47.4004459,8.545593,0,0.25,0.25,-0.007285038,-0.004059094,-0.011183554,0.00086049474,0.2575071,0.2575149,8.243933e-06,2.5592685e-06,-3.3059172e-05,2.657553e-06,0,0,1
1777227575925000,1777227575771000,1777227575773000,47.4004459,8.545593,0,0.25,0.25,-0.006964019,-0.0038895663,-0.010786062,0.0004130252,0.2574809,0.25748867,7.534161e-06,2.3501968e-06,-3.0654643e-05,2.1858084e-06,0,0,1
1777227575981000,1777227575823000,1777227575829000,47.4004459,8.5455928,0,0.25,0.25,-0.006749047,0.011403406,-0.010405764,0.001448351,0.25750685,0.25751477,7.075483e-06,2.0198868e-05,-2.8433416e-05,3.882691e-06,0,0,1
1777227576029000,1777227575875000,1777227575877000,47.4004459,8.5455927,0,0.25,0.25,-0.006596791,0.018679455,-0.010046948,0.0030715708,0.25748068,0.2574886,6.760531e-06,5.420388e-05,-2.6391768e-05,8.623094e-06,0,0,1
1777227576085000,1777227575927000,1777227575933000,47.4004458,8.545592599999999,0,0.25,0.25,0.0046978365,0.025742352,-0.008657946,0.0052072243,0.25750706,0.25751492,3.4282039e-06,0.00010293286,-2.3582641e-05,1.7507347e-05,0,0,1
1777227576133000,1777227575979000,1777227575981000,47.4004459,8.5455925,0,0.25,0.25,-0.006622644,0.0325866,-0.008466215,0.007786441,0.25748086,0.2574887,6.8136196e-06,0.0001649605,-2.200295e-05,3.1397863e-05,0,0,1
1777227576189000,1777227576031000,1777227576037000,47.4004459,8.545592599999999,0,0.25,0.25,-0.006515912,0.024141293,-0.008282491,0.0093271155,0.25750682,0.25751477,6.5951044e-06,9.052716e-05,-2.0551486e-05,3.6968017e-05,0,0,1
1777227576237000,1777227576083000,1777227576085000,47.4004459,8.5455927,0,0.25,0.25,-0.0063264375,0.015894208,-0.008098225,0.009945755,0.25748068,0.2574886,6.2177573e-06,3.9244584e-05,-1.9201207e-05,3.7182475e-05,0,0,1
1777227576293000,1777227576135000,1777227576141000,47.4004458,8.5455928,0,0.25,0.25,0.0051374533,0.007978715,-0.006851386,0.009760454,0.25750664,0.25751472,4.0998443e-06,9.88835e-06,-1.700618e-05,3.461129e-05,0,0,1
1777227576341000,1777227576187000,1777227576189000,47.4004458,8.5455928,0,0.25,0.25,0.0049998485,0.007753073,-0.005734965,0.009571353,0.25748086,0.25748873,3.8835487e-06,9.337906e-06,-1.5038306e-05,3.2230462e-05,0,0,1
1777227576397000,1777227576239000,1777227576245000,47.4004457,8.5455927,0,0.25,0.25,0.015986728,0.014974667,-0.0036887187,0.010080361,0.25750682,0.2575148,3.9699993e-05,3.4831497e-05,-9.881799e-06,3.2475487e-05,0,0,1
1777227576445000,1777227576291000,1777227576293000,47.4004459,8.5455928,0,0.25,0.25,-0.0067579895,0.0068950034,-0.003977853,0.009780291,0.25748065,0.25748864,7.0949673e-06,7.3853466e-06,-9.619272e-06,3.0111923e-05,0,0,1
1777227576501000,1777227576343000,1777227576349000,47.4004458,8.545592899999999,0,0.25,0.25,0.0046812575,-0.00092867063,-0.0031621396,0.008771475,0.25750655,0.25751466,3.404057e-06,1.3396196e-07,-8.392436e-06,2.7262673e-05,0,0,1
1777227576549000,1777227576395000,1777227576397000,47.4004459,8.545592899999999,0,0.25,0.25,-0.0066199414,-0.0009613546,-0.0034878745,0.007854614,0.2574808,0.25748873,6.8080612e-06,1.4357174e-07,-8.243183e-06,2.4680925e-05,0,0,1
1777227576605000,1777227576447000,1777227576453000,47.4004458,8.545593,0,0.25,0.25,0.004807597,-0.008591532,-0.0027064169,0.0063053397,0.25750676,0.2575148,3.590273e-06,1.1465658e-05,-7.1284376e-06,2.1275811e-05,0,0,1
1777227576653000,1777227576499000,1777227576501000,47.4004457,8.5455928,0,0.25,0.25,0.015835071,0.006711059,-0.0009597548,0.00634356,0.25748062,0.25748864,3.8954306e-05,6.996551e-06,-2.7873093e-06,1.9930663e-05,0,0,1
1777227576709000,1777227576551000,1777227576557000,47.4004458,8.5455928,0,0.25,0.25,0.004146927,0.0063270004,-0.00047869052,0.006342,0.2575065,0.25751466,2.671312e-06,6.2180443e-06,-2.2730915e-06,1.8638895e-05,0,0,1
1777227576757000,1777227576603000,1777227576605000,47.400445999999995,8.5455928,0,0.25,0.25,-0.018282814,0.0061073923,-0.0021558907,0.006319899,0.25748077,0.2574887,5.192796e-05,5.7944667e-06,-6.950724e-06,1.7428913e-05,0,0,1
1777227576813000,1777227576655000,1777227576661000,47.400445999999995,8.5455928,0,0.25,0.25,-0.017750463,0.0058658114,-0.0036249447,0.0062771225,0.25750673,0.2575148,4.8943017e-05,5.3445847e-06,-1.090652e-05,1.6290534e-05,0,0,1
1777227576861000,1777227576707000,1777227576709000,47.400445999999995,8.5455928,0,0.25,0.25,-0.017147068,0.0056019984,-0.004898768,0.006213524,0.25748056,0.25748864,4.567676e-05,4.875149e-06,-1.4181978e-05,1.52151715e-05,0,0,1
1777227576917000,1777227576759000,1777227576765000,47.400445999999995,8.5455928,0,0.25,0.25,-0.016613653,0.0053828256,-0.006002344,0.0061352695,0.25750688,0.25751486,4.287473e-05,4.500682e-06,-1.6884918e-05,1.4205835e-05,0,0,1
1777227576965000,1777227576811000,1777227576813000,47.4004459,8.5455927,0,0.25,0.25,-0.004912321,0.012694129,-0.0058996608,0.006753133,0.25748116,0.25748894,3.7487632e-06,2.5032674e-05,-1.5647454e-05,1.5225754e-05,0,0,1
1777227577021000,1777227576863000,1777227576869000,47.4004458,8.5455927,0,0.25,0.25,0.0064999238,0.012238078,-0.004731584,0.007269831,0.2575071,0.257515,6.562772e-06,2.3263972e-05,-1.3555186e-05,1.5982978e-05,0,0,1
1777227577069000,1777227576915000,1777227576917000,47.400445999999995,8.545592599999999,0,0.25,0.25,-0.01597955,0.019354872,-0.005791175,0.008408277,0.25748095,0.25748885,3.966834e-05,5.8194535e-05,-1.6015121e-05,1.9959429e-05,0,0,1
1777227577125000,1777227576967000,1777227576973000,47.4004459,8.545593,0,0.25,0.25,-0.0042314595,-0.011600192,-0.0056442455,0.0065234215,0.25750685,0.25751486,2.781324e-06,2.0902007e-05,-1.4768459e-05,1.6110163e-05,0,0,1
1777227577173000,1777227577019000,1777227577021000,47.4004459,8.545592899999999,0,0.25,0.25,-0.0040777344,-0.003763308,-0.0054966756,0.0055543818,0.2574811,0.2574889,2.5831673e-06,2.200093e-06,-1.3620569e-05,1.4385284e-05,0,0,1
1777227577229000,1777227577071000,1777227577077000,47.4004459,8.5455928,0,0.25,0.25,-0.0038412868,0.0038114656,-0.005340733,0.005390194,0.25750703,0.25751498,2.2920515e-06,2.2565318e-06,-1.255339e-05,1.324272e-05,0,0,1
1777227577277000,1777227577123000,1777227577125000,47.4004458,8.545592899999999,0,0.25,0.25,0.00749503,-0.0039375164,-0.0041315667,0.0045114965,0.2574809,0.25748882,8.7269345e-06,2.4084982e-06,-1.0548722e-05,1.176833e-05,0,0,1
1777227577333000,1777227577175000,1777227577181000,47.4004458,8.5455928,0,0.25,0.25,0.007333696,0.0036200967,-0.0030515057,0.0044275243,0.25750676,0.25751483,8.354436e-06,2.0356265e-06,-8.767989e-06,1.0851481e-05,0,0,1
1777227577381000,1777227577227000,1777227577229000,47.4004458,8.545592899999999,0,0.25,0.25,0.0072204256,-0.0041393214,-0.0020838599,0.0036205025,0.2574806,0.25748867,8.099181e-06,2.6617065e-06,-7.179053e-06,9.5785e-06,0,0,1
1777227577437000,1777227577279000,1777227577285000,47.4004457,8.5455931,0,0.25,0.25,0.01831974,-0.019256147,-0.00016178133,0.0014654556,0.25750697,0.25751495,5.2132636e-05,5.7596528e-05,-1.5917194e-06,3.2504167e-06,0,0,1
1777227577485000,1777227577331000,1777227577333000,47.4004458,8.5455931,0,0.25,0.25,0.0066875964,-0.018790748,0.00048344996,-0.00044273748,0.2574808,0.2574888,6.9479274e-06,5.4851665e-05,-7.8725986e-07,-2.2229683e-06,0,0,1
1777227577541000,1777227577383000,1777227577389000,47.4004458,8.5455931,0,0.25,0.25,0.006610066,-0.018289795,0.001060595,-0.0021239822,0.25750667,0.2575148,6.787082e-06,5.1960757e-05,-7.373484e-08,-6.9084126e-06,0,0,1
