timestamp,yaw_sp_move_rate,q_d[0],q_d[1],q_d[2],q_d[3],thrust_body[0],thrust_body[1],thrust_body[2]
1777227498781000,0.0,0.9999879,-0.0,0.0,-0.0049275327,0.0,0.0,-0.001
1777227498789000,0.0,0.9999878,-0.0,0.0,-0.004951599,0.0,0.0,-0.001
1777227498829000,0.0,0.99998766,-0.0,0.0,-0.0049625686,0.0,0.0,-0.001
1777227498877000,0.0,0.9999876,-0.0,0.0,-0.004981613,0.0,0.0,-0.001
1777227498933000,0.0,0.9999873,-0.0,0.0,-0.005040863,0.0,0.0,-0.001
1777227498981000,0.0,0.999987,-0.0,0.0,-0.005093096,0.0,0.0,-0.001
1777227499029000,0.0,0.9999874,-0.0,0.0,-0.005009529,0.0,0.0,-0.001
1777227499077000,0.0,0.9999875,-0.0,0.0,-0.005007925,0.0,0.0,-0.001
1777227499133000,0.0,0.99998754,-0.0,0.0,-0.004999589,0.0,0.0,-0.001
1777227499181000,0.0,0.99998724,-0.0,0.0,-0.0050448803,0.0,0.0,-0.001
1777227499237000,0.0,0.99998707,-0.0,0.0,-0.005089196,0.0,0.0,-0.001
1777227499277000,0.0,0.9999868,-0.0,0.0,-0.005127299,0.0,0.0,-0.001
1777227499333000,0.0,0.99998677,-0.0,0.0,-0.0051517403,0.0,0.0,-0.001
1777227499381000,0.0,0.9999869,-0.0,0.0,-0.005119407,0.0,0.0,-0.001
1777227499429000,0.0,0.99998677,-0.0,0.0,-0.005142257,0.0,0.0,-0.001
1777227499477000,0.0,0.9999864,-0.0,0.0,-0.005212333,0.0,0.0,-0.001
1777227499533000,0.0,0.999986,-0.0,0.0,-0.0052884556,0.0,0.0,-0.001
1777227499581000,0.0,0.99998534,-0.0,0.0,-0.0054149735,0.0,0.0,-0.001
1777227499637000,0.0,0.99998534,-0.0,0.0,-0.0054166266,0.0,0.0,-0.001
1777227499677000,0.0,0.999986,-0.0,0.0,-0.0052971286,0.0,0.0,-0.001
1777227499733000,0.0,0.99998647,-0.0,0.0,-0.0051997555,0.0,0.0,-0.001
1777227499781000,0.0,0.9999862,-0.0,0.0,-0.0052558375,0.0,0.0,-0.001
1777227499837000,0.0,0.9999858,-0.0,0.0,-0.005321051,0.0,0.0,-0.001
1777227499885000,0.0,0.9999859,-0.0,0.0,-0.00531437,0.0,0.0,-0.001
1777227499933000,0.0,0.99998564,-0.0,0.0,-0.005358684,0.0,0.0,-0.001
1777227499981000,0.0,0.99998564,-0.0,0.0,-0.005364853,0.0,0.0,-0.001
1777227500037000,0.0,0.9999851,-0.0,0.0,-0.0054595754,0.0,0.0,-0.001
1777227500077000,0.0,0.99998504,-0.0,0.0,-0.0054725646,0.0,0.0,-0.001
1777227500133000,0.0,0.9999855,-0.0,0.0,-0.0053774584,0.0,0.0,-0.001
1777227500181000,0.0,0.9999856,-0.0,0.0,-0.005375279,0.0,0.0,-0.001
1777227500237000,0.0,0.9999852,-0.0,0.0,-0.005431621,0.0,0.0,-0.001
1777227500277000,0.0,0.99998534,-0.0,0.0,-0.005419889,0.0,0.0,-0.001
1777227500333000,0.0,0.9999736,0.0045254715,0.0015709557,-0.0054705734,0.0,0.0,-0.0019886512
1777227500381000,0.0,0.9999825,0.0010611967,-0.0018123478,-0.0055309907,0.0,0.0,-0.007692703
1777227500429000,0.0,0.99998313,0.0008463428,-0.0015818833,-0.0055315816,0.0,0.0,-0.014290783
1777227500477000,0.0,0.9999831,0.0011378309,-0.0013870804,-0.0055313483,0.0,0.0,-0.02106993
1777227500533000,0.0,0.9999827,0.0014723432,-0.0013401173,-0.0055309567,0.0,0.0,-0.029839156
1777227500581000,0.0,0.9999825,0.0015778074,-0.0014284529,-0.005530675,0.0,0.0,-0.03791289
1777227500629000,0.0,0.9999824,0.0018306276,-0.0010857055,-0.0055309515,0.0,0.0,-0.046153788
1777227500677000,0.0,0.99998236,0.0015986867,-0.0014672999,-0.0055305827,0.0,0.0,-0.05479736
1777227500733000,0.0,0.999983,0.0014816226,-0.0010828007,-0.0055313315,0.0,0.0,-0.06538879
1777227500781000,0.0,0.9999829,0.0015861128,-0.001015245,-0.005531327,0.0,0.0,-0.07510263
1777227500837000,0.0,0.999983,0.0016307532,-0.0008416106,-0.0055315676,0.0,0.0,-0.08712318
1777227500885000,0.0,0.9999829,0.0016697072,-0.0008709506,-0.005531486,0.0,0.0,-0.097655185
1777227500933000,0.0,0.99998325,0.001539066,-0.0007429021,-0.005531798,0.0,0.0,-0.108565785
1777227500981000,0.0,0.9999828,0.0017306928,-0.00092152227,-0.005531345,0.0,0.0,-0.119818114
1777227501029000,0.0,0.99998266,0.0019348148,-0.0006548419,-0.0055316794,0.0,0.0,-0.13172512
1777227501077000,0.0,0.99998295,0.0017921096,-0.00046433872,-0.005532114,0.0,0.0,-0.14371571
1777227501133000,0.0,0.9999835,0.0014491042,-0.0006113021,-0.0055320556,0.0,0.0,-0.15858097
1777227501181000,0.0,0.9999837,0.0012206078,-0.0006687814,-0.0055321236,0.0,0.0,-0.17162244
1777227501229000,0.0,0.99998313,0.0016542871,-0.0006942521,-0.005531795,0.0,0.0,-0.18501955
1777227501285000,0.0,0.99998313,0.001626515,-0.00065122155,-0.0055318843,0.0,0.0,-0.20121108
1777227501333000,0.0,0.9999815,0.0017871978,-0.00045098556,-0.005797558,0.0,0.0,-0.21565491
1777227501381000,0.0,0.99998057,0.0020052674,-0.0004591641,-0.005884569,0.0,0.0,-0.2308623
1777227501429000,0.0,0.99998116,0.0020646935,-0.0002416116,-0.005781062,0.0,0.0,-0.24622779
1777227501485000,0.0,0.99998116,0.002105698,-0.0003546712,-0.005751423,0.0,0.0,-0.26463705
1777227501533000,0.0,0.9999803,0.0023429242,-0.00059326354,-0.005799379,0.0,0.0,-0.28083202
1777227501581000,0.0,0.99998003,0.0022515338,-0.00045344053,-0.0058888597,0.0,0.0,-0.29742843
1777227501637000,0.0,0.9999799,0.0024095965,-0.00025475633,-0.0058585606,0.0,0.0,-0.31088418
1777227501677000,0.0,0.9999789,0.0027552852,-0.00043221618,-0.0058679665,0.0,0.0,-0.31458622
1777227501733000,0.0,0.99998,0.0024726344,-0.00033876786,-0.005819345,0.0,0.0,-0.3209793
1777227501781000,0.0,0.9999791,0.002724431,-0.00051621057,-0.0058337306,0.0,0.0,-0.32642075
1777227501837000,0.0,0.99997926,0.0028922264,-0.00039811147,-0.0057494203,0.0,0.0,-0.33051834
1777227501885000,0.0,0.9999792,0.0027964285,-0.00037041702,-0.005802688,0.0,0.0,-0.33740783
1777227501933000,0.0,0.99997884,0.0030699933,-0.00051077985,-0.0057124253,0.0,0.0,-0.34164408
1777227501981000,0.0,0.9999798,0.002850541,-0.000102230035,-0.0056879055,0.0,0.0,-0.34743458
1777227502029000,0.0,0.99998003,0.0026632212,1.43620555e-05,-0.0057271984,0.0,0.0,-0.35198057
1777227502077000,0.0,0.99997854,0.0030238288,-0.00030851254,-0.0058075413,0.0,0.0,-0.35655066
1777227502133000,0.0,0.9999772,0.0032886404,-0.00057525176,-0.0058752284,0.0,0.0,-0.36409727
1777227502181000,0.0,0.99997723,0.003266698,-0.00029550347,-0.0058991695,0.0,0.0,-0.3703917
1777227502229000,0.0,0.9999763,0.0033134497,0.00021888387,-0.0060365135,0.0,0.0,-0.37564772
1777227502277000,0.0,0.99997616,0.0034346725,6.887878e-05,-0.0059929867,0.0,0.0,-0.38085496
1777227502333000,0.0,0.9999767,0.0034282464,0.00013800753,-0.005903693,0.0,0.0,-0.38914764
1777227502381000,0.0,0.9999751,0.0035938576,0.00021954764,-0.006066768,0.0,0.0,-0.39583084
1777227502429000,0.0,0.9999752,0.0034950394,6.0419603e-05,-0.0061159153,0.0,0.0,-0.40159342
1777227502485000,0.0,0.99997526,0.0033058422,0.00026165697,-0.0061998563,0.0,0.0,-0.41087085
1777227502533000,0.0,0.99997485,0.0035129753,0.00023827629,-0.006152522,0.0,0.0,-0.41664243
1777227502581000,0.0,0.99997604,0.0032431865,0.0005742718,-0.0060866373,0.0,0.0,-0.42379218
1777227502637000,0.0,0.9999751,0.003551279,0.0005680007,-0.0060803983,0.0,0.0,-0.4302896
1777227502685000,0.0,0.9999755,0.0034209555,0.00062992715,-0.0060732155,0.0,0.0,-0.43980172
1777227502733000,0.0,0.99997544,0.003523769,0.00058176287,-0.006031139,0.0,0.0,-0.44620463
1777227502781000,0.0,0.9999738,0.0037864451,0.0010347135,-0.006084383,0.0,0.0,-0.4535901
1777227502837000,0.0,0.9999742,0.0038181327,0.00074929657,-0.006039253,0.0,0.0,-0.46058428
1777227502877000,0.0,0.99997324,0.004066051,0.00069595926,-0.006035998,0.0,0.0,-0.46719593
1777227502933000,0.0,0.99997395,0.0038399792,0.0008670506,-0.0060562035,0.0,0.0,-0.47776636
1777227502981000,0.0,0.99997383,0.0038238505,0.0009356159,-0.0060687317,0.0,0.0,-0.48558792
1777227503029000,0.0,0.9999746,0.003685638,0.0009167321,-0.006031657,0.0,0.0,-0.49265745
1777227503085000,0.0,0.99997455,0.003650568,0.0010333827,-0.006039915,0.0,0.0,-0.5030755
1777227503133000,0.0,0.9999749,0.0034148053,0.0013002101,-0.006066869,0.0,0.0,-0.5083225
1777227503181000,0.0,0.999979,0.0023257742,0.0010139408,-0.005957717,0.0,0.0,-0.512877
1777227503229000,0.0,0.99998045,0.0013127483,0.001107755,-0.0060145706,0.0,0.0,-0.51577204
1777227503277000,0.0,0.99998146,-2.6195667e-05,0.0011832259,-0.005977541,0.0,0.0,-0.5178686
1777227503333000,0.0,0.99998057,-0.0010948434,0.0013235362,-0.0059883967,0.0,0.0,-0.5229282
1777227503381000,0.0,0.9999795,-0.0021593743,0.0014395928,-0.0058443616,0.0,0.0,-0.5478767
1777227503429000,0.0,0.99997747,-0.0030899572,0.0013218331,-0.0058110403,0.0,0.0,-0.5435531
1777227503477000,0.0,0.9999744,-0.003997107,0.001290777,-0.005788536,0.0,0.0,-0.5396585
1777227503533000,0.0,0.99997264,-0.0045551304,0.0014316299,-0.0056496277,0.0,0.0,-0.53954726
1777227503581000,0.0,0.9999698,-0.0052439407,0.0012719893,-0.0055975965,0.0,0.0,-0.5378956
1777227503629000,0.0,0.9999682,-0.005548827,0.0013688897,-0.0055749617,0.0,0.0,-0.5347958
1777227503677000,0.0,0.9999641,-0.006224295,0.0013487434,-0.005587563,0.0,0.0,-0.5318962
1777227503733000,0.0,0.9999612,-0.006645239,0.0011993176,-0.005657362,0.0,0.0,-0.53343266
1777227503781000,0.0,0.9999599,-0.006887081,0.0010422575,-0.005631142,0.0,0.0,-0.5325553
1777227503829000,0.0,0.99995774,-0.0071910326,0.0010046739,-0.005642031,0.0,0.0,-0.53036726
1777227503877000,0.0,0.9999554,-0.0074647334,0.0012240164,-0.0056520156,0.0,0.0,-0.5277016
1777227503933000,0.0,0.9999524,-0.0077414066,0.0011201719,-0.005834888,0.0,0.0,-0.53048533
1777227503981000,0.0,0.9999542,-0.0075056492,0.0008923457,-0.0058644707,0.0,0.0,-0.53017956
1777227504037000,0.0,0.99995035,-0.007929455,0.0011480224,-0.0059215073,0.0,0.0,-0.52575135
1777227504085000,0.0,0.9999493,-0.0080238385,0.0010021718,-0.0060057635,0.0,0.0,-0.53100365
1777227504133000,0.0,0.9999497,-0.007974396,0.0010534895,-0.0059882714,0.0,0.0,-0.52871233
1777227504181000,0.0,0.9999507,-0.007911622,0.0010315058,-0.0059050582,0.0,0.0,-0.52854216
1777227504229000,0.0,0.99995023,-0.008029014,0.0012438172,-0.00578363,0.0,0.0,-0.52605903
1777227504285000,0.0,0.99994993,-0.008040719,0.0012400838,-0.0058235102,0.0,0.0,-0.52995
1777227504333000,0.0,0.9999514,-0.007927336,0.00083419896,-0.00579882,0.0,0.0,-0.52739716
1777227504381000,0.0,0.99995005,-0.008029928,0.0007205101,-0.0059070606,0.0,0.0,-0.52770936
1777227504429000,0.0,0.9999535,-0.0076318476,0.0008210306,-0.005839084,0.0,0.0,-0.5252204
1777227504485000,0.0,0.99995255,-0.007863284,0.00095007336,-0.00567012,0.0,0.0,-0.5296331
1777227504533000,0.0,0.99995476,-0.007680896,0.0009829096,-0.0055248314,0.0,0.0,-0.527116
1777227504581000,0.0,0.999954,-0.007793268,0.0011460398,-0.0054761623,0.0,0.0,-0.5271139
1777227504629000,0.0,0.99995387,-0.0077887215,0.0009833782,-0.0055305827,0.0,0.0,-0.5240938
1777227504677000,0.0,0.99995756,-0.0073572192,0.00085872423,-0.0054757246,0.0,0.0,-0.52099645
1777227504733000,0.0,0.99996096,-0.006860165,0.0010046345,-0.0054792184,0.0,0.0,-0.525827
1777227504781000,0.0,0.9999606,-0.006985876,0.00076157297,-0.005424898,0.0,0.0,-0.51554656
1777227504829000,0.0,0.9999626,-0.0067260885,0.00069028814,-0.0053880317,0.0,0.0,-0.5040569
1777227504885000,0.0,0.99996334,-0.006606355,0.00040682303,-0.0054347976,0.0,0.0,-0.500209
1777227504933000,0.0,0.9999645,-0.006358014,0.00040795,-0.0055203494,0.0,0.0,-0.49825314
1777227504981000,0.0,0.9999653,-0.0061819768,0.0003725154,-0.005579778,0.0,0.0,-0.49808756
1777227505037000,0.0,0.9999649,-0.0062723225,0.0006200614,-0.00552496,0.0,0.0,-0.4940827
1777227505085000,0.0,0.99996465,-0.006374164,0.00047857204,-0.005462116,0.0,0.0,-0.50041586
1777227505133000,0.0,0.9999672,-0.0059322203,0.000715507,-0.005463661,0.0,0.0,-0.49834234
1777227505181000,0.0,0.99996847,-0.0058917077,0.00069593714,-0.005280897,0.0,0.0,-0.4981384
1777227505229000,0.0,0.9999709,-0.005603135,0.00070239644,-0.0051205494,0.0,0.0,-0.49621123
1777227505277000,0.0,0.9999725,-0.0052449508,0.00077077356,-0.005176994,0.0,0.0,-0.4937573
1777227505333000,0.0,0.999975,-0.0047595263,0.0009437952,-0.0051405383,0.0,0.0,-0.4979759
1777227505381000,0.0,0.999976,-0.0045178626,0.0007933241,-0.0051951283,0.0,0.0,-0.49729037
1777227505437000,0.0,0.99997765,-0.004311922,0.0001838111,-0.0050992933,0.0,0.0,-0.49273142
1777227505485000,0.0,0.9999768,-0.0044691856,0.000512016,-0.005116259,0.0,0.0,-0.49966383
1777227505533000,0.0,0.99997896,-0.003930622,0.00065943337,-0.0051191086,0.0,0.0,-0.49729994
1777227505581000,0.0,0.9999806,-0.003472757,0.0004983131,-0.005139783,0.0,0.0,-0.49692747
1777227505637000,0.0,0.9999819,-0.0030242454,0.00042669132,-0.0051842965,0.0,0.0,-0.49229503
1777227505677000,0.0,0.9999827,-0.002858032,0.00023894124,-0.005136105,0.0,0.0,-0.49221796
1777227505733000,0.0,0.99998325,-0.0026541636,0.0002199277,-0.0051297997,0.0,0.0,-0.49665034
1777227505781000,0.0,0.99998456,-0.0023778286,0.0001953817,-0.005011675,0.0,0.0,-0.49644345
1777227505837000,0.0,0.999985,-0.0020422603,3.8727583e-05,-0.0050843754,0.0,0.0,-0.49148116
1777227505877000,0.0,0.99998516,-0.0019082135,0.00015622925,-0.005104264,0.0,0.0,-0.49146447
1777227505933000,0.0,0.9999855,-0.0016585513,0.00014430589,-0.005124193,0.0,0.0,-0.49586976
1777227505981000,0.0,0.9999863,-0.0012155466,-0.00011208277,-0.0050989157,0.0,0.0,-0.49582317
1777227506037000,0.0,0.9999866,-0.0009916837,-6.3283337e-06,-0.005083464,0.0,0.0,-0.4910558
1777227506077000,0.0,0.9999865,-0.000855717,0.000113166985,-0.0051204506,0.0,0.0,-0.49102545
1777227506133000,0.0,0.9999861,-0.00093890255,0.0004374311,-0.0051690936,0.0,0.0,-0.4954636
1777227506181000,0.0,0.99998623,-0.00044123118,0.00027117526,-0.0052199136,0.0,0.0,-0.49540815
1777227506229000,0.0,0.9999866,-0.0005543077,0.0005089079,-0.0051267464,0.0,0.0,-0.49301356
1777227506277000,0.0,0.9999867,-0.00035880742,0.00041143715,-0.005117832,0.0,0.0,-0.4903234
1777227506333000,0.0,0.9999867,-0.00024636288,0.0005168471,-0.0051153754,0.0,0.0,-0.49504146
1777227506381000,-0.0030412122,0.99998677,0.00013744157,0.00039990467,-0.0051251664,0.0,0.0,-0.4949526
1777227506429000,0.0,0.99998665,0.00019666436,0.0006152688,-0.0051252316,0.0,0.0,-0.4925346
1777227506477000,0.0,0.9999864,0.00046708263,0.000840063,-0.005125501,0.0,0.0,-0.4899522
1777227506533000,0.0,0.9999861,0.00062834175,0.0010465671,-0.005125764,0.0,0.0,-0.49490276
1777227506581000,0.0,0.9999862,0.0008388899,0.00083484914,-0.00512581,0.0,0.0,-0.49470365
1777227506637000,0.0,0.9999864,0.00071330107,0.0006442622,-0.0051255715,0.0,0.0,-0.4898528
1777227506685000,0.0,0.9999862,0.00091647275,0.00074885704,-0.0051257964,0.0,0.0,-0.49693856
1777227506733000,0.0,0.9999858,0.0010620075,0.000963587,-0.0051261326,0.0,0.0,-0.49479133
1777227506781000,0.0,0.99998593,0.001045539,0.0008513457,-0.005126001,0.0,0.0,-0.49495846
1777227506829000,0.0,0.9999859,0.0011167659,0.0008306535,-0.005126039,0.0,0.0,-0.49246687
1777227506885000,0.0,0.99998623,0.00090923347,0.0005792972,-0.0051256395,0.0,0.0,-0.49706173
1777227506933000,0.0,0.99998635,0.0009417933,0.0004311719,-0.0051255203,0.0,0.0,-0.49490413
1777227506981000,0.0,0.9999862,0.0010768331,0.00042606948,-0.0051255734,0.0,0.0,-0.49487323
1777227507037000,0.0,0.9999858,0.0013726674,0.00048140364,-0.005125777,0.0,0.0,-0.48987725
1777227507085000,0.0,0.999986,0.001286402,0.00020952862,-0.0051253876,0.0,0.0,-0.49690494
1777227507133000,0.0,0.9999858,0.001365319,0.0005018653,-0.005125801,0.0,0.0,-0.49472824
1777227507181000,0.0,0.999986,0.001200749,0.0006133057,-0.005125851,0.0,0.0,-0.49458936
1777227507229000,0.0,0.9999858,0.0014019354,0.0003015582,-0.0051255403,0.0,0.0,-0.4920867
1777227507277000,0.0,0.99998575,0.0013787396,0.0005781448,-0.005125913,0.0,0.0,-0.48981163
1777227507333000,0.0,0.9999857,0.001461333,0.00049869006,-0.0051258453,0.0,0.0,-0.4942481
1777227507381000,0.0,0.9999854,0.0016523555,0.0004362914,-0.0051258397,0.0,0.0,-0.49426407
1777227507429000,0.0,0.9999851,0.001764535,0.0006348942,-0.0051262383,0.0,0.0,-0.4917341
1777227507477000,0.0,0.9999856,0.0015204614,0.00055749586,-0.005125964,0.0,0.0,-0.48947048
1777227507533000,0.0,0.99998575,0.0013429384,0.00063394685,-0.0051259664,0.0,0.0,-0.4941366
1777227507581000,0.0,0.99998575,0.0013173034,0.00070702645,-0.005126045,0.0,0.0,-0.49413458
1777227507637000,0.0,0.99998516,0.001652121,0.0007988488,-0.0051264353,0.0,0.0,-0.4893336
1777227507685000,0.0,0.99998504,0.0016369363,0.00094695244,-0.0051266635,0.0,0.0,-0.496491
1777227507733000,0.0,0.99998504,0.0016619668,0.00095055345,-0.005126693,0.0,0.0,-0.49390182
1777227507781000,0.0,0.99998516,0.0015923158,0.0009122468,-0.0051265657,0.0,0.0,-0.4938876
1777227507829000,0.0,0.99998534,0.0014701887,0.0009529877,-0.0051265126,0.0,0.0,-0.491287
1777227507877000,0.0,0.99998516,0.0015973314,0.00090343517,-0.005126557,0.0,0.0,-0.4889241
1777227507933000,0.0,0.99998546,0.0015321983,0.00060363865,-0.005126041,0.0,0.0,-0.49362972
1777227507981000,0.0,0.9999858,0.0013439867,0.0005000604,-0.005125788,0.0,0.0,-0.4936928
1777227508037000,0.0,0.99998575,0.0014639818,0.00030320237,-0.005125562,0.0,0.0,-0.48902848
1777227508085000,0.0,0.99998605,0.0012317707,0.00030342393,-0.005125491,0.0,0.0,-0.49605963
1777227508133000,0.0,0.99998593,0.0012869991,0.0003193279,-0.0051255277,0.0,0.0,-0.49352002
1777227508181000,0.0,0.9999861,0.0011755716,0.00032885812,-0.005125503,0.0,0.0,-0.49355847
1777227508229000,0.0,0.9999865,0.0008130352,0.00015629278,-0.0051252423,0.0,0.0,-0.49110186
1777227508285000,0.0,0.9999866,0.00077168475,2.3434282e-05,-0.0051251324,0.0,0.0,-0.4956421
1777227508333000,0.0,0.9999864,0.0009050154,-0.00027389196,-0.005124867,0.0,0.0,-0.49350277
1777227508381000,0.0,0.99998665,0.0005557325,-0.00037174753,-0.005124907,0.0,0.0,-0.4931922
1777227508429000,0.0,0.99998665,0.00027824828,-0.0006079578,-0.005124941,0.0,0.0,-0.49094647
1777227508477000,0.0,0.9999866,0.00014911889,-0.0007375688,-0.0051249997,0.0,0.0,-0.48837292
1777227508533000,0.0,0.9999866,-0.0001606585,-0.0007551393,-0.00512523,0.0,0.0,-0.4928945
1777227508581000,0.0,0.9999867,-0.0001240917,-0.00050281425,-0.005125174,0.0,0.0,-0.49290618
1777227508629000,0.0,0.99998665,-0.00016318394,-0.00067097554,-0.0051252195,0.0,0.0,-0.49078742
1777227508677000,0.0,0.9999866,-0.00038079073,-0.00064903207,-0.0051253582,0.0,0.0,-0.48845145
1777227508733000,0.0,0.9999864,-0.00055820134,-0.00072310196,-0.005125514,0.0,0.0,-0.49298757
1777227508781000,0.0,0.9999861,-0.00076834386,-0.0009327173,-0.0051258253,0.0,0.0,-0.49345103
1777227508837000,0.0,0.99998593,-0.000843856,-0.0010932774,-0.0051260283,0.0,0.0,-0.48882923
1777227508877000,0.0,0.9999859,-0.0009128946,-0.0010363266,-0.0051260535,0.0,0.0,-0.4890561
1777227508933000,0.0,0.9999857,-0.0011299016,-0.0009790282,-0.005126215,0.0,0.0,-0.49351934
1777227508981000,0.0,0.99998575,-0.0011844435,-0.0009284775,-0.00512621,0.0,0.0,-0.49357757
1777227509029000,0.0,0.99998534,-0.0013358606,-0.0010797713,-0.0051265503,0.0,0.0,-0.4911051
1777227509077000,0.0,0.9999856,-0.0014245812,-0.0007701775,-0.005126211,0.0,0.0,-0.48889193
1777227509133000,0.0,0.99998486,-0.0018138055,-0.00083882106,-0.005126638,0.0,0.0,-0.49360973
1777227509181000,0.0,0.9999847,-0.001895161,-0.0008365998,-0.005126703,0.0,0.0,-0.49375695
1777227509229000,0.0,0.9999851,-0.0017356346,-0.0007307859,-0.005126385,0.0,0.0,-0.49125662
1777227509285000,0.0,0.99998516,-0.0017522844,-0.0005972995,-0.005126165,0.0,0.0,-0.49563763
1777227509333000,0.0,0.99998516,-0.0016437422,-0.0008340122,-0.0051264865,0.0,0.0,-0.4933866
1777227509381000,0.0,0.99998546,-0.0015753555,-0.00059116504,-0.0051260483,0.0,0.0,-0.49351728
1777227509429000,0.0,0.99998486,-0.0018546825,-0.00076384994,-0.005126534,0.0,0.0,-0.49071118
1777227509477000,0.0,0.99998534,-0.0017058708,-0.00043525398,-0.005125861,0.0,0.0,-0.48813266
1777227509533000,0.0,0.99998504,-0.0018721743,-0.00040081222,-0.0051258714,0.0,0.0,-0.49310708
1777227509581000,0.0,0.9999854,-0.0015673069,-0.0006813052,-0.0051261843,0.0,0.0,-0.49291617
1777227509629000,0.0,0.9999856,-0.0014732498,-0.0006022732,-0.0051260027,0.0,0.0,-0.4905357
1777227509677000,0.0,0.99998534,-0.0017009095,-0.00045425617,-0.005125892,0.0,0.0,-0.48811063
1777227509733000,0.0,0.9999855,-0.0016030471,-0.00037716195,-0.005125723,0.0,0.0,-0.4925862
1777227509781000,0.0,0.99998546,-0.0014219796,-0.0008125167,-0.0051262686,0.0,0.0,-0.49276096
1777227509829000,0.0,0.99998575,-0.0013202955,-0.0006798468,-0.005126012,0.0,0.0,-0.49036476
1777227509885000,0.0,0.99998564,-0.0012656009,-0.0009337278,-0.005126293,0.0,0.0,-0.495057
1777227509933000,0.0,0.99998605,-0.000988597,-0.00079498487,-0.005125897,0.0,0.0,-0.49276492
1777227509981000,0.0,0.999986,-0.0010394651,-0.0008233162,-0.0051259664,0.0,0.0,-0.4930518
1777227510029000,0.0,0.9999861,-0.0009790214,-0.000729132,-0.005125826,0.0,0.0,-0.4907732
1777227510077000,0.0,0.9999864,-0.00072466285,-0.00060739904,-0.0051255515,0.0,0.0,-0.48818356
1777227510133000,0.0,0.9999864,-0.0006894528,-0.0006697216,-0.005125573,0.0,0.0,-0.49307302
1777227510181000,0.0,0.99998635,-0.0007520768,-0.00066907355,-0.0051256143,0.0,0.0,-0.493081
1777227510229000,0.0,0.9999866,-0.00058372185,-0.00047488202,-0.0051253904,0.0,0.0,-0.49088994
1777227510285000,0.0,0.99998647,-0.0007933184,-0.00045289187,-0.0051254733,0.0,0.0,-0.495467
1777227510333000,0.0,0.99998647,-0.00072850287,-0.00046297043,-0.0051254504,0.0,0.0,-0.4933003
1777227510381000,0.0,0.9999866,-0.00048022758,-0.00046520578,-0.0051253354,0.0,0.0,-0.49328572
1777227510429000,0.0,0.99998665,-0.00035769714,-0.00053785235,-0.0051253038,0.0,0.0,-0.49062467
1777227510477000,0.0,0.9999866,-0.0003023163,-0.0006208398,-0.0051252986,0.0,0.0,-0.48822471
1777227510533000,0.0,0.9999866,-7.340179e-05,-0.0007489034,-0.005125164,0.0,0.0,-0.49297953
1777227510581000,0.0,0.9999867,-0.00020221437,-0.00053566304,-0.0051252195,0.0,0.0,-0.49295372
1777227510637000,0.0,0.9999867,-9.168148e-05,-0.00050972094,-0.005125158,0.0,0.0,-0.48770294
1777227510677000,0.0,0.99998665,2.0032054e-05,-0.0006902434,-0.0051250956,0.0,0.0,-0.4875413
1777227510733000,0.0,0.9999867,4.2068335e-05,-0.0006445641,-0.005125083,0.0,0.0,-0.49248177
1777227510781000,0.0,0.9999867,4.9636255e-05,-0.0005155163,-0.005125086,0.0,0.0,-0.49275008
1777227510837000,0.0,0.99998665,0.00016034157,-0.00067166047,-0.005125002,0.0,0.0,-0.48781416
1777227510877000,0.0,0.99998665,0.00015823156,-0.0006496135,-0.005125007,0.0,0.0,-0.48802942
1777227510933000,0.0,0.99998677,0.00019678248,-0.0003320968,-0.0051250476,0.0,0.0,-0.49260083
1777227510981000,0.0,0.9999867,6.664407e-05,-0.0005686687,-0.005125073,0.0,0.0,-0.49291047
1777227511029000,0.0,0.9999866,-8.550202e-05,-0.0007476187,-0.0051251734,0.0,0.0,-0.49369746
1777227511077000,0.0,0.99998677,-0.000109649365,-0.00037011976,-0.005125153,0.0,0.0,-0.49988088
1777227511133000,0.0,0.9999866,-0.00022096475,-0.000739744,-0.0051252726,0.0,0.0,-0.51623476
1777227511181000,0.0,0.99998635,-0.00012959492,-0.0009982407,-0.0051252353,0.0,0.0,-0.53152406
1777227511229000,0.0,0.99998665,0.00017771142,-0.0006445568,-0.0051249955,0.0,0.0,-0.536754
1777227511285000,0.0,0.9999865,-7.268437e-05,-0.0007877599,-0.0051251655,0.0,0.0,-0.5543298
1777227511333000,0.0,0.99998647,-0.00022542536,-0.00083321164,-0.0051252963,0.0,0.0,-0.55839264
1777227511381000,0.0,0.9999865,-0.00017702486,-0.00080877426,-0.0051252516,0.0,0.0,-0.56450343
1777227511437000,0.0,0.9999865,-0.0002844039,-0.0007775398,-0.00512533,0.0,0.0,-0.5452595
1777227511477000,0.0,0.99998635,-0.00023508332,-0.00096343795,-0.0051253326,0.0,0.0,-0.53663236
1777227511533000,0.0,0.99998647,-0.00038646004,-0.000827716,-0.005125429,0.0,0.0,-0.52727544
1777227511581000,0.0,0.99998635,-0.0004467973,-0.0009020262,-0.0051255105,0.0,0.0,-0.51969403
1777227511629000,0.0,0.9999864,-0.00043141824,-0.0009094818,-0.0051255,0.0,0.0,-0.5072032
1777227511677000,0.0,0.99998647,-4.635676e-05,-0.0009123135,-0.0051251496,0.0,0.0,-0.4953756
1777227511733000,0.0,0.9999863,-0.00037057826,-0.000997577,-0.0051254765,0.0,0.0,-0.48574337
1777227511781000,0.0,0.99998665,-6.0679682e-05,-0.0006658475,-0.0051251506,0.0,0.0,-0.47726408
1777227511829000,0.0,0.99998647,-0.00046480066,-0.0007864004,-0.005125475,0.0,0.0,-0.46634406
1777227511877000,0.0,0.9999864,-0.00010482511,-0.0009554495,-0.0051252064,0.0,0.0,-0.45602292
1777227511933000,0.0,0.9999858,-0.00042408903,-0.0013806922,-0.0051256847,0.0,0.0,-0.4450553
1777227511981000,0.0,0.99998605,-0.00022408426,-0.0012486437,-0.0051253815,0.0,0.0,-0.43492675
1777227512037000,0.0,0.99998605,-0.00024980237,-0.0012437539,-0.0051254127,0.0,0.0,-0.42483383
1777227512077000,0.0,0.99998605,-0.000176313,-0.0012680858,-0.0051253247,0.0,0.0,-0.41719434
1777227512133000,0.0,0.9999859,-0.00019487891,-0.0013888758,-0.00512537,0.0,0.0,-0.4191121
1777227512181000,0.0,0.99998593,-0.0006202115,-0.0011971965,-0.0051258453,0.0,0.0,-0.42549783
1777227512237000,0.0,0.99998575,-0.00067776715,-0.0013437292,-0.005126011,0.0,0.0,-0.428937
1777227512277000,0.0,0.9999862,-0.0006450881,-0.0009922555,-0.0051257466,0.0,0.0,-0.43251285
1777227512333000,0.0,0.9999861,-0.0008464563,-0.0009128159,-0.005125882,0.0,0.0,-0.43837067
1777227512381000,0.0,0.99998635,-0.0006037606,-0.00078673364,-0.0051255845,0.0,0.0,-0.4431165
1777227512429000,0.0,0.99998635,-0.0007125861,-0.00075173465,-0.005125646,0.0,0.0,-0.44524992
1777227512485000,0.0,0.99998647,-0.00059460517,-0.00069347664,-0.0051255235,0.0,0.0,-0.4499716
1777227512533000,0.0,0.99998665,-0.0005508907,-0.00037888566,-0.005125322,0.0,0.0,-0.4515282
1777227512581000,0.0,0.9999865,-0.0007393481,-0.00022228554,-0.0051252786,0.0,0.0,-0.45501038
1777227512637000,0.0,0.99998665,-0.00057269895,-0.0003450372,-0.0051253107,0.0,0.0,-0.4550173
1777227512677000,0.0,0.9999864,-0.0008190609,-0.00040448047,-0.0051254453,0.0,0.0,-0.45657146
1777227512733000,0.0,0.9999866,-0.0007543261,-0.00016443415,-0.0051252386,0.0,0.0,-0.4595231
1777227512781000,0.0,0.99998647,-0.0008792821,-4.1516705e-05,-0.005125152,0.0,0.0,-0.46208802
1777227512829000,0.0,0.9999864,-0.000990421,-5.042566e-05,-0.0051251655,0.0,0.0,-0.46231133
1777227512885000,0.0,0.9999866,-0.0007909587,-1.5272613e-05,-0.005125127,0.0,0.0,-0.46435413
1777227512933000,0.0,0.9999864,-0.0009600305,-4.7047826e-05,-0.005125161,0.0,0.0,-0.46397483
1777227512981000,0.0,0.9999863,-0.0010576734,0.00011753936,-0.005124992,0.0,0.0,-0.46559748
1777227513037000,0.0,0.9999861,-0.0011371949,0.00044373915,-0.0051246104,0.0,0.0,-0.4645725
1777227513077000,0.013962634,0.99998254,-0.0011233912,-0.0029583059,-0.0049887504,0.0,0.0,-0.46489787
1777227513133000,0.03630285,0.99984753,-0.0012152584,-0.016907023,-0.0042000087,0.0,0.0,-0.46592334
1777227513181000,0.055850536,0.9995408,-0.0010348572,-0.030141762,-0.0029183768,0.0,0.0,-0.46743163
1777227513237000,0.04981994,0.9992352,-0.0011472029,-0.039044123,-0.0018183786,0.0,0.0,-0.46674478
1777227513285000,0.027479725,0.99849474,-0.0011158676,-0.054833144,-0.0005996626,0.0,0.0,-0.46927312
1777227513333000,0.013517091,0.9979241,-0.0011594365,-0.06439157,-0.00020485566,0.0,0.0,-0.46949884
1777227513381000,0.0,0.99691194,-0.0013260099,-0.07851693,-0.000104436745,0.0,0.0,-0.47164676
1777227513429000,0.0,0.9961658,-0.0011664294,-0.08747756,-0.000102429134,0.0,0.0,-0.47198978
1777227513477000,-0.002792526,0.9953963,-0.0014418062,-0.09583339,-0.00023244518,0.0,0.0,-0.4724205
1777227513533000,0.00837758,0.9936731,-0.0013991628,-0.11230234,-0.0002781707,0.0,0.0,-0.4752136
1777227513581000,0.0,0.99192977,-0.001221579,-0.12678269,-0.00015613512,0.0,0.0,-0.47804913
1777227513629000,0.0,0.9909178,-0.000938223,-0.13446578,-0.00012731522,0.0,0.0,-0.47840533
1777227513685000,0.00038381107,0.988655,-0.0007610073,-0.15020232,-0.00028225043,0.0,0.0,-0.4817285
1777227513733000,0.0076099574,0.9876086,-0.0008255669,-0.1569348,-0.00017111356,0.0,0.0,-0.48207134
1777227513781000,0.0,0.98527384,-0.00072231475,-0.17098218,-0.00012534886,0.0,0.0,-0.48551697
1777227513829000,-0.005585054,0.984284,-0.0007326325,-0.17659144,-0.00015272372,0.0,0.0,-0.48646343
1777227513877000,0.0027925281,0.9844521,-0.00045668735,-0.17565235,-8.680831e-05,0.0,0.0,-0.4850492
1777227513933000,0.002792526,0.9839185,-0.00041793747,-0.17861778,-0.00011307017,0.0,0.0,-0.48584846
1777227513981000,3.7252903e-09,0.9834033,-6.943983e-05,-0.18143271,-1.281128e-05,0.0,0.0,-0.48766893
1777227514037000,0.0,0.9843278,8.3966705e-05,-0.17634867,1.5043179e-05,0.0,0.0,-0.48654944
1777227514077000,0.0,0.984409,0.00013240111,-0.17589492,2.365753e-05,0.0,0.0,-0.486966
1777227514133000,-0.007993769,0.98408794,-4.9219863e-05,-0.17768204,-0.00012966631,0.0,0.0,-0.4890916
1777227514181000,0.010402484,0.98374724,-0.00023733905,-0.1795585,-0.00011702159,0.0,0.0,-0.49130818
1777227514229000,0.0,0.9844292,-0.00029845585,-0.17578119,-5.3292733e-05,0.0,0.0,-0.4914038
1777227514277000,0.0,0.9851519,-0.00023100062,-0.17168522,-4.025714e-05,0.0,0.0,-0.491642
1777227514333000,-0.00837758,0.9848908,-0.0003796499,-0.173176,-0.000114730305,0.0,0.0,-0.49390587
1777227514381000,0.005585052,0.9846306,-0.00035840398,-0.17464954,-8.487694e-05,0.0,0.0,-0.49561378
1777227514429000,0.002792526,0.98542017,-0.00032478574,-0.17013828,-6.141565e-05,0.0,0.0,-0.4950556
1777227514477000,0.0,0.9861879,-0.00046661333,-0.16562992,-0.000121187986,0.0,0.0,-0.4951822
1777227514533000,0.0,0.98591316,-0.0006345876,-0.1672568,-0.00010765563,0.0,0.0,-0.4969852
1777227514581000,-0.002792526,0.98563623,-0.0004664415,-0.16888167,-0.00017075613,0.0,0.0,-0.4984405
1777227514629000,0.0,0.986474,-0.0005057928,-0.16391724,-0.00013761884,0.0,0.0,-0.49772522
1777227514677000,0.0,0.9872956,-0.0005336906,-0.15889339,-8.5891115e-05,0.0,0.0,-0.4968727
1777227514733000,0.005585054,0.9870053,-0.000429756,-0.1606872,-0.00014509466,0.0,0.0,-0.4982008
1777227514781000,0.0,0.9865606,-3.246985e-05,-0.16339593,-5.377714e-06,0.0,0.0,-0.49970293
1777227514837000,0.0,0.98800254,-8.738913e-05,-0.15443768,-1.3660063e-05,0.0,0.0,-0.49805903
1777227514877000,0.0,0.98813885,2.4311727e-05,-0.1535631,3.7781972e-06,0.0,0.0,-0.49830738
1777227514933000,0.0,0.9891515,0.00011811752,-0.14689939,1.7541694e-05,0.0,0.0,-0.49645358
1777227514981000,-0.005585054,0.9901963,0.000110250214,-0.13968287,-6.1284577e-06,0.0,0.0,-0.49779403
1777227515029000,0.0027925281,0.9918605,0.0004421264,-0.12732834,5.1308885e-05,0.0,0.0,-0.50381
1777227515077000,0.0,0.9934421,0.00087275135,-0.11433284,0.00010044283,0.0,0.0,-0.5093386
1777227515133000,0.0,0.9945607,0.0013673814,-0.10414984,0.00014319141,0.0,0.0,-0.51296717
1777227515181000,0.0,0.9953524,0.0014879556,-0.096288145,0.00014394146,0.0,0.0,-0.5120945
1777227515229000,0.0,0.99653023,0.0016548545,-0.08321508,0.00013818833,0.0,0.0,-0.5100384
1777227515277000,0.0,0.9975158,0.0020546846,-0.07041338,0.00014503759,0.0,0.0,-0.5080554
1777227515333000,-0.004079191,0.99813545,0.0027907114,-0.060974263,1.06603675e-05,0.0,0.0,-0.5072681
1777227515381000,0.006487906,0.99858737,0.003098634,-0.05304453,0.00013457851,0.0,0.0,-0.50675523
1777227515429000,-0.005585054,0.9991861,0.0033421263,-0.040198855,0.000112172944,0.0,0.0,-0.50513345
1777227515477000,0.0027925281,0.9996174,0.0033472476,-0.027457984,8.636509e-05,0.0,0.0,-0.50385565
1777227515533000,-0.007993769,0.99984014,0.0037555844,-0.017480992,-6.114915e-05,0.0,0.0,-0.5033414
1777227515581000,0.005585054,0.9999521,0.0038773082,-0.008992796,-0.00011540666,0.0,0.0,-0.50289845
1777227515637000,0.002408715,0.99996513,0.00379974,0.007432349,-3.2396973e-05,0.0,0.0,-0.5018974
1777227515677000,0.005201241,0.9998638,0.0033883096,0.01615279,8.4173225e-05,0.0,0.0,-0.5015274
1777227515733000,-0.005968865,0.99987954,0.003747964,0.015064341,7.017327e-05,0.0,0.0,-0.50037146
1777227515781000,0.0049005365,0.9999261,0.0037319905,0.011569873,-2.598552e-05,0.0,0.0,-0.4996491
1777227515829000,-0.0007389751,0.9998765,0.0041891984,0.015147679,-6.3073494e-05,0.0,0.0,-0.498879
1777227515877000,0.0,0.99982756,0.0038529143,0.01816748,-7.0009824e-05,0.0,0.0,-0.4981509
1777227515933000,0.00837758,0.9998919,0.0037142173,0.014228502,-2.6028988e-06,0.0,0.0,-0.49758795
1777227515981000,-0.0015058629,0.99993515,0.0036584742,0.010783574,0.00013152677,0.0,0.0,-0.49719784
1777227516037000,-0.006487906,0.99984455,0.0034047565,0.01730131,-2.8782435e-05,0.0,0.0,-0.49639598
1777227516085000,0.0,0.99993956,0.003796101,0.010318326,-3.9171777e-05,0.0,0.0,-0.49615777
1777227516133000,0.0,0.99990207,0.003894469,0.013444463,-5.2364172e-05,0.0,0.0,-0.49567962
1777227516181000,0.0,0.99994606,0.0036820208,0.009712216,-3.5762507e-05,0.0,0.0,-0.4958136
1777227516229000,0.0,0.9999088,0.003772826,0.01296635,-4.8924237e-05,0.0,0.0,-0.49554253
1777227516277000,0.0,0.9998596,0.0037480125,0.01633704,-6.124004e-05,0.0,0.0,-0.49525276
1777227516333000,-0.005585054,0.9999109,0.003211137,0.012960175,3.6550835e-05,0.0,0.0,-0.4953407
1777227516381000,0.0,0.9999519,0.0028924355,0.009375251,-2.7118613e-05,0.0,0.0,-0.4952216
1777227516429000,0.007993769,0.9999159,0.002734973,0.012680057,9.215562e-05,0.0,0.0,-0.4947038
1777227516485000,-0.00837758,0.9999521,0.0024406873,0.009482464,9.920702e-05,0.0,0.0,-0.4946675
1777227516533000,-0.004079189,0.9999156,0.0023326133,0.012782374,-1.7904382e-05,0.0,0.0,-0.49423218
1777227516581000,0.0,0.9999589,0.0022012505,0.0088016195,-1.9375366e-05,0.0,0.0,-0.49429518
1777227516629000,0.002792526,0.9999247,0.0017364039,0.012146861,7.38316e-05,0.0,0.0,-0.4939605
1777227516677000,-0.005585052,0.9998854,0.0019539148,0.01501405,-7.0068468e-06,0.0,0.0,-0.49371058
1777227516733000,0.0,0.99994296,0.0017771161,0.010530686,-1.8715316e-05,0.0,0.0,-0.49375713
1777227516781000,0.0,0.99997866,0.0015364678,0.0063495035,-9.756016e-06,0.0,0.0,-0.49381346
1777227516829000,0.005585054,0.9999576,0.0014523402,0.009089484,9.135892e-06,0.0,0.0,-0.49330863
1777227516877000,-0.0027925281,0.99992937,0.0011137142,0.011830598,-7.592945e-06,0.0,0.0,-0.49254373
1777227516933000,-0.002792526,0.9999715,0.001392394,0.0074231317,2.875597e-05,0.0,0.0,-0.49221793
1777227516981000,0.0,0.99999523,0.0015575523,0.002666604,-4.153395e-06,0.0,0.0,-0.492306
1777227517029000,0.0,0.99998593,0.0012098474,0.005170036,-6.255043e-06,0.0,0.0,-0.49211195
1777227517085000,0.00837758,0.99999917,0.0011832232,0.00054654817,4.961881e-05,0.0,0.0,-0.4920349
1777227517133000,-0.00038381107,0.9999937,0.0011828468,0.0033388098,0.00016857589,0.0,0.0,-0.49150398
1777227517181000,-0.0020249034,0.99999875,0.0010564264,-0.0011904459,4.1941885e-06,0.0,0.0,-0.49161553
1777227517237000,0.0,0.9999896,0.001080534,0.004424349,-4.780709e-06,0.0,0.0,-0.49095613
1777227517277000,0.0,0.99999297,0.00097652915,0.0036253121,-3.5402481e-06,0.0,0.0,-0.4909341
1777227517333000,0.0,0.9999984,0.0009310824,-0.0015432233,1.4368702e-06,0.0,0.0,-0.49117008
1777227517381000,0.0,0.9999811,0.0008312091,-0.0060932953,5.064898e-06,0.0,0.0,-0.49130446
1777227517429000,0.0,0.99999285,0.0009468484,-0.003653627,3.4594557e-06,0.0,0.0,-0.49117815
1777227517477000,0.0,0.9999988,0.0010743382,-0.0011486472,1.2340371e-06,0.0,0.0,-0.49088672
1777227517533000,0.0,0.99998105,0.00083048834,-0.0060982816,5.064648e-06,0.0,0.0,-0.4908591
1777227517581000,0.0,0.9999377,0.0008582797,-0.011126873,9.550564e-06,0.0,0.0,-0.4912373
1777227517629000,0.0,0.9999639,0.00041131076,-0.008489502,3.49195e-06,0.0,0.0,-0.49087963
1777227517677000,0.0,0.9999808,0.00028854527,-0.006188872,1.7858039e-06,0.0,0.0,-0.4905881
1777227517733000,0.0,0.9999415,0.00013596167,-0.010815981,1.4706447e-06,0.0,0.0,-0.49095988
1777227517781000,0.0,0.9998774,-0.00023380476,-0.0156585,-3.6614808e-06,0.0,0.0,-0.4908551
1777227517829000,0.0,0.9999138,-0.00028216635,-0.01312733,-3.70441e-06,0.0,0.0,-0.49011904
1777227517877000,0.002792526,0.99994135,-0.0004889679,-0.0108209355,8.963784e-05,0.0,0.0,-0.48979148
1777227517933000,0.002792528,0.99987215,-0.0006027776,-0.015979381,-4.0503232e-06,0.0,0.0,-0.49013564
1777227517981000,0.0,0.9997908,-0.0010126081,-0.02043035,-2.069227e-05,0.0,0.0,-0.49052092
1777227518037000,0.0,0.9998925,-0.0011801478,-0.01461816,-1.7253446e-05,0.0,0.0,-0.48973873
1777227518085000,0.005585054,0.9997501,-0.0011159659,-0.022326667,-0.00010305433,0.0,0.0,-0.4904311
1777227518133000,0.0,0.99980426,-0.0013091426,-0.019741826,-2.5849931e-05,0.0,0.0,-0.49028137
1777227518181000,-0.002408715,0.9997108,-0.0017637988,-0.02398277,-0.00021064609,0.0,0.0,-0.49093118
1777227518237000,0.010402485,0.999835,-0.001619676,-0.01809358,-0.000106773536,0.0,0.0,-0.49032393
1777227518277000,0.0,0.99982005,-0.001456319,-0.018916434,-2.755332e-05,0.0,0.0,-0.49030298
1777227518333000,0.0,0.9997239,-0.0015404506,-0.02344537,-3.6126406e-05,0.0,0.0,-0.49094152
1777227518381000,0.0027925281,0.9996151,-0.0018838631,-0.027681127,-5.7746183e-05,0.0,0.0,-0.49132785
1777227518429000,0.0,0.9996949,-0.0018281486,-0.024632722,-4.504602e-05,0.0,0.0,-0.49111882
1777227518485000,0.0,0.9995812,-0.0019381064,-0.02887367,-5.598369e-05,0.0,0.0,-0.49133545
1777227518533000,0.0,0.99965835,-0.0017478897,-0.026079364,-4.559943e-05,0.0,0.0,-0.49071124
1777227518581000,0.0,0.9995496,-0.0017501862,-0.029957866,-5.2455467e-05,0.0,0.0,-0.49135843
1777227518629000,0.0,0.9996334,-0.0013959563,-0.027040498,-3.7761194e-05,0.0,0.0,-0.49087974
1777227518677000,-0.005585054,0.9997088,-0.0015980755,-0.024078697,-6.08116e-05,0.0,0.0,-0.49042335
1777227518733000,0.005585052,0.99961066,-0.0017710105,-0.027846353,-7.164968e-05,0.0,0.0,-0.49088046
1777227518781000,0.0,0.9995054,-0.002031407,-0.031382535,-6.3782245e-05,0.0,0.0,-0.49142873
1777227518829000,-0.005585054,0.9995989,-0.0018446121,-0.028259123,-7.446152e-05,0.0,0.0,-0.49116838
1777227518877000,0.0027925281,0.9996898,-0.0016769427,-0.024848215,-4.7261852e-05,0.0,0.0,-0.4907323
1777227518933000,-0.00837758,0.9995979,-0.0017904371,-0.02829896,-0.00010089306,0.0,0.0,-0.4908813
1777227518981000,0.005585054,0.9995025,-0.0016209281,-0.031497378,-0.00020115012,0.0,0.0,-0.49122414
1777227519037000,-0.0027925272,0.9996941,-0.001772198,-0.024668848,-0.00021062762,0.0,0.0,-0.49027973
1777227519077000,0.005585054,0.9996945,-0.001877419,-0.024643531,-0.00019643696,0.0,0.0,-0.49015805
1777227519133000,0.005585051,0.9996183,-0.0016578011,-0.027576966,-0.00019585656,0.0,0.0,-0.49031386
1777227519181000,0.0049400763,0.99954313,-0.0021085802,-0.030151522,-8.106049e-05,0.0,0.0,-0.49066815
1777227519237000,0.0021475502,0.9997239,-0.0018072604,-0.023426948,-5.5961802e-05,0.0,0.0,-0.48982814
1777227519285000,0.0058346707,0.99955875,-0.0015549771,-0.029662268,-7.049411e-05,0.0,0.0,-0.49060467
1777227519333000,0.0,0.9996703,-0.0015791388,-0.025628557,-4.0484407e-05,0.0,0.0,-0.4902054
1777227519381000,-0.005585054,0.9995946,-0.0014015064,-0.028437452,-6.2184576e-05,0.0,0.0,-0.49082896
1777227519429000,-0.002792528,0.9996942,-0.0010979915,-0.024703816,-6.619249e-05,0.0,0.0,-0.4907139
1777227519477000,3.7252903e-09,0.99978244,-0.0008892293,-0.020841137,-1.8536584e-05,0.0,0.0,-0.49031046
1777227519533000,0.0055850577,0.99971634,-0.0009874451,-0.023797937,-0.00010163004,0.0,0.0,-0.49083182
1777227519581000,-0.005585054,0.9996476,-0.0006138489,-0.026539197,-3.8613412e-05,0.0,0.0,-0.49139005
1777227519637000,-0.0065630227,0.999812,-0.00071412383,-0.019376436,-0.00022701136,0.0,0.0,-0.49082184
1777227519677000,0.007399611,0.99981743,-0.00059717125,-0.019098474,-0.00021622084,0.0,0.0,-0.4908783
1777227519733000,0.008615752,0.9997618,-0.0009900361,-0.021802532,-7.471669e-05,0.0,0.0,-0.49095854
1777227519781000,0.00023817178,0.99969566,-0.00080647017,-0.024656497,-6.0763778e-05,0.0,0.0,-0.49123156
1777227519829000,-0.0025543543,0.9997864,-0.0006444865,-0.020659162,-0.00014432626,0.0,0.0,-0.49127236
1777227519877000,0.00023817178,0.9998579,-0.00029262903,-0.016855543,-9.212989e-05,0.0,0.0,-0.4910025
1777227519933000,0.0,0.99980694,-0.0005817973,-0.019641293,-1.1429458e-05,0.0,0.0,-0.49121425
1777227519981000,-0.002408715,0.9997408,-0.00034798132,-0.022764683,-0.00017627094,0.0,0.0,-0.49143982
1777227520029000,0.010402484,0.99981767,-0.00052704226,-0.019090392,-8.752181e-05,0.0,0.0,-0.4910693
1777227520077000,0.0,0.9998846,-0.00067405705,-0.015173841,-1.0229214e-05,0.0,0.0,-0.49075034
1777227520133000,0.0,0.9998271,-0.00025833995,-0.01859541,-4.8047677e-06,0.0,0.0,-0.49140146
1777227520181000,-0.002792526,0.9997543,-0.0001732812,-0.02216509,-9.8717675e-05,0.0,0.0,-0.49194783
1777227520229000,0.0,0.99981934,0.00032483824,-0.019005734,-4.9645347e-05,0.0,0.0,-0.49168873
1777227520277000,0.0,0.9998815,0.00041991632,-0.015389658,6.463135e-06,0.0,0.0,-0.49143326
1777227520333000,0.0,0.9998295,0.0006907537,-0.018454824,1.2749912e-05,0.0,0.0,-0.49188295
1777227520381000,0.0,0.9997567,0.00074863626,-0.022047257,1.6509395e-05,0.0,0.0,-0.49250594
1777227520429000,-0.002792526,0.9998289,0.0009984309,-0.018474648,-7.6448516e-05,0.0,0.0,-0.49213484
1777227520485000,0.0041109766,0.99976665,0.00094797,-0.021584604,8.370967e-06,0.0,0.0,-0.4924381
1777227520533000,0.0,0.99983495,0.0010516251,-0.018139577,1.9079182e-05,0.0,0.0,-0.491979
1777227520581000,0.0,0.99977016,0.0011511359,-0.021411099,2.4652754e-05,0.0,0.0,-0.49226817
1777227520629000,0.0,0.9998394,0.0012088226,-0.017881503,2.161904e-05,0.0,0.0,-0.49190524
1777227520677000,-0.005585054,0.99989337,0.0016834205,-0.0145083135,2.0930006e-06,0.0,0.0,-0.4915846
1777227520733000,0.005968865,0.99983937,0.0022989972,-0.017776763,-0.000106172636,0.0,0.0,-0.49170598
1777227520781000,0.0,0.9997763,0.0022588943,-0.021031398,4.751834e-05,0.0,0.0,-0.49202508
1777227520829000,0.0,0.9998388,0.0025451498,-0.017772568,4.5241137e-05,0.0,0.0,-0.491465
1777227520877000,0.0,0.99989396,0.002674556,-0.014316073,3.82932e-05,0.0,0.0,-0.49092275
1777227520933000,0.00038381107,0.9998368,0.0029272162,-0.017830193,-0.00012024507,0.0,0.0,-0.491337
1777227520981000,0.0020249034,0.999768,0.0033130823,-0.021283468,6.759566e-05,0.0,0.0,-0.49175045
1777227521029000,0.0,0.99983966,0.003158823,-0.017625688,5.5685356e-05,0.0,0.0,-0.4916024
1777227521077000,0.0,0.9998946,0.0032889314,-0.014142295,4.6517947e-05,0.0,0.0,-0.49103618
1777227521133000,0.005585054,0.9998445,0.0033563548,-0.017315071,-2.0031444e-05,0.0,0.0,-0.4913157
1777227521181000,0.0,0.9997735,0.00337761,-0.02101326,7.0990674e-05,0.0,0.0,-0.49169406
1777227521237000,-0.002792526,0.9998999,0.0034381405,-0.0137266535,-4.772075e-05,0.0,0.0,-0.49096
1777227521277000,0.005585052,0.99990404,0.003438814,-0.013419081,2.3815854e-05,0.0,0.0,-0.49071917
1777227521333000,0.0,0.99984914,0.0033418955,-0.01704554,5.6973007e-05,0.0,0.0,-0.4909945
1777227521381000,0.0,0.99979395,0.0031343745,-0.020057717,6.288136e-05,0.0,0.0,-0.49120897
1777227521437000,0.0,0.99991083,0.002816958,-0.013052667,3.677209e-05,0.0,0.0,-0.4906271
1777227521477000,0.0,0.9999112,0.002707692,-0.013049532,3.5337252e-05,0.0,0.0,-0.4907383
1777227521533000,-0.002792526,0.9998592,0.0026462444,-0.016571943,8.2939005e-05,0.0,0.0,-0.4908356
1777227521581000,0.0,0.9997994,0.0026055723,-0.019862005,5.1762276e-05,0.0,0.0,-0.49117428
1777227521629000,0.0,0.99986213,0.002596681,-0.016401775,4.259605e-05,0.0,0.0,-0.4908953
1777227521677000,0.002792526,0.9999125,0.0024992889,-0.012991633,0.00012739484,0.0,0.0,-0.49058607
1777227521733000,0.0,0.99985826,0.002744387,-0.01661258,4.5597815e-05,0.0,0.0,-0.49080253
1777227521781000,0.005585054,0.99979573,0.002677994,-0.020035421,7.5992546e-05,0.0,0.0,-0.4911903
1777227521829000,-0.0027925281,0.9998635,0.0024794296,-0.01633529,4.6090572e-05,0.0,0.0,-0.4906911
1777227521885000,-0.0027925228,0.99980426,0.0025466322,-0.019621365,5.556e-05,0.0,0.0,-0.49128616
1777227521933000,0.0,0.99987,0.0024764708,-0.015933063,3.94629e-05,0.0,0.0,-0.4909922
1777227521981000,-0.0027925281,0.99980015,0.002587982,-0.019824507,5.6897505e-05,0.0,0.0,-0.49115944
1777227522037000,0.0,0.9999098,0.002611133,-0.013173673,3.4401313e-05,0.0,0.0,-0.49041888
1777227522077000,0.0,0.999914,0.002698395,-0.012838501,3.4646328e-05,0.0,0.0,-0.49041986
1777227522133000,0.0,0.99986285,0.0026148402,-0.016355213,4.277213e-05,0.0,0.0,-0.49041197
1777227522181000,0.0,0.99980366,0.0024674344,-0.019663338,4.8527527e-05,0.0,0.0,-0.490923
1777227522229000,0.0,0.99985796,0.0024845668,-0.01666952,4.1422416e-05,0.0,0.0,-0.49078813
1777227522277000,0.005585054,0.99990886,0.0025569,-0.013255319,5.6230016e-05,0.0,0.0,-0.49059352
1777227522333000,0.0,0.9998535,0.0026153314,-0.016915869,4.4247092e-05,0.0,0.0,-0.49100453
1777227522381000,0.0,0.9997895,0.0025130468,-0.020365695,5.1190727e-05,0.0,0.0,-0.49140075
1777227522429000,0.0,0.999848,0.0025700096,-0.017242942,4.4321263e-05,0.0,0.0,-0.4913331
1777227522477000,0.0,0.9999008,0.0020650078,-0.013934116,2.8776913e-05,0.0,0.0,-0.4909213
1777227522533000,0.0,0.99984956,0.0023976315,-0.017178647,4.1194264e-05,0.0,0.0,-0.4912013
1777227522581000,0.0,0.9997774,0.0021492664,-0.020988995,4.5120985e-05,0.0,0.0,-0.49151677
1777227522629000,0.0,0.9998404,0.0024043652,-0.017705685,4.2577733e-05,0.0,0.0,-0.49112642
1777227522677000,0.0,0.99988985,0.002443617,-0.014641965,3.5783294e-05,0.0,0.0,-0.4907943
1777227522733000,0.00837758,0.999828,0.002159994,-0.018422062,9.0038404e-05,0.0,0.0,-0.49126548
1777227522781000,-0.005585052,0.99975955,0.0020833283,-0.021831386,6.781717e-05,0.0,0.0,-0.49163693
1777227522829000,0.0,0.99983346,0.0019606254,-0.018143784,3.5579083e-05,0.0,0.0,-0.49129575
1777227522885000,0.0,0.99976796,0.0019944152,-0.02145073,4.279159e-05,0.0,0.0,-0.4916264
1777227522933000,0.00837758,0.9998327,0.002156456,-0.018165082,8.9419475e-05,0.0,0.0,-0.49104846
1777227522981000,-0.005585052,0.9997623,0.002056483,-0.021707308,6.697579e-05,0.0,0.0,-0.49130723
1777227523037000,0.0,0.9998913,0.0018541805,-0.014627712,2.7125367e-05,0.0,0.0,-0.49051067
1777227523077000,0.005585054,0.99990004,0.0018256945,-0.014021792,4.7935737e-05,0.0,0.0,-0.4904598
1777227523133000,0.0,0.9998414,0.0018836729,-0.017711507,3.336798e-05,0.0,0.0,-0.4911067
1777227523181000,0.0,0.99977237,0.0016335093,-0.021273505,3.4758385e-05,0.0,0.0,-0.4916569
1777227523229000,0.0,0.9998458,0.0016330726,-0.017484214,2.8557391e-05,0.0,0.0,-0.4912402
1777227523277000,0.0,0.9998992,0.0015763287,-0.014111271,2.2246242e-05,0.0,0.0,-0.4908177
1777227523333000,0.0,0.9998458,0.001738992,-0.017475704,3.0394798e-05,0.0,0.0,-0.49107444
1777227523381000,0.0,0.9997786,0.001990633,-0.020946382,4.1705793e-05,0.0,0.0,-0.4916608
1777227523437000,0.0,0.99990094,0.0017694996,-0.013965118,2.4713721e-05,0.0,0.0,-0.4908085
1777227523485000,0.0,0.999783,0.001819576,-0.020754756,3.7773058e-05,0.0,0.0,-0.4915896
1777227523533000,0.0,0.99985415,0.0014202814,-0.017019348,2.4175786e-05,0.0,0.0,-0.491186
1777227523581000,0.002408715,0.99978817,0.0014356445,-0.020532386,0.00019785523,0.0,0.0,-0.49142748
1777227523629000,-0.005585054,0.99985737,0.0015406017,-0.01681858,0.00017614411,0.0,0.0,-0.49087137
1777227523677000,-0.002408715,0.99991095,0.0010392709,-0.013305955,1.7983932e-05,0.0,0.0,-0.4904801
1777227523733000,0.0,0.9998581,0.00092316617,-0.016823933,1.5533491e-05,0.0,0.0,-0.49088222
1777227523781000,-0.0027925281,0.99980116,0.00072475435,-0.019927302,2.0027004e-05,0.0,0.0,-0.49125502
1777227523837000,0.005585054,0.99991554,0.00075723854,-0.0129713835,3.2157845e-05,0.0,0.0,-0.49029124
1777227523885000,0.0,0.99980336,0.000601102,-0.019822715,1.19178185e-05,0.0,0.0,-0.4908117
1777227523933000,-0.002792526,0.99987084,6.318635e-05,-0.016073342,4.009598e-05,0.0,0.0,-0.4906255
1777227523981000,0.0,0.9998226,-0.0005452451,-0.018826568,-1.02669155e-05,0.0,0.0,-0.4910173
1777227524029000,0.0,0.99988693,-0.0006657322,-0.015022217,-1.0001903e-05,0.0,0.0,-0.49020606
1777227524077000,0.0,0.99993235,-0.0007442972,-0.011606842,-8.639524e-06,0.0,0.0,-0.4898573
1777227524133000,-0.005585054,0.9998913,-0.0009654302,-0.014716156,6.3956395e-05,0.0,0.0,-0.49022835
1777227524181000,0.0,0.9998346,-0.0012127426,-0.018147592,-2.2011998e-05,0.0,0.0,-0.4907244
1777227524229000,0.0,0.9998947,-0.0012728465,-0.014458649,-1.8405579e-05,0.0,0.0,-0.49049014
1777227524277000,0.0,0.99994135,-0.0014084649,-0.01073863,-1.5125868e-05,0.0,0.0,-0.4904806
1777227524333000,-0.005585054,0.9999013,-0.0012996448,-0.013991115,5.9982554e-05,0.0,0.0,-0.4908022
1777227524381000,0.0,0.99984765,-0.0018268088,-0.017358057,-3.171468e-05,0.0,0.0,-0.49105
1777227524437000,0.0,0.99994457,-0.0018176901,-0.010374017,-1.8857796e-05,0.0,0.0,-0.4903762
1777227524477000,0.0,0.99994546,-0.0019171734,-0.0102694,-1.9689292e-05,0.0,0.0,-0.49026293
1777227524533000,0.0,0.99990785,-0.0023081552,-0.013376851,-3.0878695e-05,0.0,0.0,-0.49061844
1777227524581000,0.0,0.999854,-0.002363789,-0.016924702,-4.0012266e-05,0.0,0.0,-0.4911564
1777227524637000,0.0,0.99994755,-0.0023420763,-0.009972395,-2.3357334e-05,0.0,0.0,-0.49041462
1777227524677000,0.0,0.9999497,-0.0022779745,-0.0097654415,-2.2246544e-05,0.0,0.0,-0.49036205
1777227524733000,0.002792526,0.9999092,-0.0021862902,-0.013297952,-6.816093e-05,0.0,0.0,-0.4903581
1777227524781000,0.0,0.9998496,-0.0024633277,-0.017169349,-4.2300097e-05,0.0,0.0,-0.49068683
1777227524837000,0.0,0.999943,-0.0022252572,-0.010442323,-2.3238179e-05,0.0,0.0,-0.49001166
1777227524877000,-0.005585054,0.9999427,-0.0022813815,-0.0104558915,-4.6191857e-05,0.0,0.0,-0.490049
1777227524933000,0.0,0.99989086,-0.0019655451,-0.014645759,-2.8790044e-05,0.0,0.0,-0.49077895
1777227524981000,0.0,0.99982727,-0.0019225501,-0.018485472,-3.554539e-05,0.0,0.0,-0.49104083
1777227525029000,0.0,0.99988896,-0.0017268767,-0.014801186,-2.5562658e-05,0.0,0.0,-0.4907898
1777227525085000,0.0,0.9998281,-0.0014733728,-0.018482393,-2.723614e-05,0.0,0.0,-0.49140877
1777227525133000,0.0,0.9998891,-0.0014150218,-0.014829223,-2.0986e-05,0.0,0.0,-0.49125096
1777227525181000,0.0027925281,0.99982584,-0.0013501644,-0.018616289,-3.072159e-05,0.0,0.0,-0.49172726
1777227525229000,0.0,0.9998873,-0.0014843475,-0.014941598,-2.2181024e-05,0.0,0.0,-0.49129838
1777227525277000,0.0,0.99993604,-0.0017215527,-0.011178007,-1.9244757e-05,0.0,0.0,-0.49084705
1777227525333000,0.0,0.99989223,-0.0019393115,-0.014553325,-2.8226474e-05,0.0,0.0,-0.4909903
1777227525381000,0.0,0.9998371,-0.0021380577,-0.017921165,-3.8322727e-05,0.0,0.0,-0.49146914
1777227525429000,0.0,0.99989766,-0.0019772341,-0.0141683845,-2.8017075e-05,0.0,0.0,-0.49096602
1777227525485000,0.0,0.9998435,-0.0020663037,-0.017570268,-3.6311194e-05,0.0,0.0,-0.49150112
1777227525533000,0.0,0.9998977,-0.002276394,-0.014123405,-3.2153726e-05,0.0,0.0,-0.49083516
1777227525581000,-0.002792526,0.99984115,-0.0022579937,-0.017680334,-0.00013483004,0.0,0.0,-0.49103323
1777227525629000,-0.004034901,0.99989843,-0.0023206067,-0.014056969,-0.00026503636,0.0,0.0,-0.4909226
1777227525685000,0.0,0.9998498,-0.0023673836,-0.017169826,-0.00028468706,0.0,0.0,-0.4912708
1777227525733000,0.0,0.9999055,-0.0022238179,-0.0135625135,-0.00027423727,0.0,0.0,-0.49112937
1777227525781000,0.0065630227,0.9998537,-0.0022582281,-0.016955812,-6.913143e-05,0.0,0.0,-0.49154368
1777227525837000,0.0,0.9999453,-0.0021650188,-0.01023022,-2.214983e-05,0.0,0.0,-0.49086872
1777227525885000,-0.004079191,0.99985003,-0.001902112,-0.017213732,-0.00019339232,0.0,0.0,-0.49157095
1777227525933000,0.0,0.9999061,-0.0019403968,-0.013559877,-0.0001989002,0.0,0.0,-0.4913677
1777227525981000,0.002408715,0.9998526,-0.0022000675,-0.01702746,-4.1620595e-05,0.0,0.0,-0.49158227
1777227526037000,0.0,0.99994755,-0.0019612592,-0.010049778,-1.9711253e-05,0.0,0.0,-0.4910157
1777227526077000,0.0,0.99994725,-0.0017195187,-0.0101293195,-1.7418473e-05,0.0,0.0,-0.4910205
1777227526133000,-0.00837758,0.99989974,-0.0017200758,-0.014056356,-7.443108e-05,0.0,0.0,-0.49140993
1777227526181000,0.0,0.9998472,-0.0013789234,-0.017429315,-7.986248e-05,0.0,0.0,-0.4915425
1777227526229000,-0.0014740773,0.99990433,-0.0014017078,-0.01376212,-2.0848103e-05,0.0,0.0,-0.49121642
1777227526285000,0.0,0.9998476,-0.0011217435,-0.017422114,-1.9546122e-05,0.0,0.0,-0.49120167
1777227526333000,0.0,0.999901,-0.0007203077,-0.014051976,-1.0122746e-05,0.0,0.0,-0.49083936
1777227526381000,0.0027925281,0.99984723,-0.0010393218,-0.017449439,-2.3720864e-05,0.0,0.0,-0.49108806
1777227526437000,1.8626451e-09,0.9999449,-0.0011864986,-0.010426497,-5.7044854e-05,0.0,0.0,-0.49040297
1777227526477000,0.0,0.9999477,-0.001285302,-0.010143696,-1.3038392e-05,0.0,0.0,-0.49035755
1777227526533000,0.00038381107,0.99990654,-0.0012228198,-0.013613797,-0.00018912893,0.0,0.0,-0.49067387
1777227526581000,-0.007993769,0.9998562,-0.0013389535,-0.01690649,-0.00018993496,0.0,0.0,-0.49113032
1777227526629000,0.0,0.99990946,-0.0012307798,-0.013395705,-0.00026056377,0.0,0.0,-0.490993
1777227526685000,0.012148077,0.99985963,-0.0010344973,-0.016721487,-0.00012294984,0.0,0.0,-0.49136034
1777227526733000,0.0,0.99990886,-0.0011725798,-0.013451977,-1.5774956e-05,0.0,0.0,-0.49079356
1777227526781000,-0.002792528,0.9998571,-0.00121266,-0.016862202,-5.9529786e-05,0.0,0.0,-0.49117196
1777227526837000,3.7252903e-09,0.9999484,-0.0010692754,-0.010101104,-1.0801418e-05,0.0,0.0,-0.49030805
1777227526885000,0.0,0.9998549,-0.0010151963,-0.017001916,-1.7262788e-05,0.0,0.0,-0.49104905
1777227526933000,0.0,0.9999058,-0.0007330642,-0.013703412,-1.0046427e-05,0.0,0.0,-0.4907483
1777227526981000,0.0,0.9998517,-0.00082995195,-0.017200993,-1.42781155e-05,0.0,0.0,-0.49113607
1777227527029000,0.0,0.99990755,-0.0007884905,-0.013574678,-1.0704495e-05,0.0,0.0,-0.49068132
1777227527085000,0.0,0.9998503,-0.000600187,-0.01729518,-1.0381898e-05,0.0,0.0,-0.49096823
1777227527133000,0.0,0.9999029,-0.0006546013,-0.0139177535,-9.1114625e-06,0.0,0.0,-0.4905303
1777227527181000,0.0,0.9998505,-0.0003643978,-0.01728711,-6.3003267e-06,0.0,0.0,-0.49105817
1777227527229000,0.0,0.999903,-0.00010014556,-0.013925291,-1.3946913e-06,0.0,0.0,-0.490779
1777227527285000,0.0,0.9998455,-0.0002580805,-0.017575383,-4.536564e-06,0.0,0.0,-0.49102098
1777227527333000,0.0,0.9999032,-0.00028681714,-0.013911989,-3.990583e-06,0.0,0.0,-0.49085644
1777227527381000,0.0,0.9998531,-0.00022287793,-0.017142372,-3.8212174e-06,0.0,0.0,-0.49096286
1777227527437000,0.0,0.9999508,-0.00022584412,-0.009912964,-2.2388947e-06,0.0,0.0,-0.4902591
1777227527477000,0.0,0.9999486,-0.00036705146,-0.010133279,-3.719626e-06,0.0,0.0,-0.4902655
1777227527533000,0.0,0.99990964,-0.00029254687,-0.013442295,-3.932857e-06,0.0,0.0,-0.4905503
1777227527581000,0.0,0.9998545,-0.00016961744,-0.01705671,-2.8935362e-06,0.0,0.0,-0.4911045
1777227527629000,0.0,0.9999044,-0.0005208402,-0.013818119,-7.1977215e-06,0.0,0.0,-0.49091685
1777227527677000,0.0,0.9999451,-0.00019273843,-0.010472115,-2.0184896e-06,0.0,0.0,-0.49030736
1777227527733000,0.0,0.999897,0.0002387721,-0.014348417,3.4263544e-06,0.0,0.0,-0.4908083
1777227527781000,0.0,0.99983823,0.0005528829,-0.017979382,9.942102e-06,0.0,0.0,-0.49123773
1777227527829000,0.0,0.9998991,0.00049616734,-0.014197717,7.0451533e-06,0.0,0.0,-0.49109524
1777227527877000,0.0,0.9999421,0.000852232,-0.010725014,9.140728e-06,0.0,0.0,-0.4906354
1777227527933000,0.0,0.99989235,0.00087660394,-0.014644587,1.2838886e-05,0.0,0.0,-0.49118495
1777227527981000,0.0,0.99983287,0.0010329544,-0.018255286,1.886003e-05,0.0,0.0,-0.49149555
1777227528029000,0.0,0.99989057,0.0013478608,-0.01473267,1.9859763e-05,0.0,0.0,-0.49112627
1777227528077000,0.0,0.9999349,0.0014906217,-0.011311703,1.6862568e-05,0.0,0.0,-0.4908212
1777227528133000,0.005585054,0.99988544,0.001397383,-0.015071092,-5.7101657e-05,0.0,0.0,-0.49103448
1777227528181000,0.0,0.9998255,0.0017468723,-0.018600896,3.2499065e-05,0.0,0.0,-0.49140513
1777227528229000,0.0,0.9998859,0.0016226599,-0.015019761,2.4374747e-05,0.0,0.0,-0.49115944
1777227528285000,0.0,0.9998267,0.0016908499,-0.018538678,3.135155e-05,0.0,0.0,-0.49158093
1777227528333000,0.0,0.9998843,0.0017945026,-0.015106117,2.7111106e-05,0.0,0.0,-0.49127313
1777227528381000,0.0,0.9998288,0.0018193146,-0.018415177,3.350874e-05,0.0,0.0,-0.4914588
1777227528437000,0.0,0.99993116,0.0018724109,-0.011583642,2.169083e-05,0.0,0.0,-0.4905047
1777227528485000,0.0,0.9998218,0.0016990205,-0.018803695,3.1953557e-05,0.0,0.0,-0.49117112
1777227528533000,0.00837758,0.9998839,0.0018497122,-0.015126081,7.823046e-05,0.0,0.0,-0.4908325
1777227528581000,-0.005585052,0.9998231,0.0016897185,-0.018733876,5.398905e-05,0.0,0.0,-0.491243
1777227528629000,-0.002792526,0.9998809,0.0016644867,-0.015344036,3.112609e-05,0.0,0.0,-0.49084833
1777227528685000,0.0,0.99983007,0.00156855,-0.018367786,2.8815688e-05,0.0,0.0,-0.4912772
1777227528733000,0.0,0.9998875,0.0015650766,-0.014914386,2.334478e-05,0.0,0.0,-0.49087095
1777227528781000,0.0,0.99983484,0.0015105775,-0.01811207,2.7364207e-05,0.0,0.0,-0.4912125
1777227528829000,0.0,0.99989796,0.0013827949,-0.0142167015,1.9660787e-05,0.0,0.0,-0.49086374
1777227528885000,0.0,0.9998461,0.0012773026,-0.01749677,2.2352113e-05,0.0,0.0,-0.49137375
1777227528933000,-0.002792526,0.99989814,0.0009654307,-0.014241712,5.2834293e-05,0.0,0.0,-0.4911675
1777227528981000,0.010786297,0.99985087,0.0008410941,-0.017248893,0.00010377836,0.0,0.0,-0.491443
1777227529037000,-0.003176337,0.9999494,0.0006820154,-0.010040077,0.00017223056,0.0,0.0,-0.4906463
1777227529077000,-0.004817432,0.99994737,0.00048225812,-0.010249832,2.1561942e-05,0.0,0.0,-0.4904883
1777227529133000,0.0,0.9999113,9.967978e-05,-0.013315926,1.3274464e-06,0.0,0.0,-0.4903911
1777227529181000,0.002408715,0.99985695,0.00030542474,-0.016913561,0.00017357245,0.0,0.0,-0.49069744
1777227529229000,-0.005585054,0.99990535,0.00016170449,-0.013757842,0.00015247552,0.0,0.0,-0.49054587
1777227529285000,0.005968865,0.99985236,0.00038598743,-0.017180286,3.2137275e-05,0.0,0.0,-0.49122167
1777227529333000,0.002024904,0.9999085,0.00020477574,-0.013523488,0.00017241991,0.0,0.0,-0.49091044
1777227529381000,-0.004433619,0.99985987,0.00013687235,-0.016737767,1.63636e-05,0.0,0.0,-0.4911139
1777227529437000,0.0,0.9999504,5.484276e-05,-0.009955879,5.460349e-07,0.0,0.0,-0.49060345
1777227529477000,0.002792526,0.99995226,-0.00040220204,-0.00976192,9.10059e-05,0.0,0.0,-0.49108535
1777227529533000,0.0,0.9999093,-0.00037050483,-0.013466956,-4.990022e-06,0.0,0.0,-0.4912032
1777227529581000,0.0,0.9998522,-7.14078e-05,-0.017192276,-1.227844e-06,0.0,0.0,-0.49165767
1777227529629000,0.0,0.9999072,-0.0002706385,-0.0136200525,-3.6864526e-06,0.0,0.0,-0.49135596
1777227529677000,0.0,0.9999479,-0.00021688266,-0.010204994,-2.2134016e-06,0.0,0.0,-0.4909535
1777227529733000,-0.002792526,0.99990475,-0.00021650062,-0.013800346,3.609615e-05,0.0,0.0,-0.4909423
1777227529781000,0.0,0.9998476,-0.00030595632,-0.017456362,-5.341698e-06,0.0,0.0,-0.49094465
1777227529829000,0.0,0.99990875,-0.0004559779,-0.013500804,-6.1566293e-06,0.0,0.0,-0.49077374
1777227529877000,0.002792526,0.9999475,-0.00040683566,-0.010238558,9.076536e-05,0.0,0.0,-0.49044764
1777227529933000,-0.00837758,0.99990964,-0.00035701023,-0.013438521,0.00011753674,0.0,0.0,-0.49092093
1777227529981000,0.0,0.99985415,-0.00039625162,-0.01707653,-6.767589e-06,0.0,0.0,-0.491161
1777227530037000,0.002792526,0.9999512,-0.0005647346,-0.009861739,8.936253e-05,0.0,0.0,-0.4906638
1777227530085000,-0.009883443,0.99986064,-0.0004701557,-0.016689813,9.478279e-05,0.0,0.0,-0.4910313
1777227530133000,0.0,0.99991435,-0.0005970083,-0.013075824,-7.807044e-06,0.0,0.0,-0.49084824
1777227530181000,-0.0027925281,0.9998622,-0.0004725739,-0.01659483,-2.2606132e-06,0.0,0.0,-0.49109504
1777227530229000,0.005585054,0.9999105,-0.0004655044,-0.013375174,1.6107464e-05,0.0,0.0,-0.49108422
1777227530285000,-0.005968865,0.9998578,-0.0006459395,-0.01685278,0.00013616722,0.0,0.0,-0.49154225
1777227530333000,0.003943962,0.99990755,-0.0005752632,-0.013585386,0.00015363262,0.0,0.0,-0.4911772
1777227530381000,-0.004433618,0.99985343,-0.0006370366,-0.017109351,3.2017164e-05,0.0,0.0,-0.49156454
1777227530437000,0.005585054,0.9999531,-0.00086923555,-0.009646872,1.395131e-05,0.0,0.0,-0.49076182
1777227530477000,-0.0027925281,0.9999503,-0.0008697768,-0.009935977,-3.0582812e-06,0.0,0.0,-0.49067402
1777227530533000,0.0,0.99991065,-0.0010001122,-0.013330212,-1.3332899e-05,0.0,0.0,-0.49089044
1777227530581000,0.0,0.99986386,-0.0010904019,-0.01646466,-1.7955543e-05,0.0,0.0,-0.49124357
1777227530637000,0.005585054,0.9999554,-0.0012904804,-0.009351129,1.02693175e-05,0.0,0.0,-0.49060047
1777227530677000,-0.0027925281,0.99995375,-0.0011528081,-0.009548687,-5.4240163e-06,0.0,0.0,-0.49078482
1777227530733000,0.00837758,0.99991304,-0.0014890259,-0.01310606,3.0735635e-05,0.0,0.0,-0.49097884
1777227530781000,-0.005585052,0.99986315,-0.001180754,-0.016501829,2.8438196e-06,0.0,0.0,-0.49157083
1777227530829000,-0.002792526,0.99991775,-0.00093687425,-0.012794168,-6.4038168e-06,0.0,0.0,-0.49129608
1777227530877000,0.0,0.9999566,-0.0009823847,-0.009260652,3.5576802e-05,0.0,0.0,-0.49094644
1777227530933000,0.0,0.9999186,-0.0010080603,-0.012724508,-1.2828116e-05,0.0,0.0,-0.49133626
1777227530981000,0.0,0.99987274,-0.0012325044,-0.01590575,-1.96064e-05,0.0,0.0,-0.49169382
1777227531029000,0.0,0.99991894,-0.0010595078,-0.012687484,-1.3443579e-05,0.0,0.0,-0.4913144
1777227531077000,0.002792526,0.99995327,-0.0011930193,-0.009593581,8.3487e-05,0.0,0.0,-0.49094144
1777227531133000,0.0,0.99991,-0.0014439842,-0.013338702,-1.9262605e-05,0.0,0.0,-0.4912417
1777227531181000,0.0,0.99985963,-0.0013271656,-0.016704377,-2.2172588e-05,0.0,0.0,-0.4916495
1777227531229000,0.0,0.999914,-0.001259237,-0.013056153,-1.6442205e-05,0.0,0.0,-0.4914487
1777227531277000,0.0,0.99995077,-0.0011839191,-0.009852168,-1.1664743e-05,0.0,0.0,-0.49125537
1777227531333000,0.0,0.9999091,-0.0013823947,-0.013413163,-1.854397e-05,0.0,0.0,-0.49145454
1777227531381000,0.002792526,0.99985707,-0.0012871418,-0.016857559,7.320434e-05,0.0,0.0,-0.49179527
1777227531429000,0.0,0.9999061,-0.0011665906,-0.0136537,3.9905157e-05,0.0,0.0,-0.49142593
1777227531485000,-0.005585054,0.999851,-0.0010403425,-0.017233703,0.00011604999,0.0,0.0,-0.49177748
1777227531533000,-0.0013496671,0.99990654,-0.0011756308,-0.013620143,-1.4709495e-05,0.0,0.0,-0.49134123
1777227531581000,0.0,0.99984646,-0.001108027,-0.017488722,-1.9380954e-05,0.0,0.0,-0.4915184
1777227531637000,0.0,0.9999423,-0.0008292389,-0.010711525,-8.882925e-06,0.0,0.0,-0.49056458
1777227531685000,-0.00837758,0.9998397,-0.00084610796,-0.017885681,-6.5377026e-05,0.0,0.0,-0.49136606
1777227531733000,-0.004079191,0.999892,-0.0007485861,-0.014676077,-0.00017165173,0.0,0.0,-0.4910252
1777227531781000,0.005585054,0.9998314,-0.0006605162,-0.018349862,-0.00016233981,0.0,0.0,-0.49128228
1777227531829000,0.002408715,0.999889,-0.0005140358,-0.014889713,-1.1808625e-05,0.0,0.0,-0.49105224
1777227531877000,-0.005585054,0.99993235,-0.00075960334,-0.011608416,-3.11541e-05,0.0,0.0,-0.49051362
1777227531933000,0.0,0.9998883,-0.00067866914,-0.014932091,-1.0135083e-05,0.0,0.0,-0.4909022
1777227531981000,-0.005585054,0.99983156,-0.00086104876,-0.018334232,-3.811829e-05,0.0,0.0,-0.49115428
1777227532029000,0.0027925281,0.99989283,-0.0009144585,-0.014612728,-1.8947436e-05,0.0,0.0,-0.49067518
1777227532085000,0.0027925228,0.9998365,-0.00091328914,-0.01805899,-2.2078077e-05,0.0,0.0,-0.4910629
1777227532133000,0.0,0.99989766,-0.0012492806,-0.014249985,-1.780405e-05,0.0,0.0,-0.490867
1777227532181000,0.0,0.99984086,-0.0011904665,-0.017800884,-2.1194728e-05,0.0,0.0,-0.4912102
1777227532229000,0.0,0.9998976,-0.0014059822,-0.0142406095,-2.0024092e-05,0.0,0.0,-0.49072278
1777227532277000,-0.005585054,0.9999373,-0.0014557063,-0.011106245,-3.8504557e-05,0.0,0.0,-0.49027145
1777227532333000,0.0,0.9998923,-0.0013190828,-0.014617498,-1.9283765e-05,0.0,0.0,-0.49079794
1777227532381000,-0.005585054,0.99983567,-0.0012876035,-0.018081557,-4.5614983e-05,0.0,0.0,-0.4910628
1777227532429000,0.0027925281,0.9998872,-0.0013118554,-0.014960715,-2.5211695e-05,0.0,0.0,-0.49070242
1777227532477000,-0.005585054,0.99993116,-0.0013393703,-0.011657307,-3.7950213e-05,0.0,0.0,-0.49041677
1777227532533000,-0.005585052,0.99988073,-0.0013976736,-0.015381298,-4.38329e-05,0.0,0.0,-0.49072996
1777227532581000,0.0,0.9998215,-0.0015327135,-0.01883381,-2.8871993e-05,0.0,0.0,-0.49117306
1777227532629000,0.0,0.99988425,-0.001572977,-0.015130788,-2.3803137e-05,0.0,0.0,-0.49090353
1777227532685000,0.0,0.99982,-0.0013052931,-0.018929819,-2.4713412e-05,0.0,0.0,-0.49123183
1777227532733000,-0.00837758,0.99987894,-0.0012251742,-0.015512669,-6.925541e-05,0.0,0.0,-0.49070638
1777227532781000,0.005585052,0.9998133,-0.001300921,-0.019278003,-4.7411602e-05,0.0,0.0,-0.49113104
1777227532829000,0.0,0.999873,-0.0010459098,-0.015905993,-1.6638347e-05,0.0,0.0,-0.49080428
1777227532885000,0.005585054,0.9998051,-0.00085840235,-0.019725045,-9.5080446e-05,0.0,0.0,-0.49122095
1777227532933000,0.0,0.9998677,-0.0007842972,-0.016248066,-1.2745004e-05,0.0,0.0,-0.49070033
1777227532981000,0.0,0.9998075,-0.00062338647,-0.019614205,-1.2229586e-05,0.0,0.0,-0.49086267
1777227533037000,0.0,0.99991685,-0.00015042337,-0.01289474,-1.9398317e-06,0.0,0.0,-0.4901834
1777227533077000,0.0,0.9999179,-8.423019e-05,-0.012811873,-1.0792351e-06,0.0,0.0,-0.4900749
1777227533133000,0.002792526,0.9998662,-0.00039094104,-0.016352748,-4.547352e-05,0.0,0.0,-0.49055973
1777227533181000,0.0,0.99981105,-0.00023207303,-0.01943733,-4.5117326e-06,0.0,0.0,-0.49091256
1777227533229000,0.0,0.9998729,-0.00054467685,-0.015932908,-8.67939e-06,0.0,0.0,-0.49021524
1777227533285000,0.0,0.99982,-0.0006064063,-0.0189635,-1.1501657e-05,0.0,0.0,-0.49069735
1777227533333000,0.002792526,0.9998757,-0.0008707159,-0.015742397,-5.278973e-05,0.0,0.0,-0.49042323
1777227533381000,0.0,0.9998204,-0.0007231886,-0.01893739,-1.3697765e-05,0.0,0.0,-0.49092785
1777227533429000,0.0,0.9998762,-0.0005289551,-0.01572729,-8.32006e-06,0.0,0.0,-0.49076074
1777227533477000,-0.002792526,0.99993026,-0.00057380827,-0.011794736,-0.000101694495,0.0,0.0,-0.49037763
1777227533533000,0.0,0.9998835,-0.0004450427,-0.015259625,-6.791979e-06,0.0,0.0,-0.49071786
1777227533581000,0.0,0.9998252,-0.0005710705,-0.018689163,-1.0674696e-05,0.0,0.0,-0.49107146
1777227533629000,0.0,0.9998846,-0.000545445,-0.015182934,-8.282412e-06,0.0,0.0,-0.49084267
1777227533677000,0.0,0.99993247,-0.0005886369,-0.011608076,-6.833404e-06,0.0,0.0,-0.49043548
1777227533733000,-0.007993769,0.9998851,-0.0006609575,-0.01514493,-0.00013683592,0.0,0.0,-0.49090275
1777227533781000,0.005585054,0.99982804,-0.00065794884,-0.018532569,-0.00016241148,0.0,0.0,-0.49141935
1777227533829000,0.002408715,0.99988,-0.00047696504,-0.015482604,-1.1539364e-05,0.0,0.0,-0.4910644
1777227533885000,0.0,0.9998179,-0.0008170189,-0.01906534,-1.557958e-05,0.0,0.0,-0.4912981
1777227533933000,-0.00837758,0.99987787,-0.00091998774,-0.015601714,-6.460229e-05,0.0,0.0,-0.49119282
1777227533981000,0.0,0.9998207,-0.0007615793,-0.018918565,-7.023111e-05,0.0,0.0,-0.49158078
1777227534029000,-0.0014740773,0.9998738,-0.00049356895,-0.015878364,-9.393695e-06,0.0,0.0,-0.49125695
1777227534077000,0.0,0.99992454,-0.00083330116,-0.012254181,-1.0212194e-05,0.0,0.0,-0.490921
1777227534133000,0.0,0.9998746,-0.00056865095,-0.015828853,-9.002221e-06,0.0,0.0,-0.4914506
1777227534181000,0.0,0.9998153,-0.0006184921,-0.019212147,-1.1884757e-05,0.0,0.0,-0.4917696
1777227534229000,-0.007993769,0.9998772,-0.00034277543,-0.01566791,-0.00013219278,0.0,0.0,-0.49159068
1777227534277000,0.005968865,0.99992305,6.757839e-05,-0.01240783,-0.00014624474,0.0,0.0,-0.49110118
1777227534333000,0.0,0.9998744,0.0002567718,-0.01584733,4.0696586e-06,0.0,0.0,-0.49166006
1777227534381000,-0.002792526,0.9998131,0.00024142714,-0.019333445,-9.0224166e-05,0.0,0.0,-0.49187848
1777227534429000,0.005585052,0.9998752,0.00033228038,-0.015796948,-1.7082166e-05,0.0,0.0,-0.49171355
1777227534485000,0.0,0.99980855,0.00015242326,-0.019566482,2.982958e-06,0.0,0.0,-0.49203634
1777227534533000,-0.007993769,0.99986935,0.00058847107,-0.016151505,-0.00011731268,0.0,0.0,-0.4913411
1777227534581000,0.010402484,0.9998076,0.000101460886,-0.019616254,-7.546549e-05,0.0,0.0,-0.49167132
1777227534637000,0.0,0.99991894,8.2240455e-05,-0.012731381,1.047119e-06,0.0,0.0,-0.490883
1777227534685000,0.0,0.9998046,0.00015649926,-0.019767987,3.0942801e-06,0.0,0.0,-0.4916527
1777227534733000,0.0,0.9998691,8.168858e-05,-0.01617952,1.3218552e-06,0.0,0.0,-0.49141964
1777227534781000,-0.005585054,0.9998077,7.76242e-05,-0.0196118,-2.0804682e-05,0.0,0.0,-0.4917649
1777227534837000,0.0027925281,0.99992096,1.4927397e-05,-0.01257264,-5.396041e-06,0.0,0.0,-0.49117953
1777227534877000,0.0,0.99991995,0.00013302627,-0.012655822,1.6836915e-06,0.0,0.0,-0.49122834
1777227534933000,0.0,0.999872,-0.00026144547,-0.015995132,-4.1823896e-06,0.0,0.0,-0.49146906
1777227534981000,-0.002792528,0.9998092,-0.000636329,-0.019523174,-5.1498577e-05,0.0,0.0,-0.49170944
1777227535029000,3.7252903e-09,0.99987304,-0.00062630547,-0.01592523,-9.975323e-06,0.0,0.0,-0.49132767
1777227535085000,0.0,0.9998031,-0.00053289154,-0.019835934,-1.0572483e-05,0.0,0.0,-0.49172193
1777227535133000,-0.00837758,0.9998698,-0.00042695674,-0.016128886,-5.7133104e-05,0.0,0.0,-0.49134693
1777227535181000,0.0,0.9998032,-0.00046230695,-0.0198347,-6.4989086e-05,0.0,0.0,-0.49185926
1777227535229000,0.0,0.99986285,-0.0006010563,-0.016548412,-9.94789e-06,0.0,0.0,-0.4916487
1777227535277000,-0.002792526,0.99991417,-0.0005572641,-0.013090103,-0.000102216785,0.0,0.0,-0.49119875
1777227535333000,-0.00837758,0.9998608,-0.0005127596,-0.016676055,-0.000114623756,0.0,0.0,-0.49136287
1777227535381000,0.009727247,0.99979883,-0.00062166486,-0.020047074,-8.019034e-05,0.0,0.0,-0.49173793
1777227535429000,-0.004235387,0.99986106,-0.0009535044,-0.016642349,-2.8712926e-05,0.0,0.0,-0.49118912
1777227535477000,0.0,0.99991363,-0.001016169,-0.013105772,-1.33188305e-05,0.0,0.0,-0.49055248
1777227535533000,0.0,0.99985915,-0.0010336955,-0.016754476,-1.7321467e-05,0.0,0.0,-0.490462
1777227535581000,0.0,0.99979806,-0.0013792994,-0.020051634,-2.7662798e-05,0.0,0.0,-0.49076122
1777227535637000,0.0,0.9999186,-0.001716256,-0.01264729,-2.1707758e-05,0.0,0.0,-0.49009246
1777227535685000,-0.00837758,0.9998079,-0.0020168107,-0.019496521,-8.956528e-05,0.0,0.0,-0.49106544
1777227535733000,0.005585054,0.9998765,-0.0024715567,-0.01552265,-0.00011653256,0.0,0.0,-0.49052808
1777227535781000,-0.0014740773,0.99981993,-0.0027292308,-0.018781431,-5.28235e-05,0.0,0.0,-0.49068615
1777227535837000,-0.010674,0.999928,-0.0029430813,-0.011632423,-0.00019674657,0.0,0.0,-0.48986757
1777227535885000,0.011666214,0.99982923,-0.003134018,-0.018212978,-0.00020368308,0.0,0.0,-0.49066016
1777227535933000,-0.0022964198,0.9998867,-0.0034029756,-0.014662095,-0.00010285146,0.0,0.0,-0.49056122
1777227535981000,-0.006972974,0.99982905,-0.0034703922,-0.018159278,-0.00027224573,0.0,0.0,-0.49105334
1777227536037000,0.0069896597,0.9999353,-0.0035043722,-0.010813985,-0.00024701384,0.0,0.0,-0.4902768
1777227536085000,-0.0032191612,0.9998405,-0.003670245,-0.017479515,-7.1582916e-05,0.0,0.0,-0.4908883
1777227536133000,-0.0047746077,0.9998958,-0.0035623005,-0.013987782,-0.00020609543,0.0,0.0,-0.4905292
1777227536181000,0.005585054,0.9998415,-0.0035629189,-0.017442005,-0.00021237996,0.0,0.0,-0.49090695
1777227536237000,-0.00837758,0.99993753,-0.0036207174,-0.01057035,-0.00021646448,0.0,0.0,-0.49017063
1777227536285000,0.0073504103,0.9998401,-0.003773375,-0.017481422,-0.00027132733,0.0,0.0,-0.4908284
1777227536333000,0.010142936,0.9999019,-0.003651712,-0.01352234,-0.00014689114,0.0,0.0,-0.49025533
1777227536381000,-0.0094047515,0.9998543,-0.003645974,-0.016671387,-0.00014795465,0.0,0.0,-0.49078268
1777227536429000,-0.0068720537,0.99990636,-0.003453161,-0.013238734,-0.00025598385,0.0,0.0,-0.4905617
1777227536485000,0.0,0.9998539,-0.003643022,-0.016698826,-0.0002334055,0.0,0.0,-0.49099082
1777227536533000,0.002792526,0.9999123,-0.0034544747,-0.012783719,-0.0002558432,0.0,0.0,-0.49061495
1777227536581000,0.0,0.9998629,-0.0035760303,-0.016168583,-0.00023039416,0.0,0.0,-0.49111813
1777227536629000,0.0,0.99991685,-0.003504076,-0.012408014,-0.00021607692,0.0,0.0,-0.4908526
1777227536677000,-0.005585054,0.9999558,-0.0031952432,-0.008838806,-0.00022319524,0.0,0.0,-0.49037293
1777227536733000,-0.005585051,0.9999189,-0.003070812,-0.012361796,-0.00023289378,0.0,0.0,-0.49052215
1777227536781000,0.0,0.9998701,-0.0031204235,-0.01580731,-0.0002933822,0.0,0.0,-0.4907287
1777227536829000,0.0,0.9999204,-0.0033472788,-0.012155713,-0.00033963713,0.0,0.0,-0.49042103
1777227536877000,0.0,0.99995923,-0.002993714,-0.008515705,-0.0002696098,0.0,0.0,-0.49021208
1777227536933000,-0.008209201,0.99992585,-0.0029789363,-0.011803936,-0.00025601935,0.0,0.0,-0.49083385
1777227536981000,0.0068705375,0.9998746,-0.002806525,-0.015583658,-0.0002501081,0.0,0.0,-0.49121743
1777227537037000,-0.0070920964,0.9999565,-0.0029393786,-0.008844989,-0.00023463297,0.0,0.0,-0.4907027
1777227537077000,-0.0042995703,0.9999566,-0.003026249,-0.008805497,-0.0002821729,0.0,0.0,-0.49095383
1777227537133000,0.0,0.9999192,-0.0029434683,-0.012366253,-0.0003353453,0.0,0.0,-0.49123093
1777227537181000,-0.00076179206,0.9998761,-0.0027482805,-0.015500107,-0.00021559134,0.0,0.0,-0.49149522
1777227537229000,0.0,0.9999278,-0.0026456078,-0.011717664,-0.00020360114,0.0,0.0,-0.49126607
1777227537277000,-0.005585054,0.99996465,-0.0027051636,-0.007958856,-0.00021648667,0.0,0.0,-0.49069604
1777227537333000,0.005585052,0.9999295,-0.0027771,-0.011544806,-0.00022699886,0.0,0.0,-0.49092272
1777227537381000,-0.00016838312,0.99988574,-0.0028778214,-0.014838557,-0.00028674828,0.0,0.0,-0.49131712
1777227537429000,0.0,0.99993664,-0.0028639752,-0.010885187,-0.00027527512,0.0,0.0,-0.4910786
1777227537477000,0.0,0.99997073,-0.0029128403,-0.0070680785,-0.00026471217,0.0,0.0,-0.49080843
1777227537533000,0.0,0.9999401,-0.0028665462,-0.0105593,-0.00020287588,0.0,0.0,-0.4910566
1777227537581000,0.0,0.99989986,-0.002838224,-0.013862053,-0.00028341878,0.0,0.0,-0.4913056
1777227537637000,0.00016838172,0.99997276,-0.0031216703,-0.006681648,-0.00019350155,0.0,0.0,-0.490575
1777227537677000,-0.00033676485,0.999971,-0.002947296,-0.0070241424,-0.00026474526,0.0,0.0,-0.49071604
1777227537733000,0.0001683808,0.99993956,-0.002756799,-0.010641828,-0.0002019643,0.0,0.0,-0.4911429
1777227537781000,-0.00016837893,0.9998993,-0.0028825246,-0.013888361,-0.00028408825,0.0,0.0,-0.49151036
1777227537829000,0.005585054,0.9999407,-0.0029020058,-0.010497219,-0.0002522295,0.0,0.0,-0.49088818
1777227537877000,0.002792528,0.9999715,-0.0027576964,-0.007020524,-0.0002243919,0.0,0.0,-0.49056092
1777227537933000,0.0,0.99993795,-0.002576342,-0.010833741,-0.0002720116,0.0,0.0,-0.49072945
1777227537981000,0.0,0.99989885,-0.0024943128,-0.013998479,-0.00027898973,0.0,0.0,-0.49090356
1777227538029000,0.00016838172,0.9999387,-0.0021991143,-0.010846727,-0.00019647837,0.0,0.0,-0.49039358
1777227538077000,-0.00033676485,0.99996954,-0.0024350053,-0.0074092713,-0.00026208223,0.0,0.0,-0.49007943
1777227538133000,0.0,0.9999362,-0.0025250886,-0.01101079,-0.00020040764,0.0,0.0,-0.49049476
1777227538181000,0.005416673,0.9998949,-0.002227387,-0.014322889,-0.000254965,0.0,0.0,-0.49107265
1777227538229000,0.002624147,0.9999358,-0.002427429,-0.0110650975,-0.00023656315,0.0,0.0,-0.49049598
1777227538285000,0.005753433,0.9998892,-0.0023385223,-0.014701748,-0.0002306621,0.0,0.0,-0.49071208
1777227538333000,-0.005921814,0.9999336,-0.0020929493,-0.011330883,-0.00024269994,0.0,0.0,-0.49056268
1777227538381000,0.0,0.9998864,-0.0020345266,-0.014933652,-0.0002744458,0.0,0.0,-0.49092552
1777227538437000,0.0,0.9999654,-0.0016568966,-0.0081447195,-0.0002576121,0.0,0.0,-0.49012217
1777227538477000,0.00016838172,0.99996567,-0.0015671065,-0.008135043,-0.00018538577,0.0,0.0,-0.49015364
1777227538533000,0.008040816,0.9999311,-0.0015707386,-0.0116348,-0.00021607165,0.0,0.0,-0.49041986
1777227538581000,0.0,0.999883,-0.0012581811,-0.015246462,-1.9185056e-05,0.0,0.0,-0.49097905
1777227538629000,0.0,0.9999298,-0.0008631324,-0.01181878,-1.02018885e-05,0.0,0.0,-0.49067935
1777227538685000,-0.004966106,0.99988073,-0.0012105046,-0.015397158,-0.0002450378,0.0,0.0,-0.49108034
1777227538733000,0.00837758,0.999924,-0.00085829076,-0.012299795,-0.00020438882,0.0,0.0,-0.4906161
1777227538781000,-0.0018145572,0.9998777,-0.0009996237,-0.015610181,-1.7963519e-05,0.0,0.0,-0.49126256
1777227538837000,-0.01033352,0.999962,-0.0007931787,-0.008679688,-0.00017452985,0.0,0.0,-0.49094188
1777227538877000,0.0036291135,0.9999599,-0.0009483753,-0.008903305,-0.00024312423,0.0,0.0,-0.49073625
1777227538933000,0.0062767323,0.99992245,-0.0008379596,-0.012424144,-3.8621503e-05,0.0,0.0,-0.49118063
1777227538981000,0.0,0.9998672,-0.0009786537,-0.016267776,-1.5922633e-05,0.0,0.0,-0.49135926
1777227539029000,0.0,0.9999178,-0.00080887106,-0.012793582,-1.03492075e-05,0.0,0.0,-0.49110585
1777227539077000,-0.002792526,0.9999552,-0.0007352667,-0.0094442675,-0.0001018776,0.0,0.0,-0.49081126
1777227539133000,0.0,0.9999167,-0.00074545055,-0.012887935,-9.608123e-06,0.0,0.0,-0.4910632
1777227539181000,0.0,0.99986845,-0.00060813717,-0.016209716,-9.859028e-06,0.0,0.0,-0.49165806
1777227539237000,-0.002792526,0.9999565,-0.00077654526,-0.0092962235,-0.00010215288,0.0,0.0,-0.4907599
1777227539277000,0.0015058629,0.9999559,-0.0003934226,-0.009385623,-0.00017467952,0.0,0.0,-0.49085048
1777227539333000,0.007993769,0.99991703,-0.0005078221,-0.012871732,-5.2290976e-05,0.0,0.0,-0.4910602
1777227539381000,0.0,0.9998692,-0.000581346,-0.016163748,-9.397959e-06,0.0,0.0,-0.49126953
1777227539429000,-0.002792526,0.9999149,-0.00038502825,-0.013043857,-9.9944366e-05,0.0,0.0,-0.49101883
1777227539477000,0.005585052,0.9999515,-0.00028425537,-0.009848113,-2.5136464e-05,0.0,0.0,-0.49083617
1777227539533000,0.0,0.9999112,-0.00019900686,-0.013325999,-2.6522007e-06,0.0,0.0,-0.4911094
1777227539581000,0.0,0.99985737,-5.8246078e-05,-0.016888011,-9.838008e-07,0.0,0.0,-0.49141026
1777227539629000,0.0,0.99991244,-0.00030820703,-0.013226265,-4.076784e-06,0.0,0.0,-0.49119082
1777227539677000,0.0,0.9999501,-7.776654e-05,-0.009990093,-7.7693375e-07,0.0,0.0,-0.490846
1777227539733000,0.0,0.99991024,-4.1739317e-05,-0.013399897,-5.5935277e-07,0.0,0.0,-0.49134097
1777227539781000,0.005585054,0.9998592,0.00016925552,-0.016776599,2.5170715e-05,0.0,0.0,-0.49157766
1777227539837000,-0.0027925281,0.99994683,0.00056045165,-0.010298077,1.1356052e-05,0.0,0.0,-0.49094635
1777227539877000,0.0,0.99994475,0.00077875576,-0.01048761,8.167738e-06,0.0,0.0,-0.4910588
1777227539933000,0.0,0.9998939,0.000961984,-0.014534005,1.3982963e-05,0.0,0.0,-0.49149257
1777227539981000,0.0,0.99983513,0.0009293542,-0.018136391,1.6857914e-05,0.0,0.0,-0.49194038
1777227540029000,0.0,0.99989265,0.0009360146,-0.014620541,1.3686507e-05,0.0,0.0,-0.49154153
1777227540077000,0.005585054,0.9999332,0.0010037179,-0.011517639,3.3897017e-05,0.0,0.0,-0.49101555
1777227540133000,0.0,0.99988353,0.0011247323,-0.015222664,1.7123417e-05,0.0,0.0,-0.49122503
1777227540181000,0.005585054,0.99982375,0.0012228407,-0.018734373,4.5241664e-05,0.0,0.0,-0.491681
1777227540229000,-0.0027925281,0.9998839,0.0013218692,-0.015183278,2.5655769e-05,0.0,0.0,-0.49124652
1777227540277000,0.011170106,0.99992585,0.0010658938,-0.012129732,0.00010227113,0.0,0.0,-0.4908965
1777227540333000,-0.011170104,0.99988,0.0014207346,-0.015424656,0.00011124598,0.0,0.0,-0.49132642
1777227540381000,0.0,0.9998207,0.0013632929,-0.01888711,2.575328e-05,0.0,0.0,-0.49161565
1777227540429000,0.0,0.9998782,0.0014824054,-0.015533432,2.3029646e-05,0.0,0.0,-0.4912382
1777227540477000,0.0,0.99992955,0.0014810141,-0.011775074,1.7440278e-05,0.0,0.0,-0.49092674
1777227540533000,-0.002792526,0.9998784,0.0013653666,-0.015533607,6.029292e-05,0.0,0.0,-0.4912196
1777227540581000,0.007497482,0.9998118,0.0018756993,-0.01930483,0.0002399848,0.0,0.0,-0.4915809
1777227540637000,-0.005585054,0.99992,0.0023067887,-0.0124361385,0.00025043936,0.0,0.0,-0.4907735
1777227540685000,0.00033676205,0.9998064,0.0023574708,-0.019531645,0.00028997462,0.0,0.0,-0.4913737
1777227540733000,0.0,0.999867,0.002603324,-0.016093472,0.00028594868,0.0,0.0,-0.4912348
1777227540781000,0.0,0.9997941,0.0028861905,-0.020082323,0.00030196726,0.0,0.0,-0.49165204
1777227540837000,-0.005585054,0.99991304,0.0028791395,-0.0128676845,0.0002587973,0.0,0.0,-0.49075082
1777227540877000,0.0027925272,0.9999114,0.0030958122,-0.012943382,0.0002785706,0.0,0.0,-0.4907184
1777227540933000,-0.00082566077,0.99985915,0.0028822573,-0.016532527,0.00029218727,0.0,0.0,-0.49089837
1777227540981000,0.005585054,0.9997919,0.0030832854,-0.020163426,0.0003285021,0.0,0.0,-0.49113905
1777227541029000,0.002792528,0.99985325,0.0031524396,-0.016835561,0.00033619782,0.0,0.0,-0.49062538
1777227541077000,0.0,0.9999058,0.0031513895,-0.013348446,0.00038724652,0.0,0.0,-0.49026906
1777227541133000,0.00039073173,0.9998608,0.0031285244,-0.016387079,0.0003962948,0.0,0.0,-0.49098372
1777227541181000,0.0,0.99979675,0.0032097378,-0.019901061,0.00040895373,0.0,0.0,-0.491264
1777227541237000,0.0,0.9999088,0.0035339645,-0.013030046,0.00039123307,0.0,0.0,-0.49036402
1777227541285000,0.0,0.99980193,0.0031124377,-0.01965442,0.00040625382,0.0,0.0,-0.49088097
1777227541333000,-0.002792526,0.9998669,0.0027636709,-0.016075058,0.00042864692,0.0,0.0,-0.49037513
1777227541381000,0.004960911,0.99980813,0.0025417127,-0.019421251,0.00037682927,0.0,0.0,-0.49072742
1777227541429000,0.005585054,0.99987006,0.0018806431,-0.016004086,0.00039756842,0.0,0.0,-0.49022487
1777227541477000,0.002792528,0.99992317,0.0016653279,-0.012278775,0.0004047257,0.0,0.0,-0.49002954
1777227541533000,0.0,0.9998785,0.0013010759,-0.015529529,0.0003653499,0.0,0.0,-0.49026677
1777227541581000,0.00075782277,0.9998211,0.001082744,-0.018876085,0.0004426687,0.0,0.0,-0.49057436
1777227541637000,-0.0015156395,0.9999318,0.0010514051,-0.011627999,0.0003590686,0.0,0.0,-0.490149
1777227541685000,0.0,0.99982744,0.00096005946,-0.018549124,0.00036290032,0.0,0.0,-0.49108118
1777227541733000,0.002792526,0.99989015,0.0005207768,-0.014812215,0.0003137856,0.0,0.0,-0.4909065
1777227541781000,0.0,0.9998312,0.0005998759,-0.01835925,0.00035610757,0.0,0.0,-0.49116305
1777227541837000,0.0025971655,0.99994034,0.00044654345,-0.010909167,0.00030865846,0.0,0.0,-0.49048272
1777227541877000,-0.00097203534,0.99994135,0.0003990346,-0.010813608,0.00038959124,0.0,0.0,-0.4903745
1777227541933000,0.0,0.9998985,0.00034415224,-0.014239936,0.00035006314,0.0,0.0,-0.4907093
1777227541981000,0.0025971693,0.99984854,-0.00036674735,-0.017396184,0.0002973221,0.0,0.0,-0.49120852
1777227542037000,-0.005194337,0.9999501,-0.00038740094,-0.009976908,0.00032202926,0.0,0.0,-0.4903286
1777227542085000,-0.0046082716,0.9998566,-0.00023224147,-0.016930575,0.0003101516,0.0,0.0,-0.49095282
1777227542133000,0.0,0.99991304,-0.0005125147,-0.013175891,0.00023732365,0.0,0.0,-0.49083468
1777227542181000,0.0,0.9998602,-0.0006898846,-0.016704492,0.00028735906,0.0,0.0,-0.49131346
1777227542229000,0.0015842621,0.99991596,-0.0008148116,-0.012940286,0.00023533174,0.0,0.0,-0.49121153
1777227542277000,0.005585054,0.99995387,-0.0011536718,-0.009529838,0.0002554499,0.0,0.0,-0.49088258
1777227542333000,-0.002792526,0.99991655,-0.0012717624,-0.012851319,0.00032167666,0.0,0.0,-0.49145532
1777227542381000,0.00046479842,0.999872,-0.0014651659,-0.015930032,0.00014937951,0.0,0.0,-0.49164096
1777227542429000,0.0,0.9999213,-0.0016317029,-0.012437598,0.00022378823,0.0,0.0,-0.49124622
1777227542477000,-0.0015842579,0.99995935,-0.0020885018,-0.008768084,0.00027886583,0.0,0.0,-0.49065813
1777227542533000,0.004000795,0.9999289,-0.0017714819,-0.01179063,0.00026659842,0.0,0.0,-0.49118435
1777227542581000,-0.013962634,0.9998836,-0.002151242,-0.015104903,0.0001268314,0.0,0.0,-0.4914478
1777227542629000,-0.0009709839,0.9999302,-0.0021728743,-0.011616036,-2.4566842e-05,0.0,0.0,-0.49087784
1777227542677000,0.008964753,0.9999636,-0.0024793814,-0.008162718,9.482464e-05,0.0,0.0,-0.49068055
1777227542733000,-0.00837758,0.99992776,-0.002598553,-0.011738345,9.183821e-05,0.0,0.0,-0.49097863
1777227542781000,0.0,0.99987596,-0.002665975,-0.015525036,7.534667e-05,0.0,0.0,-0.49118853
1777227542829000,-0.0014740746,0.99992496,-0.002929972,-0.01189662,0.00013618234,0.0,0.0,-0.49110416
1777227542885000,-0.007993769,0.999877,-0.0031452393,-0.01536541,-2.5845634e-06,0.0,0.0,-0.49129692
1777227542933000,0.0,0.99992937,-0.003122117,-0.011470617,-3.581513e-05,0.0,0.0,-0.4907071
1777227542981000,0.0,0.9998787,-0.0032360172,-0.0152364345,-4.9311344e-05,0.0,0.0,-0.49094525
1777227543029000,0.005585054,0.99992216,-0.0035359208,-0.011967221,-1.9982885e-05,0.0,0.0,-0.49051943
1777227543085000,-0.005968865,0.99987775,-0.0034822694,-0.015244735,9.3974144e-05,0.0,0.0,-0.49095276
1777227543133000,-0.002024904,0.9999246,-0.0035183015,-0.011763993,-3.8456412e-05,0.0,0.0,-0.4907594
1777227543181000,0.006352676,0.9998752,-0.0037631183,-0.015345779,-0.00010591421,0.0,0.0,-0.49114972
1777227543237000,0.0,0.9999543,-0.0040781316,-0.008643667,-3.5251625e-05,0.0,0.0,-0.49082056
1777227543277000,-0.002792526,0.99995387,-0.003999816,-0.008734946,-0.0001298756,0.0,0.0,-0.49066663
1777227543333000,-0.002792528,0.9999136,-0.0039646206,-0.012537736,-5.529546e-05,0.0,0.0,-0.4909264
1777227543381000,0.005585052,0.9998673,-0.003495831,-0.015911281,-0.00013379211,0.0,0.0,-0.49118695
1777227543429000,0.002792526,0.9999117,-0.0038787725,-0.012707253,-0.00011071413,0.0,0.0,-0.49052817
1777227543477000,0.0,0.9999482,-0.003951293,-0.009381362,-0.00013758898,0.0,0.0,-0.4903941
1777227543533000,0.0,0.9999089,-0.0043857684,-0.012761552,-0.00030005764,0.0,0.0,-0.4907889
1777227543581000,0.005585054,0.9998573,-0.0041881953,-0.016365096,-0.00029026324,0.0,0.0,-0.49111244
1777227543629000,-0.0027925272,0.9999061,-0.0041004764,-0.013072151,-0.0002921035,0.0,0.0,-0.49072406
1777227543677000,0.0,0.9999495,-0.003750701,-0.009318957,-0.00027906493,0.0,0.0,-0.49027133
1777227543733000,0.0024165357,0.99991083,-0.0039529474,-0.012752331,-0.00029867815,0.0,0.0,-0.49070004
1777227543781000,0.004752778,0.99985933,-0.0038442367,-0.01632197,-0.00034547521,0.0,0.0,-0.49122354
1777227543829000,-0.0002957075,0.999907,-0.003974391,-0.013039239,-0.00035070124,0.0,0.0,-0.49068123
1777227543885000,-0.0029878884,0.99985373,-0.004137916,-0.016592106,-0.00040740278,0.0,0.0,-0.49112958
1777227543933000,0.00039072288,0.999905,-0.004074114,-0.01316329,-0.00035267786,0.0,0.0,-0.49088317
1777227543981000,-0.002401805,0.99985725,-0.0043399357,-0.016325507,-0.00039800844,0.0,0.0,-0.49134603
1777227544029000,0.0,0.9999052,-0.0041104183,-0.013132722,-0.00039916663,0.0,0.0,-0.49090338
1777227544077000,0.0032947094,0.9999463,-0.004079416,-0.0095208585,-0.0004170392,0.0,0.0,-0.49042985
1777227544133000,0.0,0.99990284,-0.0038706993,-0.013385806,-0.00043773677,0.0,0.0,-0.4906825
1777227544181000,0.002290341,0.99984676,-0.003739858,-0.017096547,-0.00042085323,0.0,0.0,-0.4910377
1777227544237000,-0.0022652028,0.99993765,-0.0034594564,-0.010608782,-0.00045582367,0.0,0.0,-0.49055943
1777227544285000,-0.005313362,0.9998422,-0.0033900386,-0.017434599,-0.00042474928,0.0,0.0,-0.49131575
1777227544333000,-0.00016463036,0.99989843,-0.003273943,-0.01386059,-0.0005019801,0.0,0.0,-0.4908769
1777227544381000,0.0015140474,0.999843,-0.003347856,-0.017391413,-0.00050299504,0.0,0.0,-0.49102634
1777227544437000,0.0045582745,0.999939,-0.0028401725,-0.01066329,-0.00043112194,0.0,0.0,-0.49054286
1777227544477000,-0.00073897047,0.99993914,-0.0026189561,-0.0107086385,-0.00045044886,0.0,0.0,-0.49069616
1777227544533000,-0.0013494163,0.9998908,-0.002219985,-0.014603234,-0.00048771902,0.0,0.0,-0.49090073
1777227544581000,0.0041419473,0.9998304,-0.0022409777,-0.018271841,-0.0004758877,0.0,0.0,-0.4912463
1777227544637000,0.0,0.9999279,-0.0020551842,-0.011821642,-0.00044707363,0.0,0.0,-0.49057645
1777227544685000,0.0,0.99982065,-0.0018630004,-0.018844383,-0.00045775282,0.0,0.0,-0.49133468
1777227544733000,0.0,0.9998809,-0.0018746298,-0.015311025,-0.00048529136,0.0,0.0,-0.4909018
1777227544781000,0.0,0.99981326,-0.0021357338,-0.019199567,-0.0004975066,0.0,0.0,-0.49128786
1777227544829000,-0.0042356327,0.9998742,-0.0017246171,-0.015761921,-0.00046273795,0.0,0.0,-0.49091357
1777227544885000,0.0,0.99981016,-0.0016712896,-0.019407474,-0.00045506735,0.0,0.0,-0.4913501
1777227544933000,0.0,0.9998729,-0.00169557,-0.015845207,-0.00044957537,0.0,0.0,-0.4911243
1777227544981000,0.004141939,0.99981076,-0.0015023979,-0.01939056,-0.00046404364,0.0,0.0,-0.49141654
1777227545029000,-0.0041419473,0.9998761,-0.0015693594,-0.015657732,-0.00046887118,0.0,0.0,-0.4908816
1777227545077000,0.0,0.99992377,-0.0015237491,-0.01224371,-0.00047530088,0.0,0.0,-0.49061495
1777227545133000,0.001765752,0.999877,-0.0012262438,-0.015632194,-0.0004072824,0.0,0.0,-0.49100736
1777227545181000,-0.0025047262,0.99981767,-0.0008948982,-0.01907278,-0.00040737173,0.0,0.0,-0.4916681
1777227545229000,-0.0045582782,0.99987656,-0.00071831176,-0.015693218,-0.00041910633,0.0,0.0,-0.49143445
1777227545285000,0.0,0.9998226,-0.00052529486,-0.018822387,-0.00043252835,0.0,0.0,-0.4916364
1777227545333000,-0.001885521,0.9998769,-0.00028929627,-0.01568135,-0.00038786975,0.0,0.0,-0.49156526
1777227545381000,0.0028640362,0.99981534,-0.00012800907,-0.01921392,-0.00038239497,0.0,0.0,-0.4920435
1777227545429000,7.151021e-05,0.99987954,0.00018563289,-0.015513829,-0.00041477964,0.0,0.0,-0.49192095
1777227545485000,-0.0024896264,0.99982274,0.00015397636,-0.018824337,-0.00037847922,0.0,0.0,-0.4919134
1777227545533000,-0.0009087019,0.9998795,0.0005074461,-0.015510483,-0.0003774181,0.0,0.0,-0.49162066
1777227545581000,0.005585054,0.99982136,0.0004738059,-0.0188925,-0.00031380085,0.0,0.0,-0.49212614
1777227545629000,0.002792528,0.9998827,0.0006433944,-0.01530132,-0.00029621818,0.0,0.0,-0.49171412
1777227545685000,0.0,0.99981314,0.0005760791,-0.019319424,-0.000287711,0.0,0.0,-0.49208942
1777227545733000,0.0,0.99986964,0.0009945137,-0.016112182,-0.0002828678,0.0,0.0,-0.49157265
1777227545781000,0.0,0.99980646,0.0011925654,-0.019634945,-0.00027541677,0.0,0.0,-0.49173793
1777227545837000,0.002792526,0.9999133,0.0015785206,-0.013078501,-0.0001833655,0.0,0.0,-0.49085686
1777227545885000,0.0,0.9997937,0.001391899,-0.020262195,-0.00021578175,0.0,0.0,-0.4915309
1777227545933000,0.0001683808,0.9998656,0.0013834992,-0.016338987,-0.00014997684,0.0,0.0,-0.49118704
1777227545981000,-0.00016837893,0.9998039,0.0015531584,-0.019741494,-0.00021331018,0.0,0.0,-0.49137917
1777227546029000,0.005585054,0.99986595,0.0014685714,-0.016306907,-0.00019776111,0.0,0.0,-0.49094424
1777227546085000,0.00837758,0.9998065,0.0012642193,-0.019630464,-9.747536e-05,0.0,0.0,-0.49117315
1777227546133000,0.004079192,0.99987143,0.0009447359,-0.01601035,3.2146954e-06,0.0,0.0,-0.4909343
1777227546181000,0.0,0.99980146,0.001137829,-0.019894512,2.2641047e-05,0.0,0.0,-0.49112642
1777227546229000,-0.005585054,0.9998756,0.0010904204,-0.015737228,-5.169601e-06,0.0,0.0,-0.49041396
1777227546277000,0.0027925281,0.99992585,0.0008721951,-0.012146424,5.0110143e-06,0.0,0.0,-0.49013036
1777227546333000,-0.0024087168,0.9998798,0.00071342697,-0.0154889105,-0.00015736603,0.0,0.0,-0.4905343
1777227546381000,0.004817432,0.99982864,0.00039214545,-0.018510332,-9.352702e-06,0.0,0.0,-0.49088147
1777227546429000,-0.005585054,0.99989283,0.00020710834,-0.014638833,-1.9300887e-05,0.0,0.0,-0.49090543
1777227546485000,0.0,0.9998458,7.0230475e-05,-0.017560177,1.2334493e-06,0.0,0.0,-0.49119645
1777227546533000,0.0,0.99990493,8.5619446e-05,-0.013786658,1.1805182e-06,0.0,0.0,-0.4907155
1777227546581000,0.0,0.99984956,-6.7073204e-05,-0.017344167,-1.1635037e-06,0.0,0.0,-0.49090892
1777227546637000,0.0,0.9999449,6.0435454e-05,-0.010493615,6.342212e-07,0.0,0.0,-0.49040088
1777227546685000,0.0,0.99984795,-5.5252203e-05,-0.017437603,-9.636125e-07,0.0,0.0,-0.4911188
1777227546733000,0.002792526,0.999906,-6.869424e-05,-0.013710885,-4.002631e-05,0.0,0.0,-0.49075025
1777227546781000,-0.010786297,0.999853,0.00013391621,-0.017144164,-8.697248e-05,0.0,0.0,-0.49117702
1777227546829000,0.003176337,0.99990267,5.021962e-05,-0.013951219,-0.0001646587,0.0,0.0,-0.4908562
1777227546877000,0.004817432,0.9999473,-0.00013891523,-0.010263135,-1.8044391e-05,0.0,0.0,-0.49055648
1777227546933000,0.0,0.99990654,-4.1217354e-05,-0.013672902,-5.636136e-07,0.0,0.0,-0.49070993
1777227546981000,0.0,0.99985284,-0.0001520648,-0.017156176,-2.6092346e-06,0.0,0.0,-0.49095392
1777227547037000,0.0,0.9999458,0.000136308,-0.010410212,1.419072e-06,0.0,0.0,-0.49033457
1777227547077000,0.0,0.99994594,-3.255476e-05,-0.010396728,-3.384813e-07,0.0,0.0,-0.49031544
1777227547133000,0.0,0.9999023,-0.00017820975,-0.013975783,-2.490864e-06,0.0,0.0,-0.49050573
1777227547181000,0.002792526,0.9998562,-0.00019742167,-0.016958281,9.155654e-05,0.0,0.0,-0.4908788
1777227547229000,-0.005585052,0.9999088,-0.00022295183,-0.013504455,1.9322973e-05,0.0,0.0,-0.4907733
1777227547277000,0.0,0.9999491,-0.00048591202,-0.010082559,-4.899486e-06,0.0,0.0,-0.49051565
1777227547333000,0.0,0.99991024,-0.00034470667,-0.013395528,-4.6179425e-06,0.0,0.0,-0.49086165
1777227547381000,0.0,0.99985737,-0.0002551992,-0.01688971,-4.3108553e-06,0.0,0.0,-0.49137715
1777227547429000,0.0,0.999913,-0.0005312123,-0.013180804,-7.002415e-06,0.0,0.0,-0.4912429
1777227547477000,0.0,0.99995816,-0.00039768848,-0.009144188,-3.6366905e-06,0.0,0.0,-0.49100223
1777227547533000,0.0,0.9999247,-0.0006836777,-0.012253716,-8.378222e-06,0.0,0.0,-0.49119052
1777227547581000,0.0,0.9998738,-0.0007325729,-0.015869131,-1.1626764e-05,0.0,0.0,-0.4913233
1777227547637000,0.0,0.999959,-0.001044992,-0.00899412,-9.399169e-06,0.0,0.0,-0.490588
1777227547677000,0.0,0.9999606,-0.0008754152,-0.00883183,-7.731822e-06,0.0,0.0,-0.4905168
1777227547733000,0.0,0.99992883,-0.0011231677,-0.011877475,-1.3341345e-05,0.0,0.0,-0.49066398
1777227547781000,0.0,0.99988073,-0.0010382253,-0.015409734,-1.6000684e-05,0.0,0.0,-0.49110934
1777227547829000,0.0,0.9999278,-0.0014620876,-0.011923303,-1.7434171e-05,0.0,0.0,-0.49085715
1777227547885000,0.0,0.99988186,-0.0016142575,-0.015288119,-2.4681878e-05,0.0,0.0,-0.49113873
1777227547933000,0.0,0.9999305,-0.00164733,-0.011674088,-1.9232411e-05,0.0,0.0,-0.4908099
1777227547981000,0.0,0.9998863,-0.001583962,-0.0149970865,-2.3757517e-05,0.0,0.0,-0.4912149
1777227548029000,0.0,0.999933,-0.0018953554,-0.011417926,-2.1642478e-05,0.0,0.0,-0.49084312
1777227548077000,0.0,0.99996495,-0.0016940215,-0.008197289,-1.3886871e-05,0.0,0.0,-0.49061662
1777227548133000,-0.002792526,0.99993175,-0.0017570966,-0.011550208,1.8791414e-05,0.0,0.0,-0.49095201
1777227548181000,0.0,0.9998888,-0.0019363222,-0.014789352,-2.864014e-05,0.0,0.0,-0.49134013
1777227548229000,0.002792526,0.99993765,-0.0021493046,-0.0109591605,7.137298e-05,0.0,0.0,-0.49102047
1777227548277000,-0.005585052,0.9999683,-0.0022377886,-0.0076447004,5.230531e-06,0.0,0.0,-0.49098152
1777227548333000,0.0,0.9999368,-0.002408629,-0.01098271,-2.6454945e-05,0.0,0.0,-0.49132824
1777227548381000,0.005585054,0.9998986,-0.0022750988,-0.014059109,-9.655454e-06,0.0,0.0,-0.4916471
1777227548429000,-0.0027925281,0.99994206,-0.0023207634,-0.01050979,-1.8808003e-05,0.0,0.0,-0.4915843
1777227548477000,0.0,0.99997175,-0.002828684,-0.006970878,-1.9718967e-05,0.0,0.0,-0.4910802
1777227548533000,0.0,0.9999377,-0.0030150518,-0.010746309,-3.2402695e-05,0.0,0.0,-0.49123475
1777227548581000,0.0,0.9998961,-0.003197231,-0.014057706,-4.4950404e-05,0.0,0.0,-0.4913891
1777227548629000,-0.002792526,0.99993795,-0.002944668,-0.010742255,-0.00012656423,0.0,0.0,-0.4911141
1777227548677000,0.005585052,0.999972,-0.0036385274,-0.0065436447,-4.614881e-05,0.0,0.0,-0.49075666
1777227548733000,0.0,0.99994427,-0.0041392124,-0.009710706,-4.019691e-05,0.0,0.0,-0.4909692
1777227548781000,-0.007993769,0.9999,-0.004383381,-0.013448009,-0.0001857887,0.0,0.0,-0.49118283
1777227548829000,-0.005585054,0.9999448,-0.004210017,-0.009624641,-0.00023547048,0.0,0.0,-0.49073088
1777227548877000,0.002792529,0.99997014,-0.004492619,-0.0062833615,-0.00020643944,0.0,0.0,-0.49052417
1777227548933000,-0.00016838312,0.9999412,-0.0044062254,-0.009908843,-0.00028774992,0.0,0.0,-0.491007
1777227548981000,0.0015842589,0.9999017,-0.004357795,-0.013318302,-0.00035518027,0.0,0.0,-0.4915086
1777227549029000,0.0,0.99993914,-0.0039751893,-0.010282596,-0.0003860927,0.0,0.0,-0.4912816
1777227549077000,0.0,0.99996877,-0.0038571057,-0.0068919514,-0.00032557469,0.0,0.0,-0.49110296
1777227549133000,0.0067524468,0.99993926,-0.0036604044,-0.010387344,-0.00039133418,0.0,0.0,-0.49134657
1777227549181000,-0.004224804,0.9998887,-0.0035504065,-0.014485827,-0.00042455803,0.0,0.0,-0.49145567
1777227549229000,0.0,0.99993396,-0.003793503,-0.0108376555,-0.0004270704,0.0,0.0,-0.49107546
1777227549277000,-0.0029974307,0.99996585,-0.0035605773,-0.007444502,-0.0004767836,0.0,0.0,-0.49078074
1777227549333000,-0.0051383157,0.99993473,-0.0034119363,-0.01089423,-0.000506464,0.0,0.0,-0.49103
1777227549381000,0.0,0.99988914,-0.0034271372,-0.014484651,-0.00047237973,0.0,0.0,-0.49131116
1777227549429000,-0.0069344705,0.99993163,-0.0031520603,-0.01124985,-0.00052394904,0.0,0.0,-0.4910239
1777227549477000,0.0065756594,0.99996537,-0.003353844,-0.0075950325,-0.00051314716,0.0,0.0,-0.49041346
1777227549533000,-0.0046906094,0.9999283,-0.0031727306,-0.011538369,-0.0005386559,0.0,0.0,-0.4907491
1777227549581000,0.0,0.99987644,-0.002725256,-0.015473384,-0.0005598906,0.0,0.0,-0.49114075
1777227549637000,0.0,0.9999587,-0.002785556,-0.008634507,-0.00054189755,0.0,0.0,-0.49070635
1777227549685000,0.0028726188,0.9998708,-0.002754,-0.015828248,-0.00059521623,0.0,0.0,-0.49104434
1777227549733000,0.0,0.9999241,-0.0026502176,-0.012016738,-0.00057764817,0.0,0.0,-0.49066535
1777227549781000,-0.0028468021,0.99987835,-0.0029123717,-0.015309383,-0.00063660205,0.0,0.0,-0.49091312
1777227549837000,-0.0026839706,0.9999587,-0.0033288237,-0.008438197,-0.00060575176,0.0,0.0,-0.49014717
1777227549877000,0.00341315,0.99995923,-0.0033709467,-0.0083539495,-0.00063446513,0.0,0.0,-0.49001065
1777227549933000,0.0025528895,0.9999264,-0.0034982583,-0.011602933,-0.0006431625,0.0,0.0,-0.490272
1777227549981000,0.0,0.9998753,-0.003735241,-0.015329277,-0.00070297776,0.0,0.0,-0.4906944
1777227550029000,0.0023717082,0.9999256,-0.003632924,-0.011621894,-0.00069206115,0.0,0.0,-0.49009234
1777227550077000,-0.002129599,0.999958,-0.003771775,-0.0083234515,-0.00073986495,0.0,0.0,-0.4898755
1777227550133000,0.0,0.999921,-0.0037015236,-0.011989345,-0.0007766513,0.0,0.0,-0.49027163
1777227550181000,0.0034442714,0.9998756,-0.003876864,-0.0152657945,-0.00082247367,0.0,0.0,-0.49065277
1777227550229000,-0.001838069,0.99992,-0.004051431,-0.011951966,-0.0008555632,0.0,0.0,-0.49028555
1777227550277000,0.0,0.9999578,-0.004051098,-0.008203861,-0.0008242687,0.0,0.0,-0.49000132
1777227550333000,0.0,0.9999237,-0.0040811347,-0.011621876,-0.00087519427,0.0,0.0,-0.49031347
1777227550381000,-0.0013935238,0.9998795,-0.004237653,-0.014909017,-0.00092468364,0.0,0.0,-0.49044585
1777227550437000,-0.0012579153,0.9999586,-0.004094657,-0.008070352,-0.0009288633,0.0,0.0,-0.48973325
1777227550477000,0.0013706794,0.9999564,-0.0042203274,-0.008278053,-0.0009496879,0.0,0.0,-0.49014112
1777227550533000,-0.0010047618,0.99991846,-0.0037324366,-0.012171032,-0.001005684,0.0,0.0,-0.49067742
1777227550581000,-0.00096847,0.9998701,-0.0035002485,-0.015699117,-0.0010304936,0.0,0.0,-0.49101207
1777227550629000,-0.003647041,0.9999176,-0.003480157,-0.012312298,-0.0010248123,0.0,0.0,-0.49061522
1777227550685000,0.0,0.9998687,-0.0032684018,-0.015837705,-0.0010431068,0.0,0.0,-0.4908522
1777227550733000,0.0,0.9999159,-0.0032653606,-0.012511135,-0.0010472434,0.0,0.0,-0.4905219
1777227550781000,0.0029447575,0.99986345,-0.0027820605,-0.016254425,-0.0010886951,0.0,0.0,-0.4908355
1777227550837000,-0.0007754641,0.99994814,-0.0024670402,-0.009824618,-0.0010594625,0.0,0.0,-0.49036995
1777227550877000,-0.0007754897,0.99994653,-0.0022908621,-0.010031931,-0.0010581998,0.0,0.0,-0.49040502
1777227550933000,0.0,0.99990135,-0.0021826054,-0.013832409,-0.0010656996,0.0,0.0,-0.49066895
1777227550981000,0.0054328074,0.9998408,-0.0016905463,-0.017733503,-0.001057257,0.0,0.0,-0.4911299
1777227551029000,0.0,0.9998877,-0.0014417832,-0.014882821,-0.0010424354,0.0,0.0,-0.49084014
1777227551077000,0.003442419,0.99992996,-0.0013116249,-0.011716557,-0.0010302654,0.0,0.0,-0.4903576
1777227551133000,0.0,0.99987674,-0.00068708655,-0.015654687,-0.0010170051,0.0,0.0,-0.49086204
1777227551181000,0.003647041,0.99980664,-0.0006597153,-0.019631239,-0.0009831012,0.0,0.0,-0.49131662
1777227551229000,0.0,0.9998598,-0.00034926037,-0.016713303,-0.00096661807,0.0,0.0,-0.49120197
1777227551277000,0.0,0.9999127,-0.00040449173,-0.013168338,-0.0009816355,0.0,0.0,-0.49096605
1777227551333000,0.0,0.99985296,-0.00028334738,-0.017121471,-0.0009179411,0.0,0.0,-0.4910766
1777227551381000,0.0,0.99978745,-8.7433946e-05,-0.020597527,-0.00091471034,0.0,0.0,-0.4917215
1777227551429000,0.0,0.9998542,9.961734e-05,-0.017054642,-0.00089493935,0.0,0.0,-0.4914845
1777227551477000,0.0013240466,0.9999034,0.00030940538,-0.013871816,-0.00085988117,0.0,0.0,-0.49123377
1777227551533000,0.0,0.9998506,0.00046014434,-0.017260669,-0.00085483823,0.0,0.0,-0.49163035
1777227551581000,0.0,0.9997854,0.0003833255,-0.02069592,-0.00081945426,0.0,0.0,-0.49199283
1777227551629000,0.0,0.99985284,0.00018288713,-0.017138496,-0.00078762264,0.0,0.0,-0.49152607
1777227551677000,0.001711609,0.999903,0.00010352401,-0.013902776,-0.0007724748,0.0,0.0,-0.49116218
1777227551733000,0.0008143252,0.9998504,0.00010091649,-0.017281171,-0.00075088535,0.0,0.0,-0.49142945
1777227551781000,0.0020061238,0.999786,4.977626e-05,-0.020675635,-0.0007131807,0.0,0.0,-0.49159145
1777227551837000,0.004365327,0.99991125,-0.00048719358,-0.0132939415,-0.0007250607,0.0,0.0,-0.49080488
1777227551885000,0.0,0.9997958,-0.00047485912,-0.02019327,-0.00069970253,0.0,0.0,-0.49161464
1777227551933000,0.0,0.9998676,-0.00088126486,-0.016233921,-0.0006826509,0.0,0.0,-0.4911254
1777227551981000,0.002296506,0.9998023,-0.0008769774,-0.019856002,-0.0006432627,0.0,0.0,-0.49121645
1777227552029000,-0.005585054,0.99986553,-0.00068632024,-0.01637035,-0.0006557569,0.0,0.0,-0.49069715
1777227552077000,0.0,0.9999197,-0.0006116781,-0.012639374,-0.00065351266,0.0,0.0,-0.49043816
1777227552133000,-0.003776156,0.9998686,-0.0005704279,-0.016193612,-0.00062122423,0.0,0.0,-0.49099004
1777227552181000,0.0013143225,0.999809,-0.00021142355,-0.019534685,-0.0005229713,0.0,0.0,-0.49131176
1777227552229000,0.0035095918,0.99997187,-0.00023969669,-0.007483363,-0.00049885496,0.0,0.0,-0.49078703
1777227552285000,-0.0045783385,0.9999917,-0.000339087,0.0040306943,-0.00047037957,0.0,0.0,-0.49062505
1777227552333000,0.003974574,0.99985945,-0.0004472189,0.016754605,-0.00042650106,0.0,0.0,-0.49058238
1777227552381000,0.0,0.9996179,-0.00010302231,0.027640583,-0.0003827291,0.0,0.0,-0.49081537
1777227552429000,0.0016251309,0.9991734,-0.000118248,0.040650163,-0.00029534442,0.0,0.0,-0.49109024
1777227552477000,0.0,0.99856776,-0.0001166003,0.053500105,-0.0002914776,0.0,0.0,-0.49157104
1777227552533000,0.0,0.99778837,-0.00031111,0.066469446,-0.00022179453,0.0,0.0,-0.49265963
1777227552581000,-0.0027925272,0.99694204,6.793051e-05,0.07814442,-0.00024168953,0.0,0.0,-0.49393493
1777227552629000,0.011170107,0.99655575,-3.8718452e-05,0.082925186,-0.0001499568,0.0,0.0,-0.49372527
1777227552677000,-0.002792527,0.99625015,-3.2288754e-05,0.08651969,-6.740006e-05,0.0,0.0,-0.49320164
1777227552733000,-0.02513274,0.9962998,-0.00044699805,0.08594414,-0.0004734939,0.0,0.0,-0.47879523
1777227552781000,-0.028930886,0.9963543,-0.00058486755,0.08529991,-0.0013408994,0.0,0.0,-0.4656348
1777227552837000,-0.014968252,0.9958916,-0.0005624102,0.09053477,-0.0017714644,0.0,0.0,-0.45930737
1777227552877000,-0.0010056188,0.9957986,-0.0003130428,0.09154944,-0.0019510203,0.0,0.0,-0.45118824
1777227552933000,0.0,0.9957665,-0.00046935247,0.09189708,-0.0019370065,0.0,0.0,-0.4367465
1777227552981000,0.0,0.9955596,-0.0009555216,0.09411001,-0.0018887501,0.0,0.0,-0.42292902
1777227553037000,0.0,0.99430996,-0.0008757945,0.106505536,-0.0018777194,0.0,0.0,-0.42145893
1777227553077000,0.0,0.9931931,-0.0007981143,0.11646194,-0.0018711936,0.0,0.0,-0.4149109
1777227553133000,0.0,0.99132705,-0.001282159,0.1313998,-0.0017835476,0.0,0.0,-0.4006411
1777227553181000,0.0,0.9894058,-0.0012442679,0.14516035,-0.001759308,0.0,0.0,-0.38669512
1777227553229000,0.0,0.9875503,-0.0014469661,0.15728775,-0.0017001503,0.0,0.0,-0.3929994
1777227553277000,0.0,0.98561376,-0.0015442071,0.16899824,-0.0016540738,0.0,0.0,-0.39999956
1777227553333000,0.0,0.9840956,-0.001792082,0.17762385,-0.0015861635,0.0,0.0,-0.39646602
1777227553381000,0.0,0.9843967,-0.0016071245,0.1759488,-0.0016242,0.0,0.0,-0.38955185
1777227553429000,0.0,0.98445106,-0.00161812,0.17564398,-0.0016230827,0.0,0.0,-0.39382753
1777227553485000,0.0,0.9842857,-0.0019679454,0.17656563,-0.0015577651,0.0,0.0,-0.39778778
1777227553533000,0.0,0.9844264,-0.001977289,0.17577943,-0.0015585744,0.0,0.0,-0.41202945
1777227553581000,0.0,0.98582774,-0.0019593388,0.16774191,-0.0015867692,0.0,0.0,-0.4178025
1777227553629000,0.0,0.9863376,-0.0022124052,0.1647146,-0.0015537956,0.0,0.0,-0.43147448
1777227553677000,0.0,0.9868423,-0.002173263,0.16166346,-0.0015703015,0.0,0.0,-0.44456682
1777227553733000,0.0,0.9877426,-0.0023539918,0.15606603,-0.0015598533,0.0,0.0,-0.4537691
1777227553781000,0.0,0.9885856,-0.002025882,0.15063794,-0.0016281998,0.0,0.0,-0.46149847
1777227553837000,0.0,0.9892414,-0.001971006,0.14626977,-0.0016494393,0.0,0.0,-0.4777309
1777227553877000,0.0,0.989946,-0.0018800929,0.14142367,-0.0016765516,0.0,0.0,-0.48553097
1777227553933000,0.0,0.99097294,-0.0021156382,0.13403475,-0.001665213,0.0,0.0,-0.4952822
1777227553981000,0.0,0.99187356,-0.0017483946,0.12720399,-0.001732585,0.0,0.0,-0.50405747
1777227554029000,0.0,0.9925796,-0.0017094602,0.121571966,-0.0017517044,0.0,0.0,-0.5090965
1777227554077000,0.0,0.99324584,-0.0019285387,0.115999974,-0.0017398797,0.0,0.0,-0.5106368
1777227554133000,0.0,0.99413216,-0.0014761661,0.10814726,-0.0018098761,0.0,0.0,-0.5071065
1777227554181000,0.0,0.99484545,-0.0013514257,0.10137699,-0.0018370554,0.0,0.0,-0.5037685
1777227554237000,0.0,0.9954228,-0.0013453724,0.09554234,-0.0018491226,0.0,0.0,-0.50792444
1777227554285000,0.0,0.99611,-0.0012955938,0.08808905,-0.0018678271,0.0,0.0,-0.502548
1777227554333000,0.0,0.9965658,-0.0011810473,0.082774505,-0.0018870509,0.0,0.0,-0.50443494
1777227554381000,0.0,0.9970967,-0.0010556304,0.076114066,-0.0019077668,0.0,0.0,-0.50161636
1777227554429000,0.0,0.9974795,-0.000979486,0.07092335,-0.0019210118,0.0,0.0,-0.49880958
1777227554477000,0.0,0.9978002,-0.0011317653,0.066256635,-0.0019174374,0.0,0.0,-0.5010195
1777227554533000,0.0,0.9982443,-0.0013097277,0.05918621,-0.0019176137,0.0,0.0,-0.49804553
1777227554581000,0.0,0.99857974,-0.0012582812,0.053228777,-0.0019302157,0.0,0.0,-0.49516672
1777227554629000,0.0,0.99882406,-0.0013175181,0.04842539,-0.0019348835,0.0,0.0,-0.49760467
1777227554677000,0.0,0.99902576,-0.0012921676,0.044069566,-0.0019429734,0.0,0.0,-0.49965647
1777227554733000,0.0,0.9992839,-0.0011309278,0.037770882,-0.00195878,0.0,0.0,-0.49727428
1777227554781000,0.0,0.999466,-0.0010707828,0.032600097,-0.0019676965,0.0,0.0,-0.49432957
1777227554829000,0.0,0.999586,-0.0010525802,0.028687213,-0.0019731366,0.0,0.0,-0.49651936
1777227554885000,0.0,0.99973196,-0.0010263679,0.023043603,-0.0019805657,0.0,0.0,-0.4938985
1777227554933000,0.0,0.99980354,-0.0008369682,0.019703295,-0.0019881583,0.0,0.0,-0.49604604
1777227554981000,0.0,0.9998759,-0.0008083245,0.015606942,-0.0019924708,0.0,0.0,-0.49321577
1777227555029000,0.0,0.999923,-0.0007219597,0.012228387,-0.0019965416,0.0,0.0,-0.4953379
1777227555085000,0.0,0.9999677,-0.0009414655,0.007732475,-0.001998361,0.0,0.0,-0.4929416
1777227555133000,0.0,0.9999843,-0.00063554815,0.0051860395,-0.0020024434,0.0,0.0,-0.49508694
1777227555181000,0.0,0.9999959,-0.0010993957,0.0017215268,-0.00200392,0.0,0.0,-0.4923941
1777227555229000,0.0,0.9999974,-0.00083160686,-0.00072823424,-0.0020064244,0.0,0.0,-0.49456728
1777227555277000,0.0,0.99999255,-0.0008412804,-0.0031750107,-0.0020084619,0.0,0.0,-0.49701262
1777227555333000,0.0,0.9999755,-0.0011283562,-0.0066104857,-0.0020131492,0.0,0.0,-0.49457574
1777227555381000,0.0,0.99995667,-0.0010834562,-0.00902596,-0.0020153562,0.0,0.0,-0.4919367
1777227555437000,0.0,0.9999343,-0.0008707614,-0.011247119,-0.002015234,0.0,0.0,-0.49652737
1777227555477000,0.0,0.9999133,-0.00042693294,-0.01301167,-0.0020108663,0.0,0.0,-0.49641582
1777227555533000,0.0,0.9998772,-0.000598483,-0.015527404,-0.0020143888,0.0,0.0,-0.4941191
1777227555581000,0.0,0.9998467,-0.0005773558,-0.017384473,-0.0020149492,0.0,0.0,-0.49138287
1777227555637000,0.0,0.9998169,-0.0005625736,-0.019019775,-0.0020154335,0.0,0.0,-0.49583393
1777227555677000,0.0,0.999793,-0.0007534112,-0.020231256,-0.0020198342,0.0,0.0,-0.4956996
1777227555733000,0.0,0.9997597,-0.00078859186,-0.02181689,-0.0020215968,0.0,0.0,-0.49318793
1777227555781000,0.0,0.99973166,-0.00047132815,-0.023071967,-0.002015096,0.0,0.0,-0.4905787
1777227555837000,0.0,0.999717,-0.0009495891,-0.023683997,-0.0020266292,0.0,0.0,-0.49530426
1777227555885000,0.0,0.9996899,-0.00080808,-0.024806473,-0.0020240203,0.0,0.0,-0.49045464
1777227555933000,0.0,0.9996761,-0.0009546841,-0.025351519,-0.002028097,0.0,0.0,-0.49296325
1777227555981000,0.0,0.9996647,-0.00094444474,-0.025795897,-0.0020281887,0.0,0.0,-0.49042845
1777227556029000,0.0,0.9996695,-0.0009237472,-0.02561288,-0.002027514,0.0,0.0,-0.4931502
1777227556077000,0.0,0.99966574,-0.0015937294,-0.025725737,-0.002044844,0.0,0.0,-0.49579552
1777227556133000,0.0,0.99966973,-0.0011213663,-0.02559451,-0.0020325598,0.0,0.0,-0.49394396
1777227556181000,0.0,0.99967116,-0.0010334078,-0.025542269,-0.0020302613,0.0,0.0,-0.49194667
1777227556237000,0.0,0.99969226,-0.0010448559,-0.024701295,-0.0020298017,0.0,0.0,-0.49706313
1777227556277000,0.0,0.99969554,-0.0007799603,-0.024579871,-0.0020231793,0.0,0.0,-0.49768463
1777227556333000,0.0,0.99970466,-0.00070506247,-0.024207694,-0.00202113,0.0,0.0,-0.49591848
1777227556381000,0.0,0.99971676,-0.0010180202,-0.02369059,-0.0020282562,0.0,0.0,-0.49425814
1777227556437000,0.0,0.99974823,-0.0010655147,-0.022319788,-0.00202811,0.0,0.0,-0.49906442
1777227556485000,0.0,0.9997582,-0.0008212332,-0.021883886,-0.0020223553,0.0,0.0,-0.4952062
1777227556533000,0.0,0.9997824,-0.000731579,-0.020751266,-0.002019709,0.0,0.0,-0.4977857
1777227556581000,0.0,0.99979985,-0.0008608845,-0.019885946,-0.0020217535,0.0,0.0,-0.4958172
1777227556629000,0.0,0.9998229,-0.0008482821,-0.018689802,-0.0020206266,0.0,0.0,-0.49811023
1777227556677000,0.0,0.99984664,-0.00084127765,-0.017375419,-0.002019532,0.0,0.0,-0.5002979
1777227556733000,0.0,0.9998638,-0.00082566816,-0.016357535,-0.0020185232,0.0,0.0,-0.4980098
1777227556781000,0.0,0.9998795,-0.00077018037,-0.0153732,-0.0020169509,0.0,0.0,-0.49578947
1777227556829000,0.0,0.9999003,-0.000756966,-0.013956406,-0.0020158,0.0,0.0,-0.49783406
1777227556877000,0.0,0.99991775,-0.0005294749,-0.012654861,-0.0020120393,0.0,0.0,-0.49964088
1777227556933000,0.0,0.9999313,-0.00048305892,-0.011540869,-0.0020109948,0.0,0.0,-0.49735618
1777227556981000,0.0,0.9999453,-0.00046542427,-0.0102593275,-0.0020102784,0.0,0.0,-0.49494472
1777227557029000,0.0,0.999961,-0.0003355101,-0.008592265,-0.002008481,0.0,0.0,-0.49676657
1777227557077000,0.0,0.9999727,-0.00023347954,-0.007109841,-0.0020073282,0.0,0.0,-0.49868473
1777227557133000,0.0,0.99998015,-0.000598018,-0.00593518,-0.002009264,0.0,0.0,-0.49583212
1777227557181000,0.0,0.99998885,-0.0007853708,-0.0042014294,-0.0020090675,0.0,0.0,-0.49324423
1777227557229000,0.0,0.9999935,-0.00082976214,-0.002883019,-0.0020081883,0.0,0.0,-0.49484983
1777227557285000,0.0,0.99999624,-0.00079431164,-0.001672225,-0.0020071408,0.0,0.0,-0.4922276
1777227557333000,0.0,0.99999756,-0.0008360505,-0.00044168945,-0.0020061897,0.0,0.0,-0.4938542
1777227557381000,0.0,0.9999976,-0.0005887792,0.00058205886,-0.0020054767,0.0,0.0,-0.49129552
1777227557429000,0.0,0.999995,-0.0007272594,0.0023560065,-0.0020040905,0.0,0.0,-0.49315965
1777227557477000,0.0,0.9999903,-0.001108609,0.0037733796,-0.0020015955,0.0,0.0,-0.49457166
1777227557533000,0.0,0.9999851,-0.0012897752,0.004907717,-0.0019994196,0.0,0.0,-0.49174526
1777227557581000,0.0,0.99997836,-0.0012363198,0.0061441828,-0.001998112,0.0,0.0,-0.4891049
1777227557629000,0.0,0.99997133,-0.0013502954,0.007180019,-0.0019959714,0.0,0.0,-0.49030548
1777227557677000,0.0,0.9999613,-0.0012047348,0.00848595,-0.0019953814,0.0,0.0,-0.4920091
1777227557733000,0.0,0.99995536,-0.0009126666,0.009188662,-0.0019971805,0.0,0.0,-0.48908725
1777227557781000,0.0,0.99994016,-0.0013050375,0.010676587,-0.0019915449,0.0,0.0,-0.48597845
1777227557829000,0.0,0.999927,-0.0016068459,0.011809146,-0.0019864265,0.0,0.0,-0.48788193
1777227557885000,0.0,0.99991554,-0.0014880929,0.012759354,-0.001986344,0.0,0.0,-0.48483834
1777227557933000,0.0,0.9999064,-0.0015379196,0.013449508,-0.001984592,0.0,0.0,-0.48668382
1777227557981000,0.0,0.99989563,-0.0016961821,0.014207919,-0.001981114,0.0,0.0,-0.4837299
1777227558029000,0.0,0.9998862,-0.0016501201,0.014862166,-0.0019806311,0.0,0.0,-0.48536432
1777227558077000,0.0,0.9998738,-0.0016526508,0.015673902,-0.0019791771,0.0,0.0,-0.48728442
1777227558133000,0.0,0.9998644,-0.0013876936,0.01628748,-0.0019824193,0.0,0.0,-0.4844386
1777227558181000,0.0,0.9998496,-0.0015625948,0.017157782,-0.0019781224,0.0,0.0,-0.4815325
1777227558229000,0.0,0.9998418,-0.0017339792,0.017591778,-0.0019743834,0.0,0.0,-0.48359314
1777227558277000,0.0,0.9998346,-0.0014496061,0.01802139,-0.001978717,0.0,0.0,-0.48554453
1777227558333000,0.0,0.9998286,-0.0016374335,0.01833741,-0.0019747796,0.0,0.0,-0.48299244
1777227558381000,0.0,0.99981785,-0.0015353197,0.018923579,-0.0019756858,0.0,0.0,-0.48054844
1777227558429000,0.0,0.9998073,-0.0014366687,0.01947757,-0.0019766924,0.0,0.0,-0.48301736
1777227558485000,0.0,0.999809,-0.001628964,0.019374188,-0.0019731275,0.0,0.0,-0.48101437
1777227558533000,0.0,0.9998073,-0.0018408749,0.019443538,-0.0019688862,0.0,0.0,-0.48346832
1777227558581000,0.0,0.9998005,-0.0016471017,0.019806992,-0.0019720122,0.0,0.0,-0.48089582
1777227558629000,0.0,0.99979836,-0.0016397403,0.01991863,-0.0019719612,0.0,0.0,-0.483523
1777227558677000,0.0,0.9997975,-0.0016775882,0.01995584,-0.0019711403,0.0,0.0,-0.48606077
1777227558733000,0.0,0.9998035,-0.001315581,0.019681673,-0.0019787585,0.0,0.0,-0.4836595
1777227558781000,0.0,0.9997994,-0.0011901521,0.01989744,-0.0019809448,0.0,0.0,-0.4814993
1777227558837000,0.0,0.99979717,-0.00094520405,0.020021781,-0.0019856864,0.0,0.0,-0.48678803
1777227558877000,0.0,0.99980193,-0.00092362624,0.01978095,-0.0019863697,0.0,0.0,-0.48689035
1777227558933000,0.0,0.9998191,-0.0010003239,0.018888524,-0.0019858496,0.0,0.0,-0.48469254
1777227558981000,0.0,0.99981725,-0.0007448971,0.019000966,-0.001990578,0.0,0.0,-0.48254988
1777227559029000,0.0,0.99982464,-0.00084648444,0.018602777,-0.0019890298,0.0,0.0,-0.48511168
1777227559077000,0.0,0.99982834,-0.0009790638,0.018395664,-0.001986789,0.0,0.0,-0.48792863
1777227559133000,0.0,0.9998509,-0.00053634774,0.01714412,-0.0019957395,0.0,0.0,-0.48572636
1777227559181000,0.0,0.99985015,-0.00076298707,0.017183293,-0.0019918196,0.0,0.0,-0.48334724
1777227559229000,0.0,0.99985874,-0.00068863353,0.016674189,-0.0019935,0.0,0.0,-0.48597938
1777227559285000,0.0,0.99988294,-0.0003006173,0.015168155,-0.0020005675,0.0,0.0,-0.48399904
1777227559333000,0.0,0.99988914,-0.00028046005,0.014753206,-0.0020010269,0.0,0.0,-0.48676482
1777227559381000,0.0,0.99987805,-6.598921e-06,0.01548706,-0.002004996,0.0,0.0,-0.4843119
1777227559429000,0.0,0.9998877,0.00017475057,0.014852476,-0.002007752,0.0,0.0,-0.4869162
1777227559485000,0.0,0.9999127,8.563227e-05,0.013060673,-0.0020064253,0.0,0.0,-0.48495796
1777227559533000,0.0,0.99992263,0.00047123808,0.012267367,-0.0020111487,0.0,0.0,-0.48756075
1777227559581000,0.0,0.9999119,0.00039714976,0.013112997,-0.0020105115,0.0,0.0,-0.48560688
1777227559629000,0.0,0.99992245,0.0004563202,0.012282497,-0.0020109713,0.0,0.0,-0.4882319
1777227559685000,0.0,0.99994314,0.00060937053,0.010456147,-0.0020118633,0.0,0.0,-0.48638862
1777227559733000,0.0,0.9999526,0.00051342824,0.009512334,-0.0020104325,0.0,0.0,-0.488845
1777227559781000,0.0,0.999948,0.00054863293,0.009982785,-0.0020109976,0.0,0.0,-0.48664722
1777227559829000,0.0,0.99995375,0.00070954836,0.009378157,-0.0020122104,0.0,0.0,-0.4891178
1777227559885000,0.0,0.99996746,0.00069122546,0.0077799475,-0.0020110162,0.0,0.0,-0.4869645
1777227559933000,0.0,0.9999737,0.00062715926,0.0069393567,-0.0020100279,0.0,0.0,-0.4894235
1777227559981000,0.0,0.9999749,0.0010757678,0.0067042476,-0.0020128984,0.0,0.0,-0.48700213
1777227560029000,0.0,0.9999784,0.001102743,0.006155047,-0.0020124945,0.0,0.0,-0.4896437
1777227560077000,0.0,0.9999835,0.0015741474,0.00514394,-0.00201384,0.0,0.0,-0.4954233
1777227560133000,0.0,0.9999847,0.0014228302,0.004946698,-0.002012787,0.0,0.0,-0.50139624
1777227560181000,0.0,0.9999878,0.0013642062,0.004307382,-0.0020116423,0.0,0.0,-0.50046605
1777227560229000,0.0,0.99998796,0.0016300997,0.0041677253,-0.0020125643,0.0,0.0,-0.50259525
1777227560277000,0.0,0.99999,0.001955518,0.0034942236,-0.0020126204,0.0,0.0,-0.5042866
1777227560333000,0.0,0.9999916,0.0023279742,0.0027139888,-0.0020121215,0.0,0.0,-0.5003346
1777227560381000,0.0,0.9999929,0.0022918535,0.0022091167,-0.0020108735,0.0,0.0,-0.5001195
1777227560437000,0.0,0.9999941,0.0022008694,0.0017043406,-0.002009567,0.0,0.0,-0.5039348
1777227560485000,0.0,0.9999944,0.0024581284,0.0010536431,-0.0020084127,0.0,0.0,-0.49834037
1777227560533000,0.0,0.9999959,0.0019428933,0.0006760889,-0.0020071361,0.0,0.0,-0.5003052
1777227560581000,0.0,0.99999595,0.0019988471,0.0003835814,-0.0020065904,0.0,0.0,-0.4999906
1777227560629000,0.0,0.99999607,0.0019506527,-0.00019863003,-0.0020054365,0.0,0.0,-0.5017251
1777227560685000,0.0,0.9999952,0.0018273684,-0.0015339388,-0.0020030136,0.0,0.0,-0.4981836
1777227560733000,0.0,0.9999945,0.0020136933,-0.0017171444,-0.0020023573,0.0,0.0,-0.49989077
1777227560781000,0.0,0.9999932,0.0022466118,-0.0021398333,-0.002001004,0.0,0.0,-0.49993882
1777227560829000,0.0,0.9999923,0.0021023091,-0.002627771,-0.0020002795,0.0,0.0,-0.50180984
1777227560885000,0.0,0.9999913,0.002129117,-0.0029745763,-0.0019994648,0.0,0.0,-0.49809718
1777227560933000,0.0,0.9999904,0.0021656984,-0.0032371492,-0.0019987829,0.0,0.0,-0.49967253
1777227560981000,0.0,0.9999883,0.0025354575,-0.0035976334,-0.0019966657,0.0,0.0,-0.49982595
1777227561029000,0.0,0.9999875,0.002678717,-0.0037235622,-0.0019958108,0.0,0.0,-0.50152075
1777227561085000,0.0,0.999986,0.002720364,-0.0040767984,-0.0019946871,0.0,0.0,-0.49823487
1777227561133000,0.0,0.9999861,0.0026710292,-0.00408383,-0.001994869,0.0,0.0,-0.499909
1777227561181000,0.0,0.99998456,0.002569027,-0.0045002224,-0.001994205,0.0,0.0,-0.49982283
1777227561237000,0.0,0.99998385,0.0028207332,-0.004515028,-0.0019930312,0.0,0.0,-0.50299627
1777227561285000,0.0,0.99998045,0.0027127187,-0.0052676653,-0.0019914543,0.0,0.0,-0.49757254
1777227561333000,0.0,0.99998134,0.002623562,-0.0051444853,-0.0019922503,0.0,0.0,-0.4990904
1777227561381000,0.0,0.99998105,0.0028872995,-0.005060469,-0.0019911402,0.0,0.0,-0.49899578
1777227561429000,0.0,0.9999803,0.0026948256,-0.005319031,-0.0019914084,0.0,0.0,-0.5005539
1777227561477000,0.0,0.9999818,0.0023810526,-0.0051639243,-0.00199345,0.0,0.0,-0.5021531
1777227561533000,0.0,0.99998146,0.0026546034,-0.005102319,-0.0019922042,0.0,0.0,-0.4989374
1777227561581000,0.0,0.99998385,0.0023093054,-0.0048029916,-0.0019946643,0.0,0.0,-0.49885568
1777227561629000,0.0,0.9999824,0.0022807203,-0.0050991517,-0.001994117,0.0,0.0,-0.5003824
1777227561677000,0.0,0.9999838,0.0019643216,-0.004954094,-0.0019960187,0.0,0.0,-0.5019523
1777227561733000,0.0,0.9999855,0.0016953176,-0.0047042584,-0.0019977812,0.0,0.0,-0.49845067
1777227561781000,0.0,0.99998724,0.0015801677,-0.0043612327,-0.001998874,0.0,0.0,-0.49853212
1777227561829000,0.0,0.9999878,0.0013597797,-0.0043053213,-0.0019999119,0.0,0.0,-0.49999347
1777227561877000,0.0,0.9999871,0.0012155737,-0.0044931807,-0.002000299,0.0,0.0,-0.5015753
1777227561933000,0.0,0.999988,0.0010888235,-0.0043303836,-0.0020010502,0.0,0.0,-0.49801013
1777227561981000,0.0,0.9999891,0.001059311,-0.00408652,-0.002001442,0.0,0.0,-0.49822742
1777227562029000,0.0,0.99999034,0.001022858,-0.003781793,-0.00200191,0.0,0.0,-0.49963415
1777227562077000,0.0,0.99999183,0.0008667045,-0.0034039663,-0.002002836,0.0,0.0,-0.5010234
1777227562133000,0.0,0.99999344,0.0006850639,-0.002920786,-0.0020037936,0.0,0.0,-0.49759936
1777227562181000,0.0,0.99999493,0.0005830845,-0.0024081718,-0.0020043987,0.0,0.0,-0.4975878
1777227562237000,0.0,0.9999951,0.00064951676,-0.0023086742,-0.002004305,0.0,0.0,-0.50063246
1777227562277000,0.0,0.99999595,0.0005779597,-0.0019515344,-0.0020046814,0.0,0.0,-0.50049686
1777227562333000,0.0,0.9999965,0.00045896176,-0.0016462024,-0.0020050567,0.0,0.0,-0.4974398
1777227562381000,0.0,0.9999968,0.00020910145,-0.0015395667,-0.002005491,0.0,0.0,-0.49792105
1777227562429000,0.0,0.99999714,6.139593e-05,-0.0013019072,-0.0020057352,0.0,0.0,-0.49936542
1777227562477000,0.0,0.99999774,-0.00018271036,-0.0006431577,-0.0020059366,0.0,0.0,-0.50056374
1777227562533000,0.0,0.9999979,-0.00032004865,-0.00021582517,-0.002005889,0.0,0.0,-0.4974384
1777227562581000,0.0,0.999998,-0.00011347105,-0.00013010242,-0.0020058346,0.0,0.0,-0.4977285
1777227562629000,0.0,0.9999979,-0.00032024446,-0.0001290457,-0.0020058614,0.0,0.0,-0.49897265
1777227562677000,0.0,0.9999979,-0.00023865308,0.00034908258,-0.0020057363,0.0,0.0,-0.5002317
1777227562733000,0.0,0.9999976,-0.00029708474,0.00081043126,-0.0020055776,0.0,0.0,-0.49672708
1777227562781000,0.0,0.99999744,-0.0002641542,0.0010452336,-0.0020055408,0.0,0.0,-0.49722618
1777227562837000,0.0,0.99999726,-0.00031009995,0.0011679692,-0.0020054542,0.0,0.0,-0.4998178
1777227562877000,0.0,0.9999967,-0.0004816491,0.0014972,-0.0020050926,0.0,0.0,-0.49961957
1777227562933000,0.0,0.9999962,-0.00046139938,0.0018339547,-0.002004964,0.0,0.0,-0.4962779
1777227562981000,0.0,0.9999961,-0.0004573512,0.0018591707,-0.0020049599,0.0,0.0,-0.49639317
1777227563029000,0.0,0.99999607,-0.00045428405,0.0019151835,-0.0020049391,0.0,0.0,-0.49733424
1777227563085000,0.0,0.9999957,-0.00024330424,0.0021214515,-0.0020052905,0.0,0.0,-0.49430147
1777227563133000,0.0,0.9999956,-0.00049064506,0.0021487314,-0.0020047524,0.0,0.0,-0.49525756
1777227563181000,0.0,0.9999952,-0.00073110295,0.002271064,-0.0020041447,0.0,0.0,-0.49580455
1777227563229000,0.0,0.99999297,-0.0004488485,0.0031371831,-0.0020043827,0.0,0.0,-0.4969907
1777227563277000,0.0,0.9999926,-0.00031021083,0.0032653345,-0.0020047752,0.0,0.0,-0.49858013
1777227563333000,0.0,0.99999136,-0.00068515074,0.0035725068,-0.0020033345,0.0,0.0,-0.4953585
1777227563381000,0.0,0.99999136,-0.0008888745,0.0035273412,-0.0020026483,0.0,0.0,-0.49583834
1777227563437000,0.0,0.9999892,-0.00089347985,0.0040933196,-0.0020021133,0.0,0.0,-0.49837968
1777227563485000,0.0,0.99998975,-0.0006564272,0.004009936,-0.00200314,0.0,0.0,-0.49399745
1777227563533000,0.0,0.99999,-0.0005423682,0.003967302,-0.0020036213,0.0,0.0,-0.49537438
1777227563581000,0.0,0.99999,-0.00048109176,0.003975198,-0.0020038602,0.0,0.0,-0.49631682
1777227563637000,0.0,0.9999892,-4.9002185e-05,0.004189411,-0.002005562,0.0,0.0,-0.49883872
1777227563685000,0.0,0.99999064,-0.00019108172,0.003824426,-0.0020050453,0.0,0.0,-0.4946112
1777227563733000,0.0,0.99998957,-0.00035471,0.0040990114,-0.0020043156,0.0,0.0,-0.49598324
1777227563781000,0.0,0.9999892,-0.00028588428,0.0041799326,-0.002004573,0.0,0.0,-0.49662122
1777227563829000,0.0,0.99998844,-0.00026323198,0.0043593803,-0.0020046155,0.0,0.0,-0.4978437
1777227563885000,0.0,0.99998856,-0.00020989381,0.0043485896,-0.0020048507,0.0,0.0,-0.49491325
1777227563933000,0.0,0.99998814,-0.00046042868,0.004411071,-0.0020037312,0.0,0.0,-0.49602768
1777227563981000,0.0,0.9999881,-0.00061599514,0.0044157333,-0.0020030418,0.0,0.0,-0.49681252
1777227564037000,0.0,0.9999879,-0.0006863267,0.004439046,-0.002002715,0.0,0.0,-0.4988345
1777227564077000,0.0,0.99998677,-0.0002869785,0.0047253557,-0.002004397,0.0,0.0,-0.49873748
1777227564133000,0.0,0.9999873,-0.00015352287,0.004620033,-0.0020050465,0.0,0.0,-0.49529004
1777227564181000,0.0,0.9999873,-0.0002965543,0.0046065953,-0.0020043906,0.0,0.0,-0.49584696
1777227564237000,0.0,0.9999876,-0.00028279176,0.004539035,-0.0020044746,0.0,0.0,-0.49779236
1777227564277000,0.0,0.9999897,-0.00028868663,0.0040640566,-0.002004597,0.0,0.0,-0.49773708
1777227564333000,0.0,0.9999889,-0.0002233464,0.004247367,-0.002004817,0.0,0.0,-0.49459174
1777227564381000,0.0,0.9999908,-4.939071e-05,0.0037739996,-0.0020055908,0.0,0.0,-0.49569142
1777227564429000,0.0,0.99998975,-0.00023232285,0.0040493095,-0.0020048302,0.0,0.0,-0.49675295
1777227564477000,0.0,0.9999907,-0.0002762139,0.0038074984,-0.002004725,0.0,0.0,-0.49786955
1777227564533000,0.0,0.99999064,-0.00033599618,0.0038144263,-0.0020044947,0.0,0.0,-0.49496824
1777227564581000,0.0,0.9999909,-0.00014030587,0.003775663,-0.0020052476,0.0,0.0,-0.49562433
1777227564637000,0.0,0.99999136,-0.00033781113,0.0036218944,-0.0020045573,0.0,0.0,-0.49788296
1777227564677000,0.0,0.99999255,-0.0003044537,0.0032840758,-0.0020047883,0.0,0.0,-0.4977253
1777227564733000,0.0,0.9999933,-0.00034697435,0.0030344252,-0.0020047396,0.0,0.0,-0.49452245
1777227564781000,0.0,0.999993,-0.00030445802,0.003130763,-0.0020048376,0.0,0.0,-0.49530098
1777227564829000,0.0,0.99999285,-0.0002707808,0.0031950711,-0.0020049242,0.0,0.0,-0.49002504
1777227564885000,0.0,0.99999416,-9.1012706e-05,0.0027552329,-0.0020055466,0.0,0.0,-0.4886418
1777227564933000,0.0,0.9999944,-0.00023970165,0.0026748283,-0.0020051575,0.0,0.0,-0.4898718
1777227564981000,0.0,0.9999946,-0.00029891933,0.0025837522,-0.0020050278,0.0,0.0,-0.48860952
1777227565029000,0.0,0.9999948,-0.0005773589,0.0024706195,-0.002004376,0.0,0.0,-0.48948535
1777227565077000,0.0,0.9999949,-0.0006067473,0.0024208564,-0.0020043342,0.0,0.0,-0.49029306
1777227565133000,0.0,0.9999959,-0.0005396478,0.0019624738,-0.00200475,0.0,0.0,-0.48946786
1777227565181000,0.0,0.9999953,-0.00054933695,0.0022434003,-0.0020045731,0.0,0.0,-0.48845357
1777227565229000,0.0,0.99999523,-0.00064275286,0.0022649725,-0.002004349,0.0,0.0,-0.4895231
1777227565285000,0.0,0.99999565,-0.00085379713,0.0020023985,-0.002004099,0.0,0.0,-0.4884616
1777227565333000,0.0,0.9999959,-0.00054449175,0.0019687188,-0.0020047368,0.0,0.0,-0.48968023
1777227565381000,0.0,0.99999547,-0.0009645139,0.0020483441,-0.0020038327,0.0,0.0,-0.4886118
1777227565437000,0.0,0.99999565,-0.0010926026,0.00187483,-0.0020037626,0.0,0.0,-0.49083874
1777227565477000,0.0,0.9999956,-0.0011405924,0.0018859553,-0.00200366,0.0,0.0,-0.4908906
1777227565533000,0.0,0.99999577,-0.0011655038,0.0017385464,-0.0020037864,0.0,0.0,-0.4899476
1777227565581000,0.0,0.9999959,-0.0009613485,0.0018350327,-0.002004047,0.0,0.0,-0.4889319
1777227565629000,0.0,0.99999595,-0.0010238148,0.0017590696,-0.0020040108,0.0,0.0,-0.489926
1777227565677000,0.0,0.9999962,-0.0010248187,0.0015893474,-0.002004185,0.0,0.0,-0.4909514
1777227565733000,0.0,0.9999964,-0.0011176943,0.0013602211,-0.0020042958,0.0,0.0,-0.489811
1777227565781000,0.0,0.99999636,-0.0011070321,0.0014117833,-0.0020042527,0.0,0.0,-0.48898008
1777227565837000,0.0,0.9999964,-0.0013446893,0.0011363329,-0.0020042902,0.0,0.0,-0.49130836
1777227565885000,0.0,0.99999666,-0.001186834,0.0011018302,-0.0020045103,0.0,0.0,-0.4891658
1777227565933000,0.0,0.9999967,-0.0013241053,0.00089985837,-0.0020046278,0.0,0.0,-0.49050337
1777227565981000,0.0,0.9999971,-0.0012512975,0.00050219207,-0.002005193,0.0,0.0,-0.48928887
1777227566029000,0.0,0.99999726,-0.0011745801,0.00028403496,-0.0020054877,0.0,0.0,-0.4903818
1777227566077000,0.0,0.99999774,-0.00074332475,0.0001170998,-0.0020057335,0.0,0.0,-0.49136728
1777227566133000,0.0,0.9999974,-0.0010869249,0.00026512577,-0.002005533,0.0,0.0,-0.49012765
1777227566181000,0.0,0.9999977,-0.0007898609,-4.4369914e-05,-0.002005856,0.0,0.0,-0.48893514
1777227566229000,0.0,0.9999976,-0.0008613342,-5.6228226e-05,-0.0020058693,0.0,0.0,-0.48997593
1777227566277000,0.0,0.9999977,-0.0007316033,-0.00024658328,-0.002006001,0.0,0.0,-0.49105817
1777227566333000,0.0,0.9999974,-0.00071266294,-0.0008449891,-0.0020064206,0.0,0.0,-0.48979923
1777227566381000,0.0,0.99999744,-0.0007918596,-0.0006677144,-0.0020063482,0.0,0.0,-0.48869565
1777227566429000,0.0,0.9999977,-0.00071943627,-0.00028010365,-0.002006022,0.0,0.0,-0.48959413
1777227566477000,0.0,0.9999975,-0.00086561864,-0.0004839222,-0.002006239,0.0,0.0,-0.49073887
1777227566533000,0.0,0.9999973,-0.0007136585,-0.0009120286,-0.0020064688,0.0,0.0,-0.4895267
1777227566581000,0.0,0.9999973,-0.00041921684,-0.0010656264,-0.0020062635,0.0,0.0,-0.48830318
1777227566637000,0.0,0.9999971,-0.0007032098,-0.0011504078,-0.0020066258,0.0,0.0,-0.49073958
1777227566677000,0.0,0.99999684,-0.00081429986,-0.0012418886,-0.0020068274,0.0,0.0,-0.49062216
1777227566733000,0.0,0.99999684,-0.0010987967,-0.0010284076,-0.0020069485,0.0,0.0,-0.48967493
1777227566781000,0.0,0.999997,-0.00081288716,-0.0011164964,-0.002006725,0.0,0.0,-0.48856825
1777227566829000,0.0,0.9999973,-0.0003676536,-0.0011249623,-0.0020062304,0.0,0.0,-0.4897113
1777227566877000,0.0,0.9999972,-0.00042881473,-0.0011939193,-0.002006328,0.0,0.0,-0.4911171
1777227566933000,0.0,0.9999971,-0.00077037903,-0.0010930032,-0.0020066595,0.0,0.0,-0.489767
1777227566981000,0.0,0.9999969,-0.0008411563,-0.0012238577,-0.0020068458,0.0,0.0,-0.48854408
1777227567037000,0.0,0.99999696,-0.00047344074,-0.0013535931,-0.002006456,0.0,0.0,-0.49081275
1777227567077000,0.0,0.99999726,-0.00057661586,-0.0010759323,-0.0020064374,0.0,0.0,-0.49089524
1777227567133000,0.0,0.99999744,-0.0005434585,-0.0009149541,-0.002006315,0.0,0.0,-0.49007654
1777227567181000,0.0,0.9999971,-0.0008373944,-0.0010281575,-0.0020066788,0.0,0.0,-0.48899195
1777227567237000,0.0,0.9999969,-0.0009221098,-0.0011250238,-0.0020068546,0.0,0.0,-0.49143165
1777227567285000,0.0,0.99999684,-0.0008771258,-0.0012107125,-0.0020068784,0.0,0.0,-0.48940703
1777227567333000,0.0,0.99999714,-0.0009176054,-0.0009255987,-0.0020066677,0.0,0.0,-0.4905939
1777227567381000,0.0,0.9999973,-0.0006093022,-0.0009848125,-0.0020064178,0.0,0.0,-0.48940688
1777227567437000,0.0,0.999997,-0.0008099332,-0.001131883,-0.0020067338,0.0,0.0,-0.4915446
1777227567485000,0.0,0.9999973,-0.0007680784,-0.00086669525,-0.0020064842,0.0,0.0,-0.4892669
1777227567533000,0.0,0.9999974,-0.00042434834,-0.0010351937,-0.0020062565,0.0,0.0,-0.49029914
1777227567581000,0.0,0.9999976,-0.00043208257,-0.0007669192,-0.00200615,0.0,0.0,-0.48891354
1777227567629000,0.0,0.99999756,-0.00022752382,-0.0009177705,-0.0020060265,0.0,0.0,-0.49003664
1777227567677000,0.0,0.9999976,-0.0005087606,-0.00071834744,-0.0020061845,0.0,0.0,-0.49115384
1777227567733000,0.0,0.99999785,-0.0002359505,-0.0004610296,-0.002005928,0.0,0.0,-0.4900974
1777227567781000,0.0,0.99999774,-0.0002641801,-0.0006380016,-0.0020059878,0.0,0.0,-0.4888648
1777227567829000,0.0,0.9999979,-0.00025164222,-0.0003398384,-0.0020059054,0.0,0.0,-0.49003017
1777227567885000,0.0,0.9999976,-0.0003100107,-0.0007676894,-0.0020060565,0.0,0.0,-0.48912475
1777227567933000,0.0,0.9999976,-0.00053124817,-0.0006350032,-0.0020061566,0.0,0.0,-0.4903677
1777227567981000,0.0,0.99999774,-0.0005731643,-0.0003851232,-0.0020060404,0.0,0.0,-0.48927063
1777227568029000,0.0,0.9999979,-0.0003857786,1.3654739e-05,-0.0020058148,0.0,0.0,-0.49040383
1777227568085000,0.0,0.99999785,-0.00048708054,-0.00017599267,-0.0020059056,0.0,0.0,-0.4892192
1777227568133000,0.0,0.99999785,-0.0005378485,-9.3499606e-05,-0.0020058705,0.0,0.0,-0.49016735
1777227568181000,0.0,0.99999785,-0.00038382155,0.00017746813,-0.0020057517,0.0,0.0,-0.48898354
1777227568237000,0.0,0.9999979,-0.00027949395,0.00020271269,-0.0020057631,0.0,0.0,-0.4911844
1777227568285000,0.0,0.99999785,-0.00048480925,0.00018215612,-0.0020057317,0.0,0.0,-0.48887423
1777227568333000,0.0,0.9999979,-0.0003554793,-0.00022901615,-0.0020059012,0.0,0.0,-0.49014264
1777227568381000,0.0,0.999998,-0.0,0.0,-0.00200582,0.0,0.0,-0.48893207
1777227568429000,0.0,0.9999979,-0.00038174112,-5.7317928e-05,-0.002005842,0.0,0.0,-0.49006
1777227568477000,0.0,0.999998,-0.00017256736,4.778027e-06,-0.002005819,0.0,0.0,-0.49131945
1777227568533000,0.0,0.9999979,-0.00040414793,0.00012441247,-0.0020057699,0.0,0.0,-0.49014175
1777227568581000,0.0,0.999998,-0.0,0.0,-0.00200582,0.0,0.0,-0.48862502
1777227568629000,0.0,0.999998,-0.0,0.0,-0.00200582,0.0,0.0,-0.48951712
1777227568677000,0.0,0.999998,-0.00011600867,0.00012784486,-0.002005805,0.0,0.0,-0.49065033
1777227568733000,0.0,0.999998,-0.00017073096,-2.5559082e-05,-0.0020058241,0.0,0.0,-0.48955327
1777227568781000,0.0,0.999998,-0.0,0.0,-0.00200582,0.0,0.0,-0.48844668
1777227568829000,0.0,0.999998,-0.0,0.0,-0.00200582,0.0,0.0,-0.4896536
1777227568885000,0.0,0.999998,-0.0,0.0,-0.00200582,0.0,0.0,-0.48839143
1777227568933000,0.0,0.999998,-0.0,0.0,-0.00200582,0.0,0.0,-0.4895087
1777227568981000,0.0,0.999998,-0.0,0.0,-0.00200582,0.0,0.0,-0.48809272
1777227569029000,0.0,0.999998,-3.5570858e-05,0.00016892911,-0.0020058139,0.0,0.0,-0.48941228
1777227569077000,0.0,0.9999979,-0.00022214443,0.00031569527,-0.0020057498,0.0,0.0,-0.49060765
1777227569133000,0.0,0.99999785,-0.00027252507,0.00047302563,-0.0020056902,0.0,0.0,-0.48957118
1777227569181000,0.0,0.9999979,-0.0002072729,0.0003685809,-0.0020057433,0.0,0.0,-0.4885743
1777227569229000,0.0,0.9999979,2.3858203e-05,0.00034444165,-0.002005828,0.0,0.0,-0.4895706
1777227569285000,0.0,0.9999978,-0.00016704609,0.00054765056,-0.002005728,0.0,0.0,-0.48870596
1777227569333000,0.0,0.99999774,-0.00033505296,0.0005785969,-0.0020056255,0.0,0.0,-0.48969153
1777227569381000,0.0,0.9999977,-0.0003143012,0.00068370975,-0.002005604,0.0,0.0,-0.4885244
1777227569437000,0.0,0.9999977,-0.00035168315,0.00074951496,-0.0020055554,0.0,0.0,-0.49073437
1777227569485000,0.0,0.9999976,-0.00033926778,0.00079369737,-0.002005549,0.0,0.0,-0.48875907
1777227569533000,0.0,0.9999976,-0.00048249224,0.0006727964,-0.0020054944,0.0,0.0,-0.49009225
1777227569581000,0.0,0.9999976,-0.00048019507,0.0007172662,-0.0020054744,0.0,0.0,-0.48909372
1777227569629000,0.0,0.99999774,-0.00032800282,0.00058262254,-0.002005628,0.0,0.0,-0.49045667
1777227569677000,0.0,0.99999756,-0.00042424828,0.0008089985,-0.0020054753,0.0,0.0,-0.4918153
1777227569733000,0.0,0.9999976,-0.00031134748,0.0008587943,-0.0020055508,0.0,0.0,-0.49095666
1777227569781000,0.0,0.999997,-0.00035368715,0.0013571511,-0.002005335,0.0,0.0,-0.48996505
1777227569829000,0.0,0.99999696,-0.00031521753,0.0014095393,-0.00200537,0.0,0.0,-0.49107176
1777227569877000,0.0,0.999997,-0.00042513976,0.0013140035,-0.0020052562,0.0,0.0,-0.4920408
1777227569933000,0.0,0.99999714,-0.00023672362,0.001258209,-0.0020055177,0.0,0.0,-0.49097246
1777227569981000,0.0,0.9999971,-0.0002689957,0.0013212055,-0.0020054597,0.0,0.0,-0.48990387
1777227570037000,0.0,0.99999696,-0.000426846,0.0013690006,-0.0020052304,0.0,0.0,-0.49214518
1777227570077000,0.0,0.99999666,-0.00025315178,0.0015807955,-0.0020054125,0.0,0.0,-0.49207884
1777227570133000,0.0,0.99999684,-0.00013497387,0.0014989192,-0.002005611,0.0,0.0,-0.49091738
1777227570181000,0.0,0.99999684,-0.00023631945,0.0014863142,-0.0020054625,0.0,0.0,-0.4897083
1777227570229000,0.0,0.9999963,-0.00039305282,0.0017925323,-0.0020051058,0.0,0.0,-0.49058893
1777227570277000,0.0,0.9999961,-0.00045056347,0.0018767751,-0.0020049643,0.0,0.0,-0.49143797
1777227570333000,0.0,0.9999959,-0.00038856285,0.0019978846,-0.0020050323,0.0,0.0,-0.49035993
1777227570381000,0.0,0.999996,-0.00029584864,0.0019688024,-0.0020052262,0.0,0.0,-0.48931685
1777227570429000,0.0,0.99999523,-0.000426618,0.0022960447,-0.002004825,0.0,0.0,-0.49017012
1777227570477000,0.0,0.9999949,-0.0005682615,0.002430178,-0.0020044218,0.0,0.0,-0.49119404
1777227570533000,0.0,0.9999953,-0.00031114536,0.0023080755,-0.002005086,0.0,0.0,-0.49014944
1777227570581000,0.0,0.9999953,-0.0001871191,0.0023020867,-0.0020053736,0.0,0.0,-0.48895448
1777227570629000,0.0,0.9999956,0.00010045696,0.0022017462,-0.002006027,0.0,0.0,-0.48991382
1777227570685000,0.0,0.99999547,0.0003022355,0.0022237913,-0.0020064774,0.0,0.0,-0.48879027
1777227570733000,0.0,0.99999547,0.00020751318,0.002254537,-0.0020062726,0.0,0.0,-0.48972848
1777227570781000,0.0,0.99999595,0.00023284681,0.0020071627,-0.0020062753,0.0,0.0,-0.4886072
1777227570829000,0.0,0.9999962,0.00018517011,0.0018820178,-0.002006158,0.0,0.0,-0.4897614
1777227570885000,0.0,0.9999959,0.00022050565,0.0020233395,-0.0020062542,0.0,0.0,-0.48871887
1777227570933000,0.0,0.9999961,0.0002852272,0.0019089099,-0.0020063538,0.0,0.0,-0.48985827
1777227570981000,0.0,0.99999607,0.00017304727,0.0019454437,-0.0020061454,0.0,0.0,-0.48870507
1777227571029000,0.0,0.9999958,0.00024013442,0.0020576373,-0.0020063014,0.0,0.0,-0.48982278
1777227571077000,0.0,0.9999957,0.00020788582,0.0021181917,-0.002006247,0.0,0.0,-0.49092674
1777227571133000,0.0,0.99999535,3.8328737e-05,0.0023093608,-0.0020058928,0.0,0.0,-0.48964217
1777227571181000,0.0,0.9999954,0.00014688705,0.0022592973,-0.0020061368,0.0,0.0,-0.48872063
1777227571229000,0.0,0.9999953,-2.6389811e-05,0.0023288045,-0.0020057426,0.0,0.0,-0.48980135
1777227571277000,0.0,0.9999958,-7.247098e-05,0.002070334,-0.0020056574,0.0,0.0,-0.4910546
1777227571333000,0.0,0.9999961,-0.00020670489,0.001919001,-0.0020054125,0.0,0.0,-0.4898955
1777227571381000,0.0,0.9999963,6.383483e-05,0.0018501871,-0.0020059277,0.0,0.0,-0.48903257
1777227571429000,0.0,0.99999577,-0.000105428095,0.0020975294,-0.0020055862,0.0,0.0,-0.4901556
1777227571485000,0.0,0.9999958,-0.00035902226,0.002047545,-0.0020050728,0.0,0.0,-0.48897445
1777227571533000,0.0,0.9999956,-0.00036542522,0.0021735325,-0.0020050118,0.0,0.0,-0.49026456
1777227571581000,0.0,0.99999565,-0.0003793563,0.0021155262,-0.0020050043,0.0,0.0,-0.48941323
1777227571629000,0.0,0.9999953,-0.00038443782,0.002297005,-0.0020049217,0.0,0.0,-0.4902399
1777227571677000,0.0,0.99999607,-0.0005025055,0.0019030999,-0.002004853,0.0,0.0,-0.49151877
1777227571733000,0.0,0.9999959,-0.00040453588,0.002016998,-0.0020049924,0.0,0.0,-0.49038127
1777227571781000,0.0,0.99999624,-0.00048828457,0.0017857339,-0.002004939,0.0,0.0,-0.48915306
1777227571837000,0.0,0.9999963,-0.0005475989,0.0017515132,-0.002004852,0.0,0.0,-0.49115247
1777227571877000,0.0,0.9999959,-0.00014585952,0.0020374132,-0.0020055105,0.0,0.0,-0.49131942
1777227571933000,0.0,0.99999523,-0.000632575,0.0022678361,-0.0020043706,0.0,0.0,-0.49032223
1777227571981000,0.0,0.9999957,-0.000667344,0.0020283998,-0.0020044544,0.0,0.0,-0.48908362
1777227572029000,0.0,0.9999955,-0.0002590188,0.0021955615,-0.0020052374,0.0,0.0,-0.49029076
1777227572077000,0.0,0.99999577,-0.00050225033,0.0020392374,-0.0020047838,0.0,0.0,-0.4913235
1777227572133000,0.0,0.99999565,-0.00022593573,0.0021581755,-0.0020053186,0.0,0.0,-0.4902109
1777227572181000,0.0,0.9999958,-0.0002995491,0.0020570871,-0.002005191,0.0,0.0,-0.48813316
1777227572237000,0.0,0.999995,-0.0005613703,0.002382253,-0.0020044658,0.0,0.0,-0.4885167
1777227572277000,0.0,0.9999948,-0.00053439697,0.0024621768,-0.0020044865,0.0,0.0,-0.48694175
1777227572333000,0.0,0.99999344,-0.0007594913,0.002932966,-0.002003567,0.0,0.0,-0.48241222
1777227572381000,0.0,0.999993,-0.0009589716,0.002995788,-0.0020029212,0.0,0.0,-0.47799024
1777227572429000,0.0,0.9999921,-0.0009409481,0.0033039877,-0.0020026795,0.0,0.0,-0.47535604
1777227572477000,0.0,0.9999918,-0.0009865183,0.0033932216,-0.002002439,0.0,0.0,-0.47234106
1777227572533000,0.0,0.9999912,-0.0010543538,0.0035282285,-0.0020020641,0.0,0.0,-0.46593115
1777227572581000,0.0,0.999991,-0.0010366541,0.003604448,-0.002002046,0.0,0.0,-0.45993257
1777227572629000,0.0,0.9999887,-0.0010373687,0.0041893106,-0.0020014225,0.0,0.0,-0.4556928
1777227572677000,0.0,0.9999896,-0.00071947346,0.0040176935,-0.0020028814,0.0,0.0,-0.4509402
1777227572733000,0.0,0.99998885,-0.0010112774,0.004145665,-0.002001577,0.0,0.0,-0.44253215
1777227572781000,0.0,0.9999889,-0.0011278879,0.004115469,-0.0020011284,0.0,0.0,-0.4348452
1777227572829000,0.0,0.9999883,-0.0011914796,0.0042369673,-0.0020007193,0.0,0.0,-0.42915142
1777227572885000,0.0,0.9999881,-0.0013488774,0.004256558,-0.002000026,0.0,0.0,-0.41932487
1777227572933000,0.0,0.99998915,-0.0010947038,0.004058867,-0.0020013284,0.0,0.0,-0.41280106
1777227572981000,0.0,0.99998707,-0.0014121612,0.00445209,-0.0019994758,0.0,0.0,-0.40394717
1777227573037000,0.0,0.99998695,-0.0013602031,0.0044981525,-0.0019996432,0.0,0.0,-0.39664257
1777227573085000,0.0,0.9999854,-0.0011439045,0.0048922435,-0.0020001533,0.0,0.0,-0.3856938
1777227573133000,0.0,0.99998385,-0.0014435622,0.00512427,-0.001998346,0.0,0.0,-0.37779266
1777227573181000,0.0,0.99998474,-0.0014661525,0.00493101,-0.0019985195,0.0,0.0,-0.36733872
1777227573229000,0.0,0.9999862,-0.0013888163,0.0046619987,-0.001999282,0.0,0.0,-0.35871062
1777227573285000,0.0,0.9999852,-0.0014806512,0.0048350873,-0.0019985929,0.0,0.0,-0.34610936
1777227573333000,0.0,0.99998444,-0.0016490184,0.0049306643,-0.001997619,0.0,0.0,-0.3371029
1777227573381000,0.0,0.9999841,-0.0018810605,0.004926173,-0.0019964844,0.0,0.0,-0.32584378
1777227573429000,0.0,0.9999853,-0.001585669,0.004792353,-0.0019981547,0.0,0.0,-0.3161378
1777227573477000,0.0,0.9999842,-0.001943712,0.0048804656,-0.0019962662,0.0,0.0,-0.30623385
1777227573533000,0.0,0.9999822,-0.0019302313,0.0052843424,-0.0019955398,0.0,0.0,-0.29225025
1777227573581000,0.0,0.9999848,-0.0019383522,0.004758955,-0.0019965316,0.0,0.0,-0.27965045
1777227573629000,0.0,0.99998415,-0.0017641345,0.0049542286,-0.0019970094,0.0,0.0,-0.26921934
1777227573677000,0.0,0.99998456,-0.0017244547,0.004895667,-0.0019973086,0.0,0.0,-0.2584606
1777227573733000,0.0,0.99998546,-0.0017231518,0.004697308,-0.0019976625,0.0,0.0,-0.24312006
1777227573781000,0.0,0.9999849,-0.0017779932,0.0047994778,-0.0019972206,0.0,0.0,-0.22938196
1777227573829000,0.0,0.99998623,-0.0014165307,0.004640827,-0.0019991836,0.0,0.0,-0.21772063
1777227573877000,0.0,0.99999934,-0.0,0.0,-0.0011655786,0.0,0.0,-0.12
1777227573933000,0.0,0.99999934,-0.0,0.0,-0.0011443357,0.0,0.0,-0.12
1777227573981000,0.0,0.9999993,-0.0,0.0,-0.0012269823,0.0,0.0,-0.12
1777227574029000,0.0,0.9999992,-0.0,0.0,-0.0012212803,0.0,0.0,-0.12
1777227574077000,0.0,0.9999993,-0.0,0.0,-0.0012066163,0.0,0.0,-0.12
1777227574133000,0.0,0.9999992,-0.0,0.0,-0.0012554887,0.0,0.0,-0.12
1777227574181000,0.0,0.9999993,-0.0,0.0,-0.0012098129,0.0,0.0,-0.12
1777227574237000,0.0,0.9999991,-0.0,0.0,-0.0013321025,0.0,0.0,-0.12
1777227574285000,0.0,0.99999905,-0.0,0.0,-0.0013719727,0.0,0.0,-0.12
1777227574333000,0.0,0.9999991,-0.0,0.0,-0.0013420064,0.0,0.0,-0.12
1777227574381000,0.0,0.9999991,-0.0,0.0,-0.0013165124,0.0,0.0,-0.12
1777227574437000,0.0,0.9999991,-0.0,0.0,-0.0013281917,0.0,0.0,-0.12
1777227574477000,0.0,0.9999992,-0.0,0.0,-0.0012751214,0.0,0.0,-0.12
1777227574533000,0.0,0.99999917,-0.0,0.0,-0.0012922243,0.0,0.0,-0.12
1777227574581000,0.0,0.99999917,-0.0,0.0,-0.0012721361,0.0,0.0,-0.001
1777227574637000,0.0,0.99999917,-0.0,0.0,-0.0013020836,0.0,0.0,-0.001
1777227574677000,0.0,0.9999992,-0.0,0.0,-0.0012538353,0.0,0.0,-0.001
1777227574733000,0.0,0.99999917,-0.0,0.0,-0.0012702036,0.0,0.0,-0.001
1777227574781000,0.0,0.9999992,-0.0,0.0,-0.0012526782,0.0,0.0,-0.001
1777227574837000,0.0,0.9999993,-0.0,0.0,-0.0012056044,0.0,0.0,-0.001
1777227574885000,0.0,0.99999934,-0.0,0.0,-0.0011248889,0.0,0.0,-0.001
1777227574933000,0.0,0.9999993,-0.0,0.0,-0.0011713697,0.0,0.0,-0.001
1777227574981000,0.0,0.99999934,-0.0,0.0,-0.0011301141,0.0,0.0,-0.001
1777227575029000,0.0,0.99999946,-0.0,0.0,-0.0010559582,0.0,0.0,-0.001
1777227575085000,0.0,0.9999995,-0.0,0.0,-0.0009605768,0.0,0.0,-0.001
1777227575133000,0.0,0.9999996,-0.0,0.0,-0.0009113031,0.0,0.0,-0.001
1777227575181000,0.0,0.9999995,-0.0,0.0,-0.0010008626,0.0,0.0,-0.001
1777227575229000,0.0,0.99999946,-0.0,0.0,-0.0010535886,0.0,0.0,-0.001
1777227575277000,0.0,0.99999946,-0.0,0.0,-0.0010246927,0.0,0.0,-0.001
1777227575333000,0.0,0.9999994,-0.0,0.0,-0.0011134874,0.0,0.0,-0.001
1777227575381000,0.0,0.99999946,-0.0,0.0,-0.0010565317,0.0,0.0,-0.001
1777227575437000,0.0,0.99999946,-0.0,0.0,-0.0010390757,0.0,0.0,-0.001
1777227575477000,0.0,0.99999934,-0.0,0.0,-0.0011424714,0.0,0.0,-0.001
1777227575533000,0.0,0.99999934,-0.0,0.0,-0.0011354916,0.0,0.0,-0.001
1777227575581000,0.0,0.9999994,-0.0,0.0,-0.0011286683,0.0,0.0,-0.001
1777227575629000,0.0,0.9999993,-0.0,0.0,-0.001192566,0.0,0.0,-0.001
1777227575677000,0.0,0.9999992,-0.0,0.0,-0.0012181806,0.0,0.0,-0.001
1777227575733000,0.0,0.9999991,-0.0,0.0,-0.0013340232,0.0,0.0,-0.001
1777227575781000,0.0,0.999999,-0.0,0.0,-0.0014414804,0.0,0.0,-0.001
1777227575829000,0.0,0.9999991,-0.0,0.0,-0.0013559164,0.0,0.0,-0.001
1777227575877000,0.0,0.999999,-0.0,0.0,-0.0014124624,0.0,0.0,-0.001
1777227575933000,0.0,0.99999905,-0.0,0.0,-0.0013569029,0.0,0.0,-0.001
1777227575981000,0.0,0.999999,-0.0,0.0,-0.0014043938,0.0,0.0,-0.001
1777227576029000,0.0,0.9999991,-0.0,0.0,-0.0013323493,0.0,0.0,-0.001
1777227576077000,0.0,0.9999992,-0.0,0.0,-0.0012233473,0.0,0.0,-0.001
1777227576133000,0.0,0.99999917,-0.0,0.0,-0.0012711056,0.0,0.0,-0.001
1777227576181000,0.0,0.99999917,-0.0,0.0,-0.0012839532,0.0,0.0,-0.001
1777227576229000,0.0,0.9999993,-0.0,0.0,-0.0011903945,0.0,0.0,-0.001
1777227576277000,0.0,0.9999994,-0.0,0.0,-0.0011102689,0.0,0.0,-0.001
1777227576333000,0.0,0.9999994,-0.0,0.0,-0.0010844164,0.0,0.0,-0.001
1777227576381000,0.0,0.99999946,-0.0,0.0,-0.0010392092,0.0,0.0,-0.001
1777227576437000,0.0,0.99999934,-0.0,0.0,-0.0011194099,0.0,0.0,-0.001
1777227576477000,0.0,0.99999934,-0.0,0.0,-0.0011160737,0.0,0.0,-0.001
1777227576533000,0.0,0.99999934,-0.0,0.0,-0.0011563238,0.0,0.0,-0.001
1777227576581000,0.0,0.99999934,-0.0,0.0,-0.0011484129,0.0,0.0,-0.001
1777227576629000,0.0,0.99999934,-0.0,0.0,-0.0011504765,0.0,0.0,-0.001
1777227576677000,0.0,0.99999934,-0.0,0.0,-0.0011524605,0.0,0.0,-0.001
1777227576733000,0.0,0.99999934,-0.0,0.0,-0.0011204709,0.0,0.0,-0.001
1777227576781000,0.0,0.9999994,-0.0,0.0,-0.0010776507,0.0,0.0,-0.001
1777227576837000,0.0,0.99999946,-0.0,0.0,-0.0010344321,0.0,0.0,-0.001
1777227576877000,0.0,0.99999946,-0.0,0.0,-0.0010138507,0.0,0.0,-0.001
1777227576933000,0.0,0.9999995,-0.0,0.0,-0.0009741907,0.0,0.0,-0.001
1777227576981000,0.0,0.99999946,-0.0,0.0,-0.0010311645,0.0,0.0,-0.001
1777227577029000,0.0,0.9999995,-0.0,0.0,-0.0009632352,0.0,0.0,-0.001
1777227577077000,0.0,0.9999995,-0.0,0.0,-0.0009745885,0.0,0.0,-0.001
1777227577133000,0.0,0.9999995,-0.0,0.0,-0.00098432,0.0,0.0,-0.001
1777227577181000,0.0,0.99999946,-0.0,0.0,-0.0010253727,0.0,0.0,-0.001
1777227577229000,0.0,0.99999946,-0.0,0.0,-0.0010578402,0.0,0.0,-0.001
1777227577277000,0.0,0.9999996,-0.0,0.0,-0.0009553519,0.0,0.0,-0.001
1777227577333000,0.0,0.9999996,-0.0,0.0,-0.00090728427,0.0,0.0,-0.001
1777227577381000,0.0,0.99999964,-0.0,0.0,-0.0008722314,0.0,0.0,-0.001
1777227577437000,0.0,0.9999995,-0.0,0.0,-0.0009987334,0.0,0.0,-0.001
1777227577485000,0.0,0.99999946,-0.0,0.0,-0.0010318267,0.0,0.0,-0.001
1777227577533000,0.0,0.9999995,-0.0,0.0,-0.00095886627,0.0,0.0,-0.001
