timestamp,voltage_v,current_a,current_average_a,discharged_mah,remaining,scale,time_remaining_s,temperature,voltage_cell_v[0],voltage_cell_v[1],voltage_cell_v[2],voltage_cell_v[3],voltage_cell_v[4],voltage_cell_v[5],voltage_cell_v[6],voltage_cell_v[7],voltage_cell_v[8],voltage_cell_v[9],voltage_cell_v[10],voltage_cell_v[11],voltage_cell_v[12],voltage_cell_v[13],max_cell_voltage_delta,full_charge_capacity_wh,remaining_capacity_wh,nominal_voltage,internal_resistance_estimate,ocv_estimate,ocv_estimate_filtered,volt_based_soc_estimate,voltage_prediction,prediction_error,estimation_covariance_norm,capacity,cycle_count,average_time_to_empty,manufacture_date,state_of_health,max_error,interface_error,faults,over_discharge_count,connected,cell_count,source,priority,id,is_powering_off,is_required,warning
1777227356549000,16.2,-1.0,0.27276638,-71.95552,0.9999466,1.0000058,nan,nan,0.0,0.0,0.0,0.0,0.0,0.0,0.0,0.0,0.0,0.0,0.0,0.0,0.0,0.0,0.0,0.0,0.0,0.0,0.005,16.18,16.18,0.98888874,0.0,0.0,6.0133185,0,0,0,0,0,0,0,0,0,1,4,0,0,1,0,0,0
1777227356561000,16.2,-1.0,0.27276638,-71.958855,0.9999466,1.0000058,nan,nan,0.0,0.0,0.0,0.0,0.0,0.0,0.0,0.0,0.0,0.0,0.0,0.0,0.0,0.0,0.0,0.0,0.0,0.0,0.005,16.18,16.18,0.98888874,0.0,0.0,6.0133185,0,0,0,0,0,0,0,0,0,1,4,0,0,1,0,0,0
1777227356749000,16.19436,-1.0,0.2717211,-72.01106,0.99966145,1.0000376,nan,nan,0.0,0.0,0.0,0.0,0.0,0.0,0.0,0.0,0.0,0.0,0.0,0.0,0.0,0.0,0.0,0.0,0.0,0.0,0.005,16.17436,16.18,0.98888874,0.0,0.0,6.0133185,0,0,0,0,0,0,0,0,0,1,4,0,0,1,0,0,0
1777227356949000,16.188362,-1.0,0.27063653,-72.066605,0.9988289,1.00013,nan,nan,0.0,0.0,0.0,0.0,0.0,0.0,0.0,0.0,0.0,0.0,0.0,0.0,0.0,0.0,0.0,0.0,0.0,0.0,0.005,16.168362,16.18,0.98888874,0.0,0.0,6.0133185,0,0,0,0,0,0,0,0,0,1,4,0,0,1,0,0,0
1777227357149000,16.182362,-1.0,0.26955622,-72.12215,0.99754715,1.0002726,nan,nan,0.0,0.0,0.0,0.0,0.0,0.0,0.0,0.0,0.0,0.0,0.0,0.0,0.0,0.0,0.0,0.0,0.0,0.0,0.005,16.162361,16.18,0.98888874,0.0,0.0,6.0133185,0,0,0,0,0,0,0,0,0,1,4,0,0,1,0,0,0
1777227357349000,16.176363,-1.0,0.26848027,-72.17769,0.9958916,1.0004567,nan,nan,0.0,0.0,0.0,0.0,0.0,0.0,0.0,0.0,0.0,0.0,0.0,0.0,0.0,0.0,0.0,0.0,0.0,0.0,0.005,16.156363,16.18,0.98888874,0.0,0.0,6.0133185,0,0,0,0,0,0,0,0,0,1,4,0,0,1,0,0,0
1777227357549000,16.170362,-1.0,0.26740864,-72.23323,0.9939337,1.0006745,nan,nan,0.0,0.0,0.0,0.0,0.0,0.0,0.0,0.0,0.0,0.0,0.0,0.0,0.0,0.0,0.0,0.0,0.0,0.0,0.005,16.150362,16.18,0.98888874,0.0,0.0,6.0133185,0,0,0,0,0,0,0,0,0,1,4,0,0,1,0,0,0
1777227357749000,16.164364,-1.0,0.26634124,-72.28877,0.99172497,1.0009203,nan,nan,0.0,0.0,0.0,0.0,0.0,0.0,0.0,0.0,0.0,0.0,0.0,0.0,0.0,0.0,0.0,0.0,0.0,0.0,0.005,16.144363,16.18,0.98888874,0.0,0.0,6.0133185,0,0,0,0,0,0,0,0,0,1,4,0,0,1,0,0,0
1777227357949000,16.158363,-1.0,0.2652781,-72.344315,0.9893179,1.0011883,nan,nan,0.0,0.0,0.0,0.0,0.0,0.0,0.0,0.0,0.0,0.0,0.0,0.0,0.0,0.0,0.0,0.0,0.0,0.0,0.005,16.138363,16.18,0.98888874,0.0,0.0,6.0133185,0,0,0,0,0,0,0,0,0,1,4,0,0,1,0,0,0
1777227358149000,16.152365,-1.0,0.26421922,-72.39986,0.986742,1.0014753,nan,nan,0.0,0.0,0.0,0.0,0.0,0.0,0.0,0.0,0.0,0.0,0.0,0.0,0.0,0.0,0.0,0.0,0.0,0.0,0.005,16.132364,16.18,0.98888874,0.0,0.0,6.0133185,0,0,0,0,0,0,0,0,0,1,4,0,0,1,0,0,0
1777227358349000,16.146364,-1.0,0.26316458,-72.4554,0.98402977,1.0017775,nan,nan,0.0,0.0,0.0,0.0,0.0,0.0,0.0,0.0,0.0,0.0,0.0,0.0,0.0,0.0,0.0,0.0,0.0,0.0,0.005,16.126364,16.18,0.98888874,0.0,0.0,6.0133185,0,0,0,0,0,0,0,0,0,1,4,0,0,1,0,0,0
1777227358549000,16.140366,-1.0,0.2621141,-72.51094,0.98120594,1.0020926,nan,nan,0.0,0.0,0.0,0.0,0.0,0.0,0.0,0.0,0.0,0.0,0.0,0.0,0.0,0.0,0.0,0.0,0.0,0.0,0.005,16.120365,16.18,0.98888874,0.0,0.0,6.0133185,0,0,0,0,0,0,0,0,0,1,4,0,0,1,0,0,0
1777227358749000,16.134365,-1.0,0.2610679,-72.56648,0.9782896,1.002418,nan,nan,0.0,0.0,0.0,0.0,0.0,0.0,0.0,0.0,0.0,0.0,0.0,0.0,0.0,0.0,0.0,0.0,0.0,0.0,0.005,16.114365,16.18,0.98888874,0.0,0.0,6.0133185,0,0,0,0,0,0,0,0,0,1,4,0,0,1,0,0,0
1777227358949000,16.128366,-1.0,0.2600258,-72.622025,0.9752989,1.0027522,nan,nan,0.0,0.0,0.0,0.0,0.0,0.0,0.0,0.0,0.0,0.0,0.0,0.0,0.0,0.0,0.0,0.0,0.0,0.0,0.005,16.108366,16.18,0.98888874,0.0,0.0,6.0133185,0,0,0,0,0,0,0,0,0,1,4,0,0,1,0,0,0
1777227359149000,16.122366,-1.0,0.2589879,-72.67757,0.97224617,1.0030934,nan,nan,0.0,0.0,0.0,0.0,0.0,0.0,0.0,0.0,0.0,0.0,0.0,0.0,0.0,0.0,0.0,0.0,0.0,0.0,0.005,16.102365,16.18,0.98888874,0.0,0.0,6.0133185,0,0,0,0,0,0,0,0,0,1,4,0,0,1,0,0,0
1777227359349000,16.116367,-1.0,0.25795415,-72.73311,0.9691429,1.0034403,nan,nan,0.0,0.0,0.0,0.0,0.0,0.0,0.0,0.0,0.0,0.0,0.0,0.0,0.0,0.0,0.0,0.0,0.0,0.0,0.005,16.096367,16.18,0.98888874,0.0,0.0,6.0133185,0,0,0,0,0,0,0,0,0,1,4,0,0,1,0,0,0
1777227359549000,16.110367,-1.0,0.25692448,-72.78865,0.96599865,1.0037923,nan,nan,0.0,0.0,0.0,0.0,0.0,0.0,0.0,0.0,0.0,0.0,0.0,0.0,0.0,0.0,0.0,0.0,0.0,0.0,0.005,16.090366,16.18,0.98888874,0.0,0.0,6.0133185,0,0,0,0,0,0,0,0,0,1,4,0,0,1,0,0,0
1777227359749000,16.104368,-1.0,0.25589895,-72.84419,0.9628191,1.0041484,nan,nan,0.0,0.0,0.0,0.0,0.0,0.0,0.0,0.0,0.0,0.0,0.0,0.0,0.0,0.0,0.0,0.0,0.0,0.0,0.005,16.084368,16.18,0.98888874,0.0,0.0,6.0133185,0,0,0,0,0,0,0,0,0,1,4,0,0,1,0,0,0
1777227359949000,16.098368,-1.0,0.2548775,-72.899734,0.9596119,1.0045078,nan,nan,0.0,0.0,0.0,0.0,0.0,0.0,0.0,0.0,0.0,0.0,0.0,0.0,0.0,0.0,0.0,0.0,0.0,0.0,0.005,16.078367,16.18,0.98888874,0.0,0.0,6.0133185,0,0,0,0,0,0,0,0,0,1,4,0,0,1,0,0,0
1777227360149000,16.09237,-1.0,0.25386015,-72.95528,0.9563818,1.00487,nan,nan,0.0,0.0,0.0,0.0,0.0,0.0,0.0,0.0,0.0,0.0,0.0,0.0,0.0,0.0,0.0,0.0,0.0,0.0,0.005,16.072369,16.18,0.98888874,0.0,0.0,6.0133185,0,0,0,0,0,0,0,0,0,1,4,0,0,1,0,0,0
1777227360349000,16.086369,-1.0,0.2528468,-73.01082,0.9531355,1.0052345,nan,nan,0.0,0.0,0.0,0.0,0.0,0.0,0.0,0.0,0.0,0.0,0.0,0.0,0.0,0.0,0.0,0.0,0.0,0.0,0.005,16.066368,16.18,0.98888874,0.0,0.0,6.0133185,0,0,0,0,0,0,0,0,0,1,4,0,0,1,0,0,0
1777227360549000,16.08037,-1.0,0.25183755,-73.06636,0.949872,1.005601,nan,nan,0.0,0.0,0.0,0.0,0.0,0.0,0.0,0.0,0.0,0.0,0.0,0.0,0.0,0.0,0.0,0.0,0.0,0.0,0.005,16.06037,16.18,0.98888874,0.0,0.0,6.0133185,0,0,0,0,0,0,0,0,0,1,4,0,0,1,0,0,0
1777227360749000,16.07437,-1.0,0.2508323,-73.1219,0.94659424,1.0059694,nan,nan,0.0,0.0,0.0,0.0,0.0,0.0,0.0,0.0,0.0,0.0,0.0,0.0,0.0,0.0,0.0,0.0,0.0,0.0,0.005,16.054369,16.18,0.98888874,0.0,0.0,6.0133185,0,0,0,0,0,0,0,0,0,1,4,0,0,1,0,0,0
1777227360941000,16.068611,-1.0,0.24989104,-73.175224,0.9434738,1.0063204,nan,nan,0.0,0.0,0.0,0.0,0.0,0.0,0.0,0.0,0.0,0.0,0.0,0.0,0.0,0.0,0.0,0.0,0.0,0.0,0.005,16.04861,16.18,0.98888874,0.0,0.0,6.0133185,0,0,0,0,0,0,0,0,0,1,4,0,0,1,0,0,0
1777227361149000,16.06237,-1.0,0.24883384,-73.23299,0.94001484,1.0067097,nan,nan,0.0,0.0,0.0,0.0,0.0,0.0,0.0,0.0,0.0,0.0,0.0,0.0,0.0,0.0,0.0,0.0,0.0,0.0,0.005,16.04237,16.18,0.98888874,0.0,0.0,6.0133185,0,0,0,0,0,0,0,0,0,1,4,0,0,1,0,0,0
1777227361349000,16.056372,-1.0,0.2478406,-73.28853,0.93670845,1.0070821,nan,nan,0.0,0.0,0.0,0.0,0.0,0.0,0.0,0.0,0.0,0.0,0.0,0.0,0.0,0.0,0.0,0.0,0.0,0.0,0.005,16.036371,16.18,0.98888874,0.0,0.0,6.0133185,0,0,0,0,0,0,0,0,0,1,4,0,0,1,0,0,0
1777227361549000,16.050371,-1.0,0.24685133,-73.34407,0.933403,1.0074549,nan,nan,0.0,0.0,0.0,0.0,0.0,0.0,0.0,0.0,0.0,0.0,0.0,0.0,0.0,0.0,0.0,0.0,0.0,0.0,0.005,16.03037,16.18,0.98888874,0.0,0.0,6.0133185,0,0,0,0,0,0,0,0,0,1,4,0,0,1,0,0,0
1777227361749000,16.044373,-1.0,0.24586597,-73.39961,0.9300947,1.0078281,nan,nan,0.0,0.0,0.0,0.0,0.0,0.0,0.0,0.0,0.0,0.0,0.0,0.0,0.0,0.0,0.0,0.0,0.0,0.0,0.005,16.024372,16.18,0.98888874,0.0,0.0,6.0133185,0,0,0,0,0,0,0,0,0,1,4,0,0,1,0,0,0
1777227361949000,16.038372,-1.0,0.24488461,-73.455154,0.92677784,1.0082026,nan,nan,0.0,0.0,0.0,0.0,0.0,0.0,0.0,0.0,0.0,0.0,0.0,0.0,0.0,0.0,0.0,0.0,0.0,0.0,0.005,16.018372,16.18,0.98888874,0.0,0.0,6.0133185,0,0,0,0,0,0,0,0,0,1,4,0,0,1,0,0,0
1777227362141000,16.032612,-1.0,0.24396563,-73.50848,0.92362404,1.0085588,nan,nan,0.0,0.0,0.0,0.0,0.0,0.0,0.0,0.0,0.0,0.0,0.0,0.0,0.0,0.0,0.0,0.0,0.0,0.0,0.005,16.012611,16.18,0.98888874,0.0,0.0,6.0133185,0,0,0,0,0,0,0,0,0,1,4,0,0,1,0,0,0
1777227362349000,16.026373,-1.0,0.24293354,-73.56624,0.9201307,1.0089538,nan,nan,0.0,0.0,0.0,0.0,0.0,0.0,0.0,0.0,0.0,0.0,0.0,0.0,0.0,0.0,0.0,0.0,0.0,0.0,0.005,16.006372,16.18,0.98888874,0.0,0.0,6.0133185,0,0,0,0,0,0,0,0,0,1,4,0,0,1,0,0,0
1777227362549000,16.020374,-1.0,0.24196383,-73.62178,0.91680336,1.0093303,nan,nan,0.0,0.0,0.0,0.0,0.0,0.0,0.0,0.0,0.0,0.0,0.0,0.0,0.0,0.0,0.0,0.0,0.0,0.0,0.005,16.000374,16.18,0.98888874,0.0,0.0,6.0133185,0,0,0,0,0,0,0,0,0,1,4,0,0,1,0,0,0
1777227362749000,16.014374,-1.0,0.24099801,-73.67732,0.913476,1.0097071,nan,nan,0.0,0.0,0.0,0.0,0.0,0.0,0.0,0.0,0.0,0.0,0.0,0.0,0.0,0.0,0.0,0.0,0.0,0.0,0.005,15.994373,16.18,0.98888874,0.0,0.0,6.0133185,0,0,0,0,0,0,0,0,0,1,4,0,0,1,0,0,0
1777227362949000,16.008375,-1.0,0.24003607,-73.732864,0.9101486,1.0100842,nan,nan,0.0,0.0,0.0,0.0,0.0,0.0,0.0,0.0,0.0,0.0,0.0,0.0,0.0,0.0,0.0,0.0,0.0,0.0,0.005,15.988375,16.18,0.98888874,0.0,0.0,6.0133185,0,0,0,0,0,0,0,0,0,1,4,0,0,1,0,0,0
1777227363149000,16.002375,-1.0,0.23907791,-73.78841,0.90682125,1.0104614,nan,nan,0.0,0.0,0.0,0.0,0.0,0.0,0.0,0.0,0.0,0.0,0.0,0.0,0.0,0.0,0.0,0.0,0.0,0.0,0.005,15.982374,16.18,0.98888874,0.0,0.0,6.0133185,0,0,0,0,0,0,0,0,0,1,4,0,0,1,0,0,0
1777227363349000,15.996375,-1.0,0.2381236,-73.84395,0.90349483,1.0108391,nan,nan,0.0,0.0,0.0,0.0,0.0,0.0,0.0,0.0,0.0,0.0,0.0,0.0,0.0,0.0,0.0,0.0,0.0,0.0,0.005,15.976375,16.18,0.98888874,0.0,0.0,6.0133185,0,0,0,0,0,0,0,0,0,1,4,0,0,1,0,0,0
1777227363549000,15.9903755,-1.0,0.23717314,-73.89949,0.90016747,1.011217,nan,nan,0.0,0.0,0.0,0.0,0.0,0.0,0.0,0.0,0.0,0.0,0.0,0.0,0.0,0.0,0.0,0.0,0.0,0.0,0.005,15.970375,16.18,0.98888874,0.0,0.0,6.0133185,0,0,0,0,0,0,0,0,0,1,4,0,0,1,0,0,0
1777227363749000,15.984376,-1.0,0.23622647,-73.95503,0.8968401,1.0115951,nan,nan,0.0,0.0,0.0,0.0,0.0,0.0,0.0,0.0,0.0,0.0,0.0,0.0,0.0,0.0,0.0,0.0,0.0,0.0,0.005,15.9643755,16.18,0.98888874,0.0,0.0,6.0133185,0,0,0,0,0,0,0,0,0,1,4,0,0,1,0,0,0
1777227363949000,15.978376,-1.0,0.23528352,-74.010574,0.8935127,1.0119736,nan,nan,0.0,0.0,0.0,0.0,0.0,0.0,0.0,0.0,0.0,0.0,0.0,0.0,0.0,0.0,0.0,0.0,0.0,0.0,0.005,15.958376,16.18,0.98888874,0.0,0.0,6.0133185,0,0,0,0,0,0,0,0,0,1,4,0,0,1,0,0,0
1777227364149000,15.972377,-1.0,0.23434438,-74.06612,0.89018536,1.0123523,nan,nan,0.0,0.0,0.0,0.0,0.0,0.0,0.0,0.0,0.0,0.0,0.0,0.0,0.0,0.0,0.0,0.0,0.0,0.0,0.005,15.952376,16.18,0.98888874,0.0,0.0,6.0133185,0,0,0,0,0,0,0,0,0,1,4,0,0,1,0,0,0
1777227364341000,15.966618,-1.0,0.23346497,-74.11944,0.88702106,1.0127127,nan,nan,0.0,0.0,0.0,0.0,0.0,0.0,0.0,0.0,0.0,0.0,0.0,0.0,0.0,0.0,0.0,0.0,0.0,0.0,0.005,15.946617,16.18,0.98888874,0.0,0.0,6.0133185,0,0,0,0,0,0,0,0,0,1,4,0,0,1,0,0,0
1777227364549000,15.960378,-1.0,0.23247726,-74.1772,0.88352203,1.0131116,nan,nan,0.0,0.0,0.0,0.0,0.0,0.0,0.0,0.0,0.0,0.0,0.0,0.0,0.0,0.0,0.0,0.0,0.0,0.0,0.005,15.940377,16.18,0.98888874,0.0,0.0,6.0133185,0,0,0,0,0,0,0,0,0,1,4,0,0,1,0,0,0
1777227364749000,15.954378,-1.0,0.2315493,-74.23274,0.8801899,1.0134919,nan,nan,0.0,0.0,0.0,0.0,0.0,0.0,0.0,0.0,0.0,0.0,0.0,0.0,0.0,0.0,0.0,0.0,0.0,0.0,0.005,15.934378,16.18,0.98888874,0.0,0.0,6.0133185,0,0,0,0,0,0,0,0,0,1,4,0,0,1,0,0,0
1777227364949000,15.948379,-1.0,0.23062505,-74.288284,0.8768568,1.0138724,nan,nan,0.0,0.0,0.0,0.0,0.0,0.0,0.0,0.0,0.0,0.0,0.0,0.0,0.0,0.0,0.0,0.0,0.0,0.0,0.005,15.928378,16.18,0.98888874,0.0,0.0,6.0133185,0,0,0,0,0,0,0,0,0,1,4,0,0,1,0,0,0
1777227365149000,15.942379,-1.0,0.22970445,-74.34383,0.87352467,1.0142531,nan,nan,0.0,0.0,0.0,0.0,0.0,0.0,0.0,0.0,0.0,0.0,0.0,0.0,0.0,0.0,0.0,0.0,0.0,0.0,0.005,15.922379,16.18,0.98888874,0.0,0.0,6.0133185,0,0,0,0,0,0,0,0,0,1,4,0,0,1,0,0,0
1777227365349000,15.936379,-1.0,0.22878759,-74.39937,0.8701925,1.0146341,nan,nan,0.0,0.0,0.0,0.0,0.0,0.0,0.0,0.0,0.0,0.0,0.0,0.0,0.0,0.0,0.0,0.0,0.0,0.0,0.005,15.916379,16.18,0.98888874,0.0,0.0,6.0133185,0,0,0,0,0,0,0,0,0,1,4,0,0,1,0,0,0
1777227365549000,15.93038,-1.0,0.2278744,-74.45491,0.86685944,1.0150155,nan,nan,0.0,0.0,0.0,0.0,0.0,0.0,0.0,0.0,0.0,0.0,0.0,0.0,0.0,0.0,0.0,0.0,0.0,0.0,0.005,15.910379,16.18,0.98888874,0.0,0.0,6.0133185,0,0,0,0,0,0,0,0,0,1,4,0,0,1,0,0,0
1777227365749000,15.92438,-1.0,0.22696482,-74.51045,0.8635273,1.0153972,nan,nan,0.0,0.0,0.0,0.0,0.0,0.0,0.0,0.0,0.0,0.0,0.0,0.0,0.0,0.0,0.0,0.0,0.0,0.0,0.005,15.90438,16.18,0.98888874,0.0,0.0,6.0133185,0,0,0,0,0,0,0,0,0,1,4,0,0,1,0,0,0
1777227365949000,15.918381,-1.0,0.22605883,-74.565994,0.8601942,1.015779,nan,nan,0.0,0.0,0.0,0.0,0.0,0.0,0.0,0.0,0.0,0.0,0.0,0.0,0.0,0.0,0.0,0.0,0.0,0.0,0.005,15.89838,16.18,0.98888874,0.0,0.0,6.0133185,0,0,0,0,0,0,0,0,0,1,4,0,0,1,0,0,0
1777227366149000,15.912381,-1.0,0.2251565,-74.62154,0.85686207,1.0161612,nan,nan,0.0,0.0,0.0,0.0,0.0,0.0,0.0,0.0,0.0,0.0,0.0,0.0,0.0,0.0,0.0,0.0,0.0,0.0,0.005,15.892381,16.18,0.98888874,0.0,0.0,6.0133185,0,0,0,0,0,0,0,0,0,1,4,0,0,1,0,0,0
1777227366349000,15.906382,-1.0,0.22425781,-74.67708,0.853529,1.0165437,nan,nan,0.0,0.0,0.0,0.0,0.0,0.0,0.0,0.0,0.0,0.0,0.0,0.0,0.0,0.0,0.0,0.0,0.0,0.0,0.005,15.886381,16.18,0.98888874,0.0,0.0,6.0133185,0,0,0,0,0,0,0,0,0,1,4,0,0,1,0,0,0
1777227366549000,15.900382,-1.0,0.22336262,-74.73262,0.85019684,1.0169265,nan,nan,0.0,0.0,0.0,0.0,0.0,0.0,0.0,0.0,0.0,0.0,0.0,0.0,0.0,0.0,0.0,0.0,0.0,0.0,0.005,15.880382,16.18,0.98888874,0.0,0.0,6.0133185,0,0,0,0,0,0,0,0,0,1,4,0,0,1,0,0,0
1777227366749000,15.894382,-1.0,0.22247107,-74.78816,0.84686375,1.0173095,nan,nan,0.0,0.0,0.0,0.0,0.0,0.0,0.0,0.0,0.0,0.0,0.0,0.0,0.0,0.0,0.0,0.0,0.0,0.0,0.005,15.874382,16.18,0.98888874,0.0,0.0,6.0133185,0,0,0,0,0,0,0,0,0,1,4,0,0,1,0,0,0
1777227366941000,15.888623,-1.0,0.22163622,-74.841484,0.84369755,1.0176739,nan,nan,0.0,0.0,0.0,0.0,0.0,0.0,0.0,0.0,0.0,0.0,0.0,0.0,0.0,0.0,0.0,0.0,0.0,0.0,0.005,15.868623,16.18,0.98888874,0.0,0.0,6.0133185,0,0,0,0,0,0,0,0,0,1,4,0,0,1,0,0,0
1777227367141000,15.882624,-1.0,0.22075155,-74.897026,0.8403654,1.0180575,nan,nan,0.0,0.0,0.0,0.0,0.0,0.0,0.0,0.0,0.0,0.0,0.0,0.0,0.0,0.0,0.0,0.0,0.0,0.0,0.005,15.862623,16.18,0.98888874,0.0,0.0,6.0133185,0,0,0,0,0,0,0,0,0,1,4,0,0,1,0,0,0
1777227367349000,15.876384,-1.0,0.21981764,-74.95479,0.8368664,1.0184605,nan,nan,0.0,0.0,0.0,0.0,0.0,0.0,0.0,0.0,0.0,0.0,0.0,0.0,0.0,0.0,0.0,0.0,0.0,0.0,0.005,15.856383,16.18,0.98888874,0.0,0.0,6.0133185,0,0,0,0,0,0,0,0,0,1,4,0,0,1,0,0,0
1777227367549000,15.870384,-1.0,0.21894023,-75.01033,0.83353424,1.0188447,nan,nan,0.0,0.0,0.0,0.0,0.0,0.0,0.0,0.0,0.0,0.0,0.0,0.0,0.0,0.0,0.0,0.0,0.0,0.0,0.005,15.850384,16.18,0.98888874,0.0,0.0,6.0133185,0,0,0,0,0,0,0,0,0,1,4,0,0,1,0,0,0
1777227367749000,15.864385,-1.0,0.21806629,-75.06587,0.83020115,1.0192293,nan,nan,0.0,0.0,0.0,0.0,0.0,0.0,0.0,0.0,0.0,0.0,0.0,0.0,0.0,0.0,0.0,0.0,0.0,0.0,0.005,15.844384,16.18,0.98888874,0.0,0.0,6.0133185,0,0,0,0,0,0,0,0,0,1,4,0,0,1,0,0,0
1777227367949000,15.858385,-1.0,0.21719587,-75.121414,0.826869,1.0196141,nan,nan,0.0,0.0,0.0,0.0,0.0,0.0,0.0,0.0,0.0,0.0,0.0,0.0,0.0,0.0,0.0,0.0,0.0,0.0,0.005,15.838385,16.18,0.98888874,0.0,0.0,6.0133185,0,0,0,0,0,0,0,0,0,1,4,0,0,1,0,0,0
1777227368149000,15.8523855,-1.0,0.21632892,-75.176956,0.8235359,1.0199991,nan,nan,0.0,0.0,0.0,0.0,0.0,0.0,0.0,0.0,0.0,0.0,0.0,0.0,0.0,0.0,0.0,0.0,0.0,0.0,0.005,15.832385,16.18,0.98888874,0.0,0.0,6.0133185,0,0,0,0,0,0,0,0,0,1,4,0,0,1,0,0,0
1777227368349000,15.846386,-1.0,0.21546541,-75.2325,0.8202038,1.0203846,nan,nan,0.0,0.0,0.0,0.0,0.0,0.0,0.0,0.0,0.0,0.0,0.0,0.0,0.0,0.0,0.0,0.0,0.0,0.0,0.005,15.8263855,16.18,0.98888874,0.0,0.0,6.0133185,0,0,0,0,0,0,0,0,0,1,4,0,0,1,0,0,0
1777227368549000,15.840386,-1.0,0.21460536,-75.28804,0.8168707,1.0207703,nan,nan,0.0,0.0,0.0,0.0,0.0,0.0,0.0,0.0,0.0,0.0,0.0,0.0,0.0,0.0,0.0,0.0,0.0,0.0,0.005,15.820386,16.18,0.98888874,0.0,0.0,6.0133185,0,0,0,0,0,0,0,0,0,1,4,0,0,1,0,0,0
1777227368749000,15.834387,-1.0,0.21374875,-75.34358,0.81353855,1.0211562,nan,nan,0.0,0.0,0.0,0.0,0.0,0.0,0.0,0.0,0.0,0.0,0.0,0.0,0.0,0.0,0.0,0.0,0.0,0.0,0.005,15.814386,16.18,0.98888874,0.0,0.0,6.0133185,0,0,0,0,0,0,0,0,0,1,4,0,0,1,0,0,0
1777227368949000,15.828387,-1.0,0.21289557,-75.399124,0.8102064,1.0215425,nan,nan,0.0,0.0,0.0,0.0,0.0,0.0,0.0,0.0,0.0,0.0,0.0,0.0,0.0,0.0,0.0,0.0,0.0,0.0,0.005,15.808387,16.18,0.98888874,0.0,0.0,6.0133185,0,0,0,0,0,0,0,0,0,1,4,0,0,1,0,0,0
1777227369149000,15.822388,-1.0,0.21204577,-75.454666,0.8068733,1.021929,nan,nan,0.0,0.0,0.0,0.0,0.0,0.0,0.0,0.0,0.0,0.0,0.0,0.0,0.0,0.0,0.0,0.0,0.0,0.0,0.005,15.802387,16.18,0.98888874,0.0,0.0,6.0133185,0,0,0,0,0,0,0,0,0,1,4,0,0,1,0,0,0
1777227369349000,15.816388,-1.0,0.21119936,-75.51021,0.8035412,1.0223159,nan,nan,0.0,0.0,0.0,0.0,0.0,0.0,0.0,0.0,0.0,0.0,0.0,0.0,0.0,0.0,0.0,0.0,0.0,0.0,0.005,15.796388,16.18,0.98888874,0.0,0.0,6.0133185,0,0,0,0,0,0,0,0,0,1,4,0,0,1,0,0,0
1777227369541000,15.810629,-1.0,0.21040682,-75.56353,0.800375,1.0226837,nan,nan,0.0,0.0,0.0,0.0,0.0,0.0,0.0,0.0,0.0,0.0,0.0,0.0,0.0,0.0,0.0,0.0,0.0,0.0,0.005,15.790628,16.18,0.98888874,0.0,0.0,6.0133185,0,0,0,0,0,0,0,0,0,1,4,0,0,1,0,0,0
1777227369749000,15.804389,-1.0,0.20951666,-75.62129,0.79687595,1.0230905,nan,nan,0.0,0.0,0.0,0.0,0.0,0.0,0.0,0.0,0.0,0.0,0.0,0.0,0.0,0.0,0.0,0.0,0.0,0.0,0.005,15.784389,16.18,0.98888874,0.0,0.0,6.0133185,0,0,0,0,0,0,0,0,0,1,4,0,0,1,0,0,0
1777227369949000,15.798389,-1.0,0.20868036,-75.676834,0.79354286,1.0234783,nan,nan,0.0,0.0,0.0,0.0,0.0,0.0,0.0,0.0,0.0,0.0,0.0,0.0,0.0,0.0,0.0,0.0,0.0,0.0,0.005,15.778389,16.18,0.98888874,0.0,0.0,6.0133185,0,0,0,0,0,0,0,0,0,1,4,0,0,1,0,0,0
1777227370149000,15.79239,-1.0,0.20784739,-75.732376,0.7902107,1.0238663,nan,nan,0.0,0.0,0.0,0.0,0.0,0.0,0.0,0.0,0.0,0.0,0.0,0.0,0.0,0.0,0.0,0.0,0.0,0.0,0.005,15.772389,16.18,0.98888874,0.0,0.0,6.0133185,0,0,0,0,0,0,0,0,0,1,4,0,0,1,0,0,0
1777227370349000,15.78639,-1.0,0.20701775,-75.78792,0.7868786,1.0242546,nan,nan,0.0,0.0,0.0,0.0,0.0,0.0,0.0,0.0,0.0,0.0,0.0,0.0,0.0,0.0,0.0,0.0,0.0,0.0,0.005,15.76639,16.18,0.98888874,0.0,0.0,6.0133185,0,0,0,0,0,0,0,0,0,1,4,0,0,1,0,0,0
1777227370549000,15.780391,-1.0,0.20619142,-75.84346,0.7835455,1.0246432,nan,nan,0.0,0.0,0.0,0.0,0.0,0.0,0.0,0.0,0.0,0.0,0.0,0.0,0.0,0.0,0.0,0.0,0.0,0.0,0.005,15.76039,16.18,0.98888874,0.0,0.0,6.0133185,0,0,0,0,0,0,0,0,0,1,4,0,0,1,0,0,0
1777227370749000,15.774391,-1.0,0.20536837,-75.899,0.78021336,1.025032,nan,nan,0.0,0.0,0.0,0.0,0.0,0.0,0.0,0.0,0.0,0.0,0.0,0.0,0.0,0.0,0.0,0.0,0.0,0.0,0.005,15.754391,16.18,0.98888874,0.0,0.0,6.0133185,0,0,0,0,0,0,0,0,0,1,4,0,0,1,0,0,0
1777227370949000,15.768392,-1.0,0.20454864,-75.954544,0.77688026,1.0254214,nan,nan,0.0,0.0,0.0,0.0,0.0,0.0,0.0,0.0,0.0,0.0,0.0,0.0,0.0,0.0,0.0,0.0,0.0,0.0,0.005,15.748391,16.18,0.98888874,0.0,0.0,6.0133185,0,0,0,0,0,0,0,0,0,1,4,0,0,1,0,0,0
1777227371149000,15.762392,-1.0,0.20373216,-76.010086,0.7735472,1.025811,nan,nan,0.0,0.0,0.0,0.0,0.0,0.0,0.0,0.0,0.0,0.0,0.0,0.0,0.0,0.0,0.0,0.0,0.0,0.0,0.005,15.742392,16.18,0.98888874,0.0,0.0,6.0133185,0,0,0,0,0,0,0,0,0,1,4,0,0,1,0,0,0
1777227371349000,15.7563925,-1.0,0.20291896,-76.06563,0.7702141,1.0262008,nan,nan,0.0,0.0,0.0,0.0,0.0,0.0,0.0,0.0,0.0,0.0,0.0,0.0,0.0,0.0,0.0,0.0,0.0,0.0,0.005,15.736392,16.18,0.98888874,0.0,0.0,6.0133185,0,0,0,0,0,0,0,0,0,1,4,0,0,1,0,0,0
1777227371549000,15.750393,-1.0,0.202109,-76.12117,0.766881,1.026591,nan,nan,0.0,0.0,0.0,0.0,0.0,0.0,0.0,0.0,0.0,0.0,0.0,0.0,0.0,0.0,0.0,0.0,0.0,0.0,0.005,15.730392,16.18,0.98888874,0.0,0.0,6.0133185,0,0,0,0,0,0,0,0,0,1,4,0,0,1,0,0,0
1777227371749000,15.744393,-1.0,0.20130226,-76.17671,0.7635479,1.0269814,nan,nan,0.0,0.0,0.0,0.0,0.0,0.0,0.0,0.0,0.0,0.0,0.0,0.0,0.0,0.0,0.0,0.0,0.0,0.0,0.005,15.724393,16.18,0.98888874,0.0,0.0,6.0133185,0,0,0,0,0,0,0,0,0,1,4,0,0,1,0,0,0
1777227371949000,15.738394,-1.0,0.20049874,-76.232254,0.7602148,1.0273721,nan,nan,0.0,0.0,0.0,0.0,0.0,0.0,0.0,0.0,0.0,0.0,0.0,0.0,0.0,0.0,0.0,0.0,0.0,0.0,0.005,15.718393,16.18,0.98888874,0.0,0.0,6.0133185,0,0,0,0,0,0,0,0,0,1,4,0,0,1,0,0,0
1777227372149000,15.732394,-1.0,0.19969843,-76.287796,0.7568817,1.0277631,nan,nan,0.0,0.0,0.0,0.0,0.0,0.0,0.0,0.0,0.0,0.0,0.0,0.0,0.0,0.0,0.0,0.0,0.0,0.0,0.005,15.712394,16.18,0.98888874,0.0,0.0,6.0133185,0,0,0,0,0,0,0,0,0,1,4,0,0,1,0,0,0
1777227372349000,15.726395,-1.0,0.19890131,-76.34334,0.7535486,1.0281545,nan,nan,0.0,0.0,0.0,0.0,0.0,0.0,0.0,0.0,0.0,0.0,0.0,0.0,0.0,0.0,0.0,0.0,0.0,0.0,0.005,15.706394,16.18,0.98888874,0.0,0.0,6.0133185,0,0,0,0,0,0,0,0,0,1,4,0,0,1,0,0,0
1777227372549000,15.720395,-1.0,0.19810738,-76.39888,0.75021553,1.0285461,nan,nan,0.0,0.0,0.0,0.0,0.0,0.0,0.0,0.0,0.0,0.0,0.0,0.0,0.0,0.0,0.0,0.0,0.0,0.0,0.005,15.700395,16.18,0.98888874,0.0,0.0,6.0133185,0,0,0,0,0,0,0,0,0,1,4,0,0,1,0,0,0
1777227372749000,15.7143955,-1.0,0.19731662,-76.45442,0.74688244,1.028938,nan,nan,0.0,0.0,0.0,0.0,0.0,0.0,0.0,0.0,0.0,0.0,0.0,0.0,0.0,0.0,0.0,0.0,0.0,0.0,0.005,15.694395,16.18,0.98888874,0.0,0.0,6.0133185,0,0,0,0,0,0,0,0,0,1,4,0,0,1,0,0,0
1777227372949000,15.708396,-1.0,0.19652902,-76.509964,0.74354935,1.0293303,nan,nan,0.0,0.0,0.0,0.0,0.0,0.0,0.0,0.0,0.0,0.0,0.0,0.0,0.0,0.0,0.0,0.0,0.0,0.0,0.005,15.6883955,16.18,0.98888874,0.0,0.0,6.0133185,0,0,0,0,0,0,0,0,0,1,4,0,0,1,0,0,0
1777227373149000,15.702396,-1.0,0.19574454,-76.565506,0.74021626,1.0297228,nan,nan,0.0,0.0,0.0,0.0,0.0,0.0,0.0,0.0,0.0,0.0,0.0,0.0,0.0,0.0,0.0,0.0,0.0,0.0,0.005,15.682396,16.18,0.98888874,0.0,0.0,6.0133185,0,0,0,0,0,0,0,0,0,1,4,0,0,1,0,0,0
1777227373341000,15.696637,-1.0,0.19501,-76.61883,0.7370491,1.030096,nan,nan,0.0,0.0,0.0,0.0,0.0,0.0,0.0,0.0,0.0,0.0,0.0,0.0,0.0,0.0,0.0,0.0,0.0,0.0,0.005,15.676637,16.18,0.98888874,0.0,0.0,6.0133185,0,0,0,0,0,0,0,0,0,1,4,0,0,1,0,0,0
1777227373549000,15.690397,-1.0,0.19418499,-76.67659,0.7335501,1.0305088,nan,nan,0.0,0.0,0.0,0.0,0.0,0.0,0.0,0.0,0.0,0.0,0.0,0.0,0.0,0.0,0.0,0.0,0.0,0.0,0.005,15.670397,16.18,0.98888874,0.0,0.0,6.0133185,0,0,0,0,0,0,0,0,0,1,4,0,0,1,0,0,0
1777227373749000,15.684398,-1.0,0.19340988,-76.73213,0.730217,1.0309023,nan,nan,0.0,0.0,0.0,0.0,0.0,0.0,0.0,0.0,0.0,0.0,0.0,0.0,0.0,0.0,0.0,0.0,0.0,0.0,0.005,15.664397,16.18,0.98888874,0.0,0.0,6.0133185,0,0,0,0,0,0,0,0,0,1,4,0,0,1,0,0,0
1777227373949000,15.678398,-1.0,0.19263785,-76.787674,0.7268839,1.031296,nan,nan,0.0,0.0,0.0,0.0,0.0,0.0,0.0,0.0,0.0,0.0,0.0,0.0,0.0,0.0,0.0,0.0,0.0,0.0,0.005,15.658398,16.18,0.98888874,0.0,0.0,6.0133185,0,0,0,0,0,0,0,0,0,1,4,0,0,1,0,0,0
1777227374149000,15.672399,-1.0,0.19186893,-76.843216,0.7235508,1.03169,nan,nan,0.0,0.0,0.0,0.0,0.0,0.0,0.0,0.0,0.0,0.0,0.0,0.0,0.0,0.0,0.0,0.0,0.0,0.0,0.005,15.652398,16.18,0.98888874,0.0,0.0,6.0133185,0,0,0,0,0,0,0,0,0,1,4,0,0,1,0,0,0
1777227374349000,15.666399,-1.0,0.19110307,-76.89876,0.7202177,1.0320843,nan,nan,0.0,0.0,0.0,0.0,0.0,0.0,0.0,0.0,0.0,0.0,0.0,0.0,0.0,0.0,0.0,0.0,0.0,0.0,0.005,15.646399,16.18,0.98888874,0.0,0.0,6.0133185,0,0,0,0,0,0,0,0,0,1,4,0,0,1,0,0,0
1777227374549000,15.660399,-1.0,0.19034025,-76.9543,0.7168846,1.032479,nan,nan,0.0,0.0,0.0,0.0,0.0,0.0,0.0,0.0,0.0,0.0,0.0,0.0,0.0,0.0,0.0,0.0,0.0,0.0,0.005,15.640399,16.18,0.98888874,0.0,0.0,6.0133185,0,0,0,0,0,0,0,0,0,1,4,0,0,1,0,0,0
1777227374749000,15.6544,-1.0,0.18958049,-77.00984,0.7135515,1.032874,nan,nan,0.0,0.0,0.0,0.0,0.0,0.0,0.0,0.0,0.0,0.0,0.0,0.0,0.0,0.0,0.0,0.0,0.0,0.0,0.005,15.634399,16.18,0.98888874,0.0,0.0,6.0133185,0,0,0,0,0,0,0,0,0,1,4,0,0,1,0,0,0
1777227374949000,15.6484,-1.0,0.18882376,-77.065384,0.7102184,1.0332692,nan,nan,0.0,0.0,0.0,0.0,0.0,0.0,0.0,0.0,0.0,0.0,0.0,0.0,0.0,0.0,0.0,0.0,0.0,0.0,0.005,15.6284,16.18,0.98888874,0.0,0.0,6.0133185,0,0,0,0,0,0,0,0,0,1,4,0,0,1,0,0,0
1777227375149000,15.642401,-1.0,0.18807004,-77.120926,0.70688534,1.0336647,nan,nan,0.0,0.0,0.0,0.0,0.0,0.0,0.0,0.0,0.0,0.0,0.0,0.0,0.0,0.0,0.0,0.0,0.0,0.0,0.005,15.6224,16.18,0.98888874,0.0,0.0,6.0133185,0,0,0,0,0,0,0,0,0,1,4,0,0,1,0,0,0
1777227375349000,15.636401,-1.0,0.18731935,-77.17647,0.70355225,1.0340606,nan,nan,0.0,0.0,0.0,0.0,0.0,0.0,0.0,0.0,0.0,0.0,0.0,0.0,0.0,0.0,0.0,0.0,0.0,0.0,0.005,15.616401,16.18,0.98888874,0.0,0.0,6.0133185,0,0,0,0,0,0,0,0,0,1,4,0,0,1,0,0,0
1777227375549000,15.630402,-1.0,0.18657164,-77.23201,0.70021915,1.0344567,nan,nan,0.0,0.0,0.0,0.0,0.0,0.0,0.0,0.0,0.0,0.0,0.0,0.0,0.0,0.0,0.0,0.0,0.0,0.0,0.005,15.610401,16.18,0.98888874,0.0,0.0,6.0133185,0,0,0,0,0,0,0,0,0,1,4,0,0,1,0,0,0
1777227375749000,15.624402,-1.0,0.18582691,-77.28755,0.69688606,1.0348532,nan,nan,0.0,0.0,0.0,0.0,0.0,0.0,0.0,0.0,0.0,0.0,0.0,0.0,0.0,0.0,0.0,0.0,0.0,0.0,0.005,15.604402,16.18,0.98888874,0.0,0.0,6.0133185,0,0,0,0,0,0,0,0,0,1,4,0,0,1,0,0,0
1777227375941000,15.618643,-1.0,0.18512958,-77.34087,0.6937189,1.0352302,nan,nan,0.0,0.0,0.0,0.0,0.0,0.0,0.0,0.0,0.0,0.0,0.0,0.0,0.0,0.0,0.0,0.0,0.0,0.0,0.005,15.598642,16.18,0.98888874,0.0,0.0,6.0133185,0,0,0,0,0,0,0,0,0,1,4,0,0,1,0,0,0
1777227376149000,15.612403,-1.0,0.1843464,-77.398636,0.6902189,1.035647,nan,nan,0.0,0.0,0.0,0.0,0.0,0.0,0.0,0.0,0.0,0.0,0.0,0.0,0.0,0.0,0.0,0.0,0.0,0.0,0.005,15.592402,16.18,0.98888874,0.0,0.0,6.0133185,0,0,0,0,0,0,0,0,0,1,4,0,0,1,0,0,0
1777227376349000,15.606403,-1.0,0.18361054,-77.45418,0.6868868,1.0360444,nan,nan,0.0,0.0,0.0,0.0,0.0,0.0,0.0,0.0,0.0,0.0,0.0,0.0,0.0,0.0,0.0,0.0,0.0,0.0,0.005,15.586403,16.18,0.98888874,0.0,0.0,6.0133185,0,0,0,0,0,0,0,0,0,1,4,0,0,1,0,0,0
1777227376549000,15.600404,-1.0,0.18287764,-77.50972,0.6835537,1.036442,nan,nan,0.0,0.0,0.0,0.0,0.0,0.0,0.0,0.0,0.0,0.0,0.0,0.0,0.0,0.0,0.0,0.0,0.0,0.0,0.005,15.580403,16.18,0.98888874,0.0,0.0,6.0133185,0,0,0,0,0,0,0,0,0,1,4,0,0,1,0,0,0
1777227376741000,15.594645,-1.0,0.18219139,-77.56304,0.68038654,1.0368202,nan,nan,0.0,0.0,0.0,0.0,0.0,0.0,0.0,0.0,0.0,0.0,0.0,0.0,0.0,0.0,0.0,0.0,0.0,0.0,0.005,15.574644,16.18,0.98888874,0.0,0.0,6.0133185,0,0,0,0,0,0,0,0,0,1,4,0,0,1,0,0,0
1777227376949000,15.588405,-1.0,0.18142062,-77.620804,0.6768875,1.0372384,nan,nan,0.0,0.0,0.0,0.0,0.0,0.0,0.0,0.0,0.0,0.0,0.0,0.0,0.0,0.0,0.0,0.0,0.0,0.0,0.005,15.568404,16.18,0.98888874,0.0,0.0,6.0133185,0,0,0,0,0,0,0,0,0,1,4,0,0,1,0,0,0
1777227377149000,15.582405,-1.0,0.18069647,-77.676346,0.6735544,1.0376369,nan,nan,0.0,0.0,0.0,0.0,0.0,0.0,0.0,0.0,0.0,0.0,0.0,0.0,0.0,0.0,0.0,0.0,0.0,0.0,0.005,15.562405,16.18,0.98888874,0.0,0.0,6.0133185,0,0,0,0,0,0,0,0,0,1,4,0,0,1,0,0,0
1777227377349000,15.576406,-1.0,0.1799752,-77.73189,0.6702213,1.0380359,nan,nan,0.0,0.0,0.0,0.0,0.0,0.0,0.0,0.0,0.0,0.0,0.0,0.0,0.0,0.0,0.0,0.0,0.0,0.0,0.005,15.556405,16.18,0.98888874,0.0,0.0,6.0133185,0,0,0,0,0,0,0,0,0,1,4,0,0,1,0,0,0
1777227377549000,15.570406,-1.0,0.17925681,-77.78743,0.66688824,1.038435,nan,nan,0.0,0.0,0.0,0.0,0.0,0.0,0.0,0.0,0.0,0.0,0.0,0.0,0.0,0.0,0.0,0.0,0.0,0.0,0.005,15.5504055,16.18,0.98888874,0.0,0.0,6.0133185,0,0,0,0,0,0,0,0,0,1,4,0,0,1,0,0,0
1777227377749000,15.564406,-1.0,0.17854127,-77.84297,0.66355515,1.0388346,nan,nan,0.0,0.0,0.0,0.0,0.0,0.0,0.0,0.0,0.0,0.0,0.0,0.0,0.0,0.0,0.0,0.0,0.0,0.0,0.005,15.544406,16.18,0.98888874,0.0,0.0,6.0133185,0,0,0,0,0,0,0,0,0,1,4,0,0,1,0,0,0
1777227377949000,15.558407,-1.0,0.17782862,-77.89851,0.66022205,1.0392344,nan,nan,0.0,0.0,0.0,0.0,0.0,0.0,0.0,0.0,0.0,0.0,0.0,0.0,0.0,0.0,0.0,0.0,0.0,0.0,0.005,15.538406,16.18,0.98888874,0.0,0.0,6.0133185,0,0,0,0,0,0,0,0,0,1,4,0,0,1,0,0,0
1777227378149000,15.552407,-1.0,0.1771188,-77.954056,0.65688896,1.0396345,nan,nan,0.0,0.0,0.0,0.0,0.0,0.0,0.0,0.0,0.0,0.0,0.0,0.0,0.0,0.0,0.0,0.0,0.0,0.0,0.005,15.532407,16.18,0.98888874,0.0,0.0,6.0133185,0,0,0,0,0,0,0,0,0,1,4,0,0,1,0,0,0
1777227378341000,15.546648,-1.0,0.17645416,-78.00738,0.6537218,1.040015,nan,nan,0.0,0.0,0.0,0.0,0.0,0.0,0.0,0.0,0.0,0.0,0.0,0.0,0.0,0.0,0.0,0.0,0.0,0.0,0.005,15.526648,16.18,0.98888874,0.0,0.0,6.0133185,0,0,0,0,0,0,0,0,0,1,4,0,0,1,0,0,0
1777227378549000,15.540408,-1.0,0.17570765,-78.06514,0.6502228,1.0404357,nan,nan,0.0,0.0,0.0,0.0,0.0,0.0,0.0,0.0,0.0,0.0,0.0,0.0,0.0,0.0,0.0,0.0,0.0,0.0,0.005,15.520408,16.18,0.98888874,0.0,0.0,6.0133185,0,0,0,0,0,0,0,0,0,1,4,0,0,1,0,0,0
1777227378749000,15.534409,-1.0,0.17500629,-78.12068,0.6468897,1.0408367,nan,nan,0.0,0.0,0.0,0.0,0.0,0.0,0.0,0.0,0.0,0.0,0.0,0.0,0.0,0.0,0.0,0.0,0.0,0.0,0.005,15.514408,16.18,0.98888874,0.0,0.0,6.0133185,0,0,0,0,0,0,0,0,0,1,4,0,0,1,0,0,0
1777227378949000,15.528409,-1.0,0.17430772,-78.17622,0.6435566,1.0412381,nan,nan,0.0,0.0,0.0,0.0,0.0,0.0,0.0,0.0,0.0,0.0,0.0,0.0,0.0,0.0,0.0,0.0,0.0,0.0,0.005,15.508409,16.18,0.98888874,0.0,0.0,6.0133185,0,0,0,0,0,0,0,0,0,1,4,0,0,1,0,0,0
1777227379149000,15.522409,-1.0,0.17361195,-78.231766,0.6402235,1.0416398,nan,nan,0.0,0.0,0.0,0.0,0.0,0.0,0.0,0.0,0.0,0.0,0.0,0.0,0.0,0.0,0.0,0.0,0.0,0.0,0.005,15.502409,16.18,0.98888874,0.0,0.0,6.0133185,0,0,0,0,0,0,0,0,0,1,4,0,0,1,0,0,0
1777227379349000,15.51641,-1.0,0.17291896,-78.28731,0.6368904,1.0420418,nan,nan,0.0,0.0,0.0,0.0,0.0,0.0,0.0,0.0,0.0,0.0,0.0,0.0,0.0,0.0,0.0,0.0,0.0,0.0,0.005,15.496409,16.18,0.98888874,0.0,0.0,6.0133185,0,0,0,0,0,0,0,0,0,1,4,0,0,1,0,0,0
1777227379549000,15.51041,-1.0,0.17222875,-78.34285,0.6335573,1.042444,nan,nan,0.0,0.0,0.0,0.0,0.0,0.0,0.0,0.0,0.0,0.0,0.0,0.0,0.0,0.0,0.0,0.0,0.0,0.0,0.005,15.49041,16.18,0.98888874,0.0,0.0,6.0133185,0,0,0,0,0,0,0,0,0,1,4,0,0,1,0,0,0
1777227379741000,15.504651,-1.0,0.17158245,-78.39618,0.63039017,1.0428267,nan,nan,0.0,0.0,0.0,0.0,0.0,0.0,0.0,0.0,0.0,0.0,0.0,0.0,0.0,0.0,0.0,0.0,0.0,0.0,0.005,15.484651,16.18,0.98888874,0.0,0.0,6.0133185,0,0,0,0,0,0,0,0,0,1,4,0,0,1,0,0,0
1777227379949000,15.498411,-1.0,0.17085655,-78.45394,0.62689114,1.0432496,nan,nan,0.0,0.0,0.0,0.0,0.0,0.0,0.0,0.0,0.0,0.0,0.0,0.0,0.0,0.0,0.0,0.0,0.0,0.0,0.005,15.478411,16.18,0.98888874,0.0,0.0,6.0133185,0,0,0,0,0,0,0,0,0,1,4,0,0,1,0,0,0
1777227380149000,15.492412,-1.0,0.17017455,-78.50948,0.62355804,1.0436528,nan,nan,0.0,0.0,0.0,0.0,0.0,0.0,0.0,0.0,0.0,0.0,0.0,0.0,0.0,0.0,0.0,0.0,0.0,0.0,0.005,15.472411,16.18,0.98888874,0.0,0.0,6.0133185,0,0,0,0,0,0,0,0,0,1,4,0,0,1,0,0,0
1777227380349000,15.486412,-1.0,0.1694953,-78.565025,0.62022495,1.0440563,nan,nan,0.0,0.0,0.0,0.0,0.0,0.0,0.0,0.0,0.0,0.0,0.0,0.0,0.0,0.0,0.0,0.0,0.0,0.0,0.005,15.466412,16.18,0.98888874,0.0,0.0,6.0133185,0,0,0,0,0,0,0,0,0,1,4,0,0,1,0,0,0
1777227380549000,15.4804125,-1.0,0.16881874,-78.62057,0.61689186,1.0444602,nan,nan,0.0,0.0,0.0,0.0,0.0,0.0,0.0,0.0,0.0,0.0,0.0,0.0,0.0,0.0,0.0,0.0,0.0,0.0,0.005,15.460412,16.18,0.98888874,0.0,0.0,6.0133185,0,0,0,0,0,0,0,0,0,1,4,0,0,1,0,0,0
1777227380749000,15.474413,-1.0,0.1681449,-78.67611,0.61355877,1.0448643,nan,nan,0.0,0.0,0.0,0.0,0.0,0.0,0.0,0.0,0.0,0.0,0.0,0.0,0.0,0.0,0.0,0.0,0.0,0.0,0.005,15.454412,16.18,0.98888874,0.0,0.0,6.0133185,0,0,0,0,0,0,0,0,0,1,4,0,0,1,0,0,0
1777227380949000,15.468413,-1.0,0.16747372,-78.73165,0.6102257,1.0452688,nan,nan,0.0,0.0,0.0,0.0,0.0,0.0,0.0,0.0,0.0,0.0,0.0,0.0,0.0,0.0,0.0,0.0,0.0,0.0,0.005,15.448413,16.18,0.98888874,0.0,0.0,6.0133185,0,0,0,0,0,0,0,0,0,1,4,0,0,1,0,0,0
1777227381149000,15.462414,-1.0,0.16680522,-78.78719,0.6068926,1.0456736,nan,nan,0.0,0.0,0.0,0.0,0.0,0.0,0.0,0.0,0.0,0.0,0.0,0.0,0.0,0.0,0.0,0.0,0.0,0.0,0.005,15.442413,16.18,0.98888874,0.0,0.0,6.0133185,0,0,0,0,0,0,0,0,0,1,4,0,0,1,0,0,0
1777227381349000,15.456414,-1.0,0.16613942,-78.842735,0.6035595,1.0460787,nan,nan,0.0,0.0,0.0,0.0,0.0,0.0,0.0,0.0,0.0,0.0,0.0,0.0,0.0,0.0,0.0,0.0,0.0,0.0,0.005,15.436414,16.18,0.98888874,0.0,0.0,6.0133185,0,0,0,0,0,0,0,0,0,1,4,0,0,1,0,0,0
1777227381549000,15.450415,-1.0,0.16547626,-78.89828,0.6002264,1.0464841,nan,nan,0.0,0.0,0.0,0.0,0.0,0.0,0.0,0.0,0.0,0.0,0.0,0.0,0.0,0.0,0.0,0.0,0.0,0.0,0.005,15.430414,16.18,0.98888874,0.0,0.0,6.0133185,0,0,0,0,0,0,0,0,0,1,4,0,0,1,0,0,0
1777227381749000,15.444415,-1.0,0.16481571,-78.95382,0.5968933,1.0468899,nan,nan,0.0,0.0,0.0,0.0,0.0,0.0,0.0,0.0,0.0,0.0,0.0,0.0,0.0,0.0,0.0,0.0,0.0,0.0,0.005,15.424415,16.18,0.98888874,0.0,0.0,6.0133185,0,0,0,0,0,0,0,0,0,1,4,0,0,1,0,0,0
1777227381949000,15.438416,-1.0,0.16415787,-79.00936,0.5935602,1.0472959,nan,nan,0.0,0.0,0.0,0.0,0.0,0.0,0.0,0.0,0.0,0.0,0.0,0.0,0.0,0.0,0.0,0.0,0.0,0.0,0.005,15.418415,16.18,0.98888874,0.0,0.0,6.0133185,0,0,0,0,0,0,0,0,0,1,4,0,0,1,0,0,0
1777227382149000,15.432416,-1.0,0.16350259,-79.0649,0.5902271,1.0477022,nan,nan,0.0,0.0,0.0,0.0,0.0,0.0,0.0,0.0,0.0,0.0,0.0,0.0,0.0,0.0,0.0,0.0,0.0,0.0,0.005,15.4124155,16.18,0.98888874,0.0,0.0,6.0133185,0,0,0,0,0,0,0,0,0,1,4,0,0,1,0,0,0
1777227382349000,15.426416,-1.0,0.16284996,-79.120445,0.58689404,1.0481089,nan,nan,0.0,0.0,0.0,0.0,0.0,0.0,0.0,0.0,0.0,0.0,0.0,0.0,0.0,0.0,0.0,0.0,0.0,0.0,0.005,15.406416,16.18,0.98888874,0.0,0.0,6.0133185,0,0,0,0,0,0,0,0,0,1,4,0,0,1,0,0,0
1777227382549000,15.420417,-1.0,0.1621999,-79.17599,0.58356094,1.0485159,nan,nan,0.0,0.0,0.0,0.0,0.0,0.0,0.0,0.0,0.0,0.0,0.0,0.0,0.0,0.0,0.0,0.0,0.0,0.0,0.005,15.400416,16.18,0.98888874,0.0,0.0,6.0133185,0,0,0,0,0,0,0,0,0,1,4,0,0,1,0,0,0
1777227382749000,15.414417,-1.0,0.16155249,-79.23153,0.58022785,1.0489233,nan,nan,0.0,0.0,0.0,0.0,0.0,0.0,0.0,0.0,0.0,0.0,0.0,0.0,0.0,0.0,0.0,0.0,0.0,0.0,0.005,15.394417,16.18,0.98888874,0.0,0.0,6.0133185,0,0,0,0,0,0,0,0,0,1,4,0,0,1,0,0,0
1777227382949000,15.408418,-1.0,0.1609076,-79.28707,0.57689476,1.0493308,nan,nan,0.0,0.0,0.0,0.0,0.0,0.0,0.0,0.0,0.0,0.0,0.0,0.0,0.0,0.0,0.0,0.0,0.0,0.0,0.005,15.388417,16.18,0.98888874,0.0,0.0,6.0133185,0,0,0,0,0,0,0,0,0,1,4,0,0,1,0,0,0
1777227383149000,15.402418,-1.0,0.16026536,-79.34261,0.57356167,1.0497388,nan,nan,0.0,0.0,0.0,0.0,0.0,0.0,0.0,0.0,0.0,0.0,0.0,0.0,0.0,0.0,0.0,0.0,0.0,0.0,0.005,15.382418,16.18,0.98888874,0.0,0.0,6.0133185,0,0,0,0,0,0,0,0,0,1,4,0,0,1,0,0,0
1777227383349000,15.396419,-1.0,0.15962566,-79.398155,0.5702286,1.050147,nan,nan,0.0,0.0,0.0,0.0,0.0,0.0,0.0,0.0,0.0,0.0,0.0,0.0,0.0,0.0,0.0,0.0,0.0,0.0,0.005,15.376418,16.18,0.98888874,0.0,0.0,6.0133185,0,0,0,0,0,0,0,0,0,1,4,0,0,1,0,0,0
1777227383549000,15.390419,-1.0,0.15898846,-79.4537,0.5668955,1.0505556,nan,nan,0.0,0.0,0.0,0.0,0.0,0.0,0.0,0.0,0.0,0.0,0.0,0.0,0.0,0.0,0.0,0.0,0.0,0.0,0.005,15.370419,16.18,0.98888874,0.0,0.0,6.0133185,0,0,0,0,0,0,0,0,0,1,4,0,0,1,0,0,0
1777227383749000,15.384419,-1.0,0.15835382,-79.50924,0.5635624,1.0509645,nan,nan,0.0,0.0,0.0,0.0,0.0,0.0,0.0,0.0,0.0,0.0,0.0,0.0,0.0,0.0,0.0,0.0,0.0,0.0,0.005,15.364419,16.18,0.98888874,0.0,0.0,6.0133185,0,0,0,0,0,0,0,0,0,1,4,0,0,1,0,0,0
1777227383949000,15.37842,-1.0,0.15772179,-79.56478,0.5602293,1.0513737,nan,nan,0.0,0.0,0.0,0.0,0.0,0.0,0.0,0.0,0.0,0.0,0.0,0.0,0.0,0.0,0.0,0.0,0.0,0.0,0.005,15.358419,16.18,0.98888874,0.0,0.0,6.0133185,0,0,0,0,0,0,0,0,0,1,4,0,0,1,0,0,0
1777227384149000,15.37242,-1.0,0.15709224,-79.62032,0.5568962,1.0517833,nan,nan,0.0,0.0,0.0,0.0,0.0,0.0,0.0,0.0,0.0,0.0,0.0,0.0,0.0,0.0,0.0,0.0,0.0,0.0,0.005,15.35242,16.18,0.98888874,0.0,0.0,6.0133185,0,0,0,0,0,0,0,0,0,1,4,0,0,1,0,0,0
1777227384349000,15.366421,-1.0,0.15646523,-79.675865,0.5535631,1.0521932,nan,nan,0.0,0.0,0.0,0.0,0.0,0.0,0.0,0.0,0.0,0.0,0.0,0.0,0.0,0.0,0.0,0.0,0.0,0.0,0.005,15.34642,16.18,0.98888874,0.0,0.0,6.0133185,0,0,0,0,0,0,0,0,0,1,4,0,0,1,0,0,0
1777227384549000,15.360421,-1.0,0.1558407,-79.73141,0.55023,1.0526032,nan,nan,0.0,0.0,0.0,0.0,0.0,0.0,0.0,0.0,0.0,0.0,0.0,0.0,0.0,0.0,0.0,0.0,0.0,0.0,0.005,15.340421,16.18,0.98888874,0.0,0.0,6.0133185,0,0,0,0,0,0,0,0,0,1,4,0,0,1,0,0,0
1777227384749000,15.354422,-1.0,0.15521865,-79.78695,0.54689693,1.0530138,nan,nan,0.0,0.0,0.0,0.0,0.0,0.0,0.0,0.0,0.0,0.0,0.0,0.0,0.0,0.0,0.0,0.0,0.0,0.0,0.005,15.334421,16.18,0.98888874,0.0,0.0,6.0133185,0,0,0,0,0,0,0,0,0,1,4,0,0,1,0,0,0
1777227384949000,15.348422,-1.0,0.15459909,-79.84249,0.54356384,1.0534246,nan,nan,0.0,0.0,0.0,0.0,0.0,0.0,0.0,0.0,0.0,0.0,0.0,0.0,0.0,0.0,0.0,0.0,0.0,0.0,0.005,15.328422,16.18,0.98888874,0.0,0.0,6.0133185,0,0,0,0,0,0,0,0,0,1,4,0,0,1,0,0,0
1777227385149000,15.3424225,-1.0,0.153982,-79.89803,0.54023075,1.0538357,nan,nan,0.0,0.0,0.0,0.0,0.0,0.0,0.0,0.0,0.0,0.0,0.0,0.0,0.0,0.0,0.0,0.0,0.0,0.0,0.005,15.322422,16.18,0.98888874,0.0,0.0,6.0133185,0,0,0,0,0,0,0,0,0,1,4,0,0,1,0,0,0
1777227385349000,15.336423,-1.0,0.1533674,-79.953575,0.53689766,1.0542471,nan,nan,0.0,0.0,0.0,0.0,0.0,0.0,0.0,0.0,0.0,0.0,0.0,0.0,0.0,0.0,0.0,0.0,0.0,0.0,0.005,15.316422,16.18,0.98888874,0.0,0.0,6.0133185,0,0,0,0,0,0,0,0,0,1,4,0,0,1,0,0,0
1777227385541000,15.330664,-1.0,0.15279189,-80.0069,0.5337305,1.0546384,nan,nan,0.0,0.0,0.0,0.0,0.0,0.0,0.0,0.0,0.0,0.0,0.0,0.0,0.0,0.0,0.0,0.0,0.0,0.0,0.005,15.310663,16.18,0.98888874,0.0,0.0,6.0133185,0,0,0,0,0,0,0,0,0,1,4,0,0,1,0,0,0
1777227385749000,15.324424,-1.0,0.15214555,-80.06466,0.5302315,1.055071,nan,nan,0.0,0.0,0.0,0.0,0.0,0.0,0.0,0.0,0.0,0.0,0.0,0.0,0.0,0.0,0.0,0.0,0.0,0.0,0.005,15.304423,16.18,0.98888874,0.0,0.0,6.0133185,0,0,0,0,0,0,0,0,0,1,4,0,0,1,0,0,0
1777227385941000,15.318665,-1.0,0.15157458,-80.11798,0.5270643,1.0554628,nan,nan,0.0,0.0,0.0,0.0,0.0,0.0,0.0,0.0,0.0,0.0,0.0,0.0,0.0,0.0,0.0,0.0,0.0,0.0,0.005,15.298664,16.18,0.98888874,0.0,0.0,6.0133185,0,0,0,0,0,0,0,0,0,1,4,0,0,1,0,0,0
1777227386149000,15.312425,-1.0,0.1509333,-80.17574,0.5235653,1.0558962,nan,nan,0.0,0.0,0.0,0.0,0.0,0.0,0.0,0.0,0.0,0.0,0.0,0.0,0.0,0.0,0.0,0.0,0.0,0.0,0.005,15.292424,16.18,0.98888874,0.0,0.0,6.0133185,0,0,0,0,0,0,0,0,0,1,4,0,0,1,0,0,0
1777227386349000,15.306425,-1.0,0.15033086,-80.231285,0.5202322,1.0563092,nan,nan,0.0,0.0,0.0,0.0,0.0,0.0,0.0,0.0,0.0,0.0,0.0,0.0,0.0,0.0,0.0,0.0,0.0,0.0,0.005,15.286425,16.18,0.98888874,0.0,0.0,6.0133185,0,0,0,0,0,0,0,0,0,1,4,0,0,1,0,0,0
1777227386549000,15.300426,-1.0,0.14973082,-80.28683,0.5168991,1.0567226,nan,nan,0.0,0.0,0.0,0.0,0.0,0.0,0.0,0.0,0.0,0.0,0.0,0.0,0.0,0.0,0.0,0.0,0.0,0.0,0.005,15.280425,16.18,0.98888874,0.0,0.0,6.0133185,0,0,0,0,0,0,0,0,0,1,4,0,0,1,0,0,0
1777227386741000,15.3,-1.0,0.14916891,-80.34015,0.51398754,1.057084,nan,nan,0.0,0.0,0.0,0.0,0.0,0.0,0.0,0.0,0.0,0.0,0.0,0.0,0.0,0.0,0.0,0.0,0.0,0.0,0.005,15.28,16.18,0.98888874,0.0,0.0,6.0133185,0,0,0,0,0,0,0,0,0,1,4,0,0,1,0,0,0
1777227386949000,15.3,-1.0,0.14853787,-80.39791,0.5113497,1.0574116,nan,nan,0.0,0.0,0.0,0.0,0.0,0.0,0.0,0.0,0.0,0.0,0.0,0.0,0.0,0.0,0.0,0.0,0.0,0.0,0.005,15.28,16.18,0.98888874,0.0,0.0,6.0133185,0,0,0,0,0,0,0,0,0,1,4,0,0,1,0,0,0
1777227387149000,15.3,-1.0,0.14794494,-80.45345,0.5093012,1.0576662,nan,nan,0.0,0.0,0.0,0.0,0.0,0.0,0.0,0.0,0.0,0.0,0.0,0.0,0.0,0.0,0.0,0.0,0.0,0.0,0.005,15.28,16.18,0.98888874,0.0,0.0,6.0133185,0,0,0,0,0,0,0,0,0,1,4,0,0,1,0,0,0
1777227387341000,15.3,-1.0,0.14738978,-80.506775,0.507699,1.0578654,nan,nan,0.0,0.0,0.0,0.0,0.0,0.0,0.0,0.0,0.0,0.0,0.0,0.0,0.0,0.0,0.0,0.0,0.0,0.0,0.005,15.28,16.18,0.98888874,0.0,0.0,6.0133185,0,0,0,0,0,0,0,0,0,1,4,0,0,1,0,0,0
1777227387549000,15.3,-1.0,0.14676623,-80.56454,0.5062475,1.0580459,nan,nan,0.0,0.0,0.0,0.0,0.0,0.0,0.0,0.0,0.0,0.0,0.0,0.0,0.0,0.0,0.0,0.0,0.0,0.0,0.005,15.28,16.18,0.98888874,0.0,0.0,6.0133185,0,0,0,0,0,0,0,0,0,1,4,0,0,1,0,0,0
1777227387749000,15.3,-1.0,0.14618042,-80.62008,0.5051174,1.0581864,nan,nan,0.0,0.0,0.0,0.0,0.0,0.0,0.0,0.0,0.0,0.0,0.0,0.0,0.0,0.0,0.0,0.0,0.0,0.0,0.005,15.28,16.18,0.98888874,0.0,0.0,6.0133185,0,0,0,0,0,0,0,0,0,1,4,0,0,1,0,0,0
1777227387949000,15.3,-1.0,0.1455969,-80.67562,0.50419426,1.0583013,nan,nan,0.0,0.0,0.0,0.0,0.0,0.0,0.0,0.0,0.0,0.0,0.0,0.0,0.0,0.0,0.0,0.0,0.0,0.0,0.005,15.28,16.18,0.98888874,0.0,0.0,6.0133185,0,0,0,0,0,0,0,0,0,1,4,0,0,1,0,0,0
1777227388149000,15.3,-1.0,0.14501576,-80.73116,0.5034361,1.0583956,nan,nan,0.0,0.0,0.0,0.0,0.0,0.0,0.0,0.0,0.0,0.0,0.0,0.0,0.0,0.0,0.0,0.0,0.0,0.0,0.005,15.28,16.18,0.98888874,0.0,0.0,6.0133185,0,0,0,0,0,0,0,0,0,1,4,0,0,1,0,0,0
1777227388349000,15.3,-1.0,0.14443693,-80.786705,0.5028162,1.0584729,nan,nan,0.0,0.0,0.0,0.0,0.0,0.0,0.0,0.0,0.0,0.0,0.0,0.0,0.0,0.0,0.0,0.0,0.0,0.0,0.005,15.28,16.18,0.98888874,0.0,0.0,6.0133185,0,0,0,0,0,0,0,0,0,1,4,0,0,1,0,0,0
1777227388541000,15.3,-1.0,0.1438949,-80.840034,0.5023308,1.0585333,nan,nan,0.0,0.0,0.0,0.0,0.0,0.0,0.0,0.0,0.0,0.0,0.0,0.0,0.0,0.0,0.0,0.0,0.0,0.0,0.005,15.28,16.18,0.98888874,0.0,0.0,6.0133185,0,0,0,0,0,0,0,0,0,1,4,0,0,1,0,0,0
1777227388749000,15.3,-1.0,0.14328614,-80.8978,0.50189114,1.058588,nan,nan,0.0,0.0,0.0,0.0,0.0,0.0,0.0,0.0,0.0,0.0,0.0,0.0,0.0,0.0,0.0,0.0,0.0,0.0,0.005,15.28,16.18,0.98888874,0.0,0.0,6.0133185,0,0,0,0,0,0,0,0,0,1,4,0,0,1,0,0,0
1777227388949000,15.3,-1.0,0.14271422,-80.95334,0.5015497,1.0586306,nan,nan,0.0,0.0,0.0,0.0,0.0,0.0,0.0,0.0,0.0,0.0,0.0,0.0,0.0,0.0,0.0,0.0,0.0,0.0,0.005,15.28,16.18,0.98888874,0.0,0.0,6.0133185,0,0,0,0,0,0,0,0,0,1,4,0,0,1,0,0,0
1777227389149000,15.3,-1.0,0.14214456,-81.00888,0.5012703,1.0586653,nan,nan,0.0,0.0,0.0,0.0,0.0,0.0,0.0,0.0,0.0,0.0,0.0,0.0,0.0,0.0,0.0,0.0,0.0,0.0,0.005,15.28,16.18,0.98888874,0.0,0.0,6.0133185,0,0,0,0,0,0,0,0,0,1,4,0,0,1,0,0,0
1777227389341000,15.3,-1.0,0.14161114,-81.0622,0.5010519,1.0586926,nan,nan,0.0,0.0,0.0,0.0,0.0,0.0,0.0,0.0,0.0,0.0,0.0,0.0,0.0,0.0,0.0,0.0,0.0,0.0,0.005,15.28,16.18,0.98888874,0.0,0.0,6.0133185,0,0,0,0,0,0,0,0,0,1,4,0,0,1,0,0,0
1777227389549000,15.3,-1.0,0.14101204,-81.119965,0.50085354,1.0587173,nan,nan,0.0,0.0,0.0,0.0,0.0,0.0,0.0,0.0,0.0,0.0,0.0,0.0,0.0,0.0,0.0,0.0,0.0,0.0,0.005,15.28,16.18,0.98888874,0.0,0.0,6.0133185,0,0,0,0,0,0,0,0,0,1,4,0,0,1,0,0,0
1777227389741000,15.3,-1.0,0.14048289,-81.17329,0.5007067,1.0587355,nan,nan,0.0,0.0,0.0,0.0,0.0,0.0,0.0,0.0,0.0,0.0,0.0,0.0,0.0,0.0,0.0,0.0,0.0,0.0,0.005,15.28,16.18,0.98888874,0.0,0.0,6.0133185,0,0,0,0,0,0,0,0,0,1,4,0,0,1,0,0,0
1777227389949000,15.3,-1.0,0.13988857,-81.23105,0.50057316,1.0587521,nan,nan,0.0,0.0,0.0,0.0,0.0,0.0,0.0,0.0,0.0,0.0,0.0,0.0,0.0,0.0,0.0,0.0,0.0,0.0,0.005,15.28,16.18,0.98888874,0.0,0.0,6.0133185,0,0,0,0,0,0,0,0,0,1,4,0,0,1,0,0,0
1777227390149000,15.3,-1.0,0.1393302,-81.28659,0.50047016,1.058765,nan,nan,0.0,0.0,0.0,0.0,0.0,0.0,0.0,0.0,0.0,0.0,0.0,0.0,0.0,0.0,0.0,0.0,0.0,0.0,0.005,15.28,16.18,0.98888874,0.0,0.0,6.0133185,0,0,0,0,0,0,0,0,0,1,4,0,0,1,0,0,0
1777227390349000,15.3,-1.0,0.13877405,-81.34213,0.5003853,1.0587755,nan,nan,0.0,0.0,0.0,0.0,0.0,0.0,0.0,0.0,0.0,0.0,0.0,0.0,0.0,0.0,0.0,0.0,0.0,0.0,0.005,15.28,16.18,0.98888874,0.0,0.0,6.0133185,0,0,0,0,0,0,0,0,0,1,4,0,0,1,0,0,0
1777227390549000,15.3,-1.0,0.13822013,-81.397675,0.50031567,1.0587842,nan,nan,0.0,0.0,0.0,0.0,0.0,0.0,0.0,0.0,0.0,0.0,0.0,0.0,0.0,0.0,0.0,0.0,0.0,0.0,0.005,15.28,16.18,0.98888874,0.0,0.0,6.0133185,0,0,0,0,0,0,0,0,0,1,4,0,0,1,0,0,0
1777227390749000,15.3,-1.0,0.1376684,-81.45322,0.50025845,1.0587913,nan,nan,0.0,0.0,0.0,0.0,0.0,0.0,0.0,0.0,0.0,0.0,0.0,0.0,0.0,0.0,0.0,0.0,0.0,0.0,0.005,15.28,16.18,0.98888874,0.0,0.0,6.0133185,0,0,0,0,0,0,0,0,0,1,4,0,0,1,0,0,0
1777227390949000,15.3,-1.0,0.13711889,-81.50876,0.50021267,1.058797,nan,nan,0.0,0.0,0.0,0.0,0.0,0.0,0.0,0.0,0.0,0.0,0.0,0.0,0.0,0.0,0.0,0.0,0.0,0.0,0.005,15.28,16.18,0.98888874,0.0,0.0,6.0133185,0,0,0,0,0,0,0,0,0,1,4,0,0,1,0,0,0
1777227391149000,15.3,-1.0,0.13657156,-81.5643,0.5001745,1.0588019,nan,nan,0.0,0.0,0.0,0.0,0.0,0.0,0.0,0.0,0.0,0.0,0.0,0.0,0.0,0.0,0.0,0.0,0.0,0.0,0.005,15.28,16.18,0.98888874,0.0,0.0,6.0133185,0,0,0,0,0,0,0,0,0,1,4,0,0,1,0,0,0
1777227391349000,15.3,-1.0,0.13602641,-81.61984,0.5001421,1.0588058,nan,nan,0.0,0.0,0.0,0.0,0.0,0.0,0.0,0.0,0.0,0.0,0.0,0.0,0.0,0.0,0.0,0.0,0.0,0.0,0.005,15.28,16.18,0.98888874,0.0,0.0,6.0133185,0,0,0,0,0,0,0,0,0,1,4,0,0,1,0,0,0
1777227391549000,15.3,-1.0,0.13548346,-81.675385,0.50011826,1.0588088,nan,nan,0.0,0.0,0.0,0.0,0.0,0.0,0.0,0.0,0.0,0.0,0.0,0.0,0.0,0.0,0.0,0.0,0.0,0.0,0.005,15.28,16.18,0.98888874,0.0,0.0,6.0133185,0,0,0,0,0,0,0,0,0,1,4,0,0,1,0,0,0
1777227391749000,15.3,-1.0,0.13494268,-81.73093,0.5000963,1.0588115,nan,nan,0.0,0.0,0.0,0.0,0.0,0.0,0.0,0.0,0.0,0.0,0.0,0.0,0.0,0.0,0.0,0.0,0.0,0.0,0.005,15.28,16.18,0.98888874,0.0,0.0,6.0133185,0,0,0,0,0,0,0,0,0,1,4,0,0,1,0,0,0
1777227391949000,15.3,-1.0,0.13440403,-81.78647,0.50007725,1.0588138,nan,nan,0.0,0.0,0.0,0.0,0.0,0.0,0.0,0.0,0.0,0.0,0.0,0.0,0.0,0.0,0.0,0.0,0.0,0.0,0.005,15.28,16.18,0.98888874,0.0,0.0,6.0133185,0,0,0,0,0,0,0,0,0,1,4,0,0,1,0,0,0
1777227392149000,15.3,-1.0,0.13386755,-81.84201,0.50006676,1.0588152,nan,nan,0.0,0.0,0.0,0.0,0.0,0.0,0.0,0.0,0.0,0.0,0.0,0.0,0.0,0.0,0.0,0.0,0.0,0.0,0.005,15.28,16.18,0.98888874,0.0,0.0,6.0133185,0,0,0,0,0,0,0,0,0,1,4,0,0,1,0,0,0
1777227392349000,15.3,-1.0,0.1333332,-81.89755,0.50005627,1.0588166,nan,nan,0.0,0.0,0.0,0.0,0.0,0.0,0.0,0.0,0.0,0.0,0.0,0.0,0.0,0.0,0.0,0.0,0.0,0.0,0.005,15.28,16.18,0.98888874,0.0,0.0,6.0133185,0,0,0,0,0,0,0,0,0,1,4,0,0,1,0,0,0
1777227392549000,15.3,-1.0,0.132801,-81.953094,0.5000458,1.0588179,nan,nan,0.0,0.0,0.0,0.0,0.0,0.0,0.0,0.0,0.0,0.0,0.0,0.0,0.0,0.0,0.0,0.0,0.0,0.0,0.005,15.28,16.18,0.98888874,0.0,0.0,6.0133185,0,0,0,0,0,0,0,0,0,1,4,0,0,1,0,0,0
1777227392749000,15.3,-1.0,0.13227092,-82.00864,0.5000353,1.0588192,nan,nan,0.0,0.0,0.0,0.0,0.0,0.0,0.0,0.0,0.0,0.0,0.0,0.0,0.0,0.0,0.0,0.0,0.0,0.0,0.005,15.28,16.18,0.98888874,0.0,0.0,6.0133185,0,0,0,0,0,0,0,0,0,1,4,0,0,1,0,0,0
1777227392949000,15.3,-1.0,0.13174294,-82.06418,0.5000267,1.0588202,nan,nan,0.0,0.0,0.0,0.0,0.0,0.0,0.0,0.0,0.0,0.0,0.0,0.0,0.0,0.0,0.0,0.0,0.0,0.0,0.005,15.28,16.18,0.98888874,0.0,0.0,6.0133185,0,0,0,0,0,0,0,0,0,1,4,0,0,1,0,0,0
1777227393149000,15.3,-1.0,0.13121709,-82.11972,0.5000267,1.0588202,nan,nan,0.0,0.0,0.0,0.0,0.0,0.0,0.0,0.0,0.0,0.0,0.0,0.0,0.0,0.0,0.0,0.0,0.0,0.0,0.005,15.28,16.18,0.98888874,0.0,0.0,6.0133185,0,0,0,0,0,0,0,0,0,1,4,0,0,1,0,0,0
1777227393341000,15.3,-1.0,0.13072468,-82.17304,0.5000267,1.0588202,nan,nan,0.0,0.0,0.0,0.0,0.0,0.0,0.0,0.0,0.0,0.0,0.0,0.0,0.0,0.0,0.0,0.0,0.0,0.0,0.005,15.28,16.18,0.98888874,0.0,0.0,6.0133185,0,0,0,0,0,0,0,0,0,1,4,0,0,1,0,0,0
1777227393549000,15.3,-1.0,0.13017164,-82.230804,0.5000267,1.0588202,nan,nan,0.0,0.0,0.0,0.0,0.0,0.0,0.0,0.0,0.0,0.0,0.0,0.0,0.0,0.0,0.0,0.0,0.0,0.0,0.005,15.28,16.18,0.98888874,0.0,0.0,6.0133185,0,0,0,0,0,0,0,0,0,1,4,0,0,1,0,0,0
1777227393749000,15.3,-1.0,0.12965205,-82.28635,0.5000267,1.0588202,nan,nan,0.0,0.0,0.0,0.0,0.0,0.0,0.0,0.0,0.0,0.0,0.0,0.0,0.0,0.0,0.0,0.0,0.0,0.0,0.005,15.28,16.18,0.98888874,0.0,0.0,6.0133185,0,0,0,0,0,0,0,0,0,1,4,0,0,1,0,0,0
1777227393949000,15.3,-1.0,0.12913452,-82.34189,0.5000267,1.0588202,nan,nan,0.0,0.0,0.0,0.0,0.0,0.0,0.0,0.0,0.0,0.0,0.0,0.0,0.0,0.0,0.0,0.0,0.0,0.0,0.005,15.28,16.18,0.98888874,0.0,0.0,6.0133185,0,0,0,0,0,0,0,0,0,1,4,0,0,1,0,0,0
1777227394149000,15.3,-1.0,0.12861907,-82.39743,0.5000267,1.0588202,nan,nan,0.0,0.0,0.0,0.0,0.0,0.0,0.0,0.0,0.0,0.0,0.0,0.0,0.0,0.0,0.0,0.0,0.0,0.0,0.005,15.28,16.18,0.98888874,0.0,0.0,6.0133185,0,0,0,0,0,0,0,0,0,1,4,0,0,1,0,0,0
1777227394349000,15.3,-1.0,0.12810567,-82.45297,0.5000267,1.0588202,nan,nan,0.0,0.0,0.0,0.0,0.0,0.0,0.0,0.0,0.0,0.0,0.0,0.0,0.0,0.0,0.0,0.0,0.0,0.0,0.005,15.28,16.18,0.98888874,0.0,0.0,6.0133185,0,0,0,0,0,0,0,0,0,1,4,0,0,1,0,0,0
1777227394549000,15.3,-1.0,0.12759432,-82.508514,0.5000267,1.0588202,nan,nan,0.0,0.0,0.0,0.0,0.0,0.0,0.0,0.0,0.0,0.0,0.0,0.0,0.0,0.0,0.0,0.0,0.0,0.0,0.005,15.28,16.18,0.98888874,0.0,0.0,6.0133185,0,0,0,0,0,0,0,0,0,1,4,0,0,1,0,0,0
1777227394749000,15.3,-1.0,0.12708502,-82.56406,0.5000267,1.0588202,nan,nan,0.0,0.0,0.0,0.0,0.0,0.0,0.0,0.0,0.0,0.0,0.0,0.0,0.0,0.0,0.0,0.0,0.0,0.0,0.005,15.28,16.18,0.98888874,0.0,0.0,6.0133185,0,0,0,0,0,0,0,0,0,1,4,0,0,1,0,0,0
1777227394949000,15.3,-1.0,0.12657775,-82.6196,0.5000267,1.0588202,nan,nan,0.0,0.0,0.0,0.0,0.0,0.0,0.0,0.0,0.0,0.0,0.0,0.0,0.0,0.0,0.0,0.0,0.0,0.0,0.005,15.28,16.18,0.98888874,0.0,0.0,6.0133185,0,0,0,0,0,0,0,0,0,1,4,0,0,1,0,0,0
1777227395149000,15.3,-1.0,0.1260725,-82.67514,0.5000267,1.0588202,nan,nan,0.0,0.0,0.0,0.0,0.0,0.0,0.0,0.0,0.0,0.0,0.0,0.0,0.0,0.0,0.0,0.0,0.0,0.0,0.005,15.28,16.18,0.98888874,0.0,0.0,6.0133185,0,0,0,0,0,0,0,0,0,1,4,0,0,1,0,0,0
1777227395349000,15.3,-1.0,0.12556928,-82.73068,0.5000267,1.0588202,nan,nan,0.0,0.0,0.0,0.0,0.0,0.0,0.0,0.0,0.0,0.0,0.0,0.0,0.0,0.0,0.0,0.0,0.0,0.0,0.005,15.28,16.18,0.98888874,0.0,0.0,6.0133185,0,0,0,0,0,0,0,0,0,1,4,0,0,1,0,0,0
1777227395541000,15.3,-1.0,0.12509808,-82.784004,0.5000267,1.0588202,nan,nan,0.0,0.0,0.0,0.0,0.0,0.0,0.0,0.0,0.0,0.0,0.0,0.0,0.0,0.0,0.0,0.0,0.0,0.0,0.005,15.28,16.18,0.98888874,0.0,0.0,6.0133185,0,0,0,0,0,0,0,0,0,1,4,0,0,1,0,0,0
1777227395749000,15.3,-1.0,0.124568835,-82.84177,0.5000267,1.0588202,nan,nan,0.0,0.0,0.0,0.0,0.0,0.0,0.0,0.0,0.0,0.0,0.0,0.0,0.0,0.0,0.0,0.0,0.0,0.0,0.005,15.28,16.18,0.98888874,0.0,0.0,6.0133185,0,0,0,0,0,0,0,0,0,1,4,0,0,1,0,0,0
1777227395949000,15.3,-1.0,0.12407161,-82.89731,0.5000267,1.0588202,nan,nan,0.0,0.0,0.0,0.0,0.0,0.0,0.0,0.0,0.0,0.0,0.0,0.0,0.0,0.0,0.0,0.0,0.0,0.0,0.005,15.28,16.18,0.98888874,0.0,0.0,6.0133185,0,0,0,0,0,0,0,0,0,1,4,0,0,1,0,0,0
1777227396141000,15.3,-1.0,0.123606026,-82.95063,0.5000267,1.0588202,nan,nan,0.0,0.0,0.0,0.0,0.0,0.0,0.0,0.0,0.0,0.0,0.0,0.0,0.0,0.0,0.0,0.0,0.0,0.0,0.005,15.28,16.18,0.98888874,0.0,0.0,6.0133185,0,0,0,0,0,0,0,0,0,1,4,0,0,1,0,0,0
1777227396349000,15.3,-1.0,0.12308311,-83.00839,0.5000267,1.0588202,nan,nan,0.0,0.0,0.0,0.0,0.0,0.0,0.0,0.0,0.0,0.0,0.0,0.0,0.0,0.0,0.0,0.0,0.0,0.0,0.005,15.28,16.18,0.98888874,0.0,0.0,6.0133185,0,0,0,0,0,0,0,0,0,1,4,0,0,1,0,0,0
1777227396549000,15.3,-1.0,0.12259181,-83.063934,0.5000267,1.0588202,nan,nan,0.0,0.0,0.0,0.0,0.0,0.0,0.0,0.0,0.0,0.0,0.0,0.0,0.0,0.0,0.0,0.0,0.0,0.0,0.005,15.28,16.18,0.98888874,0.0,0.0,6.0133185,0,0,0,0,0,0,0,0,0,1,4,0,0,1,0,0,0
1777227396749000,15.3,-1.0,0.12210248,-83.11948,0.5000267,1.0588202,nan,nan,0.0,0.0,0.0,0.0,0.0,0.0,0.0,0.0,0.0,0.0,0.0,0.0,0.0,0.0,0.0,0.0,0.0,0.0,0.005,15.28,16.18,0.98888874,0.0,0.0,6.0133185,0,0,0,0,0,0,0,0,0,1,4,0,0,1,0,0,0
1777227396949000,15.3,-1.0,0.1216151,-83.17502,0.5000267,1.0588202,nan,nan,0.0,0.0,0.0,0.0,0.0,0.0,0.0,0.0,0.0,0.0,0.0,0.0,0.0,0.0,0.0,0.0,0.0,0.0,0.005,15.28,16.18,0.98888874,0.0,0.0,6.0133185,0,0,0,0,0,0,0,0,0,1,4,0,0,1,0,0,0
1777227397149000,15.3,-1.0,0.12112966,-83.23056,0.5000267,1.0588202,nan,nan,0.0,0.0,0.0,0.0,0.0,0.0,0.0,0.0,0.0,0.0,0.0,0.0,0.0,0.0,0.0,0.0,0.0,0.0,0.005,15.28,16.18,0.98888874,0.0,0.0,6.0133185,0,0,0,0,0,0,0,0,0,1,4,0,0,1,0,0,0
1777227397349000,15.3,-1.0,0.12064614,-83.2861,0.5000267,1.0588202,nan,nan,0.0,0.0,0.0,0.0,0.0,0.0,0.0,0.0,0.0,0.0,0.0,0.0,0.0,0.0,0.0,0.0,0.0,0.0,0.005,15.28,16.18,0.98888874,0.0,0.0,6.0133185,0,0,0,0,0,0,0,0,0,1,4,0,0,1,0,0,0
1777227397549000,15.3,-1.0,0.12016459,-83.341644,0.5000267,1.0588202,nan,nan,0.0,0.0,0.0,0.0,0.0,0.0,0.0,0.0,0.0,0.0,0.0,0.0,0.0,0.0,0.0,0.0,0.0,0.0,0.005,15.28,16.18,0.98888874,0.0,0.0,6.0133185,0,0,0,0,0,0,0,0,0,1,4,0,0,1,0,0,0
1777227397749000,15.3,-1.0,0.11968494,-83.39719,0.5000267,1.0588202,nan,nan,0.0,0.0,0.0,0.0,0.0,0.0,0.0,0.0,0.0,0.0,0.0,0.0,0.0,0.0,0.0,0.0,0.0,0.0,0.005,15.28,16.18,0.98888874,0.0,0.0,6.0133185,0,0,0,0,0,0,0,0,0,1,4,0,0,1,0,0,0
1777227397949000,15.3,-1.0,0.11920718,-83.45273,0.5000267,1.0588202,nan,nan,0.0,0.0,0.0,0.0,0.0,0.0,0.0,0.0,0.0,0.0,0.0,0.0,0.0,0.0,0.0,0.0,0.0,0.0,0.005,15.28,16.18,0.98888874,0.0,0.0,6.0133185,0,0,0,0,0,0,0,0,0,1,4,0,0,1,0,0,0
1777227398141000,15.3,-1.0,0.11875987,-83.50605,0.5000267,1.0588202,nan,nan,0.0,0.0,0.0,0.0,0.0,0.0,0.0,0.0,0.0,0.0,0.0,0.0,0.0,0.0,0.0,0.0,0.0,0.0,0.005,15.28,16.18,0.98888874,0.0,0.0,6.0133185,0,0,0,0,0,0,0,0,0,1,4,0,0,1,0,0,0
1777227398349000,15.3,-1.0,0.11825747,-83.56381,0.5000267,1.0588202,nan,nan,0.0,0.0,0.0,0.0,0.0,0.0,0.0,0.0,0.0,0.0,0.0,0.0,0.0,0.0,0.0,0.0,0.0,0.0,0.005,15.28,16.18,0.98888874,0.0,0.0,6.0133185,0,0,0,0,0,0,0,0,0,1,4,0,0,1,0,0,0
1777227398549000,15.3,-1.0,0.11778544,-83.619354,0.5000267,1.0588202,nan,nan,0.0,0.0,0.0,0.0,0.0,0.0,0.0,0.0,0.0,0.0,0.0,0.0,0.0,0.0,0.0,0.0,0.0,0.0,0.005,15.28,16.18,0.98888874,0.0,0.0,6.0133185,0,0,0,0,0,0,0,0,0,1,4,0,0,1,0,0,0
1777227398749000,15.3,-1.0,0.11731527,-83.6749,0.5000267,1.0588202,nan,nan,0.0,0.0,0.0,0.0,0.0,0.0,0.0,0.0,0.0,0.0,0.0,0.0,0.0,0.0,0.0,0.0,0.0,0.0,0.005,15.28,16.18,0.98888874,0.0,0.0,6.0133185,0,0,0,0,0,0,0,0,0,1,4,0,0,1,0,0,0
1777227398949000,15.3,-1.0,0.116847,-83.73044,0.5000267,1.0588202,nan,nan,0.0,0.0,0.0,0.0,0.0,0.0,0.0,0.0,0.0,0.0,0.0,0.0,0.0,0.0,0.0,0.0,0.0,0.0,0.005,15.28,16.18,0.98888874,0.0,0.0,6.0133185,0,0,0,0,0,0,0,0,0,1,4,0,0,1,0,0,0
1777227399149000,15.3,-1.0,0.116380595,-83.78598,0.5000267,1.0588202,nan,nan,0.0,0.0,0.0,0.0,0.0,0.0,0.0,0.0,0.0,0.0,0.0,0.0,0.0,0.0,0.0,0.0,0.0,0.0,0.005,15.28,16.18,0.98888874,0.0,0.0,6.0133185,0,0,0,0,0,0,0,0,0,1,4,0,0,1,0,0,0
1777227399349000,15.3,-1.0,0.11591605,-83.84152,0.5000267,1.0588202,nan,nan,0.0,0.0,0.0,0.0,0.0,0.0,0.0,0.0,0.0,0.0,0.0,0.0,0.0,0.0,0.0,0.0,0.0,0.0,0.005,15.28,16.18,0.98888874,0.0,0.0,6.0133185,0,0,0,0,0,0,0,0,0,1,4,0,0,1,0,0,0
1777227399549000,15.3,-1.0,0.11545336,-83.897064,0.5000267,1.0588202,nan,nan,0.0,0.0,0.0,0.0,0.0,0.0,0.0,0.0,0.0,0.0,0.0,0.0,0.0,0.0,0.0,0.0,0.0,0.0,0.005,15.28,16.18,0.98888874,0.0,0.0,6.0133185,0,0,0,0,0,0,0,0,0,1,4,0,0,1,0,0,0
1777227399749000,15.3,-1.0,0.11499251,-83.95261,0.5000267,1.0588202,nan,nan,0.0,0.0,0.0,0.0,0.0,0.0,0.0,0.0,0.0,0.0,0.0,0.0,0.0,0.0,0.0,0.0,0.0,0.0,0.005,15.28,16.18,0.98888874,0.0,0.0,6.0133185,0,0,0,0,0,0,0,0,0,1,4,0,0,1,0,0,0
1777227399949000,15.3,-1.0,0.114533514,-84.00815,0.5000267,1.0588202,nan,nan,0.0,0.0,0.0,0.0,0.0,0.0,0.0,0.0,0.0,0.0,0.0,0.0,0.0,0.0,0.0,0.0,0.0,0.0,0.005,15.28,16.18,0.98888874,0.0,0.0,6.0133185,0,0,0,0,0,0,0,0,0,1,4,0,0,1,0,0,0
1777227400149000,15.3,-1.0,0.11407636,-84.06369,0.5000267,1.0588202,nan,nan,0.0,0.0,0.0,0.0,0.0,0.0,0.0,0.0,0.0,0.0,0.0,0.0,0.0,0.0,0.0,0.0,0.0,0.0,0.005,15.28,16.18,0.98888874,0.0,0.0,6.0133185,0,0,0,0,0,0,0,0,0,1,4,0,0,1,0,0,0
1777227400349000,15.3,-1.0,0.11362103,-84.11923,0.5000267,1.0588202,nan,nan,0.0,0.0,0.0,0.0,0.0,0.0,0.0,0.0,0.0,0.0,0.0,0.0,0.0,0.0,0.0,0.0,0.0,0.0,0.005,15.28,16.18,0.98888874,0.0,0.0,6.0133185,0,0,0,0,0,0,0,0,0,1,4,0,0,1,0,0,0
1777227400549000,15.3,-1.0,0.11316747,-84.174774,0.5000267,1.0588202,nan,nan,0.0,0.0,0.0,0.0,0.0,0.0,0.0,0.0,0.0,0.0,0.0,0.0,0.0,0.0,0.0,0.0,0.0,0.0,0.005,15.28,16.18,0.98888874,0.0,0.0,6.0133185,0,0,0,0,0,0,0,0,0,1,4,0,0,1,0,0,0
1777227400749000,15.3,-1.0,0.11271575,-84.230316,0.5000267,1.0588202,nan,nan,0.0,0.0,0.0,0.0,0.0,0.0,0.0,0.0,0.0,0.0,0.0,0.0,0.0,0.0,0.0,0.0,0.0,0.0,0.005,15.28,16.18,0.98888874,0.0,0.0,6.0133185,0,0,0,0,0,0,0,0,0,1,4,0,0,1,0,0,0
1777227400949000,15.3,-1.0,0.11226586,-84.28586,0.5000267,1.0588202,nan,nan,0.0,0.0,0.0,0.0,0.0,0.0,0.0,0.0,0.0,0.0,0.0,0.0,0.0,0.0,0.0,0.0,0.0,0.0,0.005,15.28,16.18,0.98888874,0.0,0.0,6.0133185,0,0,0,0,0,0,0,0,0,1,4,0,0,1,0,0,0
1777227401149000,15.3,-1.0,0.11181772,-84.3414,0.5000267,1.0588202,nan,nan,0.0,0.0,0.0,0.0,0.0,0.0,0.0,0.0,0.0,0.0,0.0,0.0,0.0,0.0,0.0,0.0,0.0,0.0,0.005,15.28,16.18,0.98888874,0.0,0.0,6.0133185,0,0,0,0,0,0,0,0,0,1,4,0,0,1,0,0,0
1777227401349000,15.3,-1.0,0.11137139,-84.39694,0.5000267,1.0588202,nan,nan,0.0,0.0,0.0,0.0,0.0,0.0,0.0,0.0,0.0,0.0,0.0,0.0,0.0,0.0,0.0,0.0,0.0,0.0,0.005,15.28,16.18,0.98888874,0.0,0.0,6.0133185,0,0,0,0,0,0,0,0,0,1,4,0,0,1,0,0,0
1777227401541000,15.3,-1.0,0.110953465,-84.450264,0.5000267,1.0588202,nan,nan,0.0,0.0,0.0,0.0,0.0,0.0,0.0,0.0,0.0,0.0,0.0,0.0,0.0,0.0,0.0,0.0,0.0,0.0,0.005,15.28,16.18,0.98888874,0.0,0.0,6.0133185,0,0,0,0,0,0,0,0,0,1,4,0,0,1,0,0,0
1777227401749000,15.3,-1.0,0.11048407,-84.508026,0.5000267,1.0588202,nan,nan,0.0,0.0,0.0,0.0,0.0,0.0,0.0,0.0,0.0,0.0,0.0,0.0,0.0,0.0,0.0,0.0,0.0,0.0,0.005,15.28,16.18,0.98888874,0.0,0.0,6.0133185,0,0,0,0,0,0,0,0,0,1,4,0,0,1,0,0,0
1777227401949000,15.3,-1.0,0.11004306,-84.56357,0.5000267,1.0588202,nan,nan,0.0,0.0,0.0,0.0,0.0,0.0,0.0,0.0,0.0,0.0,0.0,0.0,0.0,0.0,0.0,0.0,0.0,0.0,0.005,15.28,16.18,0.98888874,0.0,0.0,6.0133185,0,0,0,0,0,0,0,0,0,1,4,0,0,1,0,0,0
1777227402149000,15.3,-1.0,0.109603815,-84.61911,0.5000267,1.0588202,nan,nan,0.0,0.0,0.0,0.0,0.0,0.0,0.0,0.0,0.0,0.0,0.0,0.0,0.0,0.0,0.0,0.0,0.0,0.0,0.005,15.28,16.18,0.98888874,0.0,0.0,6.0133185,0,0,0,0,0,0,0,0,0,1,4,0,0,1,0,0,0
1777227402349000,15.3,-1.0,0.10916632,-84.67465,0.5000267,1.0588202,nan,nan,0.0,0.0,0.0,0.0,0.0,0.0,0.0,0.0,0.0,0.0,0.0,0.0,0.0,0.0,0.0,0.0,0.0,0.0,0.005,15.28,16.18,0.98888874,0.0,0.0,6.0133185,0,0,0,0,0,0,0,0,0,1,4,0,0,1,0,0,0
1777227402549000,15.3,-1.0,0.108730584,-84.730194,0.5000267,1.0588202,nan,nan,0.0,0.0,0.0,0.0,0.0,0.0,0.0,0.0,0.0,0.0,0.0,0.0,0.0,0.0,0.0,0.0,0.0,0.0,0.005,15.28,16.18,0.98888874,0.0,0.0,6.0133185,0,0,0,0,0,0,0,0,0,1,4,0,0,1,0,0,0
1777227402749000,15.3,-1.0,0.10829657,-84.785736,0.5000267,1.0588202,nan,nan,0.0,0.0,0.0,0.0,0.0,0.0,0.0,0.0,0.0,0.0,0.0,0.0,0.0,0.0,0.0,0.0,0.0,0.0,0.005,15.28,16.18,0.98888874,0.0,0.0,6.0133185,0,0,0,0,0,0,0,0,0,1,4,0,0,1,0,0,0
1777227402949000,15.3,-1.0,0.10786429,-84.84128,0.5000267,1.0588202,nan,nan,0.0,0.0,0.0,0.0,0.0,0.0,0.0,0.0,0.0,0.0,0.0,0.0,0.0,0.0,0.0,0.0,0.0,0.0,0.005,15.28,16.18,0.98888874,0.0,0.0,6.0133185,0,0,0,0,0,0,0,0,0,1,4,0,0,1,0,0,0
1777227403149000,15.3,-1.0,0.107433744,-84.89682,0.5000267,1.0588202,nan,nan,0.0,0.0,0.0,0.0,0.0,0.0,0.0,0.0,0.0,0.0,0.0,0.0,0.0,0.0,0.0,0.0,0.0,0.0,0.005,15.28,16.18,0.98888874,0.0,0.0,6.0133185,0,0,0,0,0,0,0,0,0,1,4,0,0,1,0,0,0
1777227403349000,15.3,-1.0,0.10700492,-84.95236,0.5000267,1.0588202,nan,nan,0.0,0.0,0.0,0.0,0.0,0.0,0.0,0.0,0.0,0.0,0.0,0.0,0.0,0.0,0.0,0.0,0.0,0.0,0.005,15.28,16.18,0.98888874,0.0,0.0,6.0133185,0,0,0,0,0,0,0,0,0,1,4,0,0,1,0,0,0
1777227403549000,15.3,-1.0,0.1065778,-85.007904,0.5000267,1.0588202,nan,nan,0.0,0.0,0.0,0.0,0.0,0.0,0.0,0.0,0.0,0.0,0.0,0.0,0.0,0.0,0.0,0.0,0.0,0.0,0.005,15.28,16.18,0.98888874,0.0,0.0,6.0133185,0,0,0,0,0,0,0,0,0,1,4,0,0,1,0,0,0
1777227403749000,15.3,-1.0,0.10615238,-85.063446,0.5000267,1.0588202,nan,nan,0.0,0.0,0.0,0.0,0.0,0.0,0.0,0.0,0.0,0.0,0.0,0.0,0.0,0.0,0.0,0.0,0.0,0.0,0.005,15.28,16.18,0.98888874,0.0,0.0,6.0133185,0,0,0,0,0,0,0,0,0,1,4,0,0,1,0,0,0
1777227403949000,15.3,-1.0,0.105728656,-85.11899,0.5000267,1.0588202,nan,nan,0.0,0.0,0.0,0.0,0.0,0.0,0.0,0.0,0.0,0.0,0.0,0.0,0.0,0.0,0.0,0.0,0.0,0.0,0.005,15.28,16.18,0.98888874,0.0,0.0,6.0133185,0,0,0,0,0,0,0,0,0,1,4,0,0,1,0,0,0
1777227404149000,15.3,-1.0,0.105306625,-85.17453,0.5000267,1.0588202,nan,nan,0.0,0.0,0.0,0.0,0.0,0.0,0.0,0.0,0.0,0.0,0.0,0.0,0.0,0.0,0.0,0.0,0.0,0.0,0.005,15.28,16.18,0.98888874,0.0,0.0,6.0133185,0,0,0,0,0,0,0,0,0,1,4,0,0,1,0,0,0
1777227404349000,15.3,-1.0,0.104886286,-85.23007,0.5000267,1.0588202,nan,nan,0.0,0.0,0.0,0.0,0.0,0.0,0.0,0.0,0.0,0.0,0.0,0.0,0.0,0.0,0.0,0.0,0.0,0.0,0.005,15.28,16.18,0.98888874,0.0,0.0,6.0133185,0,0,0,0,0,0,0,0,0,1,4,0,0,1,0,0,0
1777227404549000,15.3,-1.0,0.10446762,-85.285614,0.5000267,1.0588202,nan,nan,0.0,0.0,0.0,0.0,0.0,0.0,0.0,0.0,0.0,0.0,0.0,0.0,0.0,0.0,0.0,0.0,0.0,0.0,0.005,15.28,16.18,0.98888874,0.0,0.0,6.0133185,0,0,0,0,0,0,0,0,0,1,4,0,0,1,0,0,0
1777227404749000,15.3,-1.0,0.10405064,-85.341156,0.5000267,1.0588202,nan,nan,0.0,0.0,0.0,0.0,0.0,0.0,0.0,0.0,0.0,0.0,0.0,0.0,0.0,0.0,0.0,0.0,0.0,0.0,0.005,15.28,16.18,0.98888874,0.0,0.0,6.0133185,0,0,0,0,0,0,0,0,0,1,4,0,0,1,0,0,0
1777227404949000,15.3,-1.0,0.10363531,-85.3967,0.5000267,1.0588202,nan,nan,0.0,0.0,0.0,0.0,0.0,0.0,0.0,0.0,0.0,0.0,0.0,0.0,0.0,0.0,0.0,0.0,0.0,0.0,0.005,15.28,16.18,0.98888874,0.0,0.0,6.0133185,0,0,0,0,0,0,0,0,0,1,4,0,0,1,0,0,0
1777227405149000,15.3,-1.0,0.10322164,-85.45224,0.5000267,1.0588202,nan,nan,0.0,0.0,0.0,0.0,0.0,0.0,0.0,0.0,0.0,0.0,0.0,0.0,0.0,0.0,0.0,0.0,0.0,0.0,0.005,15.28,16.18,0.98888874,0.0,0.0,6.0133185,0,0,0,0,0,0,0,0,0,1,4,0,0,1,0,0,0
1777227405349000,15.3,-1.0,0.10280962,-85.50778,0.5000267,1.0588202,nan,nan,0.0,0.0,0.0,0.0,0.0,0.0,0.0,0.0,0.0,0.0,0.0,0.0,0.0,0.0,0.0,0.0,0.0,0.0,0.005,15.28,16.18,0.98888874,0.0,0.0,6.0133185,0,0,0,0,0,0,0,0,0,1,4,0,0,1,0,0,0
1777227405549000,15.3,-1.0,0.10239925,-85.563324,0.5000267,1.0588202,nan,nan,0.0,0.0,0.0,0.0,0.0,0.0,0.0,0.0,0.0,0.0,0.0,0.0,0.0,0.0,0.0,0.0,0.0,0.0,0.005,15.28,16.18,0.98888874,0.0,0.0,6.0133185,0,0,0,0,0,0,0,0,0,1,4,0,0,1,0,0,0
1777227405749000,15.3,-1.0,0.101990506,-85.618866,0.5000267,1.0588202,nan,nan,0.0,0.0,0.0,0.0,0.0,0.0,0.0,0.0,0.0,0.0,0.0,0.0,0.0,0.0,0.0,0.0,0.0,0.0,0.005,15.28,16.18,0.98888874,0.0,0.0,6.0133185,0,0,0,0,0,0,0,0,0,1,4,0,0,1,0,0,0
1777227405949000,15.3,-1.0,0.1015834,-85.67441,0.5000267,1.0588202,nan,nan,0.0,0.0,0.0,0.0,0.0,0.0,0.0,0.0,0.0,0.0,0.0,0.0,0.0,0.0,0.0,0.0,0.0,0.0,0.005,15.28,16.18,0.98888874,0.0,0.0,6.0133185,0,0,0,0,0,0,0,0,0,1,4,0,0,1,0,0,0
1777227406149000,15.3,-1.0,0.10117792,-85.72995,0.5000267,1.0588202,nan,nan,0.0,0.0,0.0,0.0,0.0,0.0,0.0,0.0,0.0,0.0,0.0,0.0,0.0,0.0,0.0,0.0,0.0,0.0,0.005,15.28,16.18,0.98888874,0.0,0.0,6.0133185,0,0,0,0,0,0,0,0,0,1,4,0,0,1,0,0,0
1777227406349000,15.3,-1.0,0.100774065,-85.78549,0.5000267,1.0588202,nan,nan,0.0,0.0,0.0,0.0,0.0,0.0,0.0,0.0,0.0,0.0,0.0,0.0,0.0,0.0,0.0,0.0,0.0,0.0,0.005,15.28,16.18,0.98888874,0.0,0.0,6.0133185,0,0,0,0,0,0,0,0,0,1,4,0,0,1,0,0,0
1777227406549000,15.3,-1.0,0.100371815,-85.841034,0.5000267,1.0588202,nan,nan,0.0,0.0,0.0,0.0,0.0,0.0,0.0,0.0,0.0,0.0,0.0,0.0,0.0,0.0,0.0,0.0,0.0,0.0,0.005,15.28,16.18,0.98888874,0.0,0.0,6.0133185,0,0,0,0,0,0,0,0,0,1,4,0,0,1,0,0,0
1777227406749000,15.3,-1.0,0.099971175,-85.896576,0.5000267,1.0588202,nan,nan,0.0,0.0,0.0,0.0,0.0,0.0,0.0,0.0,0.0,0.0,0.0,0.0,0.0,0.0,0.0,0.0,0.0,0.0,0.005,15.28,16.18,0.98888874,0.0,0.0,6.0133185,0,0,0,0,0,0,0,0,0,1,4,0,0,1,0,0,0
1777227406949000,15.3,-1.0,0.09957212,-85.95212,0.5000267,1.0588202,nan,nan,0.0,0.0,0.0,0.0,0.0,0.0,0.0,0.0,0.0,0.0,0.0,0.0,0.0,0.0,0.0,0.0,0.0,0.0,0.005,15.28,16.18,0.98888874,0.0,0.0,6.0133185,0,0,0,0,0,0,0,0,0,1,4,0,0,1,0,0,0
1777227407149000,15.3,-1.0,0.09917467,-86.00766,0.5000267,1.0588202,nan,nan,0.0,0.0,0.0,0.0,0.0,0.0,0.0,0.0,0.0,0.0,0.0,0.0,0.0,0.0,0.0,0.0,0.0,0.0,0.005,15.28,16.18,0.98888874,0.0,0.0,6.0133185,0,0,0,0,0,0,0,0,0,1,4,0,0,1,0,0,0
1777227407349000,15.3,-1.0,0.09877881,-86.0632,0.5000267,1.0588202,nan,nan,0.0,0.0,0.0,0.0,0.0,0.0,0.0,0.0,0.0,0.0,0.0,0.0,0.0,0.0,0.0,0.0,0.0,0.0,0.005,15.28,16.18,0.98888874,0.0,0.0,6.0133185,0,0,0,0,0,0,0,0,0,1,4,0,0,1,0,0,0
1777227407549000,15.3,-1.0,0.09838452,-86.118744,0.5000267,1.0588202,nan,nan,0.0,0.0,0.0,0.0,0.0,0.0,0.0,0.0,0.0,0.0,0.0,0.0,0.0,0.0,0.0,0.0,0.0,0.0,0.005,15.28,16.18,0.98888874,0.0,0.0,6.0133185,0,0,0,0,0,0,0,0,0,1,4,0,0,1,0,0,0
1777227407749000,15.3,-1.0,0.0979918,-86.174286,0.5000267,1.0588202,nan,nan,0.0,0.0,0.0,0.0,0.0,0.0,0.0,0.0,0.0,0.0,0.0,0.0,0.0,0.0,0.0,0.0,0.0,0.0,0.005,15.28,16.18,0.98888874,0.0,0.0,6.0133185,0,0,0,0,0,0,0,0,0,1,4,0,0,1,0,0,0
1777227407949000,15.3,-1.0,0.097600676,-86.22983,0.5000267,1.0588202,nan,nan,0.0,0.0,0.0,0.0,0.0,0.0,0.0,0.0,0.0,0.0,0.0,0.0,0.0,0.0,0.0,0.0,0.0,0.0,0.005,15.28,16.18,0.98888874,0.0,0.0,6.0133185,0,0,0,0,0,0,0,0,0,1,4,0,0,1,0,0,0
1777227408149000,15.3,-1.0,0.09721109,-86.28537,0.5000267,1.0588202,nan,nan,0.0,0.0,0.0,0.0,0.0,0.0,0.0,0.0,0.0,0.0,0.0,0.0,0.0,0.0,0.0,0.0,0.0,0.0,0.005,15.28,16.18,0.98888874,0.0,0.0,6.0133185,0,0,0,0,0,0,0,0,0,1,4,0,0,1,0,0,0
1777227408349000,15.3,-1.0,0.09682307,-86.34091,0.5000267,1.0588202,nan,nan,0.0,0.0,0.0,0.0,0.0,0.0,0.0,0.0,0.0,0.0,0.0,0.0,0.0,0.0,0.0,0.0,0.0,0.0,0.005,15.28,16.18,0.98888874,0.0,0.0,6.0133185,0,0,0,0,0,0,0,0,0,1,4,0,0,1,0,0,0
1777227408549000,15.3,-1.0,0.0964366,-86.396454,0.5000267,1.0588202,nan,nan,0.0,0.0,0.0,0.0,0.0,0.0,0.0,0.0,0.0,0.0,0.0,0.0,0.0,0.0,0.0,0.0,0.0,0.0,0.005,15.28,16.18,0.98888874,0.0,0.0,6.0133185,0,0,0,0,0,0,0,0,0,1,4,0,0,1,0,0,0
1777227408749000,15.3,-1.0,0.09605166,-86.451996,0.5000267,1.0588202,nan,nan,0.0,0.0,0.0,0.0,0.0,0.0,0.0,0.0,0.0,0.0,0.0,0.0,0.0,0.0,0.0,0.0,0.0,0.0,0.005,15.28,16.18,0.98888874,0.0,0.0,6.0133185,0,0,0,0,0,0,0,0,0,1,4,0,0,1,0,0,0
1777227408949000,15.3,-1.0,0.09566826,-86.50754,0.5000267,1.0588202,nan,nan,0.0,0.0,0.0,0.0,0.0,0.0,0.0,0.0,0.0,0.0,0.0,0.0,0.0,0.0,0.0,0.0,0.0,0.0,0.005,15.28,16.18,0.98888874,0.0,0.0,6.0133185,0,0,0,0,0,0,0,0,0,1,4,0,0,1,0,0,0
1777227409149000,15.3,-1.0,0.09528639,-86.56308,0.5000267,1.0588202,nan,nan,0.0,0.0,0.0,0.0,0.0,0.0,0.0,0.0,0.0,0.0,0.0,0.0,0.0,0.0,0.0,0.0,0.0,0.0,0.005,15.28,16.18,0.98888874,0.0,0.0,6.0133185,0,0,0,0,0,0,0,0,0,1,4,0,0,1,0,0,0
1777227409349000,15.3,-1.0,0.094906054,-86.61862,0.5000267,1.0588202,nan,nan,0.0,0.0,0.0,0.0,0.0,0.0,0.0,0.0,0.0,0.0,0.0,0.0,0.0,0.0,0.0,0.0,0.0,0.0,0.005,15.28,16.18,0.98888874,0.0,0.0,6.0133185,0,0,0,0,0,0,0,0,0,1,4,0,0,1,0,0,0
1777227409549000,15.3,-1.0,0.09452723,-86.674164,0.5000267,1.0588202,nan,nan,0.0,0.0,0.0,0.0,0.0,0.0,0.0,0.0,0.0,0.0,0.0,0.0,0.0,0.0,0.0,0.0,0.0,0.0,0.005,15.28,16.18,0.98888874,0.0,0.0,6.0133185,0,0,0,0,0,0,0,0,0,1,4,0,0,1,0,0,0
1777227409749000,15.3,-1.0,0.09414991,-86.729706,0.5000267,1.0588202,nan,nan,0.0,0.0,0.0,0.0,0.0,0.0,0.0,0.0,0.0,0.0,0.0,0.0,0.0,0.0,0.0,0.0,0.0,0.0,0.005,15.28,16.18,0.98888874,0.0,0.0,6.0133185,0,0,0,0,0,0,0,0,0,1,4,0,0,1,0,0,0
1777227409941000,15.3,-1.0,0.0937966,-86.78303,0.5000267,1.0588202,nan,nan,0.0,0.0,0.0,0.0,0.0,0.0,0.0,0.0,0.0,0.0,0.0,0.0,0.0,0.0,0.0,0.0,0.0,0.0,0.005,15.28,16.18,0.98888874,0.0,0.0,6.0133185,0,0,0,0,0,0,0,0,0,1,4,0,0,1,0,0,0
1777227410149000,15.3,-1.0,0.09339979,-86.84079,0.5000267,1.0588202,nan,nan,0.0,0.0,0.0,0.0,0.0,0.0,0.0,0.0,0.0,0.0,0.0,0.0,0.0,0.0,0.0,0.0,0.0,0.0,0.005,15.28,16.18,0.98888874,0.0,0.0,6.0133185,0,0,0,0,0,0,0,0,0,1,4,0,0,1,0,0,0
1777227410349000,15.3,-1.0,0.09302698,-86.89633,0.5000267,1.0588202,nan,nan,0.0,0.0,0.0,0.0,0.0,0.0,0.0,0.0,0.0,0.0,0.0,0.0,0.0,0.0,0.0,0.0,0.0,0.0,0.005,15.28,16.18,0.98888874,0.0,0.0,6.0133185,0,0,0,0,0,0,0,0,0,1,4,0,0,1,0,0,0
1777227410549000,15.3,-1.0,0.09265566,-86.95187,0.5000267,1.0588202,nan,nan,0.0,0.0,0.0,0.0,0.0,0.0,0.0,0.0,0.0,0.0,0.0,0.0,0.0,0.0,0.0,0.0,0.0,0.0,0.005,15.28,16.18,0.98888874,0.0,0.0,6.0133185,0,0,0,0,0,0,0,0,0,1,4,0,0,1,0,0,0
1777227410749000,15.3,-1.0,0.09228583,-87.007416,0.5000267,1.0588202,nan,nan,0.0,0.0,0.0,0.0,0.0,0.0,0.0,0.0,0.0,0.0,0.0,0.0,0.0,0.0,0.0,0.0,0.0,0.0,0.005,15.28,16.18,0.98888874,0.0,0.0,6.0133185,0,0,0,0,0,0,0,0,0,1,4,0,0,1,0,0,0
1777227410949000,15.3,-1.0,0.091917455,-87.06296,0.5000267,1.0588202,nan,nan,0.0,0.0,0.0,0.0,0.0,0.0,0.0,0.0,0.0,0.0,0.0,0.0,0.0,0.0,0.0,0.0,0.0,0.0,0.005,15.28,16.18,0.98888874,0.0,0.0,6.0133185,0,0,0,0,0,0,0,0,0,1,4,0,0,1,0,0,0
1777227411149000,15.3,-1.0,0.09155055,-87.1185,0.5000267,1.0588202,nan,nan,0.0,0.0,0.0,0.0,0.0,0.0,0.0,0.0,0.0,0.0,0.0,0.0,0.0,0.0,0.0,0.0,0.0,0.0,0.005,15.28,16.18,0.98888874,0.0,0.0,6.0133185,0,0,0,0,0,0,0,0,0,1,4,0,0,1,0,0,0
1777227411349000,15.3,-1.0,0.091185115,-87.17404,0.5000267,1.0588202,nan,nan,0.0,0.0,0.0,0.0,0.0,0.0,0.0,0.0,0.0,0.0,0.0,0.0,0.0,0.0,0.0,0.0,0.0,0.0,0.005,15.28,16.18,0.98888874,0.0,0.0,6.0133185,0,0,0,0,0,0,0,0,0,1,4,0,0,1,0,0,0
1777227411549000,15.3,-1.0,0.09082113,-87.22958,0.5000267,1.0588202,nan,nan,0.0,0.0,0.0,0.0,0.0,0.0,0.0,0.0,0.0,0.0,0.0,0.0,0.0,0.0,0.0,0.0,0.0,0.0,0.005,15.28,16.18,0.98888874,0.0,0.0,6.0133185,0,0,0,0,0,0,0,0,0,1,4,0,0,1,0,0,0
1777227411749000,15.3,-1.0,0.09045862,-87.285126,0.5000267,1.0588202,nan,nan,0.0,0.0,0.0,0.0,0.0,0.0,0.0,0.0,0.0,0.0,0.0,0.0,0.0,0.0,0.0,0.0,0.0,0.0,0.005,15.28,16.18,0.98888874,0.0,0.0,6.0133185,0,0,0,0,0,0,0,0,0,1,4,0,0,1,0,0,0
1777227411949000,15.3,-1.0,0.09009755,-87.34067,0.5000267,1.0588202,nan,nan,0.0,0.0,0.0,0.0,0.0,0.0,0.0,0.0,0.0,0.0,0.0,0.0,0.0,0.0,0.0,0.0,0.0,0.0,0.005,15.28,16.18,0.98888874,0.0,0.0,6.0133185,0,0,0,0,0,0,0,0,0,1,4,0,0,1,0,0,0
1777227412149000,15.3,-1.0,0.08973791,-87.39621,0.5000267,1.0588202,nan,nan,0.0,0.0,0.0,0.0,0.0,0.0,0.0,0.0,0.0,0.0,0.0,0.0,0.0,0.0,0.0,0.0,0.0,0.0,0.005,15.28,16.18,0.98888874,0.0,0.0,6.0133185,0,0,0,0,0,0,0,0,0,1,4,0,0,1,0,0,0
1777227412349000,15.3,-1.0,0.08937971,-87.45175,0.5000267,1.0588202,nan,nan,0.0,0.0,0.0,0.0,0.0,0.0,0.0,0.0,0.0,0.0,0.0,0.0,0.0,0.0,0.0,0.0,0.0,0.0,0.005,15.28,16.18,0.98888874,0.0,0.0,6.0133185,0,0,0,0,0,0,0,0,0,1,4,0,0,1,0,0,0
1777227412549000,15.3,-1.0,0.089022934,-87.50729,0.5000267,1.0588202,nan,nan,0.0,0.0,0.0,0.0,0.0,0.0,0.0,0.0,0.0,0.0,0.0,0.0,0.0,0.0,0.0,0.0,0.0,0.0,0.005,15.28,16.18,0.98888874,0.0,0.0,6.0133185,0,0,0,0,0,0,0,0,0,1,4,0,0,1,0,0,0
1777227412749000,15.3,-1.0,0.0886676,-87.562836,0.5000267,1.0588202,nan,nan,0.0,0.0,0.0,0.0,0.0,0.0,0.0,0.0,0.0,0.0,0.0,0.0,0.0,0.0,0.0,0.0,0.0,0.0,0.005,15.28,16.18,0.98888874,0.0,0.0,6.0133185,0,0,0,0,0,0,0,0,0,1,4,0,0,1,0,0,0
1777227412949000,15.3,-1.0,0.08831368,-87.61838,0.5000267,1.0588202,nan,nan,0.0,0.0,0.0,0.0,0.0,0.0,0.0,0.0,0.0,0.0,0.0,0.0,0.0,0.0,0.0,0.0,0.0,0.0,0.005,15.28,16.18,0.98888874,0.0,0.0,6.0133185,0,0,0,0,0,0,0,0,0,1,4,0,0,1,0,0,0
1777227413149000,15.3,-1.0,0.08796117,-87.67392,0.5000267,1.0588202,nan,nan,0.0,0.0,0.0,0.0,0.0,0.0,0.0,0.0,0.0,0.0,0.0,0.0,0.0,0.0,0.0,0.0,0.0,0.0,0.005,15.28,16.18,0.98888874,0.0,0.0,6.0133185,0,0,0,0,0,0,0,0,0,1,4,0,0,1,0,0,0
1777227413349000,15.3,-1.0,0.08761006,-87.72946,0.5000267,1.0588202,nan,nan,0.0,0.0,0.0,0.0,0.0,0.0,0.0,0.0,0.0,0.0,0.0,0.0,0.0,0.0,0.0,0.0,0.0,0.0,0.005,15.28,16.18,0.98888874,0.0,0.0,6.0133185,0,0,0,0,0,0,0,0,0,1,4,0,0,1,0,0,0
1777227413549000,15.3,-1.0,0.08726036,-87.785,0.5000267,1.0588202,nan,nan,0.0,0.0,0.0,0.0,0.0,0.0,0.0,0.0,0.0,0.0,0.0,0.0,0.0,0.0,0.0,0.0,0.0,0.0,0.005,15.28,16.18,0.98888874,0.0,0.0,6.0133185,0,0,0,0,0,0,0,0,0,1,4,0,0,1,0,0,0
1777227413749000,15.3,-1.0,0.08691204,-87.840546,0.5000267,1.0588202,nan,nan,0.0,0.0,0.0,0.0,0.0,0.0,0.0,0.0,0.0,0.0,0.0,0.0,0.0,0.0,0.0,0.0,0.0,0.0,0.005,15.28,16.18,0.98888874,0.0,0.0,6.0133185,0,0,0,0,0,0,0,0,0,1,4,0,0,1,0,0,0
1777227413941000,15.3,-1.0,0.0865859,-87.89387,0.5000267,1.0588202,nan,nan,0.0,0.0,0.0,0.0,0.0,0.0,0.0,0.0,0.0,0.0,0.0,0.0,0.0,0.0,0.0,0.0,0.0,0.0,0.005,15.28,16.18,0.98888874,0.0,0.0,6.0133185,0,0,0,0,0,0,0,0,0,1,4,0,0,1,0,0,0
1777227414149000,15.3,-1.0,0.0862196,-87.95163,0.5000267,1.0588202,nan,nan,0.0,0.0,0.0,0.0,0.0,0.0,0.0,0.0,0.0,0.0,0.0,0.0,0.0,0.0,0.0,0.0,0.0,0.0,0.005,15.28,16.18,0.98888874,0.0,0.0,6.0133185,0,0,0,0,0,0,0,0,0,1,4,0,0,1,0,0,0
1777227414349000,15.3,-1.0,0.085875444,-88.00717,0.5000267,1.0588202,nan,nan,0.0,0.0,0.0,0.0,0.0,0.0,0.0,0.0,0.0,0.0,0.0,0.0,0.0,0.0,0.0,0.0,0.0,0.0,0.005,15.28,16.18,0.98888874,0.0,0.0,6.0133185,0,0,0,0,0,0,0,0,0,1,4,0,0,1,0,0,0
1777227414549000,15.3,-1.0,0.085532665,-88.06271,0.5000267,1.0588202,nan,nan,0.0,0.0,0.0,0.0,0.0,0.0,0.0,0.0,0.0,0.0,0.0,0.0,0.0,0.0,0.0,0.0,0.0,0.0,0.005,15.28,16.18,0.98888874,0.0,0.0,6.0133185,0,0,0,0,0,0,0,0,0,1,4,0,0,1,0,0,0
1777227414749000,15.3,-1.0,0.08519125,-88.118256,0.5000267,1.0588202,nan,nan,0.0,0.0,0.0,0.0,0.0,0.0,0.0,0.0,0.0,0.0,0.0,0.0,0.0,0.0,0.0,0.0,0.0,0.0,0.005,15.28,16.18,0.98888874,0.0,0.0,6.0133185,0,0,0,0,0,0,0,0,0,1,4,0,0,1,0,0,0
1777227414949000,15.3,-1.0,0.0848512,-88.1738,0.5000267,1.0588202,nan,nan,0.0,0.0,0.0,0.0,0.0,0.0,0.0,0.0,0.0,0.0,0.0,0.0,0.0,0.0,0.0,0.0,0.0,0.0,0.005,15.28,16.18,0.98888874,0.0,0.0,6.0133185,0,0,0,0,0,0,0,0,0,1,4,0,0,1,0,0,0
1777227415149000,15.3,-1.0,0.0845125,-88.22934,0.5000267,1.0588202,nan,nan,0.0,0.0,0.0,0.0,0.0,0.0,0.0,0.0,0.0,0.0,0.0,0.0,0.0,0.0,0.0,0.0,0.0,0.0,0.005,15.28,16.18,0.98888874,0.0,0.0,6.0133185,0,0,0,0,0,0,0,0,0,1,4,0,0,1,0,0,0
1777227415349000,15.3,-1.0,0.084175155,-88.28488,0.5000267,1.0588202,nan,nan,0.0,0.0,0.0,0.0,0.0,0.0,0.0,0.0,0.0,0.0,0.0,0.0,0.0,0.0,0.0,0.0,0.0,0.0,0.005,15.28,16.18,0.98888874,0.0,0.0,6.0133185,0,0,0,0,0,0,0,0,0,1,4,0,0,1,0,0,0
1777227415549000,15.3,-1.0,0.08383916,-88.34042,0.5000267,1.0588202,nan,nan,0.0,0.0,0.0,0.0,0.0,0.0,0.0,0.0,0.0,0.0,0.0,0.0,0.0,0.0,0.0,0.0,0.0,0.0,0.005,15.28,16.18,0.98888874,0.0,0.0,6.0133185,0,0,0,0,0,0,0,0,0,1,4,0,0,1,0,0,0
1777227415749000,15.3,-1.0,0.08350452,-88.395966,0.5000267,1.0588202,nan,nan,0.0,0.0,0.0,0.0,0.0,0.0,0.0,0.0,0.0,0.0,0.0,0.0,0.0,0.0,0.0,0.0,0.0,0.0,0.005,15.28,16.18,0.98888874,0.0,0.0,6.0133185,0,0,0,0,0,0,0,0,0,1,4,0,0,1,0,0,0
1777227415949000,15.3,-1.0,0.083171204,-88.45151,0.5000267,1.0588202,nan,nan,0.0,0.0,0.0,0.0,0.0,0.0,0.0,0.0,0.0,0.0,0.0,0.0,0.0,0.0,0.0,0.0,0.0,0.0,0.005,15.28,16.18,0.98888874,0.0,0.0,6.0133185,0,0,0,0,0,0,0,0,0,1,4,0,0,1,0,0,0
1777227416149000,15.3,-1.0,0.082839206,-88.50705,0.5000267,1.0588202,nan,nan,0.0,0.0,0.0,0.0,0.0,0.0,0.0,0.0,0.0,0.0,0.0,0.0,0.0,0.0,0.0,0.0,0.0,0.0,0.005,15.28,16.18,0.98888874,0.0,0.0,6.0133185,0,0,0,0,0,0,0,0,0,1,4,0,0,1,0,0,0
1777227416349000,15.3,-1.0,0.08250855,-88.56259,0.5000267,1.0588202,nan,nan,0.0,0.0,0.0,0.0,0.0,0.0,0.0,0.0,0.0,0.0,0.0,0.0,0.0,0.0,0.0,0.0,0.0,0.0,0.005,15.28,16.18,0.98888874,0.0,0.0,6.0133185,0,0,0,0,0,0,0,0,0,1,4,0,0,1,0,0,0
1777227416549000,15.3,-1.0,0.08217921,-88.61813,0.5000267,1.0588202,nan,nan,0.0,0.0,0.0,0.0,0.0,0.0,0.0,0.0,0.0,0.0,0.0,0.0,0.0,0.0,0.0,0.0,0.0,0.0,0.005,15.28,16.18,0.98888874,0.0,0.0,6.0133185,0,0,0,0,0,0,0,0,0,1,4,0,0,1,0,0,0
1777227416749000,15.3,-1.0,0.08185117,-88.673676,0.5000267,1.0588202,nan,nan,0.0,0.0,0.0,0.0,0.0,0.0,0.0,0.0,0.0,0.0,0.0,0.0,0.0,0.0,0.0,0.0,0.0,0.0,0.005,15.28,16.18,0.98888874,0.0,0.0,6.0133185,0,0,0,0,0,0,0,0,0,1,4,0,0,1,0,0,0
1777227416941000,15.3,-1.0,0.08154403,-88.727,0.5000267,1.0588202,nan,nan,0.0,0.0,0.0,0.0,0.0,0.0,0.0,0.0,0.0,0.0,0.0,0.0,0.0,0.0,0.0,0.0,0.0,0.0,0.005,15.28,16.18,0.98888874,0.0,0.0,6.0133185,0,0,0,0,0,0,0,0,0,1,4,0,0,1,0,0,0
1777227417149000,15.3,-1.0,0.081199035,-88.78476,0.5000267,1.0588202,nan,nan,0.0,0.0,0.0,0.0,0.0,0.0,0.0,0.0,0.0,0.0,0.0,0.0,0.0,0.0,0.0,0.0,0.0,0.0,0.005,15.28,16.18,0.98888874,0.0,0.0,6.0133185,0,0,0,0,0,0,0,0,0,1,4,0,0,1,0,0,0
1777227417349000,15.3,-1.0,0.080874935,-88.8403,0.5000267,1.0588202,nan,nan,0.0,0.0,0.0,0.0,0.0,0.0,0.0,0.0,0.0,0.0,0.0,0.0,0.0,0.0,0.0,0.0,0.0,0.0,0.005,15.28,16.18,0.98888874,0.0,0.0,6.0133185,0,0,0,0,0,0,0,0,0,1,4,0,0,1,0,0,0
1777227417549000,15.3,-1.0,0.080552116,-88.89584,0.5000267,1.0588202,nan,nan,0.0,0.0,0.0,0.0,0.0,0.0,0.0,0.0,0.0,0.0,0.0,0.0,0.0,0.0,0.0,0.0,0.0,0.0,0.005,15.28,16.18,0.98888874,0.0,0.0,6.0133185,0,0,0,0,0,0,0,0,0,1,4,0,0,1,0,0,0
1777227417749000,15.3,-1.0,0.08023058,-88.951385,0.5000267,1.0588202,nan,nan,0.0,0.0,0.0,0.0,0.0,0.0,0.0,0.0,0.0,0.0,0.0,0.0,0.0,0.0,0.0,0.0,0.0,0.0,0.005,15.28,16.18,0.98888874,0.0,0.0,6.0133185,0,0,0,0,0,0,0,0,0,1,4,0,0,1,0,0,0
1777227417949000,15.3,-1.0,0.079910345,-89.00693,0.5000267,1.0588202,nan,nan,0.0,0.0,0.0,0.0,0.0,0.0,0.0,0.0,0.0,0.0,0.0,0.0,0.0,0.0,0.0,0.0,0.0,0.0,0.005,15.28,16.18,0.98888874,0.0,0.0,6.0133185,0,0,0,0,0,0,0,0,0,1,4,0,0,1,0,0,0
1777227418149000,15.3,-1.0,0.07959137,-89.06247,0.5000267,1.0588202,nan,nan,0.0,0.0,0.0,0.0,0.0,0.0,0.0,0.0,0.0,0.0,0.0,0.0,0.0,0.0,0.0,0.0,0.0,0.0,0.005,15.28,16.18,0.98888874,0.0,0.0,6.0133185,0,0,0,0,0,0,0,0,0,1,4,0,0,1,0,0,0
1777227418349000,15.3,-1.0,0.07927365,-89.11801,0.5000267,1.0588202,nan,nan,0.0,0.0,0.0,0.0,0.0,0.0,0.0,0.0,0.0,0.0,0.0,0.0,0.0,0.0,0.0,0.0,0.0,0.0,0.005,15.28,16.18,0.98888874,0.0,0.0,6.0133185,0,0,0,0,0,0,0,0,0,1,4,0,0,1,0,0,0
1777227418549000,15.3,-1.0,0.07895723,-89.17355,0.5000267,1.0588202,nan,nan,0.0,0.0,0.0,0.0,0.0,0.0,0.0,0.0,0.0,0.0,0.0,0.0,0.0,0.0,0.0,0.0,0.0,0.0,0.005,15.28,16.18,0.98888874,0.0,0.0,6.0133185,0,0,0,0,0,0,0,0,0,1,4,0,0,1,0,0,0
1777227418749000,15.3,-1.0,0.078642085,-89.229095,0.5000267,1.0588202,nan,nan,0.0,0.0,0.0,0.0,0.0,0.0,0.0,0.0,0.0,0.0,0.0,0.0,0.0,0.0,0.0,0.0,0.0,0.0,0.005,15.28,16.18,0.98888874,0.0,0.0,6.0133185,0,0,0,0,0,0,0,0,0,1,4,0,0,1,0,0,0
1777227418949000,15.3,-1.0,0.078328185,-89.28464,0.5000267,1.0588202,nan,nan,0.0,0.0,0.0,0.0,0.0,0.0,0.0,0.0,0.0,0.0,0.0,0.0,0.0,0.0,0.0,0.0,0.0,0.0,0.005,15.28,16.18,0.98888874,0.0,0.0,6.0133185,0,0,0,0,0,0,0,0,0,1,4,0,0,1,0,0,0
1777227419149000,15.3,-1.0,0.07801554,-89.34018,0.5000267,1.0588202,nan,nan,0.0,0.0,0.0,0.0,0.0,0.0,0.0,0.0,0.0,0.0,0.0,0.0,0.0,0.0,0.0,0.0,0.0,0.0,0.005,15.28,16.18,0.98888874,0.0,0.0,6.0133185,0,0,0,0,0,0,0,0,0,1,4,0,0,1,0,0,0
1777227419349000,15.3,-1.0,0.07770415,-89.39572,0.5000267,1.0588202,nan,nan,0.0,0.0,0.0,0.0,0.0,0.0,0.0,0.0,0.0,0.0,0.0,0.0,0.0,0.0,0.0,0.0,0.0,0.0,0.005,15.28,16.18,0.98888874,0.0,0.0,6.0133185,0,0,0,0,0,0,0,0,0,1,4,0,0,1,0,0,0
1777227419549000,15.3,-1.0,0.077393994,-89.45126,0.5000267,1.0588202,nan,nan,0.0,0.0,0.0,0.0,0.0,0.0,0.0,0.0,0.0,0.0,0.0,0.0,0.0,0.0,0.0,0.0,0.0,0.0,0.005,15.28,16.18,0.98888874,0.0,0.0,6.0133185,0,0,0,0,0,0,0,0,0,1,4,0,0,1,0,0,0
1777227419749000,15.3,-1.0,0.07708508,-89.506805,0.5000267,1.0588202,nan,nan,0.0,0.0,0.0,0.0,0.0,0.0,0.0,0.0,0.0,0.0,0.0,0.0,0.0,0.0,0.0,0.0,0.0,0.0,0.005,15.28,16.18,0.98888874,0.0,0.0,6.0133185,0,0,0,0,0,0,0,0,0,1,4,0,0,1,0,0,0
1777227419949000,15.3,-1.0,0.076777406,-89.56235,0.5000267,1.0588202,nan,nan,0.0,0.0,0.0,0.0,0.0,0.0,0.0,0.0,0.0,0.0,0.0,0.0,0.0,0.0,0.0,0.0,0.0,0.0,0.005,15.28,16.18,0.98888874,0.0,0.0,6.0133185,0,0,0,0,0,0,0,0,0,1,4,0,0,1,0,0,0
1777227420149000,15.3,-1.0,0.07647095,-89.61789,0.5000267,1.0588202,nan,nan,0.0,0.0,0.0,0.0,0.0,0.0,0.0,0.0,0.0,0.0,0.0,0.0,0.0,0.0,0.0,0.0,0.0,0.0,0.005,15.28,16.18,0.98888874,0.0,0.0,6.0133185,0,0,0,0,0,0,0,0,0,1,4,0,0,1,0,0,0
1777227420349000,15.3,-1.0,0.076165736,-89.67343,0.5000267,1.0588202,nan,nan,0.0,0.0,0.0,0.0,0.0,0.0,0.0,0.0,0.0,0.0,0.0,0.0,0.0,0.0,0.0,0.0,0.0,0.0,0.005,15.28,16.18,0.98888874,0.0,0.0,6.0133185,0,0,0,0,0,0,0,0,0,1,4,0,0,1,0,0,0
1777227420549000,15.3,-1.0,0.07586169,-89.72897,0.5000267,1.0588202,nan,nan,0.0,0.0,0.0,0.0,0.0,0.0,0.0,0.0,0.0,0.0,0.0,0.0,0.0,0.0,0.0,0.0,0.0,0.0,0.005,15.28,16.18,0.98888874,0.0,0.0,6.0133185,0,0,0,0,0,0,0,0,0,1,4,0,0,1,0,0,0
1777227420749000,15.3,-1.0,0.07555886,-89.784515,0.5000267,1.0588202,nan,nan,0.0,0.0,0.0,0.0,0.0,0.0,0.0,0.0,0.0,0.0,0.0,0.0,0.0,0.0,0.0,0.0,0.0,0.0,0.005,15.28,16.18,0.98888874,0.0,0.0,6.0133185,0,0,0,0,0,0,0,0,0,1,4,0,0,1,0,0,0
1777227420949000,15.3,-1.0,0.07525727,-89.84006,0.5000267,1.0588202,nan,nan,0.0,0.0,0.0,0.0,0.0,0.0,0.0,0.0,0.0,0.0,0.0,0.0,0.0,0.0,0.0,0.0,0.0,0.0,0.005,15.28,16.18,0.98888874,0.0,0.0,6.0133185,0,0,0,0,0,0,0,0,0,1,4,0,0,1,0,0,0
1777227421149000,15.3,-1.0,0.074956894,-89.8956,0.5000267,1.0588202,nan,nan,0.0,0.0,0.0,0.0,0.0,0.0,0.0,0.0,0.0,0.0,0.0,0.0,0.0,0.0,0.0,0.0,0.0,0.0,0.005,15.28,16.18,0.98888874,0.0,0.0,6.0133185,0,0,0,0,0,0,0,0,0,1,4,0,0,1,0,0,0
1777227421349000,15.3,-1.0,0.07465768,-89.95114,0.5000267,1.0588202,nan,nan,0.0,0.0,0.0,0.0,0.0,0.0,0.0,0.0,0.0,0.0,0.0,0.0,0.0,0.0,0.0,0.0,0.0,0.0,0.005,15.28,16.18,0.98888874,0.0,0.0,6.0133185,0,0,0,0,0,0,0,0,0,1,4,0,0,1,0,0,0
1777227421549000,15.3,-1.0,0.074359685,-90.00668,0.5000267,1.0588202,nan,nan,0.0,0.0,0.0,0.0,0.0,0.0,0.0,0.0,0.0,0.0,0.0,0.0,0.0,0.0,0.0,0.0,0.0,0.0,0.005,15.28,16.18,0.98888874,0.0,0.0,6.0133185,0,0,0,0,0,0,0,0,0,1,4,0,0,1,0,0,0
1777227421749000,15.3,-1.0,0.07406286,-90.062225,0.5000267,1.0588202,nan,nan,0.0,0.0,0.0,0.0,0.0,0.0,0.0,0.0,0.0,0.0,0.0,0.0,0.0,0.0,0.0,0.0,0.0,0.0,0.005,15.28,16.18,0.98888874,0.0,0.0,6.0133185,0,0,0,0,0,0,0,0,0,1,4,0,0,1,0,0,0
1777227421949000,15.3,-1.0,0.07376723,-90.11777,0.5000267,1.0588202,nan,nan,0.0,0.0,0.0,0.0,0.0,0.0,0.0,0.0,0.0,0.0,0.0,0.0,0.0,0.0,0.0,0.0,0.0,0.0,0.005,15.28,16.18,0.98888874,0.0,0.0,6.0133185,0,0,0,0,0,0,0,0,0,1,4,0,0,1,0,0,0
1777227422149000,15.3,-1.0,0.07347278,-90.17331,0.5000267,1.0588202,nan,nan,0.0,0.0,0.0,0.0,0.0,0.0,0.0,0.0,0.0,0.0,0.0,0.0,0.0,0.0,0.0,0.0,0.0,0.0,0.005,15.28,16.18,0.98888874,0.0,0.0,6.0133185,0,0,0,0,0,0,0,0,0,1,4,0,0,1,0,0,0
1777227422349000,15.3,-1.0,0.073179506,-90.22885,0.5000267,1.0588202,nan,nan,0.0,0.0,0.0,0.0,0.0,0.0,0.0,0.0,0.0,0.0,0.0,0.0,0.0,0.0,0.0,0.0,0.0,0.0,0.005,15.28,16.18,0.98888874,0.0,0.0,6.0133185,0,0,0,0,0,0,0,0,0,1,4,0,0,1,0,0,0
1777227422549000,15.3,-1.0,0.07288739,-90.28439,0.5000267,1.0588202,nan,nan,0.0,0.0,0.0,0.0,0.0,0.0,0.0,0.0,0.0,0.0,0.0,0.0,0.0,0.0,0.0,0.0,0.0,0.0,0.005,15.28,16.18,0.98888874,0.0,0.0,6.0133185,0,0,0,0,0,0,0,0,0,1,4,0,0,1,0,0,0
1777227422749000,15.3,-1.0,0.072596475,-90.339935,0.5000267,1.0588202,nan,nan,0.0,0.0,0.0,0.0,0.0,0.0,0.0,0.0,0.0,0.0,0.0,0.0,0.0,0.0,0.0,0.0,0.0,0.0,0.005,15.28,16.18,0.98888874,0.0,0.0,6.0133185,0,0,0,0,0,0,0,0,0,1,4,0,0,1,0,0,0
1777227422949000,15.3,-1.0,0.072306685,-90.39548,0.5000267,1.0588202,nan,nan,0.0,0.0,0.0,0.0,0.0,0.0,0.0,0.0,0.0,0.0,0.0,0.0,0.0,0.0,0.0,0.0,0.0,0.0,0.005,15.28,16.18,0.98888874,0.0,0.0,6.0133185,0,0,0,0,0,0,0,0,0,1,4,0,0,1,0,0,0
1777227423141000,15.3,-1.0,0.07203534,-90.4488,0.5000267,1.0588202,nan,nan,0.0,0.0,0.0,0.0,0.0,0.0,0.0,0.0,0.0,0.0,0.0,0.0,0.0,0.0,0.0,0.0,0.0,0.0,0.005,15.28,16.18,0.98888874,0.0,0.0,6.0133185,0,0,0,0,0,0,0,0,0,1,4,0,0,1,0,0,0
1777227423349000,15.3,-1.0,0.0717306,-90.50656,0.5000267,1.0588202,nan,nan,0.0,0.0,0.0,0.0,0.0,0.0,0.0,0.0,0.0,0.0,0.0,0.0,0.0,0.0,0.0,0.0,0.0,0.0,0.005,15.28,16.18,0.98888874,0.0,0.0,6.0133185,0,0,0,0,0,0,0,0,0,1,4,0,0,1,0,0,0
1777227423541000,15.3,-1.0,0.071461424,-90.55988,0.5000267,1.0588202,nan,nan,0.0,0.0,0.0,0.0,0.0,0.0,0.0,0.0,0.0,0.0,0.0,0.0,0.0,0.0,0.0,0.0,0.0,0.0,0.005,15.28,16.18,0.98888874,0.0,0.0,6.0133185,0,0,0,0,0,0,0,0,0,1,4,0,0,1,0,0,0
1777227423749000,15.3,-1.0,0.0711591,-90.617645,0.5000267,1.0588202,nan,nan,0.0,0.0,0.0,0.0,0.0,0.0,0.0,0.0,0.0,0.0,0.0,0.0,0.0,0.0,0.0,0.0,0.0,0.0,0.005,15.28,16.18,0.98888874,0.0,0.0,6.0133185,0,0,0,0,0,0,0,0,0,1,4,0,0,1,0,0,0
1777227423949000,15.3,-1.0,0.07087506,-90.67319,0.5000267,1.0588202,nan,nan,0.0,0.0,0.0,0.0,0.0,0.0,0.0,0.0,0.0,0.0,0.0,0.0,0.0,0.0,0.0,0.0,0.0,0.0,0.005,15.28,16.18,0.98888874,0.0,0.0,6.0133185,0,0,0,0,0,0,0,0,0,1,4,0,0,1,0,0,0
1777227424149000,15.3,-1.0,0.07059216,-90.72873,0.5000267,1.0588202,nan,nan,0.0,0.0,0.0,0.0,0.0,0.0,0.0,0.0,0.0,0.0,0.0,0.0,0.0,0.0,0.0,0.0,0.0,0.0,0.005,15.28,16.18,0.98888874,0.0,0.0,6.0133185,0,0,0,0,0,0,0,0,0,1,4,0,0,1,0,0,0
1777227424349000,15.3,-1.0,0.070310384,-90.78427,0.5000267,1.0588202,nan,nan,0.0,0.0,0.0,0.0,0.0,0.0,0.0,0.0,0.0,0.0,0.0,0.0,0.0,0.0,0.0,0.0,0.0,0.0,0.005,15.28,16.18,0.98888874,0.0,0.0,6.0133185,0,0,0,0,0,0,0,0,0,1,4,0,0,1,0,0,0
1777227424549000,15.3,-1.0,0.070029736,-90.83981,0.5000267,1.0588202,nan,nan,0.0,0.0,0.0,0.0,0.0,0.0,0.0,0.0,0.0,0.0,0.0,0.0,0.0,0.0,0.0,0.0,0.0,0.0,0.005,15.28,16.18,0.98888874,0.0,0.0,6.0133185,0,0,0,0,0,0,0,0,0,1,4,0,0,1,0,0,0
1777227424749000,15.3,-1.0,0.069750205,-90.895355,0.5000267,1.0588202,nan,nan,0.0,0.0,0.0,0.0,0.0,0.0,0.0,0.0,0.0,0.0,0.0,0.0,0.0,0.0,0.0,0.0,0.0,0.0,0.005,15.28,16.18,0.98888874,0.0,0.0,6.0133185,0,0,0,0,0,0,0,0,0,1,4,0,0,1,0,0,0
1777227424949000,15.3,-1.0,0.06947179,-90.9509,0.5000267,1.0588202,nan,nan,0.0,0.0,0.0,0.0,0.0,0.0,0.0,0.0,0.0,0.0,0.0,0.0,0.0,0.0,0.0,0.0,0.0,0.0,0.005,15.28,16.18,0.98888874,0.0,0.0,6.0133185,0,0,0,0,0,0,0,0,0,1,4,0,0,1,0,0,0
1777227425149000,15.3,-1.0,0.069194496,-91.00644,0.5000267,1.0588202,nan,nan,0.0,0.0,0.0,0.0,0.0,0.0,0.0,0.0,0.0,0.0,0.0,0.0,0.0,0.0,0.0,0.0,0.0,0.0,0.005,15.28,16.18,0.98888874,0.0,0.0,6.0133185,0,0,0,0,0,0,0,0,0,1,4,0,0,1,0,0,0
1777227425341000,15.3,-1.0,0.068934835,-91.05976,0.5000267,1.0588202,nan,nan,0.0,0.0,0.0,0.0,0.0,0.0,0.0,0.0,0.0,0.0,0.0,0.0,0.0,0.0,0.0,0.0,0.0,0.0,0.005,15.28,16.18,0.98888874,0.0,0.0,6.0133185,0,0,0,0,0,0,0,0,0,1,4,0,0,1,0,0,0
1777227425549000,15.3,-1.0,0.068643205,-91.11752,0.5000267,1.0588202,nan,nan,0.0,0.0,0.0,0.0,0.0,0.0,0.0,0.0,0.0,0.0,0.0,0.0,0.0,0.0,0.0,0.0,0.0,0.0,0.005,15.28,16.18,0.98888874,0.0,0.0,6.0133185,0,0,0,0,0,0,0,0,0,1,4,0,0,1,0,0,0
1777227425749000,15.3,-1.0,0.0683692,-91.173065,0.5000267,1.0588202,nan,nan,0.0,0.0,0.0,0.0,0.0,0.0,0.0,0.0,0.0,0.0,0.0,0.0,0.0,0.0,0.0,0.0,0.0,0.0,0.005,15.28,16.18,0.98888874,0.0,0.0,6.0133185,0,0,0,0,0,0,0,0,0,1,4,0,0,1,0,0,0
1777227425949000,15.3,-1.0,0.0680963,-91.22861,0.5000267,1.0588202,nan,nan,0.0,0.0,0.0,0.0,0.0,0.0,0.0,0.0,0.0,0.0,0.0,0.0,0.0,0.0,0.0,0.0,0.0,0.0,0.005,15.28,16.18,0.98888874,0.0,0.0,6.0133185,0,0,0,0,0,0,0,0,0,1,4,0,0,1,0,0,0
1777227426149000,15.3,-1.0,0.06782448,-91.28415,0.5000267,1.0588202,nan,nan,0.0,0.0,0.0,0.0,0.0,0.0,0.0,0.0,0.0,0.0,0.0,0.0,0.0,0.0,0.0,0.0,0.0,0.0,0.005,15.28,16.18,0.98888874,0.0,0.0,6.0133185,0,0,0,0,0,0,0,0,0,1,4,0,0,1,0,0,0
1777227426349000,15.3,-1.0,0.06755375,-91.33969,0.5000267,1.0588202,nan,nan,0.0,0.0,0.0,0.0,0.0,0.0,0.0,0.0,0.0,0.0,0.0,0.0,0.0,0.0,0.0,0.0,0.0,0.0,0.005,15.28,16.18,0.98888874,0.0,0.0,6.0133185,0,0,0,0,0,0,0,0,0,1,4,0,0,1,0,0,0
1777227426549000,15.3,-1.0,0.067284115,-91.39523,0.5000267,1.0588202,nan,nan,0.0,0.0,0.0,0.0,0.0,0.0,0.0,0.0,0.0,0.0,0.0,0.0,0.0,0.0,0.0,0.0,0.0,0.0,0.005,15.28,16.18,0.98888874,0.0,0.0,6.0133185,0,0,0,0,0,0,0,0,0,1,4,0,0,1,0,0,0
1777227426749000,15.3,-1.0,0.067015536,-91.450775,0.5000267,1.0588202,nan,nan,0.0,0.0,0.0,0.0,0.0,0.0,0.0,0.0,0.0,0.0,0.0,0.0,0.0,0.0,0.0,0.0,0.0,0.0,0.005,15.28,16.18,0.98888874,0.0,0.0,6.0133185,0,0,0,0,0,0,0,0,0,1,4,0,0,1,0,0,0
1777227426949000,15.3,-1.0,0.06674804,-91.50632,0.5000267,1.0588202,nan,nan,0.0,0.0,0.0,0.0,0.0,0.0,0.0,0.0,0.0,0.0,0.0,0.0,0.0,0.0,0.0,0.0,0.0,0.0,0.005,15.28,16.18,0.98888874,0.0,0.0,6.0133185,0,0,0,0,0,0,0,0,0,1,4,0,0,1,0,0,0
1777227427149000,15.3,-1.0,0.066481605,-91.56186,0.5000267,1.0588202,nan,nan,0.0,0.0,0.0,0.0,0.0,0.0,0.0,0.0,0.0,0.0,0.0,0.0,0.0,0.0,0.0,0.0,0.0,0.0,0.005,15.28,16.18,0.98888874,0.0,0.0,6.0133185,0,0,0,0,0,0,0,0,0,1,4,0,0,1,0,0,0
1777227427349000,15.3,-1.0,0.06621624,-91.6174,0.5000267,1.0588202,nan,nan,0.0,0.0,0.0,0.0,0.0,0.0,0.0,0.0,0.0,0.0,0.0,0.0,0.0,0.0,0.0,0.0,0.0,0.0,0.005,15.28,16.18,0.98888874,0.0,0.0,6.0133185,0,0,0,0,0,0,0,0,0,1,4,0,0,1,0,0,0
1777227427549000,15.3,-1.0,0.065951936,-91.67294,0.5000267,1.0588202,nan,nan,0.0,0.0,0.0,0.0,0.0,0.0,0.0,0.0,0.0,0.0,0.0,0.0,0.0,0.0,0.0,0.0,0.0,0.0,0.005,15.28,16.18,0.98888874,0.0,0.0,6.0133185,0,0,0,0,0,0,0,0,0,1,4,0,0,1,0,0,0
1777227427749000,15.3,-1.0,0.06568867,-91.728485,0.5000267,1.0588202,nan,nan,0.0,0.0,0.0,0.0,0.0,0.0,0.0,0.0,0.0,0.0,0.0,0.0,0.0,0.0,0.0,0.0,0.0,0.0,0.005,15.28,16.18,0.98888874,0.0,0.0,6.0133185,0,0,0,0,0,0,0,0,0,1,4,0,0,1,0,0,0
1777227427949000,15.3,-1.0,0.06542648,-91.78403,0.5000267,1.0588202,nan,nan,0.0,0.0,0.0,0.0,0.0,0.0,0.0,0.0,0.0,0.0,0.0,0.0,0.0,0.0,0.0,0.0,0.0,0.0,0.005,15.28,16.18,0.98888874,0.0,0.0,6.0133185,0,0,0,0,0,0,0,0,0,1,4,0,0,1,0,0,0
1777227428149000,15.3,-1.0,0.06516532,-91.83957,0.5000267,1.0588202,nan,nan,0.0,0.0,0.0,0.0,0.0,0.0,0.0,0.0,0.0,0.0,0.0,0.0,0.0,0.0,0.0,0.0,0.0,0.0,0.005,15.28,16.18,0.98888874,0.0,0.0,6.0133185,0,0,0,0,0,0,0,0,0,1,4,0,0,1,0,0,0
1777227428349000,15.3,-1.0,0.064905204,-91.89511,0.5000267,1.0588202,nan,nan,0.0,0.0,0.0,0.0,0.0,0.0,0.0,0.0,0.0,0.0,0.0,0.0,0.0,0.0,0.0,0.0,0.0,0.0,0.005,15.28,16.18,0.98888874,0.0,0.0,6.0133185,0,0,0,0,0,0,0,0,0,1,4,0,0,1,0,0,0
1777227428549000,15.3,-1.0,0.06464613,-91.95065,0.5000267,1.0588202,nan,nan,0.0,0.0,0.0,0.0,0.0,0.0,0.0,0.0,0.0,0.0,0.0,0.0,0.0,0.0,0.0,0.0,0.0,0.0,0.005,15.28,16.18,0.98888874,0.0,0.0,6.0133185,0,0,0,0,0,0,0,0,0,1,4,0,0,1,0,0,0
1777227428749000,15.3,-1.0,0.06438809,-92.006195,0.5000267,1.0588202,nan,nan,0.0,0.0,0.0,0.0,0.0,0.0,0.0,0.0,0.0,0.0,0.0,0.0,0.0,0.0,0.0,0.0,0.0,0.0,0.005,15.28,16.18,0.98888874,0.0,0.0,6.0133185,0,0,0,0,0,0,0,0,0,1,4,0,0,1,0,0,0
1777227428949000,15.3,-1.0,0.06413107,-92.06174,0.5000267,1.0588202,nan,nan,0.0,0.0,0.0,0.0,0.0,0.0,0.0,0.0,0.0,0.0,0.0,0.0,0.0,0.0,0.0,0.0,0.0,0.0,0.005,15.28,16.18,0.98888874,0.0,0.0,6.0133185,0,0,0,0,0,0,0,0,0,1,4,0,0,1,0,0,0
1777227429149000,15.3,-1.0,0.06387509,-92.11728,0.5000267,1.0588202,nan,nan,0.0,0.0,0.0,0.0,0.0,0.0,0.0,0.0,0.0,0.0,0.0,0.0,0.0,0.0,0.0,0.0,0.0,0.0,0.005,15.28,16.18,0.98888874,0.0,0.0,6.0133185,0,0,0,0,0,0,0,0,0,1,4,0,0,1,0,0,0
1777227429349000,15.3,-1.0,0.06362013,-92.17282,0.5000267,1.0588202,nan,nan,0.0,0.0,0.0,0.0,0.0,0.0,0.0,0.0,0.0,0.0,0.0,0.0,0.0,0.0,0.0,0.0,0.0,0.0,0.005,15.28,16.18,0.98888874,0.0,0.0,6.0133185,0,0,0,0,0,0,0,0,0,1,4,0,0,1,0,0,0
1777227429549000,15.3,-1.0,0.06336618,-92.22836,0.5000267,1.0588202,nan,nan,0.0,0.0,0.0,0.0,0.0,0.0,0.0,0.0,0.0,0.0,0.0,0.0,0.0,0.0,0.0,0.0,0.0,0.0,0.005,15.28,16.18,0.98888874,0.0,0.0,6.0133185,0,0,0,0,0,0,0,0,0,1,4,0,0,1,0,0,0
1777227429749000,15.3,-1.0,0.06311325,-92.283905,0.5000267,1.0588202,nan,nan,0.0,0.0,0.0,0.0,0.0,0.0,0.0,0.0,0.0,0.0,0.0,0.0,0.0,0.0,0.0,0.0,0.0,0.0,0.005,15.28,16.18,0.98888874,0.0,0.0,6.0133185,0,0,0,0,0,0,0,0,0,1,4,0,0,1,0,0,0
1777227429949000,15.3,-1.0,0.06286132,-92.33945,0.5000267,1.0588202,nan,nan,0.0,0.0,0.0,0.0,0.0,0.0,0.0,0.0,0.0,0.0,0.0,0.0,0.0,0.0,0.0,0.0,0.0,0.0,0.005,15.28,16.18,0.98888874,0.0,0.0,6.0133185,0,0,0,0,0,0,0,0,0,1,4,0,0,1,0,0,0
1777227430149000,15.3,-1.0,0.06261041,-92.39499,0.5000267,1.0588202,nan,nan,0.0,0.0,0.0,0.0,0.0,0.0,0.0,0.0,0.0,0.0,0.0,0.0,0.0,0.0,0.0,0.0,0.0,0.0,0.005,15.28,16.18,0.98888874,0.0,0.0,6.0133185,0,0,0,0,0,0,0,0,0,1,4,0,0,1,0,0,0
1777227430349000,15.3,-1.0,0.0623605,-92.45053,0.5000267,1.0588202,nan,nan,0.0,0.0,0.0,0.0,0.0,0.0,0.0,0.0,0.0,0.0,0.0,0.0,0.0,0.0,0.0,0.0,0.0,0.0,0.005,15.28,16.18,0.98888874,0.0,0.0,6.0133185,0,0,0,0,0,0,0,0,0,1,4,0,0,1,0,0,0
1777227430549000,15.3,-1.0,0.062111575,-92.50607,0.5000267,1.0588202,nan,nan,0.0,0.0,0.0,0.0,0.0,0.0,0.0,0.0,0.0,0.0,0.0,0.0,0.0,0.0,0.0,0.0,0.0,0.0,0.005,15.28,16.18,0.98888874,0.0,0.0,6.0133185,0,0,0,0,0,0,0,0,0,1,4,0,0,1,0,0,0
1777227430749000,15.3,-1.0,0.061863646,-92.561615,0.5000267,1.0588202,nan,nan,0.0,0.0,0.0,0.0,0.0,0.0,0.0,0.0,0.0,0.0,0.0,0.0,0.0,0.0,0.0,0.0,0.0,0.0,0.005,15.28,16.18,0.98888874,0.0,0.0,6.0133185,0,0,0,0,0,0,0,0,0,1,4,0,0,1,0,0,0
1777227430949000,15.3,-1.0,0.061616715,-92.61716,0.5000267,1.0588202,nan,nan,0.0,0.0,0.0,0.0,0.0,0.0,0.0,0.0,0.0,0.0,0.0,0.0,0.0,0.0,0.0,0.0,0.0,0.0,0.005,15.28,16.18,0.98888874,0.0,0.0,6.0133185,0,0,0,0,0,0,0,0,0,1,4,0,0,1,0,0,0
1777227431149000,15.3,-1.0,0.06137076,-92.6727,0.5000267,1.0588202,nan,nan,0.0,0.0,0.0,0.0,0.0,0.0,0.0,0.0,0.0,0.0,0.0,0.0,0.0,0.0,0.0,0.0,0.0,0.0,0.005,15.28,16.18,0.98888874,0.0,0.0,6.0133185,0,0,0,0,0,0,0,0,0,1,4,0,0,1,0,0,0
1777227431341000,15.3,-1.0,0.06114047,-92.72602,0.5000267,1.0588202,nan,nan,0.0,0.0,0.0,0.0,0.0,0.0,0.0,0.0,0.0,0.0,0.0,0.0,0.0,0.0,0.0,0.0,0.0,0.0,0.005,15.28,16.18,0.98888874,0.0,0.0,6.0133185,0,0,0,0,0,0,0,0,0,1,4,0,0,1,0,0,0
1777227431549000,15.3,-1.0,0.060881805,-92.78378,0.5000267,1.0588202,nan,nan,0.0,0.0,0.0,0.0,0.0,0.0,0.0,0.0,0.0,0.0,0.0,0.0,0.0,0.0,0.0,0.0,0.0,0.0,0.005,15.28,16.18,0.98888874,0.0,0.0,6.0133185,0,0,0,0,0,0,0,0,0,1,4,0,0,1,0,0,0
1777227431749000,15.3,-1.0,0.060638797,-92.839325,0.5000267,1.0588202,nan,nan,0.0,0.0,0.0,0.0,0.0,0.0,0.0,0.0,0.0,0.0,0.0,0.0,0.0,0.0,0.0,0.0,0.0,0.0,0.005,15.28,16.18,0.98888874,0.0,0.0,6.0133185,0,0,0,0,0,0,0,0,0,1,4,0,0,1,0,0,0
1777227431949000,15.3,-1.0,0.060396742,-92.89487,0.5000267,1.0588202,nan,nan,0.0,0.0,0.0,0.0,0.0,0.0,0.0,0.0,0.0,0.0,0.0,0.0,0.0,0.0,0.0,0.0,0.0,0.0,0.005,15.28,16.18,0.98888874,0.0,0.0,6.0133185,0,0,0,0,0,0,0,0,0,1,4,0,0,1,0,0,0
1777227432149000,15.3,-1.0,0.06015567,-92.95041,0.5000267,1.0588202,nan,nan,0.0,0.0,0.0,0.0,0.0,0.0,0.0,0.0,0.0,0.0,0.0,0.0,0.0,0.0,0.0,0.0,0.0,0.0,0.005,15.28,16.18,0.98888874,0.0,0.0,6.0133185,0,0,0,0,0,0,0,0,0,1,4,0,0,1,0,0,0
1777227432349000,15.3,-1.0,0.059915558,-93.00595,0.5000267,1.0588202,nan,nan,0.0,0.0,0.0,0.0,0.0,0.0,0.0,0.0,0.0,0.0,0.0,0.0,0.0,0.0,0.0,0.0,0.0,0.0,0.005,15.28,16.18,0.98888874,0.0,0.0,6.0133185,0,0,0,0,0,0,0,0,0,1,4,0,0,1,0,0,0
1777227432549000,15.3,-1.0,0.059676394,-93.06149,0.5000267,1.0588202,nan,nan,0.0,0.0,0.0,0.0,0.0,0.0,0.0,0.0,0.0,0.0,0.0,0.0,0.0,0.0,0.0,0.0,0.0,0.0,0.005,15.28,16.18,0.98888874,0.0,0.0,6.0133185,0,0,0,0,0,0,0,0,0,1,4,0,0,1,0,0,0
1777227432749000,15.3,-1.0,0.059438184,-93.117035,0.5000267,1.0588202,nan,nan,0.0,0.0,0.0,0.0,0.0,0.0,0.0,0.0,0.0,0.0,0.0,0.0,0.0,0.0,0.0,0.0,0.0,0.0,0.005,15.28,16.18,0.98888874,0.0,0.0,6.0133185,0,0,0,0,0,0,0,0,0,1,4,0,0,1,0,0,0
1777227432949000,15.3,-1.0,0.05920094,-93.17258,0.5000267,1.0588202,nan,nan,0.0,0.0,0.0,0.0,0.0,0.0,0.0,0.0,0.0,0.0,0.0,0.0,0.0,0.0,0.0,0.0,0.0,0.0,0.005,15.28,16.18,0.98888874,0.0,0.0,6.0133185,0,0,0,0,0,0,0,0,0,1,4,0,0,1,0,0,0
1777227433141000,15.3,-1.0,0.058978796,-93.2259,0.5000267,1.0588202,nan,nan,0.0,0.0,0.0,0.0,0.0,0.0,0.0,0.0,0.0,0.0,0.0,0.0,0.0,0.0,0.0,0.0,0.0,0.0,0.005,15.28,16.18,0.98888874,0.0,0.0,6.0133185,0,0,0,0,0,0,0,0,0,1,4,0,0,1,0,0,0
1777227433349000,15.3,-1.0,0.05872928,-93.28366,0.5000267,1.0588202,nan,nan,0.0,0.0,0.0,0.0,0.0,0.0,0.0,0.0,0.0,0.0,0.0,0.0,0.0,0.0,0.0,0.0,0.0,0.0,0.005,15.28,16.18,0.98888874,0.0,0.0,6.0133185,0,0,0,0,0,0,0,0,0,1,4,0,0,1,0,0,0
1777227433549000,15.3,-1.0,0.058494847,-93.3392,0.5000267,1.0588202,nan,nan,0.0,0.0,0.0,0.0,0.0,0.0,0.0,0.0,0.0,0.0,0.0,0.0,0.0,0.0,0.0,0.0,0.0,0.0,0.005,15.28,16.18,0.98888874,0.0,0.0,6.0133185,0,0,0,0,0,0,0,0,0,1,4,0,0,1,0,0,0
1777227433749000,15.3,-1.0,0.058261365,-93.394745,0.5000267,1.0588202,nan,nan,0.0,0.0,0.0,0.0,0.0,0.0,0.0,0.0,0.0,0.0,0.0,0.0,0.0,0.0,0.0,0.0,0.0,0.0,0.005,15.28,16.18,0.98888874,0.0,0.0,6.0133185,0,0,0,0,0,0,0,0,0,1,4,0,0,1,0,0,0
1777227433949000,15.3,-1.0,0.058028813,-93.45029,0.5000267,1.0588202,nan,nan,0.0,0.0,0.0,0.0,0.0,0.0,0.0,0.0,0.0,0.0,0.0,0.0,0.0,0.0,0.0,0.0,0.0,0.0,0.005,15.28,16.18,0.98888874,0.0,0.0,6.0133185,0,0,0,0,0,0,0,0,0,1,4,0,0,1,0,0,0
1777227434149000,15.3,-1.0,0.05779718,-93.50583,0.5000267,1.0588202,nan,nan,0.0,0.0,0.0,0.0,0.0,0.0,0.0,0.0,0.0,0.0,0.0,0.0,0.0,0.0,0.0,0.0,0.0,0.0,0.005,15.28,16.18,0.98888874,0.0,0.0,6.0133185,0,0,0,0,0,0,0,0,0,1,4,0,0,1,0,0,0
1777227434349000,15.3,-1.0,0.05756647,-93.56137,0.5000267,1.0588202,nan,nan,0.0,0.0,0.0,0.0,0.0,0.0,0.0,0.0,0.0,0.0,0.0,0.0,0.0,0.0,0.0,0.0,0.0,0.0,0.005,15.28,16.18,0.98888874,0.0,0.0,6.0133185,0,0,0,0,0,0,0,0,0,1,4,0,0,1,0,0,0
1777227434549000,15.3,-1.0,0.057336695,-93.61691,0.5000267,1.0588202,nan,nan,0.0,0.0,0.0,0.0,0.0,0.0,0.0,0.0,0.0,0.0,0.0,0.0,0.0,0.0,0.0,0.0,0.0,0.0,0.005,15.28,16.18,0.98888874,0.0,0.0,6.0133185,0,0,0,0,0,0,0,0,0,1,4,0,0,1,0,0,0
1777227434749000,15.3,-1.0,0.05710784,-93.672455,0.5000267,1.0588202,nan,nan,0.0,0.0,0.0,0.0,0.0,0.0,0.0,0.0,0.0,0.0,0.0,0.0,0.0,0.0,0.0,0.0,0.0,0.0,0.005,15.28,16.18,0.98888874,0.0,0.0,6.0133185,0,0,0,0,0,0,0,0,0,1,4,0,0,1,0,0,0
1777227434949000,15.3,-1.0,0.056879897,-93.728,0.5000267,1.0588202,nan,nan,0.0,0.0,0.0,0.0,0.0,0.0,0.0,0.0,0.0,0.0,0.0,0.0,0.0,0.0,0.0,0.0,0.0,0.0,0.005,15.28,16.18,0.98888874,0.0,0.0,6.0133185,0,0,0,0,0,0,0,0,0,1,4,0,0,1,0,0,0
1777227435149000,15.3,-1.0,0.05665284,-93.78354,0.5000267,1.0588202,nan,nan,0.0,0.0,0.0,0.0,0.0,0.0,0.0,0.0,0.0,0.0,0.0,0.0,0.0,0.0,0.0,0.0,0.0,0.0,0.005,15.28,16.18,0.98888874,0.0,0.0,6.0133185,0,0,0,0,0,0,0,0,0,1,4,0,0,1,0,0,0
1777227435349000,15.3,-1.0,0.056426704,-93.83908,0.5000267,1.0588202,nan,nan,0.0,0.0,0.0,0.0,0.0,0.0,0.0,0.0,0.0,0.0,0.0,0.0,0.0,0.0,0.0,0.0,0.0,0.0,0.005,15.28,16.18,0.98888874,0.0,0.0,6.0133185,0,0,0,0,0,0,0,0,0,1,4,0,0,1,0,0,0
1777227435549000,15.3,-1.0,0.05620148,-93.89462,0.5000267,1.0588202,nan,nan,0.0,0.0,0.0,0.0,0.0,0.0,0.0,0.0,0.0,0.0,0.0,0.0,0.0,0.0,0.0,0.0,0.0,0.0,0.005,15.28,16.18,0.98888874,0.0,0.0,6.0133185,0,0,0,0,0,0,0,0,0,1,4,0,0,1,0,0,0
1777227435741000,15.3,-1.0,0.055990573,-93.947945,0.5000267,1.0588202,nan,nan,0.0,0.0,0.0,0.0,0.0,0.0,0.0,0.0,0.0,0.0,0.0,0.0,0.0,0.0,0.0,0.0,0.0,0.0,0.005,15.28,16.18,0.98888874,0.0,0.0,6.0133185,0,0,0,0,0,0,0,0,0,1,4,0,0,1,0,0,0
1777227435949000,15.3,-1.0,0.0557537,-94.00571,0.5000267,1.0588202,nan,nan,0.0,0.0,0.0,0.0,0.0,0.0,0.0,0.0,0.0,0.0,0.0,0.0,0.0,0.0,0.0,0.0,0.0,0.0,0.005,15.28,16.18,0.98888874,0.0,0.0,6.0133185,0,0,0,0,0,0,0,0,0,1,4,0,0,1,0,0,0
1777227436149000,15.3,-1.0,0.05553116,-94.06125,0.5000267,1.0588202,nan,nan,0.0,0.0,0.0,0.0,0.0,0.0,0.0,0.0,0.0,0.0,0.0,0.0,0.0,0.0,0.0,0.0,0.0,0.0,0.005,15.28,16.18,0.98888874,0.0,0.0,6.0133185,0,0,0,0,0,0,0,0,0,1,4,0,0,1,0,0,0
1777227436349000,15.3,-1.0,0.055309497,-94.11679,0.5000267,1.0588202,nan,nan,0.0,0.0,0.0,0.0,0.0,0.0,0.0,0.0,0.0,0.0,0.0,0.0,0.0,0.0,0.0,0.0,0.0,0.0,0.005,15.28,16.18,0.98888874,0.0,0.0,6.0133185,0,0,0,0,0,0,0,0,0,1,4,0,0,1,0,0,0
1777227436549000,15.3,-1.0,0.05508873,-94.17233,0.5000267,1.0588202,nan,nan,0.0,0.0,0.0,0.0,0.0,0.0,0.0,0.0,0.0,0.0,0.0,0.0,0.0,0.0,0.0,0.0,0.0,0.0,0.005,15.28,16.18,0.98888874,0.0,0.0,6.0133185,0,0,0,0,0,0,0,0,0,1,4,0,0,1,0,0,0
1777227436749000,15.3,-1.0,0.054868832,-94.227875,0.5000267,1.0588202,nan,nan,0.0,0.0,0.0,0.0,0.0,0.0,0.0,0.0,0.0,0.0,0.0,0.0,0.0,0.0,0.0,0.0,0.0,0.0,0.005,15.28,16.18,0.98888874,0.0,0.0,6.0133185,0,0,0,0,0,0,0,0,0,1,4,0,0,1,0,0,0
1777227436949000,15.3,-1.0,0.05464982,-94.28342,0.5000267,1.0588202,nan,nan,0.0,0.0,0.0,0.0,0.0,0.0,0.0,0.0,0.0,0.0,0.0,0.0,0.0,0.0,0.0,0.0,0.0,0.0,0.005,15.28,16.18,0.98888874,0.0,0.0,6.0133185,0,0,0,0,0,0,0,0,0,1,4,0,0,1,0,0,0
1777227437149000,15.3,-1.0,0.05443168,-94.33896,0.5000267,1.0588202,nan,nan,0.0,0.0,0.0,0.0,0.0,0.0,0.0,0.0,0.0,0.0,0.0,0.0,0.0,0.0,0.0,0.0,0.0,0.0,0.005,15.28,16.18,0.98888874,0.0,0.0,6.0133185,0,0,0,0,0,0,0,0,0,1,4,0,0,1,0,0,0
1777227437349000,15.3,-1.0,0.054214403,-94.3945,0.5000267,1.0588202,nan,nan,0.0,0.0,0.0,0.0,0.0,0.0,0.0,0.0,0.0,0.0,0.0,0.0,0.0,0.0,0.0,0.0,0.0,0.0,0.005,15.28,16.18,0.98888874,0.0,0.0,6.0133185,0,0,0,0,0,0,0,0,0,1,4,0,0,1,0,0,0
1777227437549000,15.3,-1.0,0.053998,-94.45004,0.5000267,1.0588202,nan,nan,0.0,0.0,0.0,0.0,0.0,0.0,0.0,0.0,0.0,0.0,0.0,0.0,0.0,0.0,0.0,0.0,0.0,0.0,0.005,15.28,16.18,0.98888874,0.0,0.0,6.0133185,0,0,0,0,0,0,0,0,0,1,4,0,0,1,0,0,0
1777227437749000,15.3,-1.0,0.05378247,-94.505585,0.5000267,1.0588202,nan,nan,0.0,0.0,0.0,0.0,0.0,0.0,0.0,0.0,0.0,0.0,0.0,0.0,0.0,0.0,0.0,0.0,0.0,0.0,0.005,15.28,16.18,0.98888874,0.0,0.0,6.0133185,0,0,0,0,0,0,0,0,0,1,4,0,0,1,0,0,0
1777227437949000,15.3,-1.0,0.05356779,-94.56113,0.5000267,1.0588202,nan,nan,0.0,0.0,0.0,0.0,0.0,0.0,0.0,0.0,0.0,0.0,0.0,0.0,0.0,0.0,0.0,0.0,0.0,0.0,0.005,15.28,16.18,0.98888874,0.0,0.0,6.0133185,0,0,0,0,0,0,0,0,0,1,4,0,0,1,0,0,0
1777227438149000,15.3,-1.0,0.053353965,-94.61667,0.5000267,1.0588202,nan,nan,0.0,0.0,0.0,0.0,0.0,0.0,0.0,0.0,0.0,0.0,0.0,0.0,0.0,0.0,0.0,0.0,0.0,0.0,0.005,15.28,16.18,0.98888874,0.0,0.0,6.0133185,0,0,0,0,0,0,0,0,0,1,4,0,0,1,0,0,0
1777227438349000,15.3,-1.0,0.053140994,-94.67221,0.5000267,1.0588202,nan,nan,0.0,0.0,0.0,0.0,0.0,0.0,0.0,0.0,0.0,0.0,0.0,0.0,0.0,0.0,0.0,0.0,0.0,0.0,0.005,15.28,16.18,0.98888874,0.0,0.0,6.0133185,0,0,0,0,0,0,0,0,0,1,4,0,0,1,0,0,0
1777227438549000,15.3,-1.0,0.05292888,-94.72775,0.5000267,1.0588202,nan,nan,0.0,0.0,0.0,0.0,0.0,0.0,0.0,0.0,0.0,0.0,0.0,0.0,0.0,0.0,0.0,0.0,0.0,0.0,0.005,15.28,16.18,0.98888874,0.0,0.0,6.0133185,0,0,0,0,0,0,0,0,0,1,4,0,0,1,0,0,0
1777227438749000,15.3,-1.0,0.05271761,-94.783295,0.5000267,1.0588202,nan,nan,0.0,0.0,0.0,0.0,0.0,0.0,0.0,0.0,0.0,0.0,0.0,0.0,0.0,0.0,0.0,0.0,0.0,0.0,0.005,15.28,16.18,0.98888874,0.0,0.0,6.0133185,0,0,0,0,0,0,0,0,0,1,4,0,0,1,0,0,0
1777227438949000,15.3,-1.0,0.05250718,-94.83884,0.5000267,1.0588202,nan,nan,0.0,0.0,0.0,0.0,0.0,0.0,0.0,0.0,0.0,0.0,0.0,0.0,0.0,0.0,0.0,0.0,0.0,0.0,0.005,15.28,16.18,0.98888874,0.0,0.0,6.0133185,0,0,0,0,0,0,0,0,0,1,4,0,0,1,0,0,0
1777227439149000,15.3,-1.0,0.052297592,-94.89438,0.5000267,1.0588202,nan,nan,0.0,0.0,0.0,0.0,0.0,0.0,0.0,0.0,0.0,0.0,0.0,0.0,0.0,0.0,0.0,0.0,0.0,0.0,0.005,15.28,16.18,0.98888874,0.0,0.0,6.0133185,0,0,0,0,0,0,0,0,0,1,4,0,0,1,0,0,0
1777227439349000,15.3,-1.0,0.052088838,-94.94992,0.5000267,1.0588202,nan,nan,0.0,0.0,0.0,0.0,0.0,0.0,0.0,0.0,0.0,0.0,0.0,0.0,0.0,0.0,0.0,0.0,0.0,0.0,0.005,15.28,16.18,0.98888874,0.0,0.0,6.0133185,0,0,0,0,0,0,0,0,0,1,4,0,0,1,0,0,0
1777227439549000,15.3,-1.0,0.051880926,-95.00546,0.5000267,1.0588202,nan,nan,0.0,0.0,0.0,0.0,0.0,0.0,0.0,0.0,0.0,0.0,0.0,0.0,0.0,0.0,0.0,0.0,0.0,0.0,0.005,15.28,16.18,0.98888874,0.0,0.0,6.0133185,0,0,0,0,0,0,0,0,0,1,4,0,0,1,0,0,0
1777227439749000,15.3,-1.0,0.05167384,-95.061005,0.5000267,1.0588202,nan,nan,0.0,0.0,0.0,0.0,0.0,0.0,0.0,0.0,0.0,0.0,0.0,0.0,0.0,0.0,0.0,0.0,0.0,0.0,0.005,15.28,16.18,0.98888874,0.0,0.0,6.0133185,0,0,0,0,0,0,0,0,0,1,4,0,0,1,0,0,0
1777227439949000,15.3,-1.0,0.051467583,-95.11655,0.5000267,1.0588202,nan,nan,0.0,0.0,0.0,0.0,0.0,0.0,0.0,0.0,0.0,0.0,0.0,0.0,0.0,0.0,0.0,0.0,0.0,0.0,0.005,15.28,16.18,0.98888874,0.0,0.0,6.0133185,0,0,0,0,0,0,0,0,0,1,4,0,0,1,0,0,0
1777227440149000,15.3,-1.0,0.051262144,-95.17209,0.5000267,1.0588202,nan,nan,0.0,0.0,0.0,0.0,0.0,0.0,0.0,0.0,0.0,0.0,0.0,0.0,0.0,0.0,0.0,0.0,0.0,0.0,0.005,15.28,16.18,0.98888874,0.0,0.0,6.0133185,0,0,0,0,0,0,0,0,0,1,4,0,0,1,0,0,0
1777227440349000,15.3,-1.0,0.05105753,-95.22763,0.5000267,1.0588202,nan,nan,0.0,0.0,0.0,0.0,0.0,0.0,0.0,0.0,0.0,0.0,0.0,0.0,0.0,0.0,0.0,0.0,0.0,0.0,0.005,15.28,16.18,0.98888874,0.0,0.0,6.0133185,0,0,0,0,0,0,0,0,0,1,4,0,0,1,0,0,0
1777227440549000,15.3,-1.0,0.050853726,-95.28317,0.5000267,1.0588202,nan,nan,0.0,0.0,0.0,0.0,0.0,0.0,0.0,0.0,0.0,0.0,0.0,0.0,0.0,0.0,0.0,0.0,0.0,0.0,0.005,15.28,16.18,0.98888874,0.0,0.0,6.0133185,0,0,0,0,0,0,0,0,0,1,4,0,0,1,0,0,0
1777227440749000,15.3,-1.0,0.05065074,-95.338715,0.5000267,1.0588202,nan,nan,0.0,0.0,0.0,0.0,0.0,0.0,0.0,0.0,0.0,0.0,0.0,0.0,0.0,0.0,0.0,0.0,0.0,0.0,0.005,15.28,16.18,0.98888874,0.0,0.0,6.0133185,0,0,0,0,0,0,0,0,0,1,4,0,0,1,0,0,0
1777227440949000,15.3,-1.0,0.050448563,-95.39426,0.5000267,1.0588202,nan,nan,0.0,0.0,0.0,0.0,0.0,0.0,0.0,0.0,0.0,0.0,0.0,0.0,0.0,0.0,0.0,0.0,0.0,0.0,0.005,15.28,16.18,0.98888874,0.0,0.0,6.0133185,0,0,0,0,0,0,0,0,0,1,4,0,0,1,0,0,0
1777227441149000,15.3,-1.0,0.050247192,-95.4498,0.5000267,1.0588202,nan,nan,0.0,0.0,0.0,0.0,0.0,0.0,0.0,0.0,0.0,0.0,0.0,0.0,0.0,0.0,0.0,0.0,0.0,0.0,0.005,15.28,16.18,0.98888874,0.0,0.0,6.0133185,0,0,0,0,0,0,0,0,0,1,4,0,0,1,0,0,0
1777227441349000,15.3,-1.0,0.050046623,-95.50534,0.5000267,1.0588202,nan,nan,0.0,0.0,0.0,0.0,0.0,0.0,0.0,0.0,0.0,0.0,0.0,0.0,0.0,0.0,0.0,0.0,0.0,0.0,0.005,15.28,16.18,0.98888874,0.0,0.0,6.0133185,0,0,0,0,0,0,0,0,0,1,4,0,0,1,0,0,0
1777227441549000,15.3,-1.0,0.049846858,-95.56088,0.5000267,1.0588202,nan,nan,0.0,0.0,0.0,0.0,0.0,0.0,0.0,0.0,0.0,0.0,0.0,0.0,0.0,0.0,0.0,0.0,0.0,0.0,0.005,15.28,16.18,0.98888874,0.0,0.0,6.0133185,0,0,0,0,0,0,0,0,0,1,4,0,0,1,0,0,0
1777227441749000,15.3,-1.0,0.049647883,-95.616425,0.5000267,1.0588202,nan,nan,0.0,0.0,0.0,0.0,0.0,0.0,0.0,0.0,0.0,0.0,0.0,0.0,0.0,0.0,0.0,0.0,0.0,0.0,0.005,15.28,16.18,0.98888874,0.0,0.0,6.0133185,0,0,0,0,0,0,0,0,0,1,4,0,0,1,0,0,0
1777227441949000,15.3,-1.0,0.049449712,-95.67197,0.5000267,1.0588202,nan,nan,0.0,0.0,0.0,0.0,0.0,0.0,0.0,0.0,0.0,0.0,0.0,0.0,0.0,0.0,0.0,0.0,0.0,0.0,0.005,15.28,16.18,0.98888874,0.0,0.0,6.0133185,0,0,0,0,0,0,0,0,0,1,4,0,0,1,0,0,0
1777227442149000,15.3,-1.0,0.049252328,-95.72751,0.5000267,1.0588202,nan,nan,0.0,0.0,0.0,0.0,0.0,0.0,0.0,0.0,0.0,0.0,0.0,0.0,0.0,0.0,0.0,0.0,0.0,0.0,0.005,15.28,16.18,0.98888874,0.0,0.0,6.0133185,0,0,0,0,0,0,0,0,0,1,4,0,0,1,0,0,0
1777227442349000,15.3,-1.0,0.049055737,-95.78305,0.5000267,1.0588202,nan,nan,0.0,0.0,0.0,0.0,0.0,0.0,0.0,0.0,0.0,0.0,0.0,0.0,0.0,0.0,0.0,0.0,0.0,0.0,0.005,15.28,16.18,0.98888874,0.0,0.0,6.0133185,0,0,0,0,0,0,0,0,0,1,4,0,0,1,0,0,0
1777227442541000,15.3,-1.0,0.048871648,-95.83637,0.5000267,1.0588202,nan,nan,0.0,0.0,0.0,0.0,0.0,0.0,0.0,0.0,0.0,0.0,0.0,0.0,0.0,0.0,0.0,0.0,0.0,0.0,0.005,15.28,16.18,0.98888874,0.0,0.0,6.0133185,0,0,0,0,0,0,0,0,0,1,4,0,0,1,0,0,0
1777227442741000,15.3,-1.0,0.048676573,-95.891914,0.5000267,1.0588202,nan,nan,0.0,0.0,0.0,0.0,0.0,0.0,0.0,0.0,0.0,0.0,0.0,0.0,0.0,0.0,0.0,0.0,0.0,0.0,0.005,15.28,16.18,0.98888874,0.0,0.0,6.0133185,0,0,0,0,0,0,0,0,0,1,4,0,0,1,0,0,0
1777227442949000,15.3,-1.0,0.048470646,-95.94968,0.5000267,1.0588202,nan,nan,0.0,0.0,0.0,0.0,0.0,0.0,0.0,0.0,0.0,0.0,0.0,0.0,0.0,0.0,0.0,0.0,0.0,0.0,0.005,15.28,16.18,0.98888874,0.0,0.0,6.0133185,0,0,0,0,0,0,0,0,0,1,4,0,0,1,0,0,0
1777227443149000,15.3,-1.0,0.048277177,-96.00522,0.5000267,1.0588202,nan,nan,0.0,0.0,0.0,0.0,0.0,0.0,0.0,0.0,0.0,0.0,0.0,0.0,0.0,0.0,0.0,0.0,0.0,0.0,0.005,15.28,16.18,0.98888874,0.0,0.0,6.0133185,0,0,0,0,0,0,0,0,0,1,4,0,0,1,0,0,0
1777227443349000,15.3,-1.0,0.04808447,-96.06076,0.5000267,1.0588202,nan,nan,0.0,0.0,0.0,0.0,0.0,0.0,0.0,0.0,0.0,0.0,0.0,0.0,0.0,0.0,0.0,0.0,0.0,0.0,0.005,15.28,16.18,0.98888874,0.0,0.0,6.0133185,0,0,0,0,0,0,0,0,0,1,4,0,0,1,0,0,0
1777227443549000,15.3,-1.0,0.04789254,-96.1163,0.5000267,1.0588202,nan,nan,0.0,0.0,0.0,0.0,0.0,0.0,0.0,0.0,0.0,0.0,0.0,0.0,0.0,0.0,0.0,0.0,0.0,0.0,0.005,15.28,16.18,0.98888874,0.0,0.0,6.0133185,0,0,0,0,0,0,0,0,0,1,4,0,0,1,0,0,0
1777227443749000,15.3,-1.0,0.04770137,-96.171844,0.5000267,1.0588202,nan,nan,0.0,0.0,0.0,0.0,0.0,0.0,0.0,0.0,0.0,0.0,0.0,0.0,0.0,0.0,0.0,0.0,0.0,0.0,0.005,15.28,16.18,0.98888874,0.0,0.0,6.0133185,0,0,0,0,0,0,0,0,0,1,4,0,0,1,0,0,0
1777227443949000,15.3,-1.0,0.047510963,-96.22739,0.5000267,1.0588202,nan,nan,0.0,0.0,0.0,0.0,0.0,0.0,0.0,0.0,0.0,0.0,0.0,0.0,0.0,0.0,0.0,0.0,0.0,0.0,0.005,15.28,16.18,0.98888874,0.0,0.0,6.0133185,0,0,0,0,0,0,0,0,0,1,4,0,0,1,0,0,0
1777227444149000,15.3,-1.0,0.047321316,-96.28293,0.5000267,1.0588202,nan,nan,0.0,0.0,0.0,0.0,0.0,0.0,0.0,0.0,0.0,0.0,0.0,0.0,0.0,0.0,0.0,0.0,0.0,0.0,0.005,15.28,16.18,0.98888874,0.0,0.0,6.0133185,0,0,0,0,0,0,0,0,0,1,4,0,0,1,0,0,0
1777227444341000,15.3,-1.0,0.047143742,-96.33625,0.5000267,1.0588202,nan,nan,0.0,0.0,0.0,0.0,0.0,0.0,0.0,0.0,0.0,0.0,0.0,0.0,0.0,0.0,0.0,0.0,0.0,0.0,0.005,15.28,16.18,0.98888874,0.0,0.0,6.0133185,0,0,0,0,0,0,0,0,0,1,4,0,0,1,0,0,0
1777227444549000,15.3,-1.0,0.046944298,-96.39401,0.5000267,1.0588202,nan,nan,0.0,0.0,0.0,0.0,0.0,0.0,0.0,0.0,0.0,0.0,0.0,0.0,0.0,0.0,0.0,0.0,0.0,0.0,0.005,15.28,16.18,0.98888874,0.0,0.0,6.0133185,0,0,0,0,0,0,0,0,0,1,4,0,0,1,0,0,0
1777227444749000,15.3,-1.0,0.046756916,-96.449554,0.5000267,1.0588202,nan,nan,0.0,0.0,0.0,0.0,0.0,0.0,0.0,0.0,0.0,0.0,0.0,0.0,0.0,0.0,0.0,0.0,0.0,0.0,0.005,15.28,16.18,0.98888874,0.0,0.0,6.0133185,0,0,0,0,0,0,0,0,0,1,4,0,0,1,0,0,0
1777227444949000,15.3,-1.0,0.046570286,-96.5051,0.5000267,1.0588202,nan,nan,0.0,0.0,0.0,0.0,0.0,0.0,0.0,0.0,0.0,0.0,0.0,0.0,0.0,0.0,0.0,0.0,0.0,0.0,0.005,15.28,16.18,0.98888874,0.0,0.0,6.0133185,0,0,0,0,0,0,0,0,0,1,4,0,0,1,0,0,0
1777227445141000,15.3,-1.0,0.046395533,-96.55842,0.5000267,1.0588202,nan,nan,0.0,0.0,0.0,0.0,0.0,0.0,0.0,0.0,0.0,0.0,0.0,0.0,0.0,0.0,0.0,0.0,0.0,0.0,0.005,15.28,16.18,0.98888874,0.0,0.0,6.0133185,0,0,0,0,0,0,0,0,0,1,4,0,0,1,0,0,0
1777227445349000,15.3,-1.0,0.04619925,-96.61618,0.5000267,1.0588202,nan,nan,0.0,0.0,0.0,0.0,0.0,0.0,0.0,0.0,0.0,0.0,0.0,0.0,0.0,0.0,0.0,0.0,0.0,0.0,0.005,15.28,16.18,0.98888874,0.0,0.0,6.0133185,0,0,0,0,0,0,0,0,0,1,4,0,0,1,0,0,0
1777227445549000,15.3,-1.0,0.04601484,-96.67172,0.5000267,1.0588202,nan,nan,0.0,0.0,0.0,0.0,0.0,0.0,0.0,0.0,0.0,0.0,0.0,0.0,0.0,0.0,0.0,0.0,0.0,0.0,0.005,15.28,16.18,0.98888874,0.0,0.0,6.0133185,0,0,0,0,0,0,0,0,0,1,4,0,0,1,0,0,0
1777227445749000,15.3,-1.0,0.04583117,-96.727264,0.5000267,1.0588202,nan,nan,0.0,0.0,0.0,0.0,0.0,0.0,0.0,0.0,0.0,0.0,0.0,0.0,0.0,0.0,0.0,0.0,0.0,0.0,0.005,15.28,16.18,0.98888874,0.0,0.0,6.0133185,0,0,0,0,0,0,0,0,0,1,4,0,0,1,0,0,0
1777227445949000,15.3,-1.0,0.045648232,-96.78281,0.5000267,1.0588202,nan,nan,0.0,0.0,0.0,0.0,0.0,0.0,0.0,0.0,0.0,0.0,0.0,0.0,0.0,0.0,0.0,0.0,0.0,0.0,0.005,15.28,16.18,0.98888874,0.0,0.0,6.0133185,0,0,0,0,0,0,0,0,0,1,4,0,0,1,0,0,0
1777227446149000,15.3,-1.0,0.045466024,-96.83835,0.5000267,1.0588202,nan,nan,0.0,0.0,0.0,0.0,0.0,0.0,0.0,0.0,0.0,0.0,0.0,0.0,0.0,0.0,0.0,0.0,0.0,0.0,0.005,15.28,16.18,0.98888874,0.0,0.0,6.0133185,0,0,0,0,0,0,0,0,0,1,4,0,0,1,0,0,0
1777227446349000,15.3,-1.0,0.045284543,-96.89389,0.5000267,1.0588202,nan,nan,0.0,0.0,0.0,0.0,0.0,0.0,0.0,0.0,0.0,0.0,0.0,0.0,0.0,0.0,0.0,0.0,0.0,0.0,0.005,15.28,16.18,0.98888874,0.0,0.0,6.0133185,0,0,0,0,0,0,0,0,0,1,4,0,0,1,0,0,0
1777227446549000,15.3,-1.0,0.045103785,-96.94943,0.5000267,1.0588202,nan,nan,0.0,0.0,0.0,0.0,0.0,0.0,0.0,0.0,0.0,0.0,0.0,0.0,0.0,0.0,0.0,0.0,0.0,0.0,0.005,15.28,16.18,0.98888874,0.0,0.0,6.0133185,0,0,0,0,0,0,0,0,0,1,4,0,0,1,0,0,0
1777227446741000,15.3,-1.0,0.04493453,-97.002754,0.5000267,1.0588202,nan,nan,0.0,0.0,0.0,0.0,0.0,0.0,0.0,0.0,0.0,0.0,0.0,0.0,0.0,0.0,0.0,0.0,0.0,0.0,0.005,15.28,16.18,0.98888874,0.0,0.0,6.0133185,0,0,0,0,0,0,0,0,0,1,4,0,0,1,0,0,0
1777227446949000,15.3,-1.0,0.04474443,-97.06052,0.5000267,1.0588202,nan,nan,0.0,0.0,0.0,0.0,0.0,0.0,0.0,0.0,0.0,0.0,0.0,0.0,0.0,0.0,0.0,0.0,0.0,0.0,0.005,15.28,16.18,0.98888874,0.0,0.0,6.0133185,0,0,0,0,0,0,0,0,0,1,4,0,0,1,0,0,0
1777227447149000,15.3,-1.0,0.04456583,-97.11606,0.5000267,1.0588202,nan,nan,0.0,0.0,0.0,0.0,0.0,0.0,0.0,0.0,0.0,0.0,0.0,0.0,0.0,0.0,0.0,0.0,0.0,0.0,0.005,15.28,16.18,0.98888874,0.0,0.0,6.0133185,0,0,0,0,0,0,0,0,0,1,4,0,0,1,0,0,0
1777227447349000,15.3,-1.0,0.04438794,-97.1716,0.5000267,1.0588202,nan,nan,0.0,0.0,0.0,0.0,0.0,0.0,0.0,0.0,0.0,0.0,0.0,0.0,0.0,0.0,0.0,0.0,0.0,0.0,0.005,15.28,16.18,0.98888874,0.0,0.0,6.0133185,0,0,0,0,0,0,0,0,0,1,4,0,0,1,0,0,0
1777227447549000,15.3,-1.0,0.04421076,-97.22714,0.5000267,1.0588202,nan,nan,0.0,0.0,0.0,0.0,0.0,0.0,0.0,0.0,0.0,0.0,0.0,0.0,0.0,0.0,0.0,0.0,0.0,0.0,0.005,15.28,16.18,0.98888874,0.0,0.0,6.0133185,0,0,0,0,0,0,0,0,0,1,4,0,0,1,0,0,0
1777227447749000,15.3,-1.0,0.04403429,-97.282684,0.5000267,1.0588202,nan,nan,0.0,0.0,0.0,0.0,0.0,0.0,0.0,0.0,0.0,0.0,0.0,0.0,0.0,0.0,0.0,0.0,0.0,0.0,0.005,15.28,16.18,0.98888874,0.0,0.0,6.0133185,0,0,0,0,0,0,0,0,0,1,4,0,0,1,0,0,0
1777227447949000,15.3,-1.0,0.043858524,-97.33823,0.5000267,1.0588202,nan,nan,0.0,0.0,0.0,0.0,0.0,0.0,0.0,0.0,0.0,0.0,0.0,0.0,0.0,0.0,0.0,0.0,0.0,0.0,0.005,15.28,16.18,0.98888874,0.0,0.0,6.0133185,0,0,0,0,0,0,0,0,0,1,4,0,0,1,0,0,0
1777227448149000,15.3,-1.0,0.04368346,-97.39377,0.5000267,1.0588202,nan,nan,0.0,0.0,0.0,0.0,0.0,0.0,0.0,0.0,0.0,0.0,0.0,0.0,0.0,0.0,0.0,0.0,0.0,0.0,0.005,15.28,16.18,0.98888874,0.0,0.0,6.0133185,0,0,0,0,0,0,0,0,0,1,4,0,0,1,0,0,0
1777227448341000,15.3,-1.0,0.043519538,-97.44709,0.5000267,1.0588202,nan,nan,0.0,0.0,0.0,0.0,0.0,0.0,0.0,0.0,0.0,0.0,0.0,0.0,0.0,0.0,0.0,0.0,0.0,0.0,0.005,15.28,16.18,0.98888874,0.0,0.0,6.0133185,0,0,0,0,0,0,0,0,0,1,4,0,0,1,0,0,0
1777227448549000,15.3,-1.0,0.043335427,-97.50485,0.5000267,1.0588202,nan,nan,0.0,0.0,0.0,0.0,0.0,0.0,0.0,0.0,0.0,0.0,0.0,0.0,0.0,0.0,0.0,0.0,0.0,0.0,0.005,15.28,16.18,0.98888874,0.0,0.0,6.0133185,0,0,0,0,0,0,0,0,0,1,4,0,0,1,0,0,0
1777227448749000,15.3,-1.0,0.04316245,-97.560394,0.5000267,1.0588202,nan,nan,0.0,0.0,0.0,0.0,0.0,0.0,0.0,0.0,0.0,0.0,0.0,0.0,0.0,0.0,0.0,0.0,0.0,0.0,0.005,15.28,16.18,0.98888874,0.0,0.0,6.0133185,0,0,0,0,0,0,0,0,0,1,4,0,0,1,0,0,0
1777227448949000,15.3,-1.0,0.04299016,-97.61594,0.5000267,1.0588202,nan,nan,0.0,0.0,0.0,0.0,0.0,0.0,0.0,0.0,0.0,0.0,0.0,0.0,0.0,0.0,0.0,0.0,0.0,0.0,0.005,15.28,16.18,0.98888874,0.0,0.0,6.0133185,0,0,0,0,0,0,0,0,0,1,4,0,0,1,0,0,0
1777227449149000,15.3,-1.0,0.04281856,-97.67148,0.5000267,1.0588202,nan,nan,0.0,0.0,0.0,0.0,0.0,0.0,0.0,0.0,0.0,0.0,0.0,0.0,0.0,0.0,0.0,0.0,0.0,0.0,0.005,15.28,16.18,0.98888874,0.0,0.0,6.0133185,0,0,0,0,0,0,0,0,0,1,4,0,0,1,0,0,0
1777227449349000,15.3,-1.0,0.042647645,-97.72702,0.5000267,1.0588202,nan,nan,0.0,0.0,0.0,0.0,0.0,0.0,0.0,0.0,0.0,0.0,0.0,0.0,0.0,0.0,0.0,0.0,0.0,0.0,0.005,15.28,16.18,0.98888874,0.0,0.0,6.0133185,0,0,0,0,0,0,0,0,0,1,4,0,0,1,0,0,0
1777227449541000,15.3,-1.0,0.04248761,-97.78034,0.5000267,1.0588202,nan,nan,0.0,0.0,0.0,0.0,0.0,0.0,0.0,0.0,0.0,0.0,0.0,0.0,0.0,0.0,0.0,0.0,0.0,0.0,0.005,15.28,16.18,0.98888874,0.0,0.0,6.0133185,0,0,0,0,0,0,0,0,0,1,4,0,0,1,0,0,0
1777227449749000,15.3,-1.0,0.042307865,-97.838104,0.5000267,1.0588202,nan,nan,0.0,0.0,0.0,0.0,0.0,0.0,0.0,0.0,0.0,0.0,0.0,0.0,0.0,0.0,0.0,0.0,0.0,0.0,0.005,15.28,16.18,0.98888874,0.0,0.0,6.0133185,0,0,0,0,0,0,0,0,0,1,4,0,0,1,0,0,0
1777227449949000,15.3,-1.0,0.042138994,-97.89365,0.5000267,1.0588202,nan,nan,0.0,0.0,0.0,0.0,0.0,0.0,0.0,0.0,0.0,0.0,0.0,0.0,0.0,0.0,0.0,0.0,0.0,0.0,0.005,15.28,16.18,0.98888874,0.0,0.0,6.0133185,0,0,0,0,0,0,0,0,0,1,4,0,0,1,0,0,0
1777227450149000,15.3,-1.0,0.04197079,-97.94919,0.5000267,1.0588202,nan,nan,0.0,0.0,0.0,0.0,0.0,0.0,0.0,0.0,0.0,0.0,0.0,0.0,0.0,0.0,0.0,0.0,0.0,0.0,0.005,15.28,16.18,0.98888874,0.0,0.0,6.0133185,0,0,0,0,0,0,0,0,0,1,4,0,0,1,0,0,0
1777227450349000,15.3,-1.0,0.04180326,-98.00473,0.5000267,1.0588202,nan,nan,0.0,0.0,0.0,0.0,0.0,0.0,0.0,0.0,0.0,0.0,0.0,0.0,0.0,0.0,0.0,0.0,0.0,0.0,0.005,15.28,16.18,0.98888874,0.0,0.0,6.0133185,0,0,0,0,0,0,0,0,0,1,4,0,0,1,0,0,0
1777227450549000,15.3,-1.0,0.041636396,-98.06027,0.5000267,1.0588202,nan,nan,0.0,0.0,0.0,0.0,0.0,0.0,0.0,0.0,0.0,0.0,0.0,0.0,0.0,0.0,0.0,0.0,0.0,0.0,0.005,15.28,16.18,0.98888874,0.0,0.0,6.0133185,0,0,0,0,0,0,0,0,0,1,4,0,0,1,0,0,0
1777227450749000,15.3,-1.0,0.0414702,-98.115814,0.5000267,1.0588202,nan,nan,0.0,0.0,0.0,0.0,0.0,0.0,0.0,0.0,0.0,0.0,0.0,0.0,0.0,0.0,0.0,0.0,0.0,0.0,0.005,15.28,16.18,0.98888874,0.0,0.0,6.0133185,0,0,0,0,0,0,0,0,0,1,4,0,0,1,0,0,0
1777227450949000,15.3,-1.0,0.041304674,-98.17136,0.5000267,1.0588202,nan,nan,0.0,0.0,0.0,0.0,0.0,0.0,0.0,0.0,0.0,0.0,0.0,0.0,0.0,0.0,0.0,0.0,0.0,0.0,0.005,15.28,16.18,0.98888874,0.0,0.0,6.0133185,0,0,0,0,0,0,0,0,0,1,4,0,0,1,0,0,0
1777227451149000,15.3,-1.0,0.0411398,-98.2269,0.5000267,1.0588202,nan,nan,0.0,0.0,0.0,0.0,0.0,0.0,0.0,0.0,0.0,0.0,0.0,0.0,0.0,0.0,0.0,0.0,0.0,0.0,0.005,15.28,16.18,0.98888874,0.0,0.0,6.0133185,0,0,0,0,0,0,0,0,0,1,4,0,0,1,0,0,0
1777227451341000,15.3,-1.0,0.040985424,-98.28022,0.5000267,1.0588202,nan,nan,0.0,0.0,0.0,0.0,0.0,0.0,0.0,0.0,0.0,0.0,0.0,0.0,0.0,0.0,0.0,0.0,0.0,0.0,0.005,15.28,16.18,0.98888874,0.0,0.0,6.0133185,0,0,0,0,0,0,0,0,0,1,4,0,0,1,0,0,0
1777227451549000,15.3,-1.0,0.04081203,-98.33798,0.5000267,1.0588202,nan,nan,0.0,0.0,0.0,0.0,0.0,0.0,0.0,0.0,0.0,0.0,0.0,0.0,0.0,0.0,0.0,0.0,0.0,0.0,0.005,15.28,16.18,0.98888874,0.0,0.0,6.0133185,0,0,0,0,0,0,0,0,0,1,4,0,0,1,0,0,0
1777227451749000,15.3,-1.0,0.040649127,-98.393524,0.5000267,1.0588202,nan,nan,0.0,0.0,0.0,0.0,0.0,0.0,0.0,0.0,0.0,0.0,0.0,0.0,0.0,0.0,0.0,0.0,0.0,0.0,0.005,15.28,16.18,0.98888874,0.0,0.0,6.0133185,0,0,0,0,0,0,0,0,0,1,4,0,0,1,0,0,0
1777227451949000,15.3,-1.0,0.040486872,-98.449066,0.5000267,1.0588202,nan,nan,0.0,0.0,0.0,0.0,0.0,0.0,0.0,0.0,0.0,0.0,0.0,0.0,0.0,0.0,0.0,0.0,0.0,0.0,0.005,15.28,16.18,0.98888874,0.0,0.0,6.0133185,0,0,0,0,0,0,0,0,0,1,4,0,0,1,0,0,0
1777227452149000,15.3,-1.0,0.04032527,-98.50461,0.5000267,1.0588202,nan,nan,0.0,0.0,0.0,0.0,0.0,0.0,0.0,0.0,0.0,0.0,0.0,0.0,0.0,0.0,0.0,0.0,0.0,0.0,0.005,15.28,16.18,0.98888874,0.0,0.0,6.0133185,0,0,0,0,0,0,0,0,0,1,4,0,0,1,0,0,0
1777227452349000,15.3,-1.0,0.040164296,-98.56015,0.5000267,1.0588202,nan,nan,0.0,0.0,0.0,0.0,0.0,0.0,0.0,0.0,0.0,0.0,0.0,0.0,0.0,0.0,0.0,0.0,0.0,0.0,0.005,15.28,16.18,0.98888874,0.0,0.0,6.0133185,0,0,0,0,0,0,0,0,0,1,4,0,0,1,0,0,0
1777227452549000,15.3,-1.0,0.040003985,-98.61569,0.5000267,1.0588202,nan,nan,0.0,0.0,0.0,0.0,0.0,0.0,0.0,0.0,0.0,0.0,0.0,0.0,0.0,0.0,0.0,0.0,0.0,0.0,0.005,15.28,16.18,0.98888874,0.0,0.0,6.0133185,0,0,0,0,0,0,0,0,0,1,4,0,0,1,0,0,0
1777227452741000,15.3,-1.0,0.03985387,-98.669014,0.5000267,1.0588202,nan,nan,0.0,0.0,0.0,0.0,0.0,0.0,0.0,0.0,0.0,0.0,0.0,0.0,0.0,0.0,0.0,0.0,0.0,0.0,0.005,15.28,16.18,0.98888874,0.0,0.0,6.0133185,0,0,0,0,0,0,0,0,0,1,4,0,0,1,0,0,0
1777227452949000,15.3,-1.0,0.039685257,-98.726776,0.5000267,1.0588202,nan,nan,0.0,0.0,0.0,0.0,0.0,0.0,0.0,0.0,0.0,0.0,0.0,0.0,0.0,0.0,0.0,0.0,0.0,0.0,0.005,15.28,16.18,0.98888874,0.0,0.0,6.0133185,0,0,0,0,0,0,0,0,0,1,4,0,0,1,0,0,0
1777227453141000,15.3,-1.0,0.039536323,-98.7801,0.5000267,1.0588202,nan,nan,0.0,0.0,0.0,0.0,0.0,0.0,0.0,0.0,0.0,0.0,0.0,0.0,0.0,0.0,0.0,0.0,0.0,0.0,0.005,15.28,16.18,0.98888874,0.0,0.0,6.0133185,0,0,0,0,0,0,0,0,0,1,4,0,0,1,0,0,0
1777227453349000,15.3,-1.0,0.03936908,-98.83786,0.5000267,1.0588202,nan,nan,0.0,0.0,0.0,0.0,0.0,0.0,0.0,0.0,0.0,0.0,0.0,0.0,0.0,0.0,0.0,0.0,0.0,0.0,0.005,15.28,16.18,0.98888874,0.0,0.0,6.0133185,0,0,0,0,0,0,0,0,0,1,4,0,0,1,0,0,0
1777227453549000,15.3,-1.0,0.03921194,-98.8934,0.5000267,1.0588202,nan,nan,0.0,0.0,0.0,0.0,0.0,0.0,0.0,0.0,0.0,0.0,0.0,0.0,0.0,0.0,0.0,0.0,0.0,0.0,0.005,15.28,16.18,0.98888874,0.0,0.0,6.0133185,0,0,0,0,0,0,0,0,0,1,4,0,0,1,0,0,0
1777227453749000,15.3,-1.0,0.039055426,-98.948944,0.5000267,1.0588202,nan,nan,0.0,0.0,0.0,0.0,0.0,0.0,0.0,0.0,0.0,0.0,0.0,0.0,0.0,0.0,0.0,0.0,0.0,0.0,0.005,15.28,16.18,0.98888874,0.0,0.0,6.0133185,0,0,0,0,0,0,0,0,0,1,4,0,0,1,0,0,0
1777227453949000,15.3,-1.0,0.03889954,-99.004486,0.5000267,1.0588202,nan,nan,0.0,0.0,0.0,0.0,0.0,0.0,0.0,0.0,0.0,0.0,0.0,0.0,0.0,0.0,0.0,0.0,0.0,0.0,0.005,15.28,16.18,0.98888874,0.0,0.0,6.0133185,0,0,0,0,0,0,0,0,0,1,4,0,0,1,0,0,0
1777227454149000,15.3,-1.0,0.03874428,-99.06003,0.5000267,1.0588202,nan,nan,0.0,0.0,0.0,0.0,0.0,0.0,0.0,0.0,0.0,0.0,0.0,0.0,0.0,0.0,0.0,0.0,0.0,0.0,0.005,15.28,16.18,0.98888874,0.0,0.0,6.0133185,0,0,0,0,0,0,0,0,0,1,4,0,0,1,0,0,0
1777227454341000,15.3,-1.0,0.038598895,-99.11335,0.5000267,1.0588202,nan,nan,0.0,0.0,0.0,0.0,0.0,0.0,0.0,0.0,0.0,0.0,0.0,0.0,0.0,0.0,0.0,0.0,0.0,0.0,0.005,15.28,16.18,0.98888874,0.0,0.0,6.0133185,0,0,0,0,0,0,0,0,0,1,4,0,0,1,0,0,0
1777227454549000,15.3,-1.0,0.03843561,-99.17111,0.5000267,1.0588202,nan,nan,0.0,0.0,0.0,0.0,0.0,0.0,0.0,0.0,0.0,0.0,0.0,0.0,0.0,0.0,0.0,0.0,0.0,0.0,0.005,15.28,16.18,0.98888874,0.0,0.0,6.0133185,0,0,0,0,0,0,0,0,0,1,4,0,0,1,0,0,0
1777227454749000,15.3,-1.0,0.038282193,-99.226654,0.5000267,1.0588202,nan,nan,0.0,0.0,0.0,0.0,0.0,0.0,0.0,0.0,0.0,0.0,0.0,0.0,0.0,0.0,0.0,0.0,0.0,0.0,0.005,15.28,16.18,0.98888874,0.0,0.0,6.0133185,0,0,0,0,0,0,0,0,0,1,4,0,0,1,0,0,0
1777227454949000,15.3,-1.0,0.0381294,-99.282196,0.5000267,1.0588202,nan,nan,0.0,0.0,0.0,0.0,0.0,0.0,0.0,0.0,0.0,0.0,0.0,0.0,0.0,0.0,0.0,0.0,0.0,0.0,0.005,15.28,16.18,0.98888874,0.0,0.0,6.0133185,0,0,0,0,0,0,0,0,0,1,4,0,0,1,0,0,0
1777227455149000,15.3,-1.0,0.037977196,-99.33774,0.5000267,1.0588202,nan,nan,0.0,0.0,0.0,0.0,0.0,0.0,0.0,0.0,0.0,0.0,0.0,0.0,0.0,0.0,0.0,0.0,0.0,0.0,0.005,15.28,16.18,0.98888874,0.0,0.0,6.0133185,0,0,0,0,0,0,0,0,0,1,4,0,0,1,0,0,0
1777227455349000,15.3,-1.0,0.037825596,-99.39328,0.5000267,1.0588202,nan,nan,0.0,0.0,0.0,0.0,0.0,0.0,0.0,0.0,0.0,0.0,0.0,0.0,0.0,0.0,0.0,0.0,0.0,0.0,0.005,15.28,16.18,0.98888874,0.0,0.0,6.0133185,0,0,0,0,0,0,0,0,0,1,4,0,0,1,0,0,0
1777227455541000,15.3,-1.0,0.037683655,-99.4466,0.5000267,1.0588202,nan,nan,0.0,0.0,0.0,0.0,0.0,0.0,0.0,0.0,0.0,0.0,0.0,0.0,0.0,0.0,0.0,0.0,0.0,0.0,0.005,15.28,16.18,0.98888874,0.0,0.0,6.0133185,0,0,0,0,0,0,0,0,0,1,4,0,0,1,0,0,0
1777227455749000,15.3,-1.0,0.037524242,-99.504364,0.5000267,1.0588202,nan,nan,0.0,0.0,0.0,0.0,0.0,0.0,0.0,0.0,0.0,0.0,0.0,0.0,0.0,0.0,0.0,0.0,0.0,0.0,0.005,15.28,16.18,0.98888874,0.0,0.0,6.0133185,0,0,0,0,0,0,0,0,0,1,4,0,0,1,0,0,0
1777227455949000,15.3,-1.0,0.037374448,-99.559906,0.5000267,1.0588202,nan,nan,0.0,0.0,0.0,0.0,0.0,0.0,0.0,0.0,0.0,0.0,0.0,0.0,0.0,0.0,0.0,0.0,0.0,0.0,0.005,15.28,16.18,0.98888874,0.0,0.0,6.0133185,0,0,0,0,0,0,0,0,0,1,4,0,0,1,0,0,0
1777227456149000,15.3,-1.0,0.03722527,-99.61545,0.5000267,1.0588202,nan,nan,0.0,0.0,0.0,0.0,0.0,0.0,0.0,0.0,0.0,0.0,0.0,0.0,0.0,0.0,0.0,0.0,0.0,0.0,0.005,15.28,16.18,0.98888874,0.0,0.0,6.0133185,0,0,0,0,0,0,0,0,0,1,4,0,0,1,0,0,0
1777227456349000,15.3,-1.0,0.03707668,-99.67099,0.5000267,1.0588202,nan,nan,0.0,0.0,0.0,0.0,0.0,0.0,0.0,0.0,0.0,0.0,0.0,0.0,0.0,0.0,0.0,0.0,0.0,0.0,0.005,15.28,16.18,0.98888874,0.0,0.0,6.0133185,0,0,0,0,0,0,0,0,0,1,4,0,0,1,0,0,0
1777227456549000,15.3,-1.0,0.036928684,-99.72653,0.5000267,1.0588202,nan,nan,0.0,0.0,0.0,0.0,0.0,0.0,0.0,0.0,0.0,0.0,0.0,0.0,0.0,0.0,0.0,0.0,0.0,0.0,0.005,15.28,16.18,0.98888874,0.0,0.0,6.0133185,0,0,0,0,0,0,0,0,0,1,4,0,0,1,0,0,0
1777227456749000,15.3,-1.0,0.03678128,-99.782074,0.5000267,1.0588202,nan,nan,0.0,0.0,0.0,0.0,0.0,0.0,0.0,0.0,0.0,0.0,0.0,0.0,0.0,0.0,0.0,0.0,0.0,0.0,0.005,15.28,16.18,0.98888874,0.0,0.0,6.0133185,0,0,0,0,0,0,0,0,0,1,4,0,0,1,0,0,0
1777227456949000,15.3,-1.0,0.036634464,-99.837616,0.5000267,1.0588202,nan,nan,0.0,0.0,0.0,0.0,0.0,0.0,0.0,0.0,0.0,0.0,0.0,0.0,0.0,0.0,0.0,0.0,0.0,0.0,0.005,15.28,16.18,0.98888874,0.0,0.0,6.0133185,0,0,0,0,0,0,0,0,0,1,4,0,0,1,0,0,0
1777227457149000,15.3,-1.0,0.03648823,-99.89316,0.5000267,1.0588202,nan,nan,0.0,0.0,0.0,0.0,0.0,0.0,0.0,0.0,0.0,0.0,0.0,0.0,0.0,0.0,0.0,0.0,0.0,0.0,0.005,15.28,16.18,0.98888874,0.0,0.0,6.0133185,0,0,0,0,0,0,0,0,0,1,4,0,0,1,0,0,0
1777227457349000,15.3,-1.0,0.036342587,-99.9487,0.5000267,1.0588202,nan,nan,0.0,0.0,0.0,0.0,0.0,0.0,0.0,0.0,0.0,0.0,0.0,0.0,0.0,0.0,0.0,0.0,0.0,0.0,0.005,15.28,16.18,0.98888874,0.0,0.0,6.0133185,0,0,0,0,0,0,0,0,0,1,4,0,0,1,0,0,0
1777227457549000,15.3,-1.0,0.036197517,-100.00424,0.5000267,1.0588202,nan,nan,0.0,0.0,0.0,0.0,0.0,0.0,0.0,0.0,0.0,0.0,0.0,0.0,0.0,0.0,0.0,0.0,0.0,0.0,0.005,15.28,16.18,0.98888874,0.0,0.0,6.0133185,0,0,0,0,0,0,0,0,0,1,4,0,0,1,0,0,0
1777227457749000,15.3,-1.0,0.036053035,-100.059784,0.5000267,1.0588202,nan,nan,0.0,0.0,0.0,0.0,0.0,0.0,0.0,0.0,0.0,0.0,0.0,0.0,0.0,0.0,0.0,0.0,0.0,0.0,0.005,15.28,16.18,0.98888874,0.0,0.0,6.0133185,0,0,0,0,0,0,0,0,0,1,4,0,0,1,0,0,0
1777227457949000,15.3,-1.0,0.035909127,-100.115326,0.5000267,1.0588202,nan,nan,0.0,0.0,0.0,0.0,0.0,0.0,0.0,0.0,0.0,0.0,0.0,0.0,0.0,0.0,0.0,0.0,0.0,0.0,0.005,15.28,16.18,0.98888874,0.0,0.0,6.0133185,0,0,0,0,0,0,0,0,0,1,4,0,0,1,0,0,0
1777227458149000,15.3,-1.0,0.03576579,-100.17087,0.5000267,1.0588202,nan,nan,0.0,0.0,0.0,0.0,0.0,0.0,0.0,0.0,0.0,0.0,0.0,0.0,0.0,0.0,0.0,0.0,0.0,0.0,0.005,15.28,16.18,0.98888874,0.0,0.0,6.0133185,0,0,0,0,0,0,0,0,0,1,4,0,0,1,0,0,0
1777227458349000,15.3,-1.0,0.035623025,-100.22641,0.5000267,1.0588202,nan,nan,0.0,0.0,0.0,0.0,0.0,0.0,0.0,0.0,0.0,0.0,0.0,0.0,0.0,0.0,0.0,0.0,0.0,0.0,0.005,15.28,16.18,0.98888874,0.0,0.0,6.0133185,0,0,0,0,0,0,0,0,0,1,4,0,0,1,0,0,0
1777227458549000,15.3,-1.0,0.035480835,-100.28195,0.5000267,1.0588202,nan,nan,0.0,0.0,0.0,0.0,0.0,0.0,0.0,0.0,0.0,0.0,0.0,0.0,0.0,0.0,0.0,0.0,0.0,0.0,0.005,15.28,16.18,0.98888874,0.0,0.0,6.0133185,0,0,0,0,0,0,0,0,0,1,4,0,0,1,0,0,0
1777227458749000,15.3,-1.0,0.03533921,-100.337494,0.5000267,1.0588202,nan,nan,0.0,0.0,0.0,0.0,0.0,0.0,0.0,0.0,0.0,0.0,0.0,0.0,0.0,0.0,0.0,0.0,0.0,0.0,0.005,15.28,16.18,0.98888874,0.0,0.0,6.0133185,0,0,0,0,0,0,0,0,0,1,4,0,0,1,0,0,0
1777227458949000,15.3,-1.0,0.03519815,-100.393036,0.5000267,1.0588202,nan,nan,0.0,0.0,0.0,0.0,0.0,0.0,0.0,0.0,0.0,0.0,0.0,0.0,0.0,0.0,0.0,0.0,0.0,0.0,0.005,15.28,16.18,0.98888874,0.0,0.0,6.0133185,0,0,0,0,0,0,0,0,0,1,4,0,0,1,0,0,0
1777227459149000,15.3,-1.0,0.035057653,-100.44858,0.5000267,1.0588202,nan,nan,0.0,0.0,0.0,0.0,0.0,0.0,0.0,0.0,0.0,0.0,0.0,0.0,0.0,0.0,0.0,0.0,0.0,0.0,0.005,15.28,16.18,0.98888874,0.0,0.0,6.0133185,0,0,0,0,0,0,0,0,0,1,4,0,0,1,0,0,0
1777227459349000,15.3,-1.0,0.03491772,-100.50412,0.5000267,1.0588202,nan,nan,0.0,0.0,0.0,0.0,0.0,0.0,0.0,0.0,0.0,0.0,0.0,0.0,0.0,0.0,0.0,0.0,0.0,0.0,0.005,15.28,16.18,0.98888874,0.0,0.0,6.0133185,0,0,0,0,0,0,0,0,0,1,4,0,0,1,0,0,0
1777227459549000,15.3,-1.0,0.034778345,-100.55966,0.5000267,1.0588202,nan,nan,0.0,0.0,0.0,0.0,0.0,0.0,0.0,0.0,0.0,0.0,0.0,0.0,0.0,0.0,0.0,0.0,0.0,0.0,0.005,15.28,16.18,0.98888874,0.0,0.0,6.0133185,0,0,0,0,0,0,0,0,0,1,4,0,0,1,0,0,0
1777227459749000,15.3,-1.0,0.034639526,-100.615204,0.5000267,1.0588202,nan,nan,0.0,0.0,0.0,0.0,0.0,0.0,0.0,0.0,0.0,0.0,0.0,0.0,0.0,0.0,0.0,0.0,0.0,0.0,0.005,15.28,16.18,0.98888874,0.0,0.0,6.0133185,0,0,0,0,0,0,0,0,0,1,4,0,0,1,0,0,0
1777227459949000,15.3,-1.0,0.034501255,-100.670746,0.5000267,1.0588202,nan,nan,0.0,0.0,0.0,0.0,0.0,0.0,0.0,0.0,0.0,0.0,0.0,0.0,0.0,0.0,0.0,0.0,0.0,0.0,0.005,15.28,16.18,0.98888874,0.0,0.0,6.0133185,0,0,0,0,0,0,0,0,0,1,4,0,0,1,0,0,0
1777227460149000,15.3,-1.0,0.034363538,-100.72629,0.5000267,1.0588202,nan,nan,0.0,0.0,0.0,0.0,0.0,0.0,0.0,0.0,0.0,0.0,0.0,0.0,0.0,0.0,0.0,0.0,0.0,0.0,0.005,15.28,16.18,0.98888874,0.0,0.0,6.0133185,0,0,0,0,0,0,0,0,0,1,4,0,0,1,0,0,0
1777227460349000,15.3,-1.0,0.034226373,-100.78183,0.5000267,1.0588202,nan,nan,0.0,0.0,0.0,0.0,0.0,0.0,0.0,0.0,0.0,0.0,0.0,0.0,0.0,0.0,0.0,0.0,0.0,0.0,0.005,15.28,16.18,0.98888874,0.0,0.0,6.0133185,0,0,0,0,0,0,0,0,0,1,4,0,0,1,0,0,0
1777227460549000,15.3,-1.0,0.03408976,-100.83737,0.5000267,1.0588202,nan,nan,0.0,0.0,0.0,0.0,0.0,0.0,0.0,0.0,0.0,0.0,0.0,0.0,0.0,0.0,0.0,0.0,0.0,0.0,0.005,15.28,16.18,0.98888874,0.0,0.0,6.0133185,0,0,0,0,0,0,0,0,0,1,4,0,0,1,0,0,0
1777227460749000,15.3,-1.0,0.03395369,-100.892914,0.5000267,1.0588202,nan,nan,0.0,0.0,0.0,0.0,0.0,0.0,0.0,0.0,0.0,0.0,0.0,0.0,0.0,0.0,0.0,0.0,0.0,0.0,0.005,15.28,16.18,0.98888874,0.0,0.0,6.0133185,0,0,0,0,0,0,0,0,0,1,4,0,0,1,0,0,0
1777227460949000,15.3,-1.0,0.03381816,-100.948456,0.5000267,1.0588202,nan,nan,0.0,0.0,0.0,0.0,0.0,0.0,0.0,0.0,0.0,0.0,0.0,0.0,0.0,0.0,0.0,0.0,0.0,0.0,0.005,15.28,16.18,0.98888874,0.0,0.0,6.0133185,0,0,0,0,0,0,0,0,0,1,4,0,0,1,0,0,0
1777227461149000,15.3,-1.0,0.03368317,-101.004,0.5000267,1.0588202,nan,nan,0.0,0.0,0.0,0.0,0.0,0.0,0.0,0.0,0.0,0.0,0.0,0.0,0.0,0.0,0.0,0.0,0.0,0.0,0.005,15.28,16.18,0.98888874,0.0,0.0,6.0133185,0,0,0,0,0,0,0,0,0,1,4,0,0,1,0,0,0
1777227461349000,15.3,-1.0,0.033548724,-101.05954,0.5000267,1.0588202,nan,nan,0.0,0.0,0.0,0.0,0.0,0.0,0.0,0.0,0.0,0.0,0.0,0.0,0.0,0.0,0.0,0.0,0.0,0.0,0.005,15.28,16.18,0.98888874,0.0,0.0,6.0133185,0,0,0,0,0,0,0,0,0,1,4,0,0,1,0,0,0
1777227461549000,15.3,-1.0,0.03341481,-101.11508,0.5000267,1.0588202,nan,nan,0.0,0.0,0.0,0.0,0.0,0.0,0.0,0.0,0.0,0.0,0.0,0.0,0.0,0.0,0.0,0.0,0.0,0.0,0.005,15.28,16.18,0.98888874,0.0,0.0,6.0133185,0,0,0,0,0,0,0,0,0,1,4,0,0,1,0,0,0
1777227461749000,15.3,-1.0,0.033281434,-101.17062,0.5000267,1.0588202,nan,nan,0.0,0.0,0.0,0.0,0.0,0.0,0.0,0.0,0.0,0.0,0.0,0.0,0.0,0.0,0.0,0.0,0.0,0.0,0.005,15.28,16.18,0.98888874,0.0,0.0,6.0133185,0,0,0,0,0,0,0,0,0,1,4,0,0,1,0,0,0
1777227461949000,15.3,-1.0,0.03314859,-101.226166,0.5000267,1.0588202,nan,nan,0.0,0.0,0.0,0.0,0.0,0.0,0.0,0.0,0.0,0.0,0.0,0.0,0.0,0.0,0.0,0.0,0.0,0.0,0.005,15.28,16.18,0.98888874,0.0,0.0,6.0133185,0,0,0,0,0,0,0,0,0,1,4,0,0,1,0,0,0
1777227462141000,15.3,-1.0,0.0330242,-101.27949,0.5000267,1.0588202,nan,nan,0.0,0.0,0.0,0.0,0.0,0.0,0.0,0.0,0.0,0.0,0.0,0.0,0.0,0.0,0.0,0.0,0.0,0.0,0.005,15.28,16.18,0.98888874,0.0,0.0,6.0133185,0,0,0,0,0,0,0,0,0,1,4,0,0,1,0,0,0
1777227462349000,15.3,-1.0,0.032884486,-101.33725,0.5000267,1.0588202,nan,nan,0.0,0.0,0.0,0.0,0.0,0.0,0.0,0.0,0.0,0.0,0.0,0.0,0.0,0.0,0.0,0.0,0.0,0.0,0.005,15.28,16.18,0.98888874,0.0,0.0,6.0133185,0,0,0,0,0,0,0,0,0,1,4,0,0,1,0,0,0
1777227462549000,15.3,-1.0,0.032753225,-101.39279,0.5000267,1.0588202,nan,nan,0.0,0.0,0.0,0.0,0.0,0.0,0.0,0.0,0.0,0.0,0.0,0.0,0.0,0.0,0.0,0.0,0.0,0.0,0.005,15.28,16.18,0.98888874,0.0,0.0,6.0133185,0,0,0,0,0,0,0,0,0,1,4,0,0,1,0,0,0
1777227462741000,15.3,-1.0,0.032630317,-101.44611,0.5000267,1.0588202,nan,nan,0.0,0.0,0.0,0.0,0.0,0.0,0.0,0.0,0.0,0.0,0.0,0.0,0.0,0.0,0.0,0.0,0.0,0.0,0.005,15.28,16.18,0.98888874,0.0,0.0,6.0133185,0,0,0,0,0,0,0,0,0,1,4,0,0,1,0,0,0
1777227462949000,15.3,-1.0,0.032492273,-101.503876,0.5000267,1.0588202,nan,nan,0.0,0.0,0.0,0.0,0.0,0.0,0.0,0.0,0.0,0.0,0.0,0.0,0.0,0.0,0.0,0.0,0.0,0.0,0.005,15.28,16.18,0.98888874,0.0,0.0,6.0133185,0,0,0,0,0,0,0,0,0,1,4,0,0,1,0,0,0
1777227463141000,15.3,-1.0,0.032370344,-101.5572,0.5000267,1.0588202,nan,nan,0.0,0.0,0.0,0.0,0.0,0.0,0.0,0.0,0.0,0.0,0.0,0.0,0.0,0.0,0.0,0.0,0.0,0.0,0.005,15.28,16.18,0.98888874,0.0,0.0,6.0133185,0,0,0,0,0,0,0,0,0,1,4,0,0,1,0,0,0
1777227463349000,15.3,-1.0,0.0322334,-101.61496,0.5000267,1.0588202,nan,nan,0.0,0.0,0.0,0.0,0.0,0.0,0.0,0.0,0.0,0.0,0.0,0.0,0.0,0.0,0.0,0.0,0.0,0.0,0.005,15.28,16.18,0.98888874,0.0,0.0,6.0133185,0,0,0,0,0,0,0,0,0,1,4,0,0,1,0,0,0
1777227463549000,15.3,-1.0,0.032104738,-101.6705,0.5000267,1.0588202,nan,nan,0.0,0.0,0.0,0.0,0.0,0.0,0.0,0.0,0.0,0.0,0.0,0.0,0.0,0.0,0.0,0.0,0.0,0.0,0.005,15.28,16.18,0.98888874,0.0,0.0,6.0133185,0,0,0,0,0,0,0,0,0,1,4,0,0,1,0,0,0
1777227463749000,15.3,-1.0,0.031976584,-101.72604,0.5000267,1.0588202,nan,nan,0.0,0.0,0.0,0.0,0.0,0.0,0.0,0.0,0.0,0.0,0.0,0.0,0.0,0.0,0.0,0.0,0.0,0.0,0.005,15.28,16.18,0.98888874,0.0,0.0,6.0133185,0,0,0,0,0,0,0,0,0,1,4,0,0,1,0,0,0
1777227463949000,15.3,-1.0,0.03184895,-101.781586,0.5000267,1.0588202,nan,nan,0.0,0.0,0.0,0.0,0.0,0.0,0.0,0.0,0.0,0.0,0.0,0.0,0.0,0.0,0.0,0.0,0.0,0.0,0.005,15.28,16.18,0.98888874,0.0,0.0,6.0133185,0,0,0,0,0,0,0,0,0,1,4,0,0,1,0,0,0
1777227464149000,15.3,-1.0,0.031721823,-101.83713,0.5000267,1.0588202,nan,nan,0.0,0.0,0.0,0.0,0.0,0.0,0.0,0.0,0.0,0.0,0.0,0.0,0.0,0.0,0.0,0.0,0.0,0.0,0.005,15.28,16.18,0.98888874,0.0,0.0,6.0133185,0,0,0,0,0,0,0,0,0,1,4,0,0,1,0,0,0
1777227464349000,15.3,-1.0,0.0315952,-101.89267,0.5000267,1.0588202,nan,nan,0.0,0.0,0.0,0.0,0.0,0.0,0.0,0.0,0.0,0.0,0.0,0.0,0.0,0.0,0.0,0.0,0.0,0.0,0.005,15.28,16.18,0.98888874,0.0,0.0,6.0133185,0,0,0,0,0,0,0,0,0,1,4,0,0,1,0,0,0
1777227464549000,15.3,-1.0,0.031469084,-101.94821,0.5000267,1.0588202,nan,nan,0.0,0.0,0.0,0.0,0.0,0.0,0.0,0.0,0.0,0.0,0.0,0.0,0.0,0.0,0.0,0.0,0.0,0.0,0.005,15.28,16.18,0.98888874,0.0,0.0,6.0133185,0,0,0,0,0,0,0,0,0,1,4,0,0,1,0,0,0
1777227464749000,15.3,-1.0,0.031343468,-102.00375,0.5000267,1.0588202,nan,nan,0.0,0.0,0.0,0.0,0.0,0.0,0.0,0.0,0.0,0.0,0.0,0.0,0.0,0.0,0.0,0.0,0.0,0.0,0.005,15.28,16.18,0.98888874,0.0,0.0,6.0133185,0,0,0,0,0,0,0,0,0,1,4,0,0,1,0,0,0
1777227464949000,15.3,-1.0,0.031218363,-102.059296,0.5000267,1.0588202,nan,nan,0.0,0.0,0.0,0.0,0.0,0.0,0.0,0.0,0.0,0.0,0.0,0.0,0.0,0.0,0.0,0.0,0.0,0.0,0.005,15.28,16.18,0.98888874,0.0,0.0,6.0133185,0,0,0,0,0,0,0,0,0,1,4,0,0,1,0,0,0
1777227465149000,15.3,-1.0,0.03109375,-102.11484,0.5000267,1.0588202,nan,nan,0.0,0.0,0.0,0.0,0.0,0.0,0.0,0.0,0.0,0.0,0.0,0.0,0.0,0.0,0.0,0.0,0.0,0.0,0.005,15.28,16.18,0.98888874,0.0,0.0,6.0133185,0,0,0,0,0,0,0,0,0,1,4,0,0,1,0,0,0
1777227465349000,15.3,-1.0,0.030969638,-102.17038,0.5000267,1.0588202,nan,nan,0.0,0.0,0.0,0.0,0.0,0.0,0.0,0.0,0.0,0.0,0.0,0.0,0.0,0.0,0.0,0.0,0.0,0.0,0.005,15.28,16.18,0.98888874,0.0,0.0,6.0133185,0,0,0,0,0,0,0,0,0,1,4,0,0,1,0,0,0
1777227465549000,15.3,-1.0,0.03084602,-102.22592,0.5000267,1.0588202,nan,nan,0.0,0.0,0.0,0.0,0.0,0.0,0.0,0.0,0.0,0.0,0.0,0.0,0.0,0.0,0.0,0.0,0.0,0.0,0.005,15.28,16.18,0.98888874,0.0,0.0,6.0133185,0,0,0,0,0,0,0,0,0,1,4,0,0,1,0,0,0
1777227465749000,15.3,-1.0,0.030722894,-102.28146,0.5000267,1.0588202,nan,nan,0.0,0.0,0.0,0.0,0.0,0.0,0.0,0.0,0.0,0.0,0.0,0.0,0.0,0.0,0.0,0.0,0.0,0.0,0.005,15.28,16.18,0.98888874,0.0,0.0,6.0133185,0,0,0,0,0,0,0,0,0,1,4,0,0,1,0,0,0
1777227465941000,15.3,-1.0,0.030607607,-102.334785,0.5000267,1.0588202,nan,nan,0.0,0.0,0.0,0.0,0.0,0.0,0.0,0.0,0.0,0.0,0.0,0.0,0.0,0.0,0.0,0.0,0.0,0.0,0.005,15.28,16.18,0.98888874,0.0,0.0,6.0133185,0,0,0,0,0,0,0,0,0,1,4,0,0,1,0,0,0
1777227466149000,15.3,-1.0,0.030478116,-102.39255,0.5000267,1.0588202,nan,nan,0.0,0.0,0.0,0.0,0.0,0.0,0.0,0.0,0.0,0.0,0.0,0.0,0.0,0.0,0.0,0.0,0.0,0.0,0.005,15.28,16.18,0.98888874,0.0,0.0,6.0133185,0,0,0,0,0,0,0,0,0,1,4,0,0,1,0,0,0
1777227466349000,15.3,-1.0,0.030356461,-102.44809,0.5000267,1.0588202,nan,nan,0.0,0.0,0.0,0.0,0.0,0.0,0.0,0.0,0.0,0.0,0.0,0.0,0.0,0.0,0.0,0.0,0.0,0.0,0.005,15.28,16.18,0.98888874,0.0,0.0,6.0133185,0,0,0,0,0,0,0,0,0,1,4,0,0,1,0,0,0
1777227466549000,15.3,-1.0,0.03023529,-102.50363,0.5000267,1.0588202,nan,nan,0.0,0.0,0.0,0.0,0.0,0.0,0.0,0.0,0.0,0.0,0.0,0.0,0.0,0.0,0.0,0.0,0.0,0.0,0.005,15.28,16.18,0.98888874,0.0,0.0,6.0133185,0,0,0,0,0,0,0,0,0,1,4,0,0,1,0,0,0
1777227466749000,15.3,-1.0,0.0301146,-102.55917,0.5000267,1.0588202,nan,nan,0.0,0.0,0.0,0.0,0.0,0.0,0.0,0.0,0.0,0.0,0.0,0.0,0.0,0.0,0.0,0.0,0.0,0.0,0.005,15.28,16.18,0.98888874,0.0,0.0,6.0133185,0,0,0,0,0,0,0,0,0,1,4,0,0,1,0,0,0
1777227466949000,15.3,-1.0,0.0299944,-102.614716,0.5000267,1.0588202,nan,nan,0.0,0.0,0.0,0.0,0.0,0.0,0.0,0.0,0.0,0.0,0.0,0.0,0.0,0.0,0.0,0.0,0.0,0.0,0.005,15.28,16.18,0.98888874,0.0,0.0,6.0133185,0,0,0,0,0,0,0,0,0,1,4,0,0,1,0,0,0
1777227467149000,15.3,-1.0,0.029874675,-102.67026,0.5000267,1.0588202,nan,nan,0.0,0.0,0.0,0.0,0.0,0.0,0.0,0.0,0.0,0.0,0.0,0.0,0.0,0.0,0.0,0.0,0.0,0.0,0.005,15.28,16.18,0.98888874,0.0,0.0,6.0133185,0,0,0,0,0,0,0,0,0,1,4,0,0,1,0,0,0
1777227467349000,15.3,-1.0,0.029755421,-102.7258,0.5000267,1.0588202,nan,nan,0.0,0.0,0.0,0.0,0.0,0.0,0.0,0.0,0.0,0.0,0.0,0.0,0.0,0.0,0.0,0.0,0.0,0.0,0.005,15.28,16.18,0.98888874,0.0,0.0,6.0133185,0,0,0,0,0,0,0,0,0,1,4,0,0,1,0,0,0
1777227467549000,15.3,-1.0,0.029636653,-102.78134,0.5000267,1.0588202,nan,nan,0.0,0.0,0.0,0.0,0.0,0.0,0.0,0.0,0.0,0.0,0.0,0.0,0.0,0.0,0.0,0.0,0.0,0.0,0.005,15.28,16.18,0.98888874,0.0,0.0,6.0133185,0,0,0,0,0,0,0,0,0,1,4,0,0,1,0,0,0
1777227467749000,15.3,-1.0,0.02951836,-102.83688,0.5000267,1.0588202,nan,nan,0.0,0.0,0.0,0.0,0.0,0.0,0.0,0.0,0.0,0.0,0.0,0.0,0.0,0.0,0.0,0.0,0.0,0.0,0.005,15.28,16.18,0.98888874,0.0,0.0,6.0133185,0,0,0,0,0,0,0,0,0,1,4,0,0,1,0,0,0
1777227467949000,15.3,-1.0,0.029400539,-102.892426,0.5000267,1.0588202,nan,nan,0.0,0.0,0.0,0.0,0.0,0.0,0.0,0.0,0.0,0.0,0.0,0.0,0.0,0.0,0.0,0.0,0.0,0.0,0.005,15.28,16.18,0.98888874,0.0,0.0,6.0133185,0,0,0,0,0,0,0,0,0,1,4,0,0,1,0,0,0
1777227468149000,15.3,-1.0,0.029283183,-102.94797,0.5000267,1.0588202,nan,nan,0.0,0.0,0.0,0.0,0.0,0.0,0.0,0.0,0.0,0.0,0.0,0.0,0.0,0.0,0.0,0.0,0.0,0.0,0.005,15.28,16.18,0.98888874,0.0,0.0,6.0133185,0,0,0,0,0,0,0,0,0,1,4,0,0,1,0,0,0
1777227468349000,15.3,-1.0,0.029166292,-103.00351,0.5000267,1.0588202,nan,nan,0.0,0.0,0.0,0.0,0.0,0.0,0.0,0.0,0.0,0.0,0.0,0.0,0.0,0.0,0.0,0.0,0.0,0.0,0.005,15.28,16.18,0.98888874,0.0,0.0,6.0133185,0,0,0,0,0,0,0,0,0,1,4,0,0,1,0,0,0
1777227468549000,15.3,-1.0,0.029049868,-103.05905,0.5000267,1.0588202,nan,nan,0.0,0.0,0.0,0.0,0.0,0.0,0.0,0.0,0.0,0.0,0.0,0.0,0.0,0.0,0.0,0.0,0.0,0.0,0.005,15.28,16.18,0.98888874,0.0,0.0,6.0133185,0,0,0,0,0,0,0,0,0,1,4,0,0,1,0,0,0
1777227468749000,15.3,-1.0,0.028933909,-103.11459,0.5000267,1.0588202,nan,nan,0.0,0.0,0.0,0.0,0.0,0.0,0.0,0.0,0.0,0.0,0.0,0.0,0.0,0.0,0.0,0.0,0.0,0.0,0.005,15.28,16.18,0.98888874,0.0,0.0,6.0133185,0,0,0,0,0,0,0,0,0,1,4,0,0,1,0,0,0
1777227468949000,15.3,-1.0,0.028818415,-103.170135,0.5000267,1.0588202,nan,nan,0.0,0.0,0.0,0.0,0.0,0.0,0.0,0.0,0.0,0.0,0.0,0.0,0.0,0.0,0.0,0.0,0.0,0.0,0.005,15.28,16.18,0.98888874,0.0,0.0,6.0133185,0,0,0,0,0,0,0,0,0,1,4,0,0,1,0,0,0
1777227469149000,15.3,-1.0,0.028703388,-103.22568,0.5000267,1.0588202,nan,nan,0.0,0.0,0.0,0.0,0.0,0.0,0.0,0.0,0.0,0.0,0.0,0.0,0.0,0.0,0.0,0.0,0.0,0.0,0.005,15.28,16.18,0.98888874,0.0,0.0,6.0133185,0,0,0,0,0,0,0,0,0,1,4,0,0,1,0,0,0
1777227469349000,15.3,-1.0,0.02858882,-103.28122,0.5000267,1.0588202,nan,nan,0.0,0.0,0.0,0.0,0.0,0.0,0.0,0.0,0.0,0.0,0.0,0.0,0.0,0.0,0.0,0.0,0.0,0.0,0.005,15.28,16.18,0.98888874,0.0,0.0,6.0133185,0,0,0,0,0,0,0,0,0,1,4,0,0,1,0,0,0
1777227469549000,15.3,-1.0,0.028474709,-103.33676,0.5000267,1.0588202,nan,nan,0.0,0.0,0.0,0.0,0.0,0.0,0.0,0.0,0.0,0.0,0.0,0.0,0.0,0.0,0.0,0.0,0.0,0.0,0.005,15.28,16.18,0.98888874,0.0,0.0,6.0133185,0,0,0,0,0,0,0,0,0,1,4,0,0,1,0,0,0
1777227469749000,15.3,-1.0,0.028361043,-103.3923,0.5000267,1.0588202,nan,nan,0.0,0.0,0.0,0.0,0.0,0.0,0.0,0.0,0.0,0.0,0.0,0.0,0.0,0.0,0.0,0.0,0.0,0.0,0.005,15.28,16.18,0.98888874,0.0,0.0,6.0133185,0,0,0,0,0,0,0,0,0,1,4,0,0,1,0,0,0
1777227469949000,15.3,-1.0,0.028247835,-103.447845,0.5000267,1.0588202,nan,nan,0.0,0.0,0.0,0.0,0.0,0.0,0.0,0.0,0.0,0.0,0.0,0.0,0.0,0.0,0.0,0.0,0.0,0.0,0.005,15.28,16.18,0.98888874,0.0,0.0,6.0133185,0,0,0,0,0,0,0,0,0,1,4,0,0,1,0,0,0
1777227470149000,15.3,-1.0,0.028135085,-103.50339,0.5000267,1.0588202,nan,nan,0.0,0.0,0.0,0.0,0.0,0.0,0.0,0.0,0.0,0.0,0.0,0.0,0.0,0.0,0.0,0.0,0.0,0.0,0.005,15.28,16.18,0.98888874,0.0,0.0,6.0133185,0,0,0,0,0,0,0,0,0,1,4,0,0,1,0,0,0
1777227470349000,15.3,-1.0,0.02802278,-103.55893,0.5000267,1.0588202,nan,nan,0.0,0.0,0.0,0.0,0.0,0.0,0.0,0.0,0.0,0.0,0.0,0.0,0.0,0.0,0.0,0.0,0.0,0.0,0.005,15.28,16.18,0.98888874,0.0,0.0,6.0133185,0,0,0,0,0,0,0,0,0,1,4,0,0,1,0,0,0
1777227470549000,15.3,-1.0,0.027910924,-103.61447,0.5000267,1.0588202,nan,nan,0.0,0.0,0.0,0.0,0.0,0.0,0.0,0.0,0.0,0.0,0.0,0.0,0.0,0.0,0.0,0.0,0.0,0.0,0.005,15.28,16.18,0.98888874,0.0,0.0,6.0133185,0,0,0,0,0,0,0,0,0,1,4,0,0,1,0,0,0
1777227470749000,15.3,-1.0,0.027799519,-103.67001,0.5000267,1.0588202,nan,nan,0.0,0.0,0.0,0.0,0.0,0.0,0.0,0.0,0.0,0.0,0.0,0.0,0.0,0.0,0.0,0.0,0.0,0.0,0.005,15.28,16.18,0.98888874,0.0,0.0,6.0133185,0,0,0,0,0,0,0,0,0,1,4,0,0,1,0,0,0
1777227470949000,15.3,-1.0,0.02768855,-103.725555,0.5000267,1.0588202,nan,nan,0.0,0.0,0.0,0.0,0.0,0.0,0.0,0.0,0.0,0.0,0.0,0.0,0.0,0.0,0.0,0.0,0.0,0.0,0.005,15.28,16.18,0.98888874,0.0,0.0,6.0133185,0,0,0,0,0,0,0,0,0,1,4,0,0,1,0,0,0
1777227471149000,15.3,-1.0,0.027578032,-103.7811,0.5000267,1.0588202,nan,nan,0.0,0.0,0.0,0.0,0.0,0.0,0.0,0.0,0.0,0.0,0.0,0.0,0.0,0.0,0.0,0.0,0.0,0.0,0.005,15.28,16.18,0.98888874,0.0,0.0,6.0133185,0,0,0,0,0,0,0,0,0,1,4,0,0,1,0,0,0
1777227471349000,15.3,-1.0,0.027467947,-103.83664,0.5000267,1.0588202,nan,nan,0.0,0.0,0.0,0.0,0.0,0.0,0.0,0.0,0.0,0.0,0.0,0.0,0.0,0.0,0.0,0.0,0.0,0.0,0.005,15.28,16.18,0.98888874,0.0,0.0,6.0133185,0,0,0,0,0,0,0,0,0,1,4,0,0,1,0,0,0
1777227471549000,15.3,-1.0,0.027358307,-103.89218,0.5000267,1.0588202,nan,nan,0.0,0.0,0.0,0.0,0.0,0.0,0.0,0.0,0.0,0.0,0.0,0.0,0.0,0.0,0.0,0.0,0.0,0.0,0.005,15.28,16.18,0.98888874,0.0,0.0,6.0133185,0,0,0,0,0,0,0,0,0,1,4,0,0,1,0,0,0
1777227471749000,15.3,-1.0,0.027249103,-103.94772,0.5000267,1.0588202,nan,nan,0.0,0.0,0.0,0.0,0.0,0.0,0.0,0.0,0.0,0.0,0.0,0.0,0.0,0.0,0.0,0.0,0.0,0.0,0.005,15.28,16.18,0.98888874,0.0,0.0,6.0133185,0,0,0,0,0,0,0,0,0,1,4,0,0,1,0,0,0
1777227471949000,15.3,-1.0,0.027140336,-104.003265,0.5000267,1.0588202,nan,nan,0.0,0.0,0.0,0.0,0.0,0.0,0.0,0.0,0.0,0.0,0.0,0.0,0.0,0.0,0.0,0.0,0.0,0.0,0.005,15.28,16.18,0.98888874,0.0,0.0,6.0133185,0,0,0,0,0,0,0,0,0,1,4,0,0,1,0,0,0
1777227472149000,15.3,-1.0,0.027032005,-104.05881,0.5000267,1.0588202,nan,nan,0.0,0.0,0.0,0.0,0.0,0.0,0.0,0.0,0.0,0.0,0.0,0.0,0.0,0.0,0.0,0.0,0.0,0.0,0.005,15.28,16.18,0.98888874,0.0,0.0,6.0133185,0,0,0,0,0,0,0,0,0,1,4,0,0,1,0,0,0
1777227472349000,15.3,-1.0,0.026924103,-104.11435,0.5000267,1.0588202,nan,nan,0.0,0.0,0.0,0.0,0.0,0.0,0.0,0.0,0.0,0.0,0.0,0.0,0.0,0.0,0.0,0.0,0.0,0.0,0.005,15.28,16.18,0.98888874,0.0,0.0,6.0133185,0,0,0,0,0,0,0,0,0,1,4,0,0,1,0,0,0
1777227472549000,15.3,-1.0,0.026816633,-104.16989,0.5000267,1.0588202,nan,nan,0.0,0.0,0.0,0.0,0.0,0.0,0.0,0.0,0.0,0.0,0.0,0.0,0.0,0.0,0.0,0.0,0.0,0.0,0.005,15.28,16.18,0.98888874,0.0,0.0,6.0133185,0,0,0,0,0,0,0,0,0,1,4,0,0,1,0,0,0
1777227472749000,15.3,-1.0,0.02670959,-104.22543,0.5000267,1.0588202,nan,nan,0.0,0.0,0.0,0.0,0.0,0.0,0.0,0.0,0.0,0.0,0.0,0.0,0.0,0.0,0.0,0.0,0.0,0.0,0.005,15.28,16.18,0.98888874,0.0,0.0,6.0133185,0,0,0,0,0,0,0,0,0,1,4,0,0,1,0,0,0
1777227472949000,15.3,-1.0,0.026602976,-104.280975,0.5000267,1.0588202,nan,nan,0.0,0.0,0.0,0.0,0.0,0.0,0.0,0.0,0.0,0.0,0.0,0.0,0.0,0.0,0.0,0.0,0.0,0.0,0.005,15.28,16.18,0.98888874,0.0,0.0,6.0133185,0,0,0,0,0,0,0,0,0,1,4,0,0,1,0,0,0
1777227473149000,15.3,-1.0,0.026496788,-104.33652,0.5000267,1.0588202,nan,nan,0.0,0.0,0.0,0.0,0.0,0.0,0.0,0.0,0.0,0.0,0.0,0.0,0.0,0.0,0.0,0.0,0.0,0.0,0.005,15.28,16.18,0.98888874,0.0,0.0,6.0133185,0,0,0,0,0,0,0,0,0,1,4,0,0,1,0,0,0
1777227473349000,15.3,-1.0,0.026391024,-104.39206,0.5000267,1.0588202,nan,nan,0.0,0.0,0.0,0.0,0.0,0.0,0.0,0.0,0.0,0.0,0.0,0.0,0.0,0.0,0.0,0.0,0.0,0.0,0.005,15.28,16.18,0.98888874,0.0,0.0,6.0133185,0,0,0,0,0,0,0,0,0,1,4,0,0,1,0,0,0
1777227473549000,15.3,-1.0,0.026285682,-104.4476,0.5000267,1.0588202,nan,nan,0.0,0.0,0.0,0.0,0.0,0.0,0.0,0.0,0.0,0.0,0.0,0.0,0.0,0.0,0.0,0.0,0.0,0.0,0.005,15.28,16.18,0.98888874,0.0,0.0,6.0133185,0,0,0,0,0,0,0,0,0,1,4,0,0,1,0,0,0
1777227473749000,15.3,-1.0,0.026180761,-104.50314,0.5000267,1.0588202,nan,nan,0.0,0.0,0.0,0.0,0.0,0.0,0.0,0.0,0.0,0.0,0.0,0.0,0.0,0.0,0.0,0.0,0.0,0.0,0.005,15.28,16.18,0.98888874,0.0,0.0,6.0133185,0,0,0,0,0,0,0,0,0,1,4,0,0,1,0,0,0
1777227473949000,15.3,-1.0,0.026076257,-104.558685,0.5000267,1.0588202,nan,nan,0.0,0.0,0.0,0.0,0.0,0.0,0.0,0.0,0.0,0.0,0.0,0.0,0.0,0.0,0.0,0.0,0.0,0.0,0.005,15.28,16.18,0.98888874,0.0,0.0,6.0133185,0,0,0,0,0,0,0,0,0,1,4,0,0,1,0,0,0
1777227474149000,15.3,-1.0,0.025972169,-104.61423,0.5000267,1.0588202,nan,nan,0.0,0.0,0.0,0.0,0.0,0.0,0.0,0.0,0.0,0.0,0.0,0.0,0.0,0.0,0.0,0.0,0.0,0.0,0.005,15.28,16.18,0.98888874,0.0,0.0,6.0133185,0,0,0,0,0,0,0,0,0,1,4,0,0,1,0,0,0
1777227474349000,15.3,-1.0,0.0258685,-104.66977,0.5000267,1.0588202,nan,nan,0.0,0.0,0.0,0.0,0.0,0.0,0.0,0.0,0.0,0.0,0.0,0.0,0.0,0.0,0.0,0.0,0.0,0.0,0.005,15.28,16.18,0.98888874,0.0,0.0,6.0133185,0,0,0,0,0,0,0,0,0,1,4,0,0,1,0,0,0
1777227474549000,15.3,-1.0,0.025765244,-104.72531,0.5000267,1.0588202,nan,nan,0.0,0.0,0.0,0.0,0.0,0.0,0.0,0.0,0.0,0.0,0.0,0.0,0.0,0.0,0.0,0.0,0.0,0.0,0.005,15.28,16.18,0.98888874,0.0,0.0,6.0133185,0,0,0,0,0,0,0,0,0,1,4,0,0,1,0,0,0
1777227474749000,15.3,-1.0,0.025662398,-104.78085,0.5000267,1.0588202,nan,nan,0.0,0.0,0.0,0.0,0.0,0.0,0.0,0.0,0.0,0.0,0.0,0.0,0.0,0.0,0.0,0.0,0.0,0.0,0.005,15.28,16.18,0.98888874,0.0,0.0,6.0133185,0,0,0,0,0,0,0,0,0,1,4,0,0,1,0,0,0
1777227474949000,15.3,-1.0,0.025559964,-104.836395,0.5000267,1.0588202,nan,nan,0.0,0.0,0.0,0.0,0.0,0.0,0.0,0.0,0.0,0.0,0.0,0.0,0.0,0.0,0.0,0.0,0.0,0.0,0.005,15.28,16.18,0.98888874,0.0,0.0,6.0133185,0,0,0,0,0,0,0,0,0,1,4,0,0,1,0,0,0
1777227475149000,15.3,-1.0,0.025457941,-104.89194,0.5000267,1.0588202,nan,nan,0.0,0.0,0.0,0.0,0.0,0.0,0.0,0.0,0.0,0.0,0.0,0.0,0.0,0.0,0.0,0.0,0.0,0.0,0.005,15.28,16.18,0.98888874,0.0,0.0,6.0133185,0,0,0,0,0,0,0,0,0,1,4,0,0,1,0,0,0
1777227475349000,15.3,-1.0,0.025356324,-104.94748,0.5000267,1.0588202,nan,nan,0.0,0.0,0.0,0.0,0.0,0.0,0.0,0.0,0.0,0.0,0.0,0.0,0.0,0.0,0.0,0.0,0.0,0.0,0.005,15.28,16.18,0.98888874,0.0,0.0,6.0133185,0,0,0,0,0,0,0,0,0,1,4,0,0,1,0,0,0
1777227475541000,15.3,-1.0,0.025261171,-105.0008,0.5000267,1.0588202,nan,nan,0.0,0.0,0.0,0.0,0.0,0.0,0.0,0.0,0.0,0.0,0.0,0.0,0.0,0.0,0.0,0.0,0.0,0.0,0.005,15.28,16.18,0.98888874,0.0,0.0,6.0133185,0,0,0,0,0,0,0,0,0,1,4,0,0,1,0,0,0
1777227475749000,15.3,-1.0,0.025154304,-105.05856,0.5000267,1.0588202,nan,nan,0.0,0.0,0.0,0.0,0.0,0.0,0.0,0.0,0.0,0.0,0.0,0.0,0.0,0.0,0.0,0.0,0.0,0.0,0.005,15.28,16.18,0.98888874,0.0,0.0,6.0133185,0,0,0,0,0,0,0,0,0,1,4,0,0,1,0,0,0
1777227475949000,15.3,-1.0,0.025053898,-105.114105,0.5000267,1.0588202,nan,nan,0.0,0.0,0.0,0.0,0.0,0.0,0.0,0.0,0.0,0.0,0.0,0.0,0.0,0.0,0.0,0.0,0.0,0.0,0.005,15.28,16.18,0.98888874,0.0,0.0,6.0133185,0,0,0,0,0,0,0,0,0,1,4,0,0,1,0,0,0
1777227476149000,15.3,-1.0,0.024953892,-105.16965,0.5000267,1.0588202,nan,nan,0.0,0.0,0.0,0.0,0.0,0.0,0.0,0.0,0.0,0.0,0.0,0.0,0.0,0.0,0.0,0.0,0.0,0.0,0.005,15.28,16.18,0.98888874,0.0,0.0,6.0133185,0,0,0,0,0,0,0,0,0,1,4,0,0,1,0,0,0
1777227476349000,15.3,-1.0,0.02485429,-105.22519,0.5000267,1.0588202,nan,nan,0.0,0.0,0.0,0.0,0.0,0.0,0.0,0.0,0.0,0.0,0.0,0.0,0.0,0.0,0.0,0.0,0.0,0.0,0.005,15.28,16.18,0.98888874,0.0,0.0,6.0133185,0,0,0,0,0,0,0,0,0,1,4,0,0,1,0,0,0
1777227476549000,15.3,-1.0,0.02475508,-105.28073,0.5000267,1.0588202,nan,nan,0.0,0.0,0.0,0.0,0.0,0.0,0.0,0.0,0.0,0.0,0.0,0.0,0.0,0.0,0.0,0.0,0.0,0.0,0.005,15.28,16.18,0.98888874,0.0,0.0,6.0133185,0,0,0,0,0,0,0,0,0,1,4,0,0,1,0,0,0
1777227476749000,15.3,-1.0,0.02465627,-105.33627,0.5000267,1.0588202,nan,nan,0.0,0.0,0.0,0.0,0.0,0.0,0.0,0.0,0.0,0.0,0.0,0.0,0.0,0.0,0.0,0.0,0.0,0.0,0.005,15.28,16.18,0.98888874,0.0,0.0,6.0133185,0,0,0,0,0,0,0,0,0,1,4,0,0,1,0,0,0
1777227476949000,15.3,-1.0,0.02455785,-105.391815,0.5000267,1.0588202,nan,nan,0.0,0.0,0.0,0.0,0.0,0.0,0.0,0.0,0.0,0.0,0.0,0.0,0.0,0.0,0.0,0.0,0.0,0.0,0.005,15.28,16.18,0.98888874,0.0,0.0,6.0133185,0,0,0,0,0,0,0,0,0,1,4,0,0,1,0,0,0
1777227477141000,15.3,-1.0,0.024465697,-105.44514,0.5000267,1.0588202,nan,nan,0.0,0.0,0.0,0.0,0.0,0.0,0.0,0.0,0.0,0.0,0.0,0.0,0.0,0.0,0.0,0.0,0.0,0.0,0.005,15.28,16.18,0.98888874,0.0,0.0,6.0133185,0,0,0,0,0,0,0,0,0,1,4,0,0,1,0,0,0
1777227477349000,15.3,-1.0,0.024362192,-105.5029,0.5000267,1.0588202,nan,nan,0.0,0.0,0.0,0.0,0.0,0.0,0.0,0.0,0.0,0.0,0.0,0.0,0.0,0.0,0.0,0.0,0.0,0.0,0.005,15.28,16.18,0.98888874,0.0,0.0,6.0133185,0,0,0,0,0,0,0,0,0,1,4,0,0,1,0,0,0
1777227477549000,15.3,-1.0,0.024264943,-105.55844,0.5000267,1.0588202,nan,nan,0.0,0.0,0.0,0.0,0.0,0.0,0.0,0.0,0.0,0.0,0.0,0.0,0.0,0.0,0.0,0.0,0.0,0.0,0.005,15.28,16.18,0.98888874,0.0,0.0,6.0133185,0,0,0,0,0,0,0,0,0,1,4,0,0,1,0,0,0
1777227477749000,15.3,-1.0,0.024168085,-105.61398,0.5000267,1.0588202,nan,nan,0.0,0.0,0.0,0.0,0.0,0.0,0.0,0.0,0.0,0.0,0.0,0.0,0.0,0.0,0.0,0.0,0.0,0.0,0.005,15.28,16.18,0.98888874,0.0,0.0,6.0133185,0,0,0,0,0,0,0,0,0,1,4,0,0,1,0,0,0
1777227477949000,15.3,-1.0,0.024071613,-105.669525,0.5000267,1.0588202,nan,nan,0.0,0.0,0.0,0.0,0.0,0.0,0.0,0.0,0.0,0.0,0.0,0.0,0.0,0.0,0.0,0.0,0.0,0.0,0.005,15.28,16.18,0.98888874,0.0,0.0,6.0133185,0,0,0,0,0,0,0,0,0,1,4,0,0,1,0,0,0
1777227478149000,15.3,-1.0,0.02397553,-105.72507,0.5000267,1.0588202,nan,nan,0.0,0.0,0.0,0.0,0.0,0.0,0.0,0.0,0.0,0.0,0.0,0.0,0.0,0.0,0.0,0.0,0.0,0.0,0.005,15.28,16.18,0.98888874,0.0,0.0,6.0133185,0,0,0,0,0,0,0,0,0,1,4,0,0,1,0,0,0
1777227478349000,15.3,-1.0,0.023879828,-105.78061,0.5000267,1.0588202,nan,nan,0.0,0.0,0.0,0.0,0.0,0.0,0.0,0.0,0.0,0.0,0.0,0.0,0.0,0.0,0.0,0.0,0.0,0.0,0.005,15.28,16.18,0.98888874,0.0,0.0,6.0133185,0,0,0,0,0,0,0,0,0,1,4,0,0,1,0,0,0
1777227478549000,15.3,-1.0,0.023784509,-105.83615,0.5000267,1.0588202,nan,nan,0.0,0.0,0.0,0.0,0.0,0.0,0.0,0.0,0.0,0.0,0.0,0.0,0.0,0.0,0.0,0.0,0.0,0.0,0.005,15.28,16.18,0.98888874,0.0,0.0,6.0133185,0,0,0,0,0,0,0,0,0,1,4,0,0,1,0,0,0
1777227478749000,15.3,-1.0,0.023689574,-105.89169,0.5000267,1.0588202,nan,nan,0.0,0.0,0.0,0.0,0.0,0.0,0.0,0.0,0.0,0.0,0.0,0.0,0.0,0.0,0.0,0.0,0.0,0.0,0.005,15.28,16.18,0.98888874,0.0,0.0,6.0133185,0,0,0,0,0,0,0,0,0,1,4,0,0,1,0,0,0
1777227478949000,15.3,-1.0,0.023595015,-105.947235,0.5000267,1.0588202,nan,nan,0.0,0.0,0.0,0.0,0.0,0.0,0.0,0.0,0.0,0.0,0.0,0.0,0.0,0.0,0.0,0.0,0.0,0.0,0.005,15.28,16.18,0.98888874,0.0,0.0,6.0133185,0,0,0,0,0,0,0,0,0,1,4,0,0,1,0,0,0
1777227479149000,15.3,-1.0,0.023500834,-106.00278,0.5000267,1.0588202,nan,nan,0.0,0.0,0.0,0.0,0.0,0.0,0.0,0.0,0.0,0.0,0.0,0.0,0.0,0.0,0.0,0.0,0.0,0.0,0.005,15.28,16.18,0.98888874,0.0,0.0,6.0133185,0,0,0,0,0,0,0,0,0,1,4,0,0,1,0,0,0
1777227479349000,15.3,-1.0,0.023407027,-106.05832,0.5000267,1.0588202,nan,nan,0.0,0.0,0.0,0.0,0.0,0.0,0.0,0.0,0.0,0.0,0.0,0.0,0.0,0.0,0.0,0.0,0.0,0.0,0.005,15.28,16.18,0.98888874,0.0,0.0,6.0133185,0,0,0,0,0,0,0,0,0,1,4,0,0,1,0,0,0
1777227479541000,15.3,-1.0,0.023319189,-106.11164,0.5000267,1.0588202,nan,nan,0.0,0.0,0.0,0.0,0.0,0.0,0.0,0.0,0.0,0.0,0.0,0.0,0.0,0.0,0.0,0.0,0.0,0.0,0.005,15.28,16.18,0.98888874,0.0,0.0,6.0133185,0,0,0,0,0,0,0,0,0,1,4,0,0,1,0,0,0
1777227479749000,15.3,-1.0,0.023220532,-106.1694,0.5000267,1.0588202,nan,nan,0.0,0.0,0.0,0.0,0.0,0.0,0.0,0.0,0.0,0.0,0.0,0.0,0.0,0.0,0.0,0.0,0.0,0.0,0.005,15.28,16.18,0.98888874,0.0,0.0,6.0133185,0,0,0,0,0,0,0,0,0,1,4,0,0,1,0,0,0
1777227479949000,15.3,-1.0,0.023127843,-106.224945,0.5000267,1.0588202,nan,nan,0.0,0.0,0.0,0.0,0.0,0.0,0.0,0.0,0.0,0.0,0.0,0.0,0.0,0.0,0.0,0.0,0.0,0.0,0.005,15.28,16.18,0.98888874,0.0,0.0,6.0133185,0,0,0,0,0,0,0,0,0,1,4,0,0,1,0,0,0
1777227480149000,15.3,-1.0,0.023035526,-106.28049,0.5000267,1.0588202,nan,nan,0.0,0.0,0.0,0.0,0.0,0.0,0.0,0.0,0.0,0.0,0.0,0.0,0.0,0.0,0.0,0.0,0.0,0.0,0.005,15.28,16.18,0.98888874,0.0,0.0,6.0133185,0,0,0,0,0,0,0,0,0,1,4,0,0,1,0,0,0
1777227480349000,15.3,-1.0,0.022943579,-106.33603,0.5000267,1.0588202,nan,nan,0.0,0.0,0.0,0.0,0.0,0.0,0.0,0.0,0.0,0.0,0.0,0.0,0.0,0.0,0.0,0.0,0.0,0.0,0.005,15.28,16.18,0.98888874,0.0,0.0,6.0133185,0,0,0,0,0,0,0,0,0,1,4,0,0,1,0,0,0
1777227480549000,15.3,-1.0,0.022851996,-106.39157,0.5000267,1.0588202,nan,nan,0.0,0.0,0.0,0.0,0.0,0.0,0.0,0.0,0.0,0.0,0.0,0.0,0.0,0.0,0.0,0.0,0.0,0.0,0.005,15.28,16.18,0.98888874,0.0,0.0,6.0133185,0,0,0,0,0,0,0,0,0,1,4,0,0,1,0,0,0
1777227480749000,15.3,-1.0,0.022760779,-106.44711,0.5000267,1.0588202,nan,nan,0.0,0.0,0.0,0.0,0.0,0.0,0.0,0.0,0.0,0.0,0.0,0.0,0.0,0.0,0.0,0.0,0.0,0.0,0.005,15.28,16.18,0.98888874,0.0,0.0,6.0133185,0,0,0,0,0,0,0,0,0,1,4,0,0,1,0,0,0
1777227480949000,15.3,-1.0,0.022669926,-106.502655,0.5000267,1.0588202,nan,nan,0.0,0.0,0.0,0.0,0.0,0.0,0.0,0.0,0.0,0.0,0.0,0.0,0.0,0.0,0.0,0.0,0.0,0.0,0.005,15.28,16.18,0.98888874,0.0,0.0,6.0133185,0,0,0,0,0,0,0,0,0,1,4,0,0,1,0,0,0
1777227481149000,15.3,-1.0,0.022579437,-106.5582,0.5000267,1.0588202,nan,nan,0.0,0.0,0.0,0.0,0.0,0.0,0.0,0.0,0.0,0.0,0.0,0.0,0.0,0.0,0.0,0.0,0.0,0.0,0.005,15.28,16.18,0.98888874,0.0,0.0,6.0133185,0,0,0,0,0,0,0,0,0,1,4,0,0,1,0,0,0
1777227481349000,15.3,-1.0,0.02248931,-106.61374,0.5000267,1.0588202,nan,nan,0.0,0.0,0.0,0.0,0.0,0.0,0.0,0.0,0.0,0.0,0.0,0.0,0.0,0.0,0.0,0.0,0.0,0.0,0.005,15.28,16.18,0.98888874,0.0,0.0,6.0133185,0,0,0,0,0,0,0,0,0,1,4,0,0,1,0,0,0
1777227481549000,15.3,-1.0,0.022399541,-106.66928,0.5000267,1.0588202,nan,nan,0.0,0.0,0.0,0.0,0.0,0.0,0.0,0.0,0.0,0.0,0.0,0.0,0.0,0.0,0.0,0.0,0.0,0.0,0.005,15.28,16.18,0.98888874,0.0,0.0,6.0133185,0,0,0,0,0,0,0,0,0,1,4,0,0,1,0,0,0
1777227481749000,16.2,-1.0,0.022342278,-106.72482,0.53828335,1.0540761,nan,nan,0.0,0.0,0.0,0.0,0.0,0.0,0.0,0.0,0.0,0.0,0.0,0.0,0.0,0.0,0.0,0.0,0.0,0.0,0.005,16.18,16.18,0.98888874,0.0,0.0,6.0133185,0,0,0,0,0,0,0,0,0,1,4,0,0,1,0,0,0
1777227481949000,16.2,-1.0,0.022342278,-106.780365,0.62160206,1.0438895,nan,nan,0.0,0.0,0.0,0.0,0.0,0.0,0.0,0.0,0.0,0.0,0.0,0.0,0.0,0.0,0.0,0.0,0.0,0.0,0.005,16.18,16.18,0.98888874,0.0,0.0,6.0133185,0,0,0,0,0,0,0,0,0,1,4,0,0,1,0,0,0
1777227482149000,16.2,-1.0,0.022342278,-106.83591,0.6898861,1.0356869,nan,nan,0.0,0.0,0.0,0.0,0.0,0.0,0.0,0.0,0.0,0.0,0.0,0.0,0.0,0.0,0.0,0.0,0.0,0.0,0.005,16.18,16.18,0.98888874,0.0,0.0,6.0133185,0,0,0,0,0,0,0,0,0,1,4,0,0,1,0,0,0
1777227482349000,16.2,-1.0,0.022342278,-106.89145,0.74584675,1.0290599,nan,nan,0.0,0.0,0.0,0.0,0.0,0.0,0.0,0.0,0.0,0.0,0.0,0.0,0.0,0.0,0.0,0.0,0.0,0.0,0.005,16.18,16.18,0.98888874,0.0,0.0,6.0133185,0,0,0,0,0,0,0,0,0,1,4,0,0,1,0,0,0
1777227482549000,16.2,-1.0,0.022342278,-106.94699,0.7917099,1.0236917,nan,nan,0.0,0.0,0.0,0.0,0.0,0.0,0.0,0.0,0.0,0.0,0.0,0.0,0.0,0.0,0.0,0.0,0.0,0.0,0.005,16.18,16.18,0.98888874,0.0,0.0,6.0133185,0,0,0,0,0,0,0,0,0,1,4,0,0,1,0,0,0
