timestamp,timestamp_sample,xyz[0],xyz[1],xyz[2]
1777316741578000,1777316741578000,0.0,0.0,0.0
1777316741582000,1777316741582000,0.0,0.0,0.0
1777316741598000,1777316741598000,0.0,0.0,0.0
1777316741618000,1777316741618000,0.0,0.0,0.0
1777316741638000,1777316741638000,0.0,0.0,0.0
1777316741658000,1777316741658000,0.0,0.0,0.0
1777316741678000,1777316741678000,0.0,0.0,0.0
1777316741698000,1777316741698000,0.0,0.0,0.0
1777316741718000,1777316741718000,0.0,0.0,0.0
1777316741738000,1777316741738000,0.0,0.0,0.0
1777316741758000,1777316741758000,0.0,0.0,0.0
1777316741778000,1777316741778000,0.0,0.0,0.0
1777316741798000,1777316741798000,0.0,0.0,0.0
1777316741818000,1777316741818000,0.0,0.0,0.0
1777316741838000,1777316741838000,0.0,0.0,0.0
1777316741858000,1777316741858000,0.0,0.0,0.0
1777316741878000,1777316741878000,0.0,0.0,0.0
1777316741898000,1777316741898000,0.0,0.0,0.0
1777316741918000,1777316741918000,0.0,0.0,0.0
1777316741938000,1777316741938000,0.0,0.0,0.0
1777316741958000,1777316741958000,0.0,0.0,0.0
1777316741978000,1777316741978000,0.0,0.0,0.0
1777316741998000,1777316741998000,0.0,0.0,0.0
1777316742018000,1777316742018000,0.0,0.0,0.0
1777316742038000,1777316742038000,0.0,0.0,0.0
1777316742058000,1777316742058000,0.0,0.0,0.0
1777316742078000,1777316742078000,0.0,0.0,0.0
1777316742098000,1777316742098000,0.0,0.0,0.0
1777316742118000,1777316742118000,0.0,0.0,0.0
1777316742138000,1777316742138000,0.0,0.0,0.0
1777316742158000,1777316742158000,0.0,0.0,0.0
1777316742178000,1777316742178000,0.0,0.0,0.0
1777316742198000,1777316742198000,0.0,0.0,0.0
1777316742218000,1777316742218000,0.0,0.0,0.0
1777316742238000,1777316742238000,0.0,0.0,0.0
1777316742258000,1777316742258000,0.0,0.0,0.0
1777316742278000,1777316742278000,0.0,0.0,0.0
1777316742298000,1777316742298000,0.0,0.0,0.0
1777316742318000,1777316742318000,0.0,0.0,0.0
1777316742334000,1777316742334000,0.0,0.0,0.0
1777316742358000,1777316742358000,0.0,0.0,0.0
1777316742378000,1777316742378000,0.0,0.0,0.0
1777316742398000,1777316742398000,0.0,0.0,0.0
1777316742418000,1777316742418000,0.0,0.0,0.0
1777316742438000,1777316742438000,0.0,0.0,0.0
1777316742454000,1777316742454000,0.0,0.0,0.0
1777316742478000,1777316742478000,0.0,0.0,0.0
1777316742498000,1777316742498000,0.0,0.0,0.0
1777316742518000,1777316742518000,0.0,0.0,-0.001
1777316742534000,1777316742534000,0.0,0.0,-0.001
1777316742554000,1777316742554000,0.0,0.0,-0.001
1777316742578000,1777316742578000,0.0,0.0,-0.001
1777316742598000,1777316742598000,0.0,0.0,-0.001
1777316742618000,1777316742618000,0.0,0.0,-0.001
1777316742638000,1777316742638000,0.0,0.0,-0.001
1777316742658000,1777316742658000,0.0,0.0,-0.001
1777316742678000,1777316742678000,0.0,0.0,-0.001
1777316742698000,1777316742698000,0.0,0.0,-0.001
1777316742718000,1777316742718000,0.0,0.0,-0.001
1777316742738000,1777316742738000,0.0,0.0,-0.001
1777316742758000,1777316742758000,0.0,0.0,-0.001
1777316742778000,1777316742778000,0.0,0.0,-0.001
1777316742794000,1777316742794000,0.0,0.0,-0.001
1777316742818000,1777316742818000,0.0,0.0,-0.001
1777316742838000,1777316742838000,0.0,0.0,-0.001
1777316742858000,1777316742858000,0.0,0.0,-0.001
1777316742878000,1777316742878000,0.0,0.0,-0.001
1777316742898000,1777316742898000,0.0,0.0,-0.001
1777316742918000,1777316742918000,0.0,0.0,-0.001
1777316742938000,1777316742938000,0.0,0.0,-0.001
1777316742958000,1777316742958000,0.0,0.0,-0.001
1777316742978000,1777316742978000,0.0,0.0,-0.001
1777316742998000,1777316742998000,0.0,0.0,-0.001
1777316743018000,1777316743018000,0.0,0.0,-0.001
1777316743038000,1777316743038000,0.0,0.0,-0.001
1777316743054000,1777316743054000,0.0,0.0,-0.001
1777316743078000,1777316743078000,0.0,0.0,-0.001
1777316743098000,1777316743098000,0.0,0.0,-0.001
1777316743118000,1777316743118000,0.0,0.0,-0.001
1777316743138000,1777316743138000,0.0,0.0,-0.001
1777316743158000,1777316743158000,0.0,0.0,-0.001
1777316743178000,1777316743178000,0.0,0.0,-0.001
1777316743198000,1777316743198000,0.0,0.0,-0.001
1777316743218000,1777316743218000,0.0,0.0,-0.001
1777316743238000,1777316743238000,0.0,0.0,-0.001
1777316743254000,1777316743254000,0.0,0.0,-0.001
1777316743278000,1777316743278000,0.0,0.0,-0.001
1777316743298000,1777316743298000,0.0,0.0,-0.001
1777316743318000,1777316743318000,0.0,0.0,-0.001
1777316743338000,1777316743338000,0.0,0.0,-0.001
1777316743358000,1777316743358000,0.0,0.0,-0.001
1777316743374000,1777316743374000,0.0,0.0,-0.001
1777316743398000,1777316743398000,0.0,0.0,-0.001
1777316743418000,1777316743418000,0.0,0.0,-0.001
1777316743438000,1777316743438000,0.0,0.0,-0.001
1777316743458000,1777316743458000,0.0,0.0,-0.001
1777316743478000,1777316743478000,0.0,0.0,-0.001
1777316743498000,1777316743498000,0.0,0.0,-0.001
1777316743518000,1777316743518000,0.0,0.0,-0.001
1777316743538000,1777316743538000,0.0,0.0,-0.001
1777316743558000,1777316743558000,0.0,0.0,-0.001
1777316743578000,1777316743578000,0.0,0.0,-0.001
1777316743598000,1777316743598000,0.0,0.0,-0.001
1777316743618000,1777316743618000,0.0,0.0,-0.001
1777316743638000,1777316743638000,0.0,0.0,-0.001
1777316743658000,1777316743658000,0.0,0.0,-0.001
1777316743678000,1777316743678000,0.0,0.0,-0.001
1777316743698000,1777316743698000,0.0,0.0,-0.001
1777316743718000,1777316743718000,0.0,0.0,-0.001
1777316743738000,1777316743738000,0.0,0.0,-0.001
1777316743758000,1777316743758000,0.0,0.0,-0.001
1777316743778000,1777316743778000,0.0,0.0,-0.001
1777316743798000,1777316743798000,0.0,0.0,-0.001
1777316743818000,1777316743818000,0.0,0.0,-0.001
1777316743838000,1777316743838000,0.0,0.0,-0.001
1777316743858000,1777316743858000,0.0,0.0,-0.001
1777316743878000,1777316743878000,0.0,0.0,-0.001
1777316743898000,1777316743898000,0.0,0.0,-0.001
1777316743918000,1777316743918000,0.0,0.0,-0.001
1777316743938000,1777316743938000,0.0,0.0,-0.001
1777316743958000,1777316743958000,0.0,0.0,-0.001
1777316743978000,1777316743978000,0.0,0.0,-0.001
1777316743994000,1777316743994000,0.0,0.0,-0.001
1777316744018000,1777316744018000,0.0,0.0,-0.001
1777316744038000,1777316744038000,0.0,0.0,-0.001
1777316744058000,1777316744058000,0.0,0.0,-0.001
1777316744078000,1777316744078000,0.0,0.0,-0.001
1777316744098000,1777316744098000,0.0,0.0,-0.001
1777316744118000,1777316744118000,0.0,0.0,-0.001
1777316744138000,1777316744138000,0.0,0.0,-0.001
1777316744158000,1777316744158000,0.0,0.0,-0.001
1777316744178000,1777316744178000,0.0,0.0,-0.001
1777316744198000,1777316744198000,0.0,0.0,-0.001
1777316744218000,1777316744218000,0.0,0.0,-0.001
1777316744238000,1777316744238000,0.0,0.0,-0.001
1777316744258000,1777316744258000,0.0,0.0,-0.001
1777316744278000,1777316744278000,0.0,0.0,-0.001
1777316744298000,1777316744298000,0.0,0.0,-0.001
1777316744318000,1777316744318000,0.0,0.0,-0.001
1777316744334000,1777316744334000,0.0,0.0,-0.001
1777316744358000,1777316744358000,0.0,0.0,-0.001
1777316744378000,1777316744378000,0.0,0.0,-0.001
1777316744398000,1777316744398000,0.0,0.0,-0.001
1777316744418000,1777316744418000,0.0,0.0,-0.001
1777316744438000,1777316744438000,0.0,0.0,-0.001
1777316744458000,1777316744458000,0.0,0.0,-0.001
1777316744478000,1777316744478000,0.0,0.0,-0.001
1777316744494000,1777316744494000,0.0,0.0,-0.001
1777316744518000,1777316744518000,0.0,0.0,-0.001
1777316744538000,1777316744538000,0.0,0.0,-0.001
1777316744558000,1777316744558000,0.0,0.0,-0.001
1777316744578000,1777316744578000,0.0,0.0,-0.001
1777316744598000,1777316744598000,0.0,0.0,-0.001
1777316744618000,1777316744618000,0.0,0.0,-0.001
1777316744638000,1777316744638000,0.0,0.0,-0.001
1777316744658000,1777316744658000,0.0,0.0,-0.001
1777316744678000,1777316744678000,0.0,0.0,-0.001
1777316744698000,1777316744698000,0.0,0.0,-0.001
1777316744718000,1777316744718000,0.0,0.0,-0.001
1777316744738000,1777316744738000,0.0,0.0,-0.001
1777316744758000,1777316744758000,0.0,0.0,-0.001
1777316744778000,1777316744778000,0.0,0.0,-0.001
1777316744794000,1777316744794000,0.0,0.0,-0.001
1777316744818000,1777316744818000,0.0,0.0,-0.001
1777316744838000,1777316744838000,0.0,0.0,-0.001
1777316744854000,1777316744854000,0.0,0.0,-0.001
1777316744878000,1777316744878000,0.0,0.0,-0.001
1777316744898000,1777316744898000,0.0,0.0,-0.001
1777316744918000,1777316744918000,0.0,0.0,-0.001
1777316744938000,1777316744938000,0.0,0.0,-0.001
1777316744958000,1777316744958000,0.0,0.0,-0.001
1777316744978000,1777316744978000,0.0,0.0,-0.001
1777316744998000,1777316744998000,0.0,0.0,-0.001
1777316745014000,1777316745014000,0.0,0.0,-0.001
1777316745038000,1777316745038000,0.0,0.0,-0.001
1777316745058000,1777316745058000,0.0,0.0,-0.001
1777316745078000,1777316745078000,0.0,0.0,-0.001
1777316745098000,1777316745098000,0.0,0.0,-0.001
1777316745118000,1777316745118000,0.0,0.0,-0.001
1777316745138000,1777316745138000,0.0,0.0,-0.001
1777316745158000,1777316745158000,0.0,0.0,-0.001
1777316745178000,1777316745178000,0.0,0.0,-0.001
1777316745198000,1777316745198000,0.0,0.0,-0.001
1777316745218000,1777316745218000,0.0,0.0,-0.001
1777316745238000,1777316745238000,0.0,0.0,-0.001
1777316745258000,1777316745258000,0.0,0.0,-0.001
1777316745278000,1777316745278000,0.0,0.0,-0.001
1777316745298000,1777316745298000,0.0,0.0,-0.001
1777316745314000,1777316745314000,0.0,0.0,-0.001
1777316745338000,1777316745338000,0.0,0.0,-0.001
1777316745358000,1777316745358000,0.0,0.0,-0.001
1777316745374000,1777316745374000,0.0,0.0,-0.001
1777316745398000,1777316745398000,0.0,0.0,-0.001
1777316745418000,1777316745418000,0.0,0.0,-0.001
1777316745438000,1777316745438000,0.0,0.0,-0.001
1777316745458000,1777316745458000,0.0,0.0,-0.001
1777316745478000,1777316745478000,0.0,0.0,-0.001
1777316745498000,1777316745498000,0.0,0.0,-0.001
1777316745518000,1777316745518000,0.0,0.0,-0.001
1777316745538000,1777316745538000,0.0,0.0,-0.001
1777316745558000,1777316745558000,0.0,0.0,-0.001
1777316745578000,1777316745578000,0.0,0.0,-0.001
1777316745598000,1777316745598000,0.0,0.0,-0.001
1777316745614000,1777316745614000,0.0,0.0,-0.001
1777316745638000,1777316745638000,0.0,0.0,-0.001
1777316745658000,1777316745658000,0.0,0.0,-0.001
1777316745674000,1777316745674000,0.0,0.0,-0.001
1777316745698000,1777316745698000,0.0,0.0,-0.001
1777316745718000,1777316745718000,0.0,0.0,-0.001
1777316745738000,1777316745738000,0.0,0.0,-0.001
1777316745758000,1777316745758000,0.0,0.0,-0.001
1777316745778000,1777316745778000,0.0,0.0,-0.001
1777316745798000,1777316745798000,0.0,0.0,-0.001
1777316745818000,1777316745818000,0.0,0.0,-0.001
1777316745838000,1777316745838000,0.0,0.0,-0.001
1777316745858000,1777316745858000,0.0,0.0,-0.001
1777316745878000,1777316745878000,0.0,0.0,-0.001
1777316745898000,1777316745898000,0.0,0.0,-0.001
1777316745918000,1777316745918000,0.0,0.0,-0.001
1777316745938000,1777316745938000,0.0,0.0,-0.001
1777316745958000,1777316745958000,0.0,0.0,-0.001
1777316745978000,1777316745978000,0.0,0.0,-0.001
1777316745998000,1777316745998000,0.0,0.0,-0.001
1777316746018000,1777316746018000,0.0,0.0,-0.001
1777316746038000,1777316746038000,0.0,0.0,-0.001
1777316746058000,1777316746058000,0.0,0.0,-0.001
1777316746078000,1777316746078000,0.0,0.0,-0.001
1777316746098000,1777316746098000,0.0,0.0,-0.001
1777316746118000,1777316746118000,0.0,0.0,-0.001
1777316746138000,1777316746138000,0.0,0.0,-0.001
1777316746158000,1777316746158000,0.0,0.0,-0.001
1777316746178000,1777316746178000,0.0,0.0,-0.001
1777316746198000,1777316746198000,0.0,0.0,-0.001
1777316746214000,1777316746214000,0.0,0.0,-0.001
1777316746238000,1777316746238000,0.0,0.0,-0.001
1777316746258000,1777316746258000,0.0,0.0,-0.001
1777316746278000,1777316746278000,0.0,0.0,-0.001
1777316746298000,1777316746298000,0.0,0.0,-0.001
1777316746318000,1777316746318000,0.0,0.0,-0.001
1777316746338000,1777316746338000,0.0,0.0,-0.001
1777316746358000,1777316746358000,0.0,0.0,-0.001
1777316746378000,1777316746378000,0.0,0.0,-0.001
1777316746398000,1777316746398000,0.0,0.0,-0.001
1777316746418000,1777316746418000,0.0,0.0,-0.001
1777316746438000,1777316746438000,0.0,0.0,-0.001
1777316746458000,1777316746458000,0.0,0.0,-0.001
1777316746478000,1777316746478000,0.0,0.0,-0.001
1777316746498000,1777316746498000,0.0,0.0,-0.001
1777316746518000,1777316746518000,0.0,0.0,-0.001
1777316746538000,1777316746538000,0.0,0.0,-0.001
1777316746558000,1777316746558000,0.0,0.0,-0.001
1777316746578000,1777316746578000,0.0,0.0,-0.001
1777316746598000,1777316746598000,0.0,0.0,-0.001
1777316746618000,1777316746618000,0.0,0.0,-0.001
1777316746638000,1777316746638000,0.0,0.0,-0.001
1777316746658000,1777316746658000,0.0,0.0,-0.001
1777316746678000,1777316746678000,0.0,0.0,-0.001
1777316746698000,1777316746698000,0.0,0.0,-0.001
1777316746718000,1777316746718000,0.0,0.0,-0.001
1777316746734000,1777316746734000,0.0,0.0,-0.001
1777316746758000,1777316746758000,0.0,0.0,-0.001
1777316746778000,1777316746778000,0.0,0.0,-0.001
1777316746798000,1777316746798000,0.0,0.0,-0.001
1777316746818000,1777316746818000,0.0,0.0,-0.001
1777316746838000,1777316746838000,0.0,0.0,-0.001
1777316746858000,1777316746858000,0.0,0.0,-0.001
1777316746874000,1777316746874000,0.0,0.0,-0.001
1777316746898000,1777316746898000,0.0,0.0,-0.001
1777316746918000,1777316746918000,0.0,0.0,-0.001
1777316746938000,1777316746938000,0.0,0.0,-0.001
1777316746958000,1777316746958000,0.0,0.0,-0.001
1777316746978000,1777316746978000,0.0,0.0,-0.001
1777316746998000,1777316746998000,0.0,0.0,-0.001
1777316747018000,1777316747018000,0.0,0.0,-0.001
1777316747038000,1777316747038000,0.0,0.0,-0.001
1777316747058000,1777316747058000,0.0,0.0,-0.001
1777316747078000,1777316747078000,0.0,0.0,-0.001
1777316747098000,1777316747098000,0.0,0.0,-0.001
1777316747118000,1777316747118000,0.0,0.0,-0.001
1777316747138000,1777316747138000,0.0,0.0,-0.001
1777316747158000,1777316747158000,0.0,0.0,-0.001
1777316747178000,1777316747178000,0.0,0.0,-0.001
1777316747198000,1777316747198000,0.0,0.0,-0.001
1777316747218000,1777316747218000,0.0,0.0,-0.001
1777316747238000,1777316747238000,0.0,0.0,-0.001
1777316747258000,1777316747258000,0.0,0.0,-0.001
1777316747278000,1777316747278000,0.0,0.0,-0.001
1777316747298000,1777316747298000,0.0,0.0,-0.001
1777316747318000,1777316747318000,0.0,0.0,-0.001
1777316747338000,1777316747338000,0.0,0.0,-0.001
1777316747358000,1777316747358000,0.0,0.0,-0.001
1777316747378000,1777316747378000,0.0,0.0,-0.001
1777316747398000,1777316747398000,0.0,0.0,-0.001
1777316747418000,1777316747418000,0.0,0.0,-0.001
1777316747438000,1777316747438000,0.0,0.0,-0.001
1777316747458000,1777316747458000,0.0,0.0,-0.001
1777316747478000,1777316747478000,0.0,0.0,-0.001
1777316747498000,1777316747498000,0.0,0.0,-0.001
1777316747518000,1777316747518000,0.0,0.0,-0.001
1777316747538000,1777316747538000,0.0,0.0,-0.001
1777316747558000,1777316747558000,0.0,0.0,-0.001
1777316747578000,1777316747578000,0.0,0.0,-0.001
1777316747598000,1777316747598000,0.0,0.0,-0.001
1777316747618000,1777316747618000,0.0,0.0,-0.001
1777316747638000,1777316747638000,0.0,0.0,-0.001
1777316747658000,1777316747658000,0.0,0.0,-0.001
1777316747678000,1777316747678000,0.0,0.0,-0.001
1777316747698000,1777316747698000,0.0,0.0,-0.001
1777316747718000,1777316747718000,0.0,0.0,-0.001
1777316747738000,1777316747738000,0.0,0.0,-0.001
1777316747758000,1777316747758000,0.0,0.0,-0.001
1777316747778000,1777316747778000,0.0,0.0,-0.001
1777316747798000,1777316747798000,0.0,0.0,-0.001
1777316747818000,1777316747818000,0.0,0.0,-0.001
1777316747838000,1777316747838000,0.0,0.0,-0.001
1777316747858000,1777316747858000,0.0,0.0,-0.001
1777316747878000,1777316747878000,0.0,0.0,-0.001
1777316747898000,1777316747898000,0.0,0.0,-0.001
1777316747918000,1777316747918000,0.0,0.0,-0.001
1777316747938000,1777316747938000,0.0,0.0,-0.001
1777316747958000,1777316747958000,0.0,0.0,-0.001
1777316747978000,1777316747978000,0.0,0.0,-0.001
1777316747998000,1777316747998000,0.0,0.0,-0.001
1777316748018000,1777316748018000,0.0,0.0,-0.001
1777316748038000,1777316748038000,0.0,0.0,-0.001
1777316748058000,1777316748058000,0.0,0.0,-0.001
1777316748078000,1777316748078000,0.0,0.0,-0.001
1777316748098000,1777316748098000,0.0,0.0,-0.001
1777316748118000,1777316748118000,0.0,0.0,-0.001
1777316748138000,1777316748138000,0.0,0.0,-0.001
1777316748158000,1777316748158000,0.0,0.0,-0.001
1777316748178000,1777316748178000,0.0,0.0,-0.001
1777316748198000,1777316748198000,0.0,0.0,-0.001
1777316748218000,1777316748218000,0.0,0.0,-0.001
1777316748238000,1777316748238000,0.0,0.0,-0.001
1777316748258000,1777316748258000,0.0,0.0,-0.001
1777316748278000,1777316748278000,0.0,0.0,-0.001
1777316748294000,1777316748294000,0.0,0.0,-0.001
1777316748318000,1777316748318000,0.0,0.0,-0.001
1777316748338000,1777316748338000,0.0,0.0,-0.001
1777316748358000,1777316748358000,0.0,0.0,-0.001
1777316748378000,1777316748378000,0.0,0.0,-0.001
1777316748398000,1777316748398000,0.0,0.0,-0.001
1777316748418000,1777316748418000,0.0,0.0,-0.001
1777316748438000,1777316748438000,0.0,0.0,-0.001
1777316748458000,1777316748458000,0.0,0.0,-0.001
1777316748478000,1777316748478000,0.0,0.0,-0.001
1777316748498000,1777316748498000,0.0,0.0,-0.001
1777316748518000,1777316748518000,0.0,0.0,-0.001
1777316748534000,1777316748534000,0.0,0.0,-0.001
1777316748554000,1777316748554000,0.0,0.0,-0.001
1777316748578000,1777316748578000,0.0,0.0,-0.001
1777316748598000,1777316748598000,0.0,0.0,-0.001
1777316748614000,1777316748614000,0.0,0.0,-0.001
1777316748638000,1777316748638000,0.0,0.0,-0.001
1777316748658000,1777316748658000,0.0,0.0,-0.001
1777316748678000,1777316748678000,0.0,0.0,-0.001
1777316748698000,1777316748698000,0.0,0.0,-0.001
1777316748718000,1777316748718000,0.0,0.0,-0.001
1777316748738000,1777316748738000,0.0,0.0,-0.001
1777316748758000,1777316748758000,0.0,0.0,-0.001
1777316748778000,1777316748778000,0.0,0.0,-0.001
1777316748798000,1777316748798000,0.0,0.0,-0.001
1777316748818000,1777316748818000,0.0,0.0,-0.001
1777316748838000,1777316748838000,0.0,0.0,-0.001
1777316748858000,1777316748858000,0.0,0.0,-0.001
1777316748874000,1777316748874000,0.0,0.0,-0.001
1777316748898000,1777316748898000,0.0,0.0,-0.001
1777316748918000,1777316748918000,0.0,0.0,-0.001
1777316748938000,1777316748938000,0.0,0.0,-0.001
1777316748958000,1777316748958000,0.0,0.0,-0.001
1777316748978000,1777316748978000,0.0,0.0,-0.001
1777316748998000,1777316748998000,0.0,0.0,-0.001
1777316749018000,1777316749018000,0.0,0.0,-0.001
1777316749038000,1777316749038000,0.0,0.0,-0.001
1777316749058000,1777316749058000,0.0,0.0,-0.001
1777316749078000,1777316749078000,0.0,0.0,-0.001
1777316749098000,1777316749098000,0.0,0.0,-0.001
1777316749118000,1777316749118000,0.0,0.0,-0.001
1777316749138000,1777316749138000,0.0,0.0,-0.001
1777316749158000,1777316749158000,0.0,0.0,-0.001
1777316749178000,1777316749178000,0.0,0.0,-0.001
1777316749198000,1777316749198000,0.0,0.0,-0.001
1777316749218000,1777316749218000,0.0,0.0,-0.001
1777316749238000,1777316749238000,0.0,0.0,-0.001
1777316749258000,1777316749258000,0.0,0.0,-0.001
1777316749274000,1777316749274000,0.0,0.0,-0.001
1777316749298000,1777316749298000,0.0,0.0,-0.001
1777316749314000,1777316749314000,0.0,0.0,-0.001
1777316749338000,1777316749338000,0.0,0.0,-0.001
1777316749358000,1777316749358000,0.0,0.0,-0.001
1777316749378000,1777316749378000,0.0,0.0,-0.001
1777316749398000,1777316749398000,0.0,0.0,-0.001
1777316749418000,1777316749418000,0.0,0.0,-0.001
1777316749438000,1777316749438000,0.0,0.0,-0.001
1777316749458000,1777316749458000,0.0,0.0,-0.001
1777316749478000,1777316749478000,0.0,0.0,-0.001
1777316749498000,1777316749498000,0.0,0.0,-0.001
1777316749518000,1777316749518000,0.0,0.0,-0.001
1777316749538000,1777316749538000,0.0,0.0,-0.001
1777316749558000,1777316749558000,0.0,0.0,-0.001
1777316749578000,1777316749578000,0.0,0.0,-0.001
1777316749598000,1777316749598000,0.0,0.0,-0.001
1777316749618000,1777316749618000,0.0,0.0,-0.001
1777316749638000,1777316749638000,0.0,0.0,-0.001
1777316749658000,1777316749658000,0.0,0.0,-0.001
1777316749678000,1777316749678000,0.0,0.0,-0.001
1777316749698000,1777316749698000,0.0,0.0,-0.001
1777316749718000,1777316749718000,0.0,0.0,-0.001
1777316749738000,1777316749738000,0.0,0.0,-0.001
1777316749758000,1777316749758000,0.0,0.0,-0.001
1777316749778000,1777316749778000,0.0,0.0,-0.001
1777316749798000,1777316749798000,0.0,0.0,-0.001
1777316749818000,1777316749818000,0.0,0.0,-0.001
1777316749838000,1777316749838000,0.0,0.0,-0.001
1777316749858000,1777316749858000,0.0,0.0,-0.001
1777316749874000,1777316749874000,0.0,0.0,-0.001
1777316749894000,1777316749894000,0.0,0.0,-0.001
1777316749918000,1777316749918000,0.0,0.0,-0.001
1777316749934000,1777316749934000,0.0,0.0,-0.001
1777316749958000,1777316749958000,0.0,0.0,-0.001
1777316749978000,1777316749978000,0.0,0.0,-0.001
1777316749998000,1777316749998000,0.0,0.0,-0.001
1777316750018000,1777316750018000,0.0,0.0,-0.001
1777316750038000,1777316750038000,0.0,0.0,-0.001
1777316750058000,1777316750058000,0.0,0.0,-0.001
1777316750078000,1777316750078000,0.0,0.0,-0.001
1777316750098000,1777316750098000,0.0,0.0,-0.001
1777316750118000,1777316750118000,0.0,0.0,-0.001
1777316750138000,1777316750138000,0.0,0.0,-0.001
1777316750158000,1777316750158000,0.0,0.0,-0.001
1777316750178000,1777316750178000,0.0,0.0,-0.001
1777316750198000,1777316750198000,0.0,0.0,-0.001
1777316750218000,1777316750218000,0.0,0.0,-0.001
1777316750238000,1777316750238000,0.0,0.0,-0.001
1777316750258000,1777316750258000,0.0,0.0,-0.001
1777316750278000,1777316750278000,0.0,0.0,-0.001
1777316750298000,1777316750298000,0.0,0.0,-0.001
1777316750318000,1777316750318000,0.0,0.0,-0.001
1777316750338000,1777316750338000,0.0,0.0,-0.001
1777316750358000,1777316750358000,0.0,0.0,-0.001
1777316750378000,1777316750378000,0.0,0.0,-0.001
1777316750398000,1777316750398000,0.0,0.0,-0.001
1777316750418000,1777316750418000,0.0,0.0,-0.001
1777316750438000,1777316750438000,0.0,0.0,-0.001
1777316750458000,1777316750458000,0.0,0.0,-0.001
1777316750478000,1777316750478000,0.0,0.0,-0.001
1777316750498000,1777316750498000,0.0,0.0,-0.001
1777316750518000,1777316750518000,0.0,0.0,-0.001
1777316750538000,1777316750538000,0.0,0.0,-0.001
1777316750558000,1777316750558000,0.0,0.0,-0.001
1777316750574000,1777316750574000,0.0,0.0,-0.001
1777316750598000,1777316750598000,0.0,0.0,-0.001
1777316750618000,1777316750618000,0.0,0.0,-0.001
1777316750638000,1777316750638000,0.0,0.0,-0.001
1777316750654000,1777316750654000,0.0,0.0,-0.001
1777316750678000,1777316750678000,0.0,0.0,-0.001
1777316750698000,1777316750698000,0.0,0.0,-0.001
1777316750718000,1777316750718000,0.0,0.0,-0.001
1777316750734000,1777316750734000,0.0,0.0,-0.001
1777316750758000,1777316750758000,0.0,0.0,-0.001
1777316750778000,1777316750778000,0.0,0.0,-0.001
1777316750798000,1777316750798000,0.0,0.0,-0.001
1777316750818000,1777316750818000,0.0,0.0,-0.001
1777316750838000,1777316750838000,0.0,0.0,-0.001
1777316750854000,1777316750854000,0.0,0.0,-0.001
1777316750878000,1777316750878000,0.0,0.0,-0.001
1777316750898000,1777316750898000,0.0,0.0,-0.001
1777316750918000,1777316750918000,0.0,0.0,-0.001
1777316750938000,1777316750938000,0.0,0.0,-0.001
1777316750958000,1777316750958000,0.0,0.0,-0.001
1777316750978000,1777316750978000,0.0,0.0,-0.001
1777316750998000,1777316750998000,0.0,0.0,-0.001
1777316751018000,1777316751018000,0.0,0.0,-0.001
1777316751038000,1777316751038000,0.0,0.0,-0.001
1777316751058000,1777316751058000,0.0,0.0,-0.001
1777316751078000,1777316751078000,0.0,0.0,-0.001
1777316751098000,1777316751098000,0.0,0.0,-0.001
1777316751118000,1777316751118000,0.0,0.0,-0.001
1777316751138000,1777316751138000,0.0,0.0,-0.001
1777316751158000,1777316751158000,0.0,0.0,-0.001
1777316751178000,1777316751178000,0.0,0.0,-0.001
1777316751198000,1777316751198000,0.0,0.0,-0.001
1777316751218000,1777316751218000,0.0,0.0,-0.001
1777316751238000,1777316751238000,0.0,0.0,-0.001
1777316751258000,1777316751258000,0.0,0.0,-0.001
1777316751278000,1777316751278000,0.0,0.0,-0.001
1777316751298000,1777316751298000,0.0,0.0,-0.001
1777316751318000,1777316751318000,0.0,0.0,-0.001
1777316751338000,1777316751338000,0.0,0.0,-0.001
1777316751358000,1777316751358000,0.0,0.0,-0.001
1777316751378000,1777316751378000,0.0,0.0,-0.001
1777316751398000,1777316751398000,0.0,0.0,-0.001
1777316751418000,1777316751418000,0.0,0.0,-0.001
1777316751438000,1777316751438000,0.0,0.0,-0.001
1777316751458000,1777316751458000,0.0,0.0,-0.001
1777316751478000,1777316751478000,0.0,0.0,-0.001
1777316751498000,1777316751498000,0.0,0.0,-0.001
1777316751518000,1777316751518000,0.0,0.0,-0.001
1777316751538000,1777316751538000,0.0,0.0,-0.001
1777316751558000,1777316751558000,0.0,0.0,-0.001
1777316751578000,1777316751578000,0.0,0.0,-0.001
1777316751598000,1777316751598000,0.0,0.0,-0.001
1777316751618000,1777316751618000,0.0,0.0,-0.001
1777316751638000,1777316751638000,0.0,0.0,-0.001
1777316751654000,1777316751654000,0.0,0.0,-0.001
1777316751678000,1777316751678000,0.0,0.0,-0.001
1777316751698000,1777316751698000,0.0,0.0,-0.001
1777316751718000,1777316751718000,0.0,0.0,-0.001
1777316751738000,1777316751738000,0.0,0.0,-0.001
1777316751758000,1777316751758000,0.0,0.0,-0.001
1777316751778000,1777316751778000,0.0,0.0,-0.001
1777316751798000,1777316751798000,0.0,0.0,-0.001
1777316751814000,1777316751814000,0.0,0.0,-0.001
1777316751838000,1777316751838000,0.0,0.0,-0.001
1777316751858000,1777316751858000,0.0,0.0,-0.001
1777316751878000,1777316751878000,0.0,0.0,-0.001
1777316751898000,1777316751898000,0.0,0.0,-0.001
1777316751918000,1777316751918000,0.0,0.0,-0.001
1777316751938000,1777316751938000,0.0,0.0,-0.001
1777316751958000,1777316751958000,0.0,0.0,-0.001
1777316751978000,1777316751978000,0.0,0.0,-0.001
1777316751998000,1777316751998000,0.0,0.0,-0.001
1777316752018000,1777316752018000,0.0,0.0,-0.001
1777316752038000,1777316752038000,0.0,0.0,-0.001
1777316752058000,1777316752058000,0.0,0.0,-0.001
1777316752078000,1777316752078000,0.0,0.0,-0.001
1777316752098000,1777316752098000,0.0,0.0,-0.001
1777316752118000,1777316752118000,0.0,0.0,-0.001
1777316752138000,1777316752138000,0.0,0.0,-0.001
1777316752158000,1777316752158000,0.0,0.0,-0.001
1777316752178000,1777316752178000,0.0,0.0,-0.001
1777316752198000,1777316752198000,0.0,0.0,-0.001
1777316752218000,1777316752218000,0.0,0.0,-0.001
1777316752238000,1777316752238000,0.0,0.0,-0.001
1777316752254000,1777316752254000,0.0,0.0,-0.001
1777316752278000,1777316752278000,0.0,0.0,-0.001
1777316752298000,1777316752298000,0.0,0.0,-0.001
1777316752318000,1777316752318000,0.0,0.0,-0.001
1777316752338000,1777316752338000,0.0,0.0,-0.001
1777316752358000,1777316752358000,0.0,0.0,-0.001
1777316752378000,1777316752378000,0.0,0.0,-0.001
1777316752398000,1777316752398000,0.0,0.0,-0.001
1777316752418000,1777316752418000,0.0,0.0,-0.001
1777316752434000,1777316752434000,0.0,0.0,-0.001
1777316752458000,1777316752458000,0.0,0.0,-0.001
1777316752478000,1777316752478000,0.0,0.0,-0.001
1777316752498000,1777316752498000,0.0,0.0,-0.001
1777316752518000,1777316752518000,0.0,0.0,-0.001
1777316752538000,1777316752538000,0.0,0.0,-0.001
1777316752558000,1777316752558000,0.0,0.0,-0.001
1777316752578000,1777316752578000,0.0,0.0,-0.001
1777316752598000,1777316752598000,0.0,0.0,-0.001
1777316752618000,1777316752618000,0.0,0.0,-0.001
1777316752638000,1777316752638000,0.0,0.0,-0.001
1777316752658000,1777316752658000,0.0,0.0,-0.001
1777316752678000,1777316752678000,0.0,0.0,-0.001
1777316752698000,1777316752698000,0.0,0.0,-0.001
1777316752718000,1777316752718000,0.0,0.0,-0.001
1777316752738000,1777316752738000,0.0,0.0,-0.001
1777316752758000,1777316752758000,0.0,0.0,-0.001
1777316752778000,1777316752778000,0.0,0.0,-0.001
1777316752798000,1777316752798000,0.0,0.0,-0.001
1777316752814000,1777316752814000,0.0,0.0,-0.001
1777316752838000,1777316752838000,0.0,0.0,-0.001
1777316752858000,1777316752858000,0.0,0.0,-0.001
1777316752878000,1777316752878000,0.0,0.0,-0.001
1777316752898000,1777316752898000,0.0,0.0,-0.001
1777316752918000,1777316752918000,0.0,0.0,-0.001
1777316752938000,1777316752938000,0.0,0.0,-0.001
1777316752958000,1777316752958000,0.0,0.0,-0.001
1777316752978000,1777316752978000,0.0,0.0,-0.001
1777316752998000,1777316752998000,0.0,0.0,-0.001
1777316753014000,1777316753014000,0.0,0.0,-0.001
1777316753038000,1777316753038000,0.0,0.0,-0.001
1777316753058000,1777316753058000,0.0,0.0,-0.001
1777316753074000,1777316753074000,0.0,0.0,-0.001
1777316753098000,1777316753098000,0.0,0.0,-0.001
1777316753118000,1777316753118000,0.0,0.0,-0.001
1777316753138000,1777316753138000,0.0,0.0,-0.001
1777316753158000,1777316753158000,0.0,0.0,-0.001
1777316753178000,1777316753178000,0.0,0.0,-0.001
1777316753198000,1777316753198000,0.0,0.0,-0.001
1777316753218000,1777316753218000,0.0,0.0,-0.001
1777316753238000,1777316753238000,0.0,0.0,-0.001
1777316753258000,1777316753258000,0.0,0.0,-0.001
1777316753278000,1777316753278000,0.0,0.0,-0.001
1777316753298000,1777316753298000,0.0,0.0,-0.001
1777316753318000,1777316753318000,0.0,0.0,-0.001
1777316753338000,1777316753338000,0.0,0.0,-0.001
1777316753358000,1777316753358000,0.0,0.0,-0.001
1777316753374000,1777316753374000,0.0,0.0,-0.001
1777316753398000,1777316753398000,0.0,0.0,-0.001
1777316753418000,1777316753418000,0.0,0.0,-0.001
1777316753438000,1777316753438000,0.0,0.0,-0.001
1777316753458000,1777316753458000,0.0,0.0,-0.001
1777316753478000,1777316753478000,0.0,0.0,-0.001
1777316753498000,1777316753498000,0.0,0.0,-0.001
1777316753518000,1777316753518000,0.0,0.0,-0.001
1777316753538000,1777316753538000,0.0,0.0,-0.001
1777316753554000,1777316753554000,0.0,0.0,-0.001
1777316753578000,1777316753578000,0.0,0.0,-0.001
1777316753594000,1777316753594000,0.0,0.0,-0.001
1777316753618000,1777316753618000,0.0,0.0,-0.001
1777316753638000,1777316753638000,0.0,0.0,-0.001
1777316753658000,1777316753658000,0.0,0.0,-0.001
1777316753678000,1777316753678000,0.0,0.0,-0.001
1777316753698000,1777316753698000,0.0,0.0,-0.001
1777316753718000,1777316753718000,0.0,0.0,-0.001
1777316753738000,1777316753738000,0.0,0.0,-0.001
1777316753758000,1777316753758000,0.0,0.0,-0.001
1777316753778000,1777316753778000,0.0,0.0,-0.001
1777316753798000,1777316753798000,0.0,0.0,-0.001
1777316753818000,1777316753818000,0.0,0.0,-0.001
1777316753838000,1777316753838000,0.0,0.0,-0.001
1777316753858000,1777316753858000,0.0,0.0,-0.001
1777316753878000,1777316753878000,0.0,0.0,-0.001
1777316753898000,1777316753898000,0.0,0.0,-0.001
1777316753918000,1777316753918000,0.0,0.0,-0.001
1777316753938000,1777316753938000,0.0,0.0,-0.001
1777316753958000,1777316753958000,0.0,0.0,-0.001
1777316753978000,1777316753978000,0.0,0.0,-0.001
1777316753998000,1777316753998000,0.0,0.0,-0.001
1777316754018000,1777316754018000,0.0,0.0,-0.001
1777316754038000,1777316754038000,0.0,0.0,-0.001
1777316754058000,1777316754058000,0.0,0.0,-0.001
1777316754078000,1777316754078000,0.0,0.0,-0.001
1777316754098000,1777316754098000,0.0,0.0,-0.001
1777316754118000,1777316754118000,0.0,0.0,-0.001
1777316754138000,1777316754138000,0.0,0.0,-0.001
1777316754158000,1777316754158000,0.0,0.0,-0.001
1777316754174000,1777316754174000,0.0,0.0,-0.001
1777316754198000,1777316754198000,0.0,0.0,-0.001
1777316754218000,1777316754218000,0.0,0.0,-0.001
1777316754238000,1777316754238000,0.0,0.0,-0.001
1777316754258000,1777316754258000,0.0,0.0,-0.001
1777316754278000,1777316754278000,0.0,0.0,-0.001
1777316754298000,1777316754298000,0.0,0.0,-0.001
1777316754318000,1777316754318000,0.0,0.0,-0.001
1777316754338000,1777316754338000,0.0,0.0,-0.001
1777316754358000,1777316754358000,0.0,0.0,-0.001
1777316754378000,1777316754378000,0.0,0.0,-0.001
1777316754398000,1777316754398000,0.0,0.0,-0.001
1777316754418000,1777316754418000,0.0,0.0,-0.001
1777316754438000,1777316754438000,0.0,0.0,-0.001
1777316754458000,1777316754458000,0.0,0.0,-0.001
1777316754478000,1777316754478000,0.0,0.0,-0.001
1777316754498000,1777316754498000,0.0,0.0,-0.001
1777316754518000,1777316754518000,0.0,0.0,-0.001
1777316754534000,1777316754534000,0.0,0.0,-0.001
1777316754558000,1777316754558000,0.0,0.0,-0.001
1777316754578000,1777316754578000,0.0,0.0,-0.001
1777316754598000,1777316754598000,0.0,0.0,-0.001
1777316754618000,1777316754618000,0.0,0.0,-0.001
1777316754638000,1777316754638000,0.0,0.0,-0.001
1777316754658000,1777316754658000,0.0,0.0,-0.001
1777316754678000,1777316754678000,0.0,0.0,-0.001
1777316754698000,1777316754698000,0.0,0.0,-0.001
1777316754718000,1777316754718000,0.0,0.0,-0.001
1777316754738000,1777316754738000,0.0,0.0,-0.001
1777316754758000,1777316754758000,0.0,0.0,-0.001
1777316754774000,1777316754774000,0.0,0.0,-0.001
1777316754798000,1777316754798000,0.0,0.0,-0.001
1777316754818000,1777316754818000,0.0,0.0,-0.001
1777316754838000,1777316754838000,0.0,0.0,-0.001
1777316754858000,1777316754858000,0.0,0.0,-0.001
1777316754878000,1777316754878000,0.0,0.0,-0.001
1777316754898000,1777316754898000,0.0,0.0,-0.001
1777316754918000,1777316754918000,0.0,0.0,-0.001
1777316754938000,1777316754938000,0.0,0.0,-0.001
1777316754958000,1777316754958000,0.0,0.0,-0.001
1777316754978000,1777316754978000,0.0,0.0,-0.001
1777316754998000,1777316754998000,0.0,0.0,-0.001
1777316755018000,1777316755018000,0.0,0.0,-0.001
1777316755038000,1777316755038000,0.0,0.0,-0.001
1777316755058000,1777316755058000,0.0,0.0,-0.001
1777316755078000,1777316755078000,0.0,0.0,-0.001
1777316755098000,1777316755098000,0.0,0.0,-0.001
1777316755118000,1777316755118000,0.0,0.0,-0.001
1777316755138000,1777316755138000,0.0,0.0,-0.001
1777316755158000,1777316755158000,0.0,0.0,-0.001
1777316755178000,1777316755178000,0.0,0.0,-0.001
1777316755198000,1777316755198000,0.0,0.0,-0.001
1777316755218000,1777316755218000,0.0,0.0,-0.001
1777316755238000,1777316755238000,0.0,0.0,-0.001
1777316755258000,1777316755258000,0.0,0.0,-0.001
1777316755278000,1777316755278000,0.0,0.0,-0.001
1777316755298000,1777316755298000,0.0,0.0,-0.001
1777316755318000,1777316755318000,0.0,0.0,-0.001
1777316755338000,1777316755338000,0.0,0.0,-0.001
1777316755358000,1777316755358000,0.0,0.0,-0.001
1777316755378000,1777316755378000,0.0,0.0,-0.001
1777316755398000,1777316755398000,0.0,0.0,-0.001
1777316755418000,1777316755418000,0.0,0.0,-0.001
1777316755438000,1777316755438000,0.0,0.0,-0.001
1777316755458000,1777316755458000,0.0,0.0,-0.001
1777316755478000,1777316755478000,0.0,0.0,-0.001
1777316755498000,1777316755498000,0.0,0.0,-0.001
1777316755518000,1777316755518000,0.0,0.0,-0.001
1777316755538000,1777316755538000,0.0,0.0,-0.001
1777316755558000,1777316755558000,0.0,0.0,-0.001
1777316755578000,1777316755578000,0.0,0.0,-0.001
1777316755598000,1777316755598000,0.0,0.0,-0.001
1777316755618000,1777316755618000,0.0,0.0,-0.001
1777316755634000,1777316755634000,0.0,0.0,-0.001
1777316755658000,1777316755658000,0.0,0.0,-0.001
1777316755678000,1777316755678000,0.0,0.0,-0.001
1777316755694000,1777316755694000,0.0,0.0,-0.001
1777316755718000,1777316755718000,0.0,0.0,-0.001
1777316755738000,1777316755738000,0.0,0.0,-0.001
1777316755758000,1777316755758000,0.0,0.0,-0.001
1777316755778000,1777316755778000,0.0,0.0,-0.001
1777316755798000,1777316755798000,0.0,0.0,-0.001
1777316755818000,1777316755818000,0.0,0.0,-0.001
1777316755838000,1777316755838000,0.0,0.0,-0.001
1777316755854000,1777316755854000,0.0,0.0,-0.001
1777316755878000,1777316755878000,0.0,0.0,-0.001
1777316755898000,1777316755898000,0.0,0.0,-0.001
1777316755918000,1777316755918000,0.0,0.0,-0.001
1777316755934000,1777316755934000,0.0,0.0,-0.001
1777316755958000,1777316755958000,0.0,0.0,-0.001
1777316755978000,1777316755978000,0.0,0.0,-0.001
1777316755998000,1777316755998000,0.0,0.0,-0.001
1777316756014000,1777316756014000,0.0,0.0,-0.001
1777316756034000,1777316756034000,0.0,0.0,-0.001
1777316756058000,1777316756058000,0.0,0.0,-0.001
1777316756078000,1777316756078000,0.0,0.0,-0.001
1777316756098000,1777316756098000,0.0,0.0,-0.001
1777316756114000,1777316756114000,0.0,0.0,-0.001
1777316756138000,1777316756138000,0.0,0.0,-0.001
1777316756158000,1777316756158000,0.0,0.0,-0.001
1777316756178000,1777316756178000,0.0,0.0,-0.001
1777316756198000,1777316756198000,0.0,0.0,-0.001
1777316756218000,1777316756218000,0.0,0.0,-0.001
1777316756238000,1777316756238000,0.0,0.0,-0.001
1777316756258000,1777316756258000,0.0,0.0,-0.001
1777316756278000,1777316756278000,0.0,0.0,-0.001
1777316756298000,1777316756298000,0.0,0.0,-0.001
1777316756318000,1777316756318000,0.0,0.0,-0.001
1777316756334000,1777316756334000,0.0,0.0,-0.001
1777316756358000,1777316756358000,0.0,0.0,-0.001
1777316756378000,1777316756378000,0.0,0.0,-0.001
1777316756398000,1777316756398000,0.0,0.0,-0.001
1777316756418000,1777316756418000,0.0,0.0,-0.001
1777316756438000,1777316756438000,0.0,0.0,-0.001
1777316756458000,1777316756458000,0.0,0.0,-0.001
1777316756478000,1777316756478000,0.0,0.0,-0.001
1777316756498000,1777316756498000,0.0,0.0,-0.001
1777316756518000,1777316756518000,0.0,0.0,-0.001
1777316756538000,1777316756538000,0.0,0.0,-0.001
1777316756558000,1777316756558000,0.0,0.0,-0.001
1777316756578000,1777316756578000,0.0,0.0,-0.001
1777316756598000,1777316756598000,0.0,0.0,-0.001
1777316756618000,1777316756618000,0.0,0.0,-0.001
1777316756638000,1777316756638000,0.0,0.0,-0.001
1777316756658000,1777316756658000,0.0,0.0,-0.001
1777316756678000,1777316756678000,0.0,0.0,-0.001
1777316756698000,1777316756698000,0.0,0.0,-0.001
1777316756718000,1777316756718000,0.0,0.0,-0.001
1777316756738000,1777316756738000,0.0,0.0,-0.001
1777316756758000,1777316756758000,0.0,0.0,-0.001
1777316756778000,1777316756778000,0.0,0.0,-0.001
1777316756798000,1777316756798000,0.0,0.0,-0.001
1777316756818000,1777316756818000,0.0,0.0,-0.001
1777316756838000,1777316756838000,0.0,0.0,-0.001
1777316756858000,1777316756858000,0.0,0.0,-0.001
1777316756878000,1777316756878000,0.0,0.0,-0.001
1777316756894000,1777316756894000,0.0,0.0,-0.001
1777316756918000,1777316756918000,0.0,0.0,-0.001
1777316756938000,1777316756938000,0.0,0.0,-0.001
1777316756958000,1777316756958000,0.0,0.0,-0.001
1777316756978000,1777316756978000,0.0,0.0,-0.001
1777316756998000,1777316756998000,0.0,0.0,-0.001
1777316757018000,1777316757018000,0.0,0.0,-0.001
1777316757038000,1777316757038000,0.0,0.0,-0.001
1777316757058000,1777316757058000,0.0,0.0,-0.001
1777316757078000,1777316757078000,0.0,0.0,-0.001
1777316757098000,1777316757098000,0.0,0.0,-0.001
1777316757118000,1777316757118000,0.0,0.0,-0.001
1777316757138000,1777316757138000,0.0,0.0,-0.001
1777316757158000,1777316757158000,0.0,0.0,-0.001
1777316757178000,1777316757178000,0.0,0.0,-0.001
1777316757198000,1777316757198000,0.0,0.0,-0.001
1777316757214000,1777316757214000,0.0,0.0,-0.001
1777316757238000,1777316757238000,0.0,0.0,-0.001
1777316757258000,1777316757258000,0.0,0.0,-0.001
1777316757278000,1777316757278000,0.0,0.0,-0.001
1777316757298000,1777316757298000,0.0,0.0,-0.001
1777316757318000,1777316757318000,0.0,0.0,-0.001
1777316757338000,1777316757338000,0.0,0.0,-0.001
1777316757358000,1777316757358000,0.0,0.0,-0.001
1777316757374000,1777316757374000,0.0,0.0,-0.001
1777316757398000,1777316757398000,0.0,0.0,-0.001
1777316757418000,1777316757418000,0.0,0.0,-0.001
1777316757438000,1777316757438000,0.0,0.0,-0.001
1777316757458000,1777316757458000,0.0,0.0,-0.001
1777316757478000,1777316757478000,0.0,0.0,-0.001
1777316757494000,1777316757494000,0.0,0.0,-0.001
1777316757518000,1777316757518000,0.0,0.0,-0.001
1777316757538000,1777316757538000,0.0,0.0,-0.001
1777316757558000,1777316757558000,0.0,0.0,-0.001
1777316757578000,1777316757578000,0.0,0.0,-0.001
1777316757598000,1777316757598000,0.0,0.0,-0.001
1777316757618000,1777316757618000,0.0,0.0,-0.001
1777316757638000,1777316757638000,0.0,0.0,-0.001
1777316757658000,1777316757658000,0.0,0.0,-0.001
1777316757678000,1777316757678000,0.0,0.0,-0.001
1777316757698000,1777316757698000,0.0,0.0,-0.001
1777316757718000,1777316757718000,0.0,0.0,-0.001
1777316757738000,1777316757738000,0.0,0.0,-0.001
1777316757758000,1777316757758000,0.0,0.0,-0.001
1777316757778000,1777316757778000,0.0,0.0,-0.001
1777316757798000,1777316757798000,0.0,0.0,-0.001
1777316757818000,1777316757818000,0.0,0.0,-0.001
1777316757838000,1777316757838000,0.0,0.0,-0.001
1777316757858000,1777316757858000,0.0,0.0,-0.001
1777316757878000,1777316757878000,0.0,0.0,-0.001
1777316757898000,1777316757898000,0.0,0.0,-0.001
1777316757918000,1777316757918000,0.0,0.0,-0.001
1777316757938000,1777316757938000,0.0,0.0,-0.001
1777316757958000,1777316757958000,0.0,0.0,-0.001
1777316757978000,1777316757978000,0.0,0.0,-0.001
1777316757998000,1777316757998000,0.0,0.0,-0.001
1777316758018000,1777316758018000,0.0,0.0,-0.001
1777316758038000,1777316758038000,0.0,0.0,-0.001
1777316758058000,1777316758058000,0.0,0.0,-0.001
1777316758074000,1777316758074000,0.0,0.0,-0.001
1777316758098000,1777316758098000,0.0,0.0,-0.001
1777316758114000,1777316758114000,0.0,0.0,-0.001
1777316758138000,1777316758138000,0.0,0.0,-0.001
1777316758158000,1777316758158000,0.0,0.0,-0.001
1777316758178000,1777316758178000,0.0,0.0,-0.001
1777316758198000,1777316758198000,0.0,0.0,-0.001
1777316758218000,1777316758218000,0.0,0.0,-0.001
1777316758238000,1777316758238000,0.0,0.0,-0.001
1777316758254000,1777316758254000,0.0,0.0,-0.001
1777316758278000,1777316758278000,0.0,0.0,-0.001
1777316758298000,1777316758298000,0.0,0.0,-0.001
1777316758318000,1777316758318000,0.0,0.0,-0.001
1777316758338000,1777316758338000,0.0,0.0,-0.001
1777316758358000,1777316758358000,0.0,0.0,-0.001
1777316758378000,1777316758378000,0.0,0.0,-0.001
1777316758398000,1777316758398000,0.0,0.0,-0.001
1777316758418000,1777316758418000,0.0,0.0,-0.001
1777316758438000,1777316758438000,0.0,0.0,-0.001
1777316758458000,1777316758458000,0.0,0.0,-0.001
1777316758478000,1777316758478000,0.0,0.0,-0.001
1777316758498000,1777316758498000,0.0,0.0,-0.001
1777316758518000,1777316758518000,0.0,0.0,-0.001
1777316758538000,1777316758538000,0.0,0.0,-0.001
1777316758554000,1777316758554000,0.0,0.0,-0.001
1777316758578000,1777316758578000,0.0,0.0,-0.001
1777316758598000,1777316758598000,0.0,0.0,-0.001
1777316758618000,1777316758618000,0.0,0.0,-0.001
1777316758638000,1777316758638000,0.0,0.0,-0.001
1777316758658000,1777316758658000,0.0,0.0,-0.001
1777316758678000,1777316758678000,0.0,0.0,-0.001
1777316758698000,1777316758698000,0.0,0.0,-0.001
1777316758718000,1777316758718000,0.0,0.0,-0.001
1777316758738000,1777316758738000,0.0,0.0,-0.001
1777316758758000,1777316758758000,0.0,0.0,-0.001
1777316758778000,1777316758778000,0.0,0.0,-0.001
1777316758798000,1777316758798000,0.0,0.0,-0.001
1777316758814000,1777316758814000,0.0,0.0,-0.001
1777316758838000,1777316758838000,0.0,0.0,-0.001
1777316758854000,1777316758854000,0.0,0.0,-0.001
1777316758878000,1777316758878000,0.0,0.0,-0.001
1777316758894000,1777316758894000,0.0,0.0,-0.001
1777316758918000,1777316758918000,0.0,0.0,-0.001
1777316758938000,1777316758938000,0.0,0.0,-0.001
1777316758958000,1777316758958000,0.0,0.0,-0.001
1777316758974000,1777316758974000,0.0,0.0,-0.001
1777316758998000,1777316758998000,0.0,0.0,-0.001
1777316759018000,1777316759018000,0.0,0.0,-0.001
1777316759038000,1777316759038000,0.0,0.0,-0.001
1777316759058000,1777316759058000,0.0,0.0,-0.001
1777316759078000,1777316759078000,0.0,0.0,-0.001
1777316759098000,1777316759098000,0.0,0.0,-0.001
1777316759118000,1777316759118000,0.0,0.0,-0.001
1777316759138000,1777316759138000,0.0,0.0,-0.001
1777316759158000,1777316759158000,0.0,0.0,-0.001
1777316759178000,1777316759178000,0.0,0.0,-0.001
1777316759198000,1777316759198000,0.0,0.0,-0.001
1777316759214000,1777316759214000,0.0,0.0,-0.001
1777316759238000,1777316759238000,0.0,0.0,-0.001
1777316759258000,1777316759258000,0.0,0.0,-0.001
1777316759278000,1777316759278000,0.0,0.0,-0.001
1777316759298000,1777316759298000,0.0,0.0,-0.001
1777316759318000,1777316759318000,0.0,0.0,-0.001
1777316759338000,1777316759338000,0.0,0.0,-0.001
1777316759358000,1777316759358000,0.0,0.0,-0.001
1777316759378000,1777316759378000,0.0,0.0,-0.001
1777316759398000,1777316759398000,0.0,0.0,-0.001
1777316759418000,1777316759418000,0.0,0.0,-0.001
1777316759438000,1777316759438000,0.0,0.0,-0.001
1777316759458000,1777316759458000,0.0,0.0,-0.001
1777316759478000,1777316759478000,0.0,0.0,-0.001
1777316759498000,1777316759498000,0.0,0.0,-0.001
1777316759518000,1777316759518000,0.0,0.0,-0.001
1777316759538000,1777316759538000,0.0,0.0,-0.001
1777316759558000,1777316759558000,0.0,0.0,-0.001
1777316759578000,1777316759578000,0.0,0.0,-0.001
1777316759598000,1777316759598000,0.0,0.0,-0.001
1777316759618000,1777316759618000,0.0,0.0,-0.001
1777316759638000,1777316759638000,0.0,0.0,-0.001
1777316759658000,1777316759658000,0.0,0.0,-0.001
1777316759678000,1777316759678000,0.0,0.0,-0.001
1777316759698000,1777316759698000,0.0,0.0,-0.001
1777316759718000,1777316759718000,0.0,0.0,-0.001
1777316759738000,1777316759738000,0.0,0.0,-0.001
1777316759754000,1777316759754000,0.0,0.0,-0.001
1777316759778000,1777316759778000,0.0,0.0,-0.001
1777316759798000,1777316759798000,0.0,0.0,-0.001
1777316759818000,1777316759818000,0.0,0.0,-0.001
1777316759838000,1777316759838000,0.0,0.0,-0.001
1777316759858000,1777316759858000,0.0,0.0,-0.001
1777316759878000,1777316759878000,0.0,0.0,-0.001
1777316759898000,1777316759898000,0.0,0.0,-0.001
1777316759918000,1777316759918000,0.0,0.0,-0.001
1777316759938000,1777316759938000,0.0,0.0,-0.001
1777316759958000,1777316759958000,0.0,0.0,-0.001
1777316759978000,1777316759978000,0.0,0.0,-0.001
1777316759998000,1777316759998000,0.0,0.0,-0.001
1777316760018000,1777316760018000,0.0,0.0,-0.001
1777316760038000,1777316760038000,0.0,0.0,-0.001
1777316760058000,1777316760058000,0.0,0.0,-0.001
1777316760078000,1777316760078000,0.0,0.0,-0.001
1777316760098000,1777316760098000,0.0,0.0,-0.001
1777316760118000,1777316760118000,0.0,0.0,-0.001
1777316760138000,1777316760138000,0.0,0.0,-0.001
1777316760154000,1777316760154000,0.0,0.0,-0.001
1777316760178000,1777316760178000,0.0,0.0,-0.001
1777316760194000,1777316760194000,0.0,0.0,-0.001
1777316760218000,1777316760218000,0.0,0.0,-0.001
1777316760238000,1777316760238000,0.0,0.0,-0.001
1777316760258000,1777316760258000,0.0,0.0,-0.001
1777316760278000,1777316760278000,0.0,0.0,-0.001
1777316760298000,1777316760298000,0.0,0.0,-0.001
1777316760318000,1777316760318000,0.0,0.0,-0.001
1777316760338000,1777316760338000,0.0,0.0,-0.001
1777316760358000,1777316760358000,0.0,0.0,-0.001
1777316760378000,1777316760378000,0.0,0.0,-0.001
1777316760398000,1777316760398000,0.0,0.0,-0.001
1777316760418000,1777316760418000,0.0,0.0,-0.001
1777316760438000,1777316760438000,0.0,0.0,-0.001
1777316760458000,1777316760458000,0.0,0.0,-0.001
1777316760478000,1777316760478000,0.0,0.0,-0.001
1777316760498000,1777316760498000,0.0,0.0,-0.001
1777316760518000,1777316760518000,0.0,0.0,-0.001
1777316760538000,1777316760538000,0.0,0.0,-0.001
1777316760558000,1777316760558000,0.0,0.0,-0.001
1777316760578000,1777316760578000,0.0,0.0,-0.001
1777316760598000,1777316760598000,0.0,0.0,-0.001
1777316760618000,1777316760618000,0.0,0.0,-0.001
1777316760638000,1777316760638000,0.0,0.0,-0.001
1777316760658000,1777316760658000,0.0,0.0,-0.001
1777316760678000,1777316760678000,0.0,0.0,-0.001
1777316760698000,1777316760698000,0.0,0.0,-0.001
1777316760718000,1777316760718000,0.0,0.0,-0.001
1777316760738000,1777316760738000,0.0,0.0,-0.001
1777316760758000,1777316760758000,0.0,0.0,-0.001
1777316760778000,1777316760778000,0.0,0.0,-0.001
1777316760798000,1777316760798000,0.0,0.0,-0.001
1777316760818000,1777316760818000,0.0,0.0,-0.001
1777316760838000,1777316760838000,0.0,0.0,-0.001
1777316760858000,1777316760858000,0.0,0.0,-0.001
1777316760878000,1777316760878000,0.0,0.0,-0.001
1777316760898000,1777316760898000,0.0,0.0,-0.001
1777316760918000,1777316760918000,0.0,0.0,-0.001
1777316760938000,1777316760938000,0.0,0.0,-0.001
1777316760958000,1777316760958000,0.0,0.0,-0.001
1777316760978000,1777316760978000,0.0,0.0,-0.001
1777316760998000,1777316760998000,0.0,0.0,-0.001
1777316761014000,1777316761014000,0.0,0.0,-0.001
1777316761038000,1777316761038000,0.0,0.0,-0.001
1777316761058000,1777316761058000,0.0,0.0,-0.001
1777316761074000,1777316761074000,0.0,0.0,-0.001
1777316761098000,1777316761098000,0.0,0.0,-0.001
1777316761118000,1777316761118000,0.0,0.0,-0.001
1777316761138000,1777316761138000,0.0,0.0,-0.001
1777316761158000,1777316761158000,0.0,0.0,-0.001
1777316761178000,1777316761178000,0.0,0.0,-0.001
1777316761194000,1777316761194000,0.0,0.0,-0.001
1777316761218000,1777316761218000,0.0,0.0,-0.001
1777316761238000,1777316761238000,0.0,0.0,-0.001
1777316761258000,1777316761258000,0.0,0.0,-0.001
1777316761278000,1777316761278000,0.0,0.0,-0.001
1777316761298000,1777316761298000,0.0,0.0,-0.001
1777316761314000,1777316761314000,0.0,0.0,-0.001
1777316761338000,1777316761338000,0.0,0.0,-0.001
1777316761358000,1777316761358000,0.0,0.0,-0.001
1777316761378000,1777316761378000,0.0,0.0,-0.001
1777316761398000,1777316761398000,0.0,0.0,-0.001
1777316761418000,1777316761418000,0.0,0.0,-0.001
1777316761438000,1777316761438000,0.0,0.0,-0.001
1777316761458000,1777316761458000,0.0,0.0,-0.001
1777316761478000,1777316761478000,0.0,0.0,-0.001
1777316761498000,1777316761498000,0.0,0.0,-0.001
1777316761518000,1777316761518000,0.0,0.0,-0.001
1777316761538000,1777316761538000,0.0,0.0,-0.001
1777316761558000,1777316761558000,0.0,0.0,-0.001
1777316761578000,1777316761578000,0.0,0.0,-0.001
1777316761598000,1777316761598000,0.0,0.0,-0.001
1777316761618000,1777316761618000,0.0,0.0,-0.001
1777316761638000,1777316761638000,0.0,0.0,-0.001
1777316761658000,1777316761658000,0.0,0.0,-0.001
1777316761678000,1777316761678000,0.0,0.0,-0.001
1777316761698000,1777316761698000,0.0,0.0,-0.001
1777316761718000,1777316761718000,0.0,0.0,-0.001
1777316761738000,1777316761738000,0.0,0.0,-0.001
1777316761758000,1777316761758000,0.0,0.0,-0.001
1777316761774000,1777316761774000,0.0,0.0,-0.001
1777316761798000,1777316761798000,0.0,0.0,-0.001
1777316761818000,1777316761818000,0.0,0.0,-0.001
1777316761838000,1777316761838000,0.0,0.0,-0.001
1777316761858000,1777316761858000,0.0,0.0,-0.001
1777316761878000,1777316761878000,0.0,0.0,-0.001
1777316761898000,1777316761898000,0.0,0.0,-0.001
1777316761918000,1777316761918000,0.0,0.0,-0.001
1777316761938000,1777316761938000,0.0,0.0,-0.001
1777316761958000,1777316761958000,0.0,0.0,-0.001
1777316761978000,1777316761978000,0.0,0.0,-0.001
1777316761998000,1777316761998000,0.0,0.0,-0.001
1777316762018000,1777316762018000,0.0,0.0,-0.001
1777316762038000,1777316762038000,0.0,0.0,-0.001
1777316762058000,1777316762058000,0.0,0.0,-0.001
1777316762078000,1777316762078000,0.0,0.0,-0.001
1777316762098000,1777316762098000,0.0,0.0,-0.001
1777316762118000,1777316762118000,0.0,0.0,-0.001
1777316762134000,1777316762134000,0.0,0.0,-0.001
1777316762158000,1777316762158000,0.0,0.0,-0.001
1777316762178000,1777316762178000,0.0,0.0,-0.001
1777316762198000,1777316762198000,0.0,0.0,-0.001
1777316762218000,1777316762218000,0.0,0.0,-0.001
1777316762238000,1777316762238000,0.0,0.0,-0.001
1777316762258000,1777316762258000,0.0,0.0,-0.001
1777316762278000,1777316762278000,0.0,0.0,-0.001
1777316762298000,1777316762298000,0.0,0.0,-0.001
1777316762318000,1777316762318000,0.0,0.0,-0.001
1777316762338000,1777316762338000,0.0,0.0,-0.001
1777316762358000,1777316762358000,0.0,0.0,-0.001
1777316762378000,1777316762378000,0.0,0.0,-0.001
1777316762398000,1777316762398000,0.0,0.0,-0.001
1777316762418000,1777316762418000,0.0,0.0,-0.001
1777316762438000,1777316762438000,0.0,0.0,-0.001
1777316762458000,1777316762458000,0.0,0.0,-0.001
1777316762478000,1777316762478000,0.0,0.0,-0.001
1777316762498000,1777316762498000,0.0,0.0,-0.001
1777316762518000,1777316762518000,0.0,0.0,-0.001
1777316762538000,1777316762538000,0.0,0.0,-0.001
1777316762558000,1777316762558000,0.0,0.0,-0.001
1777316762578000,1777316762578000,0.0,0.0,-0.001
1777316762598000,1777316762598000,0.0,0.0,-0.001
1777316762618000,1777316762618000,0.0,0.0,-0.001
1777316762638000,1777316762638000,0.0,0.0,-0.001
1777316762658000,1777316762658000,0.0,0.0,-0.001
1777316762678000,1777316762678000,0.0,0.0,-0.001
1777316762698000,1777316762698000,0.0,0.0,-0.001
1777316762718000,1777316762718000,0.0,0.0,-0.001
1777316762738000,1777316762738000,0.0,0.0,-0.001
1777316762758000,1777316762758000,0.0,0.0,-0.001
1777316762778000,1777316762778000,0.0,0.0,-0.001
1777316762798000,1777316762798000,0.0,0.0,-0.001
1777316762818000,1777316762818000,0.0,0.0,-0.001
1777316762838000,1777316762838000,0.0,0.0,-0.001
1777316762858000,1777316762858000,0.0,0.0,-0.001
1777316762878000,1777316762878000,0.0,0.0,-0.001
1777316762898000,1777316762898000,0.0,0.0,-0.001
1777316762918000,1777316762918000,0.0,0.0,-0.001
1777316762938000,1777316762938000,0.0,0.0,-0.001
1777316762958000,1777316762958000,0.0,0.0,-0.001
1777316762978000,1777316762978000,0.0,0.0,-0.001
1777316762998000,1777316762998000,0.0,0.0,-0.001
1777316763018000,1777316763018000,0.0,0.0,-0.001
1777316763034000,1777316763034000,0.0,0.0,-0.001
1777316763058000,1777316763058000,0.0,0.0,-0.001
1777316763078000,1777316763078000,0.0,0.0,-0.001
1777316763098000,1777316763098000,0.0,0.0,-0.001
1777316763118000,1777316763118000,0.0,0.0,-0.001
1777316763138000,1777316763138000,0.0,0.0,-0.001
1777316763158000,1777316763158000,0.0,0.0,-0.001
1777316763178000,1777316763178000,0.0,0.0,-0.001
1777316763198000,1777316763198000,0.0,0.0,-0.001
1777316763218000,1777316763218000,0.0,0.0,-0.001
1777316763238000,1777316763238000,0.0,0.0,-0.001
1777316763258000,1777316763258000,0.0,0.0,-0.001
1777316763278000,1777316763278000,0.0,0.0,-0.001
1777316763298000,1777316763298000,0.0,0.0,-0.001
1777316763318000,1777316763318000,0.0,0.0,-0.001
1777316763338000,1777316763338000,0.0,0.0,-0.001
1777316763358000,1777316763358000,0.0,0.0,-0.001
1777316763378000,1777316763378000,0.0,0.0,-0.001
1777316763398000,1777316763398000,0.0,0.0,-0.001
1777316763418000,1777316763418000,0.0,0.0,-0.001
1777316763438000,1777316763438000,0.0,0.0,-0.001
1777316763458000,1777316763458000,0.0,0.0,-0.001
1777316763478000,1777316763478000,0.0,0.0,-0.001
1777316763498000,1777316763498000,0.0,0.0,-0.001
1777316763518000,1777316763518000,0.0,0.0,-0.001
1777316763538000,1777316763538000,0.0,0.0,-0.001
1777316763558000,1777316763558000,0.0,0.0,-0.001
1777316763578000,1777316763578000,0.0,0.0,-0.001
1777316763598000,1777316763598000,0.0,0.0,-0.001
1777316763618000,1777316763618000,0.0,0.0,-0.001
1777316763638000,1777316763638000,0.0,0.0,-0.001
1777316763658000,1777316763658000,0.0,0.0,-0.001
1777316763678000,1777316763678000,0.0,0.0,-0.001
1777316763694000,1777316763694000,0.0,0.0,-0.001
1777316763718000,1777316763718000,0.0,0.0,-0.001
1777316763738000,1777316763738000,0.0,0.0,-0.001
1777316763758000,1777316763758000,0.0,0.0,-0.001
1777316763778000,1777316763778000,0.0,0.0,-0.001
1777316763798000,1777316763798000,0.0,0.0,-0.001
1777316763814000,1777316763814000,0.0,0.0,-0.001
1777316763838000,1777316763838000,0.0,0.0,-0.001
1777316763858000,1777316763858000,0.0,0.0,-0.001
1777316763874000,1777316763874000,0.0,0.0,-0.001
1777316763898000,1777316763898000,0.0,0.0,-0.001
1777316763918000,1777316763918000,0.0,0.0,-0.001
1777316763938000,1777316763938000,0.0,0.0,-0.001
1777316763958000,1777316763958000,0.0,0.0,-0.001
1777316763978000,1777316763978000,0.0,0.0,-0.001
1777316763998000,1777316763998000,0.0,0.0,-0.001
1777316764018000,1777316764018000,0.0,0.0,-0.001
1777316764038000,1777316764038000,0.0,0.0,-0.001
1777316764058000,1777316764058000,0.0,0.0,-0.001
1777316764078000,1777316764078000,0.0,0.0,-0.001
1777316764098000,1777316764098000,0.0,0.0,-0.001
1777316764118000,1777316764118000,0.0,0.0,-0.001
1777316764138000,1777316764138000,0.0,0.0,-0.001
1777316764154000,1777316764154000,0.0,0.0,-0.001
1777316764178000,1777316764178000,0.0,0.0,-0.001
1777316764198000,1777316764198000,0.0,0.0,-0.001
1777316764218000,1777316764218000,0.0,0.0,-0.001
1777316764238000,1777316764238000,0.0,0.0,-0.001
1777316764254000,1777316764254000,0.0,0.0,-0.001
1777316764278000,1777316764278000,0.0,0.0,-0.001
1777316764298000,1777316764298000,0.0,0.0,-0.001
1777316764318000,1777316764318000,0.0,0.0,-0.001
1777316764338000,1777316764338000,0.0,0.0,-0.001
1777316764358000,1777316764358000,0.0,0.0,-0.001
1777316764378000,1777316764378000,0.0,0.0,-0.001
1777316764398000,1777316764398000,0.0,0.0,-0.001
1777316764418000,1777316764418000,0.0,0.0,-0.001
1777316764438000,1777316764438000,0.0,0.0,-0.001
1777316764458000,1777316764458000,0.0,0.0,-0.001
1777316764478000,1777316764478000,0.0,0.0,-0.001
1777316764498000,1777316764498000,0.0,0.0,-0.001
1777316764518000,1777316764518000,0.0,0.0,-0.001
1777316764538000,1777316764538000,0.0,0.0,-0.001
1777316764558000,1777316764558000,0.0,0.0,-0.001
1777316764578000,1777316764578000,0.0,0.0,-0.001
1777316764598000,1777316764598000,0.0,0.0,-0.001
1777316764618000,1777316764618000,0.0,0.0,-0.001
1777316764634000,1777316764634000,0.0,0.0,-0.001
1777316764658000,1777316764658000,0.0,0.0,-0.001
1777316764678000,1777316764678000,0.0,0.0,-0.001
1777316764698000,1777316764698000,0.0,0.0,-0.001
1777316764718000,1777316764718000,0.0,0.0,-0.001
1777316764738000,1777316764738000,0.0,0.0,-0.001
1777316764758000,1777316764758000,0.0,0.0,-0.001
1777316764778000,1777316764778000,0.0,0.0,-0.001
1777316764798000,1777316764798000,0.0,0.0,-0.001
1777316764818000,1777316764818000,0.0,0.0,-0.001
1777316764838000,1777316764838000,0.0,0.0,-0.001
1777316764858000,1777316764858000,0.0,0.0,-0.001
1777316764874000,1777316764874000,0.0,0.0,-0.001
1777316764894000,1777316764894000,0.0,0.0,-0.001
1777316764918000,1777316764918000,0.0,0.0,-0.001
1777316764938000,1777316764938000,0.0,0.0,-0.001
1777316764958000,1777316764958000,0.0,0.0,-0.001
1777316764978000,1777316764978000,0.0,0.0,-0.001
1777316764998000,1777316764998000,0.0,0.0,-0.001
1777316765014000,1777316765014000,0.0,0.0,-0.001
1777316765038000,1777316765038000,0.0,0.0,-0.001
1777316765058000,1777316765058000,0.0,0.0,-0.001
1777316765078000,1777316765078000,0.0,0.0,-0.001
1777316765094000,1777316765094000,0.0,0.0,-0.001
1777316765118000,1777316765118000,0.0,0.0,-0.001
1777316765138000,1777316765138000,0.0,0.0,-0.001
1777316765158000,1777316765158000,0.0,0.0,-0.001
1777316765178000,1777316765178000,0.0,0.0,-0.001
1777316765198000,1777316765198000,0.0,0.0,-0.001
1777316765218000,1777316765218000,0.0,0.0,-0.001
1777316765238000,1777316765238000,0.0,0.0,-0.001
1777316765258000,1777316765258000,0.0,0.0,-0.001
1777316765278000,1777316765278000,0.0,0.0,-0.001
1777316765298000,1777316765298000,0.0,0.0,-0.001
1777316765318000,1777316765318000,0.0,0.0,-0.001
1777316765338000,1777316765338000,0.0,0.0,-0.001
1777316765358000,1777316765358000,0.0,0.0,-0.001
1777316765378000,1777316765378000,0.0,0.0,-0.001
1777316765398000,1777316765398000,0.0,0.0,-0.001
1777316765418000,1777316765418000,0.0,0.0,-0.001
1777316765438000,1777316765438000,0.0,0.0,-0.001
1777316765458000,1777316765458000,0.0,0.0,-0.001
1777316765478000,1777316765478000,0.0,0.0,-0.001
1777316765498000,1777316765498000,0.0,0.0,-0.001
1777316765514000,1777316765514000,0.0,0.0,-0.001
1777316765538000,1777316765538000,0.0,0.0,-0.001
1777316765558000,1777316765558000,0.0,0.0,-0.001
1777316765578000,1777316765578000,0.0,0.0,-0.001
1777316765598000,1777316765598000,0.0,0.0,-0.001
1777316765618000,1777316765618000,0.0,0.0,-0.001
1777316765638000,1777316765638000,0.0,0.0,-0.001
1777316765658000,1777316765658000,0.0,0.0,-0.001
1777316765678000,1777316765678000,0.0,0.0,-0.001
1777316765694000,1777316765694000,0.0,0.0,-0.001
1777316765718000,1777316765718000,0.0,0.0,-0.001
1777316765738000,1777316765738000,0.0,0.0,-0.001
1777316765758000,1777316765758000,0.0,0.0,-0.001
1777316765778000,1777316765778000,0.0,0.0,-0.001
1777316765798000,1777316765798000,0.0,0.0,-0.001
1777316765818000,1777316765818000,0.0,0.0,-0.001
1777316765838000,1777316765838000,0.0,0.0,-0.001
1777316765858000,1777316765858000,0.0,0.0,-0.001
1777316765878000,1777316765878000,0.0,0.0,-0.001
1777316765898000,1777316765898000,0.0,0.0,-0.001
1777316765918000,1777316765918000,0.0,0.0,-0.001
1777316765938000,1777316765938000,0.0,0.0,-0.001
1777316765958000,1777316765958000,0.0,0.0,-0.001
1777316765978000,1777316765978000,0.0,0.0,-0.001
1777316765998000,1777316765998000,0.0,0.0,-0.001
1777316766018000,1777316766018000,0.0,0.0,-0.001
1777316766038000,1777316766038000,0.0,0.0,-0.001
1777316766058000,1777316766058000,0.0,0.0,-0.001
1777316766074000,1777316766074000,0.0,0.0,-0.001
1777316766098000,1777316766098000,0.0,0.0,-0.001
1777316766118000,1777316766118000,0.0,0.0,-0.001
1777316766138000,1777316766138000,0.0,0.0,-0.001
1777316766158000,1777316766158000,0.0,0.0,-0.001
1777316766178000,1777316766178000,0.0,0.0,-0.001
1777316766198000,1777316766198000,0.0,0.0,-0.001
1777316766218000,1777316766218000,0.0,0.0,-0.001
1777316766238000,1777316766238000,0.0,0.0,-0.001
1777316766258000,1777316766258000,0.0,0.0,-0.001
1777316766278000,1777316766278000,0.0,0.0,-0.001
1777316766294000,1777316766294000,0.0,0.0,-0.001
1777316766318000,1777316766318000,0.0,0.0,-0.001
1777316766338000,1777316766338000,0.0,0.0,-0.001
1777316766358000,1777316766358000,0.0,0.0,-0.001
1777316766374000,1777316766374000,0.0,0.0,-0.001
1777316766398000,1777316766398000,0.0,0.0,-0.001
1777316766418000,1777316766418000,0.0,0.0,-0.001
1777316766438000,1777316766438000,0.0,0.0,-0.001
1777316766458000,1777316766458000,0.0,0.0,-0.001
1777316766478000,1777316766478000,0.0,0.0,-0.001
1777316766498000,1777316766498000,0.0,0.0,-0.001
1777316766518000,1777316766518000,0.0,0.0,-0.001
1777316766538000,1777316766538000,0.0,0.0,-0.001
1777316766558000,1777316766558000,0.0,0.0,-0.001
1777316766578000,1777316766578000,0.0,0.0,-0.001
1777316766594000,1777316766594000,0.0,0.0,-0.001
1777316766614000,1777316766614000,0.0,0.0,-0.001
1777316766638000,1777316766638000,0.0,0.0,-0.001
1777316766658000,1777316766658000,0.0,0.0,-0.001
1777316766678000,1777316766678000,0.0,0.0,-0.001
1777316766694000,1777316766694000,0.0,0.0,-0.001
1777316766718000,1777316766718000,0.0,0.0,-0.001
1777316766738000,1777316766738000,0.0,0.0,-0.001
1777316766754000,1777316766754000,0.0,0.0,-0.001
1777316766774000,1777316766774000,0.0,0.0,-0.001
1777316766794000,1777316766794000,0.0,0.0,-0.001
1777316766818000,1777316766818000,0.0,0.0,-0.001
1777316766838000,1777316766838000,0.0,0.0,-0.001
1777316766858000,1777316766858000,0.0,0.0,-0.001
1777316766878000,1777316766878000,0.0,0.0,-0.001
1777316766898000,1777316766898000,0.0,0.0,-0.001
1777316766918000,1777316766918000,0.0,0.0,-0.001
1777316766938000,1777316766938000,0.0,0.0,-0.001
1777316766958000,1777316766958000,0.0,0.0,-0.001
1777316766978000,1777316766978000,0.0,0.0,-0.001
1777316766994000,1777316766994000,0.0,0.0,-0.001
1777316767018000,1777316767018000,0.0,0.0,-0.001
1777316767038000,1777316767038000,0.0,0.0,-0.001
1777316767058000,1777316767058000,0.0,0.0,-0.001
1777316767078000,1777316767078000,0.0,0.0,-0.001
1777316767098000,1777316767098000,0.0,0.0,-0.001
1777316767118000,1777316767118000,0.0,0.0,-0.001
1777316767138000,1777316767138000,0.0,0.0,-0.001
1777316767158000,1777316767158000,0.0,0.0,-0.001
1777316767178000,1777316767178000,0.0,0.0,-0.001
1777316767198000,1777316767198000,0.0,0.0,-0.001
1777316767218000,1777316767218000,0.0,0.0,-0.001
1777316767238000,1777316767238000,0.0,0.0,-0.001
1777316767258000,1777316767258000,0.0,0.0,-0.001
1777316767274000,1777316767274000,0.0,0.0,-0.001
1777316767298000,1777316767298000,0.0,0.0,-0.001
1777316767318000,1777316767318000,0.0,0.0,-0.001
1777316767338000,1777316767338000,0.0,0.0,-0.001
1777316767358000,1777316767358000,0.0,0.0,-0.001
1777316767378000,1777316767378000,0.0,0.0,-0.001
1777316767398000,1777316767398000,0.0,0.0,-0.001
1777316767418000,1777316767418000,0.0,0.0,-0.001
1777316767438000,1777316767438000,0.0,0.0,-0.001
1777316767458000,1777316767458000,0.0,0.0,-0.001
1777316767478000,1777316767478000,0.0,0.0,-0.001
1777316767498000,1777316767498000,0.0,0.0,-0.001
1777316767518000,1777316767518000,0.0,0.0,-0.001
1777316767538000,1777316767538000,0.0,0.0,-0.001
1777316767558000,1777316767558000,0.0,0.0,-0.001
1777316767578000,1777316767578000,0.0,0.0,-0.001
1777316767598000,1777316767598000,0.0,0.0,-0.001
1777316767618000,1777316767618000,0.0,0.0,-0.001
1777316767638000,1777316767638000,0.0,0.0,-0.001
1777316767654000,1777316767654000,0.0,0.0,-0.001
1777316767678000,1777316767678000,0.0,0.0,-0.001
1777316767698000,1777316767698000,0.0,0.0,-0.001
1777316767718000,1777316767718000,0.0,0.0,-0.001
1777316767738000,1777316767738000,0.0,0.0,-0.001
1777316767758000,1777316767758000,0.0,0.0,-0.001
1777316767778000,1777316767778000,0.0,0.0,-0.001
1777316767798000,1777316767798000,0.0,0.0,-0.001
1777316767818000,1777316767818000,0.0,0.0,-0.001
1777316767838000,1777316767838000,0.0,0.0,-0.001
1777316767858000,1777316767858000,0.0,0.0,-0.001
1777316767878000,1777316767878000,0.0,0.0,-0.001
1777316767898000,1777316767898000,0.0,0.0,-0.001
1777316767918000,1777316767918000,0.0,0.0,-0.001
1777316767938000,1777316767938000,0.0,0.0,-0.001
1777316767954000,1777316767954000,0.0,0.0,-0.001
1777316767978000,1777316767978000,0.0,0.0,-0.001
1777316767998000,1777316767998000,0.0,0.0,-0.001
1777316768018000,1777316768018000,0.0,0.0,-0.001
1777316768038000,1777316768038000,0.0,0.0,-0.001
1777316768058000,1777316768058000,0.0,0.0,-0.001
1777316768078000,1777316768078000,0.0,0.0,-0.001
1777316768098000,1777316768098000,0.0,0.0,-0.001
1777316768118000,1777316768118000,0.0,0.0,-0.001
1777316768134000,1777316768134000,0.0,0.0,-0.001
1777316768158000,1777316768158000,0.0,0.0,-0.001
1777316768178000,1777316768178000,0.0,0.0,-0.001
1777316768198000,1777316768198000,0.0,0.0,-0.001
1777316768218000,1777316768218000,0.0,0.0,-0.001
1777316768238000,1777316768238000,0.0,0.0,-0.001
1777316768258000,1777316768258000,0.0,0.0,-0.001
1777316768278000,1777316768278000,0.0,0.0,-0.001
1777316768298000,1777316768298000,0.0,0.0,-0.001
1777316768318000,1777316768318000,0.0,0.0,-0.001
1777316768338000,1777316768338000,0.0,0.0,-0.001
1777316768358000,1777316768358000,0.0,0.0,-0.001
1777316768378000,1777316768378000,0.0,0.0,-0.001
1777316768398000,1777316768398000,0.0,0.0,-0.001
1777316768418000,1777316768418000,0.0,0.0,-0.001
1777316768438000,1777316768438000,0.0,0.0,-0.001
1777316768458000,1777316768458000,0.0,0.0,-0.001
1777316768478000,1777316768478000,0.0,0.0,-0.001
1777316768498000,1777316768498000,0.0,0.0,-0.001
1777316768518000,1777316768518000,0.0,0.0,-0.001
1777316768538000,1777316768538000,0.0,0.0,-0.001
1777316768558000,1777316768558000,0.0,0.0,-0.001
1777316768578000,1777316768578000,0.0,0.0,-0.001
1777316768598000,1777316768598000,0.0,0.0,-0.001
1777316768618000,1777316768618000,0.0,0.0,-0.001
1777316768638000,1777316768638000,0.0,0.0,-0.001
1777316768658000,1777316768658000,0.0,0.0,-0.001
1777316768678000,1777316768678000,0.0,0.0,-0.001
1777316768698000,1777316768698000,0.0,0.0,-0.001
1777316768718000,1777316768718000,0.0,0.0,-0.001
1777316768738000,1777316768738000,0.0,0.0,-0.001
1777316768758000,1777316768758000,0.0,0.0,-0.001
1777316768774000,1777316768774000,0.0,0.0,-0.001
1777316768798000,1777316768798000,0.0,0.0,-0.001
1777316768818000,1777316768818000,0.0,0.0,-0.001
1777316768838000,1777316768838000,0.0,0.0,-0.001
1777316768858000,1777316768858000,0.0,0.0,-0.001
1777316768878000,1777316768878000,0.0,0.0,-0.001
1777316768898000,1777316768898000,0.0,0.0,-0.001
1777316768918000,1777316768918000,0.0,0.0,-0.001
1777316768938000,1777316768938000,0.0,0.0,-0.001
1777316768958000,1777316768958000,0.0,0.0,-0.001
1777316768978000,1777316768978000,0.0,0.0,-0.001
1777316768998000,1777316768998000,0.0,0.0,-0.001
1777316769014000,1777316769014000,0.0,0.0,-0.001
1777316769038000,1777316769038000,0.0,0.0,-0.001
1777316769054000,1777316769054000,0.0,0.0,-0.001
1777316769078000,1777316769078000,0.0,0.0,-0.001
1777316769098000,1777316769098000,0.0,0.0,-0.001
1777316769118000,1777316769118000,0.0,0.0,-0.001
1777316769138000,1777316769138000,0.0,0.0,-0.001
1777316769154000,1777316769154000,0.0,0.0,-0.001
1777316769178000,1777316769178000,0.0,0.0,-0.001
1777316769198000,1777316769198000,0.0,0.0,-0.001
1777316769218000,1777316769218000,0.0,0.0,-0.001
1777316769234000,1777316769234000,0.0,0.0,-0.001
1777316769258000,1777316769258000,0.0,0.0,-0.001
1777316769278000,1777316769278000,0.0,0.0,-0.001
1777316769298000,1777316769298000,0.0,0.0,-0.001
1777316769318000,1777316769318000,0.0,0.0,-0.001
1777316769338000,1777316769338000,0.0,0.0,-0.001
1777316769358000,1777316769358000,0.0,0.0,-0.001
1777316769378000,1777316769378000,0.0,0.0,-0.001
1777316769398000,1777316769398000,0.0,0.0,-0.001
1777316769418000,1777316769418000,0.0,0.0,-0.001
1777316769438000,1777316769438000,0.0,0.0,-0.001
1777316769454000,1777316769454000,0.0,0.0,-0.001
1777316769478000,1777316769478000,0.0,0.0,-0.001
1777316769498000,1777316769498000,0.0,0.0,-0.001
1777316769518000,1777316769518000,0.0,0.0,-0.001
1777316769538000,1777316769538000,0.0,0.0,-0.001
1777316769558000,1777316769558000,0.0,0.0,-0.001
1777316769578000,1777316769578000,0.0,0.0,-0.001
1777316769598000,1777316769598000,0.0,0.0,-0.001
1777316769618000,1777316769618000,0.0,0.0,-0.001
1777316769638000,1777316769638000,0.0,0.0,-0.001
1777316769658000,1777316769658000,0.0,0.0,-0.001
1777316769678000,1777316769678000,0.0,0.0,-0.001
1777316769698000,1777316769698000,0.0,0.0,-0.001
1777316769718000,1777316769718000,0.0,0.0,-0.001
1777316769738000,1777316769738000,0.0,0.0,-0.001
1777316769758000,1777316769758000,0.0,0.0,-0.001
1777316769778000,1777316769778000,0.0,0.0,-0.001
1777316769798000,1777316769798000,0.0,0.0,-0.001
1777316769818000,1777316769818000,0.0,0.0,-0.001
1777316769838000,1777316769838000,0.0,0.0,-0.001
1777316769858000,1777316769858000,0.0,0.0,-0.001
1777316769878000,1777316769878000,0.0,0.0,-0.001
1777316769898000,1777316769898000,0.0,0.0,-0.001
1777316769918000,1777316769918000,0.0,0.0,-0.001
1777316769934000,1777316769934000,0.0,0.0,-0.001
1777316769958000,1777316769958000,0.0,0.0,-0.001
1777316769978000,1777316769978000,0.0,0.0,-0.001
1777316769998000,1777316769998000,0.0,0.0,-0.001
1777316770018000,1777316770018000,0.0,0.0,-0.001
1777316770038000,1777316770038000,0.0,0.0,-0.001
1777316770058000,1777316770058000,0.0,0.0,-0.001
1777316770078000,1777316770078000,0.0,0.0,-0.001
1777316770098000,1777316770098000,0.0,0.0,-0.001
1777316770118000,1777316770118000,0.0,0.0,-0.001
1777316770138000,1777316770138000,0.0,0.0,-0.001
1777316770158000,1777316770158000,0.0,0.0,-0.001
1777316770178000,1777316770178000,0.0,0.0,-0.001
1777316770194000,1777316770194000,0.0,0.0,-0.001
1777316770218000,1777316770218000,0.0,0.0,-0.001
1777316770238000,1777316770238000,0.0,0.0,-0.001
1777316770258000,1777316770258000,0.0,0.0,-0.001
1777316770278000,1777316770278000,0.0,0.0,-0.001
1777316770298000,1777316770298000,0.0,0.0,-0.001
1777316770318000,1777316770318000,0.0,0.0,-0.001
1777316770338000,1777316770338000,0.0,0.0,-0.001
1777316770358000,1777316770358000,0.0,0.0,-0.001
1777316770378000,1777316770378000,0.0,0.0,-0.001
1777316770398000,1777316770398000,0.0,0.0,-0.001
1777316770418000,1777316770418000,0.0,0.0,-0.001
1777316770434000,1777316770434000,0.0,0.0,-0.001
1777316770458000,1777316770458000,0.0,0.0,-0.001
1777316770478000,1777316770478000,0.0,0.0,-0.001
1777316770498000,1777316770498000,0.0,0.0,-0.001
1777316770518000,1777316770518000,0.0,0.0,-0.001
1777316770534000,1777316770534000,0.0,0.0,-0.001
1777316770558000,1777316770558000,0.0,0.0,-0.001
1777316770578000,1777316770578000,0.0,0.0,-0.001
1777316770598000,1777316770598000,0.0,0.0,-0.001
1777316770618000,1777316770618000,0.0,0.0,-0.001
1777316770638000,1777316770638000,0.0,0.0,-0.001
1777316770658000,1777316770658000,0.0,0.0,-0.001
1777316770678000,1777316770678000,0.0,0.0,-0.001
1777316770698000,1777316770698000,0.0,0.0,-0.001
1777316770718000,1777316770718000,0.0,0.0,-0.001
1777316770738000,1777316770738000,0.0,0.0,-0.001
1777316770758000,1777316770758000,0.0,0.0,-0.001
1777316770778000,1777316770778000,0.0,0.0,-0.001
1777316770798000,1777316770798000,0.0,0.0,-0.001
1777316770814000,1777316770814000,0.0,0.0,-0.001
1777316770838000,1777316770838000,0.0,0.0,-0.001
1777316770858000,1777316770858000,0.0,0.0,-0.001
1777316770878000,1777316770878000,0.0,0.0,-0.001
1777316770898000,1777316770898000,0.0,0.0,-0.001
1777316770918000,1777316770918000,0.0,0.0,-0.001
1777316770938000,1777316770938000,0.0,0.0,-0.001
1777316770958000,1777316770958000,0.0,0.0,-0.001
1777316770978000,1777316770978000,0.0,0.0,-0.001
1777316770998000,1777316770998000,0.0,0.0,-0.001
1777316771018000,1777316771018000,0.0,0.0,-0.001
1777316771038000,1777316771038000,0.0,0.0,-0.001
1777316771058000,1777316771058000,0.0,0.0,-0.001
1777316771078000,1777316771078000,0.0,0.0,-0.001
1777316771098000,1777316771098000,0.0,0.0,-0.001
1777316771118000,1777316771118000,0.0,0.0,-0.001
1777316771138000,1777316771138000,0.0,0.0,-0.001
1777316771158000,1777316771158000,0.0,0.0,-0.001
1777316771178000,1777316771178000,0.0,0.0,-0.001
1777316771198000,1777316771198000,0.0,0.0,-0.001
1777316771214000,1777316771214000,0.0,0.0,-0.001
1777316771238000,1777316771238000,0.0,0.0,-0.001
1777316771258000,1777316771258000,0.0,0.0,-0.001
1777316771278000,1777316771278000,0.0,0.0,-0.001
1777316771298000,1777316771298000,0.0,0.0,-0.001
1777316771318000,1777316771318000,0.0,0.0,-0.001
1777316771338000,1777316771338000,0.0,0.0,-0.001
1777316771358000,1777316771358000,0.0,0.0,-0.001
1777316771378000,1777316771378000,0.0,0.0,-0.001
1777316771394000,1777316771394000,0.0,0.0,-0.001
1777316771418000,1777316771418000,0.0,0.0,-0.001
1777316771438000,1777316771438000,0.0,0.0,-0.001
1777316771454000,1777316771454000,0.0,0.0,-0.001
1777316771478000,1777316771478000,0.0,0.0,-0.001
1777316771498000,1777316771498000,0.0,0.0,-0.001
1777316771518000,1777316771518000,0.0,0.0,-0.001
1777316771538000,1777316771538000,0.0,0.0,-0.001
1777316771558000,1777316771558000,0.0,0.0,-0.001
1777316771578000,1777316771578000,0.0,0.0,-0.001
1777316771598000,1777316771598000,0.0,0.0,-0.001
1777316771618000,1777316771618000,0.0,0.0,-0.001
1777316771638000,1777316771638000,0.0,0.0,-0.001
1777316771658000,1777316771658000,0.0,0.0,-0.001
1777316771678000,1777316771678000,0.0,0.0,-0.001
1777316771698000,1777316771698000,0.0,0.0,-0.001
1777316771714000,1777316771714000,0.0,0.0,-0.001
1777316771738000,1777316771738000,0.0,0.0,-0.001
1777316771754000,1777316771754000,0.0,0.0,-0.001
1777316771778000,1777316771778000,0.0,0.0,-0.001
1777316771798000,1777316771798000,0.0,0.0,-0.001
1777316771818000,1777316771818000,0.0,0.0,-0.001
1777316771838000,1777316771838000,0.0,0.0,-0.001
1777316771858000,1777316771858000,0.0,0.0,-0.001
1777316771878000,1777316771878000,0.0,0.0,-0.0061214105
1777316771898000,1777316771898000,0.0,0.0,-0.008079183
1777316771918000,1777316771918000,0.0,0.0,-0.011112353
1777316771938000,1777316771938000,0.0,0.0,-0.013227496
1777316771958000,1777316771958000,0.0,0.0,-0.016411543
1777316771978000,1777316771978000,0.0,0.0,-0.01867412
1777316771998000,1777316771998000,0.0,0.0,-0.022044096
1777316772018000,1777316772018000,0.0,0.0,-0.024308762
1777316772034000,1777316772034000,0.0,0.0,-0.026732298
1777316772058000,1777316772058000,0.0,0.0,-0.03040939
1777316772078000,1777316772078000,0.0,0.0,-0.034168307
1777316772098000,1777316772098000,0.0,0.0,-0.036799878
1777316772118000,1777316772118000,0.0,0.0,-0.040720217
1777316772138000,1777316772138000,0.0,0.0,-0.044730205
1777316772158000,1777316772158000,0.0,0.0,-0.04746055
1777316772178000,1777316772178000,0.0,0.0,-0.05028027
1777316772198000,1777316772198000,0.0,0.0,-0.054523855
1777316772218000,1777316772218000,0.0,0.0,-0.057364345
1777316772238000,1777316772238000,0.0,0.0,-0.06177224
1777316772258000,1777316772258000,0.0,0.0,-0.066321455
1777316772278000,1777316772278000,0.0,0.0,-0.06946886
1777316772298000,1777316772298000,0.0,0.0,-0.07274511
1777316772318000,1777316772318000,0.0,0.0,-0.0774817
1777316772334000,1777316772334000,0.0,0.0,-0.080773905
1777316772358000,1777316772358000,0.0,0.0,-0.085760176
1777316772378000,1777316772378000,0.0,0.0,-0.08915713
1777316772398000,1777316772398000,0.0,0.0,-0.09436404
1777316772418000,1777316772418000,0.0,0.0,-0.09781375
1777316772438000,1777316772438000,0.0,0.0,-0.10324624
1777316772458000,1777316772458000,0.0,0.0,-0.10689151
1777316772478000,1777316772478000,0.0,0.0,-0.11254646
1777316772498000,1777316772498000,0.0,0.0,-0.11633961
1777316772514000,1777316772514000,0.0,0.0,-0.12008631
1777316772534000,1777316772534000,0.0,0.0,-0.12604147
1777316772554000,1777316772554000,0.0,0.0,-0.13002773
1777316772578000,1777316772578000,0.0,0.0,-0.13612188
1777316772598000,1777316772598000,0.0,0.0,-0.14205955
1777316772614000,1777316772614000,0.0,0.0,-0.14615254
1777316772638000,1777316772638000,0.0,0.0,-0.15255997
1777316772658000,1777316772658000,0.0,0.0,-0.15687115
1777316772678000,1777316772678000,0.0,0.0,-0.16330999
1777316772698000,1777316772698000,0.0,0.0,-0.16765107
1777316772718000,1777316772718000,0.0,0.0,-0.17430566
1777316772738000,1777316772738000,0.0,0.0,-0.17869206
1777316772758000,1777316772758000,0.0,0.0,-0.1853469
1777316772778000,1777316772778000,0.0,0.0,-0.1921975
1777316772798000,1777316772798000,0.0,0.0,-0.1968906
1777316772818000,1777316772818000,0.0,0.0,-0.20150061
1777316772838000,1777316772838000,0.0,0.0,-0.20853215
1777316772858000,1777316772858000,0.0,0.0,-0.21335174
1777316772878000,1777316772878000,0.0,0.0,-0.2207492
1777316772898000,1777316772898000,0.0,0.0,-0.22553918
1777316772918000,1777316772918000,0.0,0.0,-0.23302357
1777316772938000,1777316772938000,0.0,0.0,-0.23810816
1777316772958000,1777316772958000,0.0,0.0,-0.24586679
1777316772978000,1777316772978000,0.0,0.0,-0.25102577
1777316772998000,1777316772998000,0.0,0.0,-0.25882193
1777316773018000,1777316773018000,0.0,0.0,-0.26409808
1777316773038000,1777316773038000,0.0,0.0,-0.27205423
1777316773054000,1777316773054000,0.0,0.0,-0.2775093
1777316773078000,1777316773078000,0.0,0.0,-0.28583702
1777316773098000,1777316773098000,0.0,0.0,-0.29151157
1777316773118000,1777316773118000,0.0,0.0,-0.29999632
1777316773138000,1777316773138000,0.0,0.0,-0.30555093
1777316773158000,1777316773158000,0.0,0.0,-0.31423277
1777316773178000,1777316773178000,0.0,0.0,-0.3188977
1777316773198000,1777316773198000,0.0,0.0,-0.32116234
1777316773218000,1777316773218000,0.0,0.0,-0.3227871
1777316773238000,1777316773238000,0.0,0.0,-0.32497525
1777316773258000,1777316773258000,0.0,0.0,-0.32653326
1777316773278000,1777316773278000,0.0,0.0,-0.3287994
1777316773298000,1777316773298000,0.0,0.0,-0.3304709
1777316773318000,1777316773318000,0.0,0.0,-0.33295915
1777316773338000,1777316773338000,0.0,0.0,-0.3344753
1777316773358000,1777316773358000,0.0,0.0,-0.33695856
1777316773378000,1777316773378000,0.0,0.0,-0.3385307
1777316773398000,1777316773398000,0.0,0.0,-0.3411951
1777316773414000,1777316773414000,0.0,0.0,-0.34285155
1777316773438000,1777316773438000,0.0,0.0,-0.3455071
1777316773458000,1777316773458000,0.0,0.0,-0.34710476
1777316773478000,1777316773478000,0.0,0.0,-0.34984025
1777316773494000,1777316773494000,0.0,0.0,-0.35155818
1777316773518000,1777316773518000,0.0,0.0,-0.35443127
1777316773534000,1777316773534000,0.0,0.0,-0.35609838
1777316773558000,1777316773558000,0.0,0.0,-0.35897315
1777316773578000,1777316773578000,0.0,0.0,-0.36078286
1777316773598000,1777316773598000,0.0,0.0,-0.36379185
1777316773618000,1777316773618000,0.0,0.0,-0.3655921
1777316773638000,1777316773638000,0.0,0.0,-0.3687871
1777316773658000,1777316773658000,0.0,0.0,-0.37050632
1777316773678000,1777316773678000,0.0,0.0,-0.3736029
1777316773698000,1777316773698000,0.0,0.0,-0.3752506
1777316773718000,1777316773718000,0.0,0.0,-0.37844115
1777316773738000,1777316773738000,0.0,0.0,-0.38020962
1777316773758000,1777316773758000,0.0,0.0,-0.38348463
1777316773778000,1777316773778000,0.0,0.0,-0.38506904
1777316773794000,1777316773794000,0.0,0.0,-0.3854396
1777316773818000,1777316773818000,0.0,0.0,-0.39017475
1777316773838000,1777316773838000,0.0,0.0,-0.39372876
1777316773858000,1777316773858000,0.0,0.0,-0.39538828
1777316773878000,1777316773878000,0.0,0.0,-0.3988442
1777316773898000,1777316773898000,0.0,0.0,-0.40036187
1777316773918000,1777316773918000,0.0,0.0,-0.4039669
1777316773938000,1777316773938000,0.0,0.0,-0.40557808
1777316773958000,1777316773958000,0.0,0.0,-0.4093392
1777316773974000,1777316773974000,0.0,0.0,-0.4109148
1777316773998000,1777316773998000,0.0,0.0,-0.4145422
1777316774018000,1777316774018000,0.0,0.0,-0.4161925
1777316774038000,1777316774038000,0.0,0.0,-0.42001837
1777316774058000,1777316774058000,0.0,0.0,-0.42168203
1777316774078000,1777316774078000,0.0,0.0,-0.42559138
1777316774098000,1777316774098000,0.0,0.0,-0.4272459
1777316774118000,1777316774118000,0.0,0.0,-0.4314481
1777316774138000,1777316774138000,0.0,0.0,-0.43312433
1777316774158000,1777316774158000,0.0,0.0,-0.43730554
1777316774174000,1777316774174000,0.0,0.0,-0.43897113
1777316774198000,1777316774198000,0.0,0.0,-0.443151
1777316774218000,1777316774218000,0.0,0.0,-0.44479105
1777316774238000,1777316774238000,0.0,0.0,-0.44905955
1777316774258000,1777316774258000,0.0,0.0,-0.45080134
1777316774278000,1777316774278000,0.0,0.0,-0.45512182
1777316774298000,1777316774298000,0.0,0.0,-0.45672485
1777316774318000,1777316774318000,0.0,0.0,-0.4609551
1777316774338000,1777316774338000,0.0,0.0,-0.46246508
1777316774358000,1777316774358000,0.0,0.0,-0.4669256
1777316774378000,1777316774378000,0.0,0.0,-0.46864158
1777316774398000,1777316774398000,0.0,0.0,-0.47332886
1777316774418000,1777316774418000,0.0,0.0,-0.4750664
1777316774438000,1777316774438000,0.0,0.0,-0.47976983
1777316774458000,1777316774458000,0.0,0.0,-0.481409
1777316774478000,1777316774478000,0.0,0.0,-0.48615903
1777316774494000,1777316774494000,0.0,0.0,-0.4878102
1777316774518000,1777316774518000,0.0,0.0,-0.4927181
1777316774538000,1777316774538000,0.0,0.0,-0.49447942
1777316774558000,1777316774558000,0.0,0.0,-0.49925599
1777316774578000,1777316774578000,0.0,0.0,-0.50071526
1777316774598000,1777316774598000,0.0,0.0,-0.50512654
1777316774618000,1777316774618000,0.0,0.0,-0.50622076
1777316774638000,1777316774638000,0.0,0.0,-0.50998133
1777316774658000,1777316774658000,0.0,0.0,-0.5105091
1777316774678000,1777316774678000,0.0,0.0,-0.5139552
1777316774698000,1777316774698000,0.0,0.0,-0.51434237
1777316774718000,1777316774718000,0.0,0.0,-0.51743835
1777316774738000,1777316774738000,0.0,0.0,-0.51740354
1777316774758000,1777316774758000,0.0,0.0,-0.5201029
1777316774778000,1777316774778000,0.0,0.0,-0.5199877
1777316774798000,1777316774798000,0.0,0.0,-0.5226219
1777316774818000,1777316774818000,0.0,0.0,-0.52231956
1777316774838000,1777316774838000,0.0,0.0,-0.5247117
1777316774858000,1777316774858000,0.0,0.0,-0.5241642
1777316774878000,1777316774878000,0.0,0.0,-0.5518671
1777316774898000,1777316774898000,0.0,0.0,-0.5512297
1777316774918000,1777316774918000,0.0,0.0,-0.5515082
1777316774938000,1777316774938000,0.0,0.0,-0.54905194
1777316774958000,1777316774958000,0.0,0.0,-0.54845524
1777316774974000,1777316774974000,0.0,0.0,-0.54606986
1777316774998000,1777316774998000,0.0,0.0,-0.5461109
1777316775018000,1777316775018000,0.0,0.0,-0.54384923
1777316775038000,1777316775038000,0.0,0.0,-0.5440425
1777316775058000,1777316775058000,0.0,0.0,-0.5420022
1777316775078000,1777316775078000,0.0,0.0,-0.5423205
1777316775094000,1777316775094000,0.0,0.0,-0.54016924
1777316775118000,1777316775118000,0.0,0.0,-0.5406109
1777316775138000,1777316775138000,0.0,0.0,-0.5386429
1777316775158000,1777316775158000,0.0,0.0,-0.5393848
1777316775178000,1777316775178000,0.0,0.0,-0.5374992
1777316775198000,1777316775198000,0.0,0.0,-0.5382469
1777316775218000,1777316775218000,0.0,0.0,-0.53646845
1777316775238000,1777316775238000,0.0,0.0,-0.5376041
1777316775258000,1777316775258000,0.0,0.0,-0.5359271
1777316775278000,1777316775278000,0.0,0.0,-0.53692883
1777316775298000,1777316775298000,0.0,0.0,-0.5350537
1777316775318000,1777316775318000,0.0,0.0,-0.5362008
1777316775334000,1777316775334000,0.0,0.0,-0.5344124
1777316775358000,1777316775358000,0.0,0.0,-0.53575903
1777316775378000,1777316775378000,0.0,0.0,-0.5339245
1777316775398000,1777316775398000,0.0,0.0,-0.53537333
1777316775418000,1777316775418000,0.0,0.0,-0.5336665
1777316775438000,1777316775438000,0.0,0.0,-0.53506577
1777316775458000,1777316775458000,0.0,0.0,-0.5332333
1777316775478000,1777316775478000,0.0,0.0,-0.534581
1777316775494000,1777316775494000,0.0,0.0,-0.53277254
1777316775518000,1777316775518000,0.0,0.0,-0.5342656
1777316775538000,1777316775538000,0.0,0.0,-0.5323037
1777316775558000,1777316775558000,0.0,0.0,-0.53388053
1777316775578000,1777316775578000,0.0,0.0,-0.5318835
1777316775598000,1777316775598000,0.0,0.0,-0.53343064
1777316775618000,1777316775618000,0.0,0.0,-0.53152454
1777316775638000,1777316775638000,0.0,0.0,-0.5331901
1777316775658000,1777316775658000,0.0,0.0,-0.5312645
1777316775678000,1777316775678000,0.0,0.0,-0.5329889
1777316775698000,1777316775698000,0.0,0.0,-0.53104275
1777316775718000,1777316775718000,0.0,0.0,-0.53274536
1777316775738000,1777316775738000,0.0,0.0,-0.5306152
1777316775758000,1777316775758000,0.0,0.0,-0.5322947
1777316775778000,1777316775778000,0.0,0.0,-0.5302185
1777316775798000,1777316775798000,0.0,0.0,-0.5321628
1777316775818000,1777316775818000,0.0,0.0,-0.53013027
1777316775838000,1777316775838000,0.0,0.0,-0.5320356
1777316775858000,1777316775858000,0.0,0.0,-0.52992654
1777316775878000,1777316775878000,0.0,0.0,-0.53156704
1777316775898000,1777316775898000,0.0,0.0,-0.52943987
1777316775918000,1777316775918000,0.0,0.0,-0.5312381
1777316775934000,1777316775934000,0.0,0.0,-0.5291514
1777316775958000,1777316775958000,0.0,0.0,-0.53124076
1777316775974000,1777316775974000,0.0,0.0,-0.5291505
1777316775998000,1777316775998000,0.0,0.0,-0.5311321
1777316776018000,1777316776018000,0.0,0.0,-0.52901334
1777316776038000,1777316776038000,0.0,0.0,-0.5310174
1777316776058000,1777316776058000,0.0,0.0,-0.5287613
1777316776078000,1777316776078000,0.0,0.0,-0.5307387
1777316776098000,1777316776098000,0.0,0.0,-0.5285601
1777316776118000,1777316776118000,0.0,0.0,-0.53053117
1777316776138000,1777316776138000,0.0,0.0,-0.52820945
1777316776158000,1777316776158000,0.0,0.0,-0.5301178
1777316776178000,1777316776178000,0.0,0.0,-0.5277001
1777316776198000,1777316776198000,0.0,0.0,-0.52999085
1777316776218000,1777316776218000,0.0,0.0,-0.5278077
1777316776238000,1777316776238000,0.0,0.0,-0.53000367
1777316776258000,1777316776258000,0.0,0.0,-0.5276381
1777316776278000,1777316776278000,0.0,0.0,-0.5264837
1777316776298000,1777316776298000,0.0,0.0,-0.5204579
1777316776318000,1777316776318000,0.0,0.0,-0.5172367
1777316776338000,1777316776338000,0.0,0.0,-0.5111605
1777316776354000,1777316776354000,0.0,0.0,-0.50585574
1777316776378000,1777316776378000,0.0,0.0,-0.501776
1777316776398000,1777316776398000,0.0,0.0,-0.50109166
1777316776418000,1777316776418000,0.0,0.0,-0.4964828
1777316776438000,1777316776438000,0.0,0.0,-0.5010493
1777316776458000,1777316776458000,0.0,0.0,-0.498736
1777316776478000,1777316776478000,0.0,0.0,-0.5012475
1777316776498000,1777316776498000,0.0,0.0,-0.4989982
1777316776518000,1777316776518000,0.0,0.0,-0.5013586
1777316776538000,1777316776538000,0.0,0.0,-0.4990882
1777316776558000,1777316776558000,0.0,0.0,-0.50142324
1777316776578000,1777316776578000,0.0,0.0,-0.4989928
1777316776598000,1777316776598000,0.0,0.0,-0.5013358
1777316776618000,1777316776618000,0.0,0.0,-0.499004
1777316776638000,1777316776638000,0.0,0.0,-0.50145197
1777316776654000,1777316776654000,0.0,0.0,-0.49922603
1777316776678000,1777316776678000,0.0,0.0,-0.50146985
1777316776698000,1777316776698000,0.0,0.0,-0.4991598
1777316776718000,1777316776718000,0.0,0.0,-0.501486
1777316776738000,1777316776738000,0.0,0.0,-0.4990243
1777316776758000,1777316776758000,0.0,0.0,-0.5012271
1777316776774000,1777316776774000,0.0,0.0,-0.49882498
1777316776798000,1777316776798000,0.0,0.0,-0.5011303
1777316776818000,1777316776818000,0.0,0.0,-0.49876744
1777316776838000,1777316776838000,0.0,0.0,-0.50092006
1777316776858000,1777316776858000,0.0,0.0,-0.4986112
1777316776878000,1777316776878000,0.0,0.0,-0.5007595
1777316776898000,1777316776898000,0.0,0.0,-0.49828583
1777316776914000,1777316776914000,0.0,0.0,-0.49368268
1777316776938000,1777316776938000,0.0,0.0,-0.49798435
1777316776958000,1777316776958000,0.0,0.0,-0.50020987
1777316776978000,1777316776978000,0.0,0.0,-0.4977115
1777316776998000,1777316776998000,0.0,0.0,-0.50010633
1777316777018000,1777316777018000,0.0,0.0,-0.495629
1777316777034000,1777316777034000,0.0,0.0,-0.5001599
1777316777058000,1777316777058000,0.0,0.0,-0.4977479
1777316777078000,1777316777078000,0.0,0.0,-0.49985537
1777316777094000,1777316777094000,0.0,0.0,-0.4974254
1777316777118000,1777316777118000,0.0,0.0,-0.49976817
1777316777138000,1777316777138000,0.0,0.0,-0.49743733
1777316777158000,1777316777158000,0.0,0.0,-0.4997477
1777316777178000,1777316777178000,0.0,0.0,-0.4949563
1777316777198000,1777316777198000,0.0,0.0,-0.49947324
1777316777218000,1777316777218000,0.0,0.0,-0.49703708
1777316777238000,1777316777238000,0.0,0.0,-0.49928477
1777316777258000,1777316777258000,0.0,0.0,-0.49683338
1777316777278000,1777316777278000,0.0,0.0,-0.49906507
1777316777294000,1777316777294000,0.0,0.0,-0.4964925
1777316777318000,1777316777318000,0.0,0.0,-0.49858367
1777316777338000,1777316777338000,0.0,0.0,-0.49622807
1777316777358000,1777316777358000,0.0,0.0,-0.49854624
1777316777378000,1777316777378000,0.0,0.0,-0.4937863
1777316777398000,1777316777398000,0.0,0.0,-0.49848458
1777316777414000,1777316777414000,0.0,0.0,-0.49602273
1777316777438000,1777316777438000,0.0,0.0,-0.49826106
1777316777458000,1777316777458000,0.0,0.0,-0.49588394
1777316777478000,1777316777478000,0.0,0.0,-0.4980337
1777316777498000,1777316777498000,0.0,0.0,-0.49561647
1777316777518000,1777316777518000,0.0,0.0,-0.49787217
1777316777538000,1777316777538000,0.0,0.0,-0.49536708
1777316777558000,1777316777558000,0.0,0.0,-0.4977818
1777316777578000,1777316777578000,0.0,0.0,-0.49537614
1777316777598000,1777316777598000,0.0,0.0,-0.49771386
1777316777618000,1777316777618000,0.0,0.0,-0.49525854
1777316777638000,1777316777638000,0.0,0.0,-0.49751982
1777316777658000,1777316777658000,0.0,0.0,-0.49512413
1777316777678000,1777316777678000,0.0,0.0,-0.4974274
1777316777698000,1777316777698000,0.0,0.0,-0.49513856
1777316777714000,1777316777714000,0.0,0.0,-0.49042657
1777316777738000,1777316777738000,0.0,0.0,-0.4953493
1777316777758000,1777316777758000,0.0,0.0,-0.4977769
1777316777778000,1777316777778000,0.0,0.0,-0.4952554
1777316777798000,1777316777798000,0.0,0.0,-0.49735838
1777316777818000,1777316777818000,0.0,0.0,-0.49480218
1777316777838000,1777316777838000,0.0,0.0,-0.49704182
1777316777854000,1777316777854000,0.0,0.0,-0.49466914
1777316777878000,1777316777878000,0.0,0.0,-0.4969295
1777316777898000,1777316777898000,0.0,0.0,-0.49463078
1777316777918000,1777316777918000,0.0,0.0,-0.4969825
1777316777938000,1777316777938000,0.0,0.0,-0.4946258
1777316777958000,1777316777958000,0.0,0.0,-0.4970949
1777316777978000,1777316777978000,0.0,0.0,-0.49469498
1777316777994000,1777316777994000,0.0,0.0,-0.49686262
1777316778018000,1777316778018000,0.0,0.0,-0.49198183
1777316778034000,1777316778034000,0.0,0.0,-0.48948765
1777316778058000,1777316778058000,0.0,0.0,-0.49447024
1777316778078000,1777316778078000,0.0,0.0,-0.49683636
1777316778094000,1777316778094000,0.0,0.0,-0.49443626
1777316778118000,1777316778118000,0.0,0.0,-0.4968298
1777316778138000,1777316778138000,0.0,0.0,-0.4945195
1777316778158000,1777316778158000,0.0,0.0,-0.49673024
1777316778178000,1777316778178000,0.0,0.0,-0.49441972
1777316778198000,1777316778198000,0.0,0.0,-0.49661356
1777316778214000,1777316778214000,0.0,0.0,-0.49434373
1777316778238000,1777316778238000,0.0,0.0,-0.49666467
1777316778258000,1777316778258000,0.0,0.0,-0.49414456
1777316778278000,1777316778278000,0.0,0.0,-0.49656582
1777316778298000,1777316778298000,0.0,0.0,-0.49421698
1777316778318000,1777316778318000,0.0,0.0,-0.4964256
1777316778338000,1777316778338000,0.0,0.0,-0.4940605
1777316778358000,1777316778358000,0.0,0.0,-0.49622458
1777316778378000,1777316778378000,0.0,0.0,-0.4939534
1777316778398000,1777316778398000,0.0,0.0,-0.49632964
1777316778418000,1777316778418000,0.0,0.0,-0.49408746
1777316778438000,1777316778438000,0.0,0.0,-0.49632904
1777316778458000,1777316778458000,0.0,0.0,-0.4938709
1777316778478000,1777316778478000,0.0,0.0,-0.4960441
1777316778494000,1777316778494000,0.0,0.0,-0.49373284
1777316778518000,1777316778518000,0.0,0.0,-0.4960036
1777316778538000,1777316778538000,0.0,0.0,-0.49367422
1777316778558000,1777316778558000,0.0,0.0,-0.49594685
1777316778578000,1777316778578000,0.0,0.0,-0.49092832
1777316778598000,1777316778598000,0.0,0.0,-0.4955365
1777316778618000,1777316778618000,0.0,0.0,-0.4932492
1777316778638000,1777316778638000,0.0,0.0,-0.49566743
1777316778658000,1777316778658000,0.0,0.0,-0.4934122
1777316778674000,1777316778674000,0.0,0.0,-0.48842126
1777316778698000,1777316778698000,0.0,0.0,-0.49318707
1777316778718000,1777316778718000,0.0,0.0,-0.4955085
1777316778738000,1777316778738000,0.0,0.0,-0.49332872
1777316778754000,1777316778754000,0.0,0.0,-0.48847288
1777316778778000,1777316778778000,0.0,0.0,-0.49326158
1777316778798000,1777316778798000,0.0,0.0,-0.49561873
1777316778818000,1777316778818000,0.0,0.0,-0.4932932
1777316778838000,1777316778838000,0.0,0.0,-0.4956165
1777316778858000,1777316778858000,0.0,0.0,-0.49331686
1777316778878000,1777316778878000,0.0,0.0,-0.49582627
1777316778894000,1777316778894000,0.0,0.0,-0.49345484
1777316778918000,1777316778918000,0.0,0.0,-0.4958176
1777316778938000,1777316778938000,0.0,0.0,-0.49349833
1777316778958000,1777316778958000,0.0,0.0,-0.49577183
1777316778978000,1777316778978000,0.0,0.0,-0.49350524
1777316778998000,1777316778998000,0.0,0.0,-0.49597102
1777316779018000,1777316779018000,0.0,0.0,-0.49362606
1777316779038000,1777316779038000,0.0,0.0,-0.49588624
1777316779058000,1777316779058000,0.0,0.0,-0.4935309
1777316779078000,1777316779078000,0.0,0.0,-0.49583468
1777316779098000,1777316779098000,0.0,0.0,-0.49346882
1777316779118000,1777316779118000,0.0,0.0,-0.4956142
1777316779138000,1777316779138000,0.0,0.0,-0.4932709
1777316779158000,1777316779158000,0.0,0.0,-0.4954583
1777316779178000,1777316779178000,0.0,0.0,-0.4931946
1777316779198000,1777316779198000,0.0,0.0,-0.4954868
1777316779218000,1777316779218000,0.0,0.0,-0.4932584
1777316779238000,1777316779238000,0.0,0.0,-0.49558812
1777316779258000,1777316779258000,0.0,0.0,-0.49341103
1777316779278000,1777316779278000,0.0,0.0,-0.49575934
1777316779298000,1777316779298000,0.0,0.0,-0.49348414
1777316779318000,1777316779318000,0.0,0.0,-0.49579218
1777316779338000,1777316779338000,0.0,0.0,-0.4934534
1777316779358000,1777316779358000,0.0,0.0,-0.49585629
1777316779378000,1777316779378000,0.0,0.0,-0.49358356
1777316779398000,1777316779398000,0.0,0.0,-0.4958978
1777316779418000,1777316779418000,0.0,0.0,-0.49363706
1777316779438000,1777316779438000,0.0,0.0,-0.49603546
1777316779458000,1777316779458000,0.0,0.0,-0.49368706
1777316779478000,1777316779478000,0.0,0.0,-0.49581954
1777316779498000,1777316779498000,0.0,0.0,-0.493508
1777316779518000,1777316779518000,0.0,0.0,-0.49563044
1777316779538000,1777316779538000,0.0,0.0,-0.4932532
1777316779558000,1777316779558000,0.0,0.0,-0.4953971
1777316779578000,1777316779578000,0.0,0.0,-0.49315953
1777316779598000,1777316779598000,0.0,0.0,-0.49557433
1777316779614000,1777316779614000,0.0,0.0,-0.49328777
1777316779638000,1777316779638000,0.0,0.0,-0.49560776
1777316779658000,1777316779658000,0.0,0.0,-0.49337393
1777316779674000,1777316779674000,0.0,0.0,-0.48855755
1777316779698000,1777316779698000,0.0,0.0,-0.49340641
1777316779718000,1777316779718000,0.0,0.0,-0.49576414
1777316779738000,1777316779738000,0.0,0.0,-0.4935296
1777316779758000,1777316779758000,0.0,0.0,-0.4956707
1777316779778000,1777316779778000,0.0,0.0,-0.4933902
1777316779798000,1777316779798000,0.0,0.0,-0.4957396
1777316779818000,1777316779818000,0.0,0.0,-0.4933526
1777316779838000,1777316779838000,0.0,0.0,-0.4958205
1777316779858000,1777316779858000,0.0,0.0,-0.49363866
1777316779878000,1777316779878000,0.0,0.0,-0.49596748
1777316779898000,1777316779898000,0.0,0.0,-0.49378717
1777316779918000,1777316779918000,0.0,0.0,-0.4958988
1777316779938000,1777316779938000,0.0,0.0,-0.49369186
1777316779958000,1777316779958000,0.0,0.0,-0.49598572
1777316779978000,1777316779978000,0.0,0.0,-0.49356538
1777316779998000,1777316779998000,0.0,0.0,-0.49582395
1777316780018000,1777316780018000,0.0,0.0,-0.49350962
1777316780038000,1777316780038000,0.0,0.0,-0.4958288
1777316780058000,1777316780058000,0.0,0.0,-0.4935094
1777316780078000,1777316780078000,0.0,0.0,-0.4955503
1777316780098000,1777316780098000,0.0,0.0,-0.49311933
1777316780118000,1777316780118000,0.0,0.0,-0.4955074
1777316780138000,1777316780138000,0.0,0.0,-0.49333122
1777316780158000,1777316780158000,0.0,0.0,-0.4956886
1777316780178000,1777316780178000,0.0,0.0,-0.4911418
1777316780198000,1777316780198000,0.0,0.0,-0.49578583
1777316780218000,1777316780218000,0.0,0.0,-0.49356157
1777316780234000,1777316780234000,0.0,0.0,-0.48854807
1777316780258000,1777316780258000,0.0,0.0,-0.49347365
1777316780278000,1777316780278000,0.0,0.0,-0.49569896
1777316780298000,1777316780298000,0.0,0.0,-0.49337518
1777316780318000,1777316780318000,0.0,0.0,-0.4955313
1777316780338000,1777316780338000,0.0,0.0,-0.49329424
1777316780358000,1777316780358000,0.0,0.0,-0.49562573
1777316780378000,1777316780378000,0.0,0.0,-0.49327934
1777316780398000,1777316780398000,0.0,0.0,-0.49544135
1777316780418000,1777316780418000,0.0,0.0,-0.49318427
1777316780438000,1777316780438000,0.0,0.0,-0.4955214
1777316780458000,1777316780458000,0.0,0.0,-0.49326414
1777316780478000,1777316780478000,0.0,0.0,-0.4953962
1777316780494000,1777316780494000,0.0,0.0,-0.4931322
1777316780518000,1777316780518000,0.0,0.0,-0.49546725
1777316780538000,1777316780538000,0.0,0.0,-0.49308774
1777316780558000,1777316780558000,0.0,0.0,-0.4952908
1777316780578000,1777316780578000,0.0,0.0,-0.49302098
1777316780598000,1777316780598000,0.0,0.0,-0.495412
1777316780618000,1777316780618000,0.0,0.0,-0.49311364
1777316780638000,1777316780638000,0.0,0.0,-0.49560702
1777316780654000,1777316780654000,0.0,0.0,-0.49336034
1777316780674000,1777316780674000,0.0,0.0,-0.4954962
1777316780698000,1777316780698000,0.0,0.0,-0.48990443
1777316780718000,1777316780718000,0.0,0.0,-0.4869772
1777316780738000,1777316780738000,0.0,0.0,-0.48116007
1777316780754000,1777316780754000,0.0,0.0,-0.47658506
1777316780778000,1777316780778000,0.0,0.0,-0.47183198
1777316780794000,1777316780794000,0.0,0.0,-0.46774563
1777316780818000,1777316780818000,0.0,0.0,-0.46387133
1777316780838000,1777316780838000,0.0,0.0,-0.4694349
1777316780858000,1777316780858000,0.0,0.0,-0.4656125
1777316780878000,1777316780878000,0.0,0.0,-0.46958405
1777316780898000,1777316780898000,0.0,0.0,-0.4657625
1777316780918000,1777316780918000,0.0,0.0,-0.469896
1777316780938000,1777316780938000,0.0,0.0,-0.46609053
1777316780958000,1777316780958000,0.0,0.0,-0.46994495
1777316780978000,1777316780978000,0.0,0.0,-0.46615255
1777316780998000,1777316780998000,0.0,0.0,-0.4698183
1777316781014000,1777316781014000,0.0,0.0,-0.466047
1777316781038000,1777316781038000,0.0,0.0,-0.46973762
1777316781058000,1777316781058000,0.0,0.0,-0.46602553
1777316781078000,1777316781078000,0.0,0.0,-0.4696424
1777316781098000,1777316781098000,0.0,0.0,-0.46584544
1777316781118000,1777316781118000,0.0,0.0,-0.46956164
1777316781138000,1777316781138000,0.0,0.0,-0.46577153
1777316781154000,1777316781154000,0.0,0.0,-0.46285978
1777316781178000,1777316781178000,0.0,0.0,-0.4656576
1777316781198000,1777316781198000,0.0,0.0,-0.46922502
1777316781218000,1777316781218000,0.0,0.0,-0.4654859
1777316781238000,1777316781238000,0.0,0.0,-0.46917933
1777316781258000,1777316781258000,0.0,0.0,-0.46415055
1777316781278000,1777316781278000,0.0,0.0,-0.4690478
1777316781294000,1777316781294000,0.0,0.0,-0.46556666
1777316781318000,1777316781318000,0.0,0.0,-0.4690307
1777316781338000,1777316781338000,0.0,0.0,-0.46423596
1777316781358000,1777316781358000,0.0,0.0,-0.4689566
1777316781378000,1777316781378000,0.0,0.0,-0.46527597
1777316781398000,1777316781398000,0.0,0.0,-0.46865943
1777316781418000,1777316781418000,0.0,0.0,-0.46515995
1777316781438000,1777316781438000,0.0,0.0,-0.46858963
1777316781458000,1777316781458000,0.0,0.0,-0.46502265
1777316781478000,1777316781478000,0.0,0.0,-0.46841127
1777316781498000,1777316781498000,0.0,0.0,-0.4650732
1777316781518000,1777316781518000,0.0,0.0,-0.468345
1777316781538000,1777316781538000,0.0,0.0,-0.46498117
1777316781558000,1777316781558000,0.0,0.0,-0.46821973
1777316781578000,1777316781578000,0.0,0.0,-0.46484137
1777316781598000,1777316781598000,0.0,0.0,-0.46810615
1777316781618000,1777316781618000,0.0,0.0,-0.46476287
1777316781638000,1777316781638000,0.0,0.0,-0.46797863
1777316781658000,1777316781658000,0.0,0.0,-0.46461385
1777316781678000,1777316781678000,0.0,0.0,-0.46787247
1777316781694000,1777316781694000,0.0,0.0,-0.4645983
1777316781718000,1777316781718000,0.0,0.0,-0.46781155
1777316781738000,1777316781738000,0.0,0.0,-0.4647274
1777316781758000,1777316781758000,0.0,0.0,-0.46798262
1777316781778000,1777316781778000,0.0,0.0,-0.46368983
1777316781798000,1777316781798000,0.0,0.0,-0.4677681
1777316781818000,1777316781818000,0.0,0.0,-0.46367076
1777316781838000,1777316781838000,0.0,0.0,-0.46756232
1777316781858000,1777316781858000,0.0,0.0,-0.46444905
1777316781878000,1777316781878000,0.0,0.0,-0.46758223
1777316781894000,1777316781894000,0.0,0.0,-0.4644958
1777316781918000,1777316781918000,0.0,0.0,-0.467543
1777316781938000,1777316781938000,0.0,0.0,-0.4644674
1777316781958000,1777316781958000,0.0,0.0,-0.46741647
1777316781978000,1777316781978000,0.0,0.0,-0.46443117
1777316781998000,1777316781998000,0.0,0.0,-0.46752915
1777316782018000,1777316782018000,0.0,0.0,-0.46460012
1777316782034000,1777316782034000,0.0,0.0,-0.4632562
1777316782058000,1777316782058000,0.0,0.0,-0.46474987
1777316782078000,1777316782078000,0.0,0.0,-0.46773735
1777316782098000,1777316782098000,0.0,0.0,-0.46483523
1777316782118000,1777316782118000,0.0,0.0,-0.46767655
1777316782138000,1777316782138000,0.0,0.0,-0.46466294
1777316782158000,1777316782158000,0.0,0.0,-0.4674808
1777316782174000,1777316782174000,0.0,0.0,-0.4656292
1777316782198000,1777316782198000,0.0,0.0,-0.4602783
1777316782218000,1777316782218000,0.0,0.0,-0.4564508
1777316782234000,1777316782234000,0.0,0.0,-0.45551565
1777316782258000,1777316782258000,0.0,0.0,-0.4469828
1777316782278000,1777316782278000,0.0,0.0,-0.44144282
1777316782298000,1777316782298000,0.0,0.0,-0.4376837
1777316782318000,1777316782318000,0.0,0.0,-0.4321603
1777316782338000,1777316782338000,0.0,0.0,-0.42857286
1777316782358000,1777316782358000,0.0,0.0,-0.4234245
1777316782378000,1777316782378000,0.0,0.0,-0.41983122
1777316782398000,1777316782398000,0.0,0.0,-0.4145071
1777316782418000,1777316782418000,0.0,0.0,-0.41087884
1777316782438000,1777316782438000,0.0,0.0,-0.4054887
1777316782458000,1777316782458000,0.0,0.0,-0.4017919
1777316782478000,1777316782478000,0.0,0.0,-0.3964008
1777316782498000,1777316782498000,0.0,0.0,-0.39282522
1777316782518000,1777316782518000,0.0,0.0,-0.38765287
1777316782538000,1777316782538000,0.0,0.0,-0.38638705
1777316782558000,1777316782558000,0.0,0.0,-0.38154358
1777316782578000,1777316782578000,0.0,0.0,-0.38696134
1777316782594000,1777316782594000,0.0,0.0,-0.38972652
1777316782614000,1777316782614000,0.0,0.0,-0.3921899
1777316782638000,1777316782638000,0.0,0.0,-0.3970483
1777316782658000,1777316782658000,0.0,0.0,-0.4029593
1777316782678000,1777316782678000,0.0,0.0,-0.4054443
1777316782698000,1777316782698000,0.0,0.0,-0.40857893
1777316782718000,1777316782718000,0.0,0.0,-0.41352397
1777316782734000,1777316782734000,0.0,0.0,-0.41681513
1777316782758000,1777316782758000,0.0,0.0,-0.42163804
1777316782778000,1777316782778000,0.0,0.0,-0.42491758
1777316782794000,1777316782794000,0.0,0.0,-0.42968377
1777316782818000,1777316782818000,0.0,0.0,-0.4331393
1777316782838000,1777316782838000,0.0,0.0,-0.43819252
1777316782858000,1777316782858000,0.0,0.0,-0.44155443
1777316782878000,1777316782878000,0.0,0.0,-0.44673082
1777316782898000,1777316782898000,0.0,0.0,-0.450128
1777316782918000,1777316782918000,0.0,0.0,-0.4553792
1777316782938000,1777316782938000,0.0,0.0,-0.458913
1777316782958000,1777316782958000,0.0,0.0,-0.464071
1777316782978000,1777316782978000,0.0,0.0,-0.46749237
1777316782998000,1777316782998000,0.0,0.0,-0.47263727
1777316783014000,1777316783014000,0.0,0.0,-0.47604546
1777316783038000,1777316783038000,0.0,0.0,-0.48119023
1777316783058000,1777316783058000,0.0,0.0,-0.4845333
1777316783078000,1777316783078000,0.0,0.0,-0.4897478
1777316783098000,1777316783098000,0.0,0.0,-0.49321997
1777316783118000,1777316783118000,0.0,0.0,-0.49853164
1777316783138000,1777316783138000,0.0,0.0,-0.5020159
1777316783154000,1777316783154000,0.0,0.0,-0.501988
1777316783178000,1777316783178000,0.0,0.0,-0.5036039
1777316783198000,1777316783198000,0.0,0.0,-0.5004068
1777316783218000,1777316783218000,0.0,0.0,-0.49836314
1777316783234000,1777316783234000,0.0,0.0,-0.4980342
1777316783258000,1777316783258000,0.0,0.0,-0.4942671
1777316783274000,1777316783274000,0.0,0.0,-0.49421287
1777316783298000,1777316783298000,0.0,0.0,-0.4923148
1777316783318000,1777316783318000,0.0,0.0,-0.49182463
1777316783338000,1777316783338000,0.0,0.0,-0.49214196
1777316783358000,1777316783358000,0.0,0.0,-0.49204203
1777316783378000,1777316783378000,0.0,0.0,-0.4925811
1777316783398000,1777316783398000,0.0,0.0,-0.49270016
1777316783418000,1777316783418000,0.0,0.0,-0.4931778
1777316783438000,1777316783438000,0.0,0.0,-0.49347377
1777316783458000,1777316783458000,0.0,0.0,-0.4939923
1777316783478000,1777316783478000,0.0,0.0,-0.49419123
1777316783498000,1777316783498000,0.0,0.0,-0.49477747
1777316783518000,1777316783518000,0.0,0.0,-0.49510598
1777316783538000,1777316783538000,0.0,0.0,-0.4957261
1777316783558000,1777316783558000,0.0,0.0,-0.49561524
1777316783578000,1777316783578000,0.0,0.0,-0.496044
1777316783598000,1777316783598000,0.0,0.0,-0.4961845
1777316783618000,1777316783618000,0.0,0.0,-0.4967018
1777316783638000,1777316783638000,0.0,0.0,-0.49709064
1777316783658000,1777316783658000,0.0,0.0,-0.4973691
1777316783678000,1777316783678000,0.0,0.0,-0.49782535
1777316783698000,1777316783698000,0.0,0.0,-0.4982538
1777316783718000,1777316783718000,0.0,0.0,-0.4984864
1777316783738000,1777316783738000,0.0,0.0,-0.49875692
1777316783758000,1777316783758000,0.0,0.0,-0.49917132
1777316783778000,1777316783778000,0.0,0.0,-0.49962088
1777316783798000,1777316783798000,0.0,0.0,-0.50031936
1777316783814000,1777316783814000,0.0,0.0,-0.5007233
1777316783838000,1777316783838000,0.0,0.0,-0.50142896
1777316783854000,1777316783854000,0.0,0.0,-0.50182754
1777316783878000,1777316783878000,0.0,0.0,-0.5025292
1777316783898000,1777316783898000,0.0,0.0,-0.5029647
1777316783918000,1777316783918000,0.0,0.0,-0.503657
1777316783934000,1777316783934000,0.0,0.0,-0.5043751
1777316783958000,1777316783958000,0.0,0.0,-0.5051429
1777316783978000,1777316783978000,0.0,0.0,-0.5055226
1777316783998000,1777316783998000,0.0,0.0,-0.50627804
1777316784018000,1777316784018000,0.0,0.0,-0.5067806
1777316784038000,1777316784038000,0.0,0.0,-0.50758904
1777316784058000,1777316784058000,0.0,0.0,-0.508184
1777316784078000,1777316784078000,0.0,0.0,-0.50904113
1777316784098000,1777316784098000,0.0,0.0,-0.5096927
1777316784114000,1777316784114000,0.0,0.0,-0.5090081
1777316784138000,1777316784138000,0.0,0.0,-0.5112791
1777316784158000,1777316784158000,0.0,0.0,-0.51235723
1777316784178000,1777316784178000,0.0,0.0,-0.5130192
1777316784198000,1777316784198000,0.0,0.0,-0.51408094
1777316784218000,1777316784218000,0.0,0.0,-0.51494735
1777316784238000,1777316784238000,0.0,0.0,-0.5160354
1777316784258000,1777316784258000,0.0,0.0,-0.51680094
1777316784278000,1777316784278000,0.0,0.0,-0.51790917
1777316784298000,1777316784298000,0.0,0.0,-0.5187016
1777316784318000,1777316784318000,0.0,0.0,-0.5201316
1777316784338000,1777316784338000,0.0,0.0,-0.52081925
1777316784358000,1777316784358000,0.0,0.0,-0.52204114
1777316784378000,1777316784378000,0.0,0.0,-0.52297676
1777316784398000,1777316784398000,0.0,0.0,-0.5230444
1777316784418000,1777316784418000,0.0,0.0,-0.523003
1777316784438000,1777316784438000,0.0,0.0,-0.52277887
1777316784458000,1777316784458000,0.0,0.0,-0.5229017
1777316784478000,1777316784478000,0.0,0.0,-0.5229193
1777316784498000,1777316784498000,0.0,0.0,-0.52287894
1777316784518000,1777316784518000,0.0,0.0,-0.5229272
1777316784538000,1777316784538000,0.0,0.0,-0.5228388
1777316784558000,1777316784558000,0.0,0.0,-0.52272624
1777316784578000,1777316784578000,0.0,0.0,-0.52287793
1777316784598000,1777316784598000,0.0,0.0,-0.5228696
1777316784618000,1777316784618000,0.0,0.0,-0.5231657
1777316784638000,1777316784638000,0.0,0.0,-0.5235025
1777316784658000,1777316784658000,0.0,0.0,-0.52364063
1777316784678000,1777316784678000,0.0,0.0,-0.52412844
1777316784694000,1777316784694000,0.0,0.0,-0.5242456
1777316784718000,1777316784718000,0.0,0.0,-0.5246889
1777316784738000,1777316784738000,0.0,0.0,-0.5248378
1777316784758000,1777316784758000,0.0,0.0,-0.5249555
1777316784778000,1777316784778000,0.0,0.0,-0.52511513
1777316784798000,1777316784798000,0.0,0.0,-0.52514607
1777316784818000,1777316784818000,0.0,0.0,-0.525093
1777316784838000,1777316784838000,0.0,0.0,-0.5251266
1777316784858000,1777316784858000,0.0,0.0,-0.52520245
1777316784878000,1777316784878000,0.0,0.0,-0.5253434
1777316784894000,1777316784894000,0.0,0.0,-0.5254552
1777316784918000,1777316784918000,0.0,0.0,-0.5255275
1777316784938000,1777316784938000,0.0,0.0,-0.5256048
1777316784958000,1777316784958000,0.0,0.0,-0.5257673
1777316784978000,1777316784978000,0.0,0.0,-0.52567035
1777316784998000,1777316784998000,0.0,0.0,-0.5256506
1777316785018000,1777316785018000,0.0,0.0,-0.5255945
1777316785038000,1777316785038000,0.0,0.0,-0.5255891
1777316785058000,1777316785058000,0.0,0.0,-0.52550703
1777316785078000,1777316785078000,0.0,0.0,-0.5253022
1777316785098000,1777316785098000,0.0,0.0,-0.52512634
1777316785118000,1777316785118000,0.0,0.0,-0.5248882
1777316785138000,1777316785138000,0.0,0.0,-0.52477866
1777316785158000,1777316785158000,0.0,0.0,-0.5244813
1777316785178000,1777316785178000,0.0,0.0,-0.5242594
1777316785198000,1777316785198000,0.0,0.0,-0.5245636
1777316785218000,1777316785218000,0.0,0.0,-0.5244828
1777316785238000,1777316785238000,0.0,0.0,-0.52442443
1777316785258000,1777316785258000,0.0,0.0,-0.524483
1777316785278000,1777316785278000,0.0,0.0,-0.5243099
1777316785298000,1777316785298000,0.0,0.0,-0.52281284
1777316785318000,1777316785318000,0.0,0.0,-0.52391917
1777316785338000,1777316785338000,0.0,0.0,-0.5238205
1777316785358000,1777316785358000,0.0,0.0,-0.5238396
1777316785374000,1777316785374000,0.0,0.0,-0.5238053
1777316785398000,1777316785398000,0.0,0.0,-0.5236555
1777316785418000,1777316785418000,0.0,0.0,-0.52287155
1777316785438000,1777316785438000,0.0,0.0,-0.52136785
1777316785458000,1777316785458000,0.0,0.0,-0.5203181
1777316785478000,1777316785478000,0.0,0.0,-0.5191475
1777316785498000,1777316785498000,0.0,0.0,-0.5183578
1777316785518000,1777316785518000,0.0,0.0,-0.51730275
1777316785538000,1777316785538000,0.0,0.0,-0.51657104
1777316785558000,1777316785558000,0.0,0.0,-0.51572096
1777316785578000,1777316785578000,0.0,0.0,-0.5150361
1777316785598000,1777316785598000,0.0,0.0,-0.5144045
1777316785618000,1777316785618000,0.0,0.0,-0.5137649
1777316785638000,1777316785638000,0.0,0.0,-0.5130101
1777316785658000,1777316785658000,0.0,0.0,-0.51249516
1777316785678000,1777316785678000,0.0,0.0,-0.51183295
1777316785698000,1777316785698000,0.0,0.0,-0.5114068
1777316785718000,1777316785718000,0.0,0.0,-0.51088405
1777316785738000,1777316785738000,0.0,0.0,-0.51048595
1777316785758000,1777316785758000,0.0,0.0,-0.50979066
1777316785778000,1777316785778000,0.0,0.0,-0.5093051
1777316785798000,1777316785798000,0.0,0.0,-0.5086312
1777316785814000,1777316785814000,0.0,0.0,-0.5080588
1777316785838000,1777316785838000,0.0,0.0,-0.50739646
1777316785858000,1777316785858000,0.0,0.0,-0.50706506
1777316785878000,1777316785878000,0.0,0.0,-0.5063451
1777316785894000,1777316785894000,0.0,0.0,-0.5027081
1777316785918000,1777316785918000,0.0,0.0,-0.5017954
1777316785938000,1777316785938000,0.0,0.0,-0.5014734
1777316785958000,1777316785958000,0.0,0.0,-0.5009559
1777316785978000,1777316785978000,0.0,0.0,-0.5007083
1777316785998000,1777316785998000,0.0,0.0,-0.50025195
1777316786018000,1777316786018000,0.0,0.0,-0.4999369
1777316786038000,1777316786038000,0.0,0.0,-0.4993487
1777316786058000,1777316786058000,0.0,0.0,-0.4982111
1777316786078000,1777316786078000,0.0,0.0,-0.4977177
1777316786094000,1777316786094000,0.0,0.0,-0.4973723
1777316786118000,1777316786118000,0.0,0.0,-0.49680868
1777316786138000,1777316786138000,0.0,0.0,-0.4966997
1777316786158000,1777316786158000,0.0,0.0,-0.49656716
1777316786178000,1777316786178000,0.0,0.0,-0.496523
1777316786198000,1777316786198000,0.0,0.0,-0.4963968
1777316786218000,1777316786218000,0.0,0.0,-0.49617517
1777316786238000,1777316786238000,0.0,0.0,-0.49614197
1777316786254000,1777316786254000,0.0,0.0,-0.4961163
1777316786274000,1777316786274000,0.0,0.0,-0.49619928
1777316786298000,1777316786298000,0.0,0.0,-0.4960592
1777316786318000,1777316786318000,0.0,0.0,-0.49578294
1777316786334000,1777316786334000,0.0,0.0,-0.4959418
1777316786354000,1777316786354000,0.0,0.0,-0.49609306
1777316786378000,1777316786378000,0.0,0.0,-0.49606654
1777316786398000,1777316786398000,0.0,0.0,-0.4962428
1777316786418000,1777316786418000,0.0,0.0,-0.49629962
1777316786438000,1777316786438000,0.0,0.0,-0.49671844
1777316786458000,1777316786458000,0.0,0.0,-0.49694216
1777316786478000,1777316786478000,0.0,0.0,-0.4973348
1777316786498000,1777316786498000,0.0,0.0,-0.49767798
1777316786518000,1777316786518000,0.0,0.0,-0.49823463
1777316786538000,1777316786538000,0.0,0.0,-0.49854487
1777316786558000,1777316786558000,0.0,0.0,-0.4989872
1777316786578000,1777316786578000,0.0,0.0,-0.4994584
1777316786598000,1777316786598000,0.0,0.0,-0.50013834
1777316786614000,1777316786614000,0.0,0.0,-0.50060517
1777316786638000,1777316786638000,0.0,0.0,-0.5014014
1777316786658000,1777316786658000,0.0,0.0,-0.501848
1777316786678000,1777316786678000,0.0,0.0,-0.5025138
1777316786698000,1777316786698000,0.0,0.0,-0.5031962
1777316786718000,1777316786718000,0.0,0.0,-0.5040742
1777316786738000,1777316786738000,0.0,0.0,-0.5049091
1777316786758000,1777316786758000,0.0,0.0,-0.505943
1777316786778000,1777316786778000,0.0,0.0,-0.5064975
1777316786798000,1777316786798000,0.0,0.0,-0.5076931
1777316786818000,1777316786818000,0.0,0.0,-0.5085016
1777316786838000,1777316786838000,0.0,0.0,-0.50975376
1777316786858000,1777316786858000,0.0,0.0,-0.51072
1777316786878000,1777316786878000,0.0,0.0,-0.51198345
1777316786898000,1777316786898000,0.0,0.0,-0.5131097
1777316786918000,1777316786918000,0.0,0.0,-0.5146591
1777316786938000,1777316786938000,0.0,0.0,-0.51562375
1777316786958000,1777316786958000,0.0,0.0,-0.5156565
1777316786974000,1777316786974000,0.0,0.0,-0.51539713
1777316786998000,1777316786998000,0.0,0.0,-0.51535493
1777316787018000,1777316787018000,0.0,0.0,-0.5153016
1777316787038000,1777316787038000,0.0,0.0,-0.5154508
1777316787058000,1777316787058000,0.0,0.0,-0.5156675
1777316787078000,1777316787078000,0.0,0.0,-0.51602185
1777316787098000,1777316787098000,0.0,0.0,-0.51653844
1777316787118000,1777316787118000,0.0,0.0,-0.51715773
1777316787138000,1777316787138000,0.0,0.0,-0.5175597
1777316787158000,1777316787158000,0.0,0.0,-0.5183148
1777316787178000,1777316787178000,0.0,0.0,-0.5187818
1777316787198000,1777316787198000,0.0,0.0,-0.51933056
1777316787218000,1777316787218000,0.0,0.0,-0.5199286
1777316787238000,1777316787238000,0.0,0.0,-0.5205688
1777316787258000,1777316787258000,0.0,0.0,-0.5209497
1777316787278000,1777316787278000,0.0,0.0,-0.52152467
1777316787298000,1777316787298000,0.0,0.0,-0.5219663
1777316787318000,1777316787318000,0.0,0.0,-0.5225505
1777316787334000,1777316787334000,0.0,0.0,-0.5231314
1777316787358000,1777316787358000,0.0,0.0,-0.5238314
1777316787378000,1777316787378000,0.0,0.0,-0.52421993
1777316787398000,1777316787398000,0.0,0.0,-0.52452695
1777316787418000,1777316787418000,0.0,0.0,-0.52476275
1777316787438000,1777316787438000,0.0,0.0,-0.52497405
1777316787458000,1777316787458000,0.0,0.0,-0.525203
1777316787478000,1777316787478000,0.0,0.0,-0.5257117
1777316787498000,1777316787498000,0.0,0.0,-0.5258716
1777316787518000,1777316787518000,0.0,0.0,-0.52617943
1777316787538000,1777316787538000,0.0,0.0,-0.526384
1777316787558000,1777316787558000,0.0,0.0,-0.526752
1777316787578000,1777316787578000,0.0,0.0,-0.52709746
1777316787598000,1777316787598000,0.0,0.0,-0.52733976
1777316787618000,1777316787618000,0.0,0.0,-0.5275673
1777316787638000,1777316787638000,0.0,0.0,-0.5279426
1777316787654000,1777316787654000,0.0,0.0,-0.5280597
1777316787678000,1777316787678000,0.0,0.0,-0.5285307
1777316787698000,1777316787698000,0.0,0.0,-0.52886564
1777316787718000,1777316787718000,0.0,0.0,-0.5291815
1777316787738000,1777316787738000,0.0,0.0,-0.5288407
1777316787758000,1777316787758000,0.0,0.0,-0.52944237
1777316787778000,1777316787778000,0.0,0.0,-0.52965206
1777316787798000,1777316787798000,0.0,0.0,-0.53017706
1777316787814000,1777316787814000,0.0,0.0,-0.53024894
1777316787838000,1777316787838000,0.0,0.0,-0.5303373
1777316787858000,1777316787858000,0.0,0.0,-0.53049535
1777316787878000,1777316787878000,0.0,0.0,-0.5306844
1777316787894000,1777316787894000,0.0,0.0,-0.5305145
1777316787918000,1777316787918000,0.0,0.0,-0.5303811
1777316787938000,1777316787938000,0.0,0.0,-0.530179
1777316787958000,1777316787958000,0.0,0.0,-0.52996945
1777316787978000,1777316787978000,0.0,0.0,-0.5299593
1777316787998000,1777316787998000,0.0,0.0,-0.530119
1777316788018000,1777316788018000,0.0,0.0,-0.5300767
1777316788038000,1777316788038000,0.0,0.0,-0.52995485
1777316788058000,1777316788058000,0.0,0.0,-0.52989227
1777316788078000,1777316788078000,0.0,0.0,-0.5296663
1777316788098000,1777316788098000,0.0,0.0,-0.5289269
1777316788118000,1777316788118000,0.0,0.0,-0.52943605
1777316788138000,1777316788138000,0.0,0.0,-0.52929646
1777316788158000,1777316788158000,0.0,0.0,-0.52924716
1777316788178000,1777316788178000,0.0,0.0,-0.5292798
1777316788198000,1777316788198000,0.0,0.0,-0.5290678
1777316788218000,1777316788218000,0.0,0.0,-0.52897143
1777316788234000,1777316788234000,0.0,0.0,-0.5271247
1777316788258000,1777316788258000,0.0,0.0,-0.52752453
1777316788278000,1777316788278000,0.0,0.0,-0.5259205
1777316788298000,1777316788298000,0.0,0.0,-0.5249301
1777316788318000,1777316788318000,0.0,0.0,-0.5236969
1777316788334000,1777316788334000,0.0,0.0,-0.5228099
1777316788358000,1777316788358000,0.0,0.0,-0.52170664
1777316788378000,1777316788378000,0.0,0.0,-0.5211277
1777316788398000,1777316788398000,0.0,0.0,-0.5201448
1777316788418000,1777316788418000,0.0,0.0,-0.5188867
1777316788438000,1777316788438000,0.0,0.0,-0.5185459
1777316788458000,1777316788458000,0.0,0.0,-0.5179912
1777316788474000,1777316788474000,0.0,0.0,-0.5167955
1777316788494000,1777316788494000,0.0,0.0,-0.51636577
1777316788518000,1777316788518000,0.0,0.0,-0.515512
1777316788538000,1777316788538000,0.0,0.0,-0.5149011
1777316788558000,1777316788558000,0.0,0.0,-0.51412994
1777316788578000,1777316788578000,0.0,0.0,-0.513686
1777316788598000,1777316788598000,0.0,0.0,-0.51295316
1777316788618000,1777316788618000,0.0,0.0,-0.512486
1777316788634000,1777316788634000,0.0,0.0,-0.5115205
1777316788658000,1777316788658000,0.0,0.0,-0.51167846
1777316788678000,1777316788678000,0.0,0.0,-0.510941
1777316788698000,1777316788698000,0.0,0.0,-0.5106468
1777316788718000,1777316788718000,0.0,0.0,-0.50999933
1777316788738000,1777316788738000,0.0,0.0,-0.5095638
1777316788758000,1777316788758000,0.0,0.0,-0.5090784
1777316788778000,1777316788778000,0.0,0.0,-0.50829667
1777316788798000,1777316788798000,0.0,0.0,-0.5082006
1777316788814000,1777316788814000,0.0,0.0,-0.5077987
1777316788838000,1777316788838000,0.0,0.0,-0.5072743
1777316788858000,1777316788858000,0.0,0.0,-0.5069067
1777316788878000,1777316788878000,0.0,0.0,-0.50636643
1777316788898000,1777316788898000,0.0,0.0,-0.5059687
1777316788918000,1777316788918000,0.0,0.0,-0.50542295
1777316788938000,1777316788938000,0.0,0.0,-0.5050966
1777316788958000,1777316788958000,0.0,0.0,-0.50454706
1777316788978000,1777316788978000,0.0,0.0,-0.5042072
1777316788998000,1777316788998000,0.0,0.0,-0.5037429
1777316789018000,1777316789018000,0.0,0.0,-0.5034101
1777316789038000,1777316789038000,0.0,0.0,-0.5030829
1777316789058000,1777316789058000,0.0,0.0,-0.5029248
1777316789078000,1777316789078000,0.0,0.0,-0.50265193
1777316789098000,1777316789098000,0.0,0.0,-0.50256425
1777316789118000,1777316789118000,0.0,0.0,-0.5032375
1777316789138000,1777316789138000,0.0,0.0,-0.50310975
1777316789158000,1777316789158000,0.0,0.0,-0.50285
1777316789174000,1777316789174000,0.0,0.0,-0.50271744
1777316789198000,1777316789198000,0.0,0.0,-0.50261056
1777316789214000,1777316789214000,0.0,0.0,-0.50241846
1777316789238000,1777316789238000,0.0,0.0,-0.50226164
1777316789258000,1777316789258000,0.0,0.0,-0.50218093
1777316789278000,1777316789278000,0.0,0.0,-0.5022202
1777316789298000,1777316789298000,0.0,0.0,-0.50223994
1777316789318000,1777316789318000,0.0,0.0,-0.5023515
1777316789338000,1777316789338000,0.0,0.0,-0.5023138
1777316789358000,1777316789358000,0.0,0.0,-0.502365
1777316789378000,1777316789378000,0.0,0.0,-0.50227123
1777316789398000,1777316789398000,0.0,0.0,-0.50236803
1777316789418000,1777316789418000,0.0,0.0,-0.5022622
1777316789438000,1777316789438000,0.0,0.0,-0.5021941
1777316789458000,1777316789458000,0.0,0.0,-0.5021093
1777316789478000,1777316789478000,0.0,0.0,-0.502079
1777316789498000,1777316789498000,0.0,0.0,-0.5013677
1777316789514000,1777316789514000,0.0,0.0,-0.50207216
1777316789538000,1777316789538000,0.0,0.0,-0.5022398
1777316789558000,1777316789558000,0.0,0.0,-0.50233483
1777316789578000,1777316789578000,0.0,0.0,-0.50240463
1777316789598000,1777316789598000,0.0,0.0,-0.5025305
1777316789618000,1777316789618000,0.0,0.0,-0.50248855
1777316789638000,1777316789638000,0.0,0.0,-0.5024988
1777316789658000,1777316789658000,0.0,0.0,-0.50259805
1777316789678000,1777316789678000,0.0,0.0,-0.50268465
1777316789694000,1777316789694000,0.0,0.0,-0.50265217
1777316789718000,1777316789718000,0.0,0.0,-0.5027912
1777316789738000,1777316789738000,0.0,0.0,-0.50287414
1777316789758000,1777316789758000,0.0,0.0,-0.5023703
1777316789778000,1777316789778000,0.0,0.0,-0.5017951
1777316789794000,1777316789794000,0.0,0.0,-0.50019133
1777316789818000,1777316789818000,0.0,0.0,-0.5005145
1777316789838000,1777316789838000,0.0,0.0,-0.49998036
1777316789858000,1777316789858000,0.0,0.0,-0.49961492
1777316789878000,1777316789878000,0.0,0.0,-0.49935454
1777316789898000,1777316789898000,0.0,0.0,-0.49914613
1777316789918000,1777316789918000,0.0,0.0,-0.49881
1777316789934000,1777316789934000,0.0,0.0,-0.49862087
1777316789958000,1777316789958000,0.0,0.0,-0.4983384
1777316789978000,1777316789978000,0.0,0.0,-0.49821445
1777316789998000,1777316789998000,0.0,0.0,-0.49793229
1777316790018000,1777316790018000,0.0,0.0,-0.4977229
1777316790038000,1777316790038000,0.0,0.0,-0.49752468
1777316790058000,1777316790058000,0.0,0.0,-0.49742123
1777316790078000,1777316790078000,0.0,0.0,-0.49720588
1777316790098000,1777316790098000,0.0,0.0,-0.49709222
1777316790118000,1777316790118000,0.0,0.0,-0.4968486
1777316790138000,1777316790138000,0.0,0.0,-0.49678993
1777316790158000,1777316790158000,0.0,0.0,-0.49668038
1777316790178000,1777316790178000,0.0,0.0,-0.49651843
1777316790198000,1777316790198000,0.0,0.0,-0.49633923
1777316790218000,1777316790218000,0.0,0.0,-0.49631992
1777316790238000,1777316790238000,0.0,0.0,-0.49627808
1777316790258000,1777316790258000,0.0,0.0,-0.4961063
1777316790278000,1777316790278000,0.0,0.0,-0.4960344
1777316790298000,1777316790298000,0.0,0.0,-0.49584222
1777316790318000,1777316790318000,0.0,0.0,-0.49567693
1777316790338000,1777316790338000,0.0,0.0,-0.4956576
1777316790358000,1777316790358000,0.0,0.0,-0.49583718
1777316790378000,1777316790378000,0.0,0.0,-0.49596065
1777316790398000,1777316790398000,0.0,0.0,-0.4960066
1777316790418000,1777316790418000,0.0,0.0,-0.49629256
1777316790438000,1777316790438000,0.0,0.0,-0.49666244
1777316790454000,1777316790454000,0.0,0.0,-0.496837
1777316790478000,1777316790478000,0.0,0.0,-0.49706706
1777316790498000,1777316790498000,0.0,0.0,-0.49660343
1777316790518000,1777316790518000,0.0,0.0,-0.4958812
1777316790538000,1777316790538000,0.0,0.0,-0.49514395
1777316790558000,1777316790558000,0.0,0.0,-0.49504906
1777316790578000,1777316790578000,0.0,0.0,-0.49472943
1777316790598000,1777316790598000,0.0,0.0,-0.49437937
1777316790618000,1777316790618000,0.0,0.0,-0.4942505
1777316790638000,1777316790638000,0.0,0.0,-0.49407926
1777316790658000,1777316790658000,0.0,0.0,-0.49395445
1777316790678000,1777316790678000,0.0,0.0,-0.49399707
1777316790698000,1777316790698000,0.0,0.0,-0.4939799
1777316790718000,1777316790718000,0.0,0.0,-0.49393642
1777316790738000,1777316790738000,0.0,0.0,-0.49384716
1777316790758000,1777316790758000,0.0,0.0,-0.49390075
1777316790778000,1777316790778000,0.0,0.0,-0.4921917
1777316790798000,1777316790798000,0.0,0.0,-0.49216107
1777316790814000,1777316790814000,0.0,0.0,-0.49218407
1777316790838000,1777316790838000,0.0,0.0,-0.49248588
1777316790858000,1777316790858000,0.0,0.0,-0.49281365
1777316790878000,1777316790878000,0.0,0.0,-0.4928553
1777316790898000,1777316790898000,0.0,0.0,-0.492915
1777316790918000,1777316790918000,0.0,0.0,-0.49308506
1777316790938000,1777316790938000,0.0,0.0,-0.49319285
1777316790958000,1777316790958000,0.0,0.0,-0.49345538
1777316790974000,1777316790974000,0.0,0.0,-0.493658
1777316790998000,1777316790998000,0.0,0.0,-0.4940485
1777316791018000,1777316791018000,0.0,0.0,-0.4943442
1777316791038000,1777316791038000,0.0,0.0,-0.49467868
1777316791058000,1777316791058000,0.0,0.0,-0.49497524
1777316791078000,1777316791078000,0.0,0.0,-0.4953945
1777316791098000,1777316791098000,0.0,0.0,-0.49572086
1777316791118000,1777316791118000,0.0,0.0,-0.49616513
1777316791138000,1777316791138000,0.0,0.0,-0.49659017
1777316791158000,1777316791158000,0.0,0.0,-0.4972308
1777316791178000,1777316791178000,0.0,0.0,-0.49770924
1777316791198000,1777316791198000,0.0,0.0,-0.49828145
1777316791218000,1777316791218000,0.0,0.0,-0.4985872
1777316791234000,1777316791234000,0.0,0.0,-0.49927005
1777316791258000,1777316791258000,0.0,0.0,-0.4997844
1777316791278000,1777316791278000,0.0,0.0,-0.5005804
1777316791294000,1777316791294000,0.0,0.0,-0.50112796
1777316791318000,1777316791318000,0.0,0.0,-0.50198144
1777316791338000,1777316791338000,0.0,0.0,-0.50246805
1777316791358000,1777316791358000,0.0,0.0,-0.50261694
1777316791378000,1777316791378000,0.0,0.0,-0.5024434
1777316791398000,1777316791398000,0.0,0.0,-0.5015979
1777316791418000,1777316791418000,0.0,0.0,-0.5012737
1777316791438000,1777316791438000,0.0,0.0,-0.50095034
1777316791458000,1777316791458000,0.0,0.0,-0.5008066
1777316791478000,1777316791478000,0.0,0.0,-0.5006096
1777316791498000,1777316791498000,0.0,0.0,-0.50057673
1777316791518000,1777316791518000,0.0,0.0,-0.5004235
1777316791538000,1777316791538000,0.0,0.0,-0.5003748
1777316791558000,1777316791558000,0.0,0.0,-0.5004379
1777316791578000,1777316791578000,0.0,0.0,-0.5006657
1777316791598000,1777316791598000,0.0,0.0,-0.5008003
1777316791618000,1777316791618000,0.0,0.0,-0.50102276
1777316791638000,1777316791638000,0.0,0.0,-0.5012936
1777316791658000,1777316791658000,0.0,0.0,-0.5013684
1777316791678000,1777316791678000,0.0,0.0,-0.50131106
1777316791698000,1777316791698000,0.0,0.0,-0.5014285
1777316791718000,1777316791718000,0.0,0.0,-0.5013183
1777316791738000,1777316791738000,0.0,0.0,-0.50134045
1777316791758000,1777316791758000,0.0,0.0,-0.501557
1777316791778000,1777316791778000,0.0,0.0,-0.5015063
1777316791798000,1777316791798000,0.0,0.0,-0.5013764
1777316791818000,1777316791818000,0.0,0.0,-0.5012773
1777316791838000,1777316791838000,0.0,0.0,-0.50120324
1777316791858000,1777316791858000,0.0,0.0,-0.50114095
1777316791878000,1777316791878000,0.0,0.0,-0.5008474
1777316791898000,1777316791898000,0.0,0.0,-0.5012854
1777316791918000,1777316791918000,0.0,0.0,-0.5011308
1777316791938000,1777316791938000,0.0,0.0,-0.50106984
1777316791958000,1777316791958000,0.0,0.0,-0.5009858
1777316791974000,1777316791974000,0.0,0.0,-0.50082546
1777316791998000,1777316791998000,0.0,0.0,-0.5007467
1777316792018000,1777316792018000,0.0,0.0,-0.5007306
1777316792038000,1777316792038000,0.0,0.0,-0.5004988
1777316792054000,1777316792054000,0.0,0.0,-0.5005324
1777316792074000,1777316792074000,0.0,0.0,-0.5010411
1777316792098000,1777316792098000,0.0,0.0,-0.50050414
1777316792118000,1777316792118000,0.0,0.0,-0.50016487
1777316792138000,1777316792138000,0.0,0.0,-0.4999613
1777316792158000,1777316792158000,0.0,0.0,-0.4998779
1777316792178000,1777316792178000,0.0,0.0,-0.4997214
1777316792198000,1777316792198000,0.0,0.0,-0.49952233
1777316792218000,1777316792218000,0.0,0.0,-0.49943918
1777316792234000,1777316792234000,0.0,0.0,-0.4992673
1777316792258000,1777316792258000,0.0,0.0,-0.49927974
1777316792278000,1777316792278000,0.0,0.0,-0.49922845
1777316792298000,1777316792298000,0.0,0.0,-0.49922776
1777316792314000,1777316792314000,0.0,0.0,-0.49912843
1777316792338000,1777316792338000,0.0,0.0,-0.49908048
1777316792358000,1777316792358000,0.0,0.0,-0.4990339
1777316792378000,1777316792378000,0.0,0.0,-0.4988263
1777316792398000,1777316792398000,0.0,0.0,-0.4986071
1777316792418000,1777316792418000,0.0,0.0,-0.4986046
1777316792438000,1777316792438000,0.0,0.0,-0.498383
1777316792458000,1777316792458000,0.0,0.0,-0.49818313
1777316792478000,1777316792478000,0.0,0.0,-0.4979829
1777316792498000,1777316792498000,0.0,0.0,-0.49779937
1777316792518000,1777316792518000,0.0,0.0,-0.49754658
1777316792534000,1777316792534000,0.0,0.0,-0.4975448
1777316792558000,1777316792558000,0.0,0.0,-0.49740806
1777316792578000,1777316792578000,0.0,0.0,-0.4972994
1777316792598000,1777316792598000,0.0,0.0,-0.497965
1777316792618000,1777316792618000,0.0,0.0,-0.49847406
1777316792638000,1777316792638000,0.0,0.0,-0.4991483
1777316792658000,1777316792658000,0.0,0.0,-0.49965248
1777316792678000,1777316792678000,0.0,0.0,-0.50047016
1777316792694000,1777316792694000,0.0,0.0,-0.5009797
1777316792718000,1777316792718000,0.0,0.0,-0.5016479
1777316792738000,1777316792738000,0.0,0.0,-0.5020081
1777316792758000,1777316792758000,0.0,0.0,-0.5026338
1777316792778000,1777316792778000,0.0,0.0,-0.5030988
1777316792798000,1777316792798000,0.0,0.0,-0.5038284
1777316792814000,1777316792814000,0.0,0.0,-0.504174
1777316792834000,1777316792834000,0.0,0.0,-0.5035751
1777316792858000,1777316792858000,0.0,0.0,-0.50526685
1777316792878000,1777316792878000,0.0,0.0,-0.5063688
1777316792898000,1777316792898000,0.0,0.0,-0.5069911
1777316792914000,1777316792914000,0.0,0.0,-0.5063404
1777316792938000,1777316792938000,0.0,0.0,-0.5083512
1777316792958000,1777316792958000,0.0,0.0,-0.5093104
1777316792974000,1777316792974000,0.0,0.0,-0.5099142
1777316792998000,1777316792998000,0.0,0.0,-0.51081795
1777316793018000,1777316793018000,0.0,0.0,-0.51146686
1777316793038000,1777316793038000,0.0,0.0,-0.5112251
1777316793058000,1777316793058000,0.0,0.0,-0.5109699
1777316793078000,1777316793078000,0.0,0.0,-0.5106123
1777316793098000,1777316793098000,0.0,0.0,-0.5103391
1777316793118000,1777316793118000,0.0,0.0,-0.51022446
1777316793138000,1777316793138000,0.0,0.0,-0.51014113
1777316793158000,1777316793158000,0.0,0.0,-0.51037586
1777316793174000,1777316793174000,0.0,0.0,-0.5105232
1777316793198000,1777316793198000,0.0,0.0,-0.51063335
1777316793214000,1777316793214000,0.0,0.0,-0.51084703
1777316793238000,1777316793238000,0.0,0.0,-0.5110517
1777316793258000,1777316793258000,0.0,0.0,-0.51130295
1777316793278000,1777316793278000,0.0,0.0,-0.51142734
1777316793298000,1777316793298000,0.0,0.0,-0.51154125
1777316793318000,1777316793318000,0.0,0.0,-0.5118082
1777316793338000,1777316793338000,0.0,0.0,-0.5116626
1777316793354000,1777316793354000,0.0,0.0,-0.5111624
1777316793378000,1777316793378000,0.0,0.0,-0.5119403
1777316793398000,1777316793398000,0.0,0.0,-0.5126608
1777316793418000,1777316793418000,0.0,0.0,-0.51302826
1777316793438000,1777316793438000,0.0,0.0,-0.51307976
1777316793458000,1777316793458000,0.0,0.0,-0.5131124
1777316793478000,1777316793478000,0.0,0.0,-0.5135259
1777316793498000,1777316793498000,0.0,0.0,-0.51363206
1777316793518000,1777316793518000,0.0,0.0,-0.51318693
1777316793534000,1777316793534000,0.0,0.0,-0.5129073
1777316793558000,1777316793558000,0.0,0.0,-0.5127434
1777316793578000,1777316793578000,0.0,0.0,-0.5124884
1777316793598000,1777316793598000,0.0,0.0,-0.5121924
1777316793618000,1777316793618000,0.0,0.0,-0.5120488
1777316793638000,1777316793638000,0.0,0.0,-0.51166576
1777316793658000,1777316793658000,0.0,0.0,-0.51091474
1777316793678000,1777316793678000,0.0,0.0,-0.5114453
1777316793698000,1777316793698000,0.0,0.0,-0.5113161
1777316793718000,1777316793718000,0.0,0.0,-0.5110991
1777316793738000,1777316793738000,0.0,0.0,-0.5109891
1777316793758000,1777316793758000,0.0,0.0,-0.51090795
1777316793778000,1777316793778000,0.0,0.0,-0.5108131
1777316793798000,1777316793798000,0.0,0.0,-0.510674
1777316793818000,1777316793818000,0.0,0.0,-0.5106246
1777316793838000,1777316793838000,0.0,0.0,-0.51036173
1777316793858000,1777316793858000,0.0,0.0,-0.509538
1777316793878000,1777316793878000,0.0,0.0,-0.5099896
1777316793898000,1777316793898000,0.0,0.0,-0.5098974
1777316793918000,1777316793918000,0.0,0.0,-0.5097474
1777316793938000,1777316793938000,0.0,0.0,-0.50970215
1777316793958000,1777316793958000,0.0,0.0,-0.50957936
1777316793978000,1777316793978000,0.0,0.0,-0.5093823
1777316793998000,1777316793998000,0.0,0.0,-0.50930136
1777316794018000,1777316794018000,0.0,0.0,-0.5092318
1777316794038000,1777316794038000,0.0,0.0,-0.5090403
1777316794054000,1777316794054000,0.0,0.0,-0.5090672
1777316794078000,1777316794078000,0.0,0.0,-0.50912297
1777316794098000,1777316794098000,0.0,0.0,-0.50914276
1777316794118000,1777316794118000,0.0,0.0,-0.509197
1777316794134000,1777316794134000,0.0,0.0,-0.5091329
1777316794158000,1777316794158000,0.0,0.0,-0.50902116
1777316794178000,1777316794178000,0.0,0.0,-0.50905347
1777316794198000,1777316794198000,0.0,0.0,-0.5089442
1777316794218000,1777316794218000,0.0,0.0,-0.5089656
1777316794238000,1777316794238000,0.0,0.0,-0.50884974
1777316794258000,1777316794258000,0.0,0.0,-0.5088002
1777316794274000,1777316794274000,0.0,0.0,-0.5072057
1777316794298000,1777316794298000,0.0,0.0,-0.50888383
1777316794318000,1777316794318000,0.0,0.0,-0.50913167
1777316794338000,1777316794338000,0.0,0.0,-0.5091205
1777316794358000,1777316794358000,0.0,0.0,-0.50914913
1777316794378000,1777316794378000,0.0,0.0,-0.5092226
1777316794398000,1777316794398000,0.0,0.0,-0.50936997
1777316794414000,1777316794414000,0.0,0.0,-0.509374
1777316794438000,1777316794438000,0.0,0.0,-0.5094064
1777316794458000,1777316794458000,0.0,0.0,-0.50948566
1777316794478000,1777316794478000,0.0,0.0,-0.5097074
1777316794498000,1777316794498000,0.0,0.0,-0.5096612
1777316794518000,1777316794518000,0.0,0.0,-0.50970596
1777316794534000,1777316794534000,0.0,0.0,-0.50974953
1777316794558000,1777316794558000,0.0,0.0,-0.50993395
1777316794578000,1777316794578000,0.0,0.0,-0.5099507
1777316794598000,1777316794598000,0.0,0.0,-0.5100049
1777316794618000,1777316794618000,0.0,0.0,-0.5091483
1777316794638000,1777316794638000,0.0,0.0,-0.51037204
1777316794658000,1777316794658000,0.0,0.0,-0.51041687
1777316794678000,1777316794678000,0.0,0.0,-0.5104964
1777316794698000,1777316794698000,0.0,0.0,-0.5097285
1777316794718000,1777316794718000,0.0,0.0,-0.50828516
1777316794738000,1777316794738000,0.0,0.0,-0.5074976
1777316794758000,1777316794758000,0.0,0.0,-0.50666934
1777316794778000,1777316794778000,0.0,0.0,-0.506177
1777316794798000,1777316794798000,0.0,0.0,-0.5054851
1777316794818000,1777316794818000,0.0,0.0,-0.5050416
1777316794838000,1777316794838000,0.0,0.0,-0.50443834
1777316794858000,1777316794858000,0.0,0.0,-0.5039936
1777316794878000,1777316794878000,0.0,0.0,-0.50364494
1777316794898000,1777316794898000,0.0,0.0,-0.50349224
1777316794918000,1777316794918000,0.0,0.0,-0.50288916
1777316794938000,1777316794938000,0.0,0.0,-0.50251985
1777316794958000,1777316794958000,0.0,0.0,-0.5020632
1777316794978000,1777316794978000,0.0,0.0,-0.5017966
1777316794998000,1777316794998000,0.0,0.0,-0.50138175
1777316795018000,1777316795018000,0.0,0.0,-0.5010156
1777316795038000,1777316795038000,0.0,0.0,-0.5004355
1777316795058000,1777316795058000,0.0,0.0,-0.5000433
1777316795078000,1777316795078000,0.0,0.0,-0.49969125
1777316795098000,1777316795098000,0.0,0.0,-0.4993542
1777316795118000,1777316795118000,0.0,0.0,-0.49896735
1777316795138000,1777316795138000,0.0,0.0,-0.49876893
1777316795158000,1777316795158000,0.0,0.0,-0.49849707
1777316795178000,1777316795178000,0.0,0.0,-0.49821508
1777316795198000,1777316795198000,0.0,0.0,-0.49775293
1777316795218000,1777316795218000,0.0,0.0,-0.49751702
1777316795238000,1777316795238000,0.0,0.0,-0.49718872
1777316795258000,1777316795258000,0.0,0.0,-0.49697784
1777316795278000,1777316795278000,0.0,0.0,-0.4969021
1777316795298000,1777316795298000,0.0,0.0,-0.49659848
1777316795318000,1777316795318000,0.0,0.0,-0.49643624
1777316795338000,1777316795338000,0.0,0.0,-0.4963019
1777316795358000,1777316795358000,0.0,0.0,-0.49606878
1777316795378000,1777316795378000,0.0,0.0,-0.49596217
1777316795398000,1777316795398000,0.0,0.0,-0.49594826
1777316795418000,1777316795418000,0.0,0.0,-0.49596617
1777316795438000,1777316795438000,0.0,0.0,-0.49596488
1777316795458000,1777316795458000,0.0,0.0,-0.4959785
1777316795478000,1777316795478000,0.0,0.0,-0.4960701
1777316795498000,1777316795498000,0.0,0.0,-0.4960978
1777316795518000,1777316795518000,0.0,0.0,-0.49622825
1777316795538000,1777316795538000,0.0,0.0,-0.49648014
1777316795558000,1777316795558000,0.0,0.0,-0.49664092
1777316795578000,1777316795578000,0.0,0.0,-0.4968155
1777316795598000,1777316795598000,0.0,0.0,-0.497047
1777316795618000,1777316795618000,0.0,0.0,-0.49723372
1777316795638000,1777316795638000,0.0,0.0,-0.49757713
1777316795654000,1777316795654000,0.0,0.0,-0.49769282
1777316795678000,1777316795678000,0.0,0.0,-0.49798387
1777316795698000,1777316795698000,0.0,0.0,-0.4982872
1777316795718000,1777316795718000,0.0,0.0,-0.4987114
1777316795738000,1777316795738000,0.0,0.0,-0.4989571
1777316795758000,1777316795758000,0.0,0.0,-0.49941385
1777316795774000,1777316795774000,0.0,0.0,-0.49983397
1777316795794000,1777316795794000,0.0,0.0,-0.5006136
1777316795818000,1777316795818000,0.0,0.0,-0.50102663
1777316795838000,1777316795838000,0.0,0.0,-0.50188875
1777316795858000,1777316795858000,0.0,0.0,-0.5023983
1777316795878000,1777316795878000,0.0,0.0,-0.50329477
1777316795898000,1777316795898000,0.0,0.0,-0.50402796
1777316795918000,1777316795918000,0.0,0.0,-0.5048704
1777316795938000,1777316795938000,0.0,0.0,-0.5054659
1777316795958000,1777316795958000,0.0,0.0,-0.50660735
1777316795974000,1777316795974000,0.0,0.0,-0.5075066
1777316795998000,1777316795998000,0.0,0.0,-0.50896484
1777316796018000,1777316796018000,0.0,0.0,-0.5098138
1777316796038000,1777316796038000,0.0,0.0,-0.510795
1777316796058000,1777316796058000,0.0,0.0,-0.51158965
1777316796078000,1777316796078000,0.0,0.0,-0.51332027
1777316796098000,1777316796098000,0.0,0.0,-0.5143973
1777316796118000,1777316796118000,0.0,0.0,-0.515832
1777316796138000,1777316796138000,0.0,0.0,-0.5167813
1777316796154000,1777316796154000,0.0,0.0,-0.51699454
1777316796178000,1777316796178000,0.0,0.0,-0.5196502
1777316796198000,1777316796198000,0.0,0.0,-0.5197884
1777316796214000,1777316796214000,0.0,0.0,-0.5196475
1777316796238000,1777316796238000,0.0,0.0,-0.5195181
1777316796258000,1777316796258000,0.0,0.0,-0.5195807
1777316796278000,1777316796278000,0.0,0.0,-0.5199805
1777316796298000,1777316796298000,0.0,0.0,-0.52009726
1777316796318000,1777316796318000,0.0,0.0,-0.5206317
1777316796338000,1777316796338000,0.0,0.0,-0.5208729
1777316796358000,1777316796358000,0.0,0.0,-0.5213799
1777316796378000,1777316796378000,0.0,0.0,-0.5219625
1777316796394000,1777316796394000,0.0,0.0,-0.5219882
1777316796418000,1777316796418000,0.0,0.0,-0.523023
1777316796438000,1777316796438000,0.0,0.0,-0.5234458
1777316796454000,1777316796454000,0.0,0.0,-0.52375007
1777316796478000,1777316796478000,0.0,0.0,-0.52471095
1777316796498000,1777316796498000,0.0,0.0,-0.5249124
1777316796514000,1777316796514000,0.0,0.0,-0.5254249
1777316796534000,1777316796534000,0.0,0.0,-0.52581155
1777316796554000,1777316796554000,0.0,0.0,-0.52561325
1777316796578000,1777316796578000,0.0,0.0,-0.52698517
1777316796598000,1777316796598000,0.0,0.0,-0.5274924
1777316796618000,1777316796618000,0.0,0.0,-0.5277645
1777316796638000,1777316796638000,0.0,0.0,-0.52846295
1777316796658000,1777316796658000,0.0,0.0,-0.52873635
1777316796678000,1777316796678000,0.0,0.0,-0.5291236
1777316796698000,1777316796698000,0.0,0.0,-0.52955586
1777316796714000,1777316796714000,0.0,0.0,-0.52893704
1777316796738000,1777316796738000,0.0,0.0,-0.5300474
1777316796758000,1777316796758000,0.0,0.0,-0.53027236
1777316796778000,1777316796778000,0.0,0.0,-0.5304063
1777316796798000,1777316796798000,0.0,0.0,-0.5308106
1777316796814000,1777316796814000,0.0,0.0,-0.5308599
1777316796838000,1777316796838000,0.0,0.0,-0.5308915
1777316796858000,1777316796858000,0.0,0.0,-0.53089225
1777316796878000,1777316796878000,0.0,0.0,-0.5311788
1777316796894000,1777316796894000,0.0,0.0,-0.53146243
1777316796918000,1777316796918000,0.0,0.0,-0.53150356
1777316796938000,1777316796938000,0.0,0.0,-0.5316587
1777316796958000,1777316796958000,0.0,0.0,-0.5317646
1777316796978000,1777316796978000,0.0,0.0,-0.5316754
1777316796994000,1777316796994000,0.0,0.0,-0.53057325
1777316797018000,1777316797018000,0.0,0.0,-0.5320196
1777316797038000,1777316797038000,0.0,0.0,-0.53199947
1777316797058000,1777316797058000,0.0,0.0,-0.5319104
1777316797078000,1777316797078000,0.0,0.0,-0.5317367
1777316797098000,1777316797098000,0.0,0.0,-0.53189534
1777316797118000,1777316797118000,0.0,0.0,-0.53192616
1777316797138000,1777316797138000,0.0,0.0,-0.5318879
1777316797158000,1777316797158000,0.0,0.0,-0.5322688
1777316797178000,1777316797178000,0.0,0.0,-0.53214324
1777316797198000,1777316797198000,0.0,0.0,-0.53212446
1777316797218000,1777316797218000,0.0,0.0,-0.5321305
1777316797238000,1777316797238000,0.0,0.0,-0.53199816
1777316797258000,1777316797258000,0.0,0.0,-0.53089434
1777316797278000,1777316797278000,0.0,0.0,-0.5293436
1777316797298000,1777316797298000,0.0,0.0,-0.5284594
1777316797318000,1777316797318000,0.0,0.0,-0.52704537
1777316797338000,1777316797338000,0.0,0.0,-0.52595806
1777316797358000,1777316797358000,0.0,0.0,-0.5245685
1777316797378000,1777316797378000,0.0,0.0,-0.52380234
1777316797398000,1777316797398000,0.0,0.0,-0.5227601
1777316797418000,1777316797418000,0.0,0.0,-0.5219335
1777316797434000,1777316797434000,0.0,0.0,-0.5208115
1777316797458000,1777316797458000,0.0,0.0,-0.5203568
1777316797478000,1777316797478000,0.0,0.0,-0.51957226
1777316797498000,1777316797498000,0.0,0.0,-0.5190564
1777316797518000,1777316797518000,0.0,0.0,-0.5184508
1777316797538000,1777316797538000,0.0,0.0,-0.51778984
1777316797558000,1777316797558000,0.0,0.0,-0.5169443
1777316797578000,1777316797578000,0.0,0.0,-0.515817
1777316797598000,1777316797598000,0.0,0.0,-0.5155265
1777316797618000,1777316797618000,0.0,0.0,-0.51497173
1777316797638000,1777316797638000,0.0,0.0,-0.514
1777316797658000,1777316797658000,0.0,0.0,-0.5135638
1777316797678000,1777316797678000,0.0,0.0,-0.51265144
1777316797698000,1777316797698000,0.0,0.0,-0.5118712
1777316797718000,1777316797718000,0.0,0.0,-0.5110568
1777316797738000,1777316797738000,0.0,0.0,-0.5104698
1777316797758000,1777316797758000,0.0,0.0,-0.50968075
1777316797778000,1777316797778000,0.0,0.0,-0.5091963
1777316797798000,1777316797798000,0.0,0.0,-0.50829405
1777316797818000,1777316797818000,0.0,0.0,-0.50793475
1777316797838000,1777316797838000,0.0,0.0,-0.5072995
1777316797858000,1777316797858000,0.0,0.0,-0.50688887
1777316797878000,1777316797878000,0.0,0.0,-0.50607765
1777316797898000,1777316797898000,0.0,0.0,-0.50553024
1777316797918000,1777316797918000,0.0,0.0,-0.5049861
1777316797934000,1777316797934000,0.0,0.0,-0.50477487
1777316797958000,1777316797958000,0.0,0.0,-0.5042399
1777316797978000,1777316797978000,0.0,0.0,-0.50391406
1777316797994000,1777316797994000,0.0,0.0,-0.5030144
1777316798018000,1777316798018000,0.0,0.0,-0.5036619
1777316798034000,1777316798034000,0.0,0.0,-0.50274765
1777316798054000,1777316798054000,0.0,0.0,-0.5030887
1777316798078000,1777316798078000,0.0,0.0,-0.5028103
1777316798098000,1777316798098000,0.0,0.0,-0.5027057
1777316798118000,1777316798118000,0.0,0.0,-0.5023726
1777316798138000,1777316798138000,0.0,0.0,-0.50207716
1777316798154000,1777316798154000,0.0,0.0,-0.50116163
1777316798178000,1777316798178000,0.0,0.0,-0.50162387
1777316798198000,1777316798198000,0.0,0.0,-0.50124055
1777316798218000,1777316798218000,0.0,0.0,-0.5010399
1777316798238000,1777316798238000,0.0,0.0,-0.5008736
1777316798258000,1777316798258000,0.0,0.0,-0.5007342
1777316798278000,1777316798278000,0.0,0.0,-0.50049824
1777316798298000,1777316798298000,0.0,0.0,-0.5003062
1777316798318000,1777316798318000,0.0,0.0,-0.5001138
1777316798338000,1777316798338000,0.0,0.0,-0.5000628
1777316798358000,1777316798358000,0.0,0.0,-0.5000705
1777316798378000,1777316798378000,0.0,0.0,-0.4994403
1777316798398000,1777316798398000,0.0,0.0,-0.49995786
1777316798418000,1777316798418000,0.0,0.0,-0.49987808
1777316798438000,1777316798438000,0.0,0.0,-0.49990293
1777316798458000,1777316798458000,0.0,0.0,-0.49989066
1777316798478000,1777316798478000,0.0,0.0,-0.4999822
1777316798498000,1777316798498000,0.0,0.0,-0.49995667
1777316798518000,1777316798518000,0.0,0.0,-0.4999668
1777316798538000,1777316798538000,0.0,0.0,-0.5000617
1777316798558000,1777316798558000,0.0,0.0,-0.50037736
1777316798578000,1777316798578000,0.0,0.0,-0.5004183
1777316798598000,1777316798598000,0.0,0.0,-0.5005557
1777316798618000,1777316798618000,0.0,0.0,-0.50050324
1777316798638000,1777316798638000,0.0,0.0,-0.5006317
1777316798658000,1777316798658000,0.0,0.0,-0.5001389
1777316798678000,1777316798678000,0.0,0.0,-0.500914
1777316798698000,1777316798698000,0.0,0.0,-0.50087833
1777316798718000,1777316798718000,0.0,0.0,-0.5009256
1777316798738000,1777316798738000,0.0,0.0,-0.50109583
1777316798758000,1777316798758000,0.0,0.0,-0.5013024
1777316798778000,1777316798778000,0.0,0.0,-0.50143605
1777316798798000,1777316798798000,0.0,0.0,-0.50158656
1777316798818000,1777316798818000,0.0,0.0,-0.5010875
1777316798838000,1777316798838000,0.0,0.0,-0.5002338
1777316798858000,1777316798858000,0.0,0.0,-0.49972776
1777316798878000,1777316798878000,0.0,0.0,-0.49913618
1777316798898000,1777316798898000,0.0,0.0,-0.49876544
1777316798918000,1777316798918000,0.0,0.0,-0.4983732
1777316798938000,1777316798938000,0.0,0.0,-0.49816343
1777316798958000,1777316798958000,0.0,0.0,-0.49792135
1777316798978000,1777316798978000,0.0,0.0,-0.4977193
1777316798998000,1777316798998000,0.0,0.0,-0.49751106
1777316799018000,1777316799018000,0.0,0.0,-0.4974069
1777316799038000,1777316799038000,0.0,0.0,-0.49724886
1777316799058000,1777316799058000,0.0,0.0,-0.4970605
1777316799078000,1777316799078000,0.0,0.0,-0.49689776
1777316799098000,1777316799098000,0.0,0.0,-0.49665186
1777316799118000,1777316799118000,0.0,0.0,-0.49641314
1777316799138000,1777316799138000,0.0,0.0,-0.49632713
1777316799158000,1777316799158000,0.0,0.0,-0.49607185
1777316799178000,1777316799178000,0.0,0.0,-0.4958925
1777316799198000,1777316799198000,0.0,0.0,-0.4956513
1777316799218000,1777316799218000,0.0,0.0,-0.4955695
1777316799238000,1777316799238000,0.0,0.0,-0.49539638
1777316799258000,1777316799258000,0.0,0.0,-0.49534774
1777316799278000,1777316799278000,0.0,0.0,-0.495142
1777316799294000,1777316799294000,0.0,0.0,-0.49491274
1777316799318000,1777316799318000,0.0,0.0,-0.4947856
1777316799338000,1777316799338000,0.0,0.0,-0.49459422
1777316799358000,1777316799358000,0.0,0.0,-0.49445844
1777316799378000,1777316799378000,0.0,0.0,-0.4944335
1777316799398000,1777316799398000,0.0,0.0,-0.49447373
1777316799418000,1777316799418000,0.0,0.0,-0.4943918
1777316799438000,1777316799438000,0.0,0.0,-0.49454
1777316799458000,1777316799458000,0.0,0.0,-0.49450254
1777316799478000,1777316799478000,0.0,0.0,-0.49446294
1777316799494000,1777316799494000,0.0,0.0,-0.4944891
1777316799518000,1777316799518000,0.0,0.0,-0.49447334
1777316799538000,1777316799538000,0.0,0.0,-0.49452412
1777316799558000,1777316799558000,0.0,0.0,-0.49447477
1777316799578000,1777316799578000,0.0,0.0,-0.49436122
1777316799598000,1777316799598000,0.0,0.0,-0.4943364
1777316799618000,1777316799618000,0.0,0.0,-0.4943721
1777316799638000,1777316799638000,0.0,0.0,-0.4945747
1777316799658000,1777316799658000,0.0,0.0,-0.49466866
1777316799678000,1777316799678000,0.0,0.0,-0.49490064
1777316799698000,1777316799698000,0.0,0.0,-0.4950563
1777316799718000,1777316799718000,0.0,0.0,-0.49534577
1777316799738000,1777316799738000,0.0,0.0,-0.4956978
1777316799758000,1777316799758000,0.0,0.0,-0.49616158
1777316799778000,1777316799778000,0.0,0.0,-0.49639294
1777316799798000,1777316799798000,0.0,0.0,-0.49687546
1777316799818000,1777316799818000,0.0,0.0,-0.4972457
1777316799838000,1777316799838000,0.0,0.0,-0.49759105
1777316799858000,1777316799858000,0.0,0.0,-0.49808615
1777316799878000,1777316799878000,0.0,0.0,-0.49865264
1777316799898000,1777316799898000,0.0,0.0,-0.499015
1777316799918000,1777316799918000,0.0,0.0,-0.49962467
1777316799938000,1777316799938000,0.0,0.0,-0.500135
1777316799958000,1777316799958000,0.0,0.0,-0.5007129
1777316799978000,1777316799978000,0.0,0.0,-0.5012428
1777316799998000,1777316799998000,0.0,0.0,-0.502036
1777316800018000,1777316800018000,0.0,0.0,-0.5027175
1777316800038000,1777316800038000,0.0,0.0,-0.5035691
1777316800058000,1777316800058000,0.0,0.0,-0.50416464
1777316800078000,1777316800078000,0.0,0.0,-0.5051465
1777316800098000,1777316800098000,0.0,0.0,-0.50588703
1777316800118000,1777316800118000,0.0,0.0,-0.50720674
1777316800138000,1777316800138000,0.0,0.0,-0.5079112
1777316800158000,1777316800158000,0.0,0.0,-0.509084
1777316800178000,1777316800178000,0.0,0.0,-0.509944
1777316800198000,1777316800198000,0.0,0.0,-0.5110945
1777316800218000,1777316800218000,0.0,0.0,-0.51200783
1777316800238000,1777316800238000,0.0,0.0,-0.51336867
1777316800258000,1777316800258000,0.0,0.0,-0.51441854
1777316800278000,1777316800278000,0.0,0.0,-0.51587474
1777316800298000,1777316800298000,0.0,0.0,-0.5167062
1777316800318000,1777316800318000,0.0,0.0,-0.5169628
1777316800338000,1777316800338000,0.0,0.0,-0.5167176
1777316800358000,1777316800358000,0.0,0.0,-0.51664615
1777316800374000,1777316800374000,0.0,0.0,-0.5165761
1777316800398000,1777316800398000,0.0,0.0,-0.51664495
1777316800418000,1777316800418000,0.0,0.0,-0.5166196
1777316800434000,1777316800434000,0.0,0.0,-0.5170847
1777316800458000,1777316800458000,0.0,0.0,-0.51720417
1777316800478000,1777316800478000,0.0,0.0,-0.5178706
1777316800498000,1777316800498000,0.0,0.0,-0.51832515
1777316800518000,1777316800518000,0.0,0.0,-0.5187481
1777316800538000,1777316800538000,0.0,0.0,-0.5190022
1777316800558000,1777316800558000,0.0,0.0,-0.51940894
1777316800578000,1777316800578000,0.0,0.0,-0.51998293
1777316800598000,1777316800598000,0.0,0.0,-0.52038807
1777316800618000,1777316800618000,0.0,0.0,-0.520714
1777316800638000,1777316800638000,0.0,0.0,-0.5214238
1777316800658000,1777316800658000,0.0,0.0,-0.52180475
1777316800674000,1777316800674000,0.0,0.0,-0.5217245
1777316800698000,1777316800698000,0.0,0.0,-0.5224019
1777316800718000,1777316800718000,0.0,0.0,-0.52301705
1777316800738000,1777316800738000,0.0,0.0,-0.5233616
1777316800758000,1777316800758000,0.0,0.0,-0.5237023
1777316800778000,1777316800778000,0.0,0.0,-0.5238955
1777316800798000,1777316800798000,0.0,0.0,-0.52411246
1777316800814000,1777316800814000,0.0,0.0,-0.524162
1777316800838000,1777316800838000,0.0,0.0,-0.52436
1777316800858000,1777316800858000,0.0,0.0,-0.52443945
1777316800878000,1777316800878000,0.0,0.0,-0.525029
1777316800898000,1777316800898000,0.0,0.0,-0.5251557
1777316800918000,1777316800918000,0.0,0.0,-0.52526444
1777316800934000,1777316800934000,0.0,0.0,-0.5253441
1777316800958000,1777316800958000,0.0,0.0,-0.5257319
1777316800978000,1777316800978000,0.0,0.0,-0.5257832
1777316800998000,1777316800998000,0.0,0.0,-0.52608144
1777316801014000,1777316801014000,0.0,0.0,-0.5262667
1777316801038000,1777316801038000,0.0,0.0,-0.5263833
1777316801058000,1777316801058000,0.0,0.0,-0.5261094
1777316801078000,1777316801078000,0.0,0.0,-0.5266066
1777316801098000,1777316801098000,0.0,0.0,-0.5267184
1777316801118000,1777316801118000,0.0,0.0,-0.5267972
1777316801138000,1777316801138000,0.0,0.0,-0.5261629
1777316801158000,1777316801158000,0.0,0.0,-0.52670485
1777316801174000,1777316801174000,0.0,0.0,-0.5267368
1777316801198000,1777316801198000,0.0,0.0,-0.52668214
1777316801218000,1777316801218000,0.0,0.0,-0.5267331
1777316801238000,1777316801238000,0.0,0.0,-0.5265519
1777316801254000,1777316801254000,0.0,0.0,-0.5264431
1777316801278000,1777316801278000,0.0,0.0,-0.5261212
1777316801298000,1777316801298000,0.0,0.0,-0.5261049
1777316801318000,1777316801318000,0.0,0.0,-0.5259341
1777316801338000,1777316801338000,0.0,0.0,-0.5259492
1777316801358000,1777316801358000,0.0,0.0,-0.52582663
1777316801378000,1777316801378000,0.0,0.0,-0.52585155
1777316801398000,1777316801398000,0.0,0.0,-0.5257018
1777316801418000,1777316801418000,0.0,0.0,-0.5255435
1777316801438000,1777316801438000,0.0,0.0,-0.52560717
1777316801458000,1777316801458000,0.0,0.0,-0.5246406
1777316801478000,1777316801478000,0.0,0.0,-0.5252803
1777316801498000,1777316801498000,0.0,0.0,-0.5243004
1777316801518000,1777316801518000,0.0,0.0,-0.52295065
1777316801538000,1777316801538000,0.0,0.0,-0.52213234
1777316801558000,1777316801558000,0.0,0.0,-0.5211127
1777316801578000,1777316801578000,0.0,0.0,-0.520489
1777316801598000,1777316801598000,0.0,0.0,-0.5192521
1777316801618000,1777316801618000,0.0,0.0,-0.5187029
1777316801638000,1777316801638000,0.0,0.0,-0.5178922
1777316801658000,1777316801658000,0.0,0.0,-0.5173425
1777316801678000,1777316801678000,0.0,0.0,-0.51656723
1777316801698000,1777316801698000,0.0,0.0,-0.5161691
1777316801718000,1777316801718000,0.0,0.0,-0.5154535
1777316801738000,1777316801738000,0.0,0.0,-0.5150991
1777316801758000,1777316801758000,0.0,0.0,-0.5144773
1777316801778000,1777316801778000,0.0,0.0,-0.5139555
1777316801798000,1777316801798000,0.0,0.0,-0.513384
1777316801818000,1777316801818000,0.0,0.0,-0.5129245
1777316801838000,1777316801838000,0.0,0.0,-0.51214284
1777316801858000,1777316801858000,0.0,0.0,-0.5110982
1777316801874000,1777316801874000,0.0,0.0,-0.51043665
1777316801898000,1777316801898000,0.0,0.0,-0.5101249
1777316801918000,1777316801918000,0.0,0.0,-0.5101126
1777316801938000,1777316801938000,0.0,0.0,-0.50980484
1777316801954000,1777316801954000,0.0,0.0,-0.5085153
1777316801978000,1777316801978000,0.0,0.0,-0.50851357
1777316801998000,1777316801998000,0.0,0.0,-0.5079581
1777316802018000,1777316802018000,0.0,0.0,-0.50755656
1777316802038000,1777316802038000,0.0,0.0,-0.50702906
1777316802058000,1777316802058000,0.0,0.0,-0.5066542
1777316802078000,1777316802078000,0.0,0.0,-0.506143
1777316802098000,1777316802098000,0.0,0.0,-0.50585425
1777316802118000,1777316802118000,0.0,0.0,-0.5055645
1777316802138000,1777316802138000,0.0,0.0,-0.50525486
1777316802158000,1777316802158000,0.0,0.0,-0.5049468
1777316802178000,1777316802178000,0.0,0.0,-0.50470793
1777316802198000,1777316802198000,0.0,0.0,-0.5044059
1777316802218000,1777316802218000,0.0,0.0,-0.5041914
1777316802238000,1777316802238000,0.0,0.0,-0.5040086
1777316802258000,1777316802258000,0.0,0.0,-0.50384825
1777316802278000,1777316802278000,0.0,0.0,-0.50356346
1777316802298000,1777316802298000,0.0,0.0,-0.5032708
1777316802318000,1777316802318000,0.0,0.0,-0.50294614
1777316802338000,1777316802338000,0.0,0.0,-0.5026814
1777316802358000,1777316802358000,0.0,0.0,-0.5024281
1777316802378000,1777316802378000,0.0,0.0,-0.502533
1777316802398000,1777316802398000,0.0,0.0,-0.50249046
1777316802414000,1777316802414000,0.0,0.0,-0.5024259
1777316802438000,1777316802438000,0.0,0.0,-0.5023735
1777316802458000,1777316802458000,0.0,0.0,-0.5022025
1777316802478000,1777316802478000,0.0,0.0,-0.50226235
1777316802498000,1777316802498000,0.0,0.0,-0.50221837
1777316802518000,1777316802518000,0.0,0.0,-0.5021274
1777316802538000,1777316802538000,0.0,0.0,-0.5020945
1777316802558000,1777316802558000,0.0,0.0,-0.5020982
1777316802578000,1777316802578000,0.0,0.0,-0.502233
1777316802598000,1777316802598000,0.0,0.0,-0.5023307
1777316802618000,1777316802618000,0.0,0.0,-0.50182337
1777316802638000,1777316802638000,0.0,0.0,-0.50265616
1777316802658000,1777316802658000,0.0,0.0,-0.5027277
1777316802678000,1777316802678000,0.0,0.0,-0.5029629
1777316802698000,1777316802698000,0.0,0.0,-0.5030207
1777316802718000,1777316802718000,0.0,0.0,-0.5030668
1777316802738000,1777316802738000,0.0,0.0,-0.5031418
1777316802758000,1777316802758000,0.0,0.0,-0.5034075
1777316802774000,1777316802774000,0.0,0.0,-0.50339603
1777316802794000,1777316802794000,0.0,0.0,-0.5017564
1777316802818000,1777316802818000,0.0,0.0,-0.5027285
1777316802838000,1777316802838000,0.0,0.0,-0.5038279
1777316802858000,1777316802858000,0.0,0.0,-0.5041168
1777316802878000,1777316802878000,0.0,0.0,-0.50427145
1777316802898000,1777316802898000,0.0,0.0,-0.5039608
1777316802918000,1777316802918000,0.0,0.0,-0.50321573
1777316802938000,1777316802938000,0.0,0.0,-0.50268483
1777316802958000,1777316802958000,0.0,0.0,-0.5021291
1777316802978000,1777316802978000,0.0,0.0,-0.5017431
1777316802998000,1777316802998000,0.0,0.0,-0.50129735
1777316803018000,1777316803018000,0.0,0.0,-0.5008903
1777316803038000,1777316803038000,0.0,0.0,-0.50032705
1777316803058000,1777316803058000,0.0,0.0,-0.5001189
1777316803078000,1777316803078000,0.0,0.0,-0.4997971
1777316803098000,1777316803098000,0.0,0.0,-0.49972016
1777316803118000,1777316803118000,0.0,0.0,-0.4994638
1777316803138000,1777316803138000,0.0,0.0,-0.49930218
1777316803158000,1777316803158000,0.0,0.0,-0.4988579
1777316803178000,1777316803178000,0.0,0.0,-0.4987127
1777316803198000,1777316803198000,0.0,0.0,-0.49826849
1777316803218000,1777316803218000,0.0,0.0,-0.49794942
1777316803238000,1777316803238000,0.0,0.0,-0.49753115
1777316803258000,1777316803258000,0.0,0.0,-0.49711844
1777316803278000,1777316803278000,0.0,0.0,-0.4969404
1777316803298000,1777316803298000,0.0,0.0,-0.49653736
1777316803318000,1777316803318000,0.0,0.0,-0.49649245
1777316803338000,1777316803338000,0.0,0.0,-0.49616694
1777316803358000,1777316803358000,0.0,0.0,-0.49598494
1777316803378000,1777316803378000,0.0,0.0,-0.4958487
1777316803398000,1777316803398000,0.0,0.0,-0.49559462
1777316803418000,1777316803418000,0.0,0.0,-0.49523363
1777316803438000,1777316803438000,0.0,0.0,-0.4951348
1777316803458000,1777316803458000,0.0,0.0,-0.49490857
1777316803478000,1777316803478000,0.0,0.0,-0.4947386
1777316803498000,1777316803498000,0.0,0.0,-0.4946882
1777316803518000,1777316803518000,0.0,0.0,-0.494889
1777316803538000,1777316803538000,0.0,0.0,-0.49489436
1777316803558000,1777316803558000,0.0,0.0,-0.49489272
1777316803578000,1777316803578000,0.0,0.0,-0.4948945
1777316803594000,1777316803594000,0.0,0.0,-0.49507064
1777316803618000,1777316803618000,0.0,0.0,-0.49501288
1777316803638000,1777316803638000,0.0,0.0,-0.4951236
1777316803654000,1777316803654000,0.0,0.0,-0.49517894
1777316803678000,1777316803678000,0.0,0.0,-0.49533847
1777316803698000,1777316803698000,0.0,0.0,-0.49542457
1777316803718000,1777316803718000,0.0,0.0,-0.49551424
1777316803738000,1777316803738000,0.0,0.0,-0.49556065
1777316803758000,1777316803758000,0.0,0.0,-0.49581894
1777316803778000,1777316803778000,0.0,0.0,-0.49609616
1777316803798000,1777316803798000,0.0,0.0,-0.49658987
1777316803818000,1777316803818000,0.0,0.0,-0.49682447
1777316803838000,1777316803838000,0.0,0.0,-0.49719003
1777316803858000,1777316803858000,0.0,0.0,-0.49756488
1777316803878000,1777316803878000,0.0,0.0,-0.4981159
1777316803898000,1777316803898000,0.0,0.0,-0.4983147
1777316803918000,1777316803918000,0.0,0.0,-0.49891913
1777316803938000,1777316803938000,0.0,0.0,-0.49925214
1777316803958000,1777316803958000,0.0,0.0,-0.4997616
1777316803978000,1777316803978000,0.0,0.0,-0.5001619
1777316803998000,1777316803998000,0.0,0.0,-0.500844
1777316804014000,1777316804014000,0.0,0.0,-0.5014332
1777316804038000,1777316804038000,0.0,0.0,-0.50225616
1777316804058000,1777316804058000,0.0,0.0,-0.50277114
1777316804078000,1777316804078000,0.0,0.0,-0.503701
1777316804094000,1777316804094000,0.0,0.0,-0.50435174
1777316804118000,1777316804118000,0.0,0.0,-0.50540537
1777316804138000,1777316804138000,0.0,0.0,-0.5060843
1777316804158000,1777316804158000,0.0,0.0,-0.50701964
1777316804178000,1777316804178000,0.0,0.0,-0.50777566
1777316804198000,1777316804198000,0.0,0.0,-0.5089822
1777316804218000,1777316804218000,0.0,0.0,-0.5097833
1777316804238000,1777316804238000,0.0,0.0,-0.51059884
1777316804258000,1777316804258000,0.0,0.0,-0.5115669
1777316804278000,1777316804278000,0.0,0.0,-0.5128811
1777316804298000,1777316804298000,0.0,0.0,-0.51377285
1777316804318000,1777316804318000,0.0,0.0,-0.5151071
1777316804334000,1777316804334000,0.0,0.0,-0.51602477
1777316804358000,1777316804358000,0.0,0.0,-0.5172196
1777316804378000,1777316804378000,0.0,0.0,-0.5183503
1777316804398000,1777316804398000,0.0,0.0,-0.5188263
1777316804418000,1777316804418000,0.0,0.0,-0.5184259
1777316804438000,1777316804438000,0.0,0.0,-0.51811534
1777316804458000,1777316804458000,0.0,0.0,-0.5177503
1777316804478000,1777316804478000,0.0,0.0,-0.51785403
1777316804498000,1777316804498000,0.0,0.0,-0.51810884
1777316804518000,1777316804518000,0.0,0.0,-0.51839453
1777316804538000,1777316804538000,0.0,0.0,-0.5188089
1777316804558000,1777316804558000,0.0,0.0,-0.5192089
1777316804578000,1777316804578000,0.0,0.0,-0.5195575
1777316804598000,1777316804598000,0.0,0.0,-0.5202075
1777316804618000,1777316804618000,0.0,0.0,-0.52052915
1777316804634000,1777316804634000,0.0,0.0,-0.5208011
1777316804658000,1777316804658000,0.0,0.0,-0.52147716
1777316804678000,1777316804678000,0.0,0.0,-0.5222264
1777316804698000,1777316804698000,0.0,0.0,-0.52278763
1777316804714000,1777316804714000,0.0,0.0,-0.5227305
1777316804734000,1777316804734000,0.0,0.0,-0.5235941
1777316804758000,1777316804758000,0.0,0.0,-0.5240348
1777316804778000,1777316804778000,0.0,0.0,-0.5243377
1777316804798000,1777316804798000,0.0,0.0,-0.5250906
1777316804818000,1777316804818000,0.0,0.0,-0.52525127
1777316804838000,1777316804838000,0.0,0.0,-0.5253568
1777316804858000,1777316804858000,0.0,0.0,-0.5256438
1777316804874000,1777316804874000,0.0,0.0,-0.52542263
1777316804898000,1777316804898000,0.0,0.0,-0.5262078
1777316804918000,1777316804918000,0.0,0.0,-0.52620625
1777316804938000,1777316804938000,0.0,0.0,-0.5264667
1777316804958000,1777316804958000,0.0,0.0,-0.5268352
1777316804978000,1777316804978000,0.0,0.0,-0.5270118
1777316804998000,1777316804998000,0.0,0.0,-0.52718127
1777316805018000,1777316805018000,0.0,0.0,-0.5273255
1777316805038000,1777316805038000,0.0,0.0,-0.5274099
1777316805058000,1777316805058000,0.0,0.0,-0.5275114
1777316805078000,1777316805078000,0.0,0.0,-0.5275373
1777316805098000,1777316805098000,0.0,0.0,-0.5274126
1777316805114000,1777316805114000,0.0,0.0,-0.52642477
1777316805138000,1777316805138000,0.0,0.0,-0.5274879
1777316805158000,1777316805158000,0.0,0.0,-0.52739525
1777316805178000,1777316805178000,0.0,0.0,-0.52735394
1777316805198000,1777316805198000,0.0,0.0,-0.52722234
1777316805218000,1777316805218000,0.0,0.0,-0.52717227
1777316805238000,1777316805238000,0.0,0.0,-0.52727634
1777316805258000,1777316805258000,0.0,0.0,-0.52730244
1777316805278000,1777316805278000,0.0,0.0,-0.52735794
1777316805298000,1777316805298000,0.0,0.0,-0.5274223
1777316805318000,1777316805318000,0.0,0.0,-0.5273992
1777316805338000,1777316805338000,0.0,0.0,-0.5273045
1777316805358000,1777316805358000,0.0,0.0,-0.5272735
1777316805378000,1777316805378000,0.0,0.0,-0.5271104
1777316805398000,1777316805398000,0.0,0.0,-0.5270463
1777316805418000,1777316805418000,0.0,0.0,-0.527102
1777316805438000,1777316805438000,0.0,0.0,-0.5268383
1777316805458000,1777316805458000,0.0,0.0,-0.52663004
1777316805478000,1777316805478000,0.0,0.0,-0.5265423
1777316805498000,1777316805498000,0.0,0.0,-0.5264696
1777316805518000,1777316805518000,0.0,0.0,-0.52634907
1777316805538000,1777316805538000,0.0,0.0,-0.52545166
1777316805558000,1777316805558000,0.0,0.0,-0.52405846
1777316805578000,1777316805578000,0.0,0.0,-0.5231913
1777316805594000,1777316805594000,0.0,0.0,-0.5218133
1777316805618000,1777316805618000,0.0,0.0,-0.52137226
1777316805638000,1777316805638000,0.0,0.0,-0.5203599
1777316805654000,1777316805654000,0.0,0.0,-0.5196289
1777316805678000,1777316805678000,0.0,0.0,-0.5188079
1777316805698000,1777316805698000,0.0,0.0,-0.5180751
1777316805718000,1777316805718000,0.0,0.0,-0.51706356
1777316805738000,1777316805738000,0.0,0.0,-0.51630384
1777316805758000,1777316805758000,0.0,0.0,-0.5157053
1777316805778000,1777316805778000,0.0,0.0,-0.5152237
1777316805798000,1777316805798000,0.0,0.0,-0.51452583
1777316805818000,1777316805818000,0.0,0.0,-0.5139982
1777316805838000,1777316805838000,0.0,0.0,-0.51322746
1777316805858000,1777316805858000,0.0,0.0,-0.5128365
1777316805878000,1777316805878000,0.0,0.0,-0.51213336
1777316805898000,1777316805898000,0.0,0.0,-0.5117381
1777316805914000,1777316805914000,0.0,0.0,-0.5106536
1777316805938000,1777316805938000,0.0,0.0,-0.5105405
1777316805958000,1777316805958000,0.0,0.0,-0.5099814
1777316805978000,1777316805978000,0.0,0.0,-0.5094776
1777316805998000,1777316805998000,0.0,0.0,-0.50874686
1777316806014000,1777316806014000,0.0,0.0,-0.5083685
1777316806038000,1777316806038000,0.0,0.0,-0.50774807
1777316806058000,1777316806058000,0.0,0.0,-0.50727004
1777316806078000,1777316806078000,0.0,0.0,-0.5067169
1777316806098000,1777316806098000,0.0,0.0,-0.5063047
1777316806118000,1777316806118000,0.0,0.0,-0.50577146
1777316806138000,1777316806138000,0.0,0.0,-0.5055031
1777316806158000,1777316806158000,0.0,0.0,-0.50489277
1777316806174000,1777316806174000,0.0,0.0,-0.5043997
1777316806198000,1777316806198000,0.0,0.0,-0.5038215
1777316806218000,1777316806218000,0.0,0.0,-0.5036203
1777316806238000,1777316806238000,0.0,0.0,-0.5031618
1777316806258000,1777316806258000,0.0,0.0,-0.5028498
1777316806274000,1777316806274000,0.0,0.0,-0.5017304
1777316806298000,1777316806298000,0.0,0.0,-0.50200915
1777316806318000,1777316806318000,0.0,0.0,-0.50199735
1777316806334000,1777316806334000,0.0,0.0,-0.5017702
1777316806358000,1777316806358000,0.0,0.0,-0.50141436
1777316806378000,1777316806378000,0.0,0.0,-0.5011767
1777316806398000,1777316806398000,0.0,0.0,-0.50105613
1777316806418000,1777316806418000,0.0,0.0,-0.5008647
1777316806438000,1777316806438000,0.0,0.0,-0.5007156
1777316806454000,1777316806454000,0.0,0.0,-0.5005691
1777316806478000,1777316806478000,0.0,0.0,-0.50049794
1777316806498000,1777316806498000,0.0,0.0,-0.50041574
1777316806518000,1777316806518000,0.0,0.0,-0.50046223
1777316806538000,1777316806538000,0.0,0.0,-0.49980184
1777316806554000,1777316806554000,0.0,0.0,-0.49928787
1777316806574000,1777316806574000,0.0,0.0,-0.5001822
1777316806598000,1777316806598000,0.0,0.0,-0.5002451
1777316806618000,1777316806618000,0.0,0.0,-0.5003209
1777316806638000,1777316806638000,0.0,0.0,-0.50039023
1777316806658000,1777316806658000,0.0,0.0,-0.50044054
1777316806678000,1777316806678000,0.0,0.0,-0.50053114
1777316806698000,1777316806698000,0.0,0.0,-0.5006188
1777316806718000,1777316806718000,0.0,0.0,-0.50074565
1777316806734000,1777316806734000,0.0,0.0,-0.5007654
1777316806758000,1777316806758000,0.0,0.0,-0.5009124
1777316806778000,1777316806778000,0.0,0.0,-0.5008806
1777316806798000,1777316806798000,0.0,0.0,-0.50084746
1777316806818000,1777316806818000,0.0,0.0,-0.50081456
1777316806838000,1777316806838000,0.0,0.0,-0.5008735
1777316806858000,1777316806858000,0.0,0.0,-0.5009778
1777316806878000,1777316806878000,0.0,0.0,-0.50090927
1777316806898000,1777316806898000,0.0,0.0,-0.5009452
1777316806918000,1777316806918000,0.0,0.0,-0.50108117
1777316806938000,1777316806938000,0.0,0.0,-0.5011858
1777316806958000,1777316806958000,0.0,0.0,-0.50150615
1777316806978000,1777316806978000,0.0,0.0,-0.50154614
1777316806998000,1777316806998000,0.0,0.0,-0.50176305
1777316807018000,1777316807018000,0.0,0.0,-0.50199807
1777316807034000,1777316807034000,0.0,0.0,-0.50049734
1777316807058000,1777316807058000,0.0,0.0,-0.5017836
1777316807078000,1777316807078000,0.0,0.0,-0.50080127
1777316807098000,1777316807098000,0.0,0.0,-0.5003537
1777316807118000,1777316807118000,0.0,0.0,-0.4997894
1777316807138000,1777316807138000,0.0,0.0,-0.49940437
1777316807158000,1777316807158000,0.0,0.0,-0.49907115
1777316807178000,1777316807178000,0.0,0.0,-0.49843508
1777316807198000,1777316807198000,0.0,0.0,-0.49862102
1777316807218000,1777316807218000,0.0,0.0,-0.49848378
1777316807238000,1777316807238000,0.0,0.0,-0.49799916
1777316807258000,1777316807258000,0.0,0.0,-0.49777436
1777316807278000,1777316807278000,0.0,0.0,-0.49730664
1777316807294000,1777316807294000,0.0,0.0,-0.497164
1777316807318000,1777316807318000,0.0,0.0,-0.49695334
1777316807338000,1777316807338000,0.0,0.0,-0.49674347
1777316807358000,1777316807358000,0.0,0.0,-0.49646646
1777316807378000,1777316807378000,0.0,0.0,-0.4964678
1777316807398000,1777316807398000,0.0,0.0,-0.49629506
1777316807418000,1777316807418000,0.0,0.0,-0.49617
1777316807438000,1777316807438000,0.0,0.0,-0.49603033
1777316807458000,1777316807458000,0.0,0.0,-0.4959781
1777316807478000,1777316807478000,0.0,0.0,-0.49585134
1777316807498000,1777316807498000,0.0,0.0,-0.4956519
1777316807518000,1777316807518000,0.0,0.0,-0.49533898
1777316807538000,1777316807538000,0.0,0.0,-0.49527732
1777316807558000,1777316807558000,0.0,0.0,-0.49520296
1777316807578000,1777316807578000,0.0,0.0,-0.49515814
1777316807598000,1777316807598000,0.0,0.0,-0.49495742
1777316807618000,1777316807618000,0.0,0.0,-0.49474096
1777316807638000,1777316807638000,0.0,0.0,-0.49458152
1777316807658000,1777316807658000,0.0,0.0,-0.49448597
1777316807678000,1777316807678000,0.0,0.0,-0.49450254
1777316807698000,1777316807698000,0.0,0.0,-0.49448758
1777316807718000,1777316807718000,0.0,0.0,-0.49449375
1777316807738000,1777316807738000,0.0,0.0,-0.49443308
1777316807758000,1777316807758000,0.0,0.0,-0.49437007
1777316807778000,1777316807778000,0.0,0.0,-0.4942615
1777316807798000,1777316807798000,0.0,0.0,-0.4942963
1777316807818000,1777316807818000,0.0,0.0,-0.49448988
1777316807838000,1777316807838000,0.0,0.0,-0.49466905
1777316807858000,1777316807858000,0.0,0.0,-0.4947474
1777316807878000,1777316807878000,0.0,0.0,-0.49492633
1777316807894000,1777316807894000,0.0,0.0,-0.49505007
1777316807918000,1777316807918000,0.0,0.0,-0.49540558
1777316807938000,1777316807938000,0.0,0.0,-0.4957164
1777316807958000,1777316807958000,0.0,0.0,-0.4959834
1777316807978000,1777316807978000,0.0,0.0,-0.49616385
1777316807994000,1777316807994000,0.0,0.0,-0.49674952
1777316808014000,1777316808014000,0.0,0.0,-0.49700767
1777316808038000,1777316808038000,0.0,0.0,-0.49764863
1777316808058000,1777316808058000,0.0,0.0,-0.49798605
1777316808078000,1777316808078000,0.0,0.0,-0.49850106
1777316808094000,1777316808094000,0.0,0.0,-0.49869055
1777316808118000,1777316808118000,0.0,0.0,-0.49926826
1777316808138000,1777316808138000,0.0,0.0,-0.49956414
1777316808158000,1777316808158000,0.0,0.0,-0.5002559
1777316808178000,1777316808178000,0.0,0.0,-0.50070614
1777316808198000,1777316808198000,0.0,0.0,-0.50149286
1777316808218000,1777316808218000,0.0,0.0,-0.5020168
1777316808238000,1777316808238000,0.0,0.0,-0.5028395
1777316808258000,1777316808258000,0.0,0.0,-0.5033599
1777316808278000,1777316808278000,0.0,0.0,-0.5043873
1777316808298000,1777316808298000,0.0,0.0,-0.504823
1777316808318000,1777316808318000,0.0,0.0,-0.50584775
1777316808338000,1777316808338000,0.0,0.0,-0.5061825
1777316808358000,1777316808358000,0.0,0.0,-0.50733775
1777316808378000,1777316808378000,0.0,0.0,-0.5079859
1777316808398000,1777316808398000,0.0,0.0,-0.5092176
1777316808418000,1777316808418000,0.0,0.0,-0.50989103
1777316808438000,1777316808438000,0.0,0.0,-0.51128274
1777316808458000,1777316808458000,0.0,0.0,-0.51217526
1777316808478000,1777316808478000,0.0,0.0,-0.5137389
1777316808498000,1777316808498000,0.0,0.0,-0.51476693
1777316808518000,1777316808518000,0.0,0.0,-0.51605254
1777316808538000,1777316808538000,0.0,0.0,-0.51677954
1777316808558000,1777316808558000,0.0,0.0,-0.51661885
1777316808578000,1777316808578000,0.0,0.0,-0.5165575
1777316808598000,1777316808598000,0.0,0.0,-0.5167117
1777316808618000,1777316808618000,0.0,0.0,-0.5166986
1777316808638000,1777316808638000,0.0,0.0,-0.51678973
1777316808658000,1777316808658000,0.0,0.0,-0.5168978
1777316808678000,1777316808678000,0.0,0.0,-0.5171264
1777316808698000,1777316808698000,0.0,0.0,-0.5173837
1777316808718000,1777316808718000,0.0,0.0,-0.5177799
1777316808738000,1777316808738000,0.0,0.0,-0.518057
1777316808758000,1777316808758000,0.0,0.0,-0.5183045
1777316808778000,1777316808778000,0.0,0.0,-0.5184887
1777316808798000,1777316808798000,0.0,0.0,-0.51901793
1777316808818000,1777316808818000,0.0,0.0,-0.51948047
1777316808838000,1777316808838000,0.0,0.0,-0.5201175
1777316808858000,1777316808858000,0.0,0.0,-0.5206568
1777316808878000,1777316808878000,0.0,0.0,-0.5213063
1777316808898000,1777316808898000,0.0,0.0,-0.52163166
1777316808918000,1777316808918000,0.0,0.0,-0.5220191
1777316808934000,1777316808934000,0.0,0.0,-0.5223411
1777316808958000,1777316808958000,0.0,0.0,-0.52270645
1777316808978000,1777316808978000,0.0,0.0,-0.5229759
1777316808994000,1777316808994000,0.0,0.0,-0.52330613
1777316809018000,1777316809018000,0.0,0.0,-0.52347994
1777316809038000,1777316809038000,0.0,0.0,-0.52352804
1777316809058000,1777316809058000,0.0,0.0,-0.5239354
1777316809078000,1777316809078000,0.0,0.0,-0.5244505
1777316809098000,1777316809098000,0.0,0.0,-0.52448493
1777316809118000,1777316809118000,0.0,0.0,-0.524726
1777316809138000,1777316809138000,0.0,0.0,-0.52475613
1777316809158000,1777316809158000,0.0,0.0,-0.52514404
1777316809178000,1777316809178000,0.0,0.0,-0.525184
1777316809198000,1777316809198000,0.0,0.0,-0.52535266
1777316809218000,1777316809218000,0.0,0.0,-0.5256863
1777316809238000,1777316809238000,0.0,0.0,-0.52564764
1777316809258000,1777316809258000,0.0,0.0,-0.5258472
1777316809278000,1777316809278000,0.0,0.0,-0.5259432
1777316809298000,1777316809298000,0.0,0.0,-0.5259859
1777316809318000,1777316809318000,0.0,0.0,-0.5262696
1777316809338000,1777316809338000,0.0,0.0,-0.5261989
1777316809358000,1777316809358000,0.0,0.0,-0.5261706
1777316809378000,1777316809378000,0.0,0.0,-0.5261623
1777316809398000,1777316809398000,0.0,0.0,-0.5261178
1777316809418000,1777316809418000,0.0,0.0,-0.526151
1777316809438000,1777316809438000,0.0,0.0,-0.52609354
1777316809458000,1777316809458000,0.0,0.0,-0.525862
1777316809474000,1777316809474000,0.0,0.0,-0.5247905
1777316809498000,1777316809498000,0.0,0.0,-0.52601445
1777316809518000,1777316809518000,0.0,0.0,-0.5258841
1777316809538000,1777316809538000,0.0,0.0,-0.5260991
1777316809558000,1777316809558000,0.0,0.0,-0.52605224
1777316809578000,1777316809578000,0.0,0.0,-0.52600175
1777316809598000,1777316809598000,0.0,0.0,-0.5259192
1777316809618000,1777316809618000,0.0,0.0,-0.52582884
1777316809638000,1777316809638000,0.0,0.0,-0.5257954
1777316809658000,1777316809658000,0.0,0.0,-0.5258838
1777316809678000,1777316809678000,0.0,0.0,-0.52574617
1777316809698000,1777316809698000,0.0,0.0,-0.52567387
1777316809718000,1777316809718000,0.0,0.0,-0.5255813
1777316809738000,1777316809738000,0.0,0.0,-0.5246763
1777316809754000,1777316809754000,0.0,0.0,-0.52304715
1777316809778000,1777316809778000,0.0,0.0,-0.5224517
1777316809798000,1777316809798000,0.0,0.0,-0.5212383
1777316809818000,1777316809818000,0.0,0.0,-0.52054596
1777316809838000,1777316809838000,0.0,0.0,-0.51949644
1777316809858000,1777316809858000,0.0,0.0,-0.51879567
1777316809878000,1777316809878000,0.0,0.0,-0.5178444
1777316809894000,1777316809894000,0.0,0.0,-0.5173925
1777316809918000,1777316809918000,0.0,0.0,-0.5168325
1777316809938000,1777316809938000,0.0,0.0,-0.51646435
1777316809958000,1777316809958000,0.0,0.0,-0.51568145
1777316809978000,1777316809978000,0.0,0.0,-0.5153434
1777316809994000,1777316809994000,0.0,0.0,-0.5146543
1777316810018000,1777316810018000,0.0,0.0,-0.51422644
1777316810038000,1777316810038000,0.0,0.0,-0.5137185
1777316810058000,1777316810058000,0.0,0.0,-0.5132836
1777316810078000,1777316810078000,0.0,0.0,-0.5125769
1777316810094000,1777316810094000,0.0,0.0,-0.5120547
1777316810118000,1777316810118000,0.0,0.0,-0.51156306
1777316810138000,1777316810138000,0.0,0.0,-0.51128846
1777316810158000,1777316810158000,0.0,0.0,-0.5105464
1777316810178000,1777316810178000,0.0,0.0,-0.5102803
1777316810198000,1777316810198000,0.0,0.0,-0.50983155
1777316810214000,1777316810214000,0.0,0.0,-0.5094028
1777316810234000,1777316810234000,0.0,0.0,-0.50831056
1777316810254000,1777316810254000,0.0,0.0,-0.50863534
1777316810278000,1777316810278000,0.0,0.0,-0.50822973
1777316810298000,1777316810298000,0.0,0.0,-0.5078018
1777316810318000,1777316810318000,0.0,0.0,-0.50727725
1777316810338000,1777316810338000,0.0,0.0,-0.50683635
1777316810354000,1777316810354000,0.0,0.0,-0.505799
1777316810378000,1777316810378000,0.0,0.0,-0.50612664
1777316810398000,1777316810398000,0.0,0.0,-0.5055669
1777316810418000,1777316810418000,0.0,0.0,-0.5046643
1777316810438000,1777316810438000,0.0,0.0,-0.5048192
1777316810458000,1777316810458000,0.0,0.0,-0.5039049
1777316810478000,1777316810478000,0.0,0.0,-0.50411344
1777316810498000,1777316810498000,0.0,0.0,-0.5039553
1777316810518000,1777316810518000,0.0,0.0,-0.5037526
1777316810538000,1777316810538000,0.0,0.0,-0.5036415
1777316810558000,1777316810558000,0.0,0.0,-0.50336653
1777316810578000,1777316810578000,0.0,0.0,-0.5031142
1777316810598000,1777316810598000,0.0,0.0,-0.5029524
1777316810618000,1777316810618000,0.0,0.0,-0.5027568
1777316810634000,1777316810634000,0.0,0.0,-0.5016373
1777316810658000,1777316810658000,0.0,0.0,-0.5025897
1777316810678000,1777316810678000,0.0,0.0,-0.50247353
1777316810698000,1777316810698000,0.0,0.0,-0.5025128
1777316810718000,1777316810718000,0.0,0.0,-0.50248975
1777316810738000,1777316810738000,0.0,0.0,-0.50242907
1777316810758000,1777316810758000,0.0,0.0,-0.5023854
1777316810778000,1777316810778000,0.0,0.0,-0.50233173
1777316810798000,1777316810798000,0.0,0.0,-0.5022258
1777316810818000,1777316810818000,0.0,0.0,-0.5021687
1777316810838000,1777316810838000,0.0,0.0,-0.5022868
1777316810858000,1777316810858000,0.0,0.0,-0.5023657
1777316810878000,1777316810878000,0.0,0.0,-0.5027396
1777316810898000,1777316810898000,0.0,0.0,-0.5027218
1777316810918000,1777316810918000,0.0,0.0,-0.50264144
1777316810938000,1777316810938000,0.0,0.0,-0.5027998
1777316810958000,1777316810958000,0.0,0.0,-0.5030104
1777316810978000,1777316810978000,0.0,0.0,-0.5030169
1777316810998000,1777316810998000,0.0,0.0,-0.5029716
1777316811018000,1777316811018000,0.0,0.0,-0.50296324
1777316811038000,1777316811038000,0.0,0.0,-0.5031098
1777316811058000,1777316811058000,0.0,0.0,-0.5031128
1777316811078000,1777316811078000,0.0,0.0,-0.50332487
1777316811094000,1777316811094000,0.0,0.0,-0.5032701
1777316811118000,1777316811118000,0.0,0.0,-0.5035223
1777316811138000,1777316811138000,0.0,0.0,-0.5036279
1777316811158000,1777316811158000,0.0,0.0,-0.50381285
1777316811178000,1777316811178000,0.0,0.0,-0.50390536
1777316811198000,1777316811198000,0.0,0.0,-0.5038927
1777316811218000,1777316811218000,0.0,0.0,-0.5040031
1777316811238000,1777316811238000,0.0,0.0,-0.5041276
1777316811258000,1777316811258000,0.0,0.0,-0.5035683
1777316811274000,1777316811274000,0.0,0.0,-0.5017684
1777316811298000,1777316811298000,0.0,0.0,-0.5023404
1777316811318000,1777316811318000,0.0,0.0,-0.5015045
1777316811338000,1777316811338000,0.0,0.0,-0.50100404
1777316811358000,1777316811358000,0.0,0.0,-0.5004341
1777316811378000,1777316811378000,0.0,0.0,-0.50013834
1777316811398000,1777316811398000,0.0,0.0,-0.4995258
1777316811414000,1777316811414000,0.0,0.0,-0.49920475
1777316811438000,1777316811438000,0.0,0.0,-0.49873784
1777316811458000,1777316811458000,0.0,0.0,-0.49853855
1777316811478000,1777316811478000,0.0,0.0,-0.49837318
1777316811498000,1777316811498000,0.0,0.0,-0.49814275
1777316811518000,1777316811518000,0.0,0.0,-0.49780586
1777316811534000,1777316811534000,0.0,0.0,-0.4976094
1777316811558000,1777316811558000,0.0,0.0,-0.49731594
1777316811578000,1777316811578000,0.0,0.0,-0.49702895
1777316811598000,1777316811598000,0.0,0.0,-0.4967127
1777316811618000,1777316811618000,0.0,0.0,-0.49652988
1777316811638000,1777316811638000,0.0,0.0,-0.49615362
1777316811658000,1777316811658000,0.0,0.0,-0.4960058
1777316811678000,1777316811678000,0.0,0.0,-0.4958575
1777316811698000,1777316811698000,0.0,0.0,-0.495779
1777316811718000,1777316811718000,0.0,0.0,-0.49560517
1777316811738000,1777316811738000,0.0,0.0,-0.49525654
1777316811758000,1777316811758000,0.0,0.0,-0.4952246
1777316811778000,1777316811778000,0.0,0.0,-0.49512842
1777316811798000,1777316811798000,0.0,0.0,-0.49491298
1777316811814000,1777316811814000,0.0,0.0,-0.49475592
1777316811838000,1777316811838000,0.0,0.0,-0.4947001
1777316811858000,1777316811858000,0.0,0.0,-0.49446705
1777316811878000,1777316811878000,0.0,0.0,-0.4942875
1777316811898000,1777316811898000,0.0,0.0,-0.49423414
1777316811918000,1777316811918000,0.0,0.0,-0.49432793
1777316811938000,1777316811938000,0.0,0.0,-0.4941838
1777316811954000,1777316811954000,0.0,0.0,-0.49431697
1777316811978000,1777316811978000,0.0,0.0,-0.49435952
1777316811998000,1777316811998000,0.0,0.0,-0.49450567
1777316812018000,1777316812018000,0.0,0.0,-0.49443847
1777316812038000,1777316812038000,0.0,0.0,-0.49440682
1777316812058000,1777316812058000,0.0,0.0,-0.49445835
1777316812078000,1777316812078000,0.0,0.0,-0.49455515
1777316812098000,1777316812098000,0.0,0.0,-0.49455306
1777316812118000,1777316812118000,0.0,0.0,-0.49475068
1777316812138000,1777316812138000,0.0,0.0,-0.49488628
1777316812158000,1777316812158000,0.0,0.0,-0.49521476
1777316812178000,1777316812178000,0.0,0.0,-0.4956064
1777316812198000,1777316812198000,0.0,0.0,-0.49587268
1777316812218000,1777316812218000,0.0,0.0,-0.49601993
1777316812238000,1777316812238000,0.0,0.0,-0.49648908
1777316812254000,1777316812254000,0.0,0.0,-0.4969135
1777316812278000,1777316812278000,0.0,0.0,-0.49754354
1777316812298000,1777316812298000,0.0,0.0,-0.497931
1777316812318000,1777316812318000,0.0,0.0,-0.4983619
1777316812338000,1777316812338000,0.0,0.0,-0.49872717
1777316812358000,1777316812358000,0.0,0.0,-0.4991876
1777316812374000,1777316812374000,0.0,0.0,-0.499615
1777316812398000,1777316812398000,0.0,0.0,-0.5005542
1777316812418000,1777316812418000,0.0,0.0,-0.50097895
1777316812438000,1777316812438000,0.0,0.0,-0.5019688
1777316812458000,1777316812458000,0.0,0.0,-0.502541
1777316812478000,1777316812478000,0.0,0.0,-0.50344235
1777316812498000,1777316812498000,0.0,0.0,-0.5041211
1777316812514000,1777316812514000,0.0,0.0,-0.5048184
1777316812538000,1777316812538000,0.0,0.0,-0.50605565
1777316812558000,1777316812558000,0.0,0.0,-0.50720125
1777316812578000,1777316812578000,0.0,0.0,-0.5080246
1777316812598000,1777316812598000,0.0,0.0,-0.5092203
1777316812618000,1777316812618000,0.0,0.0,-0.50989753
1777316812638000,1777316812638000,0.0,0.0,-0.5112628
1777316812654000,1777316812654000,0.0,0.0,-0.51202357
1777316812678000,1777316812678000,0.0,0.0,-0.5135137
1777316812694000,1777316812694000,0.0,0.0,-0.51444954
1777316812718000,1777316812718000,0.0,0.0,-0.5158969
1777316812738000,1777316812738000,0.0,0.0,-0.5167141
1777316812758000,1777316812758000,0.0,0.0,-0.5171628
1777316812778000,1777316812778000,0.0,0.0,-0.51701725
1777316812798000,1777316812798000,0.0,0.0,-0.51714295
1777316812818000,1777316812818000,0.0,0.0,-0.5171967
1777316812838000,1777316812838000,0.0,0.0,-0.51707524
1777316812858000,1777316812858000,0.0,0.0,-0.5171222
1777316812878000,1777316812878000,0.0,0.0,-0.51746464
1777316812898000,1777316812898000,0.0,0.0,-0.51795226
1777316812918000,1777316812918000,0.0,0.0,-0.518617
1777316812938000,1777316812938000,0.0,0.0,-0.5191226
1777316812958000,1777316812958000,0.0,0.0,-0.51985705
1777316812978000,1777316812978000,0.0,0.0,-0.5202967
1777316812998000,1777316812998000,0.0,0.0,-0.5209643
1777316813018000,1777316813018000,0.0,0.0,-0.5214758
1777316813034000,1777316813034000,0.0,0.0,-0.5216644
1777316813058000,1777316813058000,0.0,0.0,-0.5224805
1777316813078000,1777316813078000,0.0,0.0,-0.5229437
1777316813098000,1777316813098000,0.0,0.0,-0.5231385
1777316813118000,1777316813118000,0.0,0.0,-0.5238609
1777316813138000,1777316813138000,0.0,0.0,-0.5240408
1777316813158000,1777316813158000,0.0,0.0,-0.5242545
1777316813178000,1777316813178000,0.0,0.0,-0.5246582
1777316813198000,1777316813198000,0.0,0.0,-0.5249035
1777316813218000,1777316813218000,0.0,0.0,-0.5252491
1777316813238000,1777316813238000,0.0,0.0,-0.52574354
1777316813258000,1777316813258000,0.0,0.0,-0.5258345
1777316813278000,1777316813278000,0.0,0.0,-0.52619
1777316813298000,1777316813298000,0.0,0.0,-0.52624506
1777316813318000,1777316813318000,0.0,0.0,-0.52680194
1777316813338000,1777316813338000,0.0,0.0,-0.52694935
1777316813358000,1777316813358000,0.0,0.0,-0.52704024
1777316813378000,1777316813378000,0.0,0.0,-0.5270715
1777316813398000,1777316813398000,0.0,0.0,-0.5272701
1777316813418000,1777316813418000,0.0,0.0,-0.5273025
1777316813438000,1777316813438000,0.0,0.0,-0.52739155
1777316813458000,1777316813458000,0.0,0.0,-0.5274399
1777316813478000,1777316813478000,0.0,0.0,-0.5274282
1777316813498000,1777316813498000,0.0,0.0,-0.5277368
1777316813518000,1777316813518000,0.0,0.0,-0.5280473
1777316813534000,1777316813534000,0.0,0.0,-0.5280256
1777316813558000,1777316813558000,0.0,0.0,-0.52788275
1777316813578000,1777316813578000,0.0,0.0,-0.52798533
1777316813598000,1777316813598000,0.0,0.0,-0.52785903
1777316813618000,1777316813618000,0.0,0.0,-0.52775955
1777316813634000,1777316813634000,0.0,0.0,-0.52678007
1777316813658000,1777316813658000,0.0,0.0,-0.52796906
1777316813674000,1777316813674000,0.0,0.0,-0.52693737
1777316813698000,1777316813698000,0.0,0.0,-0.528165
1777316813718000,1777316813718000,0.0,0.0,-0.52804744
1777316813738000,1777316813738000,0.0,0.0,-0.5282104
1777316813758000,1777316813758000,0.0,0.0,-0.52828836
1777316813778000,1777316813778000,0.0,0.0,-0.5282485
1777316813798000,1777316813798000,0.0,0.0,-0.52827454
1777316813818000,1777316813818000,0.0,0.0,-0.5280954
1777316813838000,1777316813838000,0.0,0.0,-0.5280428
1777316813858000,1777316813858000,0.0,0.0,-0.52810454
1777316813878000,1777316813878000,0.0,0.0,-0.5280095
1777316813894000,1777316813894000,0.0,0.0,-0.5278852
1777316813918000,1777316813918000,0.0,0.0,-0.5275413
1777316813934000,1777316813934000,0.0,0.0,-0.52733797
1777316813958000,1777316813958000,0.0,0.0,-0.5270175
1777316813978000,1777316813978000,0.0,0.0,-0.5260257
1777316813998000,1777316813998000,0.0,0.0,-0.5247204
1777316814018000,1777316814018000,0.0,0.0,-0.52370113
1777316814038000,1777316814038000,0.0,0.0,-0.52217406
1777316814058000,1777316814058000,0.0,0.0,-0.5214022
1777316814078000,1777316814078000,0.0,0.0,-0.5200964
1777316814098000,1777316814098000,0.0,0.0,-0.5187655
1777316814118000,1777316814118000,0.0,0.0,-0.5183796
1777316814138000,1777316814138000,0.0,0.0,-0.5178347
1777316814158000,1777316814158000,0.0,0.0,-0.5169581
1777316814178000,1777316814178000,0.0,0.0,-0.5165302
1777316814198000,1777316814198000,0.0,0.0,-0.5160715
1777316814218000,1777316814218000,0.0,0.0,-0.5155956
1777316814238000,1777316814238000,0.0,0.0,-0.5148523
1777316814258000,1777316814258000,0.0,0.0,-0.5143852
1777316814278000,1777316814278000,0.0,0.0,-0.5136018
1777316814298000,1777316814298000,0.0,0.0,-0.5130465
1777316814318000,1777316814318000,0.0,0.0,-0.512307
1777316814334000,1777316814334000,0.0,0.0,-0.51181865
1777316814358000,1777316814358000,0.0,0.0,-0.511191
1777316814378000,1777316814378000,0.0,0.0,-0.5102723
1777316814398000,1777316814398000,0.0,0.0,-0.51017994
1777316814418000,1777316814418000,0.0,0.0,-0.5097613
1777316814438000,1777316814438000,0.0,0.0,-0.50936
1777316814458000,1777316814458000,0.0,0.0,-0.50833565
1777316814478000,1777316814478000,0.0,0.0,-0.50823385
1777316814498000,1777316814498000,0.0,0.0,-0.50793546
1777316814518000,1777316814518000,0.0,0.0,-0.50731975
1777316814538000,1777316814538000,0.0,0.0,-0.5069309
1777316814558000,1777316814558000,0.0,0.0,-0.5063486
1777316814578000,1777316814578000,0.0,0.0,-0.50556964
1777316814598000,1777316814598000,0.0,0.0,-0.5055581
1777316814618000,1777316814618000,0.0,0.0,-0.5052102
1777316814638000,1777316814638000,0.0,0.0,-0.50460696
1777316814658000,1777316814658000,0.0,0.0,-0.50428283
1777316814678000,1777316814678000,0.0,0.0,-0.5039834
1777316814698000,1777316814698000,0.0,0.0,-0.50392073
1777316814714000,1777316814714000,0.0,0.0,-0.5028887
1777316814738000,1777316814738000,0.0,0.0,-0.503407
1777316814754000,1777316814754000,0.0,0.0,-0.5023291
1777316814778000,1777316814778000,0.0,0.0,-0.5030805
1777316814798000,1777316814798000,0.0,0.0,-0.50276107
1777316814818000,1777316814818000,0.0,0.0,-0.5025217
1777316814838000,1777316814838000,0.0,0.0,-0.50230294
1777316814858000,1777316814858000,0.0,0.0,-0.50220096
1777316814878000,1777316814878000,0.0,0.0,-0.50203985
1777316814898000,1777316814898000,0.0,0.0,-0.50191885
1777316814918000,1777316814918000,0.0,0.0,-0.50192714
1777316814938000,1777316814938000,0.0,0.0,-0.5016909
1777316814958000,1777316814958000,0.0,0.0,-0.50150806
1777316814978000,1777316814978000,0.0,0.0,-0.5014505
1777316814998000,1777316814998000,0.0,0.0,-0.5013221
1777316815018000,1777316815018000,0.0,0.0,-0.5012523
1777316815038000,1777316815038000,0.0,0.0,-0.5012004
1777316815058000,1777316815058000,0.0,0.0,-0.50129145
1777316815078000,1777316815078000,0.0,0.0,-0.5013356
1777316815098000,1777316815098000,0.0,0.0,-0.5013852
1777316815118000,1777316815118000,0.0,0.0,-0.50123036
1777316815134000,1777316815134000,0.0,0.0,-0.50128907
1777316815158000,1777316815158000,0.0,0.0,-0.5012505
1777316815178000,1777316815178000,0.0,0.0,-0.5012526
1777316815198000,1777316815198000,0.0,0.0,-0.50110465
1777316815218000,1777316815218000,0.0,0.0,-0.5012263
1777316815234000,1777316815234000,0.0,0.0,-0.49985254
1777316815258000,1777316815258000,0.0,0.0,-0.501224
1777316815278000,1777316815278000,0.0,0.0,-0.5013018
1777316815298000,1777316815298000,0.0,0.0,-0.5014375
1777316815314000,1777316815314000,0.0,0.0,-0.5017017
1777316815338000,1777316815338000,0.0,0.0,-0.501843
1777316815358000,1777316815358000,0.0,0.0,-0.5018609
1777316815378000,1777316815378000,0.0,0.0,-0.5012779
1777316815398000,1777316815398000,0.0,0.0,-0.5022489
1777316815418000,1777316815418000,0.0,0.0,-0.5016444
1777316815438000,1777316815438000,0.0,0.0,-0.5026784
1777316815458000,1777316815458000,0.0,0.0,-0.5027542
1777316815478000,1777316815478000,0.0,0.0,-0.5021329
1777316815498000,1777316815498000,0.0,0.0,-0.5016376
1777316815518000,1777316815518000,0.0,0.0,-0.5009868
1777316815538000,1777316815538000,0.0,0.0,-0.4999129
1777316815558000,1777316815558000,0.0,0.0,-0.5000425
1777316815574000,1777316815574000,0.0,0.0,-0.49970996
1777316815598000,1777316815598000,0.0,0.0,-0.49914
1777316815618000,1777316815618000,0.0,0.0,-0.498829
1777316815638000,1777316815638000,0.0,0.0,-0.49857852
1777316815658000,1777316815658000,0.0,0.0,-0.49847442
1777316815678000,1777316815678000,0.0,0.0,-0.4982099
1777316815698000,1777316815698000,0.0,0.0,-0.49799362
1777316815718000,1777316815718000,0.0,0.0,-0.4977024
1777316815738000,1777316815738000,0.0,0.0,-0.49753013
1777316815758000,1777316815758000,0.0,0.0,-0.4973307
1777316815774000,1777316815774000,0.0,0.0,-0.4971608
1777316815798000,1777316815798000,0.0,0.0,-0.4969723
1777316815818000,1777316815818000,0.0,0.0,-0.49680647
1777316815834000,1777316815834000,0.0,0.0,-0.49614528
1777316815858000,1777316815858000,0.0,0.0,-0.4962659
1777316815874000,1777316815874000,0.0,0.0,-0.4957479
1777316815898000,1777316815898000,0.0,0.0,-0.49596912
1777316815918000,1777316815918000,0.0,0.0,-0.49595279
1777316815938000,1777316815938000,0.0,0.0,-0.49551383
1777316815958000,1777316815958000,0.0,0.0,-0.49551395
1777316815978000,1777316815978000,0.0,0.0,-0.49529245
1777316815998000,1777316815998000,0.0,0.0,-0.49491033
1777316816014000,1777316816014000,0.0,0.0,-0.4948187
1777316816038000,1777316816038000,0.0,0.0,-0.49462175
1777316816058000,1777316816058000,0.0,0.0,-0.4945576
1777316816078000,1777316816078000,0.0,0.0,-0.4945198
1777316816098000,1777316816098000,0.0,0.0,-0.49441183
1777316816114000,1777316816114000,0.0,0.0,-0.49436182
1777316816138000,1777316816138000,0.0,0.0,-0.49442485
1777316816158000,1777316816158000,0.0,0.0,-0.49431995
1777316816178000,1777316816178000,0.0,0.0,-0.49444708
1777316816198000,1777316816198000,0.0,0.0,-0.4946426
1777316816218000,1777316816218000,0.0,0.0,-0.49480626
1777316816238000,1777316816238000,0.0,0.0,-0.49488437
1777316816258000,1777316816258000,0.0,0.0,-0.494828
1777316816278000,1777316816278000,0.0,0.0,-0.49493223
1777316816298000,1777316816298000,0.0,0.0,-0.49502146
1777316816318000,1777316816318000,0.0,0.0,-0.49526
1777316816338000,1777316816338000,0.0,0.0,-0.4954031
1777316816358000,1777316816358000,0.0,0.0,-0.4953515
1777316816378000,1777316816378000,0.0,0.0,-0.49557555
1777316816398000,1777316816398000,0.0,0.0,-0.4958713
1777316816418000,1777316816418000,0.0,0.0,-0.49604964
1777316816438000,1777316816438000,0.0,0.0,-0.4963462
1777316816458000,1777316816458000,0.0,0.0,-0.49663877
1777316816478000,1777316816478000,0.0,0.0,-0.49691114
1777316816498000,1777316816498000,0.0,0.0,-0.49723634
1777316816518000,1777316816518000,0.0,0.0,-0.4979436
1777316816534000,1777316816534000,0.0,0.0,-0.4984218
1777316816558000,1777316816558000,0.0,0.0,-0.4987447
1777316816578000,1777316816578000,0.0,0.0,-0.49918947
1777316816598000,1777316816598000,0.0,0.0,-0.49981192
1777316816618000,1777316816618000,0.0,0.0,-0.5003161
1777316816638000,1777316816638000,0.0,0.0,-0.5010192
1777316816658000,1777316816658000,0.0,0.0,-0.50150394
1777316816678000,1777316816678000,0.0,0.0,-0.50224483
1777316816698000,1777316816698000,0.0,0.0,-0.5028622
1777316816718000,1777316816718000,0.0,0.0,-0.5038262
1777316816738000,1777316816738000,0.0,0.0,-0.50453645
1777316816758000,1777316816758000,0.0,0.0,-0.50578386
1777316816778000,1777316816778000,0.0,0.0,-0.50664836
1777316816798000,1777316816798000,0.0,0.0,-0.5075424
1777316816818000,1777316816818000,0.0,0.0,-0.50852144
1777316816834000,1777316816834000,0.0,0.0,-0.5087012
1777316816858000,1777316816858000,0.0,0.0,-0.51005644
1777316816878000,1777316816878000,0.0,0.0,-0.51147807
1777316816894000,1777316816894000,0.0,0.0,-0.5126301
1777316816918000,1777316816918000,0.0,0.0,-0.5139738
1777316816938000,1777316816938000,0.0,0.0,-0.5148873
1777316816958000,1777316816958000,0.0,0.0,-0.5166087
1777316816978000,1777316816978000,0.0,0.0,-0.5166155
1777316816994000,1777316816994000,0.0,0.0,-0.5163873
1777316817018000,1777316817018000,0.0,0.0,-0.51603425
1777316817038000,1777316817038000,0.0,0.0,-0.51568675
1777316817058000,1777316817058000,0.0,0.0,-0.5156249
1777316817078000,1777316817078000,0.0,0.0,-0.5160062
1777316817098000,1777316817098000,0.0,0.0,-0.5160612
1777316817118000,1777316817118000,0.0,0.0,-0.51651716
1777316817138000,1777316817138000,0.0,0.0,-0.5167531
1777316817158000,1777316817158000,0.0,0.0,-0.51723593
1777316817178000,1777316817178000,0.0,0.0,-0.51756096
1777316817198000,1777316817198000,0.0,0.0,-0.51819533
1777316817218000,1777316817218000,0.0,0.0,-0.5187326
1777316817238000,1777316817238000,0.0,0.0,-0.51916265
1777316817258000,1777316817258000,0.0,0.0,-0.5194946
1777316817278000,1777316817278000,0.0,0.0,-0.52005094
1777316817298000,1777316817298000,0.0,0.0,-0.5206617
1777316817318000,1777316817318000,0.0,0.0,-0.52123487
1777316817338000,1777316817338000,0.0,0.0,-0.52145547
1777316817358000,1777316817358000,0.0,0.0,-0.52171457
1777316817378000,1777316817378000,0.0,0.0,-0.52205265
1777316817398000,1777316817398000,0.0,0.0,-0.52241504
1777316817414000,1777316817414000,0.0,0.0,-0.52270645
1777316817438000,1777316817438000,0.0,0.0,-0.5231824
1777316817458000,1777316817458000,0.0,0.0,-0.52325374
1777316817478000,1777316817478000,0.0,0.0,-0.5237061
1777316817498000,1777316817498000,0.0,0.0,-0.5239808
1777316817518000,1777316817518000,0.0,0.0,-0.5242567
1777316817538000,1777316817538000,0.0,0.0,-0.5244502
1777316817558000,1777316817558000,0.0,0.0,-0.524662
1777316817578000,1777316817578000,0.0,0.0,-0.524753
1777316817598000,1777316817598000,0.0,0.0,-0.5248468
1777316817618000,1777316817618000,0.0,0.0,-0.5250793
1777316817638000,1777316817638000,0.0,0.0,-0.5255377
1777316817658000,1777316817658000,0.0,0.0,-0.5259373
1777316817674000,1777316817674000,0.0,0.0,-0.52508664
1777316817698000,1777316817698000,0.0,0.0,-0.526338
1777316817718000,1777316817718000,0.0,0.0,-0.5263344
1777316817738000,1777316817738000,0.0,0.0,-0.5264045
1777316817758000,1777316817758000,0.0,0.0,-0.5265887
1777316817778000,1777316817778000,0.0,0.0,-0.5265919
1777316817798000,1777316817798000,0.0,0.0,-0.5268019
1777316817814000,1777316817814000,0.0,0.0,-0.52682936
1777316817838000,1777316817838000,0.0,0.0,-0.5268582
1777316817858000,1777316817858000,0.0,0.0,-0.52679926
1777316817878000,1777316817878000,0.0,0.0,-0.5267329
1777316817894000,1777316817894000,0.0,0.0,-0.5267968
1777316817918000,1777316817918000,0.0,0.0,-0.5267723
1777316817938000,1777316817938000,0.0,0.0,-0.5266376
1777316817958000,1777316817958000,0.0,0.0,-0.52675456
1777316817978000,1777316817978000,0.0,0.0,-0.5267282
1777316817998000,1777316817998000,0.0,0.0,-0.52674896
1777316818018000,1777316818018000,0.0,0.0,-0.5266231
1777316818034000,1777316818034000,0.0,0.0,-0.5250786
1777316818058000,1777316818058000,0.0,0.0,-0.5256383
1777316818078000,1777316818078000,0.0,0.0,-0.52641785
1777316818098000,1777316818098000,0.0,0.0,-0.5262484
1777316818118000,1777316818118000,0.0,0.0,-0.5263337
1777316818138000,1777316818138000,0.0,0.0,-0.52632195
1777316818158000,1777316818158000,0.0,0.0,-0.5262589
1777316818178000,1777316818178000,0.0,0.0,-0.5253184
1777316818198000,1777316818198000,0.0,0.0,-0.52394295
1777316818218000,1777316818218000,0.0,0.0,-0.5231997
1777316818238000,1777316818238000,0.0,0.0,-0.5218941
1777316818258000,1777316818258000,0.0,0.0,-0.52130336
1777316818278000,1777316818278000,0.0,0.0,-0.5203566
1777316818298000,1777316818298000,0.0,0.0,-0.518836
1777316818318000,1777316818318000,0.0,0.0,-0.5184392
1777316818338000,1777316818338000,0.0,0.0,-0.51780367
1777316818358000,1777316818358000,0.0,0.0,-0.5169879
1777316818378000,1777316818378000,0.0,0.0,-0.51655257
1777316818398000,1777316818398000,0.0,0.0,-0.5158373
1777316818418000,1777316818418000,0.0,0.0,-0.51542044
1777316818434000,1777316818434000,0.0,0.0,-0.5143057
1777316818458000,1777316818458000,0.0,0.0,-0.5142784
1777316818478000,1777316818478000,0.0,0.0,-0.5135652
1777316818498000,1777316818498000,0.0,0.0,-0.5123079
1777316818518000,1777316818518000,0.0,0.0,-0.51235884
1777316818538000,1777316818538000,0.0,0.0,-0.51198536
1777316818558000,1777316818558000,0.0,0.0,-0.51136106
1777316818578000,1777316818578000,0.0,0.0,-0.51090604
1777316818598000,1777316818598000,0.0,0.0,-0.5103439
1777316818618000,1777316818618000,0.0,0.0,-0.50990456
1777316818638000,1777316818638000,0.0,0.0,-0.5095249
1777316818658000,1777316818658000,0.0,0.0,-0.50920093
1777316818674000,1777316818674000,0.0,0.0,-0.50819004
1777316818698000,1777316818698000,0.0,0.0,-0.5085231
1777316818718000,1777316818718000,0.0,0.0,-0.50809765
1777316818738000,1777316818738000,0.0,0.0,-0.5078005
1777316818758000,1777316818758000,0.0,0.0,-0.50721556
1777316818778000,1777316818778000,0.0,0.0,-0.5070199
1777316818794000,1777316818794000,0.0,0.0,-0.50660217
1777316818818000,1777316818818000,0.0,0.0,-0.5064593
1777316818838000,1777316818838000,0.0,0.0,-0.5062593
1777316818858000,1777316818858000,0.0,0.0,-0.5059667
1777316818878000,1777316818878000,0.0,0.0,-0.50557756
1777316818894000,1777316818894000,0.0,0.0,-0.50528735
1777316818918000,1777316818918000,0.0,0.0,-0.50479144
1777316818938000,1777316818938000,0.0,0.0,-0.50457793
1777316818958000,1777316818958000,0.0,0.0,-0.5041466
1777316818978000,1777316818978000,0.0,0.0,-0.503966
1777316818998000,1777316818998000,0.0,0.0,-0.5037196
1777316819018000,1777316819018000,0.0,0.0,-0.502962
1777316819038000,1777316819038000,0.0,0.0,-0.5032761
1777316819058000,1777316819058000,0.0,0.0,-0.5030852
1777316819078000,1777316819078000,0.0,0.0,-0.50289077
1777316819098000,1777316819098000,0.0,0.0,-0.50293857
1777316819118000,1777316819118000,0.0,0.0,-0.50291574
1777316819138000,1777316819138000,0.0,0.0,-0.50281
1777316819158000,1777316819158000,0.0,0.0,-0.50269794
1777316819174000,1777316819174000,0.0,0.0,-0.5027438
1777316819198000,1777316819198000,0.0,0.0,-0.50290835
1777316819218000,1777316819218000,0.0,0.0,-0.50290424
1777316819234000,1777316819234000,0.0,0.0,-0.50292295
1777316819258000,1777316819258000,0.0,0.0,-0.50302416
1777316819278000,1777316819278000,0.0,0.0,-0.5030379
1777316819298000,1777316819298000,0.0,0.0,-0.5030296
1777316819318000,1777316819318000,0.0,0.0,-0.5030213
1777316819338000,1777316819338000,0.0,0.0,-0.5030978
1777316819358000,1777316819358000,0.0,0.0,-0.50339025
1777316819378000,1777316819378000,0.0,0.0,-0.50336015
1777316819398000,1777316819398000,0.0,0.0,-0.5033157
1777316819418000,1777316819418000,0.0,0.0,-0.5032824
1777316819438000,1777316819438000,0.0,0.0,-0.50341105
1777316819458000,1777316819458000,0.0,0.0,-0.5033899
1777316819478000,1777316819478000,0.0,0.0,-0.5035945
1777316819498000,1777316819498000,0.0,0.0,-0.50357306
1777316819514000,1777316819514000,0.0,0.0,-0.50188345
1777316819538000,1777316819538000,0.0,0.0,-0.5036439
1777316819558000,1777316819558000,0.0,0.0,-0.5038527
1777316819578000,1777316819578000,0.0,0.0,-0.5038858
1777316819598000,1777316819598000,0.0,0.0,-0.5036152
1777316819618000,1777316819618000,0.0,0.0,-0.5022353
1777316819638000,1777316819638000,0.0,0.0,-0.5022586
1777316819654000,1777316819654000,0.0,0.0,-0.50169355
1777316819674000,1777316819674000,0.0,0.0,-0.50017226
1777316819698000,1777316819698000,0.0,0.0,-0.5006329
1777316819718000,1777316819718000,0.0,0.0,-0.4998719
1777316819738000,1777316819738000,0.0,0.0,-0.49942288
1777316819754000,1777316819754000,0.0,0.0,-0.49819615
1777316819778000,1777316819778000,0.0,0.0,-0.49849194
1777316819798000,1777316819798000,0.0,0.0,-0.49801138
1777316819818000,1777316819818000,0.0,0.0,-0.49780825
1777316819838000,1777316819838000,0.0,0.0,-0.49766365
1777316819858000,1777316819858000,0.0,0.0,-0.49743152
1777316819878000,1777316819878000,0.0,0.0,-0.4972491
1777316819898000,1777316819898000,0.0,0.0,-0.49704814
1777316819918000,1777316819918000,0.0,0.0,-0.49682516
1777316819938000,1777316819938000,0.0,0.0,-0.4966891
1777316819958000,1777316819958000,0.0,0.0,-0.49654087
1777316819974000,1777316819974000,0.0,0.0,-0.49634945
1777316819998000,1777316819998000,0.0,0.0,-0.49587777
1777316820018000,1777316820018000,0.0,0.0,-0.49577358
1777316820038000,1777316820038000,0.0,0.0,-0.49545297
1777316820058000,1777316820058000,0.0,0.0,-0.49522448
1777316820078000,1777316820078000,0.0,0.0,-0.49508074
1777316820098000,1777316820098000,0.0,0.0,-0.49499655
1777316820118000,1777316820118000,0.0,0.0,-0.49470627
1777316820138000,1777316820138000,0.0,0.0,-0.4946787
1777316820158000,1777316820158000,0.0,0.0,-0.49448448
1777316820178000,1777316820178000,0.0,0.0,-0.49435547
1777316820198000,1777316820198000,0.0,0.0,-0.49418402
1777316820218000,1777316820218000,0.0,0.0,-0.49410796
1777316820238000,1777316820238000,0.0,0.0,-0.4942327
1777316820258000,1777316820258000,0.0,0.0,-0.4940879
1777316820278000,1777316820278000,0.0,0.0,-0.49392155
1777316820298000,1777316820298000,0.0,0.0,-0.4939694
1777316820318000,1777316820318000,0.0,0.0,-0.49398136
1777316820338000,1777316820338000,0.0,0.0,-0.49398834
1777316820358000,1777316820358000,0.0,0.0,-0.49400154
1777316820378000,1777316820378000,0.0,0.0,-0.49397668
1777316820398000,1777316820398000,0.0,0.0,-0.4939851
1777316820418000,1777316820418000,0.0,0.0,-0.49401638
1777316820438000,1777316820438000,0.0,0.0,-0.49403784
1777316820458000,1777316820458000,0.0,0.0,-0.49416682
1777316820478000,1777316820478000,0.0,0.0,-0.4943674
1777316820498000,1777316820498000,0.0,0.0,-0.49460113
1777316820518000,1777316820518000,0.0,0.0,-0.49497905
1777316820538000,1777316820538000,0.0,0.0,-0.49519187
1777316820558000,1777316820558000,0.0,0.0,-0.4954959
1777316820578000,1777316820578000,0.0,0.0,-0.49579898
1777316820598000,1777316820598000,0.0,0.0,-0.49631536
1777316820618000,1777316820618000,0.0,0.0,-0.49712905
1777316820634000,1777316820634000,0.0,0.0,-0.49740425
1777316820658000,1777316820658000,0.0,0.0,-0.49795815
1777316820678000,1777316820678000,0.0,0.0,-0.49843678
1777316820698000,1777316820698000,0.0,0.0,-0.49886456
1777316820718000,1777316820718000,0.0,0.0,-0.49957263
1777316820738000,1777316820738000,0.0,0.0,-0.5000746
1777316820758000,1777316820758000,0.0,0.0,-0.5010912
1777316820778000,1777316820778000,0.0,0.0,-0.50175965
1777316820798000,1777316820798000,0.0,0.0,-0.5025748
1777316820818000,1777316820818000,0.0,0.0,-0.5032857
1777316820838000,1777316820838000,0.0,0.0,-0.504297
1777316820858000,1777316820858000,0.0,0.0,-0.5051815
1777316820878000,1777316820878000,0.0,0.0,-0.5060788
1777316820898000,1777316820898000,0.0,0.0,-0.50680083
1777316820918000,1777316820918000,0.0,0.0,-0.508147
1777316820938000,1777316820938000,0.0,0.0,-0.50890094
1777316820958000,1777316820958000,0.0,0.0,-0.5101207
1777316820978000,1777316820978000,0.0,0.0,-0.5109282
1777316820998000,1777316820998000,0.0,0.0,-0.5120482
1777316821018000,1777316821018000,0.0,0.0,-0.51303947
1777316821038000,1777316821038000,0.0,0.0,-0.5143612
1777316821058000,1777316821058000,0.0,0.0,-0.5152705
1777316821078000,1777316821078000,0.0,0.0,-0.5168375
1777316821098000,1777316821098000,0.0,0.0,-0.51761526
1777316821118000,1777316821118000,0.0,0.0,-0.51748496
1777316821138000,1777316821138000,0.0,0.0,-0.5171995
1777316821158000,1777316821158000,0.0,0.0,-0.51728344
1777316821178000,1777316821178000,0.0,0.0,-0.51715875
1777316821198000,1777316821198000,0.0,0.0,-0.51621825
1777316821218000,1777316821218000,0.0,0.0,-0.51692206
1777316821238000,1777316821238000,0.0,0.0,-0.51740897
1777316821258000,1777316821258000,0.0,0.0,-0.51753706
1777316821278000,1777316821278000,0.0,0.0,-0.51804453
1777316821298000,1777316821298000,0.0,0.0,-0.51848686
1777316821314000,1777316821314000,0.0,0.0,-0.51870155
1777316821338000,1777316821338000,0.0,0.0,-0.51946807
1777316821358000,1777316821358000,0.0,0.0,-0.51988864
1777316821378000,1777316821378000,0.0,0.0,-0.52030545
1777316821398000,1777316821398000,0.0,0.0,-0.5208448
1777316821418000,1777316821418000,0.0,0.0,-0.52109665
1777316821438000,1777316821438000,0.0,0.0,-0.52183497
1777316821458000,1777316821458000,0.0,0.0,-0.522252
1777316821478000,1777316821478000,0.0,0.0,-0.52275103
1777316821498000,1777316821498000,0.0,0.0,-0.5231065
1777316821518000,1777316821518000,0.0,0.0,-0.5234099
1777316821538000,1777316821538000,0.0,0.0,-0.5237199
1777316821558000,1777316821558000,0.0,0.0,-0.5240282
1777316821578000,1777316821578000,0.0,0.0,-0.5240059
1777316821598000,1777316821598000,0.0,0.0,-0.52473
1777316821614000,1777316821614000,0.0,0.0,-0.5249325
1777316821638000,1777316821638000,0.0,0.0,-0.5251578
1777316821658000,1777316821658000,0.0,0.0,-0.52539843
1777316821678000,1777316821678000,0.0,0.0,-0.5255904
1777316821698000,1777316821698000,0.0,0.0,-0.52590805
1777316821718000,1777316821718000,0.0,0.0,-0.52615273
1777316821738000,1777316821738000,0.0,0.0,-0.52645916
1777316821758000,1777316821758000,0.0,0.0,-0.5266736
1777316821778000,1777316821778000,0.0,0.0,-0.5263751
1777316821794000,1777316821794000,0.0,0.0,-0.5259445
1777316821818000,1777316821818000,0.0,0.0,-0.52695894
1777316821838000,1777316821838000,0.0,0.0,-0.527097
1777316821858000,1777316821858000,0.0,0.0,-0.5273341
1777316821878000,1777316821878000,0.0,0.0,-0.52741104
1777316821898000,1777316821898000,0.0,0.0,-0.52757716
1777316821918000,1777316821918000,0.0,0.0,-0.527596
1777316821938000,1777316821938000,0.0,0.0,-0.52747834
1777316821958000,1777316821958000,0.0,0.0,-0.5276851
1777316821978000,1777316821978000,0.0,0.0,-0.5277958
1777316821998000,1777316821998000,0.0,0.0,-0.52769065
1777316822018000,1777316822018000,0.0,0.0,-0.5276108
1777316822038000,1777316822038000,0.0,0.0,-0.52751696
1777316822058000,1777316822058000,0.0,0.0,-0.5275458
1777316822078000,1777316822078000,0.0,0.0,-0.5276065
1777316822098000,1777316822098000,0.0,0.0,-0.5275465
1777316822118000,1777316822118000,0.0,0.0,-0.527613
1777316822138000,1777316822138000,0.0,0.0,-0.5276117
1777316822158000,1777316822158000,0.0,0.0,-0.52754855
1777316822178000,1777316822178000,0.0,0.0,-0.5273882
1777316822198000,1777316822198000,0.0,0.0,-0.52721
1777316822218000,1777316822218000,0.0,0.0,-0.5265856
1777316822238000,1777316822238000,0.0,0.0,-0.52707624
1777316822258000,1777316822258000,0.0,0.0,-0.52611214
1777316822278000,1777316822278000,0.0,0.0,-0.5246994
1777316822294000,1777316822294000,0.0,0.0,-0.523732
1777316822318000,1777316822318000,0.0,0.0,-0.522425
1777316822338000,1777316822338000,0.0,0.0,-0.5215483
1777316822354000,1777316822354000,0.0,0.0,-0.5202674
1777316822378000,1777316822378000,0.0,0.0,-0.52007705
1777316822398000,1777316822398000,0.0,0.0,-0.5190534
1777316822418000,1777316822418000,0.0,0.0,-0.5185119
1777316822438000,1777316822438000,0.0,0.0,-0.517569
1777316822458000,1777316822458000,0.0,0.0,-0.51705843
1777316822478000,1777316822478000,0.0,0.0,-0.51636773
1777316822498000,1777316822498000,0.0,0.0,-0.51582843
1777316822514000,1777316822514000,0.0,0.0,-0.5148588
1777316822538000,1777316822538000,0.0,0.0,-0.51501375
1777316822558000,1777316822558000,0.0,0.0,-0.51437694
1777316822574000,1777316822574000,0.0,0.0,-0.51396805
1777316822594000,1777316822594000,0.0,0.0,-0.512911
1777316822618000,1777316822618000,0.0,0.0,-0.512711
1777316822634000,1777316822634000,0.0,0.0,-0.51193184
1777316822658000,1777316822658000,0.0,0.0,-0.5114059
1777316822678000,1777316822678000,0.0,0.0,-0.5107916
1777316822698000,1777316822698000,0.0,0.0,-0.51032
1777316822718000,1777316822718000,0.0,0.0,-0.5095812
1777316822738000,1777316822738000,0.0,0.0,-0.509123
1777316822758000,1777316822758000,0.0,0.0,-0.5085222
1777316822778000,1777316822778000,0.0,0.0,-0.5082044
1777316822798000,1777316822798000,0.0,0.0,-0.5076781
1777316822818000,1777316822818000,0.0,0.0,-0.5073191
1777316822838000,1777316822838000,0.0,0.0,-0.50674075
1777316822858000,1777316822858000,0.0,0.0,-0.50620925
1777316822878000,1777316822878000,0.0,0.0,-0.5056909
1777316822898000,1777316822898000,0.0,0.0,-0.5054199
1777316822918000,1777316822918000,0.0,0.0,-0.5048676
1777316822938000,1777316822938000,0.0,0.0,-0.50456905
1777316822954000,1777316822954000,0.0,0.0,-0.5036338
1777316822978000,1777316822978000,0.0,0.0,-0.5042815
1777316822998000,1777316822998000,0.0,0.0,-0.5037987
1777316823018000,1777316823018000,0.0,0.0,-0.5034603
1777316823038000,1777316823038000,0.0,0.0,-0.5031051
1777316823058000,1777316823058000,0.0,0.0,-0.5029367
1777316823078000,1777316823078000,0.0,0.0,-0.5025855
1777316823098000,1777316823098000,0.0,0.0,-0.5024177
1777316823118000,1777316823118000,0.0,0.0,-0.5021801
1777316823138000,1777316823138000,0.0,0.0,-0.50201386
1777316823158000,1777316823158000,0.0,0.0,-0.50183946
1777316823178000,1777316823178000,0.0,0.0,-0.50169647
1777316823194000,1777316823194000,0.0,0.0,-0.50048953
1777316823218000,1777316823218000,0.0,0.0,-0.5011513
1777316823238000,1777316823238000,0.0,0.0,-0.50116146
1777316823258000,1777316823258000,0.0,0.0,-0.501111
1777316823278000,1777316823278000,0.0,0.0,-0.5011203
1777316823298000,1777316823298000,0.0,0.0,-0.50116765
1777316823318000,1777316823318000,0.0,0.0,-0.5012367
1777316823334000,1777316823334000,0.0,0.0,-0.50115114
1777316823358000,1777316823358000,0.0,0.0,-0.5012108
1777316823378000,1777316823378000,0.0,0.0,-0.50112945
1777316823398000,1777316823398000,0.0,0.0,-0.5010303
1777316823418000,1777316823418000,0.0,0.0,-0.5003622
1777316823434000,1777316823434000,0.0,0.0,-0.49970368
1777316823458000,1777316823458000,0.0,0.0,-0.50108236
1777316823478000,1777316823478000,0.0,0.0,-0.5012856
1777316823498000,1777316823498000,0.0,0.0,-0.50127745
1777316823518000,1777316823518000,0.0,0.0,-0.5013102
1777316823538000,1777316823538000,0.0,0.0,-0.50142854
1777316823558000,1777316823558000,0.0,0.0,-0.50166106
1777316823578000,1777316823578000,0.0,0.0,-0.50174934
1777316823598000,1777316823598000,0.0,0.0,-0.5016399
1777316823618000,1777316823618000,0.0,0.0,-0.50175416
1777316823638000,1777316823638000,0.0,0.0,-0.5018778
1777316823658000,1777316823658000,0.0,0.0,-0.50196165
1777316823678000,1777316823678000,0.0,0.0,-0.5014039
1777316823698000,1777316823698000,0.0,0.0,-0.5009975
1777316823718000,1777316823718000,0.0,0.0,-0.5002617
1777316823738000,1777316823738000,0.0,0.0,-0.4997426
1777316823758000,1777316823758000,0.0,0.0,-0.49909046
1777316823778000,1777316823778000,0.0,0.0,-0.49874514
1777316823798000,1777316823798000,0.0,0.0,-0.49826318
1777316823818000,1777316823818000,0.0,0.0,-0.49799702
1777316823834000,1777316823834000,0.0,0.0,-0.4970533
1777316823854000,1777316823854000,0.0,0.0,-0.49757302
1777316823878000,1777316823878000,0.0,0.0,-0.4972646
1777316823898000,1777316823898000,0.0,0.0,-0.49708202
1777316823918000,1777316823918000,0.0,0.0,-0.496957
1777316823938000,1777316823938000,0.0,0.0,-0.49686274
1777316823958000,1777316823958000,0.0,0.0,-0.49683145
1777316823978000,1777316823978000,0.0,0.0,-0.4967253
1777316823998000,1777316823998000,0.0,0.0,-0.4964327
1777316824014000,1777316824014000,0.0,0.0,-0.4962444
1777316824034000,1777316824034000,0.0,0.0,-0.49578074
1777316824058000,1777316824058000,0.0,0.0,-0.49603966
1777316824078000,1777316824078000,0.0,0.0,-0.49581823
1777316824098000,1777316824098000,0.0,0.0,-0.49555308
1777316824118000,1777316824118000,0.0,0.0,-0.49537167
1777316824138000,1777316824138000,0.0,0.0,-0.49519846
1777316824158000,1777316824158000,0.0,0.0,-0.49502614
1777316824174000,1777316824174000,0.0,0.0,-0.4948582
1777316824198000,1777316824198000,0.0,0.0,-0.49474788
1777316824218000,1777316824218000,0.0,0.0,-0.494487
1777316824238000,1777316824238000,0.0,0.0,-0.49444276
1777316824254000,1777316824254000,0.0,0.0,-0.49447298
1777316824278000,1777316824278000,0.0,0.0,-0.49426377
1777316824298000,1777316824298000,0.0,0.0,-0.49415016
1777316824314000,1777316824314000,0.0,0.0,-0.49389428
1777316824338000,1777316824338000,0.0,0.0,-0.49386162
1777316824358000,1777316824358000,0.0,0.0,-0.4938269
1777316824378000,1777316824378000,0.0,0.0,-0.49392596
1777316824398000,1777316824398000,0.0,0.0,-0.49395436
1777316824418000,1777316824418000,0.0,0.0,-0.4942229
1777316824438000,1777316824438000,0.0,0.0,-0.49417463
1777316824454000,1777316824454000,0.0,0.0,-0.4942292
1777316824478000,1777316824478000,0.0,0.0,-0.49438673
1777316824498000,1777316824498000,0.0,0.0,-0.49443382
1777316824518000,1777316824518000,0.0,0.0,-0.4946725
1777316824538000,1777316824538000,0.0,0.0,-0.49503583
1777316824558000,1777316824558000,0.0,0.0,-0.4954316
1777316824578000,1777316824578000,0.0,0.0,-0.49555022
1777316824598000,1777316824598000,0.0,0.0,-0.49606884
1777316824618000,1777316824618000,0.0,0.0,-0.4965363
1777316824638000,1777316824638000,0.0,0.0,-0.49681446
1777316824658000,1777316824658000,0.0,0.0,-0.4970958
1777316824678000,1777316824678000,0.0,0.0,-0.4976127
1777316824698000,1777316824698000,0.0,0.0,-0.49791607
1777316824718000,1777316824718000,0.0,0.0,-0.4983399
1777316824738000,1777316824738000,0.0,0.0,-0.49871466
1777316824758000,1777316824758000,0.0,0.0,-0.4992343
1777316824778000,1777316824778000,0.0,0.0,-0.49968222
1777316824798000,1777316824798000,0.0,0.0,-0.50043416
1777316824814000,1777316824814000,0.0,0.0,-0.5009138
1777316824838000,1777316824838000,0.0,0.0,-0.50180167
1777316824858000,1777316824858000,0.0,0.0,-0.50279033
1777316824878000,1777316824878000,0.0,0.0,-0.5033402
1777316824898000,1777316824898000,0.0,0.0,-0.50391394
1777316824918000,1777316824918000,0.0,0.0,-0.5049953
1777316824938000,1777316824938000,0.0,0.0,-0.5058109
1777316824958000,1777316824958000,0.0,0.0,-0.5070875
1777316824978000,1777316824978000,0.0,0.0,-0.5079824
1777316824998000,1777316824998000,0.0,0.0,-0.5092291
1777316825018000,1777316825018000,0.0,0.0,-0.50990516
1777316825038000,1777316825038000,0.0,0.0,-0.5112436
1777316825058000,1777316825058000,0.0,0.0,-0.5121724
1777316825078000,1777316825078000,0.0,0.0,-0.5136105
1777316825098000,1777316825098000,0.0,0.0,-0.51454073
1777316825118000,1777316825118000,0.0,0.0,-0.51606774
1777316825138000,1777316825138000,0.0,0.0,-0.5170683
1777316825158000,1777316825158000,0.0,0.0,-0.51834875
1777316825178000,1777316825178000,0.0,0.0,-0.51814073
1777316825194000,1777316825194000,0.0,0.0,-0.51800096
1777316825218000,1777316825218000,0.0,0.0,-0.51785207
1777316825238000,1777316825238000,0.0,0.0,-0.51781976
1777316825258000,1777316825258000,0.0,0.0,-0.51770836
1777316825278000,1777316825278000,0.0,0.0,-0.51799035
1777316825298000,1777316825298000,0.0,0.0,-0.5180429
1777316825318000,1777316825318000,0.0,0.0,-0.5185074
1777316825338000,1777316825338000,0.0,0.0,-0.51873755
1777316825358000,1777316825358000,0.0,0.0,-0.51920605
1777316825378000,1777316825378000,0.0,0.0,-0.5195765
1777316825398000,1777316825398000,0.0,0.0,-0.52018607
1777316825418000,1777316825418000,0.0,0.0,-0.52039826
1777316825438000,1777316825438000,0.0,0.0,-0.5210751
1777316825458000,1777316825458000,0.0,0.0,-0.52149045
1777316825478000,1777316825478000,0.0,0.0,-0.5218338
1777316825498000,1777316825498000,0.0,0.0,-0.5220587
1777316825518000,1777316825518000,0.0,0.0,-0.52244186
1777316825538000,1777316825538000,0.0,0.0,-0.5226126
1777316825558000,1777316825558000,0.0,0.0,-0.5230629
1777316825578000,1777316825578000,0.0,0.0,-0.52342385
1777316825598000,1777316825598000,0.0,0.0,-0.5239911
1777316825618000,1777316825618000,0.0,0.0,-0.5243489
1777316825634000,1777316825634000,0.0,0.0,-0.5238913
1777316825658000,1777316825658000,0.0,0.0,-0.5244684
1777316825678000,1777316825678000,0.0,0.0,-0.52503157
1777316825698000,1777316825698000,0.0,0.0,-0.52529657
1777316825718000,1777316825718000,0.0,0.0,-0.5253709
1777316825738000,1777316825738000,0.0,0.0,-0.52537787
1777316825758000,1777316825758000,0.0,0.0,-0.52587235
1777316825778000,1777316825778000,0.0,0.0,-0.5262136
1777316825798000,1777316825798000,0.0,0.0,-0.5266116
1777316825818000,1777316825818000,0.0,0.0,-0.52653766
1777316825838000,1777316825838000,0.0,0.0,-0.52660865
1777316825858000,1777316825858000,0.0,0.0,-0.5265874
1777316825878000,1777316825878000,0.0,0.0,-0.52643067
1777316825898000,1777316825898000,0.0,0.0,-0.52650714
1777316825918000,1777316825918000,0.0,0.0,-0.5267274
1777316825938000,1777316825938000,0.0,0.0,-0.5267048
1777316825958000,1777316825958000,0.0,0.0,-0.5267619
1777316825978000,1777316825978000,0.0,0.0,-0.52681196
1777316825998000,1777316825998000,0.0,0.0,-0.5268962
1777316826014000,1777316826014000,0.0,0.0,-0.5269619
1777316826038000,1777316826038000,0.0,0.0,-0.526922
1777316826058000,1777316826058000,0.0,0.0,-0.52698165
1777316826078000,1777316826078000,0.0,0.0,-0.5269738
1777316826098000,1777316826098000,0.0,0.0,-0.52631456
1777316826118000,1777316826118000,0.0,0.0,-0.52683586
1777316826134000,1777316826134000,0.0,0.0,-0.5266608
1777316826158000,1777316826158000,0.0,0.0,-0.5266748
1777316826178000,1777316826178000,0.0,0.0,-0.5265481
1777316826198000,1777316826198000,0.0,0.0,-0.52642417
1777316826218000,1777316826218000,0.0,0.0,-0.5263347
1777316826238000,1777316826238000,0.0,0.0,-0.52621126
1777316826258000,1777316826258000,0.0,0.0,-0.52540654
1777316826278000,1777316826278000,0.0,0.0,-0.52478963
1777316826298000,1777316826298000,0.0,0.0,-0.52381516
1777316826318000,1777316826318000,0.0,0.0,-0.52257687
1777316826338000,1777316826338000,0.0,0.0,-0.5216774
1777316826358000,1777316826358000,0.0,0.0,-0.52044404
1777316826378000,1777316826378000,0.0,0.0,-0.51979613
1777316826398000,1777316826398000,0.0,0.0,-0.5188045
1777316826418000,1777316826418000,0.0,0.0,-0.5181894
1777316826438000,1777316826438000,0.0,0.0,-0.5174203
1777316826458000,1777316826458000,0.0,0.0,-0.5168772
1777316826478000,1777316826478000,0.0,0.0,-0.51619977
