timestamp,timestamp_sample,time_last_fuse,device_id,observation[0],observation[1],observation_variance[0],observation_variance[1],innovation[0],innovation[1],innovation_variance[0],innovation_variance[1],test_ratio[0],test_ratio[1],estimator_instance,fusion_enabled,innovation_rejected,fused
1777316750174000,1777316750056000,0,0,0.0,0.0,15.681599,15.681599,0.00035393887,-0.0009546014,15.681706,15.681706,3.1953848e-10,2.3243998e-09,0,1,0,0
1777316750222000,1777316750108000,0,0,0.0,0.0,15.0543995,15.0543995,0.00024572323,-0.0011518935,15.05453,15.05453,1.6042986e-10,3.5254735e-09,0,1,0,0
1777316750278000,1777316750160000,0,0,0.0,0.0,14.44,14.44,-1.4181687e-05,-0.0006698771,14.440067,14.440067,5.5711723e-13,1.2430283e-09,0,1,0,0
1777316750334000,1777316750212000,0,0,0.0,0.0,13.8384,13.8384,-0.0001917411,-0.0009211327,13.838491,13.838491,1.062678e-10,2.4525373e-09,0,1,0,0
1777316750382000,1777316750264000,0,0,0.0,0.0,13.249599,13.249599,-0.00030636377,-0.0011462176,13.249724,13.249724,2.833531e-10,3.9663157e-09,0,1,0,0
1777316750430000,1777316750316000,0,0,0.0,0.0,12.7449,12.7449,-0.00039047608,-0.0012961319,12.7450695,12.7450695,4.785272e-10,5.272495e-09,0,1,0,0
1777316750486000,1777316750368000,0,0,0.0,0.0,12.25,12.25,-0.00019900894,-0.00043721817,12.250089,12.250089,1.2932007e-10,6.241905e-10,0,1,0,0
1777316750542000,1777316750420000,0,0,0.0,0.0,11.764899,11.764899,-0.00032156968,-0.0003963611,11.765051,11.765051,3.515737e-10,5.341315e-10,0,1,0,0
1777316750590000,1777316750472000,0,0,0.0,0.0,11.289599,11.289599,-0.00046667267,-0.0003580818,11.289842,11.289842,7.716083e-10,4.5429366e-10,0,1,0,0
1777316750638000,1777316750524000,0,0,0.0,0.0,10.8241,10.8241,-0.00051566947,-0.00033181574,10.824427,10.824427,9.826479e-10,4.0686382e-10,0,1,0,0
1777316750694000,1777316750576000,0,0,0.0,0.0,10.368401,10.368401,-0.00015511762,2.279763e-05,10.368506,10.368506,9.282525e-11,2.0050409e-12,0,1,0,0
1777316750750000,1777316750628000,0,0,0.0,0.0,9.985599,9.985599,-0.0002411262,0.00015196842,9.98577,9.98577,2.3289878e-10,9.2509236e-11,0,1,0,0
1777316750798000,1777316750680000,0,0,0.0,0.0,9.5480995,9.5480995,-0.00033829507,0.00024914186,9.548354,9.548354,4.7942733e-10,2.6003086e-10,0,1,0,0
1777316750854000,1777316750732000,0,0,0.0,0.0,9.1809,9.1809,-0.00040138257,0.0003263776,9.1812525,9.1812525,7.018997e-10,4.640863e-10,0,1,0,0
1777316750902000,1777316750784000,0,0,0.0,0.0,8.8209,8.8209,-0.00015206236,0.00014218976,8.821,8.821,1.04854146e-10,9.1680885e-11,0,1,0,0
1777316750958000,1777316750836000,0,0,0.0,0.0,8.468099,8.468099,-0.00028701127,0.0002693008,8.468248,8.468248,3.8910275e-10,3.4256398e-10,0,1,0,0
1777316751006000,1777316750888000,0,0,0.0,0.0,8.122499,8.122499,-0.000380962,0.0004013581,8.122707,8.122707,7.146979e-10,7.93274e-10,0,1,0,0
1777316751062000,1777316750940000,0,0,0.0,0.0,7.8399997,7.8399997,-0.00045850937,0.00050882745,7.84028,7.84028,1.072568e-09,1.3208986e-09,0,1,0,0
1777316751110000,1777316750992000,0,0,0.0,0.0,7.5076,7.5076,-0.0001421774,0.00017033306,7.507692,7.507692,1.0769976e-10,1.5457935e-10,0,1,0,0
1777316751166000,1777316751044000,0,0,0.0,0.0,7.2361,7.2361,-0.00017119455,0.00021156447,7.2362294,7.2362294,1.6200467e-10,2.4741906e-10,0,1,0,0
1777316751214000,1777316751096000,0,0,0.0,0.0,6.916899,6.916899,-0.00019701182,0.0002767791,6.917071,6.917071,2.244514e-10,4.4300058e-10,0,1,0,0
1777316751262000,1777316751148000,0,0,0.0,0.0,6.6563997,6.6563997,-0.00020404633,0.00032841665,6.6566167,6.6566167,2.501866e-10,6.48122e-10,0,1,0,0
1777316751318000,1777316751200000,0,0,0.0,0.0,6.4009,6.4009,-5.202794e-05,0.00013321807,6.400985,6.400985,1.6915563e-11,1.10902024e-10,0,1,0,0
1777316751374000,1777316751252000,0,0,0.0,0.0,6.1504,6.1504,-5.730667e-05,9.818516e-05,6.150515,6.150515,2.1357915e-11,6.269606e-11,0,1,0,0
1777316751422000,1777316751304000,0,0,0.011119492,0.01505368,5.904899,5.904899,-0.011238848,-0.01499495,5.9050474,5.9050474,8.556185e-07,1.5230937e-06,0,1,0,0
1777316751478000,1777316751356000,0,0,0.0,0.00752684,5.6643996,5.6643996,-0.0001864683,-0.00750418,5.664592,5.664592,2.455282e-10,3.9764714e-07,0,1,0,0
1777316751526000,1777316751408000,0,0,0.0,-0.00752684,5.4756,5.4756,-0.000103346974,0.007468453,5.475679,5.475679,7.802209e-11,4.074585e-07,0,1,0,0
1777316751582000,1777316751460000,0,0,0.0,-0.01505368,5.2440996,5.2440996,-0.00013665212,0.014939734,5.2442045,5.2442045,1.4243381e-10,1.7024175e-06,0,1,0,0
1777316751630000,1777316751512000,0,0,0.011119492,-0.00752684,5.0625,5.0625,-0.011343945,0.007414461,5.0626326,5.0626326,1.0167445e-06,4.3435296e-07,0,1,0,0
1777316751678000,1777316751564000,0,0,0.011119492,-0.02258052,4.84,4.84,-0.011436141,0.022507835,4.8401637,4.8401637,1.080834e-06,4.186657e-06,0,1,0,0
1777316751734000,1777316751616000,0,0,0.022238985,-0.02258052,4.6655993,4.6655993,-0.022425015,0.022605414,4.6656747,4.6656747,4.3113278e-06,4.3809714e-06,0,1,0,0
1777316751790000,1777316751668000,0,0,0.0,0.0,4.4943995,4.4943995,-0.00036996845,0.000100001875,4.4944973,4.4944973,1.2181709e-09,8.900105e-11,0,1,0,0
1777316751838000,1777316751720000,0,0,-0.011119492,0.0,4.3264,4.3264,0.010547956,0.00019049946,4.3265224,4.3265224,1.0286265e-06,3.3551237e-10,0,1,0,0
1777316751894000,1777316751772000,0,0,-0.022238987,0.0,4.1615996,4.1615996,0.021421345,0.0003169816,4.161755,4.161755,4.4103895e-06,9.657208e-10,0,1,0,0
1777316751942000,1777316751824000,0,0,-0.022238987,-0.01505368,4.0,4.0,0.02172166,0.015260122,4.000072,4.000072,4.7182198e-06,2.3286711e-06,0,1,0,0
1777316751998000,1777316751876000,0,0,-0.033358477,-0.01505368,3.8415997,3.8415997,0.032511063,0.01542413,3.841693,3.841693,1.1005244e-05,2.4770723e-06,0,1,0,0
1777316752046000,1777316751928000,0,0,-0.011119492,-0.01505368,3.7248998,3.7248998,0.009944939,0.015538273,3.7250156,3.7250156,1.0620284e-06,2.5926113e-06,0,1,0,0
1777316752102000,1777316751980000,0,0,-0.022238987,-0.01505368,3.5721,3.5721,0.020718044,0.015633218,3.5722463,3.5722463,4.8063575e-06,2.7366252e-06,0,1,0,0
1777316752150000,1777316752032000,0,0,0.0,-0.00752684,3.4596,3.4596,-0.00082385674,0.00780539,3.4596703,3.4596703,7.847452e-09,7.0439205e-07,0,1,0,0
1777316752206000,1777316752084000,0,0,-0.011119492,-0.00752684,3.3123999,3.3123999,0.009951724,0.0078760665,3.31249,3.31249,1.1959198e-06,7.49073e-07,0,1,0,0
1777316752254000,1777316752136000,0,0,0.0,-0.01505368,3.2041,3.2041,-0.0014945568,0.015480904,3.2042115,3.2042115,2.788455e-08,2.9917924e-06,0,1,0,0
1777316752302000,1777316752188000,0,0,0.0,-0.01505368,3.0625,3.0625,-0.0018033898,0.015550459,3.0626357,3.0626357,4.247602e-08,3.158283e-06,0,1,0,0
1777316752358000,1777316752240000,0,0,-0.011119492,-0.02258052,2.9583998,2.9583998,0.010117766,0.022811115,2.9584687,2.9584687,1.3840836e-06,7.035356e-06,0,1,0,0
1777316752406000,1777316752292000,0,0,0.011119492,-0.01505368,2.8560998,2.8560998,-0.012450649,0.015343674,2.856185,2.856185,2.1709893e-06,3.2971022e-06,0,1,0,0
1777316752462000,1777316752344000,0,0,0.022238985,-0.00752684,2.7556,2.7556,-0.02399637,0.007872798,2.7557087,2.7557087,8.358296e-06,8.996734e-07,0,1,0,0
1777316752510000,1777316752396000,0,0,0.0,-0.01505368,2.6569,2.6569,-0.0021014041,0.015453826,2.6570318,2.6570318,6.647868e-08,3.595301e-06,0,1,0,0
1777316752566000,1777316752448000,0,0,-0.033358477,0.00752684,2.5599997,2.5599997,0.032220397,-0.0073212082,2.5600677,2.5600677,1.6220727e-05,8.3747926e-07,0,1,0,0
1777316752622000,1777316752500000,0,0,-0.033358477,0.01505368,2.4648998,2.4648998,0.03185699,-0.014754511,2.4649866,2.4649866,1.6468535e-05,3.5326052e-06,0,1,0,0
1777316752670000,1777316752552000,0,0,-0.022238987,0.02258052,2.3716,2.3716,0.020348785,-0.02216543,2.3717067,2.3717067,6.983546e-06,8.2861225e-06,0,1,0,0
1777316752718000,1777316752604000,0,0,-0.011119492,0.01505368,2.2800999,2.2800999,0.008848913,-0.014536545,2.2802293,2.2802293,1.3736033e-06,3.7068398e-06,0,1,0,0
1777316752774000,1777316752656000,0,0,-0.011119492,0.00752684,2.2201,2.2201,0.009869661,-0.0071970318,2.2201674,2.2201674,1.7550067e-06,9.332137e-07,0,1,0,0
1777316752830000,1777316752708000,0,0,-0.022238987,0.02258052,2.1315997,2.1315997,0.020579368,-0.022081977,2.1316855,2.1316855,7.946958e-06,9.149824e-06,0,1,0,0
1777316752878000,1777316752760000,0,0,-0.011119492,0.00752684,2.0449,2.0449,0.009034982,-0.0068741967,2.0450056,2.0450056,1.5966881e-06,9.2429246e-07,0,1,0,0
1777316752926000,1777316752812000,0,0,-0.011119492,0.0,1.9880999,1.9880999,0.008677149,0.0007640728,1.988228,1.988228,1.5147743e-06,1.1745278e-08,0,1,0,0
1777316752982000,1777316752864000,0,0,-0.022238987,0.00752684,1.9044,1.9044,0.020944353,-0.0071367454,1.904467,1.904467,9.213411e-06,1.0697614e-06,0,1,0,0
1777316753030000,1777316752916000,0,0,-0.022238987,0.01505368,1.8496001,1.8496001,0.020659694,-0.0145904245,1.8496825,1.8496825,9.230189e-06,4.6036116e-06,0,1,0,0
1777316753086000,1777316752968000,0,0,-0.011119492,0.00752684,1.7955998,1.7955998,0.009214608,-0.0069643687,1.7957047,1.7957047,1.8913801e-06,1.08041e-06,0,1,0,0
1777316753134000,1777316753020000,0,0,0.0,0.0,1.7160999,1.7160999,-0.0021305643,0.00063623104,1.7162268,1.7162268,1.05797305e-07,9.434416e-09,0,1,0,0
1777316753190000,1777316753072000,0,0,0.022238985,-0.00752684,1.6640999,1.6640999,-0.023270778,0.007838858,1.6641667,1.6641667,1.3016223e-05,1.47696e-06,0,1,0,0
1777316753238000,1777316753124000,0,0,0.011119492,-0.01505368,1.6128999,1.6128999,-0.012322871,0.015443808,1.6129819,1.6129819,3.7657744e-06,5.9147897e-06,0,1,0,0
1777316753294000,1777316753176000,0,0,0.0,-0.01505368,1.5625,1.5625,-0.001410807,0.015608482,1.5626044,1.5626044,5.0950234e-08,6.236376e-06,0,1,0,0
1777316753350000,1777316753228000,0,0,-0.011119492,-0.01505368,1.5129,1.5129,0.009542747,0.015817316,1.5130306,1.5130306,2.4074602e-06,6.614208e-06,0,1,0,0
1777316753398000,1777316753280000,0,0,-0.011119492,-0.01505368,1.4399998,1.4399998,0.01035356,0.01552304,1.4400665,1.4400665,2.9775345e-06,6.693156e-06,0,1,0,0
1777316753446000,1777316753332000,0,0,0.0,-0.01505368,1.3923999,1.3923999,-0.000925013,0.015718322,1.3924817,1.3924817,2.457911e-08,7.097132e-06,0,1,0,0
1777316753502000,1777316753384000,0,0,-0.022238987,-0.01505368,1.3455999,1.3455999,0.021097496,0.01596066,1.345704,1.345704,1.323038e-05,7.5720272e-06,0,1,0,0
1777316753558000,1777316753436000,0,0,0.0,-0.01505368,1.3225,1.3225,-0.0013392965,0.016209546,1.3226302,1.3226302,5.424691e-08,7.94627e-06,0,1,0,0
1777316753606000,1777316753488000,0,0,-0.011119492,0.0,1.2768999,1.2768999,0.010433536,0.0006247879,1.2769665,1.2769665,3.4099148e-06,1.22277255e-08,0,1,0,0
1777316753662000,1777316753540000,0,0,-0.022238987,0.0,1.2321,1.2321,0.021349657,0.00086394226,1.2321845,1.2321845,1.479674e-05,2.4230014e-08,0,1,0,0
1777316753710000,1777316753592000,0,0,-0.022238987,-0.00752684,1.1881001,1.1881001,0.021152109,0.008670335,1.1882039,1.1882039,1.5061781e-05,2.5307004e-06,0,1,0,0
1777316753766000,1777316753644000,0,0,-0.011119492,0.0,1.1448998,1.1448998,0.00979881,0.001447341,1.1450298,1.1450298,3.3542071e-06,7.3178754e-08,0,1,0,0
1777316753814000,1777316753696000,0,0,0.0,0.00752684,1.1024998,1.1024998,-0.00073760474,-0.00673162,1.1025662,1.1025662,1.973798e-08,1.6439723e-06,0,1,0,0
1777316753862000,1777316753748000,0,0,-0.011119492,0.0,1.0816,1.0816,0.010105389,0.0010388097,1.0816815,1.0816815,3.7763014e-06,3.990548e-08,0,1,0,0
1777316753918000,1777316753800000,0,0,-0.011119492,-0.00752684,1.0403999,1.0403999,0.009803275,0.00884955,1.0405036,1.0405036,3.6945262e-06,3.0106396e-06,0,1,0,0
1777316753974000,1777316753852000,0,0,-0.011119492,-0.00752684,1.0201,1.0201,0.0094790775,0.009086705,1.0202298,1.0202298,3.52285e-06,3.2372395e-06,0,1,0,0
1777316754022000,1777316753904000,0,0,-0.022238987,-0.01505368,0.9800999,0.9800999,0.021300798,0.015850918,0.9801663,0.9801663,1.8516204e-05,1.0253428e-05,0,1,0,0
1777316754078000,1777316753956000,0,0,-0.022238987,-0.01505368,0.94089997,0.94089997,0.020872379,0.01606777,0.94098437,0.94098437,1.851917e-05,1.09746015e-05,0,1,0,0
1777316754126000,1777316754008000,0,0,0.0,0.0,0.9216,0.9216,-0.0018356107,0.0012498372,0.9217037,0.9217037,1.4622775e-07,6.779155e-08,0,1,0,0
1777316754174000,1777316754060000,0,0,0.0,0.0,0.8836,0.8836,-0.0023223045,0.001525878,0.8837254,0.8837254,2.441074e-07,1.05385844e-07,0,1,0,0
1777316754230000,1777316754112000,0,0,0.0,-0.00752684,0.8649,0.8649,-0.0013911437,0.008434713,0.8649664,0.8649664,8.949622e-08,3.2900411e-06,0,1,0,0
1777316754278000,1777316754164000,0,0,-0.011119492,0.00752684,0.8463999,0.8463999,0.00926984,-0.0063320305,0.84648144,0.84648144,4.06057e-06,1.894648e-06,0,1,0,0
1777316754334000,1777316754216000,0,0,-0.011119492,-0.00752684,0.80999994,0.80999994,0.008650872,0.009092582,0.8101036,0.8101036,3.6952104e-06,4.0821965e-06,0,1,0,0
1777316754382000,1777316754268000,0,0,-0.011119492,-0.00752684,0.79209995,0.79209995,0.008181194,0.009412367,0.79222536,0.79222536,3.3794392e-06,4.4731037e-06,0,1,0,0
1777316754438000,1777316754320000,0,0,0.0,0.0,0.7744,0.7744,-0.0015495989,0.0010920851,0.7744664,0.7744664,1.2402123e-07,6.159854e-08,0,1,0,0
1777316754486000,1777316754372000,0,0,0.0,0.01505368,0.73959994,0.73959994,-0.001898918,-0.013636932,0.7396815,0.7396815,1.9499687e-07,1.005654e-05,0,1,0,0
1777316754542000,1777316754424000,0,0,0.0,0.00752684,0.72249997,0.72249997,-0.0023851395,-0.005688875,0.7226037,0.7226037,3.1491066e-07,1.7914826e-06,0,1,0,0
1777316754590000,1777316754476000,0,0,0.0,0.00752684,0.70559996,0.70559996,-0.0027677868,-0.0053163115,0.7057254,0.7057254,4.341997e-07,1.6019358e-06,0,1,0,0
1777316754646000,1777316754528000,0,0,0.0,0.00752684,0.6889,0.6889,-0.0014425584,-0.0063137524,0.6889664,0.6889664,1.2081719e-07,2.3143928e-06,0,1,0,0
1777316754702000,1777316754580000,0,0,-0.011119492,0.0,0.6561,0.6561,0.009317813,0.0016046439,0.6561844,0.6561844,5.292515e-06,1.5696088e-07,0,1,0,0
1777316754750000,1777316754632000,0,0,0.0,-0.01505368,0.6399999,0.6399999,-0.00214409,0.017002448,0.64010364,0.64010364,2.872736e-07,1.8064778e-05,0,1,0,0
1777316754798000,1777316754684000,0,0,0.0,-0.02258052,0.6240999,0.6240999,-0.0024728999,0.024864042,0.6242254,0.6242254,3.9186062e-07,3.9615217e-05,0,1,0,0
1777316754854000,1777316754736000,0,0,0.0,-0.01505368,0.6083999,0.6083999,-0.0013105986,0.016289912,0.6084663,0.6084663,1.1291791e-07,1.7444596e-05,0,1,0,0
1777316754902000,1777316754788000,0,0,-0.011119492,-0.02258052,0.5929,0.5929,0.009502269,0.024116624,0.5929815,0.5929815,6.0907882e-06,3.9233033e-05,0,1,0,0
1777316754958000,1777316754840000,0,0,0.0,-0.03010736,0.5776,0.5776,-0.0020628385,0.031948254,0.5777037,0.5777038,2.9463567e-07,7.0672264e-05,0,1,0,0
1777316755006000,1777316754892000,0,0,0.0,-0.02258052,0.5625,0.5625,-0.002418846,0.024629807,0.5626255,0.5626255,4.1596513e-07,4.3128322e-05,0,1,0,0
1777316755062000,1777316754944000,0,0,0.0,-0.01505368,0.54760003,0.54760003,-0.0012766428,0.016058423,0.5476665,0.5476665,1.19037175e-07,1.8834306e-05,0,1,0,0
1777316755110000,1777316754996000,0,0,-0.011119492,0.0,0.5328999,0.5328999,0.009576297,0.0012047671,0.5329815,0.5329815,6.88245e-06,1.08931644e-07,0,1,0,0
1777316755166000,1777316755048000,0,0,-0.011119492,0.01505368,0.51839995,0.51839995,0.009249356,-0.01360126,0.5185037,0.5185037,6.5998042e-06,1.4271394e-05,0,1,0,0
1777316755214000,1777316755100000,0,0,-0.022238987,-0.00752684,0.50409997,0.50409997,0.020099781,0.009187854,0.5042255,0.5042255,3.2049247e-05,6.696738e-06,0,1,0,0
1777316755270000,1777316755152000,0,0,-0.033358477,0.0,0.48999998,0.48999998,0.032255076,0.0008882025,0.4900664,0.49006644,8.4918276e-05,6.439157e-08,0,1,0,0
1777316755318000,1777316755204000,0,0,-0.022238987,0.00752684,0.4761,0.4761,0.020876098,-0.006396773,0.4761816,0.4761816,3.6608846e-05,3.437235e-06,0,1,0,0
1777316755374000,1777316755256000,0,0,-0.011119492,-0.00752684,0.46240002,0.46240002,0.009411332,0.008950431,0.46250382,0.46250382,7.660319e-06,6.9283938e-06,0,1,0,0
1777316755430000,1777316755308000,0,0,-0.011119492,0.0,0.44889995,0.44889995,0.009020559,0.0016498801,0.4490298,0.4490298,7.248559e-06,2.4248763e-07,0,1,0,0
1777316755478000,1777316755360000,0,0,0.0,-0.01505368,0.44889995,0.44889995,-0.0011415883,0.015874757,0.4489664,0.4489664,1.16108815e-07,2.245227e-05,0,1,0,0
1777316755526000,1777316755412000,0,0,0.011119492,-0.00752684,0.43559995,0.43559995,-0.012583459,0.008475138,0.43568155,0.43568155,1.4537539e-05,6.5945383e-06,0,1,0,0
1777316755582000,1777316755464000,0,0,0.0,-0.01505368,0.42249995,0.42249995,-0.0019015664,0.016161948,0.4226038,0.4226038,3.4225482e-07,2.4723731e-05,0,1,0,0
1777316755630000,1777316755516000,0,0,0.0,0.0,0.4096,0.4096,-0.0021746506,0.0012508905,0.4097256,0.4097256,4.616851e-07,1.5275855e-07,0,1,0,0
1777316755686000,1777316755568000,0,0,0.0,-0.01505368,0.3969,0.3969,-0.0011342865,0.015660515,0.39696646,0.39696646,1.2964378e-07,2.4712588e-05,0,1,0,0
1777316755742000,1777316755620000,0,0,0.0,-0.00752684,0.3969,0.3969,-0.0014254893,0.0082182,0.39698446,0.39698446,2.0474555e-07,6.805184e-06,0,1,0,0
1777316755790000,1777316755672000,0,0,0.0,-0.00752684,0.3844,0.3844,-0.0017490443,0.008262209,0.38450384,0.38450384,3.182445e-07,7.1015243e-06,0,1,0,0
1777316755846000,1777316755724000,0,0,-0.011119492,-0.01505368,0.37210003,0.37210003,0.008984127,0.01581511,0.3722299,0.3722299,8.673622e-06,2.6877768e-05,0,1,0,0
1777316755894000,1777316755776000,1777316755814000,0,0.0,0.0,0.35999995,0.35999995,-0.0011614044,0.00027249,0.3600664,0.3600664,1.4984572e-07,8.248567e-09,0,1,0,0
1777316755942000,1777316755828000,1777316755862000,0,0.011119492,-0.00752684,0.35999995,0.35999995,-0.011099704,0.007545884,0.72020733,0.72020733,6.842664e-06,3.1624425e-06,0,1,0,1
1777316755998000,1777316755880000,1777316755918000,0,0.0,0.0,0.34809998,0.34809998,0.0055897213,-0.0037700848,0.52841395,0.52841395,2.3651899e-06,1.0759397e-06,0,1,0,1
1777316756054000,1777316755932000,1777316755974000,0,0.0,0.00752684,0.33639997,0.33639997,0.0036869065,-0.010002326,0.45542508,0.45542508,1.1938982e-06,8.78709e-06,0,1,0,1
1777316756102000,1777316755984000,1777316756022000,0,0.011119492,0.0,0.33639997,0.33639997,-0.008401146,0.0001321985,0.42450103,0.42450103,6.6505613e-06,1.6467753e-09,0,1,0,1
1777316756150000,1777316756036000,1777316756070000,0,0.011119492,0.0,0.3249,0.3249,-0.006679818,8.063059e-05,0.39489055,0.39489055,4.5197303e-06,6.5854117e-10,0,1,0,1
1777316756206000,1777316756088000,1777316756126000,0,0.0,0.00752684,0.3249,0.3249,0.005606011,-0.0074658752,0.38269627,0.38269627,3.2848359e-06,5.825956e-06,0,1,0,1
1777316756262000,1777316756140000,1777316756182000,0,0.0,-0.00752684,0.3136,0.3136,0.004691387,0.008674294,0.36287946,0.36287946,2.4260523e-06,8.294035e-06,0,1,0,1
1777316756310000,1777316756192000,1777316756230000,0,0.0,-0.01505368,0.3025,0.3025,0.004018117,0.015006065,0.34525716,0.34525716,1.8705207e-06,2.6088612e-05,0,1,0,1
1777316756358000,1777316756244000,1777316756278000,0,-0.011119492,-0.00752684,0.3025,0.3025,0.0145835765,0.0055748844,0.34012845,0.34012845,2.5011812e-05,3.6550118e-06,0,1,0,1
1777316756414000,1777316756296000,1777316756334000,0,0.0,0.0,0.29159996,0.29159996,0.0017554259,-0.002586309,0.32526898,0.32526898,3.789504e-07,8.225801e-07,0,1,0,1
1777316756470000,1777316756348000,1777316756390000,0,0.0,-0.00752684,0.29159996,0.29159996,0.001464564,0.0051746303,0.32198814,0.32198814,2.6646296e-07,3.326433e-06,0,1,0,1
1777316756518000,1777316756400000,1777316756438000,0,0.0,-0.00752684,0.28089997,0.28089997,0.0012540622,0.004715753,0.30858555,0.30858555,2.0385556e-07,2.882614e-06,0,1,0,1
1777316756574000,1777316756452000,1777316756494000,0,-0.011119492,-0.00752684,0.28089997,0.28089997,0.012131315,0.0042783543,0.30630374,0.30630374,1.9218674e-05,2.3903483e-06,0,1,0,1
1777316756622000,1777316756504000,1777316756542000,0,-0.022238987,-0.00752684,0.2704,0.2704,0.022119313,0.0039071525,0.29386076,0.29386076,6.659808e-05,2.0779692e-06,0,1,0,1
1777316756670000,1777316756556000,1777316756590000,0,-0.011119492,0.0,0.2704,0.2704,0.009100219,-0.003962953,0.29214987,0.29214987,1.1338562e-05,2.150266e-06,0,1,0,1
1777316756726000,1777316756608000,1777316756646000,0,0.0,-0.00752684,0.26009998,0.26009998,-0.0029045406,0.0038257139,0.28042912,0.28042912,1.2033496e-06,2.08767e-06,0,1,0,1
1777316756774000,1777316756660000,1777316756694000,0,-0.011119492,-0.01505368,0.26009998,0.26009998,0.008235379,0.011056093,0.27911687,0.27911687,9.719437e-06,1.7517707e-05,0,1,0,1
1777316756830000,1777316756712000,1777316756750000,0,0.011119492,-0.00752684,0.25,0.25,-0.014832658,0.0027732658,0.26791888,0.26791888,3.2846918e-05,1.1482585e-06,0,1,0,1
1777316756878000,1777316756764000,1777316756798000,0,0.0,-0.01505368,0.25,0.25,-0.002900441,0.010119371,0.26688138,0.26688138,1.2608684e-06,1.5347894e-05,0,1,0,1
1777316756934000,1777316756816000,1777316756854000,0,0.0,-0.00752684,0.25,0.25,-0.0029840511,0.0019849017,0.2660106,0.2660106,1.3389784e-06,5.924327e-07,0,1,0,1
1777316756990000,1777316756868000,1777316756910000,0,0.0,0.00752684,0.25,0.25,-0.003071959,-0.013200467,0.2652452,0.2652452,1.4231257e-06,2.6277925e-05,0,1,0,1
1777316757038000,1777316756920000,1777316756958000,0,-0.011119492,-0.00752684,0.25,0.25,0.008024932,0.0026070443,0.2645306,0.2645306,9.7379325e-06,1.0277344e-06,0,1,0,1
1777316757094000,1777316756972000,1777316757014000,0,-0.011119492,0.0,0.25,0.25,0.007308053,-0.0050965156,0.26393086,0.26393086,8.094186e-06,3.9365573e-06,0,1,0,1
1777316757142000,1777316757024000,1777316757062000,0,0.0,0.0,0.25,0.25,-0.0044003106,-0.004875775,0.26335752,0.26335755,2.9409046e-06,3.6107842e-06,0,1,0,1
1777316757190000,1777316757076000,1777316757110000,0,-0.022238987,0.0,0.25,0.25,0.017867796,-0.0046845153,0.26284152,0.26284152,4.8585647e-05,3.3396066e-06,0,1,0,1
1777316757246000,1777316757128000,1777316757166000,0,-0.022238987,-0.00752684,0.25,0.25,0.016722308,0.0029948736,0.26241273,0.26241273,4.262531e-05,1.3672001e-06,0,1,0,1
1777316757302000,1777316757180000,1777316757222000,0,-0.011119492,0.0,0.25,0.25,0.004510438,-0.0047758413,0.2620259,0.2620259,3.1056552e-06,3.481894e-06,0,1,0,1
1777316757350000,1777316757232000,1777316757270000,0,-0.011119492,0.0,0.25,0.25,0.004072832,-0.004630138,0.2616376,0.26163763,2.5360207e-06,3.2775376e-06,0,1,0,1
1777316757406000,1777316757284000,1777316757326000,0,-0.011119492,-0.01505368,0.25,0.25,0.0035492089,0.010525364,0.26132166,0.2613217,1.9281806e-06,1.6957381e-05,0,1,0,1
1777316757454000,1777316757336000,1777316757374000,0,0.0,-0.01505368,0.25,0.25,-0.007936068,0.009976271,0.26099592,0.26099595,9.652438e-06,1.5253259e-05,0,1,0,1
1777316757510000,1777316757388000,1777316757430000,0,0.0,-0.01505368,0.25,0.25,-0.007847283,0.009410666,0.26073602,0.26073605,9.44708e-06,1.3586252e-05,0,1,0,1
1777316757558000,1777316757440000,1777316757478000,0,0.0,0.0,0.25,0.25,-0.00770616,-0.006144274,0.26046002,0.26046005,9.120003e-06,5.7977572e-06,0,1,0,1
1777316757614000,1777316757492000,1777316757534000,0,0.0,0.0,0.25,0.25,-0.00765791,-0.006052747,0.2602452,0.2602452,9.01359e-06,5.6309577e-06,0,1,0,1
1777316757662000,1777316757544000,1777316757582000,0,-0.011119492,0.0,0.25,0.25,0.0035995464,-0.0059359907,0.26000938,0.2600094,1.9932718e-06,5.420725e-06,0,1,0,1
1777316757710000,1777316757596000,1777316757630000,0,-0.011119492,-0.01505368,0.25,0.25,0.0032990575,0.009227492,0.25979164,0.25979167,1.6757707e-06,1.3109982e-05,0,1,0,1
1777316757766000,1777316757648000,1777316757686000,0,-0.011119492,-0.01505368,0.25,0.25,0.002909325,0.008692874,0.25963014,0.25963014,1.3040354e-06,1.1642107e-05,0,1,0,1
1777316757814000,1777316757700000,1777316757734000,0,-0.011119492,-0.01505368,0.25,0.25,0.0026091794,0.008249292,0.25944224,0.25944227,1.0496082e-06,1.0491864e-05,0,1,0,1
1777316757870000,1777316757752000,1777316757790000,0,0.0,-0.01505368,0.25,0.25,-0.008873628,0.007755529,0.25930855,0.25930858,1.2146345e-05,9.2782475e-06,0,1,0,1
1777316757926000,1777316757804000,1777316757846000,0,0.0,-0.00752684,0.25,0.25,-0.008836534,-0.00024495553,0.25918654,0.25918657,1.20506775e-05,9.260234e-09,0,1,0,1
1777316757974000,1777316757856000,1777316757894000,0,-0.011119492,0.0,0.25,0.25,0.0024024723,-0.007884734,0.2590336,0.25903362,8.912934e-07,9.600149e-06,0,1,0,1
1777316758030000,1777316757908000,1777316757950000,0,-0.011119492,-0.00752684,0.25,0.25,0.0020618485,-0.0002331431,0.25893316,0.2589332,6.5672845e-07,8.39687e-09,0,1,0,1
1777316758078000,1777316757960000,1777316757998000,0,0.0,-0.00752684,0.25,0.25,-0.009288013,-0.00034376327,0.2587994,0.25879943,1.3333445e-05,1.8264828e-08,0,1,0,1
1777316758134000,1777316758012000,1777316758054000,0,0.0,-0.00752684,0.25,0.25,-0.009199065,-0.00049106125,0.2587174,0.25871745,1.3083434e-05,3.728255e-08,0,1,0,1
1777316758182000,1777316758064000,1777316758102000,0,0.011119492,-0.00752684,0.25,0.25,-0.020140862,-0.00060962886,0.25859994,0.25859997,6.274624e-05,5.748606e-08,0,1,0,1
1777316758230000,1777316758116000,1777316758150000,0,-0.011119492,-0.01505368,0.25,0.25,0.0026269117,0.0068508945,0.25849047,0.2584905,1.0678406e-06,7.262898e-06,0,1,0,1
1777316758286000,1777316758168000,1777316758206000,0,0.0,-0.00752684,0.25,0.25,-0.008786649,-0.0010830797,0.25843182,0.25843185,1.1949799e-05,1.8156612e-07,0,1,0,1
1777316758342000,1777316758220000,1777316758262000,0,0.0,-0.01505368,0.25,0.25,-0.008645411,0.0063310266,0.2583792,0.25837922,1.1571075e-05,6.205127e-06,0,1,0,1
1777316758390000,1777316758272000,1777316758310000,0,-0.011119492,0.0,0.25,0.25,0.002641634,-0.009046726,0.25828743,0.25828746,1.0806922e-06,1.2674754e-05,0,1,0,1
1777316758438000,1777316758324000,1777316758358000,0,0.011119492,0.00752684,0.25,0.25,-0.019781638,-0.016364716,0.25820175,0.2582018,6.0621307e-05,4.1487536e-05,0,1,0,1
1777316758494000,1777316758376000,1777316758414000,0,-0.022238987,0.00752684,0.25,0.25,0.014035037,-0.015995033,0.25816673,0.2581668,3.052016e-05,3.963966e-05,0,1,0,1
1777316758550000,1777316758428000,1777316758470000,0,0.0,0.0,0.25,0.25,-0.008781721,-0.008149915,0.25813612,0.25813618,1.1950071e-05,1.0292415e-05,0,1,0,1
1777316758598000,1777316758480000,1777316758518000,0,0.0,-0.00752684,0.25,0.25,-0.008578934,-0.00046683755,0.25806323,0.2580633,1.1407763e-05,3.378044e-08,0,1,0,1
1777316758646000,1777316758532000,1777316758566000,0,-0.011119492,-0.01505368,0.25,0.25,0.002739924,0.006978659,0.25799507,0.25799513,1.1639266e-06,7.5507905e-06,0,1,0,1
1777316758702000,1777316758584000,1777316758622000,0,-0.011119492,-0.00752684,0.25,0.25,0.0025817286,-0.0009040795,0.25797787,0.25797793,1.033472e-06,1.267333e-07,0,1,0,1
1777316758758000,1777316758636000,1777316758678000,0,-0.022238987,-0.01505368,0.25,0.25,0.013528254,0.0065161185,0.2579639,0.25796396,2.837818e-05,6.5838344e-06,0,1,0,1
1777316758806000,1777316758688000,1777316758726000,0,-0.022238987,-0.02258052,0.25,0.25,0.013065627,0.013756223,0.25790483,0.25790492,2.6476526e-05,2.934937e-05,0,1,0,1
1777316758854000,1777316758740000,1777316758774000,0,-0.022238987,-0.01505368,0.25,0.25,0.012632756,0.0057111233,0.25784954,0.25784963,2.4756533e-05,5.059837e-06,0,1,0,1
1777316758910000,1777316758792000,1777316758830000,0,-0.033358477,-0.00752684,0.25,0.25,0.023335822,-0.0021241968,0.25784588,0.25784597,8.4478466e-05,6.999857e-07,0,1,0,1
1777316758966000,1777316758844000,1777316758886000,0,-0.011119492,-0.01505368,0.25,0.25,0.00034292322,0.005327886,0.25784442,0.2578445,1.8242991e-08,4.4036415e-06,0,1,0,1
1777316759014000,1777316758896000,1777316758934000,0,-0.011119492,-0.02258052,0.25,0.25,0.00027287193,0.012582809,0.2577955,0.2577956,1.1553202e-08,2.4566296e-05,0,1,0,1
1777316759062000,1777316758948000,1777316758982000,0,-0.022238987,0.0,0.25,0.25,0.011309295,-0.010511989,0.25774965,0.2577497,1.9848741e-05,1.7148715e-05,0,1,0,1
1777316759118000,1777316759000000,1777316759038000,0,-0.022238987,0.00752684,0.25,0.25,0.010949426,-0.017877448,0.2577561,0.2577562,1.8605173e-05,4.9597747e-05,0,1,0,1
1777316759174000,1777316759052000,1777316759094000,0,-0.022238987,0.0,0.25,0.25,0.010572142,-0.0099670915,0.25776404,0.25776416,1.7344573e-05,1.5416093e-05,0,1,0,1
1777316759222000,1777316759104000,1777316759142000,0,-0.011119492,-0.00752684,0.25,0.25,-0.0008963235,-0.0022162525,0.25772244,0.25772256,1.2469164e-07,7.6233533e-07,0,1,0,1
1777316759278000,1777316759156000,1777316759198000,0,-0.011119492,-0.00752684,0.25,0.25,-0.00090566184,-0.0022998974,0.25773415,0.25773424,1.2729758e-07,8.209275e-07,0,1,0,1
1777316759326000,1777316759208000,1777316759246000,0,0.011119492,-0.00752684,0.25,0.25,-0.023139793,-0.0023227325,0.25769538,0.25769547,8.311365e-05,8.3743595e-07,0,1,0,1
1777316759382000,1777316759260000,1777316759302000,0,0.0,-0.00752684,0.25,0.25,-0.011361025,-0.0024198787,0.2577103,0.2577104,2.0033796e-05,9.088982e-07,0,1,0,1
1777316759430000,1777316759312000,1777316759350000,0,0.0,0.00752684,0.25,0.25,-0.01103751,-0.017472964,0.25767392,0.257674,1.891175e-05,4.7393907e-05,0,1,0,1
1777316759478000,1777316759364000,1777316759398000,0,0.0,-0.00752684,0.25,0.25,-0.010737423,-0.0019706693,0.25763962,0.25763974,1.789977e-05,6.0294076e-07,0,1,0,1
1777316759534000,1777316759416000,1777316759454000,0,0.011119492,0.0,0.25,0.25,-0.021559067,-0.009557878,0.25765926,0.25765935,7.215628e-05,1.41819855e-05,0,1,0,1
1777316759590000,1777316759468000,1777316759510000,0,0.011119492,0.00752684,0.25,0.25,-0.02090911,-0.016905185,0.25767922,0.2576793,6.786591e-05,4.4362936e-05,0,1,0,1
1777316759638000,1777316759520000,1777316759558000,0,0.0,0.00752684,0.25,0.25,-0.009161843,-0.016471095,0.25764638,0.2576465,1.3031717e-05,4.2119256e-05,0,1,0,1
1777316759686000,1777316759572000,1777316759606000,0,-0.011119492,-0.00752684,0.25,0.25,0.0022601997,-0.0010004248,0.25761536,0.25761545,7.931985e-07,1.5540216e-07,0,1,0,1
1777316759742000,1777316759624000,1777316759662000,0,-0.011119492,0.0,0.25,0.25,0.0022604177,-0.008609943,0.25763893,0.25763905,7.932789e-07,1.15093e-05,0,1,0,1
1777316759798000,1777316759676000,1777316759718000,0,0.0,0.0,0.25,0.25,-0.008893532,-0.008485952,0.25766253,0.25766262,1.2278836e-05,1.1179175e-05,0,1,0,1
1777316759846000,1777316759728000,1777316759766000,0,0.0,-0.00752684,0.25,0.25,-0.008625837,-0.0007493375,0.25763202,0.25763214,1.1552145e-05,8.71796e-08,0,1,0,1
1777316759894000,1777316759780000,1777316759814000,0,-0.011119492,-0.03010736,0.25,0.25,0.0027568592,0.021791086,0.25760314,0.25760323,1.1801523e-06,7.373377e-05,0,1,0,1
1777316759950000,1777316759832000,1777316759870000,0,-0.011119492,-0.01505368,0.25,0.25,0.00266892,0.0060639977,0.25762945,0.25762957,1.1059502e-06,5.709293e-06,0,1,0,1
1777316759998000,1777316759884000,1777316759918000,0,0.0,-0.02258052,0.25,0.25,-0.008514519,0.013372179,0.25760126,0.25760138,1.1257248e-05,2.7766182e-05,0,1,0,1
1777316760054000,1777316759936000,1777316759974000,0,0.011119492,-0.01505368,0.25,0.25,-0.019316023,0.0053627957,0.25762862,0.2576287,5.792971e-05,4.465275e-06,0,1,0,1
1777316760110000,1777316759988000,1777316760030000,0,0.011119492,-0.00752684,0.25,0.25,-0.01868707,-0.0023623332,0.25765553,0.25765562,5.4212935e-05,8.6636857e-07,0,1,0,1
1777316760158000,1777316760040000,1777316760078000,0,0.0,0.0,0.25,0.25,-0.006994218,-0.009807089,0.25762692,0.25762704,7.5953376e-06,1.4933059e-05,0,1,0,1
1777316760206000,1777316760092000,1777316760126000,0,0.0,-0.00752684,0.25,0.25,-0.0067557143,-0.0020257086,0.25759977,0.25759986,7.086913e-06,6.37189e-07,0,1,0,1
1777316760262000,1777316760144000,1777316760182000,0,-0.011119492,0.0,0.25,0.25,0.0046757804,-0.00953736,0.25762856,0.25762865,3.3944875e-06,1.4122844e-05,0,1,0,1
1777316760310000,1777316760196000,1777316760230000,0,-0.011119492,0.0,0.25,0.25,0.00457415,-0.00925746,0.25760165,0.25760174,3.2488686e-06,1.3307452e-05,0,1,0,1
1777316760366000,1777316760248000,1777316760286000,0,0.0,0.00752684,0.25,0.25,-0.0066065053,-0.016493112,0.25763094,0.25763103,6.776502e-06,4.2234467e-05,0,1,0,1
1777316760422000,1777316760300000,1777316760342000,0,0.0,-0.00752684,0.25,0.25,-0.0063009476,-0.000939914,0.2576595,0.2576596,6.163474e-06,1.3714813e-07,0,1,0,1
1777316760470000,1777316760352000,1777316760390000,0,0.011119492,-0.01505368,0.25,0.25,-0.017180813,0.0066428995,0.25763163,0.25763172,4.5829835e-05,6.8513477e-06,0,1,0,1
1777316760518000,1777316760404000,1777316760438000,0,0.0,-0.00752684,0.25,0.25,-0.0054651387,-0.001073923,0.25760508,0.25760517,4.6377563e-06,1.790819e-07,0,1,0,1
1777316760574000,1777316760456000,1777316760494000,0,-0.011119492,0.0,0.25,0.25,0.0059474707,-0.008513116,0.257635,0.2576351,5.4918632e-06,1.1252063e-05,0,1,0,1
1777316760630000,1777316760508000,1777316760550000,0,-0.022238987,0.0,0.25,0.25,0.017036501,-0.008219954,0.25766408,0.2576642,4.505748e-05,1.0489254e-05,0,1,0,1
1777316760678000,1777316760560000,1777316760598000,0,-0.011119492,-0.00752684,0.25,0.25,0.005489212,-0.00042629614,0.25763634,0.25763643,4.6781365e-06,2.8214707e-08,0,1,0,1
1777316760734000,1777316760612000,1777316760654000,0,0.0,0.0,0.25,0.25,-0.0056328927,-0.007894681,0.2576656,0.2576657,4.9256837e-06,9.67548e-06,0,1,0,1
1777316760782000,1777316760664000,1777316760702000,0,0.011119492,-0.00752684,0.25,0.25,-0.016496094,-0.0001202682,0.25763786,0.25763798,4.224862e-05,2.2457e-09,0,1,0,1
1777316760830000,1777316760716000,1777316760750000,0,0.011119492,-0.00752684,0.25,0.25,-0.015927652,-7.873401e-05,0.2576114,0.2576115,3.939113e-05,9.625416e-10,0,1,0,1
1777316760886000,1777316760768000,1777316760806000,0,0.0,-0.00752684,0.25,0.25,-0.004188148,-5.3164084e-05,0.2576417,0.2576418,2.723252e-06,4.3881387e-10,0,1,0,1
1777316760942000,1777316760820000,1777316760862000,0,-0.011119492,0.0,0.25,0.25,0.0072133364,-0.007506605,0.25767103,0.25767112,8.07731e-06,8.747447e-06,0,1,0,1
1777316760990000,1777316760872000,1777316760910000,0,-0.011119492,0.00752684,0.25,0.25,0.007063249,-0.014777457,0.25764316,0.25764325,7.745517e-06,3.3903194e-05,0,1,0,1
1777316761046000,1777316760924000,1777316760966000,0,-0.011119492,0.0,0.25,0.25,0.0070543233,-0.0067246486,0.2576725,0.25767258,7.725074e-06,7.0199007e-06,0,1,0,1
1777316761094000,1777316760976000,1777316761014000,0,-0.011119492,0.0,0.25,0.25,0.0069440566,-0.0064720823,0.25764456,0.25764465,7.4862705e-06,6.503197e-06,0,1,0,1
1777316761142000,1777316761028000,1777316761062000,0,0.0,-0.00752684,0.25,0.25,-0.0042497837,0.0012860089,0.2576179,0.25761798,2.804256e-06,2.5678622e-07,0,1,0,1
1777316761198000,1777316761080000,1777316761118000,0,0.011119492,-0.02258052,0.25,0.25,-0.015050309,0.016339015,0.25764805,0.25764814,3.516608e-05,4.14462e-05,0,1,0,1
1777316761246000,1777316761132000,1777316761166000,0,0.0,-0.02258052,0.25,0.25,-0.0033855445,0.015881099,0.25762123,0.25762132,1.7796533e-06,3.9159695e-05,0,1,0,1
1777316761302000,1777316761184000,1777316761222000,0,0.011119492,-0.02258052,0.25,0.25,-0.014210617,0.015469087,0.25765127,0.25765136,3.135116e-05,3.7149835e-05,0,1,0,1
1777316761358000,1777316761236000,1777316761278000,0,0.011119492,-0.00752684,0.25,0.25,-0.013615683,-8.6165965e-06,0.25768024,0.25768036,2.8777808e-05,1.1525245e-11,0,1,0,1
1777316761406000,1777316761288000,1777316761326000,0,0.0,0.0,0.25,0.25,-0.0019940366,-0.007535154,0.25765193,0.257652,6.1729514e-07,8.814764e-06,0,1,0,1
1777316761462000,1777316761340000,1777316761382000,0,0.0,0.0,0.25,0.25,-0.0017697766,-0.007272884,0.25768077,0.25768086,4.861999e-07,8.210907e-06,0,1,0,1
1777316761510000,1777316761392000,1777316761430000,0,0.0,0.00752684,0.25,0.25,-0.0016492283,-0.014573054,0.25765237,0.25765246,4.2226725e-07,3.29706e-05,0,1,0,1
1777316761566000,1777316761444000,1777316761486000,0,0.0,-0.00752684,0.25,0.25,-0.0014584155,0.0009289882,0.2576811,0.2576812,3.3017182e-07,1.3396695e-07,0,1,0,1
1777316761614000,1777316761496000,1777316761534000,0,0.0,0.0,0.25,0.25,-0.0013112752,-0.006649792,0.2576526,0.25765267,2.6693968e-07,6.8650156e-06,0,1,0,1
1777316761662000,1777316761548000,1777316761582000,0,0.022238985,0.0,0.25,0.25,-0.023394184,-0.0064487346,0.25762534,0.25762543,8.497423e-05,6.4568435e-06,0,1,0,1
1777316761718000,1777316761600000,1777316761638000,0,0.022238985,-0.00752684,0.25,0.25,-0.022497723,0.0012738253,0.25765485,0.25765494,7.857761e-05,2.519076e-07,0,1,0,1
1777316761766000,1777316761652000,1777316761686000,0,0.0,0.0,0.25,0.25,0.00052933214,-0.0062939227,0.25762743,0.2576275,4.3503523e-08,6.1505025e-06,0,1,0,1
1777316761822000,1777316761704000,1777316761742000,0,0.0,0.00752684,0.25,0.25,0.0007317464,-0.013617786,0.2576567,0.25765678,8.312655e-08,2.878932e-05,0,1,0,1
1777316761878000,1777316761756000,1777316761798000,0,-0.011119492,0.0,0.25,0.25,0.012051445,-0.005635003,0.25768492,0.25768498,2.254495e-05,4.9290047e-06,0,1,0,1
1777316761926000,1777316761808000,1777316761846000,0,0.0,0.00752684,0.25,0.25,0.0006969841,-0.012966692,0.257656,0.2576561,7.5416345e-08,2.6102252e-05,0,1,0,1
1777316761982000,1777316761860000,1777316761902000,0,-0.011119492,0.01505368,0.25,0.25,0.011997087,-0.020065846,0.25768405,0.25768414,2.2342103e-05,6.250104e-05,0,1,0,1
1777316762030000,1777316761912000,1777316761950000,0,0.011119492,0.01505368,0.25,0.25,-0.010491077,-0.019432757,0.25765508,0.25765517,1.7086826e-05,5.8625956e-05,0,1,0,1
1777316762078000,1777316761964000,1777316761998000,0,0.011119492,0.01505368,0.25,0.25,-0.010043869,-0.018811557,0.2576274,0.25762746,1.5662821e-05,5.4943634e-05,0,1,0,1
1777316762134000,1777316762016000,1777316762054000,0,-0.011119492,0.00752684,0.25,0.25,0.012718794,-0.010687761,0.2576562,0.25765625,2.5113733e-05,1.7733431e-05,0,1,0,1
1777316762182000,1777316762068000,1777316762102000,0,-0.011119492,0.0,0.25,0.25,0.012450213,-0.0027990167,0.25762832,0.2576284,2.4066889e-05,1.2164023e-06,0,1,0,1
1777316762238000,1777316762120000,1777316762158000,0,0.0,-0.00752684,0.25,0.25,0.0011712239,0.0048818155,0.25765693,0.25765702,2.1295999e-07,3.6998213e-06,0,1,0,1
1777316762294000,1777316762172000,1777316762214000,0,-0.011119492,-0.02258052,0.25,0.25,0.012471122,0.019872155,0.25768447,0.25768456,2.414253e-05,6.130015e-05,0,1,0,1
1777316762342000,1777316762224000,1777316762262000,0,-0.022238987,-0.02258052,0.25,0.25,0.023337336,0.01930746,0.2576552,0.2576553,8.455195e-05,5.7872367e-05,0,1,0,1
1777316762398000,1777316762276000,1777316762318000,0,0.0,-0.01505368,0.25,0.25,0.00060535123,0.0112539055,0.2576826,0.25768268,5.688395e-08,1.9659898e-05,0,1,0,1
1777316762446000,1777316762328000,1777316762366000,0,0.0,-0.01505368,0.25,0.25,0.0006907182,0.010933815,0.25765333,0.2576534,7.406721e-08,1.8559555e-05,0,1,0,1
1777316762502000,1777316762380000,1777316762422000,0,0.0,-0.00752684,0.25,0.25,0.00087019935,0.003113104,0.2576806,0.25768065,1.17548154e-07,1.5044072e-06,0,1,0,1
1777316762550000,1777316762432000,1777316762470000,0,0.0,-0.00752684,0.25,0.25,0.0009625792,0.0030273176,0.2576513,0.25765136,1.4384695e-07,1.4227988e-06,0,1,0,1
1777316762598000,1777316762484000,1777316762518000,0,0.0,0.00752684,0.25,0.25,0.0010759658,-0.012133725,0.25762326,0.25762334,1.7975123e-07,2.2859307e-05,0,1,0,1
1777316762654000,1777316762536000,1777316762574000,0,-0.011119492,0.02258052,0.25,0.25,0.012397662,-0.026825147,0.2576513,0.2576514,2.3862021e-05,0.00011171506,0,1,0,1
1777316762710000,1777316762588000,1777316762630000,0,-0.022238987,0.01505368,0.25,0.25,0.023334911,-0.01849461,0.25767833,0.2576784,8.4526786e-05,5.3097287e-05,0,1,0,1
1777316762758000,1777316762640000,1777316762678000,0,0.0,0.0,0.25,0.25,0.0005011234,-0.0029072082,0.25764892,0.257649,3.8987107e-08,1.312151e-06,0,1,0,1
1777316762814000,1777316762692000,1777316762734000,0,0.0,0.0,0.25,0.25,0.0006382125,-0.0028128137,0.25767583,0.25767592,6.322909e-08,1.2281972e-06,0,1,0,1
1777316762862000,1777316762744000,1777316762782000,0,0.011119492,-0.00752684,0.25,0.25,-0.010435119,0.004769548,0.25764644,0.25764653,1.6905602e-05,3.5317514e-06,0,1,0,1
1777316762918000,1777316762796000,1777316762838000,0,-0.011119492,-0.00752684,0.25,0.25,0.012267564,0.004600782,0.25767326,0.25767332,2.3361856e-05,3.2858961e-06,0,1,0,1
1777316762966000,1777316762848000,1777316762886000,0,0.0,-0.00752684,0.25,0.25,0.00089644303,0.004422656,0.25764388,0.25764397,1.2476293e-07,3.0367307e-06,0,1,0,1
1777316763014000,1777316762900000,1777316762934000,0,0.0,0.0,0.25,0.25,0.00094517064,-0.0032644584,0.25761577,0.25761586,1.3871006e-07,1.6546634e-06,0,1,0,1
1777316763070000,1777316762952000,1777316762990000,0,0.0,0.0,0.25,0.25,0.0010996189,-0.003211006,0.2576434,0.25764346,1.8772639e-07,1.6007484e-06,0,1,0,1
1777316763126000,1777316763004000,1777316763046000,0,0.0,-0.00752684,0.25,0.25,0.0012025114,0.0043964153,0.25767,0.25767004,2.244784e-07,3.000499e-06,0,1,0,1
1777316763174000,1777316763056000,1777316763094000,0,0.0,-0.00752684,0.25,0.25,0.001234086,0.0042445306,0.25764057,0.25764063,2.364485e-07,2.7970807e-06,0,1,0,1
1777316763222000,1777316763108000,1777316763142000,0,0.011119492,-0.01505368,0.25,0.25,-0.009842181,0.011621665,0.25761244,0.2576125,1.504097e-05,2.0971514e-05,0,1,0,1
1777316763278000,1777316763160000,1777316763198000,0,0.0,-0.00752684,0.25,0.25,0.0016916407,0.0037062194,0.25763986,0.2576399,4.442866e-07,2.1325984e-06,0,1,0,1
1777316763326000,1777316763212000,1777316763246000,0,0.0,0.0,0.25,0.25,0.0017063457,-0.003983675,0.25761166,0.25761172,4.520938e-07,2.464122e-06,0,1,0,1
1777316763382000,1777316763264000,1777316763302000,0,0.0,-0.01505368,0.25,0.25,0.0017665487,0.011112112,0.25763896,0.25763902,4.845066e-07,1.9170857e-05,0,1,0,1
1777316763438000,1777316763316000,1777316763358000,0,-0.011119492,-0.03010736,0.25,0.25,0.012984314,0.025733365,0.25766528,0.25766534,2.6172314e-05,0.000102800965,0,1,0,1
1777316763486000,1777316763368000,1777316763406000,0,0.011119492,-0.01505368,0.25,0.25,-0.009542125,0.009898196,0.2576358,0.25763586,1.4136569e-05,1.5211281e-05,0,1,0,1
1777316763534000,1777316763420000,1777316763454000,0,0.0,-0.02258052,0.25,0.25,0.0019347289,0.017106792,0.2576076,0.25760767,5.8122134e-07,4.5440003e-05,0,1,0,1
1777316763590000,1777316763472000,1777316763510000,0,0.0,-0.02258052,0.25,0.25,0.0020250732,0.016520867,0.25763476,0.25763482,6.367031e-07,4.2376112e-05,0,1,0,1
1777316763646000,1777316763524000,1777316763566000,0,0.0,-0.01505368,0.25,0.25,0.0020529428,0.00843785,0.25766093,0.25766098,6.542822e-07,1.1052865e-05,0,1,0,1
1777316763694000,1777316763576000,1777316763614000,0,0.0,-0.01505368,0.25,0.25,0.0020095964,0.008132914,0.2576315,0.25763157,6.2701616e-07,1.0269594e-05,0,1,0,1
1777316763750000,1777316763628000,1777316763670000,0,-0.011119492,-0.01505368,0.25,0.25,0.013140953,0.007790194,0.25765765,0.2576577,2.6808388e-05,9.421356e-06,0,1,0,1
1777316763798000,1777316763680000,1777316763718000,0,0.011119492,-0.02258052,0.25,0.25,-0.00946316,0.015025707,0.25762826,0.25762832,1.3903971e-05,3.505389e-05,0,1,0,1
1777316763846000,1777316763732000,1777316763766000,0,0.0,-0.00752684,0.25,0.25,0.0019600803,-0.00053076167,0.2576002,0.25760025,5.965702e-07,4.3743427e-08,0,1,0,1
1777316763902000,1777316763784000,1777316763822000,0,0.0,0.0,0.25,0.25,0.0019412065,-0.008115103,0.2576272,0.25762722,5.850753e-07,1.0224834e-05,0,1,0,1
1777316763958000,1777316763836000,1777316763878000,0,-0.011119492,-0.00752684,0.25,0.25,0.013055049,-0.00042378623,0.2576532,0.25765327,2.645949e-05,2.7881619e-08,0,1,0,1
1777316764006000,1777316763888000,1777316763926000,0,0.0,0.0,0.25,0.25,0.0015672251,-0.007955334,0.2576239,0.25762394,3.813613e-07,9.8263135e-06,0,1,0,1
1777316764054000,1777316763940000,1777316763974000,0,-0.022238987,0.0,0.25,0.25,0.023778735,-0.00776106,0.25759587,0.2575959,8.780082e-05,9.353262e-06,0,1,0,1
1777316764110000,1777316763992000,1777316764030000,0,-0.022238987,-0.01505368,0.25,0.25,0.023080798,0.0074805054,0.25762278,0.2576228,8.271368e-05,8.688355e-06,0,1,0,1
1777316764166000,1777316764044000,1777316764086000,0,-0.022238987,-0.02258052,0.25,0.25,0.02242329,0.014736325,0.2576487,0.25764877,7.806039e-05,3.3714e-05,0,1,0,1
1777316764214000,1777316764096000,1777316764134000,0,-0.011119492,-0.01505368,0.25,0.25,0.010631872,0.0067324033,0.25761947,0.25761953,1.7550958e-05,7.0375495e-06,0,1,0,1
1777316764262000,1777316764148000,1777316764182000,0,-0.033358477,-0.00752684,0.25,0.25,0.03255183,-0.0010068174,0.2575915,0.25759155,0.00016454296,1.574091e-07,0,1,0,1
1777316764318000,1777316764200000,1777316764238000,0,-0.011119492,-0.00752684,0.25,0.25,0.009376684,-0.0010081502,0.25761834,0.25761837,1.3651545e-05,1.5780968e-07,0,1,0,1
1777316764366000,1777316764252000,1777316764286000,0,-0.011119492,-0.02258052,0.25,0.25,0.0091111865,0.014039093,0.25759035,0.25759038,1.2890812e-05,3.060613e-05,0,1,0,1
1777316764422000,1777316764304000,1777316764342000,0,0.0,0.0,0.25,0.25,-0.002260939,-0.009022219,0.25761715,0.25761718,7.9371193e-07,1.2638977e-05,0,1,0,1
1777316764478000,1777316764356000,1777316764398000,0,0.0,-0.01505368,0.25,0.25,-0.0022028591,0.006264706,0.25764298,0.25764304,7.5338187e-07,6.0931657e-06,0,1,0,1
1777316764526000,1777316764408000,1777316764446000,0,-0.011119492,0.0,0.25,0.25,0.008976127,-0.0090232855,0.25761384,0.2576139,1.2510331e-05,1.26421255e-05,0,1,0,1
1777316764574000,1777316764460000,1777316764494000,0,-0.022238987,0.0,0.25,0.25,0.019853752,-0.008778512,0.25758594,0.25758597,6.121009e-05,1.1966842e-05,0,1,0,1
1777316764630000,1777316764512000,1777316764550000,0,-0.022238987,0.0,0.25,0.25,0.01930082,-0.008602701,0.25761268,0.2576127,5.7842135e-05,1.149112e-05,0,1,0,1
1777316764686000,1777316764564000,1777316764606000,0,-0.011119492,0.0,0.25,0.25,0.007646677,-0.008429977,0.25763848,0.2576385,9.078095e-06,1.1033212e-05,0,1,0,1
1777316764734000,1777316764616000,1777316764654000,0,-0.011119492,0.01505368,0.25,0.25,0.007434503,-0.023286525,0.25760943,0.25760946,8.582269e-06,8.419912e-05,0,1,0,1
1777316764790000,1777316764668000,1777316764710000,0,-0.011119492,0.0,0.25,0.25,0.0072481614,-0.007643272,0.25763524,0.25763527,8.156624e-06,9.070126e-06,0,1,0,1
1777316764838000,1777316764720000,1777316764758000,0,-0.011119492,-0.01505368,0.25,0.25,0.007069083,0.007587332,0.25760624,0.2576063,7.759429e-06,8.93885e-06,0,1,0,1
1777316764886000,1777316764772000,1777316764806000,0,-0.011119492,-0.00752684,0.25,0.25,0.0068566226,-0.00021648966,0.25757852,0.25757855,7.3008064e-06,7.2782105e-09,0,1,0,1
1777316764942000,1777316764824000,1777316764862000,0,-0.011119492,-0.01505368,0.25,0.25,0.0066558123,0.0072538764,0.25760525,0.25760528,6.8787162e-06,8.170441e-06,0,1,0,1
1777316764990000,1777316764876000,1777316764910000,0,0.0,-0.03010736,0.25,0.25,-0.0046351575,0.0220561,0.2575775,0.25757757,3.3364227e-06,7.554564e-05,0,1,0,1
1777316765046000,1777316764928000,1777316764966000,0,-0.011119492,-0.02258052,0.25,0.25,0.0066062044,0.013808269,0.2576042,0.25760427,6.7765873e-06,2.9606386e-05,0,1,0,1
1777316765094000,1777316764980000,1777316765014000,0,-0.011119492,-0.00752684,0.25,0.25,0.006406329,-0.0017212816,0.2575765,0.25757653,6.373416e-06,4.6010564e-07,0,1,0,1
1777316765150000,1777316765032000,1777316765070000,0,-0.022238987,-0.01505368,0.25,0.25,0.017349474,0.005758764,0.25760317,0.2576032,4.6739213e-05,5.1495267e-06,0,1,0,1
1777316765206000,1777316765084000,1777316765126000,0,-0.011119492,0.0,0.25,0.25,0.0057711382,-0.009563611,0.25762892,0.25762898,5.1711645e-06,1.42006775e-05,0,1,0,1
1777316765254000,1777316765136000,1777316765174000,0,-0.022238987,0.0,0.25,0.25,0.016727362,-0.009340548,0.25760004,0.2576001,4.344792e-05,1.3547485e-05,0,1,0,1
1777316765310000,1777316765188000,1777316765230000,0,-0.011119492,0.0,0.25,0.25,0.005143776,-0.0091788275,0.25762582,0.25762585,4.1080407e-06,1.3081121e-05,0,1,0,1
1777316765358000,1777316765240000,1777316765278000,0,-0.011119492,-0.00752684,0.25,0.25,0.0050048986,-0.0014370838,0.25759703,0.2575971,3.889643e-06,3.206884e-07,0,1,0,1
1777316765414000,1777316765292000,1777316765334000,0,-0.011119492,-0.00752684,0.25,0.25,0.0048936913,-0.0014999593,0.25762284,0.25762287,3.7183372e-06,3.4932887e-07,0,1,0,1
1777316765462000,1777316765344000,1777316765382000,0,0.0,-0.02258052,0.25,0.25,-0.006329012,0.013539801,0.25759414,0.25759417,6.2200784e-06,2.846745e-05,0,1,0,1
1777316765518000,1777316765396000,1777316765438000,0,0.0,-0.02258052,0.25,0.25,-0.0060160835,0.013055668,0.25761995,0.25762,5.6196363e-06,2.6465408e-05,0,1,0,1
1777316765566000,1777316765448000,1777316765486000,0,0.0,-0.02258052,0.25,0.25,-0.005787724,0.012616166,0.25759134,0.2575914,5.201689e-06,2.4716297e-05,0,1,0,1
1777316765614000,1777316765500000,1777316765534000,0,0.0,-0.00752684,0.25,0.25,-0.005557628,-0.0028901724,0.25756395,0.257564,4.796824e-06,1.297246e-06,0,1,0,1
1777316765670000,1777316765552000,1777316765590000,0,0.011119492,-0.00752684,0.25,0.25,-0.016413366,-0.0029170085,0.25759068,0.25759074,4.1833595e-05,1.3213113e-06,0,1,0,1
1777316765718000,1777316765604000,1777316765638000,0,0.011119492,0.0,0.25,0.25,-0.015834846,-0.010425761,0.25756332,0.25756335,3.894069e-05,1.688074e-05,0,1,0,1
1777316765774000,1777316765656000,1777316765694000,0,0.011119492,-0.01505368,0.25,0.25,-0.015202971,0.004835479,0.25759003,0.2575901,3.5891193e-05,3.630863e-06,0,1,0,1
1777316765830000,1777316765708000,1777316765750000,0,0.0,-0.00752684,0.25,0.25,-0.0034614238,-0.002946523,0.25761583,0.2576159,1.86036e-06,1.3480532e-06,0,1,0,1
1777316765878000,1777316765760000,1777316765798000,0,0.0,-0.00752684,0.25,0.25,-0.0032760056,-0.0029252376,0.2575873,0.25758737,1.6665748e-06,1.3287943e-06,0,1,0,1
1777316765934000,1777316765812000,1777316765854000,0,0.0,0.0,0.25,0.25,-0.003027398,-0.010467082,0.25761315,0.2576132,1.4230855e-06,1.701152e-05,0,1,0,1
1777316765982000,1777316765864000,1777316765902000,0,-0.011119492,-0.01505368,0.25,0.25,0.008291502,0.0048314454,0.25758472,0.25758478,1.0675943e-05,3.6248828e-06,0,1,0,1
1777316766030000,1777316765916000,1777316765950000,0,-0.011119492,-0.00752684,0.25,0.25,0.008151509,-0.0028921394,0.2575575,0.25755754,1.0319574e-05,1.2990448e-06,0,1,0,1
1777316766086000,1777316765968000,1777316766006000,0,-0.011119492,-0.00752684,0.25,0.25,0.008102919,-0.002952598,0.25758424,0.2575843,1.0195856e-05,1.3537835e-06,0,1,0,1
1777316766142000,1777316766020000,1777316766062000,0,-0.011119492,-0.00752684,0.25,0.25,0.008051271,-0.0030157417,0.2576101,0.25761014,1.0065282e-05,1.4121645e-06,0,1,0,1
1777316766190000,1777316766072000,1777316766110000,0,-0.011119492,-0.00752684,0.25,0.25,0.007958802,-0.0030222759,0.25758174,0.2575818,9.836494e-06,1.4184467e-06,0,1,0,1
1777316766246000,1777316766124000,1777316766166000,0,-0.022238987,0.0,0.25,0.25,0.019085154,-0.01062818,0.25760764,0.25760767,5.6557812e-05,1.753957e-05,0,1,0,1
1777316766294000,1777316766176000,1777316766214000,0,-0.011119492,0.01505368,0.25,0.25,0.007522594,-0.025454301,0.25757936,0.2575794,8.787882e-06,0.00010061698,0,1,0,1
1777316766350000,1777316766228000,1777316766270000,0,-0.011119492,0.00752684,0.25,0.25,0.007530672,-0.017312098,0.25760525,0.25760528,8.80588e-06,4.653767e-05,0,1,0,1
1777316766398000,1777316766280000,1777316766318000,0,0.0,0.0,0.25,0.25,-0.0037148627,-0.00935767,0.25757706,0.2575771,2.1430799e-06,1.3598414e-05,0,1,0,1
1777316766446000,1777316766332000,1777316766366000,0,-0.022238987,0.01505368,0.25,0.25,0.01876959,-0.02420208,0.25755003,0.2575501,5.4715194e-05,9.097115e-05,0,1,0,1
1777316766502000,1777316766384000,1777316766422000,0,-0.022238987,0.0,0.25,0.25,0.018448906,-0.008552377,0.25757685,0.2575769,5.2856016e-05,1.1358651e-05,0,1,0,1
1777316766558000,1777316766436000,1777316766478000,0,-0.022238987,0.00752684,0.25,0.25,0.018108398,-0.015905421,0.25760278,0.2576028,5.0917784e-05,3.9282557e-05,0,1,0,1
1777316766606000,1777316766488000,1777316766526000,0,-0.011119492,-0.01505368,0.25,0.25,0.0066025504,0.0071050553,0.25757462,0.25757468,6.7698707e-06,7.839561e-06,0,1,0,1
1777316766654000,1777316766540000,1777316766574000,0,-0.011119492,-0.02258052,0.25,0.25,0.006586476,0.014368197,0.2575477,0.25754774,6.737652e-06,3.2063195e-05,0,1,0,1
1777316766710000,1777316766592000,1777316766630000,0,0.0,-0.01505368,0.25,0.25,-0.00441981,0.006301,0.25757453,0.25757456,3.033642e-06,6.1656087e-06,0,1,0,1
1777316766766000,1777316766644000,1777316766686000,0,-0.011119492,-0.02258052,0.25,0.25,0.0070967022,0.013516059,0.25760046,0.25760052,7.820356e-06,2.8367002e-05,0,1,0,1
1777316766814000,1777316766696000,1777316766734000,0,-0.011119492,-0.0376342,0.25,0.25,0.007044486,0.028097883,0.25757238,0.25757244,7.706538e-06,0.00012260489,0,1,0,1
1777316766862000,1777316766748000,1777316766782000,0,0.0,-0.02258052,0.25,0.25,-0.004121042,0.012115872,0.2575455,0.25754556,2.6376674e-06,2.2798973e-05,0,1,0,1
1777316766918000,1777316766800000,1777316766838000,0,0.0,-0.01505368,0.25,0.25,-0.0037737845,0.00407655,0.25757232,0.25757238,2.2116428e-06,2.5807515e-06,0,1,0,1
1777316766974000,1777316766852000,1777316766894000,0,0.0,-0.02258052,0.25,0.25,-0.0033874945,0.011354618,0.25759828,0.25759834,1.7818627e-06,2.0019903e-05,0,1,0,1
1777316767022000,1777316766904000,1777316766942000,0,0.011119492,-0.01505368,0.25,0.25,-0.014265009,0.0033778818,0.25757027,0.2575703,3.160155e-05,1.7719567e-06,0,1,0,1
1777316767078000,1777316766956000,1777316766998000,0,0.0,0.0,0.25,0.25,-0.0024636067,-0.011920546,0.25759622,0.25759628,9.424607e-07,2.2065446e-05,0,1,0,1
1777316767126000,1777316767008000,1777316767046000,0,0.011119492,-0.01505368,0.25,0.25,-0.013392907,0.0034112846,0.25756827,0.25756833,2.785591e-05,1.8071885e-06,0,1,0,1
1777316767174000,1777316767060000,1777316767094000,0,0.0,-0.00752684,0.25,0.25,-0.001732557,-0.004311274,0.2575415,0.25754154,4.6621668e-07,2.8868478e-06,0,1,0,1
1777316767230000,1777316767112000,1777316767150000,0,0.0,-0.00752684,0.25,0.25,-0.0014791942,-0.004291367,0.25756836,0.25756842,3.3979566e-07,2.8599513e-06,0,1,0,1
1777316767286000,1777316767164000,1777316767206000,0,0.011119492,-0.00752684,0.25,0.25,-0.012301748,-0.0043202676,0.25759435,0.2575944,2.3499428e-05,2.8983102e-06,0,1,0,1
1777316767334000,1777316767216000,1777316767254000,0,0.011119492,-0.01505368,0.25,0.25,-0.011815669,0.0032262998,0.25756642,0.25756648,2.1681404e-05,1.6165162e-06,0,1,0,1
1777316767390000,1777316767268000,1777316767310000,0,0.0,0.0,0.25,0.25,-0.00013298099,-0.012079869,0.25759244,0.2575925,2.7460345e-09,2.2659548e-05,0,1,0,1
1777316767438000,1777316767320000,1777316767358000,0,-0.022238987,0.0,0.25,0.25,0.022231314,-0.011821509,0.2575646,0.25756466,7.675455e-05,2.170299e-05,0,1,0,1
1777316767494000,1777316767372000,1777316767414000,0,-0.033358477,-0.00752684,0.25,0.25,0.032915823,-0.004080844,0.25759065,0.25759068,0.0001682439,2.586008e-06,0,1,0,1
1777316767542000,1777316767424000,1777316767462000,0,-0.022238987,0.0,0.25,0.25,0.020940172,-0.011573535,0.25756285,0.2575629,6.809845e-05,2.0802177e-05,0,1,0,1
1777316767590000,1777316767476000,1777316767510000,0,-0.011119492,-0.00752684,0.25,0.25,0.009351702,-0.0038133562,0.25753626,0.2575363,1.3583228e-05,2.2585841e-06,0,1,0,1
1777316767646000,1777316767528000,1777316767566000,0,0.0,0.00752684,0.25,0.25,-0.0018332822,-0.018869342,0.25756317,0.25756323,5.2195713e-07,5.529548e-05,0,1,0,1
1777316767702000,1777316767580000,1777316767622000,0,0.0,-0.00752684,0.25,0.25,-0.0015445584,-0.0033979444,0.25758922,0.25758928,3.704597e-07,1.7929358e-06,0,1,0,1
1777316767750000,1777316767632000,1777316767670000,0,-0.011119492,-0.00752684,0.25,0.25,0.009773955,-0.00337579,0.25756148,0.25756153,1.48361005e-05,1.7698231e-06,0,1,0,1
1777316767806000,1777316767684000,1777316767726000,0,0.011119492,-0.00752684,0.25,0.25,-0.012506312,-0.0033866018,0.25758755,0.2575876,2.4288103e-05,1.7809975e-06,0,1,0,1
1777316767854000,1777316767736000,1777316767774000,0,0.011119492,-0.00752684,0.25,0.25,-0.011977597,-0.0033384021,0.25755984,0.2575599,2.2280312e-05,1.7308486e-06,0,1,0,1
1777316767902000,1777316767788000,1777316767822000,0,0.011119492,0.00752684,0.25,0.25,-0.011491303,-0.018360982,0.2575333,0.25753337,2.0509975e-05,5.2362244e-05,0,1,0,1
1777316767958000,1777316767840000,1777316767878000,0,0.011119492,0.0,0.25,0.25,-0.010935538,-0.010378108,0.25756025,0.2575603,1.857212e-05,1.6726977e-05,0,1,0,1
1777316768006000,1777316767892000,1777316767926000,0,0.011119492,-0.00752684,0.25,0.25,-0.010447401,-0.0025997236,0.25753373,0.2575338,1.6952838e-05,1.049736e-06,0,1,0,1
1777316768062000,1777316767944000,1777316767982000,0,0.0,0.0,0.25,0.25,0.0012675502,-0.010141975,0.25756067,0.25756073,2.495231e-07,1.5974432e-05,0,1,0,1
1777316768110000,1777316767996000,1777316768030000,0,-0.022238987,0.0,0.25,0.25,0.023644067,-0.0098813595,0.2575341,0.25753415,8.682997e-05,1.5165564e-05,0,1,0,1
1777316768166000,1777316768048000,1777316768086000,0,0.011119492,0.0,0.25,0.25,-0.010120523,-0.009664068,0.257561,0.25756106,1.590691e-05,1.45044e-05,0,1,0,1
1777316768214000,1777316768100000,1777316768134000,0,0.011119492,0.00752684,0.25,0.25,-0.009664421,-0.016932745,0.2575344,0.25753447,1.450696e-05,4.453273e-05,0,1,0,1
1777316768270000,1777316768152000,1777316768190000,0,0.0,0.0,0.25,0.25,0.0020384914,-0.008915167,0.2575613,0.2575614,6.453527e-07,1.2343498e-05,0,1,0,1
1777316768318000,1777316768204000,1777316768238000,0,0.0,-0.00752684,0.25,0.25,0.0021537214,-0.0011248905,0.2575347,0.25753477,7.20449e-07,1.9653714e-07,0,1,0,1
1777316768374000,1777316768256000,1777316768294000,0,0.0,-0.00752684,0.25,0.25,0.0023957833,-0.0010715714,0.25756156,0.25756162,8.9140286e-07,1.7832862e-07,0,1,0,1
1777316768422000,1777316768308000,1777316768342000,0,0.011119492,-0.00752684,0.25,0.25,-0.008597633,-0.001033768,0.25753495,0.257535,1.148105e-05,1.6598541e-07,0,1,0,1
1777316768478000,1777316768360000,1777316768398000,0,0.0,0.00752684,0.25,0.25,0.003058816,-0.016064346,0.25756177,0.25756183,1.4530659e-06,4.0077863e-05,0,1,0,1
1777316768534000,1777316768412000,1777316768454000,0,0.0,0.00752684,0.25,0.25,0.0032500897,-0.015566807,0.25758773,0.2575878,1.6403084e-06,3.7629965e-05,0,1,0,1
1777316768582000,1777316768464000,1777316768502000,0,-0.011119492,0.00752684,0.25,0.25,0.014438352,-0.015083393,0.25755996,0.25756,3.237553e-05,3.533293e-05,0,1,0,1
1777316768630000,1777316768516000,1777316768550000,0,-0.022238987,0.0,0.25,0.25,0.025321836,-0.007093811,0.25753337,0.25753343,9.959025e-05,7.816018e-06,0,1,0,1
1777316768686000,1777316768568000,1777316768606000,0,-0.011119492,-0.00752684,0.25,0.25,0.013778989,0.0006828159,0.2575602,0.25756028,2.9486007e-05,7.24083e-08,0,1,0,1
1777316768742000,1777316768620000,1777316768662000,0,-0.011119492,-0.00752684,0.25,0.25,0.013711872,0.00071317516,0.25758615,0.25758624,2.919651e-05,7.8982296e-08,0,1,0,1
1777316768790000,1777316768672000,1777316768710000,0,0.0,0.0,0.25,0.25,0.002406364,-0.0068020243,0.2575584,0.2575585,8.993049e-07,7.1855575e-06,0,1,0,1
1777316768838000,1777316768724000,1777316768758000,0,-0.011119492,0.0,0.25,0.25,0.013641153,-0.0065622744,0.25753185,0.25753194,2.8902223e-05,6.6886373e-06,0,1,0,1
1777316768894000,1777316768776000,1777316768814000,0,0.0,-0.01505368,0.25,0.25,0.00245769,0.0087190475,0.25755867,0.25755876,9.3807597e-07,1.1806515e-05,0,1,0,1
1777316768942000,1777316768828000,1777316768862000,0,0.0,0.0,0.25,0.25,0.0025718769,-0.0065802806,0.2575321,0.25753218,1.027375e-06,6.7253877e-06,0,1,0,1
1777316768998000,1777316768880000,1777316768918000,0,-0.011119492,0.0,0.25,0.25,0.013913341,-0.0063278046,0.2575589,0.25755897,3.0063966e-05,6.2185545e-06,0,1,0,1
1777316769054000,1777316768932000,1777316768974000,0,-0.011119492,-0.01505368,0.25,0.25,0.013789803,0.008971992,0.2575848,0.2575849,2.9529485e-05,1.2500212e-05,0,1,0,1
1777316769102000,1777316768984000,1777316769022000,0,-0.022238987,-0.03010736,0.25,0.25,0.024670444,0.023801183,0.2575571,0.25755718,9.452364e-05,8.79799e-05,0,1,0,1
1777316769150000,1777316769036000,1777316769070000,0,-0.011119492,-0.0376342,0.25,0.25,0.01299798,0.03068,0.25753054,0.25753063,2.6241158e-05,0.00014619813,0,1,0,1
1777316769206000,1777316769088000,1777316769126000,0,-0.011119492,-0.03010736,0.25,0.25,0.012947721,0.02232933,0.25755736,0.25755742,2.6035908e-05,7.7435005e-05,0,1,0,1
1777316769262000,1777316769140000,1777316769182000,0,-0.011119492,-0.01505368,0.25,0.25,0.012860405,0.0067358864,0.25758326,0.25758335,2.568335e-05,7.0458227e-06,0,1,0,1
1777316769310000,1777316769192000,1777316769230000,0,-0.011119492,-0.01505368,0.25,0.25,0.012643159,0.0065835454,0.25755557,0.25755566,2.482563e-05,6.731449e-06,0,1,0,1
1777316769358000,1777316769244000,1777316769278000,0,-0.022238987,0.00752684,0.25,0.25,0.023547119,-0.016157685,0.25752905,0.25752914,8.612105e-05,4.0550098e-05,0,1,0,1
1777316769414000,1777316769296000,1777316769334000,0,-0.011119492,0.0,0.25,0.25,0.011984516,-0.008059882,0.25755584,0.25755593,2.2306405e-05,1.0088946e-05,0,1,0,1
1777316769462000,1777316769348000,1777316769382000,0,0.0,-0.01505368,0.25,0.25,0.00065099937,0.0073039406,0.25752932,0.2575294,6.5825546e-08,8.2860515e-06,0,1,0,1
1777316769518000,1777316769400000,1777316769438000,0,0.0,-0.00752684,0.25,0.25,0.0008503627,-0.000280187,0.25755608,0.25755617,1.12304356e-07,1.2192253e-08,0,1,0,1
1777316769574000,1777316769452000,1777316769494000,0,-0.011119492,0.0,0.25,0.25,0.012169804,-0.0076505556,0.25758198,0.25758207,2.2999146e-05,9.089297e-06,0,1,0,1
1777316769622000,1777316769504000,1777316769542000,0,-0.011119492,0.0,0.25,0.25,0.011902029,-0.0073389597,0.2575543,0.25755438,2.2000531e-05,8.3648865e-06,0,1,0,1
1777316769670000,1777316769556000,1777316769590000,0,-0.022238987,-0.00752684,0.25,0.25,0.022798128,0.00047966978,0.2575278,0.2575279,8.072988e-05,3.573719e-08,0,1,0,1
1777316769726000,1777316769608000,1777316769646000,0,-0.033358477,-0.00752684,0.25,0.25,0.0334167,0.00060394406,0.25755456,0.25755465,0.00017342744,5.664793e-08,0,1,0,1
1777316769782000,1777316769660000,1777316769702000,0,-0.011119492,-0.00752684,0.25,0.25,0.01036895,0.0007693325,0.25758046,0.25758055,1.669616e-05,9.191262e-08,0,1,0,1
1777316769830000,1777316769712000,1777316769750000,0,0.0,-0.01505368,0.25,0.25,-0.0009798944,0.008401174,0.25755283,0.25755292,1.4912561e-07,1.09615885e-05,0,1,0,1
1777316769878000,1777316769764000,1777316769798000,0,-0.011119492,-0.00752684,0.25,0.25,0.010268774,0.0007662615,0.25752634,0.25752643,1.6378553e-05,9.119944e-08,0,1,0,1
1777316769934000,1777316769816000,1777316769854000,0,0.0,-0.01505368,0.25,0.25,-0.0010034706,0.00850965,0.2575531,0.2575532,1.5638769e-07,1.1246476e-05,0,1,0,1
1777316769990000,1777316769868000,1777316769910000,0,-0.011119492,-0.00752684,0.25,0.25,0.010225716,0.0010140757,0.257579,0.2575791,1.6238166e-05,1.5969457e-07,0,1,0,1
1777316770038000,1777316769920000,1777316769958000,0,-0.011119492,-0.00752684,0.25,0.25,0.009988536,0.0011390983,0.2575514,0.2575515,1.5495292e-05,2.0152008e-07,0,1,0,1
1777316770086000,1777316769972000,1777316770006000,0,0.0,-0.01505368,0.25,0.25,-0.0013844998,0.008815039,0.25752497,0.25752506,2.9773267e-07,1.2069491e-05,0,1,0,1
1777316770142000,1777316770024000,1777316770062000,0,-0.011119492,0.0,0.25,0.25,0.009901961,-0.006204843,0.25755173,0.25755182,1.5227829e-05,5.9793915e-06,0,1,0,1
1777316770198000,1777316770076000,1777316770118000,0,0.0,0.0,0.25,0.25,-0.001421559,-0.0057159215,0.25757763,0.25757772,3.1382075e-07,5.0736935e-06,0,1,0,1
1777316770246000,1777316770128000,1777316770166000,0,0.0,0.0,0.25,0.25,-0.0013253469,-0.0053570587,0.25755006,0.25755012,2.728082e-07,4.457086e-06,0,1,0,1
1777316770302000,1777316770180000,1777316770222000,0,-0.011119492,0.00752684,0.25,0.25,0.009927216,-0.01242164,0.25757596,0.25757602,1.5304164e-05,2.3961411e-05,0,1,0,1
1777316770350000,1777316770232000,1777316770270000,0,-0.022238987,-0.00752684,0.25,0.25,0.020802056,0.0032014223,0.25754842,0.2575485,6.720686e-05,1.5917941e-06,0,1,0,1
1777316770398000,1777316770284000,1777316770318000,0,-0.011119492,-0.00752684,0.25,0.25,0.009081896,0.0032970016,0.25752205,0.25752214,1.2811462e-05,1.6884326e-06,0,1,0,1
1777316770454000,1777316770336000,1777316770374000,0,0.0,-0.00752684,0.25,0.25,-0.0022765028,0.0035227984,0.25754884,0.2575489,8.048904e-07,1.9274178e-06,0,1,0,1
1777316770510000,1777316770388000,1777316770430000,0,0.011119492,0.0,0.25,0.25,-0.01334958,-0.0037875785,0.25757474,0.25757483,2.7675274e-05,2.2278189e-06,0,1,0,1
1777316770558000,1777316770440000,1777316770478000,0,0.011119492,0.0,0.25,0.25,-0.0129691,-0.0035013678,0.25754726,0.25754732,2.6122982e-05,1.9040504e-06,0,1,0,1
1777316770614000,1777316770492000,1777316770534000,0,0.0,0.00752684,0.25,0.25,-0.0015028266,-0.01064998,0.2575732,0.25757328,3.5073336e-07,1.761395e-05,0,1,0,1
1777316770662000,1777316770544000,1777316770582000,0,0.0,0.0,0.25,0.25,-0.0014856774,-0.0026455761,0.25754574,0.25754583,3.4281095e-07,1.0870413e-06,0,1,0,1
1777316770710000,1777316770596000,1777316770630000,0,-0.011119492,-0.00752684,0.25,0.25,0.009670309,0.0051452094,0.25751945,0.25751954,1.4525484e-05,4.112026e-06,0,1,0,1
1777316770766000,1777316770648000,1777316770686000,0,0.0,-0.00752684,0.25,0.25,-0.001768927,0.005280427,0.25754628,0.25754634,4.8598685e-07,4.3305467e-06,0,1,0,1
1777316770814000,1777316770700000,1777316770734000,0,0.0,0.00752684,0.25,0.25,-0.0017189007,-0.009762637,0.25751996,0.25752002,4.589345e-07,1.4804144e-05,0,1,0,1
1777316770870000,1777316770752000,1777316770790000,0,0.0,0.0,0.25,0.25,-0.0016815901,-0.0016747265,0.25754675,0.25754684,4.3918166e-07,4.3560368e-07,0,1,0,1
1777316770926000,1777316770804000,1777316770846000,0,-0.011119492,0.0,0.25,0.25,0.009460796,-0.001380391,0.2575727,0.25757277,1.3900021e-05,2.9591314e-07,0,1,0,1
1777316770974000,1777316770856000,1777316770894000,0,0.0,0.00752684,0.25,0.25,-0.0020014346,-0.008691647,0.25754526,0.25754535,6.2214156e-07,1.1733037e-05,0,1,0,1
1777316771030000,1777316770908000,1777316770950000,0,-0.011119492,0.0,0.25,0.25,0.00910499,-0.00059998967,0.25757122,0.2575713,1.2874241e-05,5.5904923e-08,0,1,0,1
1777316771078000,1777316770960000,1777316770998000,0,0.0,-0.00752684,0.25,0.25,-0.002346349,0.007117777,0.25754383,0.25754392,8.5505496e-07,7.8686e-06,0,1,0,1
1777316771134000,1777316771012000,1777316771054000,0,0.011119492,0.00752684,0.25,0.25,-0.013456052,-0.007871029,0.25756982,0.25756988,2.8119028e-05,9.621171e-06,0,1,0,1
1777316771182000,1777316771064000,1777316771102000,0,0.0,0.00752684,0.25,0.25,-0.0019951768,-0.00746036,0.25754246,0.25754252,6.18264e-07,8.644316e-06,0,1,0,1
1777316771230000,1777316771116000,1777316771150000,0,-0.011119492,0.00752684,0.25,0.25,0.009127788,-0.007048623,0.25751626,0.25751632,1.2941554e-05,7.717272e-06,0,1,0,1
1777316771286000,1777316771168000,1777316771206000,0,-0.011119492,-0.00752684,0.25,0.25,0.008732334,0.008509475,0.25754312,0.25754318,1.1843244e-05,1.12464495e-05,0,1,0,1
1777316771334000,1777316771220000,1777316771254000,0,-0.011119492,-0.00752684,0.25,0.25,0.00837356,0.008432518,0.2575169,0.25751695,1.0891171e-05,1.10450765e-05,0,1,0,1
1777316771390000,1777316771272000,1777316771310000,0,-0.011119492,0.0,0.25,0.25,0.007958705,0.0009728177,0.2575437,0.25754377,9.837705e-06,1.4698462e-07,0,1,0,1
1777316771446000,1777316771324000,1777316771366000,0,-0.011119492,0.0,0.25,0.25,0.0075357356,0.0012071346,0.25756967,0.25756973,8.818944e-06,2.2629582e-07,0,1,0,1
1777316771494000,1777316771376000,1777316771414000,0,0.0,-0.00752684,0.25,0.25,-0.003921084,0.0088516325,0.2575423,0.25754237,2.3879418e-06,1.2169088e-05,0,1,0,1
1777316771542000,1777316771428000,1777316771462000,0,-0.011119492,0.0,0.25,0.25,0.007211411,0.0012043924,0.25751612,0.25751618,8.0778555e-06,2.2531572e-07,0,1,0,1
1777316771598000,1777316771480000,1777316771518000,0,-0.011119492,0.02258052,0.25,0.25,0.0068408223,-0.021176338,0.2575429,0.257543,7.2682024e-06,6.964854e-05,0,1,0,1
1777316771654000,1777316771532000,1777316771574000,0,0.0,0.01505368,0.25,0.25,-0.0046487367,-0.012783981,0.25756887,0.25756896,3.3561125e-06,2.5380416e-05,0,1,0,1
1777316771702000,1777316771584000,1777316771622000,0,0.0,0.0,0.25,0.25,-0.0046177753,0.002764877,0.25754154,0.2575416,3.3119084e-06,1.1873103e-06,0,1,0,1
1777316771750000,1777316771636000,1777316771670000,0,0.0,-0.01505368,0.25,0.25,-0.0046246354,0.017840618,0.25751534,0.25751543,3.322094e-06,4.9439783e-05,0,1,0,1
1777316771806000,1777316771688000,1777316771726000,0,-0.011119492,0.0,0.25,0.25,0.006418634,0.002442155,0.25754213,0.25754222,6.398777e-06,9.263135e-07,0,1,0,1
1777316771862000,1777316771740000,1777316771782000,0,-0.011119492,0.0,0.25,0.25,0.0060209385,0.0025316968,0.2575681,0.25756818,5.6298436e-06,9.953852e-07,0,1,0,1
1777316771910000,1777316771792000,1777316771830000,0,-0.011119492,0.0,0.25,0.25,0.0057123653,0.0025419793,0.25754076,0.25754085,5.068109e-06,1.0035936e-06,0,1,0,1
1777316771966000,1777316771844000,1777316771886000,0,-0.011119492,0.0,0.25,0.25,0.005311302,0.002628413,0.25756672,0.2575668,4.3809896e-06,1.0728952e-06,0,1,0,1
1777316772014000,1777316771896000,1777316771934000,0,-0.011119492,0.0,0.25,0.25,0.005022299,0.002632227,0.25753945,0.25753954,3.9176116e-06,1.0761252e-06,0,1,0,1
1777316772062000,1777316771948000,1777316771982000,0,0.0,0.0,0.25,0.25,-0.0063848794,0.002605253,0.2575133,0.2575134,6.3323614e-06,1.0542896e-06,0,1,0,1
1777316772118000,1777316772000000,1777316772038000,0,-0.011119492,0.01505368,0.25,0.25,0.0046469625,-0.012412932,0.25754014,0.25754023,3.3539254e-06,2.3931154e-05,0,1,0,1
1777316772166000,1777316772052000,1777316772086000,0,0.0,0.01505368,0.25,0.25,-0.006774934,-0.011990926,0.25751397,0.25751406,7.1296686e-06,2.2333898e-05,0,1,0,1
1777316772222000,1777316772104000,1777316772142000,0,0.0,0.00752684,0.25,0.25,-0.0068257,-0.004018327,0.2575408,0.25754088,7.236163e-06,2.5078666e-06,0,1,0,1
1777316772278000,1777316772156000,1777316772198000,0,0.0,0.01505368,0.25,0.25,-0.006915305,-0.011367045,0.25756672,0.25756684,7.4266495e-06,2.0066203e-05,0,1,0,1
1777316772326000,1777316772208000,1777316772246000,0,0.011119492,0.00752684,0.25,0.25,-0.018017968,-0.0034782756,0.25753945,0.25753954,5.0422906e-05,1.8790748e-06,0,1,0,1
1777316772382000,1777316772260000,1777316772302000,0,0.0,-0.00752684,0.25,0.25,-0.006652748,0.0117342975,0.2575654,0.2575655,6.8734475e-06,2.138388e-05,0,1,0,1
1777316772430000,1777316772312000,1777316772350000,0,0.0,-0.01505368,0.25,0.25,-0.006656065,0.01896597,0.25753814,0.25753826,6.881032e-06,5.5868673e-05,0,1,0,1
1777316772478000,1777316772364000,1777316772398000,0,0.0,0.0,0.25,0.25,-0.0066501466,0.003432012,0.25751206,0.25751215,6.869496e-06,1.8296156e-06,0,1,0,1
1777316772534000,1777316772416000,1777316772454000,0,0.011119492,-0.00752684,0.25,0.25,-0.017924055,0.010969173,0.25753888,0.25753897,4.9898757e-05,1.8688086e-05,0,1,0,1
1777316772582000,1777316772468000,1777316772502000,0,0.011119492,-0.01505368,0.25,0.25,-0.017610993,0.018250367,0.25751275,0.25751287,4.8175807e-05,5.1737356e-05,0,1,0,1
1777316772638000,1777316772520000,1777316772558000,0,0.0,0.0,0.25,0.25,-0.006353436,0.002807714,0.25753954,0.25753966,6.269507e-06,1.2243952e-06,0,1,0,1
1777316772686000,1777316772572000,1777316772606000,0,0.022238985,-0.01505368,0.25,0.25,-0.028614772,0.017877368,0.25751337,0.2575135,0.00012718643,4.964405e-05,0,1,0,1
1777316772742000,1777316772624000,1777316772662000,0,0.011119492,-0.00752684,0.25,0.25,-0.016993664,0.00999082,0.25754017,0.2575403,4.485275e-05,1.5503047e-05,0,1,0,1
1777316772790000,1777316772676000,1777316772710000,0,0.011119492,0.00752684,0.25,0.25,-0.016676404,-0.005290945,0.25751397,0.2575141,4.3198037e-05,4.34836e-06,0,1,0,1
1777316772846000,1777316772728000,1777316772766000,0,0.022238985,0.01505368,0.25,0.25,-0.02763358,-0.012537745,0.25754073,0.25754085,0.000118601,2.4414774e-05,0,1,0,1
1777316772902000,1777316772780000,1777316772822000,0,0.022238985,0.00752684,0.25,0.25,-0.02717096,-0.0045074793,0.25756663,0.25756675,0.00011465166,3.1552781e-06,0,1,0,1
1777316772950000,1777316772832000,1777316772870000,0,0.011119492,-0.00752684,0.25,0.25,-0.015454225,0.010770648,0.2575393,0.25753945,3.709462e-05,1.8017723e-05,0,1,0,1
1777316773006000,1777316772884000,1777316772926000,0,0.0,-0.01505368,0.25,0.25,-0.0042018555,0.018087748,0.25756523,0.25756538,2.7419212e-06,5.08091e-05,0,1,0,1
1777316773054000,1777316772936000,1777316772974000,0,0.0,-0.00752684,0.25,0.25,-0.0042735627,0.010099345,0.25753796,0.25753808,2.8366053e-06,1.5841815e-05,0,1,0,1
1777316773102000,1777316772988000,1777316773022000,0,0.0,-0.00752684,0.25,0.25,-0.004336328,0.0098429825,0.25751182,0.25751197,2.9208352e-06,1.5049289e-05,0,1,0,1
1777316773158000,1777316773040000,1777316773078000,0,-0.011119492,-0.01505368,0.25,0.25,0.006564773,0.017165534,0.25753862,0.25753874,6.6935586e-06,4.5764853e-05,0,1,0,1
1777316773206000,1777316773092000,1777316773126000,0,0.0,0.0,0.25,0.25,-0.0049437927,0.0016815936,0.25751245,0.25751257,3.7964899e-06,4.392418e-07,0,1,0,1
1777316773262000,1777316773144000,1777316773182000,0,0.0,0.0,0.25,0.25,-0.0051085167,0.0017714512,0.25753918,0.25753933,4.0532773e-06,4.87388e-07,0,1,0,1
1777316773310000,1777316773196000,1777316773230000,0,0.011119492,0.00752684,0.25,0.25,-0.01627493,-0.005729614,0.25751302,0.25751314,4.11433e-05,5.0993085e-06,0,1,0,1
1777316773366000,1777316773248000,1777316773286000,0,0.0,0.0,0.25,0.25,-0.004993341,0.002079279,0.25753975,0.2575399,3.8725602e-06,6.714922e-07,0,1,0,1
1777316773422000,1777316773300000,1777316773342000,0,0.0,-0.00752684,0.25,0.25,-0.005139179,0.009628585,0.25756562,0.25756577,4.1016597e-06,1.439782e-05,0,1,0,1
1777316773470000,1777316773352000,1777316773390000,0,0.0,-0.02258052,0.25,0.25,-0.005157842,0.024440842,0.25753832,0.25753844,4.1319418e-06,9.277912e-05,0,1,0,1
1777316773526000,1777316773404000,1777316773446000,0,0.0,-0.01505368,0.25,0.25,-0.005277711,0.01626849,0.2575642,0.25756434,4.3257933e-06,4.110255e-05,0,1,0,1
1777316773574000,1777316773456000,1777316773494000,0,0.0,-0.01505368,0.25,0.25,-0.0052721393,0.015835842,0.25753692,0.25753707,4.3171212e-06,3.894956e-05,0,1,0,1
1777316773630000,1777316773508000,1777316773550000,0,0.011119492,-0.01505368,0.25,0.25,-0.01648165,0.015434014,0.25756285,0.257563,4.2186948e-05,3.6994254e-05,0,1,0,1
1777316773678000,1777316773560000,1777316773598000,0,0.011119492,-0.01505368,0.25,0.25,-0.016143434,0.01496047,0.2575356,0.25753576,4.047758e-05,3.4762652e-05,0,1,0,1
1777316773726000,1777316773612000,1777316773646000,0,0.011119492,0.0,0.25,0.25,-0.015833529,-0.00051259645,0.2575095,0.25750965,3.894235e-05,4.08148e-08,0,1,0,1
1777316773782000,1777316773664000,1777316773702000,0,0.022238985,0.0,0.25,0.25,-0.026743136,-0.00046709404,0.25753626,0.2575364,0.00011108266,3.3886757e-08,0,1,0,1
1777316773830000,1777316773716000,1777316773750000,0,0.0,-0.02258052,0.25,0.25,-0.0038913223,0.022160204,0.25751016,0.2575103,2.3521231e-06,7.628039e-05,0,1,0,1
1777316773886000,1777316773768000,1777316773806000,0,0.0,-0.00752684,0.25,0.25,-0.0039858385,0.006488011,0.2575369,0.25753704,2.4675157e-06,6.537978e-06,0,1,0,1
1777316773934000,1777316773820000,1777316773854000,0,0.0,0.0,0.25,0.25,-0.0040221456,-0.0012291216,0.25751075,0.2575109,2.5129289e-06,2.346681e-07,0,1,0,1
1777316773990000,1777316773872000,1777316773910000,0,0.0,0.0,0.25,0.25,-0.0041316804,-0.0012230925,0.25753748,0.25753763,2.6513862e-06,2.3234747e-07,0,1,0,1
1777316774038000,1777316773924000,1777316773958000,0,0.0,0.00752684,0.25,0.25,-0.0041351905,-0.008753026,0.25751132,0.25751147,2.6561631e-06,1.1900901e-05,0,1,0,1
1777316774094000,1777316773976000,1777316774014000,0,0.0,-0.00752684,0.25,0.25,-0.0042739813,0.0065516876,0.25753805,0.2575382,2.8371599e-06,6.6669113e-06,0,1,0,1
1777316774150000,1777316774028000,1777316774070000,0,-0.011119492,0.0,0.25,0.25,0.006717085,-0.0011852034,0.25756392,0.25756407,7.007073e-06,2.1815266e-07,0,1,0,1
1777316774198000,1777316774080000,1777316774118000,0,-0.022238987,0.0,0.25,0.25,0.017497644,-0.0011560764,0.25753662,0.25753677,4.7553247e-05,2.0758398e-07,0,1,0,1
1777316774246000,1777316774132000,1777316774166000,0,-0.011119492,-0.01505368,0.25,0.25,0.005741488,0.013929306,0.25751048,0.25751063,5.1205193e-06,3.013865e-05,0,1,0,1
1777316774302000,1777316774184000,1777316774222000,0,0.0,0.0,0.25,0.25,-0.0057917777,-0.0015338983,0.2575372,0.25753734,5.210073e-06,3.6543736e-07,0,1,0,1
1777316774350000,1777316774236000,1777316774270000,0,-0.011119492,-0.00752684,0.25,0.25,0.005388331,0.0060364255,0.25751102,0.25751117,4.5099605e-06,5.6600934e-06,0,1,0,1
1777316774406000,1777316774288000,1777316774326000,0,-0.011119492,-0.00752684,0.25,0.25,0.005065197,0.005819016,0.25753772,0.25753787,3.9848487e-06,5.2591795e-06,0,1,0,1
1777316774454000,1777316774340000,1777316774374000,0,-0.011119492,-0.00752684,0.25,0.25,0.0048069707,0.005617683,0.25751153,0.25751168,3.5892713e-06,4.9020473e-06,0,1,0,1
1777316774510000,1777316774392000,1777316774430000,0,-0.011119492,0.00752684,0.25,0.25,0.0045176446,-0.009696152,0.2575382,0.25753835,3.1698776e-06,1.4602153e-05,0,1,0,1
1777316774558000,1777316774444000,1777316774478000,0,0.011119492,-0.00752684,0.25,0.25,-0.01793315,0.005601918,0.257512,0.25751215,4.995463e-05,4.8745637e-06,0,1,0,1
1777316774614000,1777316774496000,1777316774534000,0,0.0,0.0,0.25,0.25,-0.006477027,-0.0021478191,0.25753868,0.2575388,6.5158183e-06,7.1649436e-07,0,1,0,1
1777316774670000,1777316774548000,1777316774590000,0,0.0,-0.00752684,0.25,0.25,-0.00639643,0.0053482,0.25756449,0.2575646,6.354031e-06,4.4421076e-06,0,1,0,1
1777316774718000,1777316774600000,1777316774638000,0,0.0,0.00752684,0.25,0.25,-0.0061896895,-0.009950218,0.2575372,0.25753734,5.950559e-06,1.5377474e-05,0,1,0,1
1777316774766000,1777316774652000,1777316774686000,0,-0.011119492,0.00752684,0.25,0.25,0.005298841,-0.009766609,0.25751108,0.2575112,4.3613986e-06,1.4816701e-05,0,1,0,1
1777316774822000,1777316774704000,1777316774742000,0,-0.011119492,0.00752684,0.25,0.25,0.0055463226,-0.009695825,0.25753793,0.25753805,4.7778117e-06,1.4601186e-05,0,1,0,1
1777316774870000,1777316774756000,1777316774790000,0,-0.011119492,0.01505368,0.25,0.25,0.0057637035,-0.017058348,0.2575119,0.25751203,5.1601924e-06,4.519979e-05,0,1,0,1
1777316774926000,1777316774808000,1777316774846000,0,-0.022238987,0.02258052,0.25,0.25,0.017438311,-0.024260001,0.2575389,0.25753903,4.7230875e-05,9.141103e-05,0,1,0,1
1777316774982000,1777316774860000,1777316774902000,0,-0.022238987,0.0,0.25,0.25,0.018150197,-0.0011431325,0.25756517,0.25756526,5.116059e-05,2.0293912e-07,0,1,0,1
1777316775030000,1777316774912000,1777316774950000,0,-0.011119492,0.00752684,0.25,0.25,0.007831287,-0.008737202,0.25753826,0.25753835,9.525428e-06,1.1856671e-05,0,1,0,1
1777316775086000,1777316774964000,1777316775006000,0,0.0,0.0,0.25,0.25,-0.0013880992,-0.0010950894,0.2575649,0.257565,2.9923632e-07,1.8623972e-07,0,1,0,1
1777316775134000,1777316775016000,1777316775054000,0,0.011119492,-0.00752684,0.25,0.25,-0.01036718,0.0063924426,0.25753817,0.25753826,1.6693202e-05,6.346758e-06,0,1,0,1
1777316775190000,1777316775068000,1777316775110000,0,0.011119492,-0.01505368,0.25,0.25,-0.007145941,0.013591696,0.25756508,0.2575652,7.930341e-06,2.868931e-05,0,1,0,1
1777316775238000,1777316775120000,1777316775158000,0,0.0,-0.00752684,0.25,0.25,0.0066672876,0.0056012617,0.2575385,0.25753862,6.9042458e-06,4.8729207e-06,0,1,0,1
1777316775294000,1777316775172000,1777316775214000,0,0.0,-0.00752684,0.25,0.25,0.0097526545,0.0053111305,0.25756565,0.25756577,1.4771266e-05,4.380723e-06,0,1,0,1
1777316775342000,1777316775224000,1777316775262000,0,0.011119492,-0.01505368,0.25,0.25,0.0011754865,0.012621402,0.25753918,0.2575393,2.1461099e-07,2.4741821e-05,0,1,0,1
1777316775398000,1777316775276000,1777316775318000,0,0.022238985,-0.01505368,0.25,0.25,-0.0067260647,0.012129108,0.2575665,0.25756663,7.02575e-06,2.2846945e-05,0,1,0,1
1777316775446000,1777316775328000,1777316775366000,0,0.022238985,-0.01505368,0.25,0.25,-0.0037248079,0.011696254,0.25754014,0.25754026,2.1548788e-06,2.1247528e-05,0,1,0,1
1777316775502000,1777316775380000,1777316775422000,0,0.022238985,-0.01505368,0.25,0.25,-7.291697e-05,0.011228118,0.2575676,0.25756776,8.2570695e-10,1.9578636e-05,0,1,0,1
1777316775550000,1777316775432000,1777316775470000,0,0.022238985,0.0,0.25,0.25,0.003032906,-0.0042545614,0.2575413,0.25754142,1.4286669e-06,2.811399e-06,0,1,0,1
1777316775598000,1777316775484000,1777316775518000,0,0.033358477,-0.00752684,0.25,0.25,-0.0054639317,0.0033066007,0.25751612,0.25751624,4.6373098e-06,1.6983176e-06,0,1,0,1
1777316775654000,1777316775536000,1777316775574000,0,0.04447797,0.0,0.25,0.25,-0.013376467,-0.0044352454,0.25754464,0.25754476,2.7790114e-05,3.055221e-06,0,1,0,1
1777316775710000,1777316775588000,1777316775630000,0,0.05559746,-0.0075268396,0.25,0.25,-0.021106329,0.003110379,0.25757232,0.25757247,6.91809e-05,1.5024054e-06,0,1,0,1
1777316775758000,1777316775640000,1777316775678000,0,0.04447797,-0.02258052,0.25,0.25,-0.0067201406,0.017998315,0.25754598,0.25754613,7.013938e-06,5.0311668e-05,0,1,0,1
1777316775806000,1777316775692000,1777316775726000,0,0.05559746,-0.0075268396,0.25,0.25,-0.015054006,0.0023476938,0.2575208,0.25752094,3.520075e-05,8.561115e-07,0,1,0,1
1777316775862000,1777316775744000,1777316775782000,0,0.05559746,0.0,0.25,0.25,-0.011759967,-0.005333984,0.25754943,0.25754958,2.1478878e-05,4.4187814e-06,0,1,0,1
1777316775918000,1777316775796000,1777316775838000,0,0.05559746,-0.0075268396,0.25,0.25,-0.009001277,0.002624204,0.25757724,0.25757736,1.2582322e-05,1.0694179e-06,0,1,0,1
1777316775966000,1777316775848000,1777316775886000,0,0.05559746,-0.01505368,0.25,0.25,-0.0066248886,0.0104178805,0.25755084,0.25755095,6.8163868e-06,1.685604e-05,0,1,0,1
1777316776022000,1777316775900000,1777316775942000,0,0.066716954,-0.01505368,0.25,0.25,-0.015285175,0.01042106,0.25757867,0.2575788,3.6281977e-05,1.6864507e-05,0,1,0,1
1777316776070000,1777316775952000,1777316775990000,0,0.07783645,-0.0075268396,0.25,0.25,-0.024317153,0.0029157684,0.25755224,0.25755236,9.1837515e-05,1.3203849e-06,0,1,0,1
1777316776118000,1777316776004000,1777316776038000,0,0.08895594,0.0,0.25,0.25,-0.03313679,-0.0043566236,0.25752696,0.25752705,0.0001705525,2.9480661e-06,0,1,0,1
1777316776174000,1777316776056000,1777316776094000,0,0.08895594,0.0075268396,0.25,0.25,-0.03049443,-0.011417232,0.25755563,0.25755575,0.00014442088,2.0244655e-05,0,1,0,1
1777316776222000,1777316776108000,1777316776142000,0,0.08895594,0.0075268396,0.25,0.25,-0.028432302,-0.010733236,0.25753027,0.25753036,0.00012556129,1.78934e-05,0,1,0,1
1777316776278000,1777316776160000,1777316776198000,0,0.08895594,0.0,0.25,0.25,-0.02637636,-0.0021414203,0.2575589,0.257559,0.0001080471,7.121756e-07,0,1,0,1
1777316776326000,1777316776212000,1777316776246000,0,0.08895594,0.0075268396,0.25,0.25,-0.024494566,-0.008862963,0.2575334,0.2575335,9.318928e-05,1.2200683e-05,0,1,0,1
1777316776382000,1777316776264000,1777316776302000,0,0.08895594,0.015053679,0.25,0.25,-0.02307012,-0.015358758,0.257562,0.25756207,8.265667e-05,3.66345e-05,0,1,0,1
1777316776430000,1777316776316000,1777316776350000,0,0.066716954,0.01505368,0.25,0.25,0.00048944354,-0.014171737,0.25753635,0.25753644,3.7207172e-08,3.1193744e-05,0,1,0,1
1777316776486000,1777316776368000,1777316776406000,0,0.07783645,0.01505368,0.25,0.25,-0.010494225,-0.012978513,0.25756472,0.25756478,1.710308e-05,2.6159136e-05,0,1,0,1
1777316776534000,1777316776420000,1777316776454000,0,0.07783645,0.01505368,0.25,0.25,-0.009941332,-0.011791583,0.2575388,0.25753886,1.5349933e-05,2.1595411e-05,0,1,0,1
1777316776590000,1777316776472000,1777316776510000,0,0.07783645,0.01505368,0.25,0.25,-0.009561792,-0.010615258,0.25756678,0.25756687,1.4198705e-05,1.7499719e-05,0,1,0,1
1777316776646000,1777316776524000,1777316776566000,0,0.066716954,0.02258052,0.25,0.25,0.0014815554,-0.016611593,0.25759375,0.25759384,3.4084778e-07,4.284963e-05,0,1,0,1
1777316776694000,1777316776576000,1777316776614000,0,0.07783645,0.02258052,0.25,0.25,-0.009937093,-0.014924293,0.25756633,0.25756642,1.5335205e-05,3.459062e-05,0,1,0,1
1777316776750000,1777316776628000,1777316776670000,0,0.066716954,0.01505368,0.25,0.25,0.0009892434,-0.005707288,0.25759304,0.25759313,1.51961e-07,5.0580757e-06,0,1,0,1
1777316776798000,1777316776680000,1777316776718000,0,0.07783645,0.02258052,0.25,0.25,-0.010495342,-0.01188161,0.25756463,0.25756472,1.710673e-05,2.1924225e-05,0,1,0,1
1777316776846000,1777316776732000,1777316776766000,0,0.07783645,0.01505368,0.25,0.25,-0.010563977,-0.002824491,0.2575354,0.2575355,1.7333168e-05,1.2390911e-06,0,1,0,1
1777316776902000,1777316776784000,1777316776822000,0,0.066716954,0.02258052,0.25,0.25,0.00024391711,-0.009043391,0.25755686,0.25755697,9.239987e-09,1.2701333e-05,0,1,0,1
1777316776950000,1777316776836000,1777316776870000,0,0.066716954,0.01505368,0.25,0.25,-0.00054817647,-7.728394e-05,0.25752595,0.25752607,4.667451e-08,9.2772084e-10,0,1,0,1
1777316777006000,1777316776888000,1777316776926000,0,0.066716954,0.02258052,0.25,0.25,-0.00162711,-0.006414354,0.25754565,0.2575458,4.111872e-07,6.3901543e-06,0,1,0,1
1777316777054000,1777316776940000,1777316776974000,0,0.05559746,0.03010736,0.25,0.25,0.0086738765,-0.012641681,0.25751495,0.2575151,1.16864885e-05,2.4823725e-05,0,1,0,1
1777316777110000,1777316776992000,1777316777030000,0,0.05559746,0.03010736,0.25,0.25,0.0072643533,-0.011114227,0.25753614,0.25753632,8.19626e-06,1.9185803e-05,0,1,0,1
1777316777166000,1777316777044000,1777316777086000,0,0.05559746,0.03010736,0.25,0.25,0.005558122,-0.0095867645,0.25755903,0.2575592,4.797769e-06,1.4273387e-05,0,1,0,1
1777316777214000,1777316777096000,1777316777134000,0,0.066716954,0.037634198,0.25,0.25,-0.006922148,-0.015664596,0.2575317,0.25753188,7.442367e-06,3.8112496e-05,0,1,0,1
1777316777270000,1777316777148000,1777316777190000,0,0.05559746,0.03010736,0.25,0.25,0.002892319,-0.006465161,0.25756055,0.25756076,1.2991911e-06,6.4914093e-06,0,1,0,1
1777316777318000,1777316777200000,1777316777238000,0,0.066716954,0.04516104,0.25,0.25,-0.0094594285,-0.020105446,0.25753728,0.25753748,1.3897917e-05,6.278371e-05,0,1,0,1
1777316777374000,1777316777252000,1777316777294000,0,0.066716954,0.030107358,0.25,0.25,-0.010629658,-0.003161626,0.2575731,0.2575733,1.7546805e-05,1.552316e-06,0,1,0,1
1777316777422000,1777316777304000,1777316777342000,0,0.066716954,0.04516104,0.25,0.25,-0.011854805,-0.016877452,0.2575534,0.2575536,2.182637e-05,4.423908e-05,0,1,0,1
1777316777470000,1777316777356000,1777316777390000,0,0.066716954,0.05268788,0.25,0.25,-0.01305154,-0.02261393,0.25753593,0.25753614,2.6457306e-05,7.942804e-05,0,1,0,1
1777316777526000,1777316777408000,1777316777446000,0,0.05559746,0.04516104,0.25,0.25,-0.0033872686,-0.013085969,0.25758097,0.25758117,1.7817448e-06,2.6592405e-05,0,1,0,1
1777316777582000,1777316777460000,1777316777502000,0,0.066716954,0.06021472,0.25,0.25,-0.016193055,-0.02634941,0.25762787,0.25762808,4.071221e-05,0.00010779748,0,1,0,1
1777316777630000,1777316777512000,1777316777550000,0,0.066716954,0.06021472,0.25,0.25,-0.01720275,-0.02425268,0.25761107,0.25761124,4.595061e-05,9.133024e-05,0,1,0,1
1777316777686000,1777316777564000,1777316777606000,0,0.066716954,0.06774156,0.25,0.25,-0.018955354,-0.029604092,0.25766078,0.25766096,5.5779612e-05,0.00013605511,0,1,0,1
1777316777734000,1777316777616000,1777316777654000,0,0.066716954,0.06021472,0.25,0.25,-0.020336881,-0.02029663,0.25764343,0.25764358,6.421103e-05,6.3957064e-05,0,1,0,1
1777316777790000,1777316777668000,1777316777710000,0,0.066716954,0.05268788,0.25,0.25,-0.022004187,-0.011204418,0.25769445,0.2576946,7.5156335e-05,1.9486473e-05,0,1,0,1
1777316777838000,1777316777720000,1777316777758000,0,0.066716954,0.06021472,0.25,0.25,-0.023310386,-0.017485518,0.2576758,0.25767595,8.435004e-05,4.746168e-05,0,1,0,1
1777316777886000,1777316777772000,1777316777806000,0,0.05559746,0.06774156,0.25,0.25,-0.013404269,-0.023606889,0.2576582,0.25765833,2.7893451e-05,8.651538e-05,0,1,0,1
1777316777942000,1777316777824000,1777316777862000,0,0.05559746,0.06021472,0.25,0.25,-0.015757658,-0.014448743,0.25771034,0.25771046,3.853998e-05,3.2403215e-05,0,1,0,1
1777316777998000,1777316777876000,1777316777918000,0,0.04447797,0.075268395,0.25,0.25,-0.006926015,-0.02859167,0.257761,0.2577611,7.444056e-06,0.00012685911,0,1,0,1
1777316778046000,1777316777928000,1777316777966000,0,0.033358477,0.06774156,0.25,0.25,0.001987867,-0.01978682,0.25773874,0.25773883,6.1327455e-07,6.0762006e-05,0,1,0,1
1777316778094000,1777316777980000,1777316778014000,0,0.04447797,0.06774156,0.25,0.25,-0.01158854,-0.018760618,0.2577177,0.2577178,2.0843621e-05,5.4627315e-05,0,1,0,1
1777316778150000,1777316778032000,1777316778070000,0,0.04447797,0.06021472,0.25,0.25,-0.014039025,-0.010745466,0.25776812,0.25776818,3.058473e-05,1.7917653e-05,0,1,0,1
1777316778206000,1777316778084000,1777316778126000,0,0.033358477,0.05268788,0.25,0.25,-0.0057930853,-0.0029667988,0.25781652,0.2578166,5.2067785e-06,1.3656055e-06,0,1,0,1
1777316778254000,1777316778136000,1777316778174000,0,0.022238985,0.05268788,0.25,0.25,0.0025915094,-0.0029341057,0.2577908,0.25779086,1.042073e-06,1.3358077e-06,0,1,0,1
1777316778310000,1777316778188000,1777316778230000,0,0.022238985,0.0376342,0.25,0.25,-0.00077743456,0.012088597,0.2578379,0.25783798,9.376504e-08,2.2670698e-05,0,1,0,1
1777316778358000,1777316778240000,1777316778278000,0,0.022238985,0.0376342,0.25,0.25,-0.0036368612,0.0116402805,0.2578108,0.25781086,2.0521652e-06,2.1022563e-05,0,1,0,1
1777316778414000,1777316778292000,1777316778334000,0,0.022238985,0.05268788,0.25,0.25,-0.0068457685,-0.0038982108,0.25785655,0.25785658,7.269864e-06,2.3572868e-06,0,1,0,1
1777316778462000,1777316778344000,1777316778382000,0,0.011119492,0.06021472,0.25,0.25,0.0016212817,-0.011843499,0.2578282,0.25782824,4.0779938e-07,2.1761536e-05,0,1,0,1
1777316778518000,1777316778396000,1777316778438000,0,0.011119492,0.04516104,0.25,0.25,-0.001722197,0.002890572,0.2578726,0.25787264,4.6006633e-07,1.2960516e-06,0,1,0,1
1777316778566000,1777316778448000,1777316778486000,0,0.011119492,0.05268788,0.25,0.25,-0.0045513315,-0.0052964464,0.2578432,0.25784323,3.213522e-06,4.351845e-06,0,1,0,1
1777316778622000,1777316778500000,1777316778542000,0,0.011119492,0.06021472,0.25,0.25,-0.008166768,-0.013860632,0.2578863,0.25788632,1.0345038e-05,2.9798728e-05,0,1,0,1
1777316778670000,1777316778552000,1777316778590000,0,0.011119492,0.06774156,0.25,0.25,-0.01127405,-0.021960929,0.25785595,0.25785598,1.9717087e-05,7.481423e-05,0,1,0,1
1777316778726000,1777316778604000,1777316778646000,0,3.5366154e-10,0.05268788,0.25,0.25,-0.003535099,-0.007977821,0.2578978,0.2578978,1.9382758e-06,9.871449e-06,0,1,0,1
1777316778774000,1777316778656000,1777316778694000,0,-0.011119492,0.04516104,0.25,0.25,0.0043707285,-0.0016987026,0.25786665,0.25786665,2.9632783e-06,4.4760972e-07,0,1,0,1
1777316778822000,1777316778708000,1777316778742000,0,-0.011119492,0.04516104,0.25,0.25,0.0014158282,-0.0031247213,0.25783727,0.25783727,3.1098213e-07,1.5147358e-06,0,1,0,1
1777316778878000,1777316778760000,1777316778798000,0,-0.022238987,0.04516104,0.25,0.25,0.009275554,-0.0052590594,0.25787872,0.25787872,1.3345172e-05,4.290033e-06,0,1,0,1
1777316778934000,1777316778812000,1777316778854000,0,-0.011119492,0.04516104,0.25,0.25,-0.0053015817,-0.0073148273,0.25791803,0.25791803,4.3590235e-06,8.298249e-06,0,1,0,1
1777316778982000,1777316778864000,1777316778902000,0,-0.011119492,0.04516104,0.25,0.25,-0.008008953,-0.009045545,0.2578854,0.2578854,9.949122e-06,1.2691201e-05,0,1,0,1
1777316779038000,1777316778916000,1777316778958000,0,-0.022238985,0.05268788,0.25,0.25,0.00019297749,-0.018535007,0.25792357,0.25792357,5.775403e-09,5.3278804e-05,0,1,0,1
1777316779086000,1777316778968000,1777316779006000,0,-0.033358477,0.05268788,0.25,0.25,0.008464187,-0.019921485,0.25789046,0.25789046,1.1112077e-05,6.155568e-05,0,1,0,1
1777316779142000,1777316779020000,1777316779062000,0,-0.033358477,0.04516104,0.25,0.25,0.005055083,-0.014508976,0.25792757,0.25792757,3.9629517e-06,3.2646432e-05,0,1,0,1
1777316779190000,1777316779072000,1777316779110000,0,-0.04447797,0.04516104,0.25,0.25,0.013688223,-0.01645844,0.25789404,0.257894,2.9061155e-05,4.2014202e-05,0,1,0,1
1777316779238000,1777316779124000,1777316779158000,0,-0.022238987,0.03010736,0.25,0.25,-0.011280408,-0.0032739546,0.25786227,0.25786227,1.9738849e-05,1.6627139e-06,0,1,0,1
1777316779294000,1777316779176000,1777316779214000,0,-0.033358477,0.02258052,0.25,0.25,-0.002357643,0.0016388819,0.25789925,0.25789925,8.621167e-07,4.1658654e-07,0,1,0,1
1777316779350000,1777316779228000,1777316779270000,0,-0.033358477,0.02258052,0.25,0.25,-0.0048352107,-0.0011102352,0.25793424,0.25793424,3.625616e-06,1.9115295e-07,0,1,0,1
1777316779398000,1777316779280000,1777316779318000,0,-0.022238987,0.01505368,0.25,0.25,-0.017625751,0.0040944535,0.25789985,0.25789985,4.818414e-05,2.6001644e-06,0,1,0,1
1777316779454000,1777316779332000,1777316779374000,0,-0.04447797,0.0,0.25,0.25,0.0031873286,0.016325675,0.2579339,0.2579339,1.5754521e-06,4.1332707e-05,0,1,0,1
1777316779502000,1777316779384000,1777316779422000,0,-0.04447797,0.0,0.25,0.25,0.0012997389,0.013473362,0.25789925,0.25789928,2.6201258e-07,2.8155406e-05,0,1,0,1
1777316779550000,1777316779436000,1777316779470000,0,-0.05559746,0.0,0.25,0.25,0.011043336,0.010749653,0.25786638,0.2578664,1.8917592e-05,1.792479e-05,0,1,0,1
1777316779606000,1777316779488000,1777316779526000,0,-0.04447797,0.00752684,0.25,0.25,-0.0018644556,0.00023003574,0.25790048,0.2579005,5.3915295e-07,8.207265e-09,0,1,0,1
1777316779662000,1777316779540000,1777316779582000,0,-0.066716954,0.01505368,0.25,0.25,0.019511912,-0.00995381,0.2579327,0.25793272,5.9040936e-05,1.5364989e-05,0,1,0,1
1777316779710000,1777316779592000,1777316779630000,0,-0.05559746,0.0,0.25,0.25,0.0069320425,0.0030634543,0.25789753,0.25789756,7.453071e-06,1.4555783e-06,0,1,0,1
1777316779758000,1777316779644000,1777316779678000,0,-0.07783645,-0.00752684,0.25,0.25,0.028091602,0.00815053,0.2578641,0.25786412,0.00012241147,1.0304829e-05,0,1,0,1
1777316779814000,1777316779696000,1777316779734000,0,-0.066716954,-0.00752684,0.25,0.25,0.015771713,0.005308495,0.25789642,0.25789645,3.8580907e-05,4.3707646e-06,0,1,0,1
1777316779862000,1777316779748000,1777316779782000,0,-0.066716954,0.00752684,0.25,0.25,0.014939576,-0.012229368,0.25786272,0.25786275,3.462167e-05,2.3199542e-05,0,1,0,1
1777316779918000,1777316779800000,1777316779838000,0,-0.07783645,-0.00752684,0.25,0.25,0.025266562,0.0005853209,0.2578942,0.25789425,9.901722e-05,5.313814e-08,0,1,0,1
1777316779966000,1777316779852000,1777316779886000,0,-0.05559746,-0.02258052,0.25,0.25,0.0023705512,0.013804717,0.25786024,0.25786027,8.717146e-07,2.9561777e-05,0,1,0,1
1777316780022000,1777316779904000,1777316779942000,0,-0.05559746,-0.00752684,0.25,0.25,0.0025324896,-0.0037670517,0.2578909,0.25789097,9.947622e-07,2.2010354e-06,0,1,0,1
1777316780078000,1777316779956000,1777316779998000,0,-0.05559746,-0.00752684,0.25,0.25,0.0026969612,-0.0056809783,0.25791988,0.25791994,1.1280401e-06,5.0051985e-06,0,1,0,1
1777316780126000,1777316780008000,1777316780046000,0,-0.066716954,0.0,0.25,0.25,0.013844531,-0.014836374,0.257884,0.25788406,2.972981e-05,3.4142162e-05,0,1,0,1
1777316780182000,1777316780060000,1777316780102000,0,-0.05559746,0.0,0.25,0.25,0.0026048198,-0.015901815,0.2579123,0.2579124,1.052309e-06,3.9217615e-05,0,1,0,1
1777316780230000,1777316780112000,1777316780150000,0,-0.066716954,-0.01505368,0.25,0.25,0.014209509,-0.0017016102,0.25787643,0.25787652,3.1318898e-05,4.4912616e-07,0,1,0,1
1777316780286000,1777316780164000,1777316780206000,0,-0.066716954,-0.00752684,0.25,0.25,0.0145547055,-0.010651694,0.25790414,0.25790423,3.2855532e-05,1.7597009e-05,0,1,0,1
1777316780334000,1777316780216000,1777316780254000,0,-0.066716954,-0.01505368,0.25,0.25,0.014674999,-0.0040981956,0.2578683,0.25786838,3.3405515e-05,2.6052371e-06,0,1,0,1
1777316780382000,1777316780268000,1777316780302000,0,-0.05559746,-0.02258052,0.25,0.25,0.004098218,0.002698589,0.2578341,0.2578342,2.6056118e-06,1.1297776e-06,0,1,0,1
1777316780438000,1777316780320000,1777316780358000,0,-0.066716954,-0.01505368,0.25,0.25,0.016322017,-0.005854223,0.25786215,0.25786227,4.1325682e-05,5.316315e-06,0,1,0,1
1777316780494000,1777316780372000,1777316780414000,0,-0.066716954,-0.00752684,0.25,0.25,0.01709091,-0.0141318,0.25788867,0.2578888,4.5306242e-05,3.0975796e-05,0,1,0,1
1777316780542000,1777316780424000,1777316780462000,0,-0.066716954,0.00752684,0.25,0.25,0.0180429,-0.029580351,0.25785282,0.2578529,5.050109e-05,0.00013573586,0,1,0,1
1777316780590000,1777316780476000,1777316780510000,0,-0.05559746,-0.01505368,0.25,0.25,0.0078168735,-0.0065013524,0.25781858,0.25781867,9.480079e-06,6.557723e-06,0,1,0,1
1777316780646000,1777316780528000,1777316780566000,0,-0.05559746,-0.01505368,0.25,0.25,0.0092587285,-0.00669772,0.25784552,0.2578456,1.3298513e-05,6.959118e-06,0,1,0,1
1777316780702000,1777316780580000,1777316780622000,0,-0.05559746,-0.02258052,0.25,0.25,0.0106878355,0.0006389618,0.257871,0.2578711,1.771891e-05,6.332965e-08,0,1,0,1
1777316780750000,1777316780632000,1777316780670000,0,-0.04447797,-0.02258052,0.25,0.25,0.00072807074,0.00023381226,0.2578352,0.2578353,8.2236554e-08,8.481099e-09,0,1,0,1
1777316780806000,1777316780684000,1777316780726000,0,-0.05559746,-0.01505368,0.25,0.25,0.013974808,-0.0072409194,0.25786024,0.25786033,3.0294745e-05,8.133226e-06,0,1,0,1
1777316780854000,1777316780736000,1777316780774000,0,-0.05559746,-0.03010736,0.25,0.25,0.015435409,0.008081747,0.2578246,0.25782466,3.69634e-05,1.0133187e-05,0,1,0,1
1777316780910000,1777316780788000,1777316780830000,0,-0.05559746,-0.03010736,0.25,0.25,0.017112337,0.00791431,0.25784916,0.25784922,4.5426885e-05,9.716735e-06,0,1,0,1
1777316780958000,1777316780840000,1777316780878000,0,-0.04447797,-0.03010736,0.25,0.25,0.0073396675,0.0077032186,0.25781357,0.25781363,8.358089e-06,9.206586e-06,0,1,0,1
1777316781006000,1777316780892000,1777316780926000,0,-0.04447797,-0.02258052,0.25,0.25,0.009020511,-1.8645078e-06,0.2577795,0.25777957,1.2626236e-05,5.39436e-13,0,1,0,1
1777316781062000,1777316780944000,1777316780982000,0,-0.033358477,-0.02258052,0.25,0.25,-0.00018297881,0.00011670217,0.2578045,0.25780457,5.1948272e-09,2.113135e-09,0,1,0,1
1777316781118000,1777316780996000,1777316781038000,0,-0.04447797,-0.0376342,0.25,0.25,0.01315023,0.015322892,0.25782818,0.2578282,2.6828495e-05,3.6425965e-05,0,1,0,1
1777316781166000,1777316781048000,1777316781086000,0,-0.05559746,-0.03010736,0.25,0.25,0.025771346,0.007431112,0.25779274,0.25779277,0.00010305368,8.568344e-06,0,1,0,1
1777316781222000,1777316781100000,1777316781142000,0,-0.04447797,-0.0376342,0.25,0.25,0.016007159,0.014934998,0.25781605,0.25781605,3.975379e-05,3.4606717e-05,0,1,0,1
1777316781270000,1777316781152000,1777316781190000,0,-0.022238987,-0.03010736,0.25,0.25,-0.004817361,0.0070614778,0.2577808,0.2577808,3.6010388e-06,7.7375e-06,0,1,0,1
1777316781318000,1777316781204000,1777316781238000,0,-0.04447797,-0.02258052,0.25,0.25,0.019443946,-0.0005695857,0.25774702,0.25774702,5.8672573e-05,5.0348262e-08,0,1,0,1
1777316781374000,1777316781256000,1777316781294000,0,-0.022238987,-0.00752684,0.25,0.25,-0.0012005474,-0.01540647,0.25777093,0.2577709,2.2365813e-07,3.68326e-05,0,1,0,1
1777316781422000,1777316781308000,1777316781342000,0,-0.022238987,-0.0376342,0.25,0.25,0.0007239375,0.0152442865,0.25773722,0.2577372,8.133642e-08,3.6065925e-05,0,1,0,1
1777316781478000,1777316781360000,1777316781398000,0,-0.011119492,-0.03010736,0.25,0.25,-0.00822499,0.007416565,0.25776076,0.2577607,1.0498178e-05,8.5358915e-06,0,1,0,1
1777316781534000,1777316781412000,1777316781454000,0,-0.011119492,-0.03010736,0.25,0.25,-0.005809592,0.0073052514,0.2577831,0.25778303,5.237172e-06,8.28087e-06,0,1,0,1
1777316781582000,1777316781464000,1777316781502000,0,0.0,-0.03010736,0.25,0.25,-0.014886761,0.00714767,0.25774825,0.2577482,3.439258e-05,7.928542e-06,0,1,0,1
1777316781638000,1777316781516000,1777316781558000,0,-0.011119492,-0.0376342,0.25,0.25,-0.001212351,0.014607221,0.2577704,0.2577703,2.2807819e-07,3.311024e-05,0,1,0,1
1777316781686000,1777316781568000,1777316781606000,0,0.0,-0.0376342,0.25,0.25,-0.010456718,0.014251687,0.2577358,0.2577357,1.6969772e-05,3.1522304e-05,0,1,0,1
1777316781734000,1777316781620000,1777316781654000,0,0.011119492,-0.0376342,0.25,0.25,-0.019822061,0.013908194,0.25770262,0.2577025,6.098721e-05,3.0024989e-05,0,1,0,1
1777316781790000,1777316781672000,1777316781710000,0,0.0,-0.03010736,0.25,0.25,-0.0064283623,0.0061406475,0.25772548,0.25772536,6.413621e-06,5.852362e-06,0,1,0,1
1777316781846000,1777316781724000,1777316781766000,0,0.0,-0.0376342,0.25,0.25,-0.004575654,0.013666946,0.25774723,0.2577471,3.2491691e-06,2.8987393e-05,0,1,0,1
1777316781894000,1777316781776000,1777316781814000,0,0.011119492,-0.03010736,0.25,0.25,-0.014135147,0.005837569,0.25771305,0.2577129,3.101161e-05,5.2891746e-06,0,1,0,1
1777316781950000,1777316781828000,1777316781870000,0,0.011119492,-0.03010736,0.25,0.25,-0.012468745,0.006250594,0.25773472,0.25773454,2.4128625e-05,6.0635916e-06,0,1,0,1
1777316781998000,1777316781880000,1777316781918000,0,0.011119492,-0.02258052,0.25,0.25,-0.011132799,-0.0009730663,0.25770077,0.25770062,1.9237694e-05,1.4697024e-07,0,1,0,1
1777316782054000,1777316781932000,1777316781974000,0,0.011119492,-0.03010736,0.25,0.25,-0.009635586,0.0071584173,0.25772235,0.25772217,1.4410008e-05,7.953206e-06,0,1,0,1
1777316782102000,1777316781984000,1777316782022000,0,0.022238985,-0.02258052,0.25,0.25,-0.01951984,-7.72886e-05,0.2576887,0.25768852,5.9144873e-05,9.272477e-10,0,1,0,1
1777316782150000,1777316782036000,1777316782070000,0,0.0,-0.01505368,0.25,0.25,0.0038538552,-0.0070962925,0.25765646,0.25765625,2.3057369e-06,7.81776e-06,0,1,0,1
1777316782206000,1777316782088000,1777316782126000,0,0.0,-0.01505368,0.25,0.25,0.004406687,-0.006294273,0.2576789,0.2576787,3.0144322e-06,6.1499645e-06,0,1,0,1
1777316782262000,1777316782140000,1777316782182000,0,0.0,-0.03010736,0.25,0.25,0.004894666,0.009606149,0.25770035,0.25770012,3.7186996e-06,1.432333e-05,0,1,0,1
1777316782310000,1777316782192000,1777316782230000,0,0.0,-0.02258052,0.25,0.25,0.0052454825,0.0023188982,0.25766718,0.25766695,4.271415e-06,8.347658e-07,0,1,0,1
1777316782358000,1777316782244000,1777316782278000,0,0.022238985,-0.03010736,0.25,0.25,-0.016662471,0.010315875,0.25763535,0.25763515,4.3105567e-05,1.6522166e-05,0,1,0,1
1777316782414000,1777316782296000,1777316782334000,0,0.011119492,-0.03010736,0.25,0.25,-0.004848547,0.010659657,0.25765768,0.25765747,3.6495564e-06,1.764021e-05,0,1,0,1
1777316782470000,1777316782348000,1777316782390000,0,0.011119492,-0.02258052,0.25,0.25,-0.0045477278,0.003847951,0.25767902,0.25767878,3.210479e-06,2.2984784e-06,0,1,0,1
1777316782518000,1777316782400000,1777316782438000,0,0.011119492,-0.01505368,0.25,0.25,-0.0043146587,-0.0028798264,0.25764623,0.257646,2.890208e-06,1.2875652e-06,0,1,0,1
1777316782574000,1777316782452000,1777316782494000,0,-0.011119492,-0.00752684,0.25,0.25,0.018220698,-0.009276801,0.25766748,0.25766724,5.153834e-05,1.3359716e-05,0,1,0,1
1777316782622000,1777316782504000,1777316782542000,0,-0.011119492,-0.01505368,0.25,0.25,0.017761316,-0.000581583,0.25763494,0.2576347,4.8978505e-05,5.251448e-08,0,1,0,1
1777316782678000,1777316782556000,1777316782598000,0,0.011119492,-0.02258052,0.25,0.25,-0.004854625,0.008004963,0.25765607,0.25765583,3.6587355e-06,9.948068e-06,0,1,0,1
1777316782726000,1777316782608000,1777316782646000,0,0.011119492,-0.02258052,0.25,0.25,-0.0046425345,0.008663661,0.25762373,0.2576235,3.3464505e-06,1.1654064e-05,0,1,0,1
1777316782774000,1777316782660000,1777316782694000,0,0.011119492,-0.01505368,0.25,0.25,-0.004435512,0.0017434573,0.2575927,0.25759247,3.0550189e-06,4.720081e-07,0,1,0,1
1777316782830000,1777316782712000,1777316782750000,0,0.0,-0.01505368,0.25,0.25,0.0069310633,0.0026791636,0.2576147,0.2576145,7.4591453e-06,1.1145207e-06,0,1,0,1
1777316782878000,1777316782764000,1777316782798000,0,0.011119492,-0.00752684,0.25,0.25,-0.0043115127,-0.0040481044,0.25758392,0.2575837,2.886693e-06,2.5447493e-06,0,1,0,1
1777316782934000,1777316782816000,1777316782854000,0,0.022238985,-0.01505368,0.25,0.25,-0.015192152,0.004541859,0.257606,0.25760582,3.5837907e-05,3.2031085e-06,0,1,0,1
1777316782990000,1777316782868000,1777316782910000,0,0.022238985,-0.01505368,0.25,0.25,-0.014585894,0.0053763613,0.25762728,0.2576271,3.303195e-05,4.487922e-06,0,1,0,1
1777316783038000,1777316782920000,1777316782958000,0,0.011119492,0.0,0.25,0.25,-0.002959055,-0.009017131,0.2575958,0.25759563,1.3596504e-06,1.2625782e-05,0,1,0,1
1777316783094000,1777316782972000,1777316783014000,0,0.033358477,0.0,0.25,0.25,-0.024956236,-0.008205957,0.2576173,0.25761712,9.6703705e-05,1.0455475e-05,0,1,0,1
1777316783142000,1777316783024000,1777316783062000,0,0.011119492,0.0,0.25,0.25,-0.0018890388,-0.007532367,0.25758618,0.257586,5.5413966e-07,8.810503e-06,0,1,0,1
1777316783190000,1777316783076000,1777316783110000,0,0.011119492,0.0,0.25,0.25,-0.0017719632,-0.006838575,0.25755638,0.25755623,4.8763746e-07,7.2630523e-06,0,1,0,1
1777316783246000,1777316783128000,1777316783166000,0,0.011119492,0.00752684,0.25,0.25,-0.0016940953,-0.013591413,0.2575791,0.25757894,4.45682e-07,2.8686587e-05,0,1,0,1
1777316783302000,1777316783180000,1777316783222000,0,0.022238985,-0.00752684,0.25,0.25,-0.012766589,0.0024148398,0.25760105,0.25760093,2.530825e-05,9.0550157e-07,0,1,0,1
1777316783350000,1777316783232000,1777316783270000,0,0.022238985,-0.00752684,0.25,0.25,-0.012373731,0.0028124368,0.25757062,0.2575705,2.3777433e-05,1.2283706e-06,0,1,0,1
1777316783398000,1777316783284000,1777316783318000,0,0.011119492,0.0,0.25,0.25,-0.0008763736,-0.004310416,0.25754148,0.25754136,1.1928653e-07,2.8857016e-06,0,1,0,1
1777316783454000,1777316783336000,1777316783374000,0,0.011119492,0.00752684,0.25,0.25,-0.00083570555,-0.011212014,0.25756466,0.25756454,1.0846267e-07,1.9522757e-05,0,1,0,1
1777316783502000,1777316783388000,1777316783422000,0,0.011119492,-0.00752684,0.25,0.25,-0.0008295914,0.0046206694,0.25753576,0.25753567,1.0689341e-07,3.3161366e-06,0,1,0,1
1777316783558000,1777316783440000,1777316783478000,0,0.022238985,0.0,0.25,0.25,-0.011928808,-0.0025560537,0.25755912,0.25755906,2.209923e-05,1.014666e-06,0,1,0,1
1777316783614000,1777316783492000,1777316783534000,0,0.022238985,0.01505368,0.25,0.25,-0.011904639,-0.017064484,0.25758177,0.2575817,2.2007836e-05,4.5220073e-05,0,1,0,1
1777316783662000,1777316783544000,1777316783582000,0,0.022238985,0.0,0.25,0.25,-0.0119091,-0.0011103706,0.25755218,0.25755212,2.2026863e-05,1.9148327e-07,0,1,0,1
1777316783710000,1777316783596000,1777316783630000,0,0.0,0.00752684,0.25,0.25,0.010343615,-0.008194861,0.25752383,0.25752378,1.6618325e-05,1.0430998e-05,0,1,0,1
1777316783766000,1777316783648000,1777316783686000,0,0.011119492,0.01505368,0.25,0.25,-0.0014297934,-0.015030049,0.25754768,0.25754762,3.175038e-07,3.508514e-05,0,1,0,1
1777316783822000,1777316783700000,1777316783742000,0,0.0,0.00752684,0.25,0.25,0.009441964,-0.0065564206,0.25757077,0.25757074,1.3844846e-05,6.6757043e-06,0,1,0,1
1777316783870000,1777316783752000,1777316783790000,0,0.0,0.00752684,0.25,0.25,0.008963873,-0.0057207765,0.25754172,0.25754172,1.2479689e-05,5.0830263e-06,0,1,0,1
1777316783918000,1777316783804000,1777316783838000,0,0.0,0.00752684,0.25,0.25,0.008718265,-0.0047199065,0.2575139,0.2575139,1.1806453e-05,3.4603984e-06,0,1,0,1
1777316783974000,1777316783856000,1777316783894000,0,0.011119492,0.00752684,0.25,0.25,-0.001944555,-0.0031025084,0.25753826,0.2575382,5.872982e-07,1.4950106e-06,0,1,0,1
1777316784030000,1777316783908000,1777316783950000,0,0.0,0.01505368,0.25,0.25,0.0111947525,-0.008713886,0.25756186,0.2575618,1.9462896e-05,1.1792403e-05,0,1,0,1
1777316784078000,1777316783960000,1777316783998000,0,0.011119492,0.00752684,0.25,0.25,0.0018091556,0.00092184916,0.25753334,0.25753325,5.0836815e-07,1.3199164e-07,0,1,0,1
1777316784134000,1777316784012000,1777316784054000,0,0.011119492,0.0,0.25,0.25,0.00639813,0.011834662,0.25755724,0.25755712,6.3575876e-06,2.1751948e-05,0,1,0,1
1777316784182000,1777316784064000,1777316784102000,0,0.011119492,0.00752684,0.25,0.25,0.011461748,0.0074587725,0.257529,0.2575289,2.0404952e-05,8.641095e-06,0,1,0,1
1777316784230000,1777316784116000,1777316784150000,0,0.022238985,0.01505368,0.25,0.25,0.00808382,0.0036640149,0.25750196,0.2575019,1.0151092e-05,2.0854222e-06,0,1,0,1
1777316784286000,1777316784168000,1777316784206000,0,0.033358477,0.01505368,0.25,0.25,0.011033744,0.009191241,0.25752705,0.2575272,1.8909624e-05,1.3121551e-05,0,1,0,1
1777316784334000,1777316784220000,1777316784254000,0,0.033358477,0.02258052,0.25,0.25,0.02565109,0.006552089,0.25750023,0.2575006,0.00010221015,6.6687026e-06,0,1,0,1
1777316784390000,1777316784272000,1777316784310000,0,0.05559746,0.03010736,0.25,0.25,0.026519828,0.005491089,0.25752556,0.2575266,0.000109239845,4.683331e-06,0,1,0,1
1777316784438000,1777316784324000,1777316784358000,0,0.08895594,0.030107358,0.25,0.25,0.016167305,0.0114186425,0.25749892,0.25750062,4.0603165e-05,2.0253994e-05,0,1,0,1
1777316784494000,1777316784376000,1777316784414000,0,0.11119492,0.04516104,0.25,0.25,0.029834822,0.0033614673,0.25752452,0.2575278,0.00013825737,1.7550668e-06,0,1,0,1
1777316784550000,1777316784428000,1777316784470000,0,0.14455341,0.06774156,0.25,0.25,0.039118826,-0.011352211,0.25754943,0.25755513,0.00023766817,2.0014777e-05,0,1,0,1
1777316784598000,1777316784480000,1777316784518000,0,0.18903138,0.075268395,0.25,0.25,0.035388976,-0.011288874,0.257522,0.25752962,0.00019452779,1.9794023e-05,0,1,0,1
1777316784646000,1777316784532000,1777316784566000,0,0.23350935,0.10537575,0.25,0.25,0.038619503,-0.03366323,0.25749573,0.25750577,0.0002316879,0.00017602912,0,1,0,1
1777316784702000,1777316784584000,1777316784622000,0,0.27798733,0.10537575,0.25,0.25,0.060851008,-0.02321542,0.2575219,0.2575372,0.00057515036,8.370919e-05,0,1,0,1
1777316784758000,1777316784636000,1777316784678000,0,0.34470427,0.11290259,0.25,0.25,0.06931287,-0.019948222,0.2575474,0.2575693,0.0007461576,6.1797975e-05,0,1,0,1
1777316784806000,1777316784688000,1777316784726000,0,0.41142124,0.11290259,0.25,0.25,0.072402745,-0.010360964,0.25752035,0.25754657,0.0008142514,1.6672644e-05,0,1,0,1
1777316784862000,1777316784740000,1777316784782000,0,0.5003772,0.12042943,0.25,0.25,0.07678342,-0.005834691,0.2575462,0.25758153,0.0009156716,5.2866553e-06,0,1,0,1
1777316784910000,1777316784792000,1777316784830000,0,0.6004526,0.12795627,0.25,0.25,0.06232947,-0.0027768463,0.25751936,0.25756004,0.000603444,1.1975267e-06,0,1,0,1
1777316784966000,1777316784844000,1777316784886000,0,0.700528,0.14300995,0.25,0.25,0.07443887,-0.004763022,0.25754553,0.25759774,0.0008606083,3.5227604e-06,0,1,0,1
1777316785014000,1777316784896000,1777316784934000,0,0.811723,0.14300995,0.25,0.25,0.064885974,0.00724262,0.25751895,0.25757718,0.0006539619,8.145993e-06,0,1,0,1
1777316785062000,1777316784948000,1777316784982000,0,0.9340374,0.16559045,0.25,0.25,0.05277759,-0.0032499433,0.25749353,0.2575581,0.00043270583,1.6403493e-06,0,1,0,1
1777316785118000,1777316785000000,1777316785038000,0,1.0563518,0.18064412,0.25,0.25,0.07080507,-0.0025720447,0.25752094,0.25759977,0.00077871076,1.0272391e-06,0,1,0,1
1777316785166000,1777316785052000,1777316785086000,0,1.2009052,0.18064412,0.25,0.25,0.052248836,0.011227816,0.25749564,0.257581,0.00042407567,1.9576577e-05,0,1,0,1
1777316785222000,1777316785104000,1777316785142000,0,1.3565781,0.21075147,0.25,0.25,0.05537939,-0.0019382387,0.25752336,0.2576242,0.00047636483,5.832945e-07,0,1,0,1
1777316785270000,1777316785156000,1777316785190000,0,1.5011315,0.2182783,0.25,0.25,0.053198338,0.00568904,0.25749817,0.25760522,0.0004396246,5.0255458e-06,0,1,0,1
1777316785326000,1777316785208000,1777316785246000,0,1.6679239,0.24838565,0.25,0.25,0.06351876,-0.005683005,0.25752613,0.2576494,0.00062667555,5.0140297e-06,0,1,0,1
1777316785382000,1777316785260000,1777316785302000,0,1.8347163,0.27096614,0.25,0.25,0.08286989,-0.0086654425,0.25755334,0.25769284,0.0010665625,1.1655719e-05,0,1,0,1
1777316785430000,1777316785312000,1777316785350000,0,2.012628,0.29354665,0.25,0.25,0.07038951,-0.013595343,0.25752714,0.25767142,0.0007695784,2.8692875e-05,0,1,0,1
1777316785478000,1777316785364000,1777316785398000,0,2.19054,0.31612715,0.25,0.25,0.06568289,-0.017917812,0.2575021,0.2576511,0.00067016797,4.9842285e-05,0,1,0,1
1777316785534000,1777316785416000,1777316785454000,0,2.390691,0.323654,0.25,0.25,0.07837677,-0.0028495789,0.25753045,0.2576956,0.0009541269,1.2604174e-06,0,1,0,1
1777316785582000,1777316785468000,1777316785502000,0,2.6019614,0.34623447,0.25,0.25,0.05542779,-0.006129533,0.25750542,0.2576742,0.0004772311,5.832354e-06,0,1,0,1
1777316785638000,1777316785520000,1777316785558000,0,2.824351,0.35376132,0.25,0.25,0.063382864,0.010143608,0.25753385,0.25771818,0.00062397815,1.5969814e-05,0,1,0,1
1777316785686000,1777316785572000,1777316785606000,0,3.0356214,0.3763418,0.25,0.25,0.055612326,0.007819831,0.25750878,0.2576956,0.00048040776,9.491782e-06,0,1,0,1
1777316785742000,1777316785624000,1777316785662000,0,3.2802503,0.40644914,0.25,0.25,0.057870865,0.0021832287,0.2575373,0.25773853,0.0005201634,7.3974e-07,0,1,0,1
1777316785798000,1777316785676000,1777316785718000,0,3.5137596,0.4440833,0.25,0.25,0.07896924,-0.010259867,0.257565,0.25777954,0.0009684765,1.6334092e-05,0,1,0,1
1777316785846000,1777316785728000,1777316785766000,0,3.7472692,0.46666378,0.25,0.25,0.069016695,-0.010147423,0.25753877,0.2577532,0.0007398194,1.5979655e-05,0,1,0,1
1777316785902000,1777316785780000,1777316785822000,0,4.014137,0.48924425,0.25,0.25,0.07034254,-0.0056622922,0.25756654,0.25779256,0.00076843414,4.974783e-06,0,1,0,1
1777316785950000,1777316785832000,1777316785870000,0,4.269885,0.5193516,0.25,0.25,0.049800873,-0.0123150945,0.2575403,0.257765,0.00038520218,2.3534856e-05,0,1,0,1
1777316786006000,1777316785884000,1777316785926000,0,4.5256333,0.5268784,0.25,0.25,0.074905396,0.008885026,0.25756812,0.25780243,0.00087135285,1.2248712e-05,0,1,0,1
1777316786054000,1777316785936000,1777316785974000,0,4.803621,0.56451255,0.25,0.25,0.04138565,-0.0043946505,0.25754184,0.25777355,0.00026601847,2.9968867e-06,0,1,0,1
1777316786102000,1777316785988000,1777316786022000,0,5.0816083,0.5946198,0.25,0.25,0.012938499,-0.009297311,0.2575167,0.25774574,2.6002937e-05,1.341477e-05,0,1,0,1
1777316786158000,1777316786040000,1777316786078000,0,5.3595953,0.62472713,0.25,0.25,0.02985096,-0.008778691,0.25754532,0.25778097,0.0001383958,1.1958279e-05,0,1,0,1
1777316786214000,1777316786092000,1777316786134000,0,5.637583,0.64730763,0.25,0.25,0.049431324,-0.00018298626,0.25757307,0.25781363,0.00037945827,5.195066e-09,0,1,0,1
1777316786262000,1777316786144000,1777316786182000,0,5.9266896,0.6774149,0.25,0.25,0.018210888,-0.0034336448,0.25754663,0.2577822,5.150701e-05,1.8294385e-06,0,1,0,1
1777316786310000,1777316786196000,1777316786230000,0,6.2157965,0.6999954,0.25,0.25,-0.010635376,0.0017515421,0.2575213,0.2577517,1.7569222e-05,4.761016e-07,0,1,0,1
1777316786366000,1777316786248000,1777316786286000,0,6.5049033,0.73010266,0.25,0.25,0.0046482086,0.004080832,0.25754973,0.25778165,3.3555996e-06,2.5840768e-06,0,1,0,1
1777316786414000,1777316786300000,1777316786334000,0,6.782891,0.76021,0.25,0.25,-0.010751247,0.0020592213,0.25752425,0.25774977,1.7953931e-05,6.580634e-07,0,1,0,1
1777316786470000,1777316786352000,1777316786390000,0,7.083117,0.79031724,0.25,0.25,-0.0057964325,0.004712403,0.25755247,0.2577768,5.2181413e-06,3.4458867e-06,0,1,0,1
1777316786526000,1777316786404000,1777316786446000,0,7.361104,0.8279514,0.25,0.25,0.02051878,-0.00052779913,0.25757968,0.25780103,6.5380984e-05,4.322278e-08,0,1,0,1
1777316786574000,1777316786456000,1777316786494000,0,7.650211,0.8731123,0.25,0.25,-0.0074629784,-0.017530203,0.2575528,0.2577656,8.6500395e-06,4.768798e-05,0,1,0,1
1777316786622000,1777316786508000,1777316786542000,0,7.9393177,0.9032196,0.25,0.25,-0.036081314,-0.019502401,0.25752696,0.25773096,0.00020220969,5.9029568e-05,0,1,0,1
1777316786678000,1777316786560000,1777316786598000,0,8.206185,0.94085366,0.25,0.25,-0.0034761429,-0.025872469,0.25755477,0.25775188,1.8766601e-06,0.00010388047,0,1,0,1
1777316786726000,1777316786612000,1777316786646000,0,8.506412,0.9634341,0.25,0.25,-0.047963142,-0.021395922,0.25752878,0.2577159,0.00035731352,7.105273e-05,0,1,0,1
1777316786782000,1777316786664000,1777316786702000,0,8.795519,0.98601454,0.25,0.25,-0.044130325,-0.014184713,0.25755635,0.25773385,0.00030245585,3.1226955e-05,0,1,0,1
1777316786838000,1777316786716000,1777316786758000,0,9.0623865,1.008595,0.25,0.25,-0.022818565,-0.007800579,0.25758296,0.25774932,8.085735e-05,9.443133e-06,0,1,0,1
1777316786886000,1777316786768000,1777316786806000,0,9.329254,1.0462291,0.25,0.25,-0.044758797,-0.021251082,0.2575556,0.2577103,0.00031113278,7.009553e-05,0,1,0,1
1777316786934000,1777316786820000,1777316786854000,0,9.596123,1.0763364,0.25,0.25,-0.07081413,-0.027292252,0.25752938,0.25767213,0.00077888457,0.0001156302,0,1,0,1
1777316786990000,1777316786872000,1777316786910000,0,9.86299,1.0989168,0.25,0.25,-0.06576729,-0.022850871,0.2575566,0.25768515,0.0006717493,8.105431e-05,0,1,0,1
1777316787046000,1777316786924000,1777316786966000,0,10.118738,1.1064435,0.25,0.25,-0.057206154,-0.0045245886,0.2575828,0.2576965,0.0005081929,3.1776763e-06,0,1,0,1
1777316787094000,1777316786976000,1777316787014000,0,10.352248,1.129024,0.25,0.25,-0.06774521,-0.0056447983,0.25755528,0.25765666,0.00071276556,4.9466985e-06,0,1,0,1
1777316787142000,1777316787028000,1777316787062000,0,10.596877,1.1516044,0.25,0.25,-0.096494675,-0.0072751045,0.25752884,0.2576181,0.0014462415,8.217923e-06,0,1,0,1
1777316787198000,1777316787080000,1777316787118000,0,10.819266,1.1741849,0.25,0.25,-0.079045296,-0.0069955587,0.2575557,0.25762975,0.0009703779,7.598166e-06,0,1,0,1
1777316787246000,1777316787132000,1777316787166000,0,11.0416565,1.1967653,0.25,0.25,-0.1010046,-0.010506511,0.25752914,0.2575923,0.0015845863,1.7141316e-05,0,1,0,1
1777316787302000,1777316787184000,1777316787222000,0,11.252927,1.204292,0.25,0.25,-0.09208584,0.0030910969,0.25755587,0.25760555,0.0013169651,1.4836451e-06,0,1,0,1
1777316787350000,1777316787236000,1777316787270000,0,11.453077,1.2419262,0.25,0.25,-0.109163284,-0.017311215,0.25752923,0.25757018,0.0018509158,4.653927e-05,0,1,0,1
1777316787406000,1777316787288000,1777316787326000,0,11.642109,1.2795602,0.25,0.25,-0.099191666,-0.035794973,0.25755584,0.25758657,0.0015280548,0.0001989669,0,1,0,1
1777316787462000,1777316787340000,1777316787382000,0,11.820021,1.2870871,0.25,0.25,-0.08953476,-0.024373174,0.25758162,0.25760457,0.0012448829,9.224241e-05,0,1,0,1
1777316787510000,1777316787392000,1777316787430000,0,12.009052,1.3021406,0.25,0.25,-0.124032974,-0.02383554,0.25755382,0.25757286,0.002389276,8.82287e-05,0,1,0,1
1777316787566000,1777316787444000,1777316787486000,0,12.164725,1.3247211,0.25,0.25,-0.11378288,-0.02995336,0.2575796,0.25759542,0.0020104921,0.00013931983,0,1,0,1
1777316787614000,1777316787496000,1777316787534000,0,12.320398,1.3322479,0.25,0.25,-0.13400173,-0.023246288,0.25755185,0.25756684,0.0027887921,8.3922285e-05,0,1,0,1
1777316787670000,1777316787548000,1777316787590000,0,12.453832,1.3473015,0.25,0.25,-0.12413025,-0.023624063,0.2575777,0.25759417,0.0023928033,8.666288e-05,0,1,0,1
1777316787718000,1777316787600000,1777316787638000,0,12.576146,1.3548282,0.25,0.25,-0.1305809,-0.018920064,0.25755003,0.25756842,0.0026482423,5.5592038e-05,0,1,0,1
1777316787766000,1777316787652000,1777316787686000,0,12.687342,1.3698819,0.25,0.25,-0.13553333,-0.022789836,0.2575235,0.25754476,0.0028532206,8.066584e-05,0,1,0,1
1777316787822000,1777316787704000,1777316787742000,0,12.776298,1.3698819,0.25,0.25,-0.115917206,-0.011241555,0.25755027,0.25757894,0.0020868622,1.9624671e-05,0,1,0,1
1777316787870000,1777316787756000,1777316787790000,0,12.876372,1.3849355,0.25,0.25,-0.1309061,-0.01716733,0.25752378,0.25755727,0.0026617206,4.5771132e-05,0,1,0,1
1777316787926000,1777316787808000,1777316787846000,0,12.976448,1.3849355,0.25,0.25,-0.14649582,-0.007944822,0.2575506,0.25759497,0.0033330964,9.801464e-06,0,1,0,1
1777316787982000,1777316787860000,1777316787902000,0,13.032045,1.3999891,0.25,0.25,-0.1293745,-0.01516211,0.25757658,0.25763357,0.0025992678,3.569249e-05,0,1,0,1
1777316788030000,1777316787912000,1777316787950000,0,13.109882,1.4150428,0.25,0.25,-0.15294838,-0.023777723,0.25754902,0.2576123,0.0036332044,8.778776e-05,0,1,0,1
1777316788086000,1777316787964000,1777316788006000,0,13.143241,1.4225695,0.25,0.25,-0.13738155,-0.025126576,0.25757512,0.257653,0.0029309804,9.8014745e-05,0,1,0,1
1777316788134000,1777316788016000,1777316788054000,0,13.187718,1.4225695,0.25,0.25,-0.1480732,-0.020259976,0.25754765,0.25763193,0.0034052995,6.372915e-05,0,1,0,1
1777316788182000,1777316788068000,1777316788102000,0,13.209957,1.4300964,0.25,0.25,-0.14642143,-0.023988247,0.25752133,0.25761214,0.003330091,8.93492e-05,0,1,0,1
1777316788238000,1777316788120000,1777316788158000,0,13.221077,1.4300964,0.25,0.25,-0.14440155,-0.021077394,0.25754845,0.2576554,0.0032385064,6.89691e-05,0,1,0,1
1777316788294000,1777316788172000,1777316788214000,0,13.221077,1.4300964,0.25,0.25,-0.14349556,-0.019307971,0.25757474,0.25769812,0.0031976702,5.7865807e-05,0,1,0,1
1777316788342000,1777316788224000,1777316788262000,0,13.221077,1.4376231,0.25,0.25,-0.15050125,-0.025823712,0.25754732,0.2576761,0.0035178976,0.00010351975,0,1,0,1
1777316788390000,1777316788276000,1777316788310000,0,13.187718,1.4526769,0.25,0.25,-0.134058,-0.040996075,0.25752112,0.2576552,0.0027914678,0.00026091895,0,1,0,1
1777316788446000,1777316788328000,1777316788366000,0,13.15436,1.4677305,0.25,0.25,-0.13511753,-0.057254672,0.2575475,0.25769663,0.0028354765,0.0005088305,0,1,0,1
1777316788502000,1777316788380000,1777316788422000,0,13.109882,1.4602036,0.25,0.25,-0.13684177,-0.051149607,0.2575739,0.25773904,0.0029080075,0.0004060359,0,1,0,1
1777316788550000,1777316788432000,1777316788470000,0,13.065404,1.44515,0.25,0.25,-0.13994503,-0.03778398,0.25754577,0.25771293,0.0030417289,0.0002215844,0,1,0,1
1777316788598000,1777316788484000,1777316788518000,0,12.998687,1.44515,0.25,0.25,-0.13049698,-0.040814042,0.25751892,0.25768816,0.002645159,0.00025857394,0,1,0,1
1777316788654000,1777316788536000,1777316788574000,0,12.920851,1.4376233,0.25,0.25,-0.13150692,-0.038695693,0.25754625,0.2577304,0.002685975,0.00023239118,0,1,0,1
1777316788702000,1777316788588000,1777316788622000,0,12.831895,1.4376233,0.25,0.25,-0.11817837,-0.04384327,0.25751942,0.25770462,0.0021693318,0.00029836208,0,1,0,1
1777316788758000,1777316788640000,1777316788678000,0,12.742939,1.4300965,0.25,0.25,-0.12837219,-0.043794513,0.25754613,0.25774375,0.0025594514,0.0002976537,0,1,0,1
1777316788814000,1777316788692000,1777316788734000,0,12.631743,1.4150429,0.25,0.25,-0.12499046,-0.03720963,0.25757197,0.2577811,0.002426136,0.00021484222,0,1,0,1
1777316788862000,1777316788744000,1777316788782000,0,12.520549,1.3924624,0.25,0.25,-0.11320877,-0.02252376,0.25754476,0.257754,0.0019905241,7.87293e-05,0,1,0,1
1777316788918000,1777316788796000,1777316788838000,0,12.387115,1.3924625,0.25,0.25,-0.10461044,-0.033078194,0.25757128,0.2577917,0.0016994666,0.00016977535,0,1,0,1
1777316788966000,1777316788848000,1777316788886000,0,12.253681,1.369882,0.25,0.25,-0.08508301,-0.020172238,0.25754353,0.25776199,0.0011243331,6.31465e-05,0,1,0,1
1777316789022000,1777316788900000,1777316788942000,0,12.120247,1.3548284,0.25,0.25,-0.09168148,-0.017855406,0.25756952,0.25779665,0.0013053553,4.946775e-05,0,1,0,1
1777316789070000,1777316788952000,1777316788990000,0,11.964574,1.332248,0.25,0.25,-0.061861992,-0.006353736,0.25754243,0.2577677,0.00059437286,6.2645486e-06,0,1,0,1
1777316789118000,1777316789004000,1777316789038000,0,11.8311405,1.3096675,0.25,0.25,-0.060451508,0.0039485693,0.25751597,0.2577386,0.0005676362,2.419692e-06,0,1,0,1
1777316789174000,1777316789056000,1777316789094000,0,11.686587,1.3021407,0.25,0.25,-0.074894905,-0.004027009,0.25754285,0.25777227,0.0008711944,2.516454e-06,0,1,0,1
1777316789230000,1777316789108000,1777316789150000,0,11.519794,1.294614,0.25,0.25,-0.072234154,-0.012373447,0.2575689,0.257804,0.00081031106,2.3754821e-05,0,1,0,1
1777316789278000,1777316789160000,1777316789198000,0,11.341883,1.2870871,0.25,0.25,-0.040358543,-0.01899004,0.25754133,0.25777227,0.00025297873,5.595972e-05,0,1,0,1
1777316789334000,1777316789212000,1777316789254000,0,11.17509,1.2720336,0.25,0.25,-0.048574448,-0.020802975,0.25756782,0.2578038,0.00036642415,6.714622e-05,0,1,0,1
1777316789382000,1777316789264000,1777316789302000,0,11.019418,1.2494531,0.25,0.25,-0.047834396,-0.013038993,0.25754032,0.2577715,0.00035538193,2.6382333e-05,0,1,0,1
1777316789438000,1777316789316000,1777316789358000,0,10.841505,1.2343994,0.25,0.25,-0.05387211,-0.016121626,0.2575668,0.2578016,0.00045071088,4.0326642e-05,0,1,0,1
1777316789486000,1777316789368000,1777316789406000,0,10.663593,1.2042922,0.25,0.25,-0.038557053,-0.0018216372,0.25753933,0.25776884,0.00023090008,5.1493606e-07,0,1,0,1
1777316789534000,1777316789420000,1777316789454000,0,10.474563,1.1967654,0.25,0.25,-0.01581192,-0.011047006,0.25751343,0.2577384,3.8835537e-05,1.8939565e-05,0,1,0,1
1777316789590000,1777316789472000,1777316789510000,0,10.285531,1.1817118,0.25,0.25,-0.02475357,-0.015930533,0.25754032,0.25776687,9.5167896e-05,3.9381615e-05,0,1,0,1
1777316789646000,1777316789524000,1777316789566000,0,10.08538,1.1666582,0.25,0.25,-0.02664566,-0.021102786,0.2575663,0.2577937,0.000110261506,6.9098285e-05,0,1,0,1
1777316789694000,1777316789576000,1777316789614000,0,9.896349,1.1365509,0.25,0.25,-0.015686989,-0.008675098,0.25753886,0.25776026,3.8220503e-05,1.1678656e-05,0,1,0,1
1777316789750000,1777316789628000,1777316789670000,0,9.685079,1.1064436,0.25,0.25,-0.015450478,-0.000182271,0.25756523,0.25778702,3.70729e-05,5.155065e-09,0,1,0,1
1777316789798000,1777316789680000,1777316789718000,0,9.473808,1.09139,0.25,0.25,0.010007858,-0.004466057,0.2575378,0.25775343,1.555612e-05,3.095309e-06,0,1,0,1
1777316789846000,1777316789732000,1777316789766000,0,9.284777,1.0763364,0.25,0.25,0.008576393,-0.008975267,0.2575119,0.257722,1.1425415e-05,1.25026845e-05,0,1,0,1
1777316789902000,1777316789784000,1777316789822000,0,9.0623865,1.0612828,0.25,0.25,0.005350113,-0.017408252,0.25753874,0.25774792,4.4457324e-06,4.7030022e-05,0,1,0,1
1777316789958000,1777316789836000,1777316789878000,0,8.828877,1.0311755,0.25,0.25,0.008115768,-0.010918975,0.2575647,0.25777242,1.0228994e-05,1.8500663e-05,0,1,0,1
1777316790006000,1777316789888000,1777316789926000,0,8.628726,1.0085951,0.25,0.25,0.0055589676,-0.008731723,0.2575376,0.25773928,4.799628e-06,1.1832575e-05,0,1,0,1
1777316790062000,1777316789940000,1777316789982000,0,8.395217,0.970961,0.25,0.25,-0.001083374,0.004224479,0.2575635,0.25776315,1.8227728e-07,2.769399e-06,0,1,0,1
1777316790110000,1777316789992000,1777316790030000,0,8.172827,0.94838053,0.25,0.25,0.011072159,0.0049946904,0.2575364,0.25772986,1.9040834e-05,3.8717953e-06,0,1,0,1
1777316790158000,1777316790044000,1777316790078000,0,7.917079,0.9408537,0.25,0.25,0.05237913,-0.009760201,0.25751045,0.25769782,0.00042616887,1.4786547e-05,0,1,0,1
1777316790214000,1777316790096000,1777316790134000,0,7.694689,0.91827327,0.25,0.25,0.02066803,-0.013293266,0.25753716,0.2577216,6.634654e-05,2.742664e-05,0,1,0,1
1777316790262000,1777316790148000,1777316790182000,0,7.427821,0.90321964,0.25,0.25,0.066168785,-0.020574987,0.25751084,0.25768873,0.0006800969,6.571185e-05,0,1,0,1
1777316790318000,1777316790200000,1777316790238000,0,7.1831923,0.8655855,0.25,0.25,0.04954958,-0.009461939,0.25753745,0.2577117,0.00038132875,1.3895883e-05,0,1,0,1
1777316790374000,1777316790252000,1777316790294000,0,6.927444,0.85053194,0.25,0.25,0.042013645,-0.02166444,0.2575632,0.2577333,0.0002741302,7.2842435e-05,0,1,0,1
1777316790422000,1777316790304000,1777316790342000,0,6.682815,0.82795143,0.25,0.25,0.057519913,-0.022527635,0.257536,0.25769934,0.0005138762,7.877309e-05,0,1,0,1
1777316790470000,1777316790356000,1777316790390000,0,6.427067,0.805371,0.25,0.25,0.08214569,-0.023495317,0.25750965,0.2576661,0.0010481804,8.569693e-05,0,1,0,1
1777316790526000,1777316790408000,1777316790446000,0,6.1713185,0.76021004,0.25,0.25,0.06838369,-0.0065191984,0.25753617,0.25768754,0.0007263181,6.5971294e-06,0,1,0,1
1777316790574000,1777316790460000,1777316790494000,0,5.9155703,0.7376296,0.25,0.25,0.090575695,-0.008954823,0.2575098,0.25765422,0.0012743524,1.2449064e-05,0,1,0,1
1777316790630000,1777316790512000,1777316790550000,0,5.6820607,0.7075223,0.25,0.25,0.05241251,-0.008531213,0.25753653,0.2576756,0.000426669,1.1298174e-05,0,1,0,1
1777316790678000,1777316790564000,1777316790598000,0,5.4263124,0.69999546,0.25,0.25,0.073596954,-0.026920617,0.25751016,0.2576424,0.0008413667,0.00011251559,0,1,0,1
1777316790734000,1777316790616000,1777316790654000,0,5.159445,0.6548345,0.25,0.25,0.067304134,-0.011961043,0.2575366,0.2576631,0.0007035655,2.2209862e-05,0,1,0,1
1777316790790000,1777316790668000,1777316790710000,0,4.9036965,0.6473077,0.25,0.25,0.04950857,-0.035601318,0.25756216,0.25768283,0.0003806613,0.00019674635,0,1,0,1
1777316790838000,1777316790720000,1777316790758000,0,4.6368284,0.60967356,0.25,0.25,0.07999754,-0.024191976,0.25753486,0.25764924,0.000993979,9.0860216e-05,0,1,0,1
1777316790886000,1777316790772000,1777316790806000,0,4.3921995,0.56451255,0.25,0.25,0.086615086,-0.005877793,0.25750846,0.25761658,0.0011653479,5.3643207e-06,0,1,0,1
1777316790942000,1777316790824000,1777316790862000,0,4.125332,0.5193516,0.25,0.25,0.076937675,0.0074951053,0.257535,0.25763747,0.0009193943,8.721807e-06,0,1,0,1
1777316790998000,1777316790876000,1777316790918000,0,3.858464,0.4967711,0.25,0.25,0.067462206,-0.0023739934,0.25756046,0.2576571,0.0007068087,8.7493714e-07,0,1,0,1
1777316791046000,1777316790928000,1777316790966000,0,3.6027157,0.45161012,0.25,0.25,0.08474302,0.015470237,0.2575329,0.25762376,0.0011154116,3.7159338e-05,0,1,0,1
1777316791094000,1777316790980000,1777316791014000,0,3.3469672,0.4215028,0.25,0.25,0.10229564,0.017814636,0.2575067,0.25759202,0.0016254951,4.9281225e-05,0,1,0,1
1777316791150000,1777316791032000,1777316791070000,0,3.091219,0.39139548,0.25,0.25,0.083148,0.016226739,0.25753292,0.2576127,0.0010738185,4.088417e-05,0,1,0,1
1777316791198000,1777316791084000,1777316791118000,0,2.84659,0.37634182,0.25,0.25,0.09224343,0.004344821,0.25750667,0.2575813,0.0013217289,2.9314972e-06,0,1,0,1
1777316791254000,1777316791136000,1777316791174000,0,2.5908418,0.35376132,0.25,0.25,0.07765603,-0.003442645,0.2575328,0.25760227,0.00093665096,1.8403263e-06,0,1,0,1
1777316791302000,1777316791188000,1777316791222000,0,2.3350935,0.31612715,0.25,0.25,0.1021297,0.008316845,0.25750652,0.25757134,0.0016202269,1.0741864e-05,0,1,0,1
1777316791358000,1777316791240000,1777316791278000,0,2.0793452,0.3010735,0.25,0.25,0.09341812,-0.0064952075,0.2575328,0.257593,0.0013554692,6.5510662e-06,0,1,0,1
1777316791414000,1777316791292000,1777316791334000,0,1.8347163,0.278493,0.25,0.25,0.077842236,-0.012914866,0.25755802,0.25761405,0.0009410561,2.5898244e-05,0,1,0,1
1777316791462000,1777316791344000,1777316791382000,0,1.5900874,0.24838565,0.25,0.25,0.10137689,-0.0070275217,0.2575304,0.2575828,0.0015962814,7.669155e-06,0,1,0,1
1777316791518000,1777316791396000,1777316791438000,0,1.3454586,0.23333198,0.25,0.25,0.095474005,-0.019806415,0.25755578,0.25760496,0.0014156599,6.0914055e-05,0,1,0,1
1777316791566000,1777316791448000,1777316791486000,0,1.1230688,0.1956978,0.25,0.25,0.10510898,-0.00529097,0.25752816,0.2575746,0.0017159906,4.3473797e-06,0,1,0,1
1777316791614000,1777316791500000,1777316791534000,0,0.8895594,0.14300993,0.25,0.25,0.13089335,0.024366453,0.2575017,0.25754577,0.00266143,9.2212584e-05,0,1,0,1
1777316791670000,1777316791552000,1777316791590000,0,0.6560501,0.11290259,0.25,0.25,0.13074541,0.027272142,0.25752768,0.2575704,0.0026551497,0.00011550548,0,1,0,1
1777316791726000,1777316791604000,1777316791646000,0,0.4447797,0.09032207,0.25,0.25,0.11496341,0.023151651,0.2575528,0.25759503,0.002052641,8.323126e-05,0,1,0,1
1777316791774000,1777316791656000,1777316791694000,0,0.24462883,0.075268395,0.25,0.25,0.12407701,0.015826494,0.2575254,0.25756684,0.0023912366,3.8899092e-05,0,1,0,1
1777316791830000,1777316791708000,1777316791750000,0,0.033358477,0.05268788,0.25,0.25,0.12214125,0.013222251,0.25755057,0.25759313,0.0023169795,2.7147918e-05,0,1,0,1
1777316791878000,1777316791760000,1777316791798000,0,-0.1556729,0.0376342,0.25,0.25,0.13174395,0.007139433,0.2575231,0.25756586,0.0026959085,7.915879e-06,0,1,0,1
1777316791934000,1777316791812000,1777316791854000,0,-0.34470427,0.0075268405,0.25,0.25,0.12091103,0.013504924,0.25754833,0.25759378,0.0022705607,2.8321021e-05,0,1,0,1
1777316791982000,1777316791864000,1777316791902000,0,-0.53373563,0.0,0.25,0.25,0.14205605,0.00088945776,0.2575211,0.25756755,0.0031344881,1.2286255e-07,0,1,0,1
1777316792038000,1777316791916000,1777316791958000,0,-0.7116475,-0.015053682,0.25,0.25,0.13288176,-0.006499285,0.2575464,0.25759703,0.0027424283,6.559191e-06,0,1,0,1
1777316792086000,1777316791968000,1777316792006000,0,-0.8673204,-0.045161046,0.25,0.25,0.13168675,0.0049940012,0.25751913,0.25757152,0.0026936096,3.8731064e-06,0,1,0,1
1777316792134000,1777316792020000,1777316792054000,0,-1.0341128,-0.07526841,0.25,0.25,0.1471492,0.017026987,0.25749314,0.2575475,0.0033636452,4.5027544e-05,0,1,0,1
1777316792190000,1777316792072000,1777316792110000,0,-1.1897857,-0.09784894,0.25,0.25,0.13442671,0.018832244,0.25751954,0.25757974,0.0028068612,5.5074735e-05,0,1,0,1
1777316792238000,1777316792124000,1777316792158000,0,-1.3343391,-0.11290263,0.25,0.25,0.13821435,0.016443506,0.25749344,0.25755614,0.002967564,4.1993e-05,0,1,0,1
1777316792294000,1777316792176000,1777316792214000,0,-1.4677731,-0.14300999,0.25,0.25,0.11562848,0.027394198,0.25751978,0.25758943,0.0020767252,0.000116533054,0,1,0,1
1777316792350000,1777316792228000,1777316792270000,0,-1.6234459,-0.13548316,0.25,0.25,0.121831775,0.0010514855,0.25754532,0.25762233,0.0023053002,1.7166553e-07,0,1,0,1
1777316792398000,1777316792280000,1777316792318000,0,-1.7457603,-0.16559052,0.25,0.25,0.11969483,0.016126826,0.25751835,0.25759792,0.0022253718,4.038457e-05,0,1,0,1
1777316792446000,1777316792332000,1777316792366000,0,-1.8791943,-0.17311737,0.25,0.25,0.13332677,0.00906378,0.2574924,0.25757477,0.0027614064,1.275779e-05,0,1,0,1
1777316792502000,1777316792384000,1777316792422000,0,-2.012628,-0.1956979,0.25,0.25,0.13389587,0.015440777,0.25751892,0.2576094,0.0027847437,3.7020014e-05,0,1,0,1
1777316792558000,1777316792436000,1777316792478000,0,-2.1349425,-0.2107516,0.25,0.25,0.12918377,0.014712632,0.25754467,0.25764334,0.0025919303,3.3606386e-05,0,1,0,1
1777316792606000,1777316792488000,1777316792526000,0,-2.257257,-0.22580528,0.25,0.25,0.14603043,0.017066956,0.2575178,0.25761878,0.0033123745,4.5226665e-05,0,1,0,1
1777316792654000,1777316792540000,1777316792574000,0,-2.3573325,-0.22580528,0.25,0.25,0.14466333,0.004788488,0.25749198,0.25759542,0.003250972,3.560563e-06,0,1,0,1
1777316792710000,1777316792592000,1777316792630000,0,-2.4462883,-0.23333214,0.25,0.25,0.12182093,-0.0010411441,0.25751868,0.25763044,0.0023051281,1.6830016e-07,0,1,0,1
1777316792758000,1777316792644000,1777316792678000,0,-2.5463638,-0.24085899,0.25,0.25,0.1302402,-0.003857851,0.25749287,0.25760671,0.002635026,2.310967e-06,0,1,0,1
1777316792814000,1777316792696000,1777316792734000,0,-2.6353197,-0.24838583,0.25,0.25,0.11790776,-0.0077479035,0.25751966,0.2576417,0.0021594064,9.319921e-06,0,1,0,1
1777316792870000,1777316792748000,1777316792790000,0,-2.7131562,-0.27096635,0.25,0.25,0.09995842,0.0042097867,0.2575458,0.25767568,0.0015518306,2.751102e-06,0,1,0,1
1777316792918000,1777316792800000,1777316792838000,0,-2.802112,-0.28602004,0.25,0.25,0.1109674,0.010389477,0.25751895,0.25765014,0.001912677,1.6757798e-05,0,1,0,1
1777316792966000,1777316792852000,1777316792886000,0,-2.8799486,-0.28602007,0.25,0.25,0.11505294,0.0022688508,0.25749326,0.25762585,0.0020563146,7.992496e-07,0,1,0,1
1777316793022000,1777316792904000,1777316792942000,0,-2.9577851,-0.29354692,0.25,0.25,0.11317611,0.0017322302,0.25752023,0.25766072,0.001989565,4.6582522e-07,0,1,0,1
1777316793078000,1777316792956000,1777316792998000,0,-3.024502,-0.31612745,0.25,0.25,0.10659218,0.016910106,0.25754648,0.2576947,0.0017646356,4.438612e-05,0,1,0,1
1777316793126000,1777316793008000,1777316793046000,0,-3.0578604,-0.31612745,0.25,0.25,0.081582546,0.011015624,0.25751972,0.2576687,0.0010338178,1.8837207e-05,0,1,0,1
1777316793182000,1777316793060000,1777316793102000,0,-3.1245775,-0.3236543,0.25,0.25,0.08944917,0.012979984,0.25754595,0.25770283,0.0012426758,2.615105e-05,0,1,0,1
1777316793230000,1777316793112000,1777316793150000,0,-3.1801748,-0.33118114,0.25,0.25,0.09943366,0.016596735,0.2575193,0.2576767,0.0015357378,4.2759257e-05,0,1,0,1
1777316793278000,1777316793164000,1777316793198000,0,-3.2024138,-0.33870798,0.25,0.25,0.082504034,0.021004021,0.2574938,0.25765187,0.0010574104,6.84907e-05,0,1,0,1
1777316793334000,1777316793216000,1777316793254000,0,-3.2580113,-0.35376167,0.25,0.25,0.10251737,0.032964945,0.25752088,0.25768715,0.0016324595,0.00016868324,0,1,0,1
1777316793390000,1777316793268000,1777316793310000,0,-3.269131,-0.34623483,0.25,0.25,0.08620238,0.0230273,0.25754714,0.25772145,0.0011540956,8.229918e-05,0,1,0,1
1777316793438000,1777316793320000,1777316793358000,0,-3.29137,-0.33118114,0.25,0.25,0.09157181,0.007119745,0.25752038,0.25769478,0.0013024827,7.868342e-06,0,1,0,1
1777316793486000,1777316793372000,1777316793406000,0,-3.29137,-0.33118114,0.25,0.25,0.082374334,0.0071696043,0.25749487,0.25766945,0.001054084,7.9797155e-06,0,1,0,1
1777316793542000,1777316793424000,1777316793462000,0,-3.3024893,-0.33118114,0.25,0.25,0.09330368,0.007819474,0.257522,0.25770468,0.0013522072,9.49058e-06,0,1,0,1
1777316793590000,1777316793476000,1777316793510000,0,-3.29137,-0.3236543,0.25,0.25,0.087795496,0.0017634034,0.25749636,0.25767893,0.0011973837,4.8270795e-07,0,1,0,1
1777316793646000,1777316793528000,1777316793566000,0,-3.269131,-0.31612745,0.25,0.25,0.08289218,-0.0032809377,0.2575235,0.25771397,0.00106726,1.6707751e-06,0,1,0,1
1777316793702000,1777316793580000,1777316793622000,0,-3.2580113,-0.31612745,0.25,0.25,0.098110914,0.00041383505,0.2575498,0.2577478,0.0014949732,2.6577831e-08,0,1,0,1
1777316793750000,1777316793632000,1777316793670000,0,-3.2246528,-0.3086006,0.25,0.25,0.09338093,-0.0030163527,0.25752312,0.25772002,0.0013544412,1.4121345e-06,0,1,0,1
1777316793798000,1777316793684000,1777316793718000,0,-3.1801748,-0.3086006,0.25,0.25,0.0854404,0.0016328692,0.2574975,0.2576935,0.0011340013,4.1386562e-07,0,1,0,1
1777316793854000,1777316793736000,1777316793774000,0,-3.1245775,-0.3086006,0.25,0.25,0.082392454,0.007895261,0.25752467,0.25772786,0.0010544258,9.674569e-06,0,1,0,1
1777316793902000,1777316793788000,1777316793822000,0,-3.0578604,-0.3086006,0.25,0.25,0.06745577,0.0136580765,0.25749898,0.25770083,0.0007068425,2.8954979e-05,0,1,0,1
1777316793958000,1777316793840000,1777316793878000,0,-3.002263,-0.30107376,0.25,0.25,0.08211827,0.013602823,0.25752628,0.2577347,0.0010474132,2.8717408e-05,0,1,0,1
1777316794014000,1777316793892000,1777316793934000,0,-2.9355462,-0.30107376,0.25,0.25,0.093581915,0.021759003,0.25755262,0.25776708,0.001360122,7.347008e-05,0,1,0,1
1777316794062000,1777316793944000,1777316793982000,0,-2.8354707,-0.2935469,0.25,0.25,0.06651187,0.021874964,0.2575258,0.2577379,0.0006871278,7.426367e-05,0,1,0,1
1777316794118000,1777316793996000,1777316794038000,0,-2.7353952,-0.2935469,0.25,0.25,0.06116724,0.031334072,0.25755218,0.2577697,0.00058107544,0.00015235679,0,1,0,1
1777316794166000,1777316794048000,1777316794086000,0,-2.6464393,-0.27096635,0.25,0.25,0.060056448,0.017462403,0.25752547,0.25774014,0.00056022056,4.7324487e-05,0,1,0,1
1777316794214000,1777316794100000,1777316794134000,0,-2.5463638,-0.24838583,0.25,0.25,0.05431032,0.004454717,0.2574998,0.25771183,0.00045819234,3.0801075e-06,0,1,0,1
1777316794270000,1777316794152000,1777316794190000,0,-2.4240494,-0.23333213,0.25,0.25,0.050045967,0.0019884408,0.25752705,0.25774378,0.00038902304,6.1361663e-07,0,1,0,1
1777316794318000,1777316794204000,1777316794238000,0,-2.3128545,-0.21827844,0.25,0.25,0.046557426,-0.0015583783,0.25750136,0.257715,0.00033671182,3.7693468e-07,0,1,0,1
1777316794374000,1777316794256000,1777316794294000,0,-2.1794205,-0.21827844,0.25,0.25,0.046117783,0.012389213,0.2575287,0.25774625,0.00033034766,2.382073e-05,0,1,0,1
1777316794422000,1777316794308000,1777316794342000,0,-2.0459867,-0.18817106,0.25,0.25,0.03287196,-0.005141899,0.25750294,0.257717,0.00016785298,4.10359e-06,0,1,0,1
1777316794478000,1777316794360000,1777316794398000,0,-1.9125527,-0.18817106,0.25,0.25,0.04717374,0.010574609,0.25753015,0.25774756,0.00034564675,1.735378e-05,0,1,0,1
1777316794526000,1777316794412000,1777316794446000,0,-1.7679993,-0.16559052,0.25,0.25,0.035119772,0.0015941858,0.2575044,0.25771797,0.00019159258,3.9445112e-07,0,1,0,1
1777316794582000,1777316794464000,1777316794502000,0,-1.6234459,-0.15806368,0.25,0.25,0.05253744,0.010759205,0.25753167,0.25774786,0.0004287135,1.796492e-05,0,1,0,1
1777316794638000,1777316794516000,1777316794558000,0,-1.4566536,-0.14300999,0.25,0.25,0.054201126,0.013140872,0.2575581,0.25777632,0.00045624844,2.6795715e-05,0,1,0,1
1777316794686000,1777316794568000,1777316794606000,0,-1.2898612,-0.13548315,0.25,0.25,0.037902832,0.021079138,0.25753117,0.25774485,0.00022313799,6.895657e-05,0,1,0,1
1777316794734000,1777316794620000,1777316794654000,0,-1.1119493,-0.12042946,0.25,0.25,0.016690254,0.021728218,0.25750536,0.2577147,4.3271266e-05,7.3277224e-05,0,1,0,1
1777316794790000,1777316794672000,1777316794710000,0,-0.9340374,-0.082795255,0.25,0.25,0.029206932,0.0033699349,0.25753257,0.2577434,0.00013249507,1.7624445e-06,0,1,0,1
1777316794838000,1777316794724000,1777316794758000,0,-0.7561255,-0.060214728,0.25,0.25,0.020286024,-0.0015687943,0.2575068,0.25771302,6.392418e-05,3.819932e-07,0,1,0,1
1777316794894000,1777316794776000,1777316794814000,0,-0.56709415,-0.022580521,0.25,0.25,0.035539508,-0.018009135,0.25753403,0.25774118,0.00019617705,5.0334053e-05,0,1,0,1
1777316794942000,1777316794828000,1777316794862000,0,-0.36694327,-0.0075268405,0.25,0.25,0.016414553,-0.013801714,0.2575081,0.25771052,4.185306e-05,2.9566092e-05,0,1,0,1
1777316794998000,1777316794880000,1777316794918000,0,-0.1556729,0.01505368,0.25,0.25,0.023114666,-0.013180243,0.25753528,0.25773802,8.29848e-05,2.6960524e-05,0,1,0,1
1777316795046000,1777316794932000,1777316794966000,0,0.066716954,0.04516104,0.25,0.25,-0.006455347,-0.02271152,0.25750938,0.2577071,6.4730075e-06,8.0061924e-05,0,1,0,1
1777316795102000,1777316794984000,1777316795022000,0,0.27798733,0.06774156,0.25,0.25,0.01364705,-0.02058721,0.25753638,0.2577338,2.8926705e-05,6.577845e-05,0,1,0,1
1777316795158000,1777316795036000,1777316795078000,0,0.5003772,0.09032207,0.25,0.25,0.028209925,-0.017465517,0.25756264,0.257759,0.00012358933,4.7337908e-05,0,1,0,1
1777316795206000,1777316795088000,1777316795126000,0,0.722767,0.12042943,0.25,0.25,0.013955057,-0.024968773,0.25753543,0.25772613,3.0247274e-05,9.676001e-05,0,1,0,1
1777316795262000,1777316795140000,1777316795182000,0,0.9785153,0.14300993,0.25,0.25,0.0049234033,-0.02051448,0.25756148,0.2577504,3.7645227e-06,6.5310305e-05,0,1,0,1
1777316795310000,1777316795192000,1777316795230000,0,1.2120247,0.16559045,0.25,0.25,-0.012058735,-0.019006327,0.2575344,0.2577172,2.2585422e-05,5.6067733e-05,0,1,0,1
1777316795366000,1777316795244000,1777316795286000,0,1.4677731,0.18817095,0.25,0.25,-0.012290239,-0.01314804,0.25756043,0.25774047,2.3458571e-05,2.6828686e-05,0,1,0,1
1777316795414000,1777316795296000,1777316795334000,0,1.7124019,0.21075146,0.25,0.25,-0.033679843,-0.010932848,0.2575332,0.2577069,0.00017618417,1.8552419e-05,0,1,0,1
1777316795470000,1777316795348000,1777316795390000,0,1.9570308,0.2408588,0.25,0.25,-0.016814232,-0.011547074,0.25755912,0.2577291,4.3907337e-05,2.0693806e-05,0,1,0,1
1777316795518000,1777316795400000,1777316795438000,0,2.212779,0.27096614,0.25,0.25,-0.04533744,-0.015864432,0.25753203,0.25769523,0.0003192587,3.9066334e-05,0,1,0,1
1777316795566000,1777316795452000,1777316795486000,0,2.457408,0.30107346,0.25,0.25,-0.060932398,-0.019756854,0.2575059,0.25766245,0.00057672575,6.0596067e-05,0,1,0,1
1777316795622000,1777316795504000,1777316795542000,0,2.7131562,0.3311808,0.25,0.25,-0.050385714,-0.019212842,0.2575325,0.257684,0.00039431453,5.7300156e-05,0,1,0,1
1777316795670000,1777316795556000,1777316795590000,0,2.9689045,0.36128813,0.25,0.25,-0.07593441,-0.022695184,0.25750625,0.2576508,0.00089567294,7.996426e-05,0,1,0,1
1777316795726000,1777316795608000,1777316795646000,0,3.2246528,0.39139545,0.25,0.25,-0.06519914,-0.022199571,0.2575329,0.25767124,0.00066025386,7.650384e-05,0,1,0,1
1777316795774000,1777316795660000,1777316795694000,0,3.4804013,0.4064491,0.25,0.25,-0.09130311,-0.011035353,0.25750655,0.2576377,0.0012949199,1.8907016e-05,0,1,0,1
1777316795830000,1777316795712000,1777316795750000,0,3.72503,0.45161012,0.25,0.25,-0.07196593,-0.026541382,0.25753307,0.25765714,0.00080441637,0.0001093616,0,1,0,1
1777316795878000,1777316795764000,1777316795798000,0,3.9585395,0.4741906,0.25,0.25,-0.078861,-0.02325949,0.2575066,0.25762337,0.00096604234,8.399919e-05,0,1,0,1
1777316795934000,1777316795816000,1777316795854000,0,4.2142878,0.49677107,0.25,0.25,-0.0766654,-0.01639685,0.25753298,0.25764194,0.0009129058,4.174114e-05,0,1,0,1
1777316795982000,1777316795868000,1777316795902000,0,4.4589167,0.53440523,0.25,0.25,-0.10028362,-0.028977513,0.25750643,0.25760806,0.0015621831,0.00013038355,0,1,0,1
1777316796038000,1777316795920000,1777316795958000,0,4.6924257,0.54193205,0.25,0.25,-0.08329773,-0.00783515,0.25753242,0.25762603,0.0010776913,9.53158e-06,0,1,0,1
1777316796094000,1777316795972000,1777316796014000,0,4.9259353,0.57203937,0.25,0.25,-0.07201195,-0.01035583,0.2575575,0.25764295,0.00080536894,1.6649898e-05,0,1,0,1
1777316796142000,1777316796024000,1777316796062000,0,5.159445,0.6096735,0.25,0.25,-0.097462654,-0.02403438,0.25752997,0.25760823,0.0014753962,8.9694564e-05,0,1,0,1
1777316796190000,1777316796076000,1777316796110000,0,5.3818345,0.6397808,0.25,0.25,-0.11657953,-0.0302248,0.25750333,0.25757483,0.002111163,0.00014186768,0,1,0,1
1777316796246000,1777316796128000,1777316796166000,0,5.593105,0.66988814,0.25,0.25,-0.10098457,-0.03324467,0.25752908,0.25759274,0.0015839585,0.000171621,0,1,0,1
1777316796294000,1777316796180000,1777316796214000,0,5.8154945,0.68494177,0.25,0.25,-0.13237762,-0.025135398,0.25750238,0.25755993,0.002722124,9.8119024e-05,0,1,0,1
1777316796350000,1777316796232000,1777316796270000,0,6.0156455,0.7075222,0.25,0.25,-0.121388435,-0.02213037,0.25752798,0.2575785,0.002288707,7.6054996e-05,0,1,0,1
1777316796398000,1777316796284000,1777316796318000,0,6.2157965,0.73762953,0.25,0.25,-0.14453888,-0.030577183,0.25750142,0.25754663,0.0032452615,0.00014521084,0,1,0,1
1777316796454000,1777316796336000,1777316796374000,0,6.4048276,0.75268316,0.25,0.25,-0.14059114,-0.021200716,0.25752693,0.25756642,0.0030701053,6.980264e-05,0,1,0,1
1777316796510000,1777316796388000,1777316796430000,0,6.58274,0.7827905,0.25,0.25,-0.13592434,-0.028008282,0.25755152,0.2575864,0.002869395,0.000121817604,0,1,0,1
1777316796558000,1777316796440000,1777316796478000,0,6.749532,0.7978441,0.25,0.25,-0.15095234,-0.023328006,0.2575236,0.25755548,0.003539343,8.451707e-05,0,1,0,1
1777316796614000,1777316796492000,1777316796534000,0,6.9163246,0.82795143,0.25,0.25,-0.15597391,-0.032264292,0.25754842,0.2575776,0.0037783745,0.00016165762,0,1,0,1
1777316796662000,1777316796544000,1777316796582000,0,7.0497584,0.84300506,0.25,0.25,-0.15609169,-0.029385984,0.25752056,0.25754827,0.0037844924,0.00013411637,0,1,0,1
1777316796718000,1777316796596000,1777316796638000,0,7.1943116,0.8580587,0.25,0.25,-0.16076231,-0.02532947,0.25754517,0.25757265,0.004013979,9.963512e-05,0,1,0,1
1777316796766000,1777316796648000,1777316796686000,0,7.3055067,0.8655855,0.25,0.25,-0.15790367,-0.01706791,0.25751743,0.25754493,0.0038729135,4.524469e-05,0,1,0,1
1777316796822000,1777316796700000,1777316796742000,0,7.416702,0.88063914,0.25,0.25,-0.15184641,-0.015582383,0.2575423,0.25757208,0.0035811332,3.7707603e-05,0,1,0,1
1777316796870000,1777316796752000,1777316796790000,0,7.5056577,0.88816595,0.25,0.25,-0.14708996,-0.009822249,0.2575147,0.25754592,0.0033606559,1.49839825e-05,0,1,0,1
1777316796918000,1777316796804000,1777316796838000,0,7.605733,0.91074646,0.25,0.25,-0.1634593,-0.020347,0.25748822,0.25752145,0.0041507054,6.430538e-05,0,1,0,1
1777316796974000,1777316796856000,1777316796894000,0,7.6835694,0.9483806,0.25,0.25,-0.1588912,-0.045205712,0.25751388,0.25755262,0.0039215614,0.0003173808,0,1,0,1
1777316797030000,1777316796908000,1777316796950000,0,7.783645,0.9559074,0.25,0.25,-0.18839788,-0.040807366,0.2575388,0.2575843,0.0055127633,0.0002585936,0,1,0,1
1777316797078000,1777316796960000,1777316796998000,0,7.8392425,0.9559074,0.25,0.25,-0.18965149,-0.031187475,0.2575116,0.2575608,0.0055869627,0.00015105693,0,1,0,1
1777316797134000,1777316797012000,1777316797054000,0,7.89484,0.9634342,0.25,0.25,-0.1974721,-0.02983123,0.25753665,0.25759447,0.006056649,0.00013818656,0,1,0,1
1777316797182000,1777316797064000,1777316797102000,0,7.9281983,0.97848785,0.25,0.25,-0.19689035,-0.037944138,0.25750938,0.25757137,0.0060216542,0.0002235897,0,1,0,1
1777316797230000,1777316797116000,1777316797150000,0,7.9393177,0.9860147,0.25,0.25,-0.1842413,-0.03963256,0.25748348,0.25755006,0.005273326,0.00024395096,0,1,0,1
1777316797286000,1777316797168000,1777316797206000,0,7.9504375,0.97848785,0.25,0.25,-0.18330622,-0.026871085,0.2575096,0.25758678,0.0052194046,0.00011212612,0,1,0,1
1777316797342000,1777316797220000,1777316797262000,0,7.9281983,0.99354154,0.25,0.25,-0.16119719,-0.038671196,0.257535,0.2576233,0.0040358836,0.00023219349,0,1,0,1
1777316797390000,1777316797272000,1777316797310000,0,7.917079,0.99354154,0.25,0.25,-0.15805674,-0.036643147,0.25750798,0.2576007,0.0038805683,0.00020849638,0,1,0,1
1777316797446000,1777316797324000,1777316797366000,0,7.9059596,0.99354154,0.25,0.25,-0.1711154,-0.035877407,0.25753355,0.2576381,0.0045478316,0.0001998444,0,1,0,1
1777316797494000,1777316797376000,1777316797414000,0,7.872601,1.0010684,0.25,0.25,-0.16538191,-0.04329914,0.25750682,0.25761577,0.004248614,0.0002911026,0,1,0,1
1777316797542000,1777316797428000,1777316797462000,0,7.828123,0.99354154,0.25,0.25,-0.1586361,-0.03675556,0.25748107,0.2575942,0.0039094775,0.00020978287,0,1,0,1
1777316797598000,1777316797480000,1777316797518000,0,7.7725253,0.99354154,0.25,0.25,-0.1610341,-0.039776087,0.25750768,0.2576329,0.004028149,0.0002456421,0,1,0,1
1777316797646000,1777316797532000,1777316797566000,0,7.694689,0.9860147,0.25,0.25,-0.14039469,-0.035697937,0.25748202,0.2576108,0.0030620652,0.000197871,0,1,0,1
1777316797702000,1777316797584000,1777316797622000,0,7.627972,0.9709611,0.25,0.25,-0.15323591,-0.026713192,0.25750893,0.25764978,0.0036474455,0.000110785215,0,1,0,1
1777316797750000,1777316797636000,1777316797670000,0,7.5501356,0.9709611,0.25,0.25,-0.1506939,-0.032773793,0.25748348,0.2576274,0.0035277833,0.00016677131,0,1,0,1
1777316797806000,1777316797688000,1777316797726000,0,7.4389405,0.95590746,0.25,0.25,-0.1380372,-0.026463509,0.2575104,0.2576654,0.0029597671,0.000108717315,0,1,0,1
1777316797862000,1777316797740000,1777316797782000,0,7.327746,0.93332696,0.25,0.25,-0.1349082,-0.013884962,0.25753653,0.257702,0.002826818,2.9924822e-05,0,1,0,1
1777316797910000,1777316797792000,1777316797830000,0,7.216551,0.92580014,0.25,0.25,-0.12274027,-0.016006231,0.25751007,0.2576769,0.0023401296,3.977065e-05,0,1,0,1
1777316797958000,1777316797844000,1777316797878000,0,7.1053557,0.9182733,0.25,0.25,-0.117946625,-0.019328117,0.25748459,0.25765243,0.0021611245,5.799691e-05,0,1,0,1
1777316798014000,1777316797896000,1777316797934000,0,6.9830413,0.9107466,0.25,0.25,-0.12740898,-0.025533378,0.25751173,0.25768864,0.002521524,0.000101200174,0,1,0,1
1777316798070000,1777316797948000,1777316797990000,0,6.8496075,0.8956929,0.25,0.25,-0.13220549,-0.025088847,0.25753805,0.25772318,0.002714673,9.769401e-05,0,1,0,1
1777316798118000,1777316798000000,1777316798038000,0,6.7050543,0.87311244,0.25,0.25,-0.11163235,-0.015842676,0.2575115,0.25769588,0.0019357242,3.8959162e-05,0,1,0,1
1777316798174000,1777316798052000,1777316798094000,0,6.5716205,0.8580588,0.25,0.25,-0.12938929,-0.017254531,0.25753808,0.25772968,0.0026002503,4.6206376e-05,0,1,0,1
1777316798222000,1777316798104000,1777316798142000,0,6.4159474,0.850532,0.25,0.25,-0.10776949,-0.024726689,0.2575116,0.25770158,0.0018040763,9.490189e-05,0,1,0,1
1777316798278000,1777316798156000,1777316798198000,0,6.249155,0.83547837,0.25,0.25,-0.10314083,-0.027944982,0.25753802,0.25773373,0.0016522658,0.00012119827,0,1,0,1
1777316798326000,1777316798208000,1777316798246000,0,6.093482,0.80537105,0.25,0.25,-0.09128189,-0.013855398,0.25751156,0.2577049,0.0012942927,2.9797191e-05,0,1,0,1
1777316798382000,1777316798260000,1777316798302000,0,5.9155703,0.7903174,0.25,0.25,-0.08554125,-0.018999338,0.2575382,0.25773627,0.0011365002,5.602236e-05,0,1,0,1
1777316798430000,1777316798312000,1777316798350000,0,5.7376585,0.7677369,0.25,0.25,-0.05991602,-0.014133573,0.25751173,0.2577068,0.0005576335,3.100545e-05,0,1,0,1
1777316798486000,1777316798364000,1777316798406000,0,5.548627,0.7752638,0.25,0.25,-0.05280304,-0.043461442,0.2575382,0.25773656,0.00043304812,0.00029315156,0,1,0,1
1777316798534000,1777316798416000,1777316798454000,0,5.392954,0.73762965,0.25,0.25,-0.057888985,-0.024177551,0.2575119,0.2577069,0.00052054046,9.07316e-05,0,1,0,1
1777316798590000,1777316798468000,1777316798510000,0,5.215042,0.6999955,0.25,0.25,-0.07072067,-0.009641647,0.25753856,0.257736,0.0007768023,1.4427377e-05,0,1,0,1
1777316798638000,1777316798520000,1777316798558000,0,5.0371304,0.6623613,0.25,0.25,-0.060357094,0.007206857,0.2575121,0.25770545,0.00056587305,8.061729e-06,0,1,0,1
1777316798694000,1777316798572000,1777316798614000,0,4.82586,0.6473077,0.25,0.25,-0.047928333,-0.0034498572,0.2575387,0.25773355,0.00035678133,1.8471037e-06,0,1,0,1
1777316798742000,1777316798624000,1777316798662000,0,4.625709,0.60967356,0.25,0.25,-0.0233078,0.0116327405,0.25751224,0.25770262,8.438489e-05,2.1004156e-05,0,1,0,1
1777316798798000,1777316798676000,1777316798718000,0,4.425558,0.5946199,0.25,0.25,-0.031847,-0.00046783686,0.25753865,0.25772953,0.00015752688,3.3969147e-08,0,1,0,1
1777316798846000,1777316798728000,1777316798766000,0,4.236527,0.5720394,0.25,0.25,-0.026275158,-0.0018299222,0.25751236,0.25769866,0.000107238964,5.197723e-07,0,1,0,1
1777316798894000,1777316798780000,1777316798814000,0,4.014137,0.5494589,0.25,0.25,0.008666992,-0.0037516952,0.257487,0.25766864,1.1669212e-05,2.1850103e-06,0,1,0,1
1777316798950000,1777316798832000,1777316798870000,0,3.8028665,0.5118248,0.25,0.25,-0.0035271645,0.0044223666,0.25751436,0.2576959,1.9324575e-06,3.0357216e-06,0,1,0,1
1777316798998000,1777316798884000,1777316798918000,0,3.5915961,0.48171747,0.25,0.25,0.011658907,0.008457482,0.2574891,0.25766596,2.1116251e-05,1.11041445e-05,0,1,0,1
1777316799054000,1777316798936000,1777316798974000,0,3.3914454,0.45913696,0.25,0.25,-0.021060228,-0.0004659891,0.2575162,0.25769222,6.889403e-05,3.3706232e-08,0,1,0,1
1777316799102000,1777316798988000,1777316799022000,0,3.1690555,0.4365565,0.25,0.25,-0.002329588,-0.0052829683,0.25749066,0.25766164,8.430565e-07,4.3327755e-06,0,1,0,1
1777316799158000,1777316799040000,1777316799078000,0,2.9244266,0.39139548,0.25,0.25,0.00030708313,0.007087022,0.2575177,0.2576872,1.46475445e-08,7.7964105e-06,0,1,0,1
1777316799214000,1777316799092000,1777316799134000,0,2.7131562,0.36128816,0.25,0.25,-0.034810543,0.0035771728,0.25754386,0.2577114,0.00018820466,1.9861232e-06,0,1,0,1
1777316799262000,1777316799144000,1777316799182000,0,2.4685273,0.323654,0.25,0.25,-0.0050923824,0.011684477,0.25751728,0.2576795,4.0280574e-06,2.1193306e-05,0,1,0,1
1777316799310000,1777316799196000,1777316799230000,0,2.19054,0.2860198,0.25,0.25,0.054138184,0.01924789,0.25749162,0.25764838,0.0004553069,5.7517344e-05,0,1,0,1
1777316799366000,1777316799248000,1777316799286000,0,1.9570308,0.27096614,0.25,0.25,0.028764606,-0.0013139546,0.25751847,0.25767243,0.00012851933,2.680111e-07,0,1,0,1
1777316799414000,1777316799300000,1777316799334000,0,1.7235214,0.21827829,0.25,0.25,0.03713298,0.021166831,0.25749272,0.25764102,0.00021419761,6.955954e-05,0,1,0,1
1777316799470000,1777316799352000,1777316799390000,0,1.4677731,0.18064411,0.25,0.25,0.0294801,0.023479462,0.25751963,0.2576645,0.00013499186,8.558184e-05,0,1,0,1
1777316799518000,1777316799404000,1777316799438000,0,1.2231442,0.15053676,0.25,0.25,0.04533696,0.022805125,0.25749376,0.2576328,0.0003192994,8.0746504e-05,0,1,0,1
1777316799574000,1777316799456000,1777316799494000,0,0.9785153,0.0978489,0.25,0.25,0.023388684,0.040803425,0.25752038,0.2576551,8.4968895e-05,0.00025847257,0,1,0,1
1777316799622000,1777316799508000,1777316799542000,0,0.73388654,0.07526839,0.25,0.25,0.03771025,0.033019327,0.25749442,0.2576231,0.00022090776,0.00016928233,0,1,0,1
1777316799678000,1777316799560000,1777316799598000,0,0.4670187,0.045161035,0.25,0.25,0.037061185,0.029141549,0.25752112,0.25764492,0.0002133466,0.000131845,0,1,0,1
1777316799734000,1777316799612000,1777316799654000,0,0.20015086,0.02258052,0.25,0.25,0.03646685,0.018314004,0.2575467,0.25766507,0.00020653829,5.206802e-05,0,1,0,1
1777316799782000,1777316799664000,1777316799702000,0,-0.04447797,0.0,0.25,0.25,0.05050039,0.012568686,0.2575195,0.25763157,0.00039613142,2.4526787e-05,0,1,0,1
1777316799838000,1777316799716000,1777316799758000,0,-0.3002263,-0.03010736,0.25,0.25,0.040542185,0.010872096,0.257545,0.25765106,0.0002552826,1.8350782e-05,0,1,0,1
1777316799886000,1777316799768000,1777316799806000,0,-0.55597466,-0.067741565,0.25,0.25,0.06778273,0.0213737,0.2575178,0.2576175,0.0007136591,7.09323e-05,0,1,0,1
1777316799942000,1777316799820000,1777316799862000,0,-0.81172293,-0.08279525,0.25,0.25,0.061198235,0.00558082,0.25754344,0.2576367,0.0005816842,4.8355773e-06,0,1,0,1
1777316799990000,1777316799872000,1777316799910000,0,-1.0452323,-0.10537578,0.25,0.25,0.07004511,0.0024960414,0.25751624,0.25760317,0.00076209847,9.674139e-07,0,1,0,1
1777316800038000,1777316799924000,1777316799958000,0,-1.2898612,-0.14300999,0.25,0.25,0.09252775,0.015070468,0.2574901,0.2575708,0.0013299749,3.5270925e-05,0,1,0,1
1777316800094000,1777316799976000,1777316800014000,0,-1.5233705,-0.16559052,0.25,0.25,0.073221564,0.009081647,0.2575162,0.25759006,0.00083278597,1.2807374e-05,0,1,0,1
1777316800142000,1777316800028000,1777316800062000,0,-1.7791188,-0.20322473,0.25,0.25,0.1136533,0.022460416,0.25749025,0.2575581,0.0020066116,7.8346646e-05,0,1,0,1
1777316800198000,1777316800080000,1777316800118000,0,-2.012628,-0.22580528,0.25,0.25,0.10308373,0.017710492,0.25751626,0.2575772,0.0016505761,4.8709517e-05,0,1,0,1
1777316800246000,1777316800132000,1777316800166000,0,-2.235018,-0.24838582,0.25,0.25,0.11816716,0.017085925,0.25748998,0.25754526,0.0021691683,4.53402e-05,0,1,0,1
1777316800302000,1777316800184000,1777316800222000,0,-2.457408,-0.2784932,0.25,0.25,0.10803032,0.021224648,0.2575159,0.2575645,0.001812789,6.996083e-05,0,1,0,1
1777316800350000,1777316800236000,1777316800270000,0,-2.6686783,-0.30860057,0.25,0.25,0.12270951,0.029438168,0.25748983,0.2575333,0.0023391407,0.00013460095,0,1,0,1
1777316800406000,1777316800288000,1777316800326000,0,-2.868829,-0.33870795,0.25,0.25,0.10421014,0.034756184,0.25751567,0.257553,0.0016868492,0.00018761067,0,1,0,1
1777316800454000,1777316800340000,1777316800374000,0,-3.06898,-0.35376167,0.25,0.25,0.12102008,0.028577358,0.25748953,0.25752243,0.0022751775,0.00012684958,0,1,0,1
1777316800510000,1777316800392000,1777316800430000,0,-3.269131,-0.3913959,0.25,0.25,0.119108915,0.043058097,0.25751528,0.257543,0.0022036647,0.0002879519,0,1,0,1
1777316800558000,1777316800444000,1777316800478000,0,-3.4692817,-0.39892274,0.25,0.25,0.15035677,0.030566871,0.2574891,0.25751328,0.0035119404,0.00014513172,0,1,0,1
1777316800614000,1777316800496000,1777316800534000,0,-3.6471937,-0.41397646,0.25,0.25,0.14401007,0.024176866,0.25751474,0.25753504,0.0032213922,9.0787005e-05,0,1,0,1
1777316800670000,1777316800548000,1777316800590000,0,-3.8251054,-0.436557,0.25,0.25,0.14793348,0.026280254,0.25753957,0.2575569,0.0033989828,0.00010726202,0,1,0,1
1777316800718000,1777316800600000,1777316800638000,0,-3.9918978,-0.45913756,0.25,0.25,0.17034721,0.031823695,0.25751206,0.2575277,0.004507466,0.00015730307,0,1,0,1
1777316800774000,1777316800652000,1777316800694000,0,-4.114212,-0.45913756,0.25,0.25,0.13818455,0.01332736,0.2575369,0.25755134,0.0029657842,2.7585726e-05,0,1,0,1
1777316800822000,1777316800704000,1777316800742000,0,-4.2476463,-0.47419125,0.25,0.25,0.14543438,0.013684601,0.25750968,0.25752363,0.0032854935,2.908755e-05,0,1,0,1
1777316800878000,1777316800756000,1777316800798000,0,-4.38108,-0.4967718,0.25,0.25,0.14620733,0.020615757,0.2575348,0.25754932,0.0033201855,6.600824e-05,0,1,0,1
1777316800926000,1777316800808000,1777316800846000,0,-4.514514,-0.5193524,0.25,0.25,0.17166185,0.030175328,0.25750747,0.25752273,0.004577388,0.00014143223,0,1,0,1
1777316800974000,1777316800860000,1777316800894000,0,-4.625709,-0.5419329,0.25,0.25,0.1832695,0.040773153,0.2574815,0.25749788,0.0052178833,0.0002582468,0,1,0,1
1777316801030000,1777316800912000,1777316800950000,0,-4.714665,-0.54945976,0.25,0.25,0.17031145,0.03548932,0.25750756,0.25752717,0.0045056525,0.00019562857,0,1,0,1
1777316801078000,1777316800964000,1777316800998000,0,-4.803621,-0.54193294,0.25,0.25,0.17854738,0.017736077,0.2574814,0.25750327,0.0049524615,4.886438e-05,0,1,0,1
1777316801134000,1777316801016000,1777316801054000,0,-4.8814573,-0.5720403,0.25,0.25,0.1762948,0.037911475,0.25750732,0.25753435,0.004827802,0.00022323699,0,1,0,1
1777316801182000,1777316801068000,1777316801102000,0,-4.959294,-0.56451344,0.25,0.25,0.1919632,0.021902144,0.25748125,0.25751138,0.005724668,7.4513824e-05,0,1,0,1
1777316801238000,1777316801120000,1777316801158000,0,-4.9926524,-0.55698663,0.25,0.25,0.16661024,0.006471753,0.2575075,0.25754422,0.004311948,6.5050717e-06,0,1,0,1
1777316801294000,1777316801172000,1777316801214000,0,-5.059369,-0.5795672,0.25,0.25,0.18682766,0.022727728,0.257533,0.25757715,0.0054213745,8.021668e-05,0,1,0,1
1777316801342000,1777316801224000,1777316801262000,0,-5.0816083,-0.587094,0.25,0.25,0.17532253,0.025458932,0.25750595,0.25755405,0.004774723,0.000100663485,0,1,0,1
1777316801398000,1777316801276000,1777316801318000,0,-5.0927277,-0.5946209,0.25,0.25,0.1615529,0.02874583,0.2575316,0.25758827,0.004053769,0.00012831682,0,1,0,1
1777316801446000,1777316801328000,1777316801366000,0,-5.103847,-0.5795672,0.25,0.25,0.1588502,0.010681927,0.2575049,0.2575656,0.0039196745,1.7720313e-05,0,1,0,1
1777316801494000,1777316801380000,1777316801414000,0,-5.0927277,-0.587094,0.25,0.25,0.14322996,0.016650796,0.25747913,0.25754413,0.0031870266,4.3060423e-05,0,1,0,1
1777316801550000,1777316801432000,1777316801470000,0,-5.0927277,-0.5946209,0.25,0.25,0.15162039,0.023486733,0.2575056,0.25758046,0.0035709892,8.566282e-05,0,1,0,1
1777316801606000,1777316801484000,1777316801526000,0,-5.0704885,-0.587094,0.25,0.25,0.14899635,0.016195238,0.2575313,0.25761634,0.0034481115,4.072501e-05,0,1,0,1
1777316801654000,1777316801536000,1777316801574000,0,-5.0482497,-0.587094,0.25,0.25,0.15082264,0.016904235,0.25750452,0.2575936,0.0035335252,4.437271e-05,0,1,0,1
1777316801702000,1777316801588000,1777316801622000,0,-5.014891,-0.587094,0.25,0.25,0.15063143,0.018525064,0.2574791,0.25757208,0.0035249195,5.3294283e-05,0,1,0,1
1777316801758000,1777316801640000,1777316801678000,0,-4.970413,-0.5795672,0.25,0.25,0.15758085,0.014195383,0.25750583,0.2576093,0.003857268,3.128907e-05,0,1,0,1
1777316801806000,1777316801692000,1777316801726000,0,-4.914816,-0.5720403,0.25,0.25,0.15329075,0.010625601,0.25748023,0.25758737,0.0036504632,1.7532442e-05,0,1,0,1
1777316801862000,1777316801744000,1777316801782000,0,-4.8369794,-0.56451344,0.25,0.25,0.14708471,0.009075999,0.25750703,0.25762454,0.0033605162,1.2789739e-05,0,1,0,1
1777316801918000,1777316801796000,1777316801838000,0,-4.759143,-0.56451344,0.25,0.25,0.15106678,0.016123831,0.25753325,0.2576607,0.0035445786,4.0359737e-05,0,1,0,1
1777316801966000,1777316801848000,1777316801886000,0,-4.670187,-0.5569866,0.25,0.25,0.13900566,0.015268743,0.25750685,0.25763655,0.003001485,3.6195877e-05,0,1,0,1
1777316802022000,1777316801900000,1777316801942000,0,-4.5701113,-0.54945976,0.25,0.25,0.13935041,0.016674817,0.25753298,0.25767222,0.0030160856,4.3163287e-05,0,1,0,1
1777316802070000,1777316801952000,1777316801990000,0,-4.4589167,-0.54945976,0.25,0.25,0.12063694,0.025131583,0.25750646,0.25764745,0.0022606456,9.805593e-05,0,1,0,1
1777316802126000,1777316802004000,1777316802046000,0,-4.3477216,-0.534406,0.25,0.25,0.12677813,0.020351768,0.2575329,0.25768244,0.00249641,6.429533e-05,0,1,0,1
1777316802174000,1777316802056000,1777316802094000,0,-4.225407,-0.5118255,0.25,0.25,0.11116171,0.0074642897,0.25750643,0.25765696,0.0019194746,8.649581e-06,0,1,0,1
1777316802230000,1777316802108000,1777316802150000,0,-4.080854,-0.49677178,0.25,0.25,0.09900808,0.0051581264,0.25753275,0.25769112,0.0015225403,4.1299472e-06,0,1,0,1
1777316802278000,1777316802160000,1777316802198000,0,-3.94742,-0.48924494,0.25,0.25,0.085250854,0.009132922,0.2575063,0.2576649,0.0011289367,1.29486425e-05,0,1,0,1
1777316802326000,1777316802212000,1777316802246000,0,-3.813986,-0.47419122,0.25,0.25,0.07752037,0.006306529,0.25748122,0.25763974,0.00093356834,6.174872e-06,0,1,0,1
1777316802382000,1777316802264000,1777316802302000,0,-3.680552,-0.45913753,0.25,0.25,0.096431494,0.0061385036,0.25750864,0.25767344,0.0014444615,5.8494543e-06,0,1,0,1
1777316802430000,1777316802316000,1777316802350000,0,-3.5137596,-0.4440838,0.25,0.25,0.065212965,0.0048348606,0.25748327,0.25764748,0.0006606613,3.6291256e-06,0,1,0,1
1777316802486000,1777316802368000,1777316802406000,0,-3.3580868,-0.4440838,0.25,0.25,0.07380748,0.02133584,0.25751048,0.25768018,0.0008461859,7.066404e-05,0,1,0,1
1777316802542000,1777316802420000,1777316802462000,0,-3.2024138,-0.42150328,0.25,0.25,0.087691784,0.015398502,0.25753683,0.25771126,0.0011943688,3.6803027e-05,0,1,0,1
1777316802590000,1777316802472000,1777316802510000,0,-3.0356214,-0.38386902,0.25,0.25,0.07069206,-0.0069678724,0.25751054,0.25768286,0.0007762583,7.5365892e-06,0,1,0,1
1777316802638000,1777316802524000,1777316802558000,0,-2.84659,-0.38386902,0.25,0.25,0.036522627,0.009461522,0.25748518,0.25765556,0.00020722004,1.3897686e-05,0,1,0,1
1777316802694000,1777316802576000,1777316802614000,0,-2.6686783,-0.36881533,0.25,0.25,0.04443717,0.013492644,0.25751233,0.25768623,0.00030672894,2.8259397e-05,0,1,0,1
1777316802742000,1777316802628000,1777316802662000,0,-2.4907663,-0.3462348,0.25,0.25,0.03083682,0.0077269375,0.25748688,0.25765833,0.00014772163,9.2689515e-06,0,1,0,1
1777316802798000,1777316802680000,1777316802718000,0,-2.3128545,-0.32365423,0.25,0.25,0.048672438,0.0054811537,0.25751424,0.2576881,0.00036798063,4.663474e-06,0,1,0,1
1777316802846000,1777316802732000,1777316802766000,0,-2.1238232,-0.27849317,0.25,0.25,0.032109737,-0.02158323,0.25748873,0.25765967,0.00016016782,7.2318e-05,0,1,0,1
1777316802902000,1777316802784000,1777316802822000,0,-1.9236722,-0.27096632,0.25,0.25,0.03794813,-0.00621897,0.25751582,0.2576886,0.00022368501,6.0034604e-06,0,1,0,1
1777316802958000,1777316802836000,1777316802878000,0,-1.7124019,-0.26343948,0.25,0.25,0.037837863,0.00932771,0.257542,0.25771615,0.00022236432,1.3504186e-05,0,1,0,1
1777316803006000,1777316802888000,1777316802926000,0,-1.512251,-0.2333321,0.25,0.25,0.023854136,-0.000829041,0.25751555,0.2576858,8.838609e-05,1.0668946e-07,0,1,0,1
1777316803062000,1777316802940000,1777316802982000,0,-1.3121002,-0.21075156,0.25,0.25,0.045683384,0.0011513382,0.25754175,0.25771272,0.00032413722,2.0574532e-07,0,1,0,1
1777316803110000,1777316802992000,1777316803030000,0,-1.1119492,-0.18817103,0.25,0.25,0.040315866,0.00020180643,0.25751504,0.25768214,0.00025246976,6.321871e-09,0,1,0,1
1777316803166000,1777316803044000,1777316803086000,0,-0.90067893,-0.16559051,0.25,0.25,0.061020553,0.0033888668,0.2575412,0.2577084,0.00057831645,1.7825446e-06,0,1,0,1
1777316803214000,1777316803096000,1777316803134000,0,-0.6671696,-0.13548313,0.25,0.25,0.030963302,-0.0037327558,0.25751472,0.25767758,0.0001489198,2.1629303e-06,0,1,0,1
1777316803270000,1777316803148000,1777316803190000,0,-0.4336602,-0.112902604,0.25,0.25,0.039756626,0.0012937114,0.25754082,0.25770319,0.00024548953,2.5978554e-07,0,1,0,1
1777316803318000,1777316803200000,1777316803238000,0,-0.20015086,-0.090322085,0.25,0.25,0.018446162,0.0031995848,0.25751412,0.25767207,5.2853167e-05,1.5892048e-06,0,1,0,1
1777316803366000,1777316803252000,1777316803286000,0,0.04447797,-0.05268788,0.25,0.25,-0.009622153,-0.009498343,0.2574885,0.25764212,1.43829075e-05,1.4006797e-05,0,1,0,1
1777316803422000,1777316803304000,1777316803342000,0,0.28910682,-0.030107358,0.25,0.25,0.0018360317,-0.0017447677,0.25751534,0.25766754,5.236212e-07,4.7258013e-07,0,1,0,1
1777316803478000,1777316803356000,1777316803398000,0,0.5448551,-0.007526839,0.25,0.25,0.0051401258,0.0061865347,0.25754154,0.25769153,4.103554e-06,5.940934e-06,0,1,0,1
1777316803526000,1777316803408000,1777316803446000,0,0.78948396,0.022580517,0.25,0.25,-0.013711989,0.002746107,0.2575147,0.25765973,2.9205114e-05,1.1707074e-06,0,1,0,1
1777316803582000,1777316803460000,1777316803502000,0,1.0563518,0.06021471,0.25,0.25,-0.015779972,-0.0036235638,0.25754055,0.25768286,3.8674687e-05,2.0381976e-06,0,1,0,1
1777316803630000,1777316803512000,1777316803550000,0,1.3009807,0.0978489,0.25,0.25,-0.03011465,-0.013736218,0.25751367,0.25765076,0.00014086897,2.929294e-05,0,1,0,1
1777316803678000,1777316803564000,1777316803598000,0,1.556729,0.120429404,0.25,0.25,-0.05412388,-0.008579716,0.25748813,0.25761977,0.00045507247,1.1429484e-05,0,1,0,1
1777316803734000,1777316803616000,1777316803654000,0,1.8235968,0.14300992,0.25,0.25,-0.051680326,0.0003848374,0.25751466,0.2576425,0.0004148667,2.299307e-08,0,1,0,1
1777316803782000,1777316803668000,1777316803702000,0,2.0793452,0.17311725,0.25,0.25,-0.07427716,-0.0029527098,0.25748876,0.25761116,0.0008570621,1.353745e-06,0,1,0,1
1777316803838000,1777316803720000,1777316803758000,0,2.3350935,0.2032246,0.25,0.25,-0.06021118,-0.0027014166,0.2575152,0.25763303,0.0005631336,1.1330304e-06,0,1,0,1
1777316803894000,1777316803772000,1777316803814000,0,2.5908418,0.24838561,0.25,0.25,-0.047511578,-0.018022642,0.25754094,0.25765356,0.00035060057,5.042672e-05,0,1,0,1
1777316803942000,1777316803824000,1777316803862000,0,2.8577096,0.2709661,0.25,0.25,-0.08347297,-0.014247239,0.25751382,0.25762063,0.0010823087,3.1516698e-05,0,1,0,1
1777316803998000,1777316803876000,1777316803918000,0,3.113458,0.2935466,0.25,0.25,-0.07387614,-0.0072818696,0.25753924,0.25764045,0.00084766647,8.2325e-06,0,1,0,1
1777316804046000,1777316803928000,1777316803966000,0,3.3580868,0.32365394,0.25,0.25,-0.09058046,-0.012281597,0.2575121,0.2576074,0.0012744754,2.3421317e-05,0,1,0,1
1777316804102000,1777316803980000,1777316804022000,0,3.6027157,0.3462344,0.25,0.25,-0.07526922,-0.00640586,0.25753742,0.25762662,0.00087994296,6.3712428e-06,0,1,0,1
1777316804150000,1777316804032000,1777316804070000,0,3.858464,0.38386858,0.25,0.25,-0.10860419,-0.019853055,0.2575105,0.25759357,0.0018321382,6.120398e-05,0,1,0,1
1777316804198000,1777316804084000,1777316804118000,0,4.0919733,0.39892223,0.25,0.25,-0.122448206,-0.010797143,0.25748444,0.25756165,0.002329238,1.8104916e-05,0,1,0,1
1777316804254000,1777316804136000,1777316804174000,0,4.325483,0.42902955,0.25,0.25,-0.10788965,-0.014063954,0.25751042,0.25758106,0.0018081097,3.071574e-05,0,1,0,1
1777316804302000,1777316804188000,1777316804222000,0,4.5701113,0.45913687,0.25,0.25,-0.14172697,-0.021217942,0.25748456,0.25754926,0.0031204256,6.9920774e-05,0,1,0,1
1777316804358000,1777316804240000,1777316804278000,0,4.7925014,0.47419053,0.25,0.25,-0.12715864,-0.010256678,0.25751042,0.25756848,0.0025116375,1.6337317e-05,0,1,0,1
1777316804406000,1777316804292000,1777316804326000,0,5.014891,0.51182467,0.25,0.25,-0.14901352,-0.026013851,0.2574842,0.25753686,0.0034495364,0.000105106585,0,1,0,1
1777316804462000,1777316804344000,1777316804382000,0,5.237281,0.541932,0.25,0.25,-0.14861965,-0.031252623,0.25750998,0.25755617,0.003430982,0.0001516914,0,1,0,1
1777316804518000,1777316804396000,1777316804438000,0,5.437432,0.5645125,0.25,0.25,-0.13403368,-0.029473782,0.2575349,0.25757486,0.002790306,0.00013490506,0,1,0,1
1777316804566000,1777316804448000,1777316804486000,0,5.648702,0.5946198,0.25,0.25,-0.16529083,-0.038817346,0.2575078,0.25754303,0.0042439196,0.00023402479,0,1,0,1
1777316804614000,1777316804500000,1777316804534000,0,5.8266144,0.60967344,0.25,0.25,-0.16960955,-0.03378558,0.2574815,0.25751248,0.0044690436,0.00017730644,0,1,0,1
1777316804670000,1777316804552000,1777316804590000,0,6.004526,0.6247271,0.25,0.25,-0.15914154,-0.02717936,0.25750738,0.25753304,0.003934028,0.00011473753,0,1,0,1
1777316804718000,1777316804604000,1777316804638000,0,6.1713185,0.6548344,0.25,0.25,-0.16947603,-0.03943944,0.25748104,0.2575033,0.004462018,0.00024162322,0,1,0,1
1777316804774000,1777316804656000,1777316804694000,0,6.3158717,0.6774149,0.25,0.25,-0.14616394,-0.042414725,0.25750688,0.25752503,0.003318575,0.00027943053,0,1,0,1
1777316804830000,1777316804708000,1777316804750000,0,6.482664,0.68494165,0.25,0.25,-0.15681648,-0.031371593,0.25753158,0.2575467,0.0038195562,0.00015285413,0,1,0,1
1777316804878000,1777316804760000,1777316804798000,0,6.6160984,0.70752215,0.25,0.25,-0.16144037,-0.038814843,0.2575042,0.25751755,0.004048554,0.00023401776,0,1,0,1
1777316804934000,1777316804812000,1777316804854000,0,6.749532,0.71504897,0.25,0.25,-0.15994883,-0.030051589,0.25752896,0.2575408,0.003973709,0.00014026485,0,1,0,1
1777316804982000,1777316804864000,1777316804902000,0,6.8718467,0.7301026,0.25,0.25,-0.1724081,-0.031826317,0.2575019,0.25751308,0.0046173725,0.00015733794,0,1,0,1
1777316805030000,1777316804916000,1777316804950000,0,6.971922,0.7451563,0.25,0.25,-0.17156982,-0.034551144,0.25747573,0.2574867,0.0045730453,0.00018545135,0,1,0,1
1777316805086000,1777316804968000,1777316805006000,0,7.071997,0.7526831,0.25,0.25,-0.16919708,-0.029102981,0.2575017,0.25751346,0.0044469847,0.00013156337,0,1,0,1
1777316805142000,1777316805020000,1777316805062000,0,7.1831923,0.75268304,0.25,0.25,-0.18915892,-0.017377198,0.25752664,0.25754026,0.005557654,4.690016e-05,0,1,0,1
1777316805190000,1777316805072000,1777316805110000,0,7.2499094,0.77526355,0.25,0.25,-0.18366718,-0.030848444,0.2574995,0.2575145,0.0052401866,0.00014781713,0,1,0,1
1777316805246000,1777316805124000,1777316805166000,0,7.316626,0.7903172,0.25,0.25,-0.18099213,-0.036331832,0.25752482,0.25754336,0.005088154,0.00020501434,0,1,0,1
1777316805294000,1777316805176000,1777316805214000,0,7.372224,0.7903172,0.25,0.25,-0.18391132,-0.028499544,0.2574978,0.25751853,0.0052541615,0.00012616164,0,1,0,1
1777316805342000,1777316805228000,1777316805262000,0,7.405582,0.7903172,0.25,0.25,-0.1741333,-0.022235155,0.25747216,0.2574955,0.004710786,7.6801676e-05,0,1,0,1
1777316805398000,1777316805280000,1777316805318000,0,7.427821,0.797844,0.25,0.25,-0.16097212,-0.024199069,0.25749823,0.25752702,0.004025196,9.095665e-05,0,1,0,1
1777316805446000,1777316805332000,1777316805366000,0,7.4611797,0.8204245,0.25,0.25,-0.17148209,-0.042580485,0.2574727,0.25750464,0.0045684236,0.00028164117,0,1,0,1
1777316805502000,1777316805384000,1777316805422000,0,7.4945383,0.8204245,0.25,0.25,-0.19216013,-0.03862989,0.2574989,0.25753748,0.0057360274,0.00023177495,0,1,0,1
1777316805558000,1777316805436000,1777316805478000,0,7.4834185,0.8354782,0.25,0.25,-0.17896318,-0.051054955,0.25752437,0.25757018,0.0049747247,0.00040479974,0,1,0,1
1777316805606000,1777316805488000,1777316805526000,0,7.4834185,0.8279513,0.25,0.25,-0.18445492,-0.041399777,0.2574976,0.2575469,0.005285271,0.00026619487,0,1,0,1
1777316805662000,1777316805540000,1777316805582000,0,7.4611797,0.8128977,0.25,0.25,-0.18249893,-0.026117504,0.2575235,0.2575809,0.005173254,0.00010592773,0,1,0,1
1777316805710000,1777316805592000,1777316805630000,0,7.427821,0.8128977,0.25,0.25,-0.17398977,-0.026474714,0.25749683,0.25755778,0.0047025727,0.00010885488,0,1,0,1
1777316805766000,1777316805644000,1777316805686000,0,7.3944626,0.8128977,0.25,0.25,-0.18318272,-0.028503895,0.2575226,0.257592,0.00521211,0.00012616417,0,1,0,1
1777316805814000,1777316805696000,1777316805734000,0,7.3388653,0.79784405,0.25,0.25,-0.1713686,-0.015647829,0.2574961,0.25756884,0.004561964,3.8025493e-05,0,1,0,1
1777316805870000,1777316805748000,1777316805790000,0,7.272148,0.78279036,0.25,0.25,-0.16862917,-0.005056083,0.257522,0.25760338,0.004416834,3.9695096e-06,0,1,0,1
1777316805918000,1777316805800000,1777316805838000,0,7.1943116,0.79031724,0.25,0.25,-0.15293026,-0.017381549,0.2574958,0.25758046,0.0036330947,4.691633e-05,0,1,0,1
1777316805966000,1777316805852000,1777316805886000,0,7.1164756,0.7827904,0.25,0.25,-0.14612436,-0.015663326,0.2574705,0.25755814,0.003317247,3.810243e-05,0,1,0,1
1777316806022000,1777316805904000,1777316805942000,0,7.027519,0.7602099,0.25,0.25,-0.15082884,-0.001041472,0.25749764,0.25759405,0.0035339103,1.6842995e-07,0,1,0,1
1777316806070000,1777316805956000,1777316805990000,0,6.927444,0.7526831,0.25,0.25,-0.13750315,-0.0011424422,0.2574726,0.2575717,0.00293734,2.0268908e-07,0,1,0,1
1777316806126000,1777316806008000,1777316806046000,0,6.8273687,0.7451563,0.25,0.25,-0.14864111,-0.0035971403,0.2574996,0.25760674,0.0034321109,2.0091738e-06,0,1,0,1
1777316806182000,1777316806060000,1777316806102000,0,6.7050543,0.7376295,0.25,0.25,-0.144979,-0.0070391297,0.25752583,0.2576406,0.0032647462,7.692785e-06,0,1,0,1
1777316806230000,1777316806112000,1777316806150000,0,6.57162,0.7376295,0.25,0.25,-0.1193738,-0.017065227,0.2574995,0.25761554,0.0022136127,4.521808e-05,0,1,0,1
1777316806286000,1777316806164000,1777316806206000,0,6.449306,0.7376295,0.25,0.25,-0.13109922,-0.029194891,0.2575258,0.2576487,0.0026695589,0.00013232618,0,1,0,1
1777316806334000,1777316806216000,1777316806254000,0,6.3158717,0.715049,0.25,0.25,-0.11755228,-0.017421901,0.25749975,0.2576235,0.0021465712,4.712655e-05,0,1,0,1
1777316806390000,1777316806268000,1777316806310000,0,6.1713185,0.6924685,0.25,0.25,-0.11935854,-0.008609533,0.25752613,0.2576559,0.002212818,1.1507452e-05,0,1,0,1
1777316806438000,1777316806320000,1777316806358000,0,6.026765,0.6849417,0.25,0.25,-0.10543299,-0.013875902,0.25749987,0.25762954,0.001726776,2.9894189e-05,0,1,0,1
1777316806486000,1777316806372000,1777316806406000,0,5.8599725,0.6698881,0.25,0.25,-0.07452726,-0.011877835,0.25747472,0.25760424,0.00086289056,2.1906932e-05,0,1,0,1
1777316806542000,1777316806424000,1777316806462000,0,5.69318,0.66236126,0.25,0.25,-0.07145548,-0.020290911,0.2575022,0.25763676,0.00079314044,6.392272e-05,0,1,0,1
1777316806590000,1777316806476000,1777316806510000,0,5.5375075,0.63225394,0.25,0.25,-0.06146288,-0.0044391155,0.257477,0.25761074,0.0005868774,3.059771e-06,0,1,0,1
1777316806646000,1777316806528000,1777316806566000,0,5.3818345,0.6096735,0.25,0.25,-0.079716206,0.00029182434,0.25750417,0.25764185,0.0009871178,1.3221679e-08,0,1,0,1
1777316806702000,1777316806580000,1777316806622000,0,5.2039227,0.587093,0.25,0.25,-0.08020449,0.0043432117,0.2575305,0.25767154,0.0009991452,2.9282999e-06,0,1,0,1
1777316806750000,1777316806632000,1777316806670000,0,5.0482497,0.5645125,0.25,0.25,-0.08189058,0.010409772,0.2575044,0.25764376,0.0010417014,1.6823751e-05,0,1,0,1
1777316806798000,1777316806684000,1777316806718000,0,4.859218,0.54945886,0.25,0.25,-0.054042816,0.0082246065,0.25747913,0.25761658,0.00045372624,1.0503075e-05,0,1,0,1
1777316806854000,1777316806736000,1777316806774000,0,4.6813064,0.52687836,0.25,0.25,-0.06858206,0.0099182725,0.25750625,0.257646,0.0007306228,1.527245e-05,0,1,0,1
1777316806910000,1777316806788000,1777316806830000,0,4.492275,0.51935154,0.25,0.25,-0.07632494,-0.0041535497,0.25753257,0.257674,0.0009048171,2.6781086e-06,0,1,0,1
1777316806958000,1777316806840000,1777316806878000,0,4.2921243,0.5042979,0.25,0.25,-0.04884672,-0.0077660084,0.2575061,0.25764486,0.0003706323,9.3634135e-06,0,1,0,1
1777316807006000,1777316806892000,1777316806926000,0,4.1030927,0.4817174,0.25,0.25,-0.037134647,-0.004211217,0.257481,0.2576173,0.0002142266,2.7535962e-06,0,1,0,1
1777316807062000,1777316806944000,1777316806982000,0,3.880703,0.45913693,0.25,0.25,-0.025793552,-0.00452891,0.25750807,0.25764528,0.000103345476,3.184382e-06,0,1,0,1
1777316807110000,1777316806996000,1777316807030000,0,3.658313,0.4290296,0.25,0.25,0.010267258,0.005050093,0.25748265,0.2576169,1.6376494e-05,3.9599017e-06,0,1,0,1
1777316807166000,1777316807048000,1777316807086000,0,3.4470427,0.41397595,0.25,0.25,-0.00072169304,-0.004685819,0.25750968,0.2576443,8.090428e-08,3.4088705e-06,0,1,0,1
1777316807222000,1777316807100000,1777316807142000,0,3.246892,0.39139545,0.25,0.25,-0.027366877,-0.007224202,0.25753608,0.25767085,0.00011632481,8.101669e-06,0,1,0,1
1777316807270000,1777316807152000,1777316807190000,0,3.024502,0.36881498,0.25,0.25,-0.0036621094,-0.006604135,0.2575097,0.2576412,2.0831906e-06,6.7713704e-06,0,1,0,1
1777316807326000,1777316807204000,1777316807246000,0,2.8132317,0.33870763,0.25,0.25,-0.02921772,-0.0027402341,0.25753582,0.25766683,0.00013259129,1.1656733e-06,0,1,0,1
1777316807374000,1777316807256000,1777316807294000,0,2.5797224,0.3086003,0.25,0.25,-0.0027580261,0.0038586855,0.25750944,0.257637,1.1815812e-06,2.3116952e-06,0,1,0,1
1777316807422000,1777316807308000,1777316807342000,0,2.3573325,0.27849296,0.25,0.25,0.00792551,0.009785354,0.25748414,0.2576083,9.758071e-06,1.4868023e-05,0,1,0,1
1777316807478000,1777316807360000,1777316807398000,0,2.1349425,0.24838562,0.25,0.25,-0.0205729,0.010981604,0.257511,0.257634,6.574388e-05,1.8723558e-05,0,1,0,1
1777316807526000,1777316807412000,1777316807446000,0,1.9014332,0.23333196,0.25,0.25,-0.005681157,0.00071664155,0.25748563,0.257605,5.0139574e-06,7.9746144e-08,0,1,0,1
1777316807582000,1777316807464000,1777316807502000,0,1.645685,0.20322461,0.25,0.25,-0.0076749325,0.0008800924,0.25751236,0.25763,9.149788e-06,1.202597e-07,0,1,0,1
1777316807630000,1777316807516000,1777316807550000,0,1.3899366,0.17311728,0.25,0.25,0.023180604,0.0049281865,0.2574869,0.25760064,8.3474595e-05,3.7712675e-06,0,1,0,1
1777316807686000,1777316807568000,1777316807606000,0,1.1341883,0.14300993,0.25,0.25,0.014747858,0.0044357628,0.25751355,0.25762495,3.3784523e-05,3.0549825e-06,0,1,0,1
1777316807734000,1777316807620000,1777316807654000,0,0.8895594,0.11290258,0.25,0.25,0.029727459,0.007876843,0.25748774,0.2575949,0.00013728371,9.634454e-06,0,1,0,1
1777316807790000,1777316807672000,1777316807710000,0,0.63381106,0.07526839,0.25,0.25,0.017163932,0.0147295445,0.25751427,0.25761852,4.5760662e-05,3.3686938e-05,0,1,0,1
1777316807838000,1777316807724000,1777316807758000,0,0.37806275,0.052687876,0.25,0.25,0.040605694,0.010830276,0.25748864,0.25758857,0.00025613906,1.8214298e-05,0,1,0,1
1777316807894000,1777316807776000,1777316807814000,0,0.11119492,0.030107358,0.25,0.25,0.037079424,0.0033582915,0.25751507,0.25761148,0.00021356167,1.751183e-06,0,1,0,1
1777316807950000,1777316807828000,1777316807870000,0,-0.14455341,-0.00752684,0.25,0.25,0.0224808,0.011460125,0.25754058,0.25763315,7.849425e-05,2.0390928e-05,0,1,0,1
1777316807998000,1777316807880000,1777316807918000,0,-0.40030172,-0.0376342,0.25,0.25,0.044838816,0.016014257,0.2575135,0.25760132,0.00031229734,3.9822226e-05,0,1,0,1
1777316808046000,1777316807932000,1777316807966000,0,-0.6671696,-0.060214728,0.25,0.25,0.07848525,0.013045341,0.25748748,0.25757062,0.00095692964,2.6428621e-05,0,1,0,1
1777316808102000,1777316807984000,1777316808022000,0,-0.9229179,-0.082795255,0.25,0.25,0.06485325,0.0068339556,0.25751397,0.2575927,0.0006533151,7.2522157e-06,0,1,0,1
1777316808158000,1777316808036000,1777316808078000,0,-1.1675467,-0.12042946,0.25,0.25,0.042501926,0.016385287,0.25753927,0.25761327,0.00028056517,4.1686922e-05,0,1,0,1
1777316808206000,1777316808088000,1777316808126000,0,-1.423295,-0.14300999,0.25,0.25,0.06951177,0.0143226385,0.25751236,0.25758165,0.00075054826,3.185599e-05,0,1,0,1
1777316808254000,1777316808140000,1777316808174000,0,-1.6679239,-0.15053684,0.25,0.25,0.086836934,-0.00231722,0.25748625,0.2575508,0.0011714261,8.339338e-07,0,1,0,1
1777316808310000,1777316808192000,1777316808230000,0,-1.9236722,-0.17311737,0.25,0.25,0.08375871,-0.006497428,0.25751254,0.25757205,0.0010897367,6.556079e-06,0,1,0,1
1777316808366000,1777316808244000,1777316808286000,0,-2.168301,-0.1956979,0.25,0.25,0.07367492,-0.010437474,0.25753766,0.25759196,0.0008430601,1.6916809e-05,0,1,0,1
1777316808414000,1777316808296000,1777316808334000,0,-2.41293,-0.21827845,0.25,0.25,0.101187706,-0.010237753,0.25751036,0.25756016,0.0015904529,1.627761e-05,0,1,0,1
1777316808462000,1777316808348000,1777316808382000,0,-2.6464393,-0.25591266,0.25,0.25,0.121111155,0.005500555,0.25748417,0.25752953,0.0022786506,4.6994387e-06,0,1,0,1
1777316808518000,1777316808400000,1777316808438000,0,-2.8799486,-0.27096638,0.25,0.25,0.11445308,-0.0046602488,0.2575103,0.25755054,0.0020347934,3.3729953e-06,0,1,0,1
1777316808566000,1777316808452000,1777316808486000,0,-3.1023386,-0.29354692,0.25,0.25,0.13354993,-0.0034813285,0.25748405,0.2575202,0.0027707478,1.8825161e-06,0,1,0,1
1777316808622000,1777316808504000,1777316808542000,0,-3.3247283,-0.33118114,0.25,0.25,0.12884188,0.010148078,0.25750977,0.2575411,0.0025785784,1.5994883e-05,0,1,0,1
1777316808670000,1777316808556000,1777316808590000,0,-3.5248792,-0.36128855,0.25,0.25,0.13758373,0.01952058,0.25748342,0.2575112,0.0029406606,5.9190137e-05,0,1,0,1
1777316808726000,1777316808608000,1777316808646000,0,-3.702791,-0.3688154,0.25,0.25,0.10474205,0.0037454367,0.25750905,0.2575326,0.0017041571,2.178877e-06,0,1,0,1
1777316808782000,1777316808660000,1777316808702000,0,-3.9140613,-0.40644962,0.25,0.25,0.115166664,0.019604385,0.25753412,0.2575539,0.0020600548,5.968955e-05,0,1,0,1
1777316808830000,1777316808712000,1777316808750000,0,-4.1030927,-0.42903018,0.25,0.25,0.13601184,0.023276567,0.25750664,0.25752398,0.0028735911,8.415505e-05,0,1,0,1
1777316808886000,1777316808764000,1777316808806000,0,-4.269885,-0.4516107,0.25,0.25,0.12025499,0.025243908,0.25753134,0.257546,0.0022461365,9.8973374e-05,0,1,0,1
1777316808934000,1777316808816000,1777316808854000,0,-4.447797,-0.46666443,0.25,0.25,0.14693022,0.022961974,0.25750393,0.257517,0.0033535005,8.189785e-05,0,1,0,1
1777316808990000,1777316808868000,1777316808910000,0,-4.5923505,-0.4967718,0.25,0.25,0.12886429,0.03453535,0.25752893,0.25754055,0.0025792837,0.00018524312,0,1,0,1
1777316809038000,1777316808920000,1777316808958000,0,-4.7480235,-0.5042987,0.25,0.25,0.15111828,0.026342422,0.25750157,0.25751254,0.0035474321,0.00010778865,0,1,0,1
1777316809094000,1777316808972000,1777316809014000,0,-4.8814573,-0.52687925,0.25,0.25,0.14261723,0.03211397,0.25752634,0.25753734,0.0031592378,0.00016017981,0,1,0,1
1777316809142000,1777316809024000,1777316809062000,0,-5.003772,-0.52687925,0.25,0.25,0.14945126,0.017959416,0.2574991,0.25751042,0.003469632,5.010137e-05,0,1,0,1
1777316809190000,1777316809076000,1777316809110000,0,-5.126086,-0.54193294,0.25,0.25,0.16534519,0.020183802,0.25747323,0.2574852,0.0042472817,6.328687e-05,0,1,0,1
1777316809246000,1777316809128000,1777316809166000,0,-5.237281,-0.5494598,0.25,0.25,0.16645479,0.01419872,0.25749895,0.25751308,0.0043040486,3.131548e-05,0,1,0,1
1777316809294000,1777316809180000,1777316809214000,0,-5.3373566,-0.5720404,0.25,0.25,0.17839432,0.025927305,0.25747314,0.2574888,0.004944132,0.00010442787,0,1,0,1
1777316809350000,1777316809232000,1777316809270000,0,-5.4263124,-0.5795672,0.25,0.25,0.17845917,0.021947801,0.25749892,0.2575183,0.0049472325,7.48228e-05,0,1,0,1
1777316809398000,1777316809284000,1777316809318000,0,-5.493029,-0.60967463,0.25,0.25,0.17551088,0.042846024,0.25747317,0.2574948,0.004785597,0.00028517572,0,1,0,1
1777316809454000,1777316809336000,1777316809374000,0,-5.548627,-0.6247283,0.25,0.25,0.16425753,0.048053205,0.25749907,0.2575258,0.0041911663,0.00035866082,0,1,0,1
1777316809510000,1777316809388000,1777316809430000,0,-5.6153436,-0.6247283,0.25,0.25,0.1755538,0.0392285,0.25752422,0.25755683,0.0047869883,0.00023899584,0,1,0,1
1777316809558000,1777316809440000,1777316809478000,0,-5.648702,-0.639782,0.25,0.25,0.16805744,0.047376394,0.25749755,0.25753325,0.0043873508,0.00034861872,0,1,0,1
1777316809614000,1777316809492000,1777316809534000,0,-5.6820607,-0.639782,0.25,0.25,0.1680975,0.040677726,0.25752285,0.2575655,0.0043890113,0.00025697192,0,1,0,1
1777316809662000,1777316809544000,1777316809582000,0,-5.7043,-0.6473089,0.25,0.25,0.16886902,0.043125927,0.25749627,0.25754237,0.00442985,0.00028886052,0,1,0,1
1777316809718000,1777316809596000,1777316809638000,0,-5.7265387,-0.6473089,0.25,0.25,0.17991161,0.038678885,0.25752172,0.25757566,0.005027644,0.00023232879,0,1,0,1
1777316809766000,1777316809648000,1777316809686000,0,-5.7154193,-0.6548357,0.25,0.25,0.16626978,0.043014944,0.25749502,0.25755268,0.0042945514,0.00028736418,0,1,0,1
1777316809814000,1777316809700000,1777316809734000,0,-5.7043,-0.639782,0.25,0.25,0.16188908,0.025225163,0.25746942,0.257531,0.004071641,9.883219e-05,0,1,0,1
1777316809870000,1777316809752000,1777316809790000,0,-5.69318,-0.639782,0.25,0.25,0.17214012,0.024160385,0.25749618,0.2575663,0.0046031317,9.065227e-05,0,1,0,1
1777316809926000,1777316809804000,1777316809846000,0,-5.6598215,-0.639782,0.25,0.25,0.17118311,0.02415502,0.25752193,0.25760096,0.0045516365,9.0599824e-05,0,1,0,1
1777316809974000,1777316809856000,1777316809894000,0,-5.6153436,-0.6247283,0.25,0.25,0.16175508,0.009306312,0.25749564,0.25757805,0.004064489,1.3449505e-05,0,1,0,1
1777316810030000,1777316809908000,1777316809950000,0,-5.5708656,-0.639782,0.25,0.25,0.17127085,0.026583314,0.2575215,0.257613,0.0045563113,0.00010972622,0,1,0,1
1777316810078000,1777316809960000,1777316809998000,0,-5.5152683,-0.639782,0.25,0.25,0.16888905,0.028549194,0.2574953,0.25758982,0.004430917,0.00012656658,0,1,0,1
1777316810126000,1777316810012000,1777316810046000,0,-5.437432,-0.63225514,0.25,0.25,0.15282106,0.023829997,0.25747022,0.2575677,0.0036282684,8.818943e-05,0,1,0,1
1777316810182000,1777316810064000,1777316810102000,0,-5.3595953,-0.62472826,0.25,0.25,0.15890408,0.021128953,0.25749707,0.25760353,0.0039224536,6.9320886e-05,0,1,0,1
1777316810238000,1777316810116000,1777316810158000,0,-5.2484007,-0.61720145,0.25,0.25,0.14040661,0.019538581,0.25752318,0.25763828,0.003062096,5.92701e-05,0,1,0,1
1777316810286000,1777316810168000,1777316810206000,0,-5.1594443,-0.6096746,0.25,0.25,0.13833046,0.017722309,0.2574971,0.2576141,0.00297251,4.876755e-05,0,1,0,1
1777316810342000,1777316810220000,1777316810262000,0,-5.0482497,-0.5946209,0.25,0.25,0.13765717,0.010689139,0.2575233,0.2576484,0.0029433446,1.7738546e-05,0,1,0,1
1777316810390000,1777316810272000,1777316810310000,0,-4.9370546,-0.5946209,0.25,0.25,0.12734127,0.018057346,0.25749698,0.2576236,0.0025189887,5.0626997e-05,0,1,0,1
1777316810446000,1777316810324000,1777316810366000,0,-4.81474,-0.57956713,0.25,0.25,0.1306901,0.012570202,0.2575233,0.25765732,0.0026529483,2.4530254e-05,0,1,0,1
1777316810494000,1777316810376000,1777316810414000,0,-4.6924257,-0.5720403,0.25,0.25,0.12199831,0.013667762,0.25749707,0.2576319,0.00231204,2.9003819e-05,0,1,0,1
1777316810550000,1777316810428000,1777316810470000,0,-4.558992,-0.5569866,0.25,0.25,0.12810278,0.009849429,0.25752372,0.2576649,0.0025489416,1.5060065e-05,0,1,0,1
1777316810598000,1777316810480000,1777316810518000,0,-4.4144387,-0.56451344,0.25,0.25,0.10850525,0.027441442,0.2574975,0.25763884,0.0018288938,0.000116912925,0,1,0,1
1777316810654000,1777316810532000,1777316810574000,0,-4.2587657,-0.5494597,0.25,0.25,0.104774475,0.024763405,0.25752392,0.25767097,0.001705114,9.519524e-05,0,1,0,1
1777316810702000,1777316810584000,1777316810622000,0,-4.114212,-0.5268792,0.25,0.25,0.0954504,0.013219118,0.25749773,0.2576443,0.0014152792,2.7129667e-05,0,1,0,1
1777316810750000,1777316810636000,1777316810670000,0,-3.9363003,-0.51182544,0.25,0.25,0.057973623,0.010017991,0.2574729,0.25761867,0.0005221429,1.5582744e-05,0,1,0,1
1777316810806000,1777316810688000,1777316810726000,0,-3.791747,-0.4892449,0.25,0.25,0.08271146,0.002095431,0.25750014,0.25765046,0.0010627079,6.8167253e-07,0,1,0,1
1777316810862000,1777316810740000,1777316810782000,0,-3.6249547,-0.46666437,0.25,0.25,0.089576006,-0.004608035,0.25752658,0.25768083,0.0012462965,3.2961686e-06,0,1,0,1
1777316810910000,1777316810792000,1777316810830000,0,-3.4470427,-0.45161065,0.25,0.25,0.06513643,-0.005365044,0.2575006,0.25765294,0.00065906724,4.4686e-06,0,1,0,1
1777316810966000,1777316810844000,1777316810886000,0,-3.2580113,-0.45161065,0.25,0.25,0.060170174,0.011999607,0.25752726,0.25768247,0.0005623404,2.2351629e-05,0,1,0,1
1777316811014000,1777316810896000,1777316810934000,0,-3.0800993,-0.42150325,0.25,0.25,0.045204878,-0.0032900274,0.257501,0.2576541,0.00031743268,1.680436e-06,0,1,0,1
1777316811062000,1777316810948000,1777316810982000,0,-2.9021876,-0.40644956,0.25,0.25,0.03456092,-0.002162397,0.25747585,0.25762686,0.00018556413,7.260051e-07,0,1,0,1
1777316811118000,1777316811000000,1777316811038000,0,-2.7020366,-0.39139587,0.25,0.25,0.033720493,0.0023052692,0.25750303,0.25765625,0.0001766304,8.2501646e-07,0,1,0,1
1777316811166000,1777316811052000,1777316811086000,0,-2.501886,-0.383869,0.25,0.25,0.009510279,0.011846751,0.25747806,0.25762856,1.4050967e-05,2.1790365e-05,0,1,0,1
1777316811222000,1777316811104000,1777316811142000,0,-2.301735,-0.36128846,0.25,0.25,0.019215107,0.010028809,0.25750548,0.2576573,5.7353394e-05,1.5614078e-05,0,1,0,1
1777316811278000,1777316811156000,1777316811198000,0,-2.1015842,-0.33118108,0.25,0.25,0.03400922,0.0014204979,0.2575318,0.25768468,0.00017964802,3.1322224e-07,0,1,0,1
1777316811326000,1777316811208000,1777316811246000,0,-1.9014332,-0.30860054,0.25,0.25,0.022789001,-0.0017025173,0.25750563,0.25765517,8.0672195e-05,4.4999135e-07,0,1,0,1
1777316811374000,1777316811260000,1777316811294000,0,-1.6790434,-0.29354686,0.25,0.25,-0.0060310364,0.003309667,0.25748056,0.25762683,5.6506633e-06,1.7007384e-06,0,1,0,1
1777316811430000,1777316811312000,1777316811350000,0,-1.4566535,-0.2709663,0.25,0.25,0.003139019,0.0051442385,0.25750765,0.25765443,1.530586e-06,4.108323e-06,0,1,0,1
1777316811486000,1777316811364000,1777316811406000,0,-1.2453831,-0.2559126,0.25,0.25,0.028455496,0.015078962,0.25753385,0.25768077,0.00012576448,3.5295623e-05,0,1,0,1
1777316811534000,1777316811416000,1777316811454000,0,-1.0007544,-0.24085891,0.25,0.25,-0.008753419,0.02196464,0.25750732,0.25765076,1.19021615e-05,7.489912e-05,0,1,0,1
1777316811590000,1777316811468000,1777316811510000,0,-0.767245,-0.21075155,0.25,0.25,0.0053156614,0.018021569,0.25753346,0.25767657,4.388751e-06,5.041622e-05,0,1,0,1
1777316811638000,1777316811520000,1777316811558000,0,-0.52261615,-0.18064417,0.25,0.25,-0.022661805,0.011158571,0.25750718,0.25764632,7.977369e-05,1.9330948e-05,0,1,0,1
1777316811694000,1777316811572000,1777316811614000,0,-0.2779873,-0.16559048,0.25,0.25,-0.009716511,0.024240464,0.25753328,0.25767156,1.4663827e-05,9.121691e-05,0,1,0,1
1777316811742000,1777316811624000,1777316811662000,0,-0.04447797,-0.12795629,0.25,0.25,-0.018204093,0.011107564,0.2575067,0.25764108,5.1476563e-05,1.9155017e-05,0,1,0,1
1777316811790000,1777316811676000,1777316811710000,0,0.21127036,-0.10537575,0.25,0.25,-0.045385048,0.014184743,0.2574812,0.25761172,0.00031999272,3.1241892e-05,0,1,0,1
1777316811846000,1777316811728000,1777316811766000,0,0.47813818,-0.097848915,0.25,0.25,-0.042806268,0.036965393,0.25750828,0.25763696,0.00028463188,0.00021214971,0,1,0,1
1777316811894000,1777316811780000,1777316811814000,0,0.722767,-0.06774155,0.25,0.25,-0.05221778,0.03282884,0.25748268,0.25760728,0.000423593,0.00016734508,0,1,0,1
1777316811950000,1777316811832000,1777316811870000,0,0.9785153,-0.022580516,0.25,0.25,-0.032806516,0.01845731,0.25750938,0.25763175,0.00016718109,5.289291e-05,0,1,0,1
1777316812006000,1777316811884000,1777316811926000,0,1.2342637,0.015053676,0.25,0.25,-0.012188315,0.012261137,0.25753516,0.2576549,2.307336e-05,2.3339044e-05,0,1,0,1
1777316812054000,1777316811936000,1777316811974000,0,1.5011315,0.03763419,0.25,0.25,-0.039622545,0.016928006,0.2575086,0.2576236,0.00024386698,4.449241e-05,0,1,0,1
1777316812102000,1777316811988000,1777316812022000,0,1.7679993,0.08279522,0.25,0.25,-0.065244794,-0.0011623427,0.25748286,0.25759336,0.0006613074,2.0979432e-07,0,1,0,1
1777316812158000,1777316812040000,1777316812078000,0,2.034867,0.1204294,0.25,0.25,-0.05218327,-0.0074021816,0.25750962,0.25761643,0.00042298905,8.507578e-06,0,1,0,1
1777316812206000,1777316812092000,1777316812126000,0,2.2906156,0.16559042,0.25,0.25,-0.066118956,-0.025232345,0.25748378,0.2575859,0.0006791443,9.88674e-05,0,1,0,1
1777316812262000,1777316812144000,1777316812182000,0,2.5574834,0.19569775,0.25,0.25,-0.053637505,-0.023712471,0.2575101,0.25760826,0.00044689229,8.730796e-05,0,1,0,1
1777316812310000,1777316812196000,1777316812230000,0,2.824351,0.21827826,0.25,0.25,-0.0803206,-0.018959641,0.25748447,0.25757757,0.0010022194,5.5822875e-05,0,1,0,1
1777316812366000,1777316812248000,1777316812286000,0,3.0800996,0.24085875,0.25,0.25,-0.059580326,-0.010631949,0.25751066,0.25759926,0.0005514048,1.7552586e-05,0,1,0,1
1777316812422000,1777316812300000,1777316812342000,0,3.3469672,0.27096608,0.25,0.25,-0.05282092,-0.0102522075,0.25753593,0.25761977,0.0004333453,1.6319827e-05,0,1,0,1
1777316812470000,1777316812352000,1777316812390000,0,3.6027157,0.2935466,0.25,0.25,-0.07392025,-0.006840855,0.25750878,0.2575877,0.0008487793,7.267008e-06,0,1,0,1
1777316812526000,1777316812404000,1777316812446000,0,3.880703,0.33118075,0.25,0.25,-0.08460736,-0.015112519,0.2575343,0.2576078,0.0011118372,3.546294e-05,0,1,0,1
1777316812574000,1777316812456000,1777316812494000,0,4.1364512,0.33870757,0.25,0.25,-0.11143255,0.002929628,0.2575071,0.25757572,0.0019288345,1.3328461e-06,0,1,0,1
1777316812622000,1777316812508000,1777316812542000,0,4.369961,0.3688149,0.25,0.25,-0.11944103,-0.0025876462,0.25748098,0.2575448,0.0022162662,1.039961e-06,0,1,0,1
1777316812678000,1777316812560000,1777316812598000,0,4.625709,0.3989222,0.25,0.25,-0.1205492,-0.004623413,0.25750685,0.2575652,0.002257355,3.3196952e-06,0,1,0,1
1777316812734000,1777316812612000,1777316812654000,0,4.859218,0.42150268,0.25,0.25,-0.10561037,0.0003708899,0.25753215,0.2575848,0.0017323741,2.1361403e-08,0,1,0,1
1777316812782000,1777316812664000,1777316812702000,0,5.0927277,0.45913684,0.25,0.25,-0.12883663,-0.014053702,0.25750488,0.257553,0.0025784178,3.0674317e-05,0,1,0,1
1777316812838000,1777316812716000,1777316812758000,0,5.303998,0.47419047,0.25,0.25,-0.10529518,-0.0024077296,0.25753012,0.25757268,0.0017220627,9.002759e-07,0,1,0,1
1777316812886000,1777316812768000,1777316812806000,0,5.5375075,0.49677098,0.25,0.25,-0.14137554,-0.0027029812,0.25750282,0.25754124,0.0031047494,1.1347475e-06,0,1,0,1
1777316812942000,1777316812820000,1777316812862000,0,5.737658,0.5193514,0.25,0.25,-0.12299347,-0.00026762486,0.25752765,0.2575611,0.002349634,1.1123274e-08,0,1,0,1
1777316812990000,1777316812872000,1777316812910000,0,5.937809,0.54945874,0.25,0.25,-0.1400857,-0.0092868805,0.25750068,0.25753027,0.0030483806,1.3395885e-05,0,1,0,1
1777316813046000,1777316812924000,1777316812966000,0,6.1268406,0.57203925,0.25,0.25,-0.12882996,-0.008109689,0.25752544,0.25755066,0.0025779444,1.0214232e-05,0,1,0,1
1777316813094000,1777316812976000,1777316813014000,0,6.3158717,0.5946197,0.25,0.25,-0.15103531,-0.010892451,0.25749815,0.2575204,0.003543585,1.8428906e-05,0,1,0,1
1777316813150000,1777316813028000,1777316813070000,0,6.4715447,0.6096734,0.25,0.25,-0.12617016,-0.004317105,0.25752288,0.25754163,0.0024726205,2.8946613e-06,0,1,0,1
1777316813198000,1777316813080000,1777316813118000,0,6.638337,0.624727,0.25,0.25,-0.14415312,-0.001591742,0.257496,0.25751236,0.0032280304,3.935567e-07,0,1,0,1
1777316813246000,1777316813132000,1777316813166000,0,6.79401,0.64730746,0.25,0.25,-0.15943813,-0.007438481,0.2574702,0.25748456,0.0039492757,8.595623e-06,0,1,0,1
1777316813302000,1777316813184000,1777316813222000,0,6.9385633,0.66988796,0.25,0.25,-0.1546011,-0.01177007,0.2574958,0.25750825,0.0037129151,2.151924e-05,0,1,0,1
1777316813350000,1777316813236000,1777316813270000,0,7.083117,0.6849416,0.25,0.25,-0.17724228,-0.011710286,0.25746968,0.25748116,0.0048805475,2.1303431e-05,0,1,0,1
1777316813406000,1777316813288000,1777316813326000,0,7.216551,0.6999953,0.25,0.25,-0.18247557,-0.01100415,0.25749564,0.25750643,0.0051724887,1.8809833e-05,0,1,0,1
1777316813462000,1777316813340000,1777316813382000,0,7.316626,0.7225757,0.25,0.25,-0.1653781,-0.019073606,0.25752053,0.25753152,0.0042481916,5.650608e-05,0,1,0,1
1777316813510000,1777316813392000,1777316813430000,0,7.427821,0.73010254,0.25,0.25,-0.18271065,-0.014572501,0.25749344,0.25750485,0.0051858686,3.2986998e-05,0,1,0,1
1777316813558000,1777316813444000,1777316813478000,0,7.516777,0.75268304,0.25,0.25,-0.18691063,-0.026240587,0.2574675,0.2574796,0.0054275715,0.000106970554,0,1,0,1
1777316813614000,1777316813496000,1777316813534000,0,7.605733,0.7752635,0.25,0.25,-0.19176292,-0.037606955,0.25749367,0.25750783,0.005712454,0.00021968776,0,1,0,1
1777316813670000,1777316813548000,1777316813590000,0,7.67245,0.7827903,0.25,0.25,-0.18547249,-0.03477454,0.2575188,0.2575358,0.0053433054,0.00018782148,0,1,0,1
1777316813718000,1777316813600000,1777316813638000,0,7.7058086,0.7827903,0.25,0.25,-0.16330433,-0.026996553,0.25749192,0.2575107,0.0041427794,0.0001132091,0,1,0,1
1777316813766000,1777316813652000,1777316813686000,0,7.7502866,0.7903172,0.25,0.25,-0.16247177,-0.027882636,0.2574665,0.25748733,0.0041010506,0.00012077353,0,1,0,1
1777316813822000,1777316813704000,1777316813742000,0,7.7947645,0.7827903,0.25,0.25,-0.1681099,-0.014056027,0.25749293,0.2575183,0.004390169,3.06886e-05,0,1,0,1
1777316813878000,1777316813756000,1777316813798000,0,7.828123,0.7903171,0.25,0.25,-0.17403507,-0.017272472,0.25751835,0.25754875,0.004704629,4.633504e-05,0,1,0,1
1777316813926000,1777316813808000,1777316813846000,0,7.850362,0.7903171,0.25,0.25,-0.17989445,-0.014243305,0.25749165,0.2575247,0.0050272713,3.1511034e-05,0,1,0,1
1777316813982000,1777316813860000,1777316813902000,0,7.850362,0.7903171,0.25,0.25,-0.17470264,-0.012493372,0.25751722,0.25755614,0.0047408114,2.4240826e-05,0,1,0,1
1777316814030000,1777316813912000,1777316813950000,0,7.8392425,0.7903171,0.25,0.25,-0.16607523,-0.011940122,0.25749066,0.25753245,0.00428458,2.2143464e-05,0,1,0,1
1777316814078000,1777316813964000,1777316813998000,0,7.828123,0.7903171,0.25,0.25,-0.1672945,-0.0123105645,0.25746554,0.25751045,0.004348147,2.3540793e-05,0,1,0,1
1777316814134000,1777316814016000,1777316814054000,0,7.7947645,0.7903171,0.25,0.25,-0.16210222,-0.014157236,0.25749215,0.2575438,0.0040820087,3.112905e-05,0,1,0,1
1777316814182000,1777316814068000,1777316814102000,0,7.761406,0.8053708,0.25,0.25,-0.16028309,-0.031460643,0.25746706,0.25752187,0.003991294,0.00015373794,0,1,0,1
1777316814238000,1777316814120000,1777316814158000,0,7.7058086,0.7903172,0.25,0.25,-0.15438604,-0.02026695,0.2574938,0.25755572,0.0037026212,6.37919e-05,0,1,0,1
1777316814294000,1777316814172000,1777316814214000,0,7.650211,0.7752635,0.25,0.25,-0.15925264,-0.010527194,0.25752005,0.25758937,0.0039393287,1.7209064e-05,0,1,0,1
1777316814342000,1777316814224000,1777316814262000,0,7.583494,0.7752635,0.25,0.25,-0.15156317,-0.016058862,0.25749394,0.25756606,0.0035684558,4.004985e-05,0,1,0,1
1777316814390000,1777316814276000,1777316814310000,0,7.5278964,0.7752635,0.25,0.25,-0.16366673,-0.022690773,0.25746867,0.25754336,0.0041615623,7.996653e-05,0,1,0,1
1777316814446000,1777316814328000,1777316814366000,0,7.427821,0.7677367,0.25,0.25,-0.15325785,-0.023872614,0.25749564,0.25757742,0.003648678,8.8501816e-05,0,1,0,1
1777316814494000,1777316814380000,1777316814414000,0,7.327746,0.76773673,0.25,0.25,-0.136868,-0.03210175,0.25747067,0.2575548,0.0029102887,0.00016004709,0,1,0,1
1777316814550000,1777316814432000,1777316814470000,0,7.22767,0.7451562,0.25,0.25,-0.14450884,-0.020003438,0.2574977,0.25758862,0.0032439597,6.213591e-05,0,1,0,1
1777316814606000,1777316814484000,1777316814526000,0,7.1053557,0.7301026,0.25,0.25,-0.1375885,-0.016823769,0.25752392,0.25762132,0.002940402,4.3946548e-05,0,1,0,1
1777316814654000,1777316814536000,1777316814574000,0,6.9830413,0.71504897,0.25,0.25,-0.1205945,-0.01254034,0.2574976,0.2575962,0.002259133,2.4419636e-05,0,1,0,1
1777316814702000,1777316814588000,1777316814622000,0,6.860727,0.70752215,0.25,0.25,-0.1101675,-0.01669538,0.25747272,0.25757262,0.0018855401,4.3286545e-05,0,1,0,1
1777316814758000,1777316814640000,1777316814678000,0,6.7050543,0.69246846,0.25,0.25,-0.09205675,-0.015734017,0.25749987,0.25760543,0.0013164195,3.844007e-05,0,1,0,1
1777316814806000,1777316814692000,1777316814726000,0,6.57162,0.67741483,0.25,0.25,-0.082597256,-0.013672769,0.25747463,0.25758073,0.0010598802,2.903084e-05,0,1,0,1
1777316814862000,1777316814744000,1777316814782000,0,6.427067,0.6623612,0.25,0.25,-0.08839989,-0.014274538,0.25750178,0.25761282,0.0012139007,3.1638552e-05,0,1,0,1
1777316814918000,1777316814796000,1777316814838000,0,6.271394,0.6473075,0.25,0.25,-0.08878851,-0.015529156,0.25752813,0.25764358,0.001224472,3.7440044e-05,0,1,0,1
1777316814966000,1777316814848000,1777316814886000,0,6.1268406,0.6247271,0.25,0.25,-0.08304882,-0.007321298,0.25750205,0.25761724,0.0010713867,8.322643e-06,0,1,0,1
1777316815022000,1777316814900000,1777316814942000,0,5.982287,0.61720026,0.25,0.25,-0.10532904,-0.017757654,0.2575284,0.25764725,0.0017231818,4.8955968e-05,0,1,0,1
1777316815070000,1777316814952000,1777316814990000,0,5.804375,0.59461975,0.25,0.25,-0.07463932,-0.010860503,0.25750202,0.25761986,0.00086539565,1.8313885e-05,0,1,0,1
1777316815126000,1777316815004000,1777316815046000,0,5.6264634,0.5795661,0.25,0.25,-0.073608875,-0.014745057,0.25752836,0.25764915,0.0008415798,3.3753917e-05,0,1,0,1
1777316815174000,1777316815056000,1777316815094000,0,5.459671,0.5569856,0.25,0.25,-0.062932014,-0.008807123,0.2575023,0.2576218,0.0006152083,1.20433e-05,0,1,0,1
1777316815222000,1777316815108000,1777316815142000,0,5.25952,0.5268783,0.25,0.25,-0.022938251,0.0039752126,0.25747705,0.25759503,8.1741404e-05,2.453823e-06,0,1,0,1
1777316815278000,1777316815160000,1777316815198000,0,5.0816083,0.5193515,0.25,0.25,-0.037149906,-0.009031415,0.25750443,0.2576247,0.0002143832,1.26643845e-05,0,1,0,1
1777316815334000,1777316815212000,1777316815254000,0,4.8814573,0.50429785,0.25,0.25,-0.033432484,-0.014737487,0.25753066,0.25765252,0.00017360745,3.371883e-05,0,1,0,1
1777316815382000,1777316815264000,1777316815302000,0,4.6924257,0.48171738,0.25,0.25,-0.017695904,-0.010308921,0.25750452,0.25762433,4.8643033e-05,1.6500595e-05,0,1,0,1
1777316815438000,1777316815316000,1777316815358000,0,4.5033946,0.46666372,0.25,0.25,-0.034965515,-0.01702699,0.25753102,0.25765204,0.00018989359,4.5009292e-05,0,1,0,1
1777316815486000,1777316815368000,1777316815406000,0,4.2921243,0.4365564,0.25,0.25,-0.0049142838,-0.0059788227,0.25750455,0.25762308,3.7514185e-06,5.5501737e-06,0,1,0,1
1777316815534000,1777316815420000,1777316815454000,0,4.1030927,0.4139759,0.25,0.25,-0.0019388199,-0.0032478273,0.2574792,0.25759524,5.83973e-07,1.6379779e-06,0,1,0,1
1777316815590000,1777316815472000,1777316815510000,0,3.8918223,0.38386858,0.25,0.25,-0.011896849,0.003607422,0.25750646,0.2576231,2.198547e-05,2.0205478e-06,0,1,0,1
1777316815638000,1777316815524000,1777316815558000,0,3.702791,0.35376126,0.25,0.25,-0.01717949,0.012985766,0.257481,0.25759497,4.584957e-05,2.6185311e-05,0,1,0,1
1777316815694000,1777316815576000,1777316815614000,0,3.4692817,0.33118075,0.25,0.25,-0.014383316,0.010647565,0.25750792,0.2576219,3.2135675e-05,1.760264e-05,0,1,0,1
1777316815750000,1777316815628000,1777316815670000,0,3.246892,0.3161271,0.25,0.25,-0.027828693,0.00030964613,0.25753397,0.2576476,0.000120284894,1.48855595e-08,0,1,0,1
1777316815798000,1777316815680000,1777316815718000,0,3.0356214,0.29354662,0.25,0.25,-0.02357912,0.0007942915,0.25750732,0.2576179,8.636258e-05,9.7958875e-08,0,1,0,1
1777316815846000,1777316815732000,1777316815766000,0,2.7909927,0.27849296,0.25,0.25,0.009926081,-0.0067125857,0.25748205,0.25758976,1.5306245e-05,6.996987e-06,0,1,0,1
1777316815902000,1777316815784000,1777316815822000,0,2.5463638,0.24838561,0.25,0.25,0.0035655499,-0.0032354295,0.2575088,0.2576157,1.9747902e-06,1.6253675e-06,0,1,0,1
1777316815950000,1777316815836000,1777316815870000,0,2.3128545,0.2258051,0.25,0.25,0.01766634,-0.004114479,0.25748318,0.2575868,4.8484653e-05,2.6288515e-06,0,1,0,1
1777316816006000,1777316815888000,1777316815926000,0,2.0571063,0.19569777,0.25,0.25,0.014480352,-0.0016965866,0.25750986,0.2576121,3.2570497e-05,4.4693647e-07,0,1,0,1
1777316816062000,1777316815940000,1777316815982000,0,1.8124774,0.16559042,0.25,0.25,-0.0030741692,6.096065e-05,0.25753596,0.2576366,1.4678362e-06,5.7696786e-10,0,1,0,1
1777316816110000,1777316815992000,1777316816030000,0,1.5789679,0.13548309,0.25,0.25,0.0023655891,0.00541918,0.2575091,0.25760615,8.6925263e-07,4.5600636e-06,0,1,0,1
1777316816158000,1777316816044000,1777316816078000,0,1.3121002,0.10537574,0.25,0.25,0.039197326,0.010229006,0.25748336,0.2575768,0.00023868421,1.6248758e-05,0,1,0,1
1777316816214000,1777316816096000,1777316816134000,0,1.0674713,0.082795225,0.25,0.25,0.014207602,0.0030924976,0.2575102,0.25760132,3.1355023e-05,1.4850143e-06,0,1,0,1
1777316816270000,1777316816148000,1777316816190000,0,0.811723,0.045161035,0.25,0.25,-0.00021600723,0.011330221,0.2575361,0.2576246,7.247003e-09,1.9931935e-05,0,1,0,1
1777316816318000,1777316816200000,1777316816238000,0,0.5448551,0.037634198,0.25,0.25,0.033074558,-0.0067458265,0.25750914,0.25759372,0.00016992429,7.066348e-06,0,1,0,1
1777316816374000,1777316816252000,1777316816294000,0,0.28910682,-0.0075268396,0.25,0.25,0.016897798,0.009449066,0.25753468,0.25761607,4.4349064e-05,1.386324e-05,0,1,0,1
1777316816422000,1777316816304000,1777316816342000,0,0.033358477,-0.04516104,0.25,0.25,0.03801181,0.021614814,0.2575077,0.25758508,0.00022444343,7.2550814e-05,0,1,0,1
1777316816470000,1777316816356000,1777316816390000,0,-0.23350935,-0.090322085,0.25,0.25,0.070039645,0.04132903,0.2574821,0.25755557,0.00076208037,0.0002652769,0,1,0,1
1777316816526000,1777316816408000,1777316816446000,0,-0.5003772,-0.10537577,0.25,0.25,0.066098094,0.02696655,0.25750867,0.25757843,0.0006786503,0.0001129279,0,1,0,1
1777316816574000,1777316816460000,1777316816494000,0,-0.745006,-0.1279563,0.25,0.25,0.077675164,0.02439928,0.25748268,0.2575484,0.0009372951,9.246028e-05,0,1,0,1
1777316816630000,1777316816512000,1777316816550000,0,-1.0007544,-0.13548315,0.25,0.25,0.066347,0.0035472661,0.2575091,0.25757077,0.00068377,1.9541187e-06,0,1,0,1
1777316816678000,1777316816564000,1777316816598000,0,-1.2565026,-0.17311735,0.25,0.25,0.09325302,0.017633483,0.25748336,0.257541,0.0013509416,4.8293623e-05,0,1,0,1
1777316816734000,1777316816616000,1777316816654000,0,-1.5233705,-0.18817104,0.25,0.25,0.09883046,0.0053180754,0.25750932,0.25756267,0.0015172203,4.3922396e-06,0,1,0,1
1777316816782000,1777316816668000,1777316816702000,0,-1.7568798,-0.21075158,0.25,0.25,0.10895097,0.004792705,0.25748318,0.25753257,0.0018440528,3.5677078e-06,0,1,0,1
1777316816838000,1777316816720000,1777316816758000,0,-2.0015087,-0.24085896,0.25,0.25,0.10055637,0.008772537,0.25750902,0.257554,0.0015706766,1.1952043e-05,0,1,0,1
1777316816886000,1777316816772000,1777316816806000,0,-2.2461376,-0.25591266,0.25,0.25,0.12977982,0.0015372038,0.25748312,0.25752434,0.002616529,3.6703256e-07,0,1,0,1
1777316816942000,1777316816824000,1777316816862000,0,-2.4685273,-0.28602004,0.25,0.25,0.109611034,0.00657624,0.25750923,0.25754607,0.0018662754,6.716769e-06,0,1,0,1
1777316816990000,1777316816876000,1777316816910000,0,-2.6909173,-0.30860057,0.25,0.25,0.12670183,0.007831365,0.25748292,0.25751626,0.0024938905,9.526431e-06,0,1,0,1
1777316817046000,1777316816928000,1777316816966000,0,-2.913307,-0.3311811,0.25,0.25,0.12006402,0.0058638453,0.25750858,0.25753778,0.002239206,5.340526e-06,0,1,0,1
1777316817102000,1777316816980000,1777316817022000,0,-3.135697,-0.36128852,0.25,0.25,0.12169957,0.012021333,0.25753334,0.2575587,0.0023004068,2.2443419e-05,0,1,0,1
1777316817150000,1777316817032000,1777316817070000,0,-3.3358479,-0.3763422,0.25,0.25,0.13601327,0.006664902,0.25750625,0.25752878,0.0028736559,6.8995655e-06,0,1,0,1
1777316817206000,1777316817084000,1777316817126000,0,-3.5137596,-0.39892274,0.25,0.25,0.10960698,0.006811321,0.25753096,0.2575502,0.00186598,7.2054445e-06,0,1,0,1
1777316817254000,1777316817136000,1777316817174000,0,-3.7139106,-0.4215033,0.25,0.25,0.13990259,0.010487914,0.2575035,0.25752056,0.0030403833,1.7085446e-05,0,1,0,1
1777316817302000,1777316817188000,1777316817222000,0,-3.8918223,-0.44408384,0.25,0.25,0.15512061,0.014699012,0.2574772,0.2574923,0.0037381805,3.3563872e-05,0,1,0,1
1777316817358000,1777316817240000,1777316817278000,0,-4.0474954,-0.45913756,0.25,0.25,0.13473582,0.0090611875,0.25750297,0.257516,0.002819966,1.2753401e-05,0,1,0,1
1777316817406000,1777316817292000,1777316817326000,0,-4.2142878,-0.4817181,0.25,0.25,0.1564374,0.01485008,0.25747663,0.2574885,0.0038019232,3.4257824e-05,0,1,0,1
1777316817462000,1777316817344000,1777316817382000,0,-4.369961,-0.5118255,0.25,0.25,0.15664577,0.026099205,0.2575024,0.25751328,0.0038116768,0.00010580713,0,1,0,1
1777316817510000,1777316817396000,1777316817430000,0,-4.514514,-0.5419329,0.25,0.25,0.17348051,0.04036796,0.25747606,0.25748658,0.004675462,0.00025315065,0,1,0,1
1777316817566000,1777316817448000,1777316817486000,0,-4.6590676,-0.5569866,0.25,0.25,0.18326092,0.037958503,0.2575019,0.25751263,0.0052169813,0.00022381006,0,1,0,1
1777316817614000,1777316817500000,1777316817534000,0,-4.759143,-0.5720403,0.25,0.25,0.17351961,0.03871095,0.2574759,0.25748703,0.0046775723,0.00023279431,0,1,0,1
1777316817670000,1777316817552000,1777316817590000,0,-4.870338,-0.57956713,0.25,0.25,0.1712699,0.031005621,0.25750145,0.25751415,0.0045566154,0.00014932749,0,1,0,1
1777316817718000,1777316817604000,1777316817638000,0,-4.959294,-0.587094,0.25,0.25,0.16920567,0.02631563,0.2574752,0.25748911,0.0044478932,0.00010757929,0,1,0,1
1777316817774000,1777316817656000,1777316817694000,0,-5.0260105,-0.6021477,0.25,0.25,0.14427567,0.028691888,0.2575008,0.25751764,0.0032334607,0.00012787076,0,1,0,1
1777316817822000,1777316817708000,1777316817742000,0,-5.126086,-0.6021477,0.25,0.25,0.17326403,0.018390477,0.25747493,0.25749356,0.004663821,5.2538737e-05,0,1,0,1
1777316817878000,1777316817760000,1777316817798000,0,-5.192803,-0.60214776,0.25,0.25,0.17039537,0.008494556,0.25750065,0.2575234,0.004510215,1.12079115e-05,0,1,0,1
1777316817934000,1777316817812000,1777316817854000,0,-5.2484007,-0.6096746,0.25,0.25,0.16771889,0.007694483,0.25752562,0.25755313,0.004369216,9.195006e-06,0,1,0,1
1777316817982000,1777316817864000,1777316817902000,0,-5.2928786,-0.62472826,0.25,0.25,0.16923332,0.016475976,0.25749883,0.2575289,0.0044489396,4.2163465e-05,0,1,0,1
1777316818038000,1777316817916000,1777316817958000,0,-5.3262367,-0.63978195,0.25,0.25,0.16648865,0.025265515,0.25752428,0.25755996,0.0043053757,9.9137505e-05,0,1,0,1
1777316818086000,1777316817968000,1777316818006000,0,-5.348476,-0.63978195,0.25,0.25,0.16500139,0.020447195,0.25749728,0.25753602,0.0042292424,6.493658e-05,0,1,0,1
1777316818134000,1777316818020000,1777316818054000,0,-5.370715,-0.63225514,0.25,0.25,0.17289972,0.0096283555,0.25747144,0.25751337,0.004644292,1.4400065e-05,0,1,0,1
1777316818190000,1777316818072000,1777316818110000,0,-5.3818345,-0.63225514,0.25,0.25,0.18115711,0.0075091124,0.2574976,0.25754645,0.0050979736,8.75753e-06,0,1,0,1
1777316818246000,1777316818124000,1777316818166000,0,-5.3595953,-0.6473088,0.25,0.25,0.16649294,0.022105396,0.25752306,0.25757912,0.004305618,7.5883254e-05,0,1,0,1
1777316818294000,1777316818176000,1777316818214000,0,-5.348476,-0.6548357,0.25,0.25,0.1692934,0.029646695,0.2574966,0.25755575,0.0044521373,0.00013650271,0,1,0,1
1777316818350000,1777316818228000,1777316818270000,0,-5.3151174,-0.65483564,0.25,0.25,0.16584396,0.0307737,0.2575222,0.25758904,0.0042721317,0.00014705914,0,1,0,1
1777316818398000,1777316818280000,1777316818318000,0,-5.2706394,-0.65483564,0.25,0.25,0.15431356,0.032486618,0.25749552,0.2575656,0.0036991208,0.00016390083,0,1,0,1
1777316818446000,1777316818332000,1777316818366000,0,-5.2261615,-0.63978195,0.25,0.25,0.15217161,0.020415902,0.2574703,0.2575434,0.0035974944,6.473612e-05,0,1,0,1
1777316818502000,1777316818384000,1777316818422000,0,-5.1594443,-0.63225514,0.25,0.25,0.1473751,0.018109083,0.25749692,0.25757802,0.0033739312,5.0926537e-05,0,1,0,1
1777316818558000,1777316818436000,1777316818478000,0,-5.103847,-0.62472826,0.25,0.25,0.16394377,0.0173406,0.2575231,0.2576119,0.0041747806,4.6689835e-05,0,1,0,1
1777316818606000,1777316818488000,1777316818526000,0,-5.0260105,-0.62472826,0.25,0.25,0.15466738,0.023971975,0.25749657,0.25758797,0.0037160881,8.9236404e-05,0,1,0,1
1777316818662000,1777316818540000,1777316818582000,0,-4.948174,-0.62472826,0.25,0.25,0.16817999,0.032710254,0.25752255,0.2576217,0.0043933257,0.00016612897,0,1,0,1
1777316818710000,1777316818592000,1777316818630000,0,-4.8369794,-0.6096745,0.25,0.25,0.14140892,0.025687337,0.25749645,0.25759748,0.0031062926,0.00010246051,0,1,0,1
1777316818758000,1777316818644000,1777316818678000,0,-4.7257843,-0.5946208,0.25,0.25,0.122861385,0.01973182,0.2574711,0.25757423,0.002345105,6.04633e-05,0,1,0,1
1777316818814000,1777316818696000,1777316818734000,0,-4.60347,-0.5946208,0.25,0.25,0.11764336,0.031679273,0.2574981,0.25760835,0.0021499125,0.00015582978,0,1,0,1
1777316818862000,1777316818748000,1777316818782000,0,-4.5033946,-0.57956713,0.25,0.25,0.124399185,0.027291179,0.25747278,0.25758457,0.0024041622,0.000115660405,0,1,0,1
1777316818918000,1777316818800000,1777316818838000,0,-4.38108,-0.56451344,0.25,0.25,0.13383532,0.025944829,0.25750008,0.2576182,0.002782429,0.00010451656,0,1,0,1
1777316818966000,1777316818852000,1777316818886000,0,-4.225407,-0.5419329,0.25,0.25,0.09657574,0.01600933,0.25747508,0.25759384,0.001448975,3.979888e-05,0,1,0,1
1777316819022000,1777316818904000,1777316818942000,0,-4.0919733,-0.5193523,0.25,0.25,0.10878587,0.009124339,0.25750214,0.25762674,0.0018383327,1.2926229e-05,0,1,0,1
1777316819078000,1777316818956000,1777316818998000,0,-3.94742,-0.51182544,0.25,0.25,0.115835905,0.018455565,0.25752836,0.2576583,0.0020841134,5.2877454e-05,0,1,0,1
1777316819126000,1777316819008000,1777316819046000,0,-3.8028665,-0.47419122,0.25,0.25,0.10623169,-0.004388958,0.25750226,0.25763175,0.001753021,2.9907735e-06,0,1,0,1
1777316819182000,1777316819060000,1777316819102000,0,-3.636074,-0.45913753,0.25,0.25,0.102202654,-0.0005814731,0.2575285,0.25766256,0.001622404,5.248896e-08,0,1,0,1
1777316819230000,1777316819112000,1777316819150000,0,-3.4692817,-0.4440838,0.25,0.25,0.07999706,0.0010893643,0.2575021,0.25763544,0.0009940936,1.842471e-07,0,1,0,1
1777316819286000,1777316819164000,1777316819206000,0,-3.29137,-0.42903012,0.25,0.25,0.07556558,0.0063250363,0.2575284,0.2576655,0.0008869167,6.2105464e-06,0,1,0,1
1777316819334000,1777316819216000,1777316819254000,0,-3.113458,-0.41397643,0.25,0.25,0.051546574,0.0091738105,0.257502,0.25763786,0.00041274235,1.3066216e-05,0,1,0,1
1777316819382000,1777316819268000,1777316819302000,0,-2.9466655,-0.3989227,0.25,0.25,0.04344988,0.0124334395,0.25747702,0.25761136,0.00029329094,2.4003664e-05,0,1,0,1
1777316819438000,1777316819320000,1777316819358000,0,-2.7465146,-0.37634218,0.25,0.25,0.03237152,0.011982083,0.25750408,0.2576413,0.00016278039,2.2289956e-05,0,1,0,1
1777316819486000,1777316819372000,1777316819406000,0,-2.5574832,-0.3462348,0.25,0.25,0.010481834,0.0015325844,0.25747904,0.25761428,1.7068396e-05,3.647026e-07,0,1,0,1
1777316819542000,1777316819424000,1777316819462000,0,-2.3906908,-0.32365426,0.25,0.25,0.04343605,0.0027139783,0.25750607,0.25764355,0.00029307124,1.1435455e-06,0,1,0,1
1777316819590000,1777316819476000,1777316819510000,0,-2.2016594,-0.28602,0.25,0.25,0.029510021,-0.01391384,0.25748098,0.2576161,0.00013528632,3.0059447e-05,0,1,0,1
1777316819646000,1777316819528000,1777316819566000,0,-2.012628,-0.27849317,0.25,0.25,0.049444675,0.0044834614,0.25750828,0.25764474,0.00037975883,3.1207974e-06,0,1,0,1
1777316819702000,1777316819580000,1777316819622000,0,-1.8013579,-0.24838579,0.25,0.25,0.051665425,0.00048947334,0.2575344,0.2576721,0.00041459568,3.71921e-08,0,1,0,1
1777316819750000,1777316819632000,1777316819670000,0,-1.5789679,-0.2333321,0.25,0.25,0.017151952,0.008498311,0.2575078,0.25764287,4.569795e-05,1.1212621e-05,0,1,0,1
1777316819798000,1777316819684000,1777316819718000,0,-1.3788171,-0.20322473,0.25,0.25,0.0100979805,0.002101168,0.25748262,0.25761482,1.5840948e-05,6.855051e-07,0,1,0,1
1777316819854000,1777316819736000,1777316819774000,0,-1.1564273,-0.16559051,0.25,0.25,0.01757145,-0.007085949,0.25750953,0.25764236,4.7960297e-05,7.795406e-06,0,1,0,1
1777316819902000,1777316819788000,1777316819822000,0,-0.9451569,-0.14300998,0.25,0.25,0.008335829,-0.0040257424,0.25748393,0.257614,1.07946225e-05,2.5164165e-06,0,1,0,1
1777316819958000,1777316819840000,1777316819878000,0,-0.700528,-0.11290261,0.25,0.25,0.0035991669,-0.003925495,0.25751075,0.25764093,2.0121881e-06,2.392401e-06,0,1,0,1
1777316820006000,1777316819892000,1777316819926000,0,-0.4670187,-0.0752684,0.25,0.25,-0.019372344,-0.014834523,0.2574854,0.25761226,5.830043e-05,3.4169658e-05,0,1,0,1
1777316820062000,1777316819944000,1777316819982000,0,-0.23350935,-0.052687883,0.25,0.25,-0.0031320006,-0.005740553,0.2575121,0.25763857,1.5237231e-06,5.116307e-06,0,1,0,1
1777316820118000,1777316819996000,1777316820038000,0,0.0,-0.00752684,0.25,0.25,0.016633473,-0.019220892,0.2575379,0.2576636,4.2971915e-05,5.7352718e-05,0,1,0,1
1777316820166000,1777316820048000,1777316820086000,0,0.24462883,0.030107358,0.25,0.25,-0.0069586486,-0.028680105,0.25751102,0.2576332,7.521665e-06,0.00012770844,0,1,0,1
1777316820222000,1777316820100000,1777316820142000,0,0.48925766,0.06774155,0.25,0.25,0.008460075,-0.03341528,0.25753677,0.25765762,1.1116526e-05,0.00017334336,0,1,0,1
1777316820270000,1777316820152000,1777316820190000,0,0.745006,0.09784891,0.25,0.25,-0.02119422,-0.035125792,0.2575102,0.257627,6.9775095e-05,0.00019156707,0,1,0,1
1777316820318000,1777316820204000,1777316820238000,0,1.0007544,0.12795626,0.25,0.25,-0.04841262,-0.036910236,0.25748435,0.25759745,0.00036410475,0.00021154954,0,1,0,1
1777316820374000,1777316820256000,1777316820294000,0,1.2453831,0.15053676,0.25,0.25,-0.026014686,-0.027551904,0.25751078,0.25762177,0.000105123974,0.00011786386,0,1,0,1
1777316820430000,1777316820308000,1777316820350000,0,1.5011315,0.18064411,0.25,0.25,-0.014244795,-0.02643551,0.25753632,0.25764477,3.1516203e-05,0.000108496075,0,1,0,1
1777316820478000,1777316820360000,1777316820398000,0,1.7457603,0.20322461,0.25,0.25,-0.027486324,-0.021897122,0.25750962,0.25761366,0.00011735453,7.445009e-05,0,1,0,1
1777316820526000,1777316820412000,1777316820446000,0,2.012628,0.21827829,0.25,0.25,-0.06280398,-0.01041089,0.25748366,0.2575836,0.00061275193,1.6831294e-05,0,1,0,1
1777316820582000,1777316820464000,1777316820502000,0,2.2683766,0.25591245,0.25,0.25,-0.050462484,-0.018596098,0.25751022,0.2576066,0.00039555124,5.369658e-05,0,1,0,1
1777316820630000,1777316820516000,1777316820550000,0,2.5241249,0.2860198,0.25,0.25,-0.07532883,-0.023234248,0.2574842,0.2575763,0.0008815192,8.3832296e-05,0,1,0,1
1777316820686000,1777316820568000,1777316820606000,0,2.7798731,0.31612712,0.25,0.25,-0.06544495,-0.0245291,0.2575106,0.25759864,0.0006652993,9.342855e-05,0,1,0,1
1777316820742000,1777316820620000,1777316820662000,0,3.024502,0.34623447,0.25,0.25,-0.04702902,-0.026344359,0.25753582,0.25761977,0.0003435217,0.00010775963,0,1,0,1
1777316820790000,1777316820672000,1777316820710000,0,3.269131,0.36881495,0.25,0.25,-0.06630826,-0.024620295,0.25750858,0.2575881,0.00068297307,9.412841e-05,0,1,0,1
1777316820846000,1777316820724000,1777316820766000,0,3.5248792,0.39892226,0.25,0.25,-0.06509185,-0.027518988,0.25753367,0.25760874,0.00065808074,0.00011758836,0,1,0,1
1777316820894000,1777316820776000,1777316820814000,0,3.7695081,0.4064491,0.25,0.25,-0.089962006,-0.011628896,0.2575068,0.25757706,0.0012571572,2.1000507e-05,0,1,0,1
1777316820942000,1777316820828000,1777316820862000,0,4.0030174,0.44408324,0.25,0.25,-0.10671973,-0.026731044,0.25748062,0.25754648,0.0017693138,0.000110977824,0,1,0,1
1777316820998000,1777316820880000,1777316820918000,0,4.2476463,0.4591369,0.25,0.25,-0.1069603,-0.016074568,0.2575064,0.25756747,0.0017771217,4.012801e-05,0,1,0,1
1777316821054000,1777316820932000,1777316820974000,0,4.470036,0.48924422,0.25,0.25,-0.09063578,-0.021377027,0.25753132,0.2575875,0.0012759372,7.0962655e-05,0,1,0,1
1777316821102000,1777316820984000,1777316821022000,0,4.6924257,0.5118247,0.25,0.25,-0.11088276,-0.022657126,0.25750434,0.25755602,0.0019098686,7.972562e-05,0,1,0,1
1777316821150000,1777316821036000,1777316821070000,0,4.9259353,0.52687836,0.25,0.25,-0.14766932,-0.017241776,0.25747848,0.25752574,0.0033876582,4.617462e-05,0,1,0,1
1777316821206000,1777316821088000,1777316821126000,0,5.126086,0.54945886,0.25,0.25,-0.12849903,-0.017180204,0.2575041,0.2575465,0.0025649301,4.5841727e-05,0,1,0,1
1777316821254000,1777316821140000,1777316821174000,0,5.3151174,0.5795661,0.25,0.25,-0.13349628,-0.027998626,0.25747818,0.2575165,0.0027685855,0.00012176666,0,1,0,1
1777316821310000,1777316821192000,1777316821230000,0,5.5152683,0.5946198,0.25,0.25,-0.13170815,-0.021232188,0.25750372,0.25753748,0.0026946464,7.001789e-05,0,1,0,1
1777316821366000,1777316821244000,1777316821286000,0,5.7043,0.60967344,0.25,0.25,-0.12839365,-0.015643895,0.25752875,0.25755802,0.0025604798,3.800797e-05,0,1,0,1
1777316821414000,1777316821296000,1777316821334000,0,5.8822117,0.6247271,0.25,0.25,-0.1462512,-0.013344049,0.25750133,0.25752753,0.0033226102,2.7657417e-05,0,1,0,1
1777316821470000,1777316821348000,1777316821390000,0,6.0601234,0.63978076,0.25,0.25,-0.15127945,-0.009387851,0.25752598,0.2575485,0.0035546662,1.3687789e-05,0,1,0,1
1777316821518000,1777316821400000,1777316821438000,0,6.204677,0.669888,0.25,0.25,-0.15270472,-0.023833811,0.25749895,0.25751886,0.003622342,8.8234396e-05,0,1,0,1
1777316821574000,1777316821452000,1777316821494000,0,6.3603497,0.67741483,0.25,0.25,-0.15608549,-0.013739467,0.25752395,0.2575409,0.0037841422,2.9319293e-05,0,1,0,1
1777316821622000,1777316821504000,1777316821542000,0,6.482664,0.69999534,0.25,0.25,-0.15356159,-0.021725655,0.25749665,0.25751185,0.0036631406,7.331764e-05,0,1,0,1
1777316821678000,1777316821556000,1777316821598000,0,6.6049786,0.73010266,0.25,0.25,-0.14493608,-0.03606528,0.25752136,0.25753474,0.00326287,0.0002020239,0,1,0,1
1777316821726000,1777316821608000,1777316821646000,0,6.727293,0.7451563,0.25,0.25,-0.1612091,-0.037708163,0.25749415,0.25750652,0.004037121,0.00022087294,0,1,0,1
1777316821774000,1777316821660000,1777316821694000,0,6.838488,0.7602099,0.25,0.25,-0.17544699,-0.040258467,0.2574684,0.25747997,0.0047822017,0.00025178568,0,1,0,1
1777316821830000,1777316821712000,1777316821750000,0,6.927444,0.7677368,0.25,0.25,-0.1655159,-0.03465122,0.2574944,0.25750563,0.0042557064,0.00018651353,0,1,0,1
1777316821878000,1777316821764000,1777316821798000,0,7.0164,0.79031724,0.25,0.25,-0.17626095,-0.04656285,0.25746837,0.2574796,0.004826678,0.00033681875,0,1,0,1
1777316821934000,1777316821816000,1777316821854000,0,7.0942364,0.8053709,0.25,0.25,-0.17745256,-0.05033648,0.2574941,0.25750625,0.0048916717,0.00039358443,0,1,0,1
1777316821990000,1777316821868000,1777316821910000,0,7.1498337,0.79031724,0.25,0.25,-0.16751432,-0.02496773,0.2575191,0.2575328,0.004358675,9.682456e-05,0,1,0,1
1777316822038000,1777316821920000,1777316821958000,0,7.2054315,0.81289774,0.25,0.25,-0.173944,-0.039580286,0.25749245,0.25750723,0.0047001787,0.00024334836,0,1,0,1
1777316822094000,1777316821972000,1777316822014000,0,7.2499094,0.8128977,0.25,0.25,-0.17516327,-0.03129536,0.25751758,0.25753498,0.004765837,0.00015211907,0,1,0,1
1777316822142000,1777316822024000,1777316822062000,0,7.283268,0.82042456,0.25,0.25,-0.17837572,-0.032570302,0.25749075,0.25750974,0.0049427636,0.00016478205,0,1,0,1
1777316822198000,1777316822076000,1777316822118000,0,7.316626,0.8279514,0.25,0.25,-0.19102383,-0.034148812,0.25751606,0.25753862,0.005668012,0.00018112101,0,1,0,1
1777316822246000,1777316822128000,1777316822166000,0,7.316626,0.8279514,0.25,0.25,-0.17964458,-0.029580534,0.25748965,0.25751427,0.005013355,0.00013591604,0,1,0,1
1777316822294000,1777316822180000,1777316822214000,0,7.327746,0.82042456,0.25,0.25,-0.18935108,-0.018190622,0.25746408,0.25749087,0.0055703046,5.1403564e-05,0,1,0,1
1777316822350000,1777316822232000,1777316822270000,0,7.3055067,0.8279514,0.25,0.25,-0.17900133,-0.022993326,0.25749043,0.2575219,0.0049775015,8.212009e-05,0,1,0,1
1777316822406000,1777316822284000,1777316822326000,0,7.283268,0.82042456,0.25,0.25,-0.18037844,-0.013732314,0.25751603,0.2575526,0.0050538806,2.9287448e-05,0,1,0,1
1777316822454000,1777316822336000,1777316822374000,0,7.2387896,0.8279514,0.25,0.25,-0.16309547,-0.02065581,0.25748983,0.25752893,0.004132223,6.627023e-05,0,1,0,1
1777316822502000,1777316822388000,1777316822422000,0,7.1943116,0.8354782,0.25,0.25,-0.15583801,-0.028261125,0.25746474,0.2575065,0.0037730194,0.00012406541,0,1,0,1
1777316822558000,1777316822440000,1777316822478000,0,7.1498337,0.8354782,0.25,0.25,-0.16777039,-0.028747141,0.25749135,0.25753886,0.0043724813,0.00012835316,0,1,0,1
1777316822606000,1777316822492000,1777316822526000,0,7.0942364,0.83547825,0.25,0.25,-0.16744661,-0.029696107,0.2574663,0.25751644,0.0043560453,0.00013697903,0,1,0,1
1777316822662000,1777316822544000,1777316822582000,0,7.0164,0.83547825,0.25,0.25,-0.16581869,-0.03216678,0.25749332,0.25754964,0.004271309,0.00016069938,0,1,0,1
1777316822710000,1777316822596000,1777316822630000,0,6.9163246,0.82795143,0.25,0.25,-0.13824797,-0.027127385,0.257468,0.25752658,0.002969301,0.00011430199,0,1,0,1
1777316822766000,1777316822648000,1777316822686000,0,6.8273687,0.8204246,0.25,0.25,-0.14526367,-0.024157941,0.25749478,0.2575594,0.0032779747,9.063636e-05,0,1,0,1
1777316822814000,1777316822700000,1777316822734000,0,6.727293,0.8053709,0.25,0.25,-0.13392591,-0.013375342,0.25746948,0.25753608,0.0027865286,2.7786362e-05,0,1,0,1
1777316822870000,1777316822752000,1777316822790000,0,6.6160984,0.7978441,0.25,0.25,-0.13602304,-0.012365937,0.2574964,0.25756878,0.002874179,2.3747662e-05,0,1,0,1
1777316822918000,1777316822804000,1777316822838000,0,6.482664,0.7827905,0.25,0.25,-0.10575628,-0.003653407,0.25747138,0.2575456,0.0017375742,2.0730129e-06,0,1,0,1
1777316822974000,1777316822856000,1777316822894000,0,6.3714695,0.76773685,0.25,0.25,-0.1236372,0.0029708743,0.25749835,0.25757802,0.0023745638,1.3706285e-06,0,1,0,1
1777316823030000,1777316822908000,1777316822950000,0,6.226916,0.76773685,0.25,0.25,-0.114788055,-0.006646335,0.25752455,0.2576093,0.0020466084,6.8590334e-06,0,1,0,1
1777316823078000,1777316822960000,1777316822998000,0,6.1046014,0.7752637,0.25,0.25,-0.11442518,-0.022554278,0.25749817,0.2575837,0.0020338974,7.899498e-05,0,1,0,1
1777316823126000,1777316823012000,1777316823046000,0,5.960048,0.76021004,0.25,0.25,-0.097046375,-0.015827537,0.25747323,0.2575597,0.0014631422,3.89053e-05,0,1,0,1
1777316823182000,1777316823064000,1777316823102000,0,5.804375,0.7602101,0.25,0.25,-0.095793724,-0.026992679,0.2575003,0.25759113,0.0014254645,0.000113141265,0,1,0,1
1777316823230000,1777316823116000,1777316823150000,0,5.648702,0.7602101,0.25,0.25,-0.07787371,-0.03657776,0.257475,0.25756606,0.0009421209,0.00020778089,0,1,0,1
1777316823286000,1777316823168000,1777316823206000,0,5.4819098,0.7526833,0.25,0.25,-0.07706213,-0.040718973,0.25750205,0.25759688,0.0009224893,0.00025746194,0,1,0,1
1777316823342000,1777316823220000,1777316823262000,0,5.3151174,0.73762965,0.25,0.25,-0.081291676,-0.037757516,0.25752857,0.25762698,0.0010264239,0.00022134795,0,1,0,1
1777316823390000,1777316823272000,1777316823310000,0,5.1372056,0.70752233,0.25,0.25,-0.054741383,-0.01842022,0.25750214,0.25759992,0.00046549033,5.2687046e-05,0,1,0,1
1777316823438000,1777316823324000,1777316823358000,0,4.970413,0.6849418,0.25,0.25,-0.04424095,-0.007986844,0.2574768,0.2575739,0.00030406803,9.906232e-06,0,1,0,1
1777316823494000,1777316823376000,1777316823414000,0,4.803621,0.6849419,0.25,0.25,-0.0637393,-0.023126662,0.25750384,0.2576035,0.0006310894,8.304895e-05,0,1,0,1
1777316823550000,1777316823428000,1777316823470000,0,4.6145897,0.6698882,0.25,0.25,-0.06519222,-0.023451626,0.25753,0.25763184,0.00066012127,8.5389875e-05,0,1,0,1
1777316823598000,1777316823480000,1777316823518000,0,4.425558,0.66236144,0.25,0.25,-0.0443058,-0.029434264,0.25750384,0.25760448,0.0003049281,0.00013452808,0,1,0,1
1777316823646000,1777316823532000,1777316823566000,0,4.236527,0.63978094,0.25,0.25,-0.028012753,-0.02080959,0.25747842,0.2575777,0.000121907586,6.7247915e-05,0,1,0,1
1777316823702000,1777316823584000,1777316823622000,0,4.025256,0.6247273,0.25,0.25,-0.022490978,-0.023406386,0.2575054,0.25760615,7.8576086e-05,8.506924e-05,0,1,0,1
1777316823750000,1777316823636000,1777316823670000,0,3.8251054,0.6096736,0.25,0.25,-0.0035579205,-0.02378267,0.25748023,0.25757954,1.9665663e-06,8.783546e-05,0,1,0,1
1777316823806000,1777316823688000,1777316823726000,0,3.6249547,0.5795663,0.25,0.25,-0.019551277,-0.012595534,0.25750715,0.25760746,5.9377373e-05,2.463399e-05,0,1,0,1
1777316823862000,1777316823740000,1777316823782000,0,3.4470427,0.55698586,0.25,0.25,-0.062333107,-0.010115802,0.2575332,0.25763422,0.000603482,1.5887555e-05,0,1,0,1
1777316823910000,1777316823792000,1777316823830000,0,3.2135334,0.53440535,0.25,0.25,-0.021579504,-0.0052420497,0.25750655,0.25760543,7.233603e-05,4.2668485e-06,0,1,0,1
1777316823966000,1777316823844000,1777316823886000,0,3.002263,0.51935166,0.25,0.25,-0.040676355,-0.011650741,0.25753254,0.25763172,0.00025698746,2.107501e-05,0,1,0,1
1777316824014000,1777316823896000,1777316823934000,0,2.7798731,0.50429803,0.25,0.25,-0.019876242,-0.015231758,0.2575062,0.25760317,6.1367835e-05,3.6025405e-05,0,1,0,1
1777316824070000,1777316823948000,1777316823990000,0,2.5686028,0.48924437,0.25,0.25,-0.048196554,-0.023000717,0.25753215,0.25762895,0.00036079498,8.213875e-05,0,1,0,1
1777316824118000,1777316824000000,1777316824038000,0,2.3350935,0.45913705,0.25,0.25,-0.023531437,-0.012635618,0.25750548,0.25759968,8.601425e-05,2.4791778e-05,0,1,0,1
1777316824174000,1777316824052000,1777316824094000,0,2.0793452,0.43655655,0.25,0.25,-0.015007496,-0.0142867565,0.25753134,0.2576249,3.4982142e-05,3.1691256e-05,0,1,0,1
1777316824222000,1777316824104000,1777316824142000,0,1.8458358,0.40644923,0.25,0.25,0.0027735233,-0.00560084,0.257505,0.25759587,1.1949177e-06,4.871104e-06,0,1,0,1
1777316824270000,1777316824156000,1777316824190000,0,1.6012069,0.39139557,0.25,0.25,0.028687239,-0.012711674,0.2574794,0.25756744,0.00012784831,2.5094267e-05,0,1,0,1
1777316824326000,1777316824208000,1777316824246000,0,1.3565781,0.36128822,0.25,0.25,0.016669512,-0.008910477,0.257506,0.2575927,4.3163673e-05,1.2329014e-05,0,1,0,1
1777316824374000,1777316824260000,1777316824294000,0,1.1119493,0.3161272,0.25,0.25,0.038167596,0.012762308,0.25748032,0.257564,0.00022631095,2.5294916e-05,0,1,0,1
1777316824430000,1777316824312000,1777316824350000,0,0.8673204,0.2935467,0.25,0.25,0.02255559,0.0067327917,0.25750718,0.2575891,7.9027646e-05,7.039192e-06,0,1,0,1
1777316824486000,1777316824364000,1777316824406000,0,0.6226916,0.25591254,0.25,0.25,0.006793678,0.015163779,0.2575328,0.25761253,7.168649e-06,3.5703262e-05,0,1,0,1
1777316824534000,1777316824416000,1777316824454000,0,0.38918224,0.23333202,0.25,0.25,0.015222251,0.012126759,0.25750625,0.2575827,3.599399e-05,2.283667e-05,0,1,0,1
1777316824582000,1777316824468000,1777316824502000,0,0.12231442,0.2258052,0.25,0.25,0.057094693,-0.006445527,0.25748044,0.2575535,0.0005064158,6.452224e-06,0,1,0,1
1777316824638000,1777316824520000,1777316824558000,0,-0.122314416,0.19569784,0.25,0.25,0.040888645,-0.005961433,0.25750673,0.25757694,0.00025970294,5.518923e-06,0,1,0,1
1777316824686000,1777316824572000,1777316824606000,0,-0.37806275,0.17311732,0.25,0.25,0.07259509,-0.008917645,0.25748116,0.25754794,0.00081870804,1.2351003e-05,0,1,0,1
1777316824742000,1777316824624000,1777316824662000,0,-0.6226916,0.14300998,0.25,0.25,0.059177577,-0.008015439,0.25750732,0.2575709,0.0005439823,9.97741e-06,0,1,0,1
1777316824798000,1777316824676000,1777316824718000,0,-0.8673204,0.120429456,0.25,0.25,0.048514664,-0.014675356,0.25753295,0.25759313,0.00036557225,3.3442833e-05,0,1,0,1
1777316824846000,1777316824728000,1777316824766000,0,-1.1119493,0.082795255,0.25,0.25,0.074724674,-0.0017873496,0.25750583,0.25756237,0.0008673632,4.9613124e-07,0,1,0,1
1777316824902000,1777316824780000,1777316824822000,0,-1.3343391,0.06021473,0.25,0.25,0.048013687,-0.0076489486,0.25753137,0.25758424,0.00035806344,9.085403e-06,0,1,0,1
1777316824950000,1777316824832000,1777316824870000,0,-1.5678484,0.030107368,0.25,0.25,0.06929326,-0.001963336,0.25750425,0.25755352,0.00074586045,5.986621e-07,0,1,0,1
1777316825006000,1777316824884000,1777316824926000,0,-1.8013579,0.0,0.25,0.25,0.06262267,0.00021909107,0.25752935,0.25757474,0.00060911087,7.454287e-09,0,1,0,1
1777316825054000,1777316824936000,1777316824974000,0,-2.034867,-0.03010737,0.25,0.25,0.092184186,0.006533345,0.25750256,0.2575445,0.0013200529,6.629472e-06,0,1,0,1
1777316825102000,1777316824988000,1777316825022000,0,-2.2461376,-0.060214743,0.25,0.25,0.10334325,0.012720879,0.25747684,0.25751537,0.0016591515,2.5135705e-05,0,1,0,1
1777316825158000,1777316825040000,1777316825078000,0,-2.4685273,-0.090322115,0.25,0.25,0.102119684,0.015718453,0.25750265,0.2575373,0.0016199335,3.8374208e-05,0,1,0,1
1777316825214000,1777316825092000,1777316825134000,0,-2.6797976,-0.11290265,0.25,0.25,0.09668255,0.01154656,0.25752756,0.25755844,0.0014518858,2.0705675e-05,0,1,0,1
1777316825262000,1777316825144000,1777316825182000,0,-2.868829,-0.12795635,0.25,0.25,0.103322506,0.0037031472,0.25750032,0.25752828,0.0016583343,2.1299875e-06,0,1,0,1
1777316825310000,1777316825196000,1777316825230000,0,-3.06898,-0.15053688,0.25,0.25,0.1278801,0.0041463375,0.25747454,0.25749967,0.0025405725,2.6706234e-06,0,1,0,1
1777316825366000,1777316825248000,1777316825286000,0,-3.269131,-0.1881711,0.25,0.25,0.13512325,0.017065197,0.2575002,0.25752205,0.0028362377,4.5234334e-05,0,1,0,1
1777316825414000,1777316825300000,1777316825334000,0,-3.4470427,-0.2032248,0.25,0.25,0.15185499,0.010773659,0.257474,0.2574935,0.003582488,1.8031014e-05,0,1,0,1
1777316825470000,1777316825352000,1777316825390000,0,-3.613835,-0.23333219,0.25,0.25,0.14386916,0.017793179,0.25749955,0.2575164,0.003215281,4.917701e-05,0,1,0,1
1777316825526000,1777316825404000,1777316825446000,0,-3.7695081,-0.24838588,0.25,0.25,0.135283,0.010714501,0.25752422,0.25753894,0.0028426824,1.7830396e-05,0,1,0,1
1777316825574000,1777316825456000,1777316825494000,0,-3.925181,-0.2709664,0.25,0.25,0.15564775,0.0150206685,0.2574973,0.2575106,0.0037633362,3.5046396e-05,0,1,0,1
1777316825622000,1777316825508000,1777316825542000,0,-4.0586147,-0.28602013,0.25,0.25,0.16250062,0.01262629,0.2574711,0.25748333,0.004102433,2.4766372e-05,0,1,0,1
1777316825678000,1777316825560000,1777316825598000,0,-4.180929,-0.3161275,0.25,0.25,0.15170431,0.023960799,0.25749663,0.257508,0.003575068,8.91809e-05,0,1,0,1
1777316825734000,1777316825612000,1777316825654000,0,-4.3032436,-0.32365435,0.25,0.25,0.15189743,0.013529509,0.25752172,0.25753284,0.0035838266,2.8430955e-05,0,1,0,1
1777316825782000,1777316825664000,1777316825702000,0,-4.4144387,-0.3462349,0.25,0.25,0.16483927,0.021550208,0.2574949,0.25750595,0.0042209746,7.213992e-05,0,1,0,1
1777316825830000,1777316825716000,1777316825750000,0,-4.5033946,-0.34623492,0.25,0.25,0.16458178,0.00810954,0.2574688,0.2574802,0.0042082244,1.0216651e-05,0,1,0,1
1777316825886000,1777316825768000,1777316825806000,0,-4.5923505,-0.36881545,0.25,0.25,0.16376638,0.017055929,0.2574948,0.25750747,0.0041662087,4.518777e-05,0,1,0,1
1777316825942000,1777316825820000,1777316825862000,0,-4.6590676,-0.39892283,0.25,0.25,0.15193987,0.034590274,0.25751972,0.2575344,0.0035858573,0.00018583724,0,1,0,1
1777316825990000,1777316825872000,1777316825910000,0,-4.7257843,-0.41397652,0.25,0.25,0.15844727,0.038888097,0.25749305,0.25750896,0.0038999943,0.00023490973,0,1,0,1
1777316826038000,1777316825924000,1777316825958000,0,-4.7925014,-0.42903024,0.25,0.25,0.17416859,0.044408113,0.25746712,0.25748467,0.0047127875,0.00030636083,0,1,0,1
1777316826094000,1777316825976000,1777316826014000,0,-4.8369794,-0.44408393,0.25,0.25,0.17316437,0.050376356,0.25749305,0.25751412,0.0046581295,0.00039419622,0,1,0,1
1777316826150000,1777316826028000,1777316826070000,0,-4.870338,-0.43655708,0.25,0.25,0.17250681,0.03478223,0.25751823,0.2575434,0.0046223677,0.00018789899,0,1,0,1
1777316826198000,1777316826080000,1777316826118000,0,-4.903696,-0.44408393,0.25,0.25,0.18345308,0.036673605,0.25749174,0.2575191,0.005228134,0.0002089093,0,1,0,1
1777316826246000,1777316826132000,1777316826166000,0,-4.903696,-0.4215034,0.25,0.25,0.17045546,0.009737462,0.25746602,0.25749594,0.0045140036,1.4729268e-05,0,1,0,1
1777316826302000,1777316826184000,1777316826222000,0,-4.8925767,-0.4215034,0.25,0.25,0.15823412,0.007597238,0.25749224,0.25752747,0.0038895211,8.96495e-06,0,1,0,1
1777316826358000,1777316826236000,1777316826278000,0,-4.870338,-0.42903024,0.25,0.25,0.14636898,0.014726549,0.25751773,0.25755867,0.003327752,3.3681063e-05,0,1,0,1
1777316826406000,1777316826288000,1777316826326000,0,-4.8480988,-0.43655708,0.25,0.25,0.1405263,0.022426724,0.25749108,0.25753486,0.0030677007,7.8118814e-05,0,1,0,1
1777316826454000,1777316826340000,1777316826374000,0,-4.8369794,-0.43655708,0.25,0.25,0.15512514,0.023323208,0.2574659,0.25751245,0.0037385626,8.4496416e-05,0,1,0,1
