timestamp,timestamp_sample,time_last_fuse,device_id,observation,observation_variance,innovation,innovation_variance,test_ratio,estimator_instance,fusion_enabled,innovation_rejected,fused
1777316750174000,1777316750056000,0,0,-487.98102,16.483599,487.92706,16.590462,573.99927,0,0,1,0
1777316750222000,1777316750108000,0,0,-487.98703,15.7609005,487.9327,15.866872,600.1897,0,0,1,0
1777316750278000,1777316750160000,0,0,-487.98303,15.132099,487.9296,15.237141,624.9868,0,0,1,0
1777316750334000,1777316750212000,0,0,-487.98102,14.5924,487.92783,14.697454,647.9314,0,0,1,0
1777316750382000,1777316750264000,0,0,-487.99603,13.9876,487.9427,14.092564,675.78357,0,0,1,0
1777316750430000,1777316750316000,0,0,-487.99103,13.468899,487.9372,13.572982,701.63715,0,0,1,0
1777316750486000,1777316750368000,0,0,-487.98102,12.8881,487.9266,12.992185,732.971,0,0,1,0
1777316750542000,1777316750420000,0,0,-487.98602,12.3904,487.932,12.494518,762.18274,0,0,1,0
1777316750590000,1777316750472000,0,0,-487.99203,11.902498,487.9373,12.006546,793.1767,0,0,1,0
1777316750638000,1777316750524000,0,0,-488.006,11.492099,487.95038,11.594396,821.4161,0,0,1,0
1777316750694000,1777316750576000,0,0,-488.006,11.0224,487.95053,11.124725,856.09564,0,0,1,0
1777316750750000,1777316750628000,0,0,-488.02103,10.5625,487.96573,10.665746,892.99164,0,0,1,0
1777316750798000,1777316750680000,0,0,-488.00803,10.176099,487.95325,10.279292,926.51666,0,0,1,0
1777316750854000,1777316750732000,0,0,-487.99203,9.796899,487.93677,9.898473,962.0971,0,0,1,0
1777316750902000,1777316750784000,0,0,-487.99402,9.4249,487.939,9.526396,999.6833,0,0,1,0
1777316750958000,1777316750836000,0,0,-488.00104,9.0601,487.94644,9.161673,1039.5121,0,0,1,0
1777316751006000,1777316750888000,0,0,-488.00702,8.7025,487.952,8.804046,1081.7625,0,0,1,0
1777316751062000,1777316750940000,0,0,-487.99902,8.352099,487.94345,8.452884,1126.6631,0,0,1,0
1777316751110000,1777316750992000,0,0,-487.99902,8.065599,487.944,8.166322,1166.201,0,0,1,0
1777316751166000,1777316751044000,0,0,-488.00003,7.7283998,487.94498,7.8292165,1216.4196,0,0,1,0
1777316751214000,1777316751096000,0,0,-488.00903,7.4529,487.9547,7.553705,1260.837,0,0,1,0
1777316751262000,1777316751148000,0,0,-488.002,7.1823993,487.94763,7.281506,1307.932,0,0,1,0
1777316751318000,1777316751200000,0,0,-487.984,6.916899,487.92792,7.0160913,1357.3008,0,0,1,0
1777316751374000,1777316751252000,0,0,-0.055511475,6.6563997,0.00016523525,6.754909,1.6167613e-10,0,0,0,0
1777316751422000,1777316751304000,0,0,-0.054504395,6.4009,-0.0008156635,6.5002174,4.0940593e-09,0,0,0,0
1777316751478000,1777316751356000,0,0,-0.054504395,6.1504,-0.00068661943,6.2474055,3.018509e-09,0,0,0,0
1777316751526000,1777316751408000,0,0,-0.053497314,5.9536004,-0.0016471557,6.0513616,1.793396e-08,0,0,0,0
1777316751582000,1777316751460000,0,0,-0.051513672,5.7120996,-0.0032368712,5.8099904,7.213324e-08,0,0,0,0
1777316751630000,1777316751512000,0,0,-0.04348755,5.5224996,-0.010999016,5.620413,8.6099277e-07,0,0,0,0
1777316751678000,1777316751564000,0,0,-0.04550171,5.29,-0.008403044,5.386279,5.24378e-07,0,0,0,0
1777316751734000,1777316751616000,0,0,-0.052490234,5.1075997,-0.0011031888,5.203997,9.354546e-09,0,0,0,0
1777316751790000,1777316751668000,0,0,-0.04949951,4.9284,-0.0036930516,5.0249457,1.08567384e-07,0,0,0,0
1777316751838000,1777316751720000,0,0,-0.038513184,4.7524004,-0.014562476,4.848987,1.7493609e-06,0,0,0,0
1777316751894000,1777316751772000,0,0,-0.051513672,4.5795994,-0.0010994114,4.674707,1.0342513e-08,0,0,0,0
1777316751942000,1777316751824000,0,0,-0.070495605,4.4099994,0.017940667,4.50512,2.857793e-06,0,0,0,0
1777316751998000,1777316751876000,0,0,-0.06451416,4.2436,0.012339707,4.338886,1.4037555e-06,0,0,0,0
1777316752046000,1777316751928000,0,0,-0.06750488,4.1208997,0.015329447,4.216245,2.2293955e-06,0,0,0,0
1777316752102000,1777316751980000,0,0,-0.08050537,3.9601,0.027645364,4.053994,7.540871e-06,0,0,0,0
1777316752150000,1777316752032000,0,0,-0.0664978,3.8024998,0.013736177,3.8971467,1.9366228e-06,0,0,0,0
1777316752206000,1777316752084000,0,0,-0.071502686,3.6864,0.02042193,3.7812247,4.4118533e-06,0,0,0,0
1777316752254000,1777316752136000,0,0,-0.04949951,3.5344,-0.0012342967,3.6292956,1.6791008e-08,0,0,0,0
1777316752302000,1777316752188000,0,0,-0.057495117,3.4224997,0.007086847,3.515819,5.7139914e-07,0,0,0,0
1777316752358000,1777316752240000,0,0,-0.056488037,3.3123999,0.0061811768,3.405883,4.4871703e-07,0,0,0,0
1777316752406000,1777316752292000,0,0,-0.0664978,3.2041,0.016163308,3.2976449,3.168959e-06,0,0,0,0
1777316752462000,1777316752344000,0,0,-0.058502197,3.0976,0.008341398,3.1920822,8.7189386e-07,0,0,0,0
1777316752510000,1777316752396000,0,0,-0.056488037,2.9929001,0.005459912,3.0858033,3.864231e-07,0,0,0,0
1777316752566000,1777316752448000,0,0,-0.058502197,2.8899999,0.007553652,2.9830773,7.650845e-07,0,0,0,0
1777316752622000,1777316752500000,0,0,-0.04550171,2.7889,-0.005195651,2.8821812,3.7464395e-07,0,0,0,0
1777316752670000,1777316752552000,0,0,-0.039489746,2.6896,-0.010997411,2.78369,1.7378811e-06,0,0,0,0
1777316752718000,1777316752604000,0,0,-0.04751587,2.5921001,-0.0030569434,2.6846094,1.3923669e-07,0,0,0,0
1777316752774000,1777316752656000,0,0,-0.04550171,2.5280998,-0.0042671487,2.6207874,2.7790975e-07,0,0,0,0
1777316752830000,1777316752708000,0,0,-0.051513672,2.4335997,0.001831118,2.5272033,5.3070412e-08,0,0,0,0
1777316752878000,1777316752760000,0,0,-0.057495117,2.3409,0.006184768,2.434598,6.284628e-07,0,0,0,0
1777316752926000,1777316752812000,0,0,-0.06350708,2.2800999,0.011963293,2.3729112,2.4125704e-06,0,0,0,0
1777316752982000,1777316752864000,0,0,-0.06750488,2.1904001,0.016146805,2.283394,4.5672236e-06,0,0,0,0
1777316753030000,1777316752916000,0,0,-0.07550049,2.1315997,0.02438147,2.224671,1.0688433e-05,0,0,0,0
1777316753086000,1777316752968000,0,0,-0.071502686,2.0449,0.022117503,2.138207,9.151293e-06,0,0,0,0
1777316753134000,1777316753020000,0,0,-0.07949829,1.9880999,0.02954771,2.0805178,1.6785576e-05,0,0,0,0
1777316753190000,1777316753072000,0,0,-0.0625,1.9320999,0.0122591,2.024708,2.9690311e-06,0,0,0,0
1777316753238000,1777316753124000,0,0,-0.060516357,1.8769,0.010443926,1.9695928,2.2151908e-06,0,0,0,0
1777316753294000,1777316753176000,0,0,-0.06750488,1.8225001,0.017707814,1.915436,6.5482036e-06,0,0,0,0
1777316753350000,1777316753228000,0,0,-0.06851196,1.7423998,0.018180877,1.8345703,7.2070125e-06,0,0,0,0
1777316753398000,1777316753280000,0,0,-0.07449341,1.6899998,0.024262663,1.7822422,1.321205e-05,0,0,0,0
1777316753446000,1777316753332000,0,0,-0.06851196,1.6384,0.018631198,1.7307339,8.022528e-06,0,0,0,0
1777316753502000,1777316753384000,0,0,-0.07650757,1.5876,0.02838362,1.680184,1.9179563e-05,0,0,0,0
1777316753558000,1777316753436000,0,0,-0.054504395,1.5376,0.005289778,1.6287379,6.8720084e-07,0,0,0,0
1777316753606000,1777316753488000,0,0,-0.0625,1.5129,0.0121518485,1.604121,3.6822016e-06,0,0,0,0
1777316753662000,1777316753540000,0,0,-0.0625,1.4640998,0.012605146,1.555556,4.085734e-06,0,0,0,0
1777316753710000,1777316753592000,0,0,-0.04949951,1.4160999,-0.0005007684,1.5076838,6.653093e-09,0,0,0,0
1777316753766000,1777316753644000,0,0,-0.06350708,1.3689,0.012917828,1.4597317,4.5726283e-06,0,0,0,0
1777316753814000,1777316753696000,0,0,-0.070495605,1.3225,0.01993066,1.4134213,1.1241693e-05,0,0,0,0
1777316753862000,1777316753748000,0,0,-0.07751465,1.2996,0.027084801,1.3906304,2.1100832e-05,0,0,0,0
1777316753918000,1777316753800000,0,0,-0.07449341,1.2544,0.024003841,1.3456972,1.7126717e-05,0,0,0,0
1777316753974000,1777316753852000,0,0,-0.06350708,1.21,0.011869144,1.2998779,4.3350706e-06,0,0,0,0
1777316754022000,1777316753904000,0,0,-0.069488525,1.1881001,0.01803121,1.2787378,1.0170171e-05,0,0,0,0
1777316754078000,1777316753956000,0,0,-0.072509766,1.1448998,0.021454353,1.2357796,1.4898748e-05,0,0,0,0
1777316754126000,1777316754008000,0,0,-0.06350708,1.1235999,0.012686219,1.2152946,5.297157e-06,0,0,0,0
1777316754174000,1777316754060000,0,0,-0.069488525,1.0816,0.01884361,1.1717266,1.2121654e-05,0,0,0,0
1777316754230000,1777316754112000,0,0,-0.072509766,1.0609,0.021712035,1.1512458,1.6379212e-05,0,0,0,0
1777316754278000,1777316754164000,0,0,-0.06750488,1.0403999,0.017029278,1.1308601,1.0257549e-05,0,0,0,0
1777316754334000,1777316754216000,0,0,-0.06750488,1.0,0.017372563,1.0907319,1.1068017e-05,0,0,0,0
1777316754382000,1777316754268000,0,0,-0.07849121,0.9800999,0.028054222,1.0692976,2.9441362e-05,0,0,0,0
1777316754438000,1777316754320000,0,0,-0.04650879,0.94089997,-0.0039152615,1.030325,5.9512377e-07,0,0,0,0
1777316754486000,1777316754372000,0,0,-0.056488037,0.9216,0.0055234022,1.0111486,1.206864e-06,0,0,0,0
1777316754542000,1777316754424000,0,0,-0.059509277,0.9025,0.008664124,0.99232846,3.0258946e-06,0,0,0,0
1777316754590000,1777316754476000,0,0,-0.06549072,0.8836,0.014393769,0.97192377,8.526619e-06,0,0,0,0
1777316754646000,1777316754528000,0,0,-0.0664978,0.8463999,0.015468884,0.93560255,1.0230257e-05,0,0,0,0
1777316754702000,1777316754580000,0,0,-0.073516846,0.82809997,0.021875437,0.9175635,2.0861107e-05,0,0,0,0
1777316754750000,1777316754632000,0,0,-0.060516357,0.80999994,0.00895242,0.9002739,3.5609532e-06,0,0,0,0
1777316754798000,1777316754684000,0,0,-0.070495605,0.79209995,0.019051466,0.8808429,1.648232e-05,0,0,0,0
1777316754854000,1777316754736000,0,0,-0.06451416,0.7744,0.013309915,0.8633806,8.20745e-06,0,0,0,0
1777316754902000,1777316754788000,0,0,-0.059509277,0.7569,0.008653119,0.8460139,3.5402006e-06,0,0,0,0
1777316754958000,1777316754840000,0,0,-0.06851196,0.73959994,0.017695654,0.8290038,1.51090335e-05,0,0,0,0
1777316755006000,1777316754892000,0,0,-0.07949829,0.72249997,0.027552616,0.81040245,3.7470105e-05,0,0,0,0
1777316755062000,1777316754944000,0,0,-0.08248901,0.70559996,0.030523837,0.7943828,4.6914643e-05,0,0,0,0
1777316755110000,1777316754996000,0,0,-0.084503174,0.6889,0.03272166,0.7778207,5.5061897e-05,0,0,0,0
1777316755166000,1777316755048000,0,0,-0.08151245,0.6724,0.029523548,0.7616154,4.577848e-05,0,0,0,0
1777316755214000,1777316755100000,0,0,-0.06851196,0.6561,0.01646499,0.7438151,1.457867e-05,0,0,0,0
1777316755270000,1777316755152000,0,0,-0.06451416,0.6399999,0.012522329,0.72859627,8.608812e-06,0,0,0,0
1777316755318000,1777316755204000,0,0,-0.059509277,0.6240999,0.0071583577,0.7128384,2.8753827e-06,0,0,0,0
1777316755374000,1777316755256000,0,0,-0.059509277,0.6083999,0.00712562,0.6967951,2.9147425e-06,0,0,0,0
1777316755430000,1777316755308000,0,0,-0.06549072,0.5929,0.013068639,0.67993957,1.00473235e-05,0,0,0,0
1777316755478000,1777316755360000,0,0,-0.058502197,0.5776,0.0059771314,0.6647677,2.1496894e-06,0,0,0,0
1777316755526000,1777316755412000,0,0,-0.052490234,0.5776,-1.5433878e-05,0.66491544,1.4329916e-11,0,0,0,0
1777316755582000,1777316755464000,0,0,-0.054504395,0.5625,0.0026148744,0.6501181,4.2069698e-07,0,0,0,0
1777316755630000,1777316755516000,0,0,-0.058502197,0.5625,0.0059629753,0.6486648,2.1926317e-06,0,0,0,0
1777316755686000,1777316755568000,0,0,-0.07449341,0.5625,0.02261782,0.6489228,3.1533233e-05,0,0,0,0
1777316755742000,1777316755620000,0,0,-0.073516846,0.5625,0.022077061,0.6492085,3.0030209e-05,0,0,0,0
1777316755790000,1777316755672000,0,0,-0.06750488,0.5625,0.01571022,0.6493879,1.5202687e-05,0,0,0,0
1777316755846000,1777316755724000,0,0,-0.06149292,0.5625,0.0089661665,0.64807826,4.961879e-06,0,0,0,0
1777316755894000,1777316755776000,1777316755814000,0,-0.0625,0.5625,0.009172436,0.6482217,5.191655e-06,0,0,0,0
1777316755942000,1777316755828000,1777316755862000,0,-0.07751465,0.5625,0.015064355,1.1005257,8.248232e-06,0,1,0,1
1777316755998000,1777316755880000,1777316755918000,0,-0.07449341,0.5625,0.0063144267,0.83182025,1.9173367e-06,0,1,0,1
1777316756054000,1777316755932000,1777316755974000,0,-0.06549072,0.5625,-0.0049073175,0.7423586,1.2975812e-06,0,1,0,1
1777316756102000,1777316755984000,1777316756022000,0,-0.0625,0.5625,-0.0061265826,0.69762206,2.152169e-06,0,1,0,1
1777316756150000,1777316756036000,1777316756070000,0,-0.057495117,0.5625,-0.009783328,0.67082745,5.70719e-06,0,1,0,1
1777316756206000,1777316756088000,1777316756126000,0,-0.06750488,0.5625,0.0033498108,0.6530852,6.872753e-07,0,1,0,1
1777316756262000,1777316756140000,1777316756182000,0,-0.06149292,0.5625,-0.0031202212,0.6404575,6.080516e-07,0,1,0,1
1777316756310000,1777316756192000,1777316756230000,0,-0.071502686,0.5625,0.0064711943,0.63094133,2.6548496e-06,0,1,0,1
1777316756358000,1777316756244000,1777316756278000,0,-0.073516846,0.5625,0.0077494904,0.6235657,3.8523353e-06,0,1,0,1
1777316756414000,1777316756296000,1777316756334000,0,-0.06451416,0.5625,-0.0018961728,0.6177704,2.3280307e-07,0,1,0,1
1777316756470000,1777316756348000,1777316756390000,0,-0.070495605,0.5625,0.0044224784,0.61305696,1.2761172e-06,0,1,0,1
1777316756518000,1777316756400000,1777316756438000,0,-0.055511475,0.5625,-0.011227801,0.6090703,8.279078e-06,0,1,0,1
1777316756574000,1777316756452000,1777316756494000,0,-0.060516357,0.5625,-0.0054352656,0.6056453,1.9511165e-06,0,1,0,1
1777316756622000,1777316756504000,1777316756542000,0,-0.0664978,0.5625,0.00092737377,0.60293007,5.7056177e-08,0,1,0,1
1777316756670000,1777316756556000,1777316756590000,0,-0.07949829,0.5625,0.013891712,0.6004593,1.285547e-05,0,1,0,1
1777316756726000,1777316756608000,1777316756646000,0,-0.07550049,0.5625,0.009072863,0.5983932,5.502525e-06,0,1,0,1
1777316756774000,1777316756660000,1777316756694000,0,-0.070495605,0.5625,0.0037176684,0.5965032,9.2680534e-07,0,1,0,1
1777316756830000,1777316756712000,1777316756750000,0,-0.07751465,0.5625,0.010438308,0.594917,7.325948e-06,0,1,0,1
1777316756878000,1777316756764000,1777316756798000,0,-0.0625,0.5625,-0.005609788,0.59343004,2.1212086e-06,0,1,0,1
1777316756934000,1777316756816000,1777316756854000,0,-0.056488037,0.5625,-0.011351362,0.59218425,8.703602e-06,0,1,0,1
1777316756990000,1777316756868000,1777316756910000,0,-0.06350708,0.5625,-0.0040501654,0.59107035,1.1101107e-06,0,1,0,1
1777316757038000,1777316756920000,1777316756958000,0,-0.0664978,0.5625,-0.0008253604,0.58998704,4.618541e-08,0,1,0,1
1777316757094000,1777316756972000,1777316757014000,0,-0.06451416,0.5625,-0.002823025,0.58908886,5.411387e-07,0,1,0,1
1777316757142000,1777316757024000,1777316757062000,0,-0.06851196,0.5625,0.0013234839,0.5881939,1.19117836e-07,0,1,0,1
1777316757190000,1777316757076000,1777316757110000,0,-0.06350708,0.5625,-0.0038002282,0.5873783,9.834707e-07,0,1,0,1
1777316757246000,1777316757128000,1777316757166000,0,-0.06149292,0.5625,-0.005736336,0.5867617,2.2431968e-06,0,1,0,1
1777316757302000,1777316757180000,1777316757222000,0,-0.057495117,0.5625,-0.009457365,0.58615273,6.103648e-06,0,1,0,1
1777316757350000,1777316757232000,1777316757270000,0,-0.054504395,0.5625,-0.01216054,0.5855567,1.0101753e-05,0,1,0,1
1777316757406000,1777316757284000,1777316757326000,0,-0.06451416,0.5625,-0.0020811036,0.5850471,2.9611238e-07,0,1,0,1
1777316757454000,1777316757336000,1777316757374000,0,-0.06350708,0.5625,-0.0031030774,0.58449733,6.589655e-07,0,1,0,1
1777316757510000,1777316757388000,1777316757430000,0,-0.06350708,0.5625,-0.003415294,0.58407056,7.988236e-07,0,1,0,1
1777316757558000,1777316757440000,1777316757478000,0,-0.057495117,0.5625,-0.009486251,0.5835959,6.1678948e-06,0,1,0,1
1777316757614000,1777316757492000,1777316757534000,0,-0.057495117,0.5625,-0.0092114955,0.58323675,5.8193623e-06,0,1,0,1
1777316757662000,1777316757544000,1777316757582000,0,-0.059509277,0.5625,-0.0070052594,0.5828567,3.3678027e-06,0,1,0,1
1777316757710000,1777316757596000,1777316757630000,0,-0.053497314,0.5625,-0.01282569,0.58246994,1.1296605e-05,0,1,0,1
1777316757766000,1777316757648000,1777316757686000,0,-0.05050659,0.5625,-0.015460178,0.5821903,1.6421924e-05,0,1,0,1
1777316757814000,1777316757700000,1777316757734000,0,-0.058502197,0.5625,-0.0066734105,0.5818504,3.061571e-06,0,1,0,1
1777316757870000,1777316757752000,1777316757790000,0,-0.054504395,0.5625,-0.010532603,0.5816134,7.6295155e-06,0,1,0,1
1777316757926000,1777316757804000,1777316757846000,0,-0.055511475,0.5625,-0.009218022,0.581365,5.8463747e-06,0,1,0,1
1777316757974000,1777316757856000,1777316757894000,0,-0.053497314,0.5625,-0.011083327,0.58108115,8.4559715e-06,0,1,0,1
1777316758030000,1777316757908000,1777316757950000,0,-0.059509277,0.5625,-0.0048918575,0.5808957,1.6478186e-06,0,1,0,1
1777316758078000,1777316757960000,1777316757998000,0,-0.04449463,0.5625,-0.019731887,0.58064264,2.6821823e-05,0,1,0,1
1777316758134000,1777316758012000,1777316758054000,0,-0.056488037,0.5625,-0.007209882,0.5804857,3.5819935e-06,0,1,0,1
1777316758182000,1777316758064000,1777316758102000,0,-0.051513672,0.5625,-0.011899568,0.5802591,9.761138e-06,0,1,0,1
1777316758230000,1777316758116000,1777316758150000,0,-0.04348755,0.5625,-0.019620568,0.58004564,2.6547337e-05,0,1,0,1
1777316758286000,1777316758168000,1777316758206000,0,-0.059509277,0.5625,-0.0029501654,0.57992524,6.003171e-07,0,1,0,1
1777316758342000,1777316758220000,1777316758262000,0,-0.06549072,0.5625,0.0031583048,0.5798139,6.881442e-07,0,1,0,1
1777316758390000,1777316758272000,1777316758310000,0,-0.06149292,0.5625,-0.0011600181,0.5796297,9.286219e-08,0,1,0,1
1777316758438000,1777316758324000,1777316758358000,0,-0.05050659,0.5625,-0.01211936,0.57947904,1.0138686e-05,0,1,0,1
1777316758494000,1777316758376000,1777316758414000,0,-0.071502686,0.5625,0.008931011,0.5793945,5.506642e-06,0,1,0,1
1777316758550000,1777316758428000,1777316758470000,0,-0.06750488,0.5625,0.004735172,0.5793168,1.5481583e-06,0,1,0,1
1777316758598000,1777316758480000,1777316758518000,0,-0.06149292,0.5625,-0.0016680434,0.57916373,1.9216458e-07,0,1,0,1
1777316758646000,1777316758532000,1777316758566000,0,-0.04751587,0.5625,-0.015623353,0.5790408,1.686162e-05,0,1,0,1
1777316758702000,1777316758584000,1777316758622000,0,-0.04650879,0.5625,-0.01603996,0.57898396,1.7774608e-05,0,1,0,1
1777316758758000,1777316758636000,1777316758678000,0,-0.069488525,0.5625,0.0073805153,0.5789322,3.763619e-06,0,1,0,1
1777316758806000,1777316758688000,1777316758726000,0,-0.0664978,0.5625,0.0040099397,0.5788032,1.1112321e-06,0,1,0,1
1777316758854000,1777316758740000,1777316758774000,0,-0.06149292,0.5625,-0.0010781139,0.57868075,8.0343405e-08,0,1,0,1
1777316758910000,1777316758792000,1777316758830000,0,-0.06851196,0.5625,0.005869478,0.5786464,2.381473e-06,0,1,0,1
1777316758966000,1777316758844000,1777316758886000,0,-0.08248901,0.5625,0.019720718,0.57861584,2.6885315e-05,0,1,0,1
1777316759014000,1777316758896000,1777316758934000,0,-0.0664978,0.5625,0.0032887682,0.5785064,7.478567e-07,0,1,0,1
1777316759062000,1777316758948000,1777316758982000,0,-0.06149292,0.5625,-0.0017730296,0.5784025,2.1740112e-07,0,1,0,1
1777316759118000,1777316759000000,1777316759038000,0,-0.06149292,0.5625,-0.001495555,0.578386,1.5468457e-07,0,1,0,1
1777316759174000,1777316759052000,1777316759094000,0,-0.07751465,0.5625,0.014732428,0.5783519,1.5011237e-05,0,1,0,1
1777316759222000,1777316759104000,1777316759142000,0,-0.071502686,0.5625,0.0083826855,0.5782784,4.860594e-06,0,1,0,1
1777316759278000,1777316759156000,1777316759198000,0,-0.06750488,0.5625,0.004137732,0.5782517,1.1843165e-06,0,1,0,1
1777316759326000,1777316759208000,1777316759246000,0,-0.06350708,0.5625,5.913526e-05,0.57816446,2.419366e-10,0,1,0,1
1777316759382000,1777316759260000,1777316759302000,0,-0.06149292,0.5625,-0.0019832924,0.5781645,2.7213352e-07,0,1,0,1
1777316759430000,1777316759312000,1777316759350000,0,-0.0625,0.5625,-0.000925377,0.578083,5.9252578e-08,0,1,0,1
1777316759478000,1777316759364000,1777316759398000,0,-0.06750488,0.5625,0.004242778,0.5780055,1.2457434e-06,0,1,0,1
1777316759534000,1777316759416000,1777316759454000,0,-0.073516846,0.5625,0.010123529,0.5780345,7.0920214e-06,0,1,0,1
1777316759590000,1777316759468000,1777316759510000,0,-0.072509766,0.5625,0.009152956,0.5780449,5.797239e-06,0,1,0,1
1777316759638000,1777316759520000,1777316759558000,0,-0.06851196,0.5625,0.0049043447,0.57797235,1.6646193e-06,0,1,0,1
1777316759686000,1777316759572000,1777316759606000,0,-0.07650757,0.5625,0.012773022,0.5779033,1.1292554e-05,0,1,0,1
1777316759742000,1777316759624000,1777316759662000,0,-0.08648682,0.5625,0.022355407,0.5779407,3.4589306e-05,0,1,0,1
1777316759798000,1777316759676000,1777316759718000,0,-0.08151245,0.5625,0.016730547,0.5779594,1.9372379e-05,0,1,0,1
1777316759846000,1777316759728000,1777316759766000,0,-0.06451416,0.5625,-0.0007543713,0.5779129,3.938836e-08,0,1,0,1
1777316759894000,1777316759780000,1777316759814000,0,-0.05050659,0.5625,-0.014677383,0.57784975,1.4912222e-05,0,1,0,1
1777316759950000,1777316759832000,1777316759870000,0,-0.051513672,0.5625,-0.01325579,0.5778745,1.21629155e-05,0,1,0,1
1777316759998000,1777316759884000,1777316759918000,0,-0.04449463,0.5625,-0.01995679,0.5778145,2.7571024e-05,0,1,0,1
1777316760054000,1777316759936000,1777316759974000,0,-0.04449463,0.5625,-0.019397587,0.57786137,2.6045442e-05,0,1,0,1
1777316760110000,1777316759988000,1777316760030000,0,-0.051513672,0.5625,-0.011728846,0.5778892,9.521951e-06,0,1,0,1
1777316760158000,1777316760040000,1777316760078000,0,-0.06851196,0.5625,0.005589448,0.57783115,2.162703e-06,0,1,0,1
1777316760206000,1777316760092000,1777316760126000,0,-0.0664978,0.5625,0.0033442527,0.57777584,7.742813e-07,0,1,0,1
1777316760262000,1777316760144000,1777316760182000,0,-0.052490234,0.5625,-0.0106897205,0.5778276,7.9103265e-06,0,1,0,1
1777316760310000,1777316760196000,1777316760230000,0,-0.052490234,0.5625,-0.01040674,0.5777737,7.4977615e-06,0,1,0,1
1777316760366000,1777316760248000,1777316760286000,0,-0.039489746,0.5625,-0.023006424,0.5778087,3.6641577e-05,0,1,0,1
1777316760422000,1777316760300000,1777316760342000,0,-0.036499023,0.5625,-0.025254328,0.57784384,4.4149023e-05,0,1,0,1
1777316760470000,1777316760352000,1777316760390000,0,-0.039489746,0.5625,-0.021495435,0.5777914,3.1987583e-05,0,1,0,1
1777316760518000,1777316760404000,1777316760438000,0,-0.040496826,0.5625,-0.019860849,0.57774127,2.7310032e-05,0,1,0,1
1777316760574000,1777316760456000,1777316760494000,0,-0.039489746,0.5625,-0.020043373,0.57776165,2.7813325e-05,0,1,0,1
1777316760630000,1777316760508000,1777316760550000,0,-0.052490234,0.5625,-0.006345425,0.57780075,2.7874255e-06,0,1,0,1
1777316760678000,1777316760560000,1777316760598000,0,-0.055511475,0.5625,-0.0032334328,0.5777516,7.2384654e-07,0,1,0,1
1777316760734000,1777316760612000,1777316760654000,0,-0.06549072,0.5625,0.0069288574,0.5777924,3.3236204e-06,0,1,0,1
1777316760782000,1777316760664000,1777316760702000,0,-0.060516357,0.5625,0.0018597431,0.57774454,2.394584e-07,0,1,0,1
1777316760830000,1777316760716000,1777316760750000,0,-0.0625,0.5625,0.0038894117,0.5776987,1.0474334e-06,0,1,0,1
1777316760886000,1777316760768000,1777316760806000,0,-0.055511475,0.5625,-0.0030800216,0.5777428,6.567997e-07,0,1,0,1
1777316760942000,1777316760820000,1777316760862000,0,-0.058502197,0.5625,3.920868e-05,0.57778645,1.0642829e-10,0,1,0,1
1777316760990000,1777316760872000,1777316760910000,0,-0.06350708,0.5625,0.0051375255,0.57774067,1.8274059e-06,0,1,0,1
1777316761046000,1777316760924000,1777316760966000,0,-0.04949951,0.5625,-0.008979499,0.57778543,5.5821006e-06,0,1,0,1
1777316761094000,1777316760976000,1777316761014000,0,-0.053497314,0.5625,-0.0046680123,0.5777404,1.5086596e-06,0,1,0,1
1777316761142000,1777316761028000,1777316761062000,0,-0.06350708,0.5625,0.005472131,0.57771575,2.073284e-06,0,1,0,1
1777316761198000,1777316761080000,1777316761118000,0,-0.0625,0.5625,0.004186392,0.57776266,1.2133617e-06,0,1,0,1
1777316761246000,1777316761132000,1777316761166000,0,-0.051513672,0.5625,-0.00687176,0.5777193,3.2694832e-06,0,1,0,1
1777316761302000,1777316761184000,1777316761222000,0,-0.056488037,0.5625,-0.0016314425,0.57776695,1.8426837e-07,0,1,0,1
1777316761358000,1777316761236000,1777316761278000,0,-0.0664978,0.5625,0.008434743,0.57783246,4.924949e-06,0,1,0,1
1777316761406000,1777316761288000,1777316761326000,0,-0.058502197,0.5625,0.00024261698,0.57778764,4.075061e-09,0,1,0,1
1777316761462000,1777316761340000,1777316761382000,0,-0.051513672,0.5625,-0.0066935606,0.5778532,3.1013935e-06,0,1,0,1
1777316761510000,1777316761392000,1777316761430000,0,-0.056488037,0.5625,-0.0015572868,0.577808,1.6788566e-07,0,1,0,1
1777316761566000,1777316761444000,1777316761486000,0,-0.056488037,0.5625,-0.0014592782,0.577855,1.4740672e-07,0,1,0,1
1777316761614000,1777316761496000,1777316761534000,0,-0.053497314,0.5625,-0.0044624135,0.5778103,1.378524e-06,0,1,0,1
1777316761662000,1777316761548000,1777316761582000,0,-0.056488037,0.5625,-0.0013480596,0.57778573,1.2580891e-07,0,1,0,1
1777316761718000,1777316761600000,1777316761638000,0,-0.060516357,0.5625,0.0027496852,0.577834,5.2338686e-07,0,1,0,1
1777316761766000,1777316761652000,1777316761686000,0,-0.0664978,0.5625,0.008632138,0.57779056,5.1585343e-06,0,1,0,1
1777316761822000,1777316761704000,1777316761742000,0,-0.06350708,0.5625,0.0053907894,0.5778394,2.011674e-06,0,1,0,1
1777316761878000,1777316761756000,1777316761798000,0,-0.0664978,0.5625,0.008068521,0.57786787,4.5062916e-06,0,1,0,1
1777316761926000,1777316761808000,1777316761846000,0,-0.05050659,0.5625,-0.008126717,0.5778233,4.5718843e-06,0,1,0,1
1777316761982000,1777316761860000,1777316761902000,0,-0.060516357,0.5625,0.0019339919,0.5778714,2.589036e-07,0,1,0,1
1777316762030000,1777316761912000,1777316761950000,0,-0.06451416,0.5625,0.0058679096,0.5778269,2.3835762e-06,0,1,0,1
1777316762078000,1777316761964000,1777316761998000,0,-0.056488037,0.5625,-0.0023712665,0.5777842,3.8927368e-07,0,1,0,1
1777316762134000,1777316762016000,1777316762054000,0,-0.06451416,0.5625,0.005745597,0.5778529,2.2851411e-06,0,1,0,1
1777316762182000,1777316762068000,1777316762102000,0,-0.070495605,0.5625,0.01147702,0.57780945,9.118715e-06,0,1,0,1
1777316762238000,1777316762120000,1777316762158000,0,-0.06549072,0.5625,0.006211322,0.5778587,2.670585e-06,0,1,0,1
1777316762294000,1777316762172000,1777316762214000,0,-0.055511475,0.5625,-0.0038629286,0.57790685,1.032846e-06,0,1,0,1
1777316762342000,1777316762224000,1777316762262000,0,-0.058502197,0.5625,-0.0007512532,0.57788086,3.906559e-08,0,1,0,1
1777316762398000,1777316762276000,1777316762318000,0,-0.059509277,0.5625,0.00035226345,0.57792854,8.588573e-09,0,1,0,1
1777316762446000,1777316762328000,1777316762366000,0,-0.059509277,0.5625,0.00036508217,0.5779019,9.225441e-09,0,1,0,1
1777316762502000,1777316762380000,1777316762422000,0,-0.071502686,0.5625,0.012341056,0.57794905,1.0540837e-05,0,1,0,1
1777316762550000,1777316762432000,1777316762470000,0,-0.07849121,0.5625,0.018992674,0.57792175,2.4966817e-05,0,1,0,1
1777316762598000,1777316762484000,1777316762518000,0,-0.06451416,0.5625,0.0045194887,0.57787645,1.4138509e-06,0,1,0,1
1777316762654000,1777316762536000,1777316762574000,0,-0.06750488,0.5625,0.0073949546,0.57792443,3.7849484e-06,0,1,0,1
1777316762710000,1777316762588000,1777316762630000,0,-0.059509277,0.5625,-0.0007612258,0.5779713,4.0103362e-08,0,1,0,1
1777316762758000,1777316762640000,1777316762678000,0,-0.04348755,0.5625,-0.016805228,0.5779433,1.9546254e-05,0,1,0,1
1777316762814000,1777316762692000,1777316762734000,0,-0.042510986,0.5625,-0.017456375,0.57798976,2.108861e-05,0,1,0,1
1777316762862000,1777316762744000,1777316762782000,0,-0.056488037,0.5625,-0.0030425861,0.57794225,6.407097e-07,0,1,0,1
1777316762918000,1777316762796000,1777316762838000,0,-0.0664978,0.5625,0.0070036463,0.57798874,3.3946033e-06,0,1,0,1
1777316762966000,1777316762848000,1777316762886000,0,-0.053497314,0.5625,-0.0061658025,0.5779415,2.6312089e-06,0,1,0,1
1777316763014000,1777316762900000,1777316762934000,0,-0.053497314,0.5625,-0.006134212,0.57789594,2.6045213e-06,0,1,0,1
1777316763070000,1777316762952000,1777316762990000,0,-0.051513672,0.5625,-0.007984508,0.5779439,4.4123562e-06,0,1,0,1
1777316763126000,1777316763004000,1777316763046000,0,-0.056488037,0.5625,-0.00286505,0.5779907,5.680722e-07,0,1,0,1
1777316763174000,1777316763056000,1777316763094000,0,-0.04550171,0.5625,-0.013782214,0.5779429,1.3146588e-05,0,1,0,1
1777316763222000,1777316763108000,1777316763142000,0,-0.058502197,0.5625,-0.00042103603,0.5779161,1.2269695e-08,0,1,0,1
1777316763278000,1777316763160000,1777316763198000,0,-0.06750488,0.5625,0.008595001,0.5779443,5.1128836e-06,0,1,0,1
1777316763326000,1777316763212000,1777316763246000,0,-0.055511475,0.5625,-0.0036495663,0.5778982,9.219156e-07,0,1,0,1
1777316763382000,1777316763264000,1777316763302000,0,-0.04849243,0.5625,-0.010589745,0.5779459,7.761467e-06,0,1,0,1
1777316763438000,1777316763316000,1777316763358000,0,-0.051513672,0.5625,-0.007332016,0.57799226,3.7203583e-06,0,1,0,1
1777316763486000,1777316763368000,1777316763406000,0,-0.0664978,0.5625,0.007695563,0.57794464,4.0987798e-06,0,1,0,1
1777316763534000,1777316763420000,1777316763454000,0,-0.069488525,0.5625,0.010468408,0.57789874,7.585244e-06,0,1,0,1
1777316763590000,1777316763472000,1777316763510000,0,-0.083496094,0.5625,0.024164122,0.5779466,4.041237e-05,0,1,0,1
1777316763646000,1777316763524000,1777316763566000,0,-0.07949829,0.5625,0.01949701,0.57799315,2.6307123e-05,0,1,0,1
1777316763694000,1777316763576000,1777316763614000,0,-0.08648682,0.5625,0.026058998,0.57794565,4.699898e-05,0,1,0,1
1777316763750000,1777316763628000,1777316763670000,0,-0.08050537,0.5625,0.019427866,0.5779923,2.6120897e-05,0,1,0,1
1777316763798000,1777316763680000,1777316763718000,0,-0.072509766,0.5625,0.010913093,0.577945,8.242694e-06,0,1,0,1
1777316763846000,1777316763732000,1777316763766000,0,-0.072509766,0.5625,0.010630317,0.57791823,7.821427e-06,0,1,0,1
1777316763902000,1777316763784000,1777316763822000,0,-0.0664978,0.5625,0.00432574,0.5779656,1.295027e-06,0,1,0,1
1777316763958000,1777316763836000,1777316763878000,0,-0.06451416,0.5625,0.0022893213,0.57801175,3.6269103e-07,0,1,0,1
1777316764006000,1777316763888000,1777316763926000,0,-0.073516846,0.5625,0.011177707,0.5779637,8.646989e-06,0,1,0,1
1777316764054000,1777316763940000,1777316763974000,0,-0.058502197,0.5625,-0.0041210502,0.57791734,1.175466e-06,0,1,0,1
1777316764110000,1777316763992000,1777316764030000,0,-0.051513672,0.5625,-0.011055678,0.57796484,8.459201e-06,0,1,0,1
1777316764166000,1777316764044000,1777316764086000,0,-0.058502197,0.5625,-0.0037228577,0.57801116,9.591281e-07,0,1,0,1
1777316764214000,1777316764096000,1777316764134000,0,-0.052490234,0.5625,-0.009550225,0.57796323,6.3122907e-06,0,1,0,1
1777316764262000,1777316764148000,1777316764182000,0,-0.054504395,0.5625,-0.0072442777,0.5779358,3.632207e-06,0,1,0,1
1777316764318000,1777316764200000,1777316764238000,0,-0.055511475,0.5625,-0.0058516003,0.57798284,2.3697055e-06,0,1,0,1
1777316764366000,1777316764252000,1777316764286000,0,-0.0664978,0.5625,0.005358819,0.5779359,1.987552e-06,0,1,0,1
1777316764422000,1777316764304000,1777316764342000,0,-0.056488037,0.5625,-0.0048555695,0.577983,1.6316434e-06,0,1,0,1
1777316764478000,1777316764356000,1777316764398000,0,-0.060516357,0.5625,-0.0006317273,0.5780281,2.7616606e-08,0,1,0,1
1777316764526000,1777316764408000,1777316764446000,0,-0.055511475,0.5625,-0.005618416,0.5779789,2.1846192e-06,0,1,0,1
1777316764574000,1777316764460000,1777316764494000,0,-0.056488037,0.5625,-0.0046126954,0.5779315,1.4726284e-06,0,1,0,1
1777316764630000,1777316764512000,1777316764550000,0,-0.058502197,0.5625,-0.002430547,0.5779781,4.088431e-07,0,1,0,1
1777316764686000,1777316764564000,1777316764606000,0,-0.06750488,0.5625,0.006887287,0.5780234,3.282547e-06,0,1,0,1
1777316764734000,1777316764616000,1777316764654000,0,-0.060516357,0.5625,-0.00018893927,0.5779745,2.4705622e-09,0,1,0,1
1777316764790000,1777316764668000,1777316764710000,0,-0.069488525,0.5625,0.0088312365,0.57802,5.397096e-06,0,1,0,1
1777316764838000,1777316764720000,1777316764758000,0,-0.0664978,0.5625,0.005654104,0.5779712,2.2124902e-06,0,1,0,1
1777316764886000,1777316764772000,1777316764806000,0,-0.04650879,0.5625,-0.014384858,0.57792425,1.4321887e-05,0,1,0,1
1777316764942000,1777316764824000,1777316764862000,0,-0.04751587,0.5625,-0.012852561,0.57797116,1.1432288e-05,0,1,0,1
1777316764990000,1777316764876000,1777316764910000,0,-0.04348755,0.5625,-0.01659685,0.5779243,1.9065157e-05,0,1,0,1
1777316765046000,1777316764928000,1777316764966000,0,-0.06149292,0.5625,0.0019063875,0.5779905,2.515137e-07,0,1,0,1
1777316765094000,1777316764980000,1777316765014000,0,-0.07751465,0.5625,0.017972805,0.5779428,2.2356657e-05,0,1,0,1
1777316765150000,1777316765032000,1777316765070000,0,-0.069488525,0.5625,0.009510256,0.5779892,6.2592844e-06,0,1,0,1
1777316765206000,1777316765084000,1777316765126000,0,-0.053497314,0.5625,-0.0066705085,0.57803446,3.0791025e-06,0,1,0,1
1777316765254000,1777316765136000,1777316765174000,0,-0.054504395,0.5625,-0.0054120906,0.5779853,2.0270913e-06,0,1,0,1
1777316765310000,1777316765188000,1777316765230000,0,-0.069488525,0.5625,0.009854689,0.5780306,6.7203987e-06,0,1,0,1
1777316765358000,1777316765240000,1777316765278000,0,-0.06851196,0.5625,0.0087134205,0.57798165,5.254402e-06,0,1,0,1
1777316765414000,1777316765292000,1777316765334000,0,-0.0664978,0.5625,0.006733369,0.5780271,3.1374486e-06,0,1,0,1
1777316765462000,1777316765344000,1777316765382000,0,-0.071502686,0.5625,0.011636693,0.5779783,9.371468e-06,0,1,0,1
1777316765518000,1777316765396000,1777316765438000,0,-0.07751465,0.5625,0.017410867,0.5780239,2.097756e-05,0,1,0,1
1777316765566000,1777316765448000,1777316765486000,0,-0.070495605,0.5625,0.010029826,0.57797533,6.962056e-06,0,1,0,1
1777316765614000,1777316765500000,1777316765534000,0,-0.06350708,0.5625,0.0028412119,0.57792854,5.5871857e-07,0,1,0,1
1777316765670000,1777316765552000,1777316765590000,0,-0.070495605,0.5625,0.009811331,0.5779756,6.662026e-06,0,1,0,1
1777316765718000,1777316765604000,1777316765638000,0,-0.0625,0.5625,0.0016666539,0.5779288,1.922545e-07,0,1,0,1
1777316765774000,1777316765656000,1777316765694000,0,-0.07849121,0.5625,0.01762022,0.57795656,2.148758e-05,0,1,0,1
1777316765830000,1777316765708000,1777316765750000,0,-0.06549072,0.5625,0.0042980574,0.5780024,1.2784236e-06,0,1,0,1
1777316765878000,1777316765760000,1777316765798000,0,-0.0664978,0.5625,0.005321987,0.5779542,1.9602624e-06,0,1,0,1
1777316765934000,1777316765812000,1777316765854000,0,-0.060516357,0.5625,-0.00063323975,0.5780001,2.7750344e-08,0,1,0,1
1777316765982000,1777316765864000,1777316765902000,0,-0.06750488,0.5625,0.006558344,0.5779521,2.976847e-06,0,1,0,1
1777316766030000,1777316765916000,1777316765950000,0,-0.06350708,0.5625,0.0024725571,0.5779057,4.2315128e-07,0,1,0,1
1777316766086000,1777316765968000,1777316766006000,0,-0.06350708,0.5625,0.0027442835,0.5779531,5.2122516e-07,0,1,0,1
1777316766142000,1777316766020000,1777316766062000,0,-0.058502197,0.5625,-0.0021822713,0.57799923,3.2957192e-07,0,1,0,1
1777316766190000,1777316766072000,1777316766110000,0,-0.041503906,0.5625,-0.01914351,0.5779514,2.5363657e-05,0,1,0,1
1777316766246000,1777316766124000,1777316766166000,0,-0.06350708,0.5625,0.0035232492,0.57799757,8.5905447e-07,0,1,0,1
1777316766294000,1777316766176000,1777316766214000,0,-0.058502197,0.5625,-0.0016218089,0.57794976,1.82041e-07,0,1,0,1
1777316766350000,1777316766228000,1777316766270000,0,-0.059509277,0.5625,-0.00042616203,0.57799613,1.2568533e-08,0,1,0,1
1777316766398000,1777316766280000,1777316766318000,0,-0.072509766,0.5625,0.012881264,0.57794845,1.14838585e-05,0,1,0,1
1777316766446000,1777316766332000,1777316766366000,0,-0.069488525,0.5625,0.009627841,0.57792145,6.4157734e-06,0,1,0,1
1777316766502000,1777316766384000,1777316766422000,0,-0.053497314,0.5625,-0.0063778795,0.57796854,2.8151946e-06,0,1,0,1
1777316766558000,1777316766436000,1777316766478000,0,-0.06149292,0.5625,0.0019241609,0.5780334,2.5620633e-07,0,1,0,1
1777316766606000,1777316766488000,1777316766526000,0,-0.06350708,0.5625,0.0040926263,0.57798433,1.1591726e-06,0,1,0,1
1777316766654000,1777316766540000,1777316766574000,0,-0.056488037,0.5625,-0.0029474609,0.57793695,6.0127843e-07,0,1,0,1
1777316766710000,1777316766592000,1777316766630000,0,-0.06350708,0.5625,0.0042378716,0.57798356,1.2429111e-06,0,1,0,1
1777316766766000,1777316766644000,1777316766686000,0,-0.06149292,0.5625,0.0022330098,0.578029,3.4505763e-07,0,1,0,1
1777316766814000,1777316766696000,1777316766734000,0,-0.059509277,0.5625,2.8721988e-06,0.57798016,5.709211e-13,0,1,0,1
1777316766862000,1777316766748000,1777316766782000,0,-0.04348755,0.5625,-0.015949845,0.5779331,1.7607406e-05,0,1,0,1
1777316766918000,1777316766800000,1777316766838000,0,-0.04449463,0.5625,-0.014442723,0.5779799,1.4435952e-05,0,1,0,1
1777316766974000,1777316766852000,1777316766894000,0,-0.06750488,0.5625,0.009001583,0.57802486,5.6072668e-06,0,1,0,1
1777316767022000,1777316766904000,1777316766942000,0,-0.06851196,0.5625,0.009871811,0.57799506,6.7441856e-06,0,1,0,1
1777316767078000,1777316766956000,1777316766998000,0,-0.06451416,0.5625,0.0059069507,0.5780206,2.41459e-06,0,1,0,1
1777316767126000,1777316767008000,1777316767046000,0,-0.071502686,0.5625,0.0128343925,0.57799095,1.1399599e-05,0,1,0,1
1777316767174000,1777316767060000,1777316767094000,0,-0.073516846,0.5625,0.014540486,0.5779429,1.4632984e-05,0,1,0,1
1777316767230000,1777316767112000,1777316767150000,0,-0.08151245,0.5625,0.022301383,0.57798874,3.4419474e-05,0,1,0,1
1777316767286000,1777316767164000,1777316767206000,0,-0.07449341,0.5625,0.014789406,0.57803345,1.5135908e-05,0,1,0,1
1777316767334000,1777316767216000,1777316767254000,0,-0.072509766,0.5625,0.012510326,0.5780033,1.083096e-05,0,1,0,1
1777316767390000,1777316767268000,1777316767310000,0,-0.0664978,0.5625,0.006103579,0.57804745,2.5778975e-06,0,1,0,1
1777316767438000,1777316767320000,1777316767358000,0,-0.070495605,0.5625,0.009929728,0.5779974,6.823525e-06,0,1,0,1
1777316767494000,1777316767372000,1777316767414000,0,-0.06851196,0.5625,0.0078018643,0.57804173,4.2120896e-06,0,1,0,1
1777316767542000,1777316767424000,1777316767462000,0,-0.07949829,0.5625,0.018602893,0.57801116,2.3948855e-05,0,1,0,1
1777316767590000,1777316767476000,1777316767510000,0,-0.070495605,0.5625,0.009103224,0.57796246,5.7352295e-06,0,1,0,1
1777316767646000,1777316767528000,1777316767566000,0,-0.06451416,0.5625,0.0028688535,0.5780077,5.6956475e-07,0,1,0,1
1777316767702000,1777316767580000,1777316767622000,0,-0.0625,0.5625,0.0007810034,0.5780518,4.2208416e-08,0,1,0,1
1777316767750000,1777316767632000,1777316767670000,0,-0.06149292,0.5625,-0.00025470182,0.5780208,4.4893205e-09,0,1,0,1
1777316767806000,1777316767684000,1777316767726000,0,-0.06851196,0.5625,0.00669742,0.5780645,3.103836e-06,0,1,0,1
1777316767854000,1777316767736000,1777316767774000,0,-0.0664978,0.5625,0.004482262,0.57801384,1.3903245e-06,0,1,0,1
1777316767902000,1777316767788000,1777316767822000,0,-0.060516357,0.5625,-0.0016333908,0.577965,1.8464546e-07,0,1,0,1
1777316767958000,1777316767840000,1777316767878000,0,-0.06451416,0.5625,0.0023960657,0.5780103,3.97303e-07,0,1,0,1
1777316768006000,1777316767892000,1777316767926000,0,-0.06750488,0.5625,0.0052173287,0.5779618,1.8838973e-06,0,1,0,1
1777316768062000,1777316767944000,1777316767982000,0,-0.07449341,0.5625,0.011994347,0.5780263,9.955558e-06,0,1,0,1
1777316768110000,1777316767996000,1777316768030000,0,-0.05050659,0.5625,-0.012192689,0.5779771,1.0288412e-05,0,1,0,1
1777316768166000,1777316768048000,1777316768086000,0,-0.03451538,0.5625,-0.027908437,0.5780222,5.389972e-05,0,1,0,1
1777316768214000,1777316768100000,1777316768134000,0,-0.052490234,0.5625,-0.009105027,0.57797325,5.7373945e-06,0,1,0,1
1777316768270000,1777316768152000,1777316768190000,0,-0.057495117,0.5625,-0.003906835,0.5780185,1.056254e-06,0,1,0,1
1777316768318000,1777316768204000,1777316768238000,0,-0.073516846,0.5625,0.0121111795,0.57796973,1.0151443e-05,0,1,0,1
1777316768374000,1777316768256000,1777316768294000,0,-0.060516357,0.5625,-0.001466956,0.5779957,1.4892566e-07,0,1,0,1
1777316768422000,1777316768308000,1777316768342000,0,-0.05050659,0.5625,-0.011489011,0.5779667,9.135293e-06,0,1,0,1
1777316768478000,1777316768360000,1777316768398000,0,-0.057495117,0.5625,-0.0041537173,0.5780116,1.1939807e-06,0,1,0,1
1777316768534000,1777316768412000,1777316768454000,0,-0.042510986,0.5625,-0.01898656,0.5780553,2.4944982e-05,0,1,0,1
1777316768582000,1777316768464000,1777316768502000,0,-0.041503906,0.5625,-0.019091088,0.5780048,2.5222605e-05,0,1,0,1
1777316768630000,1777316768516000,1777316768550000,0,-0.04449463,0.5625,-0.015554491,0.5779561,1.6744678e-05,0,1,0,1
1777316768686000,1777316768568000,1777316768606000,0,-0.04449463,0.5625,-0.015334696,0.5780014,1.6273518e-05,0,1,0,1
1777316768742000,1777316768620000,1777316768662000,0,-0.04550171,0.5625,-0.013847496,0.57804555,1.3269069e-05,0,1,0,1
1777316768790000,1777316768672000,1777316768710000,0,-0.042510986,0.5625,-0.016411547,0.5779956,1.863951e-05,0,1,0,1
1777316768838000,1777316768724000,1777316768758000,0,-0.03451538,0.5625,-0.024008185,0.5779473,3.989242e-05,0,1,0,1
1777316768894000,1777316768776000,1777316768814000,0,-0.040496826,0.5625,-0.017293237,0.5779931,2.0696169e-05,0,1,0,1
1777316768942000,1777316768828000,1777316768862000,0,-0.040496826,0.5625,-0.016842585,0.5779642,1.9632544e-05,0,1,0,1
1777316768998000,1777316768880000,1777316768918000,0,-0.04348755,0.5625,-0.013286788,0.5780095,1.2217013e-05,0,1,0,1
1777316769054000,1777316768932000,1777316768974000,0,-0.04449463,0.5625,-0.01187183,0.5780535,9.752754e-06,0,1,0,1
1777316769102000,1777316768984000,1777316769022000,0,-0.04449463,0.5625,-0.011779264,0.5780033,9.602095e-06,0,1,0,1
1777316769150000,1777316769036000,1777316769070000,0,-0.04849243,0.5625,-0.007398296,0.577955,3.7881691e-06,0,1,0,1
1777316769206000,1777316769088000,1777316769126000,0,-0.04849243,0.5625,-0.007043056,0.5780007,3.432843e-06,0,1,0,1
1777316769262000,1777316769140000,1777316769182000,0,-0.055511475,0.5625,0.0002582781,0.5780451,4.616081e-09,0,1,0,1
1777316769310000,1777316769192000,1777316769230000,0,-0.03149414,0.5625,-0.023750834,0.5779954,3.903852e-05,0,1,0,1
1777316769358000,1777316769244000,1777316769278000,0,-0.037506104,0.5625,-0.017037395,0.57794756,2.008991e-05,0,1,0,1
1777316769414000,1777316769296000,1777316769334000,0,-0.04849243,0.5625,-0.005548522,0.5779937,2.1305486e-06,0,1,0,1
1777316769462000,1777316769348000,1777316769382000,0,-0.05050659,0.5625,-0.0033385865,0.5779647,7.714077e-07,0,1,0,1
1777316769518000,1777316769400000,1777316769438000,0,-0.04751587,0.5625,-0.0061962493,0.5780103,2.6569423e-06,0,1,0,1
1777316769574000,1777316769452000,1777316769494000,0,-0.058502197,0.5625,0.0050066784,0.5780351,1.7346232e-06,0,1,0,1
1777316769622000,1777316769504000,1777316769542000,0,-0.04751587,0.5625,-0.006023776,0.5780048,2.5111124e-06,0,1,0,1
1777316769670000,1777316769556000,1777316769590000,0,-0.05050659,0.5625,-0.0028605014,0.5779566,5.663033e-07,0,1,0,1
1777316769726000,1777316769608000,1777316769646000,0,-0.04949951,0.5625,-0.0036225095,0.5780026,9.081326e-07,0,1,0,1
1777316769782000,1777316769660000,1777316769702000,0,-0.057495117,0.5625,0.004547287,0.5780466,1.4308754e-06,0,1,0,1
1777316769830000,1777316769712000,1777316769750000,0,-0.04650879,0.5625,-0.006497696,0.57799643,2.921821e-06,0,1,0,1
1777316769878000,1777316769764000,1777316769798000,0,-0.06350708,0.5625,0.010870311,0.57794803,8.178152e-06,0,1,0,1
1777316769934000,1777316769816000,1777316769854000,0,-0.057495117,0.5625,0.004670549,0.5779937,1.509638e-06,0,1,0,1
1777316769990000,1777316769868000,1777316769910000,0,-0.057495117,0.5625,0.004444111,0.5780382,1.3667002e-06,0,1,0,1
1777316770038000,1777316769920000,1777316769958000,0,-0.05050659,0.5625,-0.0025877059,0.57800776,4.634001e-07,0,1,0,1
1777316770086000,1777316769972000,1777316770006000,0,-0.058502197,0.5625,0.005508486,0.577959,2.1000396e-06,0,1,0,1
1777316770142000,1777316770024000,1777316770062000,0,-0.06750488,0.5625,0.014415268,0.5780044,1.438051e-05,0,1,0,1
1777316770198000,1777316770076000,1777316770118000,0,-0.084503174,0.5625,0.030986328,0.5780486,6.644095e-05,0,1,0,1
1777316770246000,1777316770128000,1777316770166000,0,-0.071502686,0.5625,0.017193392,0.5779985,2.045768e-05,0,1,0,1
1777316770302000,1777316770180000,1777316770222000,0,-0.0625,0.5625,0.007828925,0.57804286,4.241351e-06,0,1,0,1
1777316770350000,1777316770232000,1777316770270000,0,-0.06451416,0.5625,0.00973922,0.5780122,6.5640415e-06,0,1,0,1
1777316770398000,1777316770284000,1777316770318000,0,-0.072509766,0.5625,0.017474689,0.57796353,2.1133843e-05,0,1,0,1
1777316770454000,1777316770336000,1777316770374000,0,-0.069488525,0.5625,0.014171809,0.57802796,1.3898301e-05,0,1,0,1
1777316770510000,1777316770388000,1777316770430000,0,-0.073516846,0.5625,0.017930407,0.57807136,2.2246355e-05,0,1,0,1
1777316770558000,1777316770440000,1777316770478000,0,-0.069488525,0.5625,0.013497595,0.5780396,1.2607099e-05,0,1,0,1
1777316770614000,1777316770492000,1777316770534000,0,-0.06149292,0.5625,0.005075734,0.5780826,1.782657e-06,0,1,0,1
1777316770662000,1777316770544000,1777316770582000,0,-0.06350708,0.5625,0.007006895,0.5780503,3.3973913e-06,0,1,0,1
1777316770710000,1777316770596000,1777316770630000,0,-0.056488037,0.5625,-1.9185245e-05,0.57800007,2.547222e-11,0,1,0,1
1777316770766000,1777316770648000,1777316770686000,0,-0.057495117,0.5625,0.0010475405,0.5780632,7.5932256e-08,0,1,0,1
1777316770814000,1777316770700000,1777316770734000,0,-0.060516357,0.5625,0.004086066,0.5780125,1.1554031e-06,0,1,0,1
1777316770870000,1777316770752000,1777316770790000,0,-0.054504395,0.5625,-0.0019431189,0.57805616,2.612695e-07,0,1,0,1
1777316770926000,1777316770804000,1777316770846000,0,-0.053497314,0.5625,-0.0027540736,0.57809865,5.2481846e-07,0,1,0,1
1777316770974000,1777316770856000,1777316770894000,0,-0.059509277,0.5625,0.0033276267,0.57804614,7.662433e-07,0,1,0,1
1777316771030000,1777316770908000,1777316770950000,0,-0.06451416,0.5625,0.008179765,0.5780882,4.629643e-06,0,1,0,1
1777316771078000,1777316770960000,1777316770998000,0,-0.0625,0.5625,0.0060358196,0.57803607,2.5210275e-06,0,1,0,1
1777316771134000,1777316771012000,1777316771054000,0,-0.055511475,0.5625,-0.0011369102,0.57807857,8.943869e-08,0,1,0,1
1777316771182000,1777316771064000,1777316771102000,0,-0.058502197,0.5625,0.0016520843,0.5780269,1.8887582e-07,0,1,0,1
1777316771230000,1777316771116000,1777316771150000,0,-0.059509277,0.5625,0.002633471,0.57799643,4.799455e-07,0,1,0,1
1777316771286000,1777316771168000,1777316771206000,0,-0.05050659,0.5625,-0.0066527016,0.57804006,3.0626554e-06,0,1,0,1
1777316771334000,1777316771220000,1777316771254000,0,-0.04550171,0.5625,-0.011494268,0.57800907,9.142984e-06,0,1,0,1
1777316771390000,1777316771272000,1777316771310000,0,-0.059509277,0.5625,0.0028598122,0.57805234,5.659367e-07,0,1,0,1
1777316771446000,1777316771324000,1777316771366000,0,-0.058502197,0.5625,0.0017491356,0.57809436,2.1169382e-07,0,1,0,1
1777316771494000,1777316771376000,1777316771414000,0,-0.059509277,0.5625,0.002669014,0.57804215,4.9294925e-07,0,1,0,1
1777316771542000,1777316771428000,1777316771462000,0,-0.0664978,0.5625,0.009598311,0.57801104,6.3754887e-06,0,1,0,1
1777316771598000,1777316771480000,1777316771518000,0,-0.07751465,0.5625,0.02018163,0.5780543,2.8184077e-05,0,1,0,1
1777316771654000,1777316771532000,1777316771574000,0,-0.07849121,0.5625,0.020626705,0.57809633,2.943876e-05,0,1,0,1
1777316771702000,1777316771584000,1777316771622000,0,-0.070495605,0.5625,0.012265474,0.5780441,1.0410406e-05,0,1,0,1
1777316771750000,1777316771636000,1777316771670000,0,-0.06149292,0.5625,0.0029782094,0.5779938,6.1382883e-07,0,1,0,1
1777316771806000,1777316771688000,1777316771726000,0,-0.054504395,0.5625,-0.0042267255,0.5780378,1.2362657e-06,0,1,0,1
1777316771862000,1777316771740000,1777316771782000,0,-0.056488037,0.5625,-0.002103094,0.57808053,3.0604764e-07,0,1,0,1
1777316771910000,1777316771792000,1777316771830000,0,-0.060516357,0.5625,0.002153352,0.57802904,3.208783e-07,0,1,0,1
1777316771966000,1777316771844000,1777316771886000,0,-0.052490234,0.5625,-0.005863093,0.57807213,2.3786554e-06,0,1,0,1
1777316772014000,1777316771896000,1777316771934000,0,-0.055511475,0.5625,-0.0029266663,0.5780211,5.927379e-07,0,1,0,1
1777316772062000,1777316771948000,1777316771982000,0,-0.06350708,0.5625,0.0051886067,0.5779719,1.8631799e-06,0,1,0,1
1777316772118000,1777316772000000,1777316772038000,0,-0.052490234,0.5625,-0.005833499,0.57801676,2.3549292e-06,0,1,0,1
1777316772166000,1777316772052000,1777316772086000,0,-0.052490234,0.5625,-0.0056503117,0.5779679,2.209536e-06,0,1,0,1
1777316772222000,1777316772104000,1777316772142000,0,-0.04650879,0.5625,-0.011491381,0.578013,9.13833e-06,0,1,0,1
1777316772278000,1777316772156000,1777316772198000,0,-0.04849243,0.5625,-0.009216387,0.5780562,5.8777523e-06,0,1,0,1
1777316772326000,1777316772208000,1777316772246000,0,-0.052490234,0.5625,-0.0049895123,0.5780054,1.7228375e-06,0,1,0,1
1777316772382000,1777316772260000,1777316772302000,0,-0.039489746,0.5625,-0.018026914,0.57804894,2.2487346e-05,0,1,0,1
1777316772430000,1777316772312000,1777316772350000,0,-0.04751587,0.5625,-0.009517826,0.57799834,6.269154e-06,0,1,0,1
1777316772478000,1777316772364000,1777316772398000,0,-0.04849243,0.5625,-0.008174982,0.57794964,4.6253394e-06,0,1,0,1
1777316772534000,1777316772416000,1777316772454000,0,-0.060516357,0.5625,0.004021529,0.57801425,1.1191902e-06,0,1,0,1
1777316772582000,1777316772468000,1777316772502000,0,-0.0625,0.5625,0.005556073,0.5779651,2.1364576e-06,0,1,0,1
1777316772638000,1777316772520000,1777316772558000,0,-0.0625,0.5625,0.0053661615,0.5780292,1.9926804e-06,0,1,0,1
1777316772686000,1777316772572000,1777316772606000,0,-0.059509277,0.5625,0.0023567155,0.5779794,3.8438105e-07,0,1,0,1
1777316772742000,1777316772624000,1777316772662000,0,-0.06750488,0.5625,0.010288756,0.5780238,7.3255464e-06,0,1,0,1
1777316772790000,1777316772676000,1777316772710000,0,-0.0664978,0.5625,0.008999623,0.5779744,5.6053154e-06,0,1,0,1
1777316772846000,1777316772728000,1777316772766000,0,-0.0625,0.5625,0.004739821,0.57801896,1.5546829e-06,0,1,0,1
1777316772902000,1777316772780000,1777316772822000,0,-0.053497314,0.5625,-0.004426565,0.5780624,1.3558729e-06,0,1,0,1
1777316772950000,1777316772832000,1777316772870000,0,-0.06750488,0.5625,0.0096391365,0.5780117,6.429832e-06,0,1,0,1
1777316773006000,1777316772884000,1777316772926000,0,-0.04849243,0.5625,-0.00971742,0.5780555,6.534199e-06,0,1,0,1
1777316773054000,1777316772936000,1777316772974000,0,-0.059509277,0.5625,0.0015073568,0.5780051,1.5723907e-07,0,1,0,1
1777316773102000,1777316772988000,1777316773022000,0,-0.06350708,0.5625,0.0054058805,0.57795656,2.0225427e-06,0,1,0,1
1777316773158000,1777316773040000,1777316773078000,0,-0.06549072,0.5625,0.007130664,0.57800204,3.5187672e-06,0,1,0,1
1777316773206000,1777316773092000,1777316773126000,0,-0.0664978,0.5625,0.007837072,0.57795376,4.250838e-06,0,1,0,1
1777316773262000,1777316773144000,1777316773182000,0,-0.0625,0.5625,0.00355234,0.57799935,8.732964e-07,0,1,0,1
1777316773310000,1777316773196000,1777316773230000,0,-0.06451416,0.5625,0.0054381043,0.57795125,2.0467455e-06,0,1,0,1
1777316773366000,1777316773248000,1777316773286000,0,-0.053497314,0.5625,-0.005809311,0.5779971,2.3355199e-06,0,1,0,1
1777316773422000,1777316773300000,1777316773342000,0,-0.05050659,0.5625,-0.008705564,0.5780418,5.2443847e-06,0,1,0,1
1777316773470000,1777316773352000,1777316773390000,0,-0.04348755,0.5625,-0.015561804,0.57801116,1.6758828e-05,0,1,0,1
1777316773526000,1777316773404000,1777316773446000,0,-0.05050659,0.5625,-0.008204311,0.5780553,4.6577356e-06,0,1,0,1
1777316773574000,1777316773456000,1777316773494000,0,-0.06350708,0.5625,0.004948754,0.57800466,1.6948075e-06,0,1,0,1
1777316773630000,1777316773508000,1777316773550000,0,-0.060516357,0.5625,0.0017420426,0.5780679,2.0999003e-07,0,1,0,1
1777316773678000,1777316773560000,1777316773598000,0,-0.059509277,0.5625,0.00052499026,0.5780167,1.9073136e-08,0,1,0,1
1777316773726000,1777316773612000,1777316773646000,0,-0.036499023,0.5625,-0.022548277,0.5779867,3.5185913e-05,0,1,0,1
1777316773782000,1777316773664000,1777316773702000,0,-0.04449463,0.5625,-0.013980225,0.5780309,1.3524999e-05,0,1,0,1
1777316773830000,1777316773716000,1777316773750000,0,-0.05050659,0.5625,-0.0076207295,0.57798094,4.0192e-06,0,1,0,1
1777316773886000,1777316773768000,1777316773806000,0,-0.057495117,0.5625,-0.00047988817,0.5780253,1.593651e-08,0,1,0,1
1777316773934000,1777316773820000,1777316773854000,0,-0.054504395,0.5625,-0.003491044,0.57797575,8.434532e-07,0,1,0,1
1777316773990000,1777316773872000,1777316773910000,0,-0.058502197,0.5625,0.00044837967,0.5780204,1.39126115e-08,0,1,0,1
1777316774038000,1777316773924000,1777316773958000,0,-0.06750488,0.5625,0.009374067,0.57799035,6.0812877e-06,0,1,0,1
1777316774094000,1777316773976000,1777316774014000,0,-0.06851196,0.5625,0.009893805,0.57803446,6.7738088e-06,0,1,0,1
1777316774150000,1777316774028000,1777316774070000,0,-0.06851196,0.5625,0.009455349,0.5780775,6.186273e-06,0,1,0,1
1777316774198000,1777316774080000,1777316774118000,0,-0.059509277,0.5625,-0.0003403537,0.5780262,8.016291e-09,0,1,0,1
1777316774246000,1777316774132000,1777316774166000,0,-0.058502197,0.5625,-0.0014797784,0.5779767,1.515455e-07,0,1,0,1
1777316774302000,1777316774184000,1777316774222000,0,-0.057495117,0.5625,-0.002586484,0.57802147,4.6295162e-07,0,1,0,1
1777316774350000,1777316774236000,1777316774270000,0,-0.058502197,0.5625,-0.0016117282,0.5779723,1.7977801e-07,0,1,0,1
1777316774406000,1777316774288000,1777316774326000,0,-0.057495117,0.5625,-0.0028528757,0.5780173,5.632288e-07,0,1,0,1
1777316774454000,1777316774340000,1777316774374000,0,-0.051513672,0.5625,-0.008940056,0.57796836,5.5314167e-06,0,1,0,1
1777316774510000,1777316774392000,1777316774430000,0,-0.069488525,0.5625,0.009077765,0.57801354,5.702691e-06,0,1,0,1
1777316774558000,1777316774444000,1777316774478000,0,-0.070495605,0.5625,0.009706158,0.57798374,6.5198724e-06,0,1,0,1
1777316774614000,1777316774496000,1777316774534000,0,-0.071502686,0.5625,0.010200173,0.57802856,7.199888e-06,0,1,0,1
1777316774670000,1777316774548000,1777316774590000,0,-0.059509277,0.5625,-0.0022214204,0.5780911,3.4144853e-07,0,1,0,1
1777316774718000,1777316774600000,1777316774638000,0,-0.053497314,0.5625,-0.008306619,0.57803947,4.7747544e-06,0,1,0,1
1777316774766000,1777316774652000,1777316774686000,0,-0.0664978,0.5625,0.0045716837,0.5780087,1.4463651e-06,0,1,0,1
1777316774822000,1777316774704000,1777316774742000,0,-0.073516846,0.5625,0.009922124,0.57805264,6.812428e-06,0,1,0,1
1777316774870000,1777316774756000,1777316774790000,0,-0.07449341,0.5625,0.008882381,0.57800245,5.4599554e-06,0,1,0,1
1777316774926000,1777316774808000,1777316774846000,0,-0.073516846,0.5625,0.004141718,0.5780466,1.1870204e-06,0,1,0,1
1777316774982000,1777316774860000,1777316774902000,0,-0.070495605,0.5625,-0.0041486695,0.57808894,1.1909212e-06,0,1,0,1
1777316775030000,1777316774912000,1777316774950000,0,-0.06149292,0.5625,-0.018757395,0.5780368,2.434723e-05,0,1,0,1
1777316775086000,1777316774964000,1777316775006000,0,-0.070495605,0.5625,-0.018874079,0.5780794,2.4649267e-05,0,1,0,1
1777316775134000,1777316775016000,1777316775054000,0,-0.08248901,0.5625,-0.016890272,0.5780278,1.9741701e-05,0,1,0,1
1777316775190000,1777316775068000,1777316775110000,0,-0.08850098,0.5625,-0.026304334,0.57807076,4.787774e-05,0,1,0,1
1777316775238000,1777316775120000,1777316775158000,0,-0.102508545,0.5625,-0.027239785,0.5780195,5.1348157e-05,0,1,0,1
1777316775294000,1777316775172000,1777316775214000,0,-0.11450195,0.5625,-0.036331877,0.5780628,9.133993e-05,0,1,0,1
1777316775342000,1777316775224000,1777316775262000,0,-0.14450073,0.5625,-0.025985837,0.5780119,4.6730092e-05,0,1,0,1
1777316775398000,1777316775276000,1777316775318000,0,-0.16751099,0.5625,-0.029308543,0.5780555,5.944001e-05,0,1,0,1
1777316775446000,1777316775328000,1777316775366000,0,-0.20150757,0.5625,-0.01942411,0.5780049,2.6110232e-05,0,1,0,1
1777316775502000,1777316775380000,1777316775422000,0,-0.22650146,0.5625,-0.025907427,0.57804877,4.6445544e-05,0,1,0,1
1777316775550000,1777316775432000,1777316775470000,0,-0.2625122,0.5625,-0.018220544,0.5779986,2.2975019e-05,0,1,0,1
1777316775598000,1777316775484000,1777316775518000,0,-0.29849243,0.5625,-0.013124764,0.57795024,1.1922094e-05,0,1,0,1
1777316775654000,1777316775536000,1777316775574000,0,-0.3334961,0.5625,-0.016601682,0.5780149,1.9073268e-05,0,1,0,1
1777316775710000,1777316775588000,1777316775630000,0,-0.37649536,0.5625,-0.014653683,0.57805854,1.4858731e-05,0,1,0,1
1777316775758000,1777316775640000,1777316775678000,0,-0.40951538,0.5625,-0.018479645,0.5780271,2.3631921e-05,0,1,0,1
1777316775806000,1777316775692000,1777316775726000,0,-0.44448853,0.5625,-0.02229017,0.5779777,3.4385524e-05,0,1,0,1
1777316775862000,1777316775744000,1777316775782000,0,-0.48651123,0.5625,-0.027734578,0.5780224,5.323024e-05,0,1,0,1
1777316775918000,1777316775796000,1777316775838000,0,-0.536499,0.5625,-0.027341306,0.57806593,5.1727457e-05,0,1,0,1
1777316775966000,1777316775848000,1777316775886000,0,-0.5794983,0.5625,-0.028509736,0.57801527,5.6247998e-05,0,1,0,1
1777316776022000,1777316775900000,1777316775942000,0,-0.6375122,0.5625,-0.02447486,0.57805914,4.1450345e-05,0,1,0,1
1777316776070000,1777316775952000,1777316775990000,0,-0.68148804,0.5625,-0.028423011,0.5780088,5.590694e-05,0,1,0,1
1777316776118000,1777316776004000,1777316776038000,0,-0.72750854,0.5625,-0.031937063,0.57796025,7.059143e-05,0,1,0,1
1777316776174000,1777316776056000,1777316776094000,0,-0.76950073,0.5625,-0.050124884,0.57798636,0.0001738798,0,1,0,1
1777316776222000,1777316776108000,1777316776142000,0,-0.83151245,0.5625,-0.040432334,0.5779576,0.00011314143,0,1,0,1
1777316776278000,1777316776160000,1777316776198000,0,-0.89151,0.5625,-0.04457754,0.5779838,0.00013752337,0,1,0,1
1777316776326000,1777316776212000,1777316776246000,0,-0.96051025,0.5625,-0.03188449,0.5779358,7.036219e-05,0,1,0,1
1777316776382000,1777316776264000,1777316776302000,0,-1.0195007,0.5625,-0.04125619,0.57798177,0.00011779425,0,1,0,1
1777316776430000,1777316776316000,1777316776350000,0,-1.0864868,0.5625,-0.034032583,0.5779339,8.016257e-05,0,1,0,1
1777316776486000,1777316776368000,1777316776406000,0,-1.161499,0.5625,-0.031126857,0.57798,6.7052926e-05,0,1,0,1
1777316776534000,1777316776420000,1777316776454000,0,-1.2294922,0.5625,-0.026035905,0.57793236,4.6916794e-05,0,1,0,1
1777316776590000,1777316776472000,1777316776510000,0,-1.3034973,0.5625,-0.026101947,0.5779786,4.715134e-05,0,1,0,1
1777316776646000,1777316776524000,1777316776566000,0,-1.3724976,0.5625,-0.031588078,0.57804286,6.9047244e-05,0,1,0,1
1777316776694000,1777316776576000,1777316776614000,0,-1.4404907,0.5625,-0.027549744,0.57799304,5.252578e-05,0,1,0,1
1777316776750000,1777316776628000,1777316776670000,0,-1.4974976,0.5625,-0.045761824,0.57803756,0.00014491407,0,1,0,1
1777316776798000,1777316776680000,1777316776718000,0,-1.5645142,0.5625,-0.043191075,0.577988,0.00012910088,0,1,0,1
1777316776846000,1777316776732000,1777316776766000,0,-1.635498,0.5625,-0.036768317,0.5779593,9.356432e-05,0,1,0,1
1777316776902000,1777316776784000,1777316776822000,0,-1.7235107,0.5625,-0.024755001,0.5780047,4.2408654e-05,0,1,0,1
1777316776950000,1777316776836000,1777316776870000,0,-1.7894897,0.5625,-0.0247854,0.5779563,4.2516433e-05,0,1,0,1
1777316777006000,1777316776888000,1777316776926000,0,-1.8695068,0.5625,-0.021975279,0.57800204,3.3419456e-05,0,1,0,1
1777316777054000,1777316776940000,1777316776974000,0,-1.943512,0.5625,-0.014661431,0.5779538,1.4877146e-05,0,1,0,1
1777316777110000,1777316776992000,1777316777030000,0,-2.0274963,0.5625,-0.008920908,0.5779996,5.50745e-06,0,1,0,1
1777316777166000,1777316777044000,1777316777086000,0,-2.1075134,0.5625,-0.007469654,0.57804424,3.861001e-06,0,1,0,1
1777316777214000,1777316777096000,1777316777134000,0,-2.1784973,0.5625,-0.0044047832,0.5779947,1.3427193e-06,0,1,0,1
1777316777270000,1777316777148000,1777316777190000,0,-2.259491,0.5625,-0.0026171207,0.57803947,4.7396907e-07,0,1,0,1
1777316777318000,1777316777200000,1777316777238000,0,-2.3194885,0.5625,-0.011087656,0.5779901,8.507835e-06,0,1,0,1
1777316777374000,1777316777252000,1777316777294000,0,-2.384491,0.5625,-0.025691986,0.5780157,4.567891e-05,0,1,0,1
1777316777422000,1777316777304000,1777316777342000,0,-2.4735107,0.5625,-0.0046539307,0.5779861,1.4989337e-06,0,1,0,1
1777316777470000,1777316777356000,1777316777390000,0,-2.5475159,0.5625,0.00023984909,0.57793874,3.9815697e-09,0,1,0,1
1777316777526000,1777316777408000,1777316777446000,0,-2.6365051,0.5625,0.008540392,0.5779659,5.0479307e-06,0,1,0,1
1777316777582000,1777316777460000,1777316777502000,0,-2.7105103,0.5625,0.0014548302,0.5780113,1.4646986e-07,0,1,0,1
1777316777630000,1777316777512000,1777316777550000,0,-2.791504,0.5625,0.012657881,0.5779626,1.1088741e-05,0,1,0,1
1777316777686000,1777316777564000,1777316777606000,0,-2.85849,0.5625,-0.0018284321,0.57800806,2.313576e-07,0,1,0,1
1777316777734000,1777316777616000,1777316777654000,0,-2.931488,0.5625,0.001342535,0.57795954,1.2474231e-07,0,1,0,1
1777316777790000,1777316777668000,1777316777710000,0,-3.0065002,0.5625,-0.005208969,0.57800525,1.877724e-06,0,1,0,1
1777316777838000,1777316777720000,1777316777758000,0,-3.0765076,0.5625,-0.0051198006,0.5779761,1.8140789e-06,0,1,0,1
1777316777886000,1777316777772000,1777316777806000,0,-3.1505127,0.5625,-0.0015308857,0.5779287,1.6220761e-07,0,1,0,1
1777316777942000,1777316777824000,1777316777862000,0,-3.234497,0.5625,0.0008099079,0.5779944,4.539496e-08,0,1,0,1
1777316777998000,1777316777876000,1777316777918000,0,-3.3225098,0.5625,0.006719351,0.57803905,3.124334e-06,0,1,0,1
1777316778046000,1777316777928000,1777316777966000,0,-3.410492,0.5625,0.02374816,0.5779894,3.9030132e-05,0,1,0,1
1777316778094000,1777316777980000,1777316778014000,0,-3.4974976,0.5625,0.039052725,0.5779416,0.00010555498,0,1,0,1
1777316778150000,1777316778032000,1777316778070000,0,-3.568512,0.5625,0.02653718,0.57798773,4.8736114e-05,0,1,0,1
1777316778206000,1777316778084000,1777316778126000,0,-3.642517,0.5625,0.01714468,0.57803273,2.034072e-05,0,1,0,1
1777316778254000,1777316778136000,1777316778174000,0,-3.7185059,0.5625,0.021739244,0.57798344,3.2706455e-05,0,1,0,1
1777316778310000,1777316778188000,1777316778230000,0,-3.787506,0.5625,0.007664442,0.57802856,4.0651053e-06,0,1,0,1
1777316778358000,1777316778240000,1777316778278000,0,-3.884491,0.5625,0.03306365,0.57797956,7.565699e-05,0,1,0,1
1777316778414000,1777316778292000,1777316778334000,0,-3.957489,0.5625,0.022272348,0.5780249,3.4327757e-05,0,1,0,1
1777316778462000,1777316778344000,1777316778382000,0,-4.0245056,0.5625,0.017452717,0.577995,2.107958e-05,0,1,0,1
1777316778518000,1777316778396000,1777316778438000,0,-4.109497,0.5625,0.018572807,0.57803977,2.3870272e-05,0,1,0,1
1777316778566000,1777316778448000,1777316778486000,0,-4.191498,0.5625,0.028602123,0.5779904,5.6615572e-05,0,1,0,1
1777316778622000,1777316778500000,1777316778542000,0,-4.2724915,0.5625,0.025369167,0.5780355,4.453669e-05,0,1,0,1
1777316778670000,1777316778552000,1777316778590000,0,-4.3525085,0.5625,0.033350468,0.5780051,7.69719e-05,0,1,0,1
1777316778726000,1777316778604000,1777316778646000,0,-4.4244995,0.5625,0.02110529,0.5780496,3.0823187e-05,0,1,0,1
1777316778774000,1777316778656000,1777316778694000,0,-4.4985046,0.5625,0.023091793,0.5779992,3.6901845e-05,0,1,0,1
1777316778822000,1777316778708000,1777316778742000,0,-4.5704956,0.5625,0.022983551,0.57797,3.6558544e-05,0,1,0,1
1777316778878000,1777316778760000,1777316778798000,0,-4.6445007,0.5625,0.012474537,0.57799596,1.0769216e-05,0,1,0,1
1777316778934000,1777316778812000,1777316778854000,0,-4.718506,0.5625,0.0026755333,0.5780402,4.95362e-07,0,1,0,1
1777316778982000,1777316778864000,1777316778902000,0,-4.7984924,0.5625,0.010998249,0.5779903,8.3711775e-06,0,1,0,1
1777316779038000,1777316778916000,1777316778958000,0,-4.8724976,0.5625,0.0012331009,0.5780347,1.0522121e-07,0,1,0,1
1777316779086000,1777316778968000,1777316779006000,0,-4.9515076,0.5625,0.008481026,0.577985,4.9778314e-06,0,1,0,1
1777316779142000,1777316779020000,1777316779062000,0,-5.021515,0.5625,-0.0052495003,0.5780297,1.9069784e-06,0,1,0,1
1777316779190000,1777316779072000,1777316779110000,0,-5.0964966,0.5625,-0.0018515587,0.57798034,2.3725856e-07,0,1,0,1
1777316779238000,1777316779124000,1777316779158000,0,-5.1765137,0.5625,0.0066184998,0.57795185,3.0317085e-06,0,1,0,1
1777316779294000,1777316779176000,1777316779214000,0,-5.255493,0.5625,0.0017933846,0.5779974,2.2257734e-07,0,1,0,1
1777316779350000,1777316779228000,1777316779270000,0,-5.334503,0.5625,-0.0028662682,0.5780418,5.6850513e-07,0,1,0,1
1777316779398000,1777316779280000,1777316779318000,0,-5.4184875,0.5625,0.0092282295,0.577992,5.8935225e-06,0,1,0,1
1777316779454000,1777316779332000,1777316779374000,0,-5.5025024,0.5625,0.009309769,0.57803655,5.9976687e-06,0,1,0,1
1777316779502000,1777316779384000,1777316779422000,0,-5.5954895,0.5625,0.0303154,0.577987,6.360166e-05,0,1,0,1
1777316779550000,1777316779436000,1777316779470000,0,-5.6505127,0.5625,0.012735844,0.57793933,1.12262105e-05,0,1,0,1
1777316779606000,1777316779488000,1777316779526000,0,-5.7275085,0.5625,0.0058226585,0.5779855,2.3463117e-06,0,1,0,1
1777316779662000,1777316779540000,1777316779582000,0,-5.796509,0.5625,-0.009147644,0.57803047,5.790656e-06,0,1,0,1
1777316779710000,1777316779592000,1777316779630000,0,-5.8815002,0.5625,0.0039281845,0.5779813,1.0678984e-06,0,1,0,1
1777316779758000,1777316779644000,1777316779678000,0,-5.9664917,0.5625,0.016593456,0.57793397,1.905704e-05,0,1,0,1
1777316779814000,1777316779696000,1777316779734000,0,-6.058502,0.5625,0.023954391,0.5779806,3.971157e-05,0,1,0,1
1777316779862000,1777316779748000,1777316779782000,0,-6.1315002,0.5625,0.024071693,0.5779333,4.0104725e-05,0,1,0,1
1777316779918000,1777316779800000,1777316779838000,0,-6.235504,0.5625,0.043390274,0.5779799,0.00013029628,0,1,0,1
1777316779966000,1777316779852000,1777316779886000,0,-6.311493,0.5625,0.045959473,0.57793283,0.00014619506,0,1,0,1
1777316780022000,1777316779904000,1777316779942000,0,-6.3835144,0.5625,0.03270197,0.5779797,7.4010815e-05,0,1,0,1
1777316780078000,1777316779956000,1777316779998000,0,-6.453491,0.5625,0.017440319,0.5780245,2.104857e-05,0,1,0,1
1777316780126000,1777316780008000,1777316780046000,0,-6.546509,0.5625,0.03772068,0.5779752,9.847133e-05,0,1,0,1
1777316780182000,1777316780060000,1777316780102000,0,-6.6065063,0.5625,0.012561798,0.5780203,1.0919947e-05,0,1,0,1
1777316780230000,1777316780112000,1777316780150000,0,-6.686493,0.5625,0.019843102,0.5779712,2.72504e-05,0,1,0,1
1777316780286000,1777316780164000,1777316780206000,0,-6.7565002,0.5625,0.005059719,0.5780164,1.7716284e-06,0,1,0,1
1777316780334000,1777316780216000,1777316780254000,0,-6.8504944,0.5625,0.026550293,0.5779675,4.8785998e-05,0,1,0,1
1777316780382000,1777316780268000,1777316780302000,0,-6.9345093,0.5625,0.03734827,0.5779205,9.6545686e-05,0,1,0,1
1777316780438000,1777316780320000,1777316780358000,0,-7.013489,0.5625,0.030967236,0.5779672,6.636845e-05,0,1,0,1
1777316780494000,1777316780372000,1777316780414000,0,-7.0794983,0.5625,0.011875153,0.5780127,9.758904e-06,0,1,0,1
1777316780542000,1777316780424000,1777316780462000,0,-7.156494,0.5625,0.016181946,0.5779641,1.8122604e-05,0,1,0,1
1777316780590000,1777316780476000,1777316780510000,0,-7.239502,0.5625,0.026392937,0.5779174,4.821361e-05,0,1,0,1
1777316780646000,1777316780528000,1777316780566000,0,-7.32251,0.5625,0.02427721,0.57796437,4.0790263e-05,0,1,0,1
1777316780702000,1777316780580000,1777316780622000,0,-7.4045105,0.5625,0.021288395,0.5780101,3.136248e-05,0,1,0,1
1777316780750000,1777316780632000,1777316780670000,0,-7.488495,0.5625,0.03243828,0.5779808,7.2821924e-05,0,1,0,1
1777316780806000,1777316780684000,1777316780726000,0,-7.564514,0.5625,0.023048878,0.5780261,3.67631e-05,0,1,0,1
1777316780854000,1777316780736000,1777316780774000,0,-7.639496,0.5625,0.024926186,0.5779771,4.2999265e-05,0,1,0,1
1777316780910000,1777316780788000,1777316780830000,0,-7.7105103,0.5625,0.010957241,0.57802254,8.308405e-06,0,1,0,1
1777316780958000,1777316780840000,1777316780878000,0,-7.7894897,0.5625,0.017959595,0.5779738,2.2322607e-05,0,1,0,1
1777316781006000,1777316780892000,1777316780926000,0,-7.865509,0.5625,0.022948265,0.5779269,3.6449102e-05,0,1,0,1
1777316781062000,1777316780944000,1777316780982000,0,-7.9525146,0.5625,0.028477669,0.5779738,5.6125562e-05,0,1,0,1
1777316781118000,1777316780996000,1777316781038000,0,-8.031494,0.5625,0.027292252,0.5780194,5.154616e-05,0,1,0,1
1777316781166000,1777316781048000,1777316781086000,0,-8.107513,0.5625,0.035689354,0.577971,8.815183e-05,0,1,0,1
1777316781222000,1777316781100000,1777316781142000,0,-8.176514,0.5625,0.027169228,0.5780168,5.108273e-05,0,1,0,1
1777316781270000,1777316781152000,1777316781190000,0,-8.239502,0.5625,0.02496624,0.5779685,4.313821e-05,0,1,0,1
1777316781318000,1777316781204000,1777316781238000,0,-8.306488,0.5625,0.028042793,0.5779219,5.4429376e-05,0,1,0,1
1777316781374000,1777316781256000,1777316781294000,0,-8.3815,0.5625,0.029872894,0.5779499,6.176244e-05,0,1,0,1
1777316781422000,1777316781308000,1777316781342000,0,-8.458496,0.5625,0.045430183,0.57792276,0.00014284966,0,1,0,1
1777316781478000,1777316781360000,1777316781398000,0,-8.515503,0.5625,0.032040596,0.5779508,7.105102e-05,0,1,0,1
1777316781534000,1777316781412000,1777316781454000,0,-8.571503,0.5625,0.01943016,0.57799685,2.6126863e-05,0,1,0,1
1777316781582000,1777316781464000,1777316781502000,0,-8.629517,0.5625,0.019851685,0.5779489,2.7275033e-05,0,1,0,1
1777316781638000,1777316781516000,1777316781558000,0,-8.681488,0.5625,0.006690979,0.57801443,3.098137e-06,0,1,0,1
1777316781686000,1777316781568000,1777316781606000,0,-8.741516,0.5625,0.01239872,0.5779658,1.0639263e-05,0,1,0,1
1777316781734000,1777316781620000,1777316781654000,0,-8.811493,0.5625,0.028922081,0.57791895,5.7896475e-05,0,1,0,1
1777316781790000,1777316781672000,1777316781710000,0,-8.859497,0.5625,0.015901566,0.577966,1.7499977e-05,0,1,0,1
1777316781846000,1777316781724000,1777316781766000,0,-8.913513,0.5625,0.0108270645,0.57801163,8.112316e-06,0,1,0,1
1777316781894000,1777316781776000,1777316781814000,0,-8.964508,0.5625,0.012299538,0.57796323,1.0469776e-05,0,1,0,1
1777316781950000,1777316781828000,1777316781870000,0,-9.021515,0.5625,0.01311779,0.5780091,1.1908215e-05,0,1,0,1
1777316781998000,1777316781880000,1777316781918000,0,-9.086517,0.5625,0.031211853,0.5779609,6.7421846e-05,0,1,0,1
1777316782054000,1777316781932000,1777316781974000,0,-9.142517,0.5625,0.033654213,0.57800686,7.8380115e-05,0,1,0,1
1777316782102000,1777316781984000,1777316782022000,0,-9.185516,0.5625,0.0317955,0.57795876,6.99672e-05,0,1,0,1
1777316782150000,1777316782036000,1777316782070000,0,-9.238495,0.5625,0.04111767,0.57791245,0.00011701859,0,1,0,1
1777316782206000,1777316782088000,1777316782126000,0,-9.276489,0.5625,0.02972889,0.5779599,6.1167346e-05,0,1,0,1
1777316782262000,1777316782140000,1777316782182000,0,-9.317505,0.5625,0.023233414,0.57802504,3.7354195e-05,0,1,0,1
1777316782310000,1777316782192000,1777316782230000,0,-9.354492,0.5625,0.020828247,0.57797635,3.002309e-05,0,1,0,1
1777316782358000,1777316782244000,1777316782278000,0,-9.393494,0.5625,0.021518707,0.5779294,3.2049225e-05,0,1,0,1
1777316782414000,1777316782296000,1777316782334000,0,-9.436493,0.5625,0.02172947,0.5779764,3.2677446e-05,0,1,0,1
1777316782470000,1777316782348000,1777316782390000,0,-9.476501,0.5625,0.021372795,0.57802206,3.1610998e-05,0,1,0,1
1777316782518000,1777316782400000,1777316782438000,0,-9.537506,0.5625,0.050026894,0.5779736,0.00017320446,0,1,0,1
1777316782574000,1777316782452000,1777316782494000,0,-9.563507,0.5625,0.041685104,0.5780188,0.000120248544,0,1,0,1
1777316782622000,1777316782504000,1777316782542000,0,-9.600494,0.5625,0.05246067,0.5779892,0.00019046181,0,1,0,1
1777316782678000,1777316782556000,1777316782598000,0,-9.624512,0.5625,0.051078796,0.57801497,0.00018055196,0,1,0,1
1777316782726000,1777316782608000,1777316782646000,0,-9.644501,0.5625,0.053668976,0.57796615,0.00019934447,0,1,0,1
1777316782774000,1777316782660000,1777316782694000,0,-9.6545105,0.5625,0.05090332,0.5779192,0.00017934327,0,1,0,1
1777316782830000,1777316782712000,1777316782750000,0,-9.668488,0.5625,0.056438446,0.5779853,0.00022044148,0,1,0,1
1777316782878000,1777316782764000,1777316782798000,0,-9.681488,0.5625,0.06587505,0.57793754,0.00030034545,0,1,0,1
1777316782934000,1777316782816000,1777316782854000,0,-9.665497,0.5625,0.050198555,0.5779838,0.00017439209,0,1,0,1
1777316782990000,1777316782868000,1777316782910000,0,-9.652496,0.5625,0.041628838,0.5780288,0.000119922064,0,1,0,1
1777316783038000,1777316782920000,1777316782958000,0,-9.659515,0.5625,0.055329323,0.57797956,0.0002118645,0,1,0,1
1777316783094000,1777316782972000,1777316783014000,0,-9.645508,0.5625,0.051707268,0.5780247,0.0001850192,0,1,0,1
1777316783142000,1777316783024000,1777316783062000,0,-9.635498,0.5625,0.052251816,0.5779949,0.00018894646,0,1,0,1
1777316783190000,1777316783076000,1777316783110000,0,-9.624512,0.5625,0.05294323,0.5779469,0.00019399606,0,1,0,1
1777316783246000,1777316783128000,1777316783166000,0,-9.611511,0.5625,0.054205894,0.57799286,0.00020334362,0,1,0,1
1777316783302000,1777316783180000,1777316783222000,0,-9.591492,0.5625,0.048409462,0.5780376,0.00016216772,0,1,0,1
1777316783350000,1777316783232000,1777316783270000,0,-9.554504,0.5625,0.023765564,0.5780073,3.9086153e-05,0,1,0,1
1777316783398000,1777316783284000,1777316783318000,0,-9.540497,0.5625,0.02232647,0.5779589,3.4498735e-05,0,1,0,1
1777316783454000,1777316783336000,1777316783374000,0,-9.5065,0.5625,0.002286911,0.5780237,3.6192026e-07,0,1,0,1
1777316783502000,1777316783388000,1777316783422000,0,-9.502502,0.5625,0.010829926,0.57797456,8.117125e-06,0,1,0,1
1777316783558000,1777316783440000,1777316783478000,0,-9.488495,0.5625,0.010765076,0.57801974,8.019578e-06,0,1,0,1
1777316783614000,1777316783492000,1777316783534000,0,-9.475494,0.5625,0.011672974,0.5780637,9.4286015e-06,0,1,0,1
1777316783662000,1777316783544000,1777316783582000,0,-9.474487,0.5625,0.022863388,0.5780133,3.617457e-05,0,1,0,1
1777316783710000,1777316783596000,1777316783630000,0,-9.454498,0.5625,0.014389992,0.5779647,1.4331108e-05,0,1,0,1
1777316783766000,1777316783648000,1777316783686000,0,-9.428497,0.5625,0.0015697479,0.5780103,1.7052349e-07,0,1,0,1
1777316783822000,1777316783700000,1777316783742000,0,-9.410492,0.5625,-0.003353119,0.5780547,7.780167e-07,0,1,0,1
1777316783870000,1777316783752000,1777316783790000,0,-9.403503,0.5625,0.0012512207,0.5780237,1.0833835e-07,0,1,0,1
1777316783918000,1777316783804000,1777316783838000,0,-9.394501,0.5625,0.0033140182,0.5779748,7.600828e-07,0,1,0,1
1777316783974000,1777316783856000,1777316783894000,0,-9.377502,0.5625,-0.0017967224,0.57800066,2.2340538e-07,0,1,0,1
1777316784030000,1777316783908000,1777316783950000,0,-9.363495,0.5625,-0.004310608,0.57804465,1.2858065e-06,0,1,0,1
1777316784078000,1777316783960000,1777316783998000,0,-9.350494,0.5625,-0.0074243546,0.5779945,3.8146409e-06,0,1,0,1
1777316784134000,1777316784012000,1777316784054000,0,-9.355499,0.5625,0.0081243515,0.57805824,4.567366e-06,0,1,0,1
1777316784182000,1777316784064000,1777316784102000,0,-9.346497,0.5625,0.0077085495,0.5780076,4.1121766e-06,0,1,0,1
1777316784230000,1777316784116000,1777316784150000,0,-9.332489,0.5625,0.0018224716,0.5779587,2.2987129e-07,0,1,0,1
1777316784286000,1777316784168000,1777316784206000,0,-9.311493,0.5625,-0.010859489,0.5780038,8.161089e-06,0,1,0,1
1777316784334000,1777316784220000,1777316784254000,0,-9.297516,0.5625,-0.017446518,0.5779744,2.1065362e-05,0,1,0,1
1777316784390000,1777316784272000,1777316784310000,0,-9.286499,0.5625,-0.020715714,0.578019,2.9697347e-05,0,1,0,1
1777316784438000,1777316784324000,1777316784358000,0,-9.280518,0.5625,-0.020245552,0.5779696,2.8367052e-05,0,1,0,1
1777316784494000,1777316784376000,1777316784414000,0,-9.274506,0.5625,-0.01980114,0.57801425,2.713325e-05,0,1,0,1
1777316784550000,1777316784428000,1777316784470000,0,-9.267517,0.5625,-0.020860672,0.57805765,3.0112404e-05,0,1,0,1
1777316784598000,1777316784480000,1777316784518000,0,-9.252502,0.5625,-0.030706406,0.57800686,6.525067e-05,0,1,0,1
1777316784646000,1777316784532000,1777316784566000,0,-9.238495,0.5625,-0.03997612,0.5779578,0.00011060255,0,1,0,1
1777316784702000,1777316784584000,1777316784622000,0,-9.231506,0.5625,-0.041814804,0.5780026,0.00012100138,0,1,0,1
1777316784758000,1777316784636000,1777316784678000,0,-9.218506,0.5625,-0.049951553,0.578046,0.00017266153,0,1,0,1
1777316784806000,1777316784688000,1777316784726000,0,-9.229492,0.5625,-0.0341568,0.57799554,8.07402e-05,0,1,0,1
1777316784862000,1777316784740000,1777316784782000,0,-9.23349,0.5625,-0.02594471,0.578039,4.6580106e-05,0,1,0,1
1777316784910000,1777316784792000,1777316784830000,0,-9.215515,0.5625,-0.04034233,0.5779886,0.00011263223,0,1,0,1
1777316784966000,1777316784844000,1777316784886000,0,-9.213501,0.5625,-0.03844261,0.5780323,0.00010226656,0,1,0,1
1777316785014000,1777316784896000,1777316784934000,0,-9.213501,0.5625,-0.034802437,0.57798225,8.38233e-05,0,1,0,1
1777316785062000,1777316784948000,1777316784982000,0,-9.215515,0.5625,-0.029575348,0.5779339,6.0539875e-05,0,1,0,1
1777316785118000,1777316785000000,1777316785038000,0,-9.227509,0.5625,-0.014795303,0.5779791,1.5149406e-05,0,1,0,1
1777316785166000,1777316785052000,1777316785086000,0,-9.215515,0.5625,-0.024674416,0.5779309,4.213838e-05,0,1,0,1
1777316785222000,1777316785104000,1777316785142000,0,-9.208496,0.5625,-0.029675484,0.5779764,6.094604e-05,0,1,0,1
1777316785270000,1777316785156000,1777316785190000,0,-9.203491,0.5625,-0.032896042,0.5779471,7.48961e-05,0,1,0,1
1777316785326000,1777316785208000,1777316785246000,0,-9.204498,0.5625,-0.03023529,0.5779726,6.326755e-05,0,1,0,1
1777316785382000,1777316785260000,1777316785302000,0,-9.203491,0.5625,-0.030175209,0.5780163,6.30116e-05,0,1,0,1
1777316785430000,1777316785312000,1777316785350000,0,-9.205505,0.5625,-0.02721119,0.5779857,5.12434e-05,0,1,0,1
1777316785478000,1777316785364000,1777316785398000,0,-9.212494,0.5625,-0.01930046,0.57793677,2.5781905e-05,0,1,0,1
1777316785534000,1777316785416000,1777316785454000,0,-9.218506,0.5625,-0.013195038,0.57798153,1.2049452e-05,0,1,0,1
1777316785582000,1777316785468000,1777316785502000,0,-9.205505,0.5625,-0.026128769,0.57793295,4.7252026e-05,0,1,0,1
1777316785638000,1777316785520000,1777316785558000,0,-9.198517,0.5625,-0.03338909,0.5779779,7.715391e-05,0,1,0,1
1777316785686000,1777316785572000,1777316785606000,0,-9.196503,0.5625,-0.035126686,0.57792956,8.540031e-05,0,1,0,1
1777316785742000,1777316785624000,1777316785662000,0,-9.201508,0.5625,-0.030338287,0.5779749,6.369907e-05,0,1,0,1
1777316785798000,1777316785676000,1777316785718000,0,-9.194489,0.5625,-0.037700653,0.57801914,9.835932e-05,0,1,0,1
1777316785846000,1777316785728000,1777316785766000,0,-9.183502,0.5625,-0.048475266,0.5779696,0.00016262803,0,1,0,1
1777316785902000,1777316785780000,1777316785822000,0,-9.189514,0.5625,-0.04244995,0.57801414,0.00012470271,0,1,0,1
1777316785950000,1777316785832000,1777316785870000,0,-9.184509,0.5625,-0.047297478,0.57796496,0.00015482263,0,1,0,1
1777316786006000,1777316785884000,1777316785926000,0,-9.183502,0.5625,-0.048773766,0.57800996,0.00016462556,0,1,0,1
1777316786054000,1777316785936000,1777316785974000,0,-9.183502,0.5625,-0.048906326,0.5779611,0.00016553562,0,1,0,1
1777316786102000,1777316785988000,1777316786022000,0,-9.171509,0.5625,-0.061275482,0.57791406,0.0002598784,0,1,0,1
1777316786158000,1777316786040000,1777316786078000,0,-9.182495,0.5625,-0.05102825,0.5779607,0.00018021172,0,1,0,1
1777316786214000,1777316786092000,1777316786134000,0,-9.188507,0.5625,-0.04616356,0.5780062,0.00014747759,0,1,0,1
1777316786262000,1777316786144000,1777316786182000,0,-9.189514,0.5625,-0.046149254,0.5779578,0.00014739855,0,1,0,1
1777316786310000,1777316786196000,1777316786230000,0,-9.208496,0.5625,-0.02795887,0.5779112,5.4105087e-05,0,1,0,1
1777316786366000,1777316786248000,1777316786286000,0,-9.211517,0.5625,-0.027273178,0.5779582,5.1479587e-05,0,1,0,1
1777316786414000,1777316786300000,1777316786334000,0,-9.19751,0.5625,-0.04313469,0.5779118,0.000128781,0,1,0,1
1777316786470000,1777316786352000,1777316786390000,0,-9.212494,0.5625,-0.030465126,0.5779588,6.42346e-05,0,1,0,1
1777316786526000,1777316786404000,1777316786446000,0,-9.205505,0.5625,-0.039868355,0.5779852,0.00011000182,0,1,0,1
1777316786574000,1777316786456000,1777316786494000,0,-9.21051,0.5625,-0.036977768,0.5779372,9.463695e-05,0,1,0,1
1777316786622000,1777316786508000,1777316786542000,0,-9.218506,0.5625,-0.03113556,0.5779101,6.709853e-05,0,1,0,1
1777316786678000,1777316786560000,1777316786598000,0,-9.2204895,0.5625,-0.03217697,0.5779378,7.165875e-05,0,1,0,1
1777316786726000,1777316786612000,1777316786646000,0,-9.221497,0.5625,-0.033703804,0.5779106,7.862436e-05,0,1,0,1
1777316786782000,1777316786664000,1777316786702000,0,-9.224487,0.5625,-0.034399033,0.5779568,8.1894934e-05,0,1,0,1
1777316786838000,1777316786716000,1777316786758000,0,-9.230499,0.5625,-0.031760216,0.5780015,6.980683e-05,0,1,0,1
1777316786886000,1777316786768000,1777316786806000,0,-9.23349,0.5625,-0.031576157,0.5779524,6.900594e-05,0,1,0,1
1777316786934000,1777316786820000,1777316786854000,0,-9.2435,0.5625,-0.024456978,0.577905,4.140084e-05,0,1,0,1
1777316786990000,1777316786872000,1777316786910000,0,-9.2435,0.5625,-0.028729439,0.5779507,5.7124642e-05,0,1,0,1
1777316787046000,1777316786924000,1777316786966000,0,-9.251495,0.5625,-0.024682999,0.5779949,4.2163036e-05,0,1,0,1
1777316787094000,1777316786976000,1777316787014000,0,-9.2565,0.5625,-0.023071289,0.5779455,3.6839763e-05,0,1,0,1
1777316787142000,1777316787028000,1777316787062000,0,-9.270508,0.5625,-0.012534142,0.57789767,1.0874222e-05,0,1,0,1
1777316787198000,1777316787080000,1777316787118000,0,-9.267517,0.5625,-0.020019531,0.57794267,2.7738504e-05,0,1,0,1
1777316787246000,1777316787132000,1777316787166000,0,-9.269501,0.5625,-0.021151543,0.5778945,3.096674e-05,0,1,0,1
1777316787302000,1777316787184000,1777316787222000,0,-9.275513,0.5625,-0.018667221,0.57793903,2.4117779e-05,0,1,0,1
1777316787350000,1777316787236000,1777316787270000,0,-9.278503,0.5625,-0.018266678,0.5778907,2.3095821e-05,0,1,0,1
1777316787406000,1777316787288000,1777316787326000,0,-9.290497,0.5625,-0.0087451935,0.57793486,5.2932196e-06,0,1,0,1
1777316787462000,1777316787340000,1777316787382000,0,-9.292511,0.5625,-0.009191513,0.5779965,5.846673e-06,0,1,0,1
1777316787510000,1777316787392000,1777316787430000,0,-9.284515,0.5625,-0.018530846,0.5779455,2.3766412e-05,0,1,0,1
1777316787566000,1777316787444000,1777316787486000,0,-9.297516,0.5625,-0.007229805,0.5780062,3.6172676e-06,0,1,0,1
1777316787614000,1777316787496000,1777316787534000,0,-9.293488,0.5625,-0.012425423,0.57795453,1.0685349e-05,0,1,0,1
1777316787670000,1777316787548000,1777316787590000,0,-9.305511,0.5625,-0.0014257431,0.57799566,1.4067534e-07,0,1,0,1
1777316787718000,1777316787600000,1777316787638000,0,-9.318512,0.5625,0.010941505,0.57794416,8.285682e-06,0,1,0,1
1777316787766000,1777316787652000,1777316787686000,0,-9.318512,0.5625,0.009963036,0.5778944,6.870603e-06,0,1,0,1
1777316787822000,1777316787704000,1777316787742000,0,-9.319489,0.5625,0.010046959,0.57793707,6.9863236e-06,0,1,0,1
1777316787870000,1777316787756000,1777316787790000,0,-9.313507,0.5625,0.003484726,0.5778875,8.4053147e-07,0,1,0,1
1777316787926000,1777316787808000,1777316787846000,0,-9.305511,0.5625,-0.004573822,0.57791096,1.4479634e-06,0,1,0,1
1777316787982000,1777316787860000,1777316787902000,0,-9.320496,0.5625,0.010994911,0.57795256,8.366643e-06,0,1,0,1
1777316788030000,1777316787912000,1777316787950000,0,-9.331512,0.5625,0.022212982,0.5779019,3.4152272e-05,0,1,0,1
1777316788086000,1777316787964000,1777316788006000,0,-9.332489,0.5625,0.02325821,0.5779438,3.743923e-05,0,1,0,1
1777316788134000,1777316788016000,1777316788054000,0,-9.333496,0.5625,0.02439785,0.5778936,4.120171e-05,0,1,0,1
1777316788182000,1777316788068000,1777316788102000,0,-9.346497,0.5625,0.037314415,0.57784534,9.6383264e-05,0,1,0,1
1777316788238000,1777316788120000,1777316788158000,0,-9.352509,0.5625,0.04343605,0.577889,0.00013059188,0,1,0,1
1777316788294000,1777316788172000,1777316788214000,0,-9.343506,0.5625,0.034988403,0.57793176,8.472893e-05,0,1,0,1
1777316788342000,1777316788224000,1777316788262000,0,-9.339508,0.5625,0.031380653,0.57790136,6.81601e-05,0,1,0,1
1777316788390000,1777316788276000,1777316788310000,0,-9.329498,0.5625,0.022195816,0.5778532,3.4102384e-05,0,1,0,1
1777316788446000,1777316788328000,1777316788366000,0,-9.324493,0.5625,0.018671036,0.5778972,2.4129384e-05,0,1,0,1
1777316788502000,1777316788380000,1777316788422000,0,-9.314514,0.5625,0.010440826,0.5779403,7.5447833e-06,0,1,0,1
1777316788550000,1777316788432000,1777316788470000,0,-9.306488,0.5625,0.0044231415,0.57791,1.3541334e-06,0,1,0,1
1777316788598000,1777316788484000,1777316788518000,0,-9.314514,0.5625,0.014816284,0.577862,1.5195481e-05,0,1,0,1
1777316788654000,1777316788536000,1777316788574000,0,-9.30249,0.5625,0.005504608,0.57792544,2.0972054e-06,0,1,0,1
1777316788702000,1777316788588000,1777316788622000,0,-9.305511,0.5625,0.01132679,0.57787716,8.880515e-06,0,1,0,1
1777316788758000,1777316788640000,1777316788678000,0,-9.301514,0.5625,0.010485649,0.5779406,7.609698e-06,0,1,0,1
1777316788814000,1777316788692000,1777316788734000,0,-9.310516,0.5625,0.022751808,0.57798356,3.582419e-05,0,1,0,1
1777316788862000,1777316788744000,1777316788782000,0,-9.298492,0.5625,0.01335144,0.5779338,1.2337811e-05,0,1,0,1
1777316788918000,1777316788796000,1777316788838000,0,-9.297516,0.5625,0.015720367,0.57797754,1.7103082e-05,0,1,0,1
1777316788966000,1777316788848000,1777316788886000,0,-9.287506,0.5625,0.00843811,0.57794714,4.9279042e-06,0,1,0,1
1777316789022000,1777316788900000,1777316788942000,0,-9.286499,0.5625,0.010769844,0.5779909,8.027085e-06,0,1,0,1
1777316789070000,1777316788952000,1777316788990000,0,-9.269501,0.5625,-0.0037841797,0.5779416,9.911047e-07,0,1,0,1
1777316789118000,1777316789004000,1777316789038000,0,-9.277496,0.5625,0.0069208145,0.5778942,3.3153246e-06,0,1,0,1
1777316789174000,1777316789056000,1777316789094000,0,-9.271515,0.5625,0.0039491653,0.5779208,1.0794494e-06,0,1,0,1
1777316789230000,1777316789108000,1777316789150000,0,-9.268494,0.5625,0.0038471222,0.57796556,1.0243067e-06,0,1,0,1
1777316789278000,1777316789160000,1777316789198000,0,-9.264496,0.5625,0.0022535324,0.5779173,3.5149725e-07,0,1,0,1
1777316789334000,1777316789212000,1777316789254000,0,-9.255493,0.5625,-0.0042819977,0.57796264,1.268975e-06,0,1,0,1
1777316789382000,1777316789264000,1777316789302000,0,-9.260498,0.5625,0.0028104782,0.5779148,5.4670954e-07,0,1,0,1
1777316789438000,1777316789316000,1777316789358000,0,-9.260498,0.5625,0.0048704147,0.57797974,1.641645e-06,0,1,0,1
1777316789486000,1777316789368000,1777316789406000,0,-9.244507,0.5625,-0.009469032,0.5779314,6.205759e-06,0,1,0,1
1777316789534000,1777316789420000,1777316789454000,0,-9.260498,0.5625,0.008408546,0.5778849,4.893961e-06,0,1,0,1
1777316789590000,1777316789472000,1777316789510000,0,-9.251495,0.5625,0.0009946823,0.57793176,6.847819e-08,0,1,0,1
1777316789646000,1777316789524000,1777316789566000,0,-9.240509,0.5625,-0.008542061,0.57797736,5.0498033e-06,0,1,0,1
1777316789694000,1777316789576000,1777316789614000,0,-9.2435,0.5625,-0.004011154,0.5779295,1.1135862e-06,0,1,0,1
1777316789750000,1777316789628000,1777316789670000,0,-9.238495,0.5625,-0.0077962875,0.5779755,4.2065517e-06,0,1,0,1
1777316789798000,1777316789680000,1777316789718000,0,-9.216492,0.5625,-0.028634071,0.57792795,5.6748253e-05,0,1,0,1
1777316789846000,1777316789732000,1777316789766000,0,-9.222504,0.5625,-0.020934105,0.5778822,3.0333988e-05,0,1,0,1
1777316789902000,1777316789784000,1777316789822000,0,-9.225494,0.5625,-0.01673317,0.5779297,1.9379448e-05,0,1,0,1
1777316789958000,1777316789836000,1777316789878000,0,-9.221497,0.5625,-0.019630432,0.5779761,2.666919e-05,0,1,0,1
1777316790006000,1777316789888000,1777316789926000,0,-9.218506,0.5625,-0.02144432,0.5779289,3.182806e-05,0,1,0,1
1777316790062000,1777316789940000,1777316789982000,0,-9.214508,0.5625,-0.024071693,0.57797545,4.01018e-05,0,1,0,1
1777316790110000,1777316789992000,1777316790030000,0,-9.224487,0.5625,-0.012722969,0.57792836,1.1203738e-05,0,1,0,1
1777316790158000,1777316790044000,1777316790078000,0,-9.224487,0.5625,-0.0116147995,0.577883,9.337778e-06,0,1,0,1
1777316790214000,1777316790096000,1777316790134000,0,-9.214508,0.5625,-0.02053833,0.57793117,2.919538e-05,0,1,0,1
1777316790262000,1777316790148000,1777316790182000,0,-9.223511,0.5625,-0.01010704,0.57788575,7.0707583e-06,0,1,0,1
1777316790318000,1777316790200000,1777316790238000,0,-9.232513,0.5625,-0.00011634827,0.5779339,9.369181e-10,0,1,0,1
1777316790374000,1777316790252000,1777316790294000,0,-9.228516,0.5625,-0.0035076141,0.5779801,8.514727e-07,0,1,0,1
1777316790422000,1777316790304000,1777316790342000,0,-9.228516,0.5625,-0.0029964447,0.57795185,6.214138e-07,0,1,0,1
1777316790470000,1777316790356000,1777316790390000,0,-9.224487,0.5625,-0.0064382553,0.5779058,2.869058e-06,0,1,0,1
1777316790526000,1777316790408000,1777316790446000,0,-9.223511,0.5625,-0.0070533752,0.57795334,3.4431916e-06,0,1,0,1
1777316790574000,1777316790460000,1777316790494000,0,-9.215515,0.5625,-0.01479435,0.5779066,1.5149353e-05,0,1,0,1
1777316790630000,1777316790512000,1777316790550000,0,-9.202515,0.5625,-0.027555466,0.5779729,5.2549436e-05,0,1,0,1
1777316790678000,1777316790564000,1777316790598000,0,-9.195496,0.5625,-0.03390503,0.5779253,7.956398e-05,0,1,0,1
1777316790734000,1777316790616000,1777316790654000,0,-9.182495,0.5625,-0.046211243,0.57797164,0.00014779126,0,1,0,1
1777316790790000,1777316790668000,1777316790710000,0,-9.201508,0.5625,-0.02669239,0.5780167,4.9305407e-05,0,1,0,1
1777316790838000,1777316790720000,1777316790758000,0,-9.206512,0.5625,-0.021371841,0.57798696,3.16101e-05,0,1,0,1
1777316790886000,1777316790772000,1777316790806000,0,-9.211517,0.5625,-0.01606083,0.5779389,1.7853115e-05,0,1,0,1
1777316790942000,1777316790824000,1777316790862000,0,-9.216492,0.5625,-0.011195183,0.5779848,8.673731e-06,0,1,0,1
1777316790998000,1777316790876000,1777316790918000,0,-9.212494,0.5625,-0.015346527,0.5780294,1.6297849e-05,0,1,0,1
1777316791046000,1777316790928000,1777316790966000,0,-9.219513,0.5625,-0.008505821,0.5779798,5.0070257e-06,0,1,0,1
1777316791094000,1777316790980000,1777316791014000,0,-9.21051,0.5625,-0.017788887,0.57793206,2.1901848e-05,0,1,0,1
1777316791150000,1777316791032000,1777316791070000,0,-9.219513,0.5625,-0.009058952,0.577978,5.6794283e-06,0,1,0,1
1777316791198000,1777316791084000,1777316791118000,0,-9.239502,0.5625,0.010655403,0.57793033,7.858222e-06,0,1,0,1
1777316791254000,1777316791136000,1777316791174000,0,-9.231506,0.5625,0.0015802383,0.57799524,1.728148e-07,0,1,0,1
1777316791302000,1777316791188000,1777316791222000,0,-9.226501,0.5625,-0.004263878,0.5779467,1.2582926e-06,0,1,0,1
1777316791358000,1777316791240000,1777316791278000,0,-9.222504,0.5625,-0.009212494,0.5780109,5.8732485e-06,0,1,0,1
1777316791414000,1777316791292000,1777316791334000,0,-9.217499,0.5625,-0.014826775,0.5780541,1.521195e-05,0,1,0,1
1777316791462000,1777316791344000,1777316791382000,0,-9.218506,0.5625,-0.014426231,0.57800305,1.4402426e-05,0,1,0,1
1777316791518000,1777316791396000,1777316791438000,0,-9.214508,0.5625,-0.01940155,0.5780461,2.6047761e-05,0,1,0,1
1777316791566000,1777316791448000,1777316791486000,0,-9.222504,0.5625,-0.011827469,0.5779952,9.680982e-06,0,1,0,1
1777316791614000,1777316791500000,1777316791534000,0,-9.230499,0.5625,-0.004805565,0.577946,1.5983121e-06,0,1,0,1
1777316791670000,1777316791552000,1777316791590000,0,-9.238495,0.5625,0.0021791458,0.57800907,3.2862297e-07,0,1,0,1
1777316791726000,1777316791604000,1777316791646000,0,-9.236511,0.5625,-0.0007839203,0.57803166,4.252577e-08,0,1,0,1
1777316791774000,1777316791656000,1777316791694000,0,-9.242493,0.5625,0.004450798,0.5779802,1.3709537e-06,0,1,0,1
1777316791830000,1777316791708000,1777316791750000,0,-9.258514,0.5625,0.019744873,0.57802236,2.6978889e-05,0,1,0,1
1777316791878000,1777316791760000,1777316791798000,0,-9.238495,0.5625,-0.0011129379,0.577971,8.5722704e-08,0,1,0,1
1777316791934000,1777316791812000,1777316791854000,0,-9.242493,0.5625,0.0022659302,0.5780133,3.5531636e-07,0,1,0,1
1777316791982000,1777316791864000,1777316791902000,0,-9.254517,0.5625,0.013402939,0.5779623,1.243256e-05,0,1,0,1
1777316792038000,1777316791916000,1777316791958000,0,-9.251495,0.5625,0.009717941,0.5780047,6.5354748e-06,0,1,0,1
1777316792086000,1777316791968000,1777316792006000,0,-9.258514,0.5625,0.01615715,0.5779539,1.8067429e-05,0,1,0,1
1777316792134000,1777316792020000,1777316792054000,0,-9.257507,0.5625,0.0144376755,0.57790494,1.4427735e-05,0,1,0,1
1777316792190000,1777316792072000,1777316792110000,0,-9.255493,0.5625,0.011633873,0.5779491,9.367399e-06,0,1,0,1
1777316792238000,1777316792124000,1777316792158000,0,-9.247498,0.5625,0.0032482147,0.5779194,7.302678e-07,0,1,0,1
1777316792294000,1777316792176000,1777316792214000,0,-9.248505,0.5625,0.0041532516,0.57796305,1.1938132e-06,0,1,0,1
1777316792350000,1777316792228000,1777316792270000,0,-9.249512,0.5625,0.0048923492,0.57800555,1.6563911e-06,0,1,0,1
1777316792398000,1777316792280000,1777316792318000,0,-9.260498,0.5625,0.015883446,0.5779549,1.7460452e-05,0,1,0,1
1777316792446000,1777316792332000,1777316792366000,0,-9.268494,0.5625,0.023373604,0.5779061,3.7814127e-05,0,1,0,1
1777316792502000,1777316792384000,1777316792422000,0,-9.258514,0.5625,0.012480736,0.57795036,1.0780771e-05,0,1,0,1
1777316792558000,1777316792436000,1777316792478000,0,-9.255493,0.5625,0.009149551,0.57799363,5.7934403e-06,0,1,0,1
1777316792606000,1777316792488000,1777316792526000,0,-9.255493,0.5625,0.008773804,0.57794374,5.327829e-06,0,1,0,1
1777316792654000,1777316792540000,1777316792574000,0,-9.251495,0.5625,0.0045661926,0.5778957,1.4431749e-06,0,1,0,1
1777316792710000,1777316792592000,1777316792630000,0,-9.258514,0.5625,0.011255264,0.57794076,8.767748e-06,0,1,0,1
1777316792758000,1777316792644000,1777316792678000,0,-9.248505,0.5625,0.00087451935,0.5778931,5.2936027e-08,0,1,0,1
1777316792814000,1777316792696000,1777316792734000,0,-9.272491,0.5625,0.024963379,0.57793856,4.3130556e-05,0,1,0,1
1777316792870000,1777316792748000,1777316792790000,0,-9.274506,0.5625,0.026124954,0.57798284,4.7234153e-05,0,1,0,1
1777316792918000,1777316792800000,1777316792838000,0,-9.273499,0.5625,0.02417183,0.57793397,4.0439038e-05,0,1,0,1
1777316792966000,1777316792852000,1777316792886000,0,-9.270508,0.5625,0.020269394,0.5779056,2.8437056e-05,0,1,0,1
1777316793022000,1777316792904000,1777316792942000,0,-9.259491,0.5625,0.008027077,0.5779511,4.459475e-06,0,1,0,1
1777316793078000,1777316792956000,1777316792998000,0,-9.252502,0.5625,0.00024318695,0.57797587,4.092897e-09,0,1,0,1
1777316793126000,1777316793008000,1777316793046000,0,-9.2565,0.5625,0.0036735535,0.5779269,9.3402787e-07,0,1,0,1
1777316793182000,1777316793060000,1777316793102000,0,-9.255493,0.5625,0.0018091202,0.57797146,2.2651055e-07,0,1,0,1
1777316793230000,1777316793112000,1777316793150000,0,-9.264496,0.5625,0.010258675,0.5779227,7.284047e-06,0,1,0,1
1777316793278000,1777316793164000,1777316793198000,0,-9.26651,0.5625,0.011399269,0.57787573,8.9945515e-06,0,1,0,1
1777316793334000,1777316793216000,1777316793254000,0,-9.254517,0.5625,-0.0013046265,0.5779218,1.1780488e-07,0,1,0,1
1777316793390000,1777316793268000,1777316793310000,0,-9.264496,0.5625,0.008378983,0.57796675,4.858919e-06,0,1,0,1
1777316793438000,1777316793320000,1777316793358000,0,-9.2565,0.5625,0.0002641678,0.57791835,4.8300675e-09,0,1,0,1
1777316793486000,1777316793372000,1777316793406000,0,-9.273499,0.5625,0.017419815,0.57787174,2.1004658e-05,0,1,0,1
1777316793542000,1777316793424000,1777316793462000,0,-9.277496,0.5625,0.021160126,0.57793725,3.0989588e-05,0,1,0,1
1777316793590000,1777316793476000,1777316793510000,0,-9.275513,0.5625,0.019028664,0.57789004,2.5062902e-05,0,1,0,1
1777316793646000,1777316793528000,1777316793566000,0,-9.277496,0.5625,0.021058083,0.57793605,3.069148e-05,0,1,0,1
1777316793702000,1777316793580000,1777316793622000,0,-9.261505,0.5625,0.005207062,0.5779809,1.8764283e-06,0,1,0,1
1777316793750000,1777316793632000,1777316793670000,0,-9.258514,0.5625,0.002562523,0.5779513,4.5446896e-07,0,1,0,1
1777316793798000,1777316793684000,1777316793718000,0,-9.26651,0.5625,0.011194229,0.5779038,8.673468e-06,0,1,0,1
1777316793854000,1777316793736000,1777316793774000,0,-9.267517,0.5625,0.012794495,0.57796866,1.1329271e-05,0,1,0,1
1777316793902000,1777316793788000,1777316793822000,0,-9.2795105,0.5625,0.02499199,0.57792056,4.3230822e-05,0,1,0,1
1777316793958000,1777316793840000,1777316793878000,0,-9.267517,0.5625,0.01360321,0.5779661,1.2806796e-05,0,1,0,1
1777316794014000,1777316793892000,1777316793934000,0,-9.248505,0.5625,-0.0046491623,0.5780105,1.4958005e-06,0,1,0,1
1777316794062000,1777316793944000,1777316793982000,0,-9.257507,0.5625,0.0055971146,0.5779612,2.168152e-06,0,1,0,1
1777316794118000,1777316793996000,1777316794038000,0,-9.262512,0.5625,0.011650085,0.57800597,9.392601e-06,0,1,0,1
1777316794166000,1777316794048000,1777316794086000,0,-9.252502,0.5625,0.0027236938,0.5779571,5.134297e-07,0,1,0,1
1777316794214000,1777316794100000,1777316794134000,0,-9.239502,0.5625,-0.009057045,0.57791007,5.6777044e-06,0,1,0,1
1777316794270000,1777316794152000,1777316794190000,0,-9.226501,0.5625,-0.020277977,0.57795656,2.8458635e-05,0,1,0,1
1777316794318000,1777316794204000,1777316794238000,0,-9.229492,0.5625,-0.015370369,0.5779097,1.6351914e-05,0,1,0,1
1777316794374000,1777316794256000,1777316794294000,0,-9.228516,0.5625,-0.014539719,0.57793725,1.4631582e-05,0,1,0,1
1777316794422000,1777316794308000,1777316794342000,0,-9.245514,0.5625,0.0041503906,0.57790995,1.1922787e-06,0,1,0,1
1777316794478000,1777316794360000,1777316794398000,0,-9.236511,0.5625,-0.003446579,0.57793766,8.221583e-07,0,1,0,1
1777316794526000,1777316794412000,1777316794446000,0,-9.226501,0.5625,-0.012090683,0.57789135,1.0118484e-05,0,1,0,1
1777316794582000,1777316794464000,1777316794502000,0,-9.221497,0.5625,-0.0153131485,0.5779387,1.6229576e-05,0,1,0,1
1777316794638000,1777316794516000,1777316794558000,0,-9.216492,0.5625,-0.018870354,0.5779847,2.4643577e-05,0,1,0,1
1777316794686000,1777316794568000,1777316794606000,0,-9.219513,0.5625,-0.01444149,0.57793695,1.443456e-05,0,1,0,1
1777316794734000,1777316794620000,1777316794654000,0,-9.229492,0.5625,-0.0032281876,0.57791007,7.213022e-07,0,1,0,1
1777316794790000,1777316794672000,1777316794710000,0,-9.225494,0.5625,-0.0062007904,0.57795715,2.6610833e-06,0,1,0,1
1777316794838000,1777316794724000,1777316794758000,0,-9.225494,0.5625,-0.0052375793,0.5779105,1.8987188e-06,0,1,0,1
1777316794894000,1777316794776000,1777316794814000,0,-9.219513,0.5625,-0.010190964,0.57795763,7.1877753e-06,0,1,0,1
1777316794942000,1777316794828000,1777316794862000,0,-9.224487,0.5625,-0.0041446686,0.5779302,1.1889517e-06,0,1,0,1
1777316794998000,1777316794880000,1777316794918000,0,-9.221497,0.5625,-0.0062265396,0.5779769,2.683138e-06,0,1,0,1
1777316795046000,1777316794932000,1777316794966000,0,-9.217499,0.5625,-0.009065628,0.57792974,5.688277e-06,0,1,0,1
1777316795102000,1777316794984000,1777316795022000,0,-9.211517,0.5625,-0.0136117935,0.5779766,1.2822729e-05,0,1,0,1
1777316795158000,1777316795036000,1777316795078000,0,-9.206512,0.5625,-0.016871452,0.57802224,1.9697922e-05,0,1,0,1
1777316795206000,1777316795088000,1777316795126000,0,-9.2005005,0.5625,-0.021289825,0.5779737,3.136867e-05,0,1,0,1
1777316795262000,1777316795140000,1777316795182000,0,-9.207489,0.5625,-0.012318611,0.5780195,1.05012505e-05,0,1,0,1
1777316795310000,1777316795192000,1777316795230000,0,-9.193512,0.5625,-0.024587631,0.57797116,4.1839572e-05,0,1,0,1
1777316795366000,1777316795244000,1777316795286000,0,-9.203491,0.5625,-0.012868881,0.5780172,1.1460428e-05,0,1,0,1
1777316795414000,1777316795296000,1777316795334000,0,-9.218506,0.5625,0.003709793,0.57796896,9.524778e-07,0,1,0,1
1777316795470000,1777316795348000,1777316795390000,0,-9.21051,0.5625,-0.0033664703,0.578015,7.8427877e-07,0,1,0,1
1777316795518000,1777316795400000,1777316795438000,0,-9.202515,0.5625,-0.010280609,0.5779669,7.3146693e-06,0,1,0,1
1777316795566000,1777316795452000,1777316795486000,0,-9.204498,0.5625,-0.007369995,0.5779393,3.7593452e-06,0,1,0,1
1777316795622000,1777316795504000,1777316795542000,0,-9.206512,0.5625,-0.0044469833,0.5779861,1.3685907e-06,0,1,0,1
1777316795670000,1777316795556000,1777316795590000,0,-9.195496,0.5625,-0.014983177,0.57795763,1.5537167e-05,0,1,0,1
1777316795726000,1777316795608000,1777316795646000,0,-9.193512,0.5625,-0.016349792,0.5779843,1.849986e-05,0,1,0,1
1777316795774000,1777316795660000,1777316795694000,0,-9.1875,0.5625,-0.021709442,0.5779364,3.2619497e-05,0,1,0,1
1777316795830000,1777316795712000,1777316795750000,0,-9.181488,0.5625,-0.027273178,0.57800174,5.1475712e-05,0,1,0,1
1777316795878000,1777316795764000,1777316795798000,0,-9.184509,0.5625,-0.023367882,0.577953,3.7792546e-05,0,1,0,1
1777316795934000,1777316795816000,1777316795854000,0,-9.191498,0.5625,-0.01623249,0.57799816,1.823492e-05,0,1,0,1
1777316795982000,1777316795868000,1777316795902000,0,-9.1875,0.5625,-0.020031929,0.5779494,2.7772547e-05,0,1,0,1
1777316796038000,1777316795920000,1777316795958000,0,-9.186493,0.5625,-0.021326065,0.5780136,3.147338e-05,0,1,0,1
1777316796094000,1777316795972000,1777316796014000,0,-9.213501,0.5625,0.0057268143,0.5780563,2.2694262e-06,0,1,0,1
1777316796142000,1777316796024000,1777316796062000,0,-9.209503,0.5625,0.0008325577,0.57802415,4.7967013e-08,0,1,0,1
1777316796190000,1777316796076000,1777316796110000,0,-9.206512,0.5625,-0.0029478073,0.57797366,6.013816e-07,0,1,0,1
1777316796246000,1777316796128000,1777316796166000,0,-9.214508,0.5625,0.0037384033,0.57801664,9.671459e-07,0,1,0,1
1777316796294000,1777316796180000,1777316796214000,0,-9.224487,0.5625,0.012527466,0.577966,1.0861359e-05,0,1,0,1
1777316796350000,1777316796232000,1777316796270000,0,-9.217499,0.5625,0.00349617,0.5780087,8.458838e-07,0,1,0,1
1777316796398000,1777316796284000,1777316796318000,0,-9.219513,0.5625,0.004155159,0.577958,1.1949204e-06,0,1,0,1
1777316796454000,1777316796336000,1777316796374000,0,-9.215515,0.5625,-0.0016975403,0.5780002,1.9942159e-07,0,1,0,1
1777316796510000,1777316796388000,1777316796430000,0,-9.216492,0.5625,-0.0016651154,0.57804096,1.9186247e-07,0,1,0,1
1777316796558000,1777316796440000,1777316796478000,0,-9.221497,0.5625,0.0027246475,0.5779883,5.137615e-07,0,1,0,1
1777316796614000,1777316796492000,1777316796534000,0,-9.209503,0.5625,-0.01008606,0.57802886,7.0396895e-06,0,1,0,1
1777316796662000,1777316796544000,1777316796582000,0,-9.224487,0.5625,0.004917145,0.5779762,1.6733085e-06,0,1,0,1
1777316796718000,1777316796596000,1777316796638000,0,-9.227509,0.5625,0.007388115,0.5780165,3.7773482e-06,0,1,0,1
1777316796766000,1777316796648000,1777316796686000,0,-9.247498,0.5625,0.02732563,0.577964,5.167727e-05,0,1,0,1
1777316796822000,1777316796700000,1777316796742000,0,-9.240509,0.5625,0.019827843,0.57800436,2.7206946e-05,0,1,0,1
1777316796870000,1777316796752000,1777316796790000,0,-9.245514,0.5625,0.02473545,0.57797074,4.234419e-05,0,1,0,1
1777316796918000,1777316796804000,1777316796838000,0,-9.221497,0.5625,0.00039577484,0.5779194,1.0841492e-08,0,1,0,1
1777316796974000,1777316796856000,1777316796894000,0,-9.219513,0.5625,-0.0011253357,0.5779411,8.764771e-08,0,1,0,1
1777316797030000,1777316796908000,1777316796950000,0,-9.234497,0.5625,0.014486313,0.5779809,1.4523197e-05,0,1,0,1
1777316797078000,1777316796960000,1777316796998000,0,-9.2464905,0.5625,0.02712059,0.5779284,5.0907787e-05,0,1,0,1
1777316797134000,1777316797012000,1777316797054000,0,-9.238495,0.5625,0.019233704,0.57798773,2.5601605e-05,0,1,0,1
1777316797182000,1777316797064000,1777316797102000,0,-9.232513,0.5625,0.01354599,0.577935,1.2699965e-05,0,1,0,1
1777316797230000,1777316797116000,1777316797150000,0,-9.2435,0.5625,0.02493763,0.5778841,4.3045682e-05,0,1,0,1
1777316797286000,1777316797168000,1777316797206000,0,-9.237488,0.5625,0.019022942,0.57792526,2.5046305e-05,0,1,0,1
1777316797342000,1777316797220000,1777316797262000,0,-9.225494,0.5625,0.007637024,0.57798463,4.03638e-06,0,1,0,1
1777316797390000,1777316797272000,1777316797310000,0,-9.226501,0.5625,0.009565353,0.5779321,6.3326456e-06,0,1,0,1
1777316797446000,1777316797324000,1777316797366000,0,-9.231506,0.5625,0.01540947,0.5779722,1.6433438e-05,0,1,0,1
1777316797494000,1777316797376000,1777316797414000,0,-9.223511,0.5625,0.008227348,0.57792026,4.685024e-06,0,1,0,1
1777316797542000,1777316797428000,1777316797462000,0,-9.222504,0.5625,0.008158684,0.57787037,4.607547e-06,0,1,0,1
1777316797598000,1777316797480000,1777316797518000,0,-9.237488,0.5625,0.024496078,0.5779127,4.1532774e-05,0,1,0,1
1777316797646000,1777316797532000,1777316797566000,0,-9.219513,0.5625,0.007575035,0.5778634,3.971953e-06,0,1,0,1
1777316797702000,1777316797584000,1777316797622000,0,-9.224487,0.5625,0.014643669,0.57790637,1.4842339e-05,0,1,0,1
1777316797750000,1777316797636000,1777316797670000,0,-9.213501,0.5625,0.0051021576,0.5778578,1.8019667e-06,0,1,0,1
1777316797806000,1777316797688000,1777316797726000,0,-9.206512,0.5625,-0.00038909912,0.57790166,1.0479162e-08,0,1,0,1
1777316797862000,1777316797740000,1777316797782000,0,-9.205505,0.5625,0.0003633499,0.5779445,9.137428e-09,0,1,0,1
1777316797910000,1777316797792000,1777316797830000,0,-9.207489,0.5625,0.004090309,0.57789534,1.1580386e-06,0,1,0,1
1777316797958000,1777316797844000,1777316797878000,0,-9.19751,0.5625,-0.0043725967,0.57784814,1.3235035e-06,0,1,0,1
1777316798014000,1777316797896000,1777316797934000,0,-9.198517,0.5625,-0.0020141602,0.5778935,2.80802e-07,0,1,0,1
1777316798070000,1777316797948000,1777316797990000,0,-9.19751,0.5625,-0.0017499924,0.5779567,2.1195174e-07,0,1,0,1
1777316798118000,1777316798000000,1777316798038000,0,-9.198517,0.5625,0.00037956238,0.5779079,9.971665e-09,0,1,0,1
1777316798174000,1777316798052000,1777316798094000,0,-9.202515,0.5625,0.0054216385,0.57793313,2.0344335e-06,0,1,0,1
1777316798222000,1777316798104000,1777316798142000,0,-9.205505,0.5625,0.009253502,0.57790434,5.926745e-06,0,1,0,1
1777316798278000,1777316798156000,1777316798198000,0,-9.196503,0.5625,0.00086021423,0.57793015,5.1215086e-08,0,1,0,1
1777316798326000,1777316798208000,1777316798246000,0,-9.193512,0.5625,-0.0015420914,0.57788265,1.6460406e-07,0,1,0,1
1777316798382000,1777316798260000,1777316798302000,0,-9.192505,0.5625,-0.0019407272,0.57792836,2.6068437e-07,0,1,0,1
1777316798430000,1777316798312000,1777316798350000,0,-9.178497,0.5625,-0.015630722,0.5778812,1.6911397e-05,0,1,0,1
1777316798486000,1777316798364000,1777316798406000,0,-9.178497,0.5625,-0.015113831,0.57792735,1.5810145e-05,0,1,0,1
1777316798534000,1777316798416000,1777316798454000,0,-9.189514,0.5625,-0.0034980774,0.57789975,8.4696666e-07,0,1,0,1
1777316798590000,1777316798468000,1777316798510000,0,-9.182495,0.5625,-0.010494232,0.57794565,7.622095e-06,0,1,0,1
1777316798638000,1777316798520000,1777316798558000,0,-9.178497,0.5625,-0.014280319,0.57789844,1.411511e-05,0,1,0,1
1777316798694000,1777316798572000,1777316798614000,0,-9.165497,0.5625,-0.027135849,0.57794464,5.096366e-05,0,1,0,1
1777316798742000,1777316798624000,1777316798662000,0,-9.167511,0.5625,-0.024720192,0.57791674,4.229591e-05,0,1,0,1
1777316798798000,1777316798676000,1777316798718000,0,-9.184509,0.5625,-0.0074100494,0.57796264,3.800165e-06,0,1,0,1
1777316798846000,1777316798728000,1777316798766000,0,-9.180511,0.5625,-0.011555672,0.5779342,9.242129e-06,0,1,0,1
1777316798894000,1777316798780000,1777316798814000,0,-9.176514,0.5625,-0.015547752,0.5778878,1.6732149e-05,0,1,0,1
1777316798950000,1777316798832000,1777316798870000,0,-9.1744995,0.5625,-0.017633438,0.5779347,2.1520642e-05,0,1,0,1
1777316798998000,1777316798884000,1777316798918000,0,-9.16449,0.5625,-0.027561188,0.57788855,5.257893e-05,0,1,0,1
1777316799054000,1777316798936000,1777316798974000,0,-9.1545105,0.5625,-0.037474632,0.57793564,9.719754e-05,0,1,0,1
1777316799102000,1777316798988000,1777316799022000,0,-9.159515,0.5625,-0.031861305,0.57788956,7.026552e-05,0,1,0,1
1777316799158000,1777316799040000,1777316799078000,0,-9.168488,0.5625,-0.02225399,0.5779558,3.4275294e-05,0,1,0,1
1777316799214000,1777316799092000,1777316799134000,0,-9.171509,0.5625,-0.018807411,0.5780013,2.4478748e-05,0,1,0,1
1777316799262000,1777316799144000,1777316799182000,0,-9.170502,0.5625,-0.01933384,0.57795304,2.5870431e-05,0,1,0,1
1777316799310000,1777316799196000,1777316799230000,0,-9.172516,0.5625,-0.016706467,0.57790655,1.931842e-05,0,1,0,1
1777316799366000,1777316799248000,1777316799286000,0,-9.189514,0.5625,0.00064373016,0.5779537,2.8679704e-08,0,1,0,1
1777316799414000,1777316799300000,1777316799334000,0,-9.182495,0.5625,-0.0062799454,0.5779074,2.729691e-06,0,1,0,1
1777316799470000,1777316799352000,1777316799390000,0,-9.171509,0.5625,-0.017227173,0.5779546,2.053971e-05,0,1,0,1
1777316799518000,1777316799404000,1777316799438000,0,-9.163513,0.5625,-0.024841309,0.5779083,4.271201e-05,0,1,0,1
1777316799574000,1777316799456000,1777316799494000,0,-9.156494,0.5625,-0.031339645,0.57795495,6.797577e-05,0,1,0,1
1777316799622000,1777316799508000,1777316799542000,0,-9.173492,0.5625,-0.013712883,0.5779273,1.3015006e-05,0,1,0,1
1777316799678000,1777316799560000,1777316799598000,0,-9.168488,0.5625,-0.018686295,0.5779546,2.4166438e-05,0,1,0,1
1777316799734000,1777316799612000,1777316799654000,0,-9.173492,0.5625,-0.013609886,0.5780193,1.2818187e-05,0,1,0,1
1777316799782000,1777316799664000,1777316799702000,0,-9.180511,0.5625,-0.006372452,0.57797,2.8103977e-06,0,1,0,1
1777316799838000,1777316799716000,1777316799758000,0,-9.173492,0.5625,-0.013938904,0.5780147,1.3445544e-05,0,1,0,1
1777316799886000,1777316799768000,1777316799806000,0,-9.181488,0.5625,-0.0061597824,0.57796544,2.6259645e-06,0,1,0,1
1777316799942000,1777316799820000,1777316799862000,0,-9.178497,0.5625,-0.009690285,0.5780102,6.498267e-06,0,1,0,1
1777316799990000,1777316799872000,1777316799910000,0,-9.191498,0.5625,0.0029964447,0.5779611,6.2140384e-07,0,1,0,1
1777316800038000,1777316799924000,1777316799958000,0,-9.180511,0.5625,-0.008785248,0.5779327,5.3418385e-06,0,1,0,1
1777316800094000,1777316799976000,1777316800014000,0,-9.180511,0.5625,-0.009421349,0.5779779,6.1429205e-06,0,1,0,1
1777316800142000,1777316800028000,1777316800062000,0,-9.185516,0.5625,-0.0051431656,0.5779296,1.8308217e-06,0,1,0,1
1777316800198000,1777316800080000,1777316800118000,0,-9.183502,0.5625,-0.00832653,0.57797474,4.7982103e-06,0,1,0,1
1777316800246000,1777316800132000,1777316800166000,0,-9.182495,0.5625,-0.010292053,0.57792634,7.331478e-06,0,1,0,1
1777316800302000,1777316800184000,1777316800222000,0,-9.186493,0.5625,-0.007375717,0.57797116,3.764977e-06,0,1,0,1
1777316800350000,1777316800236000,1777316800270000,0,-9.185516,0.5625,-0.009297371,0.5779227,5.9828835e-06,0,1,0,1
1777316800406000,1777316800288000,1777316800326000,0,-9.180511,0.5625,-0.015556335,0.57796735,1.6748321e-05,0,1,0,1
1777316800454000,1777316800340000,1777316800374000,0,-9.194489,0.5625,-0.0025043488,0.57793754,4.340789e-07,0,1,0,1
1777316800510000,1777316800392000,1777316800430000,0,-9.185516,0.5625,-0.013138771,0.5779812,1.1946915e-05,0,1,0,1
1777316800558000,1777316800444000,1777316800478000,0,-9.198517,0.5625,-0.0009880066,0.5779316,6.756211e-08,0,1,0,1
1777316800614000,1777316800496000,1777316800534000,0,-9.203491,0.5625,0.002711296,0.577975,5.0875053e-07,0,1,0,1
1777316800670000,1777316800548000,1777316800590000,0,-9.211517,0.5625,0.009523392,0.5780168,6.276287e-06,0,1,0,1
1777316800718000,1777316800600000,1777316800638000,0,-9.204498,0.5625,0.0016384125,0.5779654,1.8578244e-07,0,1,0,1
1777316800774000,1777316800652000,1777316800694000,0,-9.217499,0.5625,0.013753891,0.57798773,1.3091593e-05,0,1,0,1
1777316800822000,1777316800704000,1777316800742000,0,-9.213501,0.5625,0.009284973,0.5779559,5.9665954e-06,0,1,0,1
1777316800878000,1777316800756000,1777316800798000,0,-9.217499,0.5625,0.012628555,0.57797813,1.1037124e-05,0,1,0,1
1777316800926000,1777316800808000,1777316800846000,0,-9.221497,0.5625,0.016478539,0.57792705,1.8794222e-05,0,1,0,1
1777316800974000,1777316800860000,1777316800894000,0,-9.21051,0.5625,0.005261421,0.57787776,1.9161528e-06,0,1,0,1
1777316801030000,1777316800912000,1777316800950000,0,-9.218506,0.5625,0.013075829,0.57792073,1.1833961e-05,0,1,0,1
1777316801078000,1777316800964000,1777316800998000,0,-9.219513,0.5625,0.0139865875,0.57787156,1.35410455e-05,0,1,0,1
1777316801134000,1777316801016000,1777316801054000,0,-9.219513,0.5625,0.013967514,0.57793385,1.3502683e-05,0,1,0,1
1777316801182000,1777316801068000,1777316801102000,0,-9.215515,0.5625,0.009942055,0.5778841,6.841819e-06,0,1,0,1
1777316801238000,1777316801120000,1777316801158000,0,-9.21051,0.5625,0.005302429,0.5779267,1.9459737e-06,0,1,0,1
1777316801294000,1777316801172000,1777316801214000,0,-9.211517,0.5625,0.006934166,0.5779682,3.3277026e-06,0,1,0,1
1777316801342000,1777316801224000,1777316801262000,0,-9.218506,0.5625,0.014446259,0.5779363,1.444411e-05,0,1,0,1
1777316801398000,1777316801276000,1777316801318000,0,-9.214508,0.5625,0.010324478,0.5779775,7.3770934e-06,0,1,0,1
1777316801446000,1777316801328000,1777316801366000,0,-9.2204895,0.5625,0.01657772,0.5779262,1.902117e-05,0,1,0,1
1777316801494000,1777316801380000,1777316801414000,0,-9.215515,0.5625,0.011664391,0.57787687,9.417786e-06,0,1,0,1
1777316801550000,1777316801432000,1777316801470000,0,-9.230499,0.5625,0.027009964,0.57791996,5.049406e-05,0,1,0,1
1777316801606000,1777316801484000,1777316801526000,0,-9.219513,0.5625,0.016144753,0.5779621,1.8039455e-05,0,1,0,1
1777316801654000,1777316801536000,1777316801574000,0,-9.214508,0.5625,0.011357307,0.5779118,8.927898e-06,0,1,0,1
1777316801702000,1777316801588000,1777316801622000,0,-9.2204895,0.5625,0.017728806,0.5778634,2.1756738e-05,0,1,0,1
1777316801758000,1777316801640000,1777316801678000,0,-9.223511,0.5625,0.021247864,0.5779075,3.1248717e-05,0,1,0,1
1777316801806000,1777316801692000,1777316801726000,0,-9.225494,0.5625,0.023784637,0.57785964,3.9158916e-05,0,1,0,1
1777316801862000,1777316801744000,1777316801782000,0,-9.226501,0.5625,0.025460243,0.577923,4.4865767e-05,0,1,0,1
1777316801918000,1777316801796000,1777316801838000,0,-9.221497,0.5625,0.021343231,0.577966,3.1526666e-05,0,1,0,1
1777316801966000,1777316801848000,1777316801886000,0,-9.219513,0.5625,0.020154953,0.57791644,2.8116323e-05,0,1,0,1
1777316802022000,1777316801900000,1777316801942000,0,-9.204498,0.5625,0.0063581467,0.57796013,2.797842e-06,0,1,0,1
1777316802070000,1777316801952000,1777316801990000,0,-9.205505,0.5625,0.008696556,0.57791114,5.234721e-06,0,1,0,1
1777316802126000,1777316802004000,1777316802046000,0,-9.192505,0.5625,-0.0027427673,0.5779362,5.206646e-07,0,1,0,1
1777316802174000,1777316802056000,1777316802094000,0,-9.194489,0.5625,0.0008544922,0.57788795,5.0539686e-08,0,1,0,1
1777316802230000,1777316802108000,1777316802150000,0,-9.203491,0.5625,0.011260033,0.5779521,8.775007e-06,0,1,0,1
1777316802278000,1777316802160000,1777316802198000,0,-9.201508,0.5625,0.010169983,0.5779035,7.15888e-06,0,1,0,1
1777316802326000,1777316802212000,1777316802246000,0,-9.195496,0.5625,0.0050268173,0.5778569,1.7491452e-06,0,1,0,1
1777316802382000,1777316802264000,1777316802302000,0,-9.176514,0.5625,-0.0126791,0.5779033,1.1127092e-05,0,1,0,1
1777316802430000,1777316802316000,1777316802350000,0,-9.170502,0.5625,-0.017212868,0.57785696,2.0509076e-05,0,1,0,1
1777316802486000,1777316802368000,1777316802406000,0,-9.176514,0.5625,-0.00980854,0.57790375,6.6590646e-06,0,1,0,1
1777316802542000,1777316802420000,1777316802462000,0,-9.172516,0.5625,-0.012667656,0.57794946,1.1106128e-05,0,1,0,1
1777316802590000,1777316802472000,1777316802510000,0,-9.170502,0.5625,-0.0136117935,0.57790214,1.282438e-05,0,1,0,1
1777316802638000,1777316802524000,1777316802558000,0,-9.166504,0.5625,-0.016521454,0.5778565,1.8894547e-05,0,1,0,1
1777316802694000,1777316802576000,1777316802614000,0,-9.171509,0.5625,-0.010565758,0.577904,7.726905e-06,0,1,0,1
1777316802742000,1777316802628000,1777316802662000,0,-9.167511,0.5625,-0.013566017,0.5778775,1.2738812e-05,0,1,0,1
1777316802798000,1777316802680000,1777316802718000,0,-9.151489,0.5625,-0.028791428,0.5779247,5.7373996e-05,0,1,0,1
1777316802846000,1777316802732000,1777316802766000,0,-9.147491,0.5625,-0.03153515,0.5778787,6.883559e-05,0,1,0,1
1777316802902000,1777316802784000,1777316802822000,0,-9.158508,0.5625,-0.019122124,0.5779261,2.5308122e-05,0,1,0,1
1777316802958000,1777316802836000,1777316802878000,0,-9.157501,0.5625,-0.01924038,0.5779723,2.5620066e-05,0,1,0,1
1777316803006000,1777316802888000,1777316802926000,0,-9.172516,0.5625,-0.0032587051,0.577925,7.3498524e-07,0,1,0,1
1777316803062000,1777316802940000,1777316802982000,0,-9.165497,0.5625,-0.010052681,0.57797146,6.9938674e-06,0,1,0,1
1777316803110000,1777316802992000,1777316803030000,0,-9.170502,0.5625,-0.0046024323,0.5779243,1.4661008e-06,0,1,0,1
1777316803166000,1777316803044000,1777316803086000,0,-9.16449,0.5625,-0.0103263855,0.5779899,7.3796614e-06,0,1,0,1
1777316803214000,1777316803096000,1777316803134000,0,-9.160492,0.5625,-0.013618469,0.5779422,1.28360725e-05,0,1,0,1
1777316803270000,1777316803148000,1777316803190000,0,-9.151489,0.5625,-0.021896362,0.5779884,3.3180644e-05,0,1,0,1
1777316803318000,1777316803200000,1777316803238000,0,-9.151489,0.5625,-0.020839691,0.5779408,3.0057936e-05,0,1,0,1
1777316803366000,1777316803252000,1777316803286000,0,-9.149506,0.5625,-0.02184391,0.57789505,3.30272e-05,0,1,0,1
1777316803422000,1777316803304000,1777316803342000,0,-9.140503,0.5625,-0.03010559,0.57794285,6.272915e-05,0,1,0,1
1777316803478000,1777316803356000,1777316803398000,0,-9.144501,0.5625,-0.024701118,0.57798874,4.222541e-05,0,1,0,1
1777316803526000,1777316803408000,1777316803446000,0,-9.152496,0.5625,-0.015667915,0.57796,1.6989658e-05,0,1,0,1
1777316803582000,1777316803460000,1777316803502000,0,-9.138489,0.5625,-0.029185295,0.5780054,5.8946265e-05,0,1,0,1
1777316803630000,1777316803512000,1777316803550000,0,-9.133514,0.5625,-0.033258438,0.5779567,7.655409e-05,0,1,0,1
1777316803678000,1777316803564000,1777316803598000,0,-9.14151,0.5625,-0.024079323,0.57790977,4.0131785e-05,0,1,0,1
1777316803734000,1777316803616000,1777316803654000,0,-9.1315,0.5625,-0.03339386,0.5779565,7.71788e-05,0,1,0,1
1777316803782000,1777316803668000,1777316803702000,0,-9.139496,0.5625,-0.024456978,0.5779097,4.14005e-05,0,1,0,1
1777316803838000,1777316803720000,1777316803758000,0,-9.129517,0.5625,-0.03405571,0.5779564,8.026844e-05,0,1,0,1
1777316803894000,1777316803772000,1777316803814000,0,-9.126495,0.5625,-0.03643608,0.5780018,9.187432e-05,0,1,0,1
1777316803942000,1777316803824000,1777316803862000,0,-9.125488,0.5625,-0.036517143,0.5779533,9.2291324e-05,0,1,0,1
1777316803998000,1777316803876000,1777316803918000,0,-9.132507,0.5625,-0.028774261,0.57799864,5.729827e-05,0,1,0,1
1777316804046000,1777316803928000,1777316803966000,0,-9.132507,0.5625,-0.028378487,0.5779692,5.5735738e-05,0,1,0,1
1777316804102000,1777316803980000,1777316804022000,0,-9.125488,0.5625,-0.03518772,0.5780138,8.5684864e-05,0,1,0,1
1777316804150000,1777316804032000,1777316804070000,0,-9.135498,0.5625,-0.024852753,0.5779645,4.2747215e-05,0,1,0,1
1777316804198000,1777316804084000,1777316804118000,0,-9.151489,0.5625,-0.009285927,0.57791686,5.9682243e-06,0,1,0,1
1777316804254000,1777316804136000,1777316804174000,0,-9.163513,0.5625,0.0017166138,0.57796246,2.0394147e-07,0,1,0,1
1777316804302000,1777316804188000,1777316804222000,0,-9.161499,0.5625,-0.0015029907,0.57791466,1.5635396e-07,0,1,0,1
1777316804358000,1777316804240000,1777316804278000,0,-9.161499,0.5625,-0.0029659271,0.5779601,6.0881183e-07,0,1,0,1
1777316804406000,1777316804292000,1777316804326000,0,-9.156494,0.5625,-0.009484291,0.57791215,6.225983e-06,0,1,0,1
1777316804462000,1777316804344000,1777316804382000,0,-9.137512,0.5625,-0.029997826,0.57795715,6.227932e-05,0,1,0,1
1777316804518000,1777316804396000,1777316804438000,0,-9.148499,0.5625,-0.019842148,0.5780007,2.724639e-05,0,1,0,1
1777316804566000,1777316804448000,1777316804486000,0,-9.150513,0.5625,-0.018876076,0.5779696,2.4659166e-05,0,1,0,1
1777316804614000,1777316804500000,1777316804534000,0,-9.143494,0.5625,-0.026755333,0.57792056,4.9546452e-05,0,1,0,1
1777316804670000,1777316804552000,1777316804590000,0,-9.162506,0.5625,-0.008831978,0.577983,5.3983476e-06,0,1,0,1
1777316804718000,1777316804604000,1777316804638000,0,-9.168488,0.5625,-0.0039873123,0.57793295,1.1003808e-06,0,1,0,1
1777316804774000,1777316804656000,1777316804694000,0,-9.176514,0.5625,0.0026512146,0.5779563,4.8646854e-07,0,1,0,1
1777316804830000,1777316804708000,1777316804750000,0,-9.178497,0.5625,0.003575325,0.57799757,8.846369e-07,0,1,0,1
1777316804878000,1777316804760000,1777316804798000,0,-9.195496,0.5625,0.020036697,0.5779459,2.778594e-05,0,1,0,1
1777316804934000,1777316804812000,1777316804854000,0,-9.194489,0.5625,0.017892838,0.57798713,2.2156453e-05,0,1,0,1
1777316804982000,1777316804864000,1777316804902000,0,-9.195496,0.5625,0.018155098,0.57793564,2.2812754e-05,0,1,0,1
1777316805030000,1777316804916000,1777316804950000,0,-9.193512,0.5625,0.015517235,0.5778858,1.6666585e-05,0,1,0,1
1777316805086000,1777316804968000,1777316805006000,0,-9.189514,0.5625,0.010949135,0.5779283,8.297468e-06,0,1,0,1
1777316805142000,1777316805020000,1777316805062000,0,-9.189514,0.5625,0.010425568,0.5779696,7.5223647e-06,0,1,0,1
1777316805190000,1777316805072000,1777316805110000,0,-9.196503,0.5625,0.017249107,0.5779185,2.0593332e-05,0,1,0,1
1777316805246000,1777316805124000,1777316805166000,0,-9.183502,0.5625,0.003856659,0.57795995,1.0294013e-06,0,1,0,1
1777316805294000,1777316805176000,1777316805214000,0,-9.182495,0.5625,0.002796173,0.5779091,5.4116356e-07,0,1,0,1
1777316805342000,1777316805228000,1777316805262000,0,-9.17749,0.5625,-0.0019445419,0.5778601,2.617411e-07,0,1,0,1
1777316805398000,1777316805280000,1777316805318000,0,-9.173492,0.5625,-0.005757332,0.57790333,2.2942847e-06,0,1,0,1
1777316805446000,1777316805332000,1777316805366000,0,-9.178497,0.5625,-2.861023e-05,0.5778546,5.6660985e-11,0,1,0,1
1777316805502000,1777316805384000,1777316805422000,0,-9.1875,0.5625,0.009549141,0.577898,6.31157e-06,0,1,0,1
1777316805558000,1777316805436000,1777316805478000,0,-9.194489,0.5625,0.016824722,0.5779404,1.9591727e-05,0,1,0,1
1777316805606000,1777316805488000,1777316805526000,0,-9.178497,0.5625,0.0011367798,0.5778907,8.944725e-08,0,1,0,1
1777316805662000,1777316805540000,1777316805582000,0,-9.191498,0.5625,0.01452446,0.5779335,1.4600983e-05,0,1,0,1
1777316805710000,1777316805592000,1777316805630000,0,-9.186493,0.5625,0.009817123,0.5778842,6.6709495e-06,0,1,0,1
1777316805766000,1777316805644000,1777316805686000,0,-9.189514,0.5625,0.013413429,0.57794625,1.2452375e-05,0,1,0,1
1777316805814000,1777316805696000,1777316805734000,0,-9.191498,0.5625,0.016248703,0.5778967,1.827457e-05,0,1,0,1
1777316805870000,1777316805748000,1777316805790000,0,-9.192505,0.5625,0.017910957,0.57793987,2.2203167e-05,0,1,0,1
1777316805918000,1777316805800000,1777316805838000,0,-9.191498,0.5625,0.017899513,0.5778909,2.2176684e-05,0,1,0,1
1777316805966000,1777316805852000,1777316805886000,0,-9.193512,0.5625,0.020565987,0.5778438,2.9278488e-05,0,1,0,1
1777316806022000,1777316805904000,1777316805942000,0,-9.1875,0.5625,0.0154800415,0.5778892,1.6586688e-05,0,1,0,1
1777316806070000,1777316805956000,1777316805990000,0,-9.208496,0.5625,0.037326813,0.5778426,9.644778e-05,0,1,0,1
1777316806126000,1777316806008000,1777316806046000,0,-9.206512,0.5625,0.035611153,0.5778694,8.778137e-05,0,1,0,1
1777316806182000,1777316806060000,1777316806102000,0,-9.184509,0.5625,0.013887405,0.5779145,1.334869e-05,0,1,0,1
1777316806230000,1777316806112000,1777316806150000,0,-9.192505,0.5625,0.022540092,0.5778671,3.5167657e-05,0,1,0,1
1777316806286000,1777316806164000,1777316806206000,0,-9.175507,0.5625,0.006037712,0.5779127,2.523147e-06,0,1,0,1
1777316806334000,1777316806216000,1777316806254000,0,-9.163513,0.5625,-0.005220413,0.57786584,1.8864389e-06,0,1,0,1
1777316806390000,1777316806268000,1777316806310000,0,-9.156494,0.5625,-0.011500359,0.57791203,9.154213e-06,0,1,0,1
1777316806438000,1777316806320000,1777316806358000,0,-9.163513,0.5625,-0.0033550262,0.57786554,7.791571e-07,0,1,0,1
1777316806486000,1777316806372000,1777316806406000,0,-9.159515,0.5625,-0.006590843,0.5778209,3.0071058e-06,0,1,0,1
1777316806542000,1777316806424000,1777316806462000,0,-9.146515,0.5625,-0.018976212,0.5778879,2.4925015e-05,0,1,0,1
1777316806590000,1777316806476000,1777316806510000,0,-9.139496,0.5625,-0.025094986,0.5778428,4.359375e-05,0,1,0,1
1777316806646000,1777316806528000,1777316806566000,0,-9.146515,0.5625,-0.01695633,0.5778905,1.9901147e-05,0,1,0,1
1777316806702000,1777316806580000,1777316806622000,0,-9.156494,0.5625,-0.0060424805,0.5779372,2.5270267e-06,0,1,0,1
1777316806750000,1777316806632000,1777316806670000,0,-9.161499,0.5625,-0.0007095337,0.5779096,3.4845456e-08,0,1,0,1
1777316806798000,1777316806684000,1777316806718000,0,-9.159515,0.5625,-0.0023822784,0.57786417,3.9284325e-07,0,1,0,1
1777316806854000,1777316806736000,1777316806774000,0,-9.146515,0.5625,-0.015152931,0.57791185,1.5892481e-05,0,1,0,1
1777316806910000,1777316806788000,1777316806830000,0,-9.155518,0.5625,-0.0053920746,0.5779584,2.0122186e-06,0,1,0,1
1777316806958000,1777316806840000,1777316806878000,0,-9.14151,0.5625,-0.01899147,0.5779116,2.496409e-05,0,1,0,1
1777316807006000,1777316806892000,1777316806926000,0,-9.14151,0.5625,-0.018633842,0.57786655,2.403462e-05,0,1,0,1
1777316807062000,1777316806944000,1777316806982000,0,-9.144501,0.5625,-0.015365601,0.5779335,1.6341097e-05,0,1,0,1
1777316807110000,1777316806996000,1777316807030000,0,-9.145508,0.5625,-0.013890266,0.5778877,1.3354809e-05,0,1,0,1
1777316807166000,1777316807048000,1777316807086000,0,-9.143494,0.5625,-0.015644073,0.5779354,1.6938711e-05,0,1,0,1
1777316807222000,1777316807100000,1777316807142000,0,-9.133514,0.5625,-0.02510643,0.57798195,4.3623015e-05,0,1,0,1
1777316807270000,1777316807152000,1777316807190000,0,-9.147491,0.5625,-0.0104904175,0.5779534,7.616452e-06,0,1,0,1
1777316807326000,1777316807204000,1777316807246000,0,-9.150513,0.5625,-0.007121086,0.57798,3.509455e-06,0,1,0,1
1777316807374000,1777316807256000,1777316807294000,0,-9.155518,0.5625,-0.0018081665,0.5779323,2.2628714e-07,0,1,0,1
1777316807422000,1777316807308000,1777316807342000,0,-9.135498,0.5625,-0.021677017,0.5779056,3.2523865e-05,0,1,0,1
1777316807478000,1777316807360000,1777316807398000,0,-9.137512,0.5625,-0.018780708,0.5779524,2.4411353e-05,0,1,0,1
1777316807526000,1777316807412000,1777316807446000,0,-9.149506,0.5625,-0.006099701,0.5779058,2.5752538e-06,0,1,0,1
1777316807582000,1777316807464000,1777316807502000,0,-9.124512,0.5625,-0.030441284,0.5779528,6.413477e-05,0,1,0,1
1777316807630000,1777316807516000,1777316807550000,0,-9.1315,0.5625,-0.022107124,0.5779062,3.3827288e-05,0,1,0,1
1777316807686000,1777316807568000,1777316807606000,0,-9.123505,0.5625,-0.0292387,0.5779533,5.9167527e-05,0,1,0,1
1777316807734000,1777316807620000,1777316807654000,0,-9.113495,0.5625,-0.038220406,0.5779259,0.00010110634,0,1,0,1
1777316807790000,1777316807672000,1777316807710000,0,-9.124512,0.5625,-0.025814056,0.5779724,4.611746e-05,0,1,0,1
1777316807838000,1777316807724000,1777316807758000,0,-9.107513,0.5625,-0.041835785,0.57794434,0.000121135046,0,1,0,1
1777316807894000,1777316807776000,1777316807814000,0,-9.1185,0.5625,-0.029833794,0.5779902,6.159657e-05,0,1,0,1
1777316807950000,1777316807828000,1777316807870000,0,-9.114502,0.5625,-0.033138275,0.57803476,7.5991644e-05,0,1,0,1
1777316807998000,1777316807880000,1777316807918000,0,-9.1315,0.5625,-0.015224457,0.5779852,1.604083e-05,0,1,0,1
1777316808046000,1777316807932000,1777316807966000,0,-9.136505,0.5625,-0.009788513,0.57793736,6.6315138e-06,0,1,0,1
1777316808102000,1777316807984000,1777316808022000,0,-9.130493,0.5625,-0.015474319,0.5779833,1.6571728e-05,0,1,0,1
1777316808158000,1777316808036000,1777316808078000,0,-9.126495,0.5625,-0.019381523,0.5780279,2.599483e-05,0,1,0,1
1777316808206000,1777316808088000,1777316808126000,0,-9.124512,0.5625,-0.021175385,0.57797855,3.103208e-05,0,1,0,1
1777316808254000,1777316808140000,1777316808174000,0,-9.130493,0.5625,-0.014879227,0.57793075,1.532304e-05,0,1,0,1
1777316808310000,1777316808192000,1777316808230000,0,-9.126495,0.5625,-0.01924324,0.5779766,2.5627496e-05,0,1,0,1
1777316808366000,1777316808244000,1777316808286000,0,-9.130493,0.5625,-0.0155239105,0.578021,1.6677028e-05,0,1,0,1
1777316808414000,1777316808296000,1777316808334000,0,-9.138489,0.5625,-0.008125305,0.5779715,4.5691236e-06,0,1,0,1
1777316808462000,1777316808348000,1777316808382000,0,-9.149506,0.5625,0.0022964478,0.5779236,3.6500828e-07,0,1,0,1
1777316808518000,1777316808400000,1777316808438000,0,-9.142517,0.5625,-0.0063791275,0.5779691,2.8162938e-06,0,1,0,1
1777316808566000,1777316808452000,1777316808486000,0,-9.145508,0.5625,-0.0043258667,0.57792103,1.2952028e-06,0,1,0,1
1777316808622000,1777316808504000,1777316808542000,0,-9.152496,0.5625,0.001045227,0.5779662,7.5609925e-08,0,1,0,1
1777316808670000,1777316808556000,1777316808590000,0,-9.155518,0.5625,0.0026903152,0.57791793,5.009567e-07,0,1,0,1
1777316808726000,1777316808608000,1777316808646000,0,-9.150513,0.5625,-0.0042037964,0.5779434,1.2230889e-06,0,1,0,1
1777316808782000,1777316808660000,1777316808702000,0,-9.152496,0.5625,-0.0038995743,0.5779867,1.0523895e-06,0,1,0,1
1777316808830000,1777316808712000,1777316808750000,0,-9.143494,0.5625,-0.014044762,0.5779366,1.3652386e-05,0,1,0,1
1777316808886000,1777316808764000,1777316808806000,0,-9.152496,0.5625,-0.00582695,0.5779795,2.349796e-06,0,1,0,1
1777316808934000,1777316808816000,1777316808854000,0,-9.151489,0.5625,-0.007443428,0.5779293,3.834699e-06,0,1,0,1
1777316808990000,1777316808868000,1777316808910000,0,-9.160492,0.5625,0.0012617111,0.5779721,1.10172444e-07,0,1,0,1
1777316809038000,1777316808920000,1777316808958000,0,-9.160492,0.5625,0.0008583069,0.5779218,5.0988955e-08,0,1,0,1
1777316809094000,1777316808972000,1777316809014000,0,-9.165497,0.5625,0.0055122375,0.57796437,2.1028814e-06,0,1,0,1
1777316809142000,1777316809024000,1777316809062000,0,-9.175507,0.5625,0.015293121,0.5779142,1.6187842e-05,0,1,0,1
1777316809190000,1777316809076000,1777316809110000,0,-9.160492,0.5625,-0.0002527237,0.5778658,4.421045e-09,0,1,0,1
1777316809246000,1777316809128000,1777316809166000,0,-9.182495,0.5625,0.021826744,0.5779095,3.2974487e-05,0,1,0,1
1777316809294000,1777316809180000,1777316809214000,0,-9.182495,0.5625,0.021510124,0.5778611,3.2027452e-05,0,1,0,1
1777316809350000,1777316809232000,1777316809270000,0,-9.188507,0.5625,0.027318,0.57790494,5.1653697e-05,0,1,0,1
1777316809398000,1777316809284000,1777316809318000,0,-9.188507,0.5625,0.026949883,0.57785666,5.0275175e-05,0,1,0,1
1777316809454000,1777316809336000,1777316809374000,0,-9.182495,0.5625,0.020591736,0.5779005,2.9348967e-05,0,1,0,1
1777316809510000,1777316809388000,1777316809430000,0,-9.2005005,0.5625,0.0386858,0.5779432,0.000103580496,0,1,0,1
1777316809558000,1777316809440000,1777316809478000,0,-9.193512,0.5625,0.031395912,0.5779124,6.8225105e-05,0,1,0,1
1777316809614000,1777316809492000,1777316809534000,0,-9.188507,0.5625,0.02607727,0.57795477,4.7064168e-05,0,1,0,1
1777316809662000,1777316809544000,1777316809582000,0,-9.193512,0.5625,0.031103134,0.57790464,6.695949e-05,0,1,0,1
1777316809718000,1777316809596000,1777316809638000,0,-9.184509,0.5625,0.022006989,0.5779473,3.3519147e-05,0,1,0,1
1777316809766000,1777316809648000,1777316809686000,0,-9.178497,0.5625,0.01609993,0.5779163,1.7940849e-05,0,1,0,1
1777316809814000,1777316809700000,1777316809734000,0,-9.160492,0.5625,-0.0013256073,0.5778678,1.2163575e-07,0,1,0,1
1777316809870000,1777316809752000,1777316809790000,0,-9.165497,0.5625,0.0045986176,0.5779117,1.4637035e-06,0,1,0,1
1777316809926000,1777316809804000,1777316809846000,0,-9.165497,0.5625,0.00573349,0.57793516,2.275197e-06,0,1,0,1
1777316809974000,1777316809856000,1777316809894000,0,-9.171509,0.5625,0.012636185,0.57788575,1.1052231e-05,0,1,0,1
1777316810030000,1777316809908000,1777316809950000,0,-9.168488,0.5625,0.010585785,0.57794833,7.755631e-06,0,1,0,1
1777316810078000,1777316809960000,1777316809998000,0,-9.168488,0.5625,0.011659622,0.5778986,9.409732e-06,0,1,0,1
1777316810126000,1777316810012000,1777316810046000,0,-9.176514,0.5625,0.020975113,0.5778508,3.04546e-05,0,1,0,1
1777316810182000,1777316810064000,1777316810102000,0,-9.168488,0.5625,0.014266014,0.57789564,1.4086913e-05,0,1,0,1
1777316810238000,1777316810116000,1777316810158000,0,-9.176514,0.5625,0.023861885,0.5779394,3.9408256e-05,0,1,0,1
1777316810286000,1777316810168000,1777316810206000,0,-9.165497,0.5625,0.013745308,0.57789075,1.3077454e-05,0,1,0,1
1777316810342000,1777316810220000,1777316810262000,0,-9.167511,0.5625,0.017280579,0.5779543,2.0667267e-05,0,1,0,1
1777316810390000,1777316810272000,1777316810310000,0,-9.163513,0.5625,0.014410973,0.5779054,1.4374403e-05,0,1,0,1
1777316810446000,1777316810324000,1777316810366000,0,-9.1744995,0.5625,0.026704788,0.5779689,4.9355298e-05,0,1,0,1
1777316810494000,1777316810376000,1777316810414000,0,-9.165497,0.5625,0.018499374,0.5779198,2.3686807e-05,0,1,0,1
1777316810550000,1777316810428000,1777316810470000,0,-9.155518,0.5625,0.009440422,0.57796407,6.167966e-06,0,1,0,1
1777316810598000,1777316810480000,1777316810518000,0,-9.155518,0.5625,0.009982109,0.57791555,6.8966824e-06,0,1,0,1
1777316810654000,1777316810532000,1777316810574000,0,-9.147491,0.5625,0.002696991,0.5779604,5.0340896e-07,0,1,0,1
1777316810702000,1777316810584000,1777316810622000,0,-9.156494,0.5625,0.012540817,0.5779123,1.0885535e-05,0,1,0,1
1777316810750000,1777316810636000,1777316810670000,0,-9.153503,0.5625,0.010135651,0.5778661,7.111088e-06,0,1,0,1
1777316810806000,1777316810688000,1777316810726000,0,-9.135498,0.5625,-0.0073547363,0.5779129,3.743965e-06,0,1,0,1
1777316810862000,1777316810740000,1777316810782000,0,-9.138489,0.5625,-0.003583908,0.57795864,8.889492e-07,0,1,0,1
1777316810910000,1777316810792000,1777316810830000,0,-9.136505,0.5625,-0.0049152374,0.57791126,1.6721986e-06,0,1,0,1
1777316810966000,1777316810844000,1777316810886000,0,-9.146515,0.5625,0.0057678223,0.5779574,2.302438e-06,0,1,0,1
1777316811014000,1777316810896000,1777316810934000,0,-9.140503,0.5625,-0.00014591217,0.57791036,1.47361e-09,0,1,0,1
1777316811062000,1777316810948000,1777316810982000,0,-9.125488,0.5625,-0.014877319,0.57786494,1.5320855e-05,0,1,0,1
1777316811118000,1777316811000000,1777316811038000,0,-9.132507,0.5625,-0.0072250366,0.57791275,3.613082e-06,0,1,0,1
1777316811166000,1777316811052000,1777316811086000,0,-9.142517,0.5625,0.003211975,0.57786757,7.141279e-07,0,1,0,1
1777316811222000,1777316811104000,1777316811142000,0,-9.126495,0.5625,-0.012866974,0.57791567,1.1459044e-05,0,1,0,1
1777316811278000,1777316811156000,1777316811198000,0,-9.126495,0.5625,-0.012545586,0.5779618,1.0892881e-05,0,1,0,1
1777316811326000,1777316811208000,1777316811246000,0,-9.119507,0.5625,-0.019238472,0.57791454,2.5617544e-05,0,1,0,1
1777316811374000,1777316811260000,1777316811294000,0,-9.124512,0.5625,-0.013602257,0.577869,1.28071515e-05,0,1,0,1
1777316811430000,1777316811312000,1777316811350000,0,-9.127502,0.5625,-0.010386467,0.5779167,7.46673e-06,0,1,0,1
1777316811486000,1777316811364000,1777316811406000,0,-9.132507,0.5625,-0.005180359,0.57796323,1.857289e-06,0,1,0,1
1777316811534000,1777316811416000,1777316811454000,0,-9.10849,0.5625,-0.029046059,0.5779162,5.8394176e-05,0,1,0,1
1777316811590000,1777316811468000,1777316811510000,0,-9.122498,0.5625,-0.0141916275,0.57796293,1.39387685e-05,0,1,0,1
1777316811638000,1777316811520000,1777316811558000,0,-9.1285095,0.5625,-0.0076818466,0.577916,4.0843834e-06,0,1,0,1
1777316811694000,1777316811572000,1777316811614000,0,-9.142517,0.5625,0.0067367554,0.57796293,3.1409538e-06,0,1,0,1
1777316811742000,1777316811624000,1777316811662000,0,-9.132507,0.5625,-0.0029754639,0.57791615,6.127799e-07,0,1,0,1
1777316811790000,1777316811676000,1777316811710000,0,-9.1214905,0.5625,-0.013147354,0.57787114,1.19648075e-05,0,1,0,1
1777316811846000,1777316811728000,1777316811766000,0,-9.124512,0.5625,-0.00919342,0.5779194,5.84988e-06,0,1,0,1
1777316811894000,1777316811780000,1777316811814000,0,-9.124512,0.5625,-0.008399963,0.57787436,4.884064e-06,0,1,0,1
1777316811950000,1777316811832000,1777316811870000,0,-9.113495,0.5625,-0.01861763,0.57792276,2.3990482e-05,0,1,0,1
1777316812006000,1777316811884000,1777316811926000,0,-9.130493,0.5625,-0.0010099411,0.5779699,7.05906e-08,0,1,0,1
1777316812054000,1777316811936000,1777316811974000,0,-9.120514,0.5625,-0.010669708,0.5779231,7.879434e-06,0,1,0,1
1777316812102000,1777316811988000,1777316812022000,0,-9.117493,0.5625,-0.013177872,0.57787806,1.2020272e-05,0,1,0,1
1777316812158000,1777316812040000,1777316812078000,0,-9.116516,0.5625,-0.013540268,0.57792646,1.2689425e-05,0,1,0,1
1777316812206000,1777316812092000,1777316812126000,0,-9.101501,0.5625,-0.028028488,0.57788134,5.437768e-05,0,1,0,1
1777316812262000,1777316812144000,1777316812182000,0,-9.106506,0.5625,-0.022380829,0.5779295,3.466869e-05,0,1,0,1
1777316812310000,1777316812196000,1777316812230000,0,-9.124512,0.5625,-0.0037460327,0.57788426,9.713199e-07,0,1,0,1
1777316812366000,1777316812248000,1777316812286000,0,-9.116516,0.5625,-0.011791229,0.5779323,9.622794e-06,0,1,0,1
1777316812422000,1777316812300000,1777316812342000,0,-9.130493,0.5625,0.0021657944,0.577979,3.246253e-07,0,1,0,1
1777316812470000,1777316812352000,1777316812390000,0,-9.133514,0.5625,0.0048999786,0.57793176,1.6617735e-06,0,1,0,1
1777316812526000,1777316812404000,1777316812446000,0,-9.140503,0.5625,0.011558533,0.5779589,9.246311e-06,0,1,0,1
1777316812574000,1777316812456000,1777316812494000,0,-9.127502,0.5625,-0.0024366379,0.5779117,4.1094196e-07,0,1,0,1
1777316812622000,1777316812508000,1777316812542000,0,-9.119507,0.5625,-0.010829926,0.57788515,8.118381e-06,0,1,0,1
1777316812678000,1777316812560000,1777316812598000,0,-9.112488,0.5625,-0.018303871,0.57791317,2.318907e-05,0,1,0,1
1777316812734000,1777316812612000,1777316812654000,0,-9.1214905,0.5625,-0.009726524,0.577959,6.5475424e-06,0,1,0,1
1777316812782000,1777316812664000,1777316812702000,0,-9.1315,0.5625,-0.00016593933,0.57791126,1.9058886e-09,0,1,0,1
1777316812838000,1777316812716000,1777316812758000,0,-9.1315,0.5625,-0.0013828278,0.57797587,1.3233857e-07,0,1,0,1
1777316812886000,1777316812768000,1777316812806000,0,-9.130493,0.5625,-0.0034732819,0.577927,8.349627e-07,0,1,0,1
1777316812942000,1777316812820000,1777316812862000,0,-9.124512,0.5625,-0.010472298,0.5779905,7.589677e-06,0,1,0,1
1777316812990000,1777316812872000,1777316812910000,0,-9.129517,0.5625,-0.0061807632,0.5779407,2.6439966e-06,0,1,0,1
1777316813046000,1777316812924000,1777316812966000,0,-9.14151,0.5625,0.0049409866,0.57798386,1.6895523e-06,0,1,0,1
1777316813094000,1777316812976000,1777316813014000,0,-9.137512,0.5625,0.0002527237,0.5779338,4.4205244e-09,0,1,0,1
1777316813150000,1777316813028000,1777316813070000,0,-9.126495,0.5625,-0.011224747,0.57797676,8.719723e-06,0,1,0,1
1777316813198000,1777316813080000,1777316813118000,0,-9.142517,0.5625,0.0052433014,0.57792664,1.9028166e-06,0,1,0,1
1777316813246000,1777316813132000,1777316813166000,0,-9.136505,0.5625,-0.000872612,0.5778781,5.2706735e-08,0,1,0,1
1777316813302000,1777316813184000,1777316813222000,0,-9.137512,0.5625,-5.722046e-06,0.577922,2.266175e-12,0,1,0,1
1777316813350000,1777316813236000,1777316813270000,0,-9.135498,0.5625,-0.0016489029,0.57789224,1.8819293e-07,0,1,0,1
1777316813406000,1777316813288000,1777316813326000,0,-9.137512,0.5625,0.0005426407,0.57793534,2.038006e-08,0,1,0,1
1777316813462000,1777316813340000,1777316813382000,0,-9.149506,0.5625,0.012909889,0.577996,1.1534006e-05,0,1,0,1
1777316813510000,1777316813392000,1777316813430000,0,-9.150513,0.5625,0.014501572,0.57794434,1.4554729e-05,0,1,0,1
1777316813558000,1777316813444000,1777316813478000,0,-9.148499,0.5625,0.0127391815,0.57789445,1.1232968e-05,0,1,0,1
1777316813614000,1777316813496000,1777316813534000,0,-9.142517,0.5625,0.0069351196,0.57793707,3.3287974e-06,0,1,0,1
1777316813670000,1777316813548000,1777316813590000,0,-9.149506,0.5625,0.014548302,0.5779972,1.4647343e-05,0,1,0,1
1777316813718000,1777316813600000,1777316813638000,0,-9.138489,0.5625,0.0037994385,0.5779453,9.991072e-07,0,1,0,1
1777316813766000,1777316813652000,1777316813686000,0,-9.138489,0.5625,0.004374504,0.5778953,1.3245503e-06,0,1,0,1
1777316813822000,1777316813704000,1777316813742000,0,-9.152496,0.5625,0.019257545,0.5779377,2.5667336e-05,0,1,0,1
1777316813878000,1777316813756000,1777316813798000,0,-9.151489,0.5625,0.018232346,0.57795966,2.300634e-05,0,1,0,1
1777316813926000,1777316813808000,1777316813846000,0,-9.158508,0.5625,0.02538681,0.5779087,4.4608438e-05,0,1,0,1
1777316813982000,1777316813860000,1777316813902000,0,-9.163513,0.5625,0.030423164,0.5779505,6.40587e-05,0,1,0,1
1777316814030000,1777316813912000,1777316813950000,0,-9.16449,0.5625,0.031431198,0.5779,6.838001e-05,0,1,0,1
1777316814078000,1777316813964000,1777316813998000,0,-9.151489,0.5625,0.01804638,0.5778514,2.2543636e-05,0,1,0,1
1777316814134000,1777316814016000,1777316814054000,0,-9.153503,0.5625,0.020282745,0.57789516,2.8475044e-05,0,1,0,1
1777316814182000,1777316814068000,1777316814102000,0,-9.138489,0.5625,0.0049962997,0.5778471,1.7280009e-06,0,1,0,1
1777316814238000,1777316814120000,1777316814158000,0,-9.127502,0.5625,-0.0051231384,0.5778913,1.8167118e-06,0,1,0,1
1777316814294000,1777316814172000,1777316814214000,0,-9.134491,0.5625,0.0031938553,0.5779345,7.0601163e-07,0,1,0,1
1777316814342000,1777316814224000,1777316814262000,0,-9.137512,0.5625,0.007361412,0.5779045,3.7508194e-06,0,1,0,1
1777316814390000,1777316814276000,1777316814310000,0,-9.133514,0.5625,0.0043649673,0.57785666,1.3188695e-06,0,1,0,1
1777316814446000,1777316814328000,1777316814366000,0,-9.1185,0.5625,-0.0092868805,0.5779014,5.9696094e-06,0,1,0,1
1777316814494000,1777316814380000,1777316814414000,0,-9.136505,0.5625,0.010257721,0.57785404,7.2835583e-06,0,1,0,1
1777316814550000,1777316814432000,1777316814470000,0,-9.134491,0.5625,0.009337425,0.57789946,6.034787e-06,0,1,0,1
1777316814606000,1777316814484000,1777316814526000,0,-9.129517,0.5625,0.0054855347,0.5779439,2.0826305e-06,0,1,0,1
1777316814654000,1777316814536000,1777316814574000,0,-9.129517,0.5625,0.006433487,0.5778957,2.8648599e-06,0,1,0,1
1777316814702000,1777316814588000,1777316814622000,0,-9.112488,0.5625,-0.009788513,0.57784945,6.6325224e-06,0,1,0,1
1777316814758000,1777316814640000,1777316814678000,0,-9.114502,0.5625,-0.00658226,0.5779148,2.9987916e-06,0,1,0,1
1777316814806000,1777316814692000,1777316814726000,0,-9.110504,0.5625,-0.009522438,0.5778682,6.276644e-06,0,1,0,1
1777316814862000,1777316814744000,1777316814782000,0,-9.115509,0.5625,-0.0033931732,0.5779146,7.969084e-07,0,1,0,1
1777316814918000,1777316814796000,1777316814838000,0,-9.129517,0.5625,0.011309624,0.57795995,8.85235e-06,0,1,0,1
1777316814966000,1777316814848000,1777316814886000,0,-9.122498,0.5625,0.004421234,0.57793105,1.3529165e-06,0,1,0,1
1777316815022000,1777316814900000,1777316814942000,0,-9.112488,0.5625,-0.005282402,0.5779762,1.9311362e-06,0,1,0,1
1777316815070000,1777316814952000,1777316814990000,0,-9.119507,0.5625,0.0022535324,0.5779282,3.514906e-07,0,1,0,1
1777316815126000,1777316815004000,1777316815046000,0,-9.125488,0.5625,0.008087158,0.5779544,4.526456e-06,0,1,0,1
1777316815174000,1777316815056000,1777316815094000,0,-9.127502,0.5625,0.009888649,0.5779069,6.768244e-06,0,1,0,1
1777316815222000,1777316815108000,1777316815142000,0,-9.136505,0.5625,0.01863575,0.5778803,2.4038969e-05,0,1,0,1
1777316815278000,1777316815160000,1777316815198000,0,-9.1285095,0.5625,0.009785652,0.57790846,6.6279695e-06,0,1,0,1
1777316815334000,1777316815212000,1777316815254000,0,-9.132507,0.5625,0.013140678,0.5779547,1.1950932e-05,0,1,0,1
1777316815382000,1777316815264000,1777316815302000,0,-9.112488,0.5625,-0.007660866,0.5779076,4.062162e-06,0,1,0,1
1777316815438000,1777316815316000,1777316815358000,0,-9.107513,0.5625,-0.012832642,0.5779541,1.13972155e-05,0,1,0,1
1777316815486000,1777316815368000,1777316815406000,0,-9.098511,0.5625,-0.021561623,0.57790715,3.217843e-05,0,1,0,1
1777316815534000,1777316815420000,1777316815454000,0,-9.101501,0.5625,-0.018240929,0.577862,2.3031898e-05,0,1,0,1
1777316815590000,1777316815472000,1777316815510000,0,-9.102509,0.5625,-0.017411232,0.5779101,2.098257e-05,0,1,0,1
1777316815638000,1777316815524000,1777316815558000,0,-9.120514,0.5625,0.00059986115,0.577865,2.4907783e-08,0,1,0,1
1777316815694000,1777316815576000,1777316815614000,0,-9.122498,0.5625,0.0021886826,0.57791317,3.315606e-07,0,1,0,1
1777316815750000,1777316815628000,1777316815670000,0,-9.112488,0.5625,-0.008377075,0.5779792,4.856603e-06,0,1,0,1
1777316815798000,1777316815680000,1777316815718000,0,-9.0954895,0.5625,-0.024972916,0.5779318,4.3164022e-05,0,1,0,1
1777316815846000,1777316815732000,1777316815766000,0,-9.096497,0.5625,-0.023181915,0.57788616,3.719772e-05,0,1,0,1
1777316815902000,1777316815784000,1777316815822000,0,-9.094513,0.5625,-0.024482727,0.57793397,4.148598e-05,0,1,0,1
1777316815950000,1777316815836000,1777316815870000,0,-9.097504,0.5625,-0.020636559,0.57788837,2.9477496e-05,0,1,0,1
1777316816006000,1777316815888000,1777316815926000,0,-9.0755005,0.5625,-0.04189396,0.57793635,0.000121473844,0,1,0,1
1777316816062000,1777316815940000,1777316815982000,0,-9.081512,0.5625,-0.03456211,0.577983,8.266952e-05,0,1,0,1
1777316816110000,1777316815992000,1777316816030000,0,-9.084503,0.5625,-0.030387878,0.5779358,6.3911815e-05,0,1,0,1
1777316816158000,1777316816044000,1777316816078000,0,-9.091492,0.5625,-0.022398949,0.57789034,3.4727207e-05,0,1,0,1
1777316816214000,1777316816096000,1777316816134000,0,-9.097504,0.5625,-0.015725136,0.5779385,1.7114618e-05,0,1,0,1
1777316816270000,1777316816148000,1777316816190000,0,-9.0954895,0.5625,-0.01717949,0.5780041,2.0424412e-05,0,1,0,1
1777316816318000,1777316816200000,1777316816238000,0,-9.099487,0.5625,-0.012851715,0.5779562,1.143108e-05,0,1,0,1
1777316816374000,1777316816252000,1777316816294000,0,-9.100494,0.5625,-0.0118608475,0.5779829,9.735908e-06,0,1,0,1
1777316816422000,1777316816304000,1777316816342000,0,-9.10849,0.5625,-0.0035581589,0.5779545,8.762278e-07,0,1,0,1
1777316816470000,1777316816356000,1777316816390000,0,-9.100494,0.5625,-0.011483192,0.5779083,9.126964e-06,0,1,0,1
1777316816526000,1777316816408000,1777316816446000,0,-9.103516,0.5625,-0.008460999,0.57793635,4.9547666e-06,0,1,0,1
1777316816574000,1777316816460000,1777316816494000,0,-9.097504,0.5625,-0.014336586,0.5778902,1.42267645e-05,0,1,0,1
1777316816630000,1777316816512000,1777316816550000,0,-9.0954895,0.5625,-0.016483307,0.57793736,1.8804763e-05,0,1,0,1
1777316816678000,1777316816564000,1777316816598000,0,-9.110504,0.5625,-0.0017700195,0.57789105,2.1685536e-07,0,1,0,1
1777316816734000,1777316816616000,1777316816654000,0,-9.114502,0.5625,0.0014562607,0.5779381,1.4677664e-07,0,1,0,1
1777316816782000,1777316816668000,1777316816702000,0,-9.107513,0.5625,-0.0062026978,0.57789165,2.6630223e-06,0,1,0,1
1777316816838000,1777316816720000,1777316816758000,0,-9.098511,0.5625,-0.016156197,0.5779383,1.806578e-05,0,1,0,1
1777316816886000,1777316816772000,1777316816806000,0,-9.0954895,0.5625,-0.019418716,0.57789165,2.6100846e-05,0,1,0,1
1777316816942000,1777316816824000,1777316816862000,0,-9.091492,0.5625,-0.0242939,0.57793814,4.0848216e-05,0,1,0,1
1777316816990000,1777316816876000,1777316816910000,0,-9.092499,0.5625,-0.023835182,0.57789123,3.932338e-05,0,1,0,1
1777316817046000,1777316816928000,1777316816966000,0,-9.096497,0.5625,-0.02057457,0.5779564,2.9297222e-05,0,1,0,1
1777316817102000,1777316816980000,1777316817022000,0,-9.107513,0.5625,-0.0107011795,0.57800025,7.924927e-06,0,1,0,1
1777316817150000,1777316817032000,1777316817070000,0,-9.127502,0.5625,0.008353233,0.5779695,4.829079e-06,0,1,0,1
1777316817206000,1777316817084000,1777316817126000,0,-9.124512,0.5625,0.0037641525,0.5780124,9.805218e-07,0,1,0,1
1777316817254000,1777316817136000,1777316817174000,0,-9.130493,0.5625,0.0082912445,0.5779616,4.757737e-06,0,1,0,1
1777316817302000,1777316817188000,1777316817222000,0,-9.126495,0.5625,0.0029830933,0.57791257,6.159302e-07,0,1,0,1
1777316817358000,1777316817240000,1777316817278000,0,-9.127502,0.5625,0.0027418137,0.5779752,5.2026746e-07,0,1,0,1
1777316817406000,1777316817292000,1777316817326000,0,-9.116516,0.5625,-0.008769035,0.57792526,5.3222093e-06,0,1,0,1
1777316817462000,1777316817344000,1777316817382000,0,-9.123505,0.5625,-0.002204895,0.57798696,3.3644787e-07,0,1,0,1
1777316817510000,1777316817396000,1777316817430000,0,-9.129517,0.5625,0.0035963058,0.5779362,8.951449e-07,0,1,0,1
1777316817566000,1777316817448000,1777316817486000,0,-9.130493,0.5625,0.00417614,0.5779971,1.2069364e-06,0,1,0,1
1777316817614000,1777316817500000,1777316817534000,0,-9.129517,0.5625,0.0034284592,0.57794565,8.135251e-07,0,1,0,1
1777316817670000,1777316817552000,1777316817590000,0,-9.129517,0.5625,0.0034666061,0.577987,8.3166975e-07,0,1,0,1
1777316817718000,1777316817604000,1777316817638000,0,-9.125488,0.5625,-6.484985e-05,0.57793576,2.9107067e-10,0,1,0,1
1777316817774000,1777316817656000,1777316817694000,0,-9.123505,0.5625,-0.0015516281,0.5779579,1.6662457e-07,0,1,0,1
1777316817822000,1777316817708000,1777316817742000,0,-9.137512,0.5625,0.012957573,0.57792634,1.1620768e-05,0,1,0,1
1777316817878000,1777316817760000,1777316817798000,0,-9.137512,0.5625,0.013378143,0.5779487,1.2386893e-05,0,1,0,1
1777316817934000,1777316817812000,1777316817854000,0,-9.132507,0.5625,0.008687973,0.5779893,5.2236865e-06,0,1,0,1
1777316817982000,1777316817864000,1777316817902000,0,-9.139496,0.5625,0.016248703,0.57793736,1.8273286e-05,0,1,0,1
1777316818038000,1777316817916000,1777316817958000,0,-9.137512,0.5625,0.014497757,0.5779975,1.4545734e-05,0,1,0,1
1777316818086000,1777316817968000,1777316818006000,0,-9.135498,0.5625,0.012759209,0.5779452,1.1267326e-05,0,1,0,1
1777316818134000,1777316818020000,1777316818054000,0,-9.136505,0.5625,0.013977051,0.5778948,1.3522042e-05,0,1,0,1
1777316818190000,1777316818072000,1777316818110000,0,-9.122498,0.5625,0.00022029877,0.577937,3.3589507e-09,0,1,0,1
1777316818246000,1777316818124000,1777316818166000,0,-9.124512,0.5625,0.0031118393,0.5779781,6.7016686e-07,0,1,0,1
1777316818294000,1777316818176000,1777316818214000,0,-9.137512,0.5625,0.016759872,0.5779268,1.9441446e-05,0,1,0,1
1777316818350000,1777316818228000,1777316818270000,0,-9.129517,0.5625,0.009373665,0.5779685,6.0809953e-06,0,1,0,1
1777316818398000,1777316818280000,1777316818318000,0,-9.130493,0.5625,0.011230469,0.5779179,8.729506e-06,0,1,0,1
1777316818446000,1777316818332000,1777316818366000,0,-9.132507,0.5625,0.013863564,0.5778691,1.3303939e-05,0,1,0,1
1777316818502000,1777316818384000,1777316818422000,0,-9.125488,0.5625,0.0075769424,0.57791287,3.9736133e-06,0,1,0,1
1777316818558000,1777316818436000,1777316818478000,0,-9.130493,0.5625,0.014039993,0.5779557,1.3642665e-05,0,1,0,1
1777316818606000,1777316818488000,1777316818526000,0,-9.1185,0.5625,0.003036499,0.5779062,6.3818845e-07,0,1,0,1
1777316818662000,1777316818540000,1777316818582000,0,-9.1285095,0.5625,0.01479435,0.57796854,1.5147731e-05,0,1,0,1
1777316818710000,1777316818592000,1777316818630000,0,-9.1214905,0.5625,0.009017944,0.5779188,5.628702e-06,0,1,0,1
1777316818758000,1777316818644000,1777316818678000,0,-9.103516,0.5625,-0.007689476,0.5778711,4.0928185e-06,0,1,0,1
1777316818814000,1777316818696000,1777316818734000,0,-9.100494,0.5625,-0.008939743,0.5779162,5.5315286e-06,0,1,0,1
1777316818862000,1777316818748000,1777316818782000,0,-9.117493,0.5625,0.009649277,0.5778876,6.4447504e-06,0,1,0,1
1777316818918000,1777316818800000,1777316818838000,0,-9.101501,0.5625,-0.0053243637,0.57793266,1.9620866e-06,0,1,0,1
1777316818966000,1777316818852000,1777316818886000,0,-9.107513,0.5625,0.0020561218,0.57788515,2.926282e-07,0,1,0,1
1777316819022000,1777316818904000,1777316818942000,0,-9.109497,0.5625,0.005127907,0.5779308,1.8199706e-06,0,1,0,1
1777316819078000,1777316818956000,1777316818998000,0,-9.090515,0.5625,-0.013228416,0.577956,1.2111025e-05,0,1,0,1
1777316819126000,1777316819008000,1777316819046000,0,-9.091492,0.5625,-0.011084557,0.57790774,8.504291e-06,0,1,0,1
1777316819182000,1777316819060000,1777316819102000,0,-9.083496,0.5625,-0.018033028,0.5779529,2.2506338e-05,0,1,0,1
1777316819230000,1777316819112000,1777316819150000,0,-9.078491,0.5625,-0.022129059,0.5779242,3.389339e-05,0,1,0,1
1777316819286000,1777316819164000,1777316819206000,0,-9.077515,0.5625,-0.02215004,0.5779691,3.3955057e-05,0,1,0,1
1777316819334000,1777316819216000,1777316819254000,0,-9.074493,0.5625,-0.024187088,0.5779208,4.049103e-05,0,1,0,1
1777316819382000,1777316819268000,1777316819302000,0,-9.076508,0.5625,-0.02132988,0.5778744,3.1492225e-05,0,1,0,1
1777316819438000,1777316819320000,1777316819358000,0,-9.090515,0.5625,-0.006772995,0.5779403,3.1749619e-06,0,1,0,1
1777316819486000,1777316819372000,1777316819406000,0,-9.091492,0.5625,-0.005393982,0.5778933,2.0138693e-06,0,1,0,1
1777316819542000,1777316819424000,1777316819462000,0,-9.088501,0.5625,-0.008655548,0.5779397,5.1852135e-06,0,1,0,1
1777316819590000,1777316819476000,1777316819510000,0,-9.083496,0.5625,-0.013482094,0.577893,1.2581349e-05,0,1,0,1
1777316819646000,1777316819528000,1777316819566000,0,-9.083496,0.5625,-0.013583183,0.57795876,1.27692765e-05,0,1,0,1
1777316819702000,1777316819580000,1777316819622000,0,-9.0954895,0.5625,-0.0019493103,0.5780036,2.6296104e-07,0,1,0,1
1777316819750000,1777316819632000,1777316819670000,0,-9.089508,0.5625,-0.008450508,0.57795477,4.94233e-06,0,1,0,1
1777316819798000,1777316819684000,1777316819718000,0,-9.088501,0.5625,-0.009908676,0.57790786,6.7956757e-06,0,1,0,1
1777316819854000,1777316819736000,1777316819774000,0,-9.086517,0.5625,-0.012342453,0.57797337,1.054278e-05,0,1,0,1
1777316819902000,1777316819788000,1777316819822000,0,-9.070496,0.5625,-0.02875328,0.57792574,5.7221965e-05,0,1,0,1
1777316819958000,1777316819840000,1777316819878000,0,-9.083496,0.5625,-0.015539169,0.57799083,1.67107e-05,0,1,0,1
1777316820006000,1777316819892000,1777316819926000,0,-9.082489,0.5625,-0.01653862,0.5779427,1.8931007e-05,0,1,0,1
1777316820062000,1777316819944000,1777316819982000,0,-9.071503,0.5625,-0.02715969,0.5779884,5.1049385e-05,0,1,0,1
1777316820118000,1777316819996000,1777316820038000,0,-9.068512,0.5625,-0.029650688,0.57803285,6.0838298e-05,0,1,0,1
1777316820166000,1777316820048000,1777316820086000,0,-9.080505,0.5625,-0.01686573,0.5780023,1.9685242e-05,0,1,0,1
1777316820222000,1777316820100000,1777316820142000,0,-9.078491,0.5625,-0.018576622,0.5780464,2.3879807e-05,0,1,0,1
1777316820270000,1777316820152000,1777316820190000,0,-9.068512,0.5625,-0.028010368,0.5780153,5.4294804e-05,0,1,0,1
1777316820318000,1777316820204000,1777316820238000,0,-9.080505,0.5625,-0.015445709,0.5779664,1.651099e-05,0,1,0,1
1777316820374000,1777316820256000,1777316820294000,0,-9.064514,0.5625,-0.031172752,0.57801074,6.724723e-05,0,1,0,1
1777316820430000,1777316820308000,1777316820350000,0,-9.07251,0.5625,-0.022647858,0.57805383,3.5493267e-05,0,1,0,1
1777316820478000,1777316820360000,1777316820398000,0,-9.0755005,0.5625,-0.019002914,0.57800287,2.499024e-05,0,1,0,1
1777316820526000,1777316820412000,1777316820446000,0,-9.080505,0.5625,-0.013617516,0.57795376,1.2834018e-05,0,1,0,1
1777316820582000,1777316820464000,1777316820502000,0,-9.076508,0.5625,-0.017668724,0.5779986,2.1604468e-05,0,1,0,1
1777316820630000,1777316820516000,1777316820550000,0,-9.066498,0.5625,-0.02735138,0.5779495,5.1776005e-05,0,1,0,1
1777316820686000,1777316820568000,1777316820606000,0,-9.078491,0.5625,-0.0155239105,0.57799435,1.6677795e-05,0,1,0,1
1777316820742000,1777316820620000,1777316820662000,0,-9.077515,0.5625,-0.016693115,0.5780571,1.928253e-05,0,1,0,1
1777316820790000,1777316820672000,1777316820710000,0,-9.081512,0.5625,-0.012738228,0.5780059,1.1229121e-05,0,1,0,1
1777316820846000,1777316820724000,1777316820766000,0,-9.099487,0.5625,0.004658699,0.57804865,1.5018443e-06,0,1,0,1
1777316820894000,1777316820776000,1777316820814000,0,-9.112488,0.5625,0.016875267,0.57799757,1.9707672e-05,0,1,0,1
1777316820942000,1777316820828000,1777316820862000,0,-9.106506,0.5625,0.009880066,0.5779673,6.755794e-06,0,1,0,1
1777316820998000,1777316820880000,1777316820918000,0,-9.109497,0.5625,0.011354446,0.57801074,8.921872e-06,0,1,0,1
1777316821054000,1777316820932000,1777316820974000,0,-9.100494,0.5625,0.0009689331,0.5780527,6.496511e-08,0,1,0,1
1777316821102000,1777316820984000,1777316821022000,0,-9.103516,0.5625,0.0031785965,0.57800096,6.9920134e-07,0,1,0,1
1777316821150000,1777316821036000,1777316821070000,0,-9.102509,0.5625,0.0010967255,0.5779699,8.3243556e-08,0,1,0,1
1777316821206000,1777316821088000,1777316821126000,0,-9.104492,0.5625,0.001660347,0.57801247,1.9077457e-07,0,1,0,1
1777316821254000,1777316821140000,1777316821174000,0,-9.112488,0.5625,0.008378983,0.5779806,4.858803e-06,0,1,0,1
1777316821310000,1777316821192000,1777316821230000,0,-9.115509,0.5625,0.009428024,0.5780221,6.1511582e-06,0,1,0,1
1777316821366000,1777316821244000,1777316821286000,0,-9.117493,0.5625,0.009402275,0.57806236,6.117179e-06,0,1,0,1
1777316821414000,1777316821296000,1777316821334000,0,-9.124512,0.5625,0.015203476,0.57800907,1.5995989e-05,0,1,0,1
1777316821470000,1777316821348000,1777316821390000,0,-9.122498,0.5625,0.011673927,0.5780491,9.4303805e-06,0,1,0,1
1777316821518000,1777316821400000,1777316821438000,0,-9.114502,0.5625,0.0029468536,0.57799596,6.009694e-07,0,1,0,1
1777316821574000,1777316821452000,1777316821494000,0,-9.1214905,0.5625,0.008986473,0.5780165,5.5885394e-06,0,1,0,1
1777316821622000,1777316821504000,1777316821542000,0,-9.1185,0.5625,0.0057764053,0.57798314,2.3091925e-06,0,1,0,1
1777316821678000,1777316821556000,1777316821598000,0,-9.123505,0.5625,0.010489464,0.5780037,7.6144047e-06,0,1,0,1
1777316821726000,1777316821608000,1777316821646000,0,-9.120514,0.5625,0.00756073,0.5779705,3.9562324e-06,0,1,0,1
1777316821774000,1777316821660000,1777316821694000,0,-9.130493,0.5625,0.01762867,0.577919,2.1509588e-05,0,1,0,1
1777316821830000,1777316821712000,1777316821750000,0,-9.144501,0.5625,0.031407356,0.5779599,6.826924e-05,0,1,0,1
1777316821878000,1777316821764000,1777316821798000,0,-9.140503,0.5625,0.027266502,0.57790864,5.1458803e-05,0,1,0,1
1777316821934000,1777316821816000,1777316821854000,0,-9.130493,0.5625,0.017057419,0.5779498,2.0137079e-05,0,1,0,1
1777316821990000,1777316821868000,1777316821910000,0,-9.1214905,0.5625,0.008316994,0.57798994,4.7870994e-06,0,1,0,1
1777316822038000,1777316821920000,1777316821958000,0,-9.124512,0.5625,0.012020111,0.57795674,9.999577e-06,0,1,0,1
1777316822094000,1777316821972000,1777316822014000,0,-9.135498,0.5625,0.023363113,0.5779965,3.7774284e-05,0,1,0,1
1777316822142000,1777316822024000,1777316822062000,0,-9.130493,0.5625,0.018488884,0.577944,2.3658959e-05,0,1,0,1
1777316822198000,1777316822076000,1777316822118000,0,-9.1315,0.5625,0.019904137,0.5779842,2.7417682e-05,0,1,0,1
1777316822246000,1777316822128000,1777316822166000,0,-9.132507,0.5625,0.021148682,0.57793224,3.0956344e-05,0,1,0,1
1777316822294000,1777316822180000,1777316822214000,0,-9.115509,0.5625,0.004155159,0.5778822,1.1950773e-06,0,1,0,1
1777316822350000,1777316822232000,1777316822270000,0,-9.123505,0.5625,0.012940407,0.5779245,1.1590035e-05,0,1,0,1
1777316822406000,1777316822284000,1777316822326000,0,-9.125488,0.5625,0.015418053,0.57796586,1.645193e-05,0,1,0,1
1777316822454000,1777316822336000,1777316822374000,0,-9.129517,0.5625,0.019843102,0.57791495,2.7253054e-05,0,1,0,1
1777316822502000,1777316822388000,1777316822422000,0,-9.125488,0.5625,0.01631546,0.5778661,1.8426015e-05,0,1,0,1
1777316822558000,1777316822440000,1777316822478000,0,-9.1315,0.5625,0.023038864,0.5779283,3.6737376e-05,0,1,0,1
1777316822606000,1777316822492000,1777316822526000,0,-9.137512,0.5625,0.029799461,0.57787925,6.146668e-05,0,1,0,1
1777316822662000,1777316822544000,1777316822582000,0,-9.123505,0.5625,0.016439438,0.5779415,1.870467e-05,0,1,0,1
1777316822710000,1777316822596000,1777316822630000,0,-9.125488,0.5625,0.019529343,0.5778922,2.6399057e-05,0,1,0,1
1777316822766000,1777316822648000,1777316822686000,0,-9.126495,0.5625,0.02163124,0.5779357,3.2384956e-05,0,1,0,1
1777316822814000,1777316822700000,1777316822734000,0,-9.115509,0.5625,0.011521339,0.57788706,9.188042e-06,0,1,0,1
1777316822870000,1777316822752000,1777316822790000,0,-9.115509,0.5625,0.012784004,0.5779312,1.1311434e-05,0,1,0,1
1777316822918000,1777316822804000,1777316822838000,0,-9.113495,0.5625,0.011827469,0.57788324,9.682857e-06,0,1,0,1
1777316822974000,1777316822856000,1777316822894000,0,-9.106506,0.5625,0.0060167313,0.57790893,2.5056581e-06,0,1,0,1
1777316823030000,1777316822908000,1777316822950000,0,-9.119507,0.5625,0.019984245,0.5779528,2.7640324e-05,0,1,0,1
1777316823078000,1777316822960000,1777316822998000,0,-9.120514,0.5625,0.021708488,0.5779041,3.2618456e-05,0,1,0,1
1777316823126000,1777316823012000,1777316823046000,0,-9.106506,0.5625,0.008015633,0.5778574,4.4474896e-06,0,1,0,1
1777316823182000,1777316823064000,1777316823102000,0,-9.074493,0.5625,-0.02319622,0.57790357,3.724252e-05,0,1,0,1
1777316823230000,1777316823116000,1777316823150000,0,-9.082489,0.5625,-0.01378727,0.57785714,1.3158186e-05,0,1,0,1
1777316823286000,1777316823168000,1777316823206000,0,-9.091492,0.5625,-0.004023552,0.57790375,1.1205304e-06,0,1,0,1
1777316823342000,1777316823220000,1777316823262000,0,-9.089508,0.5625,-0.0054597855,0.5779494,2.0631048e-06,0,1,0,1
1777316823390000,1777316823272000,1777316823310000,0,-9.076508,0.5625,-0.018008232,0.577902,2.2446464e-05,0,1,0,1
1777316823438000,1777316823324000,1777316823358000,0,-9.081512,0.5625,-0.012310028,0.5778563,1.04895835e-05,0,1,0,1
1777316823494000,1777316823376000,1777316823414000,0,-9.0755005,0.5625,-0.017906189,0.57790375,2.2192735e-05,0,1,0,1
1777316823550000,1777316823428000,1777316823470000,0,-9.074493,0.5625,-0.018341064,0.5779501,2.3281915e-05,0,1,0,1
1777316823598000,1777316823480000,1777316823518000,0,-9.068512,0.5625,-0.023573875,0.5779033,3.8465096e-05,0,1,0,1
1777316823646000,1777316823532000,1777316823566000,0,-9.083496,0.5625,-0.0077724457,0.5778581,4.1817125e-06,0,1,0,1
1777316823702000,1777316823584000,1777316823622000,0,-9.080505,0.5625,-0.010582924,0.5779061,7.752005e-06,0,1,0,1
1777316823750000,1777316823636000,1777316823670000,0,-9.079498,0.5625,-0.011452675,0.57786113,9.079258e-06,0,1,0,1
1777316823806000,1777316823688000,1777316823726000,0,-9.069489,0.5625,-0.02120018,0.5779094,3.110852e-05,0,1,0,1
1777316823862000,1777316823740000,1777316823782000,0,-9.071503,0.5625,-0.018828392,0.57795644,2.4535299e-05,0,1,0,1
1777316823910000,1777316823792000,1777316823830000,0,-9.070496,0.5625,-0.01925373,0.57790995,2.5658403e-05,0,1,0,1
1777316823966000,1777316823844000,1777316823886000,0,-9.0625,0.5625,-0.026856422,0.5779759,4.991678e-05,0,1,0,1
1777316824014000,1777316823896000,1777316823934000,0,-9.058502,0.5625,-0.03031063,0.5779289,6.358806e-05,0,1,0,1
1777316824070000,1777316823948000,1777316823990000,0,-9.069489,0.5625,-0.018458366,0.5779944,2.3578865e-05,0,1,0,1
1777316824118000,1777316824000000,1777316824038000,0,-9.069489,0.5625,-0.017965317,0.57794666,2.2337881e-05,0,1,0,1
1777316824174000,1777316824052000,1777316824094000,0,-9.087494,0.5625,0.0007724762,0.57797354,4.1297355e-08,0,1,0,1
1777316824222000,1777316824104000,1777316824142000,0,-9.086517,0.5625,-0.00011730194,0.5779454,9.523214e-10,0,1,0,1
1777316824270000,1777316824156000,1777316824190000,0,-9.068512,0.5625,-0.017930984,0.5778995,2.2254402e-05,0,1,0,1
1777316824326000,1777316824208000,1777316824246000,0,-9.070496,0.5625,-0.015494347,0.5779472,1.661569e-05,0,1,0,1
1777316824374000,1777316824260000,1777316824294000,0,-9.077515,0.5625,-0.007979393,0.57790077,4.4070343e-06,0,1,0,1
1777316824430000,1777316824312000,1777316824350000,0,-9.074493,0.5625,-0.01110363,0.5779478,8.532992e-06,0,1,0,1
1777316824486000,1777316824364000,1777316824406000,0,-9.07251,0.5625,-0.013044357,0.5779936,1.1775581e-05,0,1,0,1
1777316824534000,1777316824416000,1777316824454000,0,-9.073517,0.5625,-0.011803627,0.57794553,9.642819e-06,0,1,0,1
1777316824582000,1777316824468000,1777316824502000,0,-9.063507,0.5625,-0.02150917,0.57789916,3.20225e-05,0,1,0,1
1777316824638000,1777316824520000,1777316824558000,0,-9.063507,0.5625,-0.021240234,0.57794625,3.1224186e-05,0,1,0,1
1777316824686000,1777316824572000,1777316824606000,0,-9.055511,0.5625,-0.028698921,0.5778998,5.7008365e-05,0,1,0,1
1777316824742000,1777316824624000,1777316824662000,0,-9.056488,0.5625,-0.027450562,0.57794684,5.215243e-05,0,1,0,1
1777316824798000,1777316824676000,1777316824718000,0,-9.053497,0.5625,-0.030172348,0.57799256,6.300224e-05,0,1,0,1
1777316824846000,1777316824728000,1777316824766000,0,-9.0755005,0.5625,-0.007706642,0.5779443,4.1105923e-06,0,1,0,1
1777316824902000,1777316824780000,1777316824822000,0,-9.069489,0.5625,-0.014331818,0.5779898,1.4214853e-05,0,1,0,1
1777316824950000,1777316824832000,1777316824870000,0,-9.077515,0.5625,-0.0065145493,0.57796055,2.9371797e-06,0,1,0,1
1777316825006000,1777316824884000,1777316824926000,0,-9.086517,0.5625,0.0017051697,0.5780052,2.0121644e-07,0,1,0,1
1777316825054000,1777316824936000,1777316824974000,0,-9.079498,0.5625,-0.0062217712,0.577956,2.679127e-06,0,1,0,1
1777316825102000,1777316824988000,1777316825022000,0,-9.082489,0.5625,-0.0036239624,0.5779085,9.0900915e-07,0,1,0,1
1777316825158000,1777316825040000,1777316825078000,0,-9.087494,0.5625,0.0003414154,0.5779541,8.067387e-09,0,1,0,1
1777316825214000,1777316825092000,1777316825134000,0,-9.0954895,0.5625,0.006913185,0.5779983,3.3074236e-06,0,1,0,1
1777316825262000,1777316825144000,1777316825182000,0,-9.092499,0.5625,0.0027856827,0.5779488,5.3707373e-07,0,1,0,1
1777316825310000,1777316825196000,1777316825230000,0,-9.090515,0.5625,-0.00048446655,0.57790095,1.624554e-08,0,1,0,1
1777316825366000,1777316825248000,1777316825286000,0,-9.074493,0.5625,-0.018143654,0.5779459,2.2783597e-05,0,1,0,1
1777316825414000,1777316825300000,1777316825334000,0,-9.089508,0.5625,-0.003645897,0.5778978,9.200633e-07,0,1,0,1
1777316825470000,1777316825352000,1777316825390000,0,-9.090515,0.5625,-0.0038547516,0.5779611,1.0283813e-06,0,1,0,1
1777316825526000,1777316825404000,1777316825446000,0,-9.089508,0.5625,-0.00549984,0.57798404,2.0933614e-06,0,1,0,1
1777316825574000,1777316825456000,1777316825494000,0,-9.093506,0.5625,-0.0017795563,0.5779334,2.191824e-07,0,1,0,1
1777316825622000,1777316825508000,1777316825542000,0,-9.091492,0.5625,-0.0039167404,0.57790357,1.061828e-06,0,1,0,1
1777316825678000,1777316825560000,1777316825598000,0,-9.107513,0.5625,0.0119924545,0.57792765,9.954115e-06,0,1,0,1
1777316825734000,1777316825612000,1777316825654000,0,-9.111511,0.5625,0.015784264,0.577989,1.7242059e-05,0,1,0,1
1777316825782000,1777316825664000,1777316825702000,0,-9.109497,0.5625,0.013562202,0.57793754,1.27303265e-05,0,1,0,1
1777316825830000,1777316825716000,1777316825750000,0,-9.113495,0.5625,0.017684937,0.57790697,2.1647567e-05,0,1,0,1
1777316825886000,1777316825768000,1777316825806000,0,-9.119507,0.5625,0.023531914,0.5779489,3.832525e-05,0,1,0,1
1777316825942000,1777316825820000,1777316825862000,0,-9.124512,0.5625,0.02864933,0.5779897,5.6802684e-05,0,1,0,1
1777316825990000,1777316825872000,1777316825910000,0,-9.114502,0.5625,0.018634796,0.5779379,2.4034112e-05,0,1,0,1
1777316826038000,1777316825924000,1777316825958000,0,-9.117493,0.5625,0.021834373,0.5778879,3.2998778e-05,0,1,0,1
1777316826094000,1777316825976000,1777316826014000,0,-9.124512,0.5625,0.028866768,0.5779303,5.7674108e-05,0,1,0,1
1777316826150000,1777316826028000,1777316826070000,0,-9.122498,0.5625,0.0268116,0.5779906,4.9749036e-05,0,1,0,1
1777316826198000,1777316826080000,1777316826118000,0,-9.1214905,0.5625,0.026195526,0.57793874,4.749331e-05,0,1,0,1
1777316826246000,1777316826132000,1777316826166000,0,-9.115509,0.5625,0.02037239,0.5778887,2.8727627e-05,0,1,0,1
1777316826302000,1777316826184000,1777316826222000,0,-9.104492,0.5625,0.009672165,0.57793117,6.474873e-06,0,1,0,1
1777316826358000,1777316826236000,1777316826278000,0,-9.100494,0.5625,0.006538391,0.5779726,2.9586563e-06,0,1,0,1
1777316826406000,1777316826288000,1777316826326000,0,-9.106506,0.5625,0.013474464,0.5779217,1.2566491e-05,0,1,0,1
1777316826454000,1777316826340000,1777316826374000,0,-9.10849,0.5625,0.016076088,0.57787263,1.7889106e-05,0,1,0,1
