timestamp,x,y,z,vx,vy,vz,acceleration[0],acceleration[1],acceleration[2],thrust[0],thrust[1],thrust[2],yaw,yawspeed
1777225797569000,nan,nan,nan,nan,nan,nan,0.0,0.0,100.0,-0.0,-0.0,-0.001,0.015785182,0.0
1777225797577000,nan,nan,nan,nan,nan,nan,0.0,0.0,100.0,-0.0,-0.0,-0.001,0.015673524,0.0
1777225797665000,nan,nan,nan,nan,nan,nan,0.0,0.0,100.0,-0.0,-0.0,-0.001,0.015823524,0.0
1777225797769000,nan,nan,nan,nan,nan,nan,0.0,0.0,100.0,-0.0,-0.0,-0.001,0.015510375,0.0
1777225797865000,nan,nan,nan,nan,nan,nan,0.0,0.0,100.0,-0.0,-0.0,-0.001,0.015294756,0.0
1777225797969000,nan,nan,nan,nan,nan,nan,0.0,0.0,100.0,-0.0,-0.0,-0.001,0.01514286,0.0
1777225798065000,nan,nan,nan,nan,nan,nan,0.0,0.0,100.0,-0.0,-0.0,-0.001,0.015284343,0.0
1777225798169000,nan,nan,nan,nan,nan,nan,0.0,0.0,100.0,-0.0,-0.0,-0.001,0.015087581,0.0
1777225798265000,nan,nan,nan,nan,nan,nan,0.0,0.0,100.0,-0.0,-0.0,-0.001,0.014899475,0.0
1777225798369000,nan,nan,nan,nan,nan,nan,0.0,0.0,100.0,-0.0,-0.0,-0.001,0.014839691,0.0
1777225798465000,nan,nan,nan,nan,nan,nan,0.0,0.0,100.0,-0.0,-0.0,-0.001,0.014865153,0.0
1777225798569000,nan,nan,nan,nan,nan,nan,0.0,0.0,100.0,-0.0,-0.0,-0.001,0.014678217,0.0
1777225798673000,0.03938738,0.0037313313,-0.014799876,-0.0015766909,0.0018264926,2.2626715,0.013867021,-0.013842319,9.490973,2.259314e-05,-2.2552895e-05,-0.016095042,0.014678217,0.0
1777225798769000,0.039242953,0.0038749578,-0.020814462,-0.0015498742,0.0021271685,2.0882185,0.006979483,-0.010897735,9.219755,2.158045e-05,-3.3695625e-05,-0.02992332,0.014678217,0.0
1777225798865000,0.039124973,0.0039918516,-0.021333033,-0.0015382727,0.0023200694,1.9137652,0.008944523,-0.01192848,8.906411,4.25179e-05,-5.6702178e-05,-0.04589942,0.014678217,0.0
1777225798969000,0.03895204,0.0041624084,-0.021956522,-0.0015762866,0.0022685865,1.7247741,0.0063498053,-0.011728868,8.531645,4.13858e-05,-7.644464e-05,-0.06500718,0.014678217,0.0
1777225799073000,0.038806137,0.00430555,-0.018569684,-0.0016687303,0.0021997723,1.5357832,0.006220969,-0.019328807,8.118288,5.463509e-05,-0.00016975348,-0.08608252,0.014678217,0.0
1777225799169000,0.03867476,0.0044337944,-0.023127727,-0.0016668831,0.0021126517,1.3613299,0.0113094505,-0.017245932,7.7021437,0.0001252356,-0.00019097346,-0.10729998,0.014678217,0.0
1777225799265000,0.038567714,0.0045377994,-0.023736142,-0.0016119578,0.0018440932,1.1868767,0.01668302,-0.011834502,7.2549953,0.00021982052,-0.00015593498,-0.1300982,0.014678217,0.0
1777225799369000,0.03841135,0.0046888757,-0.02442119,-0.0016805254,0.0019633975,0.9978863,0.010080103,-0.008793353,6.7254276,0.00015830509,-0.00013809705,-0.15709862,0.014678217,0.0
1777225799473000,0.03827999,0.0048149494,-0.02254327,-0.0016567043,0.0025167803,0.8088963,0.0059295027,-0.007786339,6.1596603,0.00011668833,-0.00015322953,-0.18594474,0.014678217,0.0
1777225799569000,0.03816221,0.0049272766,-0.025167245,-0.001708223,0.0031203334,0.6344441,0.0035009435,-0.0121894665,5.604724,7.908374e-05,-0.00027535108,-0.21423861,0.01411067,0.0
1777225799665000,0.038066622,0.005017892,-0.025318386,-0.0017917191,0.0036716966,0.4599918,0.008786119,-0.0051212143,5.0187473,0.00023027086,-0.00013421927,-0.24411511,0.014170995,0.0
1777225799769000,0.03792765,0.005148694,-0.025665943,-0.0015997698,0.004132637,0.27100182,0.008952954,-0.003271869,4.339405,0.00027118964,-9.9106626e-05,-0.2787519,0.013744658,0.0
1777225799865000,0.03783796,0.0052324645,-0.02593786,-0.0015589518,0.004477458,0.09654951,0.011830667,0.0032343091,3.6752965,0.00038955934,0.000106499116,-0.31261203,0.0139985345,0.0
1777225799969000,0.037707902,0.005352935,-0.026284102,-0.0019805094,0.004906268,0.032365847,0.011694648,0.0004631987,3.4337785,0.00037178825,1.4725696e-05,-0.32492602,0.013904818,0.0
1777225800073000,0.037599564,0.0054522734,-0.026674345,-0.002689771,0.0050841635,-0.020426478,0.0088213645,0.0026495415,3.2247078,0.00027181816,8.164196e-05,-0.33558565,0.013761195,0.0
1777225800169000,0.037503198,0.005539765,-0.026777888,-0.0033228772,0.0052066008,-0.06899109,0.006987865,0.0055297585,3.0234826,0.00022936317,0.00018150365,-0.34584528,0.013898681,0.0
1777225800273000,0.037402794,0.0056299567,-0.027779311,-0.003945721,0.0054577,-0.12255077,0.0041424185,0.0062954715,2.794727,0.00015171718,0.0002305733,-0.35750857,0.0138207,0.0
1777225800369000,0.037313815,0.005708953,-0.026964108,-0.004193504,0.0056434167,-0.17029354,0.008469033,0.008959147,2.576378,0.00032715106,0.00034608375,-0.36864126,0.013887154,0.0
1777225800473000,0.037221454,0.0057898974,-0.028576476,-0.004227974,0.0058761383,-0.22462681,0.0076917964,0.0028519107,2.326288,0.00030243516,0.0001121348,-0.38139233,0.013966341,0.0
1777225800569000,0.03713995,0.0058603166,-0.027149467,-0.004080235,0.0060191867,-0.27156267,0.010940812,0.0024860178,2.0977209,0.00043889772,9.9728204e-05,-0.39304602,0.013740288,0.0
1777225800665000,0.0370748,0.0059158322,-0.027693896,-0.0037764518,0.0060272166,-0.31206873,0.012163887,0.008253177,1.8830761,0.0005031213,0.00034136695,-0.40398985,0.013826986,0.0
1777225800769000,0.03698183,0.0059936787,-0.02867897,-0.003426963,0.0059178,-0.3728332,0.018783214,0.0087907985,1.5768645,0.00080886675,0.0003785606,-0.41960227,0.01377971,0.0
1777225800865000,0.036923036,0.0060419384,-0.029345958,-0.00297647,0.00586906,-0.41334668,0.022282075,0.007879536,1.3401874,0.0009836012,0.00034782765,-0.43166947,0.013834389,0.0
1777225800969000,0.036839664,0.0061088395,-0.030331608,-0.0025458564,0.0057777115,-0.47412404,0.020324845,0.010616201,1.0133008,0.00092041044,0.00048075456,-0.44833604,0.013823603,0.0
1777225801065000,0.036787327,0.006149758,-0.03115143,-0.002006669,0.005748916,-0.5146146,0.020905536,0.012923321,0.76943195,0.00097581017,0.0006032234,-0.4607699,0.013498055,0.0
1777225801169000,0.03671373,0.006205578,-0.03235101,-0.0013630738,0.0056569716,-0.5754318,0.025284167,0.0153838955,0.4171567,0.0012310139,0.0007489979,-0.47873092,0.013592116,0.0
1777225801265000,0.03666796,0.0062390673,-0.033140086,-0.0006868214,0.005673775,-0.61595786,0.029306473,0.014186313,0.14278483,0.0014766733,0.00071480975,-0.49272,0.013809901,0.0
1777225801369000,0.0366043,0.00628368,-0.034795035,0.00016891334,0.005855673,-0.67674077,0.03256456,0.017371181,-0.16981792,0.0016903648,0.0009017051,-0.5086583,0.013854662,0.0
1777225801465000,0.03656521,0.006309657,-0.037931528,0.00081669213,0.006154037,-0.71645975,0.02447277,0.016731923,-0.29901862,0.0012802583,0.00087530696,-0.51524574,0.013969797,0.0
1777225801569000,0.036511656,0.0063429503,-0.048130345,0.0008819448,0.0063282154,-0.7780113,0.012078902,0.016654,-0.44278693,0.000635598,0.00087634195,-0.52257586,0.013987096,0.0
1777225801673000,0.036470186,0.0063662846,-0.071085535,0.00035529662,0.006188815,-0.8371126,-0.003981173,0.013429214,-0.9243083,-0.00023403924,0.00078945654,-0.5471266,0.013954351,0.0
1777225801769000,0.036436006,0.0063832565,-0.089702524,-0.0007104452,0.0057500144,-0.87929153,-0.015596192,0.00078568794,-0.8007467,-0.0008546196,4.3053096e-05,-0.54082674,0.01389148,0.0
1777225801865000,0.036410548,0.006394037,-0.11722666,-0.0021688314,0.0051209982,-0.91374224,-0.01865936,-0.003739813,-0.6637764,-0.0010062316,-0.00020167454,-0.53384316,0.013737855,0.0
1777225801969000,0.036377568,0.0064044446,-0.16846953,-0.004300706,0.0043895445,-0.9805894,-0.035562206,0.0016661827,-0.6650119,-0.0019312672,9.048493e-05,-0.53390616,0.013604704,0.0
1777225802073000,0.03635408,0.0064078495,-0.23000869,-0.006903504,0.003846178,-1.0412349,-0.044616938,-0.004663816,-0.661026,-0.0024382873,-0.00025487458,-0.53370297,0.013524607,0.0
1777225802169000,0.036336627,0.006406355,-0.27860212,-0.009645302,0.0034887164,-1.08172,-0.05296813,-0.00016027968,-0.6021266,-0.002868071,-8.67868e-06,-0.5306999,0.013893924,0.0
1777225802273000,0.03632232,0.0063997135,-0.3563975,-0.012685886,0.0029240642,-1.1429846,-0.04761925,-0.000926716,-0.6108527,-0.0025734913,-5.0082595e-05,-0.5311448,0.013949955,0.0
1777225802369000,0.036313374,0.0063889455,-0.41846997,-0.015014265,0.0022944203,-1.1825669,-0.047888536,0.002043923,-0.55790055,-0.0025844108,0.00011030483,-0.528445,0.014127387,0.0
1777225802465000,0.036309045,0.006376571,-0.4826801,-0.017219275,0.0017001437,-1.2096218,-0.050306633,0.0027178226,-0.45749402,-0.002688283,0.00014523484,-0.5233257,0.01406739,0.0
1777225802569000,0.03630793,0.0063520772,-0.5873824,-0.01934187,0.0012300145,-1.2836607,-0.048335414,-0.002942709,-0.5384083,-0.0025962887,-0.00015806468,-0.52745116,0.0144666275,0.0
1777225802665000,0.036310825,0.0063317087,-0.66266835,-0.02107139,0.00096012786,-1.3089197,-0.056889635,-0.0064004767,-0.43726623,-0.003030593,-0.00034096264,-0.5222944,0.01428725,0.0
1777225802769000,0.036320698,0.0062951846,-0.7833488,-0.022612125,0.00070973777,-1.3852605,-0.04678642,3.4866156e-05,-0.5238532,-0.0025133106,1.872968e-06,-0.5267091,0.014324082,0.0
1777225802865000,0.03633098,0.0062668445,-0.869377,-0.023739167,0.0009045851,-1.4082918,-0.051278323,0.005777471,-0.4058528,-0.0027211083,0.00030658423,-0.5206927,0.014013426,0.0
1777225802969000,0.036351983,0.006218341,-1.0064454,-0.024665028,0.0012623044,-1.4868604,-0.042432588,-0.00011335197,-0.5051006,-0.0022745114,-6.0759985e-06,-0.52575296,0.013796204,0.0
1777225803065000,0.036369722,0.006182009,-1.1028497,-0.025240889,0.0015153829,-1.4980599,-0.04052466,0.0032065874,-0.09542167,-0.0020924828,0.00016557152,-0.50486517,0.014015698,0.0
1777225803169000,0.036400955,0.0061226287,-1.2516001,-0.025540493,0.0015514217,-1.524,-0.039031085,0.0044322303,0.04980868,-0.0019755422,0.00022433551,-0.49746045,0.014178484,0.0
1777225803273000,0.036428593,0.0060706637,-1.3940933,-0.025743412,0.0014710636,-1.536,-0.029113028,0.0015692203,0.0017856956,-0.0014826317,7.991528e-05,-0.49990895,0.014491208,0.0
1777225803369000,0.036454063,0.0060227723,-1.5041636,-0.02584523,0.0012996036,-1.524,-0.03100972,0.005792726,0.044477463,-0.0015665835,0.00029264332,-0.49773228,0.014202244,0.0
1777225803465000,0.036475267,0.0059829233,-1.6071299,-0.02573545,0.0014215028,-1.5032786,-0.02506096,0.009284936,0.13152468,-0.0012473724,0.000462144,-0.49329412,0.014328578,0.0
1777225803569000,0.03650699,0.005923242,-1.763563,-0.025113119,0.0017017472,-1.524,-0.021388723,0.005453655,0.044041634,-0.0010792403,0.00027518257,-0.4977545,0.014559588,0.0
1777225803665000,0.036528107,0.0058835126,-1.8689097,-0.02440479,0.0019005979,-1.5028514,-0.01577304,0.0009092684,0.13386977,-0.0007790141,4.4907825e-05,-0.49317455,0.014185427,0.0
1777225803769000,0.036559734,0.005823998,-2.028608,-0.023646088,0.0020524308,-1.5239999,-0.022321537,0.0029687257,0.06202072,-0.001127949,0.00015001526,-0.49683782,0.014044891,0.0
1777225803865000,0.036580794,0.0057843723,-2.1361215,-0.023136225,0.0020224,-1.502424,-0.020700524,-0.0047833356,0.15065229,-0.0010342821,-0.00023899483,-0.49231887,0.014117308,0.0
1777225803969000,0.03661235,0.0057250033,-2.2987497,-0.022917794,0.0014005709,-1.5239999,-0.02538293,-0.007974994,0.06820017,-0.001277374,-0.0004013347,-0.49652275,0.014201749,0.0
1777225804065000,0.03663337,0.0056854677,-2.4080026,-0.02305656,0.0004624882,-1.5021188,-0.017788969,-0.013880119,0.1570183,-0.00088836066,-0.00069315714,-0.4919943,0.014179439,0.0
1777225804169000,0.036664873,0.0056262263,-2.5729806,-0.023158127,-0.0007340487,-1.5239999,-0.024921408,-0.0036553284,0.07626504,-0.0012568829,-0.0001843523,-0.49611157,0.014136438,0.0
1777225804273000,0.036692146,0.0055749444,-2.7291458,-0.023330098,-0.0017865789,-1.536,-0.017992333,-0.007921693,0.03725469,-0.00091777806,-0.0004040808,-0.49810055,0.014443809,0.0
1777225804369000,0.036717303,0.005527641,-2.8509347,-0.023656635,-0.0022855452,-1.5239999,-0.028104765,-0.011190076,0.083755374,-0.0014223065,-0.00056629966,-0.49572966,0.014336219,0.0
1777225804473000,0.036744524,0.005476448,-3.0085342,-0.024195347,-0.002776435,-1.536,-0.031226784,-0.007961707,0.031221211,-0.0015819292,-0.00040333509,-0.49840817,0.014237307,0.0
1777225804569000,0.03676963,0.0054292236,-3.1315134,-0.024799477,-0.003299571,-1.5239999,-0.030318592,-0.006960525,0.083838046,-0.0015379905,-0.00035309102,-0.49572545,0.014299192,0.0
1777225804665000,0.03679054,0.0053899,-3.244581,-0.025041051,-0.0038714805,-1.5013254,-0.02649814,-0.009677478,0.18808502,-0.0013211515,-0.0004825023,-0.49041033,0.014321101,0.0
1777225804769000,0.03682187,0.005330957,-3.4150217,-0.024675515,-0.0048314687,-1.5239999,-0.021681778,-0.014922964,0.09623602,-0.0010907158,-0.00075070927,-0.49509332,0.014321101,0.0
1777225804873000,0.036849,0.005279915,-3.5754898,-0.023908088,-0.0059179664,-1.536,-0.026692204,-0.020080939,0.05836737,-0.0013575464,-0.0010213021,-0.4970241,0.014321101,0.0
1777225804969000,0.036874034,0.00523282,-3.701246,-0.023073781,-0.0070698382,-1.5239999,-0.021358846,-0.017845977,0.10880509,-0.0010882341,-0.00090925326,-0.49445248,0.014321101,0.0
1777225805073000,0.036901135,0.0051818388,-3.8630264,-0.02209771,-0.008311834,-1.536,-0.012296151,-0.026453048,0.06488314,-0.00062602124,-0.0013467766,-0.49669188,0.014321101,0.0
1777225805169000,0.036926158,0.005134794,-3.9897897,-0.021013131,-0.009211685,-1.5239999,-0.012755425,-0.023143452,0.10793391,-0.00064365385,-0.0011678459,-0.4944969,0.014321101,0.0
1777225805265000,0.036946993,0.005095611,-4.1057873,-0.019714069,-0.009908544,-1.5008068,-0.0080559645,-0.020197066,0.035048813,-0.00040108772,-0.001005565,-0.4896909,0.014321101,0.0
1777225805369000,0.036978185,0.0050369487,-4.2800508,-0.0182555,-0.010573976,-1.5237336,-0.01047772,-0.01976797,-0.05061929,-0.00052978453,-0.0009995272,-0.4939424,0.014321101,0.0
1777225805465000,0.03699877,0.004998222,-4.396576,-0.016966088,-0.01106608,-1.5004578,-0.0073461705,-0.022224214,0.042780057,-0.0003634644,-0.0010995811,-0.48925972,0.014321101,0.0
1777225805569000,0.037029658,0.0049401135,-4.5711865,-0.015158141,-0.0112574715,-1.5237622,0.0021381816,-0.018452259,-0.053588837,0.000107562475,-0.0009282516,-0.4941352,0.014321101,0.0
1777225805665000,0.037050266,0.0049013556,-4.6877794,-0.013364279,-0.011192608,-1.500432,0.0013260634,-0.010532475,0.04080981,6.6749686e-05,-0.00053017033,-0.48941272,0.014321101,0.0
1777225805769000,0.037081193,0.004843181,-4.8631287,-0.011294154,-0.0108919535,-1.5238037,0.0003613953,-0.015458354,-0.05283986,1.8272942e-05,-0.0007816083,-0.49413168,0.014321101,0.0
1777225805865000,0.03710182,0.0048043747,-4.980302,-0.009448723,-0.010525014,-1.5003519,0.0060338965,-0.0038424763,0.04471171,0.00031858825,-0.0002028818,-0.48922673,0.014321101,0.0
1777225805969000,0.0371328,0.004746125,-5.1564755,-0.0073473244,-0.01000313,-1.5238461,0.0035530273,-0.0052981637,-0.054712385,0.00019010442,-0.0002834778,-0.49428412,0.014321101,0.0
1777225806073000,0.037159666,0.0046956125,-5.3215637,-0.0052969866,-0.009662154,-1.5357971,0.015315256,-0.0047953045,-0.09546852,0.00078421744,-0.0002455435,-0.4962783,0.014321101,0.0
1777225806169000,0.03718446,0.004648957,-5.4513345,-0.003634057,-0.009608466,-1.5238748,0.008464298,-0.009046299,-0.05014634,0.0004360887,-0.00046607398,-0.49407202,0.014321101,0.0
1777225806265000,0.03720514,0.0046100756,-5.5696254,-0.0021845214,-0.009688945,-1.5001674,0.009087469,-0.009177132,0.04885099,0.00046019486,-0.00046473538,-0.48910066,0.014321101,0.0
1777225806369000,0.03723617,0.0045517567,-5.747664,-0.00078632915,-0.010039636,-1.5238786,0.011230803,-0.011922902,-0.04081975,0.00056038005,-0.00059491355,-0.49357355,0.014321101,0.0
1777225806465000,0.037256848,0.004512888,-5.8666773,0.0003353582,-0.010630472,-1.5000391,0.012348908,-0.01354804,0.05824799,0.0006224228,-0.0006828627,-0.48858407,0.014321101,0.0
1777225806569000,0.037287846,0.0044546104,-6.0454044,0.0014658573,-0.011577787,-1.523859,0.008421913,-0.013078267,-0.03642577,0.00042261046,-0.0006562657,-0.49333835,0.014321101,0.0
1777225806673000,0.03731469,0.004404143,-6.212614,0.0024977354,-0.012709102,-1.5357647,0.011040954,-0.013975173,-0.07609535,0.0005609037,-0.0007099682,-0.495244,0.014321101,0.0
1777225806769000,0.03733946,0.0043575736,-6.344295,0.0033185421,-0.013589766,-1.5238299,0.008305316,-0.011335909,-0.030632801,0.00043850133,-0.0005985097,-0.4929982,0.014321101,0.0
1777225806865000,0.037360087,0.004318783,-6.463978,0.003877902,-0.014162673,-1.499897,0.010031444,-0.011620099,0.06679166,0.0005046533,-0.00058457407,-0.48809502,0.014321101,0.0
1777225806969000,0.037391014,0.0042606145,-6.6433496,0.0044653015,-0.014734511,-1.5238123,0.0085044755,-0.017403558,-0.030128404,0.000429272,-0.00087846216,-0.49295756,0.014321101,0.0
1777225807065000,0.037411626,0.004221846,-6.7628503,0.0050067715,-0.015182453,-1.4998803,0.013549315,-0.016604602,0.06590205,0.0006654279,-0.0008154778,-0.4881376,0.014321101,0.0
1777225807169000,0.037442528,0.0041637085,-6.9419804,0.0058062305,-0.0155016305,-1.523798,0.01189739,-0.01194832,-0.03028316,0.00060047174,-0.0006030422,-0.49295986,0.014321101,0.0
1777225807273000,0.0374693,0.00411334,-7.1089005,0.006511693,-0.015698062,-1.5356889,0.013820856,-0.011226807,-0.07512493,0.00070217816,-0.00057038566,-0.49516118,0.014321101,0.0
1777225807369000,0.037494022,0.0040668384,-7.2401285,0.0070404527,-0.015745327,-1.5237894,0.018906623,-0.008902489,-0.03505668,0.0009497536,-0.00044720684,-0.49322867,0.014321101,0.0
1777225807465000,0.037514623,0.004028094,-7.3594203,0.0072717154,-0.015779564,-1.4999232,0.012288834,-0.006663142,0.06112812,0.0006461762,-0.00035036393,-0.4884102,0.014321101,0.0
1777225807569000,0.037545543,0.003969979,-7.538678,0.0072901063,-0.015952913,-1.5237856,0.013066109,-0.005777618,-0.041708507,0.0006794597,-0.00030044588,-0.49364084,0.014321101,0.0
1777225807673000,0.037572335,0.0039196163,-7.7062407,0.0070055807,-0.016117698,-1.5356779,0.015230253,-0.0036556567,-0.08223605,0.000762527,-0.0001830263,-0.49562523,0.014321101,0.0
1777225807769000,0.03759707,0.0038731059,-7.8381157,0.0067348965,-0.016277842,-1.5237846,0.009219559,-0.010227857,-0.038485393,0.00045633197,-0.0005062387,-0.49349785,0.014321101,0.0
1777225807873000,0.037623864,0.0038227346,-8.005793,0.0066427356,-0.016732242,-1.5356693,0.0061750845,-0.00870348,-0.07746437,0.00031297645,-0.00044112504,-0.49538353,0.014321101,0.0
1777225807969000,0.037648592,0.003776224,-8.138033,0.0065091476,-0.017150726,-1.5237751,0.005086519,-0.010966098,-0.029829606,0.00026800158,-0.0005777884,-0.49301943,0.014321101,0.0
1777225808065000,0.037669197,0.0037374704,-8.258269,0.006427101,-0.017519984,-1.4997244,0.00612326,-0.0097266445,0.06501443,0.0002978882,-0.00047318795,-0.48828527,0.014321101,0.0
1777225808169000,0.037700113,0.0036793326,-8.438777,0.006393747,-0.017742407,-1.5237684,0.0025843135,-0.011850383,-0.03901137,0.00013586365,-0.0006230034,-0.49358293,0.014321101,0.0
1777225808265000,0.037720732,0.003640565,-8.559169,0.006292471,-0.017781975,-1.49969,0.0067519303,-0.0006661643,0.06349779,0.00033564362,-3.311554e-05,-0.48842382,0.014321101,0.0
1777225808369000,0.037751667,0.0035823905,-8.73993,0.006421281,-0.017314551,-1.5237741,0.0076447753,0.00033359625,-0.03378631,0.0003805082,1.6604294e-05,-0.49332935,0.014321101,0.0
1777225808465000,0.037772298,0.0035435813,-8.860514,0.006744899,-0.016262528,-1.4996738,0.009536101,0.0041197706,0.06302361,0.00048961124,0.00021152107,-0.48848993,0.014321101,0.0
1777225808569000,0.037803296,0.0034853164,-9.041346,0.0071353125,-0.014974915,-1.523798,0.005738027,-0.00087600807,-0.034681145,0.00033681994,-5.1421335e-05,-0.49341884,0.014321101,0.0
1777225808665000,0.03782397,0.0034464407,-9.16199,0.0073679984,-0.013881071,-1.4996367,0.0072597326,0.008458712,0.06550318,0.0003642354,0.00042439063,-0.4883872,0.014321101,0.0
1777225808769000,0.037854996,0.0033880777,-9.343278,0.0076923235,-0.012649656,-1.5238199,0.008541074,0.0046767984,-0.031251073,0.00044812987,0.0002453805,-0.49325374,0.014321101,0.0
1777225808873000,0.037881922,0.0033374564,-9.512859,0.008002731,-0.011356398,-1.5357475,0.008936896,0.010259069,-0.07260206,0.00044930162,0.0005157737,-0.4952889,0.014321101,0.0
1777225808969000,0.037906807,0.0032906644,-9.646676,0.0081434585,-0.010119233,-1.5238428,0.012120656,0.016229734,-0.021869803,0.0006107968,0.00081786583,-0.49274486,0.014321101,0.0
1777225809065000,0.037927553,0.0032516436,-9.768116,0.008112726,-0.008820818,-1.4995918,0.010807269,0.016913041,0.07529731,0.0005441983,0.0008516534,-0.48787078,0.014321101,0.0
1777225809169000,0.03795871,0.0031930476,-9.949927,0.0079697985,-0.0071728467,-1.5238714,0.011390732,0.027207172,-0.027716173,0.00056936836,0.0013599568,-0.49307036,0.014321101,0.0
1777225809265000,0.037979525,0.0031539265,-10.070124,0.007931371,-0.005644707,-1.4994637,0.016067548,0.028117184,0.008587733,0.000802779,0.001404812,-0.4912508,0.014321101,0.0
1777225809369000,0.03801201,0.0030928403,-10.250932,0.008124118,-0.0043121064,-1.5585412,0.010136578,0.031121362,-0.62230814,0.0005393927,0.0016560457,-0.52308077,0.014321101,0.0
1777225809465000,0.03803482,0.0030499496,-10.375362,0.0084003145,-0.0032385788,-1.5892088,0.016144376,0.028633667,-0.81736845,0.0008810134,0.0015625656,-0.5330409,0.014321101,0.0
1777225809569000,0.038070757,0.002982375,-10.572866,0.008838977,-0.0021581976,-1.7469337,0.0121956095,0.02345367,-1.4801431,0.00070468325,0.0013551932,-0.5664323,0.014321101,0.0
1777225809673000,0.038103573,0.0029206707,-10.758199,0.009073235,-0.0012662379,-1.8747803,0.008810654,0.02493424,-1.1243044,0.00049278594,0.0013945892,-0.54849726,0.014321101,0.0
1777225809769000,0.038134992,0.0028615824,-10.939074,0.009272731,-0.00066434627,-1.954531,0.016530152,0.021950688,-0.69671226,0.000882306,0.0011716301,-0.5268967,0.014321101,0.0
1777225809865000,0.038161144,0.0028124042,-11.094386,0.009514079,-0.00045761475,-1.9620179,0.01218167,0.01964207,-0.20973687,0.0006267331,0.0010105623,-0.5023709,0.014321101,0.0
1777225809969000,0.03819991,0.0027394998,-11.330509,0.00966827,-0.00045280083,-2.004225,0.013935712,0.01820261,0.13912734,0.00068256934,0.0008915615,-0.48479477,0.014321101,0.0
1777225810073000,0.038232848,0.002677552,-11.533569,0.009622577,-0.0005568415,-1.9670343,0.008996509,0.018646827,0.57558674,0.00042803236,0.00088717137,-0.4628093,0.014321101,0.0
1777225810169000,0.038262542,0.0026217115,-11.715696,0.009417136,-0.0007900899,-1.89383,0.0112740295,0.012879345,0.9727957,0.000503534,0.00057523244,-0.4428371,0.014321101,0.0
1777225810273000,0.038293757,0.0025630079,-11.903082,0.00933185,-0.0011810735,-1.7719849,0.0048840465,0.0062531624,1.4157825,0.0001998573,0.0002558821,-0.42055082,0.014321101,0.0
1777225810369000,0.03832153,0.0025107826,-12.063405,0.009388431,-0.0016930737,-1.6324258,0.004101634,0.009291037,1.4014517,0.00018574913,0.0004207596,-0.4212525,0.014321101,0.0
1777225810465000,0.03834379,0.002468915,-12.187389,0.00945113,-0.0021306546,-1.5023173,0.006364356,0.0023102434,1.2507924,0.00027835634,0.00010104258,-0.42883927,0.014321101,0.0
1777225810569000,0.038375504,0.0024092696,-12.359106,0.009674341,-0.0025915871,-1.3886416,0.008858269,-0.0016961431,1.0218753,0.0003657619,-7.003451e-05,-0.44033828,0.014321101,0.0
1777225810665000,0.03839545,0.0023717668,-12.46535,0.009649495,-0.0027965438,-1.2874908,0.0092365835,0.0015440208,0.92722034,0.00037129424,6.206689e-05,-0.44511485,0.014321101,0.0
1777225810769000,0.038423497,0.0023190319,-12.61429,0.009683816,-0.0026999277,-1.2052535,0.010542582,0.00599816,0.7567493,0.0005094191,0.000289832,-0.45368096,0.014321101,0.0
1777225810865000,0.038440943,0.0022862318,-12.707568,0.009691468,-0.0023072471,-1.126188,0.008494081,-4.46334e-05,0.7185764,0.00038530718,-2.0246534e-06,-0.45559853,0.014321101,0.0
1777225810969000,0.038465235,0.0022405658,-12.839747,0.009703325,-0.0017634962,-1.0656562,0.008415316,0.0062698713,0.60752755,0.00040376547,0.00030082738,-0.46116257,0.014321101,0.0
1777225811065000,0.038480178,0.00221248,-12.923261,0.009965237,-0.001195827,-1.0011883,0.013813207,0.008660857,0.60526025,0.0006471024,0.00040573216,-0.46126336,0.014321101,0.0
1777225811169000,0.038500704,0.0021738946,-13.042296,0.010535536,-0.0009378798,-0.9531638,0.014987493,0.006468611,0.5245589,0.0007074114,0.00030531915,-0.46531394,0.014321101,0.0
1777225811265000,0.038513366,0.0021500885,-13.117791,0.011048031,-0.00097075815,-0.89799243,0.008103812,-8.135801e-06,0.52591884,0.00039347966,-3.9503288e-07,-0.4652557,0.014321101,0.0
1777225811369000,0.038531967,0.0021151134,-13.225625,0.011785059,-0.0012101248,-0.85713667,0.016511327,-0.00025539636,0.4702371,0.00080787356,-1.2496147e-05,-0.46802577,0.014321101,0.0
1777225811465000,0.038543947,0.0020925822,-13.294083,0.012895524,-0.0014657695,-0.80811787,0.014582578,0.00032521563,0.48434198,0.00070309354,1.5680149e-05,-0.46729258,0.014321101,0.0
1777225811569000,0.03856115,0.0020602422,-13.39187,0.014480857,-0.0017873221,-0.77188694,0.021137247,-0.0035782927,0.4294947,0.0009992562,-0.00016916258,-0.4700287,0.014321101,0.0
1777225811665000,0.038572077,0.0020396993,-13.453936,0.015949031,-0.0020955103,-0.7278967,0.017234463,-0.002142344,0.44381842,0.00081986573,-0.00010191407,-0.469278,0.014321101,0.0
1777225811769000,0.038587656,0.0020104111,-13.542599,0.01698102,-0.0022624666,-0.6953124,0.0199877,-0.004497122,0.3958106,0.0009532649,-0.00021447933,-0.47166097,0.014321101,0.0
1777225811873000,0.038600378,0.0019864973,-13.615363,0.017375242,-0.0023149762,-0.6586934,0.016469046,0.0033440846,0.374291,0.0007997494,0.0001623913,-0.47271758,0.014321101,0.0
1777225811969000,0.038611475,0.001965628,-13.679347,0.017599616,-0.0021291345,-0.62694514,0.017129697,0.0016773568,0.35986522,0.0008294818,8.122368e-05,-0.47340935,0.014321101,0.0
1777225812073000,0.038622808,0.0019443247,-13.74538,0.017856235,-0.001874672,-0.59438956,0.018643344,0.003617811,0.33453882,0.000895767,0.00017382695,-0.47466305,0.014321101,0.0
1777225812169000,0.038632624,0.0019258639,-13.803438,0.017992225,-0.0017043222,-0.5664658,0.018460054,0.0016412383,0.31013417,0.00089640875,7.9697515e-05,-0.4758823,0.014321101,0.0
1777225812265000,0.03864043,0.0019111793,-13.849792,0.018089822,-0.001551468,-0.5356425,0.014220724,0.0009563309,0.31675267,0.00071404094,4.8018617e-05,-0.47552216,0.014321101,0.0
1777225812369000,0.038651846,0.0018897076,-13.9160185,0.018296715,-0.0012325312,-0.51350516,0.016316304,-0.0036996529,0.27862996,0.0008037639,-0.00018225006,-0.47740805,0.014321101,0.0
1777225812473000,0.038661294,0.0018719571,-13.970354,0.018573774,-0.0005993013,-0.48807108,0.01640991,-0.0028679832,0.25904286,0.0008134989,-0.00014217637,-0.47837108,0.014321101,0.0
1777225812569000,0.0386696,0.00185635,-14.018116,0.018730603,0.0001285527,-0.4658881,0.0126383295,0.0058688084,0.24561226,0.0006000309,0.00027863382,-0.47902694,0.014321101,0.0
1777225812665000,0.038676217,0.0018439163,-14.056237,0.018593667,0.0011768327,-0.44073653,0.011455735,0.014021382,0.2522591,0.00057273137,0.0007010014,-0.4786721,0.014321101,0.0
1777225812769000,0.038685624,0.0018262404,-14.110693,0.018484881,0.0024859435,-0.42252994,0.015241779,0.016482644,0.21944498,0.000746835,0.0008076365,-0.48030546,0.014321101,0.0
1777225812873000,0.03869327,0.0018118701,-14.155362,0.01858176,0.0037858319,-0.4020804,0.011058418,0.018005308,0.2053799,0.0005427713,0.00088373985,-0.48099065,0.014321101,0.0
1777225812969000,0.038697265,0.001796739,-14.194613,0.01813788,0.004373785,-0.38470593,-0.051437736,-0.042897798,0.19097674,-0.002525691,-0.002106364,-0.48170373,0.014321101,0.0
1777225813065000,0.0383525,0.0015625431,-14.226328,0.012408929,0.0023140924,-0.36640304,0.06547105,0.009926823,0.19628605,0.003220453,0.0004882901,-0.48142022,0.013204091,-0.027925268
1777225813169000,0.039260726,0.0011355749,-14.2715225,0.04941877,0.0031421478,-0.3535816,0.6083045,0.017789343,0.17686616,0.029921712,0.0008750348,-0.4823795,0.0073397867,-0.06981317
1777225813265000,0.043699052,0.0008567149,-14.300041,0.10824096,0.0039946213,-0.33587518,0.97331375,0.02444926,0.19856471,0.047765736,0.0011998567,-0.481265,0.0027315363,-0.043668896
1777225813369000,0.060963992,0.0004459566,-14.340568,0.25070778,0.0048581776,-0.32195416,1.5757596,0.022728642,0.20162675,0.07730564,0.0011150509,-0.48110566,4.5430133e-06,-0.0017809924
1777225813473000,0.09047739,9.856178e-05,-14.373417,0.4256095,0.0059554577,-0.30455545,2.0913854,0.026320301,0.23748043,0.102214605,0.0012863813,-0.4792903,0.0,0.0
1777225813569000,0.13307443,-0.00021383066,-14.401798,0.627898,0.007061392,-0.28763,2.5544097,0.028348655,0.28115314,0.12426992,0.0013791386,-0.4770859,0.0,0.0
1777225813665000,0.18173565,-0.00046751965,-14.42401,0.81939834,0.008221129,-0.26849547,2.8638582,0.020593213,0.33342022,0.13855633,0.0009963202,-0.47445586,0.0,0.0
1777225813769000,0.28002822,-0.00083579996,-14.454871,1.1653335,0.008886552,-0.2504183,3.4884877,0.011030202,0.3752545,0.1680297,0.0005312907,-0.47235605,0.0,0.0
1777225813865000,0.363858,-0.0010727737,-14.473827,1.404155,0.00933978,-0.23065467,3.5750847,0.0059037246,0.42205957,0.17134212,0.00028294622,-0.47000045,0.0,0.0
1777225813969000,0.5171001,-0.0014153512,-14.499925,1.7873889,0.0099763945,-0.21136567,3.6910949,0.00683681,0.42146736,0.17690843,0.0003276777,-0.4700174,0.0,0.0
1777225814073000,0.6753608,-0.0017006361,-14.520422,2.099335,0.0105351545,-0.19223352,3.6686924,0.0026247604,0.3910945,0.17639898,0.00012620438,-0.4715258,0.0,0.0
1777225814169000,0.8414175,-0.0019549495,-14.5377,2.376954,0.0109412875,-0.1757167,3.6218562,8.791988e-05,0.35090837,0.17488526,4.2453066e-06,-0.4735247,0.0,0.0
1777225814273000,1.0433103,-0.0022227347,-14.554824,2.6675916,0.011467349,-0.15909041,3.5681,0.010525278,0.30701548,0.17308174,0.0005105613,-0.47570205,0.0,0.0
1777225814369000,1.2497118,-0.002463177,-14.56922,2.9257412,0.012032245,-0.14482786,3.4907181,0.0066038948,0.26331696,0.17010354,0.00032180938,-0.47788033,0.0,0.0
1777225814465000,1.4373786,-0.0026599213,-14.58027,3.0979419,0.0124958735,-0.13205831,3.2771943,0.00886019,0.2122269,0.16055635,0.00043407857,-0.48044735,0.0,0.0
1777225814569000,1.7467233,-0.0029497512,-14.595288,3.4422097,0.01294114,-0.11840868,3.3387628,0.008849637,0.1794835,0.16412666,0.00043502983,-0.48207498,0.0,0.0
1777225814673000,2.0439076,-0.0031970295,-14.606835,3.7045631,0.01328085,-0.10588504,3.270129,0.009369255,0.146247,0.16130728,0.0004621619,-0.48373738,0.0,0.0
1777225814769000,2.342612,-0.0034216754,-14.616244,3.9440765,0.013285544,-0.09468274,3.2155762,0.008304016,0.12426376,0.15897645,0.00041054634,-0.4848359,0.0,0.0
1777225814865000,2.6112483,-0.003607056,-14.623181,4.088927,0.012983466,-0.084887266,2.990251,0.0061432007,0.10687718,0.148099,0.000304256,-0.4856966,0.0,0.0
1777225814969000,3.0480123,-0.003881536,-14.631974,4.4242487,0.012323439,-0.07147755,2.6623333,0.0028428182,0.09291311,0.1320396,0.00014099083,-0.4863657,0.0,0.0
1777225815065000,3.3607552,-0.0040620365,-14.636719,4.52039,0.011844916,-0.062514335,2.1345255,-0.007906891,0.04729329,0.10635595,-0.0003939728,-0.4886315,0.0,0.0
1777225815169000,3.8598764,-0.0043288134,-14.642086,4.787083,0.011389267,-0.04974762,1.7822783,-0.005288695,-0.047656924,0.08966588,-0.00026607263,-0.4933701,0.0,0.0
1777225815265000,4.211007,-0.0045037917,-14.644875,4.8225164,0.011279682,-0.053831376,1.2389572,-0.008747629,-0.21287261,0.06337827,-0.00044748085,-0.50165397,0.0,0.0
1777225815369000,4.7620697,-0.0047614924,-14.649143,5.01363,0.010938834,-0.061635047,0.8749107,-0.00916254,-0.22026448,0.04478691,-0.00046903285,-0.5020067,0.0,0.0
1777225815465000,5.1434627,-0.0049297684,-14.652065,4.986081,0.0103861755,-0.06704114,0.3645212,-0.0116420165,-0.21554796,0.018651066,-0.0005956747,-0.5017683,0.0,0.0
1777225815569000,5.7318654,-0.005176109,-14.656564,5.0929914,0.0094424095,-0.07374726,-0.0086759925,-0.017570486,-0.19424593,-0.00043967797,-0.00089042913,-0.50068617,0.0,0.0
1777225815673000,6.2503586,-0.0053824657,-14.660548,5.071193,0.008294776,-0.07882656,-0.34031036,-0.023314735,-0.16007058,-0.017315242,-0.0011862708,-0.49897003,0.0,0.0
1777225815769000,6.730358,-0.0055714687,-14.664246,5.0370727,0.0071609765,-0.08240205,-0.36165288,-0.028436666,-0.12836887,-0.018341983,-0.0014422252,-0.49737275,0.0,0.0
1777225815873000,7.2503576,-0.0057762233,-14.668252,4.9965487,0.0056123296,-0.08530975,-0.36656675,-0.030696817,-0.09758157,-0.018533697,-0.0015520378,-0.49581555,0.0,0.0
1777225815969000,7.730357,-0.0059652273,-14.67195,4.9576697,0.0038181338,-0.08751266,-0.36542448,-0.039730035,-0.07517098,-0.018433055,-0.0020040965,-0.49467713,0.0,0.0
1777225816073000,8.250357,-0.0061699823,-14.675958,4.915187,0.0015210062,-0.089414105,-0.37384835,-0.044557292,-0.057491798,-0.01882317,-0.0022434483,-0.49377292,0.0,0.0
1777225816169000,8.730356,-0.0063589877,-14.679656,4.877122,-0.0006258002,-0.09082356,-0.3653513,-0.047653615,-0.048057795,-0.018377144,-0.0023969735,-0.49328825,0.0,0.0
1777225816273000,9.250356,-0.006563743,-14.683663,4.837777,-0.0026993095,-0.09202309,-0.35881528,-0.051146403,-0.04028691,-0.018034415,-0.0025706694,-0.49288622,0.0,0.0
1777225816369000,9.730355,-0.0067527476,-14.687363,4.804044,-0.004730638,-0.09285354,-0.35998085,-0.053978544,-0.03888699,-0.018089691,-0.0027125196,-0.4928142,0.0,0.0
1777225816473000,10.250355,-0.006957502,-14.691369,4.771084,-0.0071733566,-0.093441986,-0.34919098,-0.057680517,-0.029589824,-0.017530432,-0.0028957345,-0.49233335,0.0,0.0
1777225816569000,10.730354,-0.007146506,-14.695067,4.744136,-0.009480933,-0.093691766,-0.34127125,-0.06548419,-0.028547406,-0.01713201,-0.0032873435,-0.4922775,0.0,0.0
1777225816673000,11.250354,-0.00735126,-14.699074,4.7191715,-0.011957174,-0.09360859,-0.31045228,-0.06773536,-0.023038976,-0.015574975,-0.0033981923,-0.4919926,0.0,0.0
1777225816769000,11.730353,-0.0075402656,-14.702772,4.700328,-0.014198011,-0.093309045,-0.28895938,-0.071366265,-0.021268327,-0.014494103,-0.0035797071,-0.49190208,0.0,0.0
1777225816873000,12.250353,-0.0077450206,-14.706778,4.684585,-0.016699813,-0.09276727,-0.2594249,-0.074059635,-0.016517188,-0.013004995,-0.0037126166,-0.49165782,0.0,0.0
1777225816969000,12.730352,-0.0079340255,-14.710474,4.674584,-0.018941334,-0.09213036,-0.22392839,-0.07486671,-0.0051770285,-0.01121366,-0.0037490998,-0.49107105,0.0,0.0
1777225817073000,13.250352,-0.00813878,-14.714479,4.66854,-0.021015495,-0.09116161,-0.17044169,-0.0813936,-0.0036761872,-0.008533549,-0.004075155,-0.4909894,0.0,0.0
1777225817169000,13.730351,-0.008327783,-14.718175,4.667354,-0.022812102,-0.090188056,-0.13034391,-0.07710549,-0.0057279803,-0.006525406,-0.0038601318,-0.49109322,0.0,0.0
1777225817265000,14.130351,-0.008485288,-14.721255,4.5942173,-0.024619529,-0.08856899,-0.21839088,-0.07883487,-0.0034123957,-0.010934641,-0.003947193,-0.49097714,0.0,0.0
1777225817369000,14.7303505,-0.008721544,-14.725875,4.67759,-0.026380768,-0.088061854,-0.031653784,-0.078315325,-0.0036939178,-0.0015843606,-0.003919902,-0.49098784,0.0,0.0
1777225817473000,15.25035,-0.008926299,-14.729878,4.6893497,-0.027549334,-0.08669447,0.028732829,-0.07053781,0.00086178444,0.0014364647,-0.003526457,-0.49075353,0.0,0.0
1777225817569000,15.73035,-0.009115302,-14.733574,4.7039914,-0.028313238,-0.0852023,0.09255188,-0.06886649,0.005180167,0.004628019,-0.003443641,-0.49053156,0.0,0.0
1777225817673000,16.25035,-0.009320059,-14.737578,4.723482,-0.028720083,-0.08331737,0.15554304,-0.064837836,0.013825724,0.007772473,-0.0032399413,-0.49008444,0.0,0.0
1777225817769000,16.730352,-0.009509063,-14.741275,4.744166,-0.028787756,-0.08152056,0.20546879,-0.053102933,0.013498422,0.010267175,-0.002653527,-0.49010032,0.0,0.0
1777225817873000,17.250355,-0.009713818,-14.745282,4.7691946,-0.0285477,-0.07945499,0.26760608,-0.054115493,0.0133747365,0.013372867,-0.002704271,-0.49010602,0.0,0.0
1777225817969000,17.730356,-0.009902824,-14.7489805,4.7944956,-0.028047042,-0.07732439,0.3136288,-0.043704417,0.016384298,0.015668746,-0.002183452,-0.4899535,0.0,0.0
1777225818065000,18.130358,-0.010060327,-14.752062,4.7451987,-0.027365692,-0.07445481,0.21541822,-0.049771518,0.020964697,0.010757273,-0.0024854247,-0.48972318,0.0,0.0
1777225818169000,18.73036,-0.010296585,-14.756685,4.8512125,-0.0265037,-0.07291348,0.4030969,-0.038861718,0.014848356,0.020142812,-0.0019419258,-0.49003372,0.0,0.0
1777225818273000,19.250362,-0.010501342,-14.760694,4.8823347,-0.025450649,-0.071001135,0.4526467,-0.030739538,0.026139673,0.02259073,-0.0015341515,-0.48945045,0.0,0.0
1777225818369000,19.730364,-0.010690344,-14.76439,4.911941,-0.02445857,-0.0691126,0.50279665,-0.029890362,0.026314717,0.025094226,-0.0014918069,-0.4894374,0.0,0.0
1777225818465000,20.130365,-0.010847849,-14.767473,4.865764,-0.023460846,-0.06651974,0.39580306,-0.027051536,0.038299583,0.019729178,-0.0013484096,-0.4888202,0.0,0.0
1777225818569000,20.730368,-0.011084106,-14.772095,4.9736533,-0.022401974,-0.065342695,0.56557715,-0.017597416,0.02548438,0.02822933,-0.00087832985,-0.4894673,0.0,0.0
1777225818665000,21.13037,-0.011241608,-14.775178,4.926464,-0.02151962,-0.06360416,0.44684613,-0.016745823,0.026313696,0.022300167,-0.0008357119,-0.4894212,0.0,0.0
1777225818769000,21.730371,-0.0114778625,-14.7798,5.0325627,-0.02065529,-0.063038416,0.6073742,-0.023663165,0.023952218,0.030318879,-0.0011812168,-0.4895313,0.0,0.0
1777225818865000,22.130373,-0.011635366,-14.782882,4.9830666,-0.020136308,-0.061297804,0.48649648,-0.024210403,0.0276362,0.024275763,-0.0012080786,-0.48933855,0.0,0.0
1777225818969000,22.728779,-0.011870993,-14.787489,5.0847893,-0.019614868,-0.06090057,0.6259977,-0.02386903,0.01855351,0.031265043,-0.001192123,-0.48979396,0.0,0.0
1777225819065000,23.126343,-0.012027536,-14.790552,5.029881,-0.01888391,-0.059569344,0.49448484,-0.028261561,0.022099769,0.024688235,-0.0014110202,-0.48960733,0.0,0.0
1777225819169000,23.718529,-0.012260713,-14.795113,5.121687,-0.017908534,-0.059307978,0.62115145,-0.02620919,0.014465811,0.031035276,-0.0013095187,-0.48998898,0.0,0.0
1777225819273000,24.229357,-0.012461854,-14.799047,5.133769,-0.016735729,-0.05839102,0.5980652,-0.024126269,0.008994667,0.02989908,-0.0012061448,-0.4902646,0.0,0.0
1777225819369000,24.697409,-0.012646154,-14.802653,5.1394005,-0.015685897,-0.057388727,0.5744344,-0.022713032,0.012525914,0.028707225,-0.0011350785,-0.49008057,0.0,0.0
1777225819473000,25.20521,-0.012846104,-14.806564,5.1439686,-0.014315481,-0.056019995,0.5579912,-0.009790138,0.019054068,0.027865484,-0.000488909,-0.4897417,0.0,0.0
1777225819569000,25.67177,-0.013029816,-14.810156,5.1441717,-0.012418666,-0.054637656,0.52551824,-0.0017182331,0.019521777,0.02624229,-8.580172e-05,-0.48971322,0.0,0.0
1777225819665000,26.061445,-0.013183255,-14.813157,5.0692587,-0.010272344,-0.05287833,0.36439982,-4.6730973e-05,0.023957746,0.01818871,-2.332537e-06,-0.48948193,0.0,0.0
1777225819769000,26.64667,-0.013413695,-14.817665,5.1409264,-0.008221822,-0.052503902,0.48123026,0.0058753425,0.018899275,0.024032686,0.00029341516,-0.48972958,0.0,0.0
1777225819865000,27.037474,-0.013567574,-14.820675,5.0637994,-0.0061866306,-0.051302418,0.334915,0.015517981,0.012080135,0.016737422,0.000775513,-0.49007484,0.0,0.0
1777225819969000,27.624788,-0.013798832,-14.825199,5.1347528,-0.0040663388,-0.051493097,0.4555942,0.019790001,0.01091272,0.022770654,0.0009891067,-0.49012494,0.0,0.0
1777225820065000,28.017088,-0.013953301,-14.82822,5.0570626,-0.0019824035,-0.05048637,0.31314644,0.02953357,0.013179406,0.015646962,0.0014757017,-0.4900059,0.0,0.0
1777225820169000,28.606527,-0.014185398,-14.83276,5.1286645,0.0007617383,-0.050723217,0.43744546,0.037898317,0.00758432,0.021870367,0.0018947507,-0.49028358,0.0,0.0
1777225820265000,29.000032,-0.014340343,-14.835791,5.051275,0.0034806381,-0.049664684,0.29715234,0.036635887,0.01394715,0.014847436,0.001830539,-0.48995483,0.0,0.0
1777225820369000,29.590908,-0.014573004,-14.840343,5.1231833,0.0061973496,-0.050036706,0.42424503,0.041434523,0.009504109,0.021205552,0.0020710716,-0.49017286,0.0,0.0
1777225820465000,29.985146,-0.014728238,-14.843381,5.0453715,0.0087594595,-0.04947304,0.2798837,0.03846506,0.011029433,0.013986641,0.001922216,-0.49008954,0.0,0.0
1777225820569000,30.57676,-0.0149611905,-14.8479395,5.1170716,0.011502908,-0.050522238,0.41360998,0.050556354,0.00051191496,0.020692093,0.002529235,-0.49061698,0.0,0.0
1777225820665000,30.971191,-0.015116501,-14.850977,5.0388174,0.014211515,-0.05044649,0.27226186,0.055739757,-0.00444948,0.0136272125,0.0027898785,-0.4908684,0.0,0.0
1777225820769000,31.564833,-0.0153502505,-14.85555,5.1119146,0.01720353,-0.051510192,0.42463684,0.06362467,-0.0074159703,0.021261813,0.0031857241,-0.49101532,0.0,0.0
1777225820873000,32.08125,-0.015553592,-14.859528,5.1120415,0.020286035,-0.05164273,0.4326278,0.06763803,-0.0027848333,0.02165097,0.0033849631,-0.49077627,0.0,0.0
1777225820969000,32.555767,-0.015740436,-14.863183,5.11019,0.022807496,-0.051605705,0.43172744,0.061058603,-0.0013224541,0.021602772,0.0030552496,-0.4907002,0.0,0.0
1777225821065000,32.95206,-0.015896479,-14.866238,5.0338583,0.025114313,-0.050937057,0.2952659,0.067079194,0.0029289266,0.0147675,0.0033549147,-0.49048293,0.0,0.0
1777225821169000,33.54643,-0.016130513,-14.870815,5.107961,0.027409282,-0.05151651,0.43194646,0.058859736,0.00030039647,0.021610115,0.00294473,-0.49061096,0.0,0.0
1777225821265000,33.942635,-0.016286522,-14.873867,5.0315137,0.02920859,-0.050998222,0.2837588,0.05853842,0.0040062913,0.014190003,0.0029273466,-0.49042088,0.0,0.0
1777225821369000,34.536907,-0.016520519,-14.878446,5.105482,0.030867543,-0.05170133,0.41706663,0.054935344,-0.0025134203,0.020871282,0.0027491315,-0.49074733,0.0,0.0
1777225821465000,34.93308,-0.016676515,-14.881497,5.028908,0.03206292,-0.051213186,0.27618727,0.039024383,-0.0005361538,0.013818912,0.0019525685,-0.49064657,0.0,0.0
1777225821569000,35.527367,-0.016910523,-14.886078,5.102735,0.032907456,-0.0520091,0.41607636,0.045470223,-0.003270642,0.020823464,0.0022756583,-0.49078125,0.0,0.0
1777225821665000,35.923584,-0.017066536,-14.889131,5.026096,0.033485305,-0.05158236,0.2829179,0.042449053,-0.0062576854,0.014162868,0.0021249994,-0.49093646,0.0,0.0
1777225821769000,36.51799,-0.017300593,-14.893709,5.0997634,0.033791225,-0.052133143,0.40865132,0.038080953,-0.012144052,0.020471139,0.0019076421,-0.49123624,0.0,0.0
1777225821865000,36.91433,-0.017456656,-14.896761,5.0228233,0.033979926,-0.051522974,0.28159276,0.044111215,-0.008491593,0.0141005535,0.0022088373,-0.49105468,0.0,0.0
1777225821969000,37.50892,-0.01769078,-14.901341,5.096687,0.03432628,-0.05216711,0.41546816,0.054501623,-0.0063212886,0.020799456,0.002728498,-0.49094185,0.0,0.0
1777225822065000,37.905342,-0.017846873,-14.904396,5.019736,0.034959223,-0.051498737,0.2950799,0.057551548,0.00033970538,0.014762747,0.0028792846,-0.49060336,0.0,0.0
1777225822169000,38.5,-0.01808102,-14.908975,5.093255,0.035805695,-0.05201886,0.42947346,0.06506904,2.0344698e-05,0.02148616,0.0032553442,-0.4906154,0.0,0.0
1777225822265000,38.896423,-0.018237112,-14.912027,5.016358,0.0369802,-0.051319018,0.30085286,0.0736234,0.001905272,0.015046908,0.0036822134,-0.49051952,0.0,0.0
1777225822369000,39.49099,-0.018471232,-14.916607,5.090051,0.038152765,-0.05180947,0.41806242,0.06353186,-0.0028258893,0.020921603,0.0031794019,-0.49075773,0.0,0.0
1777225822473000,40.00735,-0.018674552,-14.920585,5.0892615,0.038857616,-0.05157657,0.41629043,0.06605927,-0.002509267,0.020831592,0.0033056722,-0.49074033,0.0,0.0
1777225822569000,40.481926,-0.018861417,-14.924182,5.0863514,0.039058976,-0.049787585,0.40451014,0.053949837,0.013603633,0.020208959,0.0026952848,-0.4899276,0.0,0.0
1777225822665000,40.878365,-0.019017521,-14.927061,5.009033,0.03855571,-0.0472966,0.26387358,0.046832297,0.017322768,0.0131784575,0.0023389135,-0.4897403,0.0,0.0
1777225822769000,41.473225,-0.01925175,-14.9311695,5.081859,0.037246685,-0.045105025,0.38834584,0.0345582,0.01763507,0.019393628,0.0017258042,-0.4897224,0.0,0.0
1777225822865000,41.86996,-0.019407969,-14.933775,5.004205,0.03568396,-0.04269341,0.25727606,0.034327026,0.027744897,0.012833883,0.0017123591,-0.48920482,0.0,0.0
1777225822969000,42.465313,-0.019642396,-14.937492,5.077447,0.033872776,-0.04052353,0.38550767,0.02755084,0.03301636,0.01922072,0.0013736353,-0.48892915,0.0,0.0
1777225823065000,42.862385,-0.019798744,-14.939848,5.0001807,0.03206002,-0.03801918,0.24858502,0.017283512,0.030394984,0.0123963915,0.000861891,-0.4890613,0.0,0.0
1777225823169000,43.459625,-0.020033915,-14.943217,5.0750375,0.029609717,-0.0357399,0.37086403,0.0023101512,0.02936591,0.018497163,0.000115220784,-0.4891102,0.0,0.0
1777225823273000,43.97961,-0.020238664,-14.94599,5.075966,0.026508356,-0.03338337,0.36521944,-0.005517945,0.02824798,0.018217243,-0.00027523658,-0.48916447,0.0,0.0
1777225823369000,44.45842,-0.020427201,-14.948417,5.0753884,0.023071995,-0.0313406,0.36049816,-0.022336919,0.029206714,0.017979397,-0.0011140258,-0.48911214,0.0,0.0
1777225823465000,44.85841,-0.020584702,-14.950356,4.9999714,0.019319884,-0.029363634,0.2360845,-0.024414195,0.027893797,0.011775814,-0.0012177716,-0.48917636,0.0,0.0
1777225823569000,45.457527,-0.020820614,-14.953115,5.075796,0.015007305,-0.027820587,0.37120578,-0.02938237,0.022113774,0.01852716,-0.0014664961,-0.4894676,0.0,0.0
1777225823673000,45.97686,-0.021025103,-14.955376,5.075813,0.01087495,-0.02633667,0.38393077,-0.032982145,0.017849255,0.019171568,-0.001646962,-0.48968223,0.0,0.0
1777225823769000,46.45586,-0.021213712,-14.957356,5.075666,0.007526247,-0.025111198,0.38872686,-0.028988738,0.021212207,0.019403394,-0.0014469798,-0.4895067,0.0,0.0
1777225823873000,46.975197,-0.021418205,-14.959396,5.076011,0.0042065885,-0.024036407,0.40070271,-0.025510635,0.013153148,0.02001778,-0.0012744269,-0.48991534,0.0,0.0
1777225823969000,47.45457,-0.021606961,-14.961187,5.0764766,0.0015065894,-0.0231781,0.40804526,-0.02029569,0.011056532,0.020389756,-0.0010141624,-0.49002016,0.0,0.0
1777225824073000,47.974304,-0.021811608,-14.963034,5.077579,-0.0010851262,-0.02234459,0.4233553,-0.015513873,0.008560464,0.021159912,-0.00077540585,-0.4901459,0.0,0.0
1777225824169000,48.453846,-0.02194989,-14.964353,5.0795197,-0.0016568744,-0.011014171,0.44454503,0.013385187,0.18785799,0.02181062,0.0006567146,-0.48115262,0.0,0.0
1777225824273000,48.97338,-0.021967273,-14.964721,5.081815,-0.0023177483,-0.007900835,0.46253353,0.0127797555,0.006724285,0.023121746,0.00063885155,-0.4902296,0.0,0.0
1777225824369000,49.45243,-0.021973042,-14.965023,5.083474,-0.0028042565,-0.007776064,0.46068195,0.01877397,0.01105137,0.023019364,0.00093809824,-0.49000505,0.0,0.0
1777225824465000,49.85164,-0.02197785,-14.965275,5.009426,-0.0026123652,-0.00757022,0.33684424,0.028621376,0.007287925,0.016837781,0.0014306923,-0.49019498,0.0,0.0
1777225824569000,50.450233,-0.021985058,-14.965652,5.087276,-0.0017298134,-0.0074903267,0.47850516,0.039097924,0.004286628,0.02392691,0.0019550312,-0.49034533,0.0,0.0
1777225824673000,50.96913,-0.021991305,-14.965979,5.089722,-0.0003107595,-0.007267384,0.49099097,0.058421172,0.012114199,0.024529466,0.0029186693,-0.4899431,0.0,0.0
1777225824769000,51.447216,-0.021997059,-14.966278,5.091338,0.0013004808,-0.006865338,0.5095641,0.07207809,0.014661355,0.025450772,0.003600024,-0.4898089,0.0,0.0
1777225824865000,51.845745,-0.022001855,-14.966528,5.017598,0.0032111637,-0.006657755,0.38408408,0.080033034,0.01053872,0.019192267,0.003999165,-0.49001533,0.0,0.0
1777225824969000,52.443237,-0.022009045,-14.966903,5.095147,0.0054923273,-0.0068193935,0.5272018,0.08954518,0.006607406,0.026353667,0.0044761687,-0.49021116,0.0,0.0
1777225825073000,52.961372,-0.022015285,-14.967228,5.0972815,0.008221057,-0.0069313673,0.5558722,0.11334666,0.0004597772,0.027804451,0.005669543,-0.49052233,0.0,0.0
1777225825169000,53.438248,-0.022021027,-14.967527,5.0982637,0.011280315,-0.0068954863,0.5723447,0.12762925,0.007936842,0.02860532,0.0063788053,-0.4901381,0.0,0.0
1777225825273000,53.955894,-0.022027262,-14.967858,5.100706,0.015163831,-0.0068906834,0.58188224,0.14154269,0.008045258,0.02908201,0.007074191,-0.49012908,0.0,0.0
1777225825369000,54.431927,-0.022032995,-14.968162,5.101489,0.0189871,-0.0068581547,0.60109824,0.16023701,0.00888956,0.030039769,0.008007815,-0.49008313,0.0,0.0
1777225825465000,54.828964,-0.022037778,-14.968415,5.0274553,0.022959495,-0.0065623443,0.4672493,0.16995904,0.014096037,0.02333797,0.008489042,-0.48981395,0.0,0.0
1777225825569000,55.424053,-0.022044944,-14.968796,5.1039677,0.027425682,-0.006393248,0.6187166,0.1887114,0.008682754,0.03091992,0.009430718,-0.49008605,0.0,0.0
1777225825673000,55.940445,-0.022051157,-14.969127,5.106077,0.032413963,-0.0063270973,0.6462865,0.20920092,0.007864396,0.0323008,0.010455668,-0.49012434,0.0,0.0
1777225825769000,56.41446,-0.02205686,-14.96943,5.1058702,0.03760454,-0.0063554468,0.643735,0.22692351,0.0044415547,0.03218452,0.011345389,-0.49029747,0.0,0.0
1777225825865000,56.810055,-0.022061624,-14.969682,5.031307,0.04299253,-0.006179788,0.5057172,0.23331334,0.0036817463,0.02528645,0.011665938,-0.49033558,0.0,0.0
1777225825969000,57.402885,-0.022068765,-14.970059,5.1060805,0.048434302,-0.005977454,0.625564,0.21348678,0.009751281,0.031258684,0.01066768,-0.49002337,0.0,0.0
1777225826065000,57.79781,-0.02207352,-14.970311,5.0295534,0.05277664,-0.005527189,0.46247303,0.20061366,0.01628974,0.023093278,0.010017508,-0.48968616,0.0,0.0
1777225826169000,58.38991,-0.022080649,-14.970689,5.1016088,0.056418967,-0.0050501246,0.57080543,0.18272823,0.012332559,0.028513677,0.009127897,-0.48988345,0.0,0.0
1777225826273000,58.904568,-0.022086846,-14.971018,5.098927,0.05868006,-0.0047990074,0.54928327,0.16459687,0.01025005,0.027444579,0.008223975,-0.48998383,0.0,0.0
1777225826369000,59.37658,-0.02209253,-14.971318,5.0929146,0.059926428,-0.0047025667,0.5371043,0.1611658,0.012266581,0.02683027,0.008050805,-0.489875,0.0,0.0
1777225826473000,59.891296,-0.02209873,-14.971647,5.0890265,0.06067259,-0.0048481678,0.5181992,0.15412037,0.010155789,0.02589064,0.0077002738,-0.48997566,0.0,0.0
1777225826569000,60.3635,-0.022104418,-14.971948,5.0820827,0.060534135,-0.005178977,0.4916438,0.13486318,0.0034942674,0.024581335,0.006742925,-0.4903098,0.0,0.0
1777225826665000,60.758423,-0.022109171,-14.972199,5.001022,0.05958905,-0.0056442046,0.344262,0.11999946,0.004046209,0.01721199,0.005999587,-0.49027574,0.0,0.0
1777225826769000,61.355927,-0.022116361,-14.972581,5.073838,0.058004547,-0.006178103,0.471236,0.117362216,-0.0060845492,0.023584004,0.0058736405,-0.49078867,0.0,0.0
1777225826873000,61.875927,-0.02212262,-14.972915,5.07245,0.05601884,-0.0066943476,0.47203967,0.10336617,-0.008195694,0.023629142,0.0051742555,-0.49089554,0.0,0.0
1777225826969000,62.35593,-0.022128398,-14.973222,5.070736,0.05368828,-0.007001198,0.46151608,0.087919995,-0.0033736588,0.023090584,0.0043988153,-0.49064878,0.0,0.0
1777225827065000,62.75593,-0.022133214,-14.973476,4.992542,0.050928976,-0.0069807805,0.31786948,0.07623237,-0.00019428413,0.015898809,0.0038128984,-0.49048662,0.0,0.0
1777225827169000,63.355934,-0.022140441,-14.97386,5.0657315,0.04728478,-0.0069975397,0.44301397,0.065905586,0.0018676776,0.02215299,0.0032956202,-0.49037957,0.0,0.0
1777225827265000,63.755936,-0.022145258,-14.974116,4.9868307,0.04336591,-0.0069486233,0.304644,0.053511154,0.001938676,0.015233626,0.0026758083,-0.49037433,0.0,0.0
1777225827369000,64.35594,-0.022152482,-14.9745,5.059737,0.03855985,-0.0067212195,0.43312752,0.048702665,0.009785014,0.021639764,0.0024332653,-0.48997167,0.0,0.0
1777225827465000,64.75595,-0.022157297,-14.974755,4.980793,0.033871245,-0.0062442236,0.2897992,0.039888255,0.01369882,0.014472905,0.0019920652,-0.48976853,0.0,0.0
1777225827569000,65.355965,-0.022164518,-14.975139,5.0537214,0.028553182,-0.006077833,0.44254994,0.034751616,0.006646587,0.022118544,0.0017368777,-0.4901244,0.0,0.0
1777225827665000,65.755974,-0.022169333,-14.975393,4.97535,0.023644462,-0.0059658047,0.30466154,0.028736394,0.0058098985,0.015227553,0.0014362987,-0.49016425,0.0,0.0
1777225827769000,66.35599,-0.022176554,-14.975777,5.0490465,0.018781692,-0.00598249,0.44637942,0.029503508,0.007751447,0.02230729,0.0014744033,-0.490062,0.0,0.0
1777225827873000,66.876,-0.022182815,-14.976109,5.0470247,0.014554028,-0.005917267,0.45128965,0.035802178,0.015961183,0.022532498,0.0017875715,-0.48963803,0.0,0.0
1777225827969000,67.35601,-0.022188595,-14.976417,5.0453577,0.010765135,-0.005919661,0.4419635,0.029586293,0.015661607,0.02206706,0.0014772319,-0.4896467,0.0,0.0
1777225828073000,67.87602,-0.022194855,-14.976748,5.043843,0.0064075436,-0.005945965,0.4494516,0.02826075,0.016342072,0.022439154,0.0014109359,-0.48960432,0.0,0.0
1777225828169000,68.35603,-0.022200631,-14.977056,5.0427485,0.0020866208,-0.0061611515,0.441459,0.014097862,0.012029569,0.022049267,0.00070413674,-0.48981687,0.0,0.0
1777225828265000,68.75604,-0.022205444,-14.97731,4.965667,-0.002389336,-0.006476294,0.29288548,0.014389396,0.0068622553,0.014636067,0.0007190666,-0.4900738,0.0,0.0
1777225828369000,69.35606,-0.022212667,-14.977694,5.0401607,-0.0070031094,-0.007194786,0.43370202,0.012275113,0.0060425117,0.02167509,0.0006134723,-0.49010858,0.0,0.0
1777225828473000,69.87607,-0.022218928,-14.978025,5.039052,-0.011077235,-0.007953454,0.44907704,0.00888325,0.006469918,0.02244213,0.00044393062,-0.49007982,0.0,0.0
1777225828569000,70.35608,-0.022224708,-14.978333,5.038414,-0.014300716,-0.008840766,0.45304766,0.011434756,0.0002472205,0.022654321,0.0005717868,-0.49039087,0.0,0.0
1777225828665000,70.75609,-0.022229526,-14.978589,4.962086,-0.01712411,-0.009767475,0.31165314,0.011522787,-0.004421979,0.01559163,0.0005764711,-0.4906224,0.0,0.0
1777225828769000,71.3561,-0.02223675,-14.978972,5.0375514,-0.019825317,-0.0110657215,0.44318363,0.012064838,-0.006210746,0.0221763,0.0006037079,-0.49070796,0.0,0.0
1777225828873000,71.876114,-0.022243012,-14.979304,5.0367613,-0.022190409,-0.012312603,0.44396055,0.012786267,-0.0076470925,0.022217935,0.0006398867,-0.49077603,0.0,0.0
1777225828969000,72.356125,-0.022248792,-14.97961,5.0360875,-0.02413202,-0.013319831,0.44303066,0.011527101,-0.0053733555,0.022165557,0.00057672,-0.4906556,0.0,0.0
1777225829065000,72.756134,-0.022253608,-14.979867,4.959607,-0.025979064,-0.014277784,0.30338347,0.010954402,-0.0069160727,0.015181322,0.0005481587,-0.49072996,0.0,0.0
1777225829169000,73.35615,-0.022260834,-14.98025,5.035558,-0.027754458,-0.01566748,0.4439333,0.011450546,-0.011146475,0.022223983,0.00057323196,-0.4909409,0.0,0.0
1777225829265000,73.75616,-0.02226565,-14.980506,4.959919,-0.029140944,-0.01677721,0.30928415,0.014132561,-0.0053038783,0.015472962,0.0007070281,-0.49063873,0.0,0.0
1777225829369000,74.35617,-0.022272876,-14.980888,5.0366964,-0.029953362,-0.017647097,0.44638073,0.023431811,-0.0058593666,0.022334594,0.0011724072,-0.4906626,0.0,0.0
1777225829465000,74.75618,-0.022277692,-14.981144,4.961499,-0.030186735,-0.018054703,0.30342802,0.019828727,-0.008409746,0.015185264,0.0009923422,-0.49078986,0.0,0.0
1777225829569000,75.35619,-0.022284914,-14.981527,5.0383344,-0.030211084,-0.018620301,0.4431823,0.016247038,-0.016062949,0.022198062,0.00081377977,-0.49117947,0.0,0.0
1777225829665000,75.7562,-0.02228973,-14.981781,4.963086,-0.030020434,-0.019117702,0.3017096,0.016906664,-0.009775058,0.015101319,0.0008462208,-0.49085903,0.0,0.0
1777225829769000,76.35622,-0.022296956,-14.9821615,5.039769,-0.029755045,-0.019680973,0.42394873,0.014621901,-0.008960171,0.021218898,0.0007318353,-0.49081486,0.0,0.0
1777225829865000,76.756226,-0.022301773,-14.982415,4.964043,-0.02964387,-0.020148028,0.27909616,0.0033833836,-0.0056464346,0.013963286,0.00016927197,-0.49064317,0.0,0.0
1777225829969000,77.35624,-0.022308998,-14.982796,5.0398564,-0.029897934,-0.02068075,0.40904954,0.0023066162,-0.0038008895,0.020461138,0.00011537965,-0.49054548,0.0,0.0
1777225830065000,77.75625,-0.02231381,-14.983049,4.9633474,-0.030393649,-0.021056231,0.26497957,-0.0021375853,-0.008768869,0.013260899,-0.00010697543,-0.49079716,0.0,0.0
1777225830169000,78.35626,-0.022321032,-14.98343,5.038436,-0.031187583,-0.021497365,0.40053424,-0.0071462207,-0.013580775,0.020056026,-0.000357834,-0.49104154,0.0,0.0
1777225830265000,78.75627,-0.02232585,-14.983684,4.961383,-0.031812415,-0.02175075,0.25011337,-0.009233521,-0.012423476,0.012522969,-0.0004623148,-0.49098268,0.0,0.0
1777225830369000,79.356285,-0.022333074,-14.984063,5.035986,-0.03250344,-0.021946749,0.37989256,-0.016808644,-0.009315981,0.01901381,-0.00084128097,-0.49082425,0.0,0.0
1777225830473000,79.8763,-0.022339335,-14.984392,5.034355,-0.033415794,-0.021878807,0.3750018,-0.015258729,-0.0050963797,0.018760514,-0.00076336064,-0.49060863,0.0,0.0
1777225830569000,80.35631,-0.02234511,-14.984695,5.032768,-0.034409594,-0.021754958,0.37748927,-0.017520612,-0.0014997753,0.01887757,-0.0008761748,-0.4904238,0.0,0.0
1777225830665000,80.75632,-0.022349926,-14.984948,4.955353,-0.03527889,-0.021549825,0.2542859,-0.002434304,0.0022035064,0.012713007,-0.00012170286,-0.49023303,0.0,0.0
1777225830769000,81.35633,-0.022357153,-14.985327,5.030579,-0.035623476,-0.021348327,0.40110174,0.013232603,0.0071206978,0.020040724,0.0006611564,-0.48997933,0.0,0.0
1777225830865000,81.75634,-0.02236197,-14.9855795,4.9542437,-0.03552882,-0.021051629,0.26997086,0.007166333,0.0010656854,0.013497986,0.00035830188,-0.49028543,0.0,0.0
1777225830969000,82.35635,-0.022369193,-14.985959,5.0300426,-0.034958396,-0.020973394,0.41928664,0.02747032,0.0029943984,0.020957885,0.0013730936,-0.49018463,0.0,0.0
1777225831073000,82.876366,-0.02237545,-14.986288,5.0300064,-0.033735473,-0.020844359,0.4258695,0.03052814,0.0025279324,0.021287574,0.0015259839,-0.49020505,0.0,0.0
1777225831169000,83.35638,-0.02238123,-14.98659,5.0302744,-0.032530453,-0.02078031,0.42590395,0.026584143,-0.00022806088,0.021295337,0.0013292158,-0.49034357,0.0,0.0
1777225831273000,83.87639,-0.022387493,-14.986919,5.030811,-0.03122936,-0.020681761,0.42563924,0.032239586,-0.006413977,0.021296147,0.0016130538,-0.49065673,0.0,0.0
1777225831369000,84.3564,-0.022393271,-14.987223,5.031492,-0.029782819,-0.020649463,0.43558154,0.036553595,-0.0051788604,0.021791097,0.0018286884,-0.49059358,0.0,0.0
1777225831473000,84.87641,-0.022399532,-14.987552,5.0325723,-0.02782243,-0.020642439,0.43345454,0.03945886,0.0003377786,0.021671873,0.001972865,-0.49031022,0.0,0.0
1777225831569000,85.35642,-0.022405311,-14.987854,5.0335436,-0.025909621,-0.0206699,0.43162084,0.027359253,-0.0033434953,0.021587875,0.0013683958,-0.49049577,0.0,0.0
1777225831673000,85.876434,-0.022411576,-14.988183,5.0342536,-0.0239993,-0.020784901,0.41642165,0.027547186,-0.0039067715,0.020828964,0.0013778807,-0.49052256,0.0,0.0
1777225831769000,86.356445,-0.022417352,-14.988486,5.0347247,-0.022235276,-0.0209357,0.4184076,0.036634266,-0.003072224,0.020926451,0.0018322448,-0.49047846,0.0,0.0
1777225831865000,86.756454,-0.022422168,-14.988739,4.9590564,-0.020300135,-0.020883054,0.27220595,0.028822992,-0.0017945769,0.013611662,0.0014412941,-0.49041134,0.0,0.0
1777225831969000,87.35647,-0.022429395,-14.989118,5.0348625,-0.018085299,-0.02104754,0.40165663,0.029915633,-0.0074098865,0.02009751,0.0014968748,-0.49069557,0.0,0.0
1777225832065000,87.75648,-0.022434209,-14.98937,4.9584403,-0.015817005,-0.021238998,0.2555337,0.028675979,-0.008808572,0.012787504,0.0014350131,-0.49076593,0.0,0.0
1777225832169000,88.35649,-0.022441434,-14.98975,5.033449,-0.013722219,-0.021587867,0.38933536,0.030820245,-0.008954815,0.019484226,0.0015423943,-0.49077263,0.0,0.0
1777225832265000,88.7565,-0.02244625,-14.990003,4.9563313,-0.012036711,-0.021626703,0.24022631,0.034017086,-0.0020081808,0.012014205,0.0017012634,-0.4904173,0.0,0.0
1777225832369000,89.356514,-0.022453476,-14.990379,5.031144,-0.010442489,-0.021575943,0.38418764,0.03268161,-0.0063679465,0.019220768,0.001635049,-0.49063826,0.0,0.0
1777225832465000,89.75651,-0.02245829,-14.990631,4.9542727,-0.009066365,-0.021309067,0.2532211,0.036340464,0.0011840407,0.012658651,0.0018166783,-0.49025348,0.0,0.0
1777225832569000,90.35652,-0.022465514,-14.991004,5.029644,-0.007409428,-0.02067852,0.3903995,0.036286723,0.00536493,0.01950749,0.0018131757,-0.4900399,0.0,0.0
1777225832673000,90.876526,-0.022471776,-14.991316,5.029021,-0.0057071093,-0.019794464,0.38461652,0.03569056,0.006909133,0.019216653,0.0017832126,-0.4899597,0.0,0.0
1777225832769000,91.35652,-0.022477556,-14.991588,5.0283246,-0.0045295083,-0.019134521,0.3966602,0.04122618,0.006460175,0.019817922,0.0020597407,-0.48998123,0.0,0.0
1777225832873000,91.876526,-0.022483818,-14.991868,5.027911,-0.0033282915,-0.018509865,0.40951827,0.05224328,0.0031426863,0.020468444,0.0026112113,-0.49014843,0.0,0.0
1777225832969000,92.35654,-0.0224896,-14.992113,5.0277085,-0.0020862883,-0.018140793,0.39409903,0.04100643,0.0010374878,0.0197022,0.0020500352,-0.4902539,0.0,0.0
1777225833065000,92.756546,-0.02249442,-14.99231,4.951134,-0.0008665229,-0.017870903,0.2575918,0.041950878,0.00085799687,0.012877577,0.002097216,-0.4902617,0.0,0.0
1777225833169000,93.35656,-0.022501647,-14.992587,5.026259,0.0004786307,-0.017487526,0.37925783,0.03481804,0.0046736673,0.01895273,0.001739969,-0.490066,0.0,0.0
1777225833273000,93.87656,-0.022507912,-14.992815,5.025084,0.0017394531,-0.016988754,0.38022897,0.035695653,0.011198585,0.018988581,0.001782636,-0.48973086,0.0,0.0
1777225833369000,94.35654,-0.022513691,-14.993016,5.0238156,0.0028530152,-0.016507149,0.37070572,0.034263436,0.009947089,0.018514624,0.001711262,-0.48979115,0.0,0.0
1777225833465000,94.756546,-0.022518508,-14.993175,4.946285,0.0040479805,-0.016249657,0.22066745,0.034114577,0.002454148,0.011029384,0.0017051123,-0.49016896,0.0,0.0
1777225833569000,95.35656,-0.022525733,-14.9934025,5.0204964,0.0052900314,-0.016269684,0.35450318,0.032219425,-0.0032836245,0.017729199,0.0016113383,-0.4904579,0.0,0.0
1777225833665000,95.75656,-0.02253055,-14.993549,4.9427476,0.006087026,-0.016647339,0.2103331,0.027853524,-0.012767162,0.010528069,0.0013941879,-0.4909395,0.0,0.0
1777225833769000,96.35658,-0.022537773,-14.993752,5.0170736,0.0066430243,-0.017142296,0.35314557,0.027804825,-0.016630657,0.017687107,0.0013925898,-0.4911364,0.0,0.0
1777225833865000,96.75661,-0.02254259,-14.993882,4.9400067,0.0068901735,-0.01748085,0.21741799,0.019391678,-0.0075425617,0.010877808,0.00097020005,-0.49067396,0.0,0.0
1777225833969000,97.35661,-0.022549812,-14.994069,5.015102,0.0066702724,-0.017572403,0.35288054,0.015281001,-0.008873615,0.017659048,0.00076470047,-0.49074197,0.0,0.0
1777225834065000,97.7566,-0.022554629,-14.994186,4.9383307,0.0062550935,-0.017385483,0.21683991,0.012998375,-0.00555157,0.010846577,0.00065019337,-0.49057397,0.0,0.0
1777225834169000,98.3566,-0.0225605,-14.994329,5.013655,0.0055526197,-0.0159234,0.36139265,0.008743663,-0.00034578098,0.018068666,0.00043715976,-0.4903117,0.0,0.0
1777225834273000,98.876595,-0.022560697,-14.994354,5.0132055,0.0047537033,-0.015519325,0.3521311,0.0026539634,0.00075914594,0.017603867,0.00013267792,-0.49025613,0.0,0.0
1777225834369000,99.3566,-0.022560878,-14.994377,5.0126615,0.0039229947,-0.015298282,0.34805518,-0.00073559745,-0.0015491252,0.01740345,-3.678133e-05,-0.490373,0.0,0.0
1777225834465000,99.7566,-0.022561029,-14.994397,4.935914,0.0030032126,-0.015135381,0.20990625,-0.0038964055,-0.004532878,0.010499068,-0.00019488997,-0.49052447,0.0,0.0
1777225834569000,100.35661,-0.022561252,-14.994429,5.011169,0.0017307468,-0.014953213,0.34174183,-0.010017185,-0.0006473302,0.01708653,-0.00050084275,-0.49032682,0.0,0.0
1777225834665000,100.75661,-0.022561405,-14.994449,4.9345584,0.0006266964,-0.014515466,0.20417686,-0.002598694,0.001273473,0.010207073,-0.00012991216,-0.4902287,0.0,0.0
1777225834769000,101.356606,-0.022561632,-14.994479,5.010234,-0.00013535294,-0.013935811,0.3548573,0.0017408696,-0.0006511889,0.017742392,8.7041175e-05,-0.49032784,0.0,0.0
1777225834873000,101.8766,-0.02256183,-14.994506,5.0104733,-0.0004883176,-0.013474279,0.370791,0.005498883,-0.00022683642,0.018539963,0.0002749503,-0.4903068,0.0,0.0
1777225834969000,102.35661,-0.022562008,-14.994531,5.0112486,-0.0005512081,-0.013132893,0.37632757,0.015831426,-0.003564686,0.018821614,0.00079179154,-0.49047726,0.0,0.0
1777225835065000,102.75662,-0.022562157,-14.994552,4.9362183,-0.00033626912,-0.013001276,0.26061422,0.020949464,-0.010474304,0.013044495,0.0010485813,-0.49083105,0.0,0.0
1777225835169000,103.35662,-0.022562385,-14.994581,5.013793,0.000105905645,-0.0130005125,0.4035367,0.028528199,-0.012416968,0.020202298,0.0014282098,-0.49093276,0.0,0.0
1777225835273000,103.87663,-0.022562578,-14.994609,5.0156775,0.0006624012,-0.012936564,0.41411495,0.033159636,-0.008818769,0.020723302,0.0016593874,-0.49075246,0.0,0.0
1777225835369000,104.35663,-0.02256276,-14.994633,5.0177937,0.0014609345,-0.012746815,0.42027944,0.044618383,-0.007899254,0.021029219,0.0022325376,-0.4907075,0.0,0.0
1777225835465000,104.756615,-0.022562915,-14.994652,4.94435,0.0027549549,-0.012460914,0.29039848,0.048840538,-0.0074658217,0.014530545,0.0024438135,-0.49068734,0.0,0.0
1777225835569000,105.35662,-0.02256314,-14.994682,5.023447,0.004183923,-0.012369566,0.42796195,0.040644653,-0.007754335,0.021414604,0.0020338004,-0.49070406,0.0,0.0
1777225835665000,105.756615,-0.022563294,-14.994702,4.9503517,0.0049439077,-0.012389587,0.28661254,0.032418773,-0.0034923018,0.0143348165,0.0016214123,-0.49048743,0.0,0.0
1777225835769000,106.35663,-0.022563517,-14.994734,5.0293903,0.005042643,-0.012329608,0.41443917,0.03643238,0.0031164063,0.020714603,0.0018209723,-0.49014935,0.0,0.0
1777225835865000,106.75662,-0.02256367,-14.994753,4.955846,0.0047064973,-0.012135164,0.2815611,0.028623346,0.005023094,0.014068838,0.0014302303,-0.49005115,0.0,0.0
1777225835969000,107.356606,-0.0225639,-14.994782,5.0340433,0.004222074,-0.01164626,0.40670678,0.019349512,0.0057878094,0.020322597,0.00096686947,-0.49001107,0.0,0.0
1777225836073000,107.87662,-0.022564095,-14.99481,5.035689,0.0036381967,-0.01094145,0.39739054,0.016889287,0.006659124,0.019854257,0.0008438154,-0.4899668,0.0,0.0
1777225836169000,108.35662,-0.022564275,-14.994835,5.036638,0.0030763478,-0.010050762,0.39841712,0.009550836,0.0071846605,0.019905027,0.00047716236,-0.48993984,0.0,0.0
1777225836265000,108.75662,-0.022564426,-14.994856,4.9610133,0.0023729755,-0.0091867335,0.25129166,0.0065345843,0.0052595143,0.012556877,0.0003265288,-0.49003828,0.0,0.0
1777225836369000,109.356636,-0.02256465,-14.994887,5.036718,0.0017417031,-0.008363713,0.38662207,0.012704067,0.008059693,0.019313747,0.00063463306,-0.48989585,0.0,0.0
1777225836465000,109.75663,-0.022564802,-14.994907,4.9602594,0.0013040551,-0.007651436,0.2573996,0.016778445,0.011379161,0.0128555,0.00083797844,-0.48972595,0.0,0.0
1777225836569000,110.35663,-0.02256503,-14.994938,5.0355945,0.0009866977,-0.007285227,0.37885258,0.01329549,0.00658359,0.018928576,0.00066428137,-0.48996776,0.0,0.0
1777225836665000,110.75662,-0.022565182,-14.994958,4.958419,0.00045217422,-0.007061236,0.23881255,0.003766723,0.008290305,0.011928756,0.0001881489,-0.48987845,0.0,0.0
1777225836769000,111.356636,-0.022565406,-14.994989,5.032956,-0.00048571,-0.0070012813,0.3683129,0.007183931,0.00065473805,0.018414142,0.00035916723,-0.49026442,0.0,0.0
1777225836865000,111.756645,-0.022565555,-14.99501,4.955824,-0.0014512468,-0.007022266,0.23141049,0.0062717306,0.003218981,0.011566367,0.00031347384,-0.49013165,0.0,0.0
1777225836969000,112.35666,-0.022565778,-14.995042,5.030753,-0.002382402,-0.0069621904,0.36704576,0.004799545,0.0034552317,0.018344173,0.00023987115,-0.49011686,0.0,0.0
1777225837073000,112.876656,-0.022565976,-14.995069,5.029673,-0.0031782954,-0.0068974225,0.36956665,0.0012562169,-9.65824e-05,0.018476347,6.2804094e-05,-0.49029675,0.0,0.0
1777225837169000,113.35667,-0.022566155,-14.995093,5.028738,-0.004061944,-0.0065560653,0.3538357,-0.0032066058,0.0037946927,0.017683376,-0.00016025406,-0.49009892,0.0,0.0
1777225837273000,113.87667,-0.02256635,-14.99512,5.0275636,-0.005187045,-0.005850301,0.3535892,-0.003081466,0.0047352184,0.017670358,-0.00015399395,-0.49005145,0.0,0.0
1777225837369000,114.356674,-0.02256653,-14.995145,5.0267158,-0.006386736,-0.005142868,0.34826884,-0.0066872574,0.0075626057,0.017398614,-0.00033407813,-0.4899081,0.0,0.0
1777225837465000,114.75667,-0.022566684,-14.995165,4.9500113,-0.007818655,-0.0043084105,0.2079247,-0.009163389,0.010812679,0.010384986,-0.00045767374,-0.4897426,0.0,0.0
1777225837569000,115.35668,-0.022566907,-14.995196,5.025397,-0.009559393,-0.003516056,0.348327,-0.016662175,0.006904559,0.017403668,-0.000832502,-0.48994097,0.0,0.0
1777225837665000,115.75669,-0.022567056,-14.995217,4.9490976,-0.011505571,-0.00286566,0.19801968,-0.029677778,0.0077979187,0.009892107,-0.0014825583,-0.48989582,0.0,0.0
1777225837769000,116.356705,-0.02256728,-14.995249,5.024527,-0.014072316,-0.0022562768,0.3257594,-0.04102141,0.009203534,0.016271675,-0.0020490182,-0.48982334,0.0,0.0
1777225837873000,116.87672,-0.022567473,-14.995276,5.02365,-0.016675007,-0.0017956076,0.3249513,-0.042150684,0.01121247,0.016227499,-0.002104931,-0.48971847,0.0,0.0
1777225837969000,117.35673,-0.022567652,-14.995301,5.022693,-0.018932316,-0.0014542625,0.33220884,-0.039003257,0.0153802205,0.016581718,-0.0019467906,-0.48950323,0.0,0.0
1777225838073000,117.87674,-0.022567846,-14.995329,5.0213957,-0.021190222,-0.0012987682,0.33628005,-0.041036114,0.014501162,0.01678704,-0.0020485152,-0.48954326,0.0,0.0
1777225838169000,118.356735,-0.022568028,-14.995353,5.0200987,-0.023137202,-0.0012312806,0.32564574,-0.0391515,0.011527952,0.01626202,-0.0019551385,-0.4896905,0.0,0.0
1777225838265000,118.75673,-0.022568181,-14.995373,4.942691,-0.02481065,-0.0012208035,0.1980896,-0.040487047,0.008924404,0.00989333,-0.0020220734,-0.48981968,0.0,0.0
1777225838369000,119.35673,-0.022568408,-14.995403,5.0171194,-0.026105441,-0.0013125325,0.3268682,-0.03954189,0.0023875113,0.016337385,-0.0019763657,-0.4901498,0.0,0.0
1777225838473000,119.876724,-0.022568606,-14.99543,5.015525,-0.026788505,-0.0014919394,0.33269313,-0.041006006,-0.0021355879,0.016636461,-0.0020505225,-0.49037904,0.0,0.0
1777225838569000,120.35672,-0.022568788,-14.995454,5.013764,-0.027059503,-0.001638259,0.33457577,-0.034688845,-0.0018700063,0.016730348,-0.001734604,-0.4903652,0.0,0.0
1777225838673000,120.87671,-0.022568988,-14.995481,5.0116324,-0.02703445,-0.0016650914,0.33256987,-0.029287579,-0.0018347383,0.016629651,-0.0014644808,-0.4903633,0.0,0.0
1777225838769000,121.356705,-0.02256917,-14.995504,5.0096684,-0.026671758,-0.0017500664,0.3325814,-0.022465495,-0.010392239,0.016645128,-0.0011243594,-0.4908007,0.0,0.0
1777225838873000,121.87669,-0.02256937,-14.99553,5.007871,-0.025945127,-0.0018981937,0.33704847,-0.012351428,0.000783077,0.016848493,-0.00061742734,-0.4902328,0.0,0.0
1777225838969000,122.356705,-0.022569548,-14.995555,5.006646,-0.025196549,-0.0018012,0.35415936,-0.0057059876,-0.000854,0.017706696,-0.0002852789,-0.49031672,0.0,0.0
1777225839065000,122.7567,-0.022569701,-14.995575,4.929949,-0.024279797,-0.0016381596,0.23402333,0.011133473,0.0025007094,0.011696844,0.00055646803,-0.49014577,0.0,0.0
1777225839169000,123.35671,-0.022569925,-14.995606,5.006219,-0.022905583,-0.001547798,0.3814444,0.021031924,0.0054450566,0.019057939,0.0010508087,-0.48999536,0.0,0.0
1777225839265000,123.75671,-0.022570077,-14.995626,4.931188,-0.021135587,-0.0014763159,0.26292267,0.031944074,0.0032584239,0.013140609,0.0015965323,-0.49010587,0.0,0.0
1777225839369000,124.35672,-0.0225703,-14.995658,5.0092916,-0.018707499,-0.0013554527,0.414668,0.048277695,0.0083361585,0.020712635,0.0024114675,-0.48984528,0.0,0.0
1777225839465000,124.75673,-0.02257045,-14.995679,4.9357615,-0.016095925,-0.0012849306,0.27967778,0.050729003,0.008231442,0.013971207,0.0025341497,-0.4898482,0.0,0.0
1777225839569000,125.35673,-0.022570677,-14.995709,5.0143003,-0.013190667,-0.0013767545,0.4176536,0.059395395,0.0049772784,0.020869292,0.002967866,-0.49001065,0.0,0.0
1777225839673000,125.87674,-0.02257087,-14.995737,5.017243,-0.010101331,-0.0015875122,0.43695801,0.07242642,-0.0035611528,0.02185303,0.0036221715,-0.49044442,0.0,0.0
1777225839769000,126.35674,-0.022688128,-14.995759,5.020161,-0.013388462,-0.0016070993,0.4427248,-0.16044337,-0.001728612,0.022136731,-0.008022346,-0.49035433,-0.0011170107,-0.027925268
1777225839873000,126.87675,-0.02504059,-14.995756,5.0234857,-0.043215264,-0.0017390699,0.44242877,-0.15455174,-0.004259493,0.022127876,-0.007729836,-0.490485,-0.0056521106,-0.045289643
1777225839969000,127.35672,-0.028987734,-14.99573,5.026556,-0.04654031,-0.0020140726,0.44187096,0.051674224,-0.0044938754,0.022101274,0.0025846148,-0.49049377,-0.008396295,-0.011840275
1777225840073000,127.87669,-0.033329196,-14.995698,5.0299335,-0.044813905,-0.0024089804,0.44605705,0.06374476,0.002375318,0.022294406,0.0031860308,-0.49014175,-0.008478422,0.0
1777225840169000,128.35669,-0.0373367,-14.995668,5.03305,-0.04276248,-0.0027761431,0.44153363,0.06890349,-0.00046432752,0.022074513,0.0034448362,-0.49028462,-0.008380148,0.00071267085
1777225840273000,128.87668,-0.04167816,-14.995636,5.03621,-0.040705033,-0.0031100214,0.4430912,0.06343472,-0.00028502452,0.022151968,0.0031713648,-0.49027374,-0.008279235,0.0
1777225840369000,129.35667,-0.045685664,-14.995606,5.038906,-0.039041862,-0.0033245983,0.44022772,0.052183125,-0.0028699222,0.022014072,0.0026094746,-0.4904043,-0.008192387,0.0
1777225840465000,129.75667,-0.04902525,-14.995582,4.965166,-0.03704378,-0.0034219127,0.2996625,0.051272817,0.0048765377,0.014973021,0.0025619117,-0.490009,-0.008126643,0.0
1777225840569000,130.35666,-0.05403463,-14.995544,5.0429506,-0.036295068,-0.0033237464,0.42386737,0.04383876,0.0056259236,0.021177867,0.0021903347,-0.4899687,-0.008030727,0.0
1777225840665000,130.75665,-0.05737423,-14.99552,4.9681377,-0.034490783,-0.0032074421,0.29728863,0.040906996,0.005095059,0.014854554,0.0020439907,-0.48999345,-0.007971128,7.4894633e-06
1777225840769000,131.35664,-0.062383626,-14.995482,5.0453424,-0.033939604,-0.0033229059,0.43539912,0.040697407,0.009998396,0.021744719,0.0020325114,-0.48974022,-0.007880886,0.0
1777225840865000,131.75664,-0.06572322,-14.995458,4.970413,-0.03237343,-0.0036338523,0.30181724,0.04627252,0.006023635,0.015078122,0.0023116728,-0.4899378,-0.007827763,0.0
1777225840969000,132.35663,-0.07073261,-14.99542,5.04743,-0.031645674,-0.004481746,0.43446252,0.0531831,-0.0012199661,0.021722104,0.00265903,-0.4903015,-0.007712714,0.000100307865
1777225841065000,132.75662,-0.07407222,-14.995396,4.9719644,-0.02948614,-0.0054946025,0.301023,0.05747099,-0.0017367955,0.015050718,0.0028734668,-0.4903222,-0.007611597,0.00013780943
1777225841169000,133.3566,-0.079081625,-14.995358,5.0484447,-0.028413814,-0.006739234,0.44087094,0.057736248,-0.011670382,0.022065515,0.0028896893,-0.49082398,-0.0074613546,0.00019501126
1777225841273000,133.87659,-0.08342309,-14.995326,5.048908,-0.026732229,-0.007805582,0.43531197,0.06179127,-0.010951777,0.021785824,0.0030924343,-0.49078506,-0.0073160925,0.0
1777225841369000,134.35658,-0.08743062,-14.9952965,5.049053,-0.025269382,-0.008813635,0.42054048,0.059080265,-0.014644275,0.021053927,0.0029577927,-0.49097168,-0.0072011296,0.0
1777225841473000,134.87657,-0.09177209,-14.995264,5.048662,-0.023871256,-0.010032586,0.4126926,0.05457657,-0.013075055,0.020658474,0.0027319812,-0.4908896,-0.007059015,0.0
1777225841569000,135.35657,-0.095779635,-14.9952345,5.04785,-0.022769548,-0.011132198,0.3969988,0.0522072,-0.019952115,0.019885972,0.0026150984,-0.4912381,-0.0069311997,0.0
1777225841665000,135.75656,-0.099119246,-14.99521,4.970747,-0.021517973,-0.012175598,0.26034045,0.04928873,-0.018980978,0.01304026,0.002468836,-0.4911886,-0.006853367,0.0
1777225841769000,136.35655,-0.104128644,-14.9951725,5.045444,-0.022133235,-0.012962507,0.3887879,0.038935702,-0.021591652,0.01947925,0.0019507766,-0.4913232,-0.00677464,0.0
1777225841865000,136.75655,-0.107468285,-14.995148,4.968239,-0.021730764,-0.013426085,0.26224673,0.039464615,-0.015413153,0.013130104,0.0019759047,-0.4910109,-0.0067393556,0.0
1777225841969000,137.35654,-0.11247771,-14.9951105,5.042878,-0.022658927,-0.013755252,0.39682505,0.042865813,-0.012063997,0.019862158,0.002145549,-0.4908422,-0.0066864653,0.0005196987
1777225842073000,137.87653,-0.116819225,-14.995078,5.0411096,-0.022884268,-0.013967188,0.3908485,0.03731355,-0.010670714,0.019559778,0.0018673345,-0.49077246,-0.0066413553,0.0
1777225842169000,138.35646,-0.12082582,-14.9950485,5.035851,-0.023297302,-0.014060127,0.21196309,0.031546623,-0.010442013,0.010608337,0.0015788466,-0.49076173,-0.006614376,0.0
1777225842265000,138.75534,-0.1241518,-14.995024,4.931002,-0.023011055,-0.01422033,-0.28664884,0.03174112,-0.0068040024,-0.014340174,0.0015879121,-0.49057564,-0.0066053583,0.0
1777225842369000,139.34724,-0.12909026,-14.994987,4.9110656,-0.023557877,-0.014340272,-0.73809993,0.03645462,-0.0015821811,-0.036903862,0.001822675,-0.49031356,-0.0065691643,0.0
1777225842473000,139.8493,-0.13330153,-14.994956,4.773561,-0.023340462,-0.014254019,-1.2682627,0.032930724,0.010515829,-0.063333355,0.0016444647,-0.4897147,-0.0065418873,0.0
1777225842569000,140.2997,-0.13711737,-14.994928,4.605596,-0.023026519,-0.013530219,-1.5576221,0.027365102,0.041631505,-0.07753528,0.0013621795,-0.48815748,-0.006523639,0.0
1777225842665000,140.66405,-0.14023629,-14.994905,4.383717,-0.022707513,-0.012230977,-1.7029953,0.024945447,0.06677421,-0.084553204,0.001238534,-0.48689634,-0.006550992,0.0
1777225842769000,141.19164,-0.14479776,-14.994871,4.2288866,-0.023567764,-0.01074077,-1.6701449,0.023190647,0.073008195,-0.082868956,0.0011506694,-0.4865848,-0.006665045,-0.0014901005
1777225842873000,141.63054,-0.14862731,-14.994842,4.029583,-0.02403063,-0.009682153,-1.6980317,0.019745048,0.075196564,-0.08423258,0.0009794731,-0.486469,-0.006792214,0.0
1777225842969000,142.02066,-0.15205316,-14.994817,3.8460753,-0.02437149,-0.008902815,-1.7192916,0.020298835,0.06757428,-0.085353784,0.0010077305,-0.48684782,-0.006930945,-0.00042243046
1777225843065000,142.33487,-0.15482445,-14.994798,3.629747,-0.024047472,-0.008341615,-1.7974486,0.030314464,0.057501543,-0.08932557,0.0015065004,-0.48734996,-0.0070249494,-0.00038192444
1777225843169000,142.78789,-0.15883397,-14.994769,3.4694529,-0.023931965,-0.008049236,-1.7383628,0.027205933,0.044968598,-0.08650075,0.0013537643,-0.48797715,-0.007109497,0.0
1777225843273000,143.16295,-0.16216218,-14.994744,3.279494,-0.023171488,-0.008186642,-1.7406982,0.02972608,0.029721078,-0.08675275,0.0014814854,-0.4887435,-0.007126245,0.0
1777225843369000,143.4949,-0.16511147,-14.994721,3.10903,-0.022345986,-0.008600063,-1.7325109,0.026898175,0.024427304,-0.086391084,0.0013412685,-0.48900467,-0.007151294,0.0
1777225843473000,143.83942,-0.16817218,-14.994699,2.9296794,-0.021501247,-0.009136542,-1.7185612,0.030300975,0.012306979,-0.08580207,0.0015128272,-0.48961362,-0.007167944,0.0
1777225843569000,144.14377,-0.17087314,-14.994679,2.7701793,-0.020891584,-0.009584565,-1.6855773,0.024709355,0.013522989,-0.08414342,0.0012334824,-0.4895446,-0.0072341627,0.0
1777225843665000,144.38759,-0.17303272,-14.994664,2.5932608,-0.02009763,-0.009851742,-1.7041279,0.026869556,0.010261621,-0.08509707,0.001341754,-0.4897037,-0.00729978,0.0
1777225843769000,144.73694,-0.17611665,-14.994641,2.4581683,-0.019646037,-0.01008466,-1.6039437,0.023724388,0.003323513,-0.0801507,0.0011855317,-0.4900495,-0.007397115,0.0
1777225843873000,145.02417,-0.17863847,-14.994623,2.307901,-0.019115163,-0.010381826,-1.5380509,0.026355263,-0.00037622917,-0.076886445,0.0013174871,-0.49023128,-0.007548663,0.0
1777225843969000,145.27692,-0.18084194,-14.994607,2.17713,-0.018631121,-0.01071064,-1.4806304,0.024678659,-0.007643345,-0.074071124,0.001234593,-0.4905944,-0.007684938,-0.0017805969
1777225844065000,145.47867,-0.18258697,-14.994594,2.035841,-0.018178117,-0.011345934,-1.4555564,0.027264649,-0.012372666,-0.07285146,0.0013646117,-0.490829,-0.007846414,-0.0017042871
1777225844169000,145.7666,-0.18504904,-14.9945755,1.9284363,-0.018021706,-0.012132938,-1.3396729,0.020375531,-0.023081888,-0.06712507,0.0010209274,-0.4913679,-0.008161565,-0.0025017452
1777225844265000,145.94908,-0.18658678,-14.994565,1.8051362,-0.017509997,-0.013137304,-1.2941135,0.031378042,-0.023615073,-0.064845145,0.001572284,-0.49138921,-0.008354923,-0.0014785121
1777225844369000,146.209,-0.18873794,-14.994551,1.7120125,-0.01699228,-0.014507956,-1.1704042,0.019336857,-0.03485872,-0.058713913,0.0009700431,-0.49195617,-0.008644186,-0.00095825945
1777225844465000,146.37343,-0.1900684,-14.994541,1.6058983,-0.016146686,-0.015879488,-1.1124933,0.023724588,-0.039747838,-0.05583656,0.0011907481,-0.49220127,-0.008776781,-0.0019641242
1777225844569000,146.60725,-0.19190863,-14.994527,1.5266726,-0.014841307,-0.01725014,-0.9929612,0.023353077,-0.046728224,-0.049873073,0.0011729458,-0.4925549,-0.008816176,0.0
1777225844665000,146.75487,-0.1930318,-14.994517,1.4365115,-0.01331885,-0.0184996,-0.93497056,0.028354403,-0.04533598,-0.046954297,0.0014239602,-0.4924844,-0.008748306,0.0
1777225844769000,146.96448,-0.19456112,-14.994506,1.3700258,-0.011331727,-0.019715257,-0.8091954,0.025086358,-0.047516245,-0.040646546,0.0012601082,-0.49259603,-0.008472594,0.00091721
1777225844865000,147.09663,-0.19551598,-14.994499,1.2944539,-0.01034282,-0.02074731,-0.7531494,0.016800134,-0.04833848,-0.037834816,0.0008439627,-0.49263903,-0.008175374,0.0029113372
1777225844969000,147.28409,-0.19692898,-14.994491,1.239953,-0.009335115,-0.021718137,-0.6389408,0.020529594,-0.04008329,-0.032069888,0.0010304269,-0.49222064,-0.007617954,0.003924519
1777225845073000,147.4364,-0.19811578,-14.994483,1.181844,-0.008175491,-0.022629099,-0.5500101,0.027346367,-0.03890395,-0.027603174,0.0013724229,-0.49216142,-0.0070750252,0.0022991626
1777225845169000,147.56908,-0.19916874,-14.994476,1.1337225,-0.0071344934,-0.023632672,-0.4741047,0.028491236,-0.036596484,-0.023787599,0.0014295115,-0.492044,-0.007075025,0.0
1777225845265000,147.67406,-0.20001037,-14.994471,1.0829037,-0.006169435,-0.024423253,-0.41748697,0.023409775,-0.035460114,-0.020944597,0.0011744278,-0.4919861,-0.007075025,0.0
1777225845369000,147.82251,-0.20120703,-14.994462,1.0477625,-0.005483177,-0.02518214,-0.32739788,0.028295623,-0.032742146,-0.016420797,0.0014191804,-0.49184856,-0.007075025,0.0
1777225845473000,147.94283,-0.20217831,-14.994454,1.0092843,-0.0048471554,-0.02569743,-0.25203413,0.029358512,-0.024480632,-0.012630869,0.0014713226,-0.4914277,-0.007075025,0.0
1777225845569000,148.04735,-0.2030204,-14.994448,0.9769711,-0.004542242,-0.026030373,-0.19463623,0.030559022,-0.022569966,-0.009751819,0.0015310925,-0.49133024,-0.007075025,0.0
1777225845673000,148.15393,-0.2038736,-14.99444,0.94467604,-0.004255824,-0.026393313,-0.13651764,0.026687872,-0.0242657,-0.0068399287,0.0013371396,-0.49141705,-0.007075025,0.0
1777225845769000,148.24654,-0.20460667,-14.994435,0.9173617,-0.0039190874,-0.026667295,-0.08785057,0.036259454,-0.020480957,-0.00440104,0.0018164857,-0.49122512,-0.007075025,0.0
1777225845865000,148.3196,-0.2051776,-14.9944315,0.8867946,-0.0035461348,-0.027002588,-0.061500758,0.037574627,-0.026872579,-0.0030859069,0.0018853716,-0.49155226,-0.007075025,0.0
1777225845969000,148.42206,-0.20596199,-14.994426,0.86452454,-0.0030369575,-0.02712403,-0.022373259,0.033755764,-0.023704737,-0.0011247974,0.0016970437,-0.49139392,-0.007075025,0.0
1777225846065000,148.4854,-0.20643394,-14.994422,0.836108,-0.0024650102,-0.02709305,-0.011382043,0.03615397,-0.024914846,-0.0005696953,0.0018095825,-0.49145865,-0.007075025,0.0
1777225846169000,148.57361,-0.20707269,-14.994416,0.81386745,-0.0019067442,-0.026908524,0.020128518,0.021060467,-0.023441058,0.0010083984,0.0010550872,-0.49138877,-0.007075025,0.0
1777225846273000,148.64415,-0.20759834,-14.994411,0.78781873,-0.001564994,-0.026630146,0.03041923,0.024962945,-0.022168105,0.0015236762,0.0012503751,-0.49132907,-0.007075025,0.0
1777225846369000,148.70485,-0.20806167,-14.994407,0.7637409,-0.0013564182,-0.026200147,0.04137969,0.023211038,-0.014825862,0.002069803,0.001161011,-0.49095947,-0.007075025,0.0
1777225846465000,148.75247,-0.20842862,-14.994403,0.7362688,-0.0013272553,-0.025404932,0.021051079,0.018355109,-0.0027586073,0.0010599765,0.00092422747,-0.490348,-0.007075025,0.0
1777225846569000,148.81934,-0.20894518,-14.994398,0.71158165,-0.0015158129,-0.024304954,0.026095033,0.019621871,0.0009101955,0.00130444,0.0009808593,-0.49016255,-0.007075025,0.0
1777225846665000,148.8611,-0.20926756,-14.994396,0.6829106,-0.0018290204,-0.02326781,0.006552875,0.022409989,0.007465563,0.00032540513,0.0011128435,-0.48982918,-0.007075025,0.0
1777225846769000,148.91992,-0.20971924,-14.994393,0.6563778,-0.0021101935,-0.022261398,0.0059343874,0.021276604,0.0037776157,0.00029457564,0.0010561441,-0.4900165,-0.007075025,0.0
1777225846865000,148.9568,-0.20999968,-14.994391,0.62691927,-0.002180899,-0.02134469,-0.019433588,0.021380832,0.0024202066,-0.0009589988,0.0010550905,-0.49008542,-0.007075025,0.0
1777225846969000,149.00888,-0.21038993,-14.994389,0.59928983,-0.0021704212,-0.02045799,-0.019894391,0.0195415,-0.00013894215,-0.0010030075,0.000985216,-0.49021506,-0.007075025,0.0
1777225847073000,149.05112,-0.21069907,-14.994386,0.5693556,-0.0021562998,-0.019785192,-0.036338583,0.017104179,-0.0033523422,-0.0018125862,0.00085316476,-0.49037942,-0.007075025,0.0
1777225847169000,149.08789,-0.21097024,-14.994385,0.5415847,-0.0023053158,-0.019205838,-0.058274552,0.015010867,-0.00066037104,-0.0029138399,0.00075057225,-0.49024278,-0.007075025,0.0
1777225847265000,149.117,-0.21118955,-14.994385,0.51170176,-0.0023561746,-0.018382778,-0.07655844,0.009321438,0.0026108315,-0.003826645,0.0004659164,-0.49007756,-0.007075025,0.0
1777225847369000,149.15826,-0.21150196,-14.994385,0.4825936,-0.0022721435,-0.017314399,-0.0930853,0.01505273,-0.0011731833,-0.004652142,0.0007522932,-0.4902724,-0.007075025,0.0
1777225847465000,149.18423,-0.21169855,-14.994385,0.45246214,-0.00211137,-0.016276782,-0.109280825,0.0106356535,0.0012282096,-0.0054608686,0.0005314739,-0.49015343,-0.007075025,0.0
1777225847569000,149.22108,-0.21197586,-14.994385,0.42270023,-0.0022873043,-0.015056034,-0.12655762,0.009405586,0.003183092,-0.0063251383,0.0004700755,-0.4900559,-0.007075025,0.0
1777225847665000,149.24428,-0.21214896,-14.994385,0.3925478,-0.0027784947,-0.013957367,-0.14453828,0.010442847,0.00830464,-0.0072200173,0.0005216441,-0.48979628,-0.007075025,0.0
1777225847769000,149.27716,-0.21239068,-14.994385,0.36313233,-0.0035012139,-0.013041789,-0.1536342,0.0017943406,0.012750099,-0.007668352,8.9561014e-05,-0.48956907,-0.007075025,0.0
1777225847865000,149.29784,-0.21254201,-14.994385,0.33412373,-0.004582057,-0.012370368,-0.16168535,0.0016305533,0.011900138,-0.008072253,8.14065e-05,-0.48960987,-0.007075025,0.0
1777225847969000,149.32715,-0.21276145,-14.994385,0.30577525,-0.005817311,-0.011790481,-0.17877167,-0.004802202,0.005955403,-0.008930868,-0.00023990285,-0.4899106,-0.007075025,0.0
1777225848073000,149.35094,-0.2129403,-14.994385,0.2762707,-0.0069667096,-0.011088558,-0.1911626,-0.0029083197,0.00719887,-0.009548131,-0.00014526387,-0.48984727,-0.007075025,0.0
1777225848169000,149.37169,-0.2130955,-14.994385,0.24941026,-0.008032511,-0.010325591,-0.20424251,-0.0054337243,0.011069998,-0.010199248,-0.0002713436,-0.4896499,-0.007075025,0.0
1777225848273000,149.3929,-0.21325268,-14.994385,0.22078472,-0.009322379,-0.009471066,-0.20762502,-0.009273797,0.00874153,-0.010368727,-0.00046313048,-0.48976743,-0.007075025,0.0
1777225848369000,149.41136,-0.21338743,-14.994385,0.19543211,-0.010602806,-0.009074308,-0.21481496,-0.0072792633,0.002185142,-0.010733949,-0.00036373278,-0.49009997,-0.007075025,0.0
1777225848465000,149.4259,-0.21349543,-14.994384,0.1701597,-0.011871967,-0.008951259,-0.22652629,-0.0064451774,-0.0029155572,-0.0113259265,-0.00032224786,-0.4903587,-0.007075025,0.0
1777225848569000,149.44638,-0.21364835,-14.994383,0.14578271,-0.013164807,-0.009043239,-0.22443676,-0.008256655,-0.0017413583,-0.011219796,-0.0004127576,-0.4902978,-0.007075025,0.0
1777225848665000,149.45917,-0.21374342,-14.994383,0.123114526,-0.014251615,-0.00922617,-0.22516704,-0.009329435,-0.0030017814,-0.011259957,-0.0004665383,-0.49036026,-0.007075025,0.0
1777225848769000,149.47705,-0.21387568,-14.994383,0.10112335,-0.015557962,-0.009500804,-0.2306988,-0.013364524,-0.0018366545,-0.011532913,-0.00066810875,-0.49029925,-0.007075025,0.0
1777225848873000,149.49144,-0.21398096,-14.994383,0.079503626,-0.016968198,-0.00965337,-0.22069278,-0.021768877,-0.0014248325,-0.011033278,-0.0010883096,-0.49027684,-0.007075025,0.0
1777225848969000,149.50386,-0.21407337,-14.994383,0.061038755,-0.018469507,-0.009744903,-0.22649255,-0.022664277,-0.005792,-0.011330215,-0.0011337729,-0.49049854,-0.007075025,0.0
1777225849073000,149.5164,-0.2141669,-14.994383,0.04250986,-0.020111267,-0.00986696,-0.21531068,-0.022843963,-0.004795214,-0.010767111,-0.0011423656,-0.4904482,-0.007075025,0.0
1777225849169000,149.52724,-0.21424706,-14.994383,0.026907273,-0.021238921,-0.0100195315,-0.21682611,-0.014976431,-0.0020839905,-0.0108409645,-0.00074879796,-0.49030975,-0.007075025,0.0
1777225849265000,149.53574,-0.21430944,-14.994383,0.011981137,-0.022001067,-0.009958483,-0.20974864,-0.020881623,-0.004996085,-0.010489872,-0.0010443241,-0.49045786,-0.007075025,0.0
1777225849369000,149.54768,-0.21439819,-14.994383,-0.0014091507,-0.022651229,-0.009653291,-0.19777746,-0.020157186,0.003774425,-0.0098834,-0.0010073016,-0.49001306,-0.007075025,0.0
1777225849465000,149.55513,-0.21445346,-14.994383,-0.013138086,-0.023135172,-0.00892086,-0.1891916,-0.019791858,0.008683543,-0.009447973,-0.0009883787,-0.48976323,-0.007075025,0.0
1777225849569000,149.56558,-0.21453041,-14.994383,-0.023500942,-0.02345735,-0.008127387,-0.16645682,-0.013938951,0.009496056,-0.008311982,-0.00069603825,-0.4897209,-0.007075025,0.0
1777225849665000,149.57207,-0.21457826,-14.994383,-0.032300152,-0.023688657,-0.0073339213,-0.16098331,-0.008615376,0.016861264,-0.008035502,-0.0004300376,-0.48934308,-0.007075025,0.0
1777225849769000,149.58119,-0.2146459,-14.994383,-0.03981728,-0.02387677,-0.006632004,-0.15418223,-0.011793113,0.013193542,-0.007695877,-0.00058864336,-0.48952657,-0.007075025,0.0
1777225849873000,149.58855,-0.21469983,-14.994383,-0.04655382,-0.024035808,-0.006082676,-0.13315858,-0.012431545,0.005669771,-0.006650237,-0.00062085915,-0.48990646,-0.007075025,0.0
1777225849969000,149.59486,-0.21474625,-14.994383,-0.051678464,-0.02409027,-0.0057469755,-0.13094686,-0.015475806,0.006439559,-0.0065446347,-0.00077347027,-0.48986572,-0.007075025,0.0
1777225850065000,149.59985,-0.21478301,-14.994383,-0.0561205,-0.024289584,-0.0054723094,-0.12582086,-0.014608338,0.005130951,-0.00628743,-0.0007299974,-0.4899306,-0.007075025,0.0
1777225850169000,149.60681,-0.21483411,-14.994383,-0.059061497,-0.024414543,-0.0052586775,-0.10807112,-0.0079484545,0.0041485,-0.0054018544,-0.00039729758,-0.489979,-0.007075025,0.0
1777225850273000,149.61241,-0.21487549,-14.994383,-0.060963325,-0.024405662,-0.0051671155,-0.08127116,-0.011039366,0.0049200184,-0.0040612193,-0.00055165065,-0.48993787,-0.007075025,0.0
1777225850369000,149.61722,-0.21491092,-14.994383,-0.061657872,-0.02453536,-0.005136592,-0.08357887,-0.015023243,0.0041839667,-0.004172665,-0.00075003365,-0.48997226,-0.007075025,0.0
1777225850465000,149.62102,-0.21493877,-14.994383,-0.061916206,-0.024376445,-0.005228139,-0.07292656,-0.008620499,-0.0025152517,-0.0036447826,-0.00043084225,-0.49031115,-0.007075025,0.0
1777225850569000,149.62633,-0.21497813,-14.994383,-0.06119315,-0.023760824,-0.00550279,-0.060807906,-0.011481733,0.001938927,-0.0030433147,-0.0005746379,-0.49008343,-0.007075025,0.0
1777225850665000,149.62962,-0.21500266,-14.994383,-0.06040169,-0.023046967,-0.005533303,-0.049729805,-0.004762128,0.004610746,-0.0024805882,-0.0002375412,-0.4899454,-0.007075025,0.0
1777225850769000,149.63425,-0.21503699,-14.994383,-0.05870132,-0.021860205,-0.005411226,-0.04063311,0.007333546,0.007466403,-0.0020246243,0.00036540828,-0.48979712,-0.007075025,0.0
1777225850865000,149.63715,-0.21505837,-14.994383,-0.057163104,-0.020273574,-0.005106046,-0.032182433,0.012075204,0.0044213715,-0.0016074079,0.0006031172,-0.4899503,-0.007075025,0.0
1777225850969000,149.64119,-0.21508838,-14.994383,-0.05516065,-0.01856455,-0.0049534524,-0.020912532,0.009441889,-0.0013984514,-0.0010348813,0.00046724302,-0.49024597,-0.007075025,0.0
1777225851065000,149.64372,-0.21510707,-14.994383,-0.05328866,-0.017101698,-0.0049534487,-0.015971221,0.011690195,-0.005123985,-0.00079673965,0.0005831765,-0.49043605,-0.007075025,0.0
1777225851169000,149.64725,-0.21513318,-14.994383,-0.050897814,-0.015650744,-0.004983961,-0.008054597,0.012935032,-0.007832315,-0.00040040264,0.00064301427,-0.49057552,-0.007075025,0.0
1777225851265000,149.64943,-0.21514945,-14.994383,-0.048723727,-0.014539746,-0.004861888,0.0023772558,0.0065079224,-0.0015150801,0.000116156305,0.00031798688,-0.49025527,-0.007075025,0.0
1777225851369000,149.65248,-0.21517223,-14.994383,-0.046121623,-0.013419934,-0.0046177427,0.007086834,0.0090529295,0.00067352003,0.00034597667,0.00044196076,-0.49014407,-0.007075025,0.0
1777225851465000,149.65437,-0.21518639,-14.994383,-0.043826748,-0.01233618,-0.004526187,0.009441728,0.011957703,-0.003466953,0.00046920724,0.00059423875,-0.49035552,-0.007075025,0.0
1777225851569000,149.65707,-0.21520622,-14.994383,-0.04126694,-0.011124525,-0.004556701,0.006473916,0.01392563,-0.0010411718,0.00032698666,0.0007033602,-0.4902321,-0.007075025,0.0
1777225851665000,149.65875,-0.21521854,-14.994383,-0.039255228,-0.010086987,-0.004678769,-0.0009636432,0.010548774,-0.0016827253,-4.8696264e-05,0.00053306646,-0.49026483,-0.007075025,0.0
1777225851769000,149.66107,-0.21523587,-14.994383,-0.037293956,-0.009117885,-0.004922906,0.0052349274,0.007521919,-0.009054474,0.00023703172,0.00034058417,-0.4906396,-0.007075025,0.0
1777225851873000,149.66295,-0.21524978,-14.994383,-0.035812195,-0.008327473,-0.00547222,0.0026687123,0.011407818,-0.009333776,0.00012798424,0.0005470881,-0.49065432,-0.007075025,0.0
1777225851969000,149.66457,-0.21526176,-14.994383,-0.034713626,-0.00774806,-0.005868946,0.0019374772,0.012159976,-0.0061647724,9.970388e-05,0.0006257606,-0.49049288,-0.007075025,0.0
1777225852065000,149.66585,-0.21527116,-14.994383,-0.034063198,-0.007232296,-0.006021532,-0.006436579,0.008021811,-0.008058375,-0.00033521984,0.0004177794,-0.49059045,-0.007075025,0.0
1777225852169000,149.6676,-0.21528435,-14.994383,-0.03357355,-0.0068247886,-0.0062351525,-0.006893985,0.00819296,-0.009206378,-0.00034491118,0.00040989986,-0.49065003,-0.007075025,0.0
1777225852273000,149.66902,-0.21529494,-14.994383,-0.03335856,-0.006281792,-0.0064487737,-0.00715311,0.009499949,-0.0013367002,-0.0003809628,0.0005059515,-0.49025002,-0.007075025,0.0
1777225852369000,149.67026,-0.2153041,-14.994383,-0.033078443,-0.005763534,-0.0065403245,-0.009937365,0.0077946372,0.0026502388,-0.0005156062,0.00040442945,-0.4900457,-0.007075025,0.0
1777225852465000,149.67123,-0.21531129,-14.994383,-0.033033602,-0.005279647,-0.006753946,-0.008679956,0.011610376,0.0012832556,-0.00044166064,0.0005907686,-0.4901126,-0.007075025,0.0
1777225852569000,149.67256,-0.21532132,-14.994383,-0.032845035,-0.0048180684,-0.0069370493,-0.015563466,0.009139133,0.0002561469,-0.00079932634,0.00046937808,-0.49016306,-0.007075025,0.0
1777225852673000,149.67368,-0.21532936,-14.994383,-0.0326643,-0.0044178083,-0.0073642945,-0.017508654,0.012788868,-0.0027436605,-0.000875338,0.0006393742,-0.49031386,-0.007075025,0.0
1777225852769000,149.67459,-0.21533634,-14.994383,-0.03234098,-0.0042840857,-0.0077305036,-0.011458153,0.0126546845,-0.004973014,-0.00056825933,0.00062760053,-0.4904263,-0.007075025,0.0
1777225852873000,149.67557,-0.2153434,-14.994383,-0.031754263,-0.004477985,-0.008066196,-0.011018373,0.010078365,-0.011841505,-0.00055916584,0.00051146175,-0.49077636,-0.007075025,0.0
1777225852969000,149.67638,-0.21534951,-14.994383,-0.031094972,-0.0049673454,-0.008523958,-0.007819638,0.00798599,-0.012285738,-0.0003932074,0.00040157232,-0.4907996,-0.007075025,0.0
1777225853073000,149.67719,-0.21535566,-14.994383,-0.030668091,-0.0054815575,-0.00925638,-0.013655276,0.009304468,-0.011422091,-0.00070012914,0.00047705584,-0.4907553,-0.007075025,0.0
1777225853169000,149.67789,-0.21536097,-14.994383,-0.030536568,-0.0063028275,-0.010171906,-0.012384928,0.002439996,-0.015970172,-0.00064416986,0.00012691005,-0.49098513,-0.007075025,0.0
1777225853273000,149.67859,-0.21536638,-14.994383,-0.030386062,-0.007662391,-0.011301055,-0.008031696,-0.0002443984,-0.01847572,-0.0003789835,-1.1532178e-05,-0.49111262,-0.007075025,0.0
1777225853369000,149.67921,-0.21537098,-14.994383,-0.030193506,-0.00908078,-0.0119724395,-0.019273845,-0.0030023493,-0.014033908,-0.00096202904,-0.00014985836,-0.49088728,-0.007075025,0.0
1777225853473000,149.67986,-0.21537568,-14.994383,-0.030282853,-0.010814133,-0.012430204,-0.018368049,-0.0029701272,-0.012369152,-0.00091626146,-0.00014816018,-0.4908039,-0.007075025,0.0
1777225853569000,149.68044,-0.21537973,-14.994383,-0.030577626,-0.012394202,-0.012826932,-0.01746797,-0.008090512,-0.014886906,-0.0008835523,-0.00040922847,-0.4909326,-0.007075025,0.0
1777225853665000,149.68086,-0.2153829,-14.994383,-0.030959276,-0.014110835,-0.013284694,-0.022763068,-0.010493971,-0.011161981,-0.0011307364,-0.00052127923,-0.49074343,-0.007075025,0.0
1777225853769000,149.68146,-0.21538734,-14.994383,-0.031415027,-0.016128175,-0.013559352,-0.024147913,-0.01656854,-0.010471791,-0.0012098706,-0.000830125,-0.4907092,-0.007075025,0.0
1777225853873000,149.68192,-0.21539092,-14.994383,-0.031792194,-0.018222537,-0.013742456,-0.022988817,-0.022225993,-0.010279811,-0.0011555373,-0.0011171938,-0.4907008,-0.007075025,0.0
1777225853969000,149.6823,-0.21539402,-14.994383,-0.031983875,-0.02036847,-0.013864526,-0.023361431,-0.022817768,-0.007538777,-0.0011685041,-0.0011413109,-0.49056208,-0.007075025,0.0
1777225854065000,149.68262,-0.21539642,-14.994383,-0.031965557,-0.02279692,-0.013742455,-0.019310005,-0.032972403,-0.0036280993,-0.00096800714,-0.0016529008,-0.49036378,-0.007075025,0.0
1777225854169000,149.68307,-0.21539979,-14.994383,-0.03179236,-0.025587497,-0.01331521,-0.017620407,-0.036849998,-0.0038486486,-0.0008795025,-0.0018393258,-0.4903764,-0.007075025,0.0
1777225854273000,149.68346,-0.21540248,-14.994383,-0.031418707,-0.028553512,-0.012735375,-0.023208776,-0.04956048,-0.005725323,-0.0011602698,-0.002477663,-0.49047485,-0.007075025,0.0
1777225854369000,149.6838,-0.21540482,-14.994383,-0.031391427,-0.031401765,-0.012063987,-0.022682637,-0.04149181,0.0018902929,-0.0011363524,-0.0020786521,-0.49008957,-0.007075025,0.0
1777225854465000,149.68408,-0.21540666,-14.994383,-0.03148755,-0.03411064,-0.011301047,-0.026702918,-0.047079675,0.0049650483,-0.0013352915,-0.0023542405,-0.48993352,-0.007075025,0.0
1777225854569000,149.6845,-0.21540922,-14.994383,-0.031530272,-0.03700866,-0.010812767,-0.019370385,-0.048387125,-0.00043271855,-0.0009683792,-0.0024190065,-0.49020797,-0.007075025,0.0
1777225854665000,149.68477,-0.21541083,-14.994383,-0.031220037,-0.039367966,-0.010446553,-0.020054402,-0.048681196,3.8274564e-05,-0.0010028525,-0.002434381,-0.49018437,-0.007075025,0.0
1777225854769000,149.68506,-0.21541306,-14.994383,-0.03095081,-0.041480877,-0.010110859,-0.0210672,-0.054779038,-0.0018023984,-0.0010524549,-0.0027365987,-0.49027836,-0.007075025,0.0
1777225854873000,149.68523,-0.21541485,-14.994383,-0.030952903,-0.04330878,-0.009836203,-0.020373825,-0.048642196,0.0010491638,-0.0010191466,-0.0024331973,-0.490133,-0.007075025,0.0
1777225854969000,149.68538,-0.2154164,-14.994383,-0.030981984,-0.044593994,-0.009622579,-0.022023102,-0.047544736,0.00097261835,-0.0011019154,-0.0023788782,-0.49013612,-0.007075025,0.0
1777225855065000,149.68549,-0.21541764,-14.994383,-0.03090807,-0.04537975,-0.00959206,-0.021487117,-0.045720015,9.5578376e-05,-0.0010725739,-0.0022822092,-0.49017924,-0.007075025,0.0
1777225855169000,149.68564,-0.21541932,-14.994383,-0.031049114,-0.045914285,-0.009805685,-0.022146966,-0.042482592,-0.0037739158,-0.0011096419,-0.0021285291,-0.49037406,-0.007075025,0.0
1777225855265000,149.68573,-0.21542038,-14.994383,-0.031168126,-0.045883264,-0.010110861,-0.028703082,-0.042052712,-0.0069831125,-0.0014385644,-0.002107632,-0.49053589,-0.007075025,0.0
1777225855369000,149.68587,-0.2154219,-14.994383,-0.031129215,-0.045741223,-0.010538108,-0.025227888,-0.038180627,-0.0087857805,-0.0012633025,-0.0019119191,-0.4906277,-0.007075025,0.0
1777225855473000,149.68599,-0.21542309,-14.994383,-0.030949347,-0.04535412,-0.0109348325,-0.023722488,-0.03243911,-0.009339801,-0.0011832215,-0.0016179854,-0.49065617,-0.007075025,0.0
1777225855569000,149.6861,-0.21542409,-14.994383,-0.030556526,-0.044868547,-0.011178971,-0.021928575,-0.02625237,-0.005700001,-0.0010910362,-0.0013061627,-0.4904708,-0.007075025,0.0
1777225855673000,149.68622,-0.21542513,-14.994383,-0.029782806,-0.044266846,-0.011423114,-0.019144956,-0.023486022,-0.008758094,-0.00095731934,-0.0011743888,-0.4906267,-0.007075025,0.0
1777225855769000,149.68633,-0.21542603,-14.994383,-0.029042084,-0.04348354,-0.011545181,-0.019996073,-0.034053635,-0.00963262,-0.0009967102,-0.0016974135,-0.49067208,-0.007075025,0.0
1777225855865000,149.68642,-0.21542674,-14.994383,-0.028407317,-0.042605888,-0.011636734,-0.021320716,-0.028556667,-0.0152409375,-0.0010636278,-0.001424608,-0.49095967,-0.007075025,0.0
1777225855969000,149.68654,-0.21542774,-14.994383,-0.027571134,-0.041716043,-0.011636734,-0.0123834545,-0.028956518,-0.014508731,-0.0006180811,-0.0014452734,-0.49092633,-0.007075025,0.0
1777225856065000,149.68661,-0.21542837,-14.994383,-0.026491474,-0.040805772,-0.011545184,-0.0042137466,-0.016013999,-0.010833028,-0.00021558114,-0.00081929844,-0.49074233,-0.007075025,0.0
1777225856169000,149.68672,-0.21542922,-14.994383,-0.025156425,-0.039484963,-0.011209488,-0.005325604,-0.013397153,-0.00065022055,-0.0002725382,-0.0006856003,-0.49022654,-0.007075025,0.0
1777225856265000,149.68678,-0.21542972,-14.994383,-0.02395079,-0.038116693,-0.010721213,-0.004739826,-0.014206724,0.0036543524,-0.00023945495,-0.0007177206,-0.49000746,-0.007075025,0.0
1777225856369000,149.68687,-0.21543045,-14.994383,-0.022721693,-0.03651748,-0.010477073,-0.0012549659,-0.010755458,0.00022501871,-6.202657e-05,-0.0005315876,-0.4901805,-0.007075025,0.0
1777225856465000,149.68694,-0.2154309,-14.994383,-0.021399612,-0.034970094,-0.010812763,-0.0026576053,-0.011824058,-0.0075387377,-0.0001389781,-0.000618333,-0.49057436,-0.007075025,0.0
1777225856569000,149.68706,-0.2153745,-14.993227,-0.019081606,-0.032117236,0.018227562,-0.00053824857,0.0063539767,0.5221781,-2.7048936e-05,0.0003193103,-0.46406677,-0.007075025,0.0
1777225856673000,149.6872,-0.21523166,-14.986883,-0.016814455,-0.029098915,0.09108801,0.008483767,0.008384639,0.9762215,0.0004055296,0.0004007913,-0.44134796,-0.007075025,0.0
1777225856769000,149.68738,-0.2150224,-14.972528,-0.014515413,-0.026070405,0.19743954,0.010208836,0.015832415,1.3933597,0.00043803523,0.00067932875,-0.4204754,-0.007075025,0.0
1777225856873000,149.68758,-0.2147118,-14.943554,-0.012001833,-0.022642873,0.3552872,0.0133455675,0.017100438,1.839912,0.0005415355,0.00069390034,-0.39813963,-0.007075025,0.0
1777225856969000,149.68782,-0.21434766,-14.900627,-0.009905732,-0.019437157,0.54082674,0.01602254,0.023997452,2.2599418,0.0006092381,0.0009124746,-0.3771274,-0.007075025,0.0
1777225857065000,149.68803,-0.21398744,-14.850365,-0.007992281,-0.016585162,0.71398425,0.014902132,0.019846465,2.4141786,0.000562761,0.00074947777,-0.3694004,-0.007075025,0.0
1777225857169000,149.68839,-0.21335031,-14.747195,-0.0059338696,-0.0132714575,1.0033566,0.02643195,0.02211364,2.1944878,0.0010272717,0.0008594416,-0.38038963,-0.007075025,0.0
1777225857265000,149.68864,-0.21286103,-14.661839,-0.00439731,-0.010685117,1.1401086,0.012467914,0.021257604,1.6573172,0.0005227502,0.00089128106,-0.40725034,-0.007075025,0.0
1777225857369000,149.6891,-0.21203034,-14.514056,-0.003048116,-0.0075688744,1.3410164,0.014566936,0.027606161,1.3424218,0.0006283917,0.0011908807,-0.42300105,-0.007075025,0.0
1777225857465000,149.6894,-0.21142466,-14.405356,-0.0023421242,-0.005820652,1.4101036,0.008255955,0.011429201,0.8668824,0.00039372954,0.0005450628,-0.44677916,-0.007075025,0.0
1777225857569000,149.68985,-0.2105302,-14.232159,-0.0016797932,-0.0042895977,1.5184541,0.0043950244,0.0050902255,0.5181133,0.00020949788,0.00024263609,-0.464227,-0.007075025,0.0
1777225857673000,149.69016,-0.20981583,-14.076925,-0.0015132702,-0.0037763682,1.5458153,-0.0030463957,0.007536643,0.08502144,-0.00015399787,0.00038098366,-0.48588955,-0.007075025,0.0
1777225857769000,149.69034,-0.20923351,-13.932924,-0.0010911091,-0.002927512,1.5496807,-0.0031625326,0.011758421,0.1010312,-0.00016276189,0.00060515513,-0.48508006,-0.007075025,0.0
1777225857865000,149.69049,-0.2087767,-13.812923,-0.001076743,-0.0022747694,1.5288429,-0.0046243183,0.009438251,0.014861591,-0.00023508957,0.0004798187,-0.48937586,-0.007075025,0.0
1777225857969000,149.69072,-0.20813654,-13.632922,-0.0011131931,-0.0019996623,1.5549135,-0.0034207746,0.0004159282,0.10762747,-0.00016613863,2.020061e-05,-0.48473275,-0.007075025,0.0
1777225858073000,149.69092,-0.20762275,-13.476921,-0.001346719,-0.002212225,1.5556412,-0.0046722973,-0.0012932331,0.10584414,-0.0001613224,-4.465201e-05,-0.48480725,-0.007075025,0.0
1777225858169000,149.6911,-0.20717956,-13.33292,-0.0017150496,-0.0026269103,1.555294,-0.0108858645,-0.00931467,0.093612164,-0.00055506814,-0.0004749532,-0.48541003,-0.007075025,0.0
1777225858265000,149.69125,-0.20683189,-13.212919,-0.0021210643,-0.0031493623,1.5299091,-0.011443323,-0.009857869,-0.012912162,-0.0005740765,-0.00049453904,-0.49072218,-0.007075025,0.0
1777225858369000,149.69148,-0.20634471,-13.032918,-0.0025199896,-0.0038104546,1.551341,-0.008675999,-0.012662145,0.068299465,-0.00043522712,-0.0006351901,-0.48665553,-0.007075025,0.0
1777225858465000,149.69164,-0.20604134,-12.912917,-0.0026216642,-0.004258076,1.5243998,-0.009993085,-0.0057701916,-0.040629566,-0.0004879936,-0.0002817765,-0.49209017,-0.007075025,0.0
1777225858569000,149.69185,-0.20561627,-12.732916,-0.002212841,-0.004462355,1.5446415,-0.0037185755,-0.0065737898,0.042039428,-0.0001854792,-0.0003278947,-0.48795277,-0.007075025,0.0
1777225858665000,149.69199,-0.20535162,-12.612915,-0.0016231088,-0.004797456,1.5171204,-0.002587756,-0.009820056,-0.06196614,-0.00013720099,-0.0005206524,-0.49314106,-0.007075025,0.0
1777225858769000,149.69214,-0.20498076,-12.432914,-0.0010493499,-0.0053561814,1.5374537,-0.005069765,-0.008401918,0.03068971,-0.0002614133,-0.0004332298,-0.48850015,-0.007075025,0.0
1777225858865000,149.69225,-0.20474984,-12.312913,-0.0007145384,-0.0057669445,1.5100241,-0.004656858,-0.01087654,-0.06796245,-0.00022239193,-0.00051941775,-0.49341902,-0.007075025,0.0
1777225858969000,149.69237,-0.20442626,-12.132912,-0.00042920222,-0.006286215,1.5301743,-0.0021283075,-0.011487758,0.025310941,-0.00010195465,-0.0005503107,-0.4887476,-0.007075025,0.0
1777225859073000,149.69244,-0.20416649,-11.976911,0.00024482154,-0.00700156,1.5262632,0.0085090315,-0.010117989,0.01839492,0.00042094407,-0.00050053967,-0.4890867,-0.007075025,0.0
1777225859169000,149.69252,-0.2039424,-11.83291,0.001455118,-0.007384342,1.5227118,0.004883702,-0.010070137,0.017730333,0.00024440108,-0.0005039521,-0.48910868,-0.007075025,0.0
1777225859273000,149.6926,-0.2037158,-11.6769085,0.0031147124,-0.0076698936,1.5190449,0.011043728,-0.018730914,0.023292998,0.0005488623,-0.00093090767,-0.4888141,-0.007075025,0.0
1777225859369000,149.69267,-0.20352036,-11.5329075,0.004571595,-0.00818553,1.5159206,0.012015288,-0.020356923,0.021760779,0.0006005841,-0.0010175407,-0.48888052,-0.007075025,0.0
1777225859465000,149.69273,-0.20336701,-11.412907,0.0060817776,-0.008848061,1.4892235,0.020670373,-0.01734152,-0.0677783,0.0010439388,-0.000875818,-0.4933373,-0.007075025,0.0
1777225859569000,149.69283,-0.20315208,-11.232905,0.008035889,-0.009226224,1.5106859,0.024796624,-0.02095618,0.027617447,0.001229031,-0.0010386815,-0.48856246,-0.007075025,0.0
1777225859665000,149.69289,-0.20301823,-11.112905,0.009662064,-0.009226046,1.484416,0.021491794,-0.015007909,-0.07025553,0.0010819873,-0.0007555612,-0.49344477,-0.007075025,0.0
1777225859769000,149.69298,-0.20283066,-10.932903,0.011282645,-0.008916713,1.5058479,0.020722626,-0.011238387,0.019575164,0.001038811,-0.0005633726,-0.48895523,-0.007075025,0.0
1777225859873000,149.69305,-0.20268014,-10.776902,0.012724993,-0.008483858,1.5033102,0.01837181,-0.0065469733,0.016653746,0.00091379316,-0.0003256391,-0.48909783,-0.007075025,0.0
1777225859969000,149.69313,-0.20255025,-10.632901,0.01381928,-0.008162467,1.5012541,0.018834626,-0.010490311,0.0186867,0.0009444414,-0.00052602496,-0.4889884,-0.007075025,0.0
1777225860073000,149.6932,-0.20241892,-10.4769,0.014609112,-0.007854148,1.4993572,0.013840008,-0.0037818747,0.029694483,0.00070907245,-0.00019375878,-0.4884226,-0.007075025,0.0
1777225860169000,149.69328,-0.20230559,-10.332899,0.015225157,-0.0076177204,1.498003,0.016173122,-0.0029855692,0.034352463,0.0007949141,-0.00014674166,-0.48817697,-0.007075025,0.0
1777225860265000,149.69334,-0.20221722,-10.21365,0.015401938,-0.0071979263,1.4719276,0.011301482,0.00440075,-0.060558766,0.00059337204,0.00023105662,-0.49290597,-0.007075025,0.0
1777225860369000,149.69339,-0.2020719,-10.034769,0.014449473,-0.0060125357,1.4754786,0.007691724,0.006741737,-0.37993774,0.0004178213,0.00036621714,-0.5088688,-0.0066312845,0.0
1777225860473000,149.69333,-0.2019286,-9.883505,0.013162714,-0.004667474,1.4116694,0.0003602747,0.007932569,-0.83845437,1.8627843e-05,0.00041014995,-0.531802,-0.0066312845,0.0
1777225860569000,149.69318,-0.20179684,-9.751448,0.0118756965,-0.003600482,1.3139359,0.0032283012,0.010600273,-1.2466271,0.00018422688,0.0006049173,-0.5522107,-0.0066312845,0.0
1777225860673000,149.69295,-0.2016549,-9.620806,0.011190722,-0.0022605099,1.1656524,0.005275648,0.012877662,-1.696572,0.00030089848,0.00073448214,-0.57471997,-0.0066312845,0.0
1777225860769000,149.69269,-0.2015247,-9.515467,0.010998099,-0.0006624444,0.9890286,0.0072649047,0.01358066,-2.119654,0.0004447325,0.0008313614,-0.59589976,-0.0066312845,0.0
1777225860873000,149.69241,-0.20138471,-9.422088,0.010911072,0.0012112205,0.7545537,0.0053301244,0.020564293,-2.5730472,0.00033465493,0.0012911408,-0.6185924,-0.0066312845,0.0
1777225860969000,149.6922,-0.20125663,-9.358822,0.010782322,0.002840255,0.49824125,0.01299157,0.017864319,-2.996987,0.0008420375,0.0011578604,-0.63982505,-0.0066312845,0.0
1777225861065000,149.69202,-0.20115085,-9.325546,0.010638339,0.004409013,0.24931991,0.014414646,0.023952082,-3.1781218,0.00095967867,0.0015946492,-0.6489348,-0.0066312845,0.0
1777225861169000,149.69174,-0.20099396,-9.313513,0.010563359,0.006114736,-0.15923703,0.008868158,0.024661897,-3.8858652,0.0006193211,0.0017223004,-0.68435687,-0.0066312845,0.0
1777225861273000,149.6915,-0.2008599,-9.344576,0.010343045,0.007869969,-0.5669698,0.0075318096,0.027477056,-4.3435297,0.00054012303,0.0019704415,-0.707278,-0.0066312845,0.0
1777225861369000,149.69128,-0.20073795,-9.4109535,0.009731822,0.009573994,-0.96443003,0.0124903815,0.025983362,-4.3567305,0.0008923498,0.0018563282,-0.70796555,-0.0066312845,0.0
1777225861473000,149.69104,-0.20060785,-9.524182,0.008980521,0.011376234,-1.3845204,0.002967786,0.032126322,-4.036048,0.00020847091,0.0022567003,-0.69189644,-0.0066312845,0.0
1777225861569000,149.69084,-0.20048977,-9.664314,0.008185583,0.0130249625,-1.7355899,0.0059430967,0.031749092,-3.6410599,0.00040731946,0.0021759737,-0.6721322,-0.0066312845,0.0
1777225861673000,149.69064,-0.20036416,-9.850505,0.007206708,0.014577411,-2.0743866,0.006712568,0.030688444,-3.2138329,0.00044522472,0.0020354737,-0.6507405,-0.0066312845,0.0
1777225861769000,149.69046,-0.20025048,-10.050321,0.006414928,0.015857272,-2.3482509,0.0051579913,0.036302686,-2.8372865,0.00033339893,0.0023465096,-0.6319228,-0.0066312845,0.0
1777225861873000,149.69026,-0.20013072,-10.291047,0.0054531666,0.017087165,-2.5994618,0.0013949706,0.020779891,-2.4225078,8.713144e-05,0.0012979356,-0.6111981,-0.0066312845,0.0
1777225861969000,149.69008,-0.20002282,-10.532699,0.0041560945,0.017711373,-2.7909908,0.0026763862,0.0260459,-2.03426,0.000161784,0.0015744403,-0.5918002,-0.0066312845,0.0
1777225862073000,149.68988,-0.19990864,-10.811989,0.0023703147,0.018066324,-2.9554727,-0.0069007133,0.024002682,-1.6094382,-0.0003999941,0.0013912955,-0.5705733,-0.0066312845,0.0
1777225862169000,149.6897,-0.19980583,-11.082251,0.0005243046,0.018529616,-3.0,-0.010220575,0.02586995,-0.94691837,-0.00055393996,0.0014021129,-0.53746414,-0.0066312845,0.0
1777225862265000,149.68954,-0.19972211,-11.314025,-0.0015449707,0.01895695,-3.0,-0.019335264,0.033288214,-0.3924953,-0.0010040267,0.0017285647,-0.509754,-0.0066312845,0.0
1777225862369000,149.68932,-0.19960003,-11.668179,-0.0041332315,0.019638,-3.0,-0.027084759,0.030592946,0.11302821,-0.0013352364,0.0015081845,-0.48449147,-0.0066312845,0.0
1777225862465000,149.68916,-0.19952072,-11.905724,-0.0068139387,0.02007976,-3.0,-0.027617516,0.020696888,0.14314574,-0.0013609054,0.0010198783,-0.48299384,-0.0066312845,0.0
1777225862569000,149.68893,-0.19940212,-12.261872,-0.009857226,0.02033344,-3.0,-0.027260436,0.021537831,0.039416198,-0.0013487783,0.0010656383,-0.48819062,-0.0066312845,0.0
1777225862673000,149.68874,-0.1992994,-12.57032,-0.012857087,0.020285975,-3.0,-0.03375375,0.024100801,-0.030088563,-0.0016920824,0.0012081781,-0.49167806,-0.0066312845,0.0
1777225862769000,149.68855,-0.19920465,-12.854822,-0.015465574,0.020477733,-3.0,-0.03976577,0.024538549,-0.06502994,-0.0020037468,0.0012364665,-0.49343547,-0.0066312845,0.0
1777225862865000,149.6884,-0.19912575,-13.091709,-0.017958183,0.020810913,-3.0,-0.045000955,0.029965846,-0.09190172,-0.0022706827,0.0015120329,-0.49479103,-0.0066312845,0.0
1777225862969000,149.68817,-0.19900751,-13.446699,-0.020421384,0.020967774,-3.0,-0.03271462,0.021592243,-0.10554531,-0.0016527995,0.0010908776,-0.49548498,-0.0066312845,0.0
1777225863065000,149.68802,-0.19892876,-13.68318,-0.02216011,0.020902388,-3.0,-0.037852574,0.023227265,-0.110706076,-0.0019189065,0.001177488,-0.49575374,-0.0066312845,0.0
1777225863169000,149.68779,-0.1988107,-14.03767,-0.024144804,0.020724053,-3.0,-0.040148575,0.018533831,-0.111576535,-0.0020205367,0.0009327426,-0.49580845,-0.0066312845,0.0
1777225863265000,149.68764,-0.19873205,-14.273839,-0.025694987,0.020605195,-3.0,-0.04034466,0.01633577,-0.10944416,-0.002031619,0.00082261354,-0.49571148,-0.0066312845,0.0
1777225863369000,149.68741,-0.19861415,-14.627878,-0.027070705,0.020919947,-3.0,-0.042342614,0.02227681,-0.112517215,-0.002137469,0.0011245405,-0.49587715,-0.0066312845,0.0
1777225863465000,149.68726,-0.1985356,-14.863748,-0.02799746,0.021547178,-3.0,-0.030742822,0.02100751,-0.1105121,-0.0015482357,0.0010579567,-0.4957872,-0.0066312845,0.0
1777225863569000,149.68703,-0.19841783,-15.217353,-0.028590234,0.022490332,-3.0,-0.030405391,0.025631612,-0.10838385,-0.0015316176,0.0012911469,-0.49569196,-0.0066312845,0.0
1777225863673000,149.68683,-0.1983158,-15.523646,-0.02870477,0.02361067,-3.0,-0.021576926,0.0264178,-0.11424574,-0.0010887077,0.0013329637,-0.4959986,-0.0066312845,0.0
1777225863769000,149.68665,-0.19822165,-15.806286,-0.028398968,0.024791952,-3.0,-0.016678471,0.029464493,-0.11267884,-0.0008392625,0.0014826566,-0.4959312,-0.0066312845,0.0
1777225863865000,149.6865,-0.19814323,-16.041758,-0.027977379,0.025903724,-3.0,-0.013269365,0.027049588,-0.10982178,-0.00067433063,0.0013746225,-0.49579912,-0.0066312845,0.0
1777225863969000,149.68626,-0.19802563,-16.394894,-0.027439129,0.026955303,-3.0,-0.014059659,0.026124598,-0.103911094,-0.00070682407,0.0013133672,-0.49551427,-0.0066312845,0.0
1777225864065000,149.68611,-0.19794725,-16.63028,-0.027017422,0.027713165,-3.0,-0.021907954,0.027543407,-0.103515826,-0.0011067615,0.0013914574,-0.4955054,-0.0066312845,0.0
1777225864169000,149.68588,-0.19782968,-16.98328,-0.026754403,0.02871525,-3.0,-0.016666593,0.025837302,-0.10481651,-0.00084501493,0.00130998,-0.49558276,-0.0066312845,0.0
1777225864265000,149.68573,-0.19775134,-17.218542,-0.026332553,0.02976817,-3.0,-0.0113803,0.037197836,-0.101931304,-0.0005771505,0.0018864837,-0.49544874,-0.0066312845,0.0
1777225864369000,149.6855,-0.19763386,-17.571308,-0.025866363,0.031175178,-3.0,-0.017993545,0.032454774,-0.10078309,-0.00090474583,0.0016318809,-0.49540296,-0.0066312845,0.0
1777225864465000,149.68535,-0.19755556,-17.806389,-0.025400858,0.03247119,-3.0,-0.013611111,0.03392023,-0.10061025,-0.00068309705,0.0017023452,-0.49540523,-0.0066312845,0.0
1777225864569000,149.68512,-0.19743818,-18.158865,-0.02487641,0.03381204,-3.0,-0.0116855,0.03602846,-0.10302559,-0.0005901627,0.0018195759,-0.49553862,-0.0066312845,0.0
1777225864665000,149.68497,-0.19735995,-18.39378,-0.024149785,0.034773804,-3.0,-0.007872616,0.03160698,-0.09817377,-0.00039860007,0.0016002997,-0.49530578,-0.0066312845,0.0
1777225864769000,149.68474,-0.19724262,-18.746075,-0.023436582,0.035775658,-3.0,-0.009248411,0.037405018,-0.09479928,-0.00046786075,0.0018922536,-0.49514797,-0.0066312845,0.0
1777225864873000,149.68454,-0.19714096,-19.051315,-0.022752598,0.036672775,-3.0,-0.008591806,0.03583571,-0.09833992,-0.0004349747,0.0018142435,-0.49533767,-0.0066312845,0.0
1777225864969000,149.68436,-0.19704714,-19.333015,-0.022199135,0.037443507,-3.0,-0.005876802,0.0399797,-0.09565123,-0.00029631518,0.002015823,-0.49521336,-0.0066312845,0.0
1777225865065000,149.6842,-0.19696897,-19.567722,-0.021617003,0.03820096,-3.0,-0.005244904,0.034649838,-0.102119744,-0.00026611754,0.0017580739,-0.49554986,-0.0066312845,0.0
1777225865169000,149.68398,-0.19685175,-19.919716,-0.020975528,0.038825292,-3.0,-0.0023165466,0.035555836,-0.10238444,-0.000116673866,0.001790785,-0.49557537,-0.0066312845,0.0
1777225865273000,149.68378,-0.19675016,-20.224752,-0.02027634,0.039249238,-3.0,-0.011474889,0.029719599,-0.098783396,-0.0005779509,0.0014968746,-0.49540675,-0.0066312845,0.0
1777225865369000,149.6836,-0.19665639,-20.506323,-0.019620707,0.039534565,-3.0,-0.002679737,0.032196455,-0.09289181,-0.00013526152,0.0016251376,-0.49512142,-0.0066312845,0.0
1777225865465000,149.68344,-0.19657825,-20.740961,-0.018849507,0.039891604,-2.9897099,0.0034198805,0.03323565,-0.053412378,0.00017253435,0.0016767519,-0.49315777,-0.0066312845,0.0
1777225865569000,149.68321,-0.19646104,-21.092901,-0.018076561,0.040414322,-3.0,0.0024398295,0.035881154,-0.09648288,0.00012333214,0.0018137745,-0.49532303,-0.0066312845,0.0
1777225865673000,149.68301,-0.19635949,-21.397879,-0.017158968,0.04102839,-3.0,-0.0032420023,0.032093517,-0.10236699,-0.00016316448,0.0016152124,-0.49562842,-0.0066312845,0.0
1777225865769000,149.68283,-0.19626571,-21.67937,-0.016473357,0.041406997,-3.0,0.0036032319,0.033487003,-0.11820557,0.00018245321,0.0016956476,-0.4964331,-0.0066312845,0.0
1777225865865000,149.68268,-0.1961876,-21.913946,-0.015918698,0.041541465,-2.9505672,0.00032462238,0.027789697,0.06583398,1.5963764e-05,0.0013665976,-0.4872389,-0.0066312845,0.0
1777225865969000,149.68245,-0.19607039,-22.265846,-0.015129775,0.04147598,-2.9883804,0.0026165382,0.026527697,-0.10083489,0.00013117927,0.0013299573,-0.4955859,-0.0066312845,0.0
1777225866065000,149.6823,-0.19599225,-22.500494,-0.014255619,0.041345876,-2.933447,-0.0036741537,0.031701386,0.10302108,-0.00018099938,0.0015617014,-0.4853973,-0.0066312845,0.0
1777225866169000,149.68207,-0.19587499,-22.852547,-0.013755637,0.040968575,-2.9725418,-0.008556152,0.028044501,-0.090533204,-0.0004319947,0.0014159493,-0.49509296,-0.0066312845,0.0
1777225866265000,149.68192,-0.19579683,-23.087284,-0.013473459,0.040310055,-2.9160697,-0.0042629084,0.026898101,0.26517725,-0.00020797316,0.001312269,-0.47730565,-0.0066312845,0.0
1777225866369000,149.68169,-0.19568048,-23.437113,-0.013169654,0.039085858,-2.9098055,-0.0051078396,0.029154122,0.6001091,-0.00023922898,0.001365452,-0.4605516,-0.0066312845,0.0
1777225866465000,149.68153,-0.19560403,-23.666105,-0.0128367115,0.037548337,-2.7969828,-0.0073670377,0.017864013,1.0555388,-0.00033103017,0.0008027008,-0.437771,-0.0066312845,0.0
1777225866569000,149.6813,-0.19549164,-23.998835,-0.0123030795,0.035630904,-2.7112694,-0.0010969043,0.012557164,1.0521096,-5.0962575e-05,0.00058341044,-0.43794936,-0.0066312845,0.0
1777225866665000,149.68115,-0.19541858,-24.21257,-0.011244582,0.033791315,-2.5802398,0.0012035193,0.012411434,1.1324475,5.410623e-05,0.00055797683,-0.43393943,-0.0066312845,0.0
1777225866769000,149.68095,-0.1953122,-24.521154,-0.009852407,0.031841345,-2.492511,0.004434054,0.013458547,1.0040504,0.00020738617,0.0006294729,-0.4403736,-0.0066312845,0.0
1777225866865000,149.68083,-0.1952436,-24.718964,-0.0085560195,0.029947428,-2.3677146,0.015691742,0.0051916386,1.0742041,0.0007160237,0.00023689761,-0.436876,-0.0066312845,0.0
1777225866969000,149.68066,-0.19514437,-25.004072,-0.0071472353,0.02759667,-2.2822185,0.010976834,0.0029796155,0.9552952,0.0004893939,0.00013284391,-0.44283804,-0.0066312845,0.0
1777225867065000,149.68057,-0.19508071,-25.186584,-0.005850102,0.025242552,-2.1648507,0.010587918,0.0011124231,1.0154061,0.00047760853,5.0180104e-05,-0.43984613,-0.0066312845,0.0
1777225867169000,149.68044,-0.19498904,-25.449335,-0.0046725706,0.022483027,-2.0835023,0.010510413,-0.0010624214,0.9017332,0.00048399853,-4.8923896e-05,-0.44554988,-0.0066312845,0.0
1777225867265000,149.68034,-0.19493048,-25.617346,-0.0038971375,0.019751623,-1.974304,0.012300278,-0.00018644473,0.9559737,0.0005720428,-8.670891e-06,-0.4428525,-0.0066312845,0.0
1777225867369000,149.6802,-0.1948465,-25.858969,-0.0031832438,0.01680215,-1.8978846,0.012088742,-0.007064398,0.8457605,0.0005826272,-0.00034047468,-0.44838756,-0.0066312845,0.0
1777225867465000,149.68011,-0.1947931,-26.01332,-0.0024801334,0.013883408,-1.7970663,0.010421763,-0.0073822807,0.8932633,0.0004866966,-0.0003447527,-0.44602382,-0.0066312845,0.0
1777225867569000,149.67998,-0.19471684,-26.23512,-0.0018094841,0.010793717,-1.7260829,0.010869027,-0.009684758,0.7934154,0.0005067967,-0.00045157713,-0.4510321,-0.0066312845,0.0
1777225867665000,149.67989,-0.1946686,-26.376686,-0.0013671402,0.008131371,-1.6336081,0.011722092,-0.01584898,0.8307802,0.0005377299,-0.0007270434,-0.4491733,-0.0066312845,0.0
1777225867769000,149.67976,-0.19460027,-26.57992,-0.0012616011,0.0051801186,-1.5684034,0.00368316,-0.012893718,0.734918,0.00017221099,-0.0006028627,-0.45397943,-0.0066312845,0.0
1777225867865000,149.6797,-0.19455734,-26.70953,-0.0013119688,0.0026922394,-1.4841244,0.0037067675,-0.02034237,0.7668404,0.00017260769,-0.0009472538,-0.4523887,-0.0066312845,0.0
1777225867969000,149.67961,-0.19449694,-26.895407,-0.0014925821,0.0003778244,-1.4247162,-0.0013212517,-0.010358983,0.67959076,-6.309654e-05,-0.0004946945,-0.45675778,-0.0066312845,0.0
1777225868065000,149.67955,-0.19445938,-27.013704,-0.0017537493,-0.0013189567,-1.3479155,0.001071233,-0.01236739,0.70928127,5.0754454e-05,-0.0005859605,-0.4552732,-0.0066312845,0.0
1777225868169000,149.67946,-0.19440655,-27.183203,-0.0022459128,-0.0026594899,-1.2934666,0.0032826927,-0.0018812753,0.6277109,0.00013760503,-7.885995e-05,-0.45935538,-0.0066312845,0.0
1777225868273000,149.67938,-0.19436184,-27.322603,-0.0027950478,-0.0034713154,-1.2296581,-0.0012876438,-0.0010888148,0.5993718,-0.0,-0.0,-0.46077478,-0.0066312845,0.0
1777225868369000,149.6793,-0.19432165,-27.44518,-0.0033149505,-0.004011924,-1.1732423,-0.00029945478,-0.0021255747,0.5749859,-0.0,-0.0,-0.4619973,-0.0066312845,0.0
1777225868465000,149.67924,-0.19428921,-27.543053,-0.0039403806,-0.004383008,-1.1091955,6.986587e-05,0.0038823392,0.593281,2.864423e-06,0.00015917158,-0.4610848,-0.0066312845,0.0
1777225868569000,149.67915,-0.19424255,-27.683056,-0.005029506,-0.0042917538,-1.063726,2.3043132e-05,0.012687153,0.516187,1.1292358e-06,0.00062173785,-0.46495086,-0.0066312845,0.0
1777225868673000,149.67908,-0.19420418,-27.79808,-0.0063408758,-0.0038193404,-1.0110136,-0.0020247314,0.018131113,0.49082562,-9.784996e-05,0.00087622914,-0.4662219,-0.0066312845,0.0
1777225868769000,149.679,-0.19417046,-27.8993,-0.0074227247,-0.003357319,-0.96486413,-0.0073644826,0.01840415,0.46863583,-0.00034953956,0.000873514,-0.4673332,-0.0066312845,0.0
1777225868865000,149.67894,-0.1941436,-27.980146,-0.008655044,-0.0031277367,-0.91270834,-0.015544012,0.016102506,0.48224926,-0.00074226764,0.0007689372,-0.46665266,-0.0066312845,0.0
1777225868969000,149.67885,-0.19410545,-28.095692,-0.010206067,-0.0031953615,-0.87585723,-0.013594898,0.0117348395,0.42193964,-0.0006495627,0.0005606893,-0.46967128,-0.0066312845,0.0
1777225869065000,149.67879,-0.19408141,-28.169065,-0.011640968,-0.0035161618,-0.8290702,-0.013939456,0.014758108,0.43159032,-0.00066741335,0.0007066099,-0.46918994,-0.0066312845,0.0
1777225869169000,149.6787,-0.19404747,-28.273893,-0.013379967,-0.003835858,-0.79602134,-0.021472724,0.012625912,0.38145253,-0.0010316481,0.0006066068,-0.47169304,-0.0066312845,0.0
1777225869273000,149.67865,-0.1940201,-28.3599,-0.015211645,-0.00395767,-0.7575003,-0.024691086,0.014923647,0.36310533,-0.0011767056,0.0007112178,-0.4726057,-0.0066312845,0.0
1777225869369000,149.67862,-0.19399652,-28.435492,-0.01695931,-0.0039290744,-0.7238002,-0.023440689,0.007536366,0.34214193,-0.001122692,0.00036095432,-0.4736559,-0.0066312845,0.0
1777225869465000,149.67859,-0.1939774,-28.49582,-0.018821022,-0.0040199584,-0.68564945,-0.034275245,0.0048334925,0.3489624,-0.0016502449,0.00023271743,-0.4733154,-0.0066312845,0.0
1777225869569000,149.67854,-0.1939495,-28.58197,-0.020899469,-0.0041283136,-0.65866524,-0.029223029,0.00854244,0.30551952,-0.0014094021,0.00041199473,-0.47548658,-0.0066312845,0.0
1777225869665000,149.67851,-0.19393165,-28.636635,-0.022583527,-0.0040502376,-0.6242642,-0.031127185,0.010185217,0.3156448,-0.0015191596,0.00049708865,-0.47497624,-0.0066312845,0.0
1777225869769000,149.67847,-0.19390611,-28.714708,-0.024171824,-0.004030798,-0.6000054,-0.029310768,0.008854138,0.27433395,-0.0014190334,0.00042865876,-0.47704116,-0.0066312845,0.0
1777225869865000,149.67844,-0.19388992,-28.764263,-0.025447458,-0.004118426,-0.56906784,-0.027528808,0.014564125,0.28359643,-0.001340937,0.00070942316,-0.4765728,-0.0066312845,0.0
1777225869969000,149.67842,-0.19386688,-28.835041,-0.026744531,-0.004114433,-0.5472461,-0.021344276,0.007033621,0.24339089,-0.0010410114,0.00034304653,-0.47858495,-0.0066312845,0.0
1777225870065000,149.67842,-0.19385237,-28.879963,-0.027988477,-0.003961551,-0.51930237,-0.0272951,0.014965974,0.24747598,-0.0013352524,0.00073212234,-0.47838223,-0.0066312845,0.0
1777225870169000,149.67842,-0.19383183,-28.94411,-0.029570062,-0.0034462092,-0.49955368,-0.032530654,0.010069827,0.21414097,-0.0015912357,0.00049256516,-0.48005006,-0.0066312845,0.0
1777225870273000,149.67842,-0.19381525,-28.996723,-0.031208368,-0.0026675884,-0.47633678,-0.029933555,0.016543958,0.21067698,-0.0014583709,0.0008060261,-0.48021194,-0.0066312845,0.0
1777225870369000,149.67842,-0.19380054,-29.042946,-0.032672834,-0.0018112692,-0.45597515,-0.038220614,0.019131342,0.20613253,-0.0018645183,0.00093328534,-0.48043054,-0.0066312845,0.0
1777225870465000,149.67842,-0.19378863,-29.07983,-0.034151748,-0.0010784833,-0.43293124,-0.03611783,0.013779528,0.2104081,-0.0017662644,0.00067385804,-0.4802135,-0.0066312845,0.0
1777225870569000,149.67842,-0.19377159,-29.132488,-0.035543855,-0.00076489005,-0.41660056,-0.03449074,0.015151671,0.18324867,-0.0016951532,0.0007446753,-0.4815679,-0.0066312845,0.0
1777225870665000,149.67842,-0.19376078,-29.165905,-0.036747348,-0.0009937696,-0.3957897,-0.034576256,0.013075011,0.18438952,-0.0016963485,0.0006414741,-0.48151165,-0.0066312845,0.0
1777225870769000,149.67831,-0.19374178,-29.213644,-0.044180267,-0.0011748944,-0.38208857,-0.26155928,0.013724766,0.1533179,-0.012884612,0.0006760926,-0.48307034,-0.0077482956,-0.027925268
1777225870873000,149.67578,-0.1937031,-29.252922,-0.09079978,-0.0012545119,-0.3662554,-0.7370514,0.009954126,0.15195464,-0.036312215,0.0004904086,-0.48313835,-0.01254027,-0.06422812
1777225870969000,149.66785,-0.1936458,-29.28744,-0.17431217,-0.0013377349,-0.3512004,-1.1930014,0.01046958,0.16819121,-0.058675215,0.0005149238,-0.4823181,-0.020314666,-0.09773844
1777225871073000,149.64928,-0.19356075,-29.32289,-0.3096165,-0.0012691824,-0.3342942,-1.6895953,0.0196542,0.1903049,-0.08290829,0.00096442975,-0.48121202,-0.03236721,-0.1340413
1777225871169000,149.61977,-0.19346164,-29.35375,-0.47533235,-0.0008168048,-0.3179276,-2.1502209,0.025722556,0.22275086,-0.10515541,0.001257948,-0.47958964,-0.046843674,-0.16755164
1777225871265000,149.58408,-0.19336452,-29.378067,-0.63872975,-3.6804122e-05,-0.2989557,-2.4722028,0.033337124,0.27136838,-0.120289035,0.0016220718,-0.47715855,-0.061364815,-0.19547692
1777225871369000,149.50832,-0.19319543,-29.412123,-0.9396949,0.001089562,-0.28202593,-3.0915227,0.032383826,0.31763113,-0.14969163,0.0015680258,-0.47483835,-0.08733532,-0.23736484
1777225871473000,149.41846,-0.19302762,-29.439308,-1.2387763,0.0021177477,-0.2623476,-3.5635097,0.02128607,0.36821187,-0.17162561,0.0010251788,-0.4723072,-0.113909006,-0.2736677
1777225871569000,149.31396,-0.19285667,-29.462488,-1.5352999,0.002396079,-0.24389726,-3.6818848,0.0023027342,0.40326858,-0.17666844,0.00011049245,-0.47055396,-0.1417896,-0.307178
1777225871665000,149.2112,-0.19270304,-29.480474,-1.7628183,0.0018787808,-0.2246633,-3.5682635,-0.026314102,0.40721813,-0.17114316,-0.0012620926,-0.47035226,-0.16748086,-0.33510324
1777225871769000,149.03157,-0.1924544,-29.505322,-2.1323016,0.0001622776,-0.20660876,-3.6532235,-0.06754997,0.36704805,-0.1759687,-0.0032537512,-0.4723675,-0.21020652,-0.37699112
1777225871865000,148.89528,-0.19227663,-29.520565,-2.3358607,-0.0029123959,-0.18978521,-3.4899693,-0.1057518,0.32628602,-0.16883232,-0.0051158965,-0.47441062,-0.24148284,-0.40491638
1777225871969000,148.6661,-0.19199145,-29.54161,-2.6896143,-0.007678626,-0.17374256,-3.552569,-0.15806887,0.28121722,-0.17267713,-0.007683138,-0.47666463,-0.29258606,-0.44680426
1777225872073000,148.44275,-0.19172522,-29.558231,-2.9652095,-0.014018101,-0.15832096,-3.480551,-0.20663306,0.23987357,-0.16991006,-0.010087207,-0.4787312,-0.34094143,-0.4831071
1777225872169000,148.21594,-0.1914634,-29.572285,-3.2115252,-0.0213226,-0.1450694,-3.4162028,-0.25680196,0.19995117,-0.16746657,-0.012588756,-0.4807346,-0.38892815,-0.5166174
1777225872265000,148.0106,-0.19123204,-29.58312,-3.3715227,-0.030443544,-0.13301456,-3.2098503,-0.30683604,0.16898891,-0.15785922,-0.015090081,-0.48228732,-0.43137452,-0.5445427
1777225872369000,147.67355,-0.19086137,-29.59789,-3.7116945,-0.041910414,-0.1195088,-3.2854443,-0.36358052,0.14795676,-0.16192926,-0.017919745,-0.48333907,-0.4992329,-0.58643055
1777225872473000,147.35129,-0.19051526,-29.609259,-3.9688456,-0.054748233,-0.10677762,-3.2350626,-0.41158515,0.12792367,-0.15977824,-0.020327998,-0.48434561,-0.56210953,-0.62273335
1777225872569000,147.02908,-0.19017562,-29.618505,-4.203805,-0.0678003,-0.09519533,-3.1150172,-0.46472722,0.1186541,-0.15399638,-0.022974612,-0.48480895,-0.6235006,-0.6562437
1777225872665000,146.74135,-0.18987626,-29.625296,-4.3255863,-0.08204049,-0.08507576,-2.5991485,-0.50654614,0.0954014,-0.1287996,-0.02510166,-0.48596406,-0.6771172,-0.68416893
1777225872769000,146.2802,-0.18939967,-29.633842,-4.618502,-0.09813911,-0.07199576,-2.2656364,-0.5545638,0.053932264,-0.11275212,-0.027598534,-0.48803946,-0.7617309,-0.7260568
1777225872865000,145.95511,-0.18906347,-29.638407,-4.6776257,-0.113702394,-0.0634868,-1.7387539,-0.5896158,0.009354815,-0.08692615,-0.029476877,-0.4902676,-0.8209325,-0.75398207
1777225872969000,145.4455,-0.18853207,-29.643505,-4.891911,-0.1306333,-0.050429557,-1.3831726,-0.62519115,-0.004121676,-0.069243,-0.03129769,-0.490932,-0.9139236,-0.79586995
1777225873065000,145.09448,-0.18816082,-29.645704,-4.8833504,-0.1461006,-0.04186894,-0.85575867,-0.6276733,-0.01639612,-0.042892728,-0.031460527,-0.4915343,-0.9787104,-0.8237952
1777225873169000,144.54797,-0.1875707,-29.647291,-5.016092,-0.16161977,-0.032882523,-0.47049987,-0.6265023,-0.22251503,-0.02407797,-0.03206144,-0.5018591,-1.0800791,-0.8656831
1777225873265000,144.15858,-0.18713883,-29.648043,-4.9625416,-0.17470041,-0.03869312,0.04102698,-0.60862195,-0.20243242,0.0020953594,-0.031083977,-0.5008557,-1.1504506,-0.89360833
1777225873369000,143.55937,-0.18645126,-29.6494,-5.034816,-0.18638203,-0.044600755,0.3609289,-0.5761121,-0.15048769,0.018337676,-0.029270463,-0.4982527,-1.2601969,-0.9354962
1777225873465000,143.15938,-0.18598472,-29.650373,-4.929112,-0.19484937,-0.04715266,0.5060825,-0.53320897,-0.10703047,0.025599863,-0.02697204,-0.49606422,-1.3361536,-0.96342146
1777225873569000,142.55939,-0.18528491,-29.651833,-4.9695697,-0.2006966,-0.049832255,0.34529954,-0.47758025,-0.079017125,0.017416747,-0.024088927,-0.49465308,-1.4542774,-1.0053093
1777225873673000,142.0394,-0.18467845,-29.653097,-4.9332433,-0.2033451,-0.052500434,0.3218247,-0.41221288,-0.068504825,0.016215742,-0.020770123,-0.49412522,-1.5607173,-1.0416121
1777225873769000,141.5594,-0.18411864,-29.654264,-4.8998885,-0.20241779,-0.055071358,0.3055367,-0.35389012,-0.06203675,0.015384982,-0.017819768,-0.4937969,-1.6598983,-1.0170634
1777225873865000,141.15941,-0.18365213,-29.655237,-4.791503,-0.1982991,-0.05720362,0.42672336,-0.29433343,-0.06082069,0.021484256,-0.014818815,-0.49373505,-1.7401465,-0.9891381
1777225873969000,140.55942,-0.18295236,-29.656696,-4.8342366,-0.1904532,-0.059761137,0.27705774,-0.22695577,-0.05633158,0.0139429,-0.011421525,-0.4935044,-1.8563298,-0.94725025
1777225874073000,140.03943,-0.18234588,-29.65796,-4.8032737,-0.1795833,-0.061635856,0.2642736,-0.15251221,-0.055562045,0.013298164,-0.007674366,-0.49346572,-1.9529562,-0.91094744
1777225874169000,139.55943,-0.181786,-29.659128,-4.7776885,-0.16658193,-0.06310814,0.24498421,-0.08338721,-0.05345146,0.012325251,-0.0041952436,-0.49335825,-2.0387988,-0.8774371
1777225874265000,139.15944,-0.18131945,-29.6601,-4.679479,-0.1509241,-0.06408073,0.36229864,-0.017602675,-0.048597414,0.018217944,-0.0008851387,-0.49311313,-2.107877,-0.84951186
1777225874369000,138.55945,-0.18061961,-29.66156,-4.735549,-0.13113683,-0.065051325,0.18514961,0.049196612,-0.043157976,0.009305706,0.002472645,-0.4928373,-2.2073057,-0.807624
1777225874465000,138.15945,-0.18015307,-29.662533,-4.6455297,-0.1111809,-0.06510838,0.2869714,0.10576659,-0.03781855,0.014413023,0.005312085,-0.49256974,-2.270799,-0.7796987
1777225874569000,137.55946,-0.1794533,-29.663992,-4.7109494,-0.087722875,-0.06485827,0.096984304,0.15596916,-0.028614305,0.0048662615,0.007825871,-0.49210462,-2.3618758,-0.7380285
1777225874665000,137.15947,-0.17898679,-29.664965,-4.6298018,-0.0650267,-0.063572556,0.19033998,0.20152615,-0.015539143,0.009538109,0.0100986585,-0.49144414,-2.4198024,-0.7102021
1777225874769000,136.55948,-0.17828701,-29.666424,-4.7050204,-0.03924566,-0.06234588,-0.0011974052,0.23568864,-0.009389527,-5.9959522e-05,0.011802003,-0.49113384,-2.5025158,-0.66839397
1777225874865000,136.15948,-0.17782047,-29.667397,-4.632382,-0.015450148,-0.060632914,0.093776986,0.2645685,-0.0036218278,0.004693266,0.013240885,-0.49084485,-2.5548747,-0.6405373
1777225874969000,135.5595,-0.17712069,-29.668856,-4.7160373,0.010020658,-0.058917955,-0.08167964,0.2873047,0.007087674,-0.0040838355,0.014364718,-0.49030071,-2.6292374,-0.5988266
1777225875065000,135.1595,-0.17665419,-29.669828,-4.6501827,0.032407716,-0.05665567,-0.0019820258,0.29466057,0.013380725,-9.902647e-05,0.014721905,-0.48998326,-2.6760278,-0.5709285
1777225875169000,134.55951,-0.1759544,-29.671288,-4.7407966,0.05522703,-0.05439139,-0.19816738,0.28206474,0.017359491,-0.00989743,0.014087668,-0.48978183,-2.742035,-0.52914554
1777225875273000,134.03952,-0.17534791,-29.672552,-4.7589164,0.07602819,-0.051566385,-0.24382955,0.28662595,0.020014597,-0.012174313,0.014311122,-0.4896479,-2.7951884,-0.49299207
1777225875369000,133.55952,-0.17478813,-29.67372,-4.77821,0.0934946,-0.048827223,-0.28885219,0.280238,0.021990422,-0.014419974,0.01398994,-0.48954952,-2.8409123,-0.45957893
1777225875465000,133.15953,-0.17432162,-29.674692,-4.723387,0.10908414,-0.045893546,-0.18585493,0.27782238,0.02979963,-0.009270328,0.013857606,-0.48915213,-2.876567,-0.43174973
1777225875569000,132.55954,-0.1736218,-29.676151,-4.8240314,0.12405495,-0.04338512,-0.37737024,0.26395127,0.028819742,-0.018825265,0.013167315,-0.48919985,-2.9258714,-0.38995928
1777225875665000,132.15955,-0.1731553,-29.677124,-4.772238,0.13532896,-0.041000754,-0.28752735,0.24986565,0.023822553,-0.014350815,0.012471077,-0.48945484,-2.955956,-0.3621359
1777225875769000,131.55956,-0.17245549,-29.678583,-4.875898,0.14499454,-0.039224744,-0.46617773,0.23026186,0.016806426,-0.023283927,0.011500764,-0.4898117,-2.9969022,-0.32030275
1777225875865000,131.15956,-0.17198895,-29.679556,-4.8265395,0.15144034,-0.03720659,-0.3615946,0.2086393,0.022219878,-0.018050201,0.010414926,-0.48953646,-3.0214145,-0.29249442
1777225875969000,130.55957,-0.17128918,-29.681015,-4.9318953,0.15621337,-0.03536954,-0.53597057,0.17879143,0.023932528,-0.026750036,0.008923396,-0.4894475,-3.0540006,-0.25060654
1777225876065000,130.15958,-0.17082264,-29.681988,-4.8828993,0.15840013,-0.03365656,-0.42630008,0.16014235,0.020616524,-0.021284092,0.007995505,-0.48961598,-3.0729408,-0.22278425
1777225876169000,129.55959,-0.17012288,-29.683447,-4.9873853,0.1588268,-0.03255193,-0.573676,0.15214966,0.01866338,-0.028647164,0.007597767,-0.48971194,-3.097162,-0.18089633
1777225876265000,129.15959,-0.16965637,-29.68442,-4.9364324,0.1577417,-0.03138826,-0.45148468,0.12464604,0.017069612,-0.022549545,0.006225486,-0.48979172,-3.110517,-0.15297104
1777225876369000,128.5596,-0.16895661,-29.685879,-5.038034,0.15525982,-0.030710869,-0.5924779,0.10268518,0.017463487,-0.029589135,0.005128235,-0.48976666,-3.1263604,-0.11108313
1777225876473000,128.03961,-0.16835012,-29.687143,-5.061894,0.15148589,-0.029961035,-0.6008101,0.08951025,0.016757566,-0.030007333,0.00447057,-0.48979825,-3.136025,-0.07478028
1777225876569000,127.56555,-0.16779725,-29.688297,-5.0766,0.14712659,-0.029100593,-0.587449,0.071458995,0.015895419,-0.029342996,0.0035693669,-0.48983917,3.1415904,-0.041269958
1777225876665000,127.1772,-0.1673443,-29.68924,-5.0081797,0.14179982,-0.028028473,-0.43155038,0.05218131,0.013868818,-0.021560302,0.0026069835,-0.48994055,3.139406,-0.013344688
1777225876769000,126.59394,-0.16666403,-29.69065,-5.0864573,0.13505708,-0.027242612,-0.54163635,0.038918216,0.013103176,-0.02706222,0.0019445027,-0.4899753,3.1393552,0.0
1777225876865000,126.20454,-0.16620989,-29.691595,-5.015442,0.12775274,-0.026355594,-0.38643226,0.012246612,0.008127892,-0.019318603,0.00061223516,-0.4902265,3.1394086,0.00057530706
1777225876969000,125.61947,-0.16552752,-29.693014,-5.091886,0.119057514,-0.026126616,-0.48875827,-0.002017239,0.007656387,-0.024433797,-0.00010084496,-0.49024627,3.1394925,0.0
1777225877073000,125.1087,-0.16493182,-29.694258,-5.095691,0.10948701,-0.02547793,-0.46921048,-0.024019234,0.011714637,-0.023445774,-0.0012002068,-0.49003565,3.1395223,0.004111902
1777225877169000,124.64138,-0.16438681,-29.69539,-5.0932994,0.10001603,-0.0249017,-0.4410066,-0.043202728,0.0069351895,-0.022047117,-0.0021598218,-0.4902759,3.1396692,0.00096807326
1777225877265000,124.248985,-0.16392915,-29.696346,-5.018341,0.09008854,-0.024514303,-0.2900319,-0.062056743,0.007886836,-0.014498361,-0.0031021452,-0.49022368,3.1397018,0.0
1777225877369000,123.65907,-0.16324113,-29.697775,-5.092415,0.078967005,-0.024600029,-0.40424758,-0.088764295,-0.002506022,-0.020229861,-0.004442053,-0.4907492,3.1397831,-0.0033206036
1777225877473000,123.14487,-0.16264145,-29.699026,-5.0932484,0.06727513,-0.024447193,-0.40295324,-0.10807367,-0.000970158,-0.020161312,-0.005407345,-0.49066967,3.1398664,0.00015728641
1777225877569000,122.67216,-0.16209011,-29.700174,-5.0910306,0.05632023,-0.024069453,-0.39339298,-0.1188295,0.005540517,-0.019669617,-0.005941465,-0.49033687,3.1400478,0.00075176987
1777225877665000,122.276085,-0.16162816,-29.701134,-5.01521,0.04535398,-0.023258591,-0.25576434,-0.13279475,0.0112593025,-0.012781184,-0.006636086,-0.4900446,3.1400876,0.0
1777225877769000,121.68065,-0.16093366,-29.702581,-5.090654,0.03390516,-0.022508817,-0.3944917,-0.15156484,0.011477866,-0.019712735,-0.0075736893,-0.49003178,3.1401727,0.0052090785
1777225877865000,121.28291,-0.16046976,-29.703545,-5.0156813,0.023552008,-0.021091588,-0.2551854,-0.15238598,0.017239526,-0.012744323,-0.007610373,-0.4897384,3.1402652,0.004979927
1777225877969000,120.68549,-0.15977299,-29.70499,-5.09248,0.013482687,-0.020095907,-0.40436566,-0.14639467,0.01921354,-0.0201897,-0.0073093856,-0.48963475,3.1403475,0.0
1777225878065000,120.28702,-0.15930828,-29.70596,-5.01787,0.0050134044,-0.019172624,-0.26381305,-0.14385162,0.016539058,-0.013175314,-0.0071842168,-0.48976836,3.1404088,-0.0029185389
1777225878169000,119.68951,-0.1586114,-29.707413,-5.093937,-0.0029337741,-0.019099828,-0.38797176,-0.13623126,0.012401597,-0.019385118,-0.0068068327,-0.4899742,3.1405497,0.0022063286
1777225878265000,119.29141,-0.15814711,-29.708382,-5.017747,-0.00926519,-0.018847823,-0.2524409,-0.12589552,0.010003824,-0.012615096,-0.0062913103,-0.49009228,3.140591,-0.0042156475
1777225878369000,118.69463,-0.15745108,-29.70983,-5.0919585,-0.014563125,-0.018830344,-0.37716866,-0.110309124,0.005860411,-0.018858077,-0.0055153514,-0.4902993,3.1406162,0.0
1777225878465000,118.29697,-0.15698732,-29.710794,-5.014253,-0.018198622,-0.018330574,-0.22374476,-0.091737375,0.0053318953,-0.011186572,-0.0045865956,-0.49032545,3.1406162,0.0
1777225878569000,117.700584,-0.15629178,-29.71224,-5.0865297,-0.020342888,-0.018250339,-0.3443624,-0.07483763,0.005313433,-0.017217899,-0.0037418334,-0.49032274,3.1406794,0.0
1777225878665000,117.30299,-0.15582807,-29.713203,-5.007643,-0.021426465,-0.017870715,-0.1961974,-0.060928807,0.0023739887,-0.009812325,-0.0030472027,-0.49047178,3.140711,-0.0050203283
1777225878769000,116.706535,-0.15513246,-29.71465,-5.079405,-0.021589926,-0.018034618,-0.32327208,-0.050470542,-0.0056797573,-0.016181698,-0.0025263524,-0.49088126,3.1406367,-0.0037896105
1777225878865000,116.308846,-0.15466861,-29.715614,-5.000366,-0.021361656,-0.01790097,-0.18643071,-0.046903413,-0.0043692486,-0.009331223,-0.0023476076,-0.49081498,3.1406493,-0.0045702322
1777225878969000,115.70997,-0.15397014,-29.717068,-5.0740414,-0.02022706,-0.0179504,-0.3183911,-0.03936399,0.0023606897,-0.015924606,-0.0019688238,-0.4904707,3.1406372,-0.0038073482
1777225879073000,115.18996,-0.15336365,-29.718332,-5.072599,-0.018526882,-0.01762777,-0.32632354,-0.025665827,0.006420034,-0.016314622,-0.001283169,-0.4902635,3.1406791,0.0
1777225879169000,114.709946,-0.15280384,-29.7195,-5.0713744,-0.01633229,-0.01726892,-0.3301263,-0.02510171,0.011723008,-0.016493926,-0.0012541437,-0.48999107,3.140558,0.0009072777
1777225879265000,114.30994,-0.15233734,-29.720472,-4.9945173,-0.014048242,-0.016776599,-0.20648533,-0.021768432,0.007993013,-0.010322312,-0.0010882156,-0.49017942,3.1406791,0.0
1777225879369000,113.70992,-0.15163758,-29.721931,-5.070338,-0.011186172,-0.016587427,-0.36282557,-0.02086007,0.008023631,-0.018135605,-0.0010426773,-0.49017516,3.1406693,0.0026222877
1777225879465000,113.30991,-0.15117107,-29.722898,-4.9947925,-0.008652822,-0.016150499,-0.23698522,-0.01347034,0.0150208445,-0.011837382,-0.0006728418,-0.48981524,3.1405568,0.0
1777225879569000,112.7099,-0.15047133,-29.72435,-5.0720553,-0.0055773784,-0.016564468,-0.39644155,-0.021385022,0.0050335983,-0.019820742,-0.0010691792,-0.4903182,3.1405008,0.0
1777225879665000,112.30989,-0.1500048,-29.725317,-4.998083,-0.0030503706,-0.016860127,-0.28082007,-0.028094873,-0.0002963622,-0.014047071,-0.0014053506,-0.49058732,3.1404855,0.0032759802
1777225879769000,111.71016,-0.14930536,-29.726767,-5.0770493,-0.00053155934,-0.017394176,-0.4367877,-0.032191876,0.00019549322,-0.021849625,-0.0016103487,-0.4905593,3.140461,-0.0030309556
1777225879873000,111.19067,-0.14869949,-29.728018,-5.0802746,0.0015939525,-0.017424844,-0.4349366,-0.028495485,0.004367218,-0.021748096,-0.001424857,-0.4903453,3.1404476,-0.00021908851
1777225879969000,110.711525,-0.14814068,-29.729172,-5.0828333,0.003732063,-0.017175296,-0.44108257,-0.019826503,0.0023680564,-0.02205943,-0.0009915633,-0.4904465,3.1404476,0.0
1777225880065000,110.31226,-0.14767501,-29.730133,-5.0094986,0.0060580955,-0.016610932,-0.3131372,-0.020729952,0.006359992,-0.015655065,-0.0010363787,-0.49024424,3.1403966,0.0
1777225880169000,109.71369,-0.14697689,-29.731575,-5.0876894,0.008644091,-0.016344098,-0.44605187,-0.015764814,0.005596658,-0.02229991,-0.0007881458,-0.49028078,3.1403577,-0.0026136125
1777225880265000,109.314865,-0.14651172,-29.732536,-5.0136085,0.010938937,-0.015840724,-0.3137288,-0.0036075711,0.0095229745,-0.015679384,-0.00018029741,-0.4900801,3.1403475,0.0
1777225880369000,108.716934,-0.14581433,-29.733982,-5.090835,0.013836747,-0.015760744,-0.45189825,-0.0058347182,0.010766646,-0.02258058,-0.00029155088,-0.49001247,3.140386,0.002696033
1777225880465000,108.31853,-0.14534967,-29.734945,-5.016399,0.016337056,-0.015381215,-0.31939867,-0.0066265156,0.012432145,-0.015956476,-0.00033104658,-0.48992506,3.1403008,0.0
1777225880569000,107.72123,-0.14465304,-29.73639,-5.0932775,0.019148685,-0.015482277,-0.45210642,-0.0079690665,0.0010106335,-0.022612384,-0.0003985778,-0.49050325,3.1403008,0.0
1777225880665000,107.323235,-0.14418887,-29.737352,-5.018537,0.021476995,-0.015285806,-0.31256086,-0.008291247,-0.00014458271,-0.015635325,-0.00041475552,-0.49056193,3.1403008,0.0
1777225880769000,106.72652,-0.14349294,-29.73879,-5.094582,0.024065046,-0.015686609,-0.438298,0.0020138281,-0.0027250582,-0.021931058,0.00010076564,-0.49069333,3.1402116,0.0
1777225880865000,106.32884,-0.14302914,-29.73975,-5.018957,0.026012756,-0.015425429,-0.29501042,0.0029378245,0.0031178137,-0.014752404,0.00014690998,-0.49039596,3.1402555,0.0
1777225880969000,105.73248,-0.14233361,-29.741186,-5.093821,0.028193647,-0.015336001,-0.42587036,0.003411547,0.0028913955,-0.021296998,0.0001706052,-0.49040574,3.1401942,0.004180982
1777225881073000,105.21498,-0.14173006,-29.742434,-5.093372,0.030134466,-0.015179904,-0.42331377,0.0070336456,-0.0062633418,-0.021188337,0.00035205865,-0.49087316,3.1401691,0.0
1777225881169000,104.738815,-0.14117473,-29.74358,-5.091226,0.031627484,-0.015044661,-0.42291105,0.0038969219,-0.002955693,-0.021161394,0.00019499208,-0.49070594,3.1401691,0.0
1777225881265000,104.3414,-0.14071125,-29.744537,-5.0140433,0.032808684,-0.014659565,-0.28458327,0.0038438104,0.0043711998,-0.014230107,0.00019220325,-0.4903337,3.1401634,0.0019818456
1777225881369000,103.74528,-0.14001602,-29.745974,-5.08716,0.034147516,-0.014631242,-0.40646327,0.0103856735,0.0016755397,-0.02032903,0.0005194335,-0.49046966,3.1401427,-0.0031974476
1777225881465000,103.34788,-0.13955252,-29.746931,-5.008955,0.03518977,-0.01418511,-0.26282763,0.011174682,0.0044581695,-0.013140062,0.00055867794,-0.49032804,3.1401336,-0.0020038101
1777225881569000,102.7518,-0.13885732,-29.748367,-5.0813766,0.036437877,-0.013912648,-0.40739024,0.004689581,0.0038184754,-0.020370008,0.00023448479,-0.4903599,3.1400928,-0.0019155651
1777225881673000,102.234436,-0.1382539,-29.749613,-5.0789337,0.037327018,-0.013388338,-0.3978483,0.0021790708,0.003222818,-0.019894816,0.00010896669,-0.49038976,3.1400876,0.0
1777225881769000,101.75844,-0.13769874,-29.750761,-5.074846,0.03776583,-0.013133015,-0.3984965,0.002009864,0.0030903416,-0.019928342,0.00010051093,-0.49039677,3.1400876,0.0
1777225881865000,101.35843,-0.13723224,-29.751726,-4.9986053,0.03802921,-0.01275552,-0.26014844,-0.00049072364,0.008348005,-0.013002928,-2.4527704e-05,-0.49012795,3.1400926,0.0049436726
1777225881969000,100.758415,-0.1365325,-29.753178,-5.074469,0.038200356,-0.012864344,-0.4055735,-0.010489213,0.009665987,-0.020267239,-0.00052416493,-0.4900572,3.1400928,-0.0019155651
1777225882073000,100.2384,-0.13592601,-29.754433,-5.074672,0.038168054,-0.012715633,-0.40136924,-0.0043752575,0.008490419,-0.02005953,-0.0002186655,-0.49011406,3.1400876,0.0
1777225882169000,99.75839,-0.13536617,-29.755594,-5.0746284,0.0382901,-0.012656497,-0.39890146,-0.004597621,0.01147019,-0.019929627,-0.000229703,-0.48995858,3.140053,-0.001803776
1777225882265000,99.35838,-0.13489966,-29.756561,-4.998431,0.038409576,-0.01228079,-0.26118,-0.00074036303,0.013016373,-0.013046846,-3.6983696e-05,-0.48987785,3.1400876,0.0
1777225882369000,98.75837,-0.13419987,-29.758013,-5.073911,0.038639136,-0.012084443,-0.3927448,0.0034156926,0.012285797,-0.019620776,0.00017064145,-0.4899106,3.1400876,0.0
1777225882465000,98.35836,-0.13373333,-29.75898,-4.9970975,0.038510256,-0.011525631,-0.25775877,-0.0023426265,0.0107803065,-0.012879082,-0.00011705083,-0.48998585,3.140053,-0.001803776
1777225882569000,97.75835,-0.13303356,-29.76043,-5.0719323,0.038067568,-0.011388318,-0.37957,0.000847583,0.009508975,-0.018968241,4.235624e-05,-0.4900475,3.1401227,0.0019155651
1777225882665000,97.35834,-0.13256705,-29.761396,-4.9946914,0.037198428,-0.010829506,-0.24886708,-0.0025720594,0.014547449,-0.012429176,-0.00012845644,-0.48978868,3.1401198,-0.002385512
1777225882769000,96.75832,-0.13186729,-29.762848,-5.069642,0.036306497,-0.010450058,-0.3917274,0.0007353141,0.014403494,-0.01956479,3.6725203e-05,-0.4897921,3.1400485,0.0
1777225882865000,96.358315,-0.13140076,-29.763815,-4.9926906,0.035272297,-0.00958607,-0.24355516,-0.005658363,0.013310062,-0.012163796,-0.00028259377,-0.48984596,3.1400928,-0.0019155651
1777225882969000,95.7583,-0.13070099,-29.765265,-5.0675545,0.03420136,-0.009326687,-0.38107544,-0.007724578,0.012355339,-0.019036816,-0.00038588519,-0.48989177,3.1400874,0.0
1777225883065000,95.35829,-0.13023447,-29.766232,-4.9901686,0.03309233,-0.008767879,-0.23937084,-0.0066922205,0.009010091,-0.011961175,-0.00033440508,-0.49006066,3.1400876,0.0
1777225883169000,94.75828,-0.12953466,-29.767687,-5.0645614,0.031790383,-0.008636187,-0.3856347,-0.01794563,0.009814026,-0.019269459,-0.0008967103,-0.49001688,3.140128,0.0
1777225883265000,94.35827,-0.12906812,-29.768658,-4.987581,0.029893266,-0.008203062,-0.26103336,-0.03305119,0.011346629,-0.013040611,-0.0016511596,-0.4899375,3.1401691,0.0
1777225883369000,93.758255,-0.12836833,-29.770107,-5.0629086,0.02738693,-0.008309889,-0.3897292,-0.038061824,0.011327682,-0.019469794,-0.0019014635,-0.4899338,3.1402051,0.0021126948
1777225883465000,93.358246,-0.1279018,-29.771074,-4.9860444,0.02463653,-0.008239361,-0.24789938,-0.038809374,0.011688158,-0.012383074,-0.0019386066,-0.48991153,3.1402118,0.0
1777225883569000,92.75823,-0.12720194,-29.772526,-5.061104,0.021900747,-0.008653374,-0.3849499,-0.037124414,0.012567049,-0.019229105,-0.0018544472,-0.4898604,3.1402555,0.0
1777225883665000,92.35822,-0.1267354,-29.773493,-4.9840875,0.019244127,-0.008888023,-0.24072471,-0.04633667,0.0048095104,-0.012033706,-0.0023163466,-0.49025118,3.1402926,0.0023679384
1777225883769000,91.75821,-0.12603557,-29.774942,-5.058864,0.0164028,-0.009422097,-0.3754299,-0.038066704,0.0030413643,-0.018771673,-0.0019033533,-0.49033692,3.1403008,0.0
1777225883873000,91.2382,-0.12542911,-29.776203,-5.057422,0.013647286,-0.009645224,-0.36422178,-0.034268517,0.0044956757,-0.01820957,-0.0017132828,-0.49026036,3.1403477,0.0
1777225883969000,90.75819,-0.12486925,-29.777369,-5.0559216,0.011228173,-0.009772801,-0.36443678,-0.041668255,0.0073396047,-0.018213607,-0.0020824717,-0.4901123,3.140348,0.0
1777225884073000,90.238174,-0.12426274,-29.778627,-5.054588,0.008873616,-0.009933087,-0.35178366,-0.03814577,0.01437851,-0.017568463,-0.0019050416,-0.48974827,3.140426,-0.002792526
1777225884169000,89.75816,-0.12370289,-29.779793,-5.053283,0.0070852633,-0.010243764,-0.35115442,-0.032314952,0.0019808947,-0.017558884,-0.0016158544,-0.49037468,3.140436,0.0028552993
1777225884265000,89.358154,-0.12323636,-29.780764,-4.976013,0.005727077,-0.01078719,-0.208595,-0.030371785,0.0052621868,-0.010426325,-0.0015180906,-0.49020365,3.1404083,-0.0028749967
1777225884369000,88.75814,-0.12253653,-29.782215,-5.0508842,0.0049579125,-0.011567204,-0.34286988,-0.027670255,0.0030012513,-0.017143132,-0.0013834836,-0.49031264,3.1403966,0.0
1777225884465000,88.35813,-0.122069985,-29.783182,-4.973933,0.0045045214,-0.011862887,-0.21213156,-0.020610893,-0.0039403224,-0.010613994,-0.0010312651,-0.4906646,3.1403966,0.0
1777225884569000,87.75812,-0.121370174,-29.784636,-5.0491447,0.0042637694,-0.012583661,-0.35436568,-0.020983303,-0.0036480343,-0.017729621,-0.0010498364,-0.49064824,3.1403966,0.0
1777225884665000,87.35811,-0.12090363,-29.785603,-4.972824,0.003802911,-0.01257417,-0.22228454,-0.031057639,0.005093528,-0.011110885,-0.0015524151,-0.49020237,3.140488,0.0029686396
1777225884769000,86.758095,-0.12020383,-29.787058,-5.0489345,0.0032948006,-0.012991782,-0.35718006,-0.01933847,-0.00035433844,-0.017863736,-0.00096717983,-0.4904767,3.140461,-0.0030309556
1777225884865000,86.358086,-0.119737305,-29.788025,-4.973136,0.0028600667,-0.013165395,-0.21895927,-0.025331883,0.005647265,-0.010945244,-0.0012662795,-0.49016923,3.140461,-0.0030309556
1777225884969000,85.75807,-0.1190375,-29.789478,-5.0491447,0.002848928,-0.013519953,-0.35525262,-0.014012654,0.0031978795,-0.017761368,-0.00070058287,-0.49028972,3.1404555,0.0023312797
1777225885065000,85.35806,-0.11857096,-29.79045,-4.9730706,0.0028703893,-0.013392206,-0.22097026,-0.008714575,0.0024567973,-0.011048272,-0.0004357193,-0.49032652,3.1404476,0.0
1777225885169000,84.75805,-0.11787116,-29.7919,-5.0487823,0.003352257,-0.013378752,-0.35300705,-0.008111701,0.011757799,-0.017633935,-0.0004052078,-0.48984978,3.1405008,0.0
1777225885265000,84.35804,-0.11740463,-29.792871,-4.972505,0.003737686,-0.012884568,-0.2241245,-0.006162485,0.009675363,-0.011196105,-0.00030784597,-0.48995334,3.1404538,0.002061434
1777225885369000,83.758026,-0.116704814,-29.794325,-5.0484056,0.004343958,-0.012872907,-0.37667406,-0.011419651,0.007825968,-0.0188236,-0.00057067623,-0.49004295,3.1404476,0.0
1777225885465000,83.35802,-0.11623828,-29.795296,-4.972389,0.004674149,-0.012623088,-0.241369,-0.015389148,0.009949224,-0.012059705,-0.0007688999,-0.48993206,3.1405008,0.0
1777225885569000,82.758,-0.1155385,-29.796747,-5.048304,0.0051073213,-0.013097912,-0.38835058,-0.021149978,0.003413485,-0.019414902,-0.0010573557,-0.4902595,3.1404607,-0.003011615
1777225885665000,82.357994,-0.115071945,-29.797714,-4.972078,0.0050811474,-0.013332561,-0.24983862,-0.020687439,0.0069760266,-0.012486208,-0.0010338981,-0.49007505,3.1405008,0.0
1777225885769000,81.75798,-0.11437216,-29.799164,-5.0480433,0.005219412,-0.013805589,-0.3841591,-0.018178545,0.0071327663,-0.019197527,-0.00090843375,-0.49006054,3.1404705,0.0040180045
1777225885865000,81.35797,-0.11390562,-29.80013,-4.972208,0.005403605,-0.014162308,-0.2400903,-0.012105102,0.005742446,-0.011998837,-0.00060496887,-0.4901269,3.1404476,0.0
1777225885969000,80.75796,-0.11320583,-29.801586,-5.048601,0.006191274,-0.015129225,-0.37494478,-0.009586789,0.00392639,-0.018742466,-0.0004792174,-0.49021143,3.1404476,0.0
1777225886073000,80.237946,-0.11259934,-29.802849,-5.0489926,0.0072046407,-0.016147582,-0.37100136,-0.00022859918,-0.0053394684,-0.018563762,-1.14383965e-05,-0.4906774,3.1404476,0.0
1777225886169000,79.757935,-0.112039484,-29.80401,-5.0491014,0.008414273,-0.017125795,-0.3655977,-0.0041306596,-0.007952532,-0.018297419,-0.0002067311,-0.49080682,3.1403697,-0.002792528
1777225886265000,79.357925,-0.11157294,-29.804977,-4.973078,0.009628577,-0.017726652,-0.21802662,0.010407275,-0.008220812,-0.010911782,0.0005208626,-0.49081853,3.140348,0.0
1777225886369000,78.75791,-0.11087314,-29.806433,-5.0486445,0.011452436,-0.018815633,-0.34725735,0.023100927,-0.0105130235,-0.017384913,0.0011565129,-0.4909323,3.1403475,0.0
1777225886465000,78.3579,-0.11040659,-29.8074,-4.9719253,0.012943329,-0.019355457,-0.20377956,0.029664617,-0.007344843,-0.010198456,0.0014846106,-0.4907696,3.140339,0.0025131158
1777225886569000,77.75789,-0.109706774,-29.808853,-5.047094,0.01452044,-0.020259544,-0.32952598,0.030363765,-0.004059585,-0.016485255,0.0015190134,-0.4905982,3.1403477,0.0
1777225886665000,77.35788,-0.10924024,-29.80982,-4.9703526,0.01544722,-0.020799123,-0.19795702,0.03345192,-0.0043739956,-0.009905389,0.0016738697,-0.49061158,3.1402555,0.0
1777225886769000,76.757866,-0.10854045,-29.811275,-5.0456367,0.016585592,-0.021643957,-0.32690462,0.03187382,-0.007720379,-0.016359823,0.0015951134,-0.4907784,3.140282,-0.003648255
1777225886865000,76.35786,-0.10807391,-29.812246,-4.968787,0.01732001,-0.022065274,-0.18457234,0.03823562,-0.0071035107,-0.0092360955,0.0019133302,-0.49074608,3.1402187,-0.0022413572
1777225886969000,75.75784,-0.1073741,-29.813704,-5.0441146,0.01836053,-0.022728782,-0.3326833,0.03791482,-0.007400264,-0.016647838,0.0018972993,-0.4907587,3.1402483,0.0022413572
1777225887073000,75.23783,-0.106767595,-29.81496,-5.043803,0.019125234,-0.023253243,-0.3279724,0.03706991,-0.003732527,-0.016407086,0.0018544523,-0.4905701,3.1402116,0.0
1777225887169000,74.75782,-0.10620775,-29.816126,-5.043455,0.019359939,-0.023685928,-0.33305943,0.028163714,-0.0063412352,-0.01666581,0.0014092714,-0.4907009,3.1402338,-0.0038910017
1777225887265000,74.35781,-0.105741195,-29.817093,-4.9671636,0.018999191,-0.023981608,-0.19325766,0.024657723,-0.011816894,-0.00967587,0.001234543,-0.49097928,3.1402555,0.0
1777225887369000,73.7578,-0.105041385,-29.818542,-5.042854,0.01799115,-0.02463773,-0.33490345,0.016939582,-0.006053315,-0.016756494,0.0008475517,-0.49068382,3.1402116,0.0
1777225887473000,73.237785,-0.10443488,-29.819803,-5.042404,0.01647017,-0.025104968,-0.33165935,0.012067925,-0.0076387916,-0.016598236,0.00060395186,-0.49076343,3.1403008,0.0
1777225887569000,72.757774,-0.10387503,-29.820969,-5.0416503,0.0150202885,-0.025537647,-0.3205816,0.015308969,-0.010114955,-0.0160466,0.0007662852,-0.49088824,3.1403008,0.0
1777225887665000,72.357765,-0.10340851,-29.821936,-4.9646993,0.01357556,-0.025589183,-0.18869993,0.008408916,-0.003666416,-0.009439012,0.00042062474,-0.4905597,3.1402926,0.0023679384
1777225887769000,71.75775,-0.102708705,-29.82339,-5.0400996,0.01221642,-0.026126783,-0.33557108,-0.00054602046,-0.010644072,-0.016798554,-2.7333566e-05,-0.49091214,3.1403332,0.004782424
1777225887865000,71.35774,-0.102242164,-29.82436,-4.964054,0.010724241,-0.02636524,-0.21010834,-0.008361493,-0.0027330543,-0.010507232,-0.00041814687,-0.4905081,3.1403477,0.0
1777225887969000,70.75773,-0.10154237,-29.825815,-5.040433,0.009084131,-0.026843574,-0.36233827,-0.019927023,-0.0099776145,-0.018137151,-0.000997464,-0.49087465,3.1403477,0.0
1777225888065000,70.35772,-0.10107582,-29.826786,-4.9653516,0.0070058666,-0.026776582,-0.23417726,-0.027367674,-0.004907012,-0.011714876,-0.0013690864,-0.490617,3.1403608,0.0030253702
1777225888169000,69.757706,-0.10037602,-29.82824,-5.0427012,0.0046020215,-0.026886921,-0.38488907,-0.044743627,-0.004413629,-0.019254602,-0.0022383616,-0.49059132,3.1404476,0.0
1777225888273000,69.23769,-0.09976953,-29.829496,-5.044354,0.0018537301,-0.026984394,-0.39736262,-0.048466574,-0.010737264,-0.019892259,-0.0024262716,-0.49091494,3.1405568,0.0
1777225888369000,68.75768,-0.09920969,-29.830658,-5.04605,-0.0005133678,-0.027169365,-0.39790645,-0.05246037,-0.010304199,-0.019917425,-0.0026259325,-0.49089417,3.1405005,0.0
1777225888473000,68.23767,-0.098603204,-29.83192,-5.0480795,-0.003402513,-0.027211111,-0.40579242,-0.05793412,-0.008438904,-0.020309012,-0.0028994747,-0.49080044,3.1405566,0.0004672124
1777225888569000,67.75766,-0.09804336,-29.833082,-5.0503263,-0.0061914753,-0.027151657,-0.4150941,-0.05354061,-0.0026724995,-0.020762369,-0.002678019,-0.49050713,3.1406794,-0.00011339737
1777225888665000,67.35765,-0.09757683,-29.834053,-4.976738,-0.008973389,-0.02677976,-0.28370976,-0.057955984,-0.002043373,-0.014190454,-0.0028988135,-0.49047646,3.1406162,0.0
1777225888769000,66.75764,-0.096877016,-29.835505,-5.055494,-0.011558357,-0.02670521,-0.42408764,-0.056517176,-0.0017127004,-0.02120945,-0.0028265342,-0.49045864,3.14062,0.0009970842
1777225888865000,66.35763,-0.09641049,-29.836472,-4.981754,-0.013925381,-0.026512599,-0.27679697,-0.053024456,-0.0039829225,-0.013847729,-0.0026527327,-0.4905746,3.1406991,-0.0009607831
1777225888969000,65.757614,-0.09571068,-29.837925,-5.059756,-0.015885178,-0.02680602,-0.40833753,-0.047925223,-0.0032172464,-0.020425225,-0.002397241,-0.49053377,3.1408002,-0.0037712313
1777225889065000,65.357605,-0.09524414,-29.838892,-4.984979,-0.017489035,-0.02661341,-0.26933053,-0.051021066,-0.002477263,-0.01347046,-0.0025517987,-0.4904961,3.140747,0.0
1777225889169000,64.75759,-0.094544314,-29.840343,-5.0617347,-0.01867596,-0.026905354,-0.4006456,-0.044075124,-0.0077628056,-0.020050718,-0.0022057844,-0.49076384,3.1407785,0.00472798
1777225889273000,64.23758,-0.0939378,-29.841602,-5.061923,-0.019436505,-0.027004298,-0.4033002,-0.045689892,-0.0051170113,-0.020177804,-0.002285944,-0.49062887,3.140902,0.0
1777225889369000,63.757572,-0.09337793,-29.842768,-5.0617166,-0.019767318,-0.026948936,-0.39413673,-0.036277514,-0.007964872,-0.019725164,-0.0018155628,-0.4907745,3.140891,0.002778276
1777225889465000,63.35757,-0.092911385,-29.843735,-4.9850187,-0.019708527,-0.026633954,-0.23972633,-0.024537478,-0.0065388065,-0.011995382,-0.0012278018,-0.49070436,3.1408865,-0.0033109135
1777225889569000,62.75757,-0.092211574,-29.845186,-5.059531,-0.018644944,-0.026315544,-0.3728326,-0.015840184,-0.0017112456,-0.018646047,-0.0007921968,-0.49045998,3.1407905,0.004573563
1777225889665000,62.357567,-0.091745034,-29.846151,-4.98158,-0.017456092,-0.025510674,-0.21528257,-0.006528262,0.0012141047,-0.010763843,-0.00032640444,-0.49031368,3.1408205,0.0
1777225889769000,61.757565,-0.09104522,-29.847599,-5.054704,-0.015854577,-0.025127575,-0.334276,0.002616949,-0.0008559525,-0.016716896,0.00013087167,-0.4904193,3.1408205,0.0
1777225889865000,61.357563,-0.09057868,-29.848564,-4.975571,-0.014465572,-0.024567,-0.18565926,0.0026951223,-0.0010484979,-0.009284088,0.00013477245,-0.4904301,3.1407905,0.004573563
1777225889969000,60.75756,-0.08987887,-29.850012,-5.048094,-0.012535769,-0.02442805,-0.32361752,0.009895725,0.0027576736,-0.016177537,0.0004946842,-0.49023557,3.1407223,0.0041382285
1777225890065000,60.35756,-0.08941234,-29.850977,-4.9691205,-0.010924937,-0.023745414,-0.17914875,0.0072814394,-0.0005683142,-0.008959753,0.00036416607,-0.49040622,3.1407132,0.004836349
1777225890169000,59.757557,-0.08871252,-29.852425,-5.042234,-0.009172872,-0.023362331,-0.33614957,0.0009976705,0.0059576854,-0.016798044,4.985552e-05,-0.4900748,3.1407468,-0.0001711119
1777225890265000,59.357555,-0.08824597,-29.85339,-4.963652,-0.008261954,-0.022496596,-0.19366191,-0.0006354004,0.008365163,-0.0096763335,-3.1747833e-05,-0.48995292,3.1406276,-0.0028246527
1777225890369000,58.757553,-0.08754618,-29.854837,-5.036461,-0.0072406908,-0.021991452,-0.33659378,-0.0005406211,0.011096582,-0.016811244,-2.7001432e-05,-0.4898116,3.1406462,0.00458797
1777225890473000,58.237553,-0.08693966,-29.85609,-5.0334096,-0.006155207,-0.02147496,-0.33788204,-0.0061759385,0.0049196538,-0.01688724,-0.00030867153,-0.4901239,3.1406174,-0.0008892915
1777225890569000,57.75755,-0.08637981,-29.85725,-5.031025,-0.0048109223,-0.021291979,-0.34623235,-0.005030358,0.00022915052,-0.017311933,-0.00025152252,-0.49036202,3.1406586,0.0037896105
1777225890665000,57.357548,-0.08591327,-29.858215,-4.9532003,-0.0036495836,-0.020975571,-0.1997069,-0.008699742,-0.0014672992,-0.009987209,-0.00043506833,-0.49044928,3.1406791,0.0
1777225890769000,56.757545,-0.08521344,-29.859663,-5.027151,-0.002488316,-0.020958733,-0.34254748,-0.0070318067,-0.0032680589,-0.017134648,-0.00035173967,-0.49054074,3.1406345,-0.005585054
1777225890865000,56.357544,-0.0847469,-29.860628,-4.9494715,-0.0018558996,-0.020459227,-0.21050806,-0.00892899,0.0004732113,-0.010525912,-0.00044647112,-0.49035236,3.140511,0.002696347
1777225890969000,55.75754,-0.08404709,-29.862076,-5.0240707,-0.0012789322,-0.020015158,-0.35192075,-0.002277852,0.0055456134,-0.017586779,-0.00011383266,-0.49009445,3.1405985,0.00351939
1777225891073000,55.23754,-0.08344057,-29.863329,-5.0232697,-0.0009924127,-0.019315595,-0.3515044,-0.0055030817,0.004803311,-0.017567595,-0.00027503472,-0.49013266,3.1405385,0.002792526
1777225891169000,54.757538,-0.08288071,-29.864489,-5.022614,-0.00083329156,-0.018827457,-0.33835658,-0.0023367328,-0.0030660764,-0.016924152,-0.0001168803,-0.4905333,3.1405158,-0.0032409006
1777225891273000,54.237537,-0.082274206,-29.865742,-5.021552,-0.0005191318,-0.018372051,-0.3344218,-0.0046614897,-0.0042789388,-0.01673041,-0.0002332044,-0.4905964,3.1405568,0.0
1777225891369000,53.757534,-0.081714354,-29.866901,-5.020153,-0.00015973626,-0.017761854,-0.32371366,-0.0037365719,0.00013694802,-0.016187696,-0.00018685183,-0.4903738,3.1405568,0.0
1777225891465000,53.357533,-0.08124782,-29.867867,-4.942691,0.00017012283,-0.016957197,-0.190271,-0.0032918693,0.0017566364,-0.00951291,-0.0001645824,-0.4902933,3.1405034,0.0013716179
1777225891569000,52.75753,-0.08054799,-29.869314,-5.017265,0.00086829485,-0.016513163,-0.3207154,0.0042976523,0.0023108188,-0.01603323,0.0002148486,-0.49026564,3.140521,-0.0037348121
1777225891673000,52.23753,-0.07994149,-29.870567,-5.015732,0.0019808435,-0.015996752,-0.32544816,0.0055756783,0.0012088073,-0.016272245,0.0002787811,-0.49032256,3.140501,0.0
1777225891769000,51.757526,-0.07938163,-29.87173,-5.0144706,0.0034721608,-0.01569556,-0.31603163,0.007008312,-0.0022919534,-0.015807629,0.0003505497,-0.49050137,3.140461,-0.0030502523
1777225891865000,51.357525,-0.07891509,-29.872702,-4.9371715,0.0050139436,-0.015262304,-0.1776864,0.0096574435,0.0057590026,-0.008880917,0.0004826872,-0.4900922,3.1404607,-0.003011615
1777225891969000,50.757523,-0.07821531,-29.874155,-5.0119085,0.006918969,-0.015372582,-0.31950352,0.014085624,0.0031857467,-0.015971096,0.0007041014,-0.49022096,3.1404061,0.0026003022
1777225892073000,50.237522,-0.077608824,-29.875418,-5.011068,0.008804756,-0.015353253,-0.32506472,0.0069357315,0.002707785,-0.016249767,0.00034671256,-0.4902431,3.140348,0.0
1777225892169000,49.75752,-0.07704898,-29.87658,-5.0107307,0.010452947,-0.015354948,-0.33519897,0.0030795382,0.002492895,-0.016757324,0.00015395279,-0.49025255,3.1403477,0.0
1777225892265000,49.357517,-0.07658243,-29.877548,-4.935001,0.011651855,-0.01498099,-0.21742244,-0.0029440979,0.008431657,-0.010860457,-0.00014706048,-0.48994973,3.14031,-0.0025336435
1777225892369000,48.757515,-0.07588262,-29.879002,-5.012097,0.012781428,-0.014725228,-0.36208627,-0.010339094,0.0087925065,-0.018088182,-0.00051649404,-0.48992965,3.1402555,0.0
1777225892465000,48.357513,-0.07541608,-29.87997,-4.937454,0.013266835,-0.01404609,-0.23173338,-0.0011503509,0.0083693145,-0.011578585,-5.747741e-05,-0.4899511,3.1403008,0.0
1777225892569000,47.75751,-0.07471628,-29.881424,-5.01504,0.01372378,-0.014095496,-0.36854473,-0.003232538,0.007074562,-0.018415326,-0.00016152242,-0.49001423,3.1402116,0.0
1777225892665000,47.35751,-0.07424973,-29.882393,-4.9407086,0.013729876,-0.013904634,-0.23110378,-0.009891998,0.0005822056,-0.011553878,-0.00049454375,-0.4903434,3.140185,-0.002600036
1777225892769000,46.757507,-0.07354993,-29.883846,-5.01866,0.013589179,-0.014381278,-0.3693707,-0.001130528,0.000469869,-0.018468913,-5.6527562e-05,-0.49034643,3.1402187,-0.0022413572
1777225892865000,46.357506,-0.07308337,-29.884813,-4.9444814,0.013307085,-0.014554717,-0.23006217,-0.010286634,-0.008017751,-0.011513448,-0.00051479397,-0.4907783,3.1402483,0.0022413572
1777225892969000,45.757504,-0.07238355,-29.886265,-5.022632,0.013177987,-0.015151928,-0.3821561,-0.0059092906,-0.009010484,-0.019127615,-0.00029577085,-0.49082914,3.1402118,0.00044128252
1777225893065000,45.357502,-0.07191702,-29.887232,-4.9486923,0.0131846545,-0.015142467,-0.23951124,-0.008282528,-0.007723404,-0.011986685,-0.00041451107,-0.4907656,3.1402557,0.0
1777225893169000,44.7575,-0.07121721,-29.888681,-5.0267706,0.013531808,-0.015066183,-0.3783877,-0.0069303997,-0.0022756676,-0.018925382,-0.00034662985,-0.49049002,3.1402116,0.0
1777225893265000,44.3575,-0.070750676,-29.889648,-4.952595,0.013735266,-0.014324302,-0.2420932,-0.0028168303,0.0029333653,-0.012102509,-0.00014081647,-0.49022737,3.1402187,-0.0022413572
1777225893369000,43.757496,-0.07005087,-29.8911,-5.0305104,0.014350087,-0.013822896,-0.38048846,-0.008192086,0.0021973997,-0.019021414,-0.0004095395,-0.49026492,3.1402116,0.0
1777225893473000,43.237495,-0.06944436,-29.892357,-5.0322065,0.015137155,-0.0134318005,-0.3792141,-0.0045950995,-0.0052371207,-0.018972583,-0.00022989888,-0.49064457,3.1401691,0.0
1777225893569000,42.757492,-0.06888448,-29.893517,-5.0337286,0.015936803,-0.0133709535,-0.3905553,-0.0007246415,0.0032204902,-0.019522907,-3.6223064e-05,-0.49021423,3.1401935,0.0035473406
1777225893673000,42.23749,-0.06827799,-29.894775,-5.0351963,0.0167523,-0.013226129,-0.37335163,0.004215847,0.0048929895,-0.018660594,0.00021071344,-0.49012828,3.1402116,0.0
1777225893769000,41.75749,-0.06771814,-29.895935,-5.0361094,0.017886687,-0.01316529,-0.36983103,0.007429771,0.000600821,-0.018492442,0.00037150644,-0.49034584,3.1401277,0.0
1777225893873000,41.237488,-0.067111656,-29.897192,-5.036914,0.01954253,-0.01332351,-0.37391397,0.014449865,-0.0050119604,-0.018706914,0.0007229267,-0.49063027,3.1400485,0.0
1777225893969000,40.757484,-0.06655181,-29.898352,-5.0378127,0.021230698,-0.013689923,-0.36814174,0.015196624,-0.0078525,-0.018422686,0.0007604752,-0.49077478,3.1400104,0.0
1777225894065000,40.357483,-0.06608528,-29.899319,-4.9625936,0.022848671,-0.013802552,-0.23255542,0.020746652,-0.011490032,-0.011642819,0.0010386751,-0.49096245,3.1400104,0.0
1777225894169000,39.75748,-0.06538546,-29.900768,-5.039063,0.025020938,-0.013970901,-0.35690197,0.031951636,-0.009182516,-0.017863307,0.0015992118,-0.49084762,3.1399043,-0.001481365
1777225894273000,39.23748,-0.06477897,-29.902021,-5.039056,0.027459813,-0.013759342,-0.35493636,0.03674003,-0.0065653995,-0.01776035,0.0018384022,-0.49071747,3.1398664,0.0
1777225894369000,38.757477,-0.06421912,-29.90318,-5.038748,0.029677762,-0.013391693,-0.34111887,0.044623084,-0.003377567,-0.017063757,0.0022321765,-0.49055782,3.139768,-0.0011928168
1777225894465000,38.357475,-0.063752584,-29.904144,-4.962119,0.031791102,-0.012831292,-0.20318857,0.0427772,-0.0010585076,-0.010162326,0.0021394698,-0.49044293,3.1397638,0.0011435228
1777225894569000,37.757473,-0.06305279,-29.905594,-5.037247,0.034375682,-0.012633732,-0.35153303,0.04364221,0.0044549406,-0.017570958,0.0021814036,-0.49016228,3.1396096,-0.00024610152
1777225894665000,37.35747,-0.06258624,-29.906559,-4.9603796,0.03648699,-0.01207335,-0.20616028,0.033676192,0.004543674,-0.0103030745,0.0016830028,-0.49015772,3.1395795,0.0
1777225894769000,36.75747,-0.061886415,-29.908005,-5.0353413,0.038742572,-0.0118715,-0.35165066,0.02917742,0.00819972,-0.017570343,0.0014578594,-0.48996988,3.1394935,-0.00070895324
1777225894865000,36.357468,-0.06141988,-29.90897,-4.9585133,0.040307987,-0.011311139,-0.21444766,0.03622311,0.005100074,-0.010718844,0.0018105577,-0.49012816,3.1394198,-0.0051472206
1777225894969000,35.757465,-0.060720075,-29.91042,-5.033453,0.041772716,-0.01117469,-0.35394692,0.031372055,-0.0015709714,-0.017701745,0.0015689927,-0.49046814,3.139382,0.0
1777225895073000,35.237465,-0.060113575,-29.911673,-5.032391,0.042728107,-0.01090217,-0.35601062,0.024498206,0.0012592835,-0.017799672,0.0012248512,-0.490325,3.1393282,0.0
1777225895169000,34.75746,-0.05955373,-29.91283,-5.0313296,0.043419577,-0.0105956625,-0.35310936,0.024580484,9.89844e-05,-0.01765657,0.0012291009,-0.4903852,3.1393025,0.0
1777225895273000,34.23746,-0.05894722,-29.914087,-5.029974,0.044125915,-0.010388564,-0.3563763,0.017303694,-0.0006555576,-0.017822761,0.0008653763,-0.49042404,3.1392257,-0.00031680078
1777225895369000,33.757458,-0.058387373,-29.915243,-5.0285497,0.044736493,-0.010141222,-0.35092583,0.02030554,0.0031140468,-0.01754318,0.001015097,-0.4902329,3.1392255,0.0003271366
1777225895465000,33.357456,-0.057920832,-29.916208,-4.9509063,0.04505986,-0.0097030075,-0.21507747,0.014629211,0.001280811,-0.010753553,0.0007314388,-0.490327,3.1391616,-0.0027161082
1777225895569000,32.757454,-0.057221007,-29.917656,-5.0251036,0.04525783,-0.009869684,-0.3426479,0.010821458,-0.0006320408,-0.017135687,0.0005411769,-0.49042398,3.139176,0.0
1777225895665000,32.357452,-0.05675445,-29.918621,-4.9476705,0.04502587,-0.009614604,-0.20799413,0.0064472095,-0.0019591886,-0.010403231,0.00032246974,-0.49049255,3.1391628,-0.0028028358
1777225895769000,31.757452,-0.056054637,-29.920069,-5.022418,0.044777013,-0.010025466,-0.34992298,0.006703699,-0.006051209,-0.017509907,0.0003354485,-0.4907013,3.1391273,-0.00027055922
1777225895865000,31.35745,-0.055588093,-29.921034,-4.9460397,0.04405786,-0.0101366285,-0.22352533,0.0003901315,-0.010559902,-0.011190649,1.9531677e-05,-0.49093327,3.139127,-0.00024206401
1777225895969000,30.757448,-0.054888275,-29.922482,-5.022601,0.04288139,-0.010791683,-0.37196612,-0.0019067996,-0.009563499,-0.018618532,-9.544366e-05,-0.49088344,3.1391273,0.0
1777225896073000,30.237446,-0.054281756,-29.923737,-5.023485,0.04107048,-0.011070843,-0.38033447,-0.009435836,-0.0028071287,-0.019026153,-0.0004720257,-0.49054107,3.1392007,0.0
1777225896169000,29.757444,-0.053721905,-29.924894,-5.024201,0.03897512,-0.0111917835,-0.37769046,-0.016880222,-0.0055708233,-0.0188989,-0.00084465375,-0.49068305,3.1392765,0.0
1777225896265000,29.357443,-0.053255364,-29.92586,-4.9488587,0.03652356,-0.011119915,-0.23860116,-0.016559625,-0.012933435,-0.011948338,-0.00082924985,-0.4910614,3.139302,0.00043869694
1777225896369000,28.75744,-0.05255554,-29.927307,-5.0253606,0.034107514,-0.011408876,-0.37102443,-0.019495735,-0.007579142,-0.018568015,-0.000975669,-0.49079132,3.139382,0.0
1777225896465000,28.357439,-0.052089002,-29.928272,-4.9500513,0.03169439,-0.011153946,-0.24700657,-0.028329879,-0.0049827066,-0.012358318,-0.0014174103,-0.4906631,3.1394367,0.0
1777225896569000,27.757437,-0.0513892,-29.92972,-5.0270658,0.029366687,-0.011076766,-0.3877751,-0.023787448,-0.00043690344,-0.019392706,-0.0011896149,-0.4904341,3.1395342,-0.0029979963
1777225896665000,27.357435,-0.05092265,-29.930685,-4.95209,0.02716613,-0.0104556745,-0.2436803,-0.026491035,0.0011321628,-0.0121854665,-0.0013247096,-0.4903571,3.1395836,-0.0016194567
1777225896769000,26.757433,-0.050222836,-29.932133,-5.0291715,0.024974301,-0.010073394,-0.3791311,-0.027210733,0.008727572,-0.018942306,-0.001359514,-0.48997122,3.1397016,0.0
1777225896865000,26.357431,-0.049756292,-29.933102,-4.954103,0.022794055,-0.009089956,-0.24044606,-0.032237515,0.00837116,-0.012013682,-0.0016107197,-0.48999217,3.1397362,-0.0014160932
1777225896969000,25.75743,-0.049056478,-29.934553,-5.0311284,0.020460546,-0.008404931,-0.39045525,-0.033683106,0.010320721,-0.019505246,-0.0016826444,-0.48989412,3.1398087,0.004034969
1777225897073000,25.237427,-0.048449963,-29.935812,-5.0324,0.017787892,-0.0075888,-0.40344602,-0.047339037,0.011189324,-0.020151975,-0.0023645668,-0.48985082,3.1399088,0.0044101356
1777225897169000,24.757425,-0.0478901,-29.936977,-5.0337973,0.015079573,-0.0068013575,-0.39994955,-0.049765803,0.02196874,-0.019955512,-0.0024830683,-0.48930052,3.1400104,0.0
1777225897265000,24.357424,-0.04742356,-29.937944,-4.959006,0.012180383,-0.0060594594,-0.26603675,-0.055256333,0.021226255,-0.013274665,-0.0027571728,-0.48933563,3.1400928,-0.0019155651
1777225897369000,23.757421,-0.046723746,-29.939394,-5.0360966,0.009165926,-0.0059226193,-0.4125391,-0.05521797,0.011174725,-0.020606674,-0.002758184,-0.4898426,3.140281,0.000679831
1777225897465000,23.35742,-0.046257205,-29.940361,-4.9609356,0.00656279,-0.0058525233,-0.26262826,-0.04881121,0.004888635,-0.0131260855,-0.0024395706,-0.49016064,3.1403453,0.005585054
1777225897569000,22.757418,-0.045557387,-29.941813,-5.037655,0.004340023,-0.006389441,-0.39914852,-0.054840535,0.0066394107,-0.019946454,-0.0027405191,-0.49006853,3.140488,0.0029686396
1777225897665000,22.357416,-0.045090843,-29.94278,-4.96224,0.0023404171,-0.006380424,-0.2622141,-0.05196581,0.0022573757,-0.013110158,-0.0025981823,-0.49029025,3.1406105,0.0019951877
1777225897769000,21.757414,-0.044391014,-29.94423,-5.0386696,0.00031027058,-0.0067319795,-0.39310032,-0.050195817,0.002259488,-0.019654015,-0.002509663,-0.49028867,3.1406367,-0.0037896105
1777225897865000,21.357412,-0.04392447,-29.945196,-4.9628873,-0.0020021568,-0.0066009387,-0.2511347,-0.04981065,0.0056578657,-0.012551413,-0.002489477,-0.49011406,3.1407769,-0.0045571644
1777225897969000,20.75741,-0.043224655,-29.946651,-5.0391827,-0.0042311945,-0.0070803473,-0.38621077,-0.046422835,0.0050762086,-0.019302968,-0.0023202314,-0.49014077,3.1409757,0.0036205938
1777225898073000,20.237408,-0.042618144,-29.947914,-5.0394,-0.006253399,-0.0073659047,-0.37266248,-0.048327796,0.0037210458,-0.018628381,-0.0024157746,-0.49020687,3.1411042,0.0
1777225898169000,19.757406,-0.04205829,-29.949078,-5.0393167,-0.007851005,-0.007491298,-0.37334344,-0.039665863,0.0031557884,-0.018663526,-0.0019829057,-0.49023348,3.1411042,-0.00015842076
1777225898273000,19.237404,-0.04145178,-29.95034,-5.0390773,-0.009160283,-0.007532661,-0.37754312,-0.038763836,0.0071095824,-0.018865399,-0.0019369847,-0.4900298,3.1413498,0.011170108
1777225898369000,18.757402,-0.040891916,-29.951506,-5.0390863,-0.0101897335,-0.007599377,-0.3813658,-0.04568427,0.0058760336,-0.019058531,-0.0022830446,-0.49009067,3.1415145,-0.002792528
1777225898473000,18.2374,-0.040285405,-29.952768,-5.0394,-0.011042728,-0.007701723,-0.3788765,-0.047940366,0.005624602,-0.018934764,-0.0023958716,-0.49010104,-3.1415925,0.0
1777225898569000,17.757399,-0.03972554,-29.953932,-5.039873,-0.0116302,-0.0077049434,-0.37627468,-0.040668137,0.0040901834,-0.018807748,-0.00203276,-0.49017823,-3.1415925,0.0
1777225898665000,17.357397,-0.039258987,-29.954903,-4.9643984,-0.012085911,-0.007332584,-0.22765437,-0.02706182,0.006997166,-0.0113773765,-0.0013524562,-0.49003008,-3.1415925,0.0
1777225898769000,16.757395,-0.038559157,-29.95636,-5.0408316,-0.0119623095,-0.00726352,-0.35996032,-0.020026293,0.0025590109,-0.01799552,-0.0010011757,-0.49025518,-3.1415925,0.0
1777225898865000,16.357393,-0.038092602,-29.95733,-4.9648805,-0.011610173,-0.0067080073,-0.2226018,-0.017900806,0.00943714,-0.011119802,-0.00089421286,-0.48990574,-3.1415925,0.0
1777225898969000,15.757392,-0.037392765,-29.95879,-5.040316,-0.010941166,-0.006396055,-0.34343156,-0.011448853,0.004895287,-0.017165609,-0.0005722436,-0.4901361,-3.1415925,0.0
1777225899073000,15.237392,-0.03678625,-29.960056,-5.0388756,-0.010283496,-0.00601245,-0.34853187,-0.013817083,0.005602603,-0.017419653,-0.000690579,-0.49009988,3.141515,0.002792526
1777225899169000,14.757393,-0.036226388,-29.961222,-5.03722,-0.009689827,-0.005833553,-0.33311337,-0.010691603,0.0021697825,-0.016653996,-0.0005345264,-0.490274,-3.1415927,0.0
1777225899265000,14.357393,-0.035759836,-29.962193,-4.959323,-0.0088085905,-0.005583008,-0.19278373,0.0054201717,0.0069057746,-0.009631151,0.00027078268,-0.49003294,3.1415482,-0.005585054
1777225899369000,13.757394,-0.03506002,-29.963648,-5.0335,-0.0072015477,-0.0056941025,-0.33349794,0.011883404,0.011860364,-0.016655756,0.00059348816,-0.48977727,3.1413107,-0.0028217062
1777225899465000,13.357394,-0.034593467,-29.964619,-4.955866,-0.0054894257,-0.005626548,-0.17468874,0.023846004,0.008859718,-0.008729195,0.0011915847,-0.48992625,3.1415768,0.0027633458
1777225899569000,12.757395,-0.033893645,-29.966076,-5.0297604,-0.0028268239,-0.006167317,-0.3015842,0.034389682,0.004668918,-0.01507135,0.0017185877,-0.49013507,3.141125,-0.009540318
1777225899665000,12.357395,-0.0334271,-29.967047,-4.9517565,-2.8580893e-05,-0.0063437857,-0.17415285,0.041300166,-0.0032242644,-0.008711878,0.0020660127,-0.49053556,3.140902,0.0
1777225899769000,11.757396,-0.032727275,-29.968502,-5.025582,0.00326615,-0.0070647877,-0.3065854,0.04958076,-0.0041196747,-0.015337049,0.0024802962,-0.49057913,3.1407137,0.004814518
1777225899865000,11.357439,-0.032260824,-29.969471,-4.9439993,0.0059152874,-0.0074715056,0.0012179017,0.044106506,-0.003801019,6.0777085e-05,0.002201052,-0.49056214,3.1404538,-0.002103065
1777225899969000,10.760128,-0.03156482,-29.970915,-4.9665303,0.008668106,-0.008183691,0.42943743,0.047610987,0.00020652614,0.021473521,0.0023807322,-0.4903561,3.1401699,-0.0054131914
1777225900065000,10.366614,-0.031105729,-29.971867,-4.818558,0.010859517,-0.0084013,0.93998146,0.048499327,0.0013112221,0.04699669,0.0024248434,-0.49030653,3.139966,-0.005585054
1777225900169000,9.788506,-0.030427402,-29.973276,-4.731243,0.013146907,-0.008596362,1.4205973,0.05036617,0.01944514,0.070895344,0.002513539,-0.4894041,3.1396284,-0.0036464767
1777225900273000,9.303693,-0.029851882,-29.974474,-4.5463643,0.0147653725,-0.007832774,1.6127515,0.037324872,0.05073808,0.08022789,0.0018567621,-0.48784074,3.1393554,0.0
1777225900369000,8.871075,-0.029332621,-29.975552,-4.3686757,0.015467098,-0.0065706484,1.6702453,0.031067587,0.07605623,0.08287083,0.0015414482,-0.4865663,3.1392257,-0.0002548562
1777225900473000,8.418606,-0.028784573,-29.976688,-4.1726227,0.015748205,-0.005379104,1.7091916,0.031195432,0.07616882,0.08480263,0.0015477812,-0.4865631,3.139103,0.0
1777225900569000,8.015872,-0.028293135,-29.977709,-3.9906318,0.015697744,-0.004563681,1.7355624,0.02572918,0.073650844,0.08613269,0.0012768905,-0.48668516,3.1389856,-9.7448705e-05
1777225900673000,7.5956635,-0.02777735,-29.978777,-3.793651,0.01566817,-0.004118993,1.7606006,0.015146293,0.063974485,0.0874619,0.0007524271,-0.48716813,3.1388738,0.0
1777225900769000,7.2225046,-0.027317245,-29.979733,-3.6134005,0.015596687,-0.0038820216,1.7826931,0.019039648,0.052159637,0.08866717,0.00094698946,-0.48776004,3.1387668,0.0
1777225900873000,6.8340235,-0.026836693,-29.980726,-3.4204144,0.015367142,-0.0040724175,1.7928405,0.014918987,0.042444106,0.0892606,0.00074277533,-0.4882451,3.1386833,0.0
1777225900969000,6.489792,-0.02641,-29.981613,-3.2457378,0.014782559,-0.0044229347,1.7903888,0.008219847,0.031516276,0.0892383,0.00040970164,-0.48879302,3.1386428,0.0
1777225901073000,6.1321893,-0.025966309,-29.982533,-3.0615444,0.013978988,-0.0046500564,1.7740681,-0.003591749,0.025024759,0.08848343,-0.00017914208,-0.48911563,3.1386523,0.0027342048
1777225901169000,5.815982,-0.025574023,-29.983345,-2.8972661,0.013020245,-0.00455367,1.7650871,-0.0031407583,0.025436644,0.08803047,-0.00015663955,-0.48908898,3.1386628,0.0
1777225901265000,5.562476,-0.025259813,-29.983995,-2.7137918,0.011737033,-0.0041015577,1.7824147,-0.0076278485,0.02057337,0.08893898,-0.0003806146,-0.4893319,3.1387458,0.0
1777225901369000,5.198905,-0.02481014,-29.984928,-2.5740244,0.010225343,-0.0037025195,1.6896242,-0.010393704,0.019303774,0.08431904,-0.00051868765,-0.48939076,3.1389332,0.0023049014
1777225901465000,4.9674106,-0.024524784,-29.985518,-2.4074402,0.008822085,-0.0033594682,1.6856545,-0.01457486,0.012377324,0.084180355,-0.00072785787,-0.48973754,3.1390789,0.0
1777225901569000,4.63607,-0.024118394,-29.98635,-2.28032,0.007041247,-0.0032802853,1.5823456,-0.0188922,0.0010037031,0.07911373,-0.0009445675,-0.4903106,3.1393955,0.0030887176
1777225901673000,4.3639307,-0.023787195,-29.98702,-2.1401868,0.004662781,-0.0037157089,1.5137908,-0.026665369,-0.003368551,0.075719506,-0.0013337963,-0.4905269,3.139952,0.003843014
1777225901769000,4.1247354,-0.023498785,-29.987604,-2.0187123,0.002129531,-0.004339771,1.4461476,-0.02466374,-0.019763205,0.07245818,-0.001235759,-0.49135602,3.1405191,0.005131799
1777225901873000,3.8782272,-0.023205098,-29.988194,-1.8954958,-0.0008222256,-0.0054866355,1.3610983,-0.028090393,-0.026422057,0.06824308,-0.0014084029,-0.49168965,3.141291,0.013577491
1777225901969000,3.6619687,-0.022951312,-29.9887,-1.7896967,-0.003480511,-0.006949931,1.2800758,-0.03492098,-0.03220434,0.0642188,-0.0017519144,-0.49197906,-3.1410432,0.0067667486
1777225902065000,3.489777,-0.022752522,-29.989096,-1.6767008,-0.006213106,-0.008365165,1.2376075,-0.03465329,-0.03919847,0.062132582,-0.0017397264,-0.49233234,-3.1401594,0.008788139
1777225902169000,3.2447035,-0.022475976,-29.98964,-1.5921657,-0.009084877,-0.009584887,1.105056,-0.03429751,-0.04048552,0.05548535,-0.001722093,-0.4923973,-3.1387696,0.00940365
1777225902273000,3.0446646,-0.02225731,-29.990063,-1.5017254,-0.011968227,-0.010382706,1.0153396,-0.041553907,-0.037040807,0.050962605,-0.0020857016,-0.4922213,-3.1374896,0.011679517
1777225902369000,2.86979,-0.022072777,-29.990416,-1.4254848,-0.014888211,-0.010837014,0.9276935,-0.04621645,-0.030955903,0.046534333,-0.0023182782,-0.4919119,-3.13608,0.013866847
1777225902473000,2.6905131,-0.021891624,-29.990757,-1.3498998,-0.018122885,-0.011160494,0.827816,-0.04987999,-0.038869247,0.04155759,-0.002504049,-0.49231124,-3.1343343,0.015708689
1777225902569000,2.534037,-0.021733578,-29.991058,-1.2864424,-0.020946283,-0.011738468,0.74630594,-0.046821587,-0.03527358,0.037452348,-0.0023496777,-0.49213,-3.1325724,0.01768034
1777225902665000,2.4099874,-0.021603303,-29.991306,-1.2193685,-0.02389793,-0.012172762,0.6800302,-0.05967875,-0.026385725,0.034095403,-0.0029921774,-0.49167842,-3.130976,0.019403605
1777225902769000,2.2342675,-0.021413077,-29.99167,-1.1714667,-0.027189508,-0.012349976,0.5777836,-0.054935813,-0.019053984,0.028946238,-0.002752216,-0.49130473,-3.1283236,0.016033167
1777225902865000,2.1236968,-0.02129079,-29.991562,-1.1162592,-0.029831296,0.00040836073,0.5580726,-0.06081337,0.31388986,0.027010163,-0.0029433072,-0.4746363,-3.1281579,-0.011892101
1777225902969000,1.9673777,-0.021114485,-29.986904,-1.0759126,-0.032416884,0.06923292,0.4562463,-0.05793422,0.8623962,0.020804496,-0.002641758,-0.44718236,-3.132098,-0.053780004
1777225903073000,1.840629,-0.020968601,-29.973787,-1.0315709,-0.034655258,0.1761342,0.43772674,-0.061784778,1.3102902,0.018959852,-0.0026761678,-0.42476934,-3.1395788,-0.090082854
1777225903169000,1.7304566,-0.020839632,-29.950094,-0.99570185,-0.03663256,0.31392863,0.35495538,-0.06803387,1.7180961,0.014636093,-0.0028052824,-0.40436548,3.1333506,-0.123593174
1777225903265000,1.6433861,-0.020736337,-29.919228,-0.9542858,-0.03854194,0.45059383,0.354081,-0.07400644,1.9151667,0.014243713,-0.002977077,-0.39449444,3.1223464,-0.15151845
1777225903369000,1.520607,-0.020588519,-29.849237,-0.924632,-0.04044787,0.72279567,0.27305382,-0.0802047,2.5934427,0.010039493,-0.0029489223,-0.3605686,3.1016514,-0.19340637
1777225903465000,1.4436452,-0.020494724,-29.784197,-0.8878509,-0.042018242,0.9006891,0.2208826,-0.08395242,2.1504416,0.008620831,-0.0032765805,-0.38271868,3.085062,-0.22133166
1777225903569000,1.3349918,-0.020361152,-29.661089,-0.8626803,-0.04336481,1.1546166,0.19274387,-0.083408915,1.8310677,0.00783721,-0.003391512,-0.3986989,3.0559888,-0.26321957
1777225903673000,1.247173,-0.020252397,-29.534315,-0.8303772,-0.044566225,1.3164085,0.19178158,-0.07749029,1.3894862,0.008228342,-0.0033247017,-0.42079335,3.0267258,-0.2995224
1777225903769000,1.1729631,-0.020161113,-29.408224,-0.80417126,-0.04561401,1.4222145,0.12349349,-0.07394859,0.988993,0.005551306,-0.0033241534,-0.4408255,2.996363,-0.3330327
1777225903873000,1.0976727,-0.020071758,-29.26339,-0.7750129,-0.046230998,1.4959244,0.12270999,-0.06739902,0.557402,0.0057872306,-0.0031786626,-0.4624201,2.9598396,-0.36933553
1777225903969000,1.0327405,-0.020000067,-29.125729,-0.7518158,-0.04605135,1.5314988,0.06432554,-0.05090212,0.236331,0.0031387955,-0.0024837933,-0.47847906,2.9227748,-0.40284583
1777225904065000,0.9816677,-0.019948345,-29.010239,-0.7245182,-0.04526624,1.5107132,0.044673055,-0.041164704,-0.1452689,0.002263551,-0.0020857856,-0.49757287,2.88943,-0.43077108
1777225904169000,0.9100055,-0.0198823,-28.838587,-0.7015908,-0.043907773,1.5227606,0.030489206,-0.020165853,0.027744811,0.0015098389,-0.0009986219,-0.48890305,2.8352242,-0.47265896
1777225904273000,0.8523377,-0.019827528,-28.691051,-0.6755271,-0.042024367,1.5199236,0.034302145,-0.006375228,0.06768821,0.0017016089,-0.00031625267,-0.4868821,2.78418,-0.5089618
1777225904369000,0.8024841,-0.019779082,-28.555452,-0.6514111,-0.039635904,1.514784,0.0330891,0.004081753,0.046778113,0.0016551224,0.00020416998,-0.48790982,2.733711,-0.5424721
1777225904465000,0.7632156,-0.019740649,-28.442787,-0.62490916,-0.036872644,1.4857082,0.042980224,0.0104675405,-0.058130298,0.0021506103,0.00052376644,-0.49314222,2.689196,-0.5703974
1777225904569000,0.7079143,-0.019686457,-28.274231,-0.60097235,-0.033641025,1.5000918,0.03548351,0.021213466,0.019657725,0.0017638135,0.0010544786,-0.48923776,2.618235,-0.61228526
1777225904673000,0.6632108,-0.019642787,-28.128386,-0.57438105,-0.030316714,1.491762,0.037087142,0.027100734,0.0073201163,0.0018523148,0.0013535443,-0.48984137,2.5526695,-0.64858806
1777225904769000,0.62441385,-0.019605163,-27.99388,-0.54977804,-0.027389567,1.4839343,0.04671879,0.03687741,-0.0031743748,0.0023322643,0.0018409694,-0.49035454,2.4887967,-0.6820984
1777225904865000,0.59375817,-0.019575741,-27.881742,-0.5232449,-0.024245517,1.4538592,0.057001635,0.03685289,-0.10614902,0.0028769942,0.0018600437,-0.49549684,2.433112,-0.71002364
1777225904969000,0.5504447,-0.019534877,-27.713348,-0.49807093,-0.020929268,1.4684447,0.059150457,0.03055694,-0.013486685,0.0029582693,0.0015282326,-0.49084908,2.345396,-0.7519115
1777225905073000,0.5153274,-0.019502385,-27.567106,-0.47151953,-0.017898794,1.4614276,0.06060441,0.032009725,-0.02100895,0.0030367062,0.0016039119,-0.49122193,2.2653096,-0.7882143
1777225905169000,0.48479068,-0.01947329,-27.431864,-0.4475441,-0.015244796,1.4558009,0.06933534,0.02854062,-0.01865818,0.0034779548,0.0014316363,-0.49109542,2.1880329,-0.82172465
1777225905265000,0.46063262,-0.019449994,-27.318884,-0.42229673,-0.012780629,1.4283389,0.07965301,0.034313183,-0.10358762,0.004022999,0.0017330406,-0.49532998,2.121178,-0.8496499
1777225905369000,0.42646837,-0.019417,-27.148893,-0.3978618,-0.010071171,1.4469012,0.08419341,0.03801792,-0.0007171696,0.004207373,0.0018998587,-0.4901743,2.0167067,-0.8915378
1777225905473000,0.39874348,-0.019390317,-27.000938,-0.3720419,-0.007713999,1.4439162,0.09131673,0.036241543,0.011264592,0.0045590275,0.0018093745,-0.4895617,1.9220991,-0.9278406
1777225905569000,0.37461653,-0.019367281,-26.863834,-0.34854275,-0.006053098,1.4419822,0.1039748,0.03822082,0.024723087,0.005182509,0.0019050743,-0.4888714,1.8314179,-0.9613509
1777225905665000,0.35552105,-0.01934926,-26.749115,-0.32397026,-0.0047113243,1.4179686,0.12606317,0.03278021,-0.05561824,0.006336372,0.0016476471,-0.49287125,1.7533928,-0.9892762
1777225905769000,0.32850352,-0.01932399,-26.576168,-0.2993537,-0.0032824273,1.4410132,0.1258979,0.03928496,0.049113717,0.0062622107,0.001954049,-0.4876221,1.6321663,-1.031164
1777225905865000,0.3115183,-0.019307759,-26.460243,-0.2749892,-0.0016351495,1.4186934,0.13741203,0.03744346,-0.03364585,0.006892257,0.0018780738,-0.49174318,1.5489795,-1.0347785
1777225905969000,0.28749442,-0.019284729,-26.285381,-0.25115874,0.00028785045,1.443531,0.14750265,0.04603975,0.0694998,0.0073198485,0.0022847315,-0.48657438,1.4273195,-0.9928906
1777225906073000,0.26800984,-0.019266117,-26.132854,-0.22671011,0.002394886,1.4458505,0.16346264,0.051897764,0.070097074,0.008109846,0.0025747956,-0.4865397,1.3259467,-0.9565878
1777225906169000,0.2510691,-0.019250073,-25.991274,-0.20469896,0.00448896,1.4486979,0.18479243,0.05113322,0.0786157,0.009160222,0.0025346905,-0.48610196,1.2357228,-0.92307746
1777225906265000,0.23767935,-0.019237544,-25.872686,-0.18212342,0.006702434,1.4283086,0.20861502,0.050267037,-0.012673652,0.010437526,0.0025149845,-0.4906558,1.1629936,-0.8951522
1777225906369000,0.2187875,-0.019219752,-25.693922,-0.15941627,0.009033118,1.4559498,0.22412144,0.044321176,0.08323783,0.011102714,0.002195619,-0.48585892,1.0580884,-0.85326433
1777225906473000,0.20350745,-0.019205159,-25.538101,-0.1362259,0.010955103,1.4600981,0.24852332,0.03931888,0.094054565,0.012298107,0.0019456836,-0.48530436,0.9712366,-0.8169615
1777225906569000,0.190303,-0.019192588,-25.394102,-0.11536693,0.012473559,1.4638387,0.2714241,0.03942795,0.10323563,0.013419057,0.0019492962,-0.48482874,0.894417,-0.7834512
1777225906665000,0.17993267,-0.019182779,-25.274105,-0.0942242,0.013728804,1.4433326,0.27804658,0.023752194,0.004465116,0.013885419,0.0011861653,-0.48975638,0.832858,-0.75552595
1777225906769000,0.16538821,-0.019169094,-25.09411,-0.07334559,0.014398569,1.4707394,0.2802617,0.012626647,0.09922966,0.013860988,0.00062447996,-0.48501202,0.7447083,-0.71363807
1777225906865000,0.15632533,-0.01916046,-24.974112,-0.05407951,0.014287393,1.449564,0.2765491,0.012583908,0.0073866174,0.013805495,0.0006281961,-0.48958504,0.6887343,-0.6857128
1777225906969000,0.14361596,-0.019148381,-24.794113,-0.03551326,0.013724189,1.4762421,0.2628989,0.012182876,0.10036001,0.01300178,0.00060250954,-0.48492864,0.6089622,-0.64382493
1777225907065000,0.13569745,-0.01914091,-24.674114,-0.019116454,0.013102847,1.4541512,0.25858635,0.013876244,-0.003468139,0.012924168,0.0006935359,-0.49010813,0.55857325,-0.6158997
1777225907169000,0.124594055,-0.01913048,-24.494116,-0.0038951263,0.012696575,1.4795475,0.24415776,0.020461176,0.08535097,0.012091719,0.0010133234,-0.48566207,0.48717865,-0.5740119
1777225907265000,0.11767674,-0.0191239,-24.374117,0.0092736855,0.012176202,1.4562359,0.22468145,0.023634115,-0.018691953,0.0112455925,0.0011829174,-0.4908518,0.44237468,-0.54608667
1777225907369000,0.10797811,-0.019114707,-24.194118,0.021163091,0.01141184,1.4807777,0.2131859,0.034052324,0.06950548,0.010574707,0.0016891048,-0.48643887,0.37935752,-0.5041988
1777225907473000,0.100187406,-0.019107394,-24.03812,0.03165756,0.010392251,1.4810141,0.18631221,0.035865616,0.057668313,0.009251149,0.001780872,-0.4870288,0.32880858,-0.46789595
1777225907569000,0.093466185,-0.019101022,-23.894121,0.039587446,0.0091770375,1.4810925,0.18679416,0.03433166,0.057984002,0.00927708,0.0017050725,-0.48700115,0.285499,-0.43438566
1777225907665000,0.08819012,-0.019096019,-23.774122,0.0463456,0.007836356,1.4570789,0.1681267,0.022642372,-0.04144033,0.008432988,0.001135708,-0.49196085,0.25186515,-0.4064604
1777225907769000,0.08079364,-0.019089071,-23.594124,0.05138798,0.0061505497,1.4811935,0.15587614,0.017154384,0.05608222,0.0077427565,0.000852101,-0.487079,0.20560317,-0.36457253
1777225907865000,0.07618669,-0.019084696,-23.474125,0.05510843,0.004296158,1.4574242,0.13440807,0.0064725596,-0.037867013,0.0067395065,0.00032454793,-0.4917613,0.17755438,-0.33664727
1777225907969000,0.069728546,-0.019078597,-23.294127,0.056990165,0.0018292251,1.481966,0.11513412,-0.0039466815,0.061942637,0.005718495,-0.00019602424,-0.48676294,0.13966998,-0.2947594
1777225908073000,0.06454255,-0.01907367,-23.138128,0.057885997,-0.0011756782,1.4826604,0.079395585,-0.015726212,0.06254406,0.003939224,-0.0007802585,-0.48672435,0.11090276,-0.25845656
1777225908169000,0.060067713,-0.019069437,-22.99413,0.05752044,-0.004539545,1.4833794,0.08295436,-0.022865143,0.06419235,0.004117017,-0.0011347949,-0.48663113,0.08769943,-0.22494623
1777225908273000,0.055540916,-0.019065132,-22.838129,0.056463014,-0.008568709,1.4840144,0.058426566,-0.028484069,0.061757207,0.0029018433,-0.001414704,-0.48674536,0.06619276,-0.18864337
1777225908369000,0.0516354,-0.019061416,-22.69413,0.05488481,-0.0123837935,1.4842758,0.06008832,-0.038630523,0.058863092,0.0029829638,-0.0019177346,-0.48688206,0.049691495,-0.15513302
1777225908473000,0.04768489,-0.019057661,-22.53813,0.052932944,-0.016833117,1.4843007,0.040712196,-0.043309458,0.049982827,0.0020225309,-0.0021515596,-0.4873241,0.035445407,-0.11883016
1777225908569000,0.044276644,-0.019054422,-22.394129,0.05076401,-0.021049136,1.4843197,0.03761997,-0.043186177,0.053298958,0.0018683755,-0.002144818,-0.4871463,0.025646208,-0.08531984
1777225908673000,0.040829096,-0.019051146,-22.23813,0.04770558,-0.025993042,1.4842814,0.013816796,-0.051817317,0.04633464,0.00068704074,-0.0025766185,-0.48749274,0.018660692,-0.04901699
1777225908769000,0.03785493,-0.01904832,-22.094131,0.04433798,-0.030700792,1.4840851,0.015571283,-0.062057134,0.047218736,0.00077391206,-0.0030843166,-0.48744017,0.015563557,-0.015506668
1777225908865000,0.035521362,-0.019046104,-21.974133,0.040724866,-0.035130486,1.4597054,0.010419443,-0.06540064,-0.056261647,0.00052438374,-0.0032914456,-0.49260795,0.015219545,0.0
1777225908969000,0.03225097,-0.019042997,-21.794134,0.036196195,-0.039265964,1.4833012,-0.010739827,-0.062190555,0.04219833,-0.00053377077,-0.0030908783,-0.48768187,0.015219545,0.0
1777225909065000,0.030214548,-0.019041061,-21.674137,0.032196954,-0.042517744,1.4589195,-0.01042844,-0.060130645,-0.057249002,-0.00052399334,-0.0030213585,-0.4926452,0.015219545,0.0
1777225909169000,0.027360544,-0.019038353,-21.494144,0.027862594,-0.045318622,1.4826012,-0.02118232,-0.050842974,0.03612522,-0.0010548056,-0.0025318027,-0.48798,0.015219545,0.0
1777225909265000,0.025583591,-0.019036667,-21.374146,0.024401963,-0.04722673,1.458435,-0.017650997,-0.043569915,-0.06113084,-0.0008876103,-0.002190987,-0.49283493,0.015219545,0.0
1777225909369000,0.023093764,-0.01903431,-21.194147,0.020728335,-0.04892838,1.4825191,-0.02345417,-0.033106823,0.04238136,-0.001167984,-0.0016486722,-0.4876561,0.015219545,0.0
1777225909465000,0.021543724,-0.019032838,-21.074148,0.017520763,-0.050034735,1.459055,-0.02261637,-0.023930304,-0.05264782,-0.0011381805,-0.001204305,-0.49239781,0.015219545,0.0
1777225909569000,0.019371858,-0.019030776,-20.89415,0.014159098,-0.050193217,1.4836884,-0.02632511,-0.0009812098,0.039571024,-0.0013036686,-4.859134e-05,-0.48779443,0.015219545,0.0
1777225909665000,0.01801976,-0.019029494,-20.77415,0.011278365,-0.049293734,1.4601936,-0.02904574,0.008464068,-0.048209332,-0.0014592062,0.00042521974,-0.4921679,0.015219545,0.0
1777225909769000,0.016125249,-0.019027699,-20.594152,0.008236919,-0.04768922,1.4845524,-0.02460343,0.014541755,0.045088578,-0.0012209781,0.000721654,-0.4875085,0.015219545,0.0
1777225909873000,0.014604615,-0.019026257,-20.438154,0.005202718,-0.045688126,1.4849415,-0.029634811,0.01965847,0.04522676,-0.0014710898,0.0009758582,-0.48749858,0.015219545,0.0
1777225909969000,0.013293215,-0.019025011,-20.294155,0.002395778,-0.043665335,1.4854774,-0.037127215,0.020982107,0.051159848,-0.0018407813,0.0010403008,-0.4871931,0.015219545,0.0
1777225910065000,0.012264389,-0.019024033,-20.174156,-0.0005513346,-0.041428618,1.4621658,-0.040601656,0.022857837,-0.045009352,-0.0020349978,0.0011456589,-0.49199194,0.015219545,0.0
1777225910169000,0.010822799,-0.019022662,-19.994158,-0.004001836,-0.038737416,1.4868298,-0.03733483,0.025403718,0.04965881,-0.0018557162,0.0012626839,-0.4872624,0.015219545,0.0
1777225910265000,0.00992534,-0.019021811,-19.874159,-0.006824414,-0.036235243,1.4634571,-0.036207717,0.025029149,-0.041347593,-0.0018158233,0.0012552162,-0.49179807,0.015219545,0.0
1777225910369000,0.008667822,-0.019020619,-19.69416,-0.009641607,-0.033600707,1.4882736,-0.0345926,0.023000505,0.05196937,-0.0017153744,0.0011405468,-0.48713705,0.015219545,0.0
1777225910465000,0.007898141,-0.019019883,-19.576204,-0.011932229,-0.031383425,1.4629803,-0.039121196,0.013200342,-0.047376674,-0.001958483,0.0006608347,-0.49209067,0.015219545,0.0
1777225910569000,0.0068174917,-0.019018853,-19.399105,-0.0140461335,-0.029492242,1.4849586,-0.03506992,0.020310635,0.041269332,-0.0017484309,0.0010125983,-0.48765966,0.015219545,0.0
1777225910665000,0.006143494,-0.01901821,-19.280956,-0.015493939,-0.027856814,1.459919,-0.0382161,0.024414137,-0.059683215,-0.0019179896,0.0012252968,-0.4926986,0.015219545,0.0
1777225910769000,0.005197486,-0.019017313,-19.103624,-0.016723149,-0.026189689,1.4822521,-0.030258514,0.018396832,0.037380677,-0.0015026093,0.00091356935,-0.48784348,0.015219545,0.0
1777225910865000,0.0046075843,-0.019016748,-18.985338,-0.017369881,-0.024677614,1.4575634,-0.026162036,0.019695118,-0.06633449,-0.0013255391,0.0009978829,-0.49302676,0.015219545,0.0
1777225910969000,0.0037797175,-0.01901596,-18.807808,-0.017773002,-0.023146361,1.4804916,-0.023640309,0.0131896585,0.035433758,-0.0011769583,0.0006566614,-0.4879369,0.015219545,0.0
1777225911065000,0.0032635792,-0.01901547,-18.689402,-0.01816883,-0.021973856,1.4564419,-0.020170752,0.01598115,-0.05697672,-0.0010063517,0.00079732575,-0.4925465,0.015219545,0.0
1777225911169000,0.002539438,-0.019014783,-18.511726,-0.01856143,-0.02067449,1.4799423,-0.013349936,0.014952048,0.040267408,-0.00067286886,0.00075361907,-0.4876866,0.015219545,0.0
1777225911273000,0.0019573963,-0.01901423,-18.357687,-0.018706273,-0.019707581,1.4798985,-0.015179779,0.011171587,0.038177874,-0.00075523363,0.0005558156,-0.48779148,0.015219545,0.0
1777225911369000,0.0014548617,-0.019013751,-18.215473,-0.018740527,-0.019207822,1.4797478,-0.011846556,0.008241726,0.037388943,-0.0006026739,0.0004192842,-0.4878297,0.015219545,0.0
1777225911465000,0.0010602574,-0.019013377,-18.096949,-0.018632464,-0.01879514,1.4561214,-0.0057913875,0.013959972,-0.0535578,-0.0002913223,0.00070222403,-0.49236676,0.015219545,0.0
1777225911569000,0.00050676364,-0.019012852,-17.919144,-0.018500566,-0.018401586,1.4803314,-0.00828964,0.013182637,0.05109999,-0.0004102897,0.00065246504,-0.487131,0.015219545,0.0
1777225911665000,0.00016184307,-0.019012522,-17.800596,-0.018464096,-0.018077994,1.4571552,-0.0062282523,0.008653071,-0.044835355,-0.00031376115,0.00043591644,-0.49192005,0.015219545,0.0
1777225911769000,-0.00032190327,-0.019012062,-17.622774,-0.018449076,-0.017956764,1.481596,-0.0052615087,0.0020621982,0.057831623,-0.00031296135,0.00012266223,-0.48678422,0.015219545,0.0
1777225911873000,-0.0007105109,-0.019011693,-17.46868,-0.018380487,-0.018278528,1.4824314,-0.012778573,-0.0015229597,0.061952226,-0.0006460762,-7.6999844e-05,-0.48657015,0.015219545,0.0
1777225911969000,-0.0010459096,-0.019011373,-17.326477,-0.018295,-0.018757816,1.4832153,-0.0074159093,0.0011866102,0.06514926,-0.00037080486,5.933202e-05,-0.48640147,0.015219545,0.0
1777225912065000,-0.0013092083,-0.019011125,-17.207996,-0.01784251,-0.019195043,1.460247,-0.0055982927,-0.002097724,-0.03196856,-0.00031765416,-0.00011902749,-0.49124616,0.015219545,0.0
1777225912169000,-0.0016784677,-0.019010775,-17.03028,-0.017152626,-0.019489106,1.484705,0.0008772579,1.59122e-05,0.06637002,-0.0,-0.0,-0.48632732,0.015219545,0.0
1777225912273000,-0.0019752071,-0.019010492,-16.87624,-0.016484687,-0.019359166,1.4855766,-0.0014205113,0.0021540844,0.064589605,-0.0,-0.0,-0.48641235,0.015219545,0.0
1777225912369000,-0.0022314636,-0.01901025,-16.734009,-0.01628569,-0.018654183,1.4864502,-0.00015136681,0.0052021374,0.06228167,-9.771331e-06,0.00033581874,-0.4865232,0.015219545,0.0
1777225912473000,-0.0024909724,-0.019010002,-16.579874,-0.016644541,-0.017457413,1.4872646,-0.011992704,0.0030066776,0.060213555,-0.0006097844,0.00015287835,-0.48662442,0.015219545,0.0
1777225912569000,-0.0027150747,-0.01900979,-16.437557,-0.017254343,-0.016267922,1.4880104,-0.011770628,0.0036895843,0.061217703,-0.00059980724,0.0001880137,-0.4865685,0.015219545,0.0
1777225912665000,-0.0028910541,-0.019009624,-16.318937,-0.017873652,-0.014952718,1.4649677,-0.010227564,0.0034483932,-0.034036063,-0.00050832174,0.00017138914,-0.49131945,0.015219545,0.0
1777225912769000,-0.0031379003,-0.019009389,-16.140972,-0.018534593,-0.013481094,1.4893684,-0.014255039,0.0013859281,0.060941096,-0.00072884903,7.086143e-05,-0.48657334,0.015219545,0.0
1777225912873000,-0.0033362613,-0.0190092,-15.9867115,-0.019125488,-0.01218923,1.4901257,-0.019578476,0.006332933,0.05990576,-0.0009591581,0.0003102532,-0.48662168,0.015219545,0.0
1777225912969000,-0.0035075261,-0.019009039,-15.8443,-0.019563055,-0.011005233,1.4907827,-0.025674805,0.002899911,0.05983367,-0.0012823885,0.00014484287,-0.48662016,0.015219545,0.0
1777225913073000,-0.003680913,-0.019008873,-15.690015,-0.020148171,-0.009749422,1.4913511,-0.015093423,0.005821603,0.05551226,-0.00075211783,0.0002900953,-0.48683593,0.015219545,0.0
1777225913169000,-0.003830584,-0.019008733,-15.547592,-0.020415416,-0.008610517,1.491806,-0.016426994,0.004192668,0.063173935,-0.0008136761,0.00020767486,-0.48644066,0.015219545,0.0
1777225913265000,-0.003948104,-0.019008622,-15.428892,-0.020578586,-0.0074050203,1.4685078,-0.0188757,0.00863718,-0.031296723,-0.0009505607,0.0004349594,-0.4911497,0.015219545,0.0
1777225913369000,-0.004112944,-0.019008465,-15.250824,-0.020708533,-0.006237733,1.4926147,-0.015077518,0.010231613,0.06398542,-0.00076110876,0.0005164889,-0.48638603,0.015219545,0.0
1777225913465000,-0.0042156605,-0.019008366,-15.132102,-0.020729935,-0.0053847646,1.4691858,-0.015310552,0.008022442,-0.0364011,-0.0007662921,0.0004015227,-0.491396,0.015219545,0.0
1777225913569000,-0.0043597324,-0.01900823,-14.954012,-0.020758893,-0.0046489094,1.4932842,-0.011350339,0.010657679,0.059469637,-0.00056126603,0.0005270145,-0.48660412,0.015219545,0.0
1777225913665000,-0.0044495016,-0.019008145,-14.835274,-0.020581892,-0.0039210655,1.4699936,-0.010743619,0.0070874393,-0.03111723,-0.00054818933,0.00036163404,-0.49111602,0.015219545,0.0
1777225913769000,-0.004575421,-0.019008024,-14.657143,-0.020270092,-0.0034553527,1.494194,-0.009260036,0.009723594,0.06429264,-0.00046321185,0.0004864003,-0.486346,0.015219545,0.0
1777225913873000,-0.0046766135,-0.019007927,-14.502723,-0.019744111,-0.0030800109,1.4945917,-0.006122484,0.0045719882,0.0582095,-0.00030103885,0.00022480189,-0.48664927,0.015219545,0.0
1777225913969000,-0.0047640107,-0.019007845,-14.360136,-0.019108683,-0.0026432388,1.4950275,-0.010838715,0.003771331,0.059950247,-0.00052621914,0.00018309793,-0.48655424,0.015219545,0.0
1777225914065000,-0.004832621,-0.019007778,-14.241278,-0.018621055,-0.0019738097,1.4715519,-0.01059803,0.0113801155,-0.033357963,-0.0005296647,0.0005687515,-0.49120367,0.015219545,0.0
1777225914169000,-0.0049288934,-0.019007688,-14.062953,-0.018287994,-0.00088872266,1.4955797,-0.015704384,0.0068142153,0.059859227,-0.00077053293,0.0003343383,-0.486546,0.015219545,0.0
1777225914265000,-0.0049888887,-0.019007633,-13.944052,-0.018023254,3.7785412e-05,1.4719334,-0.015086889,0.006842851,-0.039626896,-0.0007727417,0.0003504868,-0.49150944,0.015219545,0.0
1777225914369000,-0.0050730137,-0.019007552,-13.765673,-0.017577775,0.0012002387,1.4954967,-0.006499402,0.016383938,0.048845097,-0.00032814586,0.00082720246,-0.48709375,0.015219545,0.0
1777225914465000,-0.005125447,-0.019007504,-13.646723,-0.01682078,0.0023458696,1.4715023,-0.007147143,0.020258168,-0.042236358,-0.00035268365,0.0009996616,-0.49163055,0.015219545,0.0
1777225914569000,-0.005198993,-0.019007433,-13.468241,-0.015917266,0.0036889873,1.4951077,-0.007965872,0.022076026,0.0548042,-0.00039108488,0.0010838236,-0.4867794,0.015219545,0.0
1777225914673000,-0.0052580875,-0.019007375,-13.313519,-0.015200895,0.00509537,1.4949532,-0.0096062785,0.01445359,0.047721982,-0.00047471054,0.0007142486,-0.48713517,0.015219545,0.0
1777225914769000,-0.0053090993,-0.019007321,-13.170693,-0.014770928,0.0062823994,1.4948034,-0.009737175,0.020492952,0.04817799,-0.00047877585,0.0010076362,-0.48710787,0.015219545,0.0
1777225914873000,-0.0053607053,-0.019007273,-13.01599,-0.014468392,0.0078022047,1.4948435,-0.0066495934,0.024245804,0.053767677,-0.00032969823,0.0012021485,-0.48682037,0.015219545,0.0
1777225914969000,-0.005405246,-0.019007228,-12.873239,-0.014353758,0.00948648,1.4949255,-0.0106102945,0.029684924,0.0540172,-0.00052461703,0.0014677459,-0.48680225,0.015219545,0.0
1777225915073000,-0.00545029,-0.019007185,-12.718679,-0.014370596,0.011445123,1.494791,-0.014995949,0.031384453,0.047621503,-0.00074654265,0.0015624108,-0.48712298,0.015219545,0.0
1777225915169000,-0.0054891543,-0.01900715,-12.576098,-0.014216671,0.013233617,1.4942751,-0.00945384,0.03163947,0.041269865,-0.0004696239,0.0015717057,-0.48744133,0.015219545,0.0
1777225915273000,-0.0055284863,-0.019007117,-12.421723,-0.014032422,0.014918333,1.4934988,-0.009248321,0.02877744,0.040754467,-0.00046058674,0.0014331797,-0.48746362,0.015219545,0.0
1777225915369000,-0.0055624223,-0.019007089,-12.279302,-0.0138744125,0.016370814,1.4929152,-0.012396625,0.029520798,0.040596686,-0.00061820424,0.0014721657,-0.48746678,0.015219545,0.0
1777225915473000,-0.0055967537,-0.019007059,-12.125093,-0.013511694,0.017835902,1.4924603,-0.0056506675,0.030534687,0.041900106,-0.0002789807,0.0015075366,-0.4873984,0.015219545,0.0
1777225915569000,-0.0056263916,-0.019007036,-11.982816,-0.013142002,0.01919477,1.4921598,-0.010847609,0.033398733,0.038378183,-0.0005404274,0.0016639233,-0.48757514,0.015219545,0.0
1777225915673000,-0.005656368,-0.019007012,-11.828763,-0.012935728,0.02057569,1.4918852,-0.011425495,0.027503468,0.039598506,-0.0005629454,0.0013551229,-0.48751223,0.015219545,0.0
1777225915769000,-0.0056822402,-0.01900699,-11.686635,-0.012877919,0.021723576,1.4916487,-0.015539534,0.027452264,0.04336038,-0.0007686397,0.001357885,-0.48731863,0.015219545,0.0
1777225915865000,-0.00570254,-0.019006971,-11.568258,-0.012956739,0.022953218,1.4677219,-0.010231119,0.027653009,-0.050610226,-0.00051048043,0.0013797437,-0.49200538,0.015219545,0.0
1777225915969000,-0.005731008,-0.019006943,-11.390799,-0.012921205,0.024234457,1.4910069,-0.012056069,0.031562436,0.044581283,-0.0005972933,0.0015636963,-0.48725042,0.015219545,0.0
1777225916065000,-0.0057487413,-0.019006925,-11.272553,-0.01267095,0.02523831,1.4670401,-0.013499653,0.02890191,-0.049128138,-0.0006742752,0.001443581,-0.49192256,0.015219545,0.0
1777225916169000,-0.0057736193,-0.0190069,-11.095255,-0.012119311,0.026227862,1.4902248,0.00061973557,0.02811509,0.04852621,3.07828e-05,0.0013965009,-0.4870413,0.015219545,0.0
1777225916265000,-0.005789112,-0.01900689,-10.977094,-0.011315559,0.027171887,1.4661436,0.0021109558,0.03423477,-0.045988947,0.00010604982,0.0017198803,-0.4917525,0.015219545,0.0
1777225916369000,-0.0058108424,-0.019006873,-10.79991,-0.010409522,0.02822663,1.4890919,0.000819616,0.03177984,0.042701125,4.0694158e-05,0.0015778777,-0.487326,0.015219545,0.0
1777225916465000,-0.0058243847,-0.019006861,-10.681831,-0.010025162,0.029173773,1.4644699,-0.0050593875,0.036085755,-0.054838073,-0.00025303144,0.0018047303,-0.49219054,0.015219545,0.0
1777225916569000,-0.0058433856,-0.019006845,-10.5047865,-0.009877194,0.02998046,1.4868212,-0.006400079,0.03784037,0.041027386,-0.00031874405,0.0018845694,-0.4873986,0.015219545,0.0
1777225916665000,-0.0058552185,-0.019006833,-10.386796,-0.009660966,0.030594049,1.4621115,-0.00048442977,0.033088654,-0.05578153,-2.437599e-05,0.0016649859,-0.49222603,0.015219545,0.0
1777225916769000,-0.005871808,-0.019006817,-10.209845,-0.009339583,0.030898847,1.4848881,-0.008448336,0.030423883,0.042957723,-0.00041746444,0.0015033598,-0.48728955,0.015219545,0.0
1777225916865000,-0.0058821626,-0.019006805,-10.091878,-0.009213971,0.030779071,1.4607038,-0.014535319,0.027371852,-0.047935776,-0.0007255662,0.0013663332,-0.49181756,0.015219545,0.0
1777225916969000,-0.005896798,-0.019006789,-9.915011,-0.009185806,0.030417535,1.4777905,-0.008335022,0.023474399,-0.18535501,-0.00042335273,0.0011923125,-0.49867842,0.015219545,0.0
1777225917065000,-0.0059061525,-0.019006778,-9.798174,-0.008877268,0.030115135,1.4360214,-0.008089163,0.023208806,-0.30005652,-0.0004133346,0.0011859077,-0.5044159,0.015219545,0.0
1777225917169000,-0.0059193447,-0.019006765,-9.625585,-0.008250743,0.029789364,1.4306732,-0.0034728881,0.022992441,-0.22123447,-0.00017692869,0.0011713657,-0.50047916,0.015219545,0.0
1777225917265000,-0.0059275464,-0.019006757,-9.512313,-0.0074924785,0.029439274,1.3890964,-0.0040492006,0.02804923,-0.29733077,-0.00020813567,0.0014417773,-0.5042798,0.015219545,0.0
1777225917369000,-0.0059389584,-0.019006746,-9.345058,-0.006677295,0.029244004,1.3833739,-0.0047410103,0.021641737,-0.21414785,-0.00023947265,0.0010931435,-0.50012136,0.015219545,0.0
1777225917465000,-0.0059459717,-0.019006738,-9.235311,-0.0058611757,0.029071547,1.3427558,-0.003942272,0.023312647,-0.2821946,-0.0002029064,0.0011998881,-0.50351125,0.015219545,0.0
1777225917569000,-0.005955609,-0.019006727,-9.073281,-0.0049577006,0.02892738,1.3371992,0.0014845012,0.022330668,-0.20880808,7.59348e-05,0.0011422522,-0.49984723,0.015219545,0.0
1777225917665000,-0.005961721,-0.01900672,-8.96696,-0.0041547073,0.028584272,1.2979307,-0.00024946424,0.01959008,-0.28245634,-1.2716607e-05,0.0009986175,-0.50352573,0.015219545,0.0
1777225917769000,-0.005970439,-0.019006709,-8.809977,-0.0034703864,0.028313778,1.2927569,-0.005907172,0.017014582,-0.20833713,-0.00031001348,0.00089294004,-0.4998261,0.015219545,0.0
1777225917865000,-0.005975885,-0.019006701,-8.706971,-0.0030547203,0.028167972,1.2550176,-0.007168495,0.017690908,-0.27042505,-0.0003746084,0.0009244845,-0.50292075,0.015219545,0.0
1777225917969000,-0.0059834872,-0.019006692,-8.554912,-0.0030700294,0.028259866,1.2504256,-0.0051649236,0.022617051,-0.18882594,-0.00026287732,0.0011511322,-0.49883753,0.015219545,0.0
1777225918073000,-0.005989524,-0.019006686,-8.425477,-0.0036495333,0.028333222,1.2293415,-0.007500889,0.020418355,-0.1464396,-0.00037866968,0.0010307862,-0.49671796,0.015219545,0.0
1777225918169000,-0.0059946403,-0.019006683,-8.307897,-0.004332831,0.028556306,1.2104717,-0.009573289,0.022983069,-0.18306701,-0.00048637195,0.0011676572,-0.4985451,0.015219545,0.0
1777225918265000,-0.005998578,-0.019006679,-8.211298,-0.0051733027,0.028867865,1.1756396,-0.015766475,0.027679412,-0.2512866,-0.00080467743,0.0014126807,-0.50195485,0.015219545,0.0
1777225918369000,-0.0060042557,-0.019006673,-8.068721,-0.0061879745,0.029021839,1.1715848,-0.022849368,0.023644798,-0.18414912,-0.0011660072,0.0012065981,-0.49860352,0.015219545,0.0
1777225918465000,-0.006007823,-0.01900667,-7.9751916,-0.0072926357,0.029201617,1.1376659,-0.020217035,0.031497303,-0.24613562,-0.0010377227,0.0016167288,-0.501699,0.015219545,0.0
1777225918569000,-0.006012808,-0.019006664,-7.8371572,-0.0085312305,0.02960855,1.1334867,-0.021846669,0.033448443,-0.1777636,-0.001109174,0.0016982062,-0.49828294,0.015219545,0.0
1777225918665000,-0.006015888,-0.019006664,-7.7466283,-0.009877637,0.030014288,1.1006444,-0.024016524,0.033535454,-0.23749734,-0.001225915,0.0017118056,-0.5012649,0.015219545,0.0
1777225918769000,-0.0060201427,-0.019006664,-7.6130414,-0.011546006,0.030347692,1.0965635,-0.026700003,0.031164786,-0.18153125,-0.0013576435,0.0015846692,-0.49847826,0.015219545,0.0
1777225918865000,-0.0060227793,-0.019006664,-7.5254292,-0.012896036,0.030492842,1.0643641,-0.02328603,0.023638956,-0.23744796,-0.0011900282,0.0012080644,-0.50126886,0.015219545,0.0
1777225918969000,-0.006026573,-0.019006664,-7.396124,-0.014219015,0.030267457,1.0598476,-0.032203738,0.028480755,-0.17883296,-0.00164049,0.0014508377,-0.498345,0.015219545,0.0
1777225919065000,-0.0060289335,-0.019006664,-7.3112974,-0.015241247,0.02982887,1.0286055,-0.027624527,0.022670336,-0.23267484,-0.0014025185,0.0011509905,-0.5010322,0.015219545,0.0
1777225919169000,-0.006032194,-0.019006664,-7.1860666,-0.016206168,0.029157849,1.0246125,-0.023911418,0.027207997,-0.17402099,-0.0012121742,0.0013792921,-0.49810633,0.015219545,0.0
1777225919265000,-0.0060342117,-0.019006664,-7.103893,-0.01691099,0.028452143,0.99457777,-0.021769054,0.0263817,-0.22932722,-0.0011061438,0.0013405246,-0.5008711,0.015219545,0.0
1777225919369000,-0.006037095,-0.019006664,-6.9825535,-0.017407794,0.02759246,0.990747,-0.016214773,0.02711473,-0.174426,-0.00081859995,0.0013688825,-0.49813595,0.015219545,0.0
1777225919465000,-0.0060388795,-0.019006664,-6.9029183,-0.017702626,0.026759597,0.9616065,-0.013178362,0.025056327,-0.2266407,-0.00067334296,0.0012802428,-0.50074685,0.015219545,0.0
1777225919569000,-0.006041346,-0.019006664,-6.7853193,-0.018091045,0.025840519,0.95813245,-0.020511245,0.02315852,-0.16749471,-0.0010381886,0.001172182,-0.49779546,0.015219545,0.0
1777225919665000,-0.006042874,-0.019006664,-6.7081375,-0.018455058,0.024976576,0.93036866,-0.01706732,0.025301002,-0.21557415,-0.0008692208,0.0012885536,-0.50019765,0.015219545,0.0
1777225919769000,-0.0060450607,-0.019006664,-6.5941486,-0.018550778,0.023872597,0.9274952,-0.010818054,0.024167335,-0.15523551,-0.0005477724,0.0012237133,-0.4971836,0.015219545,0.0
1777225919865000,-0.006046427,-0.019006664,-6.5193176,-0.018327177,0.022943076,0.9009259,-0.008212292,0.02506041,-0.20175907,-0.000416007,0.0012694759,-0.4995079,0.015219545,0.0
1777225919969000,-0.0060483343,-0.019006664,-6.4087863,-0.018033938,0.02224457,0.89847976,-0.008273979,0.031010753,-0.14806856,-0.0004195225,0.0015723644,-0.49683008,0.015219545,0.0
1777225920065000,-0.006049512,-0.019006664,-6.336233,-0.017767578,0.021830495,0.8730008,-0.004910846,0.029472668,-0.19353808,-0.0002517384,0.00151082,-0.49910185,0.015219545,0.0
1777225920169000,-0.006051151,-0.019006664,-6.2290835,-0.017296469,0.021696238,0.8711014,-0.005002478,0.032204356,-0.1392123,-0.00025369722,0.0016332217,-0.4963913,0.015219545,0.0
1777225920265000,-0.0060521876,-0.019006664,-6.1587486,-0.016619321,0.021450771,0.846769,-0.002969142,0.028152121,-0.18319866,-0.00015106572,0.0014323399,-0.498589,0.015219545,0.0
1777225920369000,-0.0060536372,-0.019006664,-6.054855,-0.015659489,0.021374898,0.84518164,-0.0024993247,0.036217514,-0.1294721,-0.00012640905,0.0018317834,-0.49590626,0.015219545,0.0
1777225920465000,-0.0060545276,-0.019006664,-5.986656,-0.014825442,0.021608206,0.8219915,-0.0060255807,0.028241571,-0.17050184,-0.00030228685,0.0014168022,-0.49795508,0.015219545,0.0
1777225920569000,-0.0060557905,-0.019006664,-5.885928,-0.013722904,0.021712108,0.8210098,0.0027406935,0.028586011,-0.12359529,0.000137611,0.0014353117,-0.49561855,0.015219545,0.0
1777225920665000,-0.006056567,-0.019006664,-5.819799,-0.012444685,0.021928614,0.798781,-0.0016850552,0.031442747,-0.16457428,-8.527362e-05,0.0015911863,-0.4976658,0.015219545,0.0
1777225920769000,-0.0060576634,-0.019006664,-5.722126,-0.011166318,0.022407508,0.79797983,0.0023902087,0.03336819,-0.11101164,0.000120880344,0.0016875339,-0.4949871,0.015219545,0.0
1777225920873000,-0.0060585462,-0.019006664,-5.6389456,-0.010158297,0.022976032,0.7858784,0.004088395,0.037494726,-0.07562911,0.00020555654,0.001885162,-0.49322706,0.015219545,0.0
1777225920969000,-0.006059295,-0.019006664,-5.5633626,-0.009563507,0.023368347,0.7745842,0.0055043856,0.0366185,-0.117311336,0.00027730895,0.001844827,-0.4953095,0.015219545,0.0
1777225921065000,-0.006059896,-0.019006664,-5.501246,-0.009018406,0.023498433,0.7528204,0.009877033,0.036980398,-0.16379485,0.00050161063,0.0018780702,-0.49763653,0.015219545,0.0
1777225921169000,-0.0060607386,-0.019006664,-5.4095187,-0.008340916,0.023475157,0.7507368,0.015497177,0.034446802,-0.123797685,0.00078184,0.0017378577,-0.49564433,0.015219545,0.0
1777225921265000,-0.0060608336,-0.019006664,-5.349165,-0.0076826583,0.023479793,0.7295311,0.0081403535,0.029615873,-0.1660999,0.00041497473,0.0015097427,-0.497763,0.015219545,0.0
1777225921369000,-0.0060608145,-0.019006664,-5.2597375,-0.007120002,0.023397945,0.72782946,0.00789785,0.026940228,-0.1284726,0.00040010328,0.001364786,-0.49589226,0.015219545,0.0
1777225921465000,-0.0060608136,-0.019006664,-5.2010307,-0.006681034,0.023423659,0.7072054,-0.00036608288,0.02923066,-0.16455753,-1.8636218e-05,0.0014880481,-0.49769565,0.015219545,0.0
1777225921569000,-0.006060812,-0.019006664,-5.1143966,-0.006462908,0.02331688,0.7056297,0.0025372503,0.022218103,-0.11484515,0.00012868081,0.0011268277,-0.49520934,0.015219545,0.0
1777225921665000,-0.006060812,-0.019006664,-5.0575223,-0.006249502,0.022788765,0.68631107,-0.0039743413,0.021157661,-0.1493245,-0.00020282119,0.0010797316,-0.49693334,0.015219545,0.0
1777225921769000,-0.006060812,-0.019006664,-4.9733276,-0.0060916413,0.021858975,0.68797606,-0.00077698636,0.015020442,0.020837633,-3.896089e-05,0.00075317896,-0.48843637,0.015219545,0.0
1777225921865000,-0.006060812,-0.019006664,-4.917849,-0.006037354,0.020808065,0.67817754,-0.006234736,0.019282036,-0.013166611,-0.00031238276,0.00096609944,-0.4901261,0.015219545,0.0
1777225921969000,-0.006060812,-0.019006664,-4.8347874,-0.0060703657,0.019946318,0.6903164,-0.009150141,0.01567037,0.030999955,-0.0004652732,0.00079681876,-0.487922,0.015219545,0.0
1777225922073000,-0.006060812,-0.019006664,-4.7627726,-0.006370846,0.01925651,0.6911642,-0.006892648,0.017518144,0.034387965,-0.00034330157,0.00087252486,-0.487749,0.015219545,0.0
1777225922169000,-0.006060812,-0.019006664,-4.696281,-0.0065191635,0.018748872,0.69210404,-0.009450607,0.017111802,0.033786606,-0.00046772428,0.00084688794,-0.48777762,0.015219545,0.0
1777225922265000,-0.006060812,-0.019006664,-4.640857,-0.006791554,0.01799903,0.68200654,-0.008791095,0.00044173002,-0.008786254,-0.0004138,2.0792393e-05,-0.48989984,0.015219545,0.0
1777225922369000,-0.006060812,-0.019006664,-4.557689,-0.007570632,0.016830819,0.6940076,-0.015854957,0.008348966,0.027106129,-0.00078906503,0.000415509,-0.488116,0.015219545,0.0
1777225922473000,-0.006060812,-0.019006664,-4.485587,-0.009089303,0.015662657,0.6946375,-0.021851443,0.009672295,0.027091581,-0.0010897119,0.00048234875,-0.48811635,0.015219545,0.0
1777225922569000,-0.006060812,-0.019006664,-4.4190307,-0.010832907,0.0147242,0.6950013,-0.024081834,0.005012743,0.025497848,-0.0011899845,0.0002477007,-0.48819584,0.015219545,0.0
1777225922673000,-0.006060812,-0.019006664,-4.346945,-0.013059469,0.013722475,0.6954929,-0.030371388,0.012007035,0.026930071,-0.0015114472,0.00059753616,-0.48812246,0.015219545,0.0
1777225922769000,-0.006060812,-0.019006664,-4.280438,-0.015519875,0.01267561,0.69580716,-0.037181497,0.013471378,0.019559892,-0.0018560761,0.00067248236,-0.48849618,0.015219545,0.0
1777225922865000,-0.006060812,-0.019006664,-4.2250504,-0.017987657,0.011666004,0.68469685,-0.037624132,0.0072653173,-0.026227279,-0.0018823545,0.00036348752,-0.49078205,0.015219545,0.0
1777225922969000,-0.006060812,-0.019006664,-4.1420336,-0.020481808,0.010349423,0.69553965,-0.042541143,0.006535898,0.015756752,-0.0021226637,0.0003261199,-0.4886878,0.015219545,0.0
1777225923065000,-0.006060812,-0.019006664,-4.086732,-0.022618199,0.009010702,0.68406886,-0.042225882,-0.0006870773,-0.030374834,-0.002110279,-3.4337347e-05,-0.4909909,0.015219545,0.0
1777225923169000,-0.006060812,-0.019006664,-4.003843,-0.024837332,0.0072528226,0.6946313,-0.04638067,0.004661063,0.0037151915,-0.0023109058,0.0002322364,-0.48929945,0.015219545,0.0
1777225923265000,-0.006060812,-0.019006664,-3.94863,-0.026859187,0.005863279,0.6831631,-0.04639232,0.0023290517,-0.040371206,-0.002323896,0.00011666744,-0.49150237,0.015219545,0.0
1777225923369000,-0.006060812,-0.019006664,-3.8658845,-0.028803213,0.00461771,0.6937651,-0.04328116,0.004490853,0.0035410305,-0.0021520029,0.00022329179,-0.4893145,0.015219545,0.0
1777225923473000,-0.006060812,-0.019006664,-3.7942398,-0.030651864,0.003348258,0.69329685,-0.0419182,-0.0011985891,0.00397579,-0.002088804,-5.9726277e-05,-0.48929575,0.015219545,0.0
1777225923569000,-0.006060812,-0.019006664,-3.72816,-0.032133345,0.0021601752,0.6926653,-0.043486983,-0.0010729354,0.005811842,-0.0021624074,-5.3352138e-05,-0.48920348,0.015219545,0.0
1777225923673000,-0.006060812,-0.019006664,-3.6566215,-0.033385914,0.0008606999,0.69187707,-0.040719613,0.0034118337,0.0050714994,-0.002026968,0.00016983652,-0.4892425,0.015219545,0.0
1777225923769000,-0.006060812,-0.019006664,-3.5906239,-0.034383245,-0.00023371018,0.6911327,-0.036996115,-0.003138946,-0.0004907525,-0.0018448728,-0.00015652875,-0.4895263,0.015219545,0.0
1777225923873000,-0.006060812,-0.019006664,-3.5191624,-0.035262052,-0.0012636586,0.6902675,-0.03637688,-0.0030275937,-0.0042320415,-0.0018069892,-0.00015039304,-0.48972055,0.015219545,0.0
1777225923969000,-0.006060812,-0.019006664,-3.453228,-0.036028814,-0.002439452,0.68958205,-0.038876757,-0.004974657,-0.00057814317,-0.0019407503,-0.00024833778,-0.48953792,0.015219545,0.0
1777225924065000,-0.006060812,-0.019006664,-3.398306,-0.036746033,-0.0037316054,0.6779148,-0.040688913,-0.005159992,-0.0522065,-0.0020437532,-0.0002591799,-0.49212593,0.015219545,0.0
1777225924169000,-0.006060812,-0.019006664,-3.3159602,-0.037436105,-0.0050583472,0.68811697,-0.035921276,-0.0033185808,-0.006586824,-0.0017981612,-0.00016612282,-0.48985147,0.015219545,0.0
1777225924265000,-0.006060812,-0.019006664,-3.2610822,-0.037772637,-0.006069906,0.67646664,-0.039862476,-0.007203331,-0.050259978,-0.0020061268,-0.0003625163,-0.49203584,0.015219545,0.0
1777225924369000,-0.006060812,-0.019006664,-3.1787775,-0.0376716,-0.00719878,0.68687195,-0.035910133,-0.008457208,-0.0004610857,-0.0017947588,-0.00042268427,-0.4895501,0.015219545,0.0
1777225924473000,-0.006060812,-0.019006664,-3.10744,-0.03701837,-0.008484271,0.6866457,-0.033725996,-0.007865641,0.0013082437,-0.0016783964,-0.0003914388,-0.48946533,0.015219545,0.0
1777225924569000,-0.006060812,-0.019006664,-3.041567,-0.035881765,-0.0096714655,0.6864175,-0.027093098,-0.009203712,0.008985782,-0.0013472489,-0.00045766978,-0.48907757,0.015219545,0.0
1777225924673000,-0.006060812,-0.019006664,-2.970164,-0.03434921,-0.010616353,0.6862263,-0.025469786,-0.009783537,0.01185463,-0.0012705083,-0.0004880318,-0.48893422,0.015219545,0.0
1777225924769000,-0.006060812,-0.019006664,-2.9042094,-0.03287207,-0.011230677,0.6860494,-0.02125919,-0.00817707,0.010272456,-0.0010571196,-0.00040660723,-0.48901546,0.015219545,0.0
1777225924865000,-0.006060812,-0.019006664,-2.8492153,-0.0315499,-0.011691993,0.6749119,-0.016228698,-0.0042948877,-0.03457922,-0.0008198497,-0.00021697134,-0.49125656,0.015219545,0.0
1777225924969000,-0.006060812,-0.019006664,-2.7666748,-0.030032562,-0.012046728,0.6857056,-0.0084617715,-0.0069537996,0.009618192,-0.0004326687,-0.00035556286,-0.4890522,0.015219545,0.0
1777225925073000,-0.006060812,-0.019006664,-2.6950734,-0.027946388,-0.01222435,0.6855907,-0.0023520545,0.00086127827,0.012221485,-0.0,-0.0,-0.48892137,0.015219545,0.0
1777225925169000,-0.006060812,-0.019006664,-2.6289082,-0.025538784,-0.012415926,0.6856243,0.0017336035,0.0012446796,0.00680573,-0.0,-0.0,-0.48919794,0.015219545,0.0
1777225925273000,-0.006060812,-0.019006664,-2.5571358,-0.022345219,-0.012825388,0.68571085,0.011471056,0.00031514792,0.005119809,0.00056008383,1.5387359e-05,-0.4892888,0.015219545,0.0
1777225925369000,-0.006060812,-0.019006664,-2.4907925,-0.019023096,-0.0133201685,0.68592256,0.013972685,-0.0055195126,0.0055930987,0.0007026375,-0.000277557,-0.489269,0.015219545,0.0
1777225925465000,-0.006060812,-0.019006664,-2.435439,-0.015541265,-0.013900967,0.67529696,0.014057598,-0.0093025835,-0.034780666,0.00070728315,-0.00046804303,-0.49128506,0.015219545,0.0
1777225925569000,-0.006060812,-0.019006664,-2.352315,-0.011882092,-0.0147677185,0.68728465,0.022600876,-0.002775249,0.012700676,0.0011239528,-0.00013801451,-0.48891762,0.015219545,0.0
1777225925673000,-0.006060812,-0.019006664,-2.2802114,-0.008252986,-0.015706176,0.6883127,0.028097935,-0.006980907,0.019828375,0.0014082643,-0.00034988203,-0.48856038,0.015219545,0.0
1777225925769000,-0.006060812,-0.019006664,-2.2136261,-0.00474854,-0.016559517,0.68931574,0.033474,-0.008238615,0.025585674,0.0016694088,-0.00041087455,-0.4882695,0.015219545,0.0
1777225925865000,-0.006060812,-0.019006664,-2.1581328,-0.0012771295,-0.01721429,0.67892164,0.0373999,-0.0050581396,-0.023757108,0.0018697433,-0.00025287294,-0.49073797,0.015219545,0.0
1777225925969000,-0.006060812,-0.019006664,-2.0749109,0.0023996483,-0.01787882,0.6903357,0.036884014,-0.014936242,0.0121650025,0.0018448443,-0.0007470728,-0.48895445,0.015219545,0.0
1777225926065000,-0.006060812,-0.019006664,-2.0194638,0.0057403557,-0.018621765,0.67940706,0.03979056,-0.012426751,-0.02538676,0.0019943276,-0.0006228364,-0.4908239,0.015219545,0.0
1777225926169000,-0.006060812,-0.019006664,-1.9363631,0.009026786,-0.019094678,0.69063884,0.034706004,-0.013168114,0.0153676085,0.0017284949,-0.0006558237,-0.48879334,0.015219545,0.0
1777225926265000,-0.006060812,-0.019006664,-1.8810089,0.011681463,-0.019337235,0.67964786,0.038504522,-0.0064841476,-0.026821898,0.0019347668,-0.000325814,-0.49089754,0.015219545,0.0
1777225926369000,-0.006060812,-0.019006664,-1.7980415,0.014203043,-0.01945563,0.6908379,0.036194704,-0.0076779234,0.01700472,0.0018006313,-0.00038196496,-0.48871064,0.015219545,0.0
1777225926473000,-0.006060812,-0.019006664,-1.7261999,0.016485864,-0.019613829,0.69087166,0.037418254,-0.0020595058,0.015760183,0.0018687939,-0.00010285867,-0.4887742,0.015219545,0.0
1777225926569000,-0.006060812,-0.019006664,-1.6599364,0.018438948,-0.019789873,0.6906983,0.038531646,-0.0029493158,0.019147474,0.001917853,-0.00014679763,-0.48860127,0.015219545,0.0
1777225926673000,-0.006060812,-0.019006664,-1.5882103,0.02034193,-0.02027364,0.6903114,0.036207028,-0.01333451,0.012378121,0.001806212,-0.00066520105,-0.4889435,0.015219545,0.0
1777225926769000,-0.006060812,-0.019006664,-1.5220627,0.021983486,-0.02095968,0.6896866,0.03593539,-0.0047329743,0.013481561,0.0017868263,-0.00023533912,-0.48888558,0.015219545,0.0
1777225926873000,-0.006060812,-0.019006664,-1.4504634,0.023646418,-0.021406684,0.6889897,0.033360932,-0.002820395,0.006178801,0.001666326,-0.00014087428,-0.48925638,0.015219545,0.0
1777225926969000,-0.006060812,-0.019006664,-1.3844162,0.024841568,-0.021805845,0.6882339,0.02721834,-0.014299285,0.0007009441,0.0013631854,-0.0007161559,-0.4895354,0.015219545,0.0
1777225927065000,-0.006060812,-0.019006664,-1.3294091,0.02585125,-0.022463996,0.67646855,0.027217649,-0.011025224,-0.05070825,0.0013638219,-0.00055245194,-0.49211112,0.015219545,0.0
1777225927169000,-0.006060812,-0.019006664,-1.2469473,0.026662078,-0.02300808,0.68666476,0.028480105,-0.007328316,-0.0071057356,0.0014187569,-0.00036506532,-0.4899393,0.015219545,0.0
1777225927273000,-0.006060812,-0.019006664,-1.1755074,0.026907602,-0.023359124,0.6862357,0.023697997,-0.010459384,0.0013998812,0.0011876768,-0.00052419485,-0.48951238,0.015219545,0.0
1777225927369000,-0.006060812,-0.019006664,-1.1095688,0.02661546,-0.02364137,0.6860427,0.018924555,-0.008800525,0.0007995884,0.00094477617,-0.00043935125,-0.48954618,0.015219545,0.0
1777225927465000,-0.006060812,-0.019006664,-1.0546083,0.025869759,-0.02340265,0.67490214,0.017146006,-0.0070726504,-0.041665252,0.0008595435,-0.00035455785,-0.491669,0.015219545,0.0
1777225927569000,-0.006060812,-0.019006664,-0.9721263,0.025054054,-0.022668738,0.6858815,0.0077091525,-0.008383467,0.005000349,0.00037929518,-0.00041247188,-0.4893412,0.015219545,0.0
1777225927665000,-0.006060812,-0.019006664,-0.917104,0.02440261,-0.021648103,0.6748027,0.013950435,-0.0056445464,-0.039930396,0.00070363743,-0.0002847018,-0.49158815,0.015219545,0.0
1777225927769000,-0.006060812,-0.019006664,-0.8345189,0.024049498,-0.020264039,0.68554944,0.015404992,-0.0013232174,0.008642915,0.00077111943,-6.623558e-05,-0.4891621,0.015219545,0.0
1777225927865000,-0.006060812,-0.019006664,-0.77943,0.02382996,-0.01894621,0.6742321,0.017706899,0.00044882542,-0.034304406,0.0008973187,2.2744776e-05,-0.49130544,0.015219545,0.0
1777225927969000,-0.006060812,-0.019006664,-0.6967553,0.023752715,-0.01756362,0.68494636,0.013205659,0.008951577,0.012866991,0.00064036285,0.0004340759,-0.4889473,0.015219545,0.0
1777225928065000,-0.006060812,-0.019006664,-0.64161605,0.023712661,-0.016554138,0.6734352,0.011545642,0.0025623378,-0.042940453,0.0005497316,0.00012200256,-0.49174425,0.015219545,0.0
1777225928169000,-0.006060812,-0.019006664,-0.55888194,0.02352583,-0.015849316,0.6840868,0.0074646673,0.0020886422,0.00044171233,0.00036399713,0.000101847785,-0.4895822,0.015219545,0.0
1777225928265000,-0.006060812,-0.019006664,-0.50371194,0.02330602,-0.01553269,0.67269796,0.007012955,0.0065777167,-0.04273991,0.00037150487,0.00034844855,-0.49174,0.015219545,0.0
1777225928369000,-0.006060812,-0.019006664,-0.42094153,0.023116637,-0.015186827,0.6834469,0.020095697,0.0015888012,0.007502596,0.0010103363,7.987898e-05,-0.48922887,0.015219545,0.0
1777225928465000,-0.006060812,-0.019006664,-0.3657516,0.022985186,-0.0147089185,0.6722306,0.010848418,0.0058229854,-0.03235095,0.00055913185,0.00030011908,-0.49121478,0.015219545,0.0
1777225928569000,-0.006060812,-0.019006664,-0.28294438,0.022956695,-0.013616424,0.68329096,0.018972144,0.004922693,0.009882592,0.0009390112,0.00024364481,-0.4891098,0.015219545,0.0
1777225928665000,-0.006060812,-0.019006664,-0.22772303,0.023117943,-0.012315379,0.67265534,0.015990635,0.010151001,-0.029735573,0.000797018,0.00050595426,-0.49108624,0.015219545,0.0
1777225928769000,-0.006060812,-0.019006664,-0.14486638,0.023191717,-0.010689649,0.684345,0.018218627,0.01304339,0.020604724,0.00090981217,0.0006513682,-0.48856983,0.015219545,0.0
1777225928865000,-0.006060812,-0.019006664,-0.08960668,0.02301139,-0.0088110985,0.6739614,0.015643397,0.014966707,-0.025181048,0.0007841136,0.000750195,-0.49085826,0.015219545,0.0
1777225928969000,-0.006060812,-0.019006664,-0.0066664824,0.022509934,-0.0062246085,0.6857346,0.015794946,0.021827614,0.020764668,0.00079111615,0.0010932724,-0.4885643,0.015219545,0.0
1777225929073000,-0.006060812,-0.019006664,0.065267295,0.021870492,-0.0033282954,0.6863183,0.009408979,0.028560026,0.022514027,0.0004720132,0.0014327496,-0.48847607,0.015219545,0.0
1777225929169000,-0.006060812,-0.019006664,0.13170502,0.021224873,-0.0010180344,0.6899203,0.010956824,0.030859407,0.0468459,0.00054864463,0.0015452331,-0.48725575,0.015219545,0.0
1777225929273000,-0.006060812,-0.019006664,0.20370209,0.020787552,0.0007765065,0.70262176,0.0009975838,0.0362405,0.12721518,4.9017075e-05,0.0017807055,-0.48322225,0.015219545,0.0
1777225929369000,-0.006060812,-0.019006664,0.27017075,0.020494908,0.0021057557,0.7211168,0.0042458563,0.044035435,0.25460032,0.00020721102,0.0021490664,-0.4768004,0.015219545,0.0
1777225929465000,-0.006060812,-0.019006664,0.32556468,0.020282911,0.0032516215,0.7349458,0.006625099,0.0478832,0.36914766,0.00031832635,0.002300718,-0.47098488,0.015219545,0.0
1777225929569000,-0.006060812,-0.019006664,0.40865546,0.020099884,0.0043700845,0.7786689,0.0013332111,0.051863376,0.62204117,6.2322695e-05,0.0024244213,-0.45820308,0.015219545,0.0
1777225929665000,-0.006060812,-0.019006664,0.4640507,0.019749817,0.005327865,0.80257,0.00136062,0.05846962,0.80156165,6.226502e-05,0.0026757005,-0.4490411,0.015219545,0.0
1777225929769000,-0.006060812,-0.019006664,0.54715306,0.01916267,0.0061306665,0.8557956,0.0007352878,0.050249252,1.1236881,3.2494838e-05,0.002220683,-0.43269074,0.015219545,0.0
1777225929873000,-0.006060812,-0.019006664,0.6191974,0.01833423,0.006406601,0.90190005,0.001507007,0.0560388,1.4262685,6.399174e-05,0.0023795643,-0.41726574,0.015219545,0.0
1777225929969000,-0.006060812,-0.019006664,0.6857261,0.017478235,0.0065423404,0.9476768,-0.005353453,0.045105997,1.7305357,-0.00021872554,0.0018428914,-0.4017466,0.015219545,0.0
1777225930073000,-0.006060812,-0.019006664,0.75783455,0.016423102,0.0064076805,1.000498,-0.009628851,0.045463484,2.0912652,-0.00037603948,0.0017755041,-0.3833649,0.015219545,0.0
1777225930169000,-0.006060812,-0.019006664,0.82442874,0.015642988,0.0062626493,1.0519556,-0.012590634,0.045511916,2.4418938,-0.00046869376,0.0016942078,-0.3655279,0.015219545,0.0
1777225930273000,-0.006060812,-0.019006664,0.8965959,0.015109885,0.006218523,1.1104203,-0.011999071,0.048862286,2.858475,-0.00042158706,0.0017167752,-0.34440798,0.015219545,0.0
1777225930369000,-0.006060812,-0.019006664,0.96322125,0.014926341,0.006331386,1.1663951,-0.014360983,0.045279764,3.2576823,-0.00047503112,0.0014977596,-0.3242374,0.015219545,0.0
1777225930465000,-0.006060812,-0.019006664,1.0187438,0.01479305,0.006554279,1.212976,-0.0113581745,0.055657584,3.6298537,-0.0003541351,0.0017353409,-0.3054638,0.015219545,0.0
1777225930569000,-0.006060812,-0.019006664,1.1020265,0.014770853,0.0067182174,1.2885377,-0.014739065,0.0456561,4.1588674,-0.0004198092,0.0013004116,-0.27915877,0.015219545,0.0
1777225930673000,-0.006060812,-0.019006664,1.1742043,0.014828037,0.0066308654,1.3548563,-0.004953253,0.041169174,4.679994,-0.00012799959,0.0010638742,-0.2534005,0.015219545,0.0
1777225930769000,-0.006060812,-0.019006664,1.2408264,0.015090089,0.006481007,1.4176025,-0.0057279943,0.04280146,5.1684294,-0.00013404978,0.0010016642,-0.22925812,0.015219545,0.0
1777225930865000,nan,nan,nan,nan,nan,nan,0.0,0.0,100.0,-0.0,-0.0,-0.12,0.017426817,0.0
1777225930969000,nan,nan,nan,nan,nan,nan,0.0,0.0,100.0,-0.0,-0.0,-0.12,0.01721106,0.0
1777225931065000,nan,nan,nan,nan,nan,nan,0.0,0.0,100.0,-0.0,-0.0,-0.12,0.017603585,0.0
1777225931169000,nan,nan,nan,nan,nan,nan,0.0,0.0,100.0,-0.0,-0.0,-0.12,0.017635677,0.0
1777225931273000,nan,nan,nan,nan,nan,nan,0.0,0.0,100.0,-0.0,-0.0,-0.12,0.017575651,0.0
1777225931369000,nan,nan,nan,nan,nan,nan,0.0,0.0,100.0,-0.0,-0.0,-0.12,0.017994268,0.0
1777225931465000,nan,nan,nan,nan,nan,nan,0.0,0.0,100.0,-0.0,-0.0,-0.12,0.017827164,0.0
1777225931569000,nan,nan,nan,nan,nan,nan,0.0,0.0,100.0,-0.0,-0.0,-0.001,0.017737791,0.0
1777225931673000,nan,nan,nan,nan,nan,nan,0.0,0.0,100.0,-0.0,-0.0,-0.001,0.017777951,0.0
1777225931769000,nan,nan,nan,nan,nan,nan,0.0,0.0,100.0,-0.0,-0.0,-0.001,0.017834062,0.0
1777225931865000,nan,nan,nan,nan,nan,nan,0.0,0.0,100.0,-0.0,-0.0,-0.001,0.017877357,0.0
1777225931969000,nan,nan,nan,nan,nan,nan,0.0,0.0,100.0,-0.0,-0.0,-0.001,0.018074524,0.0
1777225932073000,nan,nan,nan,nan,nan,nan,0.0,0.0,100.0,-0.0,-0.0,-0.001,0.018334085,0.0
1777225932169000,nan,nan,nan,nan,nan,nan,0.0,0.0,100.0,-0.0,-0.0,-0.001,0.018629141,0.0
1777225932265000,nan,nan,nan,nan,nan,nan,0.0,0.0,100.0,-0.0,-0.0,-0.001,0.019003408,0.0
1777225932369000,nan,nan,nan,nan,nan,nan,0.0,0.0,100.0,-0.0,-0.0,-0.001,0.019131195,0.0
1777225932465000,nan,nan,nan,nan,nan,nan,0.0,0.0,100.0,-0.0,-0.0,-0.001,0.019209772,0.0
1777225932569000,nan,nan,nan,nan,nan,nan,0.0,0.0,100.0,-0.0,-0.0,-0.001,0.019379614,0.0
1777225932665000,nan,nan,nan,nan,nan,nan,0.0,0.0,100.0,-0.0,-0.0,-0.001,0.019375,0.0
1777225932769000,nan,nan,nan,nan,nan,nan,0.0,0.0,100.0,-0.0,-0.0,-0.001,0.019161776,0.0
1777225932865000,nan,nan,nan,nan,nan,nan,0.0,0.0,100.0,-0.0,-0.0,-0.001,0.019008096,0.0
1777225932969000,nan,nan,nan,nan,nan,nan,0.0,0.0,100.0,-0.0,-0.0,-0.001,0.019041436,0.0
1777225933073000,nan,nan,nan,nan,nan,nan,0.0,0.0,100.0,-0.0,-0.0,-0.001,0.018986557,0.0
1777225933169000,nan,nan,nan,nan,nan,nan,0.0,0.0,100.0,-0.0,-0.0,-0.001,0.019050281,0.0
1777225933265000,nan,nan,nan,nan,nan,nan,0.0,0.0,100.0,-0.0,-0.0,-0.001,0.019235183,0.0
1777225933369000,nan,nan,nan,nan,nan,nan,0.0,0.0,100.0,-0.0,-0.0,-0.001,0.018920265,0.0
1777225933465000,nan,nan,nan,nan,nan,nan,0.0,0.0,100.0,-0.0,-0.0,-0.001,0.018912822,0.0
1777225933569000,nan,nan,nan,nan,nan,nan,0.0,0.0,100.0,-0.0,-0.0,-0.001,0.018824333,0.0
1777225933665000,nan,nan,nan,nan,nan,nan,0.0,0.0,100.0,-0.0,-0.0,-0.001,0.018638294,0.0
1777225933769000,nan,nan,nan,nan,nan,nan,0.0,0.0,100.0,-0.0,-0.0,-0.001,0.018770942,0.0
1777225933865000,nan,nan,nan,nan,nan,nan,0.0,0.0,100.0,-0.0,-0.0,-0.001,0.018552758,0.0
1777225933969000,nan,nan,nan,nan,nan,nan,0.0,0.0,100.0,-0.0,-0.0,-0.001,0.018322384,0.0
1777225934073000,nan,nan,nan,nan,nan,nan,0.0,0.0,100.0,-0.0,-0.0,-0.001,0.018068,0.0
1777225934169000,nan,nan,nan,nan,nan,nan,0.0,0.0,100.0,-0.0,-0.0,-0.001,0.018034551,0.0
1777225934265000,nan,nan,nan,nan,nan,nan,0.0,0.0,100.0,-0.0,-0.0,-0.001,0.017888334,0.0
1777225934369000,nan,nan,nan,nan,nan,nan,0.0,0.0,100.0,-0.0,-0.0,-0.001,0.017821878,0.0
1777225934465000,nan,nan,nan,nan,nan,nan,0.0,0.0,100.0,-0.0,-0.0,-0.001,0.017874708,0.0
