timestamp,roll,pitch,yaw,thrust_body[0],thrust_body[1],thrust_body[2],reset_integral
1777225797573000,-0.004491477,-0.002796613,0.00015888736,0.0,0.0,-0.001,0
1777225797577000,-0.004250791,-0.0027803418,1.0430813e-06,0.0,0.0,-0.001,0
1777225797589000,-0.004066633,-0.002879528,-7.079914e-06,0.0,0.0,-0.001,0
1777225797613000,-0.0036647394,-0.0024082942,-6.399304e-05,0.0,0.0,-0.001,0
1777225797629000,-0.0038948625,-0.0026014356,-1.4733523e-06,0.0,0.0,-0.001,0
1777225797649000,-0.0034373908,-0.0029613972,8.866191e-07,0.0,0.0,-0.001,0
1777225797669000,-0.003324825,-0.003040612,-5.3457916e-06,0.0,0.0,-0.001,0
1777225797689000,-0.0030733552,-0.0029932347,8.08388e-07,0.0,0.0,-0.001,0
1777225797709000,-0.003082765,-0.0022854588,0.00010735914,0.0,0.0,-0.001,0
1777225797729000,-0.0034899095,-0.0021491337,6.519258e-07,0.0,0.0,-0.001,0
1777225797753000,-0.0034878422,-0.002436398,7.497147e-07,0.0,0.0,-0.001,0
1777225797769000,-0.0039614667,-0.0026919523,9.3877316e-07,0.0,0.0,-0.001,0
1777225797789000,-0.0037771098,-0.0024974437,1.1695549e-05,0.0,0.0,-0.001,0
1777225797809000,-0.00363996,-0.0021632437,6.975606e-07,0.0,0.0,-0.001,0
1777225797829000,-0.003654646,-0.0018934226,3.8013794e-05,0.0,0.0,-0.001,0
1777225797849000,-0.0036984365,-0.0020883847,6.7800283e-07,0.0,0.0,-0.001,0
1777225797869000,-0.0028780564,-0.00166273,7.302221e-05,0.0,0.0,-0.001,0
1777225797893000,-0.0026444679,-0.0017524196,4.016515e-05,0.0,0.0,-0.001,0
1777225797909000,-0.0024497365,-0.001982565,-6.731786e-05,0.0,0.0,-0.001,0
1777225797933000,-0.0023659922,-0.0019659763,-2.4401583e-05,0.0,0.0,-0.001,0
1777225797949000,-0.002239418,-0.002238682,1.7347746e-05,0.0,0.0,-0.001,0
1777225797969000,-0.0024592145,-0.0022027688,4.824251e-07,0.0,0.0,-0.001,0
1777225797993000,-0.0015749815,-0.002155286,2.9988587e-07,0.0,0.0,-0.001,0
1777225798013000,-0.0018431972,-0.0023505476,8.565653e-05,0.0,0.0,-0.001,0
1777225798033000,-0.0020518596,-0.0029586235,5.3457916e-07,0.0,0.0,-0.001,0
1777225798049000,-0.0018040001,-0.0033124844,5.2154064e-07,0.0,0.0,-0.001,0
1777225798069000,-0.0020257442,-0.003544603,0.00011571031,0.0,0.0,-0.001,0
1777225798093000,-0.0019753582,-0.0040080836,1.4622696e-05,0.0,0.0,-0.001,0
1777225798109000,-0.0021468091,-0.0037768348,1.7888844e-05,0.0,0.0,-0.001,0
1777225798129000,-0.0020258282,-0.0037137447,6.649643e-07,0.0,0.0,-0.001,0
1777225798149000,-0.0021485398,-0.0036944845,5.984679e-06,0.0,0.0,-0.001,0
1777225798169000,-0.0024647024,-0.0034788714,7.627532e-07,0.0,0.0,-0.001,0
1777225798189000,-0.0026323511,-0.003416536,3.0999072e-05,0.0,0.0,-0.001,0
1777225798213000,-0.002250201,-0.0029424492,7.2520226e-05,0.0,0.0,-0.001,0
1777225798229000,-0.0024637335,-0.0033464718,4.0106475e-05,0.0,0.0,-0.001,0
1777225798249000,-0.0023712732,-0.0036785414,7.757917e-07,0.0,0.0,-0.001,0
1777225798269000,-0.0025520478,-0.0033198344,-2.855435e-05,0.0,0.0,-0.001,0
1777225798289000,-0.0027139431,-0.0031247723,7.497147e-07,0.0,0.0,-0.001,0
1777225798309000,-0.0029326463,-0.0031378933,4.1156076e-05,0.0,0.0,-0.001,0
1777225798329000,-0.0024665773,-0.002911661,6.2584877e-07,0.0,0.0,-0.001,0
1777225798349000,-0.002689431,-0.0029222888,-3.109686e-05,0.0,0.0,-0.001,0
1777225798373000,-0.0023460016,-0.0027541108,3.4838915e-05,0.0,0.0,-0.001,0
1777225798393000,-0.0026419428,-0.002687684,6.2584877e-07,0.0,0.0,-0.001,0
1777225798413000,-0.0029234376,-0.003013838,-0.00010347366,0.0,0.0,-0.001,0
1777225798429000,-0.003034676,-0.002913348,-4.6677887e-05,0.0,0.0,-0.001,0
1777225798449000,-0.0026349323,-0.0021427928,4.954636e-07,0.0,0.0,-0.001,0
1777225798469000,-0.002153676,-0.002661738,-2.0092353e-05,0.0,0.0,-0.001,0
1777225798493000,-0.0021005527,-0.0019571632,3.6657788e-05,0.0,0.0,-0.001,0
1777225798509000,-0.001950514,-0.0021475381,-0.00010042917,0.0,0.0,-0.001,0
1777225798533000,-0.0020664125,-0.001977278,1.150649e-05,0.0,0.0,-0.001,0
1777225798553000,-0.0020541863,-0.0022599723,4.172325e-07,0.0,0.0,-0.001,0
1777225798569000,-0.0022663856,-0.0022540095,4.6286732e-07,0.0,0.0,-0.001,0
1777225798593000,0.020792527,0.019253744,0.00013094582,0.0,0.0,-0.0060350383,0
1777225798613000,-0.0061259205,-0.0068715326,0.00013976637,0.0,0.0,-0.007898606,0
1777225798629000,-0.007840263,-0.007123687,0.00021265168,0.0,0.0,-0.009733692,0
1777225798649000,-0.008835908,-0.007002652,-0.00015049707,0.0,0.0,-0.012843545,0
1777225798673000,-0.00860685,-0.0075966604,0.00012029335,0.0,0.0,-0.016095074,0
1777225798693000,-0.008088373,-0.007650361,0.0001902841,0.0,0.0,-0.018221376,0
1777225798709000,-0.00685128,-0.008444527,0.00052333344,0.0,0.0,-0.020403715,0
1777225798729000,-0.006942796,-0.008403443,0.00080857705,0.0,0.0,-0.023857387,0
1777225798753000,-0.0075639216,-0.0052262624,0.00089060236,0.0,0.0,-0.027450914,0
1777225798769000,-0.00696486,-0.006111057,0.0008885879,0.0,0.0,-0.029923348,0
1777225798789000,-0.006401453,-0.0051987674,0.0009807572,0.0,0.0,-0.032294083,0
1777225798809000,-0.0074790777,-0.004773644,0.0009320453,0.0,0.0,-0.036240906,0
1777225798829000,-0.0072954097,-0.005394553,0.000804835,0.0,0.0,-0.038918767,0
1777225798849000,-0.006786813,-0.00637865,0.0013009114,0.0,0.0,-0.043060314,0
1777225798869000,-0.007160642,-0.006148655,0.0011525592,0.0,0.0,-0.045899477,0
1777225798889000,-0.0080142245,-0.005995612,0.0016245143,0.0,0.0,-0.050174154,0
1777225798913000,-0.009065566,-0.0045124087,0.0016343063,0.0,0.0,-0.054548554,0
1777225798933000,-0.009000362,-0.0055981064,0.0015273318,0.0,0.0,-0.057478543,0
1777225798949000,-0.010103536,-0.006594949,0.0014266223,0.0,0.0,-0.06047702,0
1777225798969000,-0.007839707,-0.005381919,0.001109519,0.0,0.0,-0.06500724,0
1777225798989000,-0.008264999,-0.005261751,0.0013304371,0.0,0.0,-0.06813687,0
1777225799009000,-0.0088414345,-0.00401727,0.0011251196,0.0,0.0,-0.07300068,0
1777225799033000,-0.008739146,-0.0048352857,0.0006170608,0.0,0.0,-0.07777683,0
1777225799053000,-0.008628039,-0.0061529973,0.00021769106,0.0,0.0,-0.08098647,0
1777225799073000,-0.009992916,-0.005916299,0.0004197685,0.0,0.0,-0.086082704,0
1777225799093000,-0.009328271,-0.0058806706,0.0005576769,0.0,0.0,-0.0894647,0
1777225799109000,-0.008459357,-0.00833274,0.0005379692,0.0,0.0,-0.09283206,0
1777225799129000,-0.008175918,-0.008076558,0.0006066365,0.0,0.0,-0.09808132,0
1777225799149000,-0.00799777,-0.007964961,0.00090627465,0.0,0.0,-0.10166911,0
1777225799169000,-0.008857215,-0.008026964,0.0010892637,0.0,0.0,-0.10730023,0
1777225799189000,-0.0090538105,-0.0076956037,0.0011901623,0.0,0.0,-0.11087866,0
1777225799209000,-0.009935404,-0.008734801,0.001462902,0.0,0.0,-0.116482295,0
1777225799229000,-0.010046935,-0.008875286,0.001535859,0.0,0.0,-0.12023218,0
1777225799253000,-0.008193322,-0.008027234,0.001885239,0.0,0.0,-0.12611325,0
1777225799269000,-0.007597427,-0.010456206,0.0018101633,0.0,0.0,-0.13009848,0
1777225799293000,-0.008387729,-0.008875389,0.0012641819,0.0,0.0,-0.13603722,0
1777225799309000,-0.00861727,-0.0070380606,0.0012722397,0.0,0.0,-0.14017303,0
1777225799333000,-0.00654486,-0.006547856,0.001164835,0.0,0.0,-0.1464572,0
1777225799349000,-0.007881431,-0.006350729,0.001314641,0.0,0.0,-0.15073006,0
1777225799369000,-0.007546197,-0.006834924,0.00090380386,0.0,0.0,-0.15709877,0
1777225799389000,-0.00621671,-0.007199149,0.0008048089,0.0,0.0,-0.16136801,0
1777225799409000,-0.0073248376,-0.006349088,0.00074394513,0.0,0.0,-0.16797026,0
1777225799433000,-0.009304201,-0.005367048,0.00097520277,0.0,0.0,-0.17457125,0
1777225799449000,-0.008040323,-0.0043201265,0.0013396228,0.0,0.0,-0.17906514,0
1777225799473000,-0.0074178055,-0.005557473,0.0015829867,0.0,0.0,-0.18594484,0
1777225799489000,-0.007283174,-0.0057685925,0.0015220903,0.0,0.0,-0.19048743,0
1777225799509000,-0.007977911,-0.0061613754,0.0015715975,0.0,0.0,-0.19505894,0
1777225799533000,-0.008954705,-0.006508501,3.1488016e-06,0.0,0.0,-0.20223689,0
1777225799549000,-0.008697669,-0.005689011,9.8721124e-05,0.0,0.0,-0.2070483,0
1777225799569000,-0.008834129,-0.0043096947,-5.5413693e-07,0.0,0.0,-0.21423881,0
1777225799589000,-0.008410244,-0.0049497765,-5.105883e-05,0.0,0.0,-0.21910991,0
1777225799613000,-0.006590894,-0.005072531,8.3068386e-05,0.0,0.0,-0.22650987,0
1777225799629000,-0.005957049,-0.0055462723,-3.787689e-05,0.0,0.0,-0.23146373,0
1777225799649000,-0.0053338995,-0.005991583,-5.150214e-07,0.0,0.0,-0.23897013,0
1777225799669000,-0.0043979473,-0.006881131,9.056553e-05,0.0,0.0,-0.24411526,0
1777225799693000,-0.0056311702,-0.008861562,1.616776e-06,0.0,0.0,-0.25188005,0
1777225799713000,-0.0065357527,-0.0099359285,-2.0796433e-06,0.0,0.0,-0.2598056,0
1777225799733000,-0.005334072,-0.008342364,-1.871679e-05,0.0,0.0,-0.26521116,0
1777225799753000,-0.0045746895,-0.0072192377,-2.2817403e-07,0.0,0.0,-0.27324295,0
1777225799769000,-0.0033219387,-0.007472647,2.4121255e-07,0.0,0.0,-0.27875206,0
1777225799789000,-0.0032176436,-0.008237202,-1.5261583e-05,0.0,0.0,-0.28429833,0
1777225799809000,-0.0020167215,-0.008826461,-3.1292439e-07,0.0,0.0,-0.29274607,0
1777225799833000,-0.0015926766,-0.008742178,-1.3690442e-07,0.0,0.0,-0.30129346,0
1777225799849000,-0.0007828306,-0.00927255,3.1944364e-07,0.0,0.0,-0.3069444,0
1777225799869000,0.00073316926,-0.008742488,-0.00013319496,0.0,0.0,-0.3126123,0
1777225799889000,0.0017017722,-0.008201138,2.5555491e-06,0.0,0.0,-0.3172587,0
1777225799909000,6.59009e-05,-0.0091779325,1.2556091e-05,0.0,0.0,-0.3171698,0
1777225799933000,-0.00072920206,-0.0066212383,-5.384907e-05,0.0,0.0,-0.32104236,0
1777225799949000,-0.0003324154,-0.007661739,-2.3853965e-05,0.0,0.0,-0.321037,0
1777225799973000,-0.000515963,-0.007608825,6.372575e-05,0.0,0.0,-0.32492623,0
1777225799989000,-0.001476499,-0.00732211,1.5039928e-05,0.0,0.0,-0.32490125,0
1777225800013000,-0.00020231346,-0.006198136,5.193241e-05,0.0,0.0,-0.32899135,0
1777225800029000,0.0005415793,-0.005088826,4.314445e-05,0.0,0.0,-0.3289654,0
1777225800049000,0.001019238,-0.0064011416,1.4211982e-06,0.0,0.0,-0.3331165,0
1777225800073000,0.00043731715,-0.0053856913,6.649643e-07,0.0,0.0,-0.33558577,0
1777225800093000,0.000908267,-0.007958963,7.813983e-05,0.0,0.0,-0.33725712,0
1777225800113000,0.002211747,-0.006481968,1.8971041e-06,0.0,0.0,-0.33993614,0
1777225800129000,0.0018571252,-0.0072657494,1.4472753e-06,0.0,0.0,-0.3416475,0
1777225800149000,0.0008236478,-0.0074081863,-9.989459e-05,0.0,0.0,-0.34170526,0
1777225800169000,0.0017282941,-0.0063173086,1.3364479e-06,0.0,0.0,-0.3458454,0
1777225800193000,0.004605124,-0.0074668108,3.1879172e-06,0.0,0.0,-0.34862167,0
1777225800213000,0.004160995,-0.005187024,-6.9821253e-06,0.0,0.0,-0.35018083,0
1777225800229000,0.0026733181,-0.005125923,3.110338e-05,0.0,0.0,-0.35028112,0
1777225800249000,0.0004529195,-0.0032165975,6.388873e-07,0.0,0.0,-0.35465622,0
1777225800273000,0.002060909,-0.0052372487,1.4081597e-06,0.0,0.0,-0.35750866,0
1777225800293000,0.0025251522,-0.0053064004,9.544194e-06,0.0,0.0,-0.35913956,0
1777225800309000,0.003352879,-0.006272016,-5.736947e-07,0.0,0.0,-0.3594119,0
1777225800329000,0.0039885235,-0.006194399,1.0756776e-06,0.0,0.0,-0.3638952,0
1777225800349000,0.004176956,-0.005791107,-4.2133965e-05,0.0,0.0,-0.36406854,0
1777225800369000,0.0042008753,-0.006920935,1.9557774e-06,0.0,0.0,-0.36864156,0
1777225800389000,0.003955998,-0.0059076105,8.96398e-05,0.0,0.0,-0.36890954,0
1777225800409000,0.0036661832,-0.005608038,2.0535663e-06,0.0,0.0,-0.37349072,0
1777225800429000,0.00241535,-0.004776354,9.042211e-06,0.0,0.0,-0.37372592,0
1777225800449000,0.0020596674,-0.0057976497,1.1539087e-06,0.0,0.0,-0.3781716,0
1777225800473000,0.0015558094,-0.007841087,4.8894435e-07,0.0,0.0,-0.38139248,0
1777225800489000,0.0024168151,-0.007402178,8.996576e-07,0.0,0.0,-0.38303208,0
1777225800509000,0.0026504311,-0.008857434,-9.314716e-05,0.0,0.0,-0.38333523,0
1777225800529000,0.0031772603,-0.010432489,2.653338e-06,0.0,0.0,-0.38799343,0
1777225800549000,0.0031975233,-0.009920842,0.00017207582,0.0,0.0,-0.38837755,0
1777225800569000,0.00024159154,-0.010063808,1.466833e-06,0.0,0.0,-0.3930463,0
1777225800589000,0.0017006963,-0.008278865,-2.0666048e-05,0.0,0.0,-0.3934486,0
1777225800609000,0.0021584635,-0.00839717,1.2321398e-06,0.0,0.0,-0.39809862,0
1777225800633000,0.0018894138,-0.010273383,1.1734664e-06,0.0,0.0,-0.4016449,0
1777225800649000,0.0033990333,-0.011829684,1.942739e-06,0.0,0.0,-0.40340403,0
1777225800669000,0.004148002,-0.01168131,-1.4857389e-05,0.0,0.0,-0.4039903,0
1777225800689000,0.004340958,-0.010729404,3.2400712e-06,0.0,0.0,-0.40878513,0
1777225800713000,0.004238709,-0.011555388,3.461726e-06,0.0,0.0,-0.41255644,0
1777225800729000,0.0040857545,-0.012999957,3.6051497e-06,0.0,0.0,-0.41416442,0
1777225800749000,0.003032929,-0.012951094,-7.73184e-06,0.0,0.0,-0.41475502,0
1777225800769000,0.004873623,-0.01456356,2.731569e-06,0.0,0.0,-0.41960323,0
1777225800789000,0.0050390116,-0.0131755145,-1.2236647e-05,0.0,0.0,-0.42026445,0
1777225800813000,0.0055651595,-0.014108342,-6.41495e-05,0.0,0.0,-0.42524418,0
1777225800829000,0.003595196,-0.013282065,-3.0001625e-05,0.0,0.0,-0.42590526,0
1777225800849000,0.0012890957,-0.0155965155,-1.17346644e-07,0.0,0.0,-0.43097568,0
1777225800869000,0.003841793,-0.0150976805,3.0118972e-06,0.0,0.0,-0.43167073,0
1777225800893000,0.005088191,-0.013656403,-2.4029985e-05,0.0,0.0,-0.4369027,0
1777225800909000,0.0054439986,-0.013960821,-5.078502e-06,0.0,0.0,-0.43761665,0
1777225800933000,0.0056508225,-0.014161346,-1.9831583e-05,0.0,0.0,-0.44259995,0
1777225800949000,0.006630996,-0.01370533,4.6606176e-05,0.0,0.0,-0.44312763,0
1777225800973000,0.0051514846,-0.015259069,0.00014905632,0.0,0.0,-0.44833723,0
1777225800989000,0.005497561,-0.016008133,3.0021183e-05,0.0,0.0,-0.44902426,0
1777225801009000,0.0043824404,-0.015208053,3.86592e-06,0.0,0.0,-0.45424363,0
1777225801029000,0.005464425,-0.016627073,3.558211e-05,0.0,0.0,-0.45491424,0
1777225801049000,0.005496381,-0.015429943,4.517846e-06,0.0,0.0,-0.46012875,0
1777225801069000,0.0066348906,-0.015555275,-9.1595575e-06,0.0,0.0,-0.46077132,0
1777225801089000,0.009190663,-0.014789538,8.429401e-06,0.0,0.0,-0.46612516,0
1777225801109000,0.007811957,-0.014267068,-1.4629215e-05,0.0,0.0,-0.46702996,0
1777225801129000,0.007905225,-0.014064605,5.9455633e-06,0.0,0.0,-0.47239378,0
1777225801153000,0.0075986986,-0.015881993,4.2831525e-06,0.0,0.0,-0.47704226,0
1777225801169000,0.0079935575,-0.016015211,5.958602e-06,0.0,0.0,-0.47873306,0
1777225801193000,0.0074329,-0.01801289,5.7434663e-06,0.0,0.0,-0.4835883,0
1777225801209000,0.010656212,-0.01916343,9.641983e-06,0.0,0.0,-0.48524037,0
1777225801229000,0.010452916,-0.01864297,-0.00013262779,0.0,0.0,-0.48617917,0
1777225801249000,0.008470779,-0.018594425,5.35883e-06,0.0,0.0,-0.49174073,0
1777225801269000,0.007764734,-0.016346091,-2.3208559e-06,0.0,0.0,-0.49272275,0
1777225801293000,0.007909102,-0.013040904,6.0642138e-05,0.0,0.0,-0.49819422,0
1777225801313000,0.008589177,-0.013123472,7.4384734e-06,0.0,0.0,-0.50266457,0
1777225801333000,0.0059517208,-0.009680439,-0.00010049436,0.0,0.0,-0.50398916,0
1777225801349000,0.006499329,-0.0069265673,0.0001015896,0.0,0.0,-0.504262,0
1777225801369000,0.005545423,-0.0059830844,4.3287873e-06,0.0,0.0,-0.50866187,0
1777225801389000,0.0051406594,-0.002578132,2.9897317e-05,0.0,0.0,-0.5085531,0
1777225801409000,0.0040364666,-8.220724e-05,9.126961e-08,0.0,0.0,-0.51256365,0
1777225801433000,0.0026683887,0.0037138879,-3.51388e-06,0.0,0.0,-0.5155687,0
1777225801449000,0.0025578723,0.0054638367,-5.0198287e-06,0.0,0.0,-0.51585484,0
1777225801469000,0.002090937,0.008332252,-0.00013577007,0.0,0.0,-0.51524806,0
1777225801489000,0.0010579998,0.010495083,-1.0333024e-05,0.0,0.0,-0.5187235,0
1777225801509000,0.00069326645,0.014021964,-9.550713e-05,0.0,0.0,-0.51769066,0
1777225801529000,-0.0002052582,0.016850092,-1.9570813e-05,0.0,0.0,-0.5209158,0
1777225801549000,0.0016531973,0.01685202,1.3944693e-05,0.0,0.0,-0.519722,0
1777225801569000,4.437106e-05,0.017063562,-1.9759871e-05,0.0,0.0,-0.522577,0
1777225801589000,-0.00212575,0.019609192,1.21910125e-05,0.0,0.0,-0.521238,0
1777225801609000,-0.003273853,0.022201054,-2.40691e-05,0.0,0.0,-0.5497824,0
1777225801629000,-0.003090404,0.021676783,-6.658118e-05,0.0,0.0,-0.54693544,0
1777225801649000,-0.0018555621,0.022165468,-2.8000213e-05,0.0,0.0,-0.54748285,0
1777225801673000,-0.0025468543,0.023142189,-2.8619543e-05,0.0,0.0,-0.54712725,0
1777225801689000,-0.0032446887,0.022302443,-2.7309172e-05,0.0,0.0,-0.5448451,0
1777225801709000,-0.0019981926,0.02181473,1.1799857e-06,0.0,0.0,-0.5414583,0
1777225801729000,-0.0053217616,0.024665492,-2.2126362e-05,0.0,0.0,-0.542689,0
1777225801749000,-0.007164853,0.024132654,-8.248165e-05,0.0,0.0,-0.53930277,0
1777225801769000,-0.0076209754,0.02382162,-1.757592e-05,0.0,0.0,-0.5408274,0
1777225801789000,-0.007010821,0.024382792,1.2086704e-05,0.0,0.0,-0.5372891,0
1777225801809000,-0.008847608,0.024482174,-1.2484379e-05,0.0,0.0,-0.5388634,0
1777225801833000,-0.009129768,0.022184018,-9.3095005e-06,0.0,0.0,-0.53923064,0
1777225801853000,-0.0076548294,0.021605836,5.0283037e-05,0.0,0.0,-0.537248,0
1777225801869000,-0.00762923,0.020333158,-4.1703694e-05,0.0,0.0,-0.5338441,0
1777225801889000,-0.0058722706,0.023615018,-1.1115335e-05,0.0,0.0,-0.536185,0
1777225801909000,-0.0063918983,0.021964751,2.118107e-05,0.0,0.0,-0.53263164,0
1777225801929000,-0.005854502,0.021882942,-1.0007061e-05,0.0,0.0,-0.5350237,0
1777225801953000,-0.005282347,0.022485225,-9.66154e-06,0.0,0.0,-0.5357807,0
1777225801969000,-0.0040089963,0.02177336,-1.0958873e-05,0.0,0.0,-0.5339096,0
1777225801989000,-0.005208522,0.020907518,-1.8788502e-05,0.0,0.0,-0.53048414,0
1777225802013000,-0.0045759715,0.019585988,1.9010156e-05,0.0,0.0,-0.5330982,0
1777225802033000,-0.0044053127,0.017906884,-3.207475e-06,0.0,0.0,-0.5344444,0
1777225802053000,-0.0046364167,0.019320063,-3.753137e-05,0.0,0.0,-0.5325917,0
1777225802073000,-0.0039685615,0.021478629,-1.2060627e-06,0.0,0.0,-0.53370863,0
1777225802093000,-0.003427956,0.021084072,-3.627967e-05,0.0,0.0,-0.5319581,0
1777225802109000,-0.004118024,0.020284966,2.0509586e-05,0.0,0.0,-0.52812093,0
1777225802129000,-0.003181301,0.01813812,-5.150214e-07,0.0,0.0,-0.53144425,0
1777225802149000,-0.0019483132,0.021169323,-2.5842339e-05,0.0,0.0,-0.52751213,0
1777225802173000,-0.0010475873,0.019693317,6.501656e-05,0.0,0.0,-0.53070766,0
1777225802193000,-0.0017939426,0.017274909,-1.5646219e-06,0.0,0.0,-0.5320194,0
1777225802209000,-0.0014676774,0.014945546,-1.3103709e-06,0.0,0.0,-0.53020346,0
1777225802229000,-0.0021160436,0.014850605,9.392947e-05,0.0,0.0,-0.5261902,0
1777225802249000,-0.0013795889,0.015261118,-1.6363338e-06,0.0,0.0,-0.52979046,0
1777225802273000,-0.0011306559,0.013538,-1.0821968e-06,0.0,0.0,-0.53115106,0
1777225802293000,-0.00028236012,0.010693909,5.894713e-05,0.0,0.0,-0.5292269,0
1777225802309000,0.0004903806,0.010620332,-3.6755577e-05,0.0,0.0,-0.5251385,0
1777225802333000,-0.0021401849,0.011345217,-4.8529357e-05,0.0,0.0,-0.5287681,0
1777225802349000,-0.0005227843,0.010250733,-1.519639e-05,0.0,0.0,-0.5244458,0
1777225802369000,0.001439852,0.010374826,-7.105991e-07,0.0,0.0,-0.5284514,0
1777225802389000,-9.9139324e-05,0.010594287,-0.000111811794,0.0,0.0,-0.5240682,0
1777225802409000,-0.0026411589,0.009942939,1.238659e-06,0.0,0.0,-0.52814096,0
1777225802433000,-0.0012195389,0.010389491,1.7601997e-07,0.0,0.0,-0.529835,0
1777225802453000,3.1037453e-05,0.0110769775,3.1422824e-05,0.0,0.0,-0.5277982,0
1777225802469000,0.00034093496,0.009412236,5.4181553e-05,0.0,0.0,-0.5233326,0
1777225802493000,0.00025932578,0.008646798,-5.261693e-05,0.0,0.0,-0.5276175,0
1777225802509000,0.00075046154,0.008772814,-0.00010484271,0.0,0.0,-0.52312356,0
1777225802529000,-0.0012858093,0.008148126,5.476177e-07,0.0,0.0,-0.52748215,0
1777225802553000,-0.0017031874,0.0061822603,1.9557774e-07,0.0,0.0,-0.5294571,0
1777225802569000,-0.001760724,0.0072834822,5.2154064e-08,0.0,0.0,-0.52745754,0
1777225802589000,-0.0011960041,0.008348387,3.2648444e-05,0.0,0.0,-0.5227927,0
1777225802609000,-0.0015703535,0.009030094,2.0861626e-07,0.0,0.0,-0.52724737,0
1777225802633000,-0.002259822,0.007779408,8.540228e-07,0.0,0.0,-0.5292553,0
1777225802653000,-0.0020689152,0.009248076,-2.724398e-05,0.0,0.0,-0.5272578,0
1777225802669000,-0.0026913176,0.009134371,3.9213337e-05,0.0,0.0,-0.5223033,0
1777225802689000,-0.00325668,0.007588522,1.9492581e-06,0.0,0.0,-0.526958,0
1777225802713000,-0.0019159857,0.005207949,9.84408e-07,0.0,0.0,-0.5289964,0
1777225802729000,-0.0004446887,0.0060257157,8.4750354e-07,0.0,0.0,-0.5269233,0
1777225802749000,-0.0010872852,0.0041555623,7.453468e-05,0.0,0.0,-0.52194595,0
1777225802773000,0.0012528179,0.0033721337,6.932579e-05,0.0,0.0,-0.5267151,0
1777225802789000,0.002819562,0.0035120011,5.9905462e-05,0.0,0.0,-0.5214357,0
1777225802809000,0.0029220264,0.0029573648,-5.085021e-07,0.0,0.0,-0.5262784,0
1777225802829000,0.0009159608,0.004140826,-6.2324107e-06,0.0,0.0,-0.5210232,0
1777225802849000,0.0025199126,0.0056215534,-8.6054206e-07,0.0,0.0,-0.5260649,0
1777225802869000,0.0019747585,0.0048730085,-0.00013572443,0.0,0.0,-0.5206999,0
1777225802893000,0.0014388834,0.00396679,0.00011121854,0.0,0.0,-0.5258893,0
1777225802913000,0.0010065914,0.002662851,-5.9977174e-07,0.0,0.0,-0.5279663,0
1777225802929000,0.0007752509,0.0018030908,-4.5634806e-07,0.0,0.0,-0.525793,0
1777225802949000,0.0004499738,0.0011169857,-2.3039058e-05,0.0,0.0,-0.5203424,0
1777225802969000,-0.0010949357,0.0016963119,-2.0861626e-07,0.0,0.0,-0.5257579,0
1777225802989000,-0.002085146,0.0015147312,-5.042646e-05,0.0,0.0,-0.5200653,0
1777225803013000,-0.0021510387,0.0009905463,2.9551797e-05,0.0,0.0,-0.51901525,0
1777225803029000,-0.0019708506,-0.000100540834,-5.499646e-05,0.0,0.0,-0.5135043,0
1777225803053000,-0.002032592,0.0007993751,-4.856847e-06,0.0,0.0,-0.5099333,0
1777225803069000,0.0006438028,0.0009963757,-0.00014567934,0.0,0.0,-0.5048695,0
1777225803093000,-0.0004845122,-0.00025425653,2.8965063e-05,0.0,0.0,-0.5009623,0
1777225803109000,-0.00096803304,0.000111931025,-2.820883e-05,0.0,0.0,-0.49638477,0
1777225803133000,-0.0011606659,-0.0008165677,4.1071326e-06,0.0,0.0,-0.49723634,0
1777225803149000,0.00031001703,-0.0011175016,4.5660883e-05,0.0,0.0,-0.49333027,0
1777225803173000,0.0011599781,0.0013459864,3.4160912e-06,0.0,0.0,-0.49746442,0
1777225803193000,-0.00022287728,0.001458003,-6.519258e-08,0.0,0.0,-0.49986386,0
1777225803209000,0.00016714013,0.00018708348,0.0,0.0,0.0,-0.49756685,0
1777225803229000,-0.00056554616,-0.00029876374,-2.8039329e-05,0.0,0.0,-0.49338695,0
1777225803249000,-0.0009741475,2.7587666e-06,6.519258e-09,0.0,0.0,-0.49753603,0
1777225803273000,0.0005307375,-0.0023857134,2.4121255e-07,0.0,0.0,-0.49991116,0
1777225803289000,0.0015727906,-0.0014529895,3.0640513e-07,0.0,0.0,-0.49769428,0
1777225803313000,0.0024212028,-0.00064356165,1.238659e-07,0.0,0.0,-0.50007635,0
1777225803329000,0.0023850298,0.0013096422,-2.3469329e-07,0.0,0.0,-0.497829,0
1777225803349000,0.0019557066,0.0011425931,6.121583e-05,0.0,0.0,-0.49363953,0
1777225803369000,0.00172579,-0.00031835676,9.778887e-08,0.0,0.0,-0.4977348,0
1777225803393000,0.003586662,0.00060814235,-1.4994293e-07,0.0,0.0,-0.50023526,0
1777225803409000,0.0040383725,0.000712777,-2.6077032e-07,0.0,0.0,-0.4979502,0
1777225803433000,0.0022841091,-0.0008497768,3.5203993e-07,0.0,0.0,-0.5000576,0
1777225803449000,0.0022010126,-0.0032640072,1.388602e-06,0.0,0.0,-0.49769503,0
1777225803469000,0.002248751,-0.0023626722,-0.00012932904,0.0,0.0,-0.4932959,0
1777225803489000,0.0012204851,-0.003547349,1.5515834e-06,0.0,0.0,-0.49756536,0
1777225803509000,-0.00045217437,-0.0031470722,-3.7563965e-05,0.0,0.0,-0.49315658,0
1777225803529000,0.0018304897,-0.0045833634,2.2295862e-06,0.0,0.0,-0.4975235,0
1777225803549000,0.0018764801,-0.0033110438,1.3475306e-05,0.0,0.0,-0.49326944,0
1777225803569000,-0.000295821,-0.0023438192,1.036562e-06,0.0,0.0,-0.49775574,0
1777225803589000,-0.001049992,-8.502761e-05,0.00014589448,0.0,0.0,-0.49342388,0
1777225803609000,-0.00062701193,-0.0008761284,3.6507845e-07,0.0,0.0,-0.4976376,0
1777225803629000,-0.0001752321,-0.0008840049,9.5018186e-05,0.0,0.0,-0.49312252,0
1777225803649000,-0.00013642576,-0.002732132,1.0561198e-06,0.0,0.0,-0.49764735,0
1777225803669000,-0.0017444611,-0.0025561687,-1.3129786e-05,0.0,0.0,-0.49317518,0
1777225803689000,-0.0022905266,-0.0025570474,7.3667616e-07,0.0,0.0,-0.49728525,0
1777225803713000,-0.0012797653,-0.0012791455,3.8463622e-07,0.0,0.0,-0.49943998,0
1777225803729000,-0.0004660504,0.00020799878,-6.519258e-08,0.0,0.0,-0.49698567,0
1777225803753000,-0.0010672465,0.001173325,-3.3900142e-07,0.0,0.0,-0.49921066,0
1777225803773000,-0.00096574274,0.0013487465,7.392187e-05,0.0,0.0,-0.49683914,0
1777225803793000,-0.002356309,0.001008212,-1.3690442e-07,0.0,0.0,-0.499323,0
1777225803813000,-0.0016208339,0.00059889955,0.00010078773,0.0,0.0,-0.49677274,0
1777225803829000,-0.0027263893,0.0013723411,-0.000120149925,0.0,0.0,-0.49230087,0
1777225803849000,-0.0041872542,0.0006102544,1.3038516e-08,0.0,0.0,-0.49678004,0
1777225803869000,-0.003544615,0.00025053718,5.341228e-05,0.0,0.0,-0.49232,0
1777225803893000,-0.004516457,0.0011330898,1.730211e-05,0.0,0.0,-0.49662668,0
1777225803909000,-0.005670941,0.0009075187,-4.0347688e-05,0.0,0.0,-0.49208504,0
1777225803929000,-0.004016937,0.0012415879,1.238659e-07,0.0,0.0,-0.49655384,0
1777225803949000,-0.0050883926,0.0011748554,-3.478024e-05,0.0,0.0,-0.49206692,0
1777225803969000,-0.0044709356,0.0027625603,4.1071326e-07,0.0,0.0,-0.49652454,0
1777225803989000,-0.0034694285,0.0030275,-1.1147931e-05,0.0,0.0,-0.4920112,0
1777225804009000,-0.0022549257,0.0014022732,3.9115548e-07,0.0,0.0,-0.49654675,0
1777225804029000,-0.0025040493,0.00078650174,1.1871569e-05,0.0,0.0,-0.49210772,0
1777225804049000,-0.0036754694,-0.00023639548,-1.0430813e-07,0.0,0.0,-0.49651453,0
1777225804069000,-0.0034874538,-0.0005170106,-5.173683e-05,0.0,0.0,-0.49199557,0
1777225804093000,-0.00210454,0.0022153403,-8.013472e-05,0.0,0.0,-0.49639276,0
1777225804109000,-0.0029190846,0.0029168471,0.00010216329,0.0,0.0,-0.49180064,0
1777225804133000,-0.002202472,0.0028536972,-1.467485e-05,0.0,0.0,-0.49630433,0
1777225804149000,-0.0017426653,0.00065251236,2.8749928e-05,0.0,0.0,-0.49166572,0
1777225804169000,0.0015226802,0.001999546,7.497147e-07,0.0,0.0,-0.4961132,0
1777225804189000,0.00018447507,0.00074032973,-0.00014215242,0.0,0.0,-0.49145094,0
1777225804209000,-0.0006611574,0.00050828396,2.803281e-07,0.0,0.0,-0.49590248,0
1777225804229000,-0.00067736465,-0.00013909792,-5.3483993e-05,0.0,0.0,-0.49125102,0
1777225804253000,-0.00026771,-0.001393508,5.8112666e-05,0.0,0.0,-0.49567762,0
1777225804273000,0.00060096156,-0.00096985407,-5.736947e-07,0.0,0.0,-0.49810156,0
1777225804293000,0.0010343306,0.0016670225,3.2824464e-05,0.0,0.0,-0.49572563,0
1777225804313000,0.0018342007,0.00055736164,2.5425106e-07,0.0,0.0,-0.49804714,0
1777225804329000,0.00062601373,0.0020132365,1.2191013e-06,0.0,0.0,-0.49580234,0
1777225804349000,0.0005825425,0.003319518,-7.1744435e-05,0.0,0.0,-0.4912078,0
1777225804369000,-0.00034807588,0.0038582918,2.8749928e-06,0.0,0.0,-0.495732,0
1777225804389000,-0.0009742056,0.0030580827,-2.2732653e-05,0.0,0.0,-0.4910559,0
1777225804409000,-0.00044782407,0.002540927,1.7601997e-06,0.0,0.0,-0.495769,0
1777225804429000,-0.00026884847,0.0022306975,-2.0679086e-05,0.0,0.0,-0.49125913,0
1777225804449000,-0.00021340894,0.0033641874,2.223067e-06,0.0,0.0,-0.49594006,0
1777225804473000,0.00077742134,0.004087527,2.4707988e-06,0.0,0.0,-0.49841085,0
1777225804489000,0.0011011194,0.002369687,1.2973323e-06,0.0,0.0,-0.49592385,0
1777225804509000,2.1825064e-05,0.00347218,-6.8139285e-05,0.0,0.0,-0.49116886,0
1777225804533000,-0.00061421405,0.0025394117,-3.066659e-05,0.0,0.0,-0.49581355,0
1777225804553000,-0.0011967979,0.0039028025,2.4447218e-06,0.0,0.0,-0.49803886,0
1777225804569000,-0.00029334455,0.00270239,1.1995435e-06,0.0,0.0,-0.49572796,0
1777225804589000,0.0006503218,0.00081852626,-9.855162e-05,0.0,0.0,-0.49099368,0
1777225804609000,-0.00026616026,0.00140162,9.553321e-05,0.0,0.0,-0.49550265,0
1777225804629000,0.00078054646,0.0015072435,0.00021595694,0.0,0.0,-0.49075073,0
1777225804649000,-0.00055822433,0.0026501522,0.00023767911,0.0,0.0,-0.4952755,0
1777225804669000,-0.00058379956,0.0001730087,0.0003094431,0.0,0.0,-0.49041235,0
1777225804689000,-0.0027515744,0.00058510015,0.0002797218,0.0,0.0,-0.4952054,0
1777225804709000,-0.0031819758,-0.00052927714,0.0004145857,0.0,0.0,-0.49050623,0
1777225804729000,-0.0027209807,-0.0028634728,0.0005651871,0.0,0.0,-0.4953461,0
1777225804749000,-0.0017605547,-0.0014905998,0.00048102345,0.0,0.0,-0.49056175,0
1777225804773000,-0.002307773,-0.0014312438,0.0003218623,0.0,0.0,-0.4950951,0
1777225804789000,-0.0023723503,-0.002185725,1.2438744e-05,0.0,0.0,-0.49033773,0
1777225804809000,-0.0030537536,-0.0025054417,-0.00017847773,0.0,0.0,-0.4950486,0
1777225804833000,-0.0025404794,-0.00078290456,-0.0001693638,0.0,0.0,-0.4971654,0
1777225804853000,-0.0018941552,0.00053006475,0.00016422011,0.0,0.0,-0.4947846,0
1777225804873000,-0.004457112,0.001608341,-0.00020139944,0.0,0.0,-0.49702698,0
1777225804889000,-0.004721064,0.0012555044,-0.0001391666,0.0,0.0,-0.4946089,0
1777225804913000,-0.0038712348,-0.0015020112,7.405225e-05,0.0,0.0,-0.4969514,0
1777225804929000,-0.0035391094,-0.00070040964,-0.00018719397,0.0,0.0,-0.49444678,0
1777225804953000,-0.001286828,-0.0015869577,-0.00024678,0.0,0.0,-0.49674615,0
1777225804969000,-0.0019211068,-0.00048915163,-0.00017201714,0.0,0.0,-0.4944545,0
1777225804989000,-0.0032592514,-0.00047575333,-0.00036575645,0.0,0.0,-0.48969027,0
1777225805009000,-0.00315963,-0.00096801633,-0.00039101858,0.0,0.0,-0.4943841,0
1777225805029000,-0.0021727053,-0.0032009839,-0.00045776274,0.0,0.0,-0.48959506,0
1777225805049000,-0.0030722618,-0.0032202285,-0.00022600964,0.0,0.0,-0.49441117,0
1777225805073000,-0.0042285495,-0.0038160086,0.00021798443,0.0,0.0,-0.4966941,0
1777225805089000,-0.0024809628,-0.003391865,0.0002610376,0.0,0.0,-0.49437016,0
1777225805109000,-0.002115101,-0.002332333,0.0005410593,0.0,0.0,-0.48959428,0
1777225805129000,-0.0021879873,-0.001958178,8.44961e-05,0.0,0.0,-0.49441582,0
1777225805149000,-0.0016870077,-0.0011159088,-6.231759e-05,0.0,0.0,-0.48966002,0
1777225805169000,-0.0016279632,-0.0026909278,6.043352e-06,0.0,0.0,-0.4944987,0
1777225805193000,-0.001295048,-0.0034142784,0.00036496762,0.0,0.0,-0.4968272,0
1777225805213000,-0.0017850389,-0.003206201,0.00043544732,0.0,0.0,-0.49455118,0
1777225805229000,-0.0005456659,-0.0032981492,0.00073979236,0.0,0.0,-0.48964602,0
1777225805253000,0.0003358292,-0.001901041,0.00085807126,0.0,0.0,-0.49445707,0
1777225805269000,0.0005419592,-0.0029413046,0.0007741619,0.0,0.0,-0.4896921,0
1777225805289000,0.0008454239,-0.0039718477,0.0008190144,0.0,0.0,-0.49409392,0
1777225805309000,0.0012158426,-0.0020495658,0.00069184974,0.0,0.0,-0.48929244,0
1777225805329000,0.0015487232,-0.00059213024,0.00036676042,0.0,0.0,-0.49401787,0
1777225805353000,0.0007673491,-0.0031848925,0.0003722431,0.0,0.0,-0.49641243,0
1777225805369000,-0.00033431142,-0.00038521763,0.00018474925,0.0,0.0,-0.49394372,0
1777225805389000,0.00016971592,-0.00085527747,0.00011528656,0.0,0.0,-0.48916206,0
1777225805409000,0.0006323359,-0.00058345834,-0.00027800724,0.0,0.0,-0.49384728,0
1777225805433000,-0.0006565981,0.0010222798,-0.00054699834,0.0,0.0,-0.49623412,0
1777225805453000,-0.00050849986,-1.9449548e-05,-0.0010967348,0.0,0.0,-0.49398422,0
1777225805469000,-0.0013987952,-0.0015439921,-0.0011461573,0.0,0.0,-0.4892611,0
1777225805489000,0.0009955126,-0.0031740016,-0.001260466,0.0,0.0,-0.49402475,0
1777225805513000,0.0015422638,-0.0035976092,-0.0015500188,0.0,0.0,-0.49648005,0
1777225805533000,0.0020384795,-0.0037394448,-0.0016968716,0.0,0.0,-0.49416873,0
1777225805549000,0.0012394451,-0.0056574875,-0.00176387,0.0,0.0,-0.4894068,0
1777225805569000,0.0006785924,-0.004489438,-0.0016776985,0.0,0.0,-0.4941361,0
1777225805589000,0.0021631017,-0.0026139691,-0.0019070394,0.0,0.0,-0.48938325,0
1777225805609000,0.0028922742,-0.0014175681,-0.0016220957,0.0,0.0,-0.49419162,0
1777225805629000,0.002948168,-0.0028770065,-0.001471201,0.0,0.0,-0.4894554,0
1777225805649000,0.0029910896,-0.002786066,-0.0019087605,0.0,0.0,-0.49424767,0
1777225805669000,0.003534416,-0.0024495749,-0.002116738,0.0,0.0,-0.48941302,0
1777225805689000,0.003967041,-0.004342381,-0.002212773,0.0,0.0,-0.49411857,0
1777225805709000,0.0039764713,-0.003167833,-0.0025125155,0.0,0.0,-0.4894197,0
1777225805729000,0.0024486722,-0.00087300263,-0.002564676,0.0,0.0,-0.49411336,0
1777225805753000,0.0012328072,-0.00044608387,-0.0021338705,0.0,0.0,-0.49631488,0
1777225805773000,0.0011615251,-0.00093057734,-0.002050802,0.0,0.0,-0.4941323,0
1777225805789000,0.0023998853,-0.0009618536,-0.001861887,0.0,0.0,-0.4892602,0
1777225805813000,0.0028675548,-0.0019500202,-0.0017390642,0.0,0.0,-0.49396878,0
1777225805829000,0.0038223548,-0.0013833869,-0.0016015274,0.0,0.0,-0.489314,0
1777225805853000,0.00522555,-0.00315561,-0.0016351929,0.0,0.0,-0.49395865,0
1777225805869000,0.004328493,-0.0023666262,-0.0018655704,0.0,0.0,-0.48922688,0
1777225805889000,0.004881328,-0.0031308213,-0.002134405,0.0,0.0,-0.49398237,0
1777225805909000,0.0054408466,-0.002807641,-0.0024120081,0.0,0.0,-0.48918855,0
1777225805929000,0.005249838,-0.0028103709,-0.0022019641,0.0,0.0,-0.49414137,0
1777225805953000,0.002671777,-0.0024431497,-0.0018397281,0.0,0.0,-0.49639142,0
1777225805969000,0.0027020692,-0.0006817957,-0.0017289007,0.0,0.0,-0.49428424,0
1777225805993000,0.003239274,-0.00016768227,-0.001681108,0.0,0.0,-0.49651042,0
1777225806013000,0.0024690195,-0.0015299371,-0.0015983786,0.0,0.0,-0.4941689,0
1777225806029000,0.0033309674,-0.0012860255,-0.0017523309,0.0,0.0,-0.48921904,0
1777225806049000,0.003458985,-0.002437036,-0.0016939836,0.0,0.0,-0.49393144,0
1777225806073000,0.0014281753,-0.0049857246,-0.001726456,0.0,0.0,-0.49627897,0
1777225806093000,0.00082220446,-0.004839492,-0.0013458356,0.0,0.0,-0.49398205,0
1777225806109000,-0.0012684528,-0.0020476663,-0.0011895886,0.0,0.0,-0.48909223,0
1777225806129000,-0.0021880274,-0.0015975444,-0.0015394837,0.0,0.0,-0.49396405,0
1777225806149000,-3.259168e-05,-0.0016542546,-0.0014541857,0.0,0.0,-0.48919782,0
1777225806169000,-0.0020152705,-0.0009524809,-0.0013910206,0.0,0.0,-0.49407244,0
1777225806189000,-0.0024907533,-0.0013939318,-0.0017028432,0.0,0.0,-0.48917842,0
1777225806209000,-0.0014343737,-0.00068928505,-0.001524711,0.0,0.0,-0.4938859,0
1777225806229000,-0.0017132486,-0.0014335093,-0.0012603356,0.0,0.0,-0.4891502,0
1777225806249000,-0.0015887042,-0.000630868,-0.0005690139,0.0,0.0,-0.494047,0
1777225806269000,-0.0012628649,3.926216e-06,-0.0003279904,0.0,0.0,-0.4891011,0
1777225806289000,-0.0010910644,-0.0005123273,-0.0003497582,0.0,0.0,-0.49376935,0
1777225806309000,-0.00012870114,-0.0014758876,-0.00010089856,0.0,0.0,-0.48889402,0
1777225806329000,-0.0003385211,0.00047064823,7.750094e-05,0.0,0.0,-0.4935515,0
1777225806353000,-0.0007298127,-0.00026487178,0.00027590152,0.0,0.0,-0.4959275,0
1777225806373000,-0.0030004962,-0.0003701015,0.00042707007,0.0,0.0,-0.49357423,0
1777225806393000,-0.0023146076,-0.0013366631,0.0006435616,0.0,0.0,-0.49572304,0
1777225806409000,-0.0018010264,-0.0025992596,0.0006610593,0.0,0.0,-0.4934249,0
1777225806429000,-0.0026337255,-0.002173341,0.0009028781,0.0,0.0,-0.48860607,0
1777225806453000,-0.0026745643,-0.00089767395,0.0010070102,0.0,0.0,-0.49336368,0
1777225806469000,-0.002288125,-0.00082296215,0.0011161622,0.0,0.0,-0.48858494,0
1777225806489000,-0.0031111366,-0.00032592114,0.00058947783,0.0,0.0,-0.49350247,0
1777225806509000,-0.0034330986,0.0019141717,0.0005908208,0.0,0.0,-0.48865277,0
1777225806533000,-0.0032010016,0.0028597955,0.0005800249,0.0,0.0,-0.49355438,0
1777225806549000,-0.0033193724,0.0011095484,0.00076784473,0.0,0.0,-0.48856404,0
1777225806569000,-0.0014036226,0.00030392,0.0006206203,0.0,0.0,-0.49333897,0
1777225806589000,-0.0015453764,-0.0004476928,0.0013408093,0.0,0.0,-0.4884211,0
1777225806609000,-0.0011940461,0.0020303426,0.0018017599,0.0,0.0,-0.49322686,0
1777225806633000,-0.0016120024,0.000452153,0.0023071067,0.0,0.0,-0.49538735,0
1777225806653000,-0.0020124316,8.69763e-05,0.0021047099,0.0,0.0,-0.49307573,0
1777225806673000,-0.001312312,-0.0007565076,0.0023214621,0.0,0.0,-0.49524483,0
1777225806689000,-0.0006716549,-0.0013877631,0.0022321614,0.0,0.0,-0.49300018,0
1777225806709000,-0.0008745008,-0.0020166303,0.0018842611,0.0,0.0,-0.4882083,0
1777225806733000,-9.5904434e-05,-0.001270158,0.0017729057,0.0,0.0,-0.49304897,0
1777225806753000,-0.00030194182,-0.00018076363,0.0012285346,0.0,0.0,-0.49520183,0
1777225806773000,-8.960208e-05,0.0007890302,0.0010265289,0.0,0.0,-0.49299878,0
1777225806789000,-0.0001953009,0.002410855,0.0011145389,0.0,0.0,-0.4882253,0
1777225806809000,-0.0004687861,0.003142349,0.000939562,0.0,0.0,-0.49293414,0
1777225806829000,5.3841446e-05,0.0018429554,0.0012732958,0.0,0.0,-0.4880451,0
1777225806849000,-0.00058639457,-0.00035856065,0.001262187,0.0,0.0,-0.49295214,0
1777225806869000,-0.0006312147,-0.00013603579,0.0014079576,0.0,0.0,-0.4880956,0
1777225806889000,-0.0018941646,0.00033600786,0.0014034724,0.0,0.0,-0.49298236,0
1777225806909000,-0.0029494907,0.0016827544,0.0012625325,0.0,0.0,-0.4881141,0
1777225806929000,-0.0015325987,0.0020223549,0.0014299471,0.0,0.0,-0.49296865,0
1777225806949000,-0.0036727136,0.0008531568,0.0016640797,0.0,0.0,-0.48813498,0
1777225806969000,-0.0024181288,-4.9130158e-05,0.0010794392,0.0,0.0,-0.49295852,0
1777225806989000,-0.0027042269,0.001259709,0.00035396963,0.0,0.0,-0.48813966,0
1777225807013000,-0.0032724692,0.0006532737,1.9844621e-05,0.0,0.0,-0.49295008,0
1777225807029000,-0.002490534,-0.0006731723,0.00029222574,0.0,0.0,-0.48816645,0
1777225807053000,-0.0020990865,1.8309398e-05,1.7999671e-05,0.0,0.0,-0.49312937,0
1777225807069000,-0.0010410834,-0.0016022993,0.00031192694,0.0,0.0,-0.48813874,0
1777225807089000,3.576606e-05,-0.0028164112,0.0007368978,0.0,0.0,-0.49300656,0
1777225807113000,-4.3234682e-05,-0.0026089991,0.00045847334,0.0,0.0,-0.49536857,0
1777225807133000,-0.0007642163,-0.00054382806,0.0004544314,0.0,0.0,-0.49306905,0
1777225807149000,0.00024831097,-0.0030545103,0.00030197203,0.0,0.0,-0.48811877,0
1777225807169000,0.0011232564,-0.0015011487,0.0002923431,0.0,0.0,-0.4929606,0
1777225807189000,0.0008084079,0.00017889873,5.508773e-06,0.0,0.0,-0.48808256,0
1777225807209000,0.00043397333,-0.0016970736,-0.0004192274,0.0,0.0,-0.4930466,0
1777225807229000,0.0011172239,-0.0024561174,-0.0010169847,0.0,0.0,-0.4882549,0
1777225807249000,0.00016768536,-0.0009243069,-0.0011004247,0.0,0.0,-0.4929398,0
1777225807269000,0.0005371697,-0.00038862787,-0.0014288779,0.0,0.0,-0.48806247,0
1777225807289000,0.0022759363,-0.0017906121,-0.0019122809,0.0,0.0,-0.492954,0
1777225807309000,0.0017697891,-0.00033090703,-0.0022356492,0.0,0.0,-0.48822898,0
1777225807329000,0.0026515306,-0.0027239341,-0.0026288386,0.0,0.0,-0.49317753,0
1777225807353000,0.0021963075,-0.0021987327,-0.0027977396,0.0,0.0,-0.4954342,0
1777225807369000,0.0015819601,-0.0034820586,-0.0027715256,0.0,0.0,-0.4932298,0
1777225807389000,0.0029845347,-0.002530923,-0.0026894938,0.0,0.0,-0.48845664,0
1777225807413000,0.0041817413,-0.0016711599,-0.0027128002,0.0,0.0,-0.493337,0
1777225807429000,0.003177552,-0.0017668522,-0.002569409,0.0,0.0,-0.48844826,0
1777225807449000,0.0018425684,0.00011259118,-0.0021711737,0.0,0.0,-0.4932253,0
1777225807469000,0.00331931,0.00041581958,-0.0023550494,0.0,0.0,-0.48841074,0
1777225807489000,0.0036167633,0.0009565056,-0.0021571573,0.0,0.0,-0.49320516,0
1777225807509000,0.0036789996,0.0008113267,-0.0022265743,0.0,0.0,-0.48840678,0
1777225807529000,0.0039069103,0.0008921503,-0.0020725438,0.0,0.0,-0.49351233,0
1777225807549000,0.003196315,-7.816952e-05,-0.001687712,0.0,0.0,-0.48872018,0
1777225807573000,0.0029238518,0.00052944466,-0.0014272742,0.0,0.0,-0.4936414,0
1777225807593000,0.0028382216,0.0016014129,-0.0013379734,0.0,0.0,-0.49583218,0
1777225807613000,0.0024180356,0.0007676206,-0.0011357982,0.0,0.0,-0.49355045,0
1777225807629000,0.0013901031,0.0012461435,-0.0010243449,0.0,0.0,-0.48879632,0
1777225807649000,0.0015508649,0.00049622223,-0.0010896353,0.0,0.0,-0.49337682,0
1777225807673000,0.0016526721,-1.1974598e-05,-0.0008262638,0.0,0.0,-0.49562582,0
1777225807689000,0.0012215296,-0.0005858547,-0.00045583304,0.0,0.0,-0.4932943,0
1777225807713000,0.0015974432,0.00025002094,-0.00057478994,0.0,0.0,-0.4956365,0
1777225807733000,-8.468922e-05,0.0017367325,-0.00023790076,0.0,0.0,-0.49348179,0
1777225807749000,-0.00039771976,0.0011879484,-0.00044042803,0.0,0.0,-0.48860446,0
1777225807769000,-0.0014194775,0.0014723433,1.4668331e-05,0.0,0.0,-0.49349833,0
1777225807789000,-0.0007598384,3.2560692e-06,7.9215504e-05,0.0,0.0,-0.4885315,0
1777225807809000,-0.0032170538,0.00038646947,6.214157e-05,0.0,0.0,-0.49340525,0
1777225807833000,-0.0030738036,0.0008604825,0.00012333784,0.0,0.0,-0.49550796,0
1777225807853000,-0.0008782189,0.0011559152,0.00015608408,0.0,0.0,-0.4931296,0
1777225807873000,-0.0015609871,0.0027696558,0.00018000323,0.0,0.0,-0.49538383,0
1777225807889000,-0.0009510261,0.0043476513,-4.23491e-05,0.0,0.0,-0.49311388,0
1777225807909000,-0.00054779777,0.0034202584,0.0002858173,0.0,0.0,-0.48827404,0
1777225807933000,-0.00068380946,0.0028409832,0.00053274725,0.0,0.0,-0.4930521,0
1777225807949000,-0.0013712803,0.0019771743,0.00038558152,0.0,0.0,-0.4881311,0
1777225807969000,-0.0025246406,0.002488599,0.00036728848,0.0,0.0,-0.49301985,0
1777225807989000,-0.0023199073,0.0019622147,0.00037668925,0.0,0.0,-0.48815277,0
1777225808009000,-0.0016883416,0.0020373808,0.00024236646,0.0,0.0,-0.49318394,0
1777225808029000,-0.0010170793,0.0021427637,0.00046825875,0.0,0.0,-0.48839375,0
1777225808053000,2.56715e-05,0.0018689132,0.00074696355,0.0,0.0,-0.4932259,0
1777225808069000,-0.00032044243,0.0012767746,0.0008733198,0.0,0.0,-0.4882856,0
1777225808093000,0.00028974607,0.0027706714,0.001163316,0.0,0.0,-0.49321643,0
1777225808109000,0.0004462416,0.0022000724,0.0011793794,0.0,0.0,-0.48841286,0
1777225808129000,-0.0007846588,0.0017928069,0.0007594675,0.0,0.0,-0.49346834,0
1777225808149000,-0.0019734493,0.0021974542,0.0009065615,0.0,0.0,-0.4885437,0
1777225808169000,-0.0025432343,0.0014163085,0.0008531166,0.0,0.0,-0.49358332,0
1777225808189000,-0.0027770384,0.0010364618,0.0006854804,0.0,0.0,-0.488647,0
1777225808209000,-0.00045161849,-7.388199e-05,0.00081449,0.0,0.0,-0.4935969,0
1777225808229000,0.0023910387,0.001720561,0.0010123169,0.0,0.0,-0.4887012,0
1777225808249000,0.0027697517,-0.0012932104,0.0010192404,0.0,0.0,-0.49339908,0
1777225808269000,0.0028057443,-0.0011778906,0.0002827663,0.0,0.0,-0.48842394,0
1777225808289000,0.0020943403,-0.0003636348,0.00045018736,0.0,0.0,-0.4933627,0
1777225808309000,0.0029704773,-0.00031812355,0.0005327603,0.0,0.0,-0.4883895,0
1777225808329000,0.0020396365,0.0007094318,0.00054343883,0.0,0.0,-0.49333063,0
1777225808349000,0.00151789,-0.000112243186,0.0007602107,0.0,0.0,-0.48842803,0
1777225808369000,0.0022389684,-0.0005193529,0.0004930189,0.0,0.0,-0.4933295,0
1777225808389000,0.0028837894,-0.00071874494,0.0007428108,0.0,0.0,-0.4884391,0
1777225808409000,0.0033362575,-0.0016834671,0.0007996652,0.0,0.0,-0.49336344,0
1777225808433000,0.0027858678,-8.8769964e-05,0.0005604541,0.0,0.0,-0.49558038,0
1777225808449000,0.0026733193,-0.00017870725,0.00039358716,0.0,0.0,-0.49333277,0
1777225808469000,0.0028568099,-0.0014740572,0.00017943606,0.0,0.0,-0.48849022,0
1777225808489000,0.0021930898,0.00024718567,-6.572716e-05,0.0,0.0,-0.49341813,0
1777225808509000,0.0034698704,-0.00094194675,-0.0002146205,0.0,0.0,-0.48843524,0
1777225808533000,0.0022596868,0.00011489233,-0.00022657681,0.0,0.0,-0.49341124,0
1777225808553000,-0.0010056841,-0.00013911897,-0.00011921115,0.0,0.0,-0.495693,0
1777225808573000,-0.0005439999,-0.00029442276,-0.00049124565,0.0,0.0,-0.49341896,0
1777225808589000,-2.0052712e-05,0.0012292636,-0.0007622773,0.0,0.0,-0.48844373,0
1777225808609000,0.00037390194,0.0014282174,-0.0008700341,0.0,0.0,-0.4932867,0
1777225808629000,0.0027394076,0.0008565709,-0.0005249763,0.0,0.0,-0.488423,0
1777225808649000,0.0034450353,0.0007578389,-0.0004932666,0.0,0.0,-0.49326718,0
1777225808669000,0.0035157776,-0.0007505811,-0.00048778392,0.0,0.0,-0.48838753,0
1777225808689000,0.003800632,-0.0016084667,-0.00033243,0.0,0.0,-0.493301,0
1777225808709000,0.0020829323,-0.0011704796,-0.00020738412,0.0,0.0,-0.4883499,0
1777225808729000,0.0015663105,-0.0020726917,-0.00014650077,0.0,0.0,-0.4932237,0
1777225808753000,-0.00022653792,-0.0018633802,-0.00023299828,0.0,0.0,-0.49552783,0
1777225808769000,0.00065931,-0.00059032673,-6.232411e-05,0.0,0.0,-0.493254,0
1777225808789000,0.00040090748,0.00033252672,2.7759e-05,0.0,0.0,-0.48827887,0
1777225808809000,0.0015038636,-0.0018382584,4.006084e-05,0.0,0.0,-0.4931746,0
1777225808829000,0.0030376494,-0.00096120045,7.812027e-05,0.0,0.0,-0.488278,0
1777225808849000,0.0019711733,0.0012592997,0.0001124898,0.0,0.0,-0.49307698,0
1777225808873000,0.0024627699,8.737835e-05,0.00028606504,0.0,0.0,-0.49528936,0
1777225808893000,0.003759838,-0.0018371192,0.00026134402,0.0,0.0,-0.4929759,0
1777225808909000,0.004306852,-0.00371716,0.00041661318,0.0,0.0,-0.48801014,0
1777225808929000,0.003563686,-0.0031192186,0.00046400167,0.0,0.0,-0.49287468,0
1777225808953000,0.002829898,-0.0019103109,0.0006699776,0.0,0.0,-0.495178,0
1777225808969000,0.0040182075,-0.0009415607,0.00085139554,0.0,0.0,-0.4927459,0
1777225808989000,0.0026437142,-0.0010157429,0.0006960286,0.0,0.0,-0.48773968,0
1777225809013000,0.003040763,-0.0010948946,0.0004470516,0.0,0.0,-0.4928967,0
1777225809033000,0.0038196724,-0.002125838,3.5725534e-05,0.0,0.0,-0.49511707,0
1777225809053000,0.0033244665,-0.00093672547,-0.00024770573,0.0,0.0,-0.49281865,0
1777225809069000,0.0024668637,0.0009225665,-0.000396749,0.0,0.0,-0.48787183,0
1777225809089000,0.0043027177,0.0001766879,-0.00025292113,0.0,0.0,-0.4928544,0
1777225809109000,0.0044873557,-0.0016901848,-0.000353083,0.0,0.0,-0.4879843,0
1777225809133000,0.0039804713,-0.0014492198,-0.00035073608,0.0,0.0,-0.49302465,0
1777225809149000,0.00474984,-0.0022385505,-0.00027824193,0.0,0.0,-0.4881631,0
1777225809169000,0.004473592,-0.00069302187,-2.7661212e-05,0.0,0.0,-0.49307257,0
1777225809189000,0.005477925,-9.158344e-05,0.00010304991,0.0,0.0,-0.48820046,0
1777225809213000,0.005284439,-0.00061553146,0.00045513548,0.0,0.0,-0.49314746,0
1777225809229000,0.0053135077,-0.0018169895,0.0005125897,0.0,0.0,-0.4882479,0
1777225809249000,0.004680016,-0.0015155392,0.00059717055,0.0,0.0,-0.49621466,0
1777225809269000,0.0037003418,-0.0014372743,0.00045271683,0.0,0.0,-0.4912535,0
1777225809293000,0.0048632906,-0.0016056373,0.00046669412,0.0,0.0,-0.50500995,0
1777225809309000,0.0023981638,-0.00012536743,0.0003233878,0.0,0.0,-0.4998019,0
1777225809329000,0.0028295692,-0.0007261972,0.0008127494,0.0,0.0,-0.5140213,0
1777225809349000,0.002725684,-0.0011556871,0.0008236952,0.0,0.0,-0.5081334,0
1777225809369000,0.0027537453,0.0017267553,0.0005059922,0.0,0.0,-0.5230837,0
1777225809393000,0.0018552513,0.003071613,-1.5365891e-05,0.0,0.0,-0.5283966,0
1777225809409000,0.001118174,0.0004568874,-0.00027498882,0.0,0.0,-0.5319318,0
1777225809429000,-0.00076223264,0.0006568203,-0.00035149883,0.0,0.0,-0.52479607,0
1777225809449000,0.00066630164,-0.0014274418,-0.00046818703,0.0,0.0,-0.5406274,0
1777225809469000,0.00083075266,-0.001296157,7.966533e-05,0.0,0.0,-0.53304386,0
1777225809489000,0.00096329255,-0.0014585258,-0.00012646709,0.0,0.0,-0.54919493,0
1777225809509000,0.0008889724,-0.0011085175,-0.00018701144,0.0,0.0,-0.540804,0
1777225809533000,0.0004451441,-0.002272341,-0.00037861243,0.0,0.0,-0.5577884,0
1777225809549000,-0.0005622311,-0.0013327212,-0.00024900958,0.0,0.0,-0.5487871,0
1777225809573000,-0.0019885865,0.0012409319,-0.00068467204,0.0,0.0,-0.5664343,0
1777225809589000,-0.002852609,0.00090397516,-0.00046396255,0.0,0.0,-0.5567865,0
1777225809613000,-0.00075155013,0.001239609,-0.00021478347,0.0,0.0,-0.5634121,0
1777225809629000,-0.0015551475,0.00087940076,-0.00031386968,0.0,0.0,-0.55324584,0
1777225809649000,-0.0014619051,0.002388834,-0.00038264133,0.0,0.0,-0.5541247,0
1777225809673000,-0.0008990571,0.0020721282,-0.00042042695,0.0,0.0,-0.5484992,0
1777225809689000,-0.000740132,0.0011919542,-0.0006960025,0.0,0.0,-0.54482156,0
1777225809709000,-0.0025024093,0.0001355467,-0.0007324973,0.0,0.0,-0.53536373,0
1777225809729000,-0.001878781,-0.00096658897,-0.0010801107,0.0,0.0,-0.5357006,0
1777225809749000,-0.0011854059,3.680998e-05,-0.0014515975,0.0,0.0,-0.52673435,0
1777225809769000,-0.001121145,-0.0013208117,-0.0015343791,0.0,0.0,-0.52689874,0
1777225809793000,-0.0014937469,-0.0008082765,-0.0017801356,0.0,0.0,-0.5215791,0
1777225809809000,-0.0023727436,-0.0018414448,-0.00184952,0.0,0.0,-0.5181913,0
1777225809829000,7.570149e-05,0.00016552524,-0.001666896,0.0,0.0,-0.510246,0
1777225809853000,-0.0002305095,-0.0006075539,-0.0016598161,0.0,0.0,-0.50982773,0
1777225809869000,1.110938e-05,0.00018689162,-0.0015036734,0.0,0.0,-0.5023723,0
1777225809889000,0.0011353542,0.0010344308,-0.0011905339,0.0,0.0,-0.5015608,0
1777225809909000,0.000630254,0.00067013426,-0.0011522202,0.0,0.0,-0.49468958,0
1777225809929000,-2.2302396e-05,0.00060282636,-0.00043935236,0.0,0.0,-0.49312532,0
1777225809949000,0.0005505669,0.00055201934,-0.0006104633,0.0,0.0,-0.4868581,0
1777225809973000,-0.0011567695,-0.00058692094,-0.00058671366,0.0,0.0,-0.48479608,0
1777225809989000,-0.002397403,-0.00010971245,-0.00066748075,0.0,0.0,-0.4788681,0
1777225810009000,-0.001088391,0.0006928183,-0.00020999834,0.0,0.0,-0.47627997,0
1777225810029000,-0.0014466107,0.0012159939,-0.00010765251,0.0,0.0,-0.47089902,0
1777225810049000,-0.0010792416,0.0015112082,-3.8900413e-05,0.0,0.0,-0.4678077,0
1777225810073000,-0.00057831063,0.0013392015,0.00046814792,0.0,0.0,-0.46281034,0
1777225810089000,-0.0015915951,0.0013354616,0.0005813027,0.0,0.0,-0.4594651,0
1777225810109000,-0.0031103527,0.0028639687,0.00069006346,0.0,0.0,-0.45524672,0
1777225810129000,-0.0039997394,0.00169342,0.00040275976,0.0,0.0,-0.45110074,0
1777225810149000,-0.0028875384,0.0013468828,0.00039534084,0.0,0.0,-0.4476557,0
1777225810169000,-0.003156522,0.00014878369,0.0008581886,0.0,0.0,-0.44283774,0
1777225810193000,-0.0033032894,-0.0011073714,0.001446519,0.0,0.0,-0.43765587,0
1777225810213000,-0.0039822627,-0.0010791153,0.0020386958,0.0,0.0,-0.43419456,0
1777225810233000,-0.0023207974,0.0005608157,0.0019030431,0.0,0.0,-0.42892757,0
1777225810253000,-0.002745314,0.001288384,0.002056715,0.0,0.0,-0.4255418,0
1777225810273000,-0.0050052395,0.0022048715,0.0020050174,0.0,0.0,-0.42055094,0
1777225810289000,-0.0031835935,0.0011600953,0.0017743725,0.0,0.0,-0.41718668,0
1777225810309000,-0.004089797,-0.00014031578,0.0015454749,0.0,0.0,-0.41617656,0
1777225810333000,-0.0039582755,-0.000592397,0.0017309608,0.0,0.0,-0.4166225,0
1777225810349000,-0.0033183962,-0.00016930868,0.0017299633,0.0,0.0,-0.41607413,0
1777225810369000,-0.0021491994,0.0020697333,0.0019696113,0.0,0.0,-0.42125276,0
1777225810389000,-0.0019524765,0.0016472695,0.0019098753,0.0,0.0,-0.42067114,0
1777225810409000,-0.002439918,-0.0008853953,0.0022249706,0.0,0.0,-0.42568755,0
1777225810433000,-0.004260068,0.00056081737,0.0020880466,0.0,0.0,-0.4281135,0
1777225810449000,-0.006253942,0.0006160485,0.0019814894,0.0,0.0,-0.42968765,0
1777225810469000,-0.004127384,0.00026147207,0.0018349104,0.0,0.0,-0.42883936,0
1777225810493000,-0.0051061744,-0.0028779123,0.0023131175,0.0,0.0,-0.4334629,0
1777225810509000,-0.0058842446,-0.0020542885,0.0021545496,0.0,0.0,-0.43240815,0
1777225810533000,-0.0058179153,-0.00082528015,0.0020844284,0.0,0.0,-0.4369066,0
1777225810553000,-0.0026068294,-0.00234609,0.0021664277,0.0,0.0,-0.43905833,0
1777225810573000,-0.003915311,7.5750264e-05,0.0019250652,0.0,0.0,-0.44033843,0
1777225810593000,-0.0032288348,-0.0009850599,0.001478835,0.0,0.0,-0.4421914,0
1777225810609000,-0.0024541912,-0.001058153,0.0013127634,0.0,0.0,-0.44354066,0
1777225810629000,-0.001818882,-0.00020777843,0.0008906871,0.0,0.0,-0.442235,0
1777225810653000,-0.00047472678,0.0011459359,0.0002570413,0.0,0.0,-0.44640687,0
1777225810669000,-0.0011425053,0.000819632,-0.00015427824,0.0,0.0,-0.445115,0
1777225810693000,2.5607278e-06,-0.0014219302,0.000118846074,0.0,0.0,-0.4491539,0
1777225810709000,-0.0003061363,-0.0004876049,-0.00017939694,0.0,0.0,-0.4478301,0
1777225810733000,-0.0010374433,-0.0022703407,-0.00041710213,0.0,0.0,-0.45156163,0
1777225810749000,-3.7111204e-05,-0.0013824431,-0.0005219644,0.0,0.0,-0.450126,0
1777225810773000,0.0013803081,-0.0006906599,-0.0010343259,0.0,0.0,-0.45368135,0
1777225810793000,6.9359055e-05,-0.00068244315,-0.0012749974,0.0,0.0,-0.45481578,0
1777225810809000,0.0013337781,-0.00039511736,-0.001274215,0.0,0.0,-0.4555958,0
1777225810829000,0.0021434987,0.0014550772,-0.001207849,0.0,0.0,-0.4538504,0
1777225810853000,0.0016872938,0.00056888553,-0.0016132621,0.0,0.0,-0.45713875,0
1777225810869000,-0.00082871906,0.00032632632,-0.0017585307,0.0,0.0,-0.45559868,0
1777225810889000,-0.0012417368,-0.0006861054,-0.0018620826,0.0,0.0,-0.45868,0
1777225810909000,0.0006992368,-0.0010487629,-0.0022611525,0.0,0.0,-0.4570985,0
1777225810929000,0.00018653942,0.00020197417,-0.002001875,0.0,0.0,-0.46006897,0
1777225810953000,0.0009875211,0.0016718868,-0.0017384775,0.0,0.0,-0.4606832,0
1777225810969000,0.0013915577,0.0008550749,-0.0015533045,0.0,0.0,-0.46116284,0
1777225810989000,0.0025171428,-0.00017572485,-0.0017259996,0.0,0.0,-0.45944947,0
1777225811009000,0.0018924272,0.0007140234,-0.001807047,0.0,0.0,-0.46211505,0
1777225811029000,0.00283424,0.0006092326,-0.0018186057,0.0,0.0,-0.46044952,0
1777225811049000,0.0034239648,-0.0013582357,-0.0017307457,0.0,0.0,-0.46293312,0
1777225811069000,0.0028276409,-0.0016158633,-0.0013480913,0.0,0.0,-0.46126398,0
1777225811093000,0.00058428,-0.0020943952,-0.0010151463,0.0,0.0,-0.4638153,0
1777225811113000,0.0007205322,-0.0024763811,-0.00092036277,0.0,0.0,-0.46425876,0
1777225811129000,0.00094776764,-0.0016509906,-0.00094683096,0.0,0.0,-0.46464252,0
1777225811149000,0.0002638018,-0.001901563,-0.0006578779,0.0,0.0,-0.46309763,0
1777225811169000,0.0005720455,-0.0017256744,-0.00079029053,0.0,0.0,-0.46531457,0
1777225811189000,-0.00056890346,-0.0006016569,-0.00069987494,0.0,0.0,-0.46398523,0
1777225811209000,-0.00024791018,0.00041909356,-0.0005983962,0.0,0.0,-0.46607932,0
1777225811229000,0.0001267929,-0.00093730044,-0.00089824945,0.0,0.0,-0.46460438,0
1777225811253000,-0.0020753262,-0.00024294392,-0.0009375736,0.0,0.0,-0.4667292,0
1777225811269000,-0.0025900572,0.0010702637,-0.0005203737,0.0,0.0,-0.4652559,0
1777225811293000,-0.0010605362,-0.0002564732,-0.00054564234,0.0,0.0,-0.4672679,0
1777225811309000,-0.0012992173,-0.0006685929,-0.00031961966,0.0,0.0,-0.46561405,0
1777225811329000,-0.0030097438,-0.0002736837,-0.00043707713,0.0,0.0,-0.4674638,0
1777225811349000,-0.0032905878,0.00028045618,-0.00028352905,0.0,0.0,-0.4660387,0
1777225811369000,-0.0030387996,-0.00239795,-0.00048231427,0.0,0.0,-0.4680265,0
1777225811389000,-0.0012712046,-0.0027692455,-7.374585e-05,0.0,0.0,-0.46642518,0
1777225811409000,-0.0014970654,-0.0005774904,0.00016820338,0.0,0.0,-0.46828848,0
1777225811429000,-0.0007863237,-8.420214e-05,0.00025090016,0.0,0.0,-0.46683434,0
1777225811449000,-0.00029086557,-0.0012591584,0.00014663767,0.0,0.0,-0.46862444,0
1777225811469000,-0.001163941,-0.0007115676,0.00027066655,0.0,0.0,-0.46729308,0
1777225811489000,-0.0014747268,-0.0028769346,0.0009644199,0.0,0.0,-0.4691098,0
1777225811509000,-0.0015247213,-0.004444351,0.0010905806,0.0,0.0,-0.4676749,0
1777225811533000,-0.0019114505,-0.0018823008,0.0009968858,0.0,0.0,-0.46962804,0
1777225811549000,-0.0020729275,-0.0031146666,0.0011352701,0.0,0.0,-0.46831584,0
1777225811569000,-0.0024050407,-0.0030765731,0.0012473231,0.0,0.0,-0.47002977,0
1777225811593000,-0.0030638713,-0.0033993616,0.0014614807,0.0,0.0,-0.47022286,0
1777225811613000,-0.0037071959,-0.0041194065,0.0011356156,0.0,0.0,-0.47032502,0
1777225811629000,-0.0029739852,-0.0035117897,0.0007065702,0.0,0.0,-0.46895924,0
1777225811653000,-0.00086714624,-0.0012769696,0.00073427707,0.0,0.0,-0.4704578,0
1777225811669000,-0.002337391,-5.996064e-05,0.0004292084,0.0,0.0,-0.46927872,0
1777225811689000,-0.00064594974,-0.0010164679,0.00052658,0.0,0.0,-0.47090685,0
1777225811713000,-0.0016544926,-0.001964908,0.00033531152,0.0,0.0,-0.4712414,0
1777225811733000,-0.0017035359,-0.0030635856,0.00016033463,0.0,0.0,-0.47128054,0
1777225811753000,-0.0007719715,-0.0010407731,4.5106746e-05,0.0,0.0,-0.47154266,0
1777225811773000,-0.0014618268,-0.00047299397,2.652686e-05,0.0,0.0,-0.47166198,0
1777225811789000,-0.0017318393,-0.0009254455,-0.00022202637,0.0,0.0,-0.4705311,0
1777225811813000,0.00023169791,0.0024440342,-0.0005684858,0.0,0.0,-0.47213888,0
1777225811829000,0.00063763105,0.0013470816,-0.00068836845,0.0,0.0,-0.47094628,0
1777225811849000,0.0021812352,0.0015270632,-0.00049063936,0.0,0.0,-0.47250175,0
1777225811873000,0.0016760792,0.0011413165,-0.00014200248,0.0,0.0,-0.4727183,0
1777225811893000,0.00057894073,0.00013881126,-0.0002094768,0.0,0.0,-0.47284988,0
1777225811913000,0.0026127745,0.0016503123,-0.00032293797,0.0,0.0,-0.47298792,0
1777225811929000,0.002442308,0.00012292879,-0.00023181178,0.0,0.0,-0.4730199,0
1777225811949000,0.003653927,0.00027056696,-0.00017482694,0.0,0.0,-0.4718847,0
1777225811969000,0.0011229309,-0.0002365602,-0.00031212904,0.0,0.0,-0.4734101,0
1777225811989000,-0.0001793633,1.8621227e-05,-0.00037224963,0.0,0.0,-0.47225675,0
1777225812013000,-0.00076571957,0.000277043,-0.000110397115,0.0,0.0,-0.47379413,0
1777225812029000,-0.0005455078,-0.0023278364,-8.310098e-05,0.0,0.0,-0.4727563,0
1777225812053000,-0.0004156402,-0.00078516116,-9.8186545e-05,0.0,0.0,-0.47422102,0
1777225812073000,0.0010185587,-0.00048297315,-5.7956204e-05,0.0,0.0,-0.4746639,0
1777225812093000,0.0006376221,-0.0025974098,-0.00015676208,0.0,0.0,-0.4747905,0
1777225812113000,-0.0009708278,0.0009008206,-2.0516105e-05,0.0,0.0,-0.47501266,0
1777225812129000,-0.0009473635,0.0023082828,-0.0002502352,0.0,0.0,-0.47527638,0
1777225812149000,0.001170094,0.0010530812,-0.00047067087,0.0,0.0,-0.47449383,0
1777225812169000,-3.236879e-05,-2.3808376e-05,-0.0003325669,0.0,0.0,-0.47588313,0
1777225812189000,-0.0013504017,0.0007357918,-0.0003404487,0.0,0.0,-0.47495136,0
1777225812209000,-0.00066258817,-0.0024236143,-0.0004494246,0.0,0.0,-0.476034,0
1777225812229000,-0.0009186812,-0.0021987185,-0.0005431194,0.0,0.0,-0.47513312,0
1777225812249000,-0.0003258393,-0.0009580783,-0.0006714836,0.0,0.0,-0.47641626,0
1777225812269000,4.159522e-05,0.0007842955,-0.00032476336,0.0,0.0,-0.4755227,0
1777225812293000,-0.0007477253,0.0010959842,-0.00019083172,0.0,0.0,-0.47673887,0
1777225812313000,0.0016550055,-2.8264021e-05,-3.330689e-05,0.0,0.0,-0.4770753,0
1777225812329000,0.0002507836,-0.00027318165,4.1944906e-05,0.0,0.0,-0.47715077,0
1777225812353000,-0.00095334917,-0.00077111274,0.00024117343,0.0,0.0,-0.47735843,0
1777225812369000,-0.0015563964,0.0004632379,0.0002439376,0.0,0.0,-0.47740877,0
1777225812389000,-0.002406901,-0.0004019644,0.00019321777,0.0,0.0,-0.47646335,0
1777225812409000,-0.0028672747,7.379834e-05,0.00043386966,0.0,0.0,-0.47765076,0
1777225812433000,-0.0022834463,-4.3064007e-05,0.00066656806,0.0,0.0,-0.47788438,0
1777225812449000,-0.0023382395,0.0006307698,0.000730522,0.0,0.0,-0.47814372,0
1777225812473000,-0.0011522443,-0.00036828796,0.0006305231,0.0,0.0,-0.4783718,0
1777225812493000,0.0009454232,-0.00036459326,0.00038342364,0.0,0.0,-0.4784375,0
1777225812513000,0.0024437327,-0.0009969573,0.00062232837,0.0,0.0,-0.47866583,0
1777225812533000,0.0019999458,0.0016668225,0.00056781434,0.0,0.0,-0.47868964,0
1777225812553000,0.0024628893,0.0009681623,7.5616874e-05,0.0,0.0,-0.47886768,0
1777225812573000,0.0025500865,0.0017109821,-0.000298406,0.0,0.0,-0.4790274,0
1777225812589000,0.0025617215,0.0015664295,-0.00049503986,0.0,0.0,-0.47819322,0
1777225812609000,0.0043978025,0.0020108533,1.6891398e-05,0.0,0.0,-0.47931516,0
1777225812629000,0.003966364,0.0013749736,0.0002460042,0.0,0.0,-0.47845224,0
1777225812653000,0.0036606786,0.0010966724,0.0004546661,0.0,0.0,-0.47931856,0
1777225812669000,0.0055456613,0.0015090974,0.00029212795,0.0,0.0,-0.47867292,0
1777225812689000,0.006376345,0.0004119349,0.00048451126,0.0,0.0,-0.47981316,0
1777225812709000,0.0052819094,0.002052003,0.00014723744,0.0,0.0,-0.47903565,0
1777225812733000,0.004654722,0.0013368027,0.00037852116,0.0,0.0,-0.48006985,0
1777225812753000,0.0050092223,0.00048211552,0.0003518639,0.0,0.0,-0.48017955,0
1777225812769000,0.0049005314,-0.00059810904,0.00010968,0.0,0.0,-0.4803067,0
1777225812793000,0.004820429,-0.0009798582,-2.7185306e-06,0.0,0.0,-0.4804917,0
1777225812809000,0.0030463983,-0.0006990888,8.470472e-05,0.0,0.0,-0.4805022,0
1777225812833000,0.0012422423,-0.00042903202,8.9835376e-05,0.0,0.0,-0.4807316,0
1777225812849000,0.00097415247,0.0013684772,0.00031843968,0.0,0.0,-0.48072523,0
1777225812873000,0.0029717677,0.00095754175,0.00077041984,0.0,0.0,-0.48099175,0
1777225812893000,0.0024867407,0.00045821266,0.00096554775,0.0,0.0,-0.4810121,0
1777225812909000,0.003015836,-0.00043026326,0.0012844177,0.0,0.0,-0.48048466,0
1777225812933000,0.0043026106,0.00088760426,0.0011934806,0.0,0.0,-0.48145548,0
1777225812953000,0.0021230658,0.0020063706,0.0010636104,0.0,0.0,-0.48164475,0
1777225812973000,-0.022434799,0.026441788,0.00030427333,0.0,0.0,-0.48171496,0
1777225812989000,-0.022768084,0.024906794,-3.145542e-05,0.0,0.0,-0.4810848,0
1777225813009000,-0.007730193,0.04158336,-0.0150334295,0.0,0.0,-0.48180443,0
1777225813029000,-0.006832959,0.038029958,-0.014826677,0.0,0.0,-0.48115703,0
1777225813049000,0.0014902193,-0.030661521,-0.03181681,0.0,0.0,-0.48205426,0
1777225813069000,0.0017271544,-0.029561035,-0.031848446,0.0,0.0,-0.48143125,0
1777225813089000,0.0035453984,-0.09966622,-0.04950458,0.0,0.0,-0.48229033,0
1777225813109000,0.006093847,-0.098197415,-0.049279653,0.0,0.0,-0.48174387,0
1777225813129000,0.0046645477,-0.16797781,-0.06853602,0.0,0.0,-0.48294732,0
1777225813149000,0.0048410734,-0.15885355,-0.06784182,0.0,0.0,-0.48226804,0
1777225813169000,0.004401947,-0.22475217,-0.088295266,0.0,0.0,-0.48330742,0
1777225813189000,0.0051552253,-0.2089864,-0.087702796,0.0,0.0,-0.48265365,0
1777225813209000,0.0069802282,-0.27142772,-0.081535324,0.0,0.0,-0.48390895,0
1777225813229000,0.00865136,-0.25169116,-0.08029997,0.0,0.0,-0.48318186,0
1777225813249000,0.009071373,-0.31324065,-0.07067094,0.0,0.0,-0.48436028,0
1777225813269000,0.008181127,-0.28565797,-0.06902557,0.0,0.0,-0.48363107,0
1777225813293000,0.008263948,-0.3408949,-0.056808606,0.0,0.0,-0.48520333,0
1777225813313000,0.009021059,-0.36547017,-0.047800273,0.0,0.0,-0.48586276,0
1777225813329000,0.008046212,-0.3772098,-0.041108295,0.0,0.0,-0.48628226,0
1777225813349000,0.008767201,-0.34091705,-0.038778096,0.0,0.0,-0.48552024,0
1777225813369000,0.010128255,-0.3972694,-0.023112005,0.0,0.0,-0.48727822,0
1777225813393000,0.010864429,-0.40849456,-0.018140784,0.0,0.0,-0.48784384,0
1777225813409000,0.01244203,-0.4150033,-0.015878692,0.0,0.0,-0.48824248,0
1777225813429000,0.011818219,-0.37149394,-0.012500361,0.0,0.0,-0.48722097,0
1777225813453000,0.011108792,-0.42411503,-0.009179177,0.0,0.0,-0.48934326,0
1777225813473000,0.008704092,-0.43631247,-0.006249867,0.0,0.0,-0.49007007,0
1777225813489000,0.008176763,-0.43877783,-0.003558978,0.0,0.0,-0.49060822,0
1777225813509000,0.0077217617,-0.38515848,-0.00092284416,0.0,0.0,-0.48928368,0
1777225813529000,0.0073093474,-0.44267616,0.0018843891,0.0,0.0,-0.49169362,0
1777225813549000,0.006155809,-0.38920015,0.0044190916,0.0,0.0,-0.49044713,0
1777225813569000,0.004693852,-0.44956958,0.007268306,0.0,0.0,-0.49300697,0
1777225813589000,0.003523399,-0.39079842,0.00918964,0.0,0.0,-0.49150378,0
1777225813609000,0.0018650299,-0.45254484,0.011529187,0.0,0.0,-0.49442935,0
1777225813629000,0.00027683895,-0.3940013,0.012979004,0.0,0.0,-0.49282238,0
1777225813649000,-0.0031584192,-0.45421717,0.01515762,0.0,0.0,-0.4959633,0
1777225813669000,-0.0040702512,-0.3904623,0.01664988,0.0,0.0,-0.49427444,0
1777225813689000,-0.0061102025,-0.45237562,0.018310485,0.0,0.0,-0.49778542,0
1777225813709000,-0.0068250736,-0.38859797,0.019478945,0.0,0.0,-0.49593565,0
1777225813729000,-0.009243265,-0.44972014,0.020911103,0.0,0.0,-0.49953997,0
1777225813749000,-0.009472519,-0.38298625,0.021906588,0.0,0.0,-0.4975638,0
1777225813769000,-0.010637587,-0.44506022,0.022983601,0.0,0.0,-0.50135267,0
1777225813793000,-0.011667846,-0.44308382,0.023517422,0.0,0.0,-0.5025063,0
1777225813813000,-0.011614405,-0.42794645,0.024005046,0.0,0.0,-0.5029071,0
1777225813829000,-0.012756407,-0.3648729,0.023864875,0.0,0.0,-0.5005884,0
1777225813853000,-0.012455063,-0.37071562,0.02398106,0.0,0.0,-0.5024311,0
1777225813869000,-0.012062094,-0.3070644,0.023825768,0.0,0.0,-0.50025856,0
1777225813889000,-0.010630311,-0.31763253,0.023472732,0.0,0.0,-0.5021286,0
1777225813909000,-0.011238656,-0.24970955,0.022933872,0.0,0.0,-0.49999833,0
1777225813929000,-0.010285609,-0.26381594,0.022139652,0.0,0.0,-0.50199103,0
1777225813953000,-0.010794101,-0.23641649,0.020970441,0.0,0.0,-0.5020687,0
1777225813969000,-0.009201373,-0.21786666,0.020620352,0.0,0.0,-0.5022082,0
1777225813989000,-0.009897545,-0.15476038,0.019889962,0.0,0.0,-0.5000783,0
1777225814009000,-0.011031609,-0.17784213,0.018730514,0.0,0.0,-0.50252813,0
1777225814029000,-0.008322833,-0.117421135,0.017775219,0.0,0.0,-0.500637,0
1777225814049000,-0.008316436,-0.14416207,0.016170872,0.0,0.0,-0.50312895,0
1777225814073000,-0.007654936,-0.12828991,0.0149139585,0.0,0.0,-0.50344133,0
1777225814093000,-0.007360216,-0.113608904,0.013675441,0.0,0.0,-0.5036196,0
1777225814109000,-0.0074529075,-0.060437664,0.012636317,0.0,0.0,-0.50168115,0
1777225814129000,-0.006210088,-0.09033026,0.011040329,0.0,0.0,-0.50398093,0
1777225814149000,-0.0053101876,-0.03707396,0.009537647,0.0,0.0,-0.502188,0
1777225814169000,-0.0048520565,-0.072367944,0.008334598,0.0,0.0,-0.50478756,0
1777225814193000,-0.0020555395,-0.061148133,0.006649758,0.0,0.0,-0.50527465,0
1777225814213000,-0.0011501014,-0.05458829,0.005470293,0.0,0.0,-0.50553274,0
1777225814229000,-0.0013247321,-0.0036988622,0.004470817,0.0,0.0,-0.50353116,0
1777225814249000,0.00068508525,-0.041641805,0.0034554948,0.0,0.0,-0.5058355,0
1777225814273000,0.0034149743,-0.03778381,0.0023241185,0.0,0.0,-0.5062114,0
1777225814289000,0.0019731433,-0.030112224,0.0014238341,0.0,0.0,-0.50638425,0
1777225814313000,0.0039209942,-0.022273686,6.020606e-05,0.0,0.0,-0.5066836,0
1777225814329000,0.0039856974,-0.019351967,-0.0005124956,0.0,0.0,-0.50692314,0
1777225814349000,0.004641391,0.032629475,-0.0015315101,0.0,0.0,-0.50496745,0
1777225814369000,0.0033007495,-0.008137524,-0.0024266206,0.0,0.0,-0.50725234,0
1777225814389000,0.003413331,0.043711707,-0.0029709828,0.0,0.0,-0.5053716,0
1777225814413000,0.0038839176,-0.00019868377,-0.0033870533,0.0,0.0,-0.50788724,0
1777225814429000,0.00452101,0.052924953,-0.0041470476,0.0,0.0,-0.5060088,0
1777225814449000,0.0054522245,0.00573443,-0.004751605,0.0,0.0,-0.5085412,0
1777225814469000,0.0058274837,0.058948457,-0.004770576,0.0,0.0,-0.5065651,0
1777225814489000,0.006473382,0.011141671,-0.0052608736,0.0,0.0,-0.5088529,0
1777225814513000,0.0071029416,0.011610941,-0.0059359972,0.0,0.0,-0.50921273,0
1777225814529000,0.00667445,0.012196789,-0.0064624054,0.0,0.0,-0.50933164,0
1777225814553000,0.00582429,0.015801387,-0.0066322023,0.0,0.0,-0.50913846,0
1777225814573000,0.0050532967,0.017585872,-0.0067846267,0.0,0.0,-0.5092485,0
1777225814589000,0.0060675014,0.071657844,-0.007371238,0.0,0.0,-0.5073166,0
1777225814609000,0.005717136,0.019749586,-0.007761053,0.0,0.0,-0.5096369,0
1777225814633000,0.006039621,0.019649329,-0.0076513966,0.0,0.0,-0.50969267,0
1777225814653000,0.0057199835,0.019825855,-0.0075279665,0.0,0.0,-0.50980985,0
1777225814673000,0.005248821,0.02121261,-0.0074488837,0.0,0.0,-0.50992364,0
1777225814689000,0.0053122584,0.022869935,-0.007515082,0.0,0.0,-0.50997645,0
1777225814713000,0.005508388,0.021621248,-0.007270437,0.0,0.0,-0.5101777,0
1777225814733000,0.0038201674,0.02129907,-0.007374164,0.0,0.0,-0.5101437,0
1777225814753000,0.0048941206,0.019633673,-0.0071941065,0.0,0.0,-0.5101978,0
1777225814773000,0.003347611,0.01837469,-0.0068408074,0.0,0.0,-0.5102348,0
1777225814789000,0.002798649,0.08068103,-0.0066542793,0.0,0.0,-0.5079038,0
1777225814813000,0.0016707543,0.019400425,-0.005820562,0.0,0.0,-0.5101649,0
1777225814829000,0.0014489705,0.08213687,-0.005535285,0.0,0.0,-0.5077874,0
1777225814853000,0.0020660092,0.018957447,-0.005635144,0.0,0.0,-0.51004106,0
1777225814869000,0.0010033688,0.08069604,-0.0054933988,0.0,0.0,-0.5077742,0
1777225814893000,-0.0013956947,0.07020949,-0.0045847846,0.0,0.0,-0.507734,0
1777225814909000,-0.001280215,0.13473457,-0.0038675189,0.0,0.0,-0.5056213,0
1777225814933000,0.0009482748,0.12182964,-0.0037285062,0.0,0.0,-0.5056412,0
1777225814953000,0.00031375623,0.15018061,-0.0036045215,0.0,0.0,-0.50462234,0
1777225814969000,-0.00030905192,0.16779882,-0.0029945914,0.0,0.0,-0.5039703,0
1777225814993000,-0.0008029402,0.19329683,-0.0024838792,0.0,0.0,-0.5031597,0
1777225815013000,-0.0021671674,0.2052782,-0.0023377363,0.0,0.0,-0.50256956,0
1777225815033000,-0.0035532902,0.2298064,-0.0019329402,0.0,0.0,-0.5017666,0
1777225815053000,-0.0034471794,0.23740676,-0.0016459117,0.0,0.0,-0.50130594,0
1777225815069000,-0.0041808374,0.29095122,-0.0013336651,0.0,0.0,-0.5000725,0
1777225815089000,-0.0030608366,0.26786587,-0.0013730895,0.0,0.0,-0.50014955,0
1777225815113000,-0.001968745,0.28255606,-0.0010396537,0.0,0.0,-0.49953845,0
1777225815129000,-0.002569161,0.2951685,-0.0009037896,0.0,0.0,-0.49914038,0
1777225815149000,-0.0016380671,0.3408687,-0.00050833443,0.0,0.0,-0.49824834,0
1777225815169000,-0.0027783038,0.3151422,-0.00013037337,0.0,0.0,-0.50145197,0
1777225815189000,-0.002776739,0.35964125,0.0007024154,0.0,0.0,-0.5005327,0
1777225815209000,-0.0018300238,0.3337972,0.00084261765,0.0,0.0,-0.5074951,0
1777225815229000,-0.0022382727,0.37674698,0.0010974321,0.0,0.0,-0.50639236,0
1777225815253000,-0.003587484,0.34593576,0.0016873418,0.0,0.0,-0.50673854,0
1777225815269000,-0.003760654,0.39167938,0.002024566,0.0,0.0,-0.5056419,0
1777225815289000,-0.0040916433,0.36541334,0.002459375,0.0,0.0,-0.50582343,0
1777225815309000,-0.0028575948,0.40434834,0.0025145512,0.0,0.0,-0.5047329,0
1777225815333000,-0.0023277234,0.36833656,0.0027138768,0.0,0.0,-0.5050059,0
1777225815349000,-0.002557965,0.41170377,0.002763495,0.0,0.0,-0.50395334,0
1777225815369000,-0.0033335348,0.38396093,0.002998983,0.0,0.0,-0.5040008,0
1777225815393000,-0.0023739825,0.38629448,0.0030726166,0.0,0.0,-0.5034664,0
1777225815413000,-0.00087852177,0.3826699,0.003141492,0.0,0.0,-0.5031543,0
1777225815433000,-0.0017176825,0.3922701,0.0030249476,0.0,0.0,-0.5027382,0
1777225815453000,-0.0026840665,0.3876859,0.0034783583,0.0,0.0,-0.50250185,0
1777225815469000,-0.0037318596,0.42473882,0.003516342,0.0,0.0,-0.50211513,0
1777225815489000,-0.0011711529,0.39819255,0.0034034532,0.0,0.0,-0.50197417,0
1777225815509000,-0.0019094179,0.42822626,0.0033028917,0.0,0.0,-0.501476,0
1777225815529000,-0.0038668602,0.40302756,0.0032782964,0.0,0.0,-0.501381,0
1777225815549000,-0.006322224,0.43132314,0.0037441985,0.0,0.0,-0.5009114,0
1777225815573000,-0.0055521564,0.40032035,0.0037938415,0.0,0.0,-0.5006872,0
1777225815593000,-0.005189777,0.4108128,0.0039849174,0.0,0.0,-0.50057036,0
1777225815613000,-0.0048109596,0.4052566,0.0037965295,0.0,0.0,-0.5004551,0
1777225815629000,-0.0050498634,0.4381795,0.0033110538,0.0,0.0,-0.5003078,0
1777225815649000,-0.0064591547,0.401218,0.0031999592,0.0,0.0,-0.49986896,0
1777225815673000,-0.005984727,0.36260214,0.0029823324,0.0,0.0,-0.49927178,0
1777225815689000,-0.0055399816,0.33961684,0.002607036,0.0,0.0,-0.4989686,0
1777225815709000,-0.004543691,0.36526257,0.0025526313,0.0,0.0,-0.49886733,0
1777225815729000,-0.0053203823,0.27927697,0.0021209721,0.0,0.0,-0.49840468,0
1777225815749000,-0.004311866,0.3076626,0.0020629517,0.0,0.0,-0.49836147,0
1777225815769000,-0.0055872514,0.22657059,0.0018223062,0.0,0.0,-0.4977129,0
1777225815789000,-0.005394032,0.25616693,0.0016034669,0.0,0.0,-0.49753556,0
1777225815809000,-0.0046162694,0.18008551,0.0010624876,0.0,0.0,-0.49686202,0
1777225815829000,-0.0053297803,0.21809801,0.00091729424,0.0,0.0,-0.4968645,0
1777225815849000,-0.0056217383,0.14375064,0.001079101,0.0,0.0,-0.49647215,0
1777225815873000,-0.004055253,0.12527816,0.00095843745,0.0,0.0,-0.49616423,0
1777225815889000,-0.004557679,0.11446443,0.0007643285,0.0,0.0,-0.49591196,0
1777225815909000,-0.0035988651,0.15614335,0.00033326074,0.0,0.0,-0.4959352,0
1777225815929000,-0.004610713,0.089290634,0.00042563182,0.0,0.0,-0.49557206,0
1777225815953000,-0.0060161697,0.076268665,0.0004567377,0.0,0.0,-0.49533042,0
1777225815969000,-0.0057382863,0.06956894,0.00029347674,0.0,0.0,-0.4950245,0
1777225815993000,-0.007421733,0.062910564,0.00021509691,0.0,0.0,-0.49468628,0
1777225816013000,-0.005223431,0.057733785,-6.7725414e-06,0.0,0.0,-0.49457827,0
1777225816033000,-0.00274279,0.0509328,-0.00035427266,0.0,0.0,-0.49447688,0
1777225816053000,-0.0034562312,0.04428263,-0.00035790127,0.0,0.0,-0.49433503,0
1777225816073000,-0.0049345684,0.038269192,-0.00033782236,0.0,0.0,-0.49413666,0
1777225816089000,-0.003971767,0.035448015,-0.00022200681,0.0,0.0,-0.49399674,0
1777225816109000,-0.0038217944,0.08498086,-0.00016736942,0.0,0.0,-0.49417585,0
1777225816133000,-0.0037393637,0.02448326,-0.00027237236,0.0,0.0,-0.4938891,0
1777225816153000,-0.0045906506,0.018907376,-0.00012147191,0.0,0.0,-0.49368426,0
1777225816173000,-0.0038196398,0.016255952,-0.0002778738,0.0,0.0,-0.49363628,0
1777225816193000,-0.005559946,0.015069231,-0.0005335143,0.0,0.0,-0.4935913,0
1777225816213000,-0.0049674506,0.012326616,-0.00068024034,0.0,0.0,-0.4934447,0
1777225816233000,-0.0040649767,0.009894864,-0.00080117385,0.0,0.0,-0.49333283,0
1777225816249000,-0.0031580627,0.007935909,-0.0012337582,0.0,0.0,-0.49337873,0
1777225816273000,-0.003908375,0.0024923226,-0.0013994274,0.0,0.0,-0.49322274,0
1777225816289000,-0.0043103313,0.0019710634,-0.0011382657,0.0,0.0,-0.49329522,0
1777225816309000,-0.003385762,0.05775727,-0.0009897266,0.0,0.0,-0.4935988,0
1777225816333000,-0.0028084596,0.00010022361,-0.0008575622,0.0,0.0,-0.49334112,0
1777225816353000,-0.0027043622,-0.00044281213,-0.0008185605,0.0,0.0,-0.49330094,0
1777225816369000,-0.0036959853,-0.001495352,-0.00076449587,0.0,0.0,-0.49315357,0
1777225816389000,-0.00224512,0.05195698,-0.00038090558,0.0,0.0,-0.49327886,0
1777225816409000,-0.0031927114,-0.005925232,-0.00044462847,0.0,0.0,-0.4929729,0
1777225816429000,-0.0051868777,0.04923105,-0.00016972786,0.0,0.0,-0.49300325,0
1777225816449000,-0.0033904454,-0.008067167,-0.00063484535,0.0,0.0,-0.4928668,0
1777225816473000,-0.0037680308,-0.00924341,-0.0010271235,0.0,0.0,-0.49265385,0
1777225816489000,-0.0032085502,-0.008872193,-0.0009393528,0.0,0.0,-0.49256247,0
1777225816509000,-0.003685014,0.045394804,-0.00077772327,0.0,0.0,-0.49270383,0
1777225816533000,-0.005215963,-0.009880869,-0.0015418719,0.0,0.0,-0.49256063,0
1777225816549000,-0.00582744,0.04465459,-0.0015142064,0.0,0.0,-0.4927961,0
1777225816573000,-0.0050732535,-0.011983707,-0.001804492,0.0,0.0,-0.4925865,0
1777225816593000,-0.0052559394,-0.015338433,-0.001837261,0.0,0.0,-0.49246484,0
1777225816609000,-0.005151703,-0.01811058,-0.0019866629,0.0,0.0,-0.49241337,0
1777225816633000,-0.0042727883,-0.020829167,-0.0022696124,0.0,0.0,-0.4923016,0
1777225816653000,-0.00410819,-0.020999292,-0.0021084887,0.0,0.0,-0.4922463,0
1777225816673000,-0.003863035,-0.023056554,-0.0020841053,0.0,0.0,-0.4922508,0
1777225816689000,-0.0036429183,-0.026370343,-0.0019659502,0.0,0.0,-0.49237236,0
1777225816709000,-0.0019876554,0.030636216,-0.0012085439,0.0,0.0,-0.49253362,0
1777225816733000,-0.0017025418,-0.025271744,-0.0012916679,0.0,0.0,-0.49229088,0
1777225816749000,-0.0030366397,0.0309678,-0.00092603476,0.0,0.0,-0.4923261,0
1777225816769000,-0.003917195,-0.02520674,-0.0013091213,0.0,0.0,-0.4921286,0
1777225816793000,-0.004702333,-0.02621418,-0.0012082404,0.0,0.0,-0.4921086,0
1777225816813000,-0.004412767,-0.026999101,-0.001392495,0.0,0.0,-0.4921268,0
1777225816833000,-0.004100734,-0.0296931,-0.0012814926,0.0,0.0,-0.49199656,0
1777225816853000,-0.004318073,-0.030199945,-0.0013040319,0.0,0.0,-0.49185383,0
1777225816873000,-0.003936028,-0.031586763,-0.0012613029,0.0,0.0,-0.4918438,0
1777225816889000,-0.002574225,-0.031707186,-0.0014793511,0.0,0.0,-0.4917341,0
1777225816909000,-0.0019354466,0.0228642,-0.0011084347,0.0,0.0,-0.49172777,0
1777225816933000,-0.0032304204,-0.035424042,-0.0012951902,0.0,0.0,-0.49149105,0
1777225816953000,-0.003935738,-0.037755717,-0.0011909914,0.0,0.0,-0.49129432,0
1777225816973000,-0.0017421596,-0.037100986,-0.0009812108,0.0,0.0,-0.49121335,0
1777225816993000,-0.0016553721,-0.03854606,-0.0012298988,0.0,0.0,-0.49110717,0
1777225817009000,-0.0008991472,-0.040597197,-0.0013122365,0.0,0.0,-0.4911596,0
1777225817029000,-5.663948e-05,0.014368516,-0.0010573693,0.0,0.0,-0.49117237,0
1777225817049000,-0.0031774277,-0.045393202,-0.0012468089,0.0,0.0,-0.49107596,0
1777225817073000,-0.0035638032,-0.049797755,-0.001495738,0.0,0.0,-0.49108043,0
1777225817089000,-0.0024643193,-0.048765387,-0.001211013,0.0,0.0,-0.49116352,0
1777225817109000,-0.0012712835,0.0064592836,-0.0008551716,0.0,0.0,-0.49123952,0
1777225817133000,-0.00016368694,-0.049555812,-0.0010113851,0.0,0.0,-0.49121037,0
1777225817149000,-0.00074150536,0.0057379943,-0.00076562533,0.0,0.0,-0.4911635,0
1777225817169000,-0.0008657682,-0.052968923,-0.0009472085,0.0,0.0,-0.49115175,0
1777225817189000,-0.0010330748,0.004052697,-0.00028722628,0.0,0.0,-0.4911826,0
1777225817209000,-0.0011609044,-0.054821853,-0.00086411665,0.0,0.0,-0.49125695,0
1777225817229000,-0.0011937266,0.001710079,-0.00039000332,0.0,0.0,-0.49120614,0
1777225817249000,-0.0015096165,-0.055353105,-0.00046404946,0.0,0.0,-0.4911914,0
1777225817269000,-0.001980977,-0.0014400888,-0.00012520331,0.0,0.0,-0.49111474,0
1777225817293000,-0.003797926,-0.058230814,-0.00031766435,0.0,0.0,-0.49114344,0
1777225817309000,-0.0030729214,-0.004340458,0.0003896369,0.0,0.0,-0.4911204,0
1777225817329000,0.00016544257,-0.06123578,0.00032382572,0.0,0.0,-0.4911712,0
1777225817353000,-0.0007886249,-0.060077876,0.00056804396,0.0,0.0,-0.49103177,0
1777225817369000,-0.0009450191,-0.061214335,0.00048520323,0.0,0.0,-0.49100605,0
1777225817389000,0.0019037257,-0.0049603404,0.0011628513,0.0,0.0,-0.49099523,0
1777225817409000,-0.0009853728,-0.06312433,0.0011685309,0.0,0.0,-0.49100304,0
1777225817429000,0.000111555346,-0.008555667,0.001686193,0.0,0.0,-0.49080786,0
1777225817453000,0.002030201,-0.066772334,0.0011839359,0.0,0.0,-0.49081516,0
1777225817473000,0.0020631948,-0.06633491,0.0013628716,0.0,0.0,-0.4907683,0
1777225817489000,0.0017236122,-0.0662941,0.0012473313,0.0,0.0,-0.490695,0
1777225817509000,0.0007879707,-0.009025537,0.0017091928,0.0,0.0,-0.49059495,0
1777225817533000,0.0017073057,-0.06799026,0.0014288279,0.0,0.0,-0.49073508,0
1777225817553000,0.0008073709,-0.07198189,0.0012764343,0.0,0.0,-0.49066922,0
1777225817569000,0.0023256117,-0.07338236,0.0017171055,0.0,0.0,-0.49056548,0
1777225817589000,0.0042100614,-0.018492728,0.0021351343,0.0,0.0,-0.49034587,0
1777225817613000,0.005040193,-0.07422085,0.0016437861,0.0,0.0,-0.49024984,0
1777225817633000,0.0053031403,-0.07448305,0.001496342,0.0,0.0,-0.49006018,0
1777225817649000,0.002786467,-0.07583148,0.001155229,0.0,0.0,-0.49006915,0
1777225817673000,0.0019717508,-0.07679517,0.000890921,0.0,0.0,-0.49015677,0
1777225817693000,0.0025459405,-0.07473136,0.00052657526,0.0,0.0,-0.49025843,0
1777225817713000,0.004617935,-0.07767003,0.00044839224,0.0,0.0,-0.49037296,0
1777225817733000,0.005115089,-0.07771503,0.00041451867,0.0,0.0,-0.49032474,0
1777225817749000,0.0052803312,-0.019504413,0.0008005899,0.0,0.0,-0.48998132,0
1777225817769000,0.0050577475,-0.07542267,0.00045948036,0.0,0.0,-0.49021503,0
1777225817789000,0.00451852,-0.020352166,0.0004896363,0.0,0.0,-0.4899084,0
1777225817813000,0.0030479801,-0.07559511,-4.3125885e-05,0.0,0.0,-0.49011967,0
1777225817833000,0.0041275453,-0.07621025,-0.0004030889,0.0,0.0,-0.4903165,0
1777225817853000,0.0027881796,-0.07484418,-0.0007338912,0.0,0.0,-0.4902228,0
1777225817869000,0.003002168,-0.01767043,-0.00045268377,0.0,0.0,-0.4900201,0
1777225817893000,0.005105342,-0.07532201,-0.0005722664,0.0,0.0,-0.49032137,0
1777225817913000,0.0059145475,-0.076464154,-0.00078162586,0.0,0.0,-0.49030524,0
1777225817929000,0.005981443,-0.07611779,-0.0009512507,0.0,0.0,-0.49029967,0
1777225817949000,0.0073048566,-0.019510536,-0.00082875567,0.0,0.0,-0.49005273,0
1777225817973000,0.005905741,-0.071835905,-0.001015832,0.0,0.0,-0.49020883,0
1777225817989000,0.004970828,-0.014291074,-0.0011046333,0.0,0.0,-0.4899544,0
1777225818013000,0.004749515,-0.068187766,-0.0015981643,0.0,0.0,-0.4901728,0
1777225818029000,0.0027067005,-0.0135123,-0.0012285392,0.0,0.0,-0.48984474,0
1777225818049000,0.0018399801,-0.06822715,-0.0015901014,0.0,0.0,-0.4901771,0
1777225818069000,0.0016378899,-0.012143484,-0.0013968463,0.0,0.0,-0.48984763,0
1777225818093000,0.0036192047,-0.06788733,-0.0013601569,0.0,0.0,-0.49001503,0
1777225818113000,0.002884786,-0.06852732,-0.0011010867,0.0,0.0,-0.4901934,0
1777225818129000,0.0038524445,-0.06731589,-0.00060581375,0.0,0.0,-0.49029046,0
1777225818153000,0.0041091554,-0.06849306,-0.0008386881,0.0,0.0,-0.4903881,0
1777225818169000,0.0043709544,-0.06879654,-0.0011115476,0.0,0.0,-0.49045137,0
1777225818193000,0.004802463,-0.06759795,-0.0011851841,0.0,0.0,-0.49025312,0
1777225818209000,0.004279781,-0.06732157,-0.0013815473,0.0,0.0,-0.4902184,0
1777225818233000,0.0055497726,-0.07087165,-0.0014086687,0.0,0.0,-0.49011326,0
1777225818253000,0.0067195934,-0.07003641,-0.0011142157,0.0,0.0,-0.48997,0
1777225818273000,0.006691218,-0.06999094,-0.001115192,0.0,0.0,-0.48997393,0
1777225818293000,0.005910494,-0.06915371,-0.0010596379,0.0,0.0,-0.48997897,0
1777225818313000,0.0063810656,-0.07065384,-0.0010199001,0.0,0.0,-0.48989344,0
1777225818329000,0.0051795524,-0.07017899,-0.0009835243,0.0,0.0,-0.48992178,0
1777225818349000,0.0050354945,-0.014542861,-0.0009969779,0.0,0.0,-0.4896218,0
1777225818369000,0.004762322,-0.07126462,-0.00071936724,0.0,0.0,-0.49008256,0
1777225818393000,0.0036123283,-0.06905459,-4.6523106e-05,0.0,0.0,-0.48996237,0
1777225818409000,0.0037231573,-0.066296674,0.00027786655,0.0,0.0,-0.48994112,0
1777225818429000,0.0026636661,-0.010400287,0.0003885149,0.0,0.0,-0.4893692,0
1777225818453000,0.0031321195,-0.06502004,0.000502422,0.0,0.0,-0.48972,0
1777225818469000,0.0034287197,-0.00868303,0.0004705193,0.0,0.0,-0.48922005,0
1777225818489000,0.0036405772,-0.06348158,0.00062247005,0.0,0.0,-0.489742,0
1777225818509000,0.004658321,-0.006310732,0.00084162125,0.0,0.0,-0.48944822,0
1777225818533000,0.005283948,-0.061176915,0.00039338373,0.0,0.0,-0.49003398,0
1777225818553000,0.006293866,-0.061109696,0.0006719376,0.0,0.0,-0.49015605,0
1777225818569000,0.0050393334,-0.06032966,0.00091641495,0.0,0.0,-0.49028143,0
1777225818593000,0.004975438,-0.058355775,0.00091581454,0.0,0.0,-0.4903979,0
1777225818609000,0.004304478,-0.056612205,0.0012425097,0.0,0.0,-0.490395,0
1777225818629000,0.0028376197,0.0004943708,0.0014213976,0.0,0.0,-0.4899673,0
1777225818649000,0.0038161783,-0.054304417,0.0012530307,0.0,0.0,-0.49040464,0
1777225818669000,0.0028186252,0.00232707,0.0012101876,0.0,0.0,-0.48992968,0
1777225818689000,0.0034924832,-0.05384367,0.0013712324,0.0,0.0,-0.49049067,0
1777225818713000,0.0039444035,-0.051826328,0.0012280986,0.0,0.0,-0.49039957,0
1777225818729000,0.0016551767,-0.051265582,0.0012045715,0.0,0.0,-0.49043623,0
1777225818749000,-6.8164285e-05,0.006370101,0.0012368652,0.0,0.0,-0.48994428,0
1777225818769000,-0.0010568182,-0.048793178,0.0008624404,0.0,0.0,-0.49047074,0
1777225818789000,-0.0030773438,0.007304755,0.0009371317,0.0,0.0,-0.48999748,0
1777225818809000,-0.0030125794,-0.046906225,0.00071092346,0.0,0.0,-0.49053773,0
1777225818829000,-0.00262552,0.010944218,0.0005816538,0.0,0.0,-0.489974,0
1777225818853000,-0.002739305,-0.047346424,0.0008598514,0.0,0.0,-0.49045098,0
1777225818869000,-0.0005633206,0.008724234,0.0010735102,0.0,0.0,-0.4899418,0
1777225818893000,-0.0007122125,-0.04469051,0.001170208,0.0,0.0,-0.4905568,0
1777225818913000,-0.0017886225,-0.0448436,0.001020693,0.0,0.0,-0.4907011,0
1777225818933000,-0.0009523706,-0.04354526,0.0010804165,0.0,0.0,-0.49071476,0
1777225818949000,0.00014633278,0.014172844,0.0012629759,0.0,0.0,-0.49034908,0
1777225818969000,-0.00035694597,-0.038278263,0.0012592007,0.0,0.0,-0.49079224,0
1777225818993000,-0.00094610284,-0.040462114,0.0012364875,0.0,0.0,-0.4908215,0
1777225819013000,-0.0016410351,-0.038706336,0.0012469233,0.0,0.0,-0.49078822,0
1777225819033000,-0.00080157653,-0.03556078,0.0010416205,0.0,0.0,-0.49081004,0
1777225819049000,-0.00081466284,-0.03376458,0.0011843457,0.0,0.0,-0.49071842,0
1777225819069000,-0.0014346362,0.020391587,0.0014261575,0.0,0.0,-0.49023142,0
1777225819093000,-0.0018037545,-0.029810432,0.0009101012,0.0,0.0,-0.49072286,0
1777225819109000,-0.0015677856,0.023668056,0.0007858172,0.0,0.0,-0.4903345,0
1777225819129000,-0.0009878627,-0.029738957,0.0006184656,0.0,0.0,-0.4909598,0
1777225819149000,-0.00033852583,0.027182609,0.0008963996,0.0,0.0,-0.4905628,0
1777225819169000,-1.6901888e-05,-0.026689565,0.0006373185,0.0,0.0,-0.49097264,0
1777225819193000,-0.002126437,-0.024408586,0.00046630867,0.0,0.0,-0.49091074,0
1777225819209000,-0.0021137062,-0.021297472,0.00045490445,0.0,0.0,-0.49092665,0
1777225819229000,-0.00095070276,0.033283204,0.00054645573,0.0,0.0,-0.49056467,0
1777225819253000,0.001169668,-0.019288119,0.0005078179,0.0,0.0,-0.49114144,0
1777225819273000,0.0013702101,-0.017307946,0.0007538759,0.0,0.0,-0.49117693,0
1777225819293000,0.0012149237,-0.016841065,0.0008855461,0.0,0.0,-0.4911677,0
1777225819313000,0.0032798988,-0.016137166,0.00050258345,0.0,0.0,-0.49113747,0
1777225819329000,0.0033603658,-0.011377042,0.00024750797,0.0,0.0,-0.4910918,0
1777225819349000,0.0037222547,0.043668654,-6.2642706e-05,0.0,0.0,-0.49046552,0
1777225819373000,0.0014634699,-0.0110173905,-0.00037492235,0.0,0.0,-0.49092194,0
1777225819393000,0.0017853449,-0.010797531,-0.00058763253,0.0,0.0,-0.4908702,0
1777225819413000,0.003325084,-0.011253244,-0.00073140697,0.0,0.0,-0.49079883,0
1777225819433000,0.00330882,-0.0108237695,-0.0009507231,0.0,0.0,-0.49060625,0
1777225819453000,0.0045772167,-0.010126263,-0.0009401923,0.0,0.0,-0.490662,0
1777225819473000,0.0051507824,-0.009449746,-0.000780976,0.0,0.0,-0.49053407,0
1777225819489000,0.0066779447,-0.008670365,-0.0009284609,0.0,0.0,-0.49051318,0
1777225819509000,0.009236289,0.04575142,-0.0006430959,0.0,0.0,-0.49003997,0
1777225819529000,0.0073940284,-0.0046052453,-0.00068676495,0.0,0.0,-0.4904767,0
1777225819549000,0.0069501493,0.050197855,-0.00039387413,0.0,0.0,-0.48995715,0
1777225819569000,0.006301632,-0.0020710218,-0.00045642664,0.0,0.0,-0.49041584,0
1777225819589000,0.0049587516,0.052004933,-0.0008426479,0.0,0.0,-0.49000785,0
1777225819609000,0.0044803224,0.00044670262,-0.0008013134,0.0,0.0,-0.49029198,0
1777225819629000,0.003930671,0.05426705,-0.0006107237,0.0,0.0,-0.4898042,0
1777225819649000,0.005527859,0.001290593,-0.00071915024,0.0,0.0,-0.49026498,0
1777225819669000,0.004447482,0.05451241,-0.0011498596,0.0,0.0,-0.48981977,0
1777225819689000,0.0038038378,0.00067726255,-0.0012003961,0.0,0.0,-0.49023926,0
1777225819709000,0.0011699081,0.05286753,-0.0014318287,0.0,0.0,-0.48993096,0
1777225819729000,0.004130214,-0.00238829,-0.0014167038,0.0,0.0,-0.4903212,0
1777225819749000,0.005528405,0.052024927,-0.0010549818,0.0,0.0,-0.4899108,0
1777225819769000,0.0056792414,-0.0019780428,-0.0013590868,0.0,0.0,-0.490319,0
1777225819789000,0.0065865526,0.051343504,-0.0012214172,0.0,0.0,-0.48997104,0
1777225819813000,0.009288887,-0.0025488127,-0.0013361752,0.0,0.0,-0.490506,0
1777225819833000,0.008821484,-0.003340092,-0.0015963677,0.0,0.0,-0.49053726,0
1777225819849000,0.0077890125,-0.0043570967,-0.0014622717,0.0,0.0,-0.49052265,0
1777225819869000,0.0072420524,0.049151294,-0.0011437237,0.0,0.0,-0.49036118,0
1777225819889000,0.0068663573,-0.0063375197,-0.001256729,0.0,0.0,-0.49069136,0
1777225819909000,0.006721613,0.048460048,-0.0014796727,0.0,0.0,-0.49031267,0
1777225819929000,0.0063093705,-0.006562942,-0.001459475,0.0,0.0,-0.49071038,0
1777225819953000,0.0073219584,-0.00963999,-0.0010463521,0.0,0.0,-0.49076265,0
1777225819969000,0.006575331,-0.0074672806,-0.0009566422,0.0,0.0,-0.4906546,0
1777225819993000,0.0060612196,-0.006942359,-0.00089993223,0.0,0.0,-0.49057022,0
1777225820009000,0.0058062095,-0.008986655,-0.00065883703,0.0,0.0,-0.49068445,0
1777225820029000,0.0063078464,0.04393932,-0.000621183,0.0,0.0,-0.4904021,0
1777225820053000,0.0063889036,-0.009619066,-0.00039867533,0.0,0.0,-0.49070543,0
1777225820069000,0.008724725,0.044584896,-0.00072971225,0.0,0.0,-0.4902579,0
1777225820089000,0.0101954285,-0.012027477,-0.0011402229,0.0,0.0,-0.49077812,0
1777225820113000,0.009754996,-0.013987199,-0.0006619905,0.0,0.0,-0.49066335,0
1777225820133000,0.0076878415,-0.0114115365,-0.0003158393,0.0,0.0,-0.49066892,0
1777225820149000,0.007739943,0.04308961,-0.000338049,0.0,0.0,-0.49029818,0
1777225820169000,0.008665847,-0.012076597,0.00027209823,0.0,0.0,-0.49077478,0
1777225820189000,0.008115183,0.042015556,0.00017511238,0.0,0.0,-0.4902701,0
1777225820209000,0.0071230684,-0.012785908,0.0006615098,0.0,0.0,-0.49058568,0
1777225820229000,0.0056344094,0.040729634,0.00078642275,0.0,0.0,-0.4901201,0
1777225820253000,0.006623794,-0.012878753,0.0011252635,0.0,0.0,-0.49050254,0
1777225820269000,0.0049859234,0.040881943,0.0010289076,0.0,0.0,-0.49018317,0
1777225820293000,0.0033597131,-0.015805382,0.0010154145,0.0,0.0,-0.49067822,0
1777225820309000,0.001248525,0.038982175,0.0010054786,0.0,0.0,-0.4902923,0
1777225820329000,0.00017032954,-0.01414982,0.00097142335,0.0,0.0,-0.49061865,0
1777225820349000,0.0014699989,0.04008305,0.0010247773,0.0,0.0,-0.4903007,0
1777225820369000,0.004972479,-0.014011767,0.00093600765,0.0,0.0,-0.49063572,0
1777225820393000,0.0020075282,-0.013679271,0.00088640285,0.0,0.0,-0.49063706,0
1777225820409000,0.0016098024,-0.013501718,0.00095962785,0.0,0.0,-0.49053958,0
1777225820429000,0.0010918238,0.04104111,0.000676418,0.0,0.0,-0.49015915,0
1777225820449000,0.0017906688,-0.012456632,0.0007423676,0.0,0.0,-0.49060056,0
1777225820469000,0.0014859572,0.041130465,0.0003379028,0.0,0.0,-0.49029285,0
1777225820489000,0.0022965472,-0.016559886,0.00036557403,0.0,0.0,-0.49078605,0
1777225820513000,0.0034203508,-0.019090766,0.00012557955,0.0,0.0,-0.49087432,0
1777225820529000,0.004694824,-0.016579349,-0.00010145422,0.0,0.0,-0.4909592,0
1777225820549000,0.005516785,0.03764845,-0.0001844214,0.0,0.0,-0.49059218,0
1777225820573000,0.0057705767,-0.015571253,-2.7079623e-05,0.0,0.0,-0.49105963,0
1777225820593000,0.0053813756,-0.015868885,0.00028883552,0.0,0.0,-0.49114105,0
1777225820613000,0.005139997,-0.015324804,0.00030908216,0.0,0.0,-0.49116075,0
1777225820629000,0.0060271863,0.03981348,0.00016287762,0.0,0.0,-0.4907926,0
1777225820653000,0.005559435,-0.015667059,0.00020233053,0.0,0.0,-0.49129164,0
1777225820669000,0.006806152,0.038678262,-0.00050847954,0.0,0.0,-0.49106544,0
1777225820693000,0.0049112528,-0.017119555,-0.00033608344,0.0,0.0,-0.49151966,0
1777225820709000,0.0042307614,0.038212273,-0.00047909142,0.0,0.0,-0.4912531,0
1777225820729000,0.007838493,-0.02027506,-0.0003246498,0.0,0.0,-0.49161768,0
1777225820749000,0.0072847703,0.033561107,-0.00034409357,0.0,0.0,-0.49116412,0
1777225820773000,0.006862803,-0.024686538,0.00039577018,0.0,0.0,-0.49148577,0
1777225820789000,0.00762998,0.030149154,0.00050191086,0.0,0.0,-0.49105868,0
1777225820809000,0.007994042,-0.026369752,0.00071111537,0.0,0.0,-0.49152073,0
1777225820833000,0.007512286,-0.02725452,0.0005748936,0.0,0.0,-0.49129027,0
1777225820849000,0.0067323446,-0.025770387,0.00052584,0.0,0.0,-0.49120265,0
1777225820873000,0.006408895,-0.028103553,0.0005020049,0.0,0.0,-0.49126527,0
1777225820893000,0.0073958286,-0.026701907,0.00070451805,0.0,0.0,-0.4913085,0
1777225820909000,0.0055429623,0.028803386,0.00056081533,0.0,0.0,-0.49101192,0
1777225820933000,0.003357465,-0.02705296,0.00056759483,0.0,0.0,-0.49128562,0
1777225820953000,0.00049310137,-0.027684309,0.0006773705,0.0,0.0,-0.49124363,0
1777225820969000,0.0005777643,-0.02568012,0.00095130183,0.0,0.0,-0.49118498,0
1777225820989000,0.0008785678,0.030299036,0.0009171249,0.0,0.0,-0.49078906,0
1777225821009000,0.0012368456,-0.02421976,0.00132035,0.0,0.0,-0.4911253,0
1777225821029000,0.0015762792,0.02949544,0.0014783008,0.0,0.0,-0.49081907,0
1777225821049000,0.0022353746,-0.023524221,0.0015700219,0.0,0.0,-0.49109897,0
1777225821069000,0.002057735,0.032366276,0.0015179904,0.0,0.0,-0.49071664,0
1777225821089000,0.002448479,-0.020586802,0.0017924779,0.0,0.0,-0.4910374,0
1777225821113000,0.0022392746,-0.022523092,0.0015452997,0.0,0.0,-0.49100485,0
1777225821133000,-0.00018000156,-0.02265685,0.0013110578,0.0,0.0,-0.4910856,0
1777225821153000,-0.000821794,-0.025374468,0.0012117554,0.0,0.0,-0.4911546,0
1777225821169000,-0.0020045575,-0.023466758,0.00086446735,0.0,0.0,-0.49109548,0
1777225821189000,-0.0025809945,0.031815592,0.00067139254,0.0,0.0,-0.49081925,0
1777225821209000,-0.0019045118,-0.020717513,0.0014126591,0.0,0.0,-0.49108672,0
1777225821229000,-0.0014372983,0.035711005,0.0012261694,0.0,0.0,-0.4907769,0
1777225821249000,-0.0012440195,-0.01936772,0.0014706689,0.0,0.0,-0.49112952,0
1777225821269000,-0.002103031,0.03797525,0.0012290601,0.0,0.0,-0.49063486,0
1777225821289000,-0.0034586922,-0.019528018,0.0013650032,0.0,0.0,-0.49090952,0
1777225821309000,-0.0047981227,0.03375996,0.00075722317,0.0,0.0,-0.49058682,0
1777225821329000,-0.0046357485,-0.018465215,0.00090500055,0.0,0.0,-0.49101856,0
1777225821349000,-0.0037256458,0.035621732,0.00075992063,0.0,0.0,-0.49069682,0
1777225821373000,-0.002801356,-0.018668255,0.0008553287,0.0,0.0,-0.49119866,0
1777225821389000,-0.0044573685,0.035523187,0.0007442392,0.0,0.0,-0.4908478,0
1777225821409000,-0.0043842415,-0.017125681,0.0010664965,0.0,0.0,-0.49119356,0
1777225821429000,-0.0046497732,0.036048055,0.0011907957,0.0,0.0,-0.49077186,0
1777225821449000,-0.005262081,-0.018749705,0.0011070567,0.0,0.0,-0.49126613,0
1777225821469000,-0.0074965116,0.03783093,0.00093375274,0.0,0.0,-0.49084502,0
1777225821493000,-0.007883761,-0.01862262,0.00059250987,0.0,0.0,-0.49122947,0
1777225821509000,-0.0070104324,0.03546549,0.000511015,0.0,0.0,-0.49090374,0
1777225821529000,-0.004446619,-0.019821417,0.00061349693,0.0,0.0,-0.49124652,0
1777225821549000,-0.0055259177,0.03534128,0.00033380976,0.0,0.0,-0.49087587,0
1777225821573000,-0.0016827757,-0.021091593,0.0005673222,0.0,0.0,-0.49122807,0
1777225821589000,-0.001645139,0.0348339,0.00035212594,0.0,0.0,-0.49095705,0
1777225821609000,-0.0033544018,-0.019157564,0.0002713125,0.0,0.0,-0.49155763,0
1777225821629000,-0.0044919057,0.033865396,0.00018207208,0.0,0.0,-0.49118304,0
1777225821649000,-0.0026827403,-0.022143377,0.00054391695,0.0,0.0,-0.49146014,0
1777225821669000,-0.0012847628,0.032251872,-2.0632433e-07,0.0,0.0,-0.4911453,0
1777225821693000,-0.0003038434,-0.019980792,-0.0004617346,0.0,0.0,-0.49144366,0
1777225821709000,-0.0014096161,0.035530217,-0.0008072679,0.0,0.0,-0.49111685,0
1777225821733000,-0.0012875105,-0.019902224,-0.0007463491,0.0,0.0,-0.4914452,0
1777225821753000,-0.003050811,-0.020934585,-0.0008626922,0.0,0.0,-0.4915518,0
1777225821773000,-0.0019141707,-0.018905776,-0.0012457932,0.0,0.0,-0.4916663,0
1777225821793000,-0.0008230108,-0.020262444,-0.0014375001,0.0,0.0,-0.49174896,0
1777225821813000,-3.929854e-05,-0.019627193,-0.0015175934,0.0,0.0,-0.49174395,0
1777225821829000,0.00060394604,0.036592208,-0.0019932543,0.0,0.0,-0.4912373,0
1777225821853000,0.00011057273,-0.022930257,-0.0021907287,0.0,0.0,-0.4916201,0
1777225821869000,0.0013322476,0.031357005,-0.0022097037,0.0,0.0,-0.49126205,0
1777225821893000,0.0028087422,-0.025588155,-0.0020665494,0.0,0.0,-0.49154457,0
1777225821909000,0.0043909852,0.029745542,-0.0024564895,0.0,0.0,-0.4912412,0
1777225821933000,0.0054942328,-0.026362663,-0.0020399564,0.0,0.0,-0.49147946,0
1777225821949000,0.0056124656,0.029095678,-0.0025177235,0.0,0.0,-0.49103352,0
1777225821969000,0.0056685843,-0.02253048,-0.0025555724,0.0,0.0,-0.4913898,0
1777225821989000,0.006054021,0.031827502,-0.0026391228,0.0,0.0,-0.4909371,0
1777225822013000,0.004386067,-0.025502246,-0.0025678433,0.0,0.0,-0.49125156,0
1777225822029000,0.005399518,0.029239567,-0.0029403525,0.0,0.0,-0.49092418,0
1777225822049000,0.005123009,-0.026766798,-0.0030104686,0.0,0.0,-0.49126437,0
1777225822069000,0.005571581,0.027089812,-0.0032543815,0.0,0.0,-0.49083388,0
1777225822089000,0.005384325,-0.026841536,-0.0030429207,0.0,0.0,-0.49125278,0
1777225822109000,0.005610777,0.025892755,-0.003440967,0.0,0.0,-0.49086604,0
1777225822129000,0.0060194368,-0.025635023,-0.0029780567,0.0,0.0,-0.4910532,0
1777225822149000,0.0056806477,0.030300636,-0.003174984,0.0,0.0,-0.49068284,0
1777225822169000,0.006336501,-0.0259814,-0.0027996216,0.0,0.0,-0.49109644,0
1777225822189000,0.007601293,0.029698651,-0.0032550483,0.0,0.0,-0.49071026,0
1777225822209000,0.009190579,-0.025414728,-0.0028282802,0.0,0.0,-0.49104086,0
1777225822229000,0.009209865,0.029429508,-0.0029496225,0.0,0.0,-0.4905602,0
1777225822249000,0.009179273,-0.027197024,-0.002192021,0.0,0.0,-0.49103796,0
1777225822269000,0.0077603403,0.028732745,-0.0024097678,0.0,0.0,-0.49076408,0
1777225822293000,0.0047935466,-0.026432466,-0.0018100317,0.0,0.0,-0.49116912,0
1777225822309000,0.004016789,0.030781232,-0.001421537,0.0,0.0,-0.49085695,0
1777225822329000,0.005241173,-0.022899508,-0.0007274039,0.0,0.0,-0.49120054,0
1777225822349000,0.0045858566,0.03486891,-0.0007098262,0.0,0.0,-0.49085933,0
1777225822369000,0.0011950536,-0.01737477,-0.0003478349,0.0,0.0,-0.49121377,0
1777225822389000,0.0007293254,0.036401328,-0.0005863748,0.0,0.0,-0.49069485,0
1777225822409000,-0.0015229484,-0.017623045,-0.00031693222,0.0,0.0,-0.49104413,0
1777225822429000,-0.0022096245,0.037791017,-0.0003361634,0.0,0.0,-0.49075726,0
1777225822449000,-0.0017769512,-0.017552963,0.0002550661,0.0,0.0,-0.49116194,0
1777225822473000,0.0013143425,-0.018030882,0.00083977764,0.0,0.0,-0.4911934,0
1777225822489000,-7.8086e-05,-0.017598078,0.0006279487,0.0,0.0,-0.49119142,0
1777225822509000,-0.00086555345,0.03846644,0.0005853167,0.0,0.0,-0.49070844,0
1777225822533000,-0.0033490285,-0.016272329,0.0007486718,0.0,0.0,-0.49054068,0
1777225822553000,-0.0037279602,-0.016697718,0.000915664,0.0,0.0,-0.49076328,0
1777225822569000,-0.0034269372,-0.015179897,0.00082202326,0.0,0.0,-0.49035162,0
1777225822589000,-0.0039447765,0.038878284,0.00120183,0.0,0.0,-0.49004427,0
1777225822609000,-0.0042499886,-0.016809082,0.0019340019,0.0,0.0,-0.49040034,0
1777225822629000,-0.0042093205,0.03830785,0.0019037523,0.0,0.0,-0.49007854,0
1777225822653000,-0.0067307674,-0.016567275,0.0021073374,0.0,0.0,-0.49032673,0
1777225822669000,-0.006255155,0.03903159,0.0018220444,0.0,0.0,-0.48992318,0
1777225822689000,-0.009392328,-0.016173627,0.0017887662,0.0,0.0,-0.49002436,0
1777225822709000,-0.009098184,0.03951721,0.0010810571,0.0,0.0,-0.48964536,0
1777225822729000,-0.008331665,-0.013915668,0.0017358557,0.0,0.0,-0.49005142,0
1777225822753000,-0.009507093,-0.01566039,0.0013447751,0.0,0.0,-0.49029619,0
1777225822769000,-0.009166646,-0.01428732,0.0011905867,0.0,0.0,-0.4901093,0
1777225822789000,-0.008849959,0.039279666,0.0008476764,0.0,0.0,-0.48977023,0
1777225822809000,-0.0074642766,-0.014971912,0.0010316971,0.0,0.0,-0.48990557,0
1777225822829000,-0.0055338563,0.03837495,0.0010580657,0.0,0.0,-0.48962077,0
1777225822849000,-0.0050533516,-0.01820917,0.0011181794,0.0,0.0,-0.48990646,0
1777225822869000,-0.0045965197,0.035823658,0.0012560603,0.0,0.0,-0.48937613,0
1777225822889000,-0.005402949,-0.019074533,0.0015029764,0.0,0.0,-0.48958036,0
1777225822913000,-0.003781867,-0.020518655,0.0011385747,0.0,0.0,-0.48956242,0
1777225822929000,-0.003921735,-0.018879598,0.0008421001,0.0,0.0,-0.4894947,0
1777225822949000,-0.005243965,0.037295394,0.0006054354,0.0,0.0,-0.48908213,0
1777225822969000,-0.005045716,-0.016146772,0.0010126604,0.0,0.0,-0.48930874,0
1777225822989000,-0.0039667026,0.03646803,0.00059642835,0.0,0.0,-0.4890586,0
1777225823009000,-0.0036256306,-0.01808979,0.00082065706,0.0,0.0,-0.48957056,0
1777225823033000,-0.0055175535,-0.017856862,0.00043528862,0.0,0.0,-0.48953724,0
1777225823049000,-0.00811471,-0.019154262,1.279822e-05,0.0,0.0,-0.4894969,0
1777225823069000,-0.007541839,0.037197687,-0.00062042667,0.0,0.0,-0.48921916,0
1777225823089000,-0.008516,-0.017794168,-0.00087690866,0.0,0.0,-0.4895001,0
1777225823113000,-0.008521499,-0.014445711,-0.0009574563,0.0,0.0,-0.48951003,0
1777225823129000,-0.010168687,-0.01513131,-0.00092194194,0.0,0.0,-0.48937142,0
1777225823149000,-0.008936632,0.038961954,-0.0009122323,0.0,0.0,-0.48917347,0
1777225823173000,-0.009898702,-0.014879146,-0.00066612696,0.0,0.0,-0.48945984,0
1777225823189000,-0.01019036,0.040629853,-0.0005527408,0.0,0.0,-0.48925948,0
1777225823213000,-0.010121326,-0.014894614,-0.00018165441,0.0,0.0,-0.4895507,0
1777225823229000,-0.009083133,0.040805217,-0.0003955606,0.0,0.0,-0.4892374,0
1777225823249000,-0.009589321,-0.015192307,-0.0004716421,0.0,0.0,-0.48945007,0
1777225823273000,-0.008976013,-0.0156347,-0.0007114718,0.0,0.0,-0.48950365,0
1777225823293000,-0.010178118,-0.015193956,-0.00094928616,0.0,0.0,-0.4895642,0
1777225823309000,-0.0101417145,0.040288057,-0.00091570587,0.0,0.0,-0.48925665,0
1777225823333000,-0.010184012,-0.015933366,-0.00073424226,0.0,0.0,-0.4894219,0
1777225823353000,-0.011306996,-0.015906714,-0.00070532283,0.0,0.0,-0.48935804,0
1777225823369000,-0.011401452,-0.015734663,-0.0007184276,0.0,0.0,-0.48944375,0
1777225823393000,-0.010684241,-0.01700543,-0.0009187518,0.0,0.0,-0.48950735,0
1777225823409000,-0.010138531,-0.018480321,-0.00091190374,0.0,0.0,-0.48953035,0
1777225823429000,-0.008967897,0.0339913,-0.00079892256,0.0,0.0,-0.48940772,0
1777225823449000,-0.007686035,-0.023883954,-0.000703546,0.0,0.0,-0.48956567,0
1777225823469000,-0.007718028,0.03169064,-0.0005588744,0.0,0.0,-0.4893196,0
1777225823489000,-0.0075994446,-0.02456533,-0.00046963248,0.0,0.0,-0.4896823,0
1777225823509000,-0.007085601,0.031989355,-0.00052483345,0.0,0.0,-0.4895342,0
1777225823533000,-0.007156964,-0.022417657,-0.0007947338,0.0,0.0,-0.4898192,0
1777225823553000,-0.008090375,-0.024619699,-0.0009682623,0.0,0.0,-0.48983508,0
1777225823569000,-0.0065802946,-0.023775611,-0.0005794585,0.0,0.0,-0.4898203,0
1777225823589000,-0.007353838,0.032541003,-0.0005734242,0.0,0.0,-0.48956454,0
1777225823613000,-0.005545822,-0.023708496,-0.00044048438,0.0,0.0,-0.48978552,0
1777225823633000,-0.0074781314,-0.025178924,-0.00057513494,0.0,0.0,-0.48990673,0
1777225823653000,-0.006262364,-0.025393901,-0.0008358288,0.0,0.0,-0.4900575,0
1777225823673000,-0.00427496,-0.028575378,-0.0007180457,0.0,0.0,-0.49006015,0
1777225823693000,-0.003992925,-0.029456576,-0.0006271698,0.0,0.0,-0.48998126,0
1777225823709000,-0.0020730384,0.025549835,-0.00015134372,0.0,0.0,-0.4897306,0
1777225823733000,-0.0016261686,-0.027708093,-0.00039996937,0.0,0.0,-0.4898279,0
1777225823749000,-0.0013112691,0.027997201,-0.00014513159,0.0,0.0,-0.4895663,0
1777225823769000,-0.001607175,-0.028608762,-6.216515e-05,0.0,0.0,-0.48989323,0
1777225823789000,-0.00089507643,0.028707316,0.00026694173,0.0,0.0,-0.4897595,0
1777225823809000,0.0011963943,-0.028046284,0.00013377573,0.0,0.0,-0.49017,0
1777225823833000,0.0014448545,-0.02911898,4.4674132e-05,0.0,0.0,-0.49021903,0
1777225823853000,0.0006451203,-0.031925,1.2765013e-05,0.0,0.0,-0.49024045,0
1777225823873000,0.0007991016,-0.031758137,-4.1610565e-05,0.0,0.0,-0.49032578,0
1777225823889000,-0.00035397106,-0.030527499,0.00015689532,0.0,0.0,-0.49027026,0
1777225823909000,0.00017945269,0.025021477,0.0005383246,0.0,0.0,-0.49011788,0
1777225823929000,0.0021148145,-0.031569246,0.0006185255,0.0,0.0,-0.4903565,0
1777225823949000,0.0012699952,0.024179673,0.0008521654,0.0,0.0,-0.4901062,0
1777225823973000,0.0017560017,-0.0316201,0.0005654507,0.0,0.0,-0.49044523,0
1777225823989000,0.0010820548,0.024112564,0.00050847576,0.0,0.0,-0.4901596,0
1777225824013000,0.00104131,-0.03191246,8.315354e-05,0.0,0.0,-0.49046865,0
1777225824033000,0.0026923213,-0.03428378,-0.00019030613,0.0,0.0,-0.49050885,0
1777225824053000,0.0023338445,-0.035011303,-0.00035154368,0.0,0.0,-0.49059868,0
1777225824073000,0.0024269721,-0.03501119,-0.00010149196,0.0,0.0,-0.49060306,0
1777225824093000,0.003482481,-0.034222767,-0.00019954864,0.0,0.0,-0.49047318,0
1777225824113000,0.010102228,-0.037868865,-2.3808483e-05,0.0,0.0,-0.48547345,0
1777225824133000,0.010084154,-0.037195727,-0.00043455855,0.0,0.0,-0.48187536,0
1777225824153000,0.012716162,-0.037188943,-0.00016953198,0.0,0.0,-0.4785431,0
1777225824173000,0.014093283,-0.03807007,-0.00015102528,0.0,0.0,-0.48164716,0
1777225824193000,0.014731997,-0.038936652,-0.00064748345,0.0,0.0,-0.4868934,0
1777225824213000,0.0064118607,-0.037931003,-0.0008651411,0.0,0.0,-0.49025905,0
1777225824229000,0.0073813465,0.017248657,-0.0011350822,0.0,0.0,-0.49026325,0
1777225824249000,0.007955803,-0.037585318,-0.0011347521,0.0,0.0,-0.49061972,0
1777225824273000,0.009096815,-0.03988997,-0.0016373871,0.0,0.0,-0.490775,0
1777225824289000,0.00911196,-0.040658407,-0.0017635793,0.0,0.0,-0.49076262,0
1777225824309000,0.00831161,0.018458564,-0.00143006,0.0,0.0,-0.49036327,0
1777225824329000,0.007864638,-0.033967055,-0.0013800997,0.0,0.0,-0.49050182,0
1777225824349000,0.00883431,0.02136937,-0.0017661686,0.0,0.0,-0.49025726,0
1777225824373000,0.007816404,-0.032302346,-0.001554906,0.0,0.0,-0.49054635,0
1777225824389000,0.008927698,0.023265861,-0.0015816839,0.0,0.0,-0.49032715,0
1777225824413000,0.008637083,-0.03521358,-0.001407768,0.0,0.0,-0.49069256,0
1777225824429000,0.0083927205,0.02145661,-0.0015762971,0.0,0.0,-0.49052075,0
1777225824449000,0.009439165,-0.031814717,-0.0013506593,0.0,0.0,-0.49090087,0
1777225824469000,0.0093690315,0.021918831,-0.0014170542,0.0,0.0,-0.49048615,0
1777225824489000,0.009286208,-0.031077735,-0.0011161909,0.0,0.0,-0.4906543,0
1777225824509000,0.010839141,0.024207536,-0.0013927205,0.0,0.0,-0.49041158,0
1777225824533000,0.01181769,-0.033489246,-0.001219011,0.0,0.0,-0.4908411,0
1777225824553000,0.011593863,-0.03282117,-0.0010602658,0.0,0.0,-0.49093106,0
1777225824573000,0.009053757,-0.031320997,-0.0010431397,0.0,0.0,-0.49093264,0
1777225824593000,0.008368037,-0.03276513,-0.0008952039,0.0,0.0,-0.49100956,0
1777225824613000,0.01000645,-0.032118097,-0.0008707284,0.0,0.0,-0.49084684,0
1777225824633000,0.010962406,-0.03395516,-0.0006339844,0.0,0.0,-0.4908241,0
1777225824653000,0.012246042,-0.033517007,4.8897084e-05,0.0,0.0,-0.49065575,0
1777225824673000,0.012865807,-0.031751122,0.00039867545,0.0,0.0,-0.49056542,0
1777225824689000,0.013117206,-0.03139068,0.00060347456,0.0,0.0,-0.49040025,0
1777225824709000,0.012155326,0.021874385,0.00043434772,0.0,0.0,-0.49002323,0
1777225824729000,0.011767626,-0.033143684,0.0006532979,0.0,0.0,-0.49034968,0
1777225824749000,0.012110285,0.022360235,0.0005360504,0.0,0.0,-0.49019146,0
1777225824769000,0.0135430675,-0.036471512,0.0009395025,0.0,0.0,-0.49048287,0
1777225824789000,0.012204037,0.019683769,0.0009161035,0.0,0.0,-0.490264,0
1777225824809000,0.010754445,-0.033396013,0.001493918,0.0,0.0,-0.49052656,0
1777225824833000,0.011404761,-0.035791963,0.0022651218,0.0,0.0,-0.4906531,0
1777225824849000,0.012276067,-0.036623545,0.0028019184,0.0,0.0,-0.4907103,0
1777225824869000,0.010219372,0.020598637,0.0025522986,0.0,0.0,-0.49040732,0
1777225824893000,0.00915126,-0.034195688,0.0028104146,0.0,0.0,-0.4907566,0
1777225824913000,0.008303489,-0.033132266,0.002443529,0.0,0.0,-0.490759,0
1777225824933000,0.007624726,-0.033315543,0.002412671,0.0,0.0,-0.49086252,0
1777225824949000,0.0076472713,0.02191135,0.0017576237,0.0,0.0,-0.4905942,0
1777225824969000,0.009310182,-0.032315362,0.0018040445,0.0,0.0,-0.49093944,0
1777225824989000,0.009869522,0.02211887,0.0015105851,0.0,0.0,-0.49064776,0
1777225825009000,0.010983435,-0.03495043,0.0019395717,0.0,0.0,-0.4910886,0
1777225825033000,0.0131310355,-0.03579228,0.0022937672,0.0,0.0,-0.49114373,0
1777225825049000,0.013837275,-0.03616291,0.002516489,0.0,0.0,-0.49118,0
1777225825073000,0.0146219395,-0.039627377,0.0024239067,0.0,0.0,-0.49134243,0
1777225825089000,0.014656925,-0.03898049,0.0022990578,0.0,0.0,-0.4911615,0
1777225825109000,0.015139704,0.016014706,0.001795237,0.0,0.0,-0.4906984,0
1777225825129000,0.014066441,-0.039200556,0.0023488316,0.0,0.0,-0.49093363,0
1777225825149000,0.014763486,0.016690027,0.001955531,0.0,0.0,-0.49059734,0
1777225825169000,0.014901184,-0.040471736,0.0019862102,0.0,0.0,-0.49101356,0
1777225825193000,0.016644543,-0.040215325,0.0021630437,0.0,0.0,-0.49094322,0
1777225825213000,0.01697826,-0.039284147,0.0020259924,0.0,0.0,-0.49098617,0
1777225825233000,0.016074153,-0.0397546,0.0015465745,0.0,0.0,-0.4910621,0
1777225825249000,0.01452084,-0.03763422,0.0014682171,0.0,0.0,-0.49107766,0
1777225825273000,0.014128918,-0.036767997,0.0014323922,0.0,0.0,-0.49104208,0
1777225825293000,0.014985627,-0.035367236,0.0012519842,0.0,0.0,-0.49096394,0
1777225825309000,0.0153756505,0.018834626,0.0006051759,0.0,0.0,-0.490595,0
1777225825329000,0.014627954,-0.036073714,0.001061179,0.0,0.0,-0.49113277,0
1777225825353000,0.01603264,-0.038351566,0.0008580992,0.0,0.0,-0.4912235,0
1777225825369000,0.015393417,-0.038659744,0.0010340135,0.0,0.0,-0.4910682,0
1777225825389000,0.015029973,0.015951104,0.0007154736,0.0,0.0,-0.49059013,0
1777225825409000,0.014648091,-0.036648594,0.0009330419,0.0,0.0,-0.49087933,0
1777225825429000,0.014511322,0.018423032,0.00054114976,0.0,0.0,-0.4904406,0
1777225825449000,0.013308249,-0.036127184,0.00085490494,0.0,0.0,-0.49079618,0
1777225825469000,0.01342366,0.0220132,-0.000118382595,0.0,0.0,-0.4904431,0
1777225825493000,0.014967997,-0.031293556,0.00036001258,0.0,0.0,-0.4909509,0
1777225825509000,0.014851657,0.023082646,-0.00045772566,0.0,0.0,-0.4905224,0
1777225825529000,0.01430598,-0.030732907,0.0001764539,0.0,0.0,-0.49087164,0
1777225825553000,0.014111227,-0.03385408,8.202571e-05,0.0,0.0,-0.49102563,0
1777225825569000,0.015783742,-0.035206813,-0.00023576856,0.0,0.0,-0.491151,0
1777225825593000,0.016760569,-0.03713221,-0.0006384122,0.0,0.0,-0.49108732,0
1777225825609000,0.01552506,-0.037122015,-0.00051892886,0.0,0.0,-0.49104854,0
1777225825629000,0.017444398,0.016786534,-0.0009958651,0.0,0.0,-0.49067298,0
1777225825649000,0.017539192,-0.0399957,-0.00030006393,0.0,0.0,-0.49132928,0
1777225825673000,0.018196246,-0.040415168,-0.00032655575,0.0,0.0,-0.49129882,0
1777225825689000,0.018169578,-0.04044731,-0.00014555547,0.0,0.0,-0.49142298,0
1777225825713000,0.0176045,-0.039762408,-0.00019024295,0.0,0.0,-0.49151447,0
1777225825729000,0.017036526,-0.036583006,5.018362e-05,0.0,0.0,-0.49158683,0
1777225825753000,0.018615773,-0.035347655,3.8663275e-06,0.0,0.0,-0.49143744,0
1777225825769000,0.018363008,-0.03291349,-0.00027072482,0.0,0.0,-0.49148363,0
1777225825793000,0.016941557,-0.034213193,-0.0003911127,0.0,0.0,-0.49159488,0
1777225825809000,0.015867805,-0.030852845,-0.00056757557,0.0,0.0,-0.49153522,0
1777225825829000,0.01400679,0.023974944,-0.0013130804,0.0,0.0,-0.49113998,0
1777225825849000,0.013980045,-0.030313307,-0.00023361068,0.0,0.0,-0.4914298,0
1777225825869000,0.014174313,0.027234646,-0.0016911265,0.0,0.0,-0.49112573,0
1777225825893000,0.010854249,-0.02569031,-0.0010299425,0.0,0.0,-0.49144563,0
1777225825909000,0.008472354,0.030880451,-0.0015971698,0.0,0.0,-0.49098876,0
1777225825929000,0.0049952455,-0.02260591,-0.0007569967,0.0,0.0,-0.49124253,0
1777225825949000,0.0024528748,0.033236023,-0.0016465939,0.0,0.0,-0.49083295,0
1777225825969000,0.0015727647,-0.020155901,-0.0011424666,0.0,0.0,-0.49113524,0
1777225825989000,0.0006865552,0.036472414,-0.002034205,0.0,0.0,-0.49071664,0
1777225826009000,-0.0026209652,-0.01511168,-0.0010928798,0.0,0.0,-0.49099952,0
1777225826029000,-0.002414222,0.042460553,-0.0021396037,0.0,0.0,-0.49045247,0
1777225826049000,-0.0038989878,-0.011169189,-0.0015241699,0.0,0.0,-0.49083355,0
1777225826069000,-0.005071047,0.044804685,-0.002705554,0.0,0.0,-0.49033275,0
1777225826089000,-0.0063241688,-0.008367715,-0.0017208242,0.0,0.0,-0.4907558,0
1777225826109000,-0.0059545315,0.046195444,-0.0025311355,0.0,0.0,-0.49048355,0
1777225826133000,-0.006863194,-0.008226937,-0.0016828247,0.0,0.0,-0.4908704,0
1777225826149000,-0.008094254,0.04924142,-0.0022724133,0.0,0.0,-0.4904608,0
1777225826173000,-0.009702066,-0.0044158944,-0.0017708684,0.0,0.0,-0.49079746,0
1777225826189000,-0.011313487,0.05061617,-0.002472524,0.0,0.0,-0.49036422,0
1777225826209000,-0.010611757,-0.002732909,-0.0014913218,0.0,0.0,-0.49071518,0
1777225826229000,-0.010855464,0.051362514,-0.0022606757,0.0,0.0,-0.4903264,0
1777225826253000,-0.012291901,-0.0015848232,-0.0012602129,0.0,0.0,-0.49078095,0
1777225826273000,-0.011749626,-0.0035608865,-0.0010841575,0.0,0.0,-0.49082074,0
1777225826289000,-0.010515556,-0.0040462827,-0.0011476722,0.0,0.0,-0.49071813,0
1777225826313000,-0.009596756,-0.004637042,-0.0005972443,0.0,0.0,-0.49061862,0
1777225826329000,-0.00913184,-0.005982391,-0.0003495614,0.0,0.0,-0.49068427,0
1777225826349000,-0.00950649,0.04648617,-0.0011936313,0.0,0.0,-0.4903744,0
1777225826369000,-0.010429544,-0.0054435753,-0.00032756582,0.0,0.0,-0.49067524,0
1777225826389000,-0.012588464,0.046437986,-0.0005334293,0.0,0.0,-0.49041936,0
1777225826409000,-0.011296473,-0.006310216,0.00038319975,0.0,0.0,-0.49074486,0
1777225826433000,-0.010570559,-0.0056870086,0.00042654996,0.0,0.0,-0.4907337,0
1777225826449000,-0.008954593,-0.0053661107,0.0007216104,0.0,0.0,-0.4906093,0
1777225826473000,-0.008426096,-0.004980577,0.00082723575,0.0,0.0,-0.49071965,0
1777225826493000,-0.010437487,-0.005310891,0.00062255736,0.0,0.0,-0.4907567,0
1777225826513000,-0.01061316,-0.005624154,0.0010897066,0.0,0.0,-0.49085918,0
1777225826529000,-0.011430089,-0.0050744903,0.0013124803,0.0,0.0,-0.49088234,0
1777225826553000,-0.01270064,-0.0033341912,0.0014012752,0.0,0.0,-0.49098536,0
1777225826573000,-0.011574093,-0.00063281186,0.0016626936,0.0,0.0,-0.49097192,0
1777225826593000,-0.013840352,-0.0019102453,0.0018742258,0.0,0.0,-0.49085498,0
1777225826609000,-0.013714564,-0.0015936494,0.0020112696,0.0,0.0,-0.49085632,0
1777225826629000,-0.012132461,0.05241214,0.0012631982,0.0,0.0,-0.49059153,0
1777225826653000,-0.013178958,-0.0029711355,0.0020561803,0.0,0.0,-0.49090382,0
1777225826669000,-0.013730421,0.051466238,0.0014858954,0.0,0.0,-0.49061447,0
1777225826689000,-0.014153984,-0.0027135354,0.0018880629,0.0,0.0,-0.49097282,0
1777225826713000,-0.011693359,-0.005303881,0.0021856527,0.0,0.0,-0.49115464,0
1777225826729000,-0.010237197,-0.0048325793,0.0022850248,0.0,0.0,-0.49121016,0
1777225826753000,-0.010398433,-0.006714298,0.0020500335,0.0,0.0,-0.49133545,0
1777225826769000,-0.009568187,-0.007111351,0.002055686,0.0,0.0,-0.4913901,0
1777225826789000,-0.010712856,0.046208035,0.00096825,0.0,0.0,-0.49114236,0
1777225826809000,-0.011809674,-0.011271805,0.0013562588,0.0,0.0,-0.49143988,0
1777225826829000,-0.010786536,0.042816255,0.0006315358,0.0,0.0,-0.49127573,0
1777225826853000,-0.010434263,-0.013318934,0.0006935943,0.0,0.0,-0.4916104,0
1777225826873000,-0.010861936,-0.014117603,0.0005129082,0.0,0.0,-0.49149114,0
1777225826889000,-0.010157579,-0.016043438,0.00019754645,0.0,0.0,-0.4915125,0
1777225826909000,-0.010133456,0.038128383,-0.00053824217,0.0,0.0,-0.49108008,0
1777225826929000,-0.010699397,-0.016899273,5.3026015e-05,0.0,0.0,-0.4912688,0
1777225826953000,-0.012962826,-0.014703797,0.0001745403,0.0,0.0,-0.4911908,0
1777225826969000,-0.011659595,-0.013123235,5.197896e-05,0.0,0.0,-0.4912115,0
1777225826989000,-0.010171507,0.04084392,-0.00043309265,0.0,0.0,-0.49100345,0
1777225827013000,-0.010273899,-0.017473968,0.00013014293,0.0,0.0,-0.49119648,0
1777225827029000,-0.009439153,0.038189832,-0.00025563652,0.0,0.0,-0.4909035,0
1777225827049000,-0.010789038,-0.0144420955,-0.00021687555,0.0,0.0,-0.49116603,0
1777225827069000,-0.011043226,0.043349434,-0.00070161925,0.0,0.0,-0.49075904,0
1777225827093000,-0.011155004,-0.010470825,-0.00052279176,0.0,0.0,-0.49101615,0
1777225827113000,-0.010811237,-0.012596737,-0.0007442018,0.0,0.0,-0.49094677,0
1777225827129000,-0.011585676,-0.012320421,-0.0007230301,0.0,0.0,-0.49088725,0
1777225827149000,-0.013091441,0.042686008,-0.0010161516,0.0,0.0,-0.4906135,0
1777225827169000,-0.0113663515,-0.01182734,-0.0006793195,0.0,0.0,-0.49089077,0
1777225827189000,-0.009473938,0.042088296,-0.0011869293,0.0,0.0,-0.49055564,0
1777225827209000,-0.010911787,-0.009644442,-0.0010026882,0.0,0.0,-0.49084574,0
1777225827229000,-0.00963256,0.044095065,-0.0014015294,0.0,0.0,-0.49057737,0
1777225827249000,-0.011685511,-0.014854355,-0.000823465,0.0,0.0,-0.49092987,0
1777225827269000,-0.011107782,0.040493988,-0.0010128526,0.0,0.0,-0.4906182,0
1777225827289000,-0.013009814,-0.0140768,-0.00044599446,0.0,0.0,-0.4907562,0
1777225827309000,-0.011837578,0.039557207,-0.000673047,0.0,0.0,-0.49040693,0
1777225827329000,-0.009640003,-0.015691118,-0.00053919654,0.0,0.0,-0.49054092,0
1777225827349000,-0.008308578,0.038393877,-0.00030424073,0.0,0.0,-0.49026304,0
1777225827369000,-0.0077132573,-0.015313091,1.1863369e-05,0.0,0.0,-0.49045533,0
1777225827389000,-0.007296636,0.041939404,-6.477229e-05,0.0,0.0,-0.4900764,0
1777225827409000,-0.008789461,-0.0129383905,0.00013945147,0.0,0.0,-0.49027538,0
1777225827433000,-0.009813919,-0.014212072,-0.00031056878,0.0,0.0,-0.49026826,0
1777225827449000,-0.010570983,-0.012931245,-0.00039203904,0.0,0.0,-0.49016282,0
1777225827469000,-0.008706748,0.040617906,-0.00036344223,0.0,0.0,-0.48998636,0
1777225827489000,-0.009411024,-0.016569203,0.00021634155,0.0,0.0,-0.49044976,0
1777225827509000,-0.009665224,0.036797933,-4.8657144e-05,0.0,0.0,-0.49005663,0
1777225827529000,-0.008246124,-0.020659909,0.0002573202,0.0,0.0,-0.49050128,0
1777225827553000,-0.006063562,-0.023792386,0.00029211465,0.0,0.0,-0.49064824,0
1777225827569000,-0.006851189,-0.023226134,0.00023029448,0.0,0.0,-0.4906263,0
1777225827589000,-0.006700308,0.031598,3.4442437e-05,0.0,0.0,-0.49030685,0
1777225827613000,-0.008270621,-0.02272091,-0.00011383017,0.0,0.0,-0.49053428,0
1777225827629000,-0.0074617476,0.033600565,-0.000318092,0.0,0.0,-0.49031106,0
1777225827649000,-0.0060086045,-0.02258818,-0.00013881287,0.0,0.0,-0.49058443,0
1777225827669000,-0.006155148,0.033111177,-0.00022020287,0.0,0.0,-0.49040282,0
1777225827693000,-0.0053110677,-0.022481792,-7.7343255e-05,0.0,0.0,-0.49080116,0
1777225827709000,-0.005137846,0.03189665,-0.0003914299,0.0,0.0,-0.49046052,0
1777225827729000,-0.004471238,-0.023591053,-0.00012977392,0.0,0.0,-0.49062178,0
1777225827749000,-0.003115914,0.03266409,-0.00070569105,0.0,0.0,-0.49029246,0
1777225827773000,-0.004734522,-0.023768712,-0.0006021138,0.0,0.0,-0.49057165,0
1777225827793000,-0.0024139215,-0.02327151,-0.0009720723,0.0,0.0,-0.4904267,0
1777225827813000,0.0009575223,-0.024767363,-0.0010116468,0.0,0.0,-0.49043345,0
1777225827833000,0.00073612004,-0.026024172,-0.0015011303,0.0,0.0,-0.49033973,0
1777225827849000,-0.0001197262,-0.02572741,-0.0014606485,0.0,0.0,-0.49030706,0
1777225827873000,-0.0007990364,-0.024759645,-0.0010259959,0.0,0.0,-0.49015948,0
1777225827893000,-0.00016315088,-0.022462275,-0.0008672145,0.0,0.0,-0.4900754,0
1777225827913000,-0.00015614541,-0.023343448,-0.0006347766,0.0,0.0,-0.49015808,0
1777225827933000,-0.0018079262,-0.020555262,-0.00045521546,0.0,0.0,-0.4901537,0
1777225827949000,-0.0022167144,0.034688853,-0.0005666983,0.0,0.0,-0.48984873,0
1777225827969000,-0.0021959695,-0.021269407,-0.0005461542,0.0,0.0,-0.49014592,0
1777225827993000,-0.004089089,-0.022291157,-0.00075520185,0.0,0.0,-0.4901386,0
1777225828009000,-0.0030060913,-0.0221022,-0.0007161916,0.0,0.0,-0.49004567,0
1777225828029000,-0.0021893736,0.032338575,-0.00067623146,0.0,0.0,-0.4897764,0
1777225828049000,-0.0027878932,-0.023701815,-1.3778503e-05,0.0,0.0,-0.49010167,0
1777225828073000,-0.0027163348,-0.024955887,0.00025179272,0.0,0.0,-0.4901203,0
1777225828093000,-0.0040361416,-0.023146616,0.0006637984,0.0,0.0,-0.490112,0
1777225828109000,-0.0059451344,0.03531622,0.00050541415,0.0,0.0,-0.48981917,0
1777225828133000,-0.006085614,-0.021452913,7.698619e-05,0.0,0.0,-0.4901397,0
1777225828153000,-0.007431426,-0.020388717,-0.00035657524,0.0,0.0,-0.49027228,0
1777225828169000,-0.0071200687,-0.019349009,-0.00060721644,0.0,0.0,-0.4903134,0
1777225828189000,-0.0069707762,0.035238788,-0.000751516,0.0,0.0,-0.49004623,0
1777225828213000,-0.0067460206,-0.020018468,-0.0007580042,0.0,0.0,-0.49027115,0
1777225828229000,-0.0066592107,0.03839622,-0.00043438625,0.0,0.0,-0.48998305,0
1777225828253000,-0.004833174,-0.018136239,-0.0010472881,0.0,0.0,-0.4905133,0
1777225828269000,-0.0044854204,0.038904395,-0.0009310624,0.0,0.0,-0.49029282,0
1777225828293000,-0.0049591865,-0.017607907,-0.000610178,0.0,0.0,-0.4905663,0
1777225828309000,-0.004295312,0.038101498,-0.00035134726,0.0,0.0,-0.49033463,0
1777225828333000,-0.0033237338,-0.018799461,-9.752662e-05,0.0,0.0,-0.4906841,0
1777225828353000,-0.0037883874,-0.020286033,-0.00019031888,0.0,0.0,-0.49060574,0
1777225828369000,-0.0035255938,-0.019877398,-0.000121408215,0.0,0.0,-0.49058804,0
1777225828389000,-0.001732957,0.03250034,0.00012176473,0.0,0.0,-0.49041602,0
1777225828409000,-0.0018379618,-0.026404126,0.00021758853,0.0,0.0,-0.49074814,0
1777225828429000,-0.0029304211,0.030482197,0.0001721846,0.0,0.0,-0.49040803,0
1777225828453000,-0.0036478047,-0.025758617,-6.432524e-05,0.0,0.0,-0.49063322,0
1777225828473000,-0.003968098,-0.02572884,-0.0005057026,0.0,0.0,-0.4905936,0
1777225828489000,-0.0015989831,-0.025076685,-0.0005433235,0.0,0.0,-0.49071723,0
1777225828509000,-0.0030558577,0.029850043,-0.00078874995,0.0,0.0,-0.49050978,0
1777225828533000,-0.0012047432,-0.024543056,-0.00076203607,0.0,0.0,-0.49085844,0
1777225828549000,-0.0026869688,0.030648697,-0.00056178647,0.0,0.0,-0.49063176,0
1777225828569000,-0.0022599087,-0.026168594,-0.0004677053,0.0,0.0,-0.4909142,0
1777225828589000,-0.0028089015,0.03010855,-0.00073387066,0.0,0.0,-0.4904968,0
1777225828609000,-0.0039288118,-0.025510458,-0.0009941164,0.0,0.0,-0.49070618,0
1777225828633000,-0.004047264,-0.024551675,-0.0009123289,0.0,0.0,-0.4908058,0
1777225828649000,-0.0032896302,-0.022588978,-0.0009131082,0.0,0.0,-0.49097812,0
1777225828669000,-0.00092895736,0.03223011,-0.00065508153,0.0,0.0,-0.49087042,0
1777225828693000,-0.001641381,-0.021288613,-0.0010433736,0.0,0.0,-0.49122736,0
1777225828709000,9.447096e-05,0.034989264,-0.0010834705,0.0,0.0,-0.49107438,0
1777225828729000,0.00031508371,-0.021414716,-0.00067963306,0.0,0.0,-0.4912737,0
1777225828749000,0.0005956012,0.034158535,-0.00045050986,0.0,0.0,-0.49090752,0
1777225828773000,-4.3590248e-05,-0.020455085,-0.00044669968,0.0,0.0,-0.49120918,0
1777225828789000,0.00023757071,0.03545889,-0.0002355901,0.0,0.0,-0.49088055,0
1777225828809000,-0.00052170176,-0.02026889,-0.00037510737,0.0,0.0,-0.49141544,0
1777225828833000,0.00079270435,-0.018813536,-0.0006636146,0.0,0.0,-0.49131012,0
1777225828853000,4.924245e-05,-0.019965932,-0.00085499865,0.0,0.0,-0.49134094,0
1777225828873000,0.00032166502,-0.021960186,-0.0009202366,0.0,0.0,-0.49127913,0
1777225828893000,0.00022153373,-0.022095833,-0.0009360932,0.0,0.0,-0.49118537,0
1777225828913000,-0.0003695774,-0.021052377,-0.0010267821,0.0,0.0,-0.49121282,0
1777225828929000,-0.0012995893,-0.021145191,-0.0011436085,0.0,0.0,-0.49124217,0
1777225828949000,-0.0013203509,0.03561122,-0.0010710206,0.0,0.0,-0.49097154,0
1777225828973000,-0.0005046774,-0.021321256,-0.001216704,0.0,0.0,-0.49115637,0
1777225828989000,-0.0014787548,0.03179706,-0.0013376564,0.0,0.0,-0.4908997,0
1777225829013000,-0.001396095,-0.022344429,-0.00094719237,0.0,0.0,-0.49130365,0
1777225829029000,-0.001979062,0.034163363,-0.0008514192,0.0,0.0,-0.4909921,0
1777225829049000,-0.0013312252,-0.021090236,-0.0007699904,0.0,0.0,-0.4912278,0
1777225829069000,-0.00017410144,0.033574328,-0.00041767344,0.0,0.0,-0.49096504,0
1777225829089000,0.00032566875,-0.022462793,-0.0005879408,0.0,0.0,-0.4913276,0
1777225829109000,0.00084768,0.03221409,-0.000515045,0.0,0.0,-0.4911898,0
1777225829133000,0.0015316224,-0.023899587,-0.0003055734,0.0,0.0,-0.49160576,0
1777225829149000,0.000412648,0.030926261,-0.00031442288,0.0,0.0,-0.49126318,0
1777225829173000,-0.0003046222,-0.023212023,2.403462e-05,0.0,0.0,-0.491444,0
1777225829189000,-0.0026251152,0.030092184,0.0003589005,0.0,0.0,-0.4912107,0
1777225829209000,-0.0016866656,-0.022410978,0.00047782564,0.0,0.0,-0.49138954,0
1777225829229000,-0.0001561375,0.03180865,0.00026706504,0.0,0.0,-0.49108252,0
1777225829249000,0.00065970304,-0.025111727,0.00053942285,0.0,0.0,-0.49127328,0
1777225829269000,0.00052333827,0.031772383,0.00033277157,0.0,0.0,-0.49088317,0
1777225829289000,0.0007711462,-0.022493448,0.00047238334,0.0,0.0,-0.49110383,0
1777225829309000,0.0029738494,0.03085628,0.0005415058,0.0,0.0,-0.49079412,0
1777225829329000,0.0032482808,-0.024620112,0.0008297837,0.0,0.0,-0.4912021,0
1777225829353000,0.00354206,-0.02426141,0.0009819153,0.0,0.0,-0.49113023,0
1777225829373000,0.003613131,-0.023490231,0.0013875322,0.0,0.0,-0.49117208,0
1777225829393000,0.0036391935,-0.023529733,0.0011829254,0.0,0.0,-0.49106517,0
1777225829413000,0.0023771175,-0.021594433,0.0011078197,0.0,0.0,-0.49093622,0
1777225829433000,0.0018528202,-0.022676626,0.0015471287,0.0,0.0,-0.49093777,0
1777225829449000,0.0008300829,-0.022455202,0.0015320666,0.0,0.0,-0.49121186,0
1777225829469000,0.0004501096,0.034864295,0.0018729997,0.0,0.0,-0.49102575,0
1777225829489000,-0.0007275009,-0.02198077,0.0022591723,0.0,0.0,-0.4913178,0
1777225829509000,-0.0010425674,0.031631898,0.002200643,0.0,0.0,-0.49110696,0
1777225829529000,-0.0009866505,-0.021673849,0.0023765473,0.0,0.0,-0.4914847,0
1777225829549000,-0.0017716285,0.0341531,0.002203599,0.0,0.0,-0.49128085,0
1777225829573000,-0.0016774738,-0.02241386,0.0018499114,0.0,0.0,-0.4916815,0
1777225829589000,-0.0018198589,0.033182073,0.0016594362,0.0,0.0,-0.4913603,0
1777225829609000,-0.002143718,-0.019422375,0.0016319224,0.0,0.0,-0.4916174,0
1777225829633000,-0.0029654251,-0.021884872,0.0012518504,0.0,0.0,-0.4914741,0
1777225829653000,-0.0016486617,-0.020798607,0.0012388658,0.0,0.0,-0.49145126,0
1777225829669000,-0.0013326942,0.035012882,0.001139299,0.0,0.0,-0.491092,0
1777225829689000,-0.0010806567,-0.020175993,0.0010377865,0.0,0.0,-0.49133214,0
1777225829713000,-0.0005662571,-0.01960965,0.0009255535,0.0,0.0,-0.49120674,0
1777225829729000,-0.001057777,-0.018628111,0.00081644143,0.0,0.0,-0.49104133,0
1777225829749000,-0.0022881578,0.03725426,0.00041200034,0.0,0.0,-0.49081033,0
1777225829773000,-0.0014852354,-0.01647403,0.00086789555,0.0,0.0,-0.49127385,0
1777225829789000,-0.0011167206,0.03929066,0.0010245173,0.0,0.0,-0.49084398,0
1777225829809000,-0.0018519453,-0.014039407,0.0010266568,0.0,0.0,-0.49106592,0
1777225829833000,-0.0037348827,-0.014408549,0.0008808047,0.0,0.0,-0.49118668,0
1777225829853000,-0.004908014,-0.01610447,0.0010435729,0.0,0.0,-0.49112028,0
1777225829869000,-0.005159795,0.03944322,0.0010068838,0.0,0.0,-0.49084184,0
1777225829889000,-0.0025235869,-0.013684304,0.0015373589,0.0,0.0,-0.4911121,0
1777225829909000,-0.0026629618,0.043788917,0.0013635902,0.0,0.0,-0.49088275,0
1777225829929000,-0.004245943,-0.012031153,0.0012670862,0.0,0.0,-0.49095592,0
1777225829949000,-0.0035494626,0.042100895,0.0010313027,0.0,0.0,-0.49067888,0
1777225829969000,-0.0040970254,-0.015575221,0.00093978364,0.0,0.0,-0.49097204,0
1777225829989000,-0.0037113668,0.038619433,0.0007755213,0.0,0.0,-0.4907955,0
1777225830013000,-0.0027677824,-0.01816181,0.00046727038,0.0,0.0,-0.4912343,0
1777225830033000,-0.004124667,-0.017606452,0.00025852342,0.0,0.0,-0.49127674,0
1777225830049000,-0.005081054,-0.016504869,-1.9676392e-05,0.0,0.0,-0.49123058,0
1777225830069000,-0.004909303,0.04045032,-0.000112922884,0.0,0.0,-0.4909763,0
1777225830089000,-0.005113418,-0.01566095,-0.00010454007,0.0,0.0,-0.49115172,0
1777225830109000,-0.0052114273,0.038554356,-0.00031726714,0.0,0.0,-0.49104497,0
1777225830129000,-0.005036333,-0.01746001,-0.0007046408,0.0,0.0,-0.4913668,0
1777225830153000,-0.0037510374,-0.018363887,-0.00057011214,0.0,0.0,-0.49138635,0
1777225830169000,-0.0052760844,-0.01764966,-0.0008028969,0.0,0.0,-0.49145108,0
1777225830189000,-0.004063969,0.03900089,-0.0009828829,0.0,0.0,-0.49109912,0
1777225830213000,-0.002106116,-0.014268972,-0.0011449978,0.0,0.0,-0.49135053,0
1777225830233000,-0.004413375,-0.01502852,-0.0012764076,0.0,0.0,-0.4912808,0
1777225830253000,-0.004516233,-0.014170095,-0.0011853701,0.0,0.0,-0.49134827,0
1777225830269000,-0.004142685,0.041242186,-0.0009357807,0.0,0.0,-0.4911426,0
1777225830289000,-0.0029877236,-0.014860111,-0.0010479112,0.0,0.0,-0.49120587,0
1777225830309000,-0.000629237,0.040611636,-0.0012024032,0.0,0.0,-0.49090308,0
1777225830329000,-0.0017716378,-0.01534199,-0.0014051939,0.0,0.0,-0.49127647,0
1777225830349000,-0.003926126,0.03957803,-0.0010637171,0.0,0.0,-0.4911271,0
1777225830373000,-0.0057985825,-0.015041906,-0.0008316694,0.0,0.0,-0.49119312,0
1777225830393000,-0.0039794687,-0.015758041,-0.0009541146,0.0,0.0,-0.49103117,0
1777225830413000,-0.0055658873,-0.014261928,-0.00079212134,0.0,0.0,-0.49097297,0
1777225830433000,-0.0047074263,-0.015107926,-0.00072799553,0.0,0.0,-0.49090713,0
1777225830449000,-0.005132677,-0.0152374515,-0.00073087023,0.0,0.0,-0.4909658,0
1777225830473000,-0.003314294,-0.016018663,-0.00048631924,0.0,0.0,-0.4909678,0
1777225830489000,-0.0055395807,-0.015613365,-0.0006401106,0.0,0.0,-0.49093312,0
1777225830513000,-0.0049420646,-0.016041927,-0.00049175957,0.0,0.0,-0.49064997,0
1777225830529000,-0.005387448,-0.018130686,-0.000592791,0.0,0.0,-0.4906522,0
1777225830549000,-0.004119457,0.037636932,-0.00059070974,0.0,0.0,-0.49057573,0
1777225830573000,-0.0020778186,-0.019414786,-0.0005509579,0.0,0.0,-0.49078777,0
1777225830589000,-0.00096565345,0.03673934,-0.00053136126,0.0,0.0,-0.49049085,0
1777225830609000,-9.927685e-05,-0.020472432,-0.0005410819,0.0,0.0,-0.4906884,0
1777225830629000,0.0020820596,0.032753192,-0.0005854752,0.0,0.0,-0.4903862,0
1777225830649000,0.0034229904,-0.02476945,-0.00063235173,0.0,0.0,-0.49063262,0
1777225830669000,0.005385628,0.028981205,-0.000761566,0.0,0.0,-0.49039787,0
1777225830689000,0.006467067,-0.028010134,-0.0005267981,0.0,0.0,-0.49065396,0
1777225830709000,0.003996008,0.026828444,-6.0266797e-05,0.0,0.0,-0.49043757,0
1777225830729000,0.0049577006,-0.030279778,-0.00029923528,0.0,0.0,-0.49058422,0
1777225830749000,0.0072465637,0.02516288,-0.00022011188,0.0,0.0,-0.49020076,0
1777225830773000,0.009106968,-0.02893679,-0.00032385188,0.0,0.0,-0.49038944,0
1777225830789000,0.0075621027,0.027989073,-0.0002666928,0.0,0.0,-0.49016035,0
1777225830813000,0.0056912103,-0.028060695,-0.00041355417,0.0,0.0,-0.49053738,0
1777225830833000,0.004687783,-0.027097309,-0.00030921356,0.0,0.0,-0.4906411,0
1777225830853000,0.0061175833,-0.029238135,-0.00049085094,0.0,0.0,-0.49069688,0
1777225830869000,0.0044842106,0.026300615,-0.00062664656,0.0,0.0,-0.49047133,0
1777225830893000,0.0051724985,-0.029403113,-0.00066491176,0.0,0.0,-0.49081892,0
1777225830909000,0.005254843,0.026585653,-0.0004853073,0.0,0.0,-0.49063092,0
1777225830929000,0.0070421733,-0.02902807,-4.4584645e-05,0.0,0.0,-0.49072874,0
1777225830953000,0.007941676,-0.029385613,0.00015601097,0.0,0.0,-0.4906342,0
1777225830969000,0.009089582,-0.031808503,0.000121682024,0.0,0.0,-0.49063438,0
1777225830989000,0.008603284,0.022938767,-0.00011960129,0.0,0.0,-0.49028468,0
1777225831009000,0.006599526,-0.03302756,-0.00026089195,0.0,0.0,-0.4905013,0
1777225831029000,0.0071170055,0.024661604,-0.0007614253,0.0,0.0,-0.49028173,0
1777225831049000,0.0075721904,-0.030412203,-0.00042704298,0.0,0.0,-0.49080026,0
1777225831073000,0.0070485706,-0.031637788,-7.16114e-05,0.0,0.0,-0.4906694,0
1777225831093000,0.0071643237,-0.030542325,0.00017669339,0.0,0.0,-0.49063423,0
1777225831109000,0.0057284175,0.023428995,0.0003149322,0.0,0.0,-0.49055788,0
1777225831129000,0.0048512737,-0.03012494,0.0005329001,0.0,0.0,-0.4909778,0
1777225831149000,0.0027868713,0.02686566,-5.8038993e-05,0.0,0.0,-0.49062487,0
1777225831173000,0.0032795733,-0.028162383,-0.00017810216,0.0,0.0,-0.4908076,0
1777225831189000,0.0033425235,0.027002636,-0.00048006125,0.0,0.0,-0.4904626,0
1777225831209000,0.0035155606,-0.026780387,-0.00044230424,0.0,0.0,-0.49067205,0
1777225831229000,0.0036151,0.027936267,-0.0001958409,0.0,0.0,-0.4904469,0
1777225831249000,0.0025516222,-0.02503802,0.00036984615,0.0,0.0,-0.4909937,0
1777225831273000,0.0037670531,-0.025387779,0.0006131294,0.0,0.0,-0.49112132,0
1777225831289000,0.0043567615,-0.026649635,0.0008789791,0.0,0.0,-0.49115235,0
1777225831309000,0.0039549326,0.028022226,0.0005849708,0.0,0.0,-0.4909075,0
1777225831329000,0.002805186,-0.026696352,0.00073484745,0.0,0.0,-0.4910588,0
1777225831349000,0.0018416188,0.028595684,0.00076895603,0.0,0.0,-0.4908159,0
1777225831369000,0.003579321,-0.02722673,0.0010337543,0.0,0.0,-0.4910807,0
1777225831389000,0.0041123773,0.02835615,0.0009881533,0.0,0.0,-0.49074617,0
1777225831409000,0.004447938,-0.02706773,0.0012537884,0.0,0.0,-0.49087209,0
1777225831433000,0.0029410294,-0.026687717,0.0013107408,0.0,0.0,-0.4908337,0
1777225831449000,0.0037951677,-0.026171738,0.00127294,0.0,0.0,-0.4908417,0
1777225831473000,0.0030550726,-0.025183115,0.0013750662,0.0,0.0,-0.4907929,0
1777225831489000,0.0016178995,-0.024009146,0.0016401594,0.0,0.0,-0.49084395,0
1777225831509000,-0.00032092206,0.031091524,0.0020573023,0.0,0.0,-0.4906087,0
1777225831529000,-0.0014170322,-0.021871362,0.002033087,0.0,0.0,-0.49087995,0
1777225831549000,-0.0020055005,0.032722276,0.0018164075,0.0,0.0,-0.49063793,0
1777225831569000,-0.0029446317,-0.023371398,0.0018583658,0.0,0.0,-0.49097252,0
1777225831589000,-0.00050163217,0.03323857,0.0013150083,0.0,0.0,-0.49078128,0
1777225831613000,-0.0016052136,-0.020818321,0.001566038,0.0,0.0,-0.49111393,0
1777225831629000,-0.0023034404,0.03702633,0.0010638079,0.0,0.0,-0.49074718,0
1777225831649000,-0.0030027223,-0.01794226,0.0010382374,0.0,0.0,-0.49096727,0
1777225831673000,-0.0019079865,-0.01747068,0.0010962458,0.0,0.0,-0.49096653,0
1777225831689000,-0.00057412003,-0.016935125,0.0010048894,0.0,0.0,-0.4910598,0
1777225831709000,-0.0013234242,0.037748292,0.00075783755,0.0,0.0,-0.49084672,0
1777225831733000,-0.00013884064,-0.018266143,0.0006093977,0.0,0.0,-0.49112904,0
1777225831753000,0.0019560289,-0.0179335,0.00033398456,0.0,0.0,-0.49097282,0
1777225831769000,0.0025206374,-0.019300062,0.00023917935,0.0,0.0,-0.49092808,0
1777225831789000,0.001974877,0.036990236,6.4612213e-06,0.0,0.0,-0.4907232,0
1777225831809000,0.0025812297,-0.015854007,0.00043428663,0.0,0.0,-0.49087366,0
1777225831833000,0.00067897746,-0.016850496,0.00012043216,0.0,0.0,-0.49068275,0
1777225831853000,-0.00022434263,-0.018186035,-0.00021651204,0.0,0.0,-0.49074817,0
1777225831869000,-0.0011707059,0.038073238,-0.00013982021,0.0,0.0,-0.4906023,0
1777225831893000,-0.0016143887,-0.016809965,-0.00016508793,0.0,0.0,-0.4908464,0
1777225831909000,-0.00040176112,0.039962225,-0.00022673348,0.0,0.0,-0.49069083,0
1777225831929000,-0.00083235843,-0.01645378,-0.00022112753,0.0,0.0,-0.49111122,0
1777225831949000,-0.00063480035,0.038556043,-0.0007348418,0.0,0.0,-0.49085152,0
1777225831969000,-0.00033169042,-0.018575314,-0.00079769426,0.0,0.0,-0.49110925,0
1777225831989000,0.00032606703,0.036760733,-0.0009880422,0.0,0.0,-0.49083915,0
1777225832009000,0.00015859182,-0.0190062,-0.0007711819,0.0,0.0,-0.49113163,0
1777225832029000,0.0010175885,0.037592262,-0.0012393751,0.0,0.0,-0.49094242,0
1777225832049000,0.0016070424,-0.015957713,-0.0012678178,0.0,0.0,-0.4911704,0
1777225832069000,-0.00025428814,0.039973304,-0.00095808017,0.0,0.0,-0.49093458,0
1777225832089000,-0.00040136513,-0.01623048,-0.0006488698,0.0,0.0,-0.49132365,0
1777225832109000,-0.0006169894,0.038683902,-0.00039350474,0.0,0.0,-0.4910967,0
1777225832129000,-0.0006836809,-0.016510623,-0.00017272285,0.0,0.0,-0.49127647,0
1777225832149000,0.00094310427,0.038534224,-0.0001512309,0.0,0.0,-0.49100012,0
1777225832169000,0.0010813164,-0.017424136,6.01905e-05,0.0,0.0,-0.49116167,0
1777225832193000,0.0019429856,-0.01641243,0.0004066466,0.0,0.0,-0.49106112,0
1777225832213000,0.0021608411,-0.01677752,0.00034276088,0.0,0.0,-0.4909768,0
1777225832233000,0.0019305905,-0.015738174,0.00037770945,0.0,0.0,-0.4908324,0
1777225832249000,0.0013219627,-0.01496088,0.00050627196,0.0,0.0,-0.49076733,0
1777225832269000,0.0021363376,0.040579937,0.00064317614,0.0,0.0,-0.4905674,0
1777225832289000,0.0024215993,-0.018658286,0.0012665582,0.0,0.0,-0.4908938,0
1777225832309000,0.0016946605,0.036797363,0.0010885986,0.0,0.0,-0.49072826,0
1777225832329000,0.00056579773,-0.01715903,0.0012680469,0.0,0.0,-0.4909113,0
1777225832349000,-0.00045030215,0.038168423,0.0013189199,0.0,0.0,-0.49071473,0
1777225832369000,0.0001944949,-0.01971349,0.0013279603,0.0,0.0,-0.49101734,0
1777225832393000,0.0023754253,-0.019173877,0.001271471,0.0,0.0,-0.49098977,0
1777225832413000,0.0018279133,-0.019458884,0.0013992784,0.0,0.0,-0.49095917,0
1777225832433000,0.0018265513,-0.022899004,0.001398485,0.0,0.0,-0.49084684,0
1777225832449000,0.001764257,-0.022686841,0.0012459002,0.0,0.0,-0.49077708,0
1777225832469000,0.0013383593,0.032423288,0.0011915963,0.0,0.0,-0.49042025,0
1777225832493000,0.0006380458,-0.025469285,0.001144257,0.0,0.0,-0.49068645,0
1777225832513000,0.0012202833,-0.024798766,0.0010888326,0.0,0.0,-0.490655,0
1777225832529000,0.0014012695,-0.02380022,0.001058161,0.0,0.0,-0.49061695,0
1777225832549000,0.0006894712,0.033396676,0.00086072064,0.0,0.0,-0.49024475,0
1777225832569000,0.00028352332,-0.022455687,0.00072296045,0.0,0.0,-0.49043137,0
1777225832593000,0.0019227093,-0.02126955,0.00063829403,0.0,0.0,-0.49029958,0
1777225832609000,0.0020380171,-0.020813286,0.00044076412,0.0,0.0,-0.49027875,0
1777225832633000,0.001282214,-0.02242004,0.00013554549,0.0,0.0,-0.490253,0
1777225832649000,0.0017137144,-0.021132622,7.141012e-05,0.0,0.0,-0.4902638,0
1777225832673000,0.00017882478,-0.020741152,-0.00018962943,0.0,0.0,-0.49033964,0
1777225832689000,0.0015422424,-0.019534443,-0.00047642595,0.0,0.0,-0.49042508,0
1777225832713000,0.0013199981,-0.02384444,-0.0007814241,0.0,0.0,-0.49039117,0
1777225832729000,0.0015071167,-0.024818093,-0.0005995346,0.0,0.0,-0.490471,0
1777225832749000,0.0007535449,0.030289648,-0.0009821741,0.0,0.0,-0.4902548,0
1777225832769000,0.002716052,-0.025958441,-0.00067774236,0.0,0.0,-0.4903862,0
1777225832793000,0.0020839716,-0.027696485,-0.0008170095,0.0,0.0,-0.4904052,0
1777225832809000,0.0040430943,-0.028401611,-0.0011145606,0.0,0.0,-0.49042293,0
1777225832829000,0.0042701885,0.027621595,-0.0014309711,0.0,0.0,-0.4901379,0
1777225832849000,0.005448502,-0.028925685,-0.0015182629,0.0,0.0,-0.49050534,0
1777225832873000,0.0056650015,-0.030188741,-0.0016694951,0.0,0.0,-0.49058256,0
1777225832893000,0.0049183364,-0.028132996,-0.001768341,0.0,0.0,-0.49049586,0
1777225832913000,0.005068143,-0.027260529,-0.0015758786,0.0,0.0,-0.49064702,0
1777225832933000,0.0048742075,-0.024099587,-0.001770515,0.0,0.0,-0.4905595,0
1777225832953000,0.0019149368,-0.02225921,-0.0012091032,0.0,0.0,-0.49053618,0
1777225832973000,-8.13778e-05,-0.020740954,-0.0010783651,0.0,0.0,-0.4906539,0
1777225832993000,0.0010019296,-0.021147912,-0.00059679465,0.0,0.0,-0.49071118,0
1777225833009000,0.00021155507,-0.022200946,-9.87471e-05,0.0,0.0,-0.4907135,0
1777225833029000,-0.00037781554,0.033869315,-6.746566e-06,0.0,0.0,-0.49048036,0
1777225833049000,0.00034011644,-0.021471253,0.000104703104,0.0,0.0,-0.49067992,0
1777225833069000,-0.0005826979,0.033764478,7.078656e-05,0.0,0.0,-0.49043527,0
1777225833093000,-0.00045686978,-0.020280467,-0.00017490466,0.0,0.0,-0.49073485,0
1777225833109000,0.0001525032,0.037464112,-0.00041903782,0.0,0.0,-0.49053764,0
1777225833129000,-0.0024932078,-0.017540023,-0.0002345297,0.0,0.0,-0.49061918,0
1777225833153000,-0.0034659016,-0.01569156,-0.0006660932,0.0,0.0,-0.49055654,0
1777225833169000,-0.0035459008,-0.0162312,-0.00047736126,0.0,0.0,-0.49043542,0
1777225833193000,-0.00467683,-0.017043093,-0.00069511577,0.0,0.0,-0.49045402,0
1777225833209000,-0.004588398,-0.016775245,-0.00077380496,0.0,0.0,-0.49042013,0
1777225833233000,-0.0035250427,-0.016521242,-0.0007052894,0.0,0.0,-0.49040732,0
1777225833249000,-0.0034637696,-0.016830577,-0.0006215322,0.0,0.0,-0.49031505,0
1777225833273000,-0.0012189385,-0.018388826,-0.0006934771,0.0,0.0,-0.49010208,0
1777225833289000,-0.0009879274,-0.019664314,-0.00059331127,0.0,0.0,-0.4901519,0
1777225833313000,-0.0013912953,-0.018276608,-0.00038315932,0.0,0.0,-0.490121,0
1777225833329000,-5.8895108e-05,-0.016180169,-0.00053849194,0.0,0.0,-0.49019796,0
1777225833353000,-4.6527115e-05,-0.015575209,-0.000758082,0.0,0.0,-0.49026537,0
1777225833369000,-0.00079125015,-0.015546553,-0.00075446407,0.0,0.0,-0.49014395,0
1777225833393000,-0.0004511358,-0.015351352,-0.00089904375,0.0,0.0,-0.49021563,0
1777225833413000,0.00034528587,-0.014586251,-0.0005976015,0.0,0.0,-0.49019432,0
1777225833433000,-0.0015111527,-0.012592176,-0.0007299513,0.0,0.0,-0.4903031,0
1777225833453000,-0.00070794515,-0.014979739,-0.0005889226,0.0,0.0,-0.49036178,0
1777225833469000,-0.00016365998,0.041728303,-0.00043580425,0.0,0.0,-0.490296,0
1777225833489000,0.0008751536,-0.015547719,-3.4174103e-05,0.0,0.0,-0.49054927,0
1777225833509000,0.00030312518,0.038878154,-0.0005205929,0.0,0.0,-0.4903506,0
1777225833529000,-0.0011906893,-0.014852,-0.00049562904,0.0,0.0,-0.49056163,0
1777225833549000,-0.0013707571,0.041892815,-0.00063154945,0.0,0.0,-0.4903414,0
1777225833569000,-0.0009959339,-0.015292307,-0.00050793303,0.0,0.0,-0.49078086,0
1777225833593000,-0.0021408629,-0.016557533,-0.00016327415,0.0,0.0,-0.4908876,0
1777225833609000,-0.0013356963,-0.015518587,-3.611949e-05,0.0,0.0,-0.49091402,0
1777225833629000,0.00016909586,0.040853027,-0.000338692,0.0,0.0,-0.49092203,0
1777225833653000,-0.0015072551,-0.015772495,-0.00044880345,0.0,0.0,-0.4912064,0
1777225833669000,-0.0026150423,0.0403992,-0.00070528896,0.0,0.0,-0.49105436,0
1777225833689000,-0.0034197154,-0.017270742,-0.0006005354,0.0,0.0,-0.49125674,0
1777225833713000,-0.0028538571,-0.018649481,-0.0011873514,0.0,0.0,-0.49126056,0
1777225833733000,-0.0008057482,-0.018711474,-0.0010467918,0.0,0.0,-0.49132165,0
1777225833753000,-0.0012684814,-0.019746233,-0.0007736463,0.0,0.0,-0.49143684,0
1777225833773000,-0.0013582723,-0.020542841,-0.0006593913,0.0,0.0,-0.49145675,0
1777225833789000,-0.0010423708,0.035253566,-0.00072536495,0.0,0.0,-0.4912026,0
1777225833809000,-0.00055222085,-0.020118948,-0.00046637713,0.0,0.0,-0.4914091,0
1777225833829000,-5.8194368e-05,0.03589904,-0.0009162611,0.0,0.0,-0.49109775,0
1777225833849000,-0.0022159724,-0.021556467,-0.0010318869,0.0,0.0,-0.49105486,0
1777225833869000,-0.004375039,0.03286691,-0.0010608408,0.0,0.0,-0.4907955,0
1777225833889000,-0.0034049787,-0.021456134,-0.0007280756,0.0,0.0,-0.49093628,0
1777225833913000,-0.0044854768,-0.018161139,-0.0011222278,0.0,0.0,-0.491031,0
1777225833933000,-0.00396443,-0.019407952,-0.0014134923,0.0,0.0,-0.49105144,0
1777225833953000,-0.0044287634,-0.021781655,-0.0010101104,0.0,0.0,-0.49104956,0
1777225833973000,-0.004932067,-0.022658106,-0.0011478594,0.0,0.0,-0.4910602,0
1777225833989000,-0.004891528,0.032194823,-0.0011864533,0.0,0.0,-0.4907974,0
1777225834009000,-0.0027909111,-0.022944441,-0.0008707014,0.0,0.0,-0.49102423,0
1777225834029000,-0.0041547376,0.0318521,-0.0005415053,0.0,0.0,-0.49073467,0
1777225834049000,-0.0041969777,-0.021070788,-0.00053287274,0.0,0.0,-0.4909407,0
1777225834069000,-0.003890812,0.033410426,-0.00085929304,0.0,0.0,-0.4906943,0
1777225834089000,-0.0032575135,-0.02208669,-0.0009861471,0.0,0.0,-0.49091166,0
1777225834109000,-0.003732123,0.03298447,-0.0011769532,0.0,0.0,-0.49063694,0
1777225834129000,-0.004097236,-0.023931125,-0.0007180982,0.0,0.0,-0.49090332,0
1777225834153000,-0.0038457762,-0.02301378,-0.001022487,0.0,0.0,-0.48876172,0
1777225834169000,-0.0037459154,-0.024813257,-0.00075410976,0.0,0.0,-0.49064472,0
1777225834189000,-0.0031698935,0.032063417,-0.00071941956,0.0,0.0,-0.49057916,0
1777225834209000,-0.0016449976,-0.023426088,-0.00084375066,0.0,0.0,-0.49079472,0
1777225834229000,-0.00365802,0.032194603,-0.00077722897,0.0,0.0,-0.49058217,0
1777225834249000,-0.003252703,-0.02255334,-0.00036291298,0.0,0.0,-0.49074534,0
1777225834273000,-0.0042491057,-0.021327263,-0.00025408104,0.0,0.0,-0.49057212,0
1777225834293000,-0.0050238217,-0.020535294,-0.00040546944,0.0,0.0,-0.49063316,0
1777225834309000,-0.004995435,0.036654074,-0.0007156759,0.0,0.0,-0.490439,0
1777225834333000,-0.00521258,-0.020666884,-0.0008651156,0.0,0.0,-0.49068475,0
1777225834349000,-0.0052099894,0.03638768,-0.0007673681,0.0,0.0,-0.490418,0
1777225834373000,-0.0046147197,-0.019721316,-0.0005866933,0.0,0.0,-0.4906817,0
1777225834389000,-0.0049326406,0.034789972,-0.00044524344,0.0,0.0,-0.49053657,0
1777225834409000,-0.005182431,-0.019198095,-0.0004414897,0.0,0.0,-0.49070647,0
1777225834429000,-0.004358713,0.037862293,-2.3156921e-05,0.0,0.0,-0.49057075,0
1777225834453000,-0.004957466,-0.01983954,0.0005888429,0.0,0.0,-0.49071133,0
1777225834469000,-0.0031790067,0.03495144,0.00053870527,0.0,0.0,-0.49063686,0
1777225834489000,-0.0022956394,-0.018730259,0.000652003,0.0,0.0,-0.49090263,0
1777225834509000,-0.004568925,0.03727813,0.000560108,0.0,0.0,-0.49068397,0
1777225834533000,-0.0057842364,-0.017875554,5.4823242e-05,0.0,0.0,-0.49086988,0
1777225834553000,-0.0038903065,-0.018576894,-2.6493688e-05,0.0,0.0,-0.49072,0
1777225834569000,-0.005031867,-0.019628549,-0.00013022039,0.0,0.0,-0.4906247,0
1777225834593000,-0.0041176616,-0.01825133,-0.00010065023,0.0,0.0,-0.49051398,0
1777225834609000,-0.003392699,-0.01906641,5.6047513e-05,0.0,0.0,-0.490593,0
1777225834633000,-0.0010129479,-0.0189589,0.0004592693,0.0,0.0,-0.49057165,0
1777225834649000,0.00025575564,-0.01887588,0.00029263698,0.0,0.0,-0.4904723,0
1777225834669000,0.0002755556,0.034402005,0.00013723463,0.0,0.0,-0.490335,0
1777225834689000,0.0015720001,-0.023971828,0.00073376554,0.0,0.0,-0.49053106,0
1777225834709000,0.0020794664,0.03047083,0.0008822741,0.0,0.0,-0.49044546,0
1777225834729000,0.0027752332,-0.025806623,0.00048687292,0.0,0.0,-0.49081403,0
1777225834749000,0.0035830196,0.03143992,0.00050154136,0.0,0.0,-0.49064466,0
1777225834773000,0.002782745,-0.02645874,0.0006911033,0.0,0.0,-0.49064875,0
1777225834789000,0.0027629486,0.027812883,0.0007545077,0.0,0.0,-0.4904118,0
1777225834809000,0.0025322114,-0.028051002,0.00096993713,0.0,0.0,-0.4907673,0
1777225834829000,0.003311516,0.028600909,0.0012353592,0.0,0.0,-0.49050704,0
1777225834849000,0.002829333,-0.030475816,0.0015029878,0.0,0.0,-0.4906767,0
1777225834873000,0.003201743,-0.032035816,0.0016185258,0.0,0.0,-0.49065727,0
1777225834893000,0.0032721504,-0.03217626,0.0014540054,0.0,0.0,-0.49069947,0
1777225834909000,0.004183103,0.023907963,0.0013272488,0.0,0.0,-0.4904158,0
1777225834933000,0.0066895923,-0.03068815,0.0014152385,0.0,0.0,-0.49075338,0
1777225834949000,0.0067322603,0.024908643,0.0014677914,0.0,0.0,-0.49058107,0
1777225834973000,0.005116796,-0.029547699,0.0013623891,0.0,0.0,-0.49083892,0
1777225834993000,0.005295382,-0.029561514,0.0012706973,0.0,0.0,-0.4910284,0
1777225835013000,0.0052002454,-0.030216375,0.0013164456,0.0,0.0,-0.49110115,0
1777225835029000,0.0044471812,0.022982782,0.0013367647,0.0,0.0,-0.4909057,0
1777225835049000,0.004917294,-0.034627516,0.0011972034,0.0,0.0,-0.49122542,0
1777225835069000,0.005093244,0.020576935,0.0010470509,0.0,0.0,-0.49100548,0
1777225835089000,0.007474811,-0.03629972,0.00097348075,0.0,0.0,-0.4912514,0
1777225835109000,0.006356389,0.018173512,0.0010904325,0.0,0.0,-0.49108824,0
1777225835133000,0.006956199,-0.03830155,0.0009188776,0.0,0.0,-0.49145457,0
1777225835153000,0.0060626697,-0.033742428,0.0010255001,0.0,0.0,-0.49130994,0
1777225835169000,0.005020928,-0.03247944,0.0010829876,0.0,0.0,-0.49135032,0
1777225835189000,0.005172018,0.02368374,0.0009337857,0.0,0.0,-0.49107218,0
1777225835209000,0.005409335,-0.0308475,0.00080288184,0.0,0.0,-0.49133393,0
1777225835229000,0.006994846,0.02680892,0.00072856306,0.0,0.0,-0.491118,0
1777225835249000,0.006221978,-0.029513197,0.0008588033,0.0,0.0,-0.4913419,0
1777225835273000,0.004728459,-0.031908218,0.0007956025,0.0,0.0,-0.4911926,0
1777225835293000,0.004959514,-0.031379268,0.0007661823,0.0,0.0,-0.49109745,0
1777225835309000,0.0051480257,0.024245858,0.0005849124,0.0,0.0,-0.49080738,0
1777225835333000,0.006684628,-0.032363176,0.0008791108,0.0,0.0,-0.49108398,0
1777225835349000,0.0069908137,0.023840372,0.0009806664,0.0,0.0,-0.49096954,0
1777225835369000,0.0075038536,-0.029626185,0.0006192622,0.0,0.0,-0.49116296,0
1777225835389000,0.006958052,0.024592139,0.00010616301,0.0,0.0,-0.4908962,0
1777225835409000,0.0059312787,-0.031187827,0.00025200413,0.0,0.0,-0.49101543,0
1777225835433000,0.0079960935,-0.03137021,0.0003123076,0.0,0.0,-0.49101824,0
1777225835453000,0.0073041487,-0.029213896,7.660485e-05,0.0,0.0,-0.4910001,0
1777225835469000,0.005593241,0.02691537,-1.4748497e-05,0.0,0.0,-0.49090853,0
1777225835493000,0.005278764,-0.029107643,-4.9285794e-05,0.0,0.0,-0.49120143,0
1777225835513000,0.0037637663,-0.027750611,-0.00043791995,0.0,0.0,-0.49115753,0
1777225835533000,0.0031315102,-0.025349421,-0.00078214984,0.0,0.0,-0.4911743,0
1777225835553000,0.0011261991,-0.027792728,-0.00057508436,0.0,0.0,-0.49122867,0
1777225835573000,0.00037372974,-0.027037086,-0.0005930447,0.0,0.0,-0.49117532,0
1777225835589000,0.0011470417,0.030189311,-0.0003971746,0.0,0.0,-0.49085525,0
1777225835609000,0.0002118849,-0.02449474,-0.0005312086,0.0,0.0,-0.4910187,0
1777225835633000,-0.0039127553,-0.023848766,-0.00037134977,0.0,0.0,-0.49105483,0
1777225835653000,-0.0021545924,-0.02253897,-0.00047063798,0.0,0.0,-0.4910384,0
1777225835669000,-0.0028300772,0.03251723,-0.00050644216,0.0,0.0,-0.49069953,0
1777225835689000,-0.0030988243,-0.024270369,-0.0005669332,0.0,0.0,-0.49080488,0
1777225835709000,-0.0032439444,0.033190552,-0.000557945,0.0,0.0,-0.49045038,0
1777225835729000,-0.001346509,-0.021080498,-0.00072012836,0.0,0.0,-0.49058822,0
1777225835749000,-0.0024575018,0.03570273,-0.0006346681,0.0,0.0,-0.49038747,0
1777225835773000,-0.0006140359,-0.018315544,-0.00042372753,0.0,0.0,-0.49059024,0
1777225835789000,-0.0009555472,0.034810223,-0.0003817107,0.0,0.0,-0.49038067,0
1777225835809000,0.00089463155,-0.024477275,-0.00043831486,0.0,0.0,-0.49074602,0
1777225835829000,-0.0005941959,0.031006664,-0.0006177749,0.0,0.0,-0.49040657,0
1777225835849000,-0.0017319717,-0.022436373,-0.00038727437,0.0,0.0,-0.49056554,0
1777225835869000,-0.002063618,0.03438668,-0.0007216085,0.0,0.0,-0.49025515,0
1777225835889000,-0.0044240663,-0.021654444,-0.00080337824,0.0,0.0,-0.4904066,0
1777225835909000,-0.0036070864,0.035643123,-0.00096222863,0.0,0.0,-0.49013332,0
1777225835933000,-0.003329166,-0.01872751,-0.00062817574,0.0,0.0,-0.49054664,0
1777225835949000,-0.0043898895,0.03761817,-0.00052913325,0.0,0.0,-0.49037197,0
1777225835969000,-0.0047458336,-0.017192798,-0.00016041378,0.0,0.0,-0.49043328,0
1777225835989000,-0.005008168,0.036921635,-0.0004347075,0.0,0.0,-0.4903007,0
1777225836009000,-0.0058060973,-0.015879855,-0.0004884213,0.0,0.0,-0.4904461,0
1777225836029000,-0.0055767223,0.039059334,-0.0009960795,0.0,0.0,-0.490335,0
1777225836049000,-0.0051112,-0.016148169,-0.00065491244,0.0,0.0,-0.49049592,0
1777225836073000,-0.00495641,-0.015781973,-0.00049390417,0.0,0.0,-0.49036965,0
1777225836089000,-0.004173305,-0.014135486,-0.0004031901,0.0,0.0,-0.49028322,0
1777225836109000,-0.003011706,0.03950471,-0.000533168,0.0,0.0,-0.48992792,0
1777225836129000,-0.0041094986,-0.015636554,-0.00039485958,0.0,0.0,-0.49015167,0
1777225836149000,-0.005674988,0.03946187,-0.00042783207,0.0,0.0,-0.48991954,0
1777225836169000,-0.004945408,-0.01944333,-0.0006213854,0.0,0.0,-0.49034426,0
1777225836189000,-0.0053578145,0.036784098,-0.00064012746,0.0,0.0,-0.4901298,0
1777225836209000,-0.003432196,-0.01668364,-0.0008583847,0.0,0.0,-0.49029577,0
1777225836233000,-0.002950589,-0.016307367,-0.00061175873,0.0,0.0,-0.49023187,0
1777225836249000,-0.004675912,-0.016825369,-0.00042974474,0.0,0.0,-0.49035263,0
1777225836269000,-0.0039971266,0.038559385,-0.00032748733,0.0,0.0,-0.49019924,0
1777225836289000,-0.0037384178,-0.016557388,-0.00037553936,0.0,0.0,-0.49044397,0
1777225836309000,-0.0028804848,0.03936144,-0.00023476486,0.0,0.0,-0.49016914,0
1777225836329000,-0.0016701717,-0.017704654,-0.00016457884,0.0,0.0,-0.4903198,0
1777225836349000,-0.00030962963,0.038095374,-0.00019202346,0.0,0.0,-0.49007368,0
1777225836369000,-0.000299465,-0.01868088,-0.00011971461,0.0,0.0,-0.4902768,0
1777225836389000,-0.0015440112,0.034289945,0.00021221352,0.0,0.0,-0.49004844,0
1777225836409000,0.00057040696,-0.022259392,0.0002547613,0.0,0.0,-0.49034274,0
1777225836433000,0.0007578259,-0.022912793,0.00023421273,0.0,0.0,-0.49006632,0
1777225836453000,0.0010332948,-0.023274556,0.000380453,0.0,0.0,-0.48998594,0
1777225836469000,0.0012288932,0.032038264,0.00045150984,0.0,0.0,-0.48989537,0
1777225836493000,0.00013499787,-0.025136406,-1.1030406e-05,0.0,0.0,-0.49015194,0
1777225836509000,0.0015474209,0.032312673,-0.0003148384,0.0,0.0,-0.48994336,0
1777225836529000,0.0015058623,-0.021987261,-0.00012266875,0.0,0.0,-0.49030557,0
1777225836549000,0.0014176151,0.03533119,9.0708854e-05,0.0,0.0,-0.49018776,0
1777225836569000,-0.00020437938,-0.016780267,0.00023575066,0.0,0.0,-0.4903337,0
1777225836593000,-0.00060456875,-0.017494567,1.5280657e-05,0.0,0.0,-0.49031836,0
1777225836613000,-0.000588066,-0.018752603,0.00010704931,0.0,0.0,-0.4903648,0
1777225836629000,-0.0006191036,0.03715409,0.00010103298,0.0,0.0,-0.4901224,0
1777225836649000,-0.004250424,-0.017781211,8.8039655e-05,0.0,0.0,-0.4902246,0
1777225836669000,-0.0050165216,0.038204283,-0.00023386779,0.0,0.0,-0.4900237,0
1777225836689000,-0.0025137516,-0.015701037,-0.0001224571,0.0,0.0,-0.4902019,0
1777225836709000,-0.0012541666,0.038705483,-0.000270877,0.0,0.0,-0.49004015,0
1777225836733000,-0.0020736617,-0.016790025,-0.0002590143,0.0,0.0,-0.49049166,0
1777225836753000,-0.002033183,-0.016867742,1.6758931e-05,0.0,0.0,-0.49062952,0
1777225836769000,-0.001855159,-0.017475419,-6.49852e-05,0.0,0.0,-0.49061024,0
1777225836789000,-0.0009728618,0.03813348,-0.00018829542,0.0,0.0,-0.4904057,0
1777225836809000,-0.0027593824,-0.017822921,1.4573563e-05,0.0,0.0,-0.49047288,0
1777225836833000,-0.002877642,-0.018967025,-2.5615038e-05,0.0,0.0,-0.49040174,0
1777225836853000,-0.002354846,-0.01881014,-2.0545256e-05,0.0,0.0,-0.49046993,0
1777225836869000,-0.0013682767,0.03692059,0.00016518256,0.0,0.0,-0.4902682,0
1777225836889000,7.899141e-05,-0.019484842,-0.00019818748,0.0,0.0,-0.4903196,0
1777225836909000,-0.000493048,0.03562453,-0.00043818078,0.0,0.0,-0.49010095,0
1777225836933000,0.001351722,-0.021502437,-0.00021343073,0.0,0.0,-0.4904114,0
1777225836949000,0.0007602572,0.03590764,-0.00013035878,0.0,0.0,-0.49017733,0
1777225836973000,-0.0020818443,-0.019534571,-0.00034259993,0.0,0.0,-0.4904601,0
1777225836993000,-0.0029114294,-0.018785687,-0.00084430526,0.0,0.0,-0.49047577,0
1777225837009000,-0.0030529432,-0.018718945,-0.0005431276,0.0,0.0,-0.490614,0
1777225837029000,-0.0026535552,0.035779614,-0.0004908499,0.0,0.0,-0.49050206,0
1777225837049000,-0.001425778,-0.021643547,-0.00056856783,0.0,0.0,-0.49070305,0
1777225837073000,-0.002509433,-0.022140594,-0.0009610033,0.0,0.0,-0.49064478,0
1777225837089000,-0.002098459,-0.020817844,-0.0007847934,0.0,0.0,-0.4906786,0
1777225837109000,-0.0004609154,0.03625876,-0.00050933455,0.0,0.0,-0.49050137,0
1777225837129000,-0.002904918,-0.017472848,-0.0004142741,0.0,0.0,-0.4905703,0
1777225837149000,-0.0024465264,0.038988084,-0.0005608345,0.0,0.0,-0.49033812,0
1777225837169000,-0.003686733,-0.016580584,-0.00055214716,0.0,0.0,-0.49041787,0
1777225837193000,-0.0021355415,-0.017683668,-0.00024100734,0.0,0.0,-0.4904361,0
1777225837213000,-0.0022024,-0.017078942,-6.756075e-05,0.0,0.0,-0.4904159,0
1777225837229000,-0.003475472,0.038902566,0.00024245706,0.0,0.0,-0.49023345,0
1777225837253000,-0.0025374938,-0.018650401,0.0002017544,0.0,0.0,-0.49022773,0
1777225837273000,-0.0018577293,-0.018597238,0.00030847717,0.0,0.0,-0.49036995,0
1777225837293000,-0.0023129957,-0.01985794,0.00031964004,0.0,0.0,-0.4903917,0
1777225837313000,-0.0015011646,-0.018762065,-0.000116834104,0.0,0.0,-0.49043214,0
1777225837329000,0.00021455114,-0.01778166,-3.6965906e-05,0.0,0.0,-0.49030536,0
1777225837349000,-0.002374541,0.037664924,-0.00020720858,0.0,0.0,-0.490024,0
1777225837369000,-0.0029780306,-0.016687736,-3.298607e-05,0.0,0.0,-0.49021706,0
1777225837389000,-0.0037683959,0.03719268,8.846769e-05,0.0,0.0,-0.4900316,0
1777225837409000,-0.0039379694,-0.01717145,-0.00030643865,0.0,0.0,-0.49013573,0
1777225837433000,-0.0052059893,-0.01664604,-0.0005584148,0.0,0.0,-0.4900864,0
1777225837453000,-0.003642405,-0.01513993,-0.0007269643,0.0,0.0,-0.49008018,0
1777225837469000,-0.0030274717,0.038207136,-0.0005522644,0.0,0.0,-0.48985294,0
1777225837489000,-0.0037861315,-0.018135918,-0.000322887,0.0,0.0,-0.49012375,0
1777225837513000,-0.0040110615,-0.016308948,-0.00051209284,0.0,0.0,-0.4900272,0
1777225837533000,-0.0049279016,-0.016767813,-0.00028824626,0.0,0.0,-0.49016002,0
1777225837549000,-0.005863727,0.037624925,-0.00024517192,0.0,0.0,-0.48999014,0
1777225837569000,-0.00424126,-0.020167137,-0.00047136436,0.0,0.0,-0.49025068,0
1777225837593000,-0.00466935,-0.018600907,-0.00031473793,0.0,0.0,-0.49031085,0
1777225837609000,-0.006756922,-0.020251358,-0.00025204627,0.0,0.0,-0.490367,0
1777225837629000,-0.0065469416,0.036930397,-8.5497704e-05,0.0,0.0,-0.49007875,0
1777225837649000,-0.0060434914,-0.016536146,-0.00016490021,0.0,0.0,-0.49030143,0
1777225837669000,-0.0077912514,0.039293356,-0.00052666955,0.0,0.0,-0.48999792,0
1777225837689000,-0.0076487632,-0.014086086,-0.0007306993,0.0,0.0,-0.4902092,0
1777225837713000,-0.008672887,-0.015892068,-0.00054849725,0.0,0.0,-0.49008974,0
1777225837733000,-0.009857411,-0.015218954,-0.0005833419,0.0,0.0,-0.4901917,0
1777225837753000,-0.008316349,-0.014920787,-0.0006751806,0.0,0.0,-0.49019805,0
1777225837769000,-0.009082188,-0.014446506,-0.00058102125,0.0,0.0,-0.49009782,0
1777225837793000,-0.008477802,-0.015404757,-0.0004969997,0.0,0.0,-0.49000087,0
1777225837813000,-0.006835762,-0.013895412,-0.00014396202,0.0,0.0,-0.4899777,0
1777225837829000,-0.007427204,0.039993152,8.251807e-05,0.0,0.0,-0.48980045,0
1777225837853000,-0.0067697684,-0.017574865,-4.6368248e-05,0.0,0.0,-0.48999625,0
1777225837873000,-0.0063738567,-0.017365871,-0.00045955786,0.0,0.0,-0.48999178,0
1777225837893000,-0.0057428814,-0.017926237,-0.0004581,0.0,0.0,-0.4899489,0
1777225837909000,-0.004354826,0.036729876,-0.00014513529,0.0,0.0,-0.48983377,0
1777225837929000,-0.0022416767,-0.018763773,-5.5499284e-05,0.0,0.0,-0.48996878,0
1777225837949000,-0.001648808,0.036571953,0.00062675844,0.0,0.0,-0.4896279,0
1777225837969000,-0.0018852501,-0.021682138,0.00043488483,0.0,0.0,-0.48978788,0
1777225837989000,0.00023519681,0.03252132,0.00063653453,0.0,0.0,-0.48965386,0
1777225838009000,8.514527e-05,-0.023997542,0.00058115815,0.0,0.0,-0.4898706,0
1777225838029000,0.00015166431,0.030184854,0.00075775536,0.0,0.0,-0.48969543,0
1777225838053000,-0.0027302506,-0.023338823,0.00016486525,0.0,0.0,-0.48988453,0
1777225838073000,-0.0023028946,-0.023887698,0.0003729051,0.0,0.0,-0.4898353,0
1777225838089000,-0.0019529818,-0.023033677,0.00038068544,0.0,0.0,-0.4898927,0
1777225838113000,-0.0026963037,-0.023345903,0.000613265,0.0,0.0,-0.48996195,0
1777225838129000,-0.003990899,-0.022595596,0.0003318396,0.0,0.0,-0.48998573,0
1777225838149000,-0.0026052918,0.03388973,0.00028599516,0.0,0.0,-0.48983124,0
1777225838173000,-0.00034830748,-0.0191924,1.5338694e-05,0.0,0.0,-0.48996437,0
1777225838189000,-0.0026974431,0.035373632,-8.671769e-05,0.0,0.0,-0.48992372,0
1777225838209000,-0.004027167,-0.021911608,-0.00026343897,0.0,0.0,-0.49012804,0
1777225838233000,-0.000684091,-0.023698464,-0.0004254328,0.0,0.0,-0.4900872,0
1777225838253000,-0.0008979496,-0.023267176,-0.0005648743,0.0,0.0,-0.49004623,0
1777225838269000,-0.00022167477,0.032804508,-0.0005084195,0.0,0.0,-0.48992375,0
1777225838289000,-0.0016446905,-0.020690657,-0.00070156483,0.0,0.0,-0.49027392,0
1777225838309000,-0.0010698844,0.03508402,-0.0003760112,0.0,0.0,-0.49013236,0
1777225838329000,-0.0029987998,-0.020686146,-0.0005998531,0.0,0.0,-0.49031803,0
1777225838349000,-0.0024833563,0.036545034,-0.00029551418,0.0,0.0,-0.4901204,0
1777225838369000,0.0010462016,-0.019898184,-0.00049948785,0.0,0.0,-0.49042597,0
1777225838393000,0.0010495265,-0.022130609,-0.00036832123,0.0,0.0,-0.49048838,0
1777225838413000,0.0011480595,-0.023248618,-0.00065766665,0.0,0.0,-0.4906032,0
1777225838429000,0.0005459305,0.033263538,-0.0006550813,0.0,0.0,-0.49047682,0
1777225838449000,0.00040768567,-0.02323573,-0.0009854792,0.0,0.0,-0.49061877,0
1777225838473000,0.00021628078,-0.022881413,-0.00088130235,0.0,0.0,-0.49066544,0
1777225838489000,0.0014417382,-0.02354158,-0.00075662753,0.0,0.0,-0.49067354,0
1777225838509000,0.0027352103,0.031740945,-0.00029356018,0.0,0.0,-0.49046853,0
1777225838529000,0.0024764182,-0.024136042,-0.00036659004,0.0,0.0,-0.49059746,0
1777225838549000,0.004094028,0.033828564,-2.0841877e-05,0.0,0.0,-0.49048153,0
1777225838573000,0.002315077,-0.023248557,0.00010565614,0.0,0.0,-0.4906536,0
1777225838593000,0.0020828904,-0.022772545,0.00045842555,0.0,0.0,-0.4906015,0
1777225838613000,0.0030085698,-0.023127673,0.00033103419,0.0,0.0,-0.49059546,0
1777225838633000,0.0028375564,-0.020501498,0.00039171544,0.0,0.0,-0.49058232,0
1777225838653000,0.0030965894,-0.020568801,0.0006386243,0.0,0.0,-0.4905685,0
1777225838673000,0.004277743,-0.022484656,0.00085670373,0.0,0.0,-0.49064738,0
1777225838689000,0.004572933,-0.023048243,0.00061820156,0.0,0.0,-0.49072385,0
1777225838709000,0.0051137065,0.03287046,0.0010527027,0.0,0.0,-0.4906259,0
1777225838729000,0.0042178603,-0.020427614,0.001090648,0.0,0.0,-0.49094152,0
1777225838749000,0.004391875,0.03437714,0.0010419787,0.0,0.0,-0.49091354,0
1777225838769000,0.004815788,-0.022142285,0.0008401055,0.0,0.0,-0.49108416,0
1777225838793000,0.005707558,-0.022755565,0.0012583034,0.0,0.0,-0.4910101,0
1777225838813000,0.008110882,-0.022699429,0.0011908492,0.0,0.0,-0.49090704,0
1777225838833000,0.008083163,-0.023729473,0.00088612793,0.0,0.0,-0.49078572,0
1777225838853000,0.008030563,-0.023503494,0.0005319304,0.0,0.0,-0.49065533,0
1777225838873000,0.0057697003,-0.023913873,0.00039771886,0.0,0.0,-0.49052262,0
1777225838889000,0.005375992,-0.025467394,0.0005645055,0.0,0.0,-0.4904984,0
1777225838909000,0.00548599,0.028939426,0.00084786426,0.0,0.0,-0.4903098,0
1777225838933000,0.008526575,-0.02624215,0.0010243587,0.0,0.0,-0.49066907,0
1777225838949000,0.0068115145,0.02761795,0.0005810886,0.0,0.0,-0.4904214,0
1777225838969000,0.0049400073,-0.03048919,0.00021234102,0.0,0.0,-0.49063644,0
1777225838989000,0.0061942986,0.025885422,-0.00029775559,0.0,0.0,-0.49034885,0
1777225839009000,0.0074037714,-0.031169653,-0.00031923395,0.0,0.0,-0.49036983,0
1777225839029000,0.009285825,0.024480168,-0.0006814981,0.0,0.0,-0.49024114,0
1777225839049000,0.009710823,-0.032712854,-0.0006681954,0.0,0.0,-0.4904229,0
1777225839069000,0.009410887,0.021784086,-0.0005141474,0.0,0.0,-0.49028563,0
1777225839089000,0.011570367,-0.03274517,-0.00059654575,0.0,0.0,-0.4905475,0
1777225839109000,0.0096986685,0.022517014,-0.0003538313,0.0,0.0,-0.49035707,0
1777225839129000,0.009876258,-0.033955675,-0.00017457208,0.0,0.0,-0.49043813,0
1777225839149000,0.008893295,0.02161334,-8.244478e-05,0.0,0.0,-0.4902476,0
1777225839169000,0.009363062,-0.033281706,0.0002782653,0.0,0.0,-0.49036697,0
1777225839189000,0.011486233,0.021215126,-0.000102476755,0.0,0.0,-0.49012685,0
1777225839209000,0.011585127,-0.035144202,-0.0005227407,0.0,0.0,-0.49044746,0
1777225839233000,0.010366069,-0.03407398,-0.0008538446,0.0,0.0,-0.49056947,0
1777225839249000,0.00995973,-0.036101967,-0.00081829994,0.0,0.0,-0.49049726,0
1777225839269000,0.010149207,0.01947404,-0.0011695798,0.0,0.0,-0.4902846,0
1777225839293000,0.010444985,-0.034045216,-0.0008713113,0.0,0.0,-0.49047744,0
1777225839313000,0.0097471485,-0.035331517,-0.00088667125,0.0,0.0,-0.4902716,0
1777225839329000,0.009223481,-0.035418693,-0.00041275623,0.0,0.0,-0.4902088,0
1777225839349000,0.00993742,0.02002607,-0.00047731737,0.0,0.0,-0.4898914,0
1777225839369000,0.012442177,-0.036653202,-0.00044333388,0.0,0.0,-0.4902889,0
1777225839393000,0.012835759,-0.036865614,-0.0006684124,0.0,0.0,-0.49026883,0
1777225839413000,0.013849455,-0.035829246,-0.0010974921,0.0,0.0,-0.4903237,0
1777225839429000,0.011861949,0.021296391,-0.0013770955,0.0,0.0,-0.4900851,0
1777225839449000,0.009230466,-0.031817436,-0.0012626315,0.0,0.0,-0.49016714,0
1777225839469000,0.008757414,0.02452492,-0.0011271469,0.0,0.0,-0.49005395,0
1777225839489000,0.007999869,-0.02994419,-0.00082419557,0.0,0.0,-0.49040484,0
1777225839513000,0.0071952357,-0.028111763,-0.00085863005,0.0,0.0,-0.49029073,0
1777225839533000,0.0077470583,-0.027557438,-0.0010439092,0.0,0.0,-0.4902315,0
1777225839549000,0.008287421,0.027412573,-0.001125096,0.0,0.0,-0.49002108,0
1777225839569000,0.008618863,-0.028140372,-0.00038721814,0.0,0.0,-0.49046385,0
1777225839589000,0.009438228,0.026177686,-0.0006397731,0.0,0.0,-0.49031875,0
1777225839609000,0.009939264,-0.033108797,-0.00039231306,0.0,0.0,-0.49072474,0
1777225839629000,0.010770146,0.023754224,-0.0004269473,0.0,0.0,-0.4906078,0
1777225839649000,0.011472151,-0.031876683,0.0002700539,0.0,0.0,-0.49091947,0
1777225839673000,0.010505368,-0.03386332,0.0006715253,0.0,0.0,-0.49094442,0
1777225839693000,0.008808689,-0.032656293,0.0008046368,0.0,0.0,-0.49101883,0
1777225839713000,0.0071293428,-0.033489592,-0.008009723,0.0,0.0,-0.49091464,0
1777225839729000,-0.017821437,-0.0320927,-0.014388368,0.0,0.0,-0.4907381,0
1777225839749000,-0.017992131,0.022507202,-0.01426899,0.0,0.0,-0.4905279,0
1777225839769000,-0.0893219,-0.03167657,-0.030714339,0.0,0.0,-0.49091932,0
1777225839793000,-0.13024512,-0.031532012,-0.040889964,0.0,0.0,-0.49109086,0
1777225839809000,-0.15667625,-0.03164994,-0.04809618,0.0,0.0,-0.49135354,0
1777225839833000,-0.1340089,-0.028162468,-0.0597132,0.0,0.0,-0.4912606,0
1777225839853000,-0.101119354,-0.027833508,-0.06484906,0.0,0.0,-0.4911934,0
1777225839873000,-0.054339055,-0.027627457,-0.059192542,0.0,0.0,-0.49104476,0
1777225839893000,-0.01952012,-0.027090091,-0.055146895,0.0,0.0,-0.49091783,0
1777225839909000,-0.010586755,0.029135145,-0.05447168,0.0,0.0,-0.4906336,0
1777225839933000,0.045286957,-0.026529815,-0.043688767,0.0,0.0,-0.49108174,0
1777225839949000,0.052212678,0.028584097,-0.04299739,0.0,0.0,-0.4907879,0
1777225839969000,0.05827847,-0.026288455,-0.030087393,0.0,0.0,-0.49099827,0
1777225839993000,0.060299862,-0.025203228,-0.020603132,0.0,0.0,-0.4908737,0
1777225840009000,0.05858572,-0.024899619,-0.013922826,0.0,0.0,-0.49082032,0
1777225840029000,0.058504447,0.030412147,-0.012600952,0.0,0.0,-0.49053526,0
1777225840049000,0.054066516,-0.025564728,-0.012537059,0.0,0.0,-0.4908049,0
1777225840073000,0.050726417,-0.026305398,-0.0104907155,0.0,0.0,-0.49065888,0
1777225840089000,0.05048442,-0.025510412,-0.00911257,0.0,0.0,-0.49074692,0
1777225840109000,0.046409026,0.030409334,-0.0073942076,0.0,0.0,-0.49055374,0
1777225840133000,0.04100182,-0.024334246,-0.0043219044,0.0,0.0,-0.49085054,0
1777225840149000,0.037624784,0.032257367,-0.0028303205,0.0,0.0,-0.49062946,0
1777225840169000,0.0326067,-0.022036498,-0.00081972306,0.0,0.0,-0.49079338,0
1777225840189000,0.029719748,0.034333088,0.0005763657,0.0,0.0,-0.49059048,0
1777225840213000,0.023146372,-0.022001432,0.0017617643,0.0,0.0,-0.4908568,0
1777225840229000,0.018949855,0.033356637,0.002500155,0.0,0.0,-0.49059495,0
1777225840249000,0.014643576,-0.021166714,0.0040508257,0.0,0.0,-0.4907498,0
1777225840273000,0.012277749,-0.022665227,0.00577131,0.0,0.0,-0.4907842,0
1777225840293000,0.010845593,-0.022259688,0.0070251133,0.0,0.0,-0.4907092,0
1777225840309000,0.008515524,0.033575423,0.007835672,0.0,0.0,-0.4904815,0
1777225840329000,0.0048045195,-0.023763442,0.009526044,0.0,0.0,-0.49089503,0
1777225840353000,0.0017040726,-0.022242736,0.010543792,0.0,0.0,-0.49085698,0
1777225840369000,-0.0015383284,-0.021139937,0.010936433,0.0,0.0,-0.49090508,0
1777225840389000,-0.0042485422,0.03477282,0.011003523,0.0,0.0,-0.49054685,0
1777225840409000,-0.0052617947,-0.0210676,0.012445094,0.0,0.0,-0.49081016,0
1777225840429000,-0.006761186,0.03461308,0.012686372,0.0,0.0,-0.4905132,0
1777225840453000,-0.0064433846,-0.020896493,0.013366963,0.0,0.0,-0.49062774,0
1777225840469000,-0.0065594753,0.035378966,0.013304032,0.0,0.0,-0.49024442,0
1777225840489000,-0.0059709526,-0.020303465,0.013965333,0.0,0.0,-0.49048525,0
1777225840509000,-0.0070721013,0.03675754,0.013639324,0.0,0.0,-0.4901984,0
1777225840529000,-0.008377986,-0.018708732,0.013815683,0.0,0.0,-0.49049428,0
1777225840549000,-0.008692416,0.03721399,0.013403412,0.0,0.0,-0.49024183,0
1777225840569000,-0.008355261,-0.01593435,0.013436386,0.0,0.0,-0.49043104,0
1777225840589000,-0.008835809,0.03731255,0.012921352,0.0,0.0,-0.49013537,0
1777225840609000,-0.009075788,-0.018436097,0.013163947,0.0,0.0,-0.49036646,0
1777225840629000,-0.009348017,0.038494386,0.012310302,0.0,0.0,-0.4901355,0
1777225840649000,-0.007433029,-0.01911325,0.012608922,0.0,0.0,-0.49041796,0
1777225840669000,-0.008698679,0.03395672,0.01168047,0.0,0.0,-0.4902228,0
1777225840689000,-0.009024923,-0.022886887,0.011664556,0.0,0.0,-0.49049252,0
1777225840709000,-0.0077917427,0.032284793,0.010956389,0.0,0.0,-0.49022967,0
1777225840729000,-0.0048539396,-0.02492507,0.011256451,0.0,0.0,-0.49039543,0
1777225840753000,-0.005516909,-0.025299808,0.00983387,0.0,0.0,-0.49015397,0
1777225840769000,-0.00449262,-0.02286169,0.009503716,0.0,0.0,-0.49022695,0
1777225840789000,-0.004611077,0.03277213,0.008853504,0.0,0.0,-0.49005586,0
1777225840813000,-0.0024900245,-0.022577535,0.007607094,0.0,0.0,-0.49022755,0
1777225840829000,-0.002221021,0.03217888,0.006685923,0.0,0.0,-0.49003974,0
1777225840849000,-0.0026757403,-0.022981808,0.0062009487,0.0,0.0,-0.49030367,0
1777225840869000,-0.0011688108,0.030669296,0.0053539993,0.0,0.0,-0.49017525,0
1777225840889000,0.0018524866,-0.02359009,0.005122794,0.0,0.0,-0.49065706,0
1777225840909000,0.0028996444,0.030652368,0.0042912886,0.0,0.0,-0.4904032,0
1777225840929000,0.0020009787,-0.023924114,0.004092158,0.0,0.0,-0.490759,0
1777225840949000,0.003860088,0.0343347,0.0032905238,0.0,0.0,-0.49050418,0
1777225840969000,0.004195871,-0.021800317,0.0032333802,0.0,0.0,-0.49078965,0
1777225840989000,0.0030021633,0.03351926,0.0022510784,0.0,0.0,-0.49053675,0
1777225841013000,0.0033616084,-0.02130295,0.00164962,0.0,0.0,-0.49079433,0
1777225841029000,0.003858603,0.033273656,0.001093273,0.0,0.0,-0.49038675,0
1777225841049000,0.0046830494,-0.022444628,0.0015002355,0.0,0.0,-0.49073923,0
1777225841069000,0.005217841,0.033390272,0.0011891193,0.0,0.0,-0.49056154,0
1777225841089000,0.0054331613,-0.020793824,0.0011030465,0.0,0.0,-0.49093166,0
1777225841109000,0.006922073,0.03515526,0.0007314613,0.0,0.0,-0.49087712,0
1777225841133000,0.004103002,-0.022030985,0.00042881723,0.0,0.0,-0.49129465,0
1777225841149000,0.0041204053,0.03254662,0.00010392349,0.0,0.0,-0.49115986,0
1777225841169000,0.0054977397,-0.023946369,0.00037847637,0.0,0.0,-0.49132824,0
1777225841189000,0.0056830156,0.031106124,-0.00015168572,0.0,0.0,-0.49108478,0
1777225841209000,0.0042441706,-0.02323235,0.0014666424,0.0,0.0,-0.491354,0
1777225841229000,0.004124714,0.033147052,0.00051063974,0.0,0.0,-0.49107063,0
1777225841249000,0.0048123137,-0.022720337,-0.00064638886,0.0,0.0,-0.49121493,0
1777225841273000,0.0063109733,-0.02208428,-0.002294241,0.0,0.0,-0.49127808,0
1777225841293000,0.004910326,-0.021597609,-0.0026455573,0.0,0.0,-0.4914519,0
1777225841309000,0.0044989483,0.035241235,-0.0032829777,0.0,0.0,-0.4910765,0
1777225841333000,0.0025399735,-0.019473746,-0.0023923244,0.0,0.0,-0.49154282,0
1777225841349000,0.004124639,0.037562177,-0.002531563,0.0,0.0,-0.49120197,0
1777225841369000,0.0035552906,-0.015686024,-0.0023313942,0.0,0.0,-0.4914318,0
1777225841389000,0.0032725646,0.040860403,-0.0029897937,0.0,0.0,-0.49126887,0
1777225841413000,0.0036534434,-0.01684303,-0.0025248271,0.0,0.0,-0.49150014,0
1777225841429000,0.0039767893,0.0387188,-0.0028194715,0.0,0.0,-0.4912046,0
1777225841453000,0.0022842728,-0.016975349,-0.001319291,0.0,0.0,-0.4912979,0
1777225841473000,0.0012360022,-0.014872442,-0.0027460712,0.0,0.0,-0.4913317,0
1777225841489000,0.0012790358,-0.014042176,-0.0026183727,0.0,0.0,-0.49129292,0
1777225841509000,0.0027617873,0.04189822,-0.0028239994,0.0,0.0,-0.49122515,0
1777225841529000,0.0024780144,-0.012630485,-0.0025968095,0.0,0.0,-0.49147636,0
1777225841549000,0.0020605407,0.0420646,-0.0024537933,0.0,0.0,-0.49131024,0
1777225841573000,0.0002595095,-0.011451274,-0.002009519,0.0,0.0,-0.4916474,0
1777225841589000,-0.0002522254,0.044186648,-0.002083656,0.0,0.0,-0.49138322,0
1777225841613000,-0.0037212102,-0.013540355,-0.0016985959,0.0,0.0,-0.4916521,0
1777225841633000,-0.0031505658,-0.014041317,-0.001455069,0.0,0.0,-0.49163443,0
1777225841653000,-0.0026229285,-0.015588863,-0.0016215122,0.0,0.0,-0.49163684,0
1777225841669000,-0.0013021242,0.04015041,-0.0017104447,0.0,0.0,-0.49136785,0
1777225841693000,-0.004105649,-0.015879365,-0.0013093702,0.0,0.0,-0.49166447,0
1777225841709000,-0.0050433334,0.039775155,-0.0014853477,0.0,0.0,-0.4913917,0
1777225841733000,-0.0054914,-0.016939716,-0.0012655281,0.0,0.0,-0.491637,0
1777225841749000,-0.005018815,0.040824097,-0.0017105588,0.0,0.0,-0.4914679,0
1777225841769000,-0.004187546,-0.014988446,-0.0014351658,0.0,0.0,-0.49171305,0
1777225841789000,-0.0035157679,0.04002309,-0.0013699634,0.0,0.0,-0.49141878,0
1777225841813000,-0.0028062582,-0.015877461,-0.0008038245,0.0,0.0,-0.49160168,0
1777225841829000,-0.0025210457,0.0374111,-0.0007823012,0.0,0.0,-0.49123335,0
1777225841853000,-0.0024790752,-0.020374455,-0.0004899842,0.0,0.0,-0.49143708,0
1777225841869000,-0.0023409124,0.03398247,-0.0007359949,0.0,0.0,-0.4911904,0
1777225841889000,0.0005519964,-0.020785568,-0.000352656,0.0,0.0,-0.4914682,0
1777225841913000,0.00031536928,-0.023162697,-0.00016503176,0.0,0.0,-0.49132964,0
1777225841933000,0.00089565496,-0.021162547,7.0769805e-05,0.0,0.0,-0.49135274,0
1777225841949000,0.0014467451,0.03295593,-1.1428259e-05,0.0,0.0,-0.49100888,0
1777225841973000,-0.0004589767,-0.021949075,0.0013067164,0.0,0.0,-0.49124858,0
1777225841989000,-4.9833106e-05,0.031552233,0.0012325111,0.0,0.0,-0.49102664,0
1777225842013000,0.0003034764,-0.02318738,0.0011304589,0.0,0.0,-0.49119517,0
1777225842033000,-0.000862225,-0.020828133,0.0009157243,0.0,0.0,-0.49111044,0
1777225842053000,-0.0027538454,-0.019474141,0.0005319747,0.0,0.0,-0.49107844,0
1777225842073000,-0.0025099097,-0.018820204,0.0004627891,0.0,0.0,-0.49116564,0
1777225842093000,-0.0039338544,-0.018363865,0.00075469865,0.0,0.0,-0.4911281,0
1777225842109000,-0.0049467813,0.036658846,0.0008313651,0.0,0.0,-0.49091673,0
1777225842129000,-0.0058675585,-0.016103122,0.00128166,0.0,0.0,-0.49106917,0
1777225842149000,-0.00542634,0.040359575,0.0012402008,0.0,0.0,-0.4908022,0
1777225842169000,-0.0046894047,0.052182134,0.0012404257,0.0,0.0,-0.4908789,0
1777225842189000,-0.0032896209,0.106598854,0.0012813048,0.0,0.0,-0.49073535,0
1777225842209000,-0.0030255923,0.11885955,0.0011712271,0.0,0.0,-0.49070016,0
1777225842229000,-0.0015380614,0.16798794,0.00094965054,0.0,0.0,-0.49068442,0
1777225842249000,-0.0044862484,0.17937796,0.0010825978,0.0,0.0,-0.49073103,0
1777225842269000,-0.003912029,0.22321607,0.0011265506,0.0,0.0,-0.49078777,0
1777225842289000,-0.0030270712,0.23454909,0.0009185504,0.0,0.0,-0.4908228,0
1777225842313000,-0.0012647985,0.26036158,0.0006445721,0.0,0.0,-0.4909938,0
1777225842329000,-0.0028761614,0.27770546,0.00014021294,0.0,0.0,-0.49124542,0
1777225842349000,-0.001991296,0.31059924,-0.00019986741,0.0,0.0,-0.49157342,0
1777225842369000,-0.002087389,0.31846416,6.5945555e-05,0.0,0.0,-0.49170378,0
1777225842389000,-0.0018098258,0.34305075,9.341445e-05,0.0,0.0,-0.492175,0
1777225842409000,-0.0044745286,0.35135737,-0.0001581246,0.0,0.0,-0.49243167,0
1777225842429000,-0.0028101306,0.37125728,-0.0004030401,0.0,0.0,-0.49301517,0
1777225842449000,-0.0025581743,0.3793843,-0.00048724608,0.0,0.0,-0.49333054,0
1777225842473000,-0.0039482275,0.3921339,-0.0007496984,0.0,0.0,-0.4937958,0
1777225842493000,-0.0029962752,0.39378592,-0.00095074903,0.0,0.0,-0.49400127,0
1777225842513000,-0.0030409493,0.41174838,-0.000910209,0.0,0.0,-0.49453726,0
1777225842529000,-0.0035912003,0.39823693,-0.00054792734,0.0,0.0,-0.49447215,0
1777225842549000,-0.0036506401,0.4063767,-0.00047648605,0.0,0.0,-0.49511632,0
1777225842569000,-0.0050901696,0.3523993,-0.00067200186,0.0,0.0,-0.49427858,0
1777225842589000,-0.005839096,0.35636467,-0.0010756808,0.0,0.0,-0.49476558,0
1777225842613000,-0.006082589,0.2964549,-0.0013923114,0.0,0.0,-0.4938649,0
1777225842633000,-0.0044357423,0.27451763,-0.0013031671,0.0,0.0,-0.49377635,0
1777225842649000,-0.0048217927,0.25641575,-0.0014097015,0.0,0.0,-0.49358785,0
1777225842669000,-0.0042209327,0.26429924,-0.0014059921,0.0,0.0,-0.494185,0
1777225842689000,-0.0025250288,0.21462472,-0.0012495038,0.0,0.0,-0.49335802,0
1777225842709000,-0.0023431377,0.22486354,-0.0012302687,0.0,0.0,-0.49394,0
1777225842733000,-0.0040507456,0.175802,-0.0011486183,0.0,0.0,-0.4933623,0
1777225842749000,-0.0028108987,0.1932271,-0.0010996195,0.0,0.0,-0.49404836,0
1777225842769000,-0.0030888969,0.14928803,-0.0025828867,0.0,0.0,-0.4935923,0
1777225842793000,-0.0019629414,0.1345892,-0.0011311108,0.0,0.0,-0.49363208,0
1777225842809000,-0.0010151913,0.12491942,-0.0012621675,0.0,0.0,-0.49368337,0
1777225842833000,-0.004418015,0.110345915,-0.0014229161,0.0,0.0,-0.4937461,0
1777225842849000,-0.003553656,0.10308777,-0.0014518648,0.0,0.0,-0.4936757,0
1777225842873000,-0.0024656367,0.09368215,-0.0011015525,0.0,0.0,-0.49370858,0
1777225842889000,-0.0028295463,0.08570424,-0.0010226239,0.0,0.0,-0.49381304,0
1777225842909000,-0.0018913904,0.108004645,-0.0011408897,0.0,0.0,-0.49453837,0
1777225842929000,-0.0026094744,0.07434954,-0.0011743824,0.0,0.0,-0.4941176,0
1777225842953000,-0.0032833773,0.066189766,-0.0014720256,0.0,0.0,-0.49416813,0
1777225842969000,-0.0010527018,0.06270194,-0.0019268501,0.0,0.0,-0.4942743,0
1777225842993000,-2.178573e-05,0.05751641,-0.0014172867,0.0,0.0,-0.4944456,0
1777225843013000,-5.614967e-05,0.052190047,-0.0012577409,0.0,0.0,-0.49457437,0
1777225843029000,0.0028018719,0.07613819,-0.0013983808,0.0,0.0,-0.4951891,0
1777225843049000,0.0028598155,0.04481715,-0.001942127,0.0,0.0,-0.4947336,0
1777225843069000,0.0019152325,0.06612495,-0.0018845259,0.0,0.0,-0.4954708,0
1777225843089000,0.002609213,0.03958379,-0.0014395239,0.0,0.0,-0.49510115,0
1777225843113000,0.0028867838,0.03556878,-0.0011231964,0.0,0.0,-0.49528822,0
1777225843129000,0.0023169045,0.032884177,-0.00093653705,0.0,0.0,-0.49542153,0
1777225843153000,0.00060532195,0.028669465,-0.0006231498,0.0,0.0,-0.49554032,0
1777225843169000,-6.78373e-05,0.026303338,-0.00057253754,0.0,0.0,-0.49558643,0
1777225843189000,-0.001564556,0.047619157,-0.0009687748,0.0,0.0,-0.49630976,0
1777225843213000,-0.00035054563,0.021599816,-0.0010744259,0.0,0.0,-0.49590617,0
1777225843229000,0.00030313781,0.042588253,-0.0009265593,0.0,0.0,-0.49654934,0
1777225843253000,0.0006546262,0.015318007,-0.000987296,0.0,0.0,-0.49629977,0
1777225843273000,0.0015104965,0.015446703,-0.00051742373,0.0,0.0,-0.4963854,0
1777225843293000,0.00048862514,0.014219631,-0.00039555598,0.0,0.0,-0.49641585,0
1777225843313000,1.6154023e-05,0.011046971,-0.00026100175,0.0,0.0,-0.49656537,0
1777225843329000,9.184773e-05,0.009096442,-0.00019622315,0.0,0.0,-0.49663463,0
1777225843353000,0.0001667228,0.0070811207,-1.1177268e-05,0.0,0.0,-0.4965843,0
1777225843373000,0.00013971189,0.006145238,-3.0350406e-05,0.0,0.0,-0.49657908,0
1777225843389000,0.00040095975,0.027895557,-0.00017999671,0.0,0.0,-0.49714354,0
1777225843409000,-0.0019808642,0.004309357,-0.0002897093,0.0,0.0,-0.4967495,0
1777225843433000,-0.000799153,0.0023985747,-0.0005974574,0.0,0.0,-0.49683672,0
1777225843453000,0.0011126087,-0.0002953419,-2.8401148e-05,0.0,0.0,-0.4969185,0
1777225843473000,0.0011653386,-0.0012048151,-0.00018164283,0.0,0.0,-0.49707723,0
1777225843493000,-0.00057885284,-0.0044517578,-0.00036267936,0.0,0.0,-0.4970207,0
1777225843513000,-0.0007967828,-0.006547208,-0.000744747,0.0,0.0,-0.4969204,0
1777225843529000,-0.00162786,-0.007322339,-0.001254889,0.0,0.0,-0.4967424,0
1777225843549000,-0.0019026219,0.009919636,-0.0010672286,0.0,0.0,-0.49715188,0
1777225843573000,-0.0010721853,-0.014220068,-0.00086647784,0.0,0.0,-0.49672484,0
1777225843589000,-0.00036564167,0.0054099355,-0.0007765675,0.0,0.0,-0.49714556,0
1777225843609000,-0.0003613189,-0.0150913345,-0.0020432775,0.0,0.0,-0.49675938,0
1777225843629000,0.00057261926,0.0013802036,-0.0018039265,0.0,0.0,-0.49712482,0
1777225843649000,0.00032532797,-0.019294335,-0.0005594436,0.0,0.0,-0.49665868,0
1777225843669000,0.00046871533,-0.0013478658,-0.0006230194,0.0,0.0,-0.4970443,0
1777225843689000,0.00092077395,-0.022826241,-0.00088649197,0.0,0.0,-0.49653655,0
1777225843709000,0.00088639767,-0.006481328,-0.0009028977,0.0,0.0,-0.49697882,0
1777225843733000,0.0022841808,-0.027364671,-0.0009436561,0.0,0.0,-0.49655125,0
1777225843749000,0.0009671876,-0.011885487,-0.0009914455,0.0,0.0,-0.4968679,0
1777225843769000,-0.0012359747,-0.032943986,-0.0010414873,0.0,0.0,-0.49656224,0
1777225843789000,-0.0014536071,-0.015448837,-0.0007938305,0.0,0.0,-0.49691933,0
1777225843813000,0.0005033082,-0.037276607,-0.0012846105,0.0,0.0,-0.49656367,0
1777225843829000,0.0005959489,-0.02105094,-0.0010667772,0.0,0.0,-0.4969157,0
1777225843853000,0.0007770058,-0.040527258,-0.0013400296,0.0,0.0,-0.49637473,0
1777225843873000,0.0010493477,-0.04518605,-0.0013355939,0.0,0.0,-0.4962257,0
1777225843889000,0.0009860457,-0.047287416,-0.0012737652,0.0,0.0,-0.49623218,0
1777225843909000,0.0011656121,-0.029773317,-0.0012468765,0.0,0.0,-0.49648014,0
1777225843929000,0.0017520722,-0.04901177,-0.0015797245,0.0,0.0,-0.49605858,0
1777225843949000,0.0011304393,-0.03325449,-0.001537266,0.0,0.0,-0.4964442,0
1777225843969000,0.0002954235,-0.051602274,-0.0035234375,0.0,0.0,-0.49615613,0
1777225843993000,-0.0011785617,-0.05352149,-0.002102213,0.0,0.0,-0.49614236,0
1777225844009000,-0.00068267994,-0.053132683,-0.0032012362,0.0,0.0,-0.49624875,0
1777225844029000,-0.0011531031,-0.03849805,-0.0027087545,0.0,0.0,-0.4965313,0
1777225844053000,-0.00021680826,-0.05712313,-0.0027476093,0.0,0.0,-0.49604392,0
1777225844069000,0.00070918846,-0.04075511,-0.0025167575,0.0,0.0,-0.4962079,0
1777225844089000,-0.0005823446,-0.057917587,-0.0032860166,0.0,0.0,-0.49583822,0
1777225844109000,-7.008764e-05,-0.042575963,-0.003236063,0.0,0.0,-0.49611992,0
1777225844133000,-0.0023809625,-0.058734365,-0.0038168163,0.0,0.0,-0.4958554,0
1777225844153000,-0.002502201,-0.06253172,-0.0017392901,0.0,0.0,-0.49591506,0
1777225844169000,-0.0010892685,-0.064234115,-0.0038212603,0.0,0.0,-0.49593267,0
1777225844193000,0.00037025544,-0.06764202,-0.00093626324,0.0,0.0,-0.4958529,0
1777225844209000,0.0004122146,-0.070020996,-0.0022756099,0.0,0.0,-0.49576756,0
1777225844229000,0.0015088752,-0.056589805,-0.0018659325,0.0,0.0,-0.4958438,0
1777225844249000,0.0032140191,-0.07243979,-0.0018426183,0.0,0.0,-0.49539274,0
1777225844269000,0.0028210157,-0.05765977,-0.0016951843,0.0,0.0,-0.49565184,0
1777225844289000,0.0031113422,-0.07381599,-0.0007832983,0.0,0.0,-0.4955542,0
1777225844309000,2.9107825e-05,-0.061756954,-0.0004119567,0.0,0.0,-0.49572977,0
1777225844333000,-0.0006677572,-0.075437635,-0.0010845487,0.0,0.0,-0.4956035,0
1777225844353000,-0.0025060552,-0.07782605,-0.00040029394,0.0,0.0,-0.49545875,0
1777225844369000,-0.002115286,-0.077463664,-0.0009164392,0.0,0.0,-0.4954484,0
1777225844389000,-0.0021743185,-0.0662161,-0.00053141464,0.0,0.0,-0.49556425,0
1777225844409000,-0.00047285206,-0.08250533,-0.0013397922,0.0,0.0,-0.49538493,0
1777225844429000,-0.001432383,-0.06786452,-0.0011017707,0.0,0.0,-0.49552226,0
1777225844449000,-0.000994308,-0.08377802,-0.0016948027,0.0,0.0,-0.49526396,0
1777225844469000,-0.00036725216,-0.07039948,-0.0022200106,0.0,0.0,-0.4953597,0
1777225844489000,-0.0011074708,-0.085140206,-0.00052777305,0.0,0.0,-0.4951439,0
1777225844513000,-0.0016635126,-0.085446335,-0.00059476495,0.0,0.0,-0.49504277,0
1777225844529000,-0.0003632533,-0.084437154,-0.00064533483,0.0,0.0,-0.49511364,0
1777225844549000,0.00043103716,-0.07074355,-0.0008451175,0.0,0.0,-0.49534532,0
1777225844569000,0.00037201832,-0.085625455,-0.0008783201,0.0,0.0,-0.49507478,0
1777225844589000,4.4846907e-05,-0.07401632,-0.0009072069,0.0,0.0,-0.49530983,0
1777225844609000,-0.0011430685,-0.08575933,-0.0008108979,0.0,0.0,-0.4951652,0
1777225844629000,-0.00031885155,-0.0735719,-0.0003342554,0.0,0.0,-0.4951604,0
1777225844649000,0.001766202,-0.08765022,-0.00024213828,0.0,0.0,-0.49473396,0
1777225844669000,0.0025127262,-0.07565698,-0.00025567878,0.0,0.0,-0.4947197,0
1777225844689000,0.0037404192,-0.089560665,0.0015874909,0.0,0.0,-0.49462685,0
1777225844709000,0.0035808631,-0.0784034,0.0016265765,0.0,0.0,-0.49470168,0
1777225844729000,0.0038418358,-0.090110265,0.0032072074,0.0,0.0,-0.4944911,0
1777225844749000,0.002392222,-0.07848272,0.0035540683,0.0,0.0,-0.4944919,0
1777225844773000,0.0010615833,-0.09102755,0.0023291276,0.0,0.0,-0.49427176,0
1777225844793000,-0.0032906637,-0.09203645,0.0037819697,0.0,0.0,-0.49421293,0
1777225844809000,-0.0019079298,-0.08890047,0.0050025196,0.0,0.0,-0.49419174,0
1777225844829000,-0.0026566163,-0.077714674,0.0049992125,0.0,0.0,-0.49416214,0
1777225844849000,-0.0030715158,-0.090319835,0.005294151,0.0,0.0,-0.49393943,0
1777225844869000,-0.00271359,-0.079396226,0.005548534,0.0,0.0,-0.49409047,0
1777225844893000,-0.000752429,-0.091025375,0.007014823,0.0,0.0,-0.49389616,0
1777225844913000,0.00013285219,-0.08977132,0.005777131,0.0,0.0,-0.49374604,0
1777225844933000,0.0016361066,-0.08965278,0.0072349347,0.0,0.0,-0.49362165,0
1777225844949000,0.00077156536,-0.08131935,0.0067225867,0.0,0.0,-0.49357918,0
1777225844969000,-0.0016715265,-0.09091574,0.007135538,0.0,0.0,-0.49326533,0
1777225844989000,-0.0015974079,-0.07850342,0.007166938,0.0,0.0,-0.49333587,0
1777225845013000,0.00033233027,-0.088714756,0.007893263,0.0,0.0,-0.49325237,0
1777225845029000,0.00088484754,-0.079431474,0.0075295963,0.0,0.0,-0.4932127,0
1777225845053000,0.00052690704,-0.08892558,0.0075925374,0.0,0.0,-0.49313843,0
1777225845073000,0.0017902132,-0.089836225,0.006408102,0.0,0.0,-0.4929368,0
1777225845089000,0.002158043,-0.08986895,0.004044626,0.0,0.0,-0.49303046,0
1777225845109000,0.0012769992,-0.07884755,0.003887225,0.0,0.0,-0.4930343,0
1777225845129000,0.0014870316,-0.08708142,0.0038902173,0.0,0.0,-0.492859,0
1777225845149000,0.0009240404,-0.077725865,0.0040169777,0.0,0.0,-0.4928677,0
1777225845169000,0.0013956381,-0.0887734,0.0034738323,0.0,0.0,-0.49262074,0
1777225845193000,0.0018793591,-0.088744015,0.0034322003,0.0,0.0,-0.49232912,0
1777225845209000,0.002047243,-0.087518565,0.0036294665,0.0,0.0,-0.49245846,0
1777225845233000,0.0012592706,-0.08727983,0.0030517005,0.0,0.0,-0.49243265,0
1777225845249000,0.0004370726,-0.08727394,0.0024947668,0.0,0.0,-0.49249747,0
1777225845269000,-0.00092961924,-0.07800658,0.0022072578,0.0,0.0,-0.49243313,0
1777225845289000,-0.00035052083,-0.08631834,0.0017844448,0.0,0.0,-0.49228254,0
1777225845309000,0.0002248332,-0.077041455,0.0014452445,0.0,0.0,-0.4923266,0
1777225845329000,0.002812148,-0.08593341,0.0012206072,0.0,0.0,-0.4922302,0
1777225845353000,0.0013560406,-0.0838854,0.0007994599,0.0,0.0,-0.49218446,0
1777225845373000,0.0012433771,-0.08136545,0.00076938653,0.0,0.0,-0.49212465,0
1777225845389000,0.00051281165,-0.07352423,0.00069758995,0.0,0.0,-0.49193794,0
1777225845409000,0.0020092814,-0.080985904,0.00063169,0.0,0.0,-0.49176013,0
1777225845433000,0.0016579565,-0.08156325,0.00010658335,0.0,0.0,-0.49161604,0
1777225845453000,0.002320101,-0.079409815,5.09806e-06,0.0,0.0,-0.4915183,0
1777225845473000,0.001975729,-0.079262935,-0.00036847824,0.0,0.0,-0.49159217,0
1777225845489000,0.001527816,-0.07783026,-0.0008466984,0.0,0.0,-0.49150333,0
1777225845509000,0.0013161764,-0.069375575,-0.0010072906,0.0,0.0,-0.49148417,0
1777225845529000,0.0021031557,-0.077531755,-0.0008727885,0.0,0.0,-0.49145564,0
1777225845549000,0.0025683646,-0.06806161,-0.00160613,0.0,0.0,-0.4914963,0
1777225845569000,0.0020252531,-0.07489091,-0.0019897101,0.0,0.0,-0.4914294,0
1777225845589000,0.0025060738,-0.067528374,-0.001954154,0.0,0.0,-0.49150398,0
1777225845609000,0.0036240262,-0.073198736,-0.0015817969,0.0,0.0,-0.49148607,0
1777225845629000,0.0016003549,-0.06392473,-0.0018009483,0.0,0.0,-0.49150643,0
1777225845653000,0.002165872,-0.070435554,-0.0020799465,0.0,0.0,-0.49147475,0
1777225845673000,0.00071641966,-0.07033327,-0.0024102381,0.0,0.0,-0.4914665,0
1777225845693000,0.001859101,-0.068301335,-0.0021628747,0.0,0.0,-0.49144185,0
1777225845713000,0.002119949,-0.06765265,-0.0024097492,0.0,0.0,-0.49135816,0
1777225845729000,0.002836423,-0.06580291,-0.0025620358,0.0,0.0,-0.49133092,0
1777225845749000,0.0044094287,-0.057574935,-0.0022029649,0.0,0.0,-0.49134675,0
1777225845769000,0.004029023,-0.064993784,-0.002188303,0.0,0.0,-0.4912482,0
1777225845793000,0.0029973418,-0.061903212,-0.0025934586,0.0,0.0,-0.49138942,0
1777225845809000,0.0033297096,-0.058878046,-0.0023677978,0.0,0.0,-0.49153328,0
1777225845829000,0.003195348,-0.051505566,-0.0021358165,0.0,0.0,-0.49159002,0
1777225845849000,0.003275983,-0.058390304,-0.0022031246,0.0,0.0,-0.49165326,0
1777225845869000,0.0037494274,-0.05281355,-0.002006996,0.0,0.0,-0.49156556,0
1777225845889000,0.0053249956,-0.055934116,-0.0019052271,0.0,0.0,-0.49148044,0
1777225845909000,0.0052044205,-0.04816427,-0.0019121864,0.0,0.0,-0.49146634,0
1777225845929000,0.0038869262,-0.05417596,-0.0017200019,0.0,0.0,-0.49134606,0
1777225845953000,0.002170486,-0.050753985,-0.0012999172,0.0,0.0,-0.49141762,0
1777225845973000,0.001174848,-0.047719024,-0.0011953777,0.0,0.0,-0.49139813,0
1777225845993000,0.0017071114,-0.045963086,-0.0009747008,0.0,0.0,-0.49130654,0
1777225846009000,0.00032871,-0.045396574,-0.00067647407,0.0,0.0,-0.49129468,0
1777225846029000,0.00069950125,-0.04032234,-0.00030708965,0.0,0.0,-0.49139047,0
1777225846049000,0.00041630573,-0.042502046,-3.44282e-05,0.0,0.0,-0.49141413,0
1777225846069000,0.0006300899,-0.035492003,-0.00014611939,0.0,0.0,-0.49146232,0
1777225846093000,4.122345e-05,-0.039912213,0.00016389089,0.0,0.0,-0.4915625,0
1777225846109000,-0.0014215624,-0.031966865,7.556798e-05,0.0,0.0,-0.49156967,0
1777225846129000,0.0003926759,-0.035497364,1.0844786e-05,0.0,0.0,-0.4914511,0
1777225846153000,-0.0037443312,-0.03562972,-9.189872e-05,0.0,0.0,-0.49141032,0
1777225846169000,-0.005652072,-0.03451042,0.0003840169,0.0,0.0,-0.49139094,0
1777225846189000,-0.004284881,-0.029517451,0.0005006301,0.0,0.0,-0.49138072,0
1777225846209000,-0.002840163,-0.03270392,0.00066605955,0.0,0.0,-0.491475,0
1777225846229000,-0.0019871662,-0.028566726,0.0006183516,0.0,0.0,-0.49143228,0
1777225846249000,-0.0024855775,-0.028838865,0.00071636867,0.0,0.0,-0.49139535,0
1777225846273000,-0.0031509458,-0.027195742,0.0011507599,0.0,0.0,-0.49133304,0
1777225846289000,-0.002543912,-0.025775606,0.0015269732,0.0,0.0,-0.49128103,0
1777225846309000,-0.004212695,-0.020505462,0.0012314324,0.0,0.0,-0.49124122,0
1777225846329000,-0.0034133142,-0.025691422,0.0011556526,0.0,0.0,-0.4912065,0
1777225846349000,-0.0031831195,-0.020844333,0.0009875535,0.0,0.0,-0.4910598,0
1777225846373000,-0.0031502256,-0.02314263,0.0012038038,0.0,0.0,-0.49096522,0
1777225846393000,-0.004888147,-0.02084992,0.0012454228,0.0,0.0,-0.49086073,0
1777225846409000,-0.004838098,-0.019556021,0.0010815253,0.0,0.0,-0.4908023,0
1777225846433000,-0.0031649745,-0.0155705195,0.0013197293,0.0,0.0,-0.49049976,0
1777225846453000,-0.0030067295,-0.011992253,0.0010636332,0.0,0.0,-0.49043483,0
1777225846469000,-0.003864786,-0.008574351,0.00090976246,0.0,0.0,-0.49035004,0
1777225846489000,-0.0030712713,-0.011891668,0.0009625945,0.0,0.0,-0.4903403,0
1777225846509000,-0.0019316362,-0.006064669,0.0010223892,0.0,0.0,-0.49016166,0
1777225846529000,-0.002083301,-0.009317943,0.00083702384,0.0,0.0,-0.49025637,0
1777225846549000,-0.0014161647,-0.005726091,0.0009661997,0.0,0.0,-0.49012217,0
1777225846569000,-0.002178073,-0.008218975,0.00061339047,0.0,0.0,-0.49016526,0
1777225846589000,-0.001742513,-0.0036635918,0.00025120657,0.0,0.0,-0.49020308,0
1777225846609000,-0.0031465304,-0.0024934052,4.726136e-05,0.0,0.0,-0.49013916,0
1777225846629000,-0.0022341483,0.00067450997,-8.575432e-05,0.0,0.0,-0.49002692,0
1777225846649000,-0.0013753948,-0.001996058,-0.00025341008,0.0,0.0,-0.48990747,0
1777225846669000,-6.6177025e-05,0.0015914645,-0.00065284176,0.0,0.0,-0.48983055,0
1777225846689000,-0.0009080434,-0.0029146145,-0.0006701797,0.0,0.0,-0.49008083,0
1777225846713000,-0.002192556,-0.0010689104,-0.00064439606,0.0,0.0,-0.48996732,0
1777225846729000,-0.002043917,3.8231363e-05,-0.0005164654,0.0,0.0,-0.48996305,0
1777225846749000,-0.0015019242,0.0032454687,-0.0007030987,0.0,0.0,-0.49004003,0
1777225846769000,0.00036862167,0.00024117758,-0.0011120159,0.0,0.0,-0.4900177,0
1777225846789000,0.0010815241,0.0029129018,-0.0013233377,0.0,0.0,-0.489981,0
1777225846809000,0.0016874253,0.0015130796,-0.00096715475,0.0,0.0,-0.49006858,0
1777225846833000,0.0012854609,0.0026017528,-0.0012715682,0.0,0.0,-0.49000046,0
1777225846849000,0.0010876149,0.0035347699,-0.0013033072,0.0,0.0,-0.48996276,0
1777225846869000,0.0007840976,0.0076583987,-0.0014178832,0.0,0.0,-0.4900875,0
1777225846893000,0.002478281,0.0044758515,-0.0015367293,0.0,0.0,-0.49003643,0
1777225846909000,0.0020919952,0.005748007,-0.0015937663,0.0,0.0,-0.4899132,0
1777225846929000,0.0011628247,0.0027306173,-0.001599689,0.0,0.0,-0.48995978,0
1777225846949000,0.0010744589,0.0071955803,-0.0017864234,0.0,0.0,-0.48997205,0
1777225846969000,0.00083365623,0.0054221624,-0.0017613568,0.0,0.0,-0.4902171,0
1777225846993000,0.0011761443,0.0056023137,-0.001592068,0.0,0.0,-0.49031067,0
1777225847013000,0.0003333126,0.0070648855,-0.0015097624,0.0,0.0,-0.4903046,0
1777225847029000,-0.0006750959,0.010205002,-0.0011991458,0.0,0.0,-0.4903372,0
1777225847053000,-0.0016519998,0.007043544,-0.0011154027,0.0,0.0,-0.49037376,0
1777225847073000,-0.0006801548,0.0077331355,-0.0012995489,0.0,0.0,-0.4903835,0
1777225847093000,-0.00095361646,0.007023874,-0.0014655683,0.0,0.0,-0.4902777,0
1777225847113000,-0.0013877045,0.010454986,-0.0015547452,0.0,0.0,-0.49021634,0
1777225847133000,-0.0034531767,0.011893386,-0.0013350528,0.0,0.0,-0.49028695,0
1777225847153000,-0.0043232865,0.0117286,-0.0009805127,0.0,0.0,-0.49026835,0
1777225847169000,-0.0018755054,0.011425175,-0.0012192316,0.0,0.0,-0.49025202,0
1777225847189000,-0.001927596,0.012369363,-0.0013135425,0.0,0.0,-0.4903119,0
1777225847213000,-0.0016372566,0.0077027986,-0.0010694778,0.0,0.0,-0.49025023,0
1777225847229000,-0.0026668683,0.01141986,-0.0009181299,0.0,0.0,-0.4902108,0
1777225847253000,-0.002593536,0.0101476805,-0.00088320626,0.0,0.0,-0.49020597,0
1777225847269000,-0.0029060047,0.013159427,-0.00087713683,0.0,0.0,-0.4900927,0
1777225847289000,-0.0004415601,0.011833196,-0.00085241906,0.0,0.0,-0.49018306,0
1777225847309000,-0.0013656587,0.014063518,-0.00020911172,0.0,0.0,-0.49014807,0
1777225847333000,-0.00018427266,0.011260503,-0.0002101874,0.0,0.0,-0.49021435,0
1777225847349000,-0.000390362,0.014220252,-9.409245e-05,0.0,0.0,-0.49036956,0
1777225847373000,-0.0003238301,0.014059002,0.0003445265,0.0,0.0,-0.49029505,0
1777225847389000,0.0006809208,0.014808687,0.00051714014,0.0,0.0,-0.49036002,0
1777225847409000,-6.77146e-05,0.0130263185,0.0008524582,0.0,0.0,-0.4903498,0
1777225847429000,-7.606769e-05,0.014945014,0.0010218904,0.0,0.0,-0.49036747,0
1777225847449000,-0.0017518442,0.013252334,0.0007198402,0.0,0.0,-0.49033713,0
1777225847469000,-0.0016770135,0.014136029,0.00032794802,0.0,0.0,-0.49018413,0
1777225847489000,-0.00039000047,0.01454236,9.0285204e-05,0.0,0.0,-0.490019,0
1777225847509000,-0.0007605114,0.015176307,0.00016965065,0.0,0.0,-0.48998109,0
1777225847529000,0.001031787,0.013991561,-1.9003637e-06,0.0,0.0,-0.4900172,0
1777225847549000,-0.002443922,0.017233666,3.5556033e-05,0.0,0.0,-0.49005666,0
1777225847569000,-0.001320941,0.014961624,0.00010924321,0.0,0.0,-0.49009693,0
1777225847589000,-0.0021112252,0.0149209015,5.9970655e-05,0.0,0.0,-0.49001476,0
1777225847609000,-0.0032283408,0.014689058,0.00035696523,0.0,0.0,-0.48990053,0
1777225847633000,-0.002647115,0.012829666,0.00026429398,0.0,0.0,-0.48984134,0
1777225847649000,-0.0021998142,0.013389154,0.0006298516,0.0,0.0,-0.48982865,0
1777225847669000,-0.0008360938,0.015130912,0.0008293898,0.0,0.0,-0.48984978,0
1777225847689000,-0.0015860829,0.012690173,0.0009589372,0.0,0.0,-0.4898404,0
1777225847709000,-0.0035736249,0.013492486,0.0007102764,0.0,0.0,-0.4899127,0
1777225847733000,-0.0050306935,0.013589533,0.00065841246,0.0,0.0,-0.48981526,0
1777225847753000,-0.005128393,0.012102993,0.0008768141,0.0,0.0,-0.4896493,0
1777225847769000,-0.004491452,0.012276394,0.00085298624,0.0,0.0,-0.48962915,0
1777225847793000,-0.00520566,0.01037251,0.0010198858,0.0,0.0,-0.4895935,0
1777225847813000,-0.0050390027,0.011173771,0.0010273829,0.0,0.0,-0.48962873,0
1777225847829000,-0.0042257453,0.012452077,0.0010583168,0.0,0.0,-0.48976207,0
1777225847849000,-0.002619523,0.0100008,0.0009764512,0.0,0.0,-0.48971796,0
1777225847869000,-0.002180166,0.010981682,0.0012074742,0.0,0.0,-0.48967642,0
1777225847889000,-0.0043189162,0.011368719,0.0012900569,0.0,0.0,-0.48985586,0
1777225847909000,-0.0041960003,0.011975685,0.0013096407,0.0,0.0,-0.4898309,0
1777225847929000,-0.0030371028,0.011037431,0.0015843394,0.0,0.0,-0.4899315,0
1777225847949000,-0.0023566373,0.010942493,0.0016380777,0.0,0.0,-0.48993963,0
1777225847969000,-0.0035229826,0.012610827,0.0012457096,0.0,0.0,-0.48999205,0
1777225847989000,-0.003050418,0.014864985,0.0012287432,0.0,0.0,-0.49011424,0
1777225848013000,-0.0030615055,0.0131383445,0.001359412,0.0,0.0,-0.4900535,0
1777225848033000,-0.0014355574,0.0121607175,0.0014620349,0.0,0.0,-0.49008456,0
1777225848053000,-0.00048687958,0.012379337,0.0016005007,0.0,0.0,-0.48999828,0
1777225848073000,-0.0016309464,0.011657504,0.0016695037,0.0,0.0,-0.48994035,0
1777225848089000,-0.0031809423,0.013409415,0.0015110206,0.0,0.0,-0.48991495,0
1777225848109000,-0.0020804554,0.015611709,0.0016225651,0.0,0.0,-0.48985073,0
1777225848129000,-0.0004801434,0.011861431,0.001370912,0.0,0.0,-0.48983428,0
1777225848153000,-0.0036029876,0.010558072,0.0014528362,0.0,0.0,-0.48993084,0
1777225848169000,-0.0031729145,0.01174275,0.0014943378,0.0,0.0,-0.48975617,0
1777225848189000,-0.0023315563,0.013303272,0.0011233888,0.0,0.0,-0.4897646,0
1777225848209000,-0.0034294715,0.011429367,0.00081321876,0.0,0.0,-0.4897734,0
1777225848229000,-0.0036751088,0.010550729,0.0006851838,0.0,0.0,-0.48980054,0
1777225848253000,-0.0029264796,0.008944914,0.00017154776,0.0,0.0,-0.48987004,0
1777225848273000,-0.0034580706,0.007677996,-0.00011590263,0.0,0.0,-0.4898774,0
1777225848289000,-0.004588569,0.008526984,-0.00031121634,0.0,0.0,-0.48994774,0
1777225848309000,-0.0038998579,0.010081331,-0.00034864014,0.0,0.0,-0.49002394,0
1777225848333000,-0.002999563,0.008212535,-0.0003598109,0.0,0.0,-0.49010104,0
1777225848349000,-0.0017065129,0.008628874,-0.00022836635,0.0,0.0,-0.4901439,0
1777225848369000,-0.0012865127,0.00789286,-0.0006397511,0.0,0.0,-0.49021763,0
1777225848389000,-0.00091442466,0.009522961,-0.000688137,0.0,0.0,-0.49024907,0
1777225848409000,-0.0015165712,0.009768339,-0.0006053718,0.0,0.0,-0.49035817,0
1777225848429000,-0.0020435594,0.01014476,-0.00074148737,0.0,0.0,-0.4903627,0
1777225848453000,-0.0008913245,0.007832787,-0.0007978757,0.0,0.0,-0.49031702,0
1777225848469000,0.00037966546,0.008940875,-0.000813473,0.0,0.0,-0.4904896,0
1777225848493000,0.0006747386,0.0068289638,-0.0007318943,0.0,0.0,-0.4904401,0
1777225848509000,0.00037132483,0.008235253,-0.00085060997,0.0,0.0,-0.4903988,0
1777225848529000,0.0022710739,0.007184823,-0.00086944737,0.0,0.0,-0.49043554,0
1777225848549000,0.0020175166,0.008255622,-0.00041328836,0.0,0.0,-0.4904448,0
1777225848573000,3.573994e-05,0.0043820348,-0.000657754,0.0,0.0,-0.49042633,0
1777225848589000,0.0006760464,0.006961678,-0.00041320035,0.0,0.0,-0.49044418,0
1777225848609000,0.00031262363,0.0050592786,-0.0008809897,0.0,0.0,-0.4902997,0
1777225848633000,-0.00025371104,0.0021500902,-0.0006808322,0.0,0.0,-0.49041218,0
1777225848653000,0.0001989071,0.0040548686,-0.0006292714,0.0,0.0,-0.49047434,0
1777225848669000,-0.0009781136,0.0037395551,-0.0010148105,0.0,0.0,-0.49048975,0
1777225848689000,-6.534712e-06,0.0022221506,-0.0012100069,0.0,0.0,-0.49050292,0
1777225848709000,-0.0019615907,0.0038255607,-0.0011951169,0.0,0.0,-0.49049264,0
1777225848729000,-0.0022786506,0.0014466527,-0.0012768619,0.0,0.0,-0.49043256,0
1777225848749000,-0.0029328922,0.004381742,-0.0012872894,0.0,0.0,-0.49044722,0
1777225848769000,-0.0031290823,0.0042967205,-0.0014786068,0.0,0.0,-0.49043533,0
1777225848789000,-0.0033330405,0.0074244617,-0.001485514,0.0,0.0,-0.49047163,0
1777225848813000,-0.0019694718,0.0036550649,-0.0019438276,0.0,0.0,-0.49044326,0
1777225848829000,-0.002800557,0.0039628106,-0.0020264168,0.0,0.0,-0.49035567,0
1777225848849000,-0.004007405,0.004516066,-0.0021619522,0.0,0.0,-0.49041772,0
1777225848873000,-0.003975112,7.353457e-05,-0.0020471676,0.0,0.0,-0.4904022,0
1777225848889000,-0.0023585446,-0.00085787015,-0.0020617414,0.0,0.0,-0.49037862,0
1777225848913000,-0.0026638862,-2.6586395e-05,-0.0016215383,0.0,0.0,-0.49054608,0
1777225848929000,-0.0030425882,0.0022591248,-0.0014256607,0.0,0.0,-0.49056095,0
1777225848953000,-0.0031229337,0.0009932149,-0.0013932339,0.0,0.0,-0.49056962,0
1777225848969000,-0.003962646,0.0021745088,-0.0007492518,0.0,0.0,-0.4906307,0
1777225848993000,-0.004021397,0.0008000416,-0.0006130873,0.0,0.0,-0.49083444,0
1777225849009000,-0.0044150795,-0.00042070902,-0.0005581365,0.0,0.0,-0.49080157,0
1777225849029000,-0.0038073845,0.0007112661,-0.0004153289,0.0,0.0,-0.4906452,0
1777225849053000,-0.0024909708,0.00019512128,-0.00024596835,0.0,0.0,-0.49053028,0
1777225849073000,-0.001921146,-0.0024387361,-0.00018552179,0.0,0.0,-0.4905677,0
1777225849089000,0.00033579778,-0.0010938921,0.00027989782,0.0,0.0,-0.49061376,0
1777225849109000,-3.5155885e-05,3.293183e-05,0.00042937463,0.0,0.0,-0.4905734,0
1777225849129000,-0.00060138275,-0.00078628457,0.00010203943,0.0,0.0,-0.49056575,0
1777225849153000,0.0014893279,-0.00389394,0.00043861568,0.0,0.0,-0.49055484,0
1777225849173000,0.0018146785,-0.0019884384,0.0006565186,0.0,0.0,-0.49043018,0
1777225849193000,4.4794142e-05,-0.0033161917,0.0005444428,0.0,0.0,-0.490395,0
1777225849213000,-0.0021064181,-0.0010182137,0.0004047742,0.0,0.0,-0.49045813,0
1777225849229000,-0.0017314936,-0.00282234,0.0003972412,0.0,0.0,-0.49052972,0
1777225849249000,-0.00228218,-0.0024693727,-0.00012300536,0.0,0.0,-0.49046594,0
1777225849269000,-0.0013052205,-0.0028092298,-0.00025180308,0.0,0.0,-0.49057114,0
1777225849289000,-0.000869854,-0.0050722016,-0.0005647666,0.0,0.0,-0.49073324,0
1777225849309000,0.0004277357,-0.004082941,-0.00077233976,0.0,0.0,-0.4906904,0
1777225849329000,0.0007009172,-0.0055443076,-0.0007939609,0.0,0.0,-0.4904784,0
1777225849353000,0.0003659552,-0.008921159,-0.00067902636,0.0,0.0,-0.4903794,0
1777225849369000,-0.0001676679,-0.005785357,-0.0008268766,0.0,0.0,-0.49011374,0
1777225849393000,-0.0005576486,-0.008548313,-0.0007298733,0.0,0.0,-0.49008834,0
1777225849409000,0.0007467086,-0.005247439,-0.0008354853,0.0,0.0,-0.48997253,0
1777225849433000,0.0021906095,-0.008850787,-0.0012490377,0.0,0.0,-0.48998815,0
1777225849449000,0.0009712274,-0.0068805735,-0.0010888074,0.0,0.0,-0.48989612,0
1777225849469000,0.0002502661,-0.0062383683,-0.0011933306,0.0,0.0,-0.48985535,0
1777225849489000,0.0007536744,-0.0075877714,-0.0014305077,0.0,0.0,-0.48989484,0
1777225849509000,0.0028849281,-0.009211821,-0.0013496168,0.0,0.0,-0.48993754,0
1777225849529000,0.0034865416,-0.0119376695,-0.0009930623,0.0,0.0,-0.4897992,0
1777225849549000,0.001678943,-0.010753086,-0.00078565534,0.0,0.0,-0.489804,0
1777225849569000,0.0012246522,-0.01140705,-0.00063557876,0.0,0.0,-0.48979193,0
1777225849589000,0.002124319,-0.009796295,-0.00032196334,0.0,0.0,-0.48964515,0
1777225849613000,0.0024006004,-0.010507703,-0.00022334,0.0,0.0,-0.4894255,0
1777225849629000,0.0022135475,-0.0089269215,-0.00039145863,0.0,0.0,-0.48930913,0
1777225849649000,0.0023490924,-0.01022104,-0.00030722655,0.0,0.0,-0.4893446,0
1777225849669000,0.0033232712,-0.008661625,-3.7009828e-05,0.0,0.0,-0.48940924,0
1777225849693000,0.0022813482,-0.008677393,0.0006089411,0.0,0.0,-0.4895272,0
1777225849709000,0.0008591955,-0.009129387,0.00086826086,0.0,0.0,-0.48954415,0
1777225849729000,0.001644093,-0.009148287,0.0010451088,0.0,0.0,-0.4895539,0
1777225849749000,0.0017728023,-0.007095112,0.0011814428,0.0,0.0,-0.48964182,0
1777225849769000,0.00071873626,-0.006517326,0.0017019273,0.0,0.0,-0.4895874,0
1777225849793000,0.00010678559,-0.011756121,0.0016478696,0.0,0.0,-0.48945606,0
1777225849809000,0.0010951017,-0.0091418605,0.0016023587,0.0,0.0,-0.4894672,0
1777225849829000,0.0009846005,-0.007453002,0.0019336771,0.0,0.0,-0.4896739,0
1777225849849000,0.00067509385,-0.0062461914,0.0017208657,0.0,0.0,-0.48978028,0
1777225849873000,-0.0011477207,-0.010739105,0.0013130503,0.0,0.0,-0.489952,0
1777225849889000,0.0001709102,-0.006623111,0.0010970542,0.0,0.0,-0.48987487,0
1777225849909000,0.0016246935,-0.0074526486,0.0006937403,0.0,0.0,-0.48994714,0
1777225849929000,-0.00035918137,-0.006101407,0.00025455747,0.0,0.0,-0.48992684,0
1777225849949000,-0.0011895493,-0.0056162095,-0.0001452621,0.0,0.0,-0.49002132,0
1777225849969000,-0.0017948223,-0.007925359,-0.00020594988,0.0,0.0,-0.48991004,0
1777225849993000,-0.004477547,-0.013548462,-0.00032772962,0.0,0.0,-0.48989704,0
1777225850009000,-0.0033543573,-0.0072829775,-0.00070967665,0.0,0.0,-0.4899615,0
1777225850029000,-0.0018586228,-0.005618766,-0.00046194484,0.0,0.0,-0.48994386,0
1777225850049000,-0.002294509,-0.0065035755,-0.000472744,0.0,0.0,-0.48996907,0
1777225850069000,-0.0018070289,-0.0059312475,-0.00042945612,0.0,0.0,-0.4899715,0
1777225850089000,-0.0003003042,-0.007983096,-0.00047401525,0.0,0.0,-0.48996738,0
1777225850109000,-7.346706e-05,-0.009058674,-0.0005219253,0.0,0.0,-0.49004528,0
1777225850133000,0.0017328657,-0.009052965,-0.00085570477,0.0,0.0,-0.49003658,0
1777225850149000,0.0014417559,-0.007501711,-0.0009567728,0.0,0.0,-0.49004626,0
1777225850169000,0.002325584,-0.008981863,-0.00069683045,0.0,0.0,-0.49000895,0
1777225850189000,0.0034824354,-0.007837799,-0.0008372781,0.0,0.0,-0.49000743,0
1777225850209000,0.0027031205,-0.009413123,-0.0006173183,0.0,0.0,-0.49002504,0
1777225850229000,0.0016953681,-0.00952049,-0.00053850375,0.0,0.0,-0.49007875,0
1777225850249000,0.0010632945,-0.0074854465,-0.00047172373,0.0,0.0,-0.49009168,0
1777225850273000,0.00017168847,-0.014876202,-0.00024181884,0.0,0.0,-0.489955,0
1777225850293000,0.00020253581,-0.0072569093,-0.00042840326,0.0,0.0,-0.48991236,0
1777225850309000,-0.0007220186,-0.0078849485,-0.00044543808,0.0,0.0,-0.4898009,0
1777225850333000,-0.0015642109,-0.010456524,-0.00029589934,0.0,0.0,-0.48976278,0
1777225850349000,-0.0011068458,-0.008932175,4.9953815e-05,0.0,0.0,-0.48991925,0
1777225850369000,-0.0014012861,-0.0099155735,-0.00052201,0.0,0.0,-0.4899906,0
1777225850389000,-0.0016080908,-0.008437856,-0.0005398565,0.0,0.0,-0.49008662,0
1777225850409000,-0.0022993805,-0.008397065,-0.0007820665,0.0,0.0,-0.49004668,0
1777225850429000,-0.0010398822,-0.00847957,-0.000687446,0.0,0.0,-0.48999476,0
1777225850449000,0.00027930216,-0.010605048,-0.00095214415,0.0,0.0,-0.49023235,0
1777225850469000,0.0017002941,-0.007817271,-0.0013012765,0.0,0.0,-0.49032488,0
1777225850489000,0.0028685255,-0.00715909,-0.0017781113,0.0,0.0,-0.49041545,0
1777225850513000,0.0018918588,-0.017279563,-0.0014758622,0.0,0.0,-0.49046275,0
1777225850533000,0.002882923,-0.006365058,-0.0017070188,0.0,0.0,-0.490403,0
1777225850549000,0.0016263908,-0.0075438507,-0.001411804,0.0,0.0,-0.49037787,0
1777225850569000,0.00056828494,-0.008690252,-0.0014250576,0.0,0.0,-0.4900932,0
1777225850593000,0.0009903956,-0.016780132,-0.0014851945,0.0,0.0,-0.49001515,0
1777225850613000,0.0015502153,-0.007494413,-0.0015927884,0.0,0.0,-0.49007687,0
1777225850629000,0.0024369047,-0.006786299,-0.0018466939,0.0,0.0,-0.4900802,0
1777225850649000,0.0023669053,-0.007927478,-0.0020069568,0.0,0.0,-0.49000388,0
1777225850669000,0.0032012903,-0.007614437,-0.0021259268,0.0,0.0,-0.48995176,0
1777225850689000,0.0025398636,-0.0073269866,-0.002375347,0.0,0.0,-0.48982692,0
1777225850713000,0.0057071643,-0.014967166,-0.0021409993,0.0,0.0,-0.48983148,0
1777225850733000,0.006427601,-0.0060141007,-0.002120255,0.0,0.0,-0.48975986,0
1777225850753000,0.0070216395,-0.014392576,-0.0016018893,0.0,0.0,-0.4897263,0
1777225850769000,0.006386466,-0.007250125,-0.0014362186,0.0,0.0,-0.48980144,0
1777225850789000,0.0069068936,-0.0076856213,-0.0016296939,0.0,0.0,-0.48974833,0
1777225850809000,0.006334009,-0.009545165,-0.001842238,0.0,0.0,-0.4897142,0
1777225850829000,0.0052219247,-0.008277776,-0.0016096178,0.0,0.0,-0.4897448,0
1777225850849000,0.005595374,-0.006229422,-0.0011212048,0.0,0.0,-0.48995712,0
1777225850869000,0.0055757393,-0.0059150495,-0.000930686,0.0,0.0,-0.4899533,0
1777225850889000,0.005112143,-0.006142619,-0.00087403366,0.0,0.0,-0.4900309,0
1777225850909000,0.002649344,-0.0061312527,-0.00055695325,0.0,0.0,-0.49009454,0
1777225850933000,0.0015252556,-0.0042839563,-0.0003100396,0.0,0.0,-0.4902127,0
1777225850953000,0.0006570863,-0.010821158,-0.00010701688,0.0,0.0,-0.49028385,0
1777225850969000,0.0024215055,-0.007427768,3.2625627e-05,0.0,0.0,-0.49024728,0
1777225850989000,0.0025119456,-0.00914732,2.3387838e-05,0.0,0.0,-0.49027985,0
1777225851009000,0.0040850863,-0.008184561,0.0002882327,0.0,0.0,-0.49042663,0
1777225851029000,0.002975379,-0.0068462724,0.0005476894,0.0,0.0,-0.4903618,0
1777225851053000,0.0017162652,-0.0054361797,0.0005158037,0.0,0.0,-0.49043512,0
1777225851069000,0.001922834,-0.005185597,0.0004443461,0.0,0.0,-0.49043703,0
1777225851093000,0.00080901163,-0.007050825,-0.000100386795,0.0,0.0,-0.49043766,0
1777225851113000,0.0009535652,-0.008190453,-4.790025e-05,0.0,0.0,-0.49061593,0
1777225851129000,0.0006976646,-0.0048951916,0.00025126524,0.0,0.0,-0.4907079,0
1777225851153000,0.0006361563,-0.009045869,0.00047852984,0.0,0.0,-0.49050784,0
1777225851173000,0.001485339,-0.0047528315,0.00048838696,0.0,0.0,-0.49057612,0
1777225851189000,0.0007771747,-0.0037157433,0.0005344716,0.0,0.0,-0.49056682,0
1777225851209000,0.0006953693,-0.0060625463,0.0008689356,0.0,0.0,-0.49039233,0
1777225851229000,-0.0008086722,-0.005240123,0.00071931863,0.0,0.0,-0.49031645,0
1777225851249000,-0.0013952717,-0.0054100244,0.00072871614,0.0,0.0,-0.49024177,0
1777225851269000,-0.0010117698,-0.007128178,0.00088548474,0.0,0.0,-0.4902554,0
1777225851293000,0.00060597877,-0.0046764864,0.001020717,0.0,0.0,-0.49018088,0
1777225851309000,0.00011266765,-0.0055128518,0.0010380908,0.0,0.0,-0.4900803,0
1777225851329000,0.00093646866,-0.00546846,0.00068680383,0.0,0.0,-0.4901154,0
1777225851349000,0.00056063413,-0.004478402,0.00057891663,0.0,0.0,-0.49008986,0
1777225851373000,-0.0007661695,-0.0056920275,0.00046146568,0.0,0.0,-0.4901444,0
1777225851389000,3.8297552e-05,-0.006649204,0.00072974944,0.0,0.0,-0.49020532,0
1777225851413000,-0.00050594093,-0.005143711,0.000337,0.0,0.0,-0.4903453,0
1777225851429000,-0.0012105992,-0.005390686,0.0004202444,0.0,0.0,-0.4903619,0
1777225851449000,0.00017808937,-0.006112266,0.00031962292,0.0,0.0,-0.49037665,0
1777225851469000,0.00056007726,-0.0038118474,0.00027219206,0.0,0.0,-0.4903561,0
1777225851493000,0.0024695287,-0.0031430472,-0.00016834028,0.0,0.0,-0.49037725,0
1777225851509000,0.0015696507,-0.003887745,-0.00029770518,0.0,0.0,-0.49032137,0
1777225851529000,0.002333034,-0.002418015,4.5481604e-05,0.0,0.0,-0.49024117,0
1777225851549000,0.0026059486,-0.0012364681,0.0003735209,0.0,0.0,-0.49026814,0
1777225851569000,0.0016097148,-0.0014672104,0.0005620285,0.0,0.0,-0.4902327,0
1777225851593000,0.0013473956,-0.0027924976,0.0004640962,0.0,0.0,-0.49029925,0
1777225851609000,0.0012859565,-0.0028544744,0.00037950557,0.0,0.0,-0.4904986,0
1777225851629000,-0.00023261581,-0.0024801486,0.00030960608,0.0,0.0,-0.49041095,0
1777225851653000,-0.0010934604,0.0016851054,0.0005060835,0.0,0.0,-0.4903474,0
1777225851669000,-0.0010171268,0.003567524,0.0006283424,0.0,0.0,-0.49026513,0
1777225851689000,-0.001866061,-9.820097e-05,0.0005914662,0.0,0.0,-0.49023995,0
1777225851713000,-0.0023015363,0.00064853067,0.00057579717,0.0,0.0,-0.49028745,0
1777225851729000,-0.0009529137,0.0024730754,0.00051192474,0.0,0.0,-0.49043107,0
1777225851749000,-0.00033850633,0.00037372246,0.00027260603,0.0,0.0,-0.4905057,0
1777225851769000,-0.0020330646,0.00054916384,4.5449007e-05,0.0,0.0,-0.49063978,0
1777225851789000,-0.0010335181,0.0016303468,6.1013736e-05,0.0,0.0,-0.49071857,0
1777225851813000,-0.00014427908,-0.00037879666,-0.0004249122,0.0,0.0,-0.4907635,0
1777225851829000,-0.0013424619,0.00048640123,-0.0005856934,0.0,0.0,-0.4907379,0
1777225851853000,-0.0002776375,0.00065709837,-0.0007802313,0.0,0.0,-0.4906567,0
1777225851873000,0.0008609047,0.00078963407,-0.0010560416,0.0,0.0,-0.49065462,0
1777225851893000,0.0006572986,0.0014862558,-0.00069699343,0.0,0.0,-0.49061275,0
1777225851909000,0.0011656261,0.0022488898,-0.0004449687,0.0,0.0,-0.4906123,0
1777225851929000,0.00061244424,0.0010005371,-0.00024210243,0.0,0.0,-0.49047443,0
1777225851949000,0.0008602833,0.0013397059,2.9776711e-05,0.0,0.0,-0.49049363,0
1777225851969000,0.0010584479,0.0013244001,-0.00024535228,0.0,0.0,-0.4904933,0
1777225851993000,-0.00075538765,0.0015616895,-0.00011115009,0.0,0.0,-0.490624,0
1777225852009000,-0.0003868783,0.0040589585,0.00021854183,0.0,0.0,-0.4905862,0
1777225852029000,0.00061828503,0.004476542,0.00070395274,0.0,0.0,-0.49056208,0
1777225852053000,0.0003940594,0.004135644,0.0004919693,0.0,0.0,-0.4906535,0
1777225852069000,-0.00088410033,0.002938022,0.000458193,0.0,0.0,-0.49059075,0
1777225852089000,-0.001699174,0.0027235756,0.00012307055,0.0,0.0,-0.4906011,0
1777225852109000,-0.0005749737,0.0050108233,3.6706682e-05,0.0,0.0,-0.4905345,0
1777225852129000,-7.669821e-05,0.002021027,-2.029771e-05,0.0,0.0,-0.49055207,0
1777225852149000,1.8309996e-05,0.0015984391,0.00020545768,0.0,0.0,-0.49061313,0
1777225852173000,-0.00012256304,0.0027076474,-0.00011574291,0.0,0.0,-0.49065033,0
1777225852193000,0.00087541173,0.0033670187,0.00033349916,0.0,0.0,-0.4905655,0
1777225852213000,0.0010688334,0.0039025845,0.00066985376,0.0,0.0,-0.49055308,0
1777225852229000,0.0022928072,0.0047933995,0.00068267714,0.0,0.0,-0.49051696,0
1777225852253000,0.0018182753,0.0035233044,0.0008120942,0.0,0.0,-0.49037272,0
1777225852273000,3.7723286e-05,0.0020291582,0.00039239088,0.0,0.0,-0.49025044,0
1777225852293000,-0.0011691648,0.0031354025,0.00047866674,0.0,0.0,-0.49014762,0
1777225852313000,-0.0010476736,0.0033785673,0.0007956852,0.0,0.0,-0.49014175,0
1777225852329000,0.00048781087,0.0040701833,0.0003267941,0.0,0.0,-0.49004623,0
1777225852353000,0.00026767122,0.0013036475,-0.00028697774,0.0,0.0,-0.49014178,0
1777225852369000,-0.0007712209,0.00175772,-0.0005216873,0.0,0.0,-0.49004614,0
1777225852389000,4.6555033e-05,0.0022814863,-0.0008974867,0.0,0.0,-0.4899326,0
1777225852409000,0.00013432288,0.0010630145,-0.0012095668,0.0,0.0,-0.49001107,0
1777225852429000,0.0013910648,-0.00017943887,-0.00077669136,0.0,0.0,-0.4900418,0
1777225852449000,0.0009936938,0.0010976256,-0.00049571786,0.0,0.0,-0.49012062,0
1777225852469000,0.00062762416,0.0006426604,-0.00017056009,0.0,0.0,-0.49011317,0
1777225852489000,0.0013983498,0.0004962456,-3.9995648e-05,0.0,0.0,-0.4900275,0
1777225852509000,0.0024341135,0.0018218072,-0.000421884,0.0,0.0,-0.49023074,0
1777225852529000,0.0010868649,-0.0006939416,2.2866298e-05,0.0,0.0,-0.49027216,0
1777225852549000,0.00055428623,0.0011099428,4.392676e-05,0.0,0.0,-0.4901794,0
1777225852569000,-0.0010702568,0.0035653557,0.00028059212,0.0,0.0,-0.49016395,0
1777225852589000,-9.50187e-05,0.005091034,0.00019989675,0.0,0.0,-0.4902571,0
1777225852609000,0.0004817358,0.0048842714,0.00022747647,0.0,0.0,-0.4902446,0
1777225852629000,0.00125088,0.0047184634,0.00017428584,0.0,0.0,-0.4903629,0
1777225852649000,0.0015068192,0.005813302,0.00021776604,0.0,0.0,-0.49044254,0
1777225852669000,-0.00058056426,0.0038897777,0.00055859284,0.0,0.0,-0.49039242,0
1777225852693000,0.00051558146,0.0014055056,0.0009250599,0.0,0.0,-0.49029276,0
1777225852709000,0.0016420665,0.0014496243,0.00080355396,0.0,0.0,-0.49053097,0
1777225852729000,0.002881403,0.0004023711,0.00091163674,0.0,0.0,-0.49048376,0
1777225852749000,0.00059097784,0.00014638412,0.0005329787,0.0,0.0,-0.49047714,0
1777225852769000,5.333405e-05,-0.00036354954,0.00032497523,0.0,0.0,-0.49042705,0
1777225852789000,-0.000364485,-0.0016077581,1.7957296e-05,0.0,0.0,-0.49051127,0
1777225852809000,-0.0021485332,-0.0003424163,0.00013984786,0.0,0.0,-0.4905225,0
1777225852833000,-0.0011209243,-0.0007185818,4.6850648e-05,0.0,0.0,-0.49068984,0
1777225852849000,-0.0016288036,-0.0010510605,-9.137718e-05,0.0,0.0,-0.49076506,0
1777225852873000,-0.0018223725,-0.0004261955,-0.00027265167,0.0,0.0,-0.49077696,0
1777225852889000,-0.002584479,-0.0013708399,-2.1735206e-05,0.0,0.0,-0.49079525,0
1777225852909000,-0.0026287013,-0.00094086264,-0.00041350676,0.0,0.0,-0.49074426,0
1777225852929000,-0.002442947,-0.0017652786,-0.00097217783,0.0,0.0,-0.49078068,0
1777225852949000,-0.0031694018,-0.0027840862,-0.0010071993,0.0,0.0,-0.49080586,0
1777225852969000,-0.0018189999,-0.00076277886,-0.0013451055,0.0,0.0,-0.49079993,0
1777225852989000,0.0008951642,-0.0009856276,-0.0012962925,0.0,0.0,-0.49087092,0
1777225853009000,0.0012373902,0.00032755447,-0.0015108185,0.0,0.0,-0.4907844,0
1777225853029000,-0.00011579348,0.0014976315,-0.0013371748,0.0,0.0,-0.4907289,0
1777225853049000,0.0001181144,0.00024455806,-0.0012441678,0.0,0.0,-0.49072504,0
1777225853073000,-0.0008279179,0.0014654765,-0.0013070069,0.0,0.0,-0.490756,0
1777225853089000,-0.0022308093,0.0027555563,-0.0015525809,0.0,0.0,-0.4906402,0
1777225853113000,-0.003841385,0.0033692247,-0.0010401215,0.0,0.0,-0.49066764,0
1777225853129000,-0.0044380426,0.0028815125,-0.0013047317,0.0,0.0,-0.4907431,0
1777225853149000,-0.0040145325,0.0030466751,-0.0011604573,0.0,0.0,-0.49076846,0
1777225853169000,-0.0025551808,0.001006943,-0.00095270807,0.0,0.0,-0.49098557,0
1777225853189000,-0.0034806211,0.0010942533,-0.0004974194,0.0,0.0,-0.49109718,0
1777225853213000,-0.004590769,0.0026377244,-0.00049178675,0.0,0.0,-0.49116167,0
1777225853233000,-0.0033530598,0.0006482964,-0.00020703208,0.0,0.0,-0.49105754,0
1777225853249000,-0.0033997719,-0.00025354282,-0.00026274892,0.0,0.0,-0.49110314,0
1777225853273000,-0.0023479974,-0.0012218991,-0.00046325848,0.0,0.0,-0.49111277,0
1777225853293000,-0.0010638749,-0.00058557134,-0.00058611715,0.0,0.0,-0.4909994,0
1777225853309000,-0.0029479826,4.5493005e-05,-0.00046241097,0.0,0.0,-0.49095812,0
1777225853329000,-0.0036303666,0.0008672553,-0.00065951096,0.0,0.0,-0.4910103,0
1777225853349000,-0.004312872,0.00036973905,-0.00050953217,0.0,0.0,-0.4909173,0
1777225853369000,-0.0033723193,0.0032119039,-0.0005372227,0.0,0.0,-0.49088827,0
1777225853389000,-0.0030765808,0.005294534,-0.00030219695,0.0,0.0,-0.49091163,0
1777225853409000,-0.00093414594,0.002434994,-0.0006195023,0.0,0.0,-0.49089178,0
1777225853433000,-0.00058904814,0.0020205248,-0.00048913993,0.0,0.0,-0.49082926,0
1777225853449000,1.3804447e-05,0.0019873644,-0.0008341782,0.0,0.0,-0.49082515,0
1777225853473000,-0.0017514179,0.0024645992,-0.0011616959,0.0,0.0,-0.49080476,0
1777225853489000,-0.0027681338,0.0007983323,-0.0010483032,0.0,0.0,-0.4907767,0
1777225853513000,-0.0008976585,-0.0006768571,-0.0014018426,0.0,0.0,-0.49066794,0
1777225853533000,0.00052139437,-0.00094559474,-0.0016712216,0.0,0.0,-0.4907061,0
1777225853549000,-0.00045332967,0.00040626002,-0.0019493885,0.0,0.0,-0.49081278,0
1777225853569000,-0.0023265118,0.0016393244,-0.0020767553,0.0,0.0,-0.4909336,0
1777225853589000,-0.0024133942,0.0020970425,-0.0020885193,0.0,0.0,-0.49084157,0
1777225853613000,-0.0040704124,0.0010269935,-0.0016793967,0.0,0.0,-0.49069437,0
1777225853629000,-0.0038004501,0.001948515,-0.0014025304,0.0,0.0,-0.49071613,0
1777225853653000,-0.0023527,0.0020184794,-0.0010442385,0.0,0.0,-0.49081177,0
1777225853669000,-0.0027934194,0.0029422417,-0.001112042,0.0,0.0,-0.490745,0
1777225853693000,-0.0034978208,0.0037966205,-0.0007648752,0.0,0.0,-0.49080098,0
1777225853709000,-0.0031983904,0.0031071673,-0.00049459003,0.0,0.0,-0.49067444,0
1777225853733000,-0.0057700286,0.0021223242,-0.0004810365,0.0,0.0,-0.49069393,0
1777225853753000,-0.0062405164,0.004081839,-0.00028841197,0.0,0.0,-0.49073824,0
1777225853773000,-0.004694395,0.002657741,-0.00022061169,0.0,0.0,-0.49071136,0
1777225853789000,-0.005390013,0.0015692498,0.0002210387,0.0,0.0,-0.4908564,0
1777225853809000,-0.004909632,0.00351728,0.00020696688,0.0,0.0,-0.49077034,0
1777225853829000,-0.0060194484,0.0020094546,8.363882e-05,0.0,0.0,-0.49069345,0
1777225853853000,-0.0055797594,7.5952295e-05,0.00020955177,0.0,0.0,-0.49069643,0
1777225853873000,-0.0062564635,0.0023138875,0.000332003,0.0,0.0,-0.49070343,0
1777225853893000,-0.0053099347,0.0020106176,0.00071975216,0.0,0.0,-0.49055973,0
1777225853909000,-0.005086467,0.00012849129,0.0007647611,0.0,0.0,-0.49060544,0
1777225853929000,-0.0063124984,0.00022580357,0.00089166826,0.0,0.0,-0.49071565,0
1777225853949000,-0.006454752,-0.00022243269,0.0005115336,0.0,0.0,-0.49070442,0
1777225853969000,-0.004612667,0.0006594639,0.00045538973,0.0,0.0,-0.4905648,0
1777225853989000,-0.0067170006,-0.00015899113,-2.5359914e-06,0.0,0.0,-0.4905706,0
1777225854009000,-0.0074645095,-0.0019103815,0.0001437203,0.0,0.0,-0.49047247,0
1777225854029000,-0.007990158,-0.0009355276,0.00024445588,0.0,0.0,-0.4904469,0
1777225854049000,-0.0078016436,-0.00036933465,-0.00013014721,0.0,0.0,-0.49035555,0
1777225854069000,-0.0061655254,-0.0007368566,5.6349207e-05,0.0,0.0,-0.49036753,0
1777225854089000,-0.004298033,0.00029997277,0.0007006214,0.0,0.0,-0.49032965,0
1777225854109000,-0.005261604,0.00090473477,0.000690321,0.0,0.0,-0.49034327,0
1777225854129000,-0.0047852634,-0.00062926323,0.0006932025,0.0,0.0,-0.49031952,0
1777225854149000,-0.005367746,-2.475969e-05,0.00090043666,0.0,0.0,-0.4903926,0
1777225854169000,-0.00571426,-0.00033392606,0.0009180289,0.0,0.0,-0.49038064,0
1777225854189000,-0.004069018,-0.0023478807,0.0008818535,0.0,0.0,-0.49036807,0
1777225854209000,-0.0051489435,-0.0012752896,0.0005097962,0.0,0.0,-0.49046257,0
1777225854229000,-0.005280946,-0.000784664,0.000358067,0.0,0.0,-0.490483,0
1777225854253000,-0.0072121006,-4.081089e-05,0.000396322,0.0,0.0,-0.49054027,0
1777225854273000,-0.008759809,0.0023341568,0.0002297354,0.0,0.0,-0.49048248,0
1777225854293000,-0.0066701416,0.0036529007,0.0004281588,0.0,0.0,-0.49048433,0
1777225854309000,-0.0063393502,0.003390133,0.00044947024,0.0,0.0,-0.49043363,0
1777225854329000,-0.004608365,0.0036379446,9.0813264e-05,0.0,0.0,-0.49022225,0
1777225854349000,-0.0036930242,0.0020073224,0.00033848966,0.0,0.0,-0.49016815,0
1777225854369000,-0.0025686042,0.000689297,0.00025515398,0.0,0.0,-0.4900953,0
1777225854389000,-0.0014678522,0.0008734814,0.0003506057,0.0,0.0,-0.48994935,0
1777225854413000,-0.0014999895,0.0016604948,0.00035805395,0.0,0.0,-0.4898953,0
1777225854433000,-0.0026500728,0.0006458215,0.00045300694,0.0,0.0,-0.4898804,0
1777225854449000,-0.0020165187,0.0027595276,0.00049680984,0.0,0.0,-0.4899934,0
1777225854469000,-0.0034664792,0.0031565789,0.00063797785,0.0,0.0,-0.489941,0
1777225854489000,-0.0041738343,0.00064420426,0.00061097834,0.0,0.0,-0.48986757,0
1777225854509000,-0.0034587514,0.0006677531,0.00018253922,0.0,0.0,-0.49000704,0
1777225854529000,-0.0028257298,0.0012726993,5.0931703e-05,0.0,0.0,-0.49013245,0
1777225854549000,-0.0033025471,0.00035907753,-7.7543315e-05,0.0,0.0,-0.4902484,0
1777225854573000,-0.0041001486,-0.0007581107,-0.00058002165,0.0,0.0,-0.4902149,0
1777225854593000,-0.0030311279,-0.0022395868,-0.0007546041,0.0,0.0,-0.49016225,0
1777225854609000,-0.0037078103,-0.0028516771,-0.0007959199,0.0,0.0,-0.490277,0
1777225854629000,-0.0055290842,-0.0010047413,-0.001093247,0.0,0.0,-0.49033114,0
1777225854649000,-0.00430709,-0.0021872758,-0.0018802811,0.0,0.0,-0.4901981,0
1777225854669000,-0.0022292424,-9.123907e-05,-0.0020027421,0.0,0.0,-0.49019143,0
1777225854689000,-0.0022607008,0.0016382318,-0.0019809776,0.0,0.0,-0.4902436,0
1777225854713000,-0.003374735,0.0015642854,-0.0021073404,0.0,0.0,-0.490324,0
1777225854733000,-0.0032044286,0.0005781244,-0.0020870687,0.0,0.0,-0.49020222,0
1777225854753000,-0.0039474675,0.00010758432,-0.0020592934,0.0,0.0,-0.49018237,0
1777225854769000,-0.0035495998,0.00036510284,-0.002119401,0.0,0.0,-0.49028713,0
1777225854789000,-0.0028194245,0.00081614684,-0.002113775,0.0,0.0,-0.4902829,0
1777225854813000,-0.0007057686,-0.00095875317,-0.0022684932,0.0,0.0,-0.4901006,0
1777225854829000,-0.0017330449,-0.00052421144,-0.0024313312,0.0,0.0,-0.49013525,0
1777225854849000,-0.00047662095,0.0011622512,-0.0024464787,0.0,0.0,-0.4902185,0
1777225854873000,0.0003546049,0.0010676768,-0.0021625129,0.0,0.0,-0.49014008,0
1777225854889000,-0.00040174375,-0.0005347849,-0.0016369107,0.0,0.0,-0.49002352,0
1777225854909000,-0.0015097156,-0.0001726249,-0.0013844981,0.0,0.0,-0.49014744,0
1777225854929000,-0.0023544724,0.0004678761,-0.0017188317,0.0,0.0,-0.49017432,0
1777225854949000,-0.0010376663,-0.0015140064,-0.0012072525,0.0,0.0,-0.490166,0
1777225854969000,0.0002260524,0.00048249087,-0.001082425,0.0,0.0,-0.49014312,0
1777225854989000,-0.0001437354,0.0030863928,-0.00041701738,0.0,0.0,-0.49016446,0
1777225855009000,-0.00052209565,0.0025333287,-0.00024766335,0.0,0.0,-0.4900987,0
1777225855029000,-0.0008317817,0.0013148098,-0.0004116455,0.0,0.0,-0.49009165,0
1777225855049000,0.0011772709,0.0010521219,-0.00028539356,0.0,0.0,-0.49015412,0
1777225855069000,0.00068047066,0.0018812796,-5.3307973e-05,0.0,0.0,-0.49018574,0
1777225855093000,0.0011357779,0.0023258696,0.0003972184,0.0,0.0,-0.49014345,0
1777225855113000,0.0020341636,0.0038136607,0.00087394565,0.0,0.0,-0.49020168,0
1777225855129000,0.0012072114,0.0032148745,0.00073115434,0.0,0.0,-0.49032024,0
1777225855153000,0.0012310935,0.0016470224,0.0010149735,0.0,0.0,-0.4904252,0
1777225855173000,0.0015461266,0.000540781,0.0011745552,0.0,0.0,-0.49037993,0
1777225855193000,0.0021449276,0.0008328472,0.0007029292,0.0,0.0,-0.49035856,0
1777225855213000,-0.00026919533,0.0012499784,0.00068667345,0.0,0.0,-0.4903189,0
1777225855229000,0.00091743853,0.002472674,0.000845802,0.0,0.0,-0.49032274,0
1777225855249000,0.0016925201,0.0024489497,0.00089838635,0.0,0.0,-0.4904634,0
1777225855269000,0.00077557395,0.0031905312,0.0007067756,0.0,0.0,-0.49054253,0
1777225855289000,0.0011556267,0.0030538174,0.00025042426,0.0,0.0,-0.49069262,0
1777225855309000,0.00027872954,0.001433488,0.00016104523,0.0,0.0,-0.49073976,0
1777225855329000,0.00035372563,0.0015502159,0.00034971582,0.0,0.0,-0.4907667,0
1777225855353000,0.0011296809,0.0020179464,0.00010977127,0.0,0.0,-0.49061415,0
1777225855373000,0.0009846229,0.00089024083,-2.2951048e-05,0.0,0.0,-0.49063304,0
1777225855389000,0.0025774029,0.000569983,-1.3413373e-05,0.0,0.0,-0.4906353,0
1777225855409000,0.0026675004,0.0003637793,9.771064e-05,0.0,0.0,-0.4907326,0
1777225855429000,0.0030148674,-0.00016153548,-0.00022286084,0.0,0.0,-0.49069932,0
1777225855453000,0.003037217,0.0013501656,-0.00052869227,0.0,0.0,-0.49069434,0
1777225855473000,0.002448911,0.000372535,-0.00075965654,0.0,0.0,-0.49066028,0
1777225855493000,0.0023397116,0.00013730131,-0.0011937055,0.0,0.0,-0.49057215,0
1777225855513000,0.0036359024,-0.00017902942,-0.0016399357,0.0,0.0,-0.49049976,0
1777225855529000,0.0025941841,0.0005688603,-0.001864247,0.0,0.0,-0.49055374,0
1777225855553000,0.0034378965,0.00011877893,-0.0015177648,0.0,0.0,-0.49052203,0
1777225855573000,0.0037507154,-0.0008087111,-0.0021921168,0.0,0.0,-0.49047375,0
1777225855589000,0.00189354,-0.00058185286,-0.0020677294,0.0,0.0,-0.4905434,0
1777225855609000,0.004257955,-0.0024816366,-0.0020689354,0.0,0.0,-0.49055707,0
1777225855629000,0.0032464524,-0.001157394,-0.0018603159,0.0,0.0,-0.4905708,0
1777225855649000,0.0017103889,-0.0018024759,-0.0019854857,0.0,0.0,-0.49065566,0
1777225855673000,0.0038153527,-0.001755999,-0.0021853694,0.0,0.0,-0.49062902,0
1777225855689000,0.004983373,-0.00041508395,-0.0024347603,0.0,0.0,-0.4906861,0
1777225855709000,0.0048845056,-1.2247976e-05,-0.0022505848,0.0,0.0,-0.4906417,0
1777225855729000,0.0026859369,-0.00069260044,-0.0025592619,0.0,0.0,-0.49060908,0
1777225855749000,0.0016398791,0.00040479522,-0.0023283628,0.0,0.0,-0.49056262,0
1777225855769000,-0.0013578155,7.331725e-05,-0.0023325384,0.0,0.0,-0.49067602,0
1777225855789000,-0.00013703569,3.5118865e-05,-0.0020632995,0.0,0.0,-0.49065268,0
1777225855809000,-3.073217e-05,0.0003784208,-0.0019618794,0.0,0.0,-0.49080253,0
1777225855829000,0.001130925,0.0013156583,-0.001539174,0.0,0.0,-0.49085626,0
1777225855849000,0.001233612,0.0017562928,-0.001442865,0.0,0.0,-0.49092117,0
1777225855869000,0.0004543202,0.00029944428,-0.0012999792,0.0,0.0,-0.4909629,0
1777225855889000,0.0001526183,-0.0009856425,-0.0010690149,0.0,0.0,-0.49094948,0
1777225855909000,0.0006376531,-0.0008498274,-0.00078135915,0.0,0.0,-0.491048,0
1777225855929000,0.000577481,0.00026453056,-0.0006335317,0.0,0.0,-0.49100947,0
1777225855949000,0.0007957917,-0.0005107906,-0.00020122016,0.0,0.0,-0.49092,0
1777225855969000,-0.0014270598,-0.003261731,0.00038340734,0.0,0.0,-0.49092883,0
1777225855989000,0.0017379919,-0.0034862845,0.0008948464,0.0,0.0,-0.49084532,0
1777225856013000,0.0013130183,-0.0029653548,0.0014296733,0.0,0.0,-0.49074084,0
1777225856029000,0.0020329824,-0.0034949817,0.0015720245,0.0,0.0,-0.49081823,0
1777225856049000,0.0031558177,-0.004274366,0.0016940944,0.0,0.0,-0.49078932,0
1777225856069000,0.0030912242,-0.003906497,0.0013455423,0.0,0.0,-0.49074307,0
1777225856089000,0.0046495,-0.0027519981,0.0016757003,0.0,0.0,-0.4906809,0
1777225856109000,0.004082206,-0.004808019,0.0017766706,0.0,0.0,-0.49057522,0
1777225856129000,0.0028703925,-0.003433046,0.002093725,0.0,0.0,-0.4904733,0
1777225856153000,0.0013195674,-0.0039873747,0.0023711063,0.0,0.0,-0.49035484,0
1777225856173000,0.0023594683,-0.0031366525,0.002444223,0.0,0.0,-0.4902271,0
1777225856193000,0.0015581838,-0.002290187,0.0023798486,0.0,0.0,-0.49004623,0
1777225856213000,0.0020387347,-0.001981299,0.0023456812,0.0,0.0,-0.49003297,0
1777225856229000,0.0011764201,-0.001947305,0.0024174973,0.0,0.0,-0.49001423,0
1777225856249000,0.00024348282,-0.002290591,0.0026150406,0.0,0.0,-0.4900058,0
1777225856269000,0.0005945608,-0.0018755783,0.002657921,0.0,0.0,-0.49000803,0
1777225856293000,0.0022600316,-7.281584e-05,0.0026075565,0.0,0.0,-0.4899382,0
1777225856309000,0.0014104869,0.0003852906,0.0022229431,0.0,0.0,-0.48994234,0
1777225856333000,-0.00015195328,-0.0023118602,0.0016516801,0.0,0.0,-0.4900209,0
1777225856353000,0.0015742123,-0.0023036585,0.0014571878,0.0,0.0,-0.49021748,0
1777225856373000,0.0019907467,-0.0027962313,0.0013161567,0.0,0.0,-0.4901808,0
1777225856393000,3.694662e-05,-0.0019965118,0.0010492029,0.0,0.0,-0.49038762,0
1777225856413000,0.0003818481,-0.0013780628,0.00022058561,0.0,0.0,-0.490378,0
1777225856433000,0.0019127757,-0.0008858517,-4.191231e-05,0.0,0.0,-0.4905616,0
1777225856449000,0.0021519554,-0.0014203256,-0.00015034713,0.0,0.0,-0.4906816,0
1777225856469000,-0.00013823425,-0.0006626123,-0.0004421589,0.0,0.0,-0.49057478,0
1777225856489000,0.0057481015,-0.0022087428,-0.00068924855,0.0,0.0,-0.48203138,0
1777225856509000,0.007377694,-0.0035796757,-0.00094438624,0.0,0.0,-0.48220885,0
1777225856533000,0.007701831,-0.0028065387,-0.0008611842,0.0,0.0,-0.4729252,0
1777225856553000,0.0075733243,-0.00039835382,-0.0008486118,0.0,0.0,-0.46761,0
1777225856569000,0.0065885084,-0.00041436416,-0.00089915236,0.0,0.0,-0.4640669,0
1777225856589000,0.0032395807,-0.0011199849,-0.0004401966,0.0,0.0,-0.46546245,0
1777225856609000,0.0025346926,-0.00070169586,-0.0006011734,0.0,0.0,-0.45528963,0
1777225856629000,0.0027762712,-0.00026902548,-0.0006397804,0.0,0.0,-0.4573133,0
1777225856653000,0.006953386,-0.0039216653,-0.0007710098,0.0,0.0,-0.44646913,0
1777225856673000,0.005409128,-0.0042581353,-0.00086638005,0.0,0.0,-0.44134834,0
1777225856689000,0.004457712,-0.0044392277,-0.00093606766,0.0,0.0,-0.43777236,0
1777225856713000,0.006029206,-0.0029220236,-0.001306844,0.0,0.0,-0.43268713,0
1777225856733000,0.0054244422,-0.0030998704,-0.0013914932,0.0,0.0,-0.42916524,0
1777225856753000,0.0051922565,-0.0013795125,-0.0014586253,0.0,0.0,-0.42386976,0
1777225856773000,0.005170071,-0.0026103174,-0.0015615481,0.0,0.0,-0.42047617,0
1777225856793000,0.0048095146,-0.0029812695,-0.001764975,0.0,0.0,-0.41548306,0
1777225856809000,0.005696543,-0.0026469599,-0.0016834941,0.0,0.0,-0.4119949,0
1777225856833000,0.0053851674,-0.0012567042,-0.0016014427,0.0,0.0,-0.40695646,0
1777225856853000,0.0037395328,-0.0029634018,-0.0019781776,0.0,0.0,-0.40333825,0
1777225856873000,0.004630698,-0.0031494892,-0.0017274697,0.0,0.0,-0.39814058,0
1777225856889000,0.0065294867,-0.0026816605,-0.0017769998,0.0,0.0,-0.39449328,0
1777225856909000,0.0065660533,-0.003701264,-0.0017667646,0.0,0.0,-0.4012016,0
1777225856933000,0.0060197897,-0.003195139,-0.0017380929,0.0,0.0,-0.38565174,0
1777225856949000,0.0058922884,-0.0035092426,-0.0017515845,0.0,0.0,-0.39324558,0
1777225856969000,0.00475697,-0.003152155,-0.0016128905,0.0,0.0,-0.37712902,0
1777225856993000,0.006459972,-0.0040548914,-0.0011675535,0.0,0.0,-0.37185323,0
1777225857009000,0.004785369,-0.0023117675,-0.0010881326,0.0,0.0,-0.36828318,0
1777225857029000,0.0025669683,-0.0009936354,-0.0010107099,0.0,0.0,-0.37732953,0
1777225857049000,0.0023426851,-0.0015308865,-0.0010244166,0.0,0.0,-0.35959378,0
1777225857069000,0.0015198375,-0.00060142175,-0.0008778735,0.0,0.0,-0.3694016,0
1777225857089000,0.00022999996,-0.0045816544,-0.0011185776,0.0,0.0,-0.36240116,0
1777225857109000,0.00016172652,-0.0034096662,-0.0008896147,0.0,0.0,-0.37279484,0
1777225857129000,0.0020355438,-0.005544256,-0.00088081695,0.0,0.0,-0.3713714,0
1777225857153000,0.0027410546,-0.004410006,-0.0012102905,0.0,0.0,-0.37691173,0
1777225857169000,0.0016427528,-0.0040922803,-0.001261157,0.0,0.0,-0.380392,0
1777225857189000,0.002711276,-0.0026908668,-0.00095136184,0.0,0.0,-0.39027536,0
1777225857209000,0.0031942495,0.00046524842,-0.0007405812,0.0,0.0,-0.38915125,0
1777225857229000,0.0028017214,0.0024841644,-0.00088445796,0.0,0.0,-0.3987567,0
1777225857249000,0.0018479193,0.00250023,-0.0006226641,0.0,0.0,-0.39797246,0
1777225857269000,0.00058329,0.0023261649,-0.00044358987,0.0,0.0,-0.40725166,0
1777225857289000,0.0018293499,0.001292496,-0.00011788774,0.0,0.0,-0.40649548,0
1777225857313000,0.00021365864,0.0014499633,-6.802846e-05,0.0,0.0,-0.41155875,0
1777225857329000,0.0018043856,0.0029501056,0.0002866648,0.0,0.0,-0.41468477,0
1777225857349000,0.0018993649,0.002162922,0.00074635725,0.0,0.0,-0.4231512,0
1777225857369000,0.0020624294,0.00088805123,0.0010976866,0.0,0.0,-0.4230032,0
1777225857389000,0.0009174917,0.0013521287,0.00112466,0.0,0.0,-0.43109637,0
1777225857409000,-0.0043535335,0.0026965532,0.0010495777,0.0,0.0,-0.4312217,0
1777225857429000,-0.005098457,0.00025832618,0.0013084738,0.0,0.0,-0.43904954,0
1777225857449000,-0.0054303627,0.001703889,0.0012055412,0.0,0.0,-0.43945312,0
1777225857469000,-0.0047964645,0.0037323935,0.0012766956,0.0,0.0,-0.44677967,0
1777225857493000,-0.0050886646,0.0031755955,0.00073695974,0.0,0.0,-0.4476633,0
1777225857513000,-0.0058341324,0.0030429151,0.0007613809,0.0,0.0,-0.4525545,0
1777225857533000,-0.005261187,0.002484114,0.0007001292,0.0,0.0,-0.45581478,0
1777225857549000,-0.0051426827,0.0048889946,0.000651476,0.0,0.0,-0.46241528,0
1777225857569000,-0.0059729833,0.0033041902,0.00059365993,0.0,0.0,-0.4642271,0
1777225857593000,-0.0065279515,0.0038595872,0.00020968216,0.0,0.0,-0.46927676,0
1777225857613000,-0.0055935886,0.0043799574,-6.0928985e-05,0.0,0.0,-0.47248667,0
1777225857633000,-0.00390857,0.0071909623,5.279621e-05,0.0,0.0,-0.4776406,0
1777225857653000,-0.0049663675,0.006866369,0.000136849,0.0,0.0,-0.48094973,0
1777225857673000,-0.0027437885,0.004413428,0.00032990053,0.0,0.0,-0.48588973,0
1777225857693000,-0.0010871543,0.0014634074,1.2585428e-05,0.0,0.0,-0.48600543,0
1777225857709000,-0.0013195748,0.0023979698,-5.498668e-05,0.0,0.0,-0.4907236,0
1777225857733000,-0.0023114707,0.0014747939,0.00015810505,0.0,0.0,-0.48561072,0
1777225857753000,0.00028253385,0.0028292835,0.00037647737,0.0,0.0,-0.48532727,0
1777225857769000,0.00013314877,0.0033453624,0.0003655837,0.0,0.0,-0.48508048,0
1777225857789000,-0.0010729233,0.002743973,0.0004411745,0.0,0.0,-0.48981205,0
1777225857809000,0.0001879685,0.0033801885,0.00019901665,0.0,0.0,-0.48493072,0
1777225857829000,-0.0014022503,0.004065702,-0.0002740468,0.0,0.0,-0.48955923,0
1777225857849000,-0.0014049782,0.0035907626,-0.00017611124,0.0,0.0,-0.48464736,0
1777225857869000,-0.00070442,0.002771914,0.0003840886,0.0,0.0,-0.48937616,0
1777225857889000,-0.0050708656,0.0002629076,0.0005400032,0.0,0.0,-0.48468217,0
1777225857913000,-0.004806257,0.00040067243,0.0007726364,0.0,0.0,-0.4846245,0
1777225857933000,-0.0042570424,0.00048918545,0.0007718215,0.0,0.0,-0.48467627,0
1777225857953000,-0.0038131033,0.00018348754,0.0002722703,0.0,0.0,-0.48466098,0
1777225857973000,-0.003501242,0.0012401232,0.00016050739,0.0,0.0,-0.48473278,0
1777225857993000,-0.0036799235,-1.7212034e-05,-1.2784265e-05,0.0,0.0,-0.48486778,0
1777225858013000,-0.0032254918,-0.00032386696,0.00019092951,0.0,0.0,-0.484725,0
1777225858033000,-0.0011892727,0.0021152182,0.0001900983,0.0,0.0,-0.4847501,0
1777225858053000,-0.0022451307,-0.00020050675,0.00022009341,0.0,0.0,-0.48469087,0
1777225858073000,-0.0025231333,0.00087989384,0.00045950664,0.0,0.0,-0.48480728,0
1777225858089000,-0.0032456252,0.003040622,0.0005596359,0.0,0.0,-0.48480237,0
1777225858109000,-0.0027504647,0.00397213,0.0009605801,0.0,0.0,-0.4897056,0
1777225858133000,-0.0041454923,0.0047809226,0.00091017643,0.0,0.0,-0.48513147,0
1777225858149000,-0.00394223,0.005343854,0.0009332774,0.0,0.0,-0.49014902,0
1777225858169000,-0.004703469,0.003000065,0.0013378952,0.0,0.0,-0.48541057,0
1777225858189000,-0.003986645,0.0036938803,0.0012446078,0.0,0.0,-0.4902978,0
1777225858209000,-0.0043298975,0.0052094245,0.00079047633,0.0,0.0,-0.4857189,0
1777225858229000,-0.0037858523,0.004469909,0.0006823903,0.0,0.0,-0.49055165,0
1777225858249000,-0.0037207175,0.0024190838,0.0008116248,0.0,0.0,-0.48590752,0
1777225858269000,-0.0027569372,0.0018923179,0.00090650935,0.0,0.0,-0.49072278,0
1777225858289000,-0.003788484,0.0023694485,0.0007560742,0.0,0.0,-0.48623002,0
1777225858309000,-0.003569071,0.002506154,0.0009140228,0.0,0.0,-0.4912472,0
1777225858329000,-0.0047587957,0.0015973801,0.0008496647,0.0,0.0,-0.4864318,0
1777225858349000,-0.0052193846,0.001361946,0.0008560112,0.0,0.0,-0.49134585,0
1777225858369000,-0.003025742,0.0002490182,0.0007294365,0.0,0.0,-0.48665613,0
1777225858389000,-0.0025906353,0.00029780008,0.00046172645,0.0,0.0,-0.49158126,0
1777225858409000,-0.001336701,0.00037113103,0.0006155418,0.0,0.0,-0.4869794,0
1777225858429000,-0.0006673285,1.7893506e-05,0.00015565054,0.0,0.0,-0.49178877,0
1777225858449000,0.00063068635,-2.073865e-05,3.9311126e-05,0.0,0.0,-0.48716286,0
1777225858469000,0.0011870972,-0.00046605687,-4.1237567e-05,0.0,0.0,-0.4920905,0
1777225858489000,0.0016695646,-0.0035504163,2.7745962e-05,0.0,0.0,-0.48754314,0
1777225858513000,0.002153699,-0.0013301879,-0.00048897695,0.0,0.0,-0.48774737,0
1777225858533000,0.0024781246,-0.002662117,-0.00070476765,0.0,0.0,-0.48777327,0
1777225858549000,0.0021226672,-0.0014405194,-0.00069128256,0.0,0.0,-0.49272284,0
1777225858569000,0.0007208143,-0.0022996792,-0.0007348638,0.0,0.0,-0.48795292,0
1777225858589000,0.0008119289,-0.0016871878,-0.0009118519,0.0,0.0,-0.49288955,0
1777225858609000,-0.00041678402,-0.0012197788,-0.0009276448,0.0,0.0,-0.48809248,0
1777225858629000,0.0004422893,-0.00023552113,-0.0008785678,0.0,0.0,-0.4929581,0
1777225858649000,8.982931e-05,-0.00041947735,-0.0007542195,0.0,0.0,-0.48826903,0
1777225858669000,-0.0013416259,-0.0022329795,-0.0010613254,0.0,0.0,-0.49314135,0
1777225858689000,-0.0018259775,-0.0023257611,-0.00131336,0.0,0.0,-0.48835254,0
1777225858709000,-0.0016060112,-0.00032165673,-0.0012319246,0.0,0.0,-0.49305767,0
1777225858729000,-0.00067928317,-0.0013608856,-0.0013058106,0.0,0.0,-0.4883825,0
1777225858753000,0.00017739511,0.0008063885,-0.001781283,0.0,0.0,-0.48852223,0
1777225858769000,-0.0004969652,-3.308958e-05,-0.0017232159,0.0,0.0,-0.48850042,0
1777225858789000,-0.00046289183,-0.00010015705,-0.0017824792,0.0,0.0,-0.49340516,0
1777225858809000,0.0010438964,0.0007950739,-0.0014777659,0.0,0.0,-0.48861262,0
1777225858829000,0.0031668548,0.002761883,-0.0011868929,0.0,0.0,-0.4934582,0
1777225858849000,5.189881e-05,-0.00017804549,-0.0013561198,0.0,0.0,-0.48863652,0
1777225858869000,-0.00042674597,-0.00022152429,-0.0014155591,0.0,0.0,-0.49341932,0
1777225858893000,2.919928e-05,-0.000790363,-0.0016020327,0.0,0.0,-0.48860905,0
1777225858909000,-0.0004984888,-0.00042244428,-0.0017354982,0.0,0.0,-0.4934923,0
1777225858929000,-0.0017219903,-0.0010541255,-0.0018300796,0.0,0.0,-0.4886801,0
1777225858953000,-0.0015563772,-0.0028686447,-0.0014813938,0.0,0.0,-0.48872644,0
1777225858969000,-0.00029457256,-0.0015685469,-0.0013258802,0.0,0.0,-0.48874792,0
1777225858989000,0.00010145671,-0.0010978996,-0.0006660465,0.0,0.0,-0.49355197,0
1777225859013000,-0.0008916202,-0.002720975,-0.00055078603,0.0,0.0,-0.4887909,0
1777225859033000,0.0010475469,-0.0034163636,-0.00080785993,0.0,0.0,-0.48884684,0
1777225859053000,0.0008639765,-0.0027526708,-0.0009773346,0.0,0.0,-0.4888519,0
1777225859073000,-0.00025543376,-0.004666184,-0.00075641973,0.0,0.0,-0.48908713,0
1777225859089000,-0.000110740904,-0.002699721,-0.00022449717,0.0,0.0,-0.48894894,0
1777225859109000,-0.0005987077,-0.0034449734,0.00015800074,0.0,0.0,-0.49375856,0
1777225859129000,0.00036923646,-0.0028307347,0.00030972343,0.0,0.0,-0.48905617,0
1777225859149000,-0.0006543008,-0.0036862013,0.0002126745,0.0,0.0,-0.4938678,0
1777225859173000,-0.0002647158,-0.0017836281,0.0005437713,0.0,0.0,-0.489109,0
1777225859193000,-0.0022167456,-0.002312395,0.0007700026,0.0,0.0,-0.48913103,0
1777225859209000,-0.0034259846,-0.0030981472,0.0006069136,0.0,0.0,-0.48893753,0
1777225859229000,-0.0029311248,-0.0032449018,0.0005734307,0.0,0.0,-0.49358332,0
1777225859253000,-0.0016661083,-0.005623019,0.00057660555,0.0,0.0,-0.48874855,0
1777225859273000,-0.0043134685,-0.0029166585,0.0005191155,0.0,0.0,-0.48881528,0
1777225859293000,-0.004402653,-0.003516724,0.0004546661,0.0,0.0,-0.48873788,0
1777225859313000,-0.0048796004,-0.0039451877,0.00038181012,0.0,0.0,-0.48881394,0
1777225859333000,-0.003960422,-0.003137564,0.000733071,0.0,0.0,-0.48885134,0
1777225859353000,-0.004532773,-0.00075982884,0.00067952834,0.0,0.0,-0.48896453,0
1777225859373000,-0.0039466354,-0.0025147812,0.00066671474,0.0,0.0,-0.48888195,0
1777225859389000,-0.0041224505,-0.003136133,0.0005470179,0.0,0.0,-0.49372086,0
1777225859409000,-0.0039451583,-0.0024521835,0.00068331603,0.0,0.0,-0.4886328,0
1777225859429000,-0.0038201623,-0.0045645884,0.0005211788,0.0,0.0,-0.49339435,0
1777225859449000,-0.0022553252,-0.0046085767,0.0004225718,0.0,0.0,-0.48848078,0
1777225859469000,-0.0013640373,-0.0051970617,0.00056587486,0.0,0.0,-0.49333918,0
1777225859489000,-0.0024480263,-0.006059963,0.00033796486,0.0,0.0,-0.48863262,0
1777225859513000,-0.0036086831,-0.0049772407,0.00042366376,0.0,0.0,-0.4885876,0
1777225859533000,-0.002233677,-0.006214189,0.00033785077,0.0,0.0,-0.48849827,0
1777225859549000,-0.0021117104,-0.0054118815,4.2195898e-05,0.0,0.0,-0.4932087,0
1777225859569000,-0.0017021141,-0.0039230334,0.0001493399,0.0,0.0,-0.48856512,0
1777225859589000,0.0009103581,-0.0028807074,-1.0160264e-05,0.0,0.0,-0.49340782,0
1777225859609000,0.0011656978,-0.0015652567,-5.904818e-05,0.0,0.0,-0.4886794,0
1777225859633000,0.0010101245,-0.002211069,-0.0005515651,0.0,0.0,-0.48865768,0
1777225859649000,9.2181646e-05,-0.0021526138,-0.000513284,0.0,0.0,-0.4885663,0
1777225859669000,0.0008080871,-0.0013403184,-0.00070014223,0.0,0.0,-0.49344653,0
1777225859689000,0.00202895,-0.0016736572,-0.0010092496,0.0,0.0,-0.48881367,0
1777225859709000,0.0019228542,-0.0031795485,-0.0011303611,0.0,0.0,-0.49362162,0
1777225859729000,0.004560408,-0.0033943327,-0.0011240798,0.0,0.0,-0.48891515,0
1777225859749000,0.0034690592,-0.0021990463,-0.0012342194,0.0,0.0,-0.49377424,0
1777225859769000,0.0023852868,-0.00036882376,-0.0010935795,0.0,0.0,-0.48895666,0
1777225859789000,0.0029058808,-0.00118696,-0.0010221512,0.0,0.0,-0.49380454,0
1777225859813000,0.0038781695,-0.0012560921,-0.001312118,0.0,0.0,-0.4890399,0
1777225859833000,0.0038537988,-0.0021556525,-0.001533512,0.0,0.0,-0.4891304,0
1777225859853000,0.004936542,-0.00040839138,-0.0014302535,0.0,0.0,-0.48911372,0
1777225859873000,0.0031979203,0.0015787808,-0.0011086715,0.0,0.0,-0.4890988,0
1777225859893000,0.0019671791,-0.0017517945,-0.0009586145,0.0,0.0,-0.48900288,0
1777225859913000,0.00023056728,-0.0020966053,-0.0010844558,0.0,0.0,-0.4890775,0
1777225859933000,0.0007413507,-0.0012963958,-0.0013005463,0.0,0.0,-0.488981,0
1777225859949000,0.0015018618,-0.001182371,-0.00095324265,0.0,0.0,-0.49382922,0
1777225859969000,0.0006518722,0.001274016,-0.0010996293,0.0,0.0,-0.4889896,0
1777225859989000,0.0012749268,0.0015769874,-0.0013993653,0.0,0.0,-0.49377277,0
1777225860013000,0.0019948096,0.001226054,-0.0011662105,0.0,0.0,-0.4887688,0
1777225860033000,0.0020958192,0.0009889522,-0.00085208984,0.0,0.0,-0.48860085,0
1777225860049000,0.003401397,0.0008216373,-0.00045751827,0.0,0.0,-0.48851913,0
1777225860073000,0.0021213803,0.002919241,-0.00021638395,0.0,0.0,-0.48842314,0
1777225860093000,0.0012604505,0.0029594258,-6.314227e-05,0.0,0.0,-0.4881881,0
1777225860109000,0.0015425022,0.002638799,-0.00021154666,0.0,0.0,-0.49285108,0
1777225860129000,0.0019806514,0.0006848089,-0.0005576606,0.0,0.0,-0.48805818,0
1777225860149000,0.0031262957,0.0008484047,-0.00041431515,0.0,0.0,-0.4929176,0
1777225860169000,0.0020169057,0.0012828684,-0.0004885467,0.0,0.0,-0.48817766,0
1777225860189000,0.003068609,0.0013639412,-0.0005036583,0.0,0.0,-0.493015,0
1777225860213000,0.0033505908,0.0028296707,-0.0009343107,0.0,0.0,-0.48808065,0
1777225860233000,0.0010358046,0.0017660834,-0.0011353157,0.0,0.0,-0.48820567,0
1777225860249000,0.0026044648,0.0024806056,-0.001198784,0.0,0.0,-0.4881911,0
1777225860269000,0.003602022,0.0014856791,-0.00124186,0.0,0.0,-0.4929064,0
1777225860289000,0.005096434,0.004218048,0.010284718,0.0,0.0,-0.4914538,0
1777225860309000,0.005005179,0.0032858523,0.010374461,0.0,0.0,-0.49615645,0
1777225860329000,0.0045905667,0.0032821614,-0.00040317373,0.0,0.0,-0.5000731,0
1777225860349000,0.0053058825,0.003737789,-0.00061459653,0.0,0.0,-0.50430715,0
1777225860369000,0.004706655,0.0023578336,-0.0009901938,0.0,0.0,-0.5088691,0
1777225860389000,0.004101828,0.004011822,-0.0010570488,0.0,0.0,-0.51256216,0
1777225860409000,0.0038326208,0.0046772175,-0.00081561785,0.0,0.0,-0.51789165,0
1777225860429000,0.0041393684,0.004193333,-0.0011371379,0.0,0.0,-0.521068,0
1777225860453000,0.0025504876,0.0054898136,-0.00093825813,0.0,0.0,-0.5266066,0
1777225860473000,0.0023196687,0.0050718472,-0.0009863996,0.0,0.0,-0.5318022,0
1777225860493000,0.0023247844,0.0053231227,-0.0010931231,0.0,0.0,-0.5352871,0
1777225860509000,0.0029767673,0.0038763385,-0.0013778061,0.0,0.0,-0.5371886,0
1777225860529000,0.0035921151,0.0024610364,-0.0016481858,0.0,0.0,-0.54382485,0
1777225860549000,0.0022781088,0.0019448121,-0.0017573573,0.0,0.0,-0.54481566,0
1777225860569000,0.002894477,0.001963582,-0.0017383406,0.0,0.0,-0.55221105,0
1777225860589000,0.002105782,0.002393932,-0.001753374,0.0,0.0,-0.55288714,0
1777225860609000,0.0012354149,0.0018356388,-0.0019135033,0.0,0.0,-0.5609426,0
1777225860633000,0.0026801592,-0.0021157968,-0.0019240384,0.0,0.0,-0.56610817,0
1777225860653000,0.0027457224,-0.002016552,-0.0021633506,0.0,0.0,-0.56952906,0
1777225860673000,0.0027022182,-4.8157475e-05,-0.0023229779,0.0,0.0,-0.5747205,0
1777225860693000,0.0021797046,-6.3678366e-05,-0.0028029126,0.0,0.0,-0.57824033,0
1777225860713000,0.00303673,-0.0023672793,-0.0026489212,0.0,0.0,-0.5834973,0
1777225860729000,0.002287656,-0.00087494485,-0.0023000496,0.0,0.0,-0.5869426,0
1777225860749000,0.0020020914,-0.00055987487,-0.0021925145,0.0,0.0,-0.5847891,0
1777225860769000,0.0024977368,-0.001280445,-0.0023563174,0.0,0.0,-0.59590054,0
1777225860789000,0.0035030048,-0.00052125705,-0.0017076968,0.0,0.0,-0.59293044,0
1777225860813000,0.0054422906,-0.0011423684,-0.0014250283,0.0,0.0,-0.6045357,0
1777225860829000,0.005734361,-1.7705785e-05,-0.0015588687,0.0,0.0,-0.6009526,0
1777225860849000,0.0037645428,-0.0016547245,-0.001500241,0.0,0.0,-0.6134936,0
1777225860873000,0.0035140873,0.00025117613,-0.0015809461,0.0,0.0,-0.6185938,0
1777225860893000,0.0034017127,0.00052836235,-0.0014793565,0.0,0.0,-0.62218016,0
1777225860913000,0.0032292064,-0.001379066,-0.0016760002,0.0,0.0,-0.62748516,0
1777225860933000,0.0014407099,-0.0014656007,-0.0018776408,0.0,0.0,-0.6310448,0
1777225860953000,0.0016109128,-0.0011922311,-0.0020166705,0.0,0.0,-0.63627726,0
1777225860973000,0.00070603436,-0.0031429746,-0.0022503599,0.0,0.0,-0.63982666,0
1777225860989000,0.00091319333,-0.0018307233,-0.0020322353,0.0,0.0,-0.63280916,0
1777225861009000,0.0043379315,0.00075232686,-0.0020385818,0.0,0.0,-0.6486906,0
1777225861033000,0.0025836304,-0.00042507044,-0.0017442764,0.0,0.0,-0.6539475,0
1777225861049000,0.0019660557,-0.0009697076,-0.0016828813,0.0,0.0,-0.6577356,0
1777225861069000,0.0025995283,-0.0028192245,-0.0011235029,0.0,0.0,-0.64893746,0
1777225861089000,0.002416474,-0.0019813909,-0.0010805051,0.0,0.0,-0.6664648,0
1777225861109000,0.0022377446,-0.0015056666,-0.0006764154,0.0,0.0,-0.6566934,0
1777225861129000,0.001312062,-0.0014297115,-0.00042346166,0.0,0.0,-0.67545366,0
1777225861149000,0.0019880277,-0.0018089766,1.19628385e-05,0.0,0.0,-0.66471565,0
1777225861169000,0.0025215342,-7.978188e-05,0.0005962155,0.0,0.0,-0.6843593,0
1777225861193000,0.003050152,-0.0009828684,0.00079151616,0.0,0.0,-0.6896101,0
1777225861209000,0.0023269693,-0.00010388358,0.00096205017,0.0,0.0,-0.69331616,0
1777225861229000,0.002090912,0.0010985013,0.0009710402,0.0,0.0,-0.68069685,0
1777225861253000,0.0010245339,0.0009939317,0.00096677337,0.0,0.0,-0.7020943,0
1777225861273000,0.0023858086,0.00096633076,0.00087221805,0.0,0.0,-0.70728093,0
1777225861293000,0.0023413915,-0.00023911489,0.0010117237,0.0,0.0,-0.70766604,0
1777225861309000,0.00066097616,-0.00057521707,0.00092499796,0.0,0.0,-0.6929692,0
1777225861329000,0.0015602964,-0.0003936359,0.0013245861,0.0,0.0,-0.7077776,0
1777225861349000,0.0003125588,-0.0006435435,0.000909518,0.0,0.0,-0.69247395,0
1777225861369000,0.00048934,-0.0009781066,0.0007274938,0.0,0.0,-0.70796853,0
1777225861389000,-0.00010044903,-0.0019225205,0.000645902,0.0,0.0,-0.6921636,0
1777225861409000,0.0013837685,-0.00019585638,0.00022566412,0.0,0.0,-0.70561755,0
1777225861429000,0.0021249026,0.00025729727,-0.00034418423,0.0,0.0,-0.6895341,0
1777225861449000,0.0014264435,0.0020838457,-0.000120247714,0.0,0.0,-0.69716126,0
1777225861473000,0.0023177003,0.0024154936,-0.00037827995,0.0,0.0,-0.69190013,0
1777225861489000,0.00228251,0.0013473063,-0.00039895577,0.0,0.0,-0.6887963,0
1777225861509000,0.0013040117,0.0010328239,-0.0008434518,0.0,0.0,-0.67261416,0
1777225861529000,0.0026803853,-0.0011547585,-0.0010380452,0.0,0.0,-0.6804845,0
1777225861549000,0.003273532,0.0011057969,-0.00092171226,0.0,0.0,-0.6645258,0
1777225861569000,0.0016315493,0.00058970286,-0.0010961448,0.0,0.0,-0.67213583,0
1777225861589000,0.0005412274,0.0018005912,-0.0014160057,0.0,0.0,-0.6562415,0
1777225861613000,0.0008385457,0.002472954,-0.0015157177,0.0,0.0,-0.6638389,0
1777225861629000,0.00015232156,0.0011590804,-0.001373197,0.0,0.0,-0.64807314,0
1777225861653000,0.0010912651,-0.0010592617,-0.0013124081,0.0,0.0,-0.6558066,0
1777225861673000,0.0005010207,0.00033223623,-0.0012303111,0.0,0.0,-0.65074384,0
1777225861693000,0.0014724487,0.0010246118,-0.0010263431,0.0,0.0,-0.6477394,0
1777225861713000,0.0027180426,1.9828585e-06,-0.00061179977,0.0,0.0,-0.6428681,0
1777225861733000,0.001534316,-2.303364e-05,-0.00015459443,0.0,0.0,-0.6398686,0
1777225861753000,0.0017750451,0.000871138,-0.0004211669,0.0,0.0,-0.63505286,0
1777225861773000,0.0028408547,0.0010478345,-0.00020667026,0.0,0.0,-0.63192725,0
1777225861793000,0.0025017133,0.0017795883,4.4070184e-06,0.0,0.0,-0.6273751,0
1777225861809000,0.001133957,0.0024089918,-0.000110410154,0.0,0.0,-0.6242957,0
1777225861829000,-0.00014017973,0.00260877,1.4736783e-05,0.0,0.0,-0.60932696,0
1777225861849000,-0.003927828,0.0009083857,0.00044808816,0.0,0.0,-0.6162368,0
1777225861873000,-0.0038892655,0.0019571404,0.00054657133,0.0,0.0,-0.6111995,0
1777225861893000,-0.0035695527,0.002075018,0.00059588626,0.0,0.0,-0.6080688,0
1777225861909000,-0.00511803,0.0022201815,0.0009893463,0.0,0.0,-0.59372735,0
1777225861929000,-0.0036110778,0.0017656082,0.001102801,0.0,0.0,-0.59987956,0
1777225861953000,-0.0028123327,0.0013548817,0.0008462616,0.0,0.0,-0.5948799,0
1777225861973000,-0.0018419749,0.0014289244,0.0009040353,0.0,0.0,-0.59180236,0
1777225861993000,-0.0021661443,0.002073073,0.001110523,0.0,0.0,-0.58672523,0
1777225862009000,-0.0013199018,0.0019970445,0.0012199292,0.0,0.0,-0.5835896,0
1777225862029000,-0.0017031092,0.0022402066,0.0011614482,0.0,0.0,-0.5700075,0
1777225862049000,-0.0021331916,0.0030404215,0.0007624044,0.0,0.0,-0.5756585,0
1777225862073000,-0.000925682,0.003990057,0.0009701536,0.0,0.0,-0.5705751,0
1777225862089000,-0.0005557295,0.004137984,0.0006290693,0.0,0.0,-0.56737506,0
1777225862113000,0.0007323266,0.0028158997,0.00037999777,0.0,0.0,-0.56103206,0
1777225862133000,-0.00044854905,0.0038192505,0.00033511268,0.0,0.0,-0.5539356,0
1777225862149000,-0.0007056025,0.0035716877,5.7310797e-05,0.0,0.0,-0.546523,0
1777225862169000,5.4977896e-05,0.004072823,9.552017e-05,0.0,0.0,-0.5374662,0
1777225862189000,0.0013771045,0.0049368786,0.00012928015,0.0,0.0,-0.5346439,0
1777225862209000,5.427337e-05,0.0049613887,0.00053677615,0.0,0.0,-0.5231527,0
1777225862229000,0.00017650316,0.006931964,0.00029347092,0.0,0.0,-0.5211589,0
1777225862249000,0.0031563744,0.0061274874,0.00036177319,0.0,0.0,-0.51092136,0
1777225862269000,0.0037837755,0.006086529,0.00034281844,0.0,0.0,-0.50975794,0
1777225862289000,0.003116806,0.005327395,0.00020874664,0.0,0.0,-0.50066763,0
1777225862309000,0.0019757363,0.0054905834,-0.00025342964,0.0,0.0,-0.50008684,0
1777225862329000,0.0027437732,0.0057423473,-0.00030361814,0.0,0.0,-0.49188563,0
1777225862349000,0.0035545991,0.005581523,-0.0004106774,0.0,0.0,-0.4920275,0
1777225862369000,0.0018989648,0.0068613132,-0.0001776726,0.0,0.0,-0.48449567,0
1777225862389000,0.000493177,0.0063720695,-5.235942e-05,0.0,0.0,-0.48508605,0
1777225862409000,-0.0014677822,0.0057646167,-4.4663437e-05,0.0,0.0,-0.4793584,0
1777225862429000,0.00010197431,0.005378132,0.00016182102,0.0,0.0,-0.48029003,0
1777225862449000,-0.001701812,0.0060798638,0.00042586727,0.0,0.0,-0.4819405,0
1777225862469000,-0.0026282563,0.0045779846,0.0006907773,0.0,0.0,-0.48299685,0
1777225862489000,-0.0025618358,0.0061947266,0.0006616949,0.0,0.0,-0.48454458,0
1777225862509000,-0.0023664103,0.006674011,0.0005060574,0.0,0.0,-0.4853327,0
1777225862529000,-0.0013586944,0.0053957836,0.0005895691,0.0,0.0,-0.4864417,0
1777225862549000,-0.0027429913,0.004867439,0.00022159284,0.0,0.0,-0.48724106,0
1777225862569000,-0.0015507926,0.0028406647,-9.865593e-05,0.0,0.0,-0.48819363,0
1777225862589000,-0.00049661414,0.0031939514,-0.00035446836,0.0,0.0,-0.4888306,0
1777225862613000,-0.0024503125,0.0032359888,-0.00035031233,0.0,0.0,-0.4897265,0
1777225862629000,-0.002382399,0.0038473597,-0.00023380341,0.0,0.0,-0.4902922,0
1777225862653000,0.00015740082,0.0036801617,2.6663765e-05,0.0,0.0,-0.49106255,0
1777225862673000,0.00060927577,0.004506263,-0.00022805668,0.0,0.0,-0.49168247,0
1777225862693000,0.0017109788,0.005667769,-0.00048162322,0.0,0.0,-0.49211615,0
1777225862713000,0.00062383007,0.004287723,-0.00058629643,0.0,0.0,-0.49247357,0
1777225862729000,0.0010133025,0.0061815754,-0.0004626261,0.0,0.0,-0.4927042,0
1777225862749000,0.0019167591,0.0050461506,-0.00088181114,0.0,0.0,-0.49301535,0
1777225862769000,0.0014694121,0.0043588653,-0.00071131624,0.0,0.0,-0.4934411,0
1777225862789000,0.0008818607,0.0048687537,-0.0005328744,0.0,0.0,-0.4936951,0
1777225862813000,-0.0015928427,0.0046326295,-0.0008215341,0.0,0.0,-0.49410278,0
1777225862829000,-0.0014471652,0.0040279194,-0.0009077806,0.0,0.0,-0.49437723,0
1777225862849000,0.0011812785,0.0039404626,-0.0006381017,0.0,0.0,-0.4947144,0
1777225862869000,0.0029838393,0.0049114046,-0.0005833856,0.0,0.0,-0.49479854,0
1777225862889000,-0.0028584923,0.0039860206,-0.00038150698,0.0,0.0,-0.49494818,0
1777225862909000,-0.0019475622,0.003546951,-0.0005411864,0.0,0.0,-0.49499044,0
1777225862929000,-0.00027650862,0.0024723266,-0.00041279616,0.0,0.0,-0.49525413,0
1777225862949000,-0.00026133144,0.00011263038,-0.0002760319,0.0,0.0,-0.49531525,0
1777225862969000,-0.00023356432,-0.0021865158,-0.00015269406,0.0,0.0,-0.49548894,0
1777225862989000,-0.0006084106,-0.0015814978,-0.00032985164,0.0,0.0,-0.49570516,0
1777225863009000,-7.94674e-05,-4.8837486e-05,-0.00010906067,0.0,0.0,-0.4957706,0
1777225863033000,0.000110470064,-0.0006066742,-0.00021868525,0.0,0.0,-0.4958196,0
1777225863049000,0.0017529507,-8.874744e-05,-0.00025632093,0.0,0.0,-0.4958074,0
1777225863069000,0.00072568277,0.0010950334,-0.0005790242,0.0,0.0,-0.49575883,0
1777225863093000,0.0011104268,0.0008091244,-0.001020554,0.0,0.0,-0.49596927,0
1777225863109000,-0.00027410244,0.0012968356,-0.0007532416,0.0,0.0,-0.49590293,0
1777225863129000,-0.00058632554,0.0024781188,-0.0005064388,0.0,0.0,-0.49582103,0
1777225863149000,-0.0011484212,0.0007869389,-0.00046882266,0.0,0.0,-0.49582195,0
1777225863169000,-0.00052636565,0.0007355556,-0.00039647194,0.0,0.0,-0.49581343,0
1777225863193000,-0.0013465642,0.0016550453,-0.0002901624,0.0,0.0,-0.49579528,0
1777225863209000,-0.0028568583,0.0034571653,-0.00038904324,0.0,0.0,-0.4957062,0
1777225863229000,-0.0013850583,0.0009654622,-0.00035944907,0.0,0.0,-0.49567506,0
1777225863249000,-0.0009861427,0.0016701537,2.5715213e-05,0.0,0.0,-0.4957393,0
1777225863269000,-0.0015929451,0.000792286,0.0004532775,0.0,0.0,-0.4957163,0
1777225863289000,-0.00031617298,0.00019930181,0.00056136027,0.0,0.0,-0.4957297,0
1777225863309000,-0.0010243984,0.00095114094,0.00051847985,0.0,0.0,-0.49573642,0
1777225863329000,-0.00030994648,0.0014566057,0.00053768884,0.0,0.0,-0.4957206,0
1777225863353000,0.00049953454,0.0037196137,0.00055649364,0.0,0.0,-0.49588206,0
1777225863369000,0.0017733922,0.001651995,0.00032998854,0.0,0.0,-0.49588302,0
1777225863389000,0.00083733985,0.0007315145,9.725755e-05,0.0,0.0,-0.49589518,0
1777225863409000,0.00023214542,0.00021071864,-0.00015259301,0.0,0.0,-0.49591637,0
1777225863429000,0.00090623106,-5.7708363e-05,0.00016258704,0.0,0.0,-0.49589092,0
1777225863449000,0.00046567264,-0.0011702331,0.00022888789,0.0,0.0,-0.49578753,0
1777225863469000,0.00084413553,-0.0030428898,0.00019413047,0.0,0.0,-0.49579075,0
1777225863489000,0.0008140945,-0.002223827,-5.9882645e-05,0.0,0.0,-0.4958502,0
1777225863509000,0.00067872735,-0.0034517273,-4.8747752e-05,0.0,0.0,-0.49578288,0
1777225863529000,0.0011863279,-0.0020606879,-0.00020369096,0.0,0.0,-0.49577522,0
1777225863553000,0.0003421298,-0.0017935785,4.7153793e-05,0.0,0.0,-0.49575794,0
1777225863569000,0.0015390717,-0.0020623733,-0.00017527025,0.0,0.0,-0.49569598,0
1777225863593000,0.0015984898,-0.0031237982,-3.5076868e-05,0.0,0.0,-0.495871,0
1777225863609000,0.0031436821,-0.004303377,1.10045075e-05,0.0,0.0,-0.49596584,0
1777225863629000,0.0030413812,-0.0033972515,-3.0787196e-05,0.0,0.0,-0.4960258,0
1777225863649000,0.004546618,-0.0032097986,0.00028047478,0.0,0.0,-0.49600598,0
1777225863673000,0.0022589427,-0.0053257146,0.0004648622,0.0,0.0,-0.49600157,0
1777225863689000,0.002289923,-0.005329978,0.000690836,0.0,0.0,-0.4959882,0
1777225863709000,0.0020309952,-0.0039065746,0.00043482473,0.0,0.0,-0.49587974,0
1777225863729000,0.001412896,-0.0038390497,0.0003685793,0.0,0.0,-0.4958695,0
1777225863749000,0.00016999735,-0.0029507172,-0.00011920789,0.0,0.0,-0.49582332,0
1777225863769000,0.0026570437,-0.0051985625,-0.00027272664,0.0,0.0,-0.49593413,0
1777225863793000,0.0013228308,-0.004566813,-0.00031444663,0.0,0.0,-0.49590728,0
1777225863809000,0.0015227916,-0.0048163054,-0.0005793371,0.0,0.0,-0.49592686,0
1777225863833000,0.0014573917,-0.004242015,-0.00035291677,0.0,0.0,-0.49590388,0
1777225863849000,0.00064274436,-0.004824446,-0.00023035798,0.0,0.0,-0.49596965,0
1777225863869000,0.00079979625,-0.0043865824,-0.00020251097,0.0,0.0,-0.49580148,0
1777225863889000,-0.00078776455,-0.0039593326,-7.836148e-06,0.0,0.0,-0.49583897,0
1777225863913000,0.0017220865,-0.004272209,5.5654906e-05,0.0,0.0,-0.49583867,0
1777225863929000,0.0013229426,-0.0038256487,0.00012255227,0.0,0.0,-0.49568996,0
1777225863949000,0.0013541206,-0.0038120225,6.361818e-05,0.0,0.0,-0.49562266,0
1777225863969000,0.0013313529,-0.0021261752,3.0549243e-05,0.0,0.0,-0.4955165,0
1777225863989000,0.0008838373,-0.0023146016,0.00029854942,0.0,0.0,-0.4955543,0
1777225864009000,0.0007183189,-0.0015599715,0.00030492852,0.0,0.0,-0.49559757,0
1777225864029000,0.0007939737,-8.016321e-05,0.00029036775,0.0,0.0,-0.49563038,0
1777225864049000,0.0008587945,0.0013966756,0.00015877979,0.0,0.0,-0.49554288,0
1777225864069000,0.0012250666,0.002600529,4.367251e-05,0.0,0.0,-0.49550858,0
1777225864089000,0.002959623,-0.00055574975,-9.6527394e-05,0.0,0.0,-0.49553743,0
1777225864109000,0.0033011218,-0.002181629,0.0001188037,0.0,0.0,-0.49565232,0
1777225864133000,0.0014536744,-0.00046350193,-8.3681196e-05,0.0,0.0,-0.4957127,0
1777225864149000,0.0014224735,0.0003144344,-4.9334485e-05,0.0,0.0,-0.49563774,0
1777225864173000,-0.00010990088,0.00045429502,-0.00066845864,0.0,0.0,-0.4955852,0
1777225864189000,0.00089059956,-0.0012925761,-0.0006679469,0.0,0.0,-0.49556112,0
1777225864213000,0.0031033824,-0.0027536443,-0.000931615,0.0,0.0,-0.4955468,0
1777225864233000,0.0036312533,-0.0027630152,-0.0005373792,0.0,0.0,-0.4952993,0
1777225864249000,0.0040774876,-0.002708187,-0.00033971202,0.0,0.0,-0.49541274,0
1777225864269000,0.004402448,-0.0009627866,0.0003994773,0.0,0.0,-0.49545267,0
1777225864289000,0.0044938703,-0.00047367736,0.00040949415,0.0,0.0,-0.49547994,0
1777225864309000,0.0034644597,-0.00046978594,0.00039611664,0.0,0.0,-0.49547887,0
1777225864329000,0.00280925,0.0008929347,0.00049419235,0.0,0.0,-0.49539903,0
1777225864353000,-0.00026241067,0.00079241476,0.00083844503,0.0,0.0,-0.49548697,0
1777225864369000,0.00089537987,0.0005331116,0.0010596206,0.0,0.0,-0.49540648,0
1777225864393000,0.00037614047,0.0007930274,0.0014438331,0.0,0.0,-0.49539244,0
1777225864409000,0.0001538509,-0.00057810487,0.0016957079,0.0,0.0,-0.4953972,0
1777225864429000,-0.00014948897,-0.002039516,0.0018118909,0.0,0.0,-0.49540704,0
1777225864449000,0.00019393825,-0.000571275,0.0013487139,0.0,0.0,-0.4954607,0
1777225864469000,-3.954598e-05,-9.7151045e-05,0.001555847,0.0,0.0,-0.49540862,0
1777225864489000,-0.0007872622,0.000879778,0.0013396717,0.0,0.0,-0.49534658,0
1777225864509000,-0.00010044808,0.0009126671,0.001094453,0.0,0.0,-0.49550295,0
1777225864529000,0.0007917908,0.0015621085,0.0011666082,0.0,0.0,-0.49551177,0
1777225864549000,0.00036930808,0.000102535516,0.0010701949,0.0,0.0,-0.4955245,0
1777225864569000,0.0016910894,-0.0007694477,0.00075989123,0.0,0.0,-0.49554232,0
1777225864593000,0.001383639,-0.001207442,0.00010857824,0.0,0.0,-0.49548727,0
1777225864613000,-0.0010305257,-0.00018661315,-0.0002894029,0.0,0.0,-0.4953559,0
1777225864629000,0.00018291274,9.485391e-05,-0.00032428745,0.0,0.0,-0.49529016,0
1777225864649000,0.00011947415,-0.0025259787,-0.0005649165,0.0,0.0,-0.49522442,0
1777225864669000,-0.00026008356,-0.0023117205,-0.00072955387,0.0,0.0,-0.49530852,0
1777225864689000,-0.00013579297,-0.0017724998,-0.0010349941,0.0,0.0,-0.49524426,0
1777225864709000,0.00078508805,-0.0004270121,-0.0012142574,0.0,0.0,-0.49530482,0
1777225864729000,0.0010758102,0.00051974267,-0.0010877252,0.0,0.0,-0.4953167,0
1777225864753000,0.00120678,-0.0002962214,-0.0016929829,0.0,0.0,-0.4952901,0
1777225864773000,0.0031760845,-0.0009826438,-0.0018919539,0.0,0.0,-0.49515182,0
1777225864793000,0.0011988125,0.0010205504,-0.002191354,0.0,0.0,-0.4951777,0
1777225864809000,0.00035084123,0.0021604556,-0.0023713834,0.0,0.0,-0.49516177,0
1777225864833000,-9.459524e-05,-0.00075521704,-0.0026525557,0.0,0.0,-0.49534804,0
1777225864853000,0.0009722569,-0.00016039546,-0.0025306847,0.0,0.0,-0.49538782,0
1777225864873000,0.0022621674,-0.0006653699,-0.0024615186,0.0,0.0,-0.49534118,0
1777225864893000,0.0025337434,-0.00061105407,-0.0019883052,0.0,0.0,-0.49531502,0
1777225864909000,0.0024955187,-0.00032681655,-0.0020224825,0.0,0.0,-0.49527147,0
1777225864933000,0.003501027,-0.0011545194,-0.0020181634,0.0,0.0,-0.49523854,0
1777225864949000,0.0026169152,-0.0021412652,-0.0019053346,0.0,0.0,-0.49527794,0
1777225864969000,0.0035935703,-0.001966715,-0.001817592,0.0,0.0,-0.49521756,0
1777225864989000,0.0036775793,-0.0016104907,-0.0016472274,0.0,0.0,-0.4952817,0
1777225865013000,0.001585165,-0.0009110535,-0.0012432127,0.0,0.0,-0.49549547,0
1777225865033000,0.0026424385,-0.00015651873,-0.00094373105,0.0,0.0,-0.49572968,0
1777225865049000,0.001966671,-0.00016041695,-0.0010581636,0.0,0.0,-0.49563247,0
1777225865069000,-0.00014930495,-0.0016291476,-0.00092466874,0.0,0.0,-0.49555305,0
1777225865089000,-0.0014217637,0.00015811043,-0.00055889925,0.0,0.0,-0.49548683,0
1777225865113000,-0.0021074195,0.00033093558,-0.0004840647,0.0,0.0,-0.49549043,0
1777225865129000,-0.00036178526,-0.0011078526,-0.0005237083,0.0,0.0,-0.4954832,0
1777225865149000,6.7605855e-05,-0.0010131716,-0.00033641327,0.0,0.0,-0.49553555,0
1777225865169000,0.00053072564,-0.0018787201,-0.00031422172,0.0,0.0,-0.49557862,0
1777225865193000,0.0013762241,-0.0010482199,-0.00038152002,0.0,0.0,-0.49550626,0
1777225865213000,-0.000697866,-0.00090678484,-0.0006306665,0.0,0.0,-0.49548128,0
1777225865233000,-0.00074806175,0.0002623969,-0.00026787957,0.0,0.0,-0.49548697,0
1777225865253000,-0.0005947772,0.0003379234,-5.2952673e-05,0.0,0.0,-0.49548817,0
1777225865273000,-0.001736969,0.0026682431,-8.592708e-05,0.0,0.0,-0.49540934,0
1777225865293000,0.00077283056,0.0019825902,0.0001238333,0.0,0.0,-0.4952101,0
1777225865309000,-7.451874e-05,4.5680867e-05,0.0003106296,0.0,0.0,-0.49519143,0
1777225865333000,0.0002162729,-4.989194e-05,0.00044334866,0.0,0.0,-0.49511138,0
1777225865349000,-0.001678823,-0.00052232045,0.0008384646,0.0,0.0,-0.4950622,0
1777225865369000,-0.00055413437,-0.0014792241,0.00095820054,0.0,0.0,-0.4951241,0
1777225865389000,-0.00061077456,-0.002206081,0.0009514368,0.0,0.0,-0.4945617,0
1777225865409000,5.45311e-05,-0.0024791767,0.00078186113,0.0,0.0,-0.4951418,0
1777225865433000,-6.42943e-05,-0.0024777048,0.0010717302,0.0,0.0,-0.49510962,0
1777225865453000,4.341416e-05,-0.004258064,0.0010800422,0.0,0.0,-0.49512577,0
1777225865469000,0.00042027692,-0.0041932734,0.0010930677,0.0,0.0,-0.49316067,0
1777225865489000,0.003484086,-0.004907529,0.0012557688,0.0,0.0,-0.4951827,0
1777225865509000,0.0013731073,-0.0033275238,0.0016003246,0.0,0.0,-0.49230963,0
1777225865529000,0.0025294763,-0.0024927119,0.0015361132,0.0,0.0,-0.4952784,0
1777225865549000,0.0008965364,-0.002297251,0.0016241721,0.0,0.0,-0.4916287,0
1777225865569000,0.0009770057,-0.0019546654,0.0013588252,0.0,0.0,-0.49532637,0
1777225865593000,0.0026012422,-0.0012326502,0.0014806376,0.0,0.0,-0.49532622,0
1777225865613000,0.00044978902,-0.00091678347,0.001542714,0.0,0.0,-0.4954279,0
1777225865629000,0.00020027379,-0.0015597412,0.0015472253,0.0,0.0,-0.49015737,0
1777225865649000,-0.0009628315,-0.00031939207,0.0015543639,0.0,0.0,-0.49553806,0
1777225865673000,-0.0014726976,0.0014732966,0.00081226695,0.0,0.0,-0.4956311,0
1777225865693000,0.0001937527,-0.00030008284,0.0006711446,0.0,0.0,-0.49576873,0
1777225865713000,0.0014052881,-0.0009624625,0.0007945411,0.0,0.0,-0.49593952,0
1777225865733000,0.00061158853,-0.0020673636,0.0005104807,0.0,0.0,-0.49600533,0
1777225865749000,-0.000118624186,-0.0016275471,0.0004907893,0.0,0.0,-0.48851058,0
1777225865769000,-6.884227e-05,-0.00065676717,0.00021379907,0.0,0.0,-0.49643603,0
1777225865793000,0.0006866158,-8.253715e-05,-3.891997e-05,0.0,0.0,-0.4964893,0
1777225865809000,-2.924443e-05,0.00045691367,-0.00024988642,0.0,0.0,-0.4967163,0
1777225865829000,0.00057589693,0.0014214702,-0.00042192312,0.0,0.0,-0.48773205,0
1777225865849000,-0.0011219345,0.0008145164,-0.00055402936,0.0,0.0,-0.4968376,0
1777225865869000,-0.002036119,0.00081048993,-0.0006270157,0.0,0.0,-0.48724082,0
1777225865889000,-0.001082139,-0.00089030655,-0.00049775187,0.0,0.0,-0.49642384,0
1777225865909000,0.00046311447,-0.0008994862,-0.00030071056,0.0,0.0,-0.48692062,0
1777225865933000,-0.0016816703,-1.4210993e-05,-0.00015817024,0.0,0.0,-0.49612045,0
1777225865949000,-0.0024247973,-0.001355905,-2.592057e-05,0.0,0.0,-0.48652285,0
1777225865969000,-0.00081933034,1.8533716e-05,8.1855804e-05,0.0,0.0,-0.4955877,0
1777225865989000,-0.00027177943,0.00059223967,0.0002582376,0.0,0.0,-0.48602003,0
1777225866013000,6.14428e-05,0.00082680664,0.00013761176,0.0,0.0,-0.49511498,0
1777225866029000,0.0027353195,0.0026795345,2.1507032e-05,0.0,0.0,-0.48561728,0
1777225866049000,0.00070599443,0.0021888372,1.8915627e-05,0.0,0.0,-0.49488816,0
1777225866069000,0.0010269766,0.0026619572,0.00012575975,0.0,0.0,-0.48539984,0
1777225866089000,0.0023759482,0.0030109487,0.0005315216,0.0,0.0,-0.49489096,0
1777225866109000,0.0018466614,0.0022237783,0.00058014225,0.0,0.0,-0.48550028,0
1777225866129000,4.6206736e-05,0.0029277503,0.00037361542,0.0,0.0,-0.49503332,0
1777225866149000,0.00019601842,0.0041700113,0.00023865374,0.0,0.0,-0.4856594,0
1777225866169000,-0.00066980073,0.0032763334,-0.00018070405,0.0,0.0,-0.49509516,0
1777225866189000,-1.1354885e-05,0.003071817,-0.0003768783,0.0,0.0,-0.48575598,0
1777225866209000,-0.0016861248,0.0011251208,-0.0005287966,0.0,0.0,-0.49503434,0
1777225866229000,-0.00028407903,-1.5067617e-05,-0.00033361977,0.0,0.0,-0.48562238,0
1777225866249000,-0.00023477376,-0.000107362284,-0.00037293741,0.0,0.0,-0.48649195,0
1777225866269000,-0.0011092672,0.000546778,-0.0005396283,0.0,0.0,-0.4773075,0
1777225866289000,0.00037167588,0.0014531701,-0.00041977176,0.0,0.0,-0.47780043,0
1777225866309000,-0.0008864768,-2.368532e-05,-0.00021331012,0.0,0.0,-0.46913597,0
1777225866333000,0.0002735552,-0.00037005707,-0.00010648556,0.0,0.0,-0.46905392,0
1777225866349000,0.001748214,0.0026408115,-3.8284343e-05,0.0,0.0,-0.4609805,0
1777225866369000,0.0014664934,0.0007672718,-0.00010586623,0.0,0.0,-0.46055368,0
1777225866393000,0.0011746512,0.00035906164,0.0002353387,0.0,0.0,-0.4554799,0
1777225866413000,-0.0005223266,0.00028190285,0.0009080707,0.0,0.0,-0.45217735,0
1777225866429000,-0.0014723507,0.0013098314,0.0010698037,0.0,0.0,-0.4453178,0
1777225866449000,-0.002354419,0.0013838658,0.0011181636,0.0,0.0,-0.44393983,0
1777225866469000,-0.0044042594,0.0014740346,0.0011256705,0.0,0.0,-0.43777186,0
1777225866493000,-0.0032374982,0.0034595018,0.0015338282,0.0,0.0,-0.4372062,0
1777225866513000,-0.00192945,0.00032292656,0.0016171932,0.0,0.0,-0.43734643,0
1777225866533000,-0.0019122163,0.00028438415,0.0016921028,0.0,0.0,-0.43756855,0
1777225866553000,-0.004045365,-0.0006108034,0.0013817959,0.0,0.0,-0.43775082,0
1777225866573000,-0.0048395693,-0.0016307109,0.0015887041,0.0,0.0,-0.43794975,0
1777225866589000,-0.0054930737,-0.00040333136,0.0019676555,0.0,0.0,-0.43290567,0
1777225866609000,-0.0055503626,-0.00083643285,0.0020901002,0.0,0.0,-0.4385318,0
1777225866629000,-0.006265073,-0.002765175,0.0021528807,0.0,0.0,-0.43343186,0
1777225866649000,-0.003931186,-0.0040740436,0.0017581102,0.0,0.0,-0.4388814,0
1777225866669000,-0.0033060322,-0.002388075,0.0017635473,0.0,0.0,-0.43393978,0
1777225866689000,-0.0035581964,-0.0029566875,0.0016478761,0.0,0.0,-0.43946835,0
1777225866709000,-0.0023605265,-0.0025279808,0.0015751277,0.0,0.0,-0.4346419,0
1777225866729000,-0.0023533222,-0.0032948744,0.000997805,0.0,0.0,-0.44001845,0
1777225866749000,-0.0032449847,-0.002786244,0.00085649034,0.0,0.0,-0.435302,0
1777225866769000,-0.0012074623,-0.0027417564,0.00089366315,0.0,0.0,-0.4403741,0
1777225866789000,-0.0016012966,-0.002366583,0.00084595196,0.0,0.0,-0.43570706,0
1777225866809000,-0.00165375,-0.004066661,0.0005800412,0.0,0.0,-0.44089857,0
1777225866833000,-0.0017764611,-0.0044213356,8.251099e-05,0.0,0.0,-0.4411136,0
1777225866849000,-0.002292972,-0.005422688,-0.00020406255,0.0,0.0,-0.44135848,0
1777225866869000,-0.004119511,-0.0059104213,-0.0004608594,0.0,0.0,-0.43687665,0
1777225866893000,-0.0050776917,-0.004469008,-0.00094581395,0.0,0.0,-0.44190207,0
1777225866909000,-0.005017624,-0.0026233075,-0.0012729536,0.0,0.0,-0.43740323,0
1777225866929000,-0.003793776,-5.7783243e-05,-0.0014730426,0.0,0.0,-0.4424152,0
1777225866953000,-0.0028196352,-0.0023365067,-0.0014038505,0.0,0.0,-0.4426439,0
1777225866969000,-0.0029555617,-0.002632217,-0.0013776007,0.0,0.0,-0.4428383,0
1777225866989000,-0.0036206166,-0.0016955688,-0.00158623,0.0,0.0,-0.43859965,0
1777225867013000,-0.003505833,-0.0007128778,-0.0016637766,0.0,0.0,-0.44339013,0
1777225867033000,-0.0012916749,-0.0021479914,-0.0017121527,0.0,0.0,-0.44369274,0
1777225867053000,-0.0030619882,-0.0014971964,-0.002221799,0.0,0.0,-0.4439516,0
1777225867069000,-0.0022361942,-0.0009960855,-0.0020282487,0.0,0.0,-0.4398464,0
1777225867093000,-0.00097539247,-0.0019909702,-0.0019231322,0.0,0.0,-0.44448897,0
1777225867113000,-0.000679398,-0.002869735,-0.0020325482,0.0,0.0,-0.44462484,0
1777225867133000,-0.0009561656,-0.002106203,-0.0021652216,0.0,0.0,-0.44481108,0
1777225867149000,-0.0018349999,0.0009916018,-0.0020207223,0.0,0.0,-0.44106048,0
1777225867169000,-0.0012370377,-0.00042203214,-0.0019676262,0.0,0.0,-0.44555014,0
1777225867189000,-0.0021857128,-0.00022637208,-0.0020895852,0.0,0.0,-0.44173244,0
1777225867209000,-0.00036417088,0.0014410039,-0.0020017675,0.0,0.0,-0.44614798,0
1777225867229000,-0.0013463789,-0.0005885381,-0.0019528177,0.0,0.0,-0.4423779,0
1777225867253000,-0.0021053993,-0.00019473955,-0.0019760164,0.0,0.0,-0.4466718,0
1777225867269000,-0.00042576436,-0.0006919419,-0.0018150788,0.0,0.0,-0.44285288,0
1777225867289000,-0.000742114,-0.0018000924,-0.0016340781,0.0,0.0,-0.44719574,0
1777225867309000,-0.00089910964,-0.0021782098,-0.0014517475,0.0,0.0,-0.44355014,0
1777225867329000,-0.002035122,-0.0024715336,-0.0014936631,0.0,0.0,-0.44785854,0
1777225867349000,-0.0022267683,-0.0017857394,-0.0011028042,0.0,0.0,-0.4442759,0
1777225867369000,-0.0025710498,-0.0009607587,-0.0007597902,0.0,0.0,-0.4483881,0
1777225867389000,-0.0026462197,-0.00015021698,-0.0008658031,0.0,0.0,-0.44491616,0
1777225867409000,-0.004346059,0.0011099901,-0.0005798978,0.0,0.0,-0.4490589,0
1777225867429000,-0.0035264483,0.0028310325,-0.00055986736,0.0,0.0,-0.4454939,0
1777225867449000,-0.0022740054,0.00065320276,-0.0004109349,0.0,0.0,-0.4494895,0
1777225867469000,-0.0020288352,0.000740789,-0.0006715618,0.0,0.0,-0.44602424,0
1777225867489000,-0.0016468713,0.00018654541,-0.00043973373,0.0,0.0,-0.44990942,0
1777225867509000,-0.0007213795,-0.0009968084,-1.2872275e-05,0.0,0.0,-0.44662523,0
1777225867529000,-0.0010958639,-0.0020068677,-0.00013522571,0.0,0.0,-0.45056373,0
1777225867549000,-0.000393404,-0.0019758693,5.7675876e-05,0.0,0.0,-0.44730794,0
1777225867573000,-0.001958386,0.0007179066,0.000551953,0.0,0.0,-0.4510326,0
1777225867589000,-0.0026927965,6.385756e-05,0.00040027918,0.0,0.0,-0.4478784,0
1777225867609000,-0.0025566148,0.00092108053,0.0005426924,0.0,0.0,-0.4516924,0
1777225867629000,-0.0026501187,0.0013665474,0.00078194914,0.0,0.0,-0.44850576,0
1777225867649000,-0.0026415254,0.0002436701,0.0011691442,0.0,0.0,-0.45219034,0
1777225867669000,-0.0032987958,0.00026307206,0.00073322747,0.0,0.0,-0.44917423,0
1777225867693000,-0.0044110618,0.0026910764,0.0006781267,0.0,0.0,-0.45269376,0
1777225867709000,-0.004340046,0.0032801854,0.000704044,0.0,0.0,-0.44966522,0
1777225867729000,-0.0035415823,0.003559846,0.00066415267,0.0,0.0,-0.45323473,0
1777225867753000,-0.0015344563,0.0042265877,0.00054721674,0.0,0.0,-0.45371464,0
1777225867773000,-0.0023095137,0.0031580566,0.00097295037,0.0,0.0,-0.45397985,0
1777225867793000,-0.0020547197,0.0016981799,0.00083278306,0.0,0.0,-0.454192,0
1777225867813000,-0.0041223783,0.0024370358,0.00091914367,0.0,0.0,-0.45451602,0
1777225867829000,-0.0037681006,0.0032023916,0.0009672134,0.0,0.0,-0.4518666,0
1777225867849000,-0.004609578,0.0029661725,0.0011378061,0.0,0.0,-0.45521197,0
1777225867869000,-0.003902864,0.0016502006,0.0007762839,0.0,0.0,-0.45238972,0
1777225867889000,-0.0031699764,0.001077022,0.00069306884,0.0,0.0,-0.45564312,0
1777225867913000,-0.004033297,0.0035702554,0.00039927196,0.0,0.0,-0.45594692,0
1777225867933000,-0.002343531,0.0031125783,0.00048685493,0.0,0.0,-0.4561782,0
1777225867953000,-0.00052221044,0.002452707,0.00069523975,0.0,0.0,-0.45657396,0
1777225867969000,0.0015334181,0.0028097187,0.00024348125,0.0,0.0,-0.45675805,0
1777225867989000,0.001790395,0.0026078,-9.491714e-05,0.0,0.0,-0.45416373,0
1777225868009000,-0.00080139923,0.0029918507,-0.00031279074,0.0,0.0,-0.4573641,0
1777225868029000,0.0014432232,0.0027004264,-0.00011482043,0.0,0.0,-0.4548668,0
1777225868049000,0.0027928222,0.0019781129,-0.00033305585,0.0,0.0,-0.45779988,0
1777225868069000,0.0011021091,0.00012599364,3.2374635e-05,0.0,0.0,-0.45527357,0
1777225868089000,0.0014904523,-0.0024353291,-4.2137224e-05,0.0,0.0,-0.4581721,0
1777225868109000,0.0018980482,-0.0016877695,-0.00011784211,0.0,0.0,-0.45580184,0
1777225868129000,0.004392038,-4.13013e-06,-0.0002531493,0.0,0.0,-0.45865664,0
1777225868149000,0.0052118017,0.0007190282,-0.00056331605,0.0,0.0,-0.45635185,0
1777225868169000,0.0042956825,-0.0002544087,-0.00046695163,0.0,0.0,-0.4593554,0
1777225868189000,0.003824956,0.001251055,-0.00055861566,0.0,0.0,-0.4571015,0
1777225868209000,0.0016598621,0.0026709514,-0.0005585863,0.0,0.0,-0.45990682,0
1777225868233000,0.0039584707,0.002186523,-0.00059744436,0.0,0.0,-0.46014258,0
1777225868249000,0.00460341,0.0005952146,-0.00072249677,0.0,0.0,-0.4604372,0
1777225868273000,0.004111472,0.00060361845,-0.0004348508,0.0,0.0,-0.46077478,0
1777225868293000,0.0040196315,0.0013704232,-0.00039947405,0.0,0.0,-0.4609496,0
1777225868309000,0.00316858,0.0003257156,-0.00018602051,0.0,0.0,-0.45878926,0
1777225868329000,0.0018427399,0.00013592369,-0.00025036884,0.0,0.0,-0.46146396,0
1777225868349000,0.0037346378,0.0008706326,-0.0005244808,0.0,0.0,-0.45928797,0
1777225868369000,0.0028985606,0.0003385064,-0.00014580972,0.0,0.0,-0.4619973,0
1777225868389000,0.0026761307,-2.7304024e-05,-2.0151027e-05,0.0,0.0,-0.45989957,0
1777225868409000,0.0027050548,0.00019258948,8.6592045e-05,0.0,0.0,-0.4624713,0
1777225868429000,0.0019450933,-0.0002793954,-0.00011469331,0.0,0.0,-0.46043527,0
1777225868453000,0.001580039,0.00019140051,-0.00028755795,0.0,0.0,-0.46311718,0
1777225868469000,0.0036872518,0.0010223717,-0.00029456615,0.0,0.0,-0.46108484,0
1777225868489000,0.005057814,0.0016677581,-0.00049415324,0.0,0.0,-0.4637655,0
1777225868509000,0.0066255056,0.0015045257,-0.00095344475,0.0,0.0,-0.46177226,0
1777225868529000,0.0067372494,-0.00053037674,-0.0012548594,0.0,0.0,-0.46427694,0
1777225868553000,0.0064890035,0.0005559078,-0.0012545139,0.0,0.0,-0.46458524,0
1777225868569000,0.0052254885,0.0006815803,-0.0011328678,0.0,0.0,-0.46495128,0
1777225868589000,0.0052807587,0.0013671456,-0.0009623533,0.0,0.0,-0.46315616,0
1777225868609000,0.006019518,0.0021267694,-0.0007544183,0.0,0.0,-0.46553755,0
1777225868633000,0.004532279,0.0022196467,-0.00048014987,0.0,0.0,-0.46577996,0
1777225868653000,0.0037166844,0.0027621754,-0.00038144505,0.0,0.0,-0.4659722,0
1777225868673000,0.0057816813,0.0009907414,-0.00035903836,0.0,0.0,-0.46622273,0
1777225868689000,0.0057023293,0.0016356214,-0.00028852932,0.0,0.0,-0.4663604,0
1777225868709000,0.0054452796,0.0016797985,-0.00037228223,0.0,0.0,-0.46449396,0
1777225868729000,0.0042482307,0.0006176608,-0.00023915898,0.0,0.0,-0.46677116,0
1777225868753000,0.0044431305,0.0023438323,-0.0005786526,0.0,0.0,-0.46703383,0
1777225868769000,0.0029527943,0.0032937757,-0.0007855706,0.0,0.0,-0.46733412,0
1777225868793000,0.0031369526,0.0035259398,-0.00084452424,0.0,0.0,-0.46762887,0
1777225868809000,0.0021577706,0.004482743,-0.0005683098,0.0,0.0,-0.46780232,0
1777225868829000,0.0024109925,0.0052332124,-0.00041510724,0.0,0.0,-0.46600217,0
1777225868849000,0.0015369088,0.0057543474,-0.00032456452,0.0,0.0,-0.46815753,0
1777225868869000,0.0016869444,0.005141749,-0.0002612006,0.0,0.0,-0.46665388,0
1777225868889000,0.0017877313,0.0032511624,-0.00025641872,0.0,0.0,-0.46873116,0
1777225868909000,0.0015544266,0.0026149799,-0.00019424781,0.0,0.0,-0.46718347,0
1777225868929000,-0.00086827966,0.00369178,-5.5058394e-05,0.0,0.0,-0.46928784,0
1777225868949000,-0.0006529131,0.003934908,9.442167e-05,0.0,0.0,-0.46774334,0
1777225868969000,-0.0006511438,0.0030431387,9.50573e-05,0.0,0.0,-0.46967205,0
1777225868993000,0.00012761932,0.001194459,0.00026300643,0.0,0.0,-0.4699905,0
1777225869013000,-0.00035266328,0.00094072806,0.0001519802,0.0,0.0,-0.47007054,0
1777225869029000,0.00020468715,0.0022492525,6.438745e-05,0.0,0.0,-0.46858215,0
1777225869049000,0.00026615578,0.0018282298,0.00037886016,0.0,0.0,-0.4706412,0
1777225869069000,5.742736e-05,0.0026631507,0.00045220507,0.0,0.0,-0.46919096,0
1777225869093000,-0.0006322479,0.0028240173,0.00062320847,0.0,0.0,-0.4709858,0
1777225869113000,-0.0012618271,0.0034215557,0.0002685478,0.0,0.0,-0.47130325,0
1777225869133000,-0.00058646145,0.0060296785,0.00042571407,0.0,0.0,-0.4713893,0
1777225869153000,-0.0002819923,0.005599127,0.00050036283,0.0,0.0,-0.47150436,0
1777225869169000,-0.00082648516,0.004051602,0.00015833648,0.0,0.0,-0.47169456,0
1777225869189000,0.00031871343,0.0043429025,-7.509859e-05,0.0,0.0,-0.47026843,0
1777225869209000,0.0013124099,0.0045002485,-0.00016117562,0.0,0.0,-0.4719888,0
1777225869233000,0.0016683479,0.0048159817,0.0001601358,0.0,0.0,-0.47237533,0
1777225869253000,0.00016484407,0.0047847624,0.00012683542,0.0,0.0,-0.47243497,0
1777225869273000,0.0005855636,0.0033006894,0.00024567172,0.0,0.0,-0.4726077,0
1777225869289000,-0.0023922864,0.0046035643,4.9438793e-05,0.0,0.0,-0.47272694,0
1777225869309000,-0.0029507848,0.0028849095,8.990057e-06,0.0,0.0,-0.4713819,0
1777225869333000,-0.0019286311,0.002450186,-3.980007e-06,0.0,0.0,-0.47323656,0
1777225869353000,-0.0031178382,0.0026313884,-0.00015269732,0.0,0.0,-0.47348177,0
1777225869369000,-0.0028128966,0.00167801,7.558428e-05,0.0,0.0,-0.47365737,0
1777225869389000,-0.0014764406,0.0030325083,-0.00015315693,0.0,0.0,-0.47246453,0
1777225869413000,-0.0031791646,0.004625497,-0.00022308575,0.0,0.0,-0.47403845,0
1777225869429000,-0.004036924,0.0038047666,0.00031572767,0.0,0.0,-0.4727726,0
1777225869449000,-0.0016423947,0.0032909526,0.0004119682,0.0,0.0,-0.47437376,0
1777225869469000,-0.0017299089,0.0052184467,0.00024231756,0.0,0.0,-0.4733183,0
1777225869489000,-0.0008931712,0.006112914,0.00013380125,0.0,0.0,-0.474894,0
1777225869509000,-0.00068294007,0.0043471158,0.00036645075,0.0,0.0,-0.4737124,0
1777225869529000,-0.001820508,0.0040732264,0.0008755787,0.0,0.0,-0.47524345,0
1777225869553000,-0.0007578191,0.0012051603,0.00092193065,0.0,0.0,-0.4753894,0
1777225869573000,-0.00093232957,0.0012900119,0.0014241971,0.0,0.0,-0.47548884,0
1777225869593000,-0.0015746065,0.00054427405,0.0016476968,0.0,0.0,-0.47575608,0
1777225869609000,-0.0009689305,0.0017324645,0.0014857617,0.0,0.0,-0.47578004,0
1777225869629000,-0.002403198,0.0016947553,0.0013744519,0.0,0.0,-0.47463652,0
1777225869649000,-0.0019944573,0.0015576514,0.0013802964,0.0,0.0,-0.47606552,0
1777225869669000,0.0002671518,0.0019763738,0.0016160132,0.0,0.0,-0.47497892,0
1777225869689000,0.0012065991,0.0030607122,0.0017867428,0.0,0.0,-0.47642028,0
1777225869709000,4.8782156e-05,0.0017687635,0.0016168607,0.0,0.0,-0.47522038,0
1777225869733000,0.00085641455,0.0013138537,0.001637191,0.0,0.0,-0.47671103,0
1777225869749000,0.0006155345,0.0017543691,0.0014081467,0.0,0.0,-0.475763,0
1777225869773000,-0.00064120017,0.0006970321,0.0011898917,0.0,0.0,-0.47704345,0
1777225869793000,0.0014679169,0.001013077,0.00069315033,0.0,0.0,-0.47715598,0
1777225869809000,0.00062615296,0.0012830894,0.00077366317,0.0,0.0,-0.4772337,0
1777225869829000,0.00074497325,0.0017661181,0.00049201166,0.0,0.0,-0.47628465,0
1777225869849000,0.0003674544,8.200658e-05,0.00038751448,0.0,0.0,-0.47756326,0
1777225869869000,0.0010000579,-0.00027667874,2.6549678e-05,0.0,0.0,-0.47657523,0
1777225869893000,0.0030952005,-0.0001062523,7.6487195e-05,0.0,0.0,-0.47786874,0
1777225869913000,0.0012998035,-0.0015209375,-3.919052e-05,0.0,0.0,-0.4781292,0
1777225869929000,-0.00032092276,-0.0044337953,-4.7818758e-06,0.0,0.0,-0.47821707,0
1777225869949000,-0.0008223248,-0.003734315,-4.2851083e-05,0.0,0.0,-0.47731066,0
1777225869969000,-0.002272988,-0.0021027725,0.00067628827,0.0,0.0,-0.4785862,0
1777225869989000,-0.0020631142,-0.0008574328,0.0010827216,0.0,0.0,-0.47772852,0
1777225870009000,-0.00050699664,0.0007357345,0.0014872286,0.0,0.0,-0.4790239,0
1777225870029000,-0.00058508007,0.001190901,0.0013718703,0.0,0.0,-0.4780817,0
1777225870049000,0.00010595749,0.0014625652,0.0010485542,0.0,0.0,-0.47926837,0
1777225870069000,0.0017367724,5.346928e-05,0.0006527342,0.0,0.0,-0.47838467,0
1777225870089000,0.00070011616,0.000505208,0.00032084528,0.0,0.0,-0.4795609,0
1777225870109000,-0.00075068965,0.00043030907,-6.6548586e-05,0.0,0.0,-0.47865102,0
1777225870129000,0.0010015818,0.0016543857,-0.00022512628,0.0,0.0,-0.47985268,0
1777225870149000,-9.816628e-05,0.00096275535,-0.00016673328,0.0,0.0,-0.47904575,0
1777225870169000,-0.00014136857,0.0029383004,-7.099472e-05,0.0,0.0,-0.48005295,0
1777225870193000,0.0020669473,0.0032000311,-0.00018003257,0.0,0.0,-0.48016828,0
1777225870209000,0.00196156,0.0029349735,-6.096158e-05,0.0,0.0,-0.48019058,0
1777225870233000,0.0013300171,0.0020359426,-0.0004609865,0.0,0.0,-0.48029378,0
1777225870253000,0.0020750384,0.0020615326,-0.0008662008,0.0,0.0,-0.480226,0
1777225870273000,0.0020321032,0.0015064285,-0.0010449067,0.0,0.0,-0.48021483,0
1777225870293000,0.0029367567,0.002712972,-0.0007400499,0.0,0.0,-0.48027983,0
1777225870309000,0.0022819676,0.0028197349,-0.0008697375,0.0,0.0,-0.4794368,0
1777225870333000,0.00040607253,0.0030241862,-0.0010474492,0.0,0.0,-0.48031437,0
1777225870349000,0.0020878634,0.003800513,-0.00092258584,0.0,0.0,-0.479378,0
1777225870373000,0.0030374082,0.0040041246,-0.0009911326,0.0,0.0,-0.48043507,0
1777225870393000,0.0020283516,0.0026058925,-0.0010366011,0.0,0.0,-0.4805898,0
1777225870413000,0.0017478343,0.0017472159,-0.0012637484,0.0,0.0,-0.4806627,0
1777225870429000,0.0035662327,0.0020050844,-0.001174503,0.0,0.0,-0.4798813,0
1777225870449000,0.0006154766,0.0016463837,-0.0010077208,0.0,0.0,-0.4809665,0
1777225870469000,0.00024689164,0.0013084337,-0.00086243916,0.0,0.0,-0.48021722,0
1777225870489000,0.00077952916,0.0014792001,-0.00076815113,0.0,0.0,-0.48114243,0
1777225870509000,0.0001112312,0.0019935172,-0.0007054033,0.0,0.0,-0.48040617,0
1777225870529000,-0.0007929703,0.002561275,-0.0008003595,0.0,0.0,-0.4813212,0
1777225870549000,0.0011014196,0.0021273545,-0.0009075296,0.0,0.0,-0.4807034,0
1777225870573000,-0.0003922428,0.0003541837,-0.00060075615,0.0,0.0,-0.48157147,0
1777225870593000,-0.0019064723,0.0006843353,-0.000347496,0.0,0.0,-0.4817304,0
1777225870609000,-0.0019334388,0.00031253207,-0.00034912582,0.0,0.0,-0.48185807,0
1777225870629000,-0.0017746831,-4.2591164e-05,-0.00033578742,0.0,0.0,-0.4812485,0
1777225870649000,-0.000394059,0.0010402531,-0.00033550058,0.0,0.0,-0.48218262,0
1777225870669000,-0.0002051513,0.00091384386,-0.00043987064,0.0,0.0,-0.48151508,0
1777225870693000,-4.782224e-05,-0.00054690224,-0.00015388383,0.0,0.0,-0.48224625,0
1777225870713000,-0.00042772762,-0.0016923812,-0.00831557,0.0,0.0,-0.4825436,0
1777225870729000,0.0008670379,0.025173025,-0.014147838,0.0,0.0,-0.4826993,0
1777225870753000,-0.0013611751,0.06554044,-0.023732238,0.0,0.0,-0.48303333,0
1777225870769000,-0.0006345273,0.092609905,-0.030775346,0.0,0.0,-0.48324263,0
1777225870793000,-0.001099195,0.13306868,-0.041288126,0.0,0.0,-0.4834398,0
1777225870809000,-0.00096176344,0.15669045,-0.04880231,0.0,0.0,-0.48376006,0
1777225870829000,-0.0026177529,0.14918913,-0.048719138,0.0,0.0,-0.48321417,0
1777225870849000,-0.0032750806,0.21380356,-0.06777163,0.0,0.0,-0.48425096,0
1777225870873000,-0.0021798187,0.24472803,-0.07991797,0.0,0.0,-0.48450127,0
1777225870889000,-0.00094946416,0.26374808,-0.08817301,0.0,0.0,-0.48471448,0
1777225870909000,0.0007580233,0.24341257,-0.08704709,0.0,0.0,-0.4838643,0
1777225870929000,0.0004826598,0.30532044,-0.10843656,0.0,0.0,-0.48516396,0
1777225870949000,0.0016566797,0.27828157,-0.10784259,0.0,0.0,-0.48437086,0
1777225870969000,0.0037791377,0.33887517,-0.13016306,0.0,0.0,-0.48587427,0
1777225870989000,0.006294756,0.30891907,-0.12840757,0.0,0.0,-0.48516235,0
1777225871013000,0.008230252,0.36120212,-0.15105382,0.0,0.0,-0.48676994,0
1777225871029000,0.010524282,0.32957587,-0.14861831,0.0,0.0,-0.48586386,0
1777225871053000,0.014841968,0.38424006,-0.17170992,0.0,0.0,-0.48771816,0
1777225871073000,0.01589448,0.39879772,-0.18508053,0.0,0.0,-0.48830292,0
1777225871093000,0.018163702,0.39935023,-0.1928742,0.0,0.0,-0.4887085,0
1777225871109000,0.020567127,0.36103457,-0.18934241,0.0,0.0,-0.48770213,0
1777225871133000,0.022012204,0.41128075,-0.21312255,0.0,0.0,-0.48985633,0
1777225871149000,0.024582837,0.3714399,-0.20877166,0.0,0.0,-0.48860025,0
1777225871169000,0.023707263,0.4305517,-0.23350781,0.0,0.0,-0.49098417,0
1777225871189000,0.026048988,0.37687597,-0.22738343,0.0,0.0,-0.48971567,0
1777225871209000,0.027287312,0.43737066,-0.2525797,0.0,0.0,-0.49229184,0
1777225871229000,0.03051331,0.38372406,-0.2453095,0.0,0.0,-0.49084732,0
1777225871249000,0.029640868,0.44184723,-0.2704295,0.0,0.0,-0.49365634,0
1777225871269000,0.031327065,0.38559645,-0.26167887,0.0,0.0,-0.49208978,0
1777225871289000,0.027809024,0.44443452,-0.2865985,0.0,0.0,-0.49484164,0
1777225871309000,0.029150488,0.38504463,-0.27679718,0.0,0.0,-0.49333116,0
1777225871329000,0.02837967,0.44562238,-0.30212846,0.0,0.0,-0.49646312,0
1777225871353000,0.027337968,0.44596353,-0.31065363,0.0,0.0,-0.49722776,0
1777225871369000,0.026766757,0.44665736,-0.31620914,0.0,0.0,-0.497877,0
1777225871389000,0.029844822,0.38439542,-0.3045529,0.0,0.0,-0.49597418,0
1777225871409000,0.026299858,0.4457407,-0.32947558,0.0,0.0,-0.49967334,0
1777225871433000,0.023832608,0.44410276,-0.33701646,0.0,0.0,-0.5006351,0
1777225871449000,0.02037441,0.44145262,-0.34159255,0.0,0.0,-0.5013622,0
1777225871473000,0.016930774,0.4399173,-0.34822375,0.0,0.0,-0.50252414,0
1777225871489000,0.014411803,0.4364546,-0.35254747,0.0,0.0,-0.50331444,0
1777225871513000,0.010836955,0.40914166,-0.358912,0.0,0.0,-0.50339764,0
1777225871529000,0.01249405,0.3846221,-0.3631897,0.0,0.0,-0.50312966,0
1777225871553000,0.013171405,0.3494118,-0.36920705,0.0,0.0,-0.5027839,0
1777225871569000,0.013818234,0.3239179,-0.3734336,0.0,0.0,-0.5026259,0
1777225871589000,0.018182456,0.25636315,-0.35689276,0.0,0.0,-0.5004231,0
1777225871609000,0.015521713,0.2701264,-0.38387197,0.0,0.0,-0.50237644,0
1777225871629000,0.018963486,0.2057721,-0.3661692,0.0,0.0,-0.5002955,0
1777225871649000,0.013990387,0.22309648,-0.3937,0.0,0.0,-0.50252175,0
1777225871669000,0.015755959,0.16187696,-0.37588173,0.0,0.0,-0.50052255,0
1777225871689000,0.010711126,0.18166077,-0.40372425,0.0,0.0,-0.5031222,0
1777225871709000,0.015253201,0.122847475,-0.3858805,0.0,0.0,-0.5012428,0
1777225871729000,0.009178102,0.15011108,-0.4145856,0.0,0.0,-0.5036957,0
1777225871749000,0.0139138475,0.091787204,-0.39579028,0.0,0.0,-0.50163364,0
1777225871769000,0.007031806,0.11834279,-0.42526352,0.0,0.0,-0.5040899,0
1777225871789000,0.013215601,0.06333216,-0.40556192,0.0,0.0,-0.5023365,0
1777225871813000,0.0070147067,0.091347724,-0.4310096,0.0,0.0,-0.50470227,0
1777225871833000,0.0050207525,0.08306983,-0.44187844,0.0,0.0,-0.50523293,0
1777225871849000,0.004075691,0.075030535,-0.44621795,0.0,0.0,-0.5054179,0
1777225871869000,0.009949908,0.023384765,-0.42516744,0.0,0.0,-0.50358313,0
1777225871889000,0.0020603538,0.056498695,-0.4563173,0.0,0.0,-0.50617445,0
1777225871909000,0.009084478,0.0056266226,-0.43497682,0.0,0.0,-0.50428474,0
1777225871929000,-0.00054331124,0.042141985,-0.46703005,0.0,0.0,-0.5066525,0
1777225871953000,-0.002145499,0.034596004,-0.4740312,0.0,0.0,-0.50683063,0
1777225871973000,-0.0034086555,0.028636178,-0.47395164,0.0,0.0,-0.5070361,0
1777225871989000,0.007819653,-0.0216736,-0.45694715,0.0,0.0,-0.50481576,0
1777225872009000,-0.0020631552,0.015988618,-0.49105728,0.0,0.0,-0.5072024,0
1777225872029000,0.0081703365,-0.034719784,-0.4690398,0.0,0.0,-0.5053458,0
1777225872049000,-0.0041306913,0.008221881,-0.5039732,0.0,0.0,-0.507861,0
1777225872073000,-0.00629431,0.0038232468,-0.5122709,0.0,0.0,-0.5080893,0
1777225872093000,-0.0052305013,0.0025539026,-0.5124318,0.0,0.0,-0.5082491,0
1777225872109000,0.008905828,-0.04820073,-0.49503294,0.0,0.0,-0.50627965,0
1777225872129000,-0.0063115507,-0.0052695647,-0.5316144,0.0,0.0,-0.5086015,0
1777225872153000,-0.0065047443,-0.008149799,-0.5404316,0.0,0.0,-0.508954,0
1777225872173000,-0.008140668,-0.010233276,-0.5406856,0.0,0.0,-0.5092242,0
1777225872189000,0.005564064,-0.059193272,-0.5229785,0.0,0.0,-0.50727135,0
1777225872209000,-0.010025352,-0.014141522,-0.5612768,0.0,0.0,-0.50958407,0
1777225872229000,0.008000866,-0.06382212,-0.53732616,0.0,0.0,-0.5075532,0
1777225872249000,-0.008813933,-0.017423734,-0.5762871,0.0,0.0,-0.50986516,0
1777225872269000,0.0107253045,-0.066983014,-0.55193365,0.0,0.0,-0.5076892,0
1777225872289000,-0.006753579,-0.01886738,-0.59128153,0.0,0.0,-0.509858,0
1777225872309000,0.013050497,-0.07102018,-0.5672759,0.0,0.0,-0.5076192,0
1777225872329000,-0.00787504,-0.022820354,-0.6076683,0.0,0.0,-0.5099278,0
1777225872349000,0.0145922005,-0.07500109,-0.5826841,0.0,0.0,-0.5077263,0
1777225872369000,-0.0069149435,-0.025046356,-0.6238038,0.0,0.0,-0.5100577,0
1777225872389000,0.016508624,-0.07559822,-0.5977981,0.0,0.0,-0.5080221,0
1777225872409000,-0.0054453313,-0.023889989,-0.6395029,0.0,0.0,-0.51026726,0
1777225872429000,0.02116175,-0.073974065,-0.6131135,0.0,0.0,-0.50813496,0
1777225872453000,-0.0052485913,-0.019729644,-0.64850676,0.0,0.0,-0.5104979,0
1777225872473000,-0.0053477883,-0.021267377,-0.6653358,0.0,0.0,-0.5104243,0
1777225872493000,-0.0062616616,-0.021042034,-0.6655007,0.0,0.0,-0.5103689,0
1777225872513000,-0.0068496317,-0.020887762,-0.68252164,0.0,0.0,-0.5102817,0
1777225872529000,-0.0072100013,-0.022453956,-0.68936956,0.0,0.0,-0.5103704,0
1777225872553000,-0.0034423321,-0.027741626,-0.7002329,0.0,0.0,-0.51007956,0
1777225872573000,0.008461013,-0.043085314,-0.70207703,0.0,0.0,-0.50919783,0
1777225872593000,0.025766462,-0.07175185,-0.7226892,0.0,0.0,-0.50792694,0
1777225872609000,0.038832948,-0.08879296,-0.73191255,0.0,0.0,-0.5070445,0
1777225872629000,0.072940975,-0.13737908,-0.70235443,0.0,0.0,-0.5050606,0
1777225872649000,0.07015227,-0.12447318,-0.7548994,0.0,0.0,-0.5052392,0
1777225872669000,0.10698432,-0.17162858,-0.72415274,0.0,0.0,-0.50336915,0
1777225872689000,0.10206911,-0.15997362,-0.7779222,0.0,0.0,-0.50376886,0
1777225872709000,0.134366,-0.20348045,-0.7460952,0.0,0.0,-0.5022853,0
1777225872729000,0.12617902,-0.18691902,-0.80076915,0.0,0.0,-0.5027,0
1777225872749000,0.16058765,-0.2246799,-0.76688576,0.0,0.0,-0.5012189,0
1777225872769000,0.15136474,-0.20538612,-0.8218592,0.0,0.0,-0.5016545,0
1777225872789000,0.1834661,-0.24100956,-0.78745264,0.0,0.0,-0.50040126,0
1777225872809000,0.1747187,-0.22293198,-0.8434063,0.0,0.0,-0.5006983,0
1777225872829000,0.20689449,-0.2576921,-0.8074814,0.0,0.0,-0.49955457,0
1777225872849000,0.19543958,-0.23644887,-0.86413413,0.0,0.0,-0.49973658,0
1777225872869000,0.22659618,-0.2650224,-0.8263654,0.0,0.0,-0.4987859,0
1777225872889000,0.2129978,-0.24547708,-0.8834899,0.0,0.0,-0.498767,0
1777225872909000,0.24484298,-0.2741481,-0.84425604,0.0,0.0,-0.4979147,0
1777225872929000,0.23189959,-0.25097638,-0.90175104,0.0,0.0,-0.49785915,0
1777225872949000,0.26351652,-0.2765802,-0.8603136,0.0,0.0,-0.49694204,0
1777225872969000,0.24778661,-0.25312036,-0.9178265,0.0,0.0,-0.49677798,0
1777225872989000,0.2794836,-0.27442652,-0.8752241,0.0,0.0,-0.49617547,0
1777225873009000,0.26751825,-0.2515695,-0.9331096,0.0,0.0,-0.49562636,0
1777225873029000,0.29851514,-0.27180934,-0.8885341,0.0,0.0,-0.49514735,0
1777225873049000,0.2853203,-0.24860895,-0.9464637,0.0,0.0,-0.4947795,0
1777225873069000,0.3154932,-0.26486355,-0.8999962,0.0,0.0,-0.4944042,0
1777225873089000,0.30169567,-0.24606459,-0.9581672,0.0,0.0,-0.4940233,0
1777225873109000,0.33078358,-0.2594575,-0.91007185,0.0,0.0,-0.49391854,0
1777225873129000,0.31682456,-0.24018599,-0.968711,0.0,0.0,-0.49641317,0
1777225873149000,0.34732857,-0.25326705,-0.91889536,0.0,0.0,-0.496336,0
1777225873169000,0.33059794,-0.23121881,-0.9777377,0.0,0.0,-0.5034583,0
1777225873189000,0.3582618,-0.2419281,-0.92641604,0.0,0.0,-0.50316256,0
1777225873209000,0.3450329,-0.22011535,-0.98515934,0.0,0.0,-0.50302243,0
1777225873229000,0.37221885,-0.23071173,-0.9320078,0.0,0.0,-0.5025116,0
1777225873249000,0.35024512,-0.20863995,-0.9913461,0.0,0.0,-0.5022241,0
1777225873269000,0.37766436,-0.21620789,-0.9368265,0.0,0.0,-0.5018237,0
1777225873289000,0.3606016,-0.19789329,-0.99682945,0.0,0.0,-0.5014546,0
1777225873309000,0.38577998,-0.20149949,-0.9417034,0.0,0.0,-0.5012445,0
1777225873333000,0.36222395,-0.18098909,-0.9912766,0.0,0.0,-0.50110507,0
1777225873353000,0.37145647,-0.17479438,-1.0051783,0.0,0.0,-0.50019765,0
1777225873369000,0.34999678,-0.16005686,-1.0080302,0.0,0.0,-0.49944848,0
1777225873389000,0.37408552,-0.16221187,-0.95113194,0.0,0.0,-0.4993316,0
1777225873409000,0.29265586,-0.12692557,-1.0148182,0.0,0.0,-0.49843672,0
1777225873429000,0.31520507,-0.1284301,-0.9576239,0.0,0.0,-0.4983719,0
1777225873449000,0.23468283,-0.09596042,-1.0220731,0.0,0.0,-0.49754155,0
1777225873469000,0.2597549,-0.099258594,-0.96415937,0.0,0.0,-0.49745607,0
1777225873489000,0.18002248,-0.07150759,-1.0294833,0.0,0.0,-0.49664605,0
1777225873513000,0.15138693,-0.058181137,-1.0341766,0.0,0.0,-0.49623615,0
1777225873529000,0.13241273,-0.05194608,-1.0374131,0.0,0.0,-0.4960161,0
1777225873549000,0.16745386,-0.054138537,-0.9788026,0.0,0.0,-0.49598926,0
1777225873569000,0.09375514,-0.03494164,-1.0460957,0.0,0.0,-0.49554545,0
1777225873593000,0.07306144,-0.027730122,-1.0517982,0.0,0.0,-0.49544272,0
1777225873609000,0.061302524,-0.02326862,-1.0552908,0.0,0.0,-0.49527308,0
1777225873629000,0.103051096,-0.021903941,-0.9959966,0.0,0.0,-0.4953219,0
1777225873649000,0.035879,-0.010512388,-1.0653172,0.0,0.0,-0.4949457,0
1777225873673000,0.024640642,-0.0030472968,-1.0721123,0.0,0.0,-0.49482733,0
1777225873689000,0.018591128,0.0009167958,-1.0743675,0.0,0.0,-0.49475303,0
1777225873713000,0.008723039,0.005908832,-1.0631526,0.0,0.0,-0.49475124,0
1777225873729000,0.0045849048,0.008572066,-1.0556011,0.0,0.0,-0.4946322,0
1777225873749000,0.056602348,0.0127584785,-0.99567646,0.0,0.0,-0.49471277,0
1777225873769000,-0.004229974,0.014598899,-1.0360818,0.0,0.0,-0.4943578,0
1777225873789000,0.043301146,0.023104314,-0.97563183,0.0,0.0,-0.49436057,0
1777225873809000,-0.016455214,0.020877441,-1.0139453,0.0,0.0,-0.49412593,0
1777225873833000,-0.020218994,0.022312356,-0.99987304,0.0,0.0,-0.49412915,0
1777225873853000,-0.02105141,0.02185547,-0.9774662,0.0,0.0,-0.4942267,0
1777225873869000,0.032862425,0.03410453,-0.92889106,0.0,0.0,-0.49442437,0
1777225873889000,-0.025912333,0.027120924,-0.96360356,0.0,0.0,-0.49414912,0
1777225873913000,-0.02915661,0.02947358,-0.94758546,0.0,0.0,-0.49402013,0
1777225873929000,-0.032408793,0.030962627,-0.9364566,0.0,0.0,-0.49394295,0
1777225873949000,0.018105112,0.044853672,-0.87641126,0.0,0.0,-0.49408826,0
1777225873973000,-0.037918314,0.029485714,-0.8968117,0.0,0.0,-0.49383345,0
1777225873989000,0.013215823,0.047179148,-0.8496751,0.0,0.0,-0.49400607,0
1777225874009000,-0.040978204,0.031267073,-0.8810738,0.0,0.0,-0.49382466,0
1777225874029000,0.007177526,0.05121715,-0.8227572,0.0,0.0,-0.49402863,0
1777225874049000,-0.050698895,0.034140877,-0.85321367,0.0,0.0,-0.49388257,0
1777225874073000,-0.058201946,0.032967206,-0.83670396,0.0,0.0,-0.49370453,0
1777225874089000,-0.062053926,0.032645117,-0.8261601,0.0,0.0,-0.4936228,0
1777225874109000,-0.015473917,0.055373926,-0.769796,0.0,0.0,-0.4937716,0
1777225874129000,-0.06778542,0.031923685,-0.79928976,0.0,0.0,-0.4935361,0
1777225874153000,-0.07441418,0.030439757,-0.7839709,0.0,0.0,-0.49341947,0
1777225874169000,-0.07747583,0.031513184,-0.7740974,0.0,0.0,-0.49353,0
1777225874189000,-0.030792497,0.05765269,-0.72078305,0.0,0.0,-0.49382508,0
1777225874213000,-0.082625456,0.029404905,-0.7389058,0.0,0.0,-0.4934901,0
1777225874233000,-0.08776089,0.029114138,-0.73557633,0.0,0.0,-0.49349794,0
1777225874253000,-0.09169209,0.027462572,-0.715887,0.0,0.0,-0.49334347,0
1777225874269000,-0.04522182,0.057617687,-0.6754498,0.0,0.0,-0.49345034,0
1777225874289000,-0.097225174,0.026272595,-0.70411307,0.0,0.0,-0.4931936,0
1777225874313000,-0.10194542,0.020701308,-0.69177735,0.0,0.0,-0.49309534,0
1777225874329000,-0.103714384,0.018740144,-0.6838155,0.0,0.0,-0.49307287,0
1777225874349000,-0.061293162,0.050985333,-0.6363543,0.0,0.0,-0.49329874,0
1777225874369000,-0.10684105,0.016135335,-0.66516405,0.0,0.0,-0.49293137,0
1777225874389000,-0.06575936,0.04866999,-0.6190357,0.0,0.0,-0.49315906,0
1777225874409000,-0.11239263,0.012083812,-0.6480123,0.0,0.0,-0.49299458,0
1777225874429000,-0.06881473,0.046604976,-0.60396206,0.0,0.0,-0.49306703,0
1777225874449000,-0.1125579,0.008213578,-0.633426,0.0,0.0,-0.49282476,0
1777225874469000,-0.071494766,0.045842327,-0.5905538,0.0,0.0,-0.4928092,0
1777225874489000,-0.11357451,0.0052981917,-0.6200324,0.0,0.0,-0.49255145,0
1777225874509000,-0.07297814,0.042275846,-0.5786266,0.0,0.0,-0.49254546,0
1777225874529000,-0.1159475,-0.00056514144,-0.60720193,0.0,0.0,-0.4923619,0
1777225874553000,-0.114292264,-0.0037303362,-0.6001243,0.0,0.0,-0.49223197,0
1777225874569000,-0.113980114,-0.005120529,-0.5961144,0.0,0.0,-0.4921909,0
1777225874589000,-0.07239214,0.034622148,-0.55710536,0.0,0.0,-0.49222907,0
1777225874609000,-0.11141318,-0.010218404,-0.58554864,0.0,0.0,-0.49187905,0
1777225874629000,-0.07354728,0.030913565,-0.5476037,0.0,0.0,-0.49188355,0
1777225874649000,-0.10733295,-0.011124387,-0.5758704,0.0,0.0,-0.4917327,0
1777225874669000,-0.07078281,0.031437367,-0.53912157,0.0,0.0,-0.49164042,0
1777225874693000,-0.10412782,-0.014491769,-0.5604661,0.0,0.0,-0.49141347,0
1777225874713000,-0.101140365,-0.018038591,-0.56272805,0.0,0.0,-0.49136975,0
1777225874733000,-0.09809894,-0.01914373,-0.5527089,0.0,0.0,-0.49129152,0
1777225874749000,-0.064001605,0.024318723,-0.5248651,0.0,0.0,-0.4912557,0
1777225874773000,-0.09245192,-0.022884443,-0.54560256,0.0,0.0,-0.49127564,0
1777225874789000,-0.059834793,0.022254918,-0.5182633,0.0,0.0,-0.49137145,0
1777225874809000,-0.08882619,-0.024577804,-0.5448839,0.0,0.0,-0.49129742,0
1777225874829000,-0.05450246,0.021689977,-0.51135415,0.0,0.0,-0.4911616,0
1777225874849000,-0.083554424,-0.027179688,-0.53761387,0.0,0.0,-0.49099648,0
1777225874869000,-0.04957037,0.018731412,-0.504487,0.0,0.0,-0.49104583,0
1777225874889000,-0.076493315,-0.031479165,-0.53023386,0.0,0.0,-0.49095017,0
1777225874909000,-0.04479552,0.0166098,-0.49830744,0.0,0.0,-0.49076253,0
1777225874929000,-0.07155915,-0.03171936,-0.5227817,0.0,0.0,-0.4906383,0
1777225874949000,-0.04040318,0.015972422,-0.49073973,0.0,0.0,-0.49049267,0
1777225874969000,-0.065039806,-0.03352927,-0.5145104,0.0,0.0,-0.4905281,0
1777225874989000,-0.03524405,0.014829794,-0.48346123,0.0,0.0,-0.49049163,0
1777225875009000,-0.05802936,-0.03800837,-0.5063782,0.0,0.0,-0.49065936,0
1777225875029000,-0.03077695,0.010423013,-0.47592917,0.0,0.0,-0.4904978,0
1777225875049000,-0.054443497,-0.04285692,-0.49803716,0.0,0.0,-0.49042434,0
1777225875069000,-0.028950863,0.0042083673,-0.4676946,0.0,0.0,-0.49020436,0
1777225875093000,-0.04491945,-0.050484125,-0.48343885,0.0,0.0,-0.49024436,0
1777225875109000,-0.020059433,-0.002033542,-0.45979893,0.0,0.0,-0.49022916,0
1777225875129000,-0.038969044,-0.055817805,-0.47993332,0.0,0.0,-0.49034044,0
1777225875149000,-0.0155182,-0.006605263,-0.45031056,0.0,0.0,-0.49018994,0
1777225875173000,-0.0352448,-0.058267914,-0.4641909,0.0,0.0,-0.49008435,0
1777225875189000,-0.012720989,-0.0069342367,-0.44089204,0.0,0.0,-0.4898106,0
1777225875213000,-0.03446678,-0.060136214,-0.45409453,0.0,0.0,-0.4899679,0
1777225875233000,-0.031192001,-0.060391326,-0.45273346,0.0,0.0,-0.48998305,0
1777225875253000,-0.028560026,-0.059259087,-0.44264185,0.0,0.0,-0.48988986,0
1777225875273000,-0.028404303,-0.059365027,-0.44076672,0.0,0.0,-0.49000826,0
1777225875289000,-0.028115416,-0.061514325,-0.43584305,0.0,0.0,-0.49002272,0
1777225875309000,-0.00842986,-0.01033382,-0.40808716,0.0,0.0,-0.48981526,0
1777225875333000,-0.021423353,-0.061809845,-0.41819662,0.0,0.0,-0.49003375,0
1777225875353000,-0.021635497,-0.061548624,-0.41582564,0.0,0.0,-0.49003074,0
1777225875369000,-0.020321991,-0.062222064,-0.41051033,0.0,0.0,-0.48996162,0
1777225875389000,-0.0042625833,-0.007065476,-0.38415948,0.0,0.0,-0.48964173,0
1777225875409000,-0.018839765,-0.060258,-0.39764723,0.0,0.0,-0.4896839,0
1777225875433000,-0.018107112,-0.059849665,-0.389925,0.0,0.0,-0.48956618,0
1777225875449000,-0.01786828,-0.059637595,-0.38481468,0.0,0.0,-0.48957804,0
1777225875469000,-0.0021809249,-0.005495402,-0.35964802,0.0,0.0,-0.48943618,0
1777225875489000,-0.01389572,-0.0637944,-0.37110847,0.0,0.0,-0.48966992,0
1777225875509000,-0.00023412029,-0.009624106,-0.3466617,0.0,0.0,-0.4894114,0
1777225875529000,-0.012395035,-0.06572508,-0.3572999,0.0,0.0,-0.48954722,0
1777225875549000,0.001022073,-0.009011115,-0.33347967,0.0,0.0,-0.4893539,0
1777225875569000,-0.010311643,-0.06586982,-0.3426515,0.0,0.0,-0.48973897,0
1777225875589000,0.0012932089,-0.010619828,-0.31927288,0.0,0.0,-0.48966417,0
1777225875613000,-0.007252494,-0.06709071,-0.32401443,0.0,0.0,-0.4899674,0
1777225875629000,0.002826774,-0.012607077,-0.30591625,0.0,0.0,-0.489698,0
1777225875649000,-0.0066763344,-0.06926996,-0.31385285,0.0,0.0,-0.49009454,0
1777225875669000,0.0032113404,-0.013749087,-0.2923951,0.0,0.0,-0.48982397,0
1777225875689000,-0.003976154,-0.067203216,-0.29943472,0.0,0.0,-0.49020004,0
1777225875709000,0.0047604637,-0.011168956,-0.27832052,0.0,0.0,-0.48986673,0
1777225875733000,-0.0031731557,-0.067633666,-0.2808798,0.0,0.0,-0.4904685,0
1777225875749000,0.0047068684,-0.013218243,-0.26454479,0.0,0.0,-0.49016455,0
1777225875769000,-0.00053707324,-0.068207055,-0.27028912,0.0,0.0,-0.49049965,0
1777225875789000,0.0069988295,-0.01235851,-0.25094637,0.0,0.0,-0.49017215,0
1777225875809000,0.0003729025,-0.06617069,-0.2553935,0.0,0.0,-0.49036208,0
1777225875833000,0.004341889,-0.06579641,-0.24630012,0.0,0.0,-0.49024418,0
1777225875853000,0.0027030883,-0.06630481,-0.23694697,0.0,0.0,-0.49027583,0
1777225875869000,0.009461766,-0.010184648,-0.22274911,0.0,0.0,-0.4899798,0
1777225875889000,0.006654282,-0.06529842,-0.22582257,0.0,0.0,-0.49032205,0
1777225875909000,0.010411192,-0.010419896,-0.20939076,0.0,0.0,-0.4898849,0
1777225875929000,0.009417274,-0.06616757,-0.2117646,0.0,0.0,-0.49016193,0
1777225875953000,0.009124219,-0.06572514,-0.20355678,0.0,0.0,-0.49020872,0
1777225875973000,0.011038088,-0.06450344,-0.19506848,0.0,0.0,-0.49025917,0
1777225875993000,0.010436777,-0.061827064,-0.18898295,0.0,0.0,-0.49030462,0
1777225876009000,0.011186606,-0.06410355,-0.18342678,0.0,0.0,-0.49047634,0
1777225876029000,0.01456023,-0.006426955,-0.16936359,0.0,0.0,-0.49008226,0
1777225876049000,0.010778446,-0.06156227,-0.1700283,0.0,0.0,-0.49059552,0
1777225876069000,0.013979981,-0.0049678693,-0.15717274,0.0,0.0,-0.4901436,0
1777225876089000,0.0131110605,-0.05978204,-0.15649773,0.0,0.0,-0.4905514,0
1777225876109000,0.013387118,-0.00026151352,-0.14419557,0.0,0.0,-0.49007758,0
1777225876133000,0.009456376,-0.054642163,-0.14047751,0.0,0.0,-0.49062207,0
1777225876153000,0.008655547,-0.05478476,-0.13474992,0.0,0.0,-0.4904468,0
1777225876173000,0.009170939,-0.050580025,-0.12739268,0.0,0.0,-0.49060795,0
1777225876189000,0.01084185,0.006356829,-0.11878123,0.0,0.0,-0.4903217,0
1777225876209000,0.011764934,-0.04968361,-0.11618572,0.0,0.0,-0.49083522,0
1777225876233000,0.014668287,-0.046025082,-0.10810198,0.0,0.0,-0.49078128,0
1777225876249000,0.014825468,-0.04584469,-0.102786385,0.0,0.0,-0.49083358,0
1777225876269000,0.015428915,0.009121675,-0.09428866,0.0,0.0,-0.49035004,0
1777225876289000,0.0148872435,-0.046576545,-0.08942357,0.0,0.0,-0.4907203,0
1777225876309000,0.016714,0.009766368,-0.08187244,0.0,0.0,-0.4902903,0
1777225876333000,0.018571096,-0.04399439,-0.07532102,0.0,0.0,-0.49065825,0
1777225876353000,0.01847354,-0.0411268,-0.06876106,0.0,0.0,-0.49062574,0
1777225876373000,0.01753898,-0.039071415,-0.062274624,0.0,0.0,-0.49068645,0
1777225876389000,0.017845256,0.01696112,-0.057483107,0.0,0.0,-0.49033982,0
1777225876409000,0.01961112,-0.037949923,-0.05062208,0.0,0.0,-0.4907301,0
1777225876429000,0.018346075,0.019680737,-0.045089047,0.0,0.0,-0.49029377,0
1777225876453000,0.018160416,-0.035827454,-0.036225166,0.0,0.0,-0.49086174,0
1777225876473000,0.016676158,-0.036391277,-0.029248584,0.0,0.0,-0.49073693,0
1777225876493000,0.016802564,-0.03588698,-0.023455303,0.0,0.0,-0.49078295,0
1777225876513000,0.019023005,-0.03445146,-0.016130924,0.0,0.0,-0.49075356,0
1777225876529000,0.020500615,-0.030185562,-0.011243392,0.0,0.0,-0.49078557,0
1777225876549000,0.017646918,0.024424821,-0.008465063,0.0,0.0,-0.49036825,0
1777225876569000,0.018395662,-0.026798658,0.0017280057,0.0,0.0,-0.49073023,0
1777225876589000,0.016204678,0.028484441,0.00383503,0.0,0.0,-0.49040315,0
1777225876609000,0.018256852,-0.024674783,0.014770623,0.0,0.0,-0.49083287,0
1777225876633000,0.017940603,-0.02196044,0.022232438,0.0,0.0,-0.49084657,0
1777225876653000,0.01903701,-0.01662224,0.027319279,0.0,0.0,-0.49070874,0
1777225876669000,0.018660622,0.038750324,0.028100073,0.0,0.0,-0.49042165,0
1777225876689000,0.021446135,-0.013927934,0.041009188,0.0,0.0,-0.49064362,0
1777225876709000,0.017998297,0.039397586,0.040810727,0.0,0.0,-0.4902917,0
1777225876729000,0.01831021,-0.011909504,0.04195001,0.0,0.0,-0.49069434,0
1777225876749000,0.016021233,0.043046493,0.041219484,0.0,0.0,-0.49031416,0
1777225876773000,0.016918998,-0.008422807,0.036495656,0.0,0.0,-0.49072593,0
1777225876793000,0.018299446,-0.007897273,0.03409005,0.0,0.0,-0.4907394,0
1777225876809000,0.019769447,-0.006598875,0.032040134,0.0,0.0,-0.49067342,0
1777225876833000,0.018609315,-0.008683592,0.028900724,0.0,0.0,-0.49079594,0
1777225876849000,0.020937217,-0.0061637545,0.027292145,0.0,0.0,-0.4909135,0
1777225876869000,0.020898,0.048320737,0.024412114,0.0,0.0,-0.49060738,0
1777225876889000,0.021732185,-0.003736832,0.02103102,0.0,0.0,-0.49091002,0
1777225876909000,0.021944026,0.051360555,0.017456675,0.0,0.0,-0.49058104,0
1777225876929000,0.02228839,4.5282395e-06,0.013762632,0.0,0.0,-0.490981,0
1777225876949000,0.0232049,0.051980104,0.009719646,0.0,0.0,-0.49061525,0
1777225876973000,0.022996983,-0.0005158484,0.0040481677,0.0,0.0,-0.49085477,0
1777225876989000,0.024039308,0.052585855,0.0008246731,0.0,0.0,-0.4905369,0
1777225877009000,0.027074479,0.000979926,-0.004300499,0.0,0.0,-0.49077612,0
1777225877029000,0.027343597,0.05447011,-0.008661532,0.0,0.0,-0.49029613,0
1777225877053000,0.028528942,-0.00017153723,-0.017322082,0.0,0.0,-0.49057385,0
1777225877073000,0.030446883,-0.0021386296,-0.013325101,0.0,0.0,-0.4905977,0
1777225877089000,0.031760767,0.00045460518,-0.019559402,0.0,0.0,-0.49061236,0
1777225877109000,0.032825213,0.052868314,-0.023509698,0.0,0.0,-0.49020484,0
1777225877133000,0.034127586,-0.0011529773,-0.029209314,0.0,0.0,-0.49053907,0
1777225877149000,0.036765024,0.053742692,-0.03206657,0.0,0.0,-0.49040872,0
1777225877169000,0.036818277,0.0007935568,-0.03435011,0.0,0.0,-0.49077612,0
1777225877189000,0.039679036,0.05351329,-0.038027827,0.0,0.0,-0.4904214,0
1777225877209000,0.038958702,-0.0018312782,-0.042445496,0.0,0.0,-0.49063346,0
1777225877229000,0.03967172,0.052753605,-0.044983212,0.0,0.0,-0.4902413,0
1777225877249000,0.041389816,-0.00168854,-0.047561534,0.0,0.0,-0.4907578,0
1777225877269000,0.042866867,0.053215854,-0.050562773,0.0,0.0,-0.49044782,0
1777225877293000,0.043748386,-0.0010925918,-0.05791787,0.0,0.0,-0.49074623,0
1777225877309000,0.046404183,0.05318118,-0.05949997,0.0,0.0,-0.49050078,0
1777225877333000,0.046115022,-0.0016990717,-0.05867418,0.0,0.0,-0.49088204,0
1777225877353000,0.04810168,-0.003627828,-0.056266896,0.0,0.0,-0.49109948,0
1777225877373000,0.04736316,-0.0033023336,-0.063369624,0.0,0.0,-0.49118608,0
1777225877393000,0.04677657,-0.0059959465,-0.059615336,0.0,0.0,-0.4911488,0
1777225877413000,0.04664241,-0.0076013133,-0.059278503,0.0,0.0,-0.49115855,0
1777225877429000,0.047244735,0.046611555,-0.060261797,0.0,0.0,-0.49086094,0
1777225877453000,0.046822377,-0.010655589,-0.062712,0.0,0.0,-0.4910993,0
1777225877473000,0.04612791,-0.01112,-0.0638093,0.0,0.0,-0.49111348,0
1777225877493000,0.045938715,-0.009926692,-0.06435407,0.0,0.0,-0.49108186,0
1777225877509000,0.045807768,0.044138134,-0.0648799,0.0,0.0,-0.49068993,0
1777225877529000,0.044250093,-0.009324446,-0.06432566,0.0,0.0,-0.49089172,0
1777225877549000,0.043314613,0.044946566,-0.064311706,0.0,0.0,-0.49058872,0
1777225877569000,0.040631074,-0.012075131,-0.062307786,0.0,0.0,-0.49076718,0
1777225877589000,0.039498053,0.042298887,-0.062086675,0.0,0.0,-0.49044728,0
1777225877613000,0.039299723,-0.013676264,-0.063680336,0.0,0.0,-0.4906632,0
1777225877629000,0.04071863,0.04115166,-0.06328073,0.0,0.0,-0.49027392,0
1777225877649000,0.036778748,-0.014842242,-0.060191832,0.0,0.0,-0.49042892,0
1777225877669000,0.036121324,0.03928735,-0.059274808,0.0,0.0,-0.49025616,0
1777225877693000,0.03393572,-0.01903124,-0.055175036,0.0,0.0,-0.49036202,0
1777225877713000,0.035024107,-0.019434929,-0.05559856,0.0,0.0,-0.4904371,0
1777225877729000,0.033109717,-0.018207535,-0.054451607,0.0,0.0,-0.4905948,0
1777225877749000,0.031924166,0.03630291,-0.05341548,0.0,0.0,-0.49034286,0
1777225877769000,0.031573307,-0.01915648,-0.046523433,0.0,0.0,-0.4904866,0
1777225877793000,0.027023684,-0.02156648,-0.050045364,0.0,0.0,-0.49039668,0
1777225877809000,0.025257377,-0.020283462,-0.054550737,0.0,0.0,-0.49022892,0
1777225877829000,0.024484696,0.03432332,-0.053896785,0.0,0.0,-0.48994946,0
1777225877849000,0.02272373,-0.020339124,-0.04151007,0.0,0.0,-0.49028695,0
1777225877869000,0.022782106,0.03607141,-0.040671486,0.0,0.0,-0.4899633,0
1777225877889000,0.019536206,-0.022063483,-0.041892376,0.0,0.0,-0.4902944,0
1777225877913000,0.01734003,-0.024056181,-0.042184964,0.0,0.0,-0.4902166,0
1777225877929000,0.016088556,-0.02344507,-0.035075437,0.0,0.0,-0.4900473,0
1777225877953000,0.012241326,-0.025360063,-0.03886787,0.0,0.0,-0.49000284,0
1777225877969000,0.011607211,-0.025032356,-0.03760144,0.0,0.0,-0.49010533,0
1777225877989000,0.0107648,0.030792534,-0.03654231,0.0,0.0,-0.48987672,0
1777225878009000,0.008751318,-0.023250774,-0.03411059,0.0,0.0,-0.49020854,0
1777225878033000,0.0068666907,-0.02400082,-0.032070447,0.0,0.0,-0.49021298,0
1777225878049000,0.006746007,-0.02237366,-0.033767246,0.0,0.0,-0.49023482,0
1777225878069000,0.005076965,0.03290863,-0.03274008,0.0,0.0,-0.4899982,0
1777225878089000,0.002871737,-0.0213072,-0.027623925,0.0,0.0,-0.49044123,0
1777225878109000,0.0041342787,0.035568923,-0.026667502,0.0,0.0,-0.4903104,0
1777225878129000,0.00074513786,-0.019156275,-0.028122567,0.0,0.0,-0.49056217,0
1777225878149000,0.0005140288,0.037212674,-0.02771532,0.0,0.0,-0.4901772,0
1777225878169000,-0.0018136505,-0.017276669,-0.020890431,0.0,0.0,-0.49040478,0
1777225878193000,-0.003807463,-0.019870738,-0.024780378,0.0,0.0,-0.49039412,0
1777225878209000,-0.0040583373,-0.018226236,-0.018252395,0.0,0.0,-0.49044132,0
1777225878229000,-0.0048276437,0.036467675,-0.018239988,0.0,0.0,-0.4901732,0
1777225878253000,-0.0068347817,-0.018953206,-0.023861393,0.0,0.0,-0.49046326,0
1777225878269000,-0.006720756,0.036482263,-0.023992622,0.0,0.0,-0.490295,0
1777225878293000,-0.008166321,-0.018393517,-0.018180994,0.0,0.0,-0.4905295,0
1777225878313000,-0.01051167,-0.01840934,-0.01625857,0.0,0.0,-0.49060857,0
1777225878333000,-0.009950504,-0.016699985,-0.016168106,0.0,0.0,-0.49066642,0
1777225878353000,-0.009943761,-0.017553166,-0.015743962,0.0,0.0,-0.49065095,0
1777225878369000,-0.011226088,-0.015791953,-0.015042756,0.0,0.0,-0.49069282,0
1777225878389000,-0.012003895,0.0424015,-0.015351534,0.0,0.0,-0.49045128,0
1777225878409000,-0.012180584,-0.012306809,-0.018418439,0.0,0.0,-0.4908111,0
1777225878429000,-0.011286144,0.042461194,-0.018701926,0.0,0.0,-0.49054003,0
1777225878449000,-0.013465758,-0.012047157,-0.014253762,0.0,0.0,-0.49080786,0
1777225878469000,-0.014464546,0.042829916,-0.014812473,0.0,0.0,-0.4904745,0
1777225878489000,-0.015105975,-0.012539817,-0.018750463,0.0,0.0,-0.49058893,0
1777225878509000,-0.014985,0.043993518,-0.018935174,0.0,0.0,-0.49037433,0
1777225878529000,-0.0140744625,-0.011715202,-0.01055651,0.0,0.0,-0.49058452,0
1777225878549000,-0.014486294,0.042954035,-0.011352202,0.0,0.0,-0.49033535,0
1777225878569000,-0.016104037,-0.010734156,-0.0146776615,0.0,0.0,-0.4906392,0
1777225878593000,-0.014094351,-0.010916774,-0.016356925,0.0,0.0,-0.49067634,0
1777225878609000,-0.014239315,-0.010902047,-0.010877477,0.0,0.0,-0.4907812,0
1777225878633000,-0.012526681,-0.0096296,-0.015085367,0.0,0.0,-0.49084952,0
1777225878653000,-0.013943252,-0.010509702,-0.020982403,0.0,0.0,-0.49094716,0
1777225878669000,-0.015071965,0.044932984,-0.021420533,0.0,0.0,-0.4905794,0
1777225878689000,-0.014751524,-0.0081563,-0.016511906,0.0,0.0,-0.49109152,0
1777225878709000,-0.011838403,0.045620725,-0.017053941,0.0,0.0,-0.49084663,0
1777225878729000,-0.01097954,-0.010530186,-0.012324442,0.0,0.0,-0.49109015,0
1777225878749000,-0.010494614,0.044760566,-0.012699831,0.0,0.0,-0.4909628,0
1777225878773000,-0.012110599,-0.010224382,-0.021264758,0.0,0.0,-0.4911544,0
1777225878793000,-0.008249041,-0.012230761,-0.017878858,0.0,0.0,-0.49108952,0
1777225878809000,-0.0077979565,-0.011199802,-0.01804616,0.0,0.0,-0.4910516,0
1777225878829000,-0.007375935,0.042084754,-0.018437885,0.0,0.0,-0.49089587,0
1777225878849000,-0.0096376985,-0.013592963,-0.022617683,0.0,0.0,-0.49110627,0
1777225878869000,-0.007857143,0.042176675,-0.023383422,0.0,0.0,-0.4909093,0
1777225878889000,-0.008069004,-0.013463352,-0.014848645,0.0,0.0,-0.49106485,0
1777225878909000,-0.0069402135,0.04275746,-0.015336737,0.0,0.0,-0.49074525,0
1777225878929000,-0.0063805077,-0.012491249,-0.019158328,0.0,0.0,-0.49073094,0
1777225878953000,-0.0062674824,-0.015176393,-0.019438688,0.0,0.0,-0.49067572,0
1777225878973000,-0.0065092416,-0.016453454,-0.02372236,0.0,0.0,-0.4907331,0
1777225878993000,-0.007761134,-0.019842707,-0.020428687,0.0,0.0,-0.49090233,0
1777225879009000,-0.006484218,-0.021361394,-0.016614625,0.0,0.0,-0.49079657,0
1777225879033000,-0.008499517,-0.020054154,-0.01988327,0.0,0.0,-0.4908573,0
1777225879049000,-0.008473952,-0.021199254,-0.01639675,0.0,0.0,-0.49073622,0
1777225879073000,-0.0074653123,-0.021890476,-0.020467924,0.0,0.0,-0.49053654,0
1777225879089000,-0.0075572603,-0.021407988,-0.024305657,0.0,0.0,-0.49047214,0
1777225879109000,-0.005641735,0.033299334,-0.024157906,0.0,0.0,-0.4903229,0
1777225879129000,-0.005324578,-0.024455346,-0.020294104,0.0,0.0,-0.49036822,0
1777225879149000,-0.0042071203,0.030484356,-0.020475507,0.0,0.0,-0.49026784,0
1777225879169000,-0.0042101946,-0.022251917,-0.01970175,0.0,0.0,-0.4902702,0
1777225879189000,-0.004142435,0.03050451,-0.019837085,0.0,0.0,-0.49002835,0
1777225879209000,-0.0051190187,-0.027426833,-0.01690637,0.0,0.0,-0.49042076,0
1777225879229000,-0.0020895062,0.029305805,-0.016739774,0.0,0.0,-0.49024764,0
1777225879249000,-0.0014881482,-0.02744241,-0.020121567,0.0,0.0,-0.49051684,0
1777225879269000,-0.002213398,0.028296806,-0.019974146,0.0,0.0,-0.4902893,0
1777225879293000,-0.003137846,-0.029660396,-0.019759834,0.0,0.0,-0.4905197,0
1777225879313000,-0.0022711968,-0.030874498,-0.019624826,0.0,0.0,-0.4905039,0
1777225879329000,-0.0017612554,-0.031645905,-0.023062034,0.0,0.0,-0.49041298,0
1777225879349000,-0.00043920006,0.024416836,-0.023049602,0.0,0.0,-0.49022022,0
1777225879373000,-0.00020151967,-0.033390038,-0.016319057,0.0,0.0,-0.49051166,0
1777225879393000,-0.0010744361,-0.033873778,-0.024945289,0.0,0.0,-0.49035895,0
1777225879413000,-0.001243749,-0.03444223,-0.02362602,0.0,0.0,-0.49023074,0
1777225879429000,-0.0006509687,0.022317957,-0.023687355,0.0,0.0,-0.48991635,0
1777225879449000,0.00013153767,-0.033815302,-0.018873084,0.0,0.0,-0.490108,0
1777225879469000,-0.0027714893,0.02203574,-0.018443717,0.0,0.0,-0.4899587,0
1777225879489000,-0.0019559418,-0.036395628,-0.014354454,0.0,0.0,-0.49037245,0
1777225879509000,0.0005516733,0.019780902,-0.014261693,0.0,0.0,-0.49017966,0
1777225879533000,0.0012746585,-0.035762455,-0.015652193,0.0,0.0,-0.4905077,0
1777225879549000,0.001782604,0.017386891,-0.015726542,0.0,0.0,-0.49036068,0
1777225879569000,2.1445565e-05,-0.037774973,-0.017034553,0.0,0.0,-0.49071983,0
1777225879589000,0.0008125659,0.01820732,-0.016622012,0.0,0.0,-0.49048844,0
1777225879613000,5.462859e-05,-0.03532718,-0.01640701,0.0,0.0,-0.4907412,0
1777225879633000,0.0007385018,-0.0391858,-0.016255887,0.0,0.0,-0.4910894,0
1777225879649000,0.0015274197,-0.039033465,-0.012609047,0.0,0.0,-0.49116287,0
1777225879669000,0.0026873806,0.015543522,-0.012244055,0.0,0.0,-0.4907904,0
1777225879693000,0.0025163377,-0.04161957,-0.014837893,0.0,0.0,-0.49100477,0
1777225879713000,0.003912315,-0.041447047,-0.014836173,0.0,0.0,-0.49103567,0
1777225879733000,0.0028966675,-0.041032236,-0.010777811,0.0,0.0,-0.49102712,0
1777225879753000,0.002832448,-0.042170614,-0.013342697,0.0,0.0,-0.49100256,0
1777225879769000,0.0033226241,-0.040739726,-0.016221393,0.0,0.0,-0.4910483,0
1777225879793000,0.0029401714,-0.040858835,-0.013000881,0.0,0.0,-0.4910307,0
1777225879809000,0.00019037348,-0.03991817,-0.0095903305,0.0,0.0,-0.4909957,0
1777225879829000,-0.0009772707,0.017313069,-0.009509667,0.0,0.0,-0.49062124,0
1777225879853000,-0.0009400565,-0.03501445,-0.011931432,0.0,0.0,-0.4908367,0
1777225879873000,0.00029583738,-0.03244362,-0.0120472815,0.0,0.0,-0.4908294,0
1777225879893000,-0.0008866744,-0.03163937,-0.008182965,0.0,0.0,-0.4908193,0
1777225879909000,-0.0011864642,0.02272292,-0.008165448,0.0,0.0,-0.49052456,0
1777225879929000,-0.0028870273,-0.031123742,-0.010901444,0.0,0.0,-0.49088067,0
1777225879953000,-0.004945296,-0.031721238,-0.011029343,0.0,0.0,-0.49090326,0
1777225879969000,-0.004324196,-0.030220747,-0.010576443,0.0,0.0,-0.49094334,0
1777225879989000,-0.004247296,0.024971709,-0.0101896785,0.0,0.0,-0.49074104,0
1777225880009000,-0.003062339,-0.03162631,-0.012688582,0.0,0.0,-0.4909533,0
1777225880029000,-0.002307608,0.024522917,-0.012579719,0.0,0.0,-0.4906916,0
1777225880053000,-0.0023700055,-0.029666543,-0.009096152,0.0,0.0,-0.49085334,0
1777225880069000,-0.0033906512,0.025145486,-0.009098927,0.0,0.0,-0.49049523,0
1777225880089000,-0.005077477,-0.028124047,-0.011998091,0.0,0.0,-0.49063298,0
1777225880109000,-0.005961888,0.0261866,-0.011848555,0.0,0.0,-0.49026567,0
1777225880133000,-0.006194929,-0.02888368,-0.008740894,0.0,0.0,-0.49053124,0
1777225880153000,-0.004032145,-0.028152386,-0.008965997,0.0,0.0,-0.49074316,0
1777225880169000,-0.0039822473,-0.02553787,-0.011159809,0.0,0.0,-0.49078828,0
1777225880189000,-0.0058306223,0.029343992,-0.0107951965,0.0,0.0,-0.49050093,0
1777225880209000,-0.004335932,-0.024698222,-0.0056026406,0.0,0.0,-0.4907267,0
1777225880233000,-0.006349727,-0.02515003,-0.007692569,0.0,0.0,-0.49074563,0
1777225880253000,-0.006747677,-0.024128452,-0.00761219,0.0,0.0,-0.4907541,0
1777225880269000,-0.0068441117,0.029172719,-0.0075468495,0.0,0.0,-0.49033087,0
1777225880289000,-0.005684062,-0.026225656,-0.007689345,0.0,0.0,-0.49050182,0
1777225880309000,-0.0043998538,0.030010566,-0.007949907,0.0,0.0,-0.49018833,0
1777225880333000,-0.0037752655,-0.026165262,-0.007977384,0.0,0.0,-0.49048805,0
1777225880349000,-0.0026000442,0.029259488,-0.007825131,0.0,0.0,-0.49021024,0
1777225880369000,-0.0043762345,-0.025637913,-0.005026689,0.0,0.0,-0.49053255,0
1777225880393000,-0.0020620988,-0.028979225,-0.010972694,0.0,0.0,-0.490416,0
1777225880409000,-0.001175005,-0.028484687,-0.008194026,0.0,0.0,-0.49054578,0
1777225880433000,-0.0015622103,-0.026990533,-0.008510472,0.0,0.0,-0.49065873,0
1777225880449000,-0.0025691395,-0.02647923,-0.008707032,0.0,0.0,-0.49059767,0
1777225880469000,-0.0036513042,0.02942717,-0.008850275,0.0,0.0,-0.49018496,0
1777225880489000,-0.0014484033,-0.026461912,-0.0030534915,0.0,0.0,-0.49052367,0
1777225880509000,6.468936e-05,0.02866083,-0.00321547,0.0,0.0,-0.4902689,0
1777225880529000,0.0012092938,-0.024682604,-0.011819793,0.0,0.0,-0.4907294,0
1777225880549000,-0.00029311609,0.031516373,-0.011720471,0.0,0.0,-0.49054763,0
1777225880569000,-0.0014108575,-0.021845117,-0.009004716,0.0,0.0,-0.49102435,0
1777225880593000,-0.00014493032,-0.02069959,-0.009274052,0.0,0.0,-0.49095082,0
1777225880609000,9.157648e-05,-0.021610335,-0.009356709,0.0,0.0,-0.49098805,0
1777225880629000,-0.0013902315,0.032913417,-0.009532841,0.0,0.0,-0.4907737,0
1777225880649000,0.0013187679,-0.02071613,-0.009376175,0.0,0.0,-0.49103862,0
1777225880669000,-0.00035506464,0.03545864,-0.009492274,0.0,0.0,-0.4908112,0
1777225880689000,-0.0016095319,-0.018624945,-0.0066702613,0.0,0.0,-0.4913826,0
1777225880709000,-0.0012545551,0.037468605,-0.0067966506,0.0,0.0,-0.4912197,0
1777225880733000,-0.0020038788,-0.017313614,-0.009400669,0.0,0.0,-0.49148366,0
1777225880749000,-0.003812927,0.039120927,-0.009511679,0.0,0.0,-0.49113524,0
1777225880773000,-0.004037594,-0.016677305,-0.009844303,0.0,0.0,-0.4911832,0
1777225880789000,-0.0037384364,0.039672635,-0.009979952,0.0,0.0,-0.4909223,0
1777225880813000,-0.002333402,-0.016593307,-0.009574552,0.0,0.0,-0.49104366,0
1777225880833000,-0.0024135802,-0.01719895,-0.009304978,0.0,0.0,-0.4910534,0
1777225880853000,-0.003517041,-0.016809702,-0.00944246,0.0,0.0,-0.49095464,0
1777225880869000,-0.003259257,0.038469076,-0.009388208,0.0,0.0,-0.49061784,0
1777225880889000,-0.002607348,-0.01532725,-0.0146204205,0.0,0.0,-0.4908464,0
1777225880909000,-0.003802044,0.041026022,-0.0147407055,0.0,0.0,-0.4905279,0
1777225880929000,-0.002990426,-0.015716044,-0.0070967134,0.0,0.0,-0.49080417,0
1777225880953000,-0.001230657,-0.01857573,-0.010598633,0.0,0.0,-0.49087515,0
1777225880973000,-0.001714341,-0.017700262,-0.004672016,0.0,0.0,-0.49086797,0
1777225880989000,-0.00052542175,0.03575015,-0.0044600535,0.0,0.0,-0.49068087,0
1777225881013000,-0.001101641,-0.019331936,-0.0054610306,0.0,0.0,-0.49117243,0
1777225881029000,0.0005011335,0.03478579,-0.005361053,0.0,0.0,-0.49089408,0
1777225881049000,-0.0011860565,-0.018741846,-0.0076138587,0.0,0.0,-0.49133012,0
1777225881073000,-0.0030571267,-0.018444449,-0.007205888,0.0,0.0,-0.49133036,0
1777225881093000,-0.001198724,-0.018705713,-0.004875603,0.0,0.0,-0.4912505,0
1777225881109000,-0.00078597886,0.03545263,-0.004712417,0.0,0.0,-0.4910054,0
1777225881129000,-2.6264985e-05,-0.019511828,-0.0032732256,0.0,0.0,-0.49116397,0
1777225881149000,-0.0004323936,0.035134424,-0.0028951305,0.0,0.0,-0.49085692,0
1777225881169000,-0.0012049766,-0.01928632,-0.0062324214,0.0,0.0,-0.49116206,0
1777225881189000,-0.0011392331,0.036808275,-0.0060233986,0.0,0.0,-0.49092913,0
1777225881209000,-0.0016653418,-0.019644037,-0.0058732117,0.0,0.0,-0.49110413,0
1777225881233000,-0.001259646,-0.019536018,-0.005666492,0.0,0.0,-0.4909029,0
1777225881253000,-0.001352577,-0.018262396,-0.0038689866,0.0,0.0,-0.4908756,0
1777225881269000,-0.0011103473,0.03587939,-0.003975423,0.0,0.0,-0.49054018,0
1777225881293000,-0.0013578128,-0.017938979,-0.0026294396,0.0,0.0,-0.49085486,0
1777225881309000,-0.001120801,0.038310647,-0.0024190934,0.0,0.0,-0.4906812,0
1777225881333000,-0.003044315,-0.015701337,-0.0071250447,0.0,0.0,-0.4908723,0
1777225881349000,-0.004232897,0.038754348,-0.007140169,0.0,0.0,-0.490611,0
1777225881369000,-0.004494112,-0.016094297,-0.00818792,0.0,0.0,-0.49089104,0
1777225881389000,-0.004895759,0.038711682,-0.007445181,0.0,0.0,-0.49065128,0
1777225881413000,-0.005972867,-0.015702501,-0.0043820944,0.0,0.0,-0.4908003,0
1777225881433000,-0.00401556,-0.014753565,-0.00454169,0.0,0.0,-0.4907983,0
1777225881449000,-0.0048493445,-0.014408128,-0.0067836135,0.0,0.0,-0.4907887,0
1777225881469000,-0.004042458,0.039365903,-0.0074922135,0.0,0.0,-0.4905044,0
1777225881489000,-0.003656734,-0.014879003,-0.0052668783,0.0,0.0,-0.49067226,0
1777225881509000,-0.0031293398,0.039086178,-0.0049637426,0.0,0.0,-0.49058366,0
1777225881529000,-0.0019049821,-0.018563062,-0.0055948785,0.0,0.0,-0.4908051,0
1777225881549000,-0.0006754871,0.03478712,-0.0054027904,0.0,0.0,-0.49056295,0
1777225881569000,0.0011854585,-0.021416873,-0.00750082,0.0,0.0,-0.4907829,0
1777225881589000,0.0003818845,0.033392813,-0.007799575,0.0,0.0,-0.49040544,0
1777225881609000,-0.0012675342,-0.018478781,-0.0057272376,0.0,0.0,-0.4906399,0
1777225881633000,0.0006232725,-0.019888774,-0.0057697436,0.0,0.0,-0.4905862,0
1777225881653000,0.002973242,-0.02051358,-0.005654938,0.0,0.0,-0.49063817,0
1777225881673000,0.0034043982,-0.019205973,-0.0055551226,0.0,0.0,-0.49079317,0
1777225881689000,0.003944203,-0.01873137,-0.0056556202,0.0,0.0,-0.49090144,0
1777225881709000,0.004110013,0.03526806,-0.0055755586,0.0,0.0,-0.490684,0
1777225881733000,0.004005013,-0.019428864,-0.0057150717,0.0,0.0,-0.4909443,0
1777225881749000,0.0036736713,0.03542176,-0.0058298223,0.0,0.0,-0.4906736,0
1777225881773000,0.0022136644,-0.020834863,-0.005890608,0.0,0.0,-0.4908015,0
1777225881789000,0.002456799,0.035533234,-0.0056933295,0.0,0.0,-0.49048367,0
1777225881809000,0.001310672,-0.021303415,-0.0054556956,0.0,0.0,-0.49057078,0
1777225881829000,-0.00013873866,0.0335913,-0.005673986,0.0,0.0,-0.49033636,0
1777225881849000,0.0011778525,-0.022360934,-0.0005626506,0.0,0.0,-0.49068326,0
1777225881869000,0.0019909285,0.03450722,-0.0006678933,0.0,0.0,-0.49030042,0
1777225881889000,0.0020374611,-0.021354653,-0.0035970756,0.0,0.0,-0.4906121,0
1777225881913000,0.0047392165,-0.022501066,-0.0058817985,0.0,0.0,-0.49069008,0
1777225881933000,0.0058129956,-0.021406675,-0.003265311,0.0,0.0,-0.4905148,0
1777225881949000,0.0061184387,0.032176536,-0.0030604745,0.0,0.0,-0.49023688,0
1777225881969000,0.004434229,-0.026170485,-0.0063953935,0.0,0.0,-0.4904764,0
1777225881993000,0.0024808017,-0.025394708,-0.0040606153,0.0,0.0,-0.49040282,0
1777225882009000,0.0016929626,-0.027184874,-0.0041732383,0.0,0.0,-0.49040765,0
1777225882029000,0.0018994424,0.029590122,-0.0040176366,0.0,0.0,-0.4903055,0
1777225882053000,-0.00028795883,-0.025286471,-0.0021148291,0.0,0.0,-0.49065185,0
1777225882073000,0.0009960821,-0.023487687,-0.0038047645,0.0,0.0,-0.49052444,0
1777225882093000,0.00018280308,-0.023402305,-0.0019714988,0.0,0.0,-0.49050653,0
1777225882109000,8.564772e-05,0.034820557,-0.0016254314,0.0,0.0,-0.4901469,0
1777225882129000,0.0011007955,-0.021075964,-0.0029889308,0.0,0.0,-0.49039686,0
1777225882149000,-0.00018363958,0.03479805,-0.002828963,0.0,0.0,-0.49011123,0
1777225882169000,-0.0005336023,-0.02181784,-0.0047121905,0.0,0.0,-0.4903638,0
1777225882189000,-0.001342142,0.03435355,-0.0046827598,0.0,0.0,-0.4901977,0
1777225882209000,0.00019270116,-0.020792706,-0.0011350402,0.0,0.0,-0.4905825,0
1777225882229000,-0.00076638354,0.034246974,-0.0009719293,0.0,0.0,-0.4903652,0
1777225882253000,-0.0006103476,-0.022279143,-0.0028280404,0.0,0.0,-0.49047178,0
1777225882269000,-0.0027253581,0.033964105,-0.0026773685,0.0,0.0,-0.49005157,0
1777225882289000,-0.002456969,-0.02254638,-0.0024570953,0.0,0.0,-0.49015924,0
1777225882313000,-0.0025681378,-0.020221636,-0.002528865,0.0,0.0,-0.49027115,0
1777225882333000,-0.0026831168,-0.020562813,-0.002599859,0.0,0.0,-0.49029866,0
1777225882349000,-0.0033546966,0.03473168,-0.0027063119,0.0,0.0,-0.48996377,0
1777225882369000,-0.0036178948,-0.020407468,-0.0026554693,0.0,0.0,-0.49030337,0
1777225882393000,-0.0022562146,-0.018796355,-0.0029133144,0.0,0.0,-0.49044228,0
1777225882409000,-0.002368529,-0.01975128,-0.0026060278,0.0,0.0,-0.49047935,0
1777225882429000,-0.0016906313,0.0357142,-0.0025008994,0.0,0.0,-0.49015257,0
1777225882449000,-0.0020296648,-0.020981105,-0.0045718406,0.0,0.0,-0.49036616,0
1777225882469000,-0.0009568032,0.03467952,-0.0046921414,0.0,0.0,-0.4901551,0
1777225882493000,-0.0029152257,-0.017673623,-0.0053871498,0.0,0.0,-0.49043384,0
1777225882509000,-0.0022235808,0.04021966,-0.0056629796,0.0,0.0,-0.4902735,0
1777225882529000,-0.0012876735,-0.018462643,-0.0029647888,0.0,0.0,-0.4905063,0
1777225882549000,-0.0010268354,0.039634056,-0.0034874151,0.0,0.0,-0.49016893,0
1777225882573000,-0.0013074699,-0.014733303,-0.0013026544,0.0,0.0,-0.49041447,0
1777225882589000,-0.0004250023,0.041260686,-0.0012528386,0.0,0.0,-0.4899729,0
1777225882609000,-0.0002237307,-0.01690727,-0.004137893,0.0,0.0,-0.4903271,0
1777225882629000,0.00017979014,0.03534426,-0.0044665867,0.0,0.0,-0.48999298,0
1777225882649000,-0.0010692505,-0.021206945,-0.0057501225,0.0,0.0,-0.49024746,0
1777225882669000,-0.0001705534,0.034500834,-0.0057762847,0.0,0.0,-0.48994637,0
1777225882693000,-0.0011563981,-0.022439793,-0.0036003948,0.0,0.0,-0.4901586,0
1777225882709000,0.0008018865,0.031485908,-0.0035837046,0.0,0.0,-0.48987532,0
1777225882729000,0.00035876688,-0.023927346,-0.0036985532,0.0,0.0,-0.49006143,0
1777225882749000,0.00077449344,0.030599684,-0.0044680038,0.0,0.0,-0.48989397,0
1777225882769000,-0.0008381648,-0.023825854,-0.00470881,0.0,0.0,-0.49018273,0
1777225882789000,-0.000777224,0.029711112,-0.004526433,0.0,0.0,-0.48982087,0
1777225882809000,-0.0020396379,-0.024224803,-0.0046327985,0.0,0.0,-0.49003443,0
1777225882829000,-0.0010407801,0.033722483,-0.0048270277,0.0,0.0,-0.48979232,0
1777225882849000,0.0010160084,-0.02010434,-0.006692047,0.0,0.0,-0.49007896,0
1777225882869000,0.0024582373,0.036505327,-0.006718723,0.0,0.0,-0.48999706,0
1777225882893000,0.0035438824,-0.018924134,-0.007417248,0.0,0.0,-0.490367,0
1777225882913000,0.0018214363,-0.020278439,-0.0044907355,0.0,0.0,-0.49047,0
1777225882929000,0.0023392485,-0.019338353,-0.002232263,0.0,0.0,-0.49033114,0
1777225882949000,0.0027855237,0.037298042,-0.002553246,0.0,0.0,-0.4900047,0
1777225882969000,0.0030135775,-0.0183364,-0.004415862,0.0,0.0,-0.49026164,0
1777225882993000,0.0006798788,-0.019157186,-0.004392693,0.0,0.0,-0.49019632,0
1777225883009000,0.00061773765,-0.019262716,-0.004528301,0.0,0.0,-0.49030387,0
1777225883029000,-0.00033234508,0.036916994,-0.004316335,0.0,0.0,-0.4901078,0
1777225883049000,0.0015570187,-0.017283797,-0.0043322844,0.0,0.0,-0.4904677,0
1777225883069000,0.0023201588,0.036811374,-0.0045040464,0.0,0.0,-0.49020672,0
1777225883089000,0.0020390477,-0.018247237,0.00094629126,0.0,0.0,-0.4905151,0
1777225883109000,0.0026726394,0.03558581,0.00095136,0.0,0.0,-0.49022818,0
1777225883133000,0.0038553237,-0.023481116,-0.003978816,0.0,0.0,-0.4903901,0
1777225883153000,0.0043299017,-0.022127062,-0.0037980431,0.0,0.0,-0.490419,0
1777225883173000,0.0060359053,-0.022723183,-0.003275475,0.0,0.0,-0.4903964,0
1777225883189000,0.006279024,0.03012672,-0.002682376,0.0,0.0,-0.4901577,0
1777225883213000,0.00821518,-0.024192646,-0.0019314247,0.0,0.0,-0.4904742,0
1777225883229000,0.008700614,0.030923508,-0.001641528,0.0,0.0,-0.49024186,0
1777225883253000,0.008554705,-0.027518585,-0.0018154043,0.0,0.0,-0.4904082,0
1777225883269000,0.009599459,0.028741851,-0.0020046567,0.0,0.0,-0.4901138,0
1777225883289000,0.009762027,-0.024807245,-0.0015497613,0.0,0.0,-0.49033347,0
1777225883309000,0.009144925,0.030452624,-0.0017926876,0.0,0.0,-0.49005568,0
1777225883333000,0.009473691,-0.025295064,-0.0015882404,0.0,0.0,-0.49027714,0
1777225883349000,0.007777806,0.032250643,-0.0014061828,0.0,0.0,-0.49008888,0
1777225883369000,0.007804035,-0.022538528,0.0009423855,0.0,0.0,-0.4903242,0
1777225883389000,0.0064827884,0.034000892,0.0012221225,0.0,0.0,-0.49010456,0
1777225883409000,0.005737093,-0.021721145,0.00146887,0.0,0.0,-0.49026033,0
1777225883429000,0.0060681,0.034751248,0.0010528592,0.0,0.0,-0.49000144,0
1777225883449000,0.002972248,-0.02024065,-0.0015122886,0.0,0.0,-0.49032533,0
1777225883469000,0.0031122053,0.03570076,-0.0020452684,0.0,0.0,-0.49007183,0
1777225883489000,0.004416588,-0.020719107,0.00032885,0.0,0.0,-0.49036992,0
1777225883513000,0.004225689,-0.02200222,-0.001331433,0.0,0.0,-0.4902468,0
1777225883533000,0.002801684,-0.022069553,0.001202465,0.0,0.0,-0.49027067,0
1777225883553000,0.00022825971,-0.022245899,-0.000911356,0.0,0.0,-0.4901944,0
1777225883569000,0.00037765782,-0.02122894,-0.0007405665,0.0,0.0,-0.49024117,0
1777225883589000,0.0017130654,0.03603723,-0.001107201,0.0,0.0,-0.4900619,0
1777225883609000,0.000553092,-0.019729957,-0.0008857671,0.0,0.0,-0.49039665,0
1777225883629000,0.0011263033,0.03504645,-0.000818959,0.0,0.0,-0.49022043,0
1777225883653000,0.003360283,-0.01910456,0.0017084397,0.0,0.0,-0.4905546,0
1777225883669000,0.004624386,0.037169337,0.0014619126,0.0,0.0,-0.4904043,0
1777225883693000,0.0019759962,-0.021027168,-0.0063132327,0.0,0.0,-0.4906447,0
1777225883709000,0.0016503993,0.035346966,-0.0063565625,0.0,0.0,-0.4903998,0
1777225883729000,0.001992297,-0.020179886,0.0021176268,0.0,0.0,-0.49054235,0
1777225883749000,0.0007415486,0.03587072,0.0015792882,0.0,0.0,-0.49035075,0
1777225883769000,-0.0007373011,-0.01837425,-0.00097579276,0.0,0.0,-0.4906998,0
1777225883789000,-0.0008965172,0.03854394,-0.0013556955,0.0,0.0,-0.49044508,0
1777225883809000,-0.0009454461,-0.017037833,-0.004024706,0.0,0.0,-0.49074447,0
1777225883829000,-0.0021294723,0.03992552,-0.0044767996,0.0,0.0,-0.49046844,0
1777225883849000,-0.0015738485,-0.017201662,-0.0019814642,0.0,0.0,-0.49072173,0
1777225883873000,-0.0023277355,-0.016690448,-0.0017749441,0.0,0.0,-0.49060142,0
1777225883893000,-0.0010619686,-0.017050646,0.00052222935,0.0,0.0,-0.49055216,0
1777225883913000,0.0006922055,-0.016476586,-0.0023454644,0.0,0.0,-0.4904747,0
1777225883929000,0.0010813798,-0.018501276,-0.004901521,0.0,0.0,-0.49043196,0
1777225883949000,0.0005639882,0.036457952,-0.0051425686,0.0,0.0,-0.49015003,0
1777225883969000,0.0019723447,-0.01732722,-0.0020310576,0.0,0.0,-0.49045503,0
1777225883993000,0.0016427254,-0.018718272,-0.0018608,0.0,0.0,-0.49032554,0
1777225884013000,0.0017125746,-0.019336015,-0.0018511808,0.0,0.0,-0.49030313,0
1777225884029000,2.0028092e-05,0.03816033,-0.0017545589,0.0,0.0,-0.4899979,0
1777225884049000,0.001049355,-0.016284615,0.00391446,0.0,0.0,-0.49009714,0
1777225884073000,-2.879864e-05,-0.0155000305,-0.004327695,0.0,0.0,-0.49006698,0
1777225884089000,-0.00081264257,-0.013688655,0.0012340306,0.0,0.0,-0.4901572,0
1777225884109000,-0.0010016125,0.03984868,0.0010861924,0.0,0.0,-0.48992103,0
1777225884133000,-0.0018566836,-0.01595886,-0.002134991,0.0,0.0,-0.49035612,0
1777225884149000,-0.0028952518,0.038082592,-0.002369041,0.0,0.0,-0.49013904,0
1777225884173000,-0.001888669,-0.019050317,0.00064479513,0.0,0.0,-0.4906916,0
1777225884193000,-0.0032720498,-0.01744294,-0.005292276,0.0,0.0,-0.49069798,0
1777225884213000,-0.0038175252,-0.016304139,0.00029806956,0.0,0.0,-0.49068144,0
1777225884229000,-0.003058046,0.03848565,0.00040463964,0.0,0.0,-0.49048084,0
1777225884249000,-0.0024437103,-0.01843097,-0.0044380836,0.0,0.0,-0.49065477,0
1777225884269000,-0.0022736208,0.03816244,-0.004703128,0.0,0.0,-0.49031687,0
1777225884293000,-0.0026221685,-0.017193392,-0.0020245844,0.0,0.0,-0.49045998,0
1777225884313000,-0.002545808,-0.017515823,-0.002298525,0.0,0.0,-0.4904638,0
1777225884329000,-0.0025536362,-0.018488519,-0.002412096,0.0,0.0,-0.49048954,0
1777225884349000,-0.0021742657,0.036136366,-0.002802248,0.0,0.0,-0.49024463,0
1777225884369000,-0.0018811785,-0.019157924,-0.0026406168,0.0,0.0,-0.4906142,0
1777225884389000,-0.0021257205,0.036355928,-0.0026876929,0.0,0.0,-0.49052835,0
1777225884409000,-0.0013168541,-0.018787378,-0.004171171,0.0,0.0,-0.49074924,0
1777225884429000,-0.0016834694,0.034677092,-0.004333119,0.0,0.0,-0.49059895,0
1777225884449000,-0.0028245477,-0.020937994,-0.0025582481,0.0,0.0,-0.49098325,0
1777225884469000,-0.0030218288,0.03340873,-0.002512298,0.0,0.0,-0.49078047,0
1777225884489000,-0.0019051789,-0.022735234,-0.0050267735,0.0,0.0,-0.49113178,0
1777225884513000,-0.0010924917,-0.0245822,-0.001804857,0.0,0.0,-0.4911878,0
1777225884533000,-0.002450477,-0.024709376,0.001267452,0.0,0.0,-0.49113718,0
1777225884553000,-0.0015998074,-0.025599023,-0.0046405857,0.0,0.0,-0.49099037,0
1777225884569000,-0.0019123545,-0.024706535,-0.0019060923,0.0,0.0,-0.4909696,0
1777225884593000,2.3083761e-05,-0.025348641,-0.0020189998,0.0,0.0,-0.49092552,0
1777225884613000,0.00071819965,-0.026231922,-0.0020857805,0.0,0.0,-0.4908652,0
1777225884633000,0.0012656911,-0.026621263,-0.0014076001,0.0,0.0,-0.4906477,0
1777225884653000,0.0028155204,-0.026715087,0.0017671895,0.0,0.0,-0.49045765,0
1777225884669000,0.0034742095,0.029292451,0.001835712,0.0,0.0,-0.49033073,0
1777225884693000,0.002891683,-0.0279629,-0.0007441338,0.0,0.0,-0.4906612,0
1777225884713000,0.0009752277,-0.025279501,-0.0012664741,0.0,0.0,-0.49073356,0
1777225884733000,-0.00061620114,-0.025045976,0.0025844425,0.0,0.0,-0.4907419,0
1777225884749000,-0.0012677863,0.029451301,0.0028264262,0.0,0.0,-0.49029925,0
1777225884773000,-0.0028653315,-0.024192112,-0.003507579,0.0,0.0,-0.49080285,0
1777225884793000,-0.0016997001,-0.023306224,0.002910399,0.0,0.0,-0.49087968,0
1777225884813000,-0.002010012,-0.024825305,-0.00036559877,0.0,0.0,-0.49085912,0
1777225884833000,-0.0016953358,-0.024993494,-0.0005560259,0.0,0.0,-0.4906987,0
1777225884853000,-0.0015600423,-0.023012375,-0.0039160373,0.0,0.0,-0.49064285,0
1777225884869000,-0.0008522147,0.03374926,-0.0041905046,0.0,0.0,-0.49029306,0
1777225884893000,-0.0030449852,-0.02298004,-0.003310795,0.0,0.0,-0.4904491,0
1777225884909000,-0.0043235263,0.033374056,-0.0036643478,0.0,0.0,-0.49018833,0
1777225884933000,-0.0043050013,-0.021207657,0.0015758157,0.0,0.0,-0.49052894,0
1777225884949000,-0.0039181183,0.03556402,0.0014729447,0.0,0.0,-0.49036732,0
1777225884969000,-0.0038739482,-0.021827092,0.0008840163,0.0,0.0,-0.49061185,0
1777225884993000,-0.004764179,-0.025134586,-0.0012604126,0.0,0.0,-0.49071607,0
1777225885009000,-0.0043973415,-0.02417685,-0.0013357687,0.0,0.0,-0.4907131,0
1777225885029000,-0.0023654723,0.032357343,-0.0013144707,0.0,0.0,-0.4904349,0
1777225885049000,-0.0023863493,-0.022752427,-0.0014562404,0.0,0.0,-0.4907433,0
1777225885069000,-0.003945366,0.031938106,-0.0017241514,0.0,0.0,-0.4904512,0
1777225885089000,-0.0024324846,-0.021318145,-0.0013341454,0.0,0.0,-0.49063125,0
1777225885109000,-0.0032625226,0.035605453,-0.0012032529,0.0,0.0,-0.49032423,0
1777225885129000,-0.0030509601,-0.019866213,-0.0010180795,0.0,0.0,-0.4903706,0
1777225885149000,-0.002325112,0.033476017,-0.0007787274,0.0,0.0,-0.49005872,0
1777225885173000,-0.0036283408,-0.02123683,-0.0004611059,0.0,0.0,-0.49016723,0
1777225885189000,-0.004712373,0.032751612,-0.0005281638,0.0,0.0,-0.48989537,0
1777225885209000,-0.0043586236,-0.024483712,0.0027828505,0.0,0.0,-0.4901698,0
1777225885229000,-0.0037872137,0.033053055,0.0030531092,0.0,0.0,-0.48999572,0
1777225885253000,-0.0038520547,-0.02368304,0.0019236165,0.0,0.0,-0.4902637,0
1777225885269000,-0.0039984435,0.03016111,0.0016453404,0.0,0.0,-0.49008134,0
1777225885289000,-0.002087853,-0.027456596,-0.00040700095,0.0,0.0,-0.4902767,0
1777225885309000,-0.0027536799,0.027439699,-0.00051746937,0.0,0.0,-0.49002337,0
1777225885329000,-0.003795774,-0.028542444,-0.00044173718,0.0,0.0,-0.4901521,0
1777225885353000,-0.00028260215,-0.030536845,-0.0002550725,0.0,0.0,-0.49017873,0
1777225885369000,0.00044504972,-0.03178031,-0.00052619295,0.0,0.0,-0.49040467,0
1777225885389000,-0.00038677081,0.024241671,-0.00096266787,0.0,0.0,-0.49019933,0
1777225885409000,0.00083428435,-0.029956058,-0.00086347613,0.0,0.0,-0.49042732,0
1777225885429000,0.00185729,0.02613376,-0.0006647052,0.0,0.0,-0.49006212,0
1777225885449000,0.0023673386,-0.028475843,-0.0010651938,0.0,0.0,-0.4902301,0
1777225885469000,0.0019124299,0.027478151,-0.0010383928,0.0,0.0,-0.49008107,0
1777225885489000,-0.00020855437,-0.028076015,-0.0043649953,0.0,0.0,-0.49037117,0
1777225885509000,-0.00050116103,0.027101563,-0.004226555,0.0,0.0,-0.49000427,0
1777225885529000,0.00030754585,-0.031240378,0.0020414533,0.0,0.0,-0.49051884,0
1777225885549000,0.002845205,0.02590794,0.001634843,0.0,0.0,-0.49034727,0
1777225885569000,0.004387081,-0.03017297,-0.004498463,0.0,0.0,-0.4906449,0
1777225885593000,0.004237776,-0.028699549,-0.003692001,0.0,0.0,-0.49072915,0
1777225885613000,0.005626084,-0.027221488,0.0015034161,0.0,0.0,-0.4907375,0
1777225885633000,0.004399545,-0.029279826,0.0002810487,0.0,0.0,-0.4907217,0
1777225885653000,0.0051371288,-0.027311578,-0.0024108202,0.0,0.0,-0.49055332,0
1777225885669000,0.0036742012,0.02829846,-0.0024429355,0.0,0.0,-0.49023518,0
1777225885689000,0.0023461378,-0.029738905,-0.0033339914,0.0,0.0,-0.49031585,0
1777225885713000,0.0031832305,-0.026431315,0.0045410693,0.0,0.0,-0.49032444,0
1777225885729000,0.003863692,-0.024479117,-0.0010908685,0.0,0.0,-0.4902503,0
1777225885749000,0.003534125,0.032789864,-0.0009767612,0.0,0.0,-0.49003237,0
1777225885769000,0.001218769,-0.024168702,0.0018539932,0.0,0.0,-0.49043727,0
1777225885789000,-7.603792e-05,0.032330602,0.0017264495,0.0,0.0,-0.49023414,0
1777225885809000,-0.0008599693,-0.022922263,-0.0019363058,0.0,0.0,-0.4906095,0
1777225885829000,-0.0008916771,0.033307917,-0.0020100854,0.0,0.0,-0.49038646,0
1777225885853000,-0.0015767948,-0.020729661,-0.002252861,0.0,0.0,-0.49054557,0
1777225885869000,-0.0014362889,0.03464529,-0.002439111,0.0,0.0,-0.49027413,0
1777225885889000,-0.0011015935,-0.02139061,-0.005462975,0.0,0.0,-0.4904371,0
1777225885913000,-0.0014870587,-0.02180395,5.131145e-05,0.0,0.0,-0.49037582,0
1777225885933000,-0.0024465502,-0.02024427,-0.002864054,0.0,0.0,-0.49038738,0
1777225885953000,-0.0034914317,-0.019889995,-0.0029743197,0.0,0.0,-0.49057359,0
1777225885969000,-0.0024366635,-0.020644411,-0.003278009,0.0,0.0,-0.49056983,0
1777225885993000,-0.0019972632,-0.020385712,-0.002941845,0.0,0.0,-0.49074143,0
1777225886009000,-0.002538542,-0.022449464,-0.0030249855,0.0,0.0,-0.49076095,0
1777225886029000,-0.0022833762,0.03329996,-0.003015181,0.0,0.0,-0.49054638,0
1777225886049000,-0.003129524,-0.020724699,-0.002891127,0.0,0.0,-0.4909145,0
1777225886073000,-0.005618144,-0.02109927,-0.0027735836,0.0,0.0,-0.49102843,0
1777225886093000,-0.0051698475,-0.018020988,-0.0024155434,0.0,0.0,-0.49113512,0
1777225886113000,-0.0049103634,-0.017951205,-0.0021244665,0.0,0.0,-0.49113593,0
1777225886129000,-0.004424236,-0.019228304,-0.0076359157,0.0,0.0,-0.49108878,0
1777225886153000,-0.0039743525,-0.018142287,0.0010892162,0.0,0.0,-0.49113297,0
1777225886169000,-0.0019424026,-0.01806137,-0.0044418992,0.0,0.0,-0.49114782,0
1777225886189000,-0.0031830564,0.037345726,-0.0040105954,0.0,0.0,-0.49091074,0
1777225886213000,-0.004043497,-0.019164423,0.0018391229,0.0,0.0,-0.49115434,0
1777225886229000,-0.0043837638,0.03773815,0.0018656552,0.0,0.0,-0.49094376,0
1777225886249000,-0.006706201,-0.01592499,-0.0004612261,0.0,0.0,-0.4911037,0
1777225886269000,-0.0068910564,0.03943076,-0.00023709156,0.0,0.0,-0.4909401,0
1777225886289000,-0.007962652,-0.015760064,-0.00015066331,0.0,0.0,-0.49117294,0
1777225886309000,-0.008959388,0.040494464,4.8266957e-05,0.0,0.0,-0.49103722,0
1777225886329000,-0.00901093,-0.015118836,0.0023774365,0.0,0.0,-0.49125147,0
1777225886353000,-0.008224883,-0.016190723,0.0007324688,0.0,0.0,-0.49126396,0
1777225886369000,-0.009160217,-0.015606821,0.00064527534,0.0,0.0,-0.49124137,0
1777225886393000,-0.009048024,-0.014073707,0.00095935364,0.0,0.0,-0.49125373,0
1777225886409000,-0.011447668,-0.012906283,0.00081447535,0.0,0.0,-0.49117368,0
1777225886429000,-0.010743046,0.043313965,0.00096361234,0.0,0.0,-0.4908696,0
1777225886449000,-0.00870161,-0.014005468,0.0034059356,0.0,0.0,-0.49115282,0
1777225886469000,-0.0084238155,0.04009578,0.0035663773,0.0,0.0,-0.4908778,0
1777225886489000,-0.009236641,-0.014120147,0.00076879654,0.0,0.0,-0.49093425,0
1777225886509000,-0.00864118,0.04018531,0.00076043885,0.0,0.0,-0.49067017,0
1777225886529000,-0.008622797,-0.016851753,0.00024048565,0.0,0.0,-0.49093866,0
1777225886553000,-0.006912974,-0.017449558,0.0002377712,0.0,0.0,-0.49088994,0
1777225886569000,-0.0059105614,-0.014246538,0.00032426952,0.0,0.0,-0.49087745,0
1777225886589000,-0.0031903046,0.03865835,4.9228547e-06,0.0,0.0,-0.49079016,0
1777225886609000,-0.003414231,-0.016445044,-0.0059082652,0.0,0.0,-0.49095193,0
1777225886629000,-0.0046102605,0.038386617,-0.0059018764,0.0,0.0,-0.49076724,0
1777225886649000,-0.003957852,-0.019090474,-0.00031716353,0.0,0.0,-0.4909303,0
1777225886669000,-0.0042918203,0.035725564,-0.00024139998,0.0,0.0,-0.49071443,0
1777225886689000,-0.0072423527,-0.019865997,-0.00026441296,0.0,0.0,-0.49081585,0
1777225886713000,-0.0046667187,-0.01973477,-0.00031485164,0.0,0.0,-0.49095154,0
1777225886729000,-0.003610632,-0.017204463,-0.0023268387,0.0,0.0,-0.49103808,0
1777225886749000,-0.00136094,0.0380201,-0.00255574,0.0,0.0,-0.4908166,0
1777225886769000,-0.0018833663,-0.017200688,-0.00381647,0.0,0.0,-0.49105358,0
1777225886789000,-0.0021923052,0.03639097,-0.00378751,0.0,0.0,-0.49083695,0
1777225886809000,-0.0019584661,-0.017794482,-0.00021916279,0.0,0.0,-0.49118975,0
1777225886829000,-0.0032728678,0.039427944,-5.0264294e-05,0.0,0.0,-0.49095625,0
1777225886849000,-0.0037302764,-0.01657273,-0.002485712,0.0,0.0,-0.49102238,0
1777225886869000,-0.003183599,0.037599076,-0.0024910579,0.0,0.0,-0.4908367,0
1777225886889000,-0.002683309,-0.018572226,-5.632802e-05,0.0,0.0,-0.49105436,0
1777225886913000,-0.0021642493,-0.021601297,0.00016448495,0.0,0.0,-0.49090847,0
1777225886933000,-0.0023179157,-0.02244854,0.0003755394,0.0,0.0,-0.49097547,0
1777225886949000,-0.0024126833,0.03295727,0.00065626926,0.0,0.0,-0.4907092,0
1777225886973000,-0.001618673,-0.024504555,0.00247723,0.0,0.0,-0.49104464,0
1777225886989000,-0.0018573389,0.031608455,0.0025121444,0.0,0.0,-0.49087888,0
1777225887009000,-0.0014683921,-0.021599948,0.00031581812,0.0,0.0,-0.4910743,0
1777225887033000,-0.0009843353,-0.020138443,0.00016604469,0.0,0.0,-0.490988,0
1777225887053000,-0.00072508195,-0.020834487,-0.0023354664,0.0,0.0,-0.49091294,0
1777225887073000,-0.0011498369,-0.022995956,-0.00037888624,0.0,0.0,-0.4908479,0
1777225887093000,-0.00078844425,-0.022724127,0.001887257,0.0,0.0,-0.4908478,0
1777225887113000,0.0011907713,-0.022133656,-0.00022100203,0.0,0.0,-0.49087995,0
1777225887129000,0.0012425926,-0.022254141,-0.0025161563,0.0,0.0,-0.49097916,0
1777225887149000,0.003820412,0.032444097,-0.0027290247,0.0,0.0,-0.49080992,0
1777225887169000,0.0030649872,-0.024837293,-0.004191111,0.0,0.0,-0.49098587,0
1777225887189000,0.0021841505,0.031437375,-0.004034104,0.0,0.0,-0.49088845,0
1777225887209000,0.00232427,-0.024542823,-0.002095557,0.0,0.0,-0.49115363,0
1777225887229000,0.0016994211,0.031522114,-0.0021353127,0.0,0.0,-0.49081233,0
1777225887249000,0.0026841387,-0.024436414,-1.4163088e-06,0.0,0.0,-0.49119297,0
1777225887269000,0.0036873203,0.031773582,-2.0393054e-05,0.0,0.0,-0.49107617,0
1777225887293000,0.003810321,-0.023424,-9.000325e-05,0.0,0.0,-0.4912024,0
1777225887309000,0.003772691,0.031788066,3.7205406e-05,0.0,0.0,-0.4909722,0
1777225887333000,0.0040897187,-0.024258181,-0.00034236535,0.0,0.0,-0.49109358,0
1777225887349000,0.005587807,0.031477123,-4.79304e-05,0.0,0.0,-0.49080357,0
1777225887373000,0.005725515,-0.024864614,-0.0006268136,0.0,0.0,-0.49097058,0
1777225887393000,0.004815375,-0.024559103,-0.00087857596,0.0,0.0,-0.49114862,0
1777225887409000,0.0061529996,-0.023843601,-0.0011835371,0.0,0.0,-0.49120054,0
1777225887429000,0.005849827,0.03328281,-0.0012685216,0.0,0.0,-0.49102595,0
1777225887449000,0.005928088,-0.023571491,-0.0011105903,0.0,0.0,-0.49118033,0
1777225887473000,0.005338746,-0.022614352,-0.00095108885,0.0,0.0,-0.4910444,0
1777225887489000,0.0047735213,-0.023019053,-0.0007634434,0.0,0.0,-0.49110046,0
1777225887509000,0.00408637,0.033621356,-0.00078587374,0.0,0.0,-0.49084568,0
1777225887533000,0.0029285108,-0.019917771,-0.00013756205,0.0,0.0,-0.49108163,0
1777225887549000,0.0028117476,0.036566675,-0.0002004077,0.0,0.0,-0.49092147,0
1777225887573000,0.00222725,-0.019027874,-0.00015184737,0.0,0.0,-0.49115103,0
1777225887593000,0.0036614127,-0.01968097,-0.00014311564,0.0,0.0,-0.49113667,0
1777225887609000,0.0032549258,-0.020047486,-0.00015546149,0.0,0.0,-0.49117005,0
1777225887629000,0.0042399974,0.033413135,-0.000116295414,0.0,0.0,-0.4908069,0
1777225887649000,0.0022029714,-0.02211322,0.002151378,0.0,0.0,-0.49092042,0
1777225887669000,0.0047960244,0.03395258,0.0021256916,0.0,0.0,-0.49065068,0
1777225887693000,0.0042164316,-0.023068465,-0.00052224717,0.0,0.0,-0.49083036,0
1777225887713000,0.0061995415,-0.024728604,0.0029882595,0.0,0.0,-0.49079856,0
1777225887733000,0.005718362,-0.024738634,-0.0023659463,0.0,0.0,-0.49095768,0
1777225887753000,0.005336134,-0.025155215,-0.0010376853,0.0,0.0,-0.49114877,0
1777225887769000,0.0060486854,-0.026485285,0.0044998373,0.0,0.0,-0.49119946,0
1777225887789000,0.0053412775,0.029742537,0.004657335,0.0,0.0,-0.491006,0
1777225887809000,0.0072984435,-0.026831856,0.0018679386,0.0,0.0,-0.4910092,0
1777225887829000,0.007061159,0.027353557,0.0020884252,0.0,0.0,-0.49072352,0
1777225887849000,0.006643085,-0.02865377,0.00026568177,0.0,0.0,-0.4908667,0
1777225887869000,0.006601548,0.027132109,0.0001606223,0.0,0.0,-0.49062082,0
1777225887893000,0.0074671684,-0.02885528,0.00019398215,0.0,0.0,-0.49081126,0
1777225887909000,0.008038436,0.025689393,0.00017817703,0.0,0.0,-0.4906165,0
1777225887933000,0.008469794,-0.032522563,0.0027080765,0.0,0.0,-0.49101752,0
1777225887949000,0.0074055577,0.023358392,0.002496997,0.0,0.0,-0.49085724,0
1777225887969000,0.0076285694,-0.032257974,-0.00037189515,0.0,0.0,-0.4912106,0
1777225887989000,0.00966264,0.023819864,-0.00029359804,0.0,0.0,-0.49092102,0
1777225888013000,0.009059399,-0.03452313,0.0027103988,0.0,0.0,-0.4910256,0
1777225888029000,0.008305486,0.020643067,0.0030254293,0.0,0.0,-0.4906913,0
1777225888053000,0.008578216,-0.032747224,0.0039191497,0.0,0.0,-0.49100077,0
1777225888069000,0.0077667763,0.023465345,0.0037942636,0.0,0.0,-0.49075875,0
1777225888093000,0.008048777,-0.03417479,-0.00438685,0.0,0.0,-0.49091038,0
1777225888109000,0.010100659,0.021349663,-0.0046037226,0.0,0.0,-0.49073792,0
1777225888129000,0.0109594455,-0.034765523,0.0018557407,0.0,0.0,-0.4910242,0
1777225888149000,0.011379157,0.022302335,0.0015143373,0.0,0.0,-0.49068463,0
1777225888169000,0.01198788,-0.032395124,-8.6334534e-05,0.0,0.0,-0.49097413,0
1777225888189000,0.012171991,0.022207156,-0.0004020288,0.0,0.0,-0.4909597,0
1777225888209000,0.011226271,-0.03183444,-0.00074378215,0.0,0.0,-0.4913711,0
1777225888229000,0.010065551,0.02463685,-0.0007243454,0.0,0.0,-0.49116352,0
1777225888253000,0.008704068,-0.03130728,-0.0016821211,0.0,0.0,-0.49135166,0
1777225888273000,0.00854407,-0.033490464,0.00012982695,0.0,0.0,-0.4913238,0
1777225888289000,0.008519929,-0.03413689,-0.0058536404,0.0,0.0,-0.4913864,0
1777225888313000,0.005693496,-0.030590415,-0.0005814416,0.0,0.0,-0.4913296,0
1777225888329000,0.00789386,-0.02807179,0.0026871606,0.0,0.0,-0.49135065,0
1777225888349000,0.008511885,0.028521508,0.0020918604,0.0,0.0,-0.49107006,0
1777225888369000,0.006791793,-0.027869701,-0.0009941396,0.0,0.0,-0.49130508,0
1777225888393000,0.0059709977,-0.030024234,1.035133e-05,0.0,0.0,-0.49126288,0
1777225888413000,0.00621775,-0.028916195,-0.00047917565,0.0,0.0,-0.49127966,0
1777225888429000,0.0065368228,0.027389206,-0.0007523195,0.0,0.0,-0.4909509,0
1777225888453000,0.005787505,-0.029109448,-0.0003124171,0.0,0.0,-0.49120346,0
1777225888473000,0.0056508505,-0.028669788,0.0004217497,0.0,0.0,-0.49122903,0
1777225888493000,0.00424222,-0.028417872,0.0031431932,0.0,0.0,-0.49113628,0
1777225888509000,0.0058835135,0.026489334,0.0029865475,0.0,0.0,-0.49082148,0
1777225888533000,0.00412898,-0.03185461,0.00033366293,0.0,0.0,-0.49091145,0
1777225888549000,0.0025822774,0.024301952,0.00015629371,0.0,0.0,-0.4907287,0
1777225888569000,0.0030730083,-0.030184567,0.00019439032,0.0,0.0,-0.49095365,0
1777225888589000,0.0038998055,0.027180962,0.000117678595,0.0,0.0,-0.4907732,0
1777225888609000,0.003933316,-0.027416646,0.00020336459,0.0,0.0,-0.49106538,0
1777225888633000,0.004583657,-0.029007867,0.00048871577,0.0,0.0,-0.49105284,0
1777225888649000,0.003898561,-0.030106142,0.00051444647,0.0,0.0,-0.49109033,0
1777225888669000,0.0025413204,0.025324605,0.00051153195,0.0,0.0,-0.49069026,0
1777225888689000,0.0020653321,-0.030892508,-0.0039653643,0.0,0.0,-0.49087462,0
1777225888713000,0.0014347266,-0.029706374,0.00074044755,0.0,0.0,-0.49083933,0
1777225888729000,0.0014733967,-0.031302013,0.0046083885,0.0,0.0,-0.49084052,0
1777225888749000,0.0018156053,0.02269192,0.0042715054,0.0,0.0,-0.49059728,0
1777225888769000,0.0012400991,-0.028306935,0.0011492915,0.0,0.0,-0.49092513,0
1777225888789000,0.0024533987,0.030248117,0.0007230164,0.0,0.0,-0.49070054,0
1777225888809000,0.0005557733,-0.024720453,0.0022156104,0.0,0.0,-0.49102297,0
1777225888829000,0.00018237246,0.029698256,0.001586959,0.0,0.0,-0.4907951,0
1777225888849000,-0.0010655579,-0.021773674,-0.0014202304,0.0,0.0,-0.49108565,0
1777225888869000,-0.0015784326,0.034302343,-0.0017887175,0.0,0.0,-0.49077716,0
1777225888889000,-0.001152001,-0.020829309,0.003878942,0.0,0.0,-0.49092296,0
1777225888909000,-7.908352e-05,0.0348719,0.0037853525,0.0,0.0,-0.4907059,0
1777225888929000,-0.0015416205,-0.020172821,-0.00020398697,0.0,0.0,-0.491079,0
1777225888953000,-0.003882429,-0.02138425,0.0017407775,0.0,0.0,-0.49110535,0
1777225888973000,-0.0027511371,-0.0204162,-0.0040884875,0.0,0.0,-0.49096468,0
1777225888989000,-0.001647656,0.036514618,-0.004316032,0.0,0.0,-0.49065053,0
1777225889009000,-0.0027556233,-0.01883614,-0.00043484877,0.0,0.0,-0.49097544,0
1777225889029000,-0.0016583577,0.036308445,-0.0009651395,0.0,0.0,-0.4907673,0
1777225889053000,0.00034617446,-0.01972787,-0.00109562,0.0,0.0,-0.4909371,0
1777225889069000,-0.00062067807,0.034242712,-0.0013320906,0.0,0.0,-0.49068767,0
1777225889089000,-0.00036261522,-0.019483525,0.003931818,0.0,0.0,-0.49093187,0
1777225889109000,-0.00087951275,0.03577863,0.003554862,0.0,0.0,-0.49077737,0
1777225889129000,-0.00015627572,-0.020588782,0.00097215874,0.0,0.0,-0.49107763,0
1777225889149000,-0.0003196791,0.035920255,0.0010662745,0.0,0.0,-0.4908581,0
1777225889169000,-0.0029094694,-0.019627469,0.0041990937,0.0,0.0,-0.4911782,0
1777225889193000,-0.004232931,-0.019035276,-0.0039990675,0.0,0.0,-0.49115872,0
1777225889209000,-0.0032249626,-0.01928226,-0.0005666185,0.0,0.0,-0.49112332,0
1777225889229000,-0.003615142,0.035990424,-0.0010061016,0.0,0.0,-0.49081373,0
1777225889249000,-0.0028427409,-0.02205768,0.0010504768,0.0,0.0,-0.49098098,0
1777225889273000,-0.0009404719,-0.021286502,-0.00021675107,0.0,0.0,-0.49104893,0
1777225889289000,-0.0016948357,-0.021365568,5.953305e-05,0.0,0.0,-0.49112368,0
1777225889309000,-0.0020964872,0.033674076,-3.2627257e-05,0.0,0.0,-0.49089855,0
1777225889329000,-0.0027836817,-0.016948937,-0.005430981,0.0,0.0,-0.49107152,0
1777225889349000,-0.004516624,0.037880633,-0.0062095197,0.0,0.0,-0.49085608,0
1777225889369000,-0.0040672855,-0.01917532,0.0024161795,0.0,0.0,-0.4911741,0
1777225889393000,-0.0066142613,-0.019789604,-0.0058069383,0.0,0.0,-0.49119055,0
1777225889413000,-0.008269626,-0.01997875,-0.00024219263,0.0,0.0,-0.4912903,0
1777225889429000,-0.007718716,0.037726555,-0.00029021988,0.0,0.0,-0.4910219,0
1777225889449000,-0.0070485133,-0.01598367,-0.0035192259,0.0,0.0,-0.49123746,0
1777225889469000,-0.006887156,0.042655617,-0.0035398344,0.0,0.0,-0.49085248,0
1777225889489000,-0.005519673,-0.014036462,-0.00021326815,0.0,0.0,-0.4910323,0
1777225889509000,-0.007162365,0.04004333,-4.7246693e-05,0.0,0.0,-0.49072406,0
1777225889529000,-0.00770753,-0.014459278,-0.004633967,0.0,0.0,-0.4909722,0
1777225889549000,-0.008078862,0.040442795,-0.0049454602,0.0,0.0,-0.49071178,0
1777225889569000,-0.0070822905,-0.013660752,0.0042957705,0.0,0.0,-0.49081492,0
1777225889589000,-0.00654948,0.04166072,0.0039780396,0.0,0.0,-0.49064845,0
1777225889609000,-0.0074260016,-0.011805445,-9.056146e-05,0.0,0.0,-0.4908931,0
1777225889633000,-0.007565077,-0.011773631,-0.00029802707,0.0,0.0,-0.49085522,0
1777225889649000,-0.008200913,-0.010786891,-0.0004428202,0.0,0.0,-0.49070272,0
1777225889669000,-0.008091105,0.046080455,1.5159312e-05,0.0,0.0,-0.4904319,0
1777225889693000,-0.009298415,-0.0093040485,0.003538947,0.0,0.0,-0.49060208,0
1777225889709000,-0.008368566,0.048895657,0.0037413999,0.0,0.0,-0.49045295,0
1777225889729000,-0.00901487,-0.007087648,0.0003358029,0.0,0.0,-0.49075806,0
1777225889753000,-0.006399623,-0.007052049,0.00015889999,0.0,0.0,-0.49078616,0
1777225889769000,-0.007377226,-0.007860005,-2.2770953e-05,0.0,0.0,-0.49070415,0
1777225889789000,-0.009259753,0.04810194,0.0002916826,0.0,0.0,-0.49047807,0
1777225889809000,-0.008094678,-0.0063099237,-0.004484557,0.0,0.0,-0.4907336,0
1777225889833000,-0.0062489193,-0.0066119805,-0.00014204608,0.0,0.0,-0.49065563,0
1777225889849000,-0.0050966004,-0.007995015,0.0048718215,0.0,0.0,-0.4906623,0
1777225889869000,-0.004087855,0.04582028,0.0045763687,0.0,0.0,-0.49051797,0
1777225889889000,-0.00797245,-0.011966054,-0.0012287624,0.0,0.0,-0.4907795,0
1777225889913000,-0.007504946,-0.012459651,-0.0004164172,0.0,0.0,-0.49066377,0
1777225889933000,-0.006115428,-0.012915671,-0.004570151,0.0,0.0,-0.49063417,0
1777225889949000,-0.0061267214,0.0414832,-0.0046052807,0.0,0.0,-0.49030218,0
1777225889969000,-0.004273004,-0.014901213,0.0036748268,0.0,0.0,-0.49050266,0
1777225889993000,-0.0037492856,-0.017125634,0.0008802419,0.0,0.0,-0.49051943,0
1777225890013000,-0.002001105,-0.016462184,-0.004933176,0.0,0.0,-0.4905211,0
1777225890033000,-0.00065416173,-0.015857894,-0.0005325545,0.0,0.0,-0.49060768,0
1777225890049000,-0.0010966756,-0.015147092,0.005245355,0.0,0.0,-0.49071214,0
1777225890069000,-0.0011455573,0.04035184,0.005393831,0.0,0.0,-0.4904882,0
1777225890093000,-0.00042239227,-0.020435067,0.0027278191,0.0,0.0,-0.49064595,0
1777225890113000,-0.00075182086,-0.021707235,-0.0050207027,0.0,0.0,-0.49085647,0
1777225890129000,-0.0007924555,-0.022078034,0.000600329,0.0,0.0,-0.49076304,0
1777225890149000,0.00013038618,0.03303028,0.00056014647,0.0,0.0,-0.49039114,0
1777225890169000,0.0018274103,-0.024466671,0.00089140673,0.0,0.0,-0.49036264,0
1777225890189000,0.00053569645,0.030878786,0.0010062268,0.0,0.0,-0.490174,0
1777225890213000,0.0014578347,-0.024687149,0.0010531739,0.0,0.0,-0.4903088,0
1777225890233000,0.0022451857,-0.024927529,-0.00046671776,0.0,0.0,-0.49036148,0
1777225890249000,0.0025429737,-0.023844238,-0.0022717537,0.0,0.0,-0.490329,0
1777225890269000,0.0016627198,0.033502925,-0.002610566,0.0,0.0,-0.49004847,0
1777225890289000,0.0013954667,-0.022413395,-7.682538e-06,0.0,0.0,-0.49010578,0
1777225890309000,0.0020719029,0.033652104,1.539319e-05,0.0,0.0,-0.4898299,0
1777225890329000,0.0023361784,-0.023042485,-0.0005265442,0.0,0.0,-0.49010792,0
1777225890349000,0.00062987796,0.030907549,-0.00060683046,0.0,0.0,-0.48994926,0
1777225890369000,0.00082980207,-0.023779858,0.0035417827,0.0,0.0,-0.4901,0
1777225890389000,0.0025109919,0.031878363,0.003320293,0.0,0.0,-0.4897507,0
1777225890409000,0.001812977,-0.022542663,-0.001398979,0.0,0.0,-0.49001625,0
1777225890433000,0.0023204335,-0.021771146,-0.00024647056,0.0,0.0,-0.4902078,0
1777225890449000,0.0026357793,-0.023510976,-0.0057554645,0.0,0.0,-0.49028546,0
1777225890473000,0.0019659004,-0.023410976,-0.0028204508,0.0,0.0,-0.49041483,0
1777225890489000,0.0004372876,-0.022006765,-0.0019939695,0.0,0.0,-0.4904763,0
1777225890509000,0.0019801666,0.03382185,-0.0019347789,0.0,0.0,-0.49028936,0
1777225890529000,0.001872259,-0.024328146,-0.006459484,0.0,0.0,-0.49060327,0
1777225890549000,0.0020787362,0.030699022,-0.006379189,0.0,0.0,-0.49043238,0
1777225890569000,0.0014360455,-0.026171418,0.0021911492,0.0,0.0,-0.49066758,0
1777225890589000,0.0016742091,0.030454058,0.002073527,0.0,0.0,-0.49048245,0
1777225890609000,0.0017763717,-0.021428928,-0.005607874,0.0,0.0,-0.49073368,0
1777225890629000,0.002443228,0.032543115,-0.0053647007,0.0,0.0,-0.490616,0
1777225890649000,0.0024349992,-0.023049176,-0.0008927085,0.0,0.0,-0.49079412,0
1777225890669000,0.0028147823,0.035523348,-0.0006802483,0.0,0.0,-0.49055114,0
1777225890689000,0.0016953372,-0.01866276,0.0040881545,0.0,0.0,-0.49070078,0
1777225890709000,0.0022440068,0.03648938,0.004085324,0.0,0.0,-0.49044573,0
1777225890729000,0.0017516575,-0.019561231,-3.522844e-05,0.0,0.0,-0.49088138,0
1777225890753000,-6.500655e-05,-0.023684978,0.0002600801,0.0,0.0,-0.4908405,0
1777225890773000,0.00038764213,-0.024055716,-0.005658065,0.0,0.0,-0.49084005,0
1777225890793000,0.00026506308,-0.023801597,-0.0025393905,0.0,0.0,-0.49084064,0
1777225890813000,0.0011659696,-0.024480768,0.0029700247,0.0,0.0,-0.49091616,0
1777225890829000,-4.9093163e-05,0.031252034,0.0028291126,0.0,0.0,-0.49068555,0
1777225890849000,-0.00045052776,-0.0250519,0.0017874155,0.0,0.0,-0.49070928,0
1777225890869000,0.0014424733,0.0299351,0.0019050463,0.0,0.0,-0.49046552,0
1777225890889000,-0.0002569066,-0.025153877,0.0025303618,0.0,0.0,-0.49072823,0
1777225890909000,0.0016951147,0.029824506,0.002637818,0.0,0.0,-0.4903941,0
1777225890933000,8.5899606e-05,-0.025494456,-0.0006630053,0.0,0.0,-0.49059972,0
1777225890949000,9.7564654e-05,0.03207984,-0.00025975454,0.0,0.0,-0.49028468,0
1777225890969000,-0.0020118938,-0.024872236,0.0038385212,0.0,0.0,-0.4904099,0
1777225890989000,-0.00094577373,0.029622985,0.0041823257,0.0,0.0,-0.49018064,0
1777225891013000,-0.0011955758,-0.024733283,0.0018355849,0.0,0.0,-0.4905663,0
1777225891033000,-0.0007875806,-0.024001889,0.0008521632,0.0,0.0,-0.4905139,0
1777225891049000,-0.00063319167,-0.023202073,-0.00491958,0.0,0.0,-0.49049842,0
1777225891073000,-0.00017045636,-0.024269214,0.0032643043,0.0,0.0,-0.49044746,0
1777225891089000,0.0009528896,-0.02311883,0.0035822287,0.0,0.0,-0.4904293,0
1777225891109000,4.0137806e-05,0.033505216,0.00380283,0.0,0.0,-0.4901398,0
1777225891133000,0.00027201686,-0.018737942,-0.0027588333,0.0,0.0,-0.49044243,0
1777225891153000,2.0479783e-06,-0.01937832,0.000794405,0.0,0.0,-0.49070436,0
1777225891169000,-0.0019105151,-0.019124977,-0.002845598,0.0,0.0,-0.49082518,0
1777225891189000,-0.00094603666,0.03732497,-0.002927431,0.0,0.0,-0.4905512,0
1777225891209000,-0.0005485032,-0.01731828,-0.0013789681,0.0,0.0,-0.4908216,0
1777225891229000,-0.00086709927,0.038554672,-0.0012335494,0.0,0.0,-0.49049956,0
1777225891249000,-7.394528e-05,-0.01829552,-0.0014928275,0.0,0.0,-0.49072862,0
1777225891273000,-0.00016181218,-0.018674612,0.0004905554,0.0,0.0,-0.49088165,0
1777225891289000,0.00086816796,-0.017290313,-0.0029183964,0.0,0.0,-0.49083397,0
1777225891313000,-0.00031849497,-0.016059538,0.004080561,0.0,0.0,-0.49076772,0
1777225891329000,-0.00138789,-0.015537158,0.0004296028,0.0,0.0,-0.49077594,0
1777225891353000,-0.000927925,-0.01663158,0.0005394849,0.0,0.0,-0.49068046,0
1777225891369000,5.0465227e-05,-0.01680211,0.00052308163,0.0,0.0,-0.49064094,0
1777225891389000,-0.0013174479,0.039520897,0.00022606587,0.0,0.0,-0.49042875,0
1777225891413000,-0.00072440255,-0.018249037,0.0037798358,0.0,0.0,-0.49058723,0
1777225891429000,-0.00018532085,0.036893398,0.0037942352,0.0,0.0,-0.4902654,0
1777225891453000,-0.00078830036,-0.01956895,0.0015362182,0.0,0.0,-0.49052107,0
1777225891469000,-0.00058113475,0.03577003,0.0013883366,0.0,0.0,-0.4903856,0
1777225891493000,0.0004329189,-0.019250132,-0.00024906622,0.0,0.0,-0.49056432,0
1777225891509000,-0.0009989557,0.03822048,-0.00048433198,0.0,0.0,-0.49029773,0
1777225891529000,-0.0025367234,-0.017717816,-0.0011468842,0.0,0.0,-0.49053437,0
1777225891553000,-0.0032897305,-0.017671095,-0.0002038207,0.0,0.0,-0.49054348,0
1777225891573000,-0.0028889577,-0.017761549,-0.0042480705,0.0,0.0,-0.49052778,0
1777225891589000,-0.0016390402,0.038070712,-0.003975125,0.0,0.0,-0.4903774,0
1777225891609000,-0.0013013688,-0.017597318,-0.00034433824,0.0,0.0,-0.49051076,0
1777225891629000,-0.002449098,0.03639949,-0.00033740664,0.0,0.0,-0.490269,0
1777225891649000,-0.0032001543,-0.021079266,-0.0035050926,0.0,0.0,-0.49060884,0
1777225891673000,-0.0025320777,-0.023166627,-0.0004251803,0.0,0.0,-0.49059257,0
1777225891693000,-0.0031634155,-0.020497866,-0.00068785506,0.0,0.0,-0.49055696,0
1777225891709000,-0.003293637,0.033663675,-0.00064312114,0.0,0.0,-0.4904096,0
1777225891729000,-0.002302742,-0.022218488,-0.0003178448,0.0,0.0,-0.49058947,0
1777225891749000,-0.0015838072,0.03587512,-0.0001798044,0.0,0.0,-0.49034244,0
1777225891769000,-0.0020696174,-0.0193046,-0.0031152638,0.0,0.0,-0.49075615,0
1777225891789000,-0.0017302361,0.037761226,-0.0032814504,0.0,0.0,-0.4906178,0
1777225891813000,-0.0032693492,-0.016992161,0.0035182538,0.0,0.0,-0.49063998,0
1777225891833000,-0.0035481122,-0.018483594,0.00071444304,0.0,0.0,-0.49043715,0
1777225891849000,-0.0028485905,-0.019224463,-0.0024985005,0.0,0.0,-0.4904083,0
1777225891869000,-0.0013484997,0.03687251,-0.0026478781,0.0,0.0,-0.4901729,0
1777225891893000,-0.0033846349,-0.019054353,0.00032113376,0.0,0.0,-0.49044028,0
1777225891909000,-0.0029710457,0.03557662,0.00034838426,0.0,0.0,-0.4901943,0
1777225891933000,-0.0014017684,-0.018743059,0.0028929906,0.0,0.0,-0.49050826,0
1777225891949000,-0.0031347715,0.036171526,0.003030163,0.0,0.0,-0.49032572,0
1777225891973000,-0.002739275,-0.02273087,0.0022490602,0.0,0.0,-0.49048156,0
1777225891993000,-0.0011168735,-0.022823513,-0.00017052505,0.0,0.0,-0.49037996,0
1777225892013000,-0.0005933873,-0.023354046,-0.0030112853,0.0,0.0,-0.4903855,0
1777225892029000,-0.0015059983,0.029036013,-0.0028082842,0.0,0.0,-0.49014047,0
1777225892049000,-0.0005348169,-0.024484366,-2.196338e-05,0.0,0.0,-0.4903787,0
1777225892073000,0.00057738787,-0.02484499,-0.0001882175,0.0,0.0,-0.49051246,0
1777225892089000,0.00059451745,-0.023947654,0.002409455,0.0,0.0,-0.49053997,0
1777225892109000,0.0014314249,0.031162344,0.002220752,0.0,0.0,-0.49024087,0
1777225892133000,-0.0007237947,-0.024553733,-0.0062992005,0.0,0.0,-0.49052966,0
1777225892149000,0.001196235,0.029937688,-0.00603427,0.0,0.0,-0.4902494,0
1777225892169000,0.0027499606,-0.02736783,-0.00054104626,0.0,0.0,-0.49053887,0
1777225892189000,0.0030169666,0.027349144,-0.0009891809,0.0,0.0,-0.49031702,0
1777225892209000,0.00298858,-0.030231455,-0.003961678,0.0,0.0,-0.49039003,0
1777225892229000,0.0030519366,0.02476708,-0.0037460043,0.0,0.0,-0.49010777,0
1777225892249000,0.003512095,-0.03318052,-0.0037261173,0.0,0.0,-0.49033856,0
1777225892269000,0.00401797,0.02298454,-0.0035935892,0.0,0.0,-0.4900701,0
1777225892289000,0.0034174651,-0.033030048,0.0009469935,0.0,0.0,-0.49030623,0
1777225892309000,0.0015767522,0.023661556,0.0008648925,0.0,0.0,-0.49007416,0
1777225892329000,0.0039030241,-0.030916924,-0.0042334315,0.0,0.0,-0.49037156,0
1777225892349000,0.0038352818,0.023515958,-0.0039939107,0.0,0.0,-0.4900488,0
1777225892373000,0.0056607844,-0.03151711,-0.0016449527,0.0,0.0,-0.49026373,0
1777225892389000,0.0038917856,0.025588818,-0.0015377696,0.0,0.0,-0.49002087,0
1777225892413000,0.002143987,-0.03078714,-0.0015365101,0.0,0.0,-0.49022508,0
1777225892433000,0.00038627727,-0.030225746,-0.0010398359,0.0,0.0,-0.4902985,0
1777225892449000,0.00018916304,-0.03125599,-0.0011253515,0.0,0.0,-0.49030855,0
1777225892469000,9.883894e-06,0.025190368,-0.00093830336,0.0,0.0,-0.4900879,0
1777225892493000,0.0017203682,-0.029858388,-0.00056427356,0.0,0.0,-0.49026227,0
1777225892513000,0.0017057906,-0.029296324,-0.00041293143,0.0,0.0,-0.49038297,0
1777225892529000,0.0014942549,-0.029208086,-0.0005606896,0.0,0.0,-0.4904047,0
1777225892549000,0.0023641237,0.024915002,-0.0002105101,0.0,0.0,-0.49023807,0
1777225892569000,0.0006033818,-0.027693331,-0.00037603814,0.0,0.0,-0.49036017,0
1777225892593000,0.001077985,-0.029503174,-0.00022605853,0.0,0.0,-0.4903536,0
1777225892609000,0.0008847391,-0.026853977,-0.005552959,0.0,0.0,-0.49043584,0
1777225892629000,0.00082614436,0.029121283,-0.005709578,0.0,0.0,-0.49019393,0
1777225892653000,0.0020999962,-0.024728749,-0.0030569192,0.0,0.0,-0.49061248,0
1777225892669000,0.003203415,0.03094911,-0.0029672019,0.0,0.0,-0.49047974,0
1777225892693000,0.0031841423,-0.024079332,0.005402184,0.0,0.0,-0.49066377,0
1777225892709000,0.0034698418,0.03248476,0.0053702667,0.0,0.0,-0.49047768,0
1777225892733000,-0.00071325025,-0.022407144,5.232601e-05,0.0,0.0,-0.49069393,0
1777225892749000,-0.0009324651,0.032026537,-5.103601e-05,0.0,0.0,-0.49049422,0
1777225892769000,-0.0018747555,-0.025317641,-0.0026149522,0.0,0.0,-0.49069414,0
1777225892789000,-0.0011243261,0.03149843,-0.0024533437,0.0,0.0,-0.4904839,0
1777225892809000,-0.0007460173,-0.02188085,-0.00010475225,0.0,0.0,-0.49086875,0
1777225892833000,0.00044636778,-0.022026107,-6.7704124e-05,0.0,0.0,-0.49091592,0
1777225892853000,0.0016227369,-0.022297164,0.0022207221,0.0,0.0,-0.49103856,0
1777225892869000,0.0015899581,0.033162244,0.00229412,0.0,0.0,-0.4909136,0
1777225892889000,-0.00040956447,-0.0251887,-3.8818922e-05,0.0,0.0,-0.49128354,0
1777225892909000,-0.001841478,0.028736278,-5.5549783e-05,0.0,0.0,-0.49100757,0
1777225892929000,-8.952098e-06,-0.029079186,0.0023566482,0.0,0.0,-0.49123693,0
1777225892949000,0.00011315158,0.026142983,0.0021326835,0.0,0.0,-0.4909383,0
1777225892969000,-9.6337564e-05,-0.028734803,-1.0221236e-05,0.0,0.0,-0.4912018,0
1777225892989000,-0.0014388058,0.028041974,0.00010465551,0.0,0.0,-0.49087605,0
1777225893009000,-0.0005903656,-0.025684103,0.0052283974,0.0,0.0,-0.4911682,0
1777225893029000,0.0007047918,0.030917149,0.005600387,0.0,0.0,-0.4908649,0
1777225893049000,0.0007778839,-0.023665786,0.00018338102,0.0,0.0,-0.49112603,0
1777225893069000,0.00090139173,0.031517483,-4.7329813e-05,0.0,0.0,-0.49091214,0
1777225893093000,0.0001860403,-0.024903476,5.4973643e-06,0.0,0.0,-0.49115005,0
1777225893109000,-0.00081550167,0.029764973,0.0003501844,0.0,0.0,-0.49084368,0
1777225893129000,0.00041269106,-0.024260752,-0.001944381,0.0,0.0,-0.49092072,0
1777225893153000,4.0549552e-05,-0.0234728,0.0002470049,0.0,0.0,-0.49082127,0
1777225893173000,0.00012938562,-0.024011418,0.00023606885,0.0,0.0,-0.4908551,0
1777225893189000,-0.0011770029,0.031854898,-6.992067e-05,0.0,0.0,-0.4905401,0
1777225893209000,3.1615004e-05,-0.022409141,0.002646427,0.0,0.0,-0.49075234,0
1777225893229000,-0.0004523968,0.033530395,0.0026571779,0.0,0.0,-0.49047503,0
1777225893249000,-0.001994491,-0.022168068,-0.0017626463,0.0,0.0,-0.49058256,0
1777225893269000,-0.0013214902,0.032282148,-0.001461959,0.0,0.0,-0.49037677,0
1777225893293000,-0.001976431,-0.024498612,0.0007446655,0.0,0.0,-0.49053937,0
1777225893309000,-0.00031219516,0.03043139,0.0006069535,0.0,0.0,-0.49021393,0
1777225893333000,-5.7300553e-05,-0.023279935,0.00032279454,0.0,0.0,-0.4904387,0
1777225893349000,0.00030245003,0.03227806,-2.618134e-05,0.0,0.0,-0.49018618,0
1777225893373000,0.0004934366,-0.024067417,-0.00011958112,0.0,0.0,-0.49063396,0
1777225893389000,0.0004390492,0.03283135,-0.0006952316,0.0,0.0,-0.4903624,0
1777225893409000,-0.0018156178,-0.021643342,0.0011140006,0.0,0.0,-0.4906823,0
1777225893433000,-0.0013227913,-0.023290973,-0.003071386,0.0,0.0,-0.49068516,0
1777225893449000,-0.0007895704,-0.02188465,-0.0016316375,0.0,0.0,-0.49078545,0
1777225893473000,0.00027633482,-0.022233948,-0.0017260758,0.0,0.0,-0.49101132,0
1777225893493000,-0.0004019338,-0.023719534,-0.0019636177,0.0,0.0,-0.49091244,0
1777225893509000,-0.0013173998,0.032025672,-0.0020961803,0.0,0.0,-0.49061,0
1777225893533000,-0.0007851424,-0.023324028,-8.693477e-05,0.0,0.0,-0.4907372,0
1777225893549000,-0.0010577587,0.032045677,-9.887363e-05,0.0,0.0,-0.4904632,0
1777225893569000,-0.0012343528,-0.02691639,0.001226404,0.0,0.0,-0.49060282,0
1777225893589000,0.0005975158,0.029896604,0.0013740044,0.0,0.0,-0.49040592,0
1777225893609000,0.0012213406,-0.024692655,-0.0021492115,0.0,0.0,-0.49063346,0
1777225893629000,0.0008482324,0.030384876,-0.0019441319,0.0,0.0,-0.49039477,0
1777225893649000,-0.0011533356,-0.022404283,-0.00173131,0.0,0.0,-0.4905925,0
1777225893673000,-0.002662173,-0.019406721,-0.0014581747,0.0,0.0,-0.49048343,0
1777225893689000,-0.0037430963,-0.019061076,-0.003311729,0.0,0.0,-0.49045977,0
1777225893709000,-0.004461339,0.038034864,-0.003063836,0.0,0.0,-0.4903026,0
1777225893729000,-0.0037042506,-0.018762305,-0.001136477,0.0,0.0,-0.4907053,0
1777225893753000,-0.0033853077,-0.019356996,-0.0008151721,0.0,0.0,-0.4906839,0
1777225893769000,-0.003455365,-0.018876538,-0.00067816663,0.0,0.0,-0.49069455,0
1777225893793000,-0.00428716,-0.02163443,-0.00025194162,0.0,0.0,-0.49064115,0
1777225893809000,-0.0040611736,-0.02088736,-9.882951e-05,0.0,0.0,-0.49065515,0
1777225893829000,-0.0043112827,0.035844997,-1.3569021e-05,0.0,0.0,-0.49039108,0
1777225893849000,-0.0069348495,-0.019916058,0.00016277446,0.0,0.0,-0.4908954,0
1777225893873000,-0.0050957915,-0.021250948,8.2316226e-05,0.0,0.0,-0.4909873,0
1777225893893000,-0.0046753082,-0.021179356,0.001945044,0.0,0.0,-0.49107698,0
1777225893913000,-0.0022333453,-0.023595462,-0.004068317,0.0,0.0,-0.49099022,0
1777225893933000,-0.00088984496,-0.022518978,0.001627827,0.0,0.0,-0.49100688,0
1777225893953000,-0.0025223552,-0.021429852,-0.00024755904,0.0,0.0,-0.49110454,0
1777225893969000,-0.004394938,-0.018605202,-0.00046403427,0.0,0.0,-0.49112102,0
1777225893989000,-0.004764153,0.035959244,-0.00043236942,0.0,0.0,-0.490906,0
1777225894009000,-0.0033412029,-0.020299371,-0.0050802827,0.0,0.0,-0.49129146,0
1777225894033000,-0.005299263,-0.020232135,0.002965338,0.0,0.0,-0.49137193,0
1777225894053000,-0.0050473576,-0.020929381,-0.0007850751,0.0,0.0,-0.4913566,0
1777225894069000,-0.0060263015,0.033607192,-0.00076608534,0.0,0.0,-0.49110156,0
1777225894089000,-0.006794168,-0.019889727,-0.0010770091,0.0,0.0,-0.49128827,0
1777225894113000,-0.0045731366,-0.019834667,-0.00090844964,0.0,0.0,-0.49124166,0
1777225894133000,-0.007034828,-0.019408882,-0.0005845232,0.0,0.0,-0.49120408,0
1777225894149000,-0.008526902,0.0377326,-0.00052798574,0.0,0.0,-0.49107787,0
1777225894169000,-0.00783535,-0.017542828,-0.0021243338,0.0,0.0,-0.49117514,0
1777225894189000,-0.007469445,0.038632005,-0.001930086,0.0,0.0,-0.4909356,0
1777225894209000,-0.0063722264,-0.01814349,-0.0006028431,0.0,0.0,-0.49110353,0
1777225894233000,-0.0062071965,-0.01913023,-0.00045671477,0.0,0.0,-0.49101675,0
1777225894253000,-0.007097731,-0.017762229,-0.00051067956,0.0,0.0,-0.4910377,0
1777225894273000,-0.0068007912,-0.018621638,-0.0004850662,0.0,0.0,-0.4910422,0
1777225894289000,-0.006736046,-0.019951006,-0.004661425,0.0,0.0,-0.49105933,0
1777225894313000,-0.0071469992,-0.01836058,0.0021530786,0.0,0.0,-0.49094248,0
1777225894329000,-0.0062178373,-0.016715005,-0.00062610954,0.0,0.0,-0.49088222,0
1777225894353000,-0.0067845825,-0.014210701,-0.0004725696,0.0,0.0,-0.4908119,0
1777225894373000,-0.0077880397,-0.014759684,-0.001380613,0.0,0.0,-0.4908596,0
1777225894389000,-0.0059384494,0.039346177,-0.0012224307,0.0,0.0,-0.4907259,0
1777225894413000,-0.007084052,-0.015718654,0.0002601249,0.0,0.0,-0.4909355,0
1777225894429000,-0.0072172023,0.03793657,0.0006175367,0.0,0.0,-0.4905937,0
1777225894453000,-0.0055023334,-0.016507193,0.0015524577,0.0,0.0,-0.49094054,0
1777225894469000,-0.0044482523,0.03855412,0.0019962806,0.0,0.0,-0.49055287,0
1777225894489000,-0.005357514,-0.017630272,0.0018364121,0.0,0.0,-0.49066165,0
1777225894509000,-0.0055572866,0.03692461,0.0018886129,0.0,0.0,-0.49036238,0
1777225894529000,-0.0039398344,-0.020876445,0.00052212086,0.0,0.0,-0.49060327,0
1777225894549000,-0.0023250878,0.03314984,0.0010016204,0.0,0.0,-0.49036103,0
1777225894569000,-0.0024131038,-0.02484448,0.0003491595,0.0,0.0,-0.49048197,0
1777225894593000,2.8125942e-07,-0.025291026,0.00047726836,0.0,0.0,-0.4904145,0
1777225894609000,-0.0005623777,-0.023220252,-0.00022745464,0.0,0.0,-0.49029982,0
1777225894629000,0.0006444864,0.034078643,-0.00018663146,0.0,0.0,-0.49002686,0
1777225894649000,0.0018167226,-0.021447234,0.00070075993,0.0,0.0,-0.4904255,0
1777225894669000,0.0011308677,0.0344339,0.00056026666,0.0,0.0,-0.4902689,0
1777225894693000,0.0011070103,-0.020536672,-0.0006771323,0.0,0.0,-0.49042264,0
1777225894709000,-8.096728e-05,0.0357882,-0.0006317465,0.0,0.0,-0.490057,0
1777225894729000,0.0015046595,-0.021838222,-0.0010457216,0.0,0.0,-0.49033374,0
1777225894753000,0.0015786672,-0.025405146,-0.00039062416,0.0,0.0,-0.49035,0
1777225894769000,0.0019873658,-0.026181787,-0.0012677086,0.0,0.0,-0.49028698,0
1777225894789000,0.0012283721,0.02725014,-0.0011875543,0.0,0.0,-0.49018767,0
1777225894813000,0.0018627737,-0.030279525,-0.0008278007,0.0,0.0,-0.49046046,0
1777225894829000,0.00046730414,0.026695773,-0.00091032556,0.0,0.0,-0.49022737,0
1777225894853000,-0.0015316783,-0.026132807,-0.006041594,0.0,0.0,-0.49048382,0
1777225894869000,-0.0014659787,0.03174235,-0.00574044,0.0,0.0,-0.49024868,0
1777225894889000,-7.9828256e-05,-0.022736212,-0.0033625504,0.0,0.0,-0.49063233,0
1777225894909000,-0.0011001359,0.033478472,-0.003739006,0.0,0.0,-0.4904102,0
1777225894933000,-0.0002550484,-0.023685709,-0.002103398,0.0,0.0,-0.49073046,0
1777225894949000,0.00045745054,0.03130899,-0.0021903412,0.0,0.0,-0.49060872,0
1777225894969000,0.0008798549,-0.023640983,-0.001446638,0.0,0.0,-0.49078998,0
1777225894989000,0.0013158154,0.031741872,-0.0014773437,0.0,0.0,-0.49054152,0
1777225895009000,0.0020393305,-0.025022432,-0.000867949,0.0,0.0,-0.49070728,0
1777225895029000,0.0017645723,0.029848149,-0.00066650717,0.0,0.0,-0.49045175,0
1777225895049000,0.0025148483,-0.022812858,-0.002036512,0.0,0.0,-0.49069172,0
1777225895073000,0.0035520233,-0.022919469,-0.0012715674,0.0,0.0,-0.49064952,0
1777225895089000,0.0040582353,-0.024085596,-0.0013776256,0.0,0.0,-0.49062863,0
1777225895109000,0.0035365662,0.032205086,-0.00088048016,0.0,0.0,-0.4903876,0
1777225895129000,0.0035502692,-0.022211801,0.0004936322,0.0,0.0,-0.4907335,0
1777225895149000,0.0025048843,0.032651193,0.0010848348,0.0,0.0,-0.49056214,0
1777225895169000,0.0026864363,-0.02221588,0.00021556416,0.0,0.0,-0.4907045,0
1777225895189000,0.0025539016,0.03214687,0.00039463514,0.0,0.0,-0.49049369,0
1777225895213000,0.0048926356,-0.020551603,0.0009795624,0.0,0.0,-0.49069926,0
1777225895233000,0.0038153285,-0.022505902,-0.001837064,0.0,0.0,-0.49059525,0
1777225895249000,0.0035345333,-0.022491168,0.003462939,0.0,0.0,-0.49059707,0
1777225895273000,0.0034999973,-0.023040412,0.00020543329,0.0,0.0,-0.49074855,0
1777225895289000,0.0013909356,-0.02286412,0.0017524015,0.0,0.0,-0.4907844,0
1777225895313000,0.0002338849,-0.022446573,0.0009425869,0.0,0.0,-0.49068123,0
1777225895333000,-0.00042522512,-0.021410257,0.00094514084,0.0,0.0,-0.4905463,0
1777225895353000,0.0005695792,-0.021797702,0.000676285,0.0,0.0,-0.4906066,0
1777225895373000,0.0009443411,-0.021640554,0.0011284479,0.0,0.0,-0.49054778,0
1777225895393000,2.7120113e-05,-0.021763884,0.0014254015,0.0,0.0,-0.490456,0
1777225895413000,0.00034333346,-0.022317156,0.0013568955,0.0,0.0,-0.49043733,0
1777225895429000,0.0010285769,0.031799734,0.0012100281,0.0,0.0,-0.49032682,0
1777225895449000,0.00043124877,-0.023420922,-0.001693296,0.0,0.0,-0.4906003,0
1777225895469000,0.0021763158,0.03338323,-0.0016506703,0.0,0.0,-0.49044544,0
1777225895489000,0.0021764296,-0.020209476,0.0012184281,0.0,0.0,-0.49073258,0
1777225895509000,0.001365921,0.034988955,0.0013773823,0.0,0.0,-0.49050286,0
1777225895533000,0.0029525678,-0.020366289,0.0014786427,0.0,0.0,-0.49068403,0
1777225895549000,0.0012632855,0.03521981,0.0015702089,0.0,0.0,-0.49046215,0
1777225895569000,0.002403712,-0.019270629,0.0015958638,0.0,0.0,-0.49072355,0
1777225895593000,0.0010289345,-0.019969128,0.0011047372,0.0,0.0,-0.4906854,0
1777225895609000,0.002658251,-0.017402353,-0.0017051932,0.0,0.0,-0.4906804,0
1777225895629000,0.0039829216,0.03600113,-0.0020905475,0.0,0.0,-0.49045122,0
1777225895649000,0.0028352197,-0.020085827,-0.0023188696,0.0,0.0,-0.49068406,0
1777225895669000,0.002232947,0.036017492,-0.0025208243,0.0,0.0,-0.49060297,0
1777225895689000,0.0026445226,-0.019752145,0.00027391966,0.0,0.0,-0.49090156,0
1777225895713000,0.002161938,-0.020052273,-0.002206537,0.0,0.0,-0.49095413,0
1777225895729000,0.0015215571,-0.01986263,-0.0008851213,0.0,0.0,-0.49111798,0
1777225895749000,0.0029318007,0.034493357,-0.0012230992,0.0,0.0,-0.49086666,0
1777225895769000,0.0013629278,-0.02232467,-0.001529012,0.0,0.0,-0.4910137,0
1777225895789000,0.00042867655,0.033009548,-0.0014471203,0.0,0.0,-0.4907933,0
1777225895809000,0.00042632548,-0.025025561,-0.0009746193,0.0,0.0,-0.4910707,0
1777225895833000,0.001050854,-0.025354184,-0.0009809544,0.0,0.0,-0.49126044,0
1777225895853000,0.0014843069,-0.024908751,-0.0012631253,0.0,0.0,-0.49128148,0
1777225895869000,0.0034039696,0.029465798,-0.0014263417,0.0,0.0,-0.4910608,0
1777225895889000,0.0029782276,-0.027622877,-0.00082546956,0.0,0.0,-0.49123898,0
1777225895909000,0.0036857596,0.026654836,-0.0006306405,0.0,0.0,-0.49095356,0
1777225895929000,0.0042769546,-0.027691822,0.0021190888,0.0,0.0,-0.49118128,0
1777225895949000,0.0032023492,0.026667513,0.0020898473,0.0,0.0,-0.49090827,0
1777225895969000,0.0028326388,-0.029006876,-0.0006178431,0.0,0.0,-0.49123642,0
1777225895989000,0.005458112,0.026037894,-0.0005737762,0.0,0.0,-0.49104148,0
1777225896013000,0.0053361994,-0.027500605,-0.00026461875,0.0,0.0,-0.49114174,0
1777225896033000,0.0057228566,-0.028243609,-0.00044065132,0.0,0.0,-0.4911448,0
1777225896053000,0.006417511,-0.027666286,-0.00022007548,0.0,0.0,-0.49101192,0
1777225896073000,0.004563629,-0.02884917,-0.00011533545,0.0,0.0,-0.49091014,0
1777225896093000,0.005326932,-0.028299252,0.0003863754,0.0,0.0,-0.49086487,0
1777225896109000,0.0049927616,0.027070269,0.000385017,0.0,0.0,-0.49077743,0
1777225896129000,0.004358228,-0.027802553,0.00046709907,0.0,0.0,-0.49096924,0
1777225896149000,0.00513003,0.028665656,0.00054011587,0.0,0.0,-0.4907849,0
1777225896169000,0.004394333,-0.024740592,0.0008608224,0.0,0.0,-0.4910476,0
1777225896189000,0.0018507959,0.031977385,0.00080490997,0.0,0.0,-0.49087104,0
1777225896209000,0.0012238102,-0.023045719,0.0005087906,0.0,0.0,-0.49126884,0
1777225896229000,0.0020596473,0.032295078,0.0004189927,0.0,0.0,-0.49097255,0
1777225896249000,0.0032805626,-0.021873841,0.0007405258,0.0,0.0,-0.4912769,0
1777225896269000,0.0033265261,0.032874264,0.00049983023,0.0,0.0,-0.49120742,0
1777225896289000,0.003546697,-0.020328775,0.0003773705,0.0,0.0,-0.49128062,0
1777225896309000,0.0044139205,0.0367067,0.000321934,0.0,0.0,-0.49100876,0
1777225896333000,0.0038714202,-0.020279607,0.000957669,0.0,0.0,-0.49119923,0
1777225896349000,0.0042653135,0.034329727,0.000959684,0.0,0.0,-0.4909641,0
1777225896369000,0.0030870144,-0.021563873,0.00087531144,0.0,0.0,-0.4911434,0
1777225896393000,0.0056346967,-0.022555053,0.00082641863,0.0,0.0,-0.4912244,0
1777225896413000,0.00533682,-0.024484321,0.0009448654,0.0,0.0,-0.4911668,0
1777225896429000,0.0049908888,0.029539421,0.0009871232,0.0,0.0,-0.4909671,0
1777225896449000,0.0067492365,-0.026264206,0.0011467799,0.0,0.0,-0.49119434,0
1777225896469000,0.004583458,0.029711992,0.001047617,0.0,0.0,-0.49082077,0
1777225896493000,0.002843167,-0.025612615,-0.0019439557,0.0,0.0,-0.49103177,0
1777225896509000,0.0035186564,0.03109145,-0.0022384713,0.0,0.0,-0.49081433,0
1777225896529000,0.0012537976,-0.02337381,-0.0005200242,0.0,0.0,-0.49100715,0
1777225896549000,0.00071651407,0.029315544,-0.00088691514,0.0,0.0,-0.49069738,0
1777225896573000,0.0006694679,-0.026884662,-0.0018651313,0.0,0.0,-0.49081883,0
1777225896589000,6.9242386e-05,0.029228237,-0.0019874258,0.0,0.0,-0.4904529,0
1777225896613000,-0.0006875256,-0.026584119,0.0014483673,0.0,0.0,-0.49074098,0
1777225896633000,0.0016566908,-0.025516454,0.002365176,0.0,0.0,-0.49073657,0
1777225896649000,0.0019050848,-0.023134893,-0.0002761525,0.0,0.0,-0.4908133,0
1777225896669000,0.0011616157,0.03319073,-0.00023617526,0.0,0.0,-0.49051026,0
1777225896689000,0.00037694722,-0.022626385,0.0011293327,0.0,0.0,-0.49061126,0
1777225896713000,-0.00052600505,-0.021896088,0.002167576,0.0,0.0,-0.49062073,0
1777225896733000,-0.0009854266,-0.021998186,-0.00033556984,0.0,0.0,-0.490589,0
1777225896749000,-0.00035994034,0.033689182,-0.0005669629,0.0,0.0,-0.49019942,0
1777225896769000,0.0023274217,-0.020924747,0.0010856634,0.0,0.0,-0.49033913,0
1777225896789000,0.002249441,0.033793047,0.00086879055,0.0,0.0,-0.49016014,0
1777225896809000,0.0026064753,-0.02407538,0.0019822982,0.0,0.0,-0.49056557,0
1777225896829000,0.0014574971,0.033425644,0.0020646448,0.0,0.0,-0.49023533,0
1777225896849000,0.00090458576,-0.021260384,-0.0005556613,0.0,0.0,-0.4904696,0
1777225896869000,0.0033280796,0.034361072,-0.00057674246,0.0,0.0,-0.49014208,0
1777225896893000,0.0033810395,-0.022852939,-0.0005772917,0.0,0.0,-0.49032512,0
1777225896913000,0.0024386647,-0.023997387,0.0027624727,0.0,0.0,-0.49042952,0
1777225896929000,0.0031858329,-0.024026334,5.897484e-06,0.0,0.0,-0.4905252,0
1777225896953000,0.0033409586,-0.026999682,-0.00047328183,0.0,0.0,-0.49051642,0
1777225896969000,0.0028602968,-0.026230464,0.0035155804,0.0,0.0,-0.49028516,0
1777225896989000,0.004077392,0.027581513,0.0033477582,0.0,0.0,-0.49001226,0
1777225897009000,0.005663641,-0.02809906,-0.00043367816,0.0,0.0,-0.49030107,0
1777225897033000,0.005524809,-0.029386539,0.0012753076,0.0,0.0,-0.49036106,0
1777225897049000,0.0053358134,-0.029081736,-0.0032526553,0.0,0.0,-0.490366,0
1777225897073000,0.007876384,-0.029428352,0.0038117697,0.0,0.0,-0.49027085,0
1777225897089000,0.0072824443,-0.030973462,0.0009516146,0.0,0.0,-0.49006885,0
1777225897113000,0.0068656253,-0.030692622,-0.000115146395,0.0,0.0,-0.49003974,0
1777225897129000,0.00607389,-0.02735487,0.001605842,0.0,0.0,-0.48983833,0
1777225897153000,0.006440996,-0.025056183,0.00019199785,0.0,0.0,-0.48974353,0
1777225897169000,0.0055210283,-0.025374115,0.00016607728,0.0,0.0,-0.48971358,0
1777225897189000,0.004831109,0.031044714,0.00037617586,0.0,0.0,-0.48952425,0
1777225897213000,0.00382211,-0.025641294,0.0025799205,0.0,0.0,-0.4898467,0
1777225897229000,0.004768639,0.029963706,0.0022716075,0.0,0.0,-0.48961627,0
1777225897249000,0.0041987346,-0.025301434,-0.0010401251,0.0,0.0,-0.48982158,0
1777225897269000,0.0048038256,0.03058327,-0.0012244014,0.0,0.0,-0.4895234,0
1777225897293000,0.004412191,-0.024884388,0.0012085735,0.0,0.0,-0.48980156,0
1777225897309000,0.0052348357,0.028549604,0.0006238612,0.0,0.0,-0.48961285,0
1777225897329000,0.0035803057,-0.027324166,-0.0015366041,0.0,0.0,-0.48998657,0
1777225897349000,0.002660869,0.02840643,-0.0015110984,0.0,0.0,-0.48988104,0
1777225897369000,0.0028041855,-0.027740765,0.0013541274,0.0,0.0,-0.4902836,0
1777225897389000,0.0014670813,0.029371224,0.0013249738,0.0,0.0,-0.49005398,0
1777225897409000,0.0009835447,-0.024041539,-0.002164085,0.0,0.0,-0.49035817,0
1777225897429000,-0.00075852504,0.031546365,-0.0025283063,0.0,0.0,-0.4901845,0
1777225897449000,-0.00044075795,-0.024374055,0.0065447357,0.0,0.0,-0.49055266,0
1777225897469000,-0.000984273,0.0342508,0.0065164906,0.0,0.0,-0.49034244,0
1777225897493000,-0.002523301,-0.019605134,0.0036450159,0.0,0.0,-0.4907506,0
1777225897509000,-0.00057313923,0.03510517,0.0030438472,0.0,0.0,-0.49050093,0
1777225897533000,0.00014985353,-0.020163327,0.0004641288,0.0,0.0,-0.49070707,0
1777225897549000,9.0152025e-05,0.033760168,0.00017133099,0.0,0.0,-0.49031344,0
1777225897573000,0.0021570188,-0.021628125,0.003739757,0.0,0.0,-0.49048194,0
1777225897593000,-0.00036153384,-0.021443427,0.0007973582,0.0,0.0,-0.49039736,0
1777225897609000,1.6815473e-05,-0.022267193,-0.002928236,0.0,0.0,-0.49048084,0
1777225897633000,0.0004942189,-0.019845378,0.0052117375,0.0,0.0,-0.49059567,0
1777225897653000,-0.00048805206,-0.0200256,0.0019168786,0.0,0.0,-0.49057254,0
1777225897669000,0.0008865561,0.034319606,0.0012309762,0.0,0.0,-0.49047238,0
1777225897689000,-0.0006669647,-0.021451406,-0.00439095,0.0,0.0,-0.49077597,0
1777225897709000,-0.0020856038,0.03380314,-0.0046086367,0.0,0.0,-0.49050796,0
1777225897729000,-0.0013263819,-0.020006064,0.0015324785,0.0,0.0,-0.49072546,0
1777225897753000,0.00016218238,-0.020027518,-0.0009923584,0.0,0.0,-0.49074116,0
1777225897769000,0.00061767775,-0.020518776,-0.005476483,0.0,0.0,-0.49068886,0
1777225897793000,-0.00069254497,-0.019853093,0.002673135,0.0,0.0,-0.49037945,0
1777225897809000,0.0004870204,-0.018602664,0.005103783,0.0,0.0,-0.4904005,0
1777225897833000,0.0006502848,-0.018259808,-0.001295791,0.0,0.0,-0.49039668,0
1777225897849000,0.00039369112,-0.019607099,-0.0061192326,0.0,0.0,-0.4904684,0
1777225897869000,0.00030638807,0.03728826,-0.00606246,0.0,0.0,-0.49028108,0
1777225897889000,0.0010037599,-0.021692777,0.004435921,0.0,0.0,-0.4906096,0
1777225897909000,-7.606542e-05,0.034574833,0.0044247285,0.0,0.0,-0.49050465,0
1777225897929000,-0.0010198336,-0.019887427,-0.0029292207,0.0,0.0,-0.49067488,0
1777225897949000,-0.00082945084,0.037275642,-0.0030730371,0.0,0.0,-0.49029657,0
1777225897969000,-9.934386e-05,-0.018594593,0.003033475,0.0,0.0,-0.4905262,0
1777225897993000,3.6170706e-05,-0.017955944,-2.6547641e-05,0.0,0.0,-0.49040115,0
1777225898009000,0.00046112202,-0.017594263,-8.296652e-05,0.0,0.0,-0.4904714,0
1777225898033000,0.00034809485,-0.016659424,0.0001582281,0.0,0.0,-0.4906115,0
1777225898053000,0.002389906,-0.01518093,0.0060585686,0.0,0.0,-0.49058828,0
1777225898073000,0.0016098209,-0.0142887235,0.0003241098,0.0,0.0,-0.49056664,0
1777225898089000,0.00081862276,-0.0153407445,0.0061329845,0.0,0.0,-0.49047384,0
1777225898113000,-0.0016764763,-0.01560192,0.00078166695,0.0,0.0,-0.49036047,0
1777225898133000,-0.0022858866,-0.016307488,0.0006765645,0.0,0.0,-0.49042988,0
1777225898149000,-0.0030593276,0.039234377,0.00024141464,0.0,0.0,-0.49025342,0
1777225898169000,-0.0039672297,-0.016855832,0.00022527976,0.0,0.0,-0.49059263,0
1777225898189000,-0.0026761517,0.03714765,0.0002479236,0.0,0.0,-0.49027163,0
1777225898209000,-0.0027555004,-0.019775692,0.006353751,0.0,0.0,-0.49044204,0
1777225898229000,-0.0024949152,0.037717897,0.006208159,0.0,0.0,-0.49008295,0
1777225898249000,-0.0019967596,-0.019888623,0.0035477462,0.0,0.0,-0.49029133,0
1777225898273000,-0.003232623,-0.020152025,0.012413331,0.0,0.0,-0.49039665,0
1777225898289000,-0.0021721018,-0.023044094,0.009541482,0.0,0.0,-0.49046007,0
1777225898313000,-0.00062940083,-0.026531905,0.002608825,0.0,0.0,-0.49046877,0
1777225898329000,-0.0010045405,-0.02468736,-0.0030709596,0.0,0.0,-0.4904618,0
1777225898349000,-0.0011921378,0.031508192,-0.0036838022,0.0,0.0,-0.49019772,0
1777225898373000,-0.0005140597,-0.0230586,-0.0010041054,0.0,0.0,-0.49046642,0
1777225898389000,-0.0013563497,0.033626914,-0.0011802497,0.0,0.0,-0.49021378,0
1777225898413000,-0.00028341642,-0.022216752,0.0017975634,0.0,0.0,-0.49040428,0
1777225898433000,-0.00043636747,-0.02380611,0.0013472186,0.0,0.0,-0.4904313,0
1777225898453000,-8.310005e-05,-0.0225804,0.001051036,0.0,0.0,-0.49043125,0
1777225898473000,0.00073667243,-0.022096366,0.00091146125,0.0,0.0,-0.49047253,0
1777225898489000,8.66279e-05,-0.023153484,0.00085905526,0.0,0.0,-0.4905517,0
1777225898509000,0.0010336302,0.03239075,0.0004206329,0.0,0.0,-0.49040762,0
1777225898529000,0.0010842215,-0.022374272,0.00055699976,0.0,0.0,-0.4906906,0
1777225898549000,0.00019674934,0.03464505,0.00054891553,0.0,0.0,-0.49024463,0
1777225898573000,-0.002177626,-0.021519214,0.00038798767,0.0,0.0,-0.49054313,0
1777225898593000,-0.0038865143,-0.020311296,-4.9474293e-05,0.0,0.0,-0.49055272,0
1777225898613000,-0.0026252326,-0.019332707,-0.00018896976,0.0,0.0,-0.49045417,0
1777225898633000,-0.0042874124,-0.01904817,-0.000544738,0.0,0.0,-0.4904718,0
1777225898649000,-0.0066935094,-0.017694727,-0.00057711866,0.0,0.0,-0.49040124,0
1777225898669000,-0.007175672,0.03871984,-0.0009104529,0.0,0.0,-0.490164,0
1777225898689000,-0.008036895,-0.016000852,-0.0009497202,0.0,0.0,-0.4904872,0
1777225898713000,-0.007596978,-0.017282441,-0.0007017378,0.0,0.0,-0.4905134,0
1777225898733000,-0.0070737125,-0.01624173,-0.0008354352,0.0,0.0,-0.49059242,0
1777225898753000,-0.008327035,-0.016252503,-0.0010373278,0.0,0.0,-0.4906214,0
1777225898773000,-0.006572144,-0.016699865,-0.0012415699,0.0,0.0,-0.49058637,0
1777225898793000,-0.0053515118,-0.015454352,-0.0017584487,0.0,0.0,-0.49057993,0
1777225898809000,-0.004812643,-0.016921848,-0.0020481986,0.0,0.0,-0.49040282,0
1777225898829000,-0.0050136847,0.03649599,-0.0024296711,0.0,0.0,-0.49021465,0
1777225898849000,-0.0043771546,-0.018991172,-0.0023555807,0.0,0.0,-0.49035093,0
1777225898869000,-0.004213703,0.037650228,-0.0030057186,0.0,0.0,-0.49003273,0
1777225898889000,-0.004963758,-0.01662241,-0.003166928,0.0,0.0,-0.49025053,0
1777225898913000,-0.0038850005,-0.016920462,-0.0028336318,0.0,0.0,-0.49032694,0
1777225898929000,-0.0042516827,-0.017874688,-0.0029435013,0.0,0.0,-0.4904321,0
1777225898949000,-0.0043781935,0.037478067,-0.003097865,0.0,0.0,-0.49017307,0
1777225898969000,-0.004740404,-0.01375781,-0.0029344223,0.0,0.0,-0.4904369,0
1777225898989000,-0.0030255662,0.040824085,-0.0031670958,0.0,0.0,-0.49023274,0
1777225899009000,-0.0017218078,-0.015518501,-0.0025748718,0.0,0.0,-0.49042845,0
1777225899029000,-0.0024762037,0.038404882,-0.0024397161,0.0,0.0,-0.49020973,0
1777225899049000,-0.0020518082,-0.017165693,-0.007878808,0.0,0.0,-0.49043256,0
1777225899073000,-0.0015994826,-0.017907618,0.0008245278,0.0,0.0,-0.49040985,0
1777225899093000,-0.003103602,-0.016984183,0.0011556522,0.0,0.0,-0.49037603,0
1777225899113000,-0.0021022093,-0.016138166,-0.0014342249,0.0,0.0,-0.49038312,0
1777225899133000,-0.00419309,-0.015455484,-0.0012418206,0.0,0.0,-0.49053922,0
1777225899149000,-0.004673004,0.040770315,-0.0008830273,0.0,0.0,-0.49033388,0
1777225899169000,-0.0025745165,-0.013771355,-0.0007267981,0.0,0.0,-0.49055707,0
1777225899189000,-0.0033733884,0.042433366,-0.00044866328,0.0,0.0,-0.49035642,0
1777225899213000,-0.0052816113,-0.01524771,-0.000482672,0.0,0.0,-0.49066004,0
1777225899233000,-0.0076964386,-0.016798772,-0.00059037155,0.0,0.0,-0.49047184,0
1777225899249000,-0.008257936,-0.015809076,-0.0062555904,0.0,0.0,-0.49037394,0
1777225899269000,-0.0072955764,0.040311284,-0.0061556827,0.0,0.0,-0.49012765,0
1777225899293000,-0.0065053045,-0.016314888,0.0025605308,0.0,0.0,-0.49031594,0
1777225899309000,-0.007995188,0.03821997,0.0026384748,0.0,0.0,-0.4900073,0
1777225899329000,-0.008466519,-0.017817907,-0.0003604755,0.0,0.0,-0.4901989,0
1777225899349000,-0.007424826,0.035925373,-0.0006279187,0.0,0.0,-0.49001917,0
1777225899369000,-0.0066498755,-0.019913618,-0.0039855307,0.0,0.0,-0.49006075,0
1777225899389000,-0.007634827,0.037077796,-0.004107083,0.0,0.0,-0.48983985,0
1777225899409000,-0.0077720527,-0.015636181,-0.00066583185,0.0,0.0,-0.49008033,0
1777225899429000,-0.008359582,0.043006998,-0.00067783264,0.0,0.0,-0.4897485,0
1777225899449000,-0.009608234,-0.013357634,0.0025347907,0.0,0.0,-0.49006516,0
1777225899469000,-0.007655236,0.04304362,0.0029729398,0.0,0.0,-0.49000546,0
1777225899493000,-0.009091249,-0.012219615,0.0005369437,0.0,0.0,-0.4903868,0
1777225899509000,-0.009446805,0.044491194,0.00094805384,0.0,0.0,-0.4900972,0
1777225899529000,-0.009000572,-0.010971367,-0.0046732547,0.0,0.0,-0.4903959,0
1777225899553000,-0.0079560345,-0.012664417,-0.011949419,0.0,0.0,-0.4903092,0
1777225899569000,-0.00991873,-0.0121655855,-0.009895194,0.0,0.0,-0.49036977,0
1777225899593000,-0.010147611,-0.013734564,-0.0015991593,0.0,0.0,-0.49046767,0
1777225899609000,-0.010211546,-0.014220983,-0.0003799778,0.0,0.0,-0.4905504,0
1777225899633000,-0.009576422,-0.016820623,-0.0034913402,0.0,0.0,-0.49065518,0
1777225899649000,-0.008033072,-0.01719568,-0.00056465494,0.0,0.0,-0.49071163,0
1777225899669000,-0.007905047,0.03614542,-0.00037510548,0.0,0.0,-0.49061728,0
1777225899689000,-0.009117729,-0.019124538,-0.0004881494,0.0,0.0,-0.49077404,0
1777225899709000,-0.008436689,0.03599833,-0.0003993449,0.0,0.0,-0.49060863,0
1777225899729000,-0.007264195,-0.02010772,-0.001625622,0.0,0.0,-0.49076903,0
1777225899753000,-0.009265595,-0.020949274,-0.001435424,0.0,0.0,-0.49079952,0
1777225899773000,-0.007521875,-0.0194156,0.0039755246,0.0,0.0,-0.4908251,0
1777225899789000,-0.007081927,0.036935903,0.004171975,0.0,0.0,-0.4905548,0
1777225899809000,-0.005882444,-0.018284706,-0.007894258,0.0,0.0,-0.49087018,0
1777225899833000,-0.0045040036,0.021931015,-0.002145458,0.0,0.0,-0.490675,0
1777225899853000,-0.0029083604,0.04982247,-0.0029187226,0.0,0.0,-0.49057773,0
1777225899869000,-0.0024802447,0.103842735,-0.003095537,0.0,0.0,-0.4905671,0
1777225899893000,-0.003154763,0.116589166,-0.0033658936,0.0,0.0,-0.4906074,0
1777225899909000,-0.0030950867,0.1683179,-0.003293078,0.0,0.0,-0.49052387,0
1777225899929000,-0.003212962,0.18019657,0.0033132238,0.0,0.0,-0.49044284,0
1777225899949000,-0.0031224554,0.2251702,0.0039080707,0.0,0.0,-0.49064368,0
1777225899969000,-0.0030702963,0.2350598,-0.0055118045,0.0,0.0,-0.49083182,0
1777225899989000,-0.0024738044,0.26966655,-0.0052887155,0.0,0.0,-0.49101326,0
1777225900009000,-0.0034740309,0.27824467,-0.0019417276,0.0,0.0,-0.49125084,0
1777225900029000,-0.0038219723,0.3101568,-0.0019363863,0.0,0.0,-0.49182102,0
1777225900053000,-0.0031575013,0.31363827,-0.005975392,0.0,0.0,-0.49212667,0
1777225900069000,-0.0027865593,0.34258124,-0.005930322,0.0,0.0,-0.4925597,0
1777225900093000,-0.0037716795,0.34336552,-0.0062166997,0.0,0.0,-0.49289262,0
1777225900109000,-0.0035880895,0.36789966,-0.0060000625,0.0,0.0,-0.4933559,0
1777225900129000,-0.0033842234,0.37546256,-0.004063553,0.0,0.0,-0.4936671,0
1777225900153000,-0.002921963,0.38887835,-0.00017710298,0.0,0.0,-0.4940529,0
1777225900173000,-0.0010187043,0.39017582,-0.0038733794,0.0,0.0,-0.49451882,0
1777225900189000,-0.0012122784,0.4068044,-0.003585296,0.0,0.0,-0.4949678,0
1777225900209000,-0.00042289848,0.3835386,-0.0054762494,0.0,0.0,-0.49486187,0
1777225900233000,0.0009466111,0.35542226,0.00017618721,0.0,0.0,-0.49475524,0
1777225900253000,0.0019231121,0.32972336,-0.0026414108,0.0,0.0,-0.49468333,0
1777225900273000,0.004651347,0.30702588,0.00040104438,0.0,0.0,-0.49439716,0
1777225900289000,0.0051703583,0.28799054,0.0009841268,0.0,0.0,-0.4941637,0
1777225900313000,0.0046035773,0.26150092,0.00093793886,0.0,0.0,-0.49396592,0
1777225900329000,0.004497708,0.24332961,0.0012398749,0.0,0.0,-0.49387866,0
1777225900353000,0.006220451,0.21783377,0.0012567621,0.0,0.0,-0.49361452,0
1777225900369000,0.004890433,0.2050096,0.0010938817,0.0,0.0,-0.49357545,0
1777225900393000,0.0052769785,0.18380198,-0.00036674005,0.0,0.0,-0.49371392,0
1777225900413000,0.0033847634,0.16602933,0.0016491197,0.0,0.0,-0.49366626,0
1777225900429000,0.0024795104,0.18522906,0.001850907,0.0,0.0,-0.49440032,0
1777225900453000,0.0017840497,0.13918862,0.0017046946,0.0,0.0,-0.49379593,0
1777225900473000,0.0026470898,0.12808788,0.0019088029,0.0,0.0,-0.49390033,0
1777225900493000,0.0031500543,0.1185925,0.0015173554,0.0,0.0,-0.49397978,0
1777225900509000,0.00494767,0.13894455,0.0014168399,0.0,0.0,-0.49451834,0
1777225900529000,0.0045505753,0.099928916,0.001334321,0.0,0.0,-0.49389672,0
1777225900549000,0.0018353863,0.12000245,0.0010388487,0.0,0.0,-0.4945673,0
1777225900569000,0.0023437224,0.08541965,0.00031481968,0.0,0.0,-0.49424985,0
1777225900589000,0.0017159317,0.104041554,0.00060481916,0.0,0.0,-0.4950187,0
1777225900609000,0.0022866447,0.07073021,-0.0022502001,0.0,0.0,-0.4946872,0
1777225900629000,0.0029143456,0.09276697,-0.0022252589,0.0,0.0,-0.49535337,0
1777225900653000,0.0028864369,0.060196485,-0.0021646984,0.0,0.0,-0.49488735,0
1777225900673000,0.004880693,0.05624479,-8.959742e-05,0.0,0.0,-0.4949575,0
1777225900693000,0.005355058,0.05416453,5.6111254e-05,0.0,0.0,-0.49521667,0
1777225900709000,0.004739264,0.076214075,0.00024929317,0.0,0.0,-0.495837,0
1777225900733000,0.0045513553,0.048321307,0.00018920028,0.0,0.0,-0.4953727,0
1777225900749000,0.0033764658,0.07018942,0.00045206817,0.0,0.0,-0.49604106,0
1777225900769000,0.0022803387,0.041697383,0.00042692665,0.0,0.0,-0.4957546,0
1777225900789000,0.0025434475,0.06399572,0.0003617634,0.0,0.0,-0.4963714,0
1777225900809000,0.001364735,0.03810507,0.00018034712,0.0,0.0,-0.4960869,0
1777225900829000,0.0031849924,0.060266852,0.00030043675,0.0,0.0,-0.49682552,0
1777225900849000,0.0032549659,0.03266859,0.00014452869,0.0,0.0,-0.49630266,0
1777225900873000,0.0022969241,0.028780043,0.00025096047,0.0,0.0,-0.49633786,0
1777225900889000,0.002659672,0.025331318,5.921116e-06,0.0,0.0,-0.49645978,0
1777225900909000,0.0044431007,0.04800272,0.00014461181,0.0,0.0,-0.49711528,0
1777225900933000,0.0033463482,0.02440232,0.0005495164,0.0,0.0,-0.49673074,0
1777225900949000,0.0045709913,0.04384321,0.00073459325,0.0,0.0,-0.49730942,0
1777225900969000,0.0038690278,0.015361667,0.00070464704,0.0,0.0,-0.49687248,0
1777225900989000,0.00529333,0.037694097,0.0009314553,0.0,0.0,-0.4974501,0
1777225901013000,0.0063305814,0.011677206,0.0011696364,0.0,0.0,-0.4969247,0
1777225901033000,0.0060168477,0.0057578683,0.0010232888,0.0,0.0,-0.49681967,0
1777225901049000,0.0064559327,0.003911564,-0.0012813164,0.0,0.0,-0.49695474,0
1777225901073000,0.006210102,0.0019383007,0.003305019,0.0,0.0,-0.49705476,0
1777225901093000,0.0043231817,0.0017244847,-0.0022421852,0.0,0.0,-0.49705034,0
1777225901109000,0.0023538037,0.022670293,-0.002407314,0.0,0.0,-0.49759316,0
1777225901133000,0.004293676,-0.0030483603,-0.00035123806,0.0,0.0,-0.4969927,0
1777225901149000,0.0028754338,0.017583191,-0.00024979026,0.0,0.0,-0.49746165,0
1777225901169000,0.0037485606,-0.0023598075,-0.00038519036,0.0,0.0,-0.4969481,0
1777225901189000,0.0062354244,0.016510248,-0.00020965771,0.0,0.0,-0.49734977,0
1777225901209000,0.006143072,-0.00816622,0.0016242305,0.0,0.0,-0.49694523,0
1777225901229000,0.0053012036,0.011208643,0.0015190524,0.0,0.0,-0.49743584,0
1777225901249000,0.0052936478,-0.012567878,-0.00085001835,0.0,0.0,-0.496949,0
1777225901269000,0.004916846,0.005661726,-0.0013429835,0.0,0.0,-0.49734896,0
1777225901289000,0.003531719,-0.01775828,0.0038165618,0.0,0.0,-0.49683437,0
1777225901309000,0.0030430702,0.0005384781,0.0034680676,0.0,0.0,-0.4972163,0
1777225901329000,0.004490959,-0.020569103,0.0022876011,0.0,0.0,-0.4968486,0
1777225901349000,0.0038519024,-0.0031229877,0.002082179,0.0,0.0,-0.49719745,0
1777225901373000,0.003060482,-0.024932174,0.00017564488,0.0,0.0,-0.49660176,0
1777225901389000,0.0024750773,-0.007947459,9.670993e-05,0.0,0.0,-0.49702188,0
1777225901413000,0.0039386065,-0.027269602,-0.0023835897,0.0,0.0,-0.49664518,0
1777225901433000,0.0036266032,-0.030674014,-0.000688529,0.0,0.0,-0.496666,0
1777225901453000,0.0036365632,-0.031785607,-0.0020469883,0.0,0.0,-0.4966625,0
1777225901469000,0.003912694,-0.015741885,-0.0020754752,0.0,0.0,-0.49692023,0
1777225901489000,0.005304326,-0.03467977,-0.0020636336,0.0,0.0,-0.49655953,0
1777225901509000,0.0045981146,-0.019131958,-0.0021289696,0.0,0.0,-0.49703395,0
1777225901529000,0.004578866,-0.038975805,-6.5406086e-05,0.0,0.0,-0.4966691,0
1777225901549000,0.004228259,-0.023317121,-0.00021936849,0.0,0.0,-0.497042,0
1777225901573000,0.0036225878,-0.043265287,0.0008473769,0.0,0.0,-0.49665317,0
1777225901589000,0.003802816,-0.029571997,0.00074726343,0.0,0.0,-0.49700573,0
1777225901613000,0.0048733694,-0.049199894,0.0009143299,0.0,0.0,-0.496751,0
1777225901629000,0.005172806,-0.034048326,0.0009970006,0.0,0.0,-0.49699345,0
1777225901649000,0.005287883,-0.052325778,0.0025751004,0.0,0.0,-0.49654254,0
1777225901673000,0.0051134815,-0.05300053,0.0038140044,0.0,0.0,-0.49633846,0
1777225901693000,0.0066948915,-0.052119058,0.0014745641,0.0,0.0,-0.49632764,0
1777225901709000,0.0065672006,-0.03943507,0.0015655913,0.0,0.0,-0.49658555,0
1777225901729000,0.0030058674,-0.057510085,0.008360926,0.0,0.0,-0.49651605,0
1777225901749000,0.0034189844,-0.04042202,0.008224972,0.0,0.0,-0.49698287,0
1777225901773000,0.0018805019,-0.058376428,0.006817625,0.0,0.0,-0.49667138,0
1777225901793000,0.0027473744,-0.06334763,0.008042,0.0,0.0,-0.49658263,0
1777225901809000,0.00401147,-0.064313695,0.009750424,0.0,0.0,-0.4964386,0
1777225901829000,0.0033298293,-0.050180443,0.009647248,0.0,0.0,-0.49662814,0
1777225901849000,0.0027940476,-0.066446275,0.008397805,0.0,0.0,-0.49644318,0
1777225901873000,0.00042334804,-0.068771295,0.017130014,0.0,0.0,-0.4964049,0
1777225901893000,0.0012619458,-0.07010552,0.012749705,0.0,0.0,-0.4964005,0
1777225901909000,0.0026906466,-0.057315998,0.012709148,0.0,0.0,-0.4965813,0
1777225901933000,0.0031665845,-0.073214,0.014326415,0.0,0.0,-0.49633905,0
1777225901949000,0.002605951,-0.05795876,0.013998261,0.0,0.0,-0.49655822,0
1777225901969000,0.0020476487,-0.07441907,0.011437008,0.0,0.0,-0.49615574,0
1777225901989000,0.002017581,-0.0598148,0.010947363,0.0,0.0,-0.49643335,0
1777225902009000,0.0014285684,-0.07436124,0.015087081,0.0,0.0,-0.49612796,0
1777225902033000,0.00036431488,-0.07471737,0.013976771,0.0,0.0,-0.49616963,0
1777225902049000,0.0002865782,-0.075119056,0.013764273,0.0,0.0,-0.49620387,0
1777225902069000,-0.00016512186,-0.06296846,0.013503063,0.0,0.0,-0.4962405,0
1777225902093000,0.00034508703,-0.07760306,0.015335951,0.0,0.0,-0.49591756,0
1777225902109000,-0.001299209,-0.06515577,0.0148714585,0.0,0.0,-0.49604893,0
1777225902129000,-0.003040186,-0.08292811,0.016358523,0.0,0.0,-0.4958126,0
1777225902153000,-0.00013504189,-0.08553126,0.015613714,0.0,0.0,-0.49568132,0
1777225902169000,-0.00017562753,-0.084891774,0.015040556,0.0,0.0,-0.4955166,0
1777225902189000,-0.0004048847,-0.07250449,0.014487525,0.0,0.0,-0.49551296,0
1777225902213000,-0.0005028915,-0.08347592,0.015385205,0.0,0.0,-0.4950729,0
1777225902233000,0.0011751454,-0.088389575,0.015727568,0.0,0.0,-0.4948814,0
1777225902253000,0.002635617,-0.08607401,0.01568425,0.0,0.0,-0.4947903,0
1777225902273000,0.0022377628,-0.0862908,0.016461628,0.0,0.0,-0.4948569,0
1777225902289000,0.0026525925,-0.0869102,0.017085452,0.0,0.0,-0.4947314,0
1777225902309000,0.002829729,-0.07623397,0.015730778,0.0,0.0,-0.4947602,0
1777225902329000,0.0025255245,-0.09058511,0.017826956,0.0,0.0,-0.49440578,0
1777225902353000,0.0025185277,-0.08769042,0.017784284,0.0,0.0,-0.49425063,0
1777225902369000,0.0029459558,-0.088965476,0.01765405,0.0,0.0,-0.49411348,0
1777225902389000,0.0025805337,-0.07942882,0.017204836,0.0,0.0,-0.49408305,0
1777225902413000,0.0022757128,-0.08820422,0.019379254,0.0,0.0,-0.4938274,0
1777225902433000,0.002444941,-0.090985395,0.019849915,0.0,0.0,-0.49386546,0
1777225902449000,0.002239474,-0.09226244,0.020611718,0.0,0.0,-0.49379295,0
1777225902473000,0.0039786873,-0.09294647,0.020750295,0.0,0.0,-0.49406847,0
1777225902489000,0.0028348707,-0.0922298,0.020878792,0.0,0.0,-0.49398845,0
1777225902513000,0.0026500463,-0.09043884,0.021628898,0.0,0.0,-0.4938333,0
1777225902533000,0.0021947254,-0.08792253,0.021901906,0.0,0.0,-0.49374866,0
1777225902549000,0.002730671,-0.079144515,0.020732632,0.0,0.0,-0.49366236,0
1777225902569000,0.0009999768,-0.0916756,0.022596208,0.0,0.0,-0.49355868,0
1777225902593000,0.0013888424,-0.0933277,0.022044394,0.0,0.0,-0.4934653,0
1777225902609000,0.0020351224,-0.09280847,0.022777043,0.0,0.0,-0.49330854,0
1777225902629000,0.0036738655,-0.08382407,0.02156306,0.0,0.0,-0.4932616,0
1777225902653000,0.0042891656,-0.09058566,0.024078045,0.0,0.0,-0.49291646,0
1777225902669000,0.004742576,-0.08145749,0.022777926,0.0,0.0,-0.49286824,0
1777225902689000,0.005700825,-0.091254435,0.024909608,0.0,0.0,-0.49259636,0
1777225902709000,0.0056246202,-0.0806147,0.023643307,0.0,0.0,-0.49258292,0
1777225902729000,0.0027307263,-0.09006163,0.025657129,0.0,0.0,-0.4923448,0
1777225902749000,0.0013301823,-0.07868422,0.024544947,0.0,0.0,-0.49228445,0
1777225902769000,0.0008146502,-0.08886158,0.019981712,0.0,0.0,-0.4921644,0
1777225902789000,0.0018080118,-0.0780429,0.018169645,0.0,0.0,-0.49231017,0
1777225902809000,0.0034763608,-0.08174416,0.003748532,0.0,0.0,-0.4835356,0
1777225902829000,0.0020703631,-0.0720922,0.0024948665,0.0,0.0,-0.4837307,0
1777225902849000,0.002800746,-0.07353666,-0.012764503,0.0,0.0,-0.47450593,0
1777225902869000,0.0054362565,-0.06275269,-0.013853265,0.0,0.0,-0.47541332,0
1777225902889000,0.0057660067,-0.06658417,-0.031026911,0.0,0.0,-0.4654545,0
1777225902909000,0.006727399,-0.058012653,-0.032446112,0.0,0.0,-0.4667407,0
1777225902933000,0.0071679894,-0.0837755,-0.051096622,0.0,0.0,-0.45635155,0
1777225902949000,0.007247704,-0.07530328,-0.051929317,0.0,0.0,-0.458425,0
1777225902969000,0.0064901467,-0.07758594,-0.0722726,0.0,0.0,-0.44767386,0
1777225902993000,0.006734323,-0.072974436,-0.085420765,0.0,0.0,-0.4425202,0
1777225903009000,0.007404475,-0.0703296,-0.09389078,0.0,0.0,-0.43902388,0
1777225903033000,0.0107811,-0.06549884,-0.10751375,0.0,0.0,-0.43393946,0
1777225903053000,0.012771303,-0.061243363,-0.11648592,0.0,0.0,-0.4303577,0
1777225903073000,0.01292147,-0.0561752,-0.13041851,0.0,0.0,-0.4252007,0
1777225903093000,0.013557592,-0.07993601,-0.13950154,0.0,0.0,-0.42152593,0
1777225903109000,0.015148095,-0.072124906,-0.13831936,0.0,0.0,-0.4261847,0
1777225903129000,0.017820407,-0.07390972,-0.16196391,0.0,0.0,-0.4130014,0
1777225903153000,0.019056754,-0.06827294,-0.17522603,0.0,0.0,-0.40807924,0
1777225903173000,0.021184996,-0.064817235,-0.18384522,0.0,0.0,-0.40464,0
1777225903189000,0.024083186,-0.05915252,-0.1814593,0.0,0.0,-0.41072825,0
1777225903209000,0.027015213,-0.059231695,-0.20637372,0.0,0.0,-0.39590633,0
1777225903233000,0.028140478,-0.05310384,-0.21914102,0.0,0.0,-0.3908662,0
1777225903249000,0.028051129,-0.05035612,-0.22784033,0.0,0.0,-0.38726652,0
1777225903269000,0.029332336,-0.041893005,-0.22247607,0.0,0.0,-0.39476272,0
1777225903289000,0.03138564,-0.067644306,-0.24784322,0.0,0.0,-0.37840176,0
1777225903309000,0.03275171,-0.05938702,-0.24164256,0.0,0.0,-0.38668913,0
1777225903329000,0.033046223,-0.060669824,-0.2681763,0.0,0.0,-0.3695116,0
1777225903349000,0.033167776,-0.051039245,-0.2602533,0.0,0.0,-0.3785487,0
1777225903373000,0.034923133,-0.051982936,-0.2852,0.0,0.0,-0.36072043,0
1777225903393000,0.035803284,-0.049414314,-0.29767054,0.0,0.0,-0.36033857,0
1777225903409000,0.03609035,-0.044546485,-0.30470955,0.0,0.0,-0.36356074,0
1777225903429000,0.035747036,-0.037217364,-0.29435128,0.0,0.0,-0.37407658,0
1777225903453000,0.037233904,-0.06209069,-0.31899065,0.0,0.0,-0.37257758,0
1777225903469000,0.036246695,-0.054541696,-0.3094979,0.0,0.0,-0.3828298,0
1777225903493000,0.036467418,-0.05615431,-0.33407477,0.0,0.0,-0.38137472,0
1777225903513000,0.03381984,-0.05382931,-0.345155,0.0,0.0,-0.38667262,0
1777225903529000,0.03390304,-0.04886948,-0.35118905,0.0,0.0,-0.3901456,0
1777225903553000,0.034135923,-0.04732612,-0.35985827,0.0,0.0,-0.3953119,0
1777225903573000,0.034076244,-0.045203455,-0.3620339,0.0,0.0,-0.39879033,0
1777225903593000,0.032749787,-0.04311513,-0.37329522,0.0,0.0,-0.4039856,0
1777225903613000,0.030092932,-0.040615607,-0.37536252,0.0,0.0,-0.40727195,0
1777225903629000,0.029755345,-0.033839047,-0.36247426,0.0,0.0,-0.416305,0
1777225903649000,0.029606264,-0.032838542,-0.39092845,0.0,0.0,-0.41588452,0
1777225903673000,0.028233264,-0.029543635,-0.39788467,0.0,0.0,-0.4208869,0
1777225903689000,0.030641306,-0.05211616,-0.40230033,0.0,0.0,-0.42416686,0
1777225903709000,0.028200006,-0.047600716,-0.38375315,0.0,0.0,-0.43223256,0
1777225903729000,0.028662264,-0.048516728,-0.4132207,0.0,0.0,-0.43256205,0
1777225903749000,0.02581656,-0.043482363,-0.3939552,0.0,0.0,-0.44034854,0
1777225903769000,0.02441765,-0.04312257,-0.4240183,0.0,0.0,-0.440873,0
1777225903789000,0.022999965,-0.03753064,-0.40319368,0.0,0.0,-0.448163,0
1777225903809000,0.020067358,-0.038244773,-0.43359545,0.0,0.0,-0.44911224,0
1777225903833000,0.01522713,-0.034931578,-0.43973184,0.0,0.0,-0.45431334,0
1777225903853000,0.014951376,-0.03207776,-0.43964827,0.0,0.0,-0.45756698,0
1777225903873000,0.014945323,-0.028946992,-0.4499191,0.0,0.0,-0.46246725,0
1777225903893000,0.01428362,-0.05052731,-0.44922104,0.0,0.0,-0.46239325,0
1777225903909000,0.013248924,-0.04779976,-0.43080518,0.0,0.0,-0.46845183,0
1777225903929000,0.012386166,-0.04892449,-0.46380275,0.0,0.0,-0.47022465,0
1777225903953000,0.009123577,-0.042785253,-0.47052974,0.0,0.0,-0.4751414,0
1777225903969000,0.008104053,-0.039368145,-0.4749195,0.0,0.0,-0.4784958,0
1777225903989000,0.0041187075,-0.034012593,-0.45101213,0.0,0.0,-0.4839803,0
1777225904009000,0.0056782393,-0.03974906,-0.48601025,0.0,0.0,-0.4868537,0
1777225904033000,0.006357806,-0.041156992,-0.492482,0.0,0.0,-0.4917016,0
1777225904053000,0.0052588265,-0.037903138,-0.49148953,0.0,0.0,-0.49324208,0
1777225904069000,0.0032087392,-0.032982353,-0.4704332,0.0,0.0,-0.49758238,0
1777225904089000,0.0018897476,-0.037008744,-0.5069754,0.0,0.0,-0.49288216,0
1777225904109000,-0.0013744934,-0.031699106,-0.480403,0.0,0.0,-0.49700406,0
1777225904129000,-0.0025355704,-0.032063976,-0.51789254,0.0,0.0,-0.49236742,0
1777225904149000,-0.005807472,-0.027158936,-0.49084997,0.0,0.0,-0.49665838,0
1777225904173000,-0.005110948,-0.029634263,-0.5242452,0.0,0.0,-0.4889064,0
1777225904189000,-0.005757319,-0.023442578,-0.50193334,0.0,0.0,-0.4930924,0
1777225904209000,-0.006951874,-0.025170524,-0.5418439,0.0,0.0,-0.48691648,0
1777225904233000,-0.0071480097,-0.022581648,-0.5493562,0.0,0.0,-0.48695195,0
1777225904249000,-0.009706495,-0.020068154,-0.5543531,0.0,0.0,-0.4868042,0
1777225904273000,-0.0099472115,-0.020557808,-0.56159806,0.0,0.0,-0.48688516,0
1777225904293000,-0.012022685,-0.01822957,-0.5605912,0.0,0.0,-0.48687613,0
1777225904309000,-0.013094256,-0.015973309,-0.5370637,0.0,0.0,-0.4914446,0
1777225904329000,-0.0110720955,-0.016845832,-0.5791894,0.0,0.0,-0.48764575,0
1777225904353000,-0.011223646,-0.015037881,-0.5869336,0.0,0.0,-0.48772717,0
1777225904369000,-0.01006015,-0.016382525,-0.5918741,0.0,0.0,-0.48791268,0
1777225904393000,-0.00796612,-0.015439174,-0.59960806,0.0,0.0,-0.48784545,0
1777225904409000,-0.008466242,-0.014150354,-0.604669,0.0,0.0,-0.4879949,0
1777225904429000,-0.009779717,-0.011907948,-0.573165,0.0,0.0,-0.49265504,0
1777225904453000,-0.006597115,-0.01305087,-0.612115,0.0,0.0,-0.48845536,0
1777225904469000,-0.009350333,-0.008971561,-0.5863663,0.0,0.0,-0.4931472,0
1777225904489000,-0.0068430896,-0.011055456,-0.63233864,0.0,0.0,-0.48867968,0
1777225904509000,-0.0074931458,-0.008376241,-0.5993264,0.0,0.0,-0.49326864,0
1777225904529000,-0.0069127018,-0.011765885,-0.64634454,0.0,0.0,-0.4888902,0
1777225904549000,-0.009021767,-0.009298054,-0.61293507,0.0,0.0,-0.49348962,0
1777225904573000,-0.0065524746,-0.01031889,-0.6539833,0.0,0.0,-0.48924208,0
1777225904589000,-0.0075627,-0.00815001,-0.6267277,0.0,0.0,-0.4937946,0
1777225904609000,-0.0077300323,-0.01075603,-0.6753033,0.0,0.0,-0.48936528,0
1777225904633000,-0.0061574187,-0.009238101,-0.6836038,0.0,0.0,-0.48956123,0
1777225904649000,-0.0052371835,-0.008973557,-0.6890525,0.0,0.0,-0.48968306,0
1777225904673000,-0.003935784,-0.008618965,-0.6974486,0.0,0.0,-0.48984674,0
1777225904693000,-0.004896542,-0.004947519,-0.69564694,0.0,0.0,-0.48992077,0
1777225904709000,-0.00680509,-0.002802281,-0.6662898,0.0,0.0,-0.49452832,0
1777225904729000,-0.0068192314,-0.0034123368,-0.71726704,0.0,0.0,-0.49016762,0
1777225904749000,-0.008159255,-0.0020398297,-0.68000734,0.0,0.0,-0.49469352,0
1777225904769000,-0.0064328904,-0.005670634,-0.7319837,0.0,0.0,-0.49036354,0
1777225904789000,-0.0063634114,-0.0040511317,-0.69419265,0.0,0.0,-0.49492553,0
1777225904809000,-0.0068441257,-0.0048320144,-0.74709237,0.0,0.0,-0.49064818,0
1777225904833000,-0.0037333888,-0.003575748,-0.75550324,0.0,0.0,-0.4908287,0
1777225904849000,-0.0034634308,-0.0028893226,-0.7609078,0.0,0.0,-0.49084684,0
1777225904869000,-0.0039375536,-0.0010191554,-0.7211599,0.0,0.0,-0.4955087,0
1777225904893000,-0.0019292722,-0.000515857,-0.76689214,0.0,0.0,-0.49096593,0
1777225904913000,-0.002920896,0.001415153,-0.7837842,0.0,0.0,-0.4911893,0
1777225904933000,-0.0015588931,0.0018146718,-0.7814423,0.0,0.0,-0.49115995,0
1777225904953000,0.00016558939,0.0023032213,-0.79854226,0.0,0.0,-0.4910388,0
1777225904969000,0.0013008097,0.001435888,-0.8043136,0.0,0.0,-0.49086037,0
1777225904989000,0.00023651868,0.0015433109,-0.76198477,0.0,0.0,-0.4954567,0
1777225905013000,0.0012209031,-0.00037898077,-0.8094741,0.0,0.0,-0.49099243,0
1777225905029000,-0.0008963791,0.002260325,-0.77500176,0.0,0.0,-0.49555314,0
1777225905049000,0.002626534,0.0019362238,-0.83191466,0.0,0.0,-0.4911737,0
1777225905073000,0.0030650496,0.00045223907,-0.8397837,0.0,0.0,-0.49123394,0
1777225905089000,0.0017236497,0.002797544,-0.84544116,0.0,0.0,-0.49116647,0
1777225905113000,0.0021831843,0.00093643274,-0.85391796,0.0,0.0,-0.49118236,0
1777225905129000,0.001292866,0.0011258861,-0.8594536,0.0,0.0,-0.49103144,0
1777225905149000,0.0009349133,0.0030274023,-0.81433004,0.0,0.0,-0.4956213,0
1777225905169000,0.0020142393,0.003611355,-0.87355655,0.0,0.0,-0.49110982,0
1777225905189000,-0.00031857076,0.0029802304,-0.82713306,0.0,0.0,-0.4955361,0
1777225905209000,0.0023298243,0.00128484,-0.8872044,0.0,0.0,-0.4909032,0
1777225905229000,0.0005704472,0.0021247542,-0.8400108,0.0,0.0,-0.4954109,0
1777225905253000,0.00088810525,-0.0007324512,-0.8916916,0.0,0.0,-0.49084663,0
1777225905269000,-0.0019979777,0.0018881066,-0.85319334,0.0,0.0,-0.49534935,0
1777225905289000,-0.00067784183,0.00042002602,-0.9148791,0.0,0.0,-0.49071473,0
1777225905313000,-0.00023242366,-0.0013140468,-0.9232406,0.0,0.0,-0.4903944,0
1777225905333000,-0.0014746874,0.0019001677,-0.91904855,0.0,0.0,-0.49026862,0
1777225905349000,-0.0041274396,0.0033462443,-0.8789998,0.0,0.0,-0.49485627,0
1777225905369000,-0.002914602,0.0010419074,-0.94217193,0.0,0.0,-0.49019602,0
1777225905393000,-0.000506614,0.0015527671,-0.95021105,0.0,0.0,-0.4900601,0
1777225905409000,-0.002370179,0.002003746,-0.9554397,0.0,0.0,-0.489901,0
1777225905433000,-0.002453642,0.001326804,-0.9632852,0.0,0.0,-0.48982778,0
1777225905453000,-0.0034154775,0.002685558,-0.9581163,0.0,0.0,-0.48967674,0
1777225905473000,-0.0033736331,0.001741495,-0.97639996,0.0,0.0,-0.4895863,0
1777225905493000,-0.004080629,0.004316114,-0.97141594,0.0,0.0,-0.48938328,0
1777225905509000,-0.006389525,0.004608444,-0.9292831,0.0,0.0,-0.4937163,0
1777225905529000,-0.0033040016,0.0031882748,-0.99589837,0.0,0.0,-0.48904315,0
1777225905549000,-0.0048156152,0.003641977,-0.942249,0.0,0.0,-0.49348843,0
1777225905569000,-0.0060049067,0.0034605125,-1.0093303,0.0,0.0,-0.48890257,0
1777225905589000,-0.006859672,0.003764839,-0.95488477,0.0,0.0,-0.49350747,0
1777225905609000,-0.008056444,0.00503592,-1.0226231,0.0,0.0,-0.48868102,0
1777225905629000,-0.008763659,0.00508174,-0.9677708,0.0,0.0,-0.49323386,0
1777225905649000,-0.008763231,0.0037885783,-1.0360205,0.0,0.0,-0.48848698,0
1777225905669000,-0.011615415,0.005133842,-0.98052293,0.0,0.0,-0.49291474,0
1777225905689000,-0.009968042,0.004742368,-1.0492618,0.0,0.0,-0.48820367,0
1777225905709000,-0.010869874,0.0035707671,-0.99237555,0.0,0.0,-0.4927433,0
1777225905733000,-0.010892572,0.0025239708,-1.051235,0.0,0.0,-0.48795328,0
1777225905753000,-0.0063356375,5.6428835e-06,-1.0709479,0.0,0.0,-0.48775217,0
1777225905773000,-0.008058694,0.0015126383,-1.0652592,0.0,0.0,-0.48766625,0
1777225905793000,-0.009575369,0.0025498187,-1.0852413,0.0,0.0,-0.48754272,0
1777225905813000,-0.009356786,0.0016912986,-1.0787055,0.0,0.0,-0.48740804,0
1777225905829000,-0.0116483215,0.0016261535,-1.031949,0.0,0.0,-0.49200037,0
1777225905849000,-0.009437802,0.001977507,-1.0787759,0.0,0.0,-0.48716205,0
1777225905869000,-0.008980627,0.00049851555,-1.0190463,0.0,0.0,-0.49179506,0
1777225905893000,-0.01014801,-0.0001094304,-1.048322,0.0,0.0,-0.48719212,0
1777225905909000,-0.0114818355,0.00011257641,-0.9997442,0.0,0.0,-0.49175256,0
1777225905929000,-0.009846641,-0.0007302677,-1.038625,0.0,0.0,-0.48676664,0
1777225905949000,-0.011279133,-0.0018759184,-0.97803533,0.0,0.0,-0.4914032,0
1777225905969000,-0.010109861,-0.0045093503,-1.0152478,0.0,0.0,-0.4866348,0
1777225905989000,-0.01159437,-0.0053810263,-0.954043,0.0,0.0,-0.49129742,0
1777225906013000,-0.013096184,-0.0049563562,-0.97710073,0.0,0.0,-0.48663315,0
1777225906029000,-0.0155387875,-0.006295096,-0.92808074,0.0,0.0,-0.49137715,0
1777225906049000,-0.016211702,-0.007499966,-0.96140075,0.0,0.0,-0.48666552,0
1777225906073000,-0.018153165,-0.008230648,-0.94394207,0.0,0.0,-0.4866141,0
1777225906089000,-0.021642998,-0.007248437,-0.93188566,0.0,0.0,-0.48647258,0
1777225906109000,-0.023885604,-0.009440399,-0.8709568,0.0,0.0,-0.4911227,0
1777225906129000,-0.02666762,-0.009192939,-0.9020168,0.0,0.0,-0.48635402,0
1777225906149000,-0.030667633,-0.010202172,-0.84189665,0.0,0.0,-0.49100927,0
1777225906169000,-0.03336001,-0.0120957205,-0.87233067,0.0,0.0,-0.48619485,0
1777225906189000,-0.037216444,-0.012289505,-0.813035,0.0,0.0,-0.4908872,0
1777225906209000,-0.03838033,-0.012837702,-0.84264797,0.0,0.0,-0.4860911,0
1777225906229000,-0.04261478,-0.012832263,-0.78393376,0.0,0.0,-0.49078438,0
1777225906249000,-0.04456961,-0.015417719,-0.81303245,0.0,0.0,-0.4859623,0
1777225906269000,-0.049645256,-0.016627226,-0.7562406,0.0,0.0,-0.49077326,0
1777225906289000,-0.05144245,-0.017576484,-0.7853915,0.0,0.0,-0.4859867,0
1777225906309000,-0.055784553,-0.017035216,-0.73009443,0.0,0.0,-0.49062714,0
1777225906329000,-0.05788262,-0.015832767,-0.7589602,0.0,0.0,-0.48570478,0
1777225906349000,-0.060282853,-0.016496014,-0.7051332,0.0,0.0,-0.49049503,0
1777225906369000,-0.060323894,-0.018459402,-0.73436075,0.0,0.0,-0.48599073,0
1777225906389000,-0.06369282,-0.018493963,-0.6820555,0.0,0.0,-0.49052128,0
1777225906409000,-0.06547159,-0.019378534,-0.7112392,0.0,0.0,-0.48571834,0
1777225906429000,-0.067793876,-0.020237654,-0.6601349,0.0,0.0,-0.49040517,0
1777225906453000,-0.06762433,-0.021715144,-0.6796183,0.0,0.0,-0.48552647,0
1777225906473000,-0.06888227,-0.020489374,-0.6775363,0.0,0.0,-0.48546407,0
1777225906493000,-0.07071553,-0.021150408,-0.6602267,0.0,0.0,-0.4852231,0
1777225906509000,-0.07112609,-0.02095197,-0.62245214,0.0,0.0,-0.48995623,0
1777225906533000,-0.0708324,-0.02088315,-0.6430917,0.0,0.0,-0.48507896,0
1777225906553000,-0.06731414,-0.021184066,-0.6422499,0.0,0.0,-0.48509628,0
1777225906569000,-0.0694257,-0.02321718,-0.63582075,0.0,0.0,-0.4850183,0
1777225906589000,-0.06905037,-0.022746814,-0.5915084,0.0,0.0,-0.48981586,0
1777225906609000,-0.06701039,-0.020636743,-0.62107825,0.0,0.0,-0.484929,0
1777225906629000,-0.066530734,-0.01885479,-0.5785463,0.0,0.0,-0.48989257,0
1777225906649000,-0.06643871,-0.016653182,-0.6076671,0.0,0.0,-0.48515138,0
1777225906669000,-0.06529012,-0.014516939,-0.5663227,0.0,0.0,-0.48995462,0
1777225906689000,-0.064255804,-0.0124564115,-0.59581596,0.0,0.0,-0.4850095,0
1777225906713000,-0.060756832,-0.0112340655,-0.5896457,0.0,0.0,-0.4850353,0
1777225906733000,-0.059475638,-0.011721335,-0.5779309,0.0,0.0,-0.4850561,0
1777225906749000,-0.05720563,-0.0106343515,-0.5474142,0.0,0.0,-0.4899252,0
1777225906773000,-0.05355994,-0.008807114,-0.5687264,0.0,0.0,-0.48521045,0
1777225906789000,-0.049949557,-0.008298058,-0.53872186,0.0,0.0,-0.490013,0
1777225906813000,-0.0474016,-0.0069463076,-0.5598203,0.0,0.0,-0.4852255,0
1777225906829000,-0.045622714,-0.0066906023,-0.5312292,0.0,0.0,-0.49003854,0
1777225906849000,-0.042316683,-0.0058332426,-0.5595301,0.0,0.0,-0.48506528,0
1777225906869000,-0.03909666,-0.005795277,-0.5242688,0.0,0.0,-0.48978004,0
1777225906889000,-0.034584075,-0.0035320343,-0.55181926,0.0,0.0,-0.48498333,0
1777225906909000,-0.030709296,-0.0042189118,-0.5178589,0.0,0.0,-0.48975685,0
1777225906933000,-0.029611994,-0.0023582936,-0.5379221,0.0,0.0,-0.48505116,0
1777225906949000,-0.028169442,-0.002785171,-0.5112954,0.0,0.0,-0.48992342,0
1777225906969000,-0.023784775,0.000676597,-0.5371946,0.0,0.0,-0.48510328,0
1777225906989000,-0.020572482,-0.00021522725,-0.50481623,0.0,0.0,-0.49001944,0
1777225907009000,-0.017384784,0.0007449561,-0.53035027,0.0,0.0,-0.48530996,0
1777225907029000,-0.017156843,0.00067755533,-0.4986195,0.0,0.0,-0.4901899,0
1777225907049000,-0.015376579,0.00038031908,-0.5225726,0.0,0.0,-0.48538938,0
1777225907069000,-0.013493845,0.0015708795,-0.49160385,0.0,0.0,-0.49027902,0
1777225907093000,-0.0077918638,0.001574087,-0.50929236,0.0,0.0,-0.4856367,0
1777225907113000,-0.003120211,0.0046832785,-0.5103436,0.0,0.0,-0.48563805,0
1777225907129000,-0.0037237676,0.0022903746,-0.5074054,0.0,0.0,-0.48564163,0
1777225907149000,-0.0031779893,0.0016236058,-0.47747844,0.0,0.0,-0.4905217,0
1777225907173000,-0.0017719809,0.0035537765,-0.49300924,0.0,0.0,-0.48581365,0
1777225907189000,-0.0015307488,0.0032386421,-0.46953475,0.0,0.0,-0.49079427,0
1777225907209000,0.00065398216,0.004707061,-0.49004635,0.0,0.0,-0.48607448,0
1777225907229000,0.0014703041,0.004678278,-0.46132568,0.0,0.0,-0.49092814,0
1777225907249000,0.0052648773,0.006845542,-0.48096886,0.0,0.0,-0.48615113,0
1777225907269000,0.005501734,0.008857265,-0.4532458,0.0,0.0,-0.49098203,0
1777225907293000,0.007806964,0.007419264,-0.46616772,0.0,0.0,-0.4862751,0
1777225907313000,0.011411974,0.010228476,-0.4652251,0.0,0.0,-0.48639396,0
1777225907333000,0.011078641,0.00817062,-0.45542458,0.0,0.0,-0.48635727,0
1777225907349000,0.011314982,0.0069806855,-0.43357247,0.0,0.0,-0.491216,0
1777225907373000,0.011477654,0.006439658,-0.44402596,0.0,0.0,-0.48655674,0
1777225907393000,0.014748701,0.011228063,-0.4419385,0.0,0.0,-0.48666003,0
1777225907413000,0.0146115795,0.0073562693,-0.43204427,0.0,0.0,-0.48663616,0
1777225907429000,0.01403818,0.006363207,-0.4109364,0.0,0.0,-0.49156532,0
1777225907449000,0.012575235,0.006482789,-0.42478284,0.0,0.0,-0.4868514,0
1777225907473000,0.012946186,0.013225694,-0.41711423,0.0,0.0,-0.4871199,0
1777225907489000,0.010865293,0.008261453,-0.41211855,0.0,0.0,-0.48703927,0
1777225907509000,0.009921615,0.009050211,-0.386933,0.0,0.0,-0.49178597,0
1777225907529000,0.008178893,0.009114616,-0.3991648,0.0,0.0,-0.48692325,0
1777225907549000,0.0079990085,0.009221427,-0.37429774,0.0,0.0,-0.49166808,0
1777225907569000,0.0074929455,0.008935156,-0.38547716,0.0,0.0,-0.4870925,0
1777225907593000,0.008706525,0.014516219,-0.37681115,0.0,0.0,-0.48720604,0
1777225907609000,0.006407898,0.010232444,-0.3708464,0.0,0.0,-0.48727837,0
1777225907633000,0.0062602097,0.017319793,-0.36248386,0.0,0.0,-0.48728323,0
1777225907653000,0.0036620442,0.012154546,-0.3523991,0.0,0.0,-0.4873098,0
1777225907669000,0.0008688532,0.011307521,-0.33452332,0.0,0.0,-0.49203444,0
1777225907689000,0.000654486,0.012897472,-0.34302744,0.0,0.0,-0.4872533,0
1777225907713000,-0.0018014242,0.018552562,-0.3345336,0.0,0.0,-0.48724377,0
1777225907729000,-0.0015434274,0.010908764,-0.32867438,0.0,0.0,-0.48716277,0
1777225907753000,-0.00086217,0.016081095,-0.32039654,0.0,0.0,-0.4872722,0
1777225907769000,-0.0020865873,0.010728245,-0.31487373,0.0,0.0,-0.48714128,0
1777225907789000,-0.0025474122,0.01052528,-0.29482168,0.0,0.0,-0.4918733,0
1777225907809000,-0.0048146867,0.012503443,-0.30102107,0.0,0.0,-0.48733023,0
1777225907829000,-0.0063858815,0.013446209,-0.28131723,0.0,0.0,-0.49210727,0
1777225907853000,-0.008014504,0.014665052,-0.28231478,0.0,0.0,-0.48715472,0
1777225907869000,-0.005542841,0.013998017,-0.26741445,0.0,0.0,-0.49180758,0
1777225907893000,-0.005190623,0.012616157,-0.26806137,0.0,0.0,-0.48677883,0
1777225907913000,-0.0053458735,0.021174267,-0.2629165,0.0,0.0,-0.4868488,0
1777225907929000,-0.0047916584,0.015264541,-0.25710478,0.0,0.0,-0.4867876,0
1777225907949000,-0.0057044355,0.013308971,-0.23956573,0.0,0.0,-0.49165925,0
1777225907973000,-0.008372688,0.014662688,-0.23894271,0.0,0.0,-0.48679656,0
1777225907989000,-0.007833883,0.013403391,-0.22610545,0.0,0.0,-0.49168247,0
1777225908013000,-0.008822076,0.011997789,-0.22568512,0.0,0.0,-0.48688495,0
1777225908029000,-0.008390754,0.011760337,-0.21322909,0.0,0.0,-0.4916588,0
1777225908049000,-0.00827648,0.014299087,-0.21468642,0.0,0.0,-0.4867948,0
1777225908073000,-0.010812687,0.021983674,-0.20613468,0.0,0.0,-0.48674092,0
1777225908089000,-0.011275026,0.012938395,-0.20069093,0.0,0.0,-0.48666677,0
1777225908109000,-0.009884184,0.01325264,-0.18681479,0.0,0.0,-0.49148726,0
1777225908129000,-0.01111188,0.01502348,-0.18673995,0.0,0.0,-0.4866658,0
1777225908149000,-0.010526535,0.012681176,-0.17369753,0.0,0.0,-0.49150714,0
1777225908169000,-0.01174943,0.013874501,-0.1725561,0.0,0.0,-0.48664987,0
1777225908189000,-0.014413387,0.0137694,-0.16012214,0.0,0.0,-0.491347,0
1777225908213000,-0.0117079895,0.011006766,-0.1563316,0.0,0.0,-0.48655805,0
1777225908229000,-0.011488208,0.008788297,-0.14728726,0.0,0.0,-0.4913025,0
1777225908249000,-0.011573083,0.008585112,-0.14485586,0.0,0.0,-0.4867098,0
1777225908273000,-0.011298104,0.017357126,-0.13699915,0.0,0.0,-0.48675606,0
1777225908293000,-0.011308648,0.009289373,-0.12962592,0.0,0.0,-0.48686925,0
1777225908309000,-0.012131257,0.008575823,-0.12174779,0.0,0.0,-0.49163428,0
1777225908329000,-0.013255001,0.009342295,-0.11809519,0.0,0.0,-0.4867715,0
1777225908349000,-0.010899217,0.010714862,-0.10909477,0.0,0.0,-0.49158713,0
1777225908369000,-0.0116204,0.011557399,-0.104861796,0.0,0.0,-0.48689497,0
1777225908389000,-0.011354139,0.008927845,-0.0967944,0.0,0.0,-0.49172974,0
1777225908409000,-0.010057442,0.007159715,-0.09170695,0.0,0.0,-0.48690325,0
1777225908429000,-0.010048729,0.008297645,-0.08454879,0.0,0.0,-0.4917563,0
1777225908449000,-0.011641725,0.010451634,-0.07943405,0.0,0.0,-0.48712492,0
1777225908473000,-0.009340829,0.013841678,-0.07158572,0.0,0.0,-0.48733303,0
1777225908489000,-0.009068217,0.007961436,-0.06630856,0.0,0.0,-0.48721948,0
1777225908513000,-0.006696359,0.01655516,-0.05825978,0.0,0.0,-0.48723662,0
1777225908529000,-0.0059873546,0.011834413,-0.052947834,0.0,0.0,-0.4870486,0
1777225908549000,-0.007329771,0.01126154,-0.048281293,0.0,0.0,-0.49189708,0
1777225908569000,-0.0059217387,0.010823438,-0.040255822,0.0,0.0,-0.4871546,0
1777225908589000,-0.006794503,0.012219935,-0.0361201,0.0,0.0,-0.49196738,0
1777225908609000,-0.0073445057,0.012052064,-0.02748252,0.0,0.0,-0.4872788,0
1777225908633000,-0.008703456,0.01576997,-0.019411191,0.0,0.0,-0.48735082,0
1777225908649000,-0.009020287,0.010417016,-0.0142618455,0.0,0.0,-0.48740396,0
1777225908673000,-0.006329177,0.014028906,-0.0062107556,0.0,0.0,-0.48750004,0
1777225908693000,-0.0080337,0.010244296,-0.0008722134,0.0,0.0,-0.48757344,0
1777225908709000,-0.008975543,0.00813912,0.00044582784,0.0,0.0,-0.49244136,0
1777225908729000,-0.010461864,0.010134593,0.01189927,0.0,0.0,-0.48755485,0
1777225908749000,-0.009564497,0.0094507905,0.012761481,0.0,0.0,-0.4923127,0
1777225908769000,-0.007637532,0.008530649,0.024728853,0.0,0.0,-0.48745054,0
1777225908789000,-0.007813456,0.008630778,0.025206331,0.0,0.0,-0.49228454,0
1777225908809000,-0.0077278824,0.009257706,0.038281087,0.0,0.0,-0.48765767,0
1777225908829000,-0.007391649,0.007790553,0.038155,0.0,0.0,-0.49258134,0
1777225908849000,-0.006163012,0.008679192,0.039109,0.0,0.0,-0.48786792,0
1777225908869000,-0.0065093334,0.0064296653,0.037922442,0.0,0.0,-0.49261922,0
1777225908893000,-0.0060000345,0.00928528,0.036008112,0.0,0.0,-0.48773888,0
1777225908913000,-0.0043239566,0.011379128,0.033972465,0.0,0.0,-0.48771048,0
1777225908929000,-0.0033761666,0.010737648,0.03239256,0.0,0.0,-0.4877102,0
1777225908953000,-0.0047602085,0.012221618,0.029495956,0.0,0.0,-0.48774147,0
1777225908969000,-0.0019748744,0.0109578855,0.026961282,0.0,0.0,-0.48769194,0
1777225908989000,0.00061065675,0.01115775,0.02397951,0.0,0.0,-0.49251807,0
1777225909009000,0.00065303076,0.010139248,0.020773668,0.0,0.0,-0.4876922,0
1777225909033000,0.0017872631,0.009288208,0.016287003,0.0,0.0,-0.48791918,0
1777225909049000,0.0026324028,0.0064016213,0.013318055,0.0,0.0,-0.4879295,0
1777225909069000,0.002973785,0.007397859,0.009716908,0.0,0.0,-0.49265474,0
1777225909089000,0.0053503276,0.007957927,0.0057999557,0.0,0.0,-0.48787725,0
1777225909109000,0.0075863604,0.0068049165,0.0015294179,0.0,0.0,-0.49262404,0
1777225909133000,0.007324488,0.009147592,-0.003402453,0.0,0.0,-0.48790285,0
1777225909149000,0.0106235705,0.009422872,-0.0068772957,0.0,0.0,-0.49287206,0
1777225909169000,0.012268154,0.00831148,-0.011004925,0.0,0.0,-0.48798773,0
1777225909189000,0.0142659675,0.006399687,-0.014954682,0.0,0.0,-0.49286792,0
1777225909209000,0.014811156,0.0051301094,-0.018882705,0.0,0.0,-0.4880486,0
1777225909229000,0.016721511,0.0047676405,-0.022905765,0.0,0.0,-0.492897,0
1777225909249000,0.020247284,0.0034617453,-0.027309211,0.0,0.0,-0.48804665,0
1777225909269000,0.020992035,0.0033072783,-0.03152481,0.0,0.0,-0.4928406,0
1777225909289000,0.022528216,0.004538942,-0.034994543,0.0,0.0,-0.48789912,0
1777225909309000,0.024030259,0.00401859,-0.038568437,0.0,0.0,-0.49270457,0
1777225909329000,0.026058847,0.004082044,-0.041803166,0.0,0.0,-0.48795903,0
1777225909349000,0.02697452,0.0057655014,-0.044983126,0.0,0.0,-0.49263152,0
1777225909369000,0.028510027,0.0041265977,-0.047885567,0.0,0.0,-0.4876603,0
1777225909393000,0.029666133,0.0047863903,-0.050924078,0.0,0.0,-0.48764908,0
1777225909413000,0.029954063,0.004724008,-0.053579867,0.0,0.0,-0.487615,0
1777225909433000,0.030086096,0.001342163,-0.055733725,0.0,0.0,-0.48755068,0
1777225909453000,0.031806692,0.0011075437,-0.057869144,0.0,0.0,-0.48749343,0
1777225909469000,0.032740295,0.0016855481,-0.059331115,0.0,0.0,-0.4924006,0
1777225909489000,0.03652348,0.0019645756,-0.06078397,0.0,0.0,-0.4875899,0
1777225909509000,0.03734228,-0.00092020084,-0.062459055,0.0,0.0,-0.49252596,0
1777225909529000,0.03608572,0.00019189343,-0.06351696,0.0,0.0,-0.4876202,0
1777225909549000,0.03653325,-0.00024370255,-0.06438183,0.0,0.0,-0.49244612,0
1777225909569000,0.039199643,0.0024990253,-0.06503005,0.0,0.0,-0.4877962,0
1777225909589000,0.037192807,0.0030924175,-0.06526144,0.0,0.0,-0.49256906,0
1777225909609000,0.03733641,0.0016269053,-0.065138966,0.0,0.0,-0.4877612,0
1777225909633000,0.036571566,0.0022642745,-0.06477553,0.0,0.0,-0.4874978,0
1777225909653000,0.035879117,0.0036348952,-0.0645158,0.0,0.0,-0.4875268,0
1777225909669000,0.03658033,0.0026355633,-0.06424579,0.0,0.0,-0.49217024,0
1777225909693000,0.034500528,0.0025596,-0.063574016,0.0,0.0,-0.48761255,0
1777225909713000,0.034013778,0.0009225443,-0.062565476,0.0,0.0,-0.4876835,0
1777225909733000,0.033216685,0.0015110055,-0.061474387,0.0,0.0,-0.48766038,0
1777225909749000,0.030847944,0.0021306851,-0.06042417,0.0,0.0,-0.49248433,0
1777225909773000,0.029609604,0.0006528305,-0.05963069,0.0,0.0,-0.48751056,0
1777225909789000,0.029339094,0.00082850445,-0.058659256,0.0,0.0,-0.49223563,0
1777225909809000,0.0260225,0.0021645844,-0.057382442,0.0,0.0,-0.48752582,0
1777225909829000,0.024087897,0.004052358,-0.055899702,0.0,0.0,-0.4923392,0
1777225909853000,0.024297034,0.0019753915,-0.05402156,0.0,0.0,-0.48752257,0
1777225909873000,0.02333354,0.0019956364,-0.05239817,0.0,0.0,-0.48750177,0
1777225909893000,0.022598533,0.003011215,-0.050737157,0.0,0.0,-0.48743516,0
1777225909909000,0.021598736,0.0028810715,-0.049563713,0.0,0.0,-0.4922139,0
1777225909929000,0.020425197,0.0054569114,-0.048021898,0.0,0.0,-0.48745108,0
1777225909949000,0.017814888,0.0054481532,-0.04618563,0.0,0.0,-0.4921851,0
1777225909969000,0.015655298,0.0040845373,-0.044348598,0.0,0.0,-0.4871977,0
1777225909993000,0.014657424,0.0038773017,-0.042306088,0.0,0.0,-0.48723754,0
1777225910009000,0.012858643,0.0013391933,-0.04060984,0.0,0.0,-0.48717374,0
1777225910029000,0.013463844,0.0016995928,-0.038571753,0.0,0.0,-0.492069,0
1777225910053000,0.012791331,0.003009795,-0.03649427,0.0,0.0,-0.48723394,0
1777225910069000,0.009780121,0.0043138955,-0.03515733,0.0,0.0,-0.49199748,0
1777225910089000,0.007984309,0.0034720732,-0.033680208,0.0,0.0,-0.48717347,0
1777225910109000,0.008244381,0.0014200973,-0.032128625,0.0,0.0,-0.49205258,0
1777225910129000,0.0063259373,0.000229893,-0.03100683,0.0,0.0,-0.48724234,0
1777225910149000,0.006795046,0.0014256858,-0.029911099,0.0,0.0,-0.4920485,0
1777225910169000,0.0055216476,0.0018686885,-0.028495247,0.0,0.0,-0.48726755,0
1777225910189000,0.0042708684,0.0006951525,-0.027367102,0.0,0.0,-0.4920246,0
1777225910209000,0.0030040033,-0.00016432742,-0.026281789,0.0,0.0,-0.48726943,0
1777225910229000,0.0022438404,0.00022895067,-0.0250082,0.0,0.0,-0.49194407,0
1777225910249000,0.0021205104,0.00058141665,-0.023832595,0.0,0.0,-0.4869898,0
1777225910269000,0.0021189265,0.0018667703,-0.022499224,0.0,0.0,-0.49180302,0
1777225910289000,0.0017599342,0.001239711,-0.021440458,0.0,0.0,-0.48706737,0
1777225910309000,0.0010509763,0.0014865553,-0.020491606,0.0,0.0,-0.49186847,0
1777225910329000,0.0008180448,0.0009971944,-0.019491917,0.0,0.0,-0.48704365,0
1777225910349000,-0.00029105102,0.0011333857,-0.019183869,0.0,0.0,-0.49186587,0
1777225910369000,-0.0011733146,0.0004959653,-0.018311344,0.0,0.0,-0.48714143,0
1777225910389000,-0.0026883152,0.0016251602,-0.017546166,0.0,0.0,-0.49192193,0
1777225910409000,-0.0044961637,0.0009608334,-0.017248144,0.0,0.0,-0.4873536,0
1777225910429000,-0.0040901746,0.0015905667,-0.01675169,0.0,0.0,-0.49211082,0
1777225910449000,-0.0057418835,0.0018363411,-0.016096583,0.0,0.0,-0.48735037,0
1777225910469000,-0.006014466,0.0013045392,-0.01592141,0.0,0.0,-0.49209502,0
1777225910489000,-0.0065714363,0.0005159535,-0.015701385,0.0,0.0,-0.4874901,0
1777225910509000,-0.0057501597,-0.00040437753,-0.015557049,0.0,0.0,-0.4921715,0
1777225910529000,-0.0059942356,0.00037124264,-0.015407875,0.0,0.0,-0.48754212,0
1777225910549000,-0.0039554564,-0.0013182501,-0.015134953,0.0,0.0,-0.49226242,0
1777225910569000,-0.001923121,0.00018429477,-0.01516532,0.0,0.0,-0.48766387,0
1777225910589000,-0.0014775775,0.001748887,-0.015187107,0.0,0.0,-0.49247852,0
1777225910609000,-0.0011056679,0.0020503164,-0.0151960775,0.0,0.0,-0.487672,0
1777225910629000,-0.0002885583,0.0016522582,-0.015617939,0.0,0.0,-0.4923859,0
1777225910649000,-0.0011213534,0.00037567268,-0.01585112,0.0,0.0,-0.48789406,0
1777225910669000,0.0009864217,0.0010246203,-0.016007112,0.0,0.0,-0.49270388,0
1777225910693000,-0.00020938546,-0.0006927114,-0.016329646,0.0,0.0,-0.48792255,0
1777225910713000,-0.0013690862,-0.0017230925,-0.016555278,0.0,0.0,-0.4879704,0
1777225910733000,-0.0016615465,-0.0016680093,-0.016988052,0.0,0.0,-0.4878441,0
1777225910753000,-0.002053237,-0.0018490537,-0.016936628,0.0,0.0,-0.4877245,0
1777225910773000,-0.0010757449,-0.0015638464,-0.017273635,0.0,0.0,-0.48784664,0
1777225910793000,-0.00028804952,-0.0010861983,-0.01754172,0.0,0.0,-0.48810384,0
1777225910813000,-0.0006328316,-0.0017528379,-0.018003974,0.0,0.0,-0.4881495,0
1777225910833000,0.00017236696,-0.0022885683,-0.018323326,0.0,0.0,-0.48829332,0
1777225910849000,0.0007809425,-0.0030273004,-0.018462265,0.0,0.0,-0.48821747,0
1777225910869000,0.0009992865,-0.003216609,-0.018543521,0.0,0.0,-0.49302956,0
1777225910889000,0.0013716813,-0.0033434143,-0.018160697,0.0,0.0,-0.48826364,0
1777225910909000,0.0002364528,-0.003043484,-0.018361712,0.0,0.0,-0.49290237,0
1777225910929000,0.00025677646,-0.004740118,-0.018622821,0.0,0.0,-0.48802578,0
1777225910949000,-0.0011945248,-0.005116324,-0.018683568,0.0,0.0,-0.492647,0
1777225910969000,-0.0011970265,-0.0021795598,-0.018903423,0.0,0.0,-0.4879388,0
1777225910989000,-0.00023376687,-0.0036893121,-0.018989217,0.0,0.0,-0.49273032,0
1777225911009000,0.0006102407,-0.0030965358,-0.019080851,0.0,0.0,-0.48782644,0
1777225911029000,0.00071341457,-0.00083370187,-0.019035712,0.0,0.0,-0.49259472,0
1777225911049000,4.8963004e-05,-0.0018226465,-0.018965473,0.0,0.0,-0.48779517,0
1777225911069000,0.0019252853,-0.0028811223,-0.018857202,0.0,0.0,-0.49254817,0
1777225911089000,0.0023330036,-0.0028461842,-0.018764706,0.0,0.0,-0.48778513,0
1777225911109000,0.0007897927,-0.0033932002,-0.018653957,0.0,0.0,-0.49237153,0
1777225911129000,0.001825152,-0.0063298536,-0.018385807,0.0,0.0,-0.48768893,0
1777225911149000,0.0011911609,-0.0049169934,-0.01844688,0.0,0.0,-0.4924462,0
1777225911169000,0.0010671999,-0.0044984925,-0.018404895,0.0,0.0,-0.48768765,0
1777225911189000,-0.0001647057,-0.0071798554,-0.018549792,0.0,0.0,-0.49241525,0
1777225911209000,-0.0001359523,-0.0052356417,-0.01850597,0.0,0.0,-0.48765117,0
1777225911229000,-0.00081867265,-0.0039629405,-0.0184374,0.0,0.0,-0.49234182,0
1777225911249000,0.0002013985,-0.003031459,-0.01831961,0.0,0.0,-0.4876401,0
1777225911273000,-0.00018644848,-0.0012861943,-0.018353315,0.0,0.0,-0.48779237,0
1777225911289000,0.0008258762,-0.00096584746,-0.018141622,0.0,0.0,-0.48784038,0
1777225911309000,0.0005936363,-0.0010453648,-0.01765921,0.0,0.0,-0.49268913,0
1777225911329000,-0.0009851241,-0.0010160649,-0.017676916,0.0,0.0,-0.48794085,0
1777225911349000,-0.0014502106,-0.0015479431,-0.01763591,0.0,0.0,-0.49251777,0
1777225911369000,0.00019808035,-0.0017127334,-0.01730743,0.0,0.0,-0.48783022,0
1777225911389000,0.0011185873,-0.0011716884,-0.017025055,0.0,0.0,-0.49266407,0
1777225911409000,0.0025869468,-0.00328699,-0.016816778,0.0,0.0,-0.48791853,0
1777225911429000,0.0025845368,-0.0045868726,-0.016698558,0.0,0.0,-0.49263653,0
1777225911449000,0.0010736224,-0.0035573954,-0.016540792,0.0,0.0,-0.48771793,0
1777225911469000,0.0026985647,-0.0037853678,-0.016293947,0.0,0.0,-0.49236736,0
1777225911489000,0.000743125,-0.0045630597,-0.0157214,0.0,0.0,-0.48753503,0
1777225911509000,0.0007318805,-0.005106883,-0.015733095,0.0,0.0,-0.4921715,0
1777225911529000,5.3936426e-05,-0.0055410867,-0.015788274,0.0,0.0,-0.48727787,0
1777225911549000,-0.00014750994,-0.00330169,-0.015759954,0.0,0.0,-0.49197602,0
1777225911569000,0.0014815625,-0.00015161696,-0.015408592,0.0,0.0,-0.48713163,0
1777225911589000,0.00031602115,-0.0009325922,-0.015274191,0.0,0.0,-0.49193895,0
1777225911609000,-0.00020798855,0.0006580738,-0.015121054,0.0,0.0,-0.48725152,0
1777225911629000,0.00068432715,-0.00097403734,-0.015005702,0.0,0.0,-0.49209237,0
1777225911649000,0.0003390825,-0.0014839235,-0.01485147,0.0,0.0,-0.48724633,0
1777225911669000,-0.0007860145,-2.7816059e-06,-0.014779601,0.0,0.0,-0.49192035,0
1777225911689000,-0.0015108874,-0.0018791513,-0.0148071125,0.0,0.0,-0.48709878,0
1777225911709000,-0.0018690142,-0.0022912547,-0.015063828,0.0,0.0,-0.49173942,0
1777225911729000,-0.000982773,-0.00019785183,-0.014835184,0.0,0.0,-0.48684257,0
1777225911749000,-0.0017400587,-0.0016141152,-0.014647599,0.0,0.0,-0.49156722,0
1777225911769000,-0.0023583327,2.3702709e-05,-0.014349369,0.0,0.0,-0.48678434,0
1777225911789000,-0.0014606357,0.00096002093,-0.013990484,0.0,0.0,-0.49142727,0
1777225911809000,-0.0016262442,0.0016073915,-0.014179204,0.0,0.0,-0.48659074,0
1777225911829000,-0.00070563157,0.0005162897,-0.013882043,0.0,0.0,-0.4912422,0
1777225911849000,-0.0031808484,0.002641839,-0.01366782,0.0,0.0,-0.48647156,0
1777225911873000,-0.0027912727,0.0031072816,-0.013708957,0.0,0.0,-0.48657057,0
1777225911889000,-0.003309598,0.0022148574,-0.013894338,0.0,0.0,-0.4864621,0
1777225911913000,-0.0019602983,0.0015060442,-0.013713585,0.0,0.0,-0.4864775,0
1777225911929000,-0.001771997,0.000111350135,-0.01358912,0.0,0.0,-0.48636773,0
1777225911949000,0.00077383756,-0.0001735033,-0.013396058,0.0,0.0,-0.49111342,0
1777225911969000,-7.001643e-05,-0.000100682984,-0.013061842,0.0,0.0,-0.48640162,0
1777225911989000,-0.001380676,-0.00088900054,-0.013192553,0.0,0.0,-0.4910685,0
1777225912009000,-0.0006253952,-0.00046875526,-0.013197508,0.0,0.0,-0.48641568,0
1777225912033000,-0.00020336467,-8.881587e-05,-0.013065349,0.0,0.0,-0.4864826,0
1777225912049000,-0.0007623902,-0.0031170673,-0.013098624,0.0,0.0,-0.486446,0
1777225912069000,-0.0018878006,-0.00028673207,-0.0127536375,0.0,0.0,-0.49124628,0
1777225912089000,-0.0010197366,-0.0015191808,-0.0125911385,0.0,0.0,-0.48645863,0
1777225912113000,0.0018155262,0.00021271445,-0.012015905,0.0,0.0,-0.48652703,0
1777225912133000,0.0012971542,0.00036112787,-0.011917451,0.0,0.0,-0.4863651,0
1777225912153000,-0.00040188147,-0.0011358546,-0.012085896,0.0,0.0,-0.48633432,0
1777225912173000,-0.0004038412,-0.0023282866,-0.0122390855,0.0,0.0,-0.48632732,0
1777225912193000,-0.0004315539,-0.00206341,-0.011857148,0.0,0.0,-0.4862998,0
1777225912209000,0.0013841662,-0.0012284225,-0.011164555,0.0,0.0,-0.4863709,0
1777225912233000,0.0015741814,0.00018044935,-0.0109442305,0.0,0.0,-0.48641086,0
1777225912253000,0.00025506312,-0.00038570468,-0.010529606,0.0,0.0,-0.4863791,0
1777225912273000,-0.00043679084,-0.0015023141,-0.010021612,0.0,0.0,-0.48641235,0
1777225912293000,0.0022143759,-0.0019164276,-0.009915635,0.0,0.0,-0.48625594,0
1777225912313000,0.0024086032,-0.00026847565,-0.009524114,0.0,0.0,-0.486187,0
1777225912333000,0.0038971019,-0.0011412941,-0.009357469,0.0,0.0,-0.48623043,0
1777225912349000,0.0038392837,-0.0009879466,-0.009293098,0.0,0.0,-0.49104866,0
1777225912369000,0.0015385945,-0.0012306396,-0.008796826,0.0,0.0,-0.48652333,0
1777225912389000,0.0016611951,0.00079163245,-0.008450888,0.0,0.0,-0.49134186,0
1777225912409000,3.4434182e-05,0.0025865573,-0.008134652,0.0,0.0,-0.48661795,0
1777225912433000,-0.002599557,0.0027293777,-0.00795605,0.0,0.0,-0.4865507,0
1777225912449000,-0.002227019,0.00328384,-0.007889163,0.0,0.0,-0.48657736,0
1777225912473000,-0.0016303887,0.004264614,-0.0074169207,0.0,0.0,-0.48662484,0
1777225912489000,-0.0034039486,0.004581016,-0.0073707383,0.0,0.0,-0.4866183,0
1777225912509000,-0.0034364369,0.004110439,-0.0073981844,0.0,0.0,-0.4914813,0
1777225912529000,-0.003666866,0.002810618,-0.007259194,0.0,0.0,-0.48657045,0
1777225912549000,-0.0038155366,0.0034648993,-0.007090371,0.0,0.0,-0.4912258,0
1777225912569000,-0.0005074114,0.0018845063,-0.007135067,0.0,0.0,-0.48656893,0
1777225912589000,0.00013633701,0.0014948652,-0.0068021677,0.0,0.0,-0.49131247,0
1777225912609000,0.00015543349,0.00095214555,-0.0067546293,0.0,0.0,-0.48665914,0
1777225912629000,-0.0009565455,-9.902272e-06,-0.00671125,0.0,0.0,-0.49137136,0
1777225912649000,-0.0011246359,0.0014549452,-0.007097503,0.0,0.0,-0.48653892,0
1777225912669000,-0.0010656929,0.0016700991,-0.006916268,0.0,0.0,-0.49131975,0
1777225912689000,-0.000540094,0.0025122974,-0.0068301093,0.0,0.0,-0.48655635,0
1777225912709000,-0.0006361456,0.0022714075,-0.006736923,0.0,0.0,-0.49133587,0
1777225912729000,0.0003643517,0.00033440994,-0.006578766,0.0,0.0,-0.48674923,0
1777225912749000,0.0011562535,0.00024165821,-0.0065914523,0.0,0.0,-0.49154016,0
1777225912769000,-0.0012914931,0.0019366549,-0.006752465,0.0,0.0,-0.48657387,0
1777225912789000,-0.00038675952,0.0020579111,-0.0068558212,0.0,0.0,-0.4912865,0
1777225912809000,-0.001144491,0.0018327091,-0.0069591124,0.0,0.0,-0.48663467,0
1777225912829000,0.0006855494,0.001896125,-0.006988123,0.0,0.0,-0.49128345,0
1777225912849000,-0.0012573792,0.0033696063,-0.0073057935,0.0,0.0,-0.48651156,0
1777225912873000,0.0011279235,0.003947362,-0.0079110805,0.0,0.0,-0.48662272,0
1777225912889000,0.0012121329,0.0012879815,-0.008149542,0.0,0.0,-0.48661655,0
1777225912909000,0.0007538854,0.0017119164,-0.008407887,0.0,0.0,-0.4913823,0
1777225912929000,2.8495026e-05,0.0032205253,-0.008636244,0.0,0.0,-0.48656967,0
1777225912949000,0.00060931186,0.005320832,-0.008469494,0.0,0.0,-0.4912575,0
1777225912969000,0.00015588537,0.0046490226,-0.008375956,0.0,0.0,-0.4866219,0
1777225912989000,0.0013217074,0.004496376,-0.008365968,0.0,0.0,-0.4914475,0
1777225913009000,0.0011679515,0.0032249705,-0.0085860845,0.0,0.0,-0.48657534,0
1777225913029000,-0.0005334443,0.003293998,-0.008674407,0.0,0.0,-0.4913501,0
1777225913049000,0.0006636317,0.0023833439,-0.008425176,0.0,0.0,-0.48688504,0
1777225913073000,0.0014843141,-0.0011867731,-0.008311441,0.0,0.0,-0.48683658,0
1777225913089000,0.0014264949,-0.0015113618,-0.008930732,0.0,0.0,-0.48671612,0
1777225913109000,0.000656731,-0.0011905327,-0.008730199,0.0,0.0,-0.49133357,0
1777225913129000,0.00031818805,-0.00014716535,-0.008482454,0.0,0.0,-0.48660672,0
1777225913149000,0.0006032388,0.0005549863,-0.00853144,0.0,0.0,-0.4913824,0
1777225913169000,9.7250675e-05,-0.00023744808,-0.00825209,0.0,0.0,-0.48644137,0
1777225913189000,0.0020790256,-0.00035256142,-0.008161381,0.0,0.0,-0.4912328,0
1777225913209000,0.0016033172,0.00067690853,-0.008022299,0.0,0.0,-0.48654082,0
1777225913229000,0.0015844945,-0.00075351616,-0.007975204,0.0,0.0,-0.4911927,0
1777225913249000,0.0013988639,0.00015082628,-0.007668942,0.0,0.0,-0.48636803,0
1777225913269000,0.0019880645,0.00033963463,-0.0074831694,0.0,0.0,-0.4911508,0
1777225913289000,0.0036964584,-0.0014818397,-0.007537905,0.0,0.0,-0.48645687,0
1777225913309000,0.003012964,-0.0014649217,-0.0072749313,0.0,0.0,-0.49122012,0
1777225913329000,0.003384601,-0.003005209,-0.007004408,0.0,0.0,-0.4864442,0
1777225913349000,0.0020351764,-0.001116508,-0.006795166,0.0,0.0,-0.4910992,0
1777225913369000,0.0021481852,-0.00056282926,-0.006445747,0.0,0.0,-0.4863869,0
1777225913389000,0.0017092953,-0.0015834577,-0.006139042,0.0,0.0,-0.49126753,0
1777225913413000,0.0036646079,-0.0008506912,-0.006389877,0.0,0.0,-0.48657155,0
1777225913433000,0.003265876,0.00031726496,-0.006308047,0.0,0.0,-0.4866346,0
1777225913449000,0.0019634685,-0.00047412704,-0.0059083384,0.0,0.0,-0.486607,0
1777225913469000,-0.00024183272,0.00028985148,-0.005892718,0.0,0.0,-0.49139675,0
1777225913489000,-0.00067081786,-0.0007334597,-0.005419994,0.0,0.0,-0.4865668,0
1777225913509000,-0.000860113,0.0011500788,-0.005461052,0.0,0.0,-0.49128175,0
1777225913533000,-0.002021744,-0.001066186,-0.0055411607,0.0,0.0,-0.4865766,0
1777225913549000,-0.002513239,-0.0006952974,-0.005757939,0.0,0.0,-0.4914758,0
1777225913569000,0.0007599282,-0.00038909272,-0.0055125803,0.0,0.0,-0.48660475,0
1777225913593000,0.0012769378,-0.0023938697,-0.0052553173,0.0,0.0,-0.48659715,0
1777225913609000,0.0008573877,-0.0014217405,-0.00510793,0.0,0.0,-0.48649102,0
1777225913633000,0.0009838347,-0.00033106792,-0.0045762975,0.0,0.0,-0.48647514,0
1777225913653000,-0.00070989743,0.0008480822,-0.004467165,0.0,0.0,-0.48636946,0
1777225913669000,-0.00073331944,-0.000271916,-0.0040722024,0.0,0.0,-0.49111646,0
1777225913693000,0.0007435831,0.000573326,-0.003988391,0.0,0.0,-0.4863535,0
1777225913713000,0.00049264333,-0.0018776335,-0.0036164932,0.0,0.0,-0.48636058,0
1777225913733000,0.00020810727,-0.00016616777,-0.003800558,0.0,0.0,-0.48621836,0
1777225913753000,0.0008238892,-0.0005835265,-0.003952626,0.0,0.0,-0.48633993,0
1777225913773000,0.0005171126,-0.0010436771,-0.003934333,0.0,0.0,-0.48634645,0
1777225913793000,0.00035750662,0.00096836133,-0.0036470294,0.0,0.0,-0.48643994,0
1777225913813000,-0.00057146366,0.00025059038,-0.0032454953,0.0,0.0,-0.48660207,0
1777225913829000,-0.0024635175,-0.0016949868,-0.0033040904,0.0,0.0,-0.4912518,0
1777225913853000,-0.0033151964,-0.001555816,-0.0035584196,0.0,0.0,-0.48645282,0
1777225913873000,-0.0029549908,-0.0010856309,-0.0037717689,0.0,0.0,-0.48664942,0
1777225913893000,-0.0022197429,-0.0019719508,-0.0038699359,0.0,0.0,-0.48646623,0
1777225913913000,-0.0020719464,-0.0028690984,-0.003691921,0.0,0.0,-0.48640415,0
1777225913929000,-0.0019037469,-0.0016129038,-0.003232183,0.0,0.0,-0.48647502,0
1777225913949000,-0.0013540102,8.8744404e-05,-0.0027401224,0.0,0.0,-0.4911929,0
1777225913969000,-0.0019775068,0.0010363358,-0.002320895,0.0,0.0,-0.48655456,0
1777225913989000,-0.0014139855,0.0007878526,-0.0024608113,0.0,0.0,-0.49135125,0
1777225914009000,0.0006843973,0.0017628395,-0.0024863277,0.0,0.0,-0.4865679,0
1777225914029000,0.00089570874,0.0020038362,-0.0024503414,0.0,0.0,-0.491279,0
1777225914053000,0.001841164,0.0016439985,-0.0026260745,0.0,0.0,-0.4864332,0
1777225914069000,0.0009465958,8.854001e-05,-0.0028028116,0.0,0.0,-0.4912043,0
1777225914093000,-0.0005846038,0.00060897844,-0.0031349417,0.0,0.0,-0.48660806,0
1777225914109000,0.00058789074,0.00079401216,-0.003053477,0.0,0.0,-0.49138737,0
1777225914129000,0.0009815522,0.0013064522,-0.0031447466,0.0,0.0,-0.48648742,0
1777225914149000,0.0015360517,0.0012902343,-0.0037411544,0.0,0.0,-0.4911968,0
1777225914173000,-0.0012354024,0.0022798425,-0.0038857516,0.0,0.0,-0.48654673,0
1777225914193000,-0.0014975424,0.0021398256,-0.0038779285,0.0,0.0,-0.48666185,0
1777225914209000,-0.00034756894,0.002541768,-0.003737921,0.0,0.0,-0.48657075,0
1777225914229000,-0.0001588334,0.0016389077,-0.004121097,0.0,0.0,-0.49144837,0
1777225914249000,-0.00048035695,0.0020942092,-0.003923159,0.0,0.0,-0.48677367,0
1777225914269000,-0.00019347211,0.0011883967,-0.0039934367,0.0,0.0,-0.49151015,0
1777225914293000,0.0017577496,-0.0020850378,-0.003749486,0.0,0.0,-0.48683465,0
1777225914309000,0.0014783192,-0.0019688772,-0.0038552284,0.0,0.0,-0.491668,0
1777225914333000,0.0016009938,0.00032122727,-0.0036816597,0.0,0.0,-0.48699516,0
1777225914349000,0.0037431978,-0.0015013523,-0.0034917407,0.0,0.0,-0.49173227,0
1777225914369000,0.0034154595,-0.0022153927,-0.0036173668,0.0,0.0,-0.48709455,0
1777225914389000,0.00194732,-0.002511921,-0.0034897197,0.0,0.0,-0.49181896,0
1777225914409000,0.0026053404,-0.0031471315,-0.0036795996,0.0,0.0,-0.487026,0
1777225914429000,0.0030493168,-0.0022949786,-0.0035204515,0.0,0.0,-0.49181867,0
1777225914453000,0.004167546,-0.0028708677,-0.003570376,0.0,0.0,-0.48682615,0
1777225914469000,0.004351985,-0.0010031406,-0.0035489015,0.0,0.0,-0.4916317,0
1777225914493000,0.0031018925,0.0009401981,-0.0030958,0.0,0.0,-0.48688468,0
1777225914509000,0.0015311445,-0.0007491991,-0.0031134281,0.0,0.0,-0.49167052,0
1777225914529000,0.0025107826,-0.002251702,-0.0032717288,0.0,0.0,-0.48690343,0
1777225914553000,0.0026549012,-0.0010706019,-0.0034209937,0.0,0.0,-0.4869135,0
1777225914573000,0.003487178,-0.0007146537,-0.0033105053,0.0,0.0,-0.48678076,0
1777225914593000,0.0020952453,-0.0024637973,-0.0032692384,0.0,0.0,-0.4870054,0
1777225914609000,0.0030180747,-0.00042726297,-0.0034201462,0.0,0.0,-0.4870884,0
1777225914633000,0.002698085,-0.0024297587,-0.0035032928,0.0,0.0,-0.48723385,0
1777225914649000,0.0022310135,-8.363041e-05,-0.0033586435,0.0,0.0,-0.48712343,0
1777225914673000,-0.00097169384,0.0015317685,-0.003133677,0.0,0.0,-0.48713592,0
1777225914693000,-0.0012828751,0.0009056032,-0.0027580112,0.0,0.0,-0.48716706,0
1777225914709000,-0.00046631575,0.0010710491,-0.0029997062,0.0,0.0,-0.491925,0
1777225914729000,-0.00089027896,0.0030483562,-0.0028243512,0.0,0.0,-0.48733005,0
1777225914753000,0.0020457665,0.0019173907,-0.0027307086,0.0,0.0,-0.48736724,0
1777225914773000,0.001590674,0.001450417,-0.0025929175,0.0,0.0,-0.48710915,0
1777225914789000,0.00074963254,-0.0004487306,-0.0025867634,0.0,0.0,-0.49189207,0
1777225914813000,0.0012100551,-0.00038902787,-0.0021594,0.0,0.0,-0.48710218,0
1777225914833000,0.0028977492,0.00040202576,-0.0021704044,0.0,0.0,-0.48705092,0
1777225914853000,0.0015048349,-0.0016512994,-0.0023696981,0.0,0.0,-0.4869783,0
1777225914873000,0.0033734466,-0.00060808746,-0.0021311976,0.0,0.0,-0.48682195,0
1777225914889000,0.0051986286,-0.0017811498,-0.0020671654,0.0,0.0,-0.48674846,0
1777225914909000,0.0051115775,-0.0013752035,-0.0021725297,0.0,0.0,-0.49159932,0
1777225914929000,0.0044725505,0.00041480066,-0.0019073784,0.0,0.0,-0.48689842,0
1777225914949000,0.0035230136,-0.00015658993,-0.0021213796,0.0,0.0,-0.49158952,0
1777225914969000,0.003391441,0.001667703,-0.0020641536,0.0,0.0,-0.48680475,0
1777225914993000,0.0048916265,0.0017915792,-0.002143219,0.0,0.0,-0.4870185,0
1777225915013000,0.0039938595,0.0018301386,-0.0021669623,0.0,0.0,-0.48699546,0
1777225915029000,0.0041020517,0.0031990493,-0.0022103805,0.0,0.0,-0.49172404,0
1777225915053000,0.0033000722,0.002347235,-0.0024149027,0.0,0.0,-0.48697925,0
1777225915073000,0.0025053802,0.0029494255,-0.0020622108,0.0,0.0,-0.48712605,0
1777225915089000,0.0041343183,0.0012580412,-0.0021743681,0.0,0.0,-0.48718923,0
1777225915109000,0.0041074785,0.0001710356,-0.0020107087,0.0,0.0,-0.49203947,0
1777225915129000,0.0019735051,0.00040159372,-0.0021444838,0.0,0.0,-0.4874807,0
1777225915153000,0.0020840643,0.00094133336,-0.0018314878,0.0,0.0,-0.48763397,0
1777225915169000,0.0015632015,-3.80703e-05,-0.0016748039,0.0,0.0,-0.4874441,0
1777225915189000,0.0034689144,0.0008931092,-0.0018043481,0.0,0.0,-0.49209365,0
1777225915209000,0.002636571,0.0010022927,-0.0020236429,0.0,0.0,-0.4874167,0
1777225915233000,0.0006682335,0.0024401285,-0.0022581927,0.0,0.0,-0.48750857,0
1777225915253000,-0.0014213552,0.0016481207,-0.002216626,0.0,0.0,-0.48747176,0
1777225915273000,-4.0783427e-05,-0.00022534272,-0.0017907554,0.0,0.0,-0.48746595,0
1777225915293000,0.0012791666,0.0008633438,-0.0020063277,0.0,0.0,-0.48732838,0
1777225915309000,-0.00013835091,0.00043037688,-0.0020579994,0.0,0.0,-0.49204588,0
1777225915329000,0.00014172262,0.0010297118,-0.002208164,0.0,0.0,-0.48742723,0
1777225915349000,0.001239633,0.00204624,-0.0022798106,0.0,0.0,-0.4920735,0
1777225915369000,0.00034296245,0.0012531342,-0.0022448152,0.0,0.0,-0.4874694,0
1777225915389000,0.00093733054,0.00022247918,-0.0021534543,0.0,0.0,-0.49219525,0
1777225915413000,5.0125687e-05,6.526671e-05,-0.0021410417,0.0,0.0,-0.48748046,0
1777225915429000,-0.00061249366,-0.00013648282,-0.0019510705,0.0,0.0,-0.49222723,0
1777225915449000,0.0006462034,-0.0005828718,-0.0019496363,0.0,0.0,-0.48737037,0
1777225915473000,0.0006460607,-0.002119532,-0.0019662213,0.0,0.0,-0.4874008,0
1777225915489000,0.0010161782,0.0010281258,-0.0018970324,0.0,0.0,-0.48738882,0
1777225915509000,0.0004726769,0.0015135552,-0.0020506978,0.0,0.0,-0.49235678,0
1777225915529000,0.0030169156,0.0011231862,-0.0019373018,0.0,0.0,-0.48756307,0
1777225915549000,0.0023039607,-0.00023272284,-0.001735446,0.0,0.0,-0.49228078,0
1777225915573000,0.0028587868,-0.00011594083,-0.0021687225,0.0,0.0,-0.48757827,0
1777225915593000,0.0025629266,-0.0001447633,-0.0020816382,0.0,0.0,-0.4876393,0
1777225915613000,0.0019029687,-0.0009504623,-0.0021701306,0.0,0.0,-0.48762572,0
1777225915633000,0.0017276662,0.0013593524,-0.0018294407,0.0,0.0,-0.4874439,0
1777225915653000,-0.00015469729,0.0021130291,-0.0016827509,0.0,0.0,-0.48738453,0
1777225915673000,-0.0008590651,0.0007788032,-0.0011747638,0.0,0.0,-0.48751444,0
1777225915689000,-0.0014267891,9.304761e-05,-0.00085912086,0.0,0.0,-0.48745152,0
1777225915713000,-0.0014848532,0.0016069151,-0.0007845275,0.0,0.0,-0.48757935,0
1777225915729000,-0.0013417143,0.0012507439,-0.0011337968,0.0,0.0,-0.48751506,0
1777225915753000,-0.0008287294,0.0018841749,-0.0011119507,0.0,0.0,-0.48744312,0
1777225915773000,-0.0010060958,0.0016742216,-0.0014666896,0.0,0.0,-0.4873211,0
1777225915789000,-0.00020226114,0.0006068029,-0.0014860779,0.0,0.0,-0.4921025,0
1777225915809000,-0.0006226663,0.0012252441,-0.001480706,0.0,0.0,-0.48742458,0
1777225915829000,0.0005088053,0.00027822342,-0.0013970705,0.0,0.0,-0.49220687,0
1777225915853000,0.00026272258,-0.000567468,-0.0012866212,0.0,0.0,-0.48729113,0
1777225915869000,-0.000266661,-0.0007187513,-0.0012379745,0.0,0.0,-0.49200758,0
1777225915889000,0.000755553,0.00025151786,-0.0009661475,0.0,0.0,-0.4872681,0
1777225915909000,-0.0005355558,0.0023357596,-0.0009003943,0.0,0.0,-0.49192464,0
1777225915933000,0.0008645336,6.08278e-05,-0.0009580571,0.0,0.0,-0.48714685,0
1777225915949000,0.0011039039,0.0004887244,-0.0011804616,0.0,0.0,-0.49199265,0
1777225915973000,0.001097673,-0.00047053487,-0.0012140162,0.0,0.0,-0.4872533,0
1777225915989000,-0.0002124701,-0.0009591035,-0.001347674,0.0,0.0,-0.49198434,0
1777225916013000,0.0001247294,-0.00075952365,-0.0014730524,0.0,0.0,-0.4872167,0
1777225916029000,0.0004581461,-0.00017368537,-0.0017014742,0.0,0.0,-0.4918974,0
1777225916049000,0.0003197631,0.0003153411,-0.0014559459,0.0,0.0,-0.48720622,0
1777225916069000,0.0004923487,0.0005843294,-0.0013804203,0.0,0.0,-0.49192515,0
1777225916093000,-0.00059369253,-0.00016720302,-0.0014919192,0.0,0.0,-0.4871796,0
1777225916109000,-0.0020554718,-0.0018963054,-0.0014961697,0.0,0.0,-0.49183893,0
1777225916129000,-0.0018387829,-0.0057747955,-0.0013721017,0.0,0.0,-0.48705468,0
1777225916153000,-0.0010718363,-0.0024728808,-0.0017671036,0.0,0.0,-0.48703843,0
1777225916169000,0.00021743392,-0.0036397115,-0.00181517,0.0,0.0,-0.4870433,0
1777225916189000,0.0019720544,-0.0033029513,-0.0020614937,0.0,0.0,-0.4917116,0
1777225916209000,0.00082076265,-0.0034296985,-0.0024147853,0.0,0.0,-0.48700613,0
1777225916233000,-0.0010251368,-0.0016727942,-0.0025288463,0.0,0.0,-0.48708108,0
1777225916249000,0.00049261795,-0.0049896394,-0.0024780482,0.0,0.0,-0.487076,0
1777225916269000,0.003419663,-0.003996919,-0.0026897546,0.0,0.0,-0.49175552,0
1777225916289000,0.0038721163,-0.0033913322,-0.0025245827,0.0,0.0,-0.48700738,0
1777225916313000,0.0038451015,-0.0033374194,-0.002451202,0.0,0.0,-0.48712757,0
1777225916329000,0.00238016,-0.0020404193,-0.0024665222,0.0,0.0,-0.487165,0
1777225916349000,0.0037258873,-0.0013703429,-0.0023508314,0.0,0.0,-0.49196342,0
1777225916369000,0.0020423885,-0.0017876922,-0.0020611938,0.0,0.0,-0.48732856,0
1777225916393000,0.005071998,-0.001227357,-0.0016570976,0.0,0.0,-0.4873639,0
1777225916413000,0.0050013154,-0.0014944944,-0.0018031355,0.0,0.0,-0.48733288,0
1777225916429000,0.0051874476,-5.600554e-05,-0.0018400084,0.0,0.0,-0.49211317,0
1777225916449000,0.0017142685,0.0005901819,-0.0018393174,0.0,0.0,-0.48747435,0
1777225916469000,0.0018680533,0.0012164455,-0.0019595064,0.0,0.0,-0.4921939,0
1777225916489000,0.0019449056,0.002508794,-0.0017654477,0.0,0.0,-0.48737162,0
1777225916509000,0.0032812196,0.00034703003,-0.0016448675,0.0,0.0,-0.4920824,0
1777225916529000,0.002787313,0.0007265215,-0.0015777061,0.0,0.0,-0.48738682,0
1777225916549000,0.0010225045,0.00070501154,-0.0015263213,0.0,0.0,-0.49215382,0
1777225916569000,0.0013759639,0.0010642955,-0.0009453576,0.0,0.0,-0.48740235,0
1777225916589000,0.0008182481,0.0005413758,-0.0009690812,0.0,0.0,-0.4922275,0
1777225916613000,0.0019230626,0.00038879292,-0.0009306371,0.0,0.0,-0.48751166,0
1777225916629000,0.0009440672,0.00077051827,-0.0007612081,0.0,0.0,-0.49224654,0
1777225916653000,0.0006082729,-0.00026272604,-0.00022780895,0.0,0.0,-0.48740807,0
1777225916669000,-0.0009407809,-0.0010990412,5.7591125e-05,0.0,0.0,-0.49222887,0
1777225916693000,-0.00032870358,-0.0010036051,-0.00037617423,0.0,0.0,-0.4873925,0
1777225916713000,-0.0018539077,0.002849386,-0.00034374744,0.0,0.0,-0.48728606,0
1777225916733000,-0.0016874262,0.0022925346,-0.00015472807,0.0,0.0,-0.48724353,0
1777225916749000,-0.0017012673,0.0027531763,-0.00037161727,0.0,0.0,-0.4920203,0
1777225916773000,-0.0019194317,0.0026945532,-0.00042337365,0.0,0.0,-0.48729205,0
1777225916789000,-0.001843541,0.002104017,-0.00045179762,0.0,0.0,-0.492133,0
1777225916813000,-0.0036220136,0.0046329764,-0.0003320258,0.0,0.0,-0.48738128,0
1777225916829000,-0.004356163,0.00402979,5.9370883e-05,0.0,0.0,-0.4919884,0
1777225916853000,-0.0030498458,0.0030976448,3.8541853e-05,0.0,0.0,-0.4871609,0
1777225916869000,-0.0020723913,0.0035890026,-0.00037170853,0.0,0.0,-0.49182,0
1777225916889000,-0.0040361513,0.0024459818,-0.00028255116,0.0,0.0,-0.4871102,0
1777225916913000,-0.00246751,0.00096384366,0.00010361057,0.0,0.0,-0.48707807,0
1777225916929000,-0.0014861892,0.00036677413,0.00016084965,0.0,0.0,-0.49034172,0
1777225916949000,-0.0028242255,0.00081500976,-2.1676533e-05,0.0,0.0,-0.49490747,0
1777225916969000,-0.0019373286,0.00051416317,1.7204322e-05,0.0,0.0,-0.49868003,0
1777225916993000,-0.0028893577,-0.0014800539,-0.00011835061,0.0,0.0,-0.49750036,0
1777225917009000,-0.0024607733,-0.001263298,0.000112235546,0.0,0.0,-0.49972165,0
1777225917033000,-0.000983116,0.0006187939,-3.586244e-05,0.0,0.0,-0.4984437,0
1777225917049000,-0.0018309818,-1.6121776e-06,-2.5112182e-05,0.0,0.0,-0.5003894,0
1777225917069000,-0.0014809694,0.00018345448,0.000719524,0.0,0.0,-0.5044175,0
1777225917089000,-0.0006673464,0.000116293755,0.0006834138,0.0,0.0,-0.50057936,0
1777225917109000,-0.00067571545,0.00080242835,0.0005654283,0.0,0.0,-0.5043929,0
1777225917129000,-6.949633e-05,0.00044903235,0.00036146026,0.0,0.0,-0.50045055,0
1777225917153000,0.00036159475,-0.00023576384,0.0002781246,0.0,0.0,-0.4988335,0
1777225917173000,-0.0003978127,-0.002377896,0.00026221108,0.0,0.0,-0.5004806,0
1777225917193000,-0.00027904674,-0.0016715018,0.00030454714,0.0,0.0,-0.49892053,0
1777225917209000,-0.00084741897,-0.0015017856,9.267125e-05,0.0,0.0,-0.50049454,0
1777225917229000,0.00085032725,-0.0029752613,0.0001530787,0.0,0.0,-0.5042913,0
1777225917249000,0.0010002032,-0.0012177182,0.000106127,0.0,0.0,-0.5004546,0
1777225917269000,0.0007176074,-0.00077630073,-0.00012490246,0.0,0.0,-0.5042819,0
1777225917289000,0.00013655062,-0.0017057429,-1.9883737e-06,0.0,0.0,-0.50034875,0
1777225917309000,-0.0016269631,6.809156e-05,0.00016733631,0.0,0.0,-0.5041269,0
1777225917329000,-0.0016899987,-0.00019441335,0.0006316379,0.0,0.0,-0.50029016,0
1777225917349000,-0.0009863584,-0.00039779444,0.0009381538,0.0,0.0,-0.50397676,0
1777225917373000,-0.0019163359,-0.00022800779,0.00050215237,0.0,0.0,-0.5001226,0
1777225917393000,-0.0016805077,-0.0012119755,0.00035763998,0.0,0.0,-0.49837506,0
1777225917409000,-0.00084278855,-0.000912761,0.00027698372,0.0,0.0,-0.49999884,0
1777225917429000,0.00023327743,-0.0019616538,0.00023619272,0.0,0.0,-0.5036657,0
1777225917449000,-0.00068454194,-0.00017776385,0.0006471863,0.0,0.0,-0.49987087,0
1777225917469000,-0.00085178425,0.0004832365,0.00066649634,0.0,0.0,-0.50351274,0
1777225917493000,1.4225657e-05,0.00014536866,0.00087468233,0.0,0.0,-0.499778,0
1777225917513000,-0.0004112839,-0.00032569643,0.00070857164,0.0,0.0,-0.49792597,0
1777225917529000,0.0010455236,0.00049311406,0.00053465087,0.0,0.0,-0.49973536,0
1777225917553000,0.00027334187,-0.002357991,0.00046247616,0.0,0.0,-0.49809042,0
1777225917569000,0.0005199745,-0.0019047762,0.00046331063,0.0,0.0,-0.49984854,0
1777225917589000,-0.0012508553,-0.0011168618,0.0002344586,0.0,0.0,-0.5035818,0
1777225917609000,-0.0029701337,-0.0003572316,0.00063159876,0.0,0.0,-0.49984732,0
1777225917633000,-0.0013291992,0.0002967697,0.00038183294,0.0,0.0,-0.49815303,0
1777225917653000,-0.001005059,0.00063532375,0.00019762479,0.0,0.0,-0.4998221,0
1777225917669000,-0.00058539386,-0.001795126,0.00025921874,0.0,0.0,-0.5035267,0
1777225917689000,0.0009520766,-0.0011831179,4.473515e-05,0.0,0.0,-0.49983045,0
1777225917709000,0.00012948884,-0.00070424663,-6.809365e-05,0.0,0.0,-0.50340766,0
1777225917733000,-0.0028338488,-0.0011075612,1.0645948e-05,0.0,0.0,-0.49994582,0
1777225917749000,-0.0031365587,-0.0006810566,-0.0005137436,0.0,0.0,-0.5033463,0
1777225917769000,-0.0011719739,0.0016646297,-0.0007322561,0.0,0.0,-0.499827,0
1777225917793000,0.00039665823,0.0019679437,-0.00080553256,0.0,0.0,-0.49805543,0
1777225917813000,0.00036230957,-0.00037188941,-0.0012677545,0.0,0.0,-0.49973115,0
1777225917829000,0.00032713133,0.0005074686,-0.0014228215,0.0,0.0,-0.5031514,0
1777225917849000,-0.001331016,0.0024528482,-0.0013414286,0.0,0.0,-0.49942118,0
1777225917869000,0.0007209416,0.002417121,-0.0014672698,0.0,0.0,-0.5029217,0
1777225917889000,0.0017934213,0.0005045017,-0.0015895581,0.0,0.0,-0.49936038,0
1777225917913000,0.00191631,0.00036963302,-0.0012473883,0.0,0.0,-0.49746045,0
1777225917933000,0.0014494908,0.0016130985,-0.0011925092,0.0,0.0,-0.49910307,0
1777225917953000,0.0022740262,2.5482055e-05,-0.001285011,0.0,0.0,-0.4972415,0
1777225917969000,0.0030590268,0.0009861231,-0.0012294147,0.0,0.0,-0.49883893,0
1777225917989000,0.0015865739,0.0017696711,-0.001306531,0.0,0.0,-0.5022857,0
1777225918009000,0.0017973447,0.0020169895,-0.001358998,0.0,0.0,-0.49863714,0
1777225918033000,0.00018318104,0.0021373525,-0.001192255,0.0,0.0,-0.49692246,0
1777225918053000,-6.191146e-05,0.0015500896,-0.0011381386,0.0,0.0,-0.49851024,0
1777225918073000,0.0006645166,0.0023636334,-0.000861031,0.0,0.0,-0.49671918,0
1777225918089000,0.0011307386,0.0011529822,-0.0011176486,0.0,0.0,-0.49845654,0
1777225918109000,0.0011811586,-0.0002557755,-0.0009498624,0.0,0.0,-0.50179595,0
1777225918133000,0.0015180799,0.0018014861,-0.00094367564,0.0,0.0,-0.49840012,0
1777225918149000,0.00036806997,0.0002811572,-0.0007779561,0.0,0.0,-0.501752,0
1777225918169000,0.0014066197,0.0014895052,-0.0009344639,0.0,0.0,-0.49854672,0
1777225918189000,0.0019964175,0.0031658954,-0.00081727374,0.0,0.0,-0.5019146,0
1777225918209000,0.00034243625,0.004411188,-0.0008528689,0.0,0.0,-0.49868688,0
1777225918229000,0.0026118753,0.0052981856,-0.0006750105,0.0,0.0,-0.50200135,0
1777225918249000,0.0037478672,0.0035551593,-0.00048567168,0.0,0.0,-0.49870405,0
1777225918269000,0.003322885,0.0023994802,-0.00042300206,0.0,0.0,-0.5019575,0
1777225918289000,0.0022157128,0.003625155,-0.00034756772,0.0,0.0,-0.49858046,0
1777225918309000,0.0027301656,0.0026222696,-0.00021437276,0.0,0.0,-0.50182223,0
1777225918329000,0.0017860295,0.004137315,-0.0003236225,0.0,0.0,-0.4987308,0
1777225918349000,0.0022265548,0.004822994,0.00031109247,0.0,0.0,-0.5018547,0
1777225918369000,0.0013512595,0.0045807534,0.00011273753,0.0,0.0,-0.49860635,0
1777225918393000,0.0025150864,0.0046412335,0.00026846305,0.0,0.0,-0.4970101,0
1777225918413000,0.0017039705,0.0046047634,0.00037466828,0.0,0.0,-0.49856797,0
1777225918433000,0.0025238753,0.004947979,-0.00010427553,0.0,0.0,-0.49690643,0
1777225918449000,0.002167203,0.0028057825,-1.9257888e-05,0.0,0.0,-0.49852592,0
1777225918469000,0.0032296106,0.0022331763,-0.00020521972,0.0,0.0,-0.50170267,0
1777225918489000,0.0030643432,0.0026235676,-0.00035801157,0.0,0.0,-0.49867326,0
1777225918509000,0.0033954731,0.0018825328,-0.00035728142,0.0,0.0,-0.5018237,0
1777225918529000,0.0037891117,0.00047287138,-0.00047950447,0.0,0.0,-0.49848467,0
1777225918553000,0.0038287914,0.0002346215,-0.0006876448,0.0,0.0,-0.49655446,0
1777225918569000,0.0031643705,0.0022282745,-0.0008984711,0.0,0.0,-0.49828708,0
1777225918589000,0.002189736,0.0031874073,-0.0008927537,0.0,0.0,-0.5013284,0
1777225918609000,0.0013312887,0.0021683446,-0.0009993697,0.0,0.0,-0.4981813,0
1777225918629000,0.0019412243,0.0027929717,-0.0009834561,0.0,0.0,-0.5012913,0
1777225918649000,0.0025320698,0.0014631858,-0.0009954125,0.0,0.0,-0.49818507,0
1777225918669000,0.0029233652,0.0019484475,-0.001162814,0.0,0.0,-0.50126934,0
1777225918693000,-0.00012843087,0.0024924767,-0.00152741,0.0,0.0,-0.49823093,0
1777225918713000,-0.0001275911,0.0007733333,-0.0018380983,0.0,0.0,-0.49663994,0
1777225918729000,-0.00089245924,0.0026901667,-0.0019352417,0.0,0.0,-0.49843916,0
1777225918753000,0.0004448672,0.0027231113,-0.002125604,0.0,0.0,-0.49660698,0
1777225918773000,0.0011406429,0.0021070677,-0.0020082053,0.0,0.0,-0.4984826,0
1777225918789000,0.0013020978,0.0020916795,-0.0026099589,0.0,0.0,-0.5014989,0
1777225918809000,0.0024575572,0.0013824742,-0.0029033646,0.0,0.0,-0.49856284,0
1777225918829000,0.001986207,0.0015579414,-0.0031575896,0.0,0.0,-0.5013895,0
1777225918849000,-0.00042359045,0.00059458613,-0.002702767,0.0,0.0,-0.49838,0
1777225918869000,-0.0011093492,0.00074209285,-0.0023393966,0.0,0.0,-0.5012717,0
1777225918889000,-0.0011634086,0.0016295828,-0.001824649,0.0,0.0,-0.4983864,0
1777225918909000,-0.0015194155,0.003796932,-0.0015951972,0.0,0.0,-0.5014357,0
1777225918929000,-0.00041284293,0.0032419073,-0.0013997108,0.0,0.0,-0.49836886,0
1777225918949000,0.001544473,0.0028325308,-0.001418395,0.0,0.0,-0.50130296,0
1777225918973000,0.0018390509,0.0028030372,-0.0010889117,0.0,0.0,-0.49834982,0
1777225918989000,0.002037428,0.0014476182,-0.0007881131,0.0,0.0,-0.50110674,0
1777225919009000,0.0030341449,3.9717932e-05,-0.00040573254,0.0,0.0,-0.49811956,0
1777225919029000,0.0012199809,-1.4432451e-05,-0.0002487749,0.0,0.0,-0.5010781,0
1777225919053000,-0.00076672353,0.00054814306,1.4029443e-05,0.0,0.0,-0.49813578,0
1777225919069000,-0.0021030204,0.0004069922,0.000507622,0.0,0.0,-0.50103545,0
1777225919089000,0.00019998447,-0.00082416635,0.00067458674,0.0,0.0,-0.49799865,0
1777225919109000,0.0017599083,-0.00019038818,0.00092922244,0.0,0.0,-0.50095314,0
1777225919129000,-0.00038342684,-0.0009554417,0.0012989361,0.0,0.0,-0.49809304,0
1777225919149000,-0.00036749672,-0.0016235779,0.0011607017,0.0,0.0,-0.5009072,0
1777225919173000,5.1037103e-05,-0.0007400103,0.0009885086,0.0,0.0,-0.49810973,0
1777225919189000,0.0005493266,-0.0009469415,0.00076700374,0.0,0.0,-0.500955,0
1777225919213000,0.00087606115,-0.0014349393,0.0007204171,0.0,0.0,-0.4981622,0
1777225919229000,0.00044213247,-0.0012886566,0.00042705704,0.0,0.0,-0.50085604,0
1777225919249000,0.00013355003,0.0006376663,6.552506e-05,0.0,0.0,-0.49795455,0
1777225919269000,-0.00086512964,-0.0020377138,0.00013847556,0.0,0.0,-0.5008741,0
1777225919289000,-0.0014574406,-0.0028952935,0.00013112184,0.0,0.0,-0.49808195,0
1777225919309000,0.00058640057,-0.0032702917,3.7570484e-05,0.0,0.0,-0.500887,0
1777225919329000,0.0002021337,-0.0028354684,8.230563e-05,0.0,0.0,-0.4982262,0
1777225919353000,0.0003399165,-0.0012564257,6.473623e-06,0.0,0.0,-0.49640837,0
1777225919369000,-0.00049866876,-0.002539608,7.6144934e-05,0.0,0.0,-0.49813852,0
1777225919393000,-0.001799257,-0.0024683564,0.00028558914,0.0,0.0,-0.49638894,0
1777225919409000,-0.00087714306,-0.0036275545,0.00033583306,0.0,0.0,-0.49827698,0
1777225919429000,-0.00044091337,-0.0026811056,0.00033456832,0.0,0.0,-0.50104445,0
1777225919449000,0.000616652,-0.002897153,0.0003308719,0.0,0.0,-0.4980215,0
1777225919469000,-0.00076574896,-0.0024123555,0.00057360996,0.0,0.0,-0.50074893,0
1777225919493000,-0.0017576665,0.0005508414,0.00087441504,0.0,0.0,-0.49791417,0
1777225919509000,-0.0013284015,0.0015070757,0.0012036571,0.0,0.0,-0.5005987,0
1777225919529000,-0.0025908428,0.002196062,0.0013771346,0.0,0.0,-0.49784237,0
1777225919549000,-0.0024208392,0.0013550001,0.0011397162,0.0,0.0,-0.5005547,0
1777225919573000,-0.0011260675,0.0008865118,0.000656222,0.0,0.0,-0.49779794,0
1777225919589000,-0.0014428089,0.0019097887,0.0009269016,0.0,0.0,-0.50034267,0
1777225919609000,-0.00286592,-0.00070093095,0.00088965055,0.0,0.0,-0.49757835,0
1777225919629000,-0.002794994,-0.0025441283,0.0006583212,0.0,0.0,-0.5002096,0
1777225919649000,-0.0013599668,-0.00034526188,6.4866617e-06,0.0,0.0,-0.49751896,0
1777225919669000,0.00054816896,-0.00022657494,0.00047018193,0.0,0.0,-0.50020003,0
1777225919693000,0.0024935754,-0.002461092,0.00038986467,0.0,0.0,-0.49742106,0
1777225919709000,0.0023984378,-0.0022120725,-1.0639429e-05,0.0,0.0,-0.49991524,0
1777225919729000,0.001186807,-0.0026584906,-0.00035189,0.0,0.0,-0.49720967,0
1777225919753000,-9.73387e-05,-0.00076240517,-0.0005808659,0.0,0.0,-0.4954273,0
1777225919773000,0.0011394025,-0.0024531374,-0.00053641107,0.0,0.0,-0.4971854,0
1777225919789000,0.00062134175,-0.002646935,-0.00046064425,0.0,0.0,-0.49976814,0
1777225919809000,0.002098217,-0.004004435,-0.00037008524,0.0,0.0,-0.49711734,0
1777225919833000,0.003501366,-0.00314375,-0.00093064364,0.0,0.0,-0.49540004,0
1777225919853000,0.0025314356,-0.00070796185,-0.00087566674,0.0,0.0,-0.49709052,0
1777225919869000,0.002039303,-0.0018059313,-0.0009204801,0.0,0.0,-0.4995097,0
1777225919889000,0.000107512824,-0.0014337872,-0.0006608637,0.0,0.0,-0.49693704,0
1777225919909000,0.0011870977,0.0008576788,-0.0008817427,0.0,0.0,-0.49947602,0
1777225919929000,0.0024037936,-0.0011472998,-0.00071486924,0.0,0.0,-0.49697226,0
1777225919949000,0.002757026,-0.00063275045,-0.0008306643,0.0,0.0,-0.49936524,0
1777225919969000,0.0041188034,-0.001973733,-0.00083146617,0.0,0.0,-0.49683273,0
1777225919993000,0.0038457524,-0.0024109927,-0.0009203432,0.0,0.0,-0.4948602,0
1777225920013000,0.002220896,-0.00065608777,-0.00030330196,0.0,0.0,-0.49662334,0
1777225920033000,0.0027675666,-0.0023324061,-9.767804e-05,0.0,0.0,-0.4949249,0
1777225920053000,0.0023845357,-0.0018429001,-1.8488616e-05,0.0,0.0,-0.49669492,0
1777225920069000,0.0025103413,-0.0022310663,0.00017231703,0.0,0.0,-0.4991042,0
1777225920089000,0.0038732686,-0.0011932359,0.00012438092,0.0,0.0,-0.49662265,0
1777225920113000,0.0030608475,-0.0002297314,-0.00016968977,0.0,0.0,-0.4947864,0
1777225920133000,0.0013490884,-0.0007010161,-0.00031853747,0.0,0.0,-0.49649513,0
1777225920153000,0.0019272623,-0.0022561417,-0.00044426788,0.0,0.0,-0.4945315,0
1777225920173000,0.0022203315,-0.001956325,-0.0001822589,0.0,0.0,-0.49639404,0
1777225920189000,0.00025656194,-0.00083682226,-0.0002776552,0.0,0.0,-0.49877483,0
1777225920213000,0.0002827292,0.00025970722,-0.00041952077,0.0,0.0,-0.4962793,0
1777225920229000,0.00051991973,-0.00048356052,-0.0002757646,0.0,0.0,-0.49876538,0
1777225920249000,0.0006331426,-0.002503393,0.00013586134,0.0,0.0,-0.49628246,0
1777225920269000,0.00026554032,-0.00095211685,-0.00011230726,0.0,0.0,-0.4985911,0
1777225920289000,0.00048933097,-0.0013663836,3.5725534e-06,0.0,0.0,-0.49620724,0
1777225920309000,0.0021429718,-0.001621792,7.950235e-05,0.0,0.0,-0.49854642,0
1777225920329000,0.0016964991,-0.0006545876,-2.8260984e-05,0.0,0.0,-0.49596655,0
1777225920349000,0.0029427633,-0.0031633365,-7.810723e-05,0.0,0.0,-0.49833518,0
1777225920369000,0.0033865005,-0.0021780815,-0.0001217667,0.0,0.0,-0.49590966,0
1777225920393000,0.0023075,-0.0009110191,-0.00046538375,0.0,0.0,-0.49397585,0
1777225920413000,0.0018516466,-0.0007285993,-0.0005580159,0.0,0.0,-0.4958214,0
1777225920429000,0.0016031316,-0.0006724354,-0.0007650675,0.0,0.0,-0.49821147,0
1777225920453000,0.0013448116,0.00094741513,-0.00071057305,0.0,0.0,-0.49581665,0
1777225920469000,-0.00075035193,0.0008042237,-0.0007395642,0.0,0.0,-0.4979572,0
1777225920489000,-0.0018287222,0.000250084,-0.0006299559,0.0,0.0,-0.49566934,0
1777225920509000,-0.0016517331,-0.0005248677,-0.0006359862,0.0,0.0,-0.49798197,0
1777225920529000,-0.0026026245,-0.0018442883,-0.0006843265,0.0,0.0,-0.49565795,0
1777225920553000,-0.00074693584,-0.0022918053,-0.0005787993,0.0,0.0,-0.49375066,0
1777225920569000,-0.0002169853,-0.0018839504,-0.0008064648,0.0,0.0,-0.49562064,0
1777225920593000,0.00061618746,-0.0040280186,-0.00081950985,0.0,0.0,-0.49356744,0
1777225920609000,-0.0010437177,-0.0031319319,-0.0004937034,0.0,0.0,-0.49545264,0
1777225920629000,-0.0011335305,-0.0031451478,-0.0005007116,0.0,0.0,-0.49776202,0
1777225920649000,0.00019805664,-0.0026579485,-0.00089431833,0.0,0.0,-0.49541026,0
1777225920669000,0.0014966604,-0.00022032377,-0.00063552987,0.0,0.0,-0.49766836,0
1777225920689000,0.00021377002,-0.00030364306,-0.0004851697,0.0,0.0,-0.49530184,0
1777225920713000,0.0012030938,0.0006420557,-0.00066514034,0.0,0.0,-0.4933057,0
1777225920729000,0.0018671509,0.0009620331,-0.0003276514,0.0,0.0,-0.49500605,0
1777225920749000,0.0023570315,0.001403881,-0.0003875764,0.0,0.0,-0.49713767,0
1777225920769000,0.001757992,-0.001686901,-0.00027063396,0.0,0.0,-0.49499,0
1777225920789000,0.0023207394,-0.0030938026,-0.00036287494,0.0,0.0,-0.49713352,0
1777225920809000,0.0023607868,-0.0020664309,-0.00079191383,0.0,0.0,-0.49496853,0
1777225920829000,0.0014240148,-0.0032814792,-0.0009732796,0.0,0.0,-0.497213,0
1777225920849000,0.0020539046,-0.0023214926,-0.0007745791,0.0,0.0,-0.49501777,0
1777225920873000,0.0029831517,-0.00092340657,-0.00077418797,0.0,0.0,-0.4932307,0
1777225920893000,0.0036501267,-0.0026052885,-0.0009470396,0.0,0.0,-0.49526423,0
1777225920909000,0.0039917706,-0.0017156205,-0.0011466527,0.0,0.0,-0.4975101,0
1777225920929000,0.0013844232,-0.0031091135,-0.0005196044,0.0,0.0,-0.49532688,0
1777225920949000,0.00093563256,-0.0023490207,-0.00015368499,0.0,0.0,-0.49754387,0
1777225920969000,0.0025693069,-0.001418475,-0.0005698092,0.0,0.0,-0.49531302,0
1777225920989000,0.0019582612,-0.0019990352,-0.00043581892,0.0,0.0,-0.49741328,0
1777225921013000,-6.13019e-05,-0.0008388251,-0.00061158463,0.0,0.0,-0.49535292,0
1777225921033000,0.00068897574,-0.0011170286,-0.0005694311,0.0,0.0,-0.4936021,0
1777225921049000,0.00026453927,-0.0018628187,-0.00097239297,0.0,0.0,-0.4955919,0
1777225921069000,0.002142939,-0.0016961232,-0.0011563078,0.0,0.0,-0.49764034,0
1777225921089000,0.000736411,-0.0030332278,-0.00069821905,0.0,0.0,-0.49560013,0
1777225921109000,0.0012400066,-0.0018395653,-0.0005115727,0.0,0.0,-0.4977694,0
1777225921129000,0.0012858869,-0.0013536378,-0.00028880313,0.0,0.0,-0.49570563,0
1777225921149000,0.0015272918,-0.0016890405,-0.00027448032,0.0,0.0,-0.49781027,0
1777225921173000,0.0005171172,-0.004182621,-5.176291e-06,0.0,0.0,-0.495648,0
1777225921189000,-0.0005898347,-0.0038506105,-0.00029720645,0.0,0.0,-0.49768952,0
1777225921209000,-0.00018389113,-0.0028898597,5.350355e-05,0.0,0.0,-0.4956498,0
1777225921229000,-0.00026011694,-0.002776833,0.00020268373,0.0,0.0,-0.49771902,0
1777225921249000,-0.0012282655,-0.0003668735,-5.914271e-05,0.0,0.0,-0.49567753,0
1777225921269000,-0.00046630227,0.0014390547,-0.00016656052,0.0,0.0,-0.49776548,0
1777225921289000,0.000779691,0.0023877046,2.7367845e-05,0.0,0.0,-0.49568626,0
1777225921309000,-0.0012027167,-0.00018966373,2.9421411e-05,0.0,0.0,-0.49767995,0
1777225921329000,-0.0026103198,0.0016190242,-3.838539e-05,0.0,0.0,-0.4956133,0
1777225921349000,-0.0024301552,0.0014822764,-0.00028182752,0.0,0.0,-0.4976997,0
1777225921369000,-0.0027073822,0.0005585775,-0.0002889596,0.0,0.0,-0.49589428,0
1777225921389000,-0.00042825722,0.00035926304,3.4649856e-05,0.0,0.0,-0.4978502,0
1777225921409000,-0.0002910024,0.0014623229,-2.881512e-05,0.0,0.0,-0.49583548,0
1777225921429000,7.9910606e-05,0.0036791596,3.8372353e-05,0.0,0.0,-0.49779713,0
1777225921453000,7.035277e-05,0.0029361967,-0.00032225344,0.0,0.0,-0.49572954,0
1777225921469000,-0.00048798815,0.004282466,-0.00038900413,0.0,0.0,-0.4976979,0
1777225921493000,-0.0005257506,0.00425934,-0.00028536748,0.0,0.0,-0.49548537,0
1777225921509000,-0.00076050096,0.0032543412,-0.00010606833,0.0,0.0,-0.49743524,0
1777225921533000,-0.0004777547,0.0009885587,-0.00022966042,0.0,0.0,-0.49525666,0
1777225921549000,-0.00058277097,0.00026245782,-0.0004564589,0.0,0.0,-0.49715468,0
1777225921569000,-0.002852045,0.0019152755,-0.0005215537,0.0,0.0,-0.49521062,0
1777225921589000,-0.003938375,0.0021572297,-0.00065640453,0.0,0.0,-0.49720177,0
1777225921613000,-0.0032241514,0.004040059,-0.0006109392,0.0,0.0,-0.4951108,0
1777225921629000,-0.0027310236,0.0032571303,-0.00045428146,0.0,0.0,-0.4970721,0
1777225921653000,-0.0028186466,0.0046232357,-6.115716e-05,0.0,0.0,-0.49502808,0
1777225921669000,-0.0023469732,0.0040716613,-0.000102854334,0.0,0.0,-0.49693456,0
1777225921689000,-0.0017618055,0.0031320134,-0.00020029768,0.0,0.0,-0.4949457,0
1777225921713000,-0.0027638809,0.0011954054,-0.0004675286,0.0,0.0,-0.4928322,0
1777225921733000,-0.0032696472,0.0016805226,-0.00053555705,0.0,0.0,-0.49478778,0
1777225921753000,-0.0030326361,0.0010635514,-0.00078501645,0.0,0.0,-0.4905572,0
1777225921769000,-0.0033521564,0.0012111565,-0.0007415917,0.0,0.0,-0.48843697,0
1777225921789000,-0.0022054035,0.001298572,-0.0008660834,0.0,0.0,-0.4903806,0
1777225921809000,-0.001377842,0.0021943278,-0.0012844894,0.0,0.0,-0.48806608,0
1777225921829000,-0.0025998433,0.0013469608,-0.0014343997,0.0,0.0,-0.4902345,0
1777225921853000,-0.0023869553,0.002516289,-0.0014558937,0.0,0.0,-0.48793086,0
1777225921869000,-0.00012822954,0.0027199201,-0.0011786101,0.0,0.0,-0.49012715,0
1777225921889000,0.0010623657,0.0016154794,-0.00086704176,0.0,0.0,-0.48782185,0
1777225921909000,0.0014995154,0.0010878256,-0.000890811,0.0,0.0,-0.49008343,0
1777225921929000,0.0008006041,0.00078097417,-0.0006871624,0.0,0.0,-0.48791915,0
1777225921949000,-0.00016567434,0.0011728272,-0.0003167577,0.0,0.0,-0.49011332,0
1777225921973000,-0.0010845548,0.0031159045,-0.0003828304,0.0,0.0,-0.48792288,0
1777225921989000,0.00079882215,0.0026183836,-0.00048142765,0.0,0.0,-0.49011397,0
1777225922013000,0.00020731022,0.0023932147,-0.0007561557,0.0,0.0,-0.48793,0
1777225922029000,0.00015763514,0.0022757866,-0.00061010476,0.0,0.0,-0.49021724,0
1777225922053000,-0.0003276607,0.0037135624,-0.00019534305,0.0,0.0,-0.4877757,0
1777225922073000,-0.00035171054,0.0018807887,-5.2480027e-05,0.0,0.0,-0.4877499,0
1777225922089000,-4.661049e-05,0.00025394314,0.00032611936,0.0,0.0,-0.48757988,0
1777225922109000,0.0002696036,0.001607191,0.00040220562,0.0,0.0,-0.48981896,0
1777225922129000,0.00013586931,0.0007268879,0.00027942844,0.0,0.0,-0.48764965,0
1777225922149000,0.00033752288,0.0010933062,-1.3188459e-05,0.0,0.0,-0.48991454,0
1777225922169000,-0.00013550174,0.002175513,0.00036897045,0.0,0.0,-0.48777857,0
1777225922189000,-0.00064115855,0.0006660104,0.0007049404,0.0,0.0,-0.48988846,0
1777225922213000,-0.0035699394,0.0018595638,0.0010354733,0.0,0.0,-0.48776183,0
1777225922233000,-0.005447295,0.0016605809,0.0017209928,0.0,0.0,-0.48787084,0
1777225922249000,-0.0058330516,0.0010082861,0.0017259279,0.0,0.0,-0.4877553,0
1777225922269000,-0.0073253294,0.0011431312,0.0017956318,0.0,0.0,-0.48990002,0
1777225922289000,-0.0061928956,0.0031745888,0.0016059605,0.0,0.0,-0.48773783,0
1777225922313000,-0.0056595537,0.0032063262,0.0013174051,0.0,0.0,-0.4879785,0
1777225922329000,-0.0051534954,0.0033282808,0.001044157,0.0,0.0,-0.4880356,0
1777225922349000,-0.0050905175,0.0030963633,0.00087421946,0.0,0.0,-0.4902419,0
1777225922369000,-0.0019812863,0.0037423554,0.0007855054,0.0,0.0,-0.4881168,0
1777225922389000,-0.000117807154,0.0037379502,0.0009966185,0.0,0.0,-0.49027368,0
1777225922409000,-0.00060278695,0.0051963925,0.0012316508,0.0,0.0,-0.48796344,0
1777225922429000,-0.00023819166,0.004617263,0.0015022,0.0,0.0,-0.4902293,0
1777225922449000,0.00028003825,0.0058729085,0.0016083727,0.0,0.0,-0.48810646,0
1777225922473000,0.00010221499,0.004390979,0.0013927808,0.0,0.0,-0.4881178,0
1777225922489000,-0.00011795935,0.0031067985,0.001391151,0.0,0.0,-0.48805052,0
1777225922513000,9.591703e-05,0.001355254,0.001406204,0.0,0.0,-0.48806998,0
1777225922533000,0.001006108,0.0030866368,0.0014163218,0.0,0.0,-0.48807105,0
1777225922553000,-0.0009478524,0.003937121,0.0009869831,0.0,0.0,-0.48824692,0
1777225922569000,-0.0026822644,0.0034983496,0.0009880392,0.0,0.0,-0.48819736,0
1777225922589000,-0.0029230895,0.004654215,0.0009862138,0.0,0.0,-0.49033377,0
1777225922609000,-0.0035162203,0.005999925,0.0011519985,0.0,0.0,-0.48815268,0
1777225922629000,-0.0012463665,0.0044280523,0.0012126537,0.0,0.0,-0.4903514,0
1777225922653000,-0.00027624506,0.004481863,0.001358809,0.0,0.0,-0.48796993,0
1777225922673000,0.0006397649,0.00481327,0.0010240125,0.0,0.0,-0.48812515,0
1777225922693000,0.0001855534,0.005570103,0.0009914748,0.0,0.0,-0.48811513,0
1777225922713000,-1.42503995e-05,0.0060047857,0.0011687074,0.0,0.0,-0.48824057,0
1777225922729000,-0.00015853316,0.007846615,0.0011301003,0.0,0.0,-0.4883207,0
1777225922749000,0.0005933604,0.0062110056,0.0010999618,0.0,0.0,-0.4905264,0
1777225922773000,0.0017872211,0.0056634983,0.0011528982,0.0,0.0,-0.48850018,0
1777225922793000,0.0021664167,0.0061313147,0.00077272113,0.0,0.0,-0.48855594,0
1777225922809000,0.0013681451,0.0073142657,0.0009904904,0.0,0.0,-0.48850346,0
1777225922829000,0.0008158807,0.0056953565,0.0011824826,0.0,0.0,-0.49064234,0
1777225922849000,0.0006771969,0.0051089595,0.0009751832,0.0,0.0,-0.48854417,0
1777225922869000,0.0003104687,0.004274578,0.0013417611,0.0,0.0,-0.4907858,0
1777225922893000,-0.00084249175,0.005361744,0.0010637995,0.0,0.0,-0.4885921,0
1777225922909000,-0.0039942795,0.005111018,0.00092918985,0.0,0.0,-0.49075532,0
1777225922929000,-0.0029547794,0.005126925,0.00089019816,0.0,0.0,-0.48850748,0
1777225922953000,-0.0011644977,0.004186645,0.00082488824,0.0,0.0,-0.48858553,0
1777225922973000,-0.00035468355,0.0036416596,0.0006478969,0.0,0.0,-0.48869255,0
1777225922993000,0.00021720046,0.0033737137,0.00016805995,0.0,0.0,-0.48868886,0
1777225923013000,0.0006027664,0.0052826074,0.00023624487,0.0,0.0,-0.4887703,0
1777225923033000,-0.0015213283,0.0040040114,0.00013784319,0.0,0.0,-0.48880303,0
1777225923053000,-0.0022016962,0.0036437386,7.303525e-05,0.0,0.0,-0.48876917,0
1777225923069000,-0.0026803843,0.00236186,0.00024234038,0.0,0.0,-0.49099544,0
1777225923089000,-0.0033015173,0.00037088813,0.0001609344,0.0,0.0,-0.48894998,0
1777225923113000,-0.0024953743,0.0017333314,0.00017593522,0.0,0.0,-0.48889887,0
1777225923133000,-0.0020680758,0.0010937985,-6.887596e-05,0.0,0.0,-0.48893523,0
1777225923149000,-0.0008241543,0.000685686,8.90661e-05,0.0,0.0,-0.49127266,0
1777225923169000,0.00016383536,0.0031292685,0.00035542343,0.0,0.0,-0.48930496,0
1777225923193000,0.00022365572,0.0019326333,0.00044754706,0.0,0.0,-0.4893585,0
1777225923209000,0.0025745616,0.0011835715,0.00049615465,0.0,0.0,-0.48933575,0
1777225923229000,0.0015301559,0.00064175366,0.00015136413,0.0,0.0,-0.49150535,0
1777225923249000,0.00072811503,0.0017318901,9.488128e-05,0.0,0.0,-0.48936424,0
1777225923269000,-0.00029545953,0.002970222,-0.0003511794,0.0,0.0,-0.4915079,0
1777225923293000,0.001267982,0.001000435,-0.0008678958,0.0,0.0,-0.4892707,0
1777225923309000,0.0009502887,-0.0002465962,-0.001091226,0.0,0.0,-0.49159992,0
1777225923329000,0.00032203828,-0.0013897235,-0.0010781875,0.0,0.0,-0.4893849,0
1777225923353000,-0.00010167611,-0.00017420808,-0.0011406876,0.0,0.0,-0.48940113,0
1777225923369000,0.00026813193,0.00061350176,-0.0014718072,0.0,0.0,-0.48931926,0
1777225923393000,-0.00069242215,0.0007388968,-0.001701911,0.0,0.0,-0.48936367,0
1777225923413000,-0.0019315975,0.0011663269,-0.0016398281,0.0,0.0,-0.48931757,0
1777225923433000,-0.0015875293,0.0016147892,-0.0014968542,0.0,0.0,-0.48932803,0
1777225923453000,-0.0023043735,0.0018462664,-0.001284685,0.0,0.0,-0.4892657,0
1777225923473000,-0.0015541131,0.000801467,-0.0011708327,0.0,0.0,-0.48930022,0
1777225923493000,0.00073194364,0.002303046,-0.00079181604,0.0,0.0,-0.48930937,0
1777225923509000,0.00088887574,0.0014018607,-0.00092119724,0.0,0.0,-0.4914881,0
1777225923529000,-0.0004349531,0.0018530252,-0.0007575443,0.0,0.0,-0.48921528,0
1777225923549000,0.0014491521,0.0025096152,-0.00042903237,0.0,0.0,-0.49133587,0
1777225923569000,-0.00012883249,0.0010990673,-6.5329485e-05,0.0,0.0,-0.48920828,0
1777225923593000,-0.001062851,0.0007228205,0.00055105984,0.0,0.0,-0.48935366,0
1777225923609000,-0.0013262586,-0.0013979917,0.0005654087,0.0,0.0,-0.48930988,0
1777225923629000,-0.0007225198,-0.0019177995,0.000691439,0.0,0.0,-0.49149203,0
1777225923649000,-0.00021878153,-0.0007916035,0.0008511152,0.0,0.0,-0.48913655,0
1777225923673000,0.00056947884,-0.00024941884,0.001031138,0.0,0.0,-0.48924673,0
1777225923689000,0.0006547535,0.0011013877,0.0010674242,0.0,0.0,-0.489317,0
1777225923709000,0.00018611643,-0.00056637224,0.0011233333,0.0,0.0,-0.49149153,0
1777225923733000,-0.0009338089,-0.000897538,0.001280806,0.0,0.0,-0.4892884,0
1777225923753000,-0.0031203555,-0.00012224575,0.0013465919,0.0,0.0,-0.48950577,0
1777225923773000,-0.0016208434,-0.00078885746,0.0017850054,0.0,0.0,-0.48952982,0
1777225923793000,-0.0004114732,-0.0008999191,0.0016512237,0.0,0.0,-0.48974472,0
1777225923813000,-0.00076289556,0.00024374017,0.0014637886,0.0,0.0,-0.48974848,0
1777225923833000,-0.0001606066,-0.000653466,0.0018410906,0.0,0.0,-0.48980272,0
1777225923853000,-0.0011904895,-0.0021928027,0.0016348474,0.0,0.0,-0.48973194,0
1777225923873000,-0.0024880979,-0.0011899677,0.0014231801,0.0,0.0,-0.48972392,0
1777225923893000,-0.0028222322,0.0003894283,0.001305188,0.0,0.0,-0.4897445,0
1777225923909000,-0.003559138,0.00076934474,0.0011005681,0.0,0.0,-0.4918659,0
1777225923929000,-0.0028504329,6.6158005e-05,0.0008871667,0.0,0.0,-0.48955715,0
1777225923949000,-0.0012890879,0.0009027,0.0007995935,0.0,0.0,-0.49175867,0
1777225923969000,-0.0017274241,0.001440464,0.0008280305,0.0,0.0,-0.48954183,0
1777225923989000,-0.003437174,0.0025516243,0.0007578442,0.0,0.0,-0.49186552,0
1777225924013000,-0.0026914878,0.0018155322,0.000858482,0.0,0.0,-0.4896584,0
1777225924029000,-0.0024725655,0.0009507094,0.000795017,0.0,0.0,-0.49184543,0
1777225924049000,-0.0025751165,0.0013370297,0.0009034192,0.0,0.0,-0.4899103,0
1777225924069000,-0.0016363764,0.000971556,0.00094713084,0.0,0.0,-0.49213025,0
1777225924089000,-0.0011390332,0.0009884048,0.00096916594,0.0,0.0,-0.48977822,0
1777225924109000,-0.0019989074,0.0021887254,0.00077678263,0.0,0.0,-0.49184275,0
1777225924129000,-0.002113123,-0.00073086034,0.00010849349,0.0,0.0,-0.48950067,0
1777225924149000,-0.0016435736,-0.0016933974,-6.336719e-05,0.0,0.0,-0.49182284,0
1777225924169000,0.00012822662,-0.0008867854,-0.00013659801,0.0,0.0,-0.4898548,0
1777225924189000,-0.00036523817,0.00011849693,-0.00035896339,0.0,0.0,-0.49205044,0
1777225924209000,-0.00061851344,-0.0006693494,-0.0007751789,0.0,0.0,-0.4898438,0
1777225924229000,-0.0010323568,0.00019541438,-0.0008018622,0.0,0.0,-0.49197072,0
1777225924253000,-0.00035335825,-0.000105883344,-0.0011280989,0.0,0.0,-0.48987052,0
1777225924269000,-0.00022238476,0.0009426267,-0.0013285531,0.0,0.0,-0.49204007,0
1777225924289000,-0.000608981,0.00040023142,-0.001288753,0.0,0.0,-0.489843,0
1777225924309000,0.0011671812,0.000114240785,-0.0011110902,0.0,0.0,-0.49205372,0
1777225924329000,0.0012601257,-0.0015772482,-0.0011712173,0.0,0.0,-0.4897166,0
1777225924353000,0.00024790378,-0.0023371754,-0.0010102568,0.0,0.0,-0.48955402,0
1777225924369000,-0.0005985825,-0.0007144831,-0.00091527775,0.0,0.0,-0.48955357,0
1777225924393000,-0.0028421439,-0.0014777901,-0.0009868983,0.0,0.0,-0.48944995,0
1777225924409000,-0.0031375801,-0.00010013976,-0.0005677948,0.0,0.0,-0.48935497,0
1777225924429000,-0.0020846254,-0.0008554605,-0.0008823294,0.0,0.0,-0.49161032,0
1777225924453000,3.2535434e-05,-0.0014489451,-0.000662311,0.0,0.0,-0.4896161,0
1777225924473000,-7.8029676e-05,-0.00077028316,-0.00041382294,0.0,0.0,-0.48946837,0
1777225924489000,0.00044423324,-0.0016364205,-0.00043945666,0.0,0.0,-0.48938933,0
1777225924509000,-0.00027047528,-0.0020159455,-0.00054869987,0.0,0.0,-0.49155003,0
1777225924529000,-0.0006894591,-0.0018114505,-0.00061867107,0.0,0.0,-0.48922503,0
1777225924549000,-0.00067796046,-0.0019570626,-0.00039301347,0.0,0.0,-0.49136353,0
1777225924569000,-4.5589397e-05,-0.0026394592,-0.0005327929,0.0,0.0,-0.48907962,0
1777225924593000,-0.0006969975,-0.0018379126,-0.00022185687,0.0,0.0,-0.4892623,0
1777225924613000,-0.000749132,-0.0018805125,-0.00019691419,0.0,0.0,-0.48915145,0
1777225924629000,0.0011790994,-0.0034224715,-5.0478615e-05,0.0,0.0,-0.49129742,0
1777225924653000,0.0015153128,-0.0030067218,-5.130004e-05,0.0,0.0,-0.48897612,0
1777225924673000,-0.0006389831,-0.0025091227,-6.843917e-05,0.0,0.0,-0.48893613,0
1777225924689000,-0.0005370786,-0.003650779,6.845221e-06,0.0,0.0,-0.48884678,0
1777225924709000,-0.00030020584,-0.003931802,0.0003828043,0.0,0.0,-0.49102145,0
1777225924729000,0.0004936076,-0.0034268657,0.00053122174,0.0,0.0,-0.48903313,0
1777225924749000,0.0014193839,-0.002707337,0.00036951154,0.0,0.0,-0.4912765,0
1777225924769000,-0.00020982375,-0.0021962337,0.0001391992,0.0,0.0,-0.48901677,0
1777225924789000,0.00019806251,-0.0030899933,0.00026461016,0.0,0.0,-0.4911707,0
1777225924809000,-0.0012914509,-0.0037934715,6.7148358e-06,0.0,0.0,-0.489083,0
1777225924829000,-0.00025789725,-0.0042009572,-7.5695105e-05,0.0,0.0,-0.49130455,0
1777225924849000,0.0006916158,-0.00337757,7.3667616e-07,0.0,0.0,-0.48911428,0
1777225924869000,0.0011361033,-0.0027954073,-0.00030354317,0.0,0.0,-0.49125728,0
1777225924893000,0.0006799974,-0.0028493083,-0.00059222244,0.0,0.0,-0.4891089,0
1777225924909000,-0.000119211865,-0.003156281,-0.00043585803,0.0,0.0,-0.49118918,0
1777225924929000,-0.0014409722,-0.004077677,-0.00032859668,0.0,0.0,-0.48910627,0
1777225924949000,0.0019097014,-0.0033680662,-0.00050482526,0.0,0.0,-0.49129263,0
1777225924969000,-2.4025525e-05,-0.004284236,-0.00036985055,0.0,0.0,-0.48905253,0
1777225924989000,0.00032301756,-0.0043406533,-0.00079964567,0.0,0.0,-0.4912023,0
1777225925009000,0.0024835903,-0.0039956337,-0.001288088,0.0,0.0,-0.48897094,0
1777225925029000,0.0009446451,-0.0036832027,-0.0010518692,0.0,0.0,-0.49104622,0
1777225925049000,0.002772924,-0.0034359472,-0.0011353027,0.0,0.0,-0.48882896,0
1777225925073000,0.0017775719,-0.0067462404,-0.001013888,0.0,0.0,-0.48892137,0
1777225925089000,0.0017569258,-0.0062834206,-0.0007727798,0.0,0.0,-0.48889244,0
1777225925113000,0.000704743,-0.006314409,-0.00082143303,0.0,0.0,-0.48887566,0
1777225925129000,0.00021664787,-0.0076275654,-0.0006507067,0.0,0.0,-0.4889635,0
1777225925149000,0.0020433445,-0.0046702195,-0.00020211004,0.0,0.0,-0.4911623,0
1777225925173000,0.0018887294,-0.004402966,0.000103447586,0.0,0.0,-0.48919794,0
1777225925189000,0.0019166876,-0.007215547,0.0002058195,0.0,0.0,-0.49152276,0
1777225925209000,0.0021814466,-0.0075799464,5.7962723e-05,0.0,0.0,-0.4894051,0
1777225925233000,0.00027064912,-0.0051202537,0.00014934968,0.0,0.0,-0.48947498,0
1777225925253000,0.0001672816,-0.004942931,-0.00011616014,0.0,0.0,-0.48935446,0
1777225925273000,0.0008102652,-0.006959395,-0.000359511,0.0,0.0,-0.48928913,0
1777225925293000,-0.00085311686,-0.005989557,-0.0007250132,0.0,0.0,-0.489237,0
1777225925309000,-0.0010711158,-0.004702226,-0.0009181723,0.0,0.0,-0.49153882,0
1777225925333000,-0.0008623562,-0.00426985,-0.0013263104,0.0,0.0,-0.48930457,0
1777225925349000,-0.00090452534,-0.00371349,-0.0016083857,0.0,0.0,-0.4914966,0
1777225925369000,-0.0011464565,-0.0054019378,-0.0014614873,0.0,0.0,-0.48926955,0
1777225925389000,-0.00034263506,-0.0053687086,-0.00091321766,0.0,0.0,-0.49143583,0
1777225925413000,-0.0005081709,-0.0034983254,-0.0012373487,0.0,0.0,-0.48912412,0
1777225925429000,-0.00087169994,-0.0049736034,-0.0008781636,0.0,0.0,-0.49124634,0
1777225925449000,-0.00226603,-0.0039212448,-0.0005403161,0.0,0.0,-0.48898673,0
1777225925469000,-0.0019296163,-0.0031858464,-0.00041598082,0.0,0.0,-0.49128577,0
1777225925489000,-0.0018614287,-0.0042599416,-0.0005012201,0.0,0.0,-0.48900688,0
1777225925509000,-0.001543171,-0.0038060371,-0.0004290454,0.0,0.0,-0.49116138,0
1777225925529000,0.0007326456,-0.006162876,-0.00074428413,0.0,0.0,-0.48879552,0
1777225925553000,0.0016771972,-0.0060307994,-0.000882701,0.0,0.0,-0.48890835,0
1777225925569000,0.00060613116,-0.005301855,-0.00092654955,0.0,0.0,-0.48891893,0
1777225925589000,-0.00021289343,-0.0059269965,-0.0007696897,0.0,0.0,-0.49117345,0
1777225925609000,-0.00065086177,-0.005297724,-0.0005302895,0.0,0.0,-0.48878244,0
1777225925629000,0.00019922269,-0.004176597,-0.0001467485,0.0,0.0,-0.49093962,0
1777225925653000,0.000111260466,-0.0037451326,-3.0523166e-05,0.0,0.0,-0.48857248,0
1777225925673000,-0.0014547878,-0.005249191,-5.9944578e-05,0.0,0.0,-0.48856252,0
1777225925693000,-0.0016134544,-0.0049095475,-0.00027134456,0.0,0.0,-0.48840678,0
1777225925709000,-0.0026269502,-0.0060976283,0.0001582941,0.0,0.0,-0.4905784,0
1777225925729000,-0.002017611,-0.0059482283,3.1409785e-05,0.0,0.0,-0.4882802,0
1777225925749000,-0.0018902572,-0.0072931773,-0.00015052315,0.0,0.0,-0.4905191,0
1777225925773000,-0.001190829,-0.005694759,-0.00042638555,0.0,0.0,-0.48827252,0
1777225925789000,-0.0018710459,-0.0062449034,-0.00074277166,0.0,0.0,-0.49051043,0
1777225925813000,0.0005130168,-0.0047956477,-0.0009907056,0.0,0.0,-0.48833412,0
1777225925829000,0.00085185596,-0.005114449,-0.0007558558,0.0,0.0,-0.49064827,0
1777225925853000,-0.0016318037,-0.0051785414,-0.0007908121,0.0,0.0,-0.48863256,0
1777225925869000,0.0008809656,-0.0039793206,-0.0008310424,0.0,0.0,-0.4907416,0
1777225925889000,-0.0015847925,-0.0038774048,-0.00076954626,0.0,0.0,-0.48870334,0
1777225925913000,-0.0015007157,-0.0033886877,-0.00080732536,0.0,0.0,-0.488791,0
1777225925933000,-0.0025970016,-0.002914882,-0.0008537881,0.0,0.0,-0.4888177,0
1777225925949000,-0.004479623,-0.003714166,-0.0008450914,0.0,0.0,-0.49107802,0
1777225925973000,-0.0035149956,-0.0029522807,-0.0006847698,0.0,0.0,-0.4889585,0
1777225925989000,-0.0036234052,-0.0030744935,-0.0003576139,0.0,0.0,-0.49106136,0
1777225926009000,-0.0030439508,-0.0035550976,9.9777244e-05,0.0,0.0,-0.4888915,0
1777225926029000,-0.0029004216,-0.004455512,0.0001168577,0.0,0.0,-0.49106565,0
1777225926049000,-0.0009009639,-0.0041662194,0.00024518277,0.0,0.0,-0.48877487,0
1777225926069000,-0.00055456936,-0.0018437437,0.00030265003,0.0,0.0,-0.49082834,0
1777225926089000,-0.00027215361,-0.0008008174,0.0002844287,0.0,0.0,-0.4886646,0
1777225926109000,-0.0002538808,-0.000633451,0.00031178351,0.0,0.0,-0.4909605,0
1777225926133000,0.0006327627,0.0006544589,0.0004483424,0.0,0.0,-0.48868984,0
1777225926153000,0.0012502329,0.00029297353,0.0004125191,0.0,0.0,-0.4887272,0
1777225926169000,-0.00035982838,-9.594725e-05,0.00045550708,0.0,0.0,-0.48879683,0
1777225926189000,-0.00020826259,-0.0005250154,0.00092948973,0.0,0.0,-0.49093094,0
1777225926209000,0.0005962908,-0.0010581048,0.00082056597,0.0,0.0,-0.48873374,0
1777225926233000,0.00047620607,-0.002415457,0.0007644743,0.0,0.0,-0.48878038,0
1777225926253000,0.0009960697,-0.0010860622,0.00067469105,0.0,0.0,-0.48870736,0
1777225926269000,0.0015151061,-0.0007865016,0.001134214,0.0,0.0,-0.49090144,0
1777225926293000,0.00031559804,-0.0024102216,0.0011669993,0.0,0.0,-0.4887713,0
1777225926309000,0.00040257326,-0.001427994,0.0011008354,0.0,0.0,-0.49093524,0
1777225926329000,-0.0001585542,-0.000369519,0.001252871,0.0,0.0,-0.48863032,0
1777225926353000,-0.00089731155,-0.00033463305,0.0013350593,0.0,0.0,-0.48869458,0
1777225926373000,0.00012411442,0.00034906925,0.0016302513,0.0,0.0,-0.4887141,0
1777225926389000,0.00035024213,-0.00054036005,0.001603757,0.0,0.0,-0.49093816,0
1777225926409000,0.00027731777,-0.0005475397,0.0011730166,0.0,0.0,-0.48867476,0
1777225926433000,0.00093032076,0.0013809963,0.0012623109,0.0,0.0,-0.48873866,0
1777225926453000,0.0024001591,0.00067329046,0.0012739738,0.0,0.0,-0.48873517,0
1777225926473000,0.0024114742,2.2896573e-05,0.00069672614,0.0,0.0,-0.4887778,0
1777225926493000,0.00080602727,-0.0011221706,0.00037563965,0.0,0.0,-0.48887235,0
1777225926513000,0.00037146988,-0.0004464538,1.3468787e-05,0.0,0.0,-0.4888863,0
1777225926529000,0.00063970784,-1.7677801e-05,1.0828488e-05,0.0,0.0,-0.48874256,0
1777225926553000,0.0020915521,-0.000116138544,-0.00018379092,0.0,0.0,-0.488661,0
1777225926573000,0.0011783168,-0.000715162,-0.00028846413,0.0,0.0,-0.48860505,0
1777225926589000,6.2580606e-05,-0.0019477895,-0.00040153414,0.0,0.0,-0.4908087,0
1777225926609000,-0.0006908849,-0.00037868205,-0.0004629912,0.0,0.0,-0.48859933,0
1777225926629000,-0.0031570927,0.000795673,8.778181e-05,0.0,0.0,-0.49077493,0
1777225926649000,-0.0036712587,0.001508824,-0.00012614764,0.0,0.0,-0.48874035,0
1777225926673000,-0.0030052369,-0.00051570265,-0.00018121582,0.0,0.0,-0.48894727,0
1777225926693000,-0.0022416902,-0.0011197987,-0.00018602051,0.0,0.0,-0.48887527,0
1777225926709000,-0.00056960236,0.0003210457,-7.0407987e-07,0.0,0.0,-0.49109185,0
1777225926733000,-0.001666685,0.0010470372,-4.805345e-05,0.0,0.0,-0.48895767,0
1777225926749000,-0.0008820396,0.0009880873,-0.00010885205,0.0,0.0,-0.49123475,0
1777225926773000,0.0015099429,0.00039363618,-0.00048539788,0.0,0.0,-0.4888889,0
1777225926789000,0.0016030311,0.0011624623,-0.0006896658,0.0,0.0,-0.4911542,0
1777225926809000,-1.95791e-05,0.0011631371,-0.0008334806,0.0,0.0,-0.48902327,0
1777225926829000,0.00060639676,0.001809829,-0.0009039212,0.0,0.0,-0.491329,0
1777225926849000,-0.00035978103,0.0003522619,-0.00067012757,0.0,0.0,-0.48920196,0
1777225926873000,0.0022995456,0.00065694295,-0.00064686686,0.0,0.0,-0.48925924,0
1777225926889000,0.0017606774,0.0012840767,-0.00064465683,0.0,0.0,-0.4893127,0
1777225926909000,0.0006330404,0.00089389633,-0.00052875746,0.0,0.0,-0.4916031,0
1777225926929000,-0.0011937375,0.00028029928,-0.00023893733,0.0,0.0,-0.48938662,0
1777225926949000,-0.0028674053,0.0016664668,-6.76699e-06,0.0,0.0,-0.49166724,0
1777225926969000,-0.0028127516,0.0031521397,0.0001928201,0.0,0.0,-0.4895378,0
1777225926993000,-0.0027004248,1.9252593e-05,0.0002854718,0.0,0.0,-0.48955366,0
1777225927013000,-0.001836851,-0.00054771034,0.0005700374,0.0,0.0,-0.48965696,0
1777225927033000,-0.0032620048,0.0023522684,0.00065322313,0.0,0.0,-0.48987916,0
1777225927049000,-0.00081824546,0.002493604,0.00057415105,0.0,0.0,-0.48983547,0
1777225927069000,-0.00048688627,0.0016093545,0.00087391306,0.0,0.0,-0.4921133,0
1777225927093000,-0.002107754,0.0018682737,0.0006102221,0.0,0.0,-0.48995805,0
1777225927113000,-0.000385919,0.0004546561,0.00059429556,0.0,0.0,-0.48982373,0
1777225927133000,-0.0014150371,0.0012948798,0.00032370724,0.0,0.0,-0.4897885,0
1777225927153000,-0.00029352415,0.0015306158,0.00013328623,0.0,0.0,-0.48988867,0
1777225927169000,0.0010093336,0.0008040171,0.00013559405,0.0,0.0,-0.4899415,0
1777225927189000,0.0017103106,0.0033381537,0.00024217088,0.0,0.0,-0.49205667,0
1777225927213000,0.00081458595,0.002550155,-5.3894706e-05,0.0,0.0,-0.48974478,0
1777225927229000,-0.000118538665,0.0038165622,-0.0003163144,0.0,0.0,-0.49193233,0
1777225927253000,-0.00042227458,0.0024318818,-0.00040489156,0.0,0.0,-0.4897369,0
1777225927273000,-0.0006441707,0.0020541803,-0.00037482474,0.0,0.0,-0.4895141,0
1777225927293000,-0.0015582183,0.0019075364,-0.00081832334,0.0,0.0,-0.48939675,0
1777225927309000,-0.0024790568,0.0034344671,-0.00074022263,0.0,0.0,-0.4916061,0
1777225927333000,-0.0010638367,0.0050470848,-0.00079401955,0.0,0.0,-0.48943973,0
1777225927353000,0.00050172844,0.0036410603,-0.00056352466,0.0,0.0,-0.4895643,0
1777225927369000,0.0005656675,0.0025844725,-0.00089557003,0.0,0.0,-0.48954728,0
1777225927389000,0.0008082078,0.0045895088,-0.00044467207,0.0,0.0,-0.4917836,0
1777225927409000,0.0013542352,0.0034440637,-0.00036825985,0.0,0.0,-0.48961225,0
1777225927429000,0.002145209,0.0033490232,-0.0004957374,0.0,0.0,-0.4918135,0
1777225927449000,0.0014021132,0.0019330033,-0.00017764978,0.0,0.0,-0.4894635,0
1777225927469000,0.00089065125,0.001702976,-0.000143026,0.0,0.0,-0.4916699,0
1777225927489000,0.0015847266,0.0020958646,-6.571412e-05,0.0,0.0,-0.48942468,0
1777225927509000,0.0008611592,0.0031215902,0.00037172157,0.0,0.0,-0.49149615,0
1777225927529000,0.00048953487,0.0025651387,0.0005741315,0.0,0.0,-0.48934168,0
1777225927549000,0.0009960464,0.0027904848,0.00081486814,0.0,0.0,-0.4915905,0
1777225927573000,0.00090846646,0.004679456,0.00035787467,0.0,0.0,-0.48934153,0
1777225927589000,0.00066149724,0.004019333,0.00074157864,0.0,0.0,-0.49155837,0
1777225927609000,0.00027637463,0.0025981013,0.0009012809,0.0,0.0,-0.48939285,0
1777225927633000,0.0011479654,0.0024162075,0.0010148399,0.0,0.0,-0.48938155,0
1777225927653000,0.0021273494,0.0016453401,0.00073322095,0.0,0.0,-0.48930067,0
1777225927669000,0.00048137817,0.0005597929,0.00075918715,0.0,0.0,-0.49158874,0
1777225927689000,0.0016758521,-0.0011004345,0.0010437071,0.0,0.0,-0.4894594,0
1777225927709000,0.0012633861,-0.0014136699,0.0010082945,0.0,0.0,-0.4917552,0
1777225927733000,0.0025076394,-0.0012603981,0.00048833154,0.0,0.0,-0.48933145,0
1777225927753000,0.003150582,-0.00080616586,0.0005157972,0.0,0.0,-0.4892114,0
1777225927769000,0.0020577193,-0.00087946415,0.00059284177,0.0,0.0,-0.4891627,0
1777225927789000,0.0007626286,-0.0007671517,0.00045434665,0.0,0.0,-0.49132,0
1777225927809000,0.0017455487,0.0007090264,-2.9271469e-06,0.0,0.0,-0.48913476,0
1777225927829000,0.0001784135,0.0003408932,2.6031397e-05,0.0,0.0,-0.491332,0
1777225927849000,0.0015030105,-0.0005214554,0.00027788337,0.0,0.0,-0.48915374,0
1777225927869000,0.0017252122,-0.0016032663,0.00053010695,0.0,0.0,-0.49130625,0
1777225927889000,0.0036133507,-0.0010798948,0.000850698,0.0,0.0,-0.48909628,0
1777225927909000,0.005052636,-0.0006577968,0.0011506751,0.0,0.0,-0.49112377,0
1777225927929000,0.004717448,0.0009899222,0.001359852,0.0,0.0,-0.48886424,0
1777225927949000,0.0032737,0.001038753,0.0011056531,0.0,0.0,-0.49112114,0
1777225927969000,0.003286458,0.00064616144,0.001351051,0.0,0.0,-0.4889479,0
1777225927993000,0.0016352322,-6.232544e-05,0.002034204,0.0,0.0,-0.48919958,0
1777225928009000,0.0014043987,0.0010881507,0.0023274533,0.0,0.0,-0.48921487,0
1777225928029000,-0.00028968925,0.001326809,0.0021038232,0.0,0.0,-0.4914666,0
1777225928053000,0.00057110284,0.00080283923,0.002004926,0.0,0.0,-0.48944166,0
1777225928069000,-0.00047789793,0.0013624922,0.0017291941,0.0,0.0,-0.49174458,0
1777225928089000,0.0009236686,0.001602067,0.0013533914,0.0,0.0,-0.48945335,0
1777225928113000,-0.00039058476,0.0017183142,0.0011662561,0.0,0.0,-0.48950246,0
1777225928129000,-0.0005310415,0.0029157638,0.0012759883,0.0,0.0,-0.48953718,0
1777225928149000,-0.0007050694,0.0020022686,0.0007323148,0.0,0.0,-0.49174604,0
1777225928169000,-0.0006923246,0.0017114436,0.0010240842,0.0,0.0,-0.48958236,0
1777225928189000,-0.00029351562,0.0017589558,0.0006333068,0.0,0.0,-0.49181414,0
1777225928209000,-2.453983e-05,-0.00038924612,0.0008215634,0.0,0.0,-0.48965365,0
1777225928229000,-0.00015467072,3.623749e-05,0.000283855,0.0,0.0,-0.4918193,0
1777225928249000,6.620241e-05,0.0003054275,0.00028290972,0.0,0.0,-0.48958665,0
1777225928269000,0.0010066649,0.0007713195,0.0002170587,0.0,0.0,-0.49174026,0
1777225928289000,0.000949983,5.026609e-05,0.00015455857,0.0,0.0,-0.4894386,0
1777225928313000,-8.4692656e-05,-0.00010620002,-0.00016541965,0.0,0.0,-0.48952013,0
1777225928329000,-0.0009479989,-0.0015743286,-0.0002489509,0.0,0.0,-0.4894002,0
1777225928349000,-0.0008692277,-0.0021942789,-7.088389e-05,0.0,0.0,-0.4915277,0
1777225928369000,-0.0011846358,-0.0045470223,-0.0004610028,0.0,0.0,-0.48922992,0
1777225928389000,-0.003099177,-0.0018829616,-0.00058657024,0.0,0.0,-0.49134868,0
1777225928409000,-0.0020715063,-0.00070702226,-0.00092902035,0.0,0.0,-0.48908088,0
1777225928429000,-0.0016878624,-0.00035575454,-0.0007583266,0.0,0.0,-0.49124318,0
1777225928449000,-0.0013453586,0.001461049,-0.0007198043,0.0,0.0,-0.4890089,0
1777225928469000,0.0017036224,0.00016255002,-0.0008989535,0.0,0.0,-0.4912152,0
1777225928489000,0.0030402911,-0.00041359756,-0.0011139261,0.0,0.0,-0.4889799,0
1777225928509000,0.0023360718,6.9059766e-05,-0.0014301362,0.0,0.0,-0.4911115,0
1777225928533000,0.0028006297,-0.00080165674,-0.0012179995,0.0,0.0,-0.48912904,0
1777225928549000,0.0023963659,-0.00090120645,-0.00079967827,0.0,0.0,-0.49136943,0
1777225928569000,0.0012635883,-0.003095392,-0.0010849545,0.0,0.0,-0.48911077,0
1777225928593000,0.002126746,-0.0030195478,-0.0006045569,0.0,0.0,-0.48910335,0
1777225928609000,0.00081946846,-0.0028303273,-0.00058033783,0.0,0.0,-0.4890662,0
1777225928633000,0.002683438,-0.001721141,-0.0005751876,0.0,0.0,-0.48898897,0
1777225928653000,0.0038809984,-0.0027269335,-0.0010141162,0.0,0.0,-0.48896718,0
1777225928669000,0.0033507654,-0.0009503478,-0.00074219797,0.0,0.0,-0.49108714,0
1777225928689000,0.0037249266,-0.001245757,-0.00047560595,0.0,0.0,-0.4888865,0
1777225928709000,0.0031323158,0.0005324273,-0.00059571676,0.0,0.0,-0.490876,0
1777225928729000,0.003440239,-0.00087168656,-0.00074218493,0.0,0.0,-0.48865828,0
1777225928749000,0.0034995414,0.00011684462,-0.00077811256,0.0,0.0,-0.49082646,0
1777225928769000,0.0028856182,-0.0019896966,-0.00047249626,0.0,0.0,-0.4885711,0
1777225928789000,0.002472434,-0.0022221815,-0.00020159502,0.0,0.0,-0.49084982,0
1777225928809000,0.0037955404,-0.00028256,-0.00031214207,0.0,0.0,-0.48853722,0
1777225928833000,0.003894678,-0.00035686456,-0.00014686584,0.0,0.0,-0.48858213,0
1777225928849000,0.004062361,-0.0007998743,-0.00014928449,0.0,0.0,-0.4886495,0
1777225928869000,0.0022962461,-0.0009595156,-5.0211325e-05,0.0,0.0,-0.49085945,0
1777225928889000,0.0023804074,0.00030900078,-9.935349e-05,0.0,0.0,-0.48847932,0
1777225928909000,0.0054653003,0.00018937774,4.8477203e-05,0.0,0.0,-0.49075663,0
1777225928929000,0.0056220694,7.0617025e-05,-4.5634806e-05,0.0,0.0,-0.4885105,0
1777225928949000,0.004916253,-0.0011146106,0.00023885258,0.0,0.0,-0.49073243,0
1777225928969000,0.0046269265,-0.0013365725,-0.00031186175,0.0,0.0,-0.48856616,0
1777225928993000,0.00782196,0.0015945054,-0.00083410647,0.0,0.0,-0.48852992,0
1777225929009000,0.008524088,0.0009509836,-0.00055995863,0.0,0.0,-0.48849058,0
1777225929029000,0.009211812,0.0014228618,-0.00064330734,0.0,0.0,-0.49070257,0
1777225929049000,0.0077067954,0.0027909682,-0.0006678263,0.0,0.0,-0.48853362,0
1777225929073000,0.008188533,0.0013276913,-0.0005559167,0.0,0.0,-0.4884784,0
1777225929093000,0.009667099,0.0013811523,-0.0006002411,0.0,0.0,-0.48847994,0
1777225929109000,0.010463907,0.00073030865,-0.00042252615,0.0,0.0,-0.49076322,0
1777225929129000,0.009116252,0.00043387903,-0.00011748355,0.0,0.0,-0.48819217,0
1777225929149000,0.010678584,0.0015466021,7.4469484e-05,0.0,0.0,-0.49012068,0
1777225929169000,0.01035567,0.0018081515,0.00024755578,0.0,0.0,-0.48725852,0
1777225929189000,0.008661981,0.002890326,0.00037925784,0.0,0.0,-0.48896068,0
1777225929213000,0.010139306,0.0018685125,0.0005326234,0.0,0.0,-0.48596683,0
1777225929229000,0.011644037,0.003051033,5.2864663e-05,0.0,0.0,-0.48767242,0
1777225929249000,0.011338649,0.0045160484,-0.00010607485,0.0,0.0,-0.48436743,0
1777225929273000,0.013346158,0.0061510946,-0.00049703475,0.0,0.0,-0.48322552,0
1777225929289000,0.013273781,0.004462663,-0.00087529514,0.0,0.0,-0.48217833,0
1777225929309000,0.014669487,0.002155394,-0.0010070819,0.0,0.0,-0.4833533,0
1777225929333000,0.01592293,0.0008354539,-0.0012454912,0.0,0.0,-0.479603,0
1777225929349000,0.016257929,0.0015057646,-0.0013636462,0.0,0.0,-0.48075798,0
1777225929373000,0.01685148,0.0033331057,-0.00125778,0.0,0.0,-0.4768053,0
1777225929389000,0.017138716,0.0032207707,-0.0013063094,0.0,0.0,-0.47767332,0
1777225929413000,0.01771242,0.0037155421,-0.0022143442,0.0,0.0,-0.47373176,0
1777225929433000,0.017485477,0.0026634615,-0.0023701414,0.0,0.0,-0.47178885,0
1777225929449000,0.016016383,0.0032843705,-0.0024933685,0.0,0.0,-0.47022143,0
1777225929469000,0.01705835,0.0022519345,-0.0023844447,0.0,0.0,-0.4709906,0
1777225929489000,0.019403217,0.0038855772,-0.0024304446,0.0,0.0,-0.46648988,0
1777225929513000,0.020811656,0.00502291,-0.002686534,0.0,0.0,-0.46414906,0
1777225929533000,0.019538565,0.004800046,-0.0024912953,0.0,0.0,-0.4625389,0
1777225929549000,0.017581627,0.0059775896,-0.0025309585,0.0,0.0,-0.4631213,0
1777225929569000,0.01808414,0.0056068003,-0.0027932543,0.0,0.0,-0.45820948,0
1777225929593000,0.018618548,0.0064671007,-0.002911931,0.0,0.0,-0.4554075,0
1777225929609000,0.017997323,0.0072814906,-0.0029178374,0.0,0.0,-0.45350993,0
1777225929633000,0.019209007,0.0071408926,-0.0031146798,0.0,0.0,-0.45082414,0
1777225929653000,0.020582374,0.0060442556,-0.0034585968,0.0,0.0,-0.4488098,0
1777225929669000,0.020219203,0.0068911887,-0.0033775624,0.0,0.0,-0.4490491,0
1777225929693000,0.01980891,0.008399842,-0.0033971593,0.0,0.0,-0.44381154,0
1777225929713000,0.018346397,0.006791142,-0.00344784,0.0,0.0,-0.44054088,0
1777225929733000,0.018794874,0.008371554,-0.003627928,0.0,0.0,-0.43839774,0
1777225929749000,0.0158228,0.008566741,-0.003604954,0.0,0.0,-0.4383601,0
1777225929773000,0.015756765,0.007513618,-0.0036152415,0.0,0.0,-0.43269643,0
1777225929789000,0.017500514,0.007789192,-0.0035241935,0.0,0.0,-0.43283582,0
1777225929813000,0.01629572,0.0058863456,-0.003870288,0.0,0.0,-0.4270779,0
1777225929829000,0.016554164,0.006867284,-0.0039011892,0.0,0.0,-0.42690265,0
1777225929849000,0.01780986,0.009501742,-0.004044704,0.0,0.0,-0.4210203,0
1777225929873000,0.01849972,0.0064630858,-0.0041964073,0.0,0.0,-0.4172725,0
1777225929889000,0.01836022,0.007411161,-0.0042106714,0.0,0.0,-0.41490132,0
1777225929909000,0.017385775,0.009435571,-0.0044375937,0.0,0.0,-0.41447476,0
1777225929929000,0.017561609,0.009815615,-0.00474602,0.0,0.0,-0.4084662,0
1777225929953000,0.01701864,0.010815433,-0.0049623027,0.0,0.0,-0.4044009,0
1777225929969000,0.014604079,0.01031502,-0.0051027536,0.0,0.0,-0.4017509,0
1777225929993000,0.015123579,0.011478632,-0.004942041,0.0,0.0,-0.39767358,0
1777225930009000,0.014675128,0.011942749,-0.0047435295,0.0,0.0,-0.39472356,0
1777225930033000,0.014550656,0.013127874,-0.0042984467,0.0,0.0,-0.39061135,0
1777225930049000,0.014489392,0.0128003815,-0.004175063,0.0,0.0,-0.38789672,0
1777225930073000,0.014504946,0.01062844,-0.0047451593,0.0,0.0,-0.38336918,0
1777225930089000,0.015981043,0.009454702,-0.004982773,0.0,0.0,-0.3804469,0
1777225930109000,0.016118834,0.00954596,-0.0046616867,0.0,0.0,-0.37971205,0
1777225930129000,0.015170203,0.009894664,-0.004865857,0.0,0.0,-0.373024,0
1777225930153000,0.01509819,0.011303911,-0.0050559714,0.0,0.0,-0.3686724,0
1777225930173000,0.014345341,0.011601406,-0.0052461773,0.0,0.0,-0.36553213,0
1777225930193000,0.014967809,0.012224789,-0.005135428,0.0,0.0,-0.3607725,0
1777225930213000,0.013360206,0.012015109,-0.0052380934,0.0,0.0,-0.35761556,0
1777225930229000,0.014182324,0.010970945,-0.0053683743,0.0,0.0,-0.3564953,0
1777225930249000,0.015103423,0.01225128,-0.0053710733,0.0,0.0,-0.34941864,0
1777225930273000,0.015411847,0.010864534,-0.005325908,0.0,0.0,-0.3444125,0
1777225930293000,0.015259935,0.009546538,-0.0052410793,0.0,0.0,-0.34117934,0
1777225930309000,0.014750941,0.010505586,-0.005187178,0.0,0.0,-0.34017548,0
1777225930329000,0.0152566,0.010898687,-0.004998889,0.0,0.0,-0.33276445,0
1777225930349000,0.015120345,0.010369031,-0.005335791,0.0,0.0,-0.33162895,0
1777225930373000,0.014091849,0.012092155,-0.005151257,0.0,0.0,-0.32424122,0
1777225930389000,0.016003717,0.011548491,-0.004958978,0.0,0.0,-0.32300064,0
1777225930409000,0.015399389,0.010503415,-0.005058162,0.0,0.0,-0.31567544,0
1777225930429000,0.015894549,0.009732284,-0.0050504953,0.0,0.0,-0.31429723,0
1777225930449000,0.017058162,0.010009357,-0.0054087024,0.0,0.0,-0.3068381,0
1777225930469000,0.018914377,0.010246547,-0.005368257,0.0,0.0,-0.30546892,0
1777225930489000,0.018052,0.011520191,-0.0052737277,0.0,0.0,-0.29772383,0
1777225930509000,0.015846033,0.009944764,-0.0051402785,0.0,0.0,-0.29641554,0
1777225930529000,0.015022555,0.009925114,-0.00491393,0.0,0.0,-0.28848556,0
1777225930549000,0.0148902545,0.00993834,-0.0045949295,0.0,0.0,-0.2868663,0
1777225930573000,0.014732676,0.011931257,-0.00496684,0.0,0.0,-0.2791621,0
1777225930593000,0.015116204,0.009470046,-0.0050451234,0.0,0.0,-0.2732753,0
1777225930609000,0.014251782,0.008129723,-0.0050450843,0.0,0.0,-0.26951888,0
1777225930629000,0.013305526,0.008916248,-0.0052428525,0.0,0.0,-0.2676856,0
1777225930653000,0.013185964,0.008810608,-0.005377814,0.0,0.0,-0.2594551,0
1777225930673000,0.013006267,0.007586327,-0.0053507853,0.0,0.0,-0.25340277,0
1777225930689000,0.012912802,0.0063317707,-0.005114749,0.0,0.0,-0.2494217,0
1777225930709000,0.013579888,0.0054248828,-0.0053031296,0.0,0.0,-0.24778524,0
1777225930733000,0.012213769,0.0070030265,-0.00497688,0.0,0.0,-0.23947856,0
1777225930753000,0.013892493,0.006989939,-0.0048464686,0.0,0.0,-0.23332798,0
1777225930769000,0.012772248,0.0070809866,-0.0048755836,0.0,0.0,-0.22926036,0
1777225930793000,0.014235579,0.005716462,-0.0052811466,0.0,0.0,-0.22309825,0
1777225930809000,0.013968609,0.0058840276,-0.0051033795,0.0,0.0,-0.21887788,0
1777225930833000,0.01402211,0.0051687574,-0.005435314,0.0,0.0,-0.21255498,0
1777225930853000,-0.0038692073,0.0043111923,-7.355027e-05,0.0,0.0,-0.12,0
1777225930869000,-0.004375167,0.004541072,-9.57679e-05,0.0,0.0,-0.12,0
1777225930893000,-0.004781961,0.0042317184,-3.330037e-05,0.0,0.0,-0.12,0
1777225930913000,-0.005136204,0.004233142,-1.9036233e-06,0.0,0.0,-0.12,0
1777225930933000,-0.0050192988,0.0039615217,3.296137e-05,0.0,0.0,-0.12,0
1777225930949000,-0.0049435124,0.0040701414,5.3836033e-05,0.0,0.0,-0.12,0
1777225930969000,-0.004777601,0.0038984779,-1.6298145e-06,0.0,0.0,-0.12,0
1777225930993000,-0.004241349,0.0039667953,-1.4603138e-06,0.0,0.0,-0.12,0
1777225931013000,-0.0043949545,0.0034938068,-0.00010818057,0.0,0.0,-0.12,0
1777225931033000,-0.0045933085,0.0036212688,-1.4472753e-06,0.0,0.0,-0.12,0
1777225931049000,-0.0047252392,0.0035926823,-1.4733523e-06,0.0,0.0,-0.12,0
1777225931069000,-0.0046638176,0.0034548216,-1.3846904e-05,0.0,0.0,-0.12,0
1777225931093000,-0.0044421866,0.0038147168,0.00011746399,0.0,0.0,-0.12,0
1777225931113000,-0.004055792,0.004252155,-1.5124679e-06,0.0,0.0,-0.12,0
1777225931129000,-0.0034105154,0.0039175255,-1.1734664e-06,0.0,0.0,-0.12,0
1777225931153000,-0.0034862573,0.004088737,-1.264736e-06,0.0,0.0,-0.12,0
1777225931173000,-0.0038029593,0.004389032,8.0186874e-05,0.0,0.0,-0.12,0
1777225931189000,-0.0040300405,0.004690312,6.493181e-05,0.0,0.0,-0.12,0
1777225931213000,-0.0037219406,0.0046066153,3.7902966e-05,0.0,0.0,-0.12,0
1777225931229000,-0.0038220356,0.005192822,8.53762e-05,0.0,0.0,-0.12,0
1777225931249000,-0.0038510622,0.004777283,-1.616776e-06,0.0,0.0,-0.12,0
1777225931273000,-0.0038316336,0.0051194783,-1.7210841e-06,0.0,0.0,-0.12,0
1777225931293000,-0.0034150467,0.004893484,1.0965392e-05,0.0,0.0,-0.12,0
1777225931309000,-0.0034856843,0.004942791,-0.00019214861,0.0,0.0,-0.12,0
1777225931329000,-0.0032818364,0.0051887035,-1.4733523e-06,0.0,0.0,-0.12,0
1777225931349000,-0.0030133533,0.0048739053,8.5271895e-06,0.0,0.0,-0.12,0
1777225931373000,-0.0034167003,0.0043670502,4.1162595e-05,0.0,0.0,-0.12,0
1777225931389000,-0.0032022947,0.00450878,6.219372e-05,0.0,0.0,-0.12,0
1777225931409000,-0.0027929177,0.004859239,-1.1995435e-06,0.0,0.0,-0.12,0
1777225931429000,-0.002297986,0.004350993,8.461997e-06,0.0,0.0,-0.12,0
1777225931449000,-0.0018486658,0.0048761982,-7.8231096e-07,0.0,0.0,-0.12,0
1777225931469000,-0.0015790118,0.0055198637,6.850436e-05,0.0,0.0,-0.12,0
1777225931493000,-0.0015730195,0.0054074894,0.00013784319,0.0,0.0,-0.12,0
1777225931509000,-0.0015609222,0.0054706293,-4.39398e-05,0.0,0.0,-0.12,0
1777225931529000,-0.0014540104,0.0054972055,-6.9104135e-07,0.0,0.0,-0.12,0
1777225931549000,-0.0013602689,0.0057464745,-7.142499e-05,0.0,0.0,-0.001,0
1777225931569000,-0.0012222909,0.005637706,-5.736947e-07,0.0,0.0,-0.001,0
1777225931589000,-0.0018061455,0.0061472286,5.0563365e-05,0.0,0.0,-0.001,0
1777225931609000,-0.0019279406,0.005896251,-9.778887e-07,0.0,0.0,-0.001,0
1777225931629000,-0.0017613573,0.005214804,5.4331496e-05,0.0,0.0,-0.001,0
1777225931649000,-0.0023242868,0.0049001044,-9.909272e-07,0.0,0.0,-0.001,0
1777225931673000,-0.00251463,0.0045221713,-9.909272e-07,0.0,0.0,-0.001,0
1777225931689000,-0.0022247,0.00412054,-7.953495e-07,0.0,0.0,-0.001,0
1777225931709000,-0.0020421674,0.004067098,-5.5218115e-05,0.0,0.0,-0.001,0
1777225931729000,-0.0017487161,0.003877258,-5.9977174e-07,0.0,0.0,-0.001,0
1777225931749000,-0.0017964144,0.003656704,-5.0120056e-05,0.0,0.0,-0.001,0
1777225931769000,-0.0018169541,0.0030246521,-4.6938658e-07,0.0,0.0,-0.001,0
1777225931789000,-0.0013644611,0.0028668141,3.2726675e-05,0.0,0.0,-0.001,0
1777225931809000,-0.0013537942,0.003238983,-3.9115548e-07,0.0,0.0,-0.001,0
1777225931833000,-0.0015758798,0.0032483728,-4.4330955e-07,0.0,0.0,-0.001,0
1777225931853000,-0.0011356588,0.0036042093,-6.2519684e-05,0.0,0.0,-0.001,0
1777225931869000,-0.0009061046,0.0036078433,1.2073666e-05,0.0,0.0,-0.001,0
1777225931889000,-0.00067010854,0.0037710578,-2.0861626e-07,0.0,0.0,-0.001,0
1777225931909000,-0.00045477974,0.0035339324,6.649643e-06,0.0,0.0,-0.001,0
1777225931929000,-0.00060831645,0.0030468302,-1.4342368e-07,0.0,0.0,-0.001,0
1777225931953000,-0.00072373776,0.0028648872,-1.9557774e-07,0.0,0.0,-0.001,0
1777225931969000,-0.0008553881,0.0028607007,-1.9557774e-07,0.0,0.0,-0.001,0
1777225931989000,-3.438138e-05,0.003075779,1.0443851e-05,0.0,0.0,-0.001,0
1777225932013000,-9.747129e-05,0.003455753,4.0732324e-05,0.0,0.0,-0.001,0
1777225932033000,-0.00050352636,0.003037672,-1.3038516e-07,0.0,0.0,-0.001,0
1777225932053000,-0.0005975304,0.0029409344,9.214319e-05,0.0,0.0,-0.001,0
1777225932073000,-0.0006907465,0.0028160624,-1.6950071e-07,0.0,0.0,-0.001,0
1777225932093000,-0.00084143406,0.002707166,1.071766e-05,0.0,0.0,-0.001,0
1777225932109000,-0.0011086887,0.002978265,4.3731183e-05,0.0,0.0,-0.001,0
1777225932129000,-0.0012231412,0.002316571,-2.3469329e-07,0.0,0.0,-0.001,0
1777225932149000,-0.0016157213,0.0023393717,-9.857118e-05,0.0,0.0,-0.001,0
1777225932169000,-0.0014722879,0.002182897,-2.9988587e-07,0.0,0.0,-0.001,0
1777225932189000,-0.0016270317,0.002700563,-4.6195462e-05,0.0,0.0,-0.001,0
1777225932209000,-0.0020343254,0.0025939737,-4.5634806e-07,0.0,0.0,-0.001,0
1777225932229000,-0.0018999035,0.0020412493,1.001358e-05,0.0,0.0,-0.001,0
1777225932249000,-0.001634421,0.0014865028,-2.0861626e-07,0.0,0.0,-0.001,0
1777225932269000,-0.0013317879,0.0011226827,2.3182482e-05,0.0,0.0,-0.001,0
1777225932289000,-0.0012326416,0.0009099309,-9.126961e-08,0.0,0.0,-0.001,0
1777225932309000,-0.0014093127,0.0005913264,-8.446351e-05,0.0,0.0,-0.001,0
1777225932329000,-0.0011674218,0.0008242469,-7.8231096e-08,0.0,0.0,-0.001,0
1777225932349000,-0.0013767263,0.00083675794,-2.091378e-05,0.0,0.0,-0.001,0
1777225932369000,-0.001281675,0.0009934815,-1.0430813e-07,0.0,0.0,-0.001,0
1777225932389000,-0.0010163259,0.0008212726,-9.909272e-07,0.0,0.0,-0.001,0
1777225932409000,-0.0011200785,0.0009713819,-9.126961e-08,0.0,0.0,-0.001,0
1777225932433000,-0.0011373215,0.00057674275,-5.2154064e-08,0.0,0.0,-0.001,0
1777225932449000,-0.001474441,0.000671912,-9.126961e-08,0.0,0.0,-0.001,0
1777225932469000,-0.00126791,0.0007421677,-4.04194e-06,0.0,0.0,-0.001,0
1777225932489000,-0.0009364014,0.0006836704,-6.519258e-08,0.0,0.0,-0.001,0
1777225932509000,-0.0007395168,0.0013183416,-6.8061054e-06,0.0,0.0,-0.001,0
1777225932533000,-0.0010123177,0.0013894762,1.9297004e-06,0.0,0.0,-0.001,0
1777225932549000,-0.0013520457,0.0013618078,-8.181669e-05,0.0,0.0,-0.001,0
1777225932569000,-0.0012461563,0.0018095766,-1.9557774e-07,0.0,0.0,-0.001,0
1777225932589000,-0.0009478454,0.0018754249,1.915358e-05,0.0,0.0,-0.001,0
1777225932609000,-0.0003002165,0.0017923157,-2.6077032e-08,0.0,0.0,-0.001,0
1777225932633000,-0.00044535895,0.0019258724,-7.8231096e-08,0.0,0.0,-0.001,0
1777225932649000,-0.0011380973,0.0018356603,-1.8253922e-07,0.0,0.0,-0.001,0
1777225932669000,-0.0013834924,0.0016717368,2.4460256e-05,0.0,0.0,-0.001,0
1777225932689000,-0.0019438696,0.0012856892,-2.0861626e-07,0.0,0.0,-0.001,0
1777225932709000,-0.0014166493,0.0015521051,8.485466e-05,0.0,0.0,-0.001,0
1777225932729000,-0.0013583939,0.0011565884,-1.17346644e-07,0.0,0.0,-0.001,0
1777225932749000,-0.0011064373,0.0011208024,9.2573464e-05,0.0,0.0,-0.001,0
1777225932769000,-0.00101573,0.0014046952,-1.3038516e-07,0.0,0.0,-0.001,0
1777225932793000,-0.00090489344,0.0016788988,-1.3038516e-07,0.0,0.0,-0.001,0
1777225932809000,-0.001075294,0.001482343,-1.3038516e-07,0.0,0.0,-0.001,0
1777225932829000,-0.00063248,0.0015429513,-4.2192638e-05,0.0,0.0,-0.001,0
1777225932849000,-0.000559021,0.0012988896,-5.2154064e-08,0.0,0.0,-0.001,0
1777225932869000,-0.00082139677,0.001597284,6.1294064e-05,0.0,0.0,-0.001,0
1777225932893000,-0.0011055793,0.0015840848,3.734231e-05,0.0,0.0,-0.001,0
1777225932909000,-0.0011853338,0.0013471587,-8.880533e-05,0.0,0.0,-0.001,0
1777225932933000,-0.0009230597,0.0011210014,-4.7760084e-05,0.0,0.0,-0.001,0
1777225932949000,-0.00064114115,0.0012693537,-1.238659e-05,0.0,0.0,-0.001,0
1777225932969000,-0.0011066399,0.0013901074,-1.3038516e-07,0.0,0.0,-0.001,0
1777225932993000,-0.0017244602,0.0019404097,-2.8684735e-07,0.0,0.0,-0.001,0
1777225933009000,-0.001763131,0.0024860008,-3.9115548e-07,0.0,0.0,-0.001,0
1777225933033000,-0.0017727943,0.0027044152,-4.04194e-07,0.0,0.0,-0.001,0
1777225933049000,-0.0019199058,0.0025245452,-4.172325e-07,0.0,0.0,-0.001,0
1777225933073000,-0.0013150687,0.0025469488,-2.9988587e-07,0.0,0.0,-0.001,0
1777225933093000,-0.0011358577,0.002126888,4.480034e-05,0.0,0.0,-0.001,0
1777225933109000,-0.0016420949,0.0025336617,3.27006e-05,0.0,0.0,-0.001,0
1777225933129000,-0.0022339877,0.0018915269,-3.6507845e-07,0.0,0.0,-0.001,0
1777225933149000,-0.002265154,0.0013669664,5.4892153e-06,0.0,0.0,-0.001,0
1777225933169000,-0.0022650373,0.00066465186,-1.3038516e-07,0.0,0.0,-0.001,0
1777225933189000,-0.0022456206,0.00074017077,-4.3978915e-05,0.0,0.0,-0.001,0
1777225933213000,-0.0023509378,0.0010444677,3.5464764e-06,0.0,0.0,-0.001,0
1777225933229000,-0.0024123588,0.0014094299,7.484108e-05,0.0,0.0,-0.001,0
1777225933249000,-0.0026337907,0.0012878537,-2.8684735e-07,0.0,0.0,-0.001,0
1777225933269000,-0.0028071015,0.0009207959,6.978214e-05,0.0,0.0,-0.001,0
1777225933289000,-0.0031933342,0.0011026608,-3.1292439e-07,0.0,0.0,-0.001,0
1777225933309000,-0.0032521533,0.0013779872,2.7785078e-05,0.0,0.0,-0.001,0
1777225933329000,-0.003428827,0.0012575036,-3.7811697e-07,0.0,0.0,-0.001,0
1777225933353000,-0.0032162187,0.0018217558,-5.2154064e-07,0.0,0.0,-0.001,0
1777225933369000,-0.00306476,0.001961357,-5.2154064e-07,0.0,0.0,-0.001,0
1777225933389000,-0.002601183,0.0014671199,3.1344593e-05,0.0,0.0,-0.001,0
1777225933409000,-0.0021503116,0.0014068452,-2.6077032e-07,0.0,0.0,-0.001,0
1777225933429000,-0.0022084601,0.0011654015,-0.000102756545,0.0,0.0,-0.001,0
1777225933449000,-0.002113782,0.0011490004,-2.0861626e-07,0.0,0.0,-0.001,0
1777225933469000,-0.0026682399,0.000980719,1.642853e-06,0.0,0.0,-0.001,0
1777225933489000,-0.0028878818,0.0014576772,-3.6507845e-07,0.0,0.0,-0.001,0
1777225933509000,-0.0033256242,0.0015432632,5.1593408e-05,0.0,0.0,-0.001,0
1777225933529000,-0.003361326,0.0012294305,-3.6507845e-07,0.0,0.0,-0.001,0
1777225933553000,-0.0035957335,0.0013228962,-4.04194e-07,0.0,0.0,-0.001,0
1777225933573000,-0.0031787402,0.0009897653,-1.4329329e-05,0.0,0.0,-0.001,0
1777225933593000,-0.0034165066,0.00078847597,-2.0861626e-07,0.0,0.0,-0.001,0
1777225933613000,-0.0036716976,0.0010461316,-5.623512e-05,0.0,0.0,-0.001,0
1777225933633000,-0.0037251944,0.00067435985,-2.0861626e-07,0.0,0.0,-0.001,0
1777225933649000,-0.0037809806,0.00043359914,-1.4342368e-07,0.0,0.0,-0.001,0
1777225933669000,-0.0039796876,0.00024215369,-2.8919429e-05,0.0,0.0,-0.001,0
1777225933689000,-0.004198529,0.0005969207,-1.9557774e-07,0.0,0.0,-0.001,0
1777225933709000,-0.0041192123,0.00088833785,3.5203993e-07,0.0,0.0,-0.001,0
1777225933733000,-0.0041945972,0.00094938825,-3.6507845e-06,0.0,0.0,-0.001,0
1777225933749000,-0.0036689648,0.00094739447,8.898787e-05,0.0,0.0,-0.001,0
1777225933769000,-0.0031883349,0.00080279424,-2.0861626e-07,0.0,0.0,-0.001,0
1777225933789000,-0.0028558571,0.0009445749,3.3274293e-05,0.0,0.0,-0.001,0
1777225933809000,-0.0020294702,0.0012150919,-1.9557774e-07,0.0,0.0,-0.001,0
1777225933829000,-0.002158312,0.0013959601,7.222034e-05,0.0,0.0,-0.001,0
1777225933849000,-0.002413784,0.001373445,-2.7380884e-07,0.0,0.0,-0.001,0
1777225933869000,-0.0029188318,0.0010262656,-4.120171e-06,0.0,0.0,-0.001,0
1777225933889000,-0.0031251877,0.00056903006,-1.5646219e-07,0.0,0.0,-0.001,0
1777225933909000,-0.0032503025,-3.3738725e-06,9.09958e-05,0.0,0.0,-0.001,0
1777225933929000,-0.002972722,-0.0002483847,7.8231096e-08,0.0,0.0,-0.001,0
1777225933949000,-0.0030993118,-0.00046301304,2.9858202e-06,0.0,0.0,-0.001,0
1777225933969000,-0.0029728878,-0.00050843484,1.4342368e-07,0.0,0.0,-0.001,0
1777225933989000,-0.0030552018,4.336108e-05,-0.0001163166,0.0,0.0,-0.001,0
1777225934013000,-0.002848807,0.00011758331,0.00011982396,0.0,0.0,-0.001,0
1777225934029000,-0.0032565931,0.00016806068,5.4161996e-05,0.0,0.0,-0.001,0
1777225934049000,-0.0030272044,5.0891642e-05,0.0,0.0,0.0,-0.001,0
1777225934073000,-0.0027119126,0.00047487137,-1.17346644e-07,0.0,0.0,-0.001,0
1777225934093000,-0.0027315808,0.00025000385,5.208887e-05,0.0,0.0,-0.001,0
1777225934109000,-0.0025769935,-0.00015130434,-1.5515834e-06,0.0,0.0,-0.001,0
1777225934129000,-0.0023251753,-0.00079896935,1.5646219e-07,0.0,0.0,-0.001,0
1777225934149000,-0.0018571619,-0.00094644964,1.985766e-05,0.0,0.0,-0.001,0
1777225934169000,-0.001853657,-0.0011193574,1.9557774e-07,0.0,0.0,-0.001,0
1777225934189000,-0.001875927,-0.0013820721,-8.7566674e-05,0.0,0.0,-0.001,0
1777225934213000,-0.001758743,-0.0011727613,-8.7814406e-05,0.0,0.0,-0.001,0
1777225934233000,-0.0013667098,-0.0011070652,1.4342368e-07,0.0,0.0,-0.001,0
1777225934253000,-0.0015403999,-0.0010411101,0.00015084259,0.0,0.0,-0.001,0
1777225934269000,-0.0015034575,-0.0008916133,3.083609e-05,0.0,0.0,-0.001,0
1777225934289000,-0.0015631572,-0.0010117971,1.5646219e-07,0.0,0.0,-0.001,0
1777225934309000,-0.0007310281,-0.0011951592,1.4264137e-05,0.0,0.0,-0.001,0
1777225934329000,-0.0007337443,-0.0005480236,2.6077032e-08,0.0,0.0,-0.001,0
1777225934349000,-0.00089428853,-0.0004215154,-0.0001007095,0.0,0.0,-0.001,0
1777225934369000,-0.0011389782,-6.0030106e-05,0.0,0.0,0.0,-0.001,0
1777225934389000,-0.0012307116,3.9202216e-05,5.53485e-05,0.0,0.0,-0.001,0
1777225934409000,-0.0013048836,-9.474883e-06,0.0,0.0,0.0,-0.001,0
1777225934429000,-0.00061650644,-0.00027085445,-4.068017e-06,0.0,0.0,-0.001,0
1777225934449000,-0.00088728813,-9.946193e-05,1.3038516e-08,0.0,0.0,-0.001,0
1777225934469000,-0.0010630334,-0.00016618388,5.9533864e-05,0.0,0.0,-0.001,0
1777225934489000,-0.0007328249,0.00018341962,-1.3038516e-08,0.0,0.0,-0.001,0
1777225934509000,-0.0007298529,-0.00039546168,5.499646e-05,0.0,0.0,-0.001,0
1777225934529000,-0.0003508157,-0.0010929985,3.9115548e-08,0.0,0.0,-0.001,0
