timestamp,timestamp_sample,ref_timestamp,ref_lat,ref_lon,x,y,z,delta_xy[0],delta_xy[1],delta_z,vx,vy,vz,z_deriv,delta_vxy[0],delta_vxy[1],delta_vz,ax,ay,az,heading,heading_var,unaided_heading,delta_heading,tilt_var,ref_alt,dist_bottom,dist_bottom_var,delta_dist_bottom,eph,epv,evh,evv,vxy_max,vz_max,hagl_min,hagl_max_z,hagl_max_xy,xy_valid,z_valid,v_xy_valid,v_z_valid,xy_reset_counter,z_reset_counter,vxy_reset_counter,vz_reset_counter,heading_reset_counter,heading_good_for_control,xy_global,z_global,dist_bottom_valid,dist_bottom_reset_counter,dist_bottom_sensor_bitfield,dead_reckoning
1777225937765000,0,1777225642797000,47.397742,8.545594,-0.022238987,0.0,0.0,0.0,0.0,0.0,0.0,0.0,0.0,0.0,0.0,0.0,0.0,0.0,0.0,0.0,0.02173204,0.0,0.0,0.0,0.0,0.0,0.0,0.0,0.0,0.0,0.0,0.0,0.0,inf,inf,inf,inf,inf,1,1,1,1,0,0,0,0,0,0,1,1,0,0,0,0
1777225937773000,0,1777225642797000,47.397742,8.545594,-0.022238987,0.0,0.0,0.0,0.0,0.0,0.0,0.0,0.0,0.0,0.0,0.0,0.0,0.0,0.0,0.0,0.02173204,0.0,0.0,0.0,0.0,0.0,0.0,0.0,0.0,0.0,0.0,0.0,0.0,inf,inf,inf,inf,inf,1,1,1,1,0,0,0,0,0,0,1,1,0,0,0,0
1777225937789000,0,1777225642797000,47.397742,8.545594,-0.022238987,0.0,0.0,0.0,0.0,0.0,0.0,0.0,0.0,0.0,0.0,0.0,0.0,0.0,0.0,0.0,0.02173204,0.0,0.0,0.0,0.0,0.0,0.0,0.0,0.0,0.0,0.0,0.0,0.0,inf,inf,inf,inf,inf,1,1,1,1,0,0,0,0,0,0,1,1,0,0,0,0
1777225937805000,0,1777225642797000,47.397742,8.545594,-0.022238987,0.00752684,0.0,0.0,0.0,0.0,0.0,0.0,0.0,0.0,0.0,0.0,0.0,0.0,0.0,0.0,0.02173204,0.0,0.0,0.0,0.0,0.0,0.0,0.0,0.0,0.0,0.0,0.0,0.0,inf,inf,inf,inf,inf,1,1,1,1,0,0,0,0,0,0,1,1,0,0,0,0
1777225937821000,0,1777225642797000,47.397742,8.545594,-0.022238987,0.00752684,0.0,0.0,0.0,0.0,0.0,0.0,0.0,0.0,0.0,0.0,0.0,0.0,0.0,0.0,0.02173204,0.0,0.0,0.0,0.0,0.0,0.0,0.0,0.0,0.0,0.0,0.0,0.0,inf,inf,inf,inf,inf,1,1,1,1,0,0,0,0,0,0,1,1,0,0,0,0
1777225937845000,0,1777225642797000,47.397742,8.545594,-0.033358477,0.01505368,0.0,0.0,0.0,0.0,0.0,0.0,0.0,0.0,0.0,0.0,0.0,0.0,0.0,0.0,0.02173204,0.0,0.0,0.0,0.0,0.0,0.0,0.0,0.0,0.0,0.0,0.0,0.0,inf,inf,inf,inf,inf,1,1,1,1,0,0,0,0,0,0,1,1,0,0,0,0
1777225937861000,0,1777225642797000,47.397742,8.545594,-0.022238987,0.01505368,0.0,0.0,0.0,0.0,0.0,0.0,0.0,0.0,0.0,0.0,0.0,0.0,0.0,0.0,0.02173204,0.0,0.0,0.0,0.0,0.0,0.0,0.0,0.0,0.0,0.0,0.0,0.0,inf,inf,inf,inf,inf,1,1,1,1,0,0,0,0,0,0,1,1,0,0,0,0
1777225937885000,0,1777225642797000,47.397742,8.545594,-0.033358477,0.01505368,0.0,0.0,0.0,0.0,0.0,0.0,0.0,0.0,0.0,0.0,0.0,0.0,0.0,0.0,0.02173204,0.0,0.0,0.0,0.0,0.0,0.0,0.0,0.0,0.0,0.0,0.0,0.0,inf,inf,inf,inf,inf,1,1,1,1,0,0,0,0,0,0,1,1,0,0,0,0
1777225937909000,0,1777225642797000,47.397742,8.545594,-0.033358477,0.01505368,0.0,0.0,0.0,0.0,0.0,0.0,0.0,0.0,0.0,0.0,0.0,0.0,0.0,0.0,0.02173204,0.0,0.0,0.0,0.0,0.0,0.0,0.0,0.0,0.0,0.0,0.0,0.0,inf,inf,inf,inf,inf,1,1,1,1,0,0,0,0,0,0,1,1,0,0,0,0
1777225937925000,0,1777225642797000,47.397742,8.545594,-0.033358477,0.01505368,0.0,0.0,0.0,0.0,0.0,0.0,0.0,0.0,0.0,0.0,0.0,0.0,0.0,0.0,0.02173204,0.0,0.0,0.0,0.0,0.0,0.0,0.0,0.0,0.0,0.0,0.0,0.0,inf,inf,inf,inf,inf,1,1,1,1,0,0,0,0,0,0,1,1,0,0,0,0
1777225937949000,0,1777225642797000,47.397742,8.545594,-0.033358477,0.00752684,0.0,0.0,0.0,0.0,0.0,0.0,0.0,0.0,0.0,0.0,0.0,0.0,0.0,0.0,0.02173204,0.0,0.0,0.0,0.0,0.0,0.0,0.0,0.0,0.0,0.0,0.0,0.0,inf,inf,inf,inf,inf,1,1,1,1,0,0,0,0,0,0,1,1,0,0,0,0
1777225937965000,0,1777225642797000,47.397742,8.545594,-0.04447797,0.0,0.0,0.0,0.0,0.0,0.0,0.0,0.0,0.0,0.0,0.0,0.0,0.0,0.0,0.0,0.02173204,0.0,0.0,0.0,0.0,0.0,0.0,0.0,0.0,0.0,0.0,0.0,0.0,inf,inf,inf,inf,inf,1,1,1,1,0,0,0,0,0,0,1,1,0,0,0,0
1777225937981000,0,1777225642797000,47.397742,8.545594,-0.04447797,0.0,0.0,0.0,0.0,0.0,0.0,0.0,0.0,0.0,0.0,0.0,0.0,0.0,0.0,0.0,0.02173204,0.0,0.0,0.0,0.0,0.0,0.0,0.0,0.0,0.0,0.0,0.0,0.0,inf,inf,inf,inf,inf,1,1,1,1,0,0,0,0,0,0,1,1,0,0,0,0
1777225938005000,0,1777225642797000,47.397742,8.545594,-0.04447797,-0.00752684,0.0,0.0,0.0,0.0,0.0,0.0,0.0,0.0,0.0,0.0,0.0,0.0,0.0,0.0,0.02173204,0.0,0.0,0.0,0.0,0.0,0.0,0.0,0.0,0.0,0.0,0.0,0.0,inf,inf,inf,inf,inf,1,1,1,1,0,0,0,0,0,0,1,1,0,0,0,0
1777225938029000,0,1777225642797000,47.397742,8.545594,-0.04447797,-0.00752684,0.0,0.0,0.0,0.0,0.0,0.0,0.0,0.0,0.0,0.0,0.0,0.0,0.0,0.0,0.02173204,0.0,0.0,0.0,0.0,0.0,0.0,0.0,0.0,0.0,0.0,0.0,0.0,inf,inf,inf,inf,inf,1,1,1,1,0,0,0,0,0,0,1,1,0,0,0,0
1777225938045000,0,1777225642797000,47.397742,8.545594,-0.04447797,0.0,0.0,0.0,0.0,0.0,0.0,0.0,0.0,0.0,0.0,0.0,0.0,0.0,0.0,0.0,0.02173204,0.0,0.0,0.0,0.0,0.0,0.0,0.0,0.0,0.0,0.0,0.0,0.0,inf,inf,inf,inf,inf,1,1,1,1,0,0,0,0,0,0,1,1,0,0,0,0
1777225938061000,0,1777225642797000,47.397742,8.545594,-0.05559746,0.0,0.0,0.0,0.0,0.0,0.0,0.0,0.0,0.0,0.0,0.0,0.0,0.0,0.0,0.0,0.02173204,0.0,0.0,0.0,0.0,0.0,0.0,0.0,0.0,0.0,0.0,0.0,0.0,inf,inf,inf,inf,inf,1,1,1,1,0,0,0,0,0,0,1,1,0,0,0,0
1777225938085000,0,1777225642797000,47.397742,8.545594,-0.05559746,0.00752684,0.0,0.0,0.0,0.0,0.0,0.0,0.0,0.0,0.0,0.0,0.0,0.0,0.0,0.0,0.02173204,0.0,0.0,0.0,0.0,0.0,0.0,0.0,0.0,0.0,0.0,0.0,0.0,inf,inf,inf,inf,inf,1,1,1,1,0,0,0,0,0,0,1,1,0,0,0,0
1777225938109000,0,1777225642797000,47.397742,8.545594,-0.04447797,0.00752684,0.0,0.0,0.0,0.0,0.0,0.0,0.0,0.0,0.0,0.0,0.0,0.0,0.0,0.0,0.02173204,0.0,0.0,0.0,0.0,0.0,0.0,0.0,0.0,0.0,0.0,0.0,0.0,inf,inf,inf,inf,inf,1,1,1,1,0,0,0,0,0,0,1,1,0,0,0,0
1777225938125000,0,1777225642797000,47.397742,8.545594,-0.04447797,0.00752684,0.0,0.0,0.0,0.0,0.0,0.0,0.0,0.0,0.0,0.0,0.0,0.0,0.0,0.0,0.02173204,0.0,0.0,0.0,0.0,0.0,0.0,0.0,0.0,0.0,0.0,0.0,0.0,inf,inf,inf,inf,inf,1,1,1,1,0,0,0,0,0,0,1,1,0,0,0,0
1777225938149000,0,1777225642797000,47.397742,8.545594,-0.05559746,0.0,0.0,0.0,0.0,0.0,0.0,0.0,0.0,0.0,0.0,0.0,0.0,0.0,0.0,0.0,0.02173204,0.0,0.0,0.0,0.0,0.0,0.0,0.0,0.0,0.0,0.0,0.0,0.0,inf,inf,inf,inf,inf,1,1,1,1,0,0,0,0,0,0,1,1,0,0,0,0
1777225938165000,0,1777225642797000,47.397742,8.545594,-0.04447797,0.0,0.0,0.0,0.0,0.0,0.0,0.0,0.0,0.0,0.0,0.0,0.0,0.0,0.0,0.0,0.02173204,0.0,0.0,0.0,0.0,0.0,0.0,0.0,0.0,0.0,0.0,0.0,0.0,inf,inf,inf,inf,inf,1,1,1,1,0,0,0,0,0,0,1,1,0,0,0,0
1777225938189000,0,1777225642797000,47.397742,8.545594,-0.04447797,0.0,0.0,0.0,0.0,0.0,0.0,0.0,0.0,0.0,0.0,0.0,0.0,0.0,0.0,0.0,0.02173204,0.0,0.0,0.0,0.0,0.0,0.0,0.0,0.0,0.0,0.0,0.0,0.0,inf,inf,inf,inf,inf,1,1,1,1,0,0,0,0,0,0,1,1,0,0,0,0
1777225938205000,0,1777225642797000,47.397742,8.545594,-0.04447797,0.00752684,0.0,0.0,0.0,0.0,0.0,0.0,0.0,0.0,0.0,0.0,0.0,0.0,0.0,0.0,0.02173204,0.0,0.0,0.0,0.0,0.0,0.0,0.0,0.0,0.0,0.0,0.0,0.0,inf,inf,inf,inf,inf,1,1,1,1,0,0,0,0,0,0,1,1,0,0,0,0
1777225938229000,0,1777225642797000,47.397742,8.545594,-0.04447797,0.0,0.0,0.0,0.0,0.0,0.0,0.0,0.0,0.0,0.0,0.0,0.0,0.0,0.0,0.0,0.02173204,0.0,0.0,0.0,0.0,0.0,0.0,0.0,0.0,0.0,0.0,0.0,0.0,inf,inf,inf,inf,inf,1,1,1,1,0,0,0,0,0,0,1,1,0,0,0,0
1777225938245000,0,1777225642797000,47.397742,8.545594,-0.033358477,0.0,0.0,0.0,0.0,0.0,0.0,0.0,0.0,0.0,0.0,0.0,0.0,0.0,0.0,0.0,0.02173204,0.0,0.0,0.0,0.0,0.0,0.0,0.0,0.0,0.0,0.0,0.0,0.0,inf,inf,inf,inf,inf,1,1,1,1,0,0,0,0,0,0,1,1,0,0,0,0
1777225938261000,0,1777225642797000,47.397742,8.545594,-0.04447797,-0.00752684,0.0,0.0,0.0,0.0,0.0,0.0,0.0,0.0,0.0,0.0,0.0,0.0,0.0,0.0,0.02173204,0.0,0.0,0.0,0.0,0.0,0.0,0.0,0.0,0.0,0.0,0.0,0.0,inf,inf,inf,inf,inf,1,1,1,1,0,0,0,0,0,0,1,1,0,0,0,0
1777225938285000,0,1777225642797000,47.397742,8.545594,-0.033358477,0.00752684,0.0,0.0,0.0,0.0,0.0,0.0,0.0,0.0,0.0,0.0,0.0,0.0,0.0,0.0,0.02173204,0.0,0.0,0.0,0.0,0.0,0.0,0.0,0.0,0.0,0.0,0.0,0.0,inf,inf,inf,inf,inf,1,1,1,1,0,0,0,0,0,0,1,1,0,0,0,0
1777225938301000,0,1777225642797000,47.397742,8.545594,-0.033358477,0.0,0.0,0.0,0.0,0.0,0.0,0.0,0.0,0.0,0.0,0.0,0.0,0.0,0.0,0.0,0.02173204,0.0,0.0,0.0,0.0,0.0,0.0,0.0,0.0,0.0,0.0,0.0,0.0,inf,inf,inf,inf,inf,1,1,1,1,0,0,0,0,0,0,1,1,0,0,0,0
1777225938325000,0,1777225642797000,47.397742,8.545594,-0.033358477,-0.00752684,0.0,0.0,0.0,0.0,0.0,0.0,0.0,0.0,0.0,0.0,0.0,0.0,0.0,0.0,0.02173204,0.0,0.0,0.0,0.0,0.0,0.0,0.0,0.0,0.0,0.0,0.0,0.0,inf,inf,inf,inf,inf,1,1,1,1,0,0,0,0,0,0,1,1,0,0,0,0
1777225938341000,0,1777225642797000,47.397742,8.545594,-0.04447797,-0.00752684,0.0,0.0,0.0,0.0,0.0,0.0,0.0,0.0,0.0,0.0,0.0,0.0,0.0,0.0,0.02173204,0.0,0.0,0.0,0.0,0.0,0.0,0.0,0.0,0.0,0.0,0.0,0.0,inf,inf,inf,inf,inf,1,1,1,1,0,0,0,0,0,0,1,1,0,0,0,0
1777225938365000,0,1777225642797000,47.397742,8.545594,-0.033358477,0.0,0.0,0.0,0.0,0.0,0.0,0.0,0.0,0.0,0.0,0.0,0.0,0.0,0.0,0.0,0.02173204,0.0,0.0,0.0,0.0,0.0,0.0,0.0,0.0,0.0,0.0,0.0,0.0,inf,inf,inf,inf,inf,1,1,1,1,0,0,0,0,0,0,1,1,0,0,0,0
1777225938381000,0,1777225642797000,47.397742,8.545594,-0.04447797,0.0,0.0,0.0,0.0,0.0,0.0,0.0,0.0,0.0,0.0,0.0,0.0,0.0,0.0,0.0,0.02173204,0.0,0.0,0.0,0.0,0.0,0.0,0.0,0.0,0.0,0.0,0.0,0.0,inf,inf,inf,inf,inf,1,1,1,1,0,0,0,0,0,0,1,1,0,0,0,0
1777225938405000,0,1777225642797000,47.397742,8.545594,-0.033358477,0.0,0.0,0.0,0.0,0.0,0.0,0.0,0.0,0.0,0.0,0.0,0.0,0.0,0.0,0.0,0.02173204,0.0,0.0,0.0,0.0,0.0,0.0,0.0,0.0,0.0,0.0,0.0,0.0,inf,inf,inf,inf,inf,1,1,1,1,0,0,0,0,0,0,1,1,0,0,0,0
1777225938429000,0,1777225642797000,47.397742,8.545594,-0.033358477,0.00752684,0.0,0.0,0.0,0.0,0.0,0.0,0.0,0.0,0.0,0.0,0.0,0.0,0.0,0.0,0.02173204,0.0,0.0,0.0,0.0,0.0,0.0,0.0,0.0,0.0,0.0,0.0,0.0,inf,inf,inf,inf,inf,1,1,1,1,0,0,0,0,0,0,1,1,0,0,0,0
1777225938445000,0,1777225642797000,47.397742,8.545594,-0.022238987,0.00752684,0.0,0.0,0.0,0.0,0.0,0.0,0.0,0.0,0.0,0.0,0.0,0.0,0.0,0.0,0.02173204,0.0,0.0,0.0,0.0,0.0,0.0,0.0,0.0,0.0,0.0,0.0,0.0,inf,inf,inf,inf,inf,1,1,1,1,0,0,0,0,0,0,1,1,0,0,0,0
1777225938469000,0,1777225642797000,47.397742,8.545594,-0.033358477,0.01505368,0.0,0.0,0.0,0.0,0.0,0.0,0.0,0.0,0.0,0.0,0.0,0.0,0.0,0.0,0.02173204,0.0,0.0,0.0,0.0,0.0,0.0,0.0,0.0,0.0,0.0,0.0,0.0,inf,inf,inf,inf,inf,1,1,1,1,0,0,0,0,0,0,1,1,0,0,0,0
1777225938485000,0,1777225642797000,47.397742,8.545594,-0.022238987,0.01505368,0.0,0.0,0.0,0.0,0.0,0.0,0.0,0.0,0.0,0.0,0.0,0.0,0.0,0.0,0.02173204,0.0,0.0,0.0,0.0,0.0,0.0,0.0,0.0,0.0,0.0,0.0,0.0,inf,inf,inf,inf,inf,1,1,1,1,0,0,0,0,0,0,1,1,0,0,0,0
1777225938509000,0,1777225642797000,47.397742,8.545594,-0.033358477,0.01505368,0.0,0.0,0.0,0.0,0.0,0.0,0.0,0.0,0.0,0.0,0.0,0.0,0.0,0.0,0.02173204,0.0,0.0,0.0,0.0,0.0,0.0,0.0,0.0,0.0,0.0,0.0,0.0,inf,inf,inf,inf,inf,1,1,1,1,0,0,0,0,0,0,1,1,0,0,0,0
1777225938525000,0,1777225642797000,47.397742,8.545594,-0.033358477,0.00752684,0.0,0.0,0.0,0.0,0.0,0.0,0.0,0.0,0.0,0.0,0.0,0.0,0.0,0.0,0.02173204,0.0,0.0,0.0,0.0,0.0,0.0,0.0,0.0,0.0,0.0,0.0,0.0,inf,inf,inf,inf,inf,1,1,1,1,0,0,0,0,0,0,1,1,0,0,0,0
1777225938541000,0,1777225642797000,47.397742,8.545594,-0.04447797,0.01505368,0.0,0.0,0.0,0.0,0.0,0.0,0.0,0.0,0.0,0.0,0.0,0.0,0.0,0.0,0.02173204,0.0,0.0,0.0,0.0,0.0,0.0,0.0,0.0,0.0,0.0,0.0,0.0,inf,inf,inf,inf,inf,1,1,1,1,0,0,0,0,0,0,1,1,0,0,0,0
1777225938565000,0,1777225642797000,47.397742,8.545594,-0.033358477,0.0,0.0,0.0,0.0,0.0,0.0,0.0,0.0,0.0,0.0,0.0,0.0,0.0,0.0,0.0,0.02173204,0.0,0.0,0.0,0.0,0.0,0.0,0.0,0.0,0.0,0.0,0.0,0.0,inf,inf,inf,inf,inf,1,1,1,1,0,0,0,0,0,0,1,1,0,0,0,0
1777225938581000,0,1777225642797000,47.397742,8.545594,-0.04447797,0.00752684,0.0,0.0,0.0,0.0,0.0,0.0,0.0,0.0,0.0,0.0,0.0,0.0,0.0,0.0,0.02173204,0.0,0.0,0.0,0.0,0.0,0.0,0.0,0.0,0.0,0.0,0.0,0.0,inf,inf,inf,inf,inf,1,1,1,1,0,0,0,0,0,0,1,1,0,0,0,0
1777225938605000,0,1777225642797000,47.397742,8.545594,-0.033358477,0.02258052,0.0,0.0,0.0,0.0,0.0,0.0,0.0,0.0,0.0,0.0,0.0,0.0,0.0,0.0,0.02173204,0.0,0.0,0.0,0.0,0.0,0.0,0.0,0.0,0.0,0.0,0.0,0.0,inf,inf,inf,inf,inf,1,1,1,1,0,0,0,0,0,0,1,1,0,0,0,0
1777225938621000,0,1777225642797000,47.397742,8.545594,-0.033358477,0.02258052,0.0,0.0,0.0,0.0,0.0,0.0,0.0,0.0,0.0,0.0,0.0,0.0,0.0,0.0,0.02173204,0.0,0.0,0.0,0.0,0.0,0.0,0.0,0.0,0.0,0.0,0.0,0.0,inf,inf,inf,inf,inf,1,1,1,1,0,0,0,0,0,0,1,1,0,0,0,0
1777225938645000,0,1777225642797000,47.397742,8.545594,-0.04447797,0.02258052,0.0,0.0,0.0,0.0,0.0,0.0,0.0,0.0,0.0,0.0,0.0,0.0,0.0,0.0,0.02173204,0.0,0.0,0.0,0.0,0.0,0.0,0.0,0.0,0.0,0.0,0.0,0.0,inf,inf,inf,inf,inf,1,1,1,1,0,0,0,0,0,0,1,1,0,0,0,0
1777225938661000,0,1777225642797000,47.397742,8.545594,-0.033358477,0.00752684,0.0,0.0,0.0,0.0,0.0,0.0,0.0,0.0,0.0,0.0,0.0,0.0,0.0,0.0,0.02173204,0.0,0.0,0.0,0.0,0.0,0.0,0.0,0.0,0.0,0.0,0.0,0.0,inf,inf,inf,inf,inf,1,1,1,1,0,0,0,0,0,0,1,1,0,0,0,0
1777225938685000,0,1777225642797000,47.397742,8.545594,-0.033358477,0.00752684,0.0,0.0,0.0,0.0,0.0,0.0,0.0,0.0,0.0,0.0,0.0,0.0,0.0,0.0,0.02173204,0.0,0.0,0.0,0.0,0.0,0.0,0.0,0.0,0.0,0.0,0.0,0.0,inf,inf,inf,inf,inf,1,1,1,1,0,0,0,0,0,0,1,1,0,0,0,0
1777225938701000,0,1777225642797000,47.397742,8.545594,-0.033358477,0.01505368,0.0,0.0,0.0,0.0,0.0,0.0,0.0,0.0,0.0,0.0,0.0,0.0,0.0,0.0,0.02173204,0.0,0.0,0.0,0.0,0.0,0.0,0.0,0.0,0.0,0.0,0.0,0.0,inf,inf,inf,inf,inf,1,1,1,1,0,0,0,0,0,0,1,1,0,0,0,0
1777225938725000,0,1777225642797000,47.397742,8.545594,-0.033358477,0.00752684,0.0,0.0,0.0,0.0,0.0,0.0,0.0,0.0,0.0,0.0,0.0,0.0,0.0,0.0,0.02173204,0.0,0.0,0.0,0.0,0.0,0.0,0.0,0.0,0.0,0.0,0.0,0.0,inf,inf,inf,inf,inf,1,1,1,1,0,0,0,0,0,0,1,1,0,0,0,0
1777225938749000,0,1777225642797000,47.397742,8.545594,-0.04447797,0.01505368,0.0,0.0,0.0,0.0,0.0,0.0,0.0,0.0,0.0,0.0,0.0,0.0,0.0,0.0,0.02173204,0.0,0.0,0.0,0.0,0.0,0.0,0.0,0.0,0.0,0.0,0.0,0.0,inf,inf,inf,inf,inf,1,1,1,1,0,0,0,0,0,0,1,1,0,0,0,0
1777225938765000,0,1777225642797000,47.397742,8.545594,-0.033358477,0.0,0.0,0.0,0.0,0.0,0.0,0.0,0.0,0.0,0.0,0.0,0.0,0.0,0.0,0.0,0.02173204,0.0,0.0,0.0,0.0,0.0,0.0,0.0,0.0,0.0,0.0,0.0,0.0,inf,inf,inf,inf,inf,1,1,1,1,0,0,0,0,0,0,1,1,0,0,0,0
1777225938789000,0,1777225642797000,47.397742,8.545594,-0.033358477,0.0,0.0,0.0,0.0,0.0,0.0,0.0,0.0,0.0,0.0,0.0,0.0,0.0,0.0,0.0,0.02173204,0.0,0.0,0.0,0.0,0.0,0.0,0.0,0.0,0.0,0.0,0.0,0.0,inf,inf,inf,inf,inf,1,1,1,1,0,0,0,0,0,0,1,1,0,0,0,0
1777225938805000,0,1777225642797000,47.397742,8.545594,-0.033358477,0.00752684,0.0,0.0,0.0,0.0,0.0,0.0,0.0,0.0,0.0,0.0,0.0,0.0,0.0,0.0,0.02173204,0.0,0.0,0.0,0.0,0.0,0.0,0.0,0.0,0.0,0.0,0.0,0.0,inf,inf,inf,inf,inf,1,1,1,1,0,0,0,0,0,0,1,1,0,0,0,0
1777225938821000,0,1777225642797000,47.397742,8.545594,-0.033358477,0.00752684,0.0,0.0,0.0,0.0,0.0,0.0,0.0,0.0,0.0,0.0,0.0,0.0,0.0,0.0,0.02173204,0.0,0.0,0.0,0.0,0.0,0.0,0.0,0.0,0.0,0.0,0.0,0.0,inf,inf,inf,inf,inf,1,1,1,1,0,0,0,0,0,0,1,1,0,0,0,0
1777225938845000,0,1777225642797000,47.397742,8.545594,-0.022238987,0.02258052,0.0,0.0,0.0,0.0,0.0,0.0,0.0,0.0,0.0,0.0,0.0,0.0,0.0,0.0,0.02173204,0.0,0.0,0.0,0.0,0.0,0.0,0.0,0.0,0.0,0.0,0.0,0.0,inf,inf,inf,inf,inf,1,1,1,1,0,0,0,0,0,0,1,1,0,0,0,0
1777225938869000,0,1777225642797000,47.397742,8.545594,-0.022238987,0.00752684,0.0,0.0,0.0,0.0,0.0,0.0,0.0,0.0,0.0,0.0,0.0,0.0,0.0,0.0,0.02173204,0.0,0.0,0.0,0.0,0.0,0.0,0.0,0.0,0.0,0.0,0.0,0.0,inf,inf,inf,inf,inf,1,1,1,1,0,0,0,0,0,0,1,1,0,0,0,0
1777225938885000,0,1777225642797000,47.397742,8.545594,-0.022238987,0.00752684,0.0,0.0,0.0,0.0,0.0,0.0,0.0,0.0,0.0,0.0,0.0,0.0,0.0,0.0,0.02173204,0.0,0.0,0.0,0.0,0.0,0.0,0.0,0.0,0.0,0.0,0.0,0.0,inf,inf,inf,inf,inf,1,1,1,1,0,0,0,0,0,0,1,1,0,0,0,0
1777225938901000,0,1777225642797000,47.397742,8.545594,-0.033358477,0.0,0.0,0.0,0.0,0.0,0.0,0.0,0.0,0.0,0.0,0.0,0.0,0.0,0.0,0.0,0.02173204,0.0,0.0,0.0,0.0,0.0,0.0,0.0,0.0,0.0,0.0,0.0,0.0,inf,inf,inf,inf,inf,1,1,1,1,0,0,0,0,0,0,1,1,0,0,0,0
1777225938925000,0,1777225642797000,47.397742,8.545594,-0.022238987,0.0,0.0,0.0,0.0,0.0,0.0,0.0,0.0,0.0,0.0,0.0,0.0,0.0,0.0,0.0,0.02173204,0.0,0.0,0.0,0.0,0.0,0.0,0.0,0.0,0.0,0.0,0.0,0.0,inf,inf,inf,inf,inf,1,1,1,1,0,0,0,0,0,0,1,1,0,0,0,0
1777225938949000,0,1777225642797000,47.397742,8.545594,-0.022238987,0.00752684,0.0,0.0,0.0,0.0,0.0,0.0,0.0,0.0,0.0,0.0,0.0,0.0,0.0,0.0,0.02173204,0.0,0.0,0.0,0.0,0.0,0.0,0.0,0.0,0.0,0.0,0.0,0.0,inf,inf,inf,inf,inf,1,1,1,1,0,0,0,0,0,0,1,1,0,0,0,0
1777225938965000,0,1777225642797000,47.397742,8.545594,-0.022238987,0.00752684,0.0,0.0,0.0,0.0,0.0,0.0,0.0,0.0,0.0,0.0,0.0,0.0,0.0,0.0,0.02173204,0.0,0.0,0.0,0.0,0.0,0.0,0.0,0.0,0.0,0.0,0.0,0.0,inf,inf,inf,inf,inf,1,1,1,1,0,0,0,0,0,0,1,1,0,0,0,0
1777225938981000,0,1777225642797000,47.397742,8.545594,-0.022238987,0.00752684,0.0,0.0,0.0,0.0,0.0,0.0,0.0,0.0,0.0,0.0,0.0,0.0,0.0,0.0,0.02173204,0.0,0.0,0.0,0.0,0.0,0.0,0.0,0.0,0.0,0.0,0.0,0.0,inf,inf,inf,inf,inf,1,1,1,1,0,0,0,0,0,0,1,1,0,0,0,0
1777225939005000,0,1777225642797000,47.397742,8.545594,-0.022238987,0.0,0.0,0.0,0.0,0.0,0.0,0.0,0.0,0.0,0.0,0.0,0.0,0.0,0.0,0.0,0.02173204,0.0,0.0,0.0,0.0,0.0,0.0,0.0,0.0,0.0,0.0,0.0,0.0,inf,inf,inf,inf,inf,1,1,1,1,0,0,0,0,0,0,1,1,0,0,0,0
1777225939029000,0,1777225642797000,47.397742,8.545594,-0.022238987,0.00752684,0.0,0.0,0.0,0.0,0.0,0.0,0.0,0.0,0.0,0.0,0.0,0.0,0.0,0.0,0.02173204,0.0,0.0,0.0,0.0,0.0,0.0,0.0,0.0,0.0,0.0,0.0,0.0,inf,inf,inf,inf,inf,1,1,1,1,0,0,0,0,0,0,1,1,0,0,0,0
1777225939045000,0,1777225642797000,47.397742,8.545594,-0.033358477,0.0,0.0,0.0,0.0,0.0,0.0,0.0,0.0,0.0,0.0,0.0,0.0,0.0,0.0,0.0,0.02173204,0.0,0.0,0.0,0.0,0.0,0.0,0.0,0.0,0.0,0.0,0.0,0.0,inf,inf,inf,inf,inf,1,1,1,1,0,0,0,0,0,0,1,1,0,0,0,0
1777225939061000,0,1777225642797000,47.397742,8.545594,-0.022238987,0.0,0.0,0.0,0.0,0.0,0.0,0.0,0.0,0.0,0.0,0.0,0.0,0.0,0.0,0.0,0.02173204,0.0,0.0,0.0,0.0,0.0,0.0,0.0,0.0,0.0,0.0,0.0,0.0,inf,inf,inf,inf,inf,1,1,1,1,0,0,0,0,0,0,1,1,0,0,0,0
1777225939085000,0,1777225642797000,47.397742,8.545594,-0.022238987,0.00752684,0.0,0.0,0.0,0.0,0.0,0.0,0.0,0.0,0.0,0.0,0.0,0.0,0.0,0.0,0.02173204,0.0,0.0,0.0,0.0,0.0,0.0,0.0,0.0,0.0,0.0,0.0,0.0,inf,inf,inf,inf,inf,1,1,1,1,0,0,0,0,0,0,1,1,0,0,0,0
1777225939109000,0,1777225642797000,47.397742,8.545594,-0.033358477,0.00752684,0.0,0.0,0.0,0.0,0.0,0.0,0.0,0.0,0.0,0.0,0.0,0.0,0.0,0.0,0.02173204,0.0,0.0,0.0,0.0,0.0,0.0,0.0,0.0,0.0,0.0,0.0,0.0,inf,inf,inf,inf,inf,1,1,1,1,0,0,0,0,0,0,1,1,0,0,0,0
1777225939125000,0,1777225642797000,47.397742,8.545594,-0.033358477,0.01505368,0.0,0.0,0.0,0.0,0.0,0.0,0.0,0.0,0.0,0.0,0.0,0.0,0.0,0.0,0.02173204,0.0,0.0,0.0,0.0,0.0,0.0,0.0,0.0,0.0,0.0,0.0,0.0,inf,inf,inf,inf,inf,1,1,1,1,0,0,0,0,0,0,1,1,0,0,0,0
1777225939149000,0,1777225642797000,47.397742,8.545594,-0.033358477,0.01505368,0.0,0.0,0.0,0.0,0.0,0.0,0.0,0.0,0.0,0.0,0.0,0.0,0.0,0.0,0.02173204,0.0,0.0,0.0,0.0,0.0,0.0,0.0,0.0,0.0,0.0,0.0,0.0,inf,inf,inf,inf,inf,1,1,1,1,0,0,0,0,0,0,1,1,0,0,0,0
1777225939165000,0,1777225642797000,47.397742,8.545594,-0.04447797,0.00752684,0.0,0.0,0.0,0.0,0.0,0.0,0.0,0.0,0.0,0.0,0.0,0.0,0.0,0.0,0.02173204,0.0,0.0,0.0,0.0,0.0,0.0,0.0,0.0,0.0,0.0,0.0,0.0,inf,inf,inf,inf,inf,1,1,1,1,0,0,0,0,0,0,1,1,0,0,0,0
1777225939181000,0,1777225642797000,47.397742,8.545594,-0.04447797,0.01505368,0.0,0.0,0.0,0.0,0.0,0.0,0.0,0.0,0.0,0.0,0.0,0.0,0.0,0.0,0.02173204,0.0,0.0,0.0,0.0,0.0,0.0,0.0,0.0,0.0,0.0,0.0,0.0,inf,inf,inf,inf,inf,1,1,1,1,0,0,0,0,0,0,1,1,0,0,0,0
1777225939205000,0,1777225642797000,47.397742,8.545594,-0.033358477,0.01505368,0.0,0.0,0.0,0.0,0.0,0.0,0.0,0.0,0.0,0.0,0.0,0.0,0.0,0.0,0.02173204,0.0,0.0,0.0,0.0,0.0,0.0,0.0,0.0,0.0,0.0,0.0,0.0,inf,inf,inf,inf,inf,1,1,1,1,0,0,0,0,0,0,1,1,0,0,0,0
1777225939229000,0,1777225642797000,47.397742,8.545594,-0.04447797,0.02258052,0.0,0.0,0.0,0.0,0.0,0.0,0.0,0.0,0.0,0.0,0.0,0.0,0.0,0.0,0.02173204,0.0,0.0,0.0,0.0,0.0,0.0,0.0,0.0,0.0,0.0,0.0,0.0,inf,inf,inf,inf,inf,1,1,1,1,0,0,0,0,0,0,1,1,0,0,0,0
1777225939245000,0,1777225642797000,47.397742,8.545594,-0.04447797,0.02258052,0.0,0.0,0.0,0.0,0.0,0.0,0.0,0.0,0.0,0.0,0.0,0.0,0.0,0.0,0.02173204,0.0,0.0,0.0,0.0,0.0,0.0,0.0,0.0,0.0,0.0,0.0,0.0,inf,inf,inf,inf,inf,1,1,1,1,0,0,0,0,0,0,1,1,0,0,0,0
1777225939269000,0,1777225642797000,47.397742,8.545594,-0.04447797,0.02258052,0.0,0.0,0.0,0.0,0.0,0.0,0.0,0.0,0.0,0.0,0.0,0.0,0.0,0.0,0.02173204,0.0,0.0,0.0,0.0,0.0,0.0,0.0,0.0,0.0,0.0,0.0,0.0,inf,inf,inf,inf,inf,1,1,1,1,0,0,0,0,0,0,1,1,0,0,0,0
1777225939285000,0,1777225642797000,47.397742,8.545594,-0.04447797,0.01505368,0.0,0.0,0.0,0.0,0.0,0.0,0.0,0.0,0.0,0.0,0.0,0.0,0.0,0.0,0.02173204,0.0,0.0,0.0,0.0,0.0,0.0,0.0,0.0,0.0,0.0,0.0,0.0,inf,inf,inf,inf,inf,1,1,1,1,0,0,0,0,0,0,1,1,0,0,0,0
1777225939309000,0,1777225642797000,47.397742,8.545594,-0.033358477,0.01505368,0.0,0.0,0.0,0.0,0.0,0.0,0.0,0.0,0.0,0.0,0.0,0.0,0.0,0.0,0.02173204,0.0,0.0,0.0,0.0,0.0,0.0,0.0,0.0,0.0,0.0,0.0,0.0,inf,inf,inf,inf,inf,1,1,1,1,0,0,0,0,0,0,1,1,0,0,0,0
1777225939325000,0,1777225642797000,47.397742,8.545594,-0.033358477,0.01505368,0.0,0.0,0.0,0.0,0.0,0.0,0.0,0.0,0.0,0.0,0.0,0.0,0.0,0.0,0.02173204,0.0,0.0,0.0,0.0,0.0,0.0,0.0,0.0,0.0,0.0,0.0,0.0,inf,inf,inf,inf,inf,1,1,1,1,0,0,0,0,0,0,1,1,0,0,0,0
1777225939349000,0,1777225642797000,47.397742,8.545594,-0.033358477,0.0,0.0,0.0,0.0,0.0,0.0,0.0,0.0,0.0,0.0,0.0,0.0,0.0,0.0,0.0,0.02173204,0.0,0.0,0.0,0.0,0.0,0.0,0.0,0.0,0.0,0.0,0.0,0.0,inf,inf,inf,inf,inf,1,1,1,1,0,0,0,0,0,0,1,1,0,0,0,0
1777225939365000,0,1777225642797000,47.397742,8.545594,-0.033358477,0.00752684,0.0,0.0,0.0,0.0,0.0,0.0,0.0,0.0,0.0,0.0,0.0,0.0,0.0,0.0,0.02173204,0.0,0.0,0.0,0.0,0.0,0.0,0.0,0.0,0.0,0.0,0.0,0.0,inf,inf,inf,inf,inf,1,1,1,1,0,0,0,0,0,0,1,1,0,0,0,0
1777225939389000,0,1777225642797000,47.397742,8.545594,-0.033358477,0.01505368,0.0,0.0,0.0,0.0,0.0,0.0,0.0,0.0,0.0,0.0,0.0,0.0,0.0,0.0,0.02173204,0.0,0.0,0.0,0.0,0.0,0.0,0.0,0.0,0.0,0.0,0.0,0.0,inf,inf,inf,inf,inf,1,1,1,1,0,0,0,0,0,0,1,1,0,0,0,0
1777225939405000,0,1777225642797000,47.397742,8.545594,-0.033358477,0.01505368,0.0,0.0,0.0,0.0,0.0,0.0,0.0,0.0,0.0,0.0,0.0,0.0,0.0,0.0,0.02173204,0.0,0.0,0.0,0.0,0.0,0.0,0.0,0.0,0.0,0.0,0.0,0.0,inf,inf,inf,inf,inf,1,1,1,1,0,0,0,0,0,0,1,1,0,0,0,0
1777225939429000,0,1777225642797000,47.397742,8.545594,-0.033358477,0.01505368,0.0,0.0,0.0,0.0,0.0,0.0,0.0,0.0,0.0,0.0,0.0,0.0,0.0,0.0,0.02173204,0.0,0.0,0.0,0.0,0.0,0.0,0.0,0.0,0.0,0.0,0.0,0.0,inf,inf,inf,inf,inf,1,1,1,1,0,0,0,0,0,0,1,1,0,0,0,0
1777225939445000,0,1777225642797000,47.397742,8.545594,-0.033358477,0.00752684,0.0,0.0,0.0,0.0,0.0,0.0,0.0,0.0,0.0,0.0,0.0,0.0,0.0,0.0,0.02173204,0.0,0.0,0.0,0.0,0.0,0.0,0.0,0.0,0.0,0.0,0.0,0.0,inf,inf,inf,inf,inf,1,1,1,1,0,0,0,0,0,0,1,1,0,0,0,0
1777225939461000,0,1777225642797000,47.397742,8.545594,-0.033358477,0.0,0.0,0.0,0.0,0.0,0.0,0.0,0.0,0.0,0.0,0.0,0.0,0.0,0.0,0.0,0.02173204,0.0,0.0,0.0,0.0,0.0,0.0,0.0,0.0,0.0,0.0,0.0,0.0,inf,inf,inf,inf,inf,1,1,1,1,0,0,0,0,0,0,1,1,0,0,0,0
1777225939485000,0,1777225642797000,47.397742,8.545594,-0.022238987,0.00752684,0.0,0.0,0.0,0.0,0.0,0.0,0.0,0.0,0.0,0.0,0.0,0.0,0.0,0.0,0.02173204,0.0,0.0,0.0,0.0,0.0,0.0,0.0,0.0,0.0,0.0,0.0,0.0,inf,inf,inf,inf,inf,1,1,1,1,0,0,0,0,0,0,1,1,0,0,0,0
1777225939509000,0,1777225642797000,47.397742,8.545594,-0.022238987,0.01505368,0.0,0.0,0.0,0.0,0.0,0.0,0.0,0.0,0.0,0.0,0.0,0.0,0.0,0.0,0.02173204,0.0,0.0,0.0,0.0,0.0,0.0,0.0,0.0,0.0,0.0,0.0,0.0,inf,inf,inf,inf,inf,1,1,1,1,0,0,0,0,0,0,1,1,0,0,0,0
1777225939525000,0,1777225642797000,47.397742,8.545594,-0.022238987,0.00752684,0.0,0.0,0.0,0.0,0.0,0.0,0.0,0.0,0.0,0.0,0.0,0.0,0.0,0.0,0.02173204,0.0,0.0,0.0,0.0,0.0,0.0,0.0,0.0,0.0,0.0,0.0,0.0,inf,inf,inf,inf,inf,1,1,1,1,0,0,0,0,0,0,1,1,0,0,0,0
1777225939541000,0,1777225642797000,47.397742,8.545594,-0.022238987,0.00752684,0.0,0.0,0.0,0.0,0.0,0.0,0.0,0.0,0.0,0.0,0.0,0.0,0.0,0.0,0.02173204,0.0,0.0,0.0,0.0,0.0,0.0,0.0,0.0,0.0,0.0,0.0,0.0,inf,inf,inf,inf,inf,1,1,1,1,0,0,0,0,0,0,1,1,0,0,0,0
1777225939565000,0,1777225642797000,47.397742,8.545594,-0.022238987,0.00752684,0.0,0.0,0.0,0.0,0.0,0.0,0.0,0.0,0.0,0.0,0.0,0.0,0.0,0.0,0.02173204,0.0,0.0,0.0,0.0,0.0,0.0,0.0,0.0,0.0,0.0,0.0,0.0,inf,inf,inf,inf,inf,1,1,1,1,0,0,0,0,0,0,1,1,0,0,0,0
1777225939589000,0,1777225642797000,47.397742,8.545594,-0.033358477,0.0,0.0,0.0,0.0,0.0,0.0,0.0,0.0,0.0,0.0,0.0,0.0,0.0,0.0,0.0,0.02173204,0.0,0.0,0.0,0.0,0.0,0.0,0.0,0.0,0.0,0.0,0.0,0.0,inf,inf,inf,inf,inf,1,1,1,1,0,0,0,0,0,0,1,1,0,0,0,0
1777225939605000,0,1777225642797000,47.397742,8.545594,-0.033358477,-0.00752684,0.0,0.0,0.0,0.0,0.0,0.0,0.0,0.0,0.0,0.0,0.0,0.0,0.0,0.0,0.02173204,0.0,0.0,0.0,0.0,0.0,0.0,0.0,0.0,0.0,0.0,0.0,0.0,inf,inf,inf,inf,inf,1,1,1,1,0,0,0,0,0,0,1,1,0,0,0,0
1777225939629000,0,1777225642797000,47.397742,8.545594,-0.022238987,0.00752684,0.0,0.0,0.0,0.0,0.0,0.0,0.0,0.0,0.0,0.0,0.0,0.0,0.0,0.0,0.02173204,0.0,0.0,0.0,0.0,0.0,0.0,0.0,0.0,0.0,0.0,0.0,0.0,inf,inf,inf,inf,inf,1,1,1,1,0,0,0,0,0,0,1,1,0,0,0,0
1777225939645000,0,1777225642797000,47.397742,8.545594,-0.022238987,0.00752684,0.0,0.0,0.0,0.0,0.0,0.0,0.0,0.0,0.0,0.0,0.0,0.0,0.0,0.0,0.02173204,0.0,0.0,0.0,0.0,0.0,0.0,0.0,0.0,0.0,0.0,0.0,0.0,inf,inf,inf,inf,inf,1,1,1,1,0,0,0,0,0,0,1,1,0,0,0,0
1777225939669000,0,1777225642797000,47.397742,8.545594,-0.022238987,0.01505368,0.0,0.0,0.0,0.0,0.0,0.0,0.0,0.0,0.0,0.0,0.0,0.0,0.0,0.0,0.02173204,0.0,0.0,0.0,0.0,0.0,0.0,0.0,0.0,0.0,0.0,0.0,0.0,inf,inf,inf,inf,inf,1,1,1,1,0,0,0,0,0,0,1,1,0,0,0,0
1777225939685000,0,1777225642797000,47.397742,8.545594,-0.033358477,0.01505368,0.0,0.0,0.0,0.0,0.0,0.0,0.0,0.0,0.0,0.0,0.0,0.0,0.0,0.0,0.02173204,0.0,0.0,0.0,0.0,0.0,0.0,0.0,0.0,0.0,0.0,0.0,0.0,inf,inf,inf,inf,inf,1,1,1,1,0,0,0,0,0,0,1,1,0,0,0,0
1777225939701000,0,1777225642797000,47.397742,8.545594,-0.033358477,0.01505368,0.0,0.0,0.0,0.0,0.0,0.0,0.0,0.0,0.0,0.0,0.0,0.0,0.0,0.0,0.02173204,0.0,0.0,0.0,0.0,0.0,0.0,0.0,0.0,0.0,0.0,0.0,0.0,inf,inf,inf,inf,inf,1,1,1,1,0,0,0,0,0,0,1,1,0,0,0,0
1777225939725000,0,1777225642797000,47.397742,8.545594,-0.033358477,0.01505368,0.0,0.0,0.0,0.0,0.0,0.0,0.0,0.0,0.0,0.0,0.0,0.0,0.0,0.0,0.02173204,0.0,0.0,0.0,0.0,0.0,0.0,0.0,0.0,0.0,0.0,0.0,0.0,inf,inf,inf,inf,inf,1,1,1,1,0,0,0,0,0,0,1,1,0,0,0,0
1777225939749000,0,1777225642797000,47.397742,8.545594,-0.033358477,0.01505368,0.0,0.0,0.0,0.0,0.0,0.0,0.0,0.0,0.0,0.0,0.0,0.0,0.0,0.0,0.02173204,0.0,0.0,0.0,0.0,0.0,0.0,0.0,0.0,0.0,0.0,0.0,0.0,inf,inf,inf,inf,inf,1,1,1,1,0,0,0,0,0,0,1,1,0,0,0,0
1777225939765000,0,1777225642797000,47.397742,8.545594,-0.022238987,0.01505368,0.0,0.0,0.0,0.0,0.0,0.0,0.0,0.0,0.0,0.0,0.0,0.0,0.0,0.0,0.02173204,0.0,0.0,0.0,0.0,0.0,0.0,0.0,0.0,0.0,0.0,0.0,0.0,inf,inf,inf,inf,inf,1,1,1,1,0,0,0,0,0,0,1,1,0,0,0,0
1777225939789000,0,1777225642797000,47.397742,8.545594,-0.022238987,0.00752684,0.0,0.0,0.0,0.0,0.0,0.0,0.0,0.0,0.0,0.0,0.0,0.0,0.0,0.0,0.02173204,0.0,0.0,0.0,0.0,0.0,0.0,0.0,0.0,0.0,0.0,0.0,0.0,inf,inf,inf,inf,inf,1,1,1,1,0,0,0,0,0,0,1,1,0,0,0,0
1777225939805000,0,1777225642797000,47.397742,8.545594,-0.022238987,0.00752684,0.0,0.0,0.0,0.0,0.0,0.0,0.0,0.0,0.0,0.0,0.0,0.0,0.0,0.0,0.02173204,0.0,0.0,0.0,0.0,0.0,0.0,0.0,0.0,0.0,0.0,0.0,0.0,inf,inf,inf,inf,inf,1,1,1,1,0,0,0,0,0,0,1,1,0,0,0,0
1777225939821000,0,1777225642797000,47.397742,8.545594,-0.022238987,0.01505368,0.0,0.0,0.0,0.0,0.0,0.0,0.0,0.0,0.0,0.0,0.0,0.0,0.0,0.0,0.02173204,0.0,0.0,0.0,0.0,0.0,0.0,0.0,0.0,0.0,0.0,0.0,0.0,inf,inf,inf,inf,inf,1,1,1,1,0,0,0,0,0,0,1,1,0,0,0,0
1777225939845000,0,1777225642797000,47.397742,8.545594,-0.022238987,0.00752684,0.0,0.0,0.0,0.0,0.0,0.0,0.0,0.0,0.0,0.0,0.0,0.0,0.0,0.0,0.02173204,0.0,0.0,0.0,0.0,0.0,0.0,0.0,0.0,0.0,0.0,0.0,0.0,inf,inf,inf,inf,inf,1,1,1,1,0,0,0,0,0,0,1,1,0,0,0,0
1777225939869000,0,1777225642797000,47.397742,8.545594,-0.022238987,0.01505368,0.0,0.0,0.0,0.0,0.0,0.0,0.0,0.0,0.0,0.0,0.0,0.0,0.0,0.0,0.02173204,0.0,0.0,0.0,0.0,0.0,0.0,0.0,0.0,0.0,0.0,0.0,0.0,inf,inf,inf,inf,inf,1,1,1,1,0,0,0,0,0,0,1,1,0,0,0,0
1777225939885000,0,1777225642797000,47.397742,8.545594,-0.011119492,0.01505368,0.0,0.0,0.0,0.0,0.0,0.0,0.0,0.0,0.0,0.0,0.0,0.0,0.0,0.0,0.02173204,0.0,0.0,0.0,0.0,0.0,0.0,0.0,0.0,0.0,0.0,0.0,0.0,inf,inf,inf,inf,inf,1,1,1,1,0,0,0,0,0,0,1,1,0,0,0,0
1777225939909000,0,1777225642797000,47.397742,8.545594,0.0,0.00752684,0.0,0.0,0.0,0.0,0.0,0.0,0.0,0.0,0.0,0.0,0.0,0.0,0.0,0.0,0.02173204,0.0,0.0,0.0,0.0,0.0,0.0,0.0,0.0,0.0,0.0,0.0,0.0,inf,inf,inf,inf,inf,1,1,1,1,0,0,0,0,0,0,1,1,0,0,0,0
1777225939925000,0,1777225642797000,47.397742,8.545594,-0.011119492,0.0,0.0,0.0,0.0,0.0,0.0,0.0,0.0,0.0,0.0,0.0,0.0,0.0,0.0,0.0,0.02173204,0.0,0.0,0.0,0.0,0.0,0.0,0.0,0.0,0.0,0.0,0.0,0.0,inf,inf,inf,inf,inf,1,1,1,1,0,0,0,0,0,0,1,1,0,0,0,0
1777225939949000,0,1777225642797000,47.397742,8.545594,-0.011119492,0.0,0.0,0.0,0.0,0.0,0.0,0.0,0.0,0.0,0.0,0.0,0.0,0.0,0.0,0.0,0.02173204,0.0,0.0,0.0,0.0,0.0,0.0,0.0,0.0,0.0,0.0,0.0,0.0,inf,inf,inf,inf,inf,1,1,1,1,0,0,0,0,0,0,1,1,0,0,0,0
1777225939965000,0,1777225642797000,47.397742,8.545594,-0.022238987,0.0,0.0,0.0,0.0,0.0,0.0,0.0,0.0,0.0,0.0,0.0,0.0,0.0,0.0,0.0,0.02173204,0.0,0.0,0.0,0.0,0.0,0.0,0.0,0.0,0.0,0.0,0.0,0.0,inf,inf,inf,inf,inf,1,1,1,1,0,0,0,0,0,0,1,1,0,0,0,0
1777225939989000,0,1777225642797000,47.397742,8.545594,-0.033358477,0.00752684,0.0,0.0,0.0,0.0,0.0,0.0,0.0,0.0,0.0,0.0,0.0,0.0,0.0,0.0,0.02173204,0.0,0.0,0.0,0.0,0.0,0.0,0.0,0.0,0.0,0.0,0.0,0.0,inf,inf,inf,inf,inf,1,1,1,1,0,0,0,0,0,0,1,1,0,0,0,0
1777225940005000,0,1777225642797000,47.397742,8.545594,-0.022238987,0.00752684,0.0,0.0,0.0,0.0,0.0,0.0,0.0,0.0,0.0,0.0,0.0,0.0,0.0,0.0,0.02173204,0.0,0.0,0.0,0.0,0.0,0.0,0.0,0.0,0.0,0.0,0.0,0.0,inf,inf,inf,inf,inf,1,1,1,1,0,0,0,0,0,0,1,1,0,0,0,0
1777225940029000,0,1777225642797000,47.397742,8.545594,-0.022238987,-0.00752684,0.0,0.0,0.0,0.0,0.0,0.0,0.0,0.0,0.0,0.0,0.0,0.0,0.0,0.0,0.02173204,0.0,0.0,0.0,0.0,0.0,0.0,0.0,0.0,0.0,0.0,0.0,0.0,inf,inf,inf,inf,inf,1,1,1,1,0,0,0,0,0,0,1,1,0,0,0,0
1777225940045000,0,1777225642797000,47.397742,8.545594,-0.022238987,-0.00752684,0.0,0.0,0.0,0.0,0.0,0.0,0.0,0.0,0.0,0.0,0.0,0.0,0.0,0.0,0.02173204,0.0,0.0,0.0,0.0,0.0,0.0,0.0,0.0,0.0,0.0,0.0,0.0,inf,inf,inf,inf,inf,1,1,1,1,0,0,0,0,0,0,1,1,0,0,0,0
1777225940061000,0,1777225642797000,47.397742,8.545594,-0.022238987,-0.00752684,0.0,0.0,0.0,0.0,0.0,0.0,0.0,0.0,0.0,0.0,0.0,0.0,0.0,0.0,0.02173204,0.0,0.0,0.0,0.0,0.0,0.0,0.0,0.0,0.0,0.0,0.0,0.0,inf,inf,inf,inf,inf,1,1,1,1,0,0,0,0,0,0,1,1,0,0,0,0
1777225940085000,0,1777225642797000,47.397742,8.545594,-0.033358477,-0.00752684,0.0,0.0,0.0,0.0,0.0,0.0,0.0,0.0,0.0,0.0,0.0,0.0,0.0,0.0,0.02173204,0.0,0.0,0.0,0.0,0.0,0.0,0.0,0.0,0.0,0.0,0.0,0.0,inf,inf,inf,inf,inf,1,1,1,1,0,0,0,0,0,0,1,1,0,0,0,0
1777225940109000,0,1777225642797000,47.397742,8.545594,-0.033358477,0.0,0.0,0.0,0.0,0.0,0.0,0.0,0.0,0.0,0.0,0.0,0.0,0.0,0.0,0.0,0.02173204,0.0,0.0,0.0,0.0,0.0,0.0,0.0,0.0,0.0,0.0,0.0,0.0,inf,inf,inf,inf,inf,1,1,1,1,0,0,0,0,0,0,1,1,0,0,0,0
1777225940125000,0,1777225642797000,47.397742,8.545594,-0.033358477,0.00752684,0.0,0.0,0.0,0.0,0.0,0.0,0.0,0.0,0.0,0.0,0.0,0.0,0.0,0.0,0.02173204,0.0,0.0,0.0,0.0,0.0,0.0,0.0,0.0,0.0,0.0,0.0,0.0,inf,inf,inf,inf,inf,1,1,1,1,0,0,0,0,0,0,1,1,0,0,0,0
1777225940149000,0,1777225642797000,47.397742,8.545594,-0.022238987,0.0,0.0,0.0,0.0,0.0,0.0,0.0,0.0,0.0,0.0,0.0,0.0,0.0,0.0,0.0,0.02173204,0.0,0.0,0.0,0.0,0.0,0.0,0.0,0.0,0.0,0.0,0.0,0.0,inf,inf,inf,inf,inf,1,1,1,1,0,0,0,0,0,0,1,1,0,0,0,0
1777225940165000,0,1777225642797000,47.397742,8.545594,-0.022238987,0.0,0.0,0.0,0.0,0.0,0.0,0.0,0.0,0.0,0.0,0.0,0.0,0.0,0.0,0.0,0.02173204,0.0,0.0,0.0,0.0,0.0,0.0,0.0,0.0,0.0,0.0,0.0,0.0,inf,inf,inf,inf,inf,1,1,1,1,0,0,0,0,0,0,1,1,0,0,0,0
1777225940189000,0,1777225642797000,47.397742,8.545594,-0.033358477,0.00752684,0.0,0.0,0.0,0.0,0.0,0.0,0.0,0.0,0.0,0.0,0.0,0.0,0.0,0.0,0.02173204,0.0,0.0,0.0,0.0,0.0,0.0,0.0,0.0,0.0,0.0,0.0,0.0,inf,inf,inf,inf,inf,1,1,1,1,0,0,0,0,0,0,1,1,0,0,0,0
1777225940205000,0,1777225642797000,47.397742,8.545594,-0.033358477,0.0,0.0,0.0,0.0,0.0,0.0,0.0,0.0,0.0,0.0,0.0,0.0,0.0,0.0,0.0,0.02173204,0.0,0.0,0.0,0.0,0.0,0.0,0.0,0.0,0.0,0.0,0.0,0.0,inf,inf,inf,inf,inf,1,1,1,1,0,0,0,0,0,0,1,1,0,0,0,0
1777225940221000,0,1777225642797000,47.397742,8.545594,-0.022238987,0.0,0.0,0.0,0.0,0.0,0.0,0.0,0.0,0.0,0.0,0.0,0.0,0.0,0.0,0.0,0.02173204,0.0,0.0,0.0,0.0,0.0,0.0,0.0,0.0,0.0,0.0,0.0,0.0,inf,inf,inf,inf,inf,1,1,1,1,0,0,0,0,0,0,1,1,0,0,0,0
1777225940245000,0,1777225642797000,47.397742,8.545594,-0.022238987,0.0,0.0,0.0,0.0,0.0,0.0,0.0,0.0,0.0,0.0,0.0,0.0,0.0,0.0,0.0,0.02173204,0.0,0.0,0.0,0.0,0.0,0.0,0.0,0.0,0.0,0.0,0.0,0.0,inf,inf,inf,inf,inf,1,1,1,1,0,0,0,0,0,0,1,1,0,0,0,0
1777225940261000,0,1777225642797000,47.397742,8.545594,-0.033358477,-0.00752684,0.0,0.0,0.0,0.0,0.0,0.0,0.0,0.0,0.0,0.0,0.0,0.0,0.0,0.0,0.02173204,0.0,0.0,0.0,0.0,0.0,0.0,0.0,0.0,0.0,0.0,0.0,0.0,inf,inf,inf,inf,inf,1,1,1,1,0,0,0,0,0,0,1,1,0,0,0,0
1777225940285000,0,1777225642797000,47.397742,8.545594,-0.022238987,0.00752684,0.0,0.0,0.0,0.0,0.0,0.0,0.0,0.0,0.0,0.0,0.0,0.0,0.0,0.0,0.02173204,0.0,0.0,0.0,0.0,0.0,0.0,0.0,0.0,0.0,0.0,0.0,0.0,inf,inf,inf,inf,inf,1,1,1,1,0,0,0,0,0,0,1,1,0,0,0,0
1777225940301000,0,1777225642797000,47.397742,8.545594,-0.033358477,0.00752684,0.0,0.0,0.0,0.0,0.0,0.0,0.0,0.0,0.0,0.0,0.0,0.0,0.0,0.0,0.02173204,0.0,0.0,0.0,0.0,0.0,0.0,0.0,0.0,0.0,0.0,0.0,0.0,inf,inf,inf,inf,inf,1,1,1,1,0,0,0,0,0,0,1,1,0,0,0,0
1777225940325000,0,1777225642797000,47.397742,8.545594,-0.022238987,0.00752684,0.0,0.0,0.0,0.0,0.0,0.0,0.0,0.0,0.0,0.0,0.0,0.0,0.0,0.0,0.02173204,0.0,0.0,0.0,0.0,0.0,0.0,0.0,0.0,0.0,0.0,0.0,0.0,inf,inf,inf,inf,inf,1,1,1,1,0,0,0,0,0,0,1,1,0,0,0,0
1777225940349000,0,1777225642797000,47.397742,8.545594,-0.022238987,0.01505368,0.0,0.0,0.0,0.0,0.0,0.0,0.0,0.0,0.0,0.0,0.0,0.0,0.0,0.0,0.02173204,0.0,0.0,0.0,0.0,0.0,0.0,0.0,0.0,0.0,0.0,0.0,0.0,inf,inf,inf,inf,inf,1,1,1,1,0,0,0,0,0,0,1,1,0,0,0,0
1777225940365000,0,1777225642797000,47.397742,8.545594,-0.022238987,0.00752684,0.0,0.0,0.0,0.0,0.0,0.0,0.0,0.0,0.0,0.0,0.0,0.0,0.0,0.0,0.02173204,0.0,0.0,0.0,0.0,0.0,0.0,0.0,0.0,0.0,0.0,0.0,0.0,inf,inf,inf,inf,inf,1,1,1,1,0,0,0,0,0,0,1,1,0,0,0,0
1777225940389000,0,1777225642797000,47.397742,8.545594,-0.022238987,0.00752684,0.0,0.0,0.0,0.0,0.0,0.0,0.0,0.0,0.0,0.0,0.0,0.0,0.0,0.0,0.02173204,0.0,0.0,0.0,0.0,0.0,0.0,0.0,0.0,0.0,0.0,0.0,0.0,inf,inf,inf,inf,inf,1,1,1,1,0,0,0,0,0,0,1,1,0,0,0,0
1777225940405000,0,1777225642797000,47.397742,8.545594,-0.022238987,0.0,0.0,0.0,0.0,0.0,0.0,0.0,0.0,0.0,0.0,0.0,0.0,0.0,0.0,0.0,0.02173204,0.0,0.0,0.0,0.0,0.0,0.0,0.0,0.0,0.0,0.0,0.0,0.0,inf,inf,inf,inf,inf,1,1,1,1,0,0,0,0,0,0,1,1,0,0,0,0
1777225940429000,0,1777225642797000,47.397742,8.545594,-0.022238987,0.00752684,0.0,0.0,0.0,0.0,0.0,0.0,0.0,0.0,0.0,0.0,0.0,0.0,0.0,0.0,0.02173204,0.0,0.0,0.0,0.0,0.0,0.0,0.0,0.0,0.0,0.0,0.0,0.0,inf,inf,inf,inf,inf,1,1,1,1,0,0,0,0,0,0,1,1,0,0,0,0
1777225940445000,0,1777225642797000,47.397742,8.545594,-0.033358477,0.01505368,0.0,0.0,0.0,0.0,0.0,0.0,0.0,0.0,0.0,0.0,0.0,0.0,0.0,0.0,0.02173204,0.0,0.0,0.0,0.0,0.0,0.0,0.0,0.0,0.0,0.0,0.0,0.0,inf,inf,inf,inf,inf,1,1,1,1,0,0,0,0,0,0,1,1,0,0,0,0
1777225940469000,0,1777225642797000,47.397742,8.545594,-0.022238987,0.01505368,0.0,0.0,0.0,0.0,0.0,0.0,0.0,0.0,0.0,0.0,0.0,0.0,0.0,0.0,0.02173204,0.0,0.0,0.0,0.0,0.0,0.0,0.0,0.0,0.0,0.0,0.0,0.0,inf,inf,inf,inf,inf,1,1,1,1,0,0,0,0,0,0,1,1,0,0,0,0
1777225940485000,0,1777225642797000,47.397742,8.545594,-0.033358477,0.00752684,0.0,0.0,0.0,0.0,0.0,0.0,0.0,0.0,0.0,0.0,0.0,0.0,0.0,0.0,0.02173204,0.0,0.0,0.0,0.0,0.0,0.0,0.0,0.0,0.0,0.0,0.0,0.0,inf,inf,inf,inf,inf,1,1,1,1,0,0,0,0,0,0,1,1,0,0,0,0
1777225940509000,0,1777225642797000,47.397742,8.545594,-0.033358477,0.01505368,0.0,0.0,0.0,0.0,0.0,0.0,0.0,0.0,0.0,0.0,0.0,0.0,0.0,0.0,0.02173204,0.0,0.0,0.0,0.0,0.0,0.0,0.0,0.0,0.0,0.0,0.0,0.0,inf,inf,inf,inf,inf,1,1,1,1,0,0,0,0,0,0,1,1,0,0,0,0
1777225940525000,0,1777225642797000,47.397742,8.545594,-0.04447797,0.01505368,0.0,0.0,0.0,0.0,0.0,0.0,0.0,0.0,0.0,0.0,0.0,0.0,0.0,0.0,0.02173204,0.0,0.0,0.0,0.0,0.0,0.0,0.0,0.0,0.0,0.0,0.0,0.0,inf,inf,inf,inf,inf,1,1,1,1,0,0,0,0,0,0,1,1,0,0,0,0
1777225940549000,0,1777225642797000,47.397742,8.545594,-0.04447797,0.03010736,0.0,0.0,0.0,0.0,0.0,0.0,0.0,0.0,0.0,0.0,0.0,0.0,0.0,0.0,0.02173204,0.0,0.0,0.0,0.0,0.0,0.0,0.0,0.0,0.0,0.0,0.0,0.0,inf,inf,inf,inf,inf,1,1,1,1,0,0,0,0,0,0,1,1,0,0,0,0
1777225940565000,0,1777225642797000,47.397742,8.545594,-0.04447797,0.02258052,0.0,0.0,0.0,0.0,0.0,0.0,0.0,0.0,0.0,0.0,0.0,0.0,0.0,0.0,0.02173204,0.0,0.0,0.0,0.0,0.0,0.0,0.0,0.0,0.0,0.0,0.0,0.0,inf,inf,inf,inf,inf,1,1,1,1,0,0,0,0,0,0,1,1,0,0,0,0
1777225940589000,0,1777225642797000,47.397742,8.545594,-0.04447797,0.03010736,0.0,0.0,0.0,0.0,0.0,0.0,0.0,0.0,0.0,0.0,0.0,0.0,0.0,0.0,0.02173204,0.0,0.0,0.0,0.0,0.0,0.0,0.0,0.0,0.0,0.0,0.0,0.0,inf,inf,inf,inf,inf,1,1,1,1,0,0,0,0,0,0,1,1,0,0,0,0
1777225940605000,0,1777225642797000,47.397742,8.545594,-0.04447797,0.03010736,0.0,0.0,0.0,0.0,0.0,0.0,0.0,0.0,0.0,0.0,0.0,0.0,0.0,0.0,0.02173204,0.0,0.0,0.0,0.0,0.0,0.0,0.0,0.0,0.0,0.0,0.0,0.0,inf,inf,inf,inf,inf,1,1,1,1,0,0,0,0,0,0,1,1,0,0,0,0
1777225940629000,0,1777225642797000,47.397742,8.545594,-0.04447797,0.02258052,0.0,0.0,0.0,0.0,0.0,0.0,0.0,0.0,0.0,0.0,0.0,0.0,0.0,0.0,0.02173204,0.0,0.0,0.0,0.0,0.0,0.0,0.0,0.0,0.0,0.0,0.0,0.0,inf,inf,inf,inf,inf,1,1,1,1,0,0,0,0,0,0,1,1,0,0,0,0
1777225940645000,0,1777225642797000,47.397742,8.545594,-0.04447797,0.02258052,0.0,0.0,0.0,0.0,0.0,0.0,0.0,0.0,0.0,0.0,0.0,0.0,0.0,0.0,0.02173204,0.0,0.0,0.0,0.0,0.0,0.0,0.0,0.0,0.0,0.0,0.0,0.0,inf,inf,inf,inf,inf,1,1,1,1,0,0,0,0,0,0,1,1,0,0,0,0
1777225940661000,0,1777225642797000,47.397742,8.545594,-0.04447797,0.00752684,0.0,0.0,0.0,0.0,0.0,0.0,0.0,0.0,0.0,0.0,0.0,0.0,0.0,0.0,0.02173204,0.0,0.0,0.0,0.0,0.0,0.0,0.0,0.0,0.0,0.0,0.0,0.0,inf,inf,inf,inf,inf,1,1,1,1,0,0,0,0,0,0,1,1,0,0,0,0
1777225940685000,0,1777225642797000,47.397742,8.545594,-0.04447797,0.01505368,0.0,0.0,0.0,0.0,0.0,0.0,0.0,0.0,0.0,0.0,0.0,0.0,0.0,0.0,0.02173204,0.0,0.0,0.0,0.0,0.0,0.0,0.0,0.0,0.0,0.0,0.0,0.0,inf,inf,inf,inf,inf,1,1,1,1,0,0,0,0,0,0,1,1,0,0,0,0
1777225940709000,0,1777225642797000,47.397742,8.545594,-0.04447797,0.00752684,0.0,0.0,0.0,0.0,0.0,0.0,0.0,0.0,0.0,0.0,0.0,0.0,0.0,0.0,0.02173204,0.0,0.0,0.0,0.0,0.0,0.0,0.0,0.0,0.0,0.0,0.0,0.0,inf,inf,inf,inf,inf,1,1,1,1,0,0,0,0,0,0,1,1,0,0,0,0
1777225940725000,0,1777225642797000,47.397742,8.545594,-0.05559746,0.00752684,0.0,0.0,0.0,0.0,0.0,0.0,0.0,0.0,0.0,0.0,0.0,0.0,0.0,0.0,0.02173204,0.0,0.0,0.0,0.0,0.0,0.0,0.0,0.0,0.0,0.0,0.0,0.0,inf,inf,inf,inf,inf,1,1,1,1,0,0,0,0,0,0,1,1,0,0,0,0
1777225940749000,0,1777225642797000,47.397742,8.545594,-0.04447797,0.01505368,0.0,0.0,0.0,0.0,0.0,0.0,0.0,0.0,0.0,0.0,0.0,0.0,0.0,0.0,0.02173204,0.0,0.0,0.0,0.0,0.0,0.0,0.0,0.0,0.0,0.0,0.0,0.0,inf,inf,inf,inf,inf,1,1,1,1,0,0,0,0,0,0,1,1,0,0,0,0
1777225940765000,0,1777225642797000,47.397742,8.545594,-0.033358477,0.01505368,0.0,0.0,0.0,0.0,0.0,0.0,0.0,0.0,0.0,0.0,0.0,0.0,0.0,0.0,0.02173204,0.0,0.0,0.0,0.0,0.0,0.0,0.0,0.0,0.0,0.0,0.0,0.0,inf,inf,inf,inf,inf,1,1,1,1,0,0,0,0,0,0,1,1,0,0,0,0
1777225940789000,0,1777225642797000,47.397742,8.545594,-0.022238987,0.01505368,0.0,0.0,0.0,0.0,0.0,0.0,0.0,0.0,0.0,0.0,0.0,0.0,0.0,0.0,0.02173204,0.0,0.0,0.0,0.0,0.0,0.0,0.0,0.0,0.0,0.0,0.0,0.0,inf,inf,inf,inf,inf,1,1,1,1,0,0,0,0,0,0,1,1,0,0,0,0
1777225940805000,0,1777225642797000,47.397742,8.545594,-0.033358477,0.02258052,0.0,0.0,0.0,0.0,0.0,0.0,0.0,0.0,0.0,0.0,0.0,0.0,0.0,0.0,0.02173204,0.0,0.0,0.0,0.0,0.0,0.0,0.0,0.0,0.0,0.0,0.0,0.0,inf,inf,inf,inf,inf,1,1,1,1,0,0,0,0,0,0,1,1,0,0,0,0
1777225940829000,0,1777225642797000,47.397742,8.545594,-0.033358477,0.00752684,0.0,0.0,0.0,0.0,0.0,0.0,0.0,0.0,0.0,0.0,0.0,0.0,0.0,0.0,0.02173204,0.0,0.0,0.0,0.0,0.0,0.0,0.0,0.0,0.0,0.0,0.0,0.0,inf,inf,inf,inf,inf,1,1,1,1,0,0,0,0,0,0,1,1,0,0,0,0
1777225940845000,0,1777225642797000,47.397742,8.545594,-0.04447797,0.00752684,0.0,0.0,0.0,0.0,0.0,0.0,0.0,0.0,0.0,0.0,0.0,0.0,0.0,0.0,0.02173204,0.0,0.0,0.0,0.0,0.0,0.0,0.0,0.0,0.0,0.0,0.0,0.0,inf,inf,inf,inf,inf,1,1,1,1,0,0,0,0,0,0,1,1,0,0,0,0
1777225940869000,0,1777225642797000,47.397742,8.545594,-0.033358477,0.0,0.0,0.0,0.0,0.0,0.0,0.0,0.0,0.0,0.0,0.0,0.0,0.0,0.0,0.0,0.02173204,0.0,0.0,0.0,0.0,0.0,0.0,0.0,0.0,0.0,0.0,0.0,0.0,inf,inf,inf,inf,inf,1,1,1,1,0,0,0,0,0,0,1,1,0,0,0,0
1777225940885000,0,1777225642797000,47.397742,8.545594,-0.033358477,0.0,0.0,0.0,0.0,0.0,0.0,0.0,0.0,0.0,0.0,0.0,0.0,0.0,0.0,0.0,0.02173204,0.0,0.0,0.0,0.0,0.0,0.0,0.0,0.0,0.0,0.0,0.0,0.0,inf,inf,inf,inf,inf,1,1,1,1,0,0,0,0,0,0,1,1,0,0,0,0
1777225940909000,0,1777225642797000,47.397742,8.545594,-0.04447797,0.0,0.0,0.0,0.0,0.0,0.0,0.0,0.0,0.0,0.0,0.0,0.0,0.0,0.0,0.0,0.02173204,0.0,0.0,0.0,0.0,0.0,0.0,0.0,0.0,0.0,0.0,0.0,0.0,inf,inf,inf,inf,inf,1,1,1,1,0,0,0,0,0,0,1,1,0,0,0,0
1777225940925000,0,1777225642797000,47.397742,8.545594,-0.033358477,-0.00752684,0.0,0.0,0.0,0.0,0.0,0.0,0.0,0.0,0.0,0.0,0.0,0.0,0.0,0.0,0.02173204,0.0,0.0,0.0,0.0,0.0,0.0,0.0,0.0,0.0,0.0,0.0,0.0,inf,inf,inf,inf,inf,1,1,1,1,0,0,0,0,0,0,1,1,0,0,0,0
1777225940949000,0,1777225642797000,47.397742,8.545594,-0.04447797,-0.00752684,0.0,0.0,0.0,0.0,0.0,0.0,0.0,0.0,0.0,0.0,0.0,0.0,0.0,0.0,0.02173204,0.0,0.0,0.0,0.0,0.0,0.0,0.0,0.0,0.0,0.0,0.0,0.0,inf,inf,inf,inf,inf,1,1,1,1,0,0,0,0,0,0,1,1,0,0,0,0
1777225940965000,0,1777225642797000,47.397742,8.545594,-0.04447797,-0.00752684,0.0,0.0,0.0,0.0,0.0,0.0,0.0,0.0,0.0,0.0,0.0,0.0,0.0,0.0,0.02173204,0.0,0.0,0.0,0.0,0.0,0.0,0.0,0.0,0.0,0.0,0.0,0.0,inf,inf,inf,inf,inf,1,1,1,1,0,0,0,0,0,0,1,1,0,0,0,0
1777225940981000,0,1777225642797000,47.397742,8.545594,-0.033358477,-0.00752684,0.0,0.0,0.0,0.0,0.0,0.0,0.0,0.0,0.0,0.0,0.0,0.0,0.0,0.0,0.02173204,0.0,0.0,0.0,0.0,0.0,0.0,0.0,0.0,0.0,0.0,0.0,0.0,inf,inf,inf,inf,inf,1,1,1,1,0,0,0,0,0,0,1,1,0,0,0,0
1777225941005000,0,1777225642797000,47.397742,8.545594,-0.04447797,-0.00752684,0.0,0.0,0.0,0.0,0.0,0.0,0.0,0.0,0.0,0.0,0.0,0.0,0.0,0.0,0.02173204,0.0,0.0,0.0,0.0,0.0,0.0,0.0,0.0,0.0,0.0,0.0,0.0,inf,inf,inf,inf,inf,1,1,1,1,0,0,0,0,0,0,1,1,0,0,0,0
1777225941021000,0,1777225642797000,47.397742,8.545594,-0.04447797,0.0,0.0,0.0,0.0,0.0,0.0,0.0,0.0,0.0,0.0,0.0,0.0,0.0,0.0,0.0,0.02173204,0.0,0.0,0.0,0.0,0.0,0.0,0.0,0.0,0.0,0.0,0.0,0.0,inf,inf,inf,inf,inf,1,1,1,1,0,0,0,0,0,0,1,1,0,0,0,0
1777225941045000,0,1777225642797000,47.397742,8.545594,-0.04447797,-0.00752684,0.0,0.0,0.0,0.0,0.0,0.0,0.0,0.0,0.0,0.0,0.0,0.0,0.0,0.0,0.02173204,0.0,0.0,0.0,0.0,0.0,0.0,0.0,0.0,0.0,0.0,0.0,0.0,inf,inf,inf,inf,inf,1,1,1,1,0,0,0,0,0,0,1,1,0,0,0,0
1777225941069000,0,1777225642797000,47.397742,8.545594,-0.04447797,-0.01505368,0.0,0.0,0.0,0.0,0.0,0.0,0.0,0.0,0.0,0.0,0.0,0.0,0.0,0.0,0.02173204,0.0,0.0,0.0,0.0,0.0,0.0,0.0,0.0,0.0,0.0,0.0,0.0,inf,inf,inf,inf,inf,1,1,1,1,0,0,0,0,0,0,1,1,0,0,0,0
1777225941085000,0,1777225642797000,47.397742,8.545594,-0.033358477,-0.00752684,0.0,0.0,0.0,0.0,0.0,0.0,0.0,0.0,0.0,0.0,0.0,0.0,0.0,0.0,0.02173204,0.0,0.0,0.0,0.0,0.0,0.0,0.0,0.0,0.0,0.0,0.0,0.0,inf,inf,inf,inf,inf,1,1,1,1,0,0,0,0,0,0,1,1,0,0,0,0
1777225941109000,0,1777225642797000,47.397742,8.545594,-0.022238987,-0.00752684,0.0,0.0,0.0,0.0,0.0,0.0,0.0,0.0,0.0,0.0,0.0,0.0,0.0,0.0,0.02173204,0.0,0.0,0.0,0.0,0.0,0.0,0.0,0.0,0.0,0.0,0.0,0.0,inf,inf,inf,inf,inf,1,1,1,1,0,0,0,0,0,0,1,1,0,0,0,0
1777225941125000,0,1777225642797000,47.397742,8.545594,-0.022238987,0.0,0.0,0.0,0.0,0.0,0.0,0.0,0.0,0.0,0.0,0.0,0.0,0.0,0.0,0.0,0.02173204,0.0,0.0,0.0,0.0,0.0,0.0,0.0,0.0,0.0,0.0,0.0,0.0,inf,inf,inf,inf,inf,1,1,1,1,0,0,0,0,0,0,1,1,0,0,0,0
1777225941141000,0,1777225642797000,47.397742,8.545594,-0.022238987,0.00752684,0.0,0.0,0.0,0.0,0.0,0.0,0.0,0.0,0.0,0.0,0.0,0.0,0.0,0.0,0.02173204,0.0,0.0,0.0,0.0,0.0,0.0,0.0,0.0,0.0,0.0,0.0,0.0,inf,inf,inf,inf,inf,1,1,1,1,0,0,0,0,0,0,1,1,0,0,0,0
1777225941165000,0,1777225642797000,47.397742,8.545594,-0.033358477,0.00752684,0.0,0.0,0.0,0.0,0.0,0.0,0.0,0.0,0.0,0.0,0.0,0.0,0.0,0.0,0.02173204,0.0,0.0,0.0,0.0,0.0,0.0,0.0,0.0,0.0,0.0,0.0,0.0,inf,inf,inf,inf,inf,1,1,1,1,0,0,0,0,0,0,1,1,0,0,0,0
1777225941189000,0,1777225642797000,47.397742,8.545594,-0.022238987,-0.00752684,0.0,0.0,0.0,0.0,0.0,0.0,0.0,0.0,0.0,0.0,0.0,0.0,0.0,0.0,0.02173204,0.0,0.0,0.0,0.0,0.0,0.0,0.0,0.0,0.0,0.0,0.0,0.0,inf,inf,inf,inf,inf,1,1,1,1,0,0,0,0,0,0,1,1,0,0,0,0
1777225941205000,0,1777225642797000,47.397742,8.545594,-0.033358477,0.0,0.0,0.0,0.0,0.0,0.0,0.0,0.0,0.0,0.0,0.0,0.0,0.0,0.0,0.0,0.02173204,0.0,0.0,0.0,0.0,0.0,0.0,0.0,0.0,0.0,0.0,0.0,0.0,inf,inf,inf,inf,inf,1,1,1,1,0,0,0,0,0,0,1,1,0,0,0,0
1777225941229000,0,1777225642797000,47.397742,8.545594,-0.033358477,0.0,0.0,0.0,0.0,0.0,0.0,0.0,0.0,0.0,0.0,0.0,0.0,0.0,0.0,0.0,0.02173204,0.0,0.0,0.0,0.0,0.0,0.0,0.0,0.0,0.0,0.0,0.0,0.0,inf,inf,inf,inf,inf,1,1,1,1,0,0,0,0,0,0,1,1,0,0,0,0
1777225941245000,0,1777225642797000,47.397742,8.545594,-0.033358477,0.0,0.0,0.0,0.0,0.0,0.0,0.0,0.0,0.0,0.0,0.0,0.0,0.0,0.0,0.0,0.02173204,0.0,0.0,0.0,0.0,0.0,0.0,0.0,0.0,0.0,0.0,0.0,0.0,inf,inf,inf,inf,inf,1,1,1,1,0,0,0,0,0,0,1,1,0,0,0,0
1777225941269000,0,1777225642797000,47.397742,8.545594,-0.033358477,-0.00752684,0.0,0.0,0.0,0.0,0.0,0.0,0.0,0.0,0.0,0.0,0.0,0.0,0.0,0.0,0.02173204,0.0,0.0,0.0,0.0,0.0,0.0,0.0,0.0,0.0,0.0,0.0,0.0,inf,inf,inf,inf,inf,1,1,1,1,0,0,0,0,0,0,1,1,0,0,0,0
1777225941285000,0,1777225642797000,47.397742,8.545594,-0.033358477,0.0,0.0,0.0,0.0,0.0,0.0,0.0,0.0,0.0,0.0,0.0,0.0,0.0,0.0,0.0,0.02173204,0.0,0.0,0.0,0.0,0.0,0.0,0.0,0.0,0.0,0.0,0.0,0.0,inf,inf,inf,inf,inf,1,1,1,1,0,0,0,0,0,0,1,1,0,0,0,0
1777225941301000,0,1777225642797000,47.397742,8.545594,-0.022238987,-0.00752684,0.0,0.0,0.0,0.0,0.0,0.0,0.0,0.0,0.0,0.0,0.0,0.0,0.0,0.0,0.02173204,0.0,0.0,0.0,0.0,0.0,0.0,0.0,0.0,0.0,0.0,0.0,0.0,inf,inf,inf,inf,inf,1,1,1,1,0,0,0,0,0,0,1,1,0,0,0,0
1777225941325000,0,1777225642797000,47.397742,8.545594,-0.033358477,-0.00752684,0.0,0.0,0.0,0.0,0.0,0.0,0.0,0.0,0.0,0.0,0.0,0.0,0.0,0.0,0.02173204,0.0,0.0,0.0,0.0,0.0,0.0,0.0,0.0,0.0,0.0,0.0,0.0,inf,inf,inf,inf,inf,1,1,1,1,0,0,0,0,0,0,1,1,0,0,0,0
1777225941349000,0,1777225642797000,47.397742,8.545594,-0.033358477,0.0,0.0,0.0,0.0,0.0,0.0,0.0,0.0,0.0,0.0,0.0,0.0,0.0,0.0,0.0,0.02173204,0.0,0.0,0.0,0.0,0.0,0.0,0.0,0.0,0.0,0.0,0.0,0.0,inf,inf,inf,inf,inf,1,1,1,1,0,0,0,0,0,0,1,1,0,0,0,0
1777225941365000,0,1777225642797000,47.397742,8.545594,-0.033358477,0.00752684,0.0,0.0,0.0,0.0,0.0,0.0,0.0,0.0,0.0,0.0,0.0,0.0,0.0,0.0,0.02173204,0.0,0.0,0.0,0.0,0.0,0.0,0.0,0.0,0.0,0.0,0.0,0.0,inf,inf,inf,inf,inf,1,1,1,1,0,0,0,0,0,0,1,1,0,0,0,0
1777225941389000,0,1777225642797000,47.397742,8.545594,-0.022238987,0.00752684,0.0,0.0,0.0,0.0,0.0,0.0,0.0,0.0,0.0,0.0,0.0,0.0,0.0,0.0,0.02173204,0.0,0.0,0.0,0.0,0.0,0.0,0.0,0.0,0.0,0.0,0.0,0.0,inf,inf,inf,inf,inf,1,1,1,1,0,0,0,0,0,0,1,1,0,0,0,0
1777225941405000,0,1777225642797000,47.397742,8.545594,-0.033358477,0.02258052,0.0,0.0,0.0,0.0,0.0,0.0,0.0,0.0,0.0,0.0,0.0,0.0,0.0,0.0,0.02173204,0.0,0.0,0.0,0.0,0.0,0.0,0.0,0.0,0.0,0.0,0.0,0.0,inf,inf,inf,inf,inf,1,1,1,1,0,0,0,0,0,0,1,1,0,0,0,0
1777225941429000,0,1777225642797000,47.397742,8.545594,-0.033358477,0.02258052,0.0,0.0,0.0,0.0,0.0,0.0,0.0,0.0,0.0,0.0,0.0,0.0,0.0,0.0,0.02173204,0.0,0.0,0.0,0.0,0.0,0.0,0.0,0.0,0.0,0.0,0.0,0.0,inf,inf,inf,inf,inf,1,1,1,1,0,0,0,0,0,0,1,1,0,0,0,0
1777225941445000,0,1777225642797000,47.397742,8.545594,-0.033358477,0.02258052,0.0,0.0,0.0,0.0,0.0,0.0,0.0,0.0,0.0,0.0,0.0,0.0,0.0,0.0,0.02173204,0.0,0.0,0.0,0.0,0.0,0.0,0.0,0.0,0.0,0.0,0.0,0.0,inf,inf,inf,inf,inf,1,1,1,1,0,0,0,0,0,0,1,1,0,0,0,0
1777225941469000,0,1777225642797000,47.397742,8.545594,-0.033358477,0.02258052,0.0,0.0,0.0,0.0,0.0,0.0,0.0,0.0,0.0,0.0,0.0,0.0,0.0,0.0,0.02173204,0.0,0.0,0.0,0.0,0.0,0.0,0.0,0.0,0.0,0.0,0.0,0.0,inf,inf,inf,inf,inf,1,1,1,1,0,0,0,0,0,0,1,1,0,0,0,0
1777225941485000,0,1777225642797000,47.397742,8.545594,-0.022238987,0.02258052,0.0,0.0,0.0,0.0,0.0,0.0,0.0,0.0,0.0,0.0,0.0,0.0,0.0,0.0,0.02173204,0.0,0.0,0.0,0.0,0.0,0.0,0.0,0.0,0.0,0.0,0.0,0.0,inf,inf,inf,inf,inf,1,1,1,1,0,0,0,0,0,0,1,1,0,0,0,0
1777225941509000,0,1777225642797000,47.397742,8.545594,-0.033358477,0.00752684,0.0,0.0,0.0,0.0,0.0,0.0,0.0,0.0,0.0,0.0,0.0,0.0,0.0,0.0,0.02173204,0.0,0.0,0.0,0.0,0.0,0.0,0.0,0.0,0.0,0.0,0.0,0.0,inf,inf,inf,inf,inf,1,1,1,1,0,0,0,0,0,0,1,1,0,0,0,0
1777225941525000,0,1777225642797000,47.397742,8.545594,-0.033358477,0.0,0.0,0.0,0.0,0.0,0.0,0.0,0.0,0.0,0.0,0.0,0.0,0.0,0.0,0.0,0.02173204,0.0,0.0,0.0,0.0,0.0,0.0,0.0,0.0,0.0,0.0,0.0,0.0,inf,inf,inf,inf,inf,1,1,1,1,0,0,0,0,0,0,1,1,0,0,0,0
1777225941549000,0,1777225642797000,47.397742,8.545594,-0.033358477,0.0,0.0,0.0,0.0,0.0,0.0,0.0,0.0,0.0,0.0,0.0,0.0,0.0,0.0,0.0,0.02173204,0.0,0.0,0.0,0.0,0.0,0.0,0.0,0.0,0.0,0.0,0.0,0.0,inf,inf,inf,inf,inf,1,1,1,1,0,0,0,0,0,0,1,1,0,0,0,0
1777225941565000,0,1777225642797000,47.397742,8.545594,-0.033358477,0.0,0.0,0.0,0.0,0.0,0.0,0.0,0.0,0.0,0.0,0.0,0.0,0.0,0.0,0.0,0.02173204,0.0,0.0,0.0,0.0,0.0,0.0,0.0,0.0,0.0,0.0,0.0,0.0,inf,inf,inf,inf,inf,1,1,1,1,0,0,0,0,0,0,1,1,0,0,0,0
1777225941581000,0,1777225642797000,47.397742,8.545594,-0.033358477,0.0,0.0,0.0,0.0,0.0,0.0,0.0,0.0,0.0,0.0,0.0,0.0,0.0,0.0,0.0,0.02173204,0.0,0.0,0.0,0.0,0.0,0.0,0.0,0.0,0.0,0.0,0.0,0.0,inf,inf,inf,inf,inf,1,1,1,1,0,0,0,0,0,0,1,1,0,0,0,0
1777225941605000,0,1777225642797000,47.397742,8.545594,-0.022238987,0.0,0.0,0.0,0.0,0.0,0.0,0.0,0.0,0.0,0.0,0.0,0.0,0.0,0.0,0.0,0.02173204,0.0,0.0,0.0,0.0,0.0,0.0,0.0,0.0,0.0,0.0,0.0,0.0,inf,inf,inf,inf,inf,1,1,1,1,0,0,0,0,0,0,1,1,0,0,0,0
1777225941629000,0,1777225642797000,47.397742,8.545594,-0.022238987,0.00752684,0.0,0.0,0.0,0.0,0.0,0.0,0.0,0.0,0.0,0.0,0.0,0.0,0.0,0.0,0.02173204,0.0,0.0,0.0,0.0,0.0,0.0,0.0,0.0,0.0,0.0,0.0,0.0,inf,inf,inf,inf,inf,1,1,1,1,0,0,0,0,0,0,1,1,0,0,0,0
1777225941645000,0,1777225642797000,47.397742,8.545594,-0.022238987,0.01505368,0.0,0.0,0.0,0.0,0.0,0.0,0.0,0.0,0.0,0.0,0.0,0.0,0.0,0.0,0.02173204,0.0,0.0,0.0,0.0,0.0,0.0,0.0,0.0,0.0,0.0,0.0,0.0,inf,inf,inf,inf,inf,1,1,1,1,0,0,0,0,0,0,1,1,0,0,0,0
1777225941669000,0,1777225642797000,47.397742,8.545594,-0.022238987,0.01505368,0.0,0.0,0.0,0.0,0.0,0.0,0.0,0.0,0.0,0.0,0.0,0.0,0.0,0.0,0.02173204,0.0,0.0,0.0,0.0,0.0,0.0,0.0,0.0,0.0,0.0,0.0,0.0,inf,inf,inf,inf,inf,1,1,1,1,0,0,0,0,0,0,1,1,0,0,0,0
1777225941685000,0,1777225642797000,47.397742,8.545594,-0.022238987,0.00752684,0.0,0.0,0.0,0.0,0.0,0.0,0.0,0.0,0.0,0.0,0.0,0.0,0.0,0.0,0.02173204,0.0,0.0,0.0,0.0,0.0,0.0,0.0,0.0,0.0,0.0,0.0,0.0,inf,inf,inf,inf,inf,1,1,1,1,0,0,0,0,0,0,1,1,0,0,0,0
1777225941701000,0,1777225642797000,47.397742,8.545594,-0.022238987,0.0,0.0,0.0,0.0,0.0,0.0,0.0,0.0,0.0,0.0,0.0,0.0,0.0,0.0,0.0,0.02173204,0.0,0.0,0.0,0.0,0.0,0.0,0.0,0.0,0.0,0.0,0.0,0.0,inf,inf,inf,inf,inf,1,1,1,1,0,0,0,0,0,0,1,1,0,0,0,0
1777225941725000,0,1777225642797000,47.397742,8.545594,-0.033358477,0.0,0.0,0.0,0.0,0.0,0.0,0.0,0.0,0.0,0.0,0.0,0.0,0.0,0.0,0.0,0.02173204,0.0,0.0,0.0,0.0,0.0,0.0,0.0,0.0,0.0,0.0,0.0,0.0,inf,inf,inf,inf,inf,1,1,1,1,0,0,0,0,0,0,1,1,0,0,0,0
1777225941741000,0,1777225642797000,47.397742,8.545594,-0.033358477,-0.01505368,0.0,0.0,0.0,0.0,0.0,0.0,0.0,0.0,0.0,0.0,0.0,0.0,0.0,0.0,0.02173204,0.0,0.0,0.0,0.0,0.0,0.0,0.0,0.0,0.0,0.0,0.0,0.0,inf,inf,inf,inf,inf,1,1,1,1,0,0,0,0,0,0,1,1,0,0,0,0
1777225941765000,0,1777225642797000,47.397742,8.545594,-0.033358477,0.0,0.0,0.0,0.0,0.0,0.0,0.0,0.0,0.0,0.0,0.0,0.0,0.0,0.0,0.0,0.02173204,0.0,0.0,0.0,0.0,0.0,0.0,0.0,0.0,0.0,0.0,0.0,0.0,inf,inf,inf,inf,inf,1,1,1,1,0,0,0,0,0,0,1,1,0,0,0,0
1777225941789000,0,1777225642797000,47.397742,8.545594,-0.033358477,0.00752684,0.0,0.0,0.0,0.0,0.0,0.0,0.0,0.0,0.0,0.0,0.0,0.0,0.0,0.0,0.02173204,0.0,0.0,0.0,0.0,0.0,0.0,0.0,0.0,0.0,0.0,0.0,0.0,inf,inf,inf,inf,inf,1,1,1,1,0,0,0,0,0,0,1,1,0,0,0,0
1777225941805000,0,1777225642797000,47.397742,8.545594,-0.033358477,0.00752684,0.0,0.0,0.0,0.0,0.0,0.0,0.0,0.0,0.0,0.0,0.0,0.0,0.0,0.0,0.02173204,0.0,0.0,0.0,0.0,0.0,0.0,0.0,0.0,0.0,0.0,0.0,0.0,inf,inf,inf,inf,inf,1,1,1,1,0,0,0,0,0,0,1,1,0,0,0,0
1777225941829000,0,1777225642797000,47.397742,8.545594,-0.033358477,0.01505368,0.0,0.0,0.0,0.0,0.0,0.0,0.0,0.0,0.0,0.0,0.0,0.0,0.0,0.0,0.02173204,0.0,0.0,0.0,0.0,0.0,0.0,0.0,0.0,0.0,0.0,0.0,0.0,inf,inf,inf,inf,inf,1,1,1,1,0,0,0,0,0,0,1,1,0,0,0,0
1777225941845000,0,1777225642797000,47.397742,8.545594,-0.033358477,0.01505368,0.0,0.0,0.0,0.0,0.0,0.0,0.0,0.0,0.0,0.0,0.0,0.0,0.0,0.0,0.02173204,0.0,0.0,0.0,0.0,0.0,0.0,0.0,0.0,0.0,0.0,0.0,0.0,inf,inf,inf,inf,inf,1,1,1,1,0,0,0,0,0,0,1,1,0,0,0,0
1777225941861000,0,1777225642797000,47.397742,8.545594,-0.033358477,0.02258052,0.0,0.0,0.0,0.0,0.0,0.0,0.0,0.0,0.0,0.0,0.0,0.0,0.0,0.0,0.02173204,0.0,0.0,0.0,0.0,0.0,0.0,0.0,0.0,0.0,0.0,0.0,0.0,inf,inf,inf,inf,inf,1,1,1,1,0,0,0,0,0,0,1,1,0,0,0,0
1777225941885000,0,1777225642797000,47.397742,8.545594,-0.033358477,0.01505368,0.0,0.0,0.0,0.0,0.0,0.0,0.0,0.0,0.0,0.0,0.0,0.0,0.0,0.0,0.02173204,0.0,0.0,0.0,0.0,0.0,0.0,0.0,0.0,0.0,0.0,0.0,0.0,inf,inf,inf,inf,inf,1,1,1,1,0,0,0,0,0,0,1,1,0,0,0,0
1777225941909000,0,1777225642797000,47.397742,8.545594,-0.033358477,0.02258052,0.0,0.0,0.0,0.0,0.0,0.0,0.0,0.0,0.0,0.0,0.0,0.0,0.0,0.0,0.02173204,0.0,0.0,0.0,0.0,0.0,0.0,0.0,0.0,0.0,0.0,0.0,0.0,inf,inf,inf,inf,inf,1,1,1,1,0,0,0,0,0,0,1,1,0,0,0,0
1777225941925000,0,1777225642797000,47.397742,8.545594,-0.022238987,0.02258052,0.0,0.0,0.0,0.0,0.0,0.0,0.0,0.0,0.0,0.0,0.0,0.0,0.0,0.0,0.02173204,0.0,0.0,0.0,0.0,0.0,0.0,0.0,0.0,0.0,0.0,0.0,0.0,inf,inf,inf,inf,inf,1,1,1,1,0,0,0,0,0,0,1,1,0,0,0,0
1777225941949000,0,1777225642797000,47.397742,8.545594,-0.022238987,0.02258052,0.0,0.0,0.0,0.0,0.0,0.0,0.0,0.0,0.0,0.0,0.0,-0.019000001,-0.017,-0.063,0.021731425,0.0,0.0,0.0,0.0,0.0,0.0,0.0,0.0,0.0,0.0,0.0,0.0,inf,inf,inf,inf,inf,1,1,1,1,0,0,0,0,0,0,1,1,0,0,0,0
1777225941965000,0,1777225642797000,47.397742,8.545594,-0.022238987,0.02258052,0.0,0.0,0.0,0.0,0.0,0.0,0.0,0.0,0.0,0.0,0.0,-0.013,-0.015000001,-0.085,0.021730294,0.0,0.0,0.0,0.0,0.0,0.0,0.0,0.0,0.0,0.0,0.0,0.0,inf,inf,inf,inf,inf,1,1,1,1,0,0,0,0,0,0,1,1,0,0,0,0
1777225941989000,0,1777225642797000,47.397742,8.545594,-0.022238987,0.02258052,0.0,0.0,0.0,0.0,0.0,0.0,0.0,0.0,0.0,0.0,0.0,-0.006,-0.014,-0.18900001,0.021730201,0.0,0.0,0.0,0.0,0.0,0.0,0.0,0.0,0.0,0.0,0.0,0.0,inf,inf,inf,inf,inf,1,1,1,1,0,0,0,0,0,0,1,1,0,0,0,0
1777225942005000,0,1777225642797000,47.397742,8.545594,-0.022238987,0.01505368,0.0,0.0,0.0,0.0,0.0,0.0,0.0,0.0,0.0,0.0,0.0,-0.001,-0.009000001,-0.20400001,0.021731963,0.0,0.0,0.0,0.0,0.0,0.0,0.0,0.0,0.0,0.0,0.0,0.0,inf,inf,inf,inf,inf,1,1,1,1,0,0,0,0,0,0,1,1,0,0,0,0
1777225942029000,0,1777225642797000,47.397742,8.545594,-0.022238987,0.01505368,0.0,0.0,0.0,0.0,0.0,0.0,-0.01,0.0,0.0,0.0,0.0,0.004,-0.008,-0.296,0.021735124,0.0,0.0,0.0,0.0,0.0,0.0,0.0,0.0,0.0,0.0,0.0,0.0,inf,inf,inf,inf,inf,1,1,1,1,0,0,0,0,0,0,1,1,0,0,0,0
1777225942045000,0,1777225642797000,47.397742,8.545594,-0.022238987,0.01505368,0.0,0.0,0.0,0.0,0.0,0.0,-0.02,0.0,0.0,0.0,0.0,0.009000001,-0.006,-0.34300002,0.02173789,0.0,0.0,0.0,0.0,0.0,0.0,0.0,0.0,0.0,0.0,0.0,0.0,inf,inf,inf,inf,inf,1,1,1,1,0,0,0,0,0,0,1,1,0,0,0,0
1777225942069000,0,1777225642797000,47.397742,8.545594,-0.022238987,0.01505368,0.001,0.0,0.0,0.0,0.0,0.0,-0.02,0.0,0.0,0.0,0.0,0.023000002,0.0050000004,-0.38000003,0.021741522,0.0,0.0,0.0,0.0,0.0,0.0,0.0,0.0,0.0,0.0,0.0,0.0,inf,inf,inf,inf,inf,1,1,1,1,0,0,0,0,0,0,1,1,0,0,0,0
1777225942085000,0,1777225642797000,47.397742,8.545594,-0.033358477,0.01505368,0.001,0.0,0.0,0.0,0.0,0.0,-0.03,0.0,0.0,0.0,0.0,0.033,0.012,-0.38200003,0.021743847,0.0,0.0,0.0,0.0,0.0,0.0,0.0,0.0,0.0,0.0,0.0,0.0,inf,inf,inf,inf,inf,1,1,1,1,0,0,0,0,0,0,1,1,0,0,0,0
1777225942109000,0,1777225642797000,47.397742,8.545594,-0.022238987,0.00752684,0.002,0.0,0.0,0.0,0.0,0.0,-0.04,0.0,0.0,0.0,0.0,0.034,0.009000001,-0.45900002,0.021750439,0.0,0.0,0.0,0.0,0.0,0.0,0.0,0.0,0.0,0.0,0.0,0.0,inf,inf,inf,inf,inf,1,1,1,1,0,0,0,0,0,0,1,1,0,0,0,0
1777225942125000,0,1777225642797000,47.397742,8.545594,-0.033358477,0.00752684,0.003,0.0,0.0,0.0,0.0,0.0,-0.049999997,0.0,0.0,0.0,0.0,0.036000002,0.010000001,-0.453,0.021755707,0.0,0.0,0.0,0.0,0.0,0.0,0.0,0.0,0.0,0.0,0.0,0.0,inf,inf,inf,inf,inf,1,1,1,1,0,0,0,0,0,0,1,1,0,0,0,0
1777225942141000,0,1777225642797000,47.397742,8.545594,-0.033358477,0.00752684,0.004,0.0,0.0,0.0,0.0,0.0,-0.06,0.0,0.0,0.0,0.0,0.042000003,0.016,-0.51900005,0.02176159,0.0,0.0,0.0,0.0,0.0,0.0,0.0,0.0,0.0,0.0,0.0,0.0,inf,inf,inf,inf,inf,1,1,1,1,0,0,0,0,0,0,1,1,0,0,0,0
1777225942165000,0,1777225642797000,47.397742,8.545594,-0.022238987,0.01505368,0.006,0.0,0.0,0.0,0.0,0.0,-0.07,0.0,0.0,0.0,0.0,0.048,0.023000002,-0.508,0.021771835,0.0,0.0,0.0,0.0,0.0,0.0,0.0,0.0,0.0,0.0,0.0,0.0,inf,inf,inf,inf,inf,1,1,1,1,0,0,0,0,0,0,1,1,0,0,0,0
1777225942189000,0,1777225642797000,47.397742,8.545594,-0.033358477,0.00752684,0.008,0.0,0.0,0.0,0.0,0.0,-0.08,0.0,0.0,0.0,0.0,0.047000002,0.022000002,-0.57500005,0.021779861,0.0,0.0,0.0,0.0,0.0,0.0,0.0,0.0,0.0,0.0,0.0,0.0,inf,inf,inf,inf,inf,1,1,1,1,0,0,0,0,0,0,1,1,0,0,0,0
1777225942205000,0,1777225642797000,47.397742,8.545594,-0.04447797,0.00752684,0.009000001,0.0,0.0,0.0,0.0,0.0,-0.089999996,0.0,0.0,0.0,0.0,0.046000004,0.020000001,-0.56200004,0.021783791,0.0,0.0,0.0,0.0,0.0,0.0,0.0,0.0,0.0,0.0,0.0,0.0,inf,inf,inf,inf,inf,1,1,1,1,0,0,0,0,0,0,1,1,0,0,0,0
1777225942229000,0,1777225642797000,47.397742,8.545594,-0.04447797,0.01505368,0.012,0.0,0.0,0.0,0.0,0.0,-0.11,0.0,0.0,0.0,0.0,0.053000003,0.024,-1.0810001,0.021789227,0.0,0.0,0.0,0.0,0.0,0.0,0.0,0.0,0.0,0.0,0.0,0.0,inf,inf,inf,inf,inf,1,1,1,1,0,0,0,0,0,0,1,1,0,0,0,0
1777225942245000,0,1777225642797000,47.397742,8.545594,-0.05559746,0.00752684,0.014,0.0,0.0,0.0,0.0,0.0,-0.13,0.0,0.0,0.0,0.0,0.055000003,0.026,-1.1040001,0.021790838,0.0,0.0,0.0,0.0,0.0,0.0,0.0,0.0,0.0,0.0,0.0,0.0,inf,inf,inf,inf,inf,1,1,1,1,0,0,0,0,0,0,1,1,0,0,0,0
1777225942269000,0,1777225642797000,47.397742,8.545594,-0.04447797,0.01505368,0.017,0.0,0.0,0.0,0.0,0.0,-0.16,0.0,0.0,0.0,0.0,0.056,0.024,-1.1240001,0.021792268,0.0,0.0,0.0,0.0,0.0,0.0,0.0,0.0,0.0,0.0,0.0,0.0,inf,inf,inf,inf,inf,1,1,1,1,0,0,0,0,0,0,1,1,0,0,0,0
1777225942285000,0,1777225642797000,47.397742,8.545594,-0.04447797,0.01505368,0.020000001,0.0,0.0,0.0,0.0,0.0,-0.17,0.0,0.0,0.0,0.0,0.056,0.026,-1.062,0.021792812,0.0,0.0,0.0,0.0,0.0,0.0,0.0,0.0,0.0,0.0,0.0,0.0,inf,inf,inf,inf,inf,1,1,1,1,0,0,0,0,0,0,1,1,0,0,0,0
1777225942309000,0,1777225642797000,47.397742,8.545594,-0.04447797,0.02258052,0.024,0.0,0.0,0.0,0.01,0.0,-0.19999999,0.0,0.0,0.0,0.0,0.053000003,0.026,-1.08,0.021792272,0.0,0.0,0.0,0.0,0.0,0.0,0.0,0.0,0.0,0.0,0.0,0.0,inf,inf,inf,inf,inf,1,1,1,1,0,0,0,0,0,0,1,1,0,0,0,0
1777225942325000,0,1777225642797000,47.397742,8.545594,-0.04447797,0.02258052,0.028,0.0,0.0,0.0,0.01,0.0,-0.22,0.0,0.0,0.0,0.0,0.052,0.025,-1.018,0.021790195,0.0,0.0,0.0,0.0,0.0,0.0,0.0,0.0,0.0,0.0,0.0,0.0,inf,inf,inf,inf,inf,1,1,1,1,0,0,0,0,0,0,1,1,0,0,0,0
1777225942349000,0,1777225642797000,47.397742,8.545594,-0.033358477,0.03010736,0.033,0.0,0.0,0.0,0.01,0.0,-0.24,0.0,0.0,0.0,0.0,0.048,0.024,-1.041,0.021786965,0.0,0.0,0.0,0.0,0.0,0.0,0.0,0.0,0.0,0.0,0.0,0.0,inf,inf,inf,inf,inf,1,1,1,1,0,0,0,0,0,0,1,1,0,0,0,0
1777225942365000,0,1777225642797000,47.397742,8.545594,-0.04447797,0.03010736,0.037,0.0,0.0,0.0,0.01,0.0,-0.26,0.0,0.0,0.0,0.0,0.044000003,0.021000002,-0.98200005,0.021782449,0.0,0.0,0.0,0.0,0.0,0.0,0.0,0.0,0.0,0.0,0.0,0.0,inf,inf,inf,inf,inf,1,1,1,1,0,0,0,0,0,0,1,1,0,0,0,0
1777225942389000,0,1777225642797000,47.397742,8.545594,-0.04447797,0.02258052,0.044000003,0.0,0.0,0.0,0.01,0.0,-0.28,0.0,0.0,0.0,0.0,0.045,0.024,-1.01,0.021772252,0.0,0.0,0.0,0.0,0.0,0.0,0.0,0.0,0.0,0.0,0.0,0.0,inf,inf,inf,inf,inf,1,1,1,1,0,0,0,0,0,0,1,1,0,0,0,0
1777225942405000,0,1777225642797000,47.397742,8.545594,-0.033358477,0.01505368,0.048,0.0,0.0,0.0,0.01,0.0,-0.29999998,0.0,0.0,0.0,0.0,0.043,0.024,-0.947,0.021765297,0.0,0.0,0.0,0.0,0.0,0.0,0.0,0.0,0.0,0.0,0.0,0.0,inf,inf,inf,inf,inf,1,1,1,1,0,0,0,0,0,0,1,1,0,0,0,0
1777225942421000,0,1777225642797000,47.397742,8.545594,-0.033358477,0.01505368,0.053000003,0.0,0.0,0.0,0.01,0.0,-0.31,0.0,0.0,0.0,0.0,0.038000003,0.020000001,-0.984,0.021757128,0.0,0.0,0.0,0.0,0.0,0.0,0.0,0.0,0.0,0.0,0.0,0.0,inf,inf,inf,inf,inf,1,1,1,1,0,0,0,0,0,0,1,1,0,0,0,0
1777225942445000,0,1777225642797000,47.397742,8.545594,-0.033358477,0.00752684,0.061000004,0.0,0.0,0.0,0.01,0.0,-0.34,0.0,0.0,0.0,0.0,0.033,0.016,-0.91700006,0.021742243,0.0,0.0,0.0,0.0,0.0,0.0,0.0,0.0,0.0,0.0,0.0,0.0,inf,inf,inf,inf,inf,1,1,1,1,0,0,0,0,0,0,1,1,0,0,0,0
1777225942461000,0,1777225642797000,47.397742,8.545594,-0.022238987,0.01505368,0.067,0.0,0.0,0.0,0.01,0.0,-0.35,0.0,0.0,0.0,0.0,0.030000001,0.017,-0.95800006,0.021732463,0.0,0.0,0.0,0.0,0.0,0.0,0.0,0.0,0.0,0.0,0.0,0.0,inf,inf,inf,inf,inf,1,1,1,1,0,0,0,0,0,0,1,1,0,0,0,0
1777225942485000,0,1777225642797000,47.397742,8.545594,-0.011119492,0.00752684,0.076000005,0.0,0.0,0.0,0.01,0.0,-0.37,0.0,0.0,0.0,0.0,0.028,0.017,-0.892,0.02171638,0.0,0.0,0.0,0.0,0.0,0.0,0.0,0.0,0.0,0.0,0.0,0.0,inf,inf,inf,inf,inf,1,1,1,1,0,0,0,0,0,0,1,1,0,0,0,0
1777225942501000,0,1777225642797000,47.397742,8.545594,-0.022238987,0.00752684,0.082,0.0,0.0,0.0,0.01,0.0,-0.39,0.0,0.0,0.0,0.0,0.028,0.017,-0.929,0.021705648,0.0,0.0,0.0,0.0,0.0,0.0,0.0,0.0,0.0,0.0,0.0,0.0,inf,inf,inf,inf,inf,1,1,1,1,0,0,0,0,0,0,1,1,0,0,0,0
1777225942525000,0,1777225642797000,47.397742,8.545594,-0.011119492,0.00752684,0.091000006,0.0,0.0,0.0,0.01,0.0,-0.41,0.0,0.0,0.0,0.0,0.021000002,0.014,-0.864,0.021690385,0.0,0.0,0.0,0.0,0.0,0.0,0.0,0.0,0.0,0.0,0.0,0.0,inf,inf,inf,inf,inf,1,1,1,1,0,0,0,0,0,0,1,1,0,0,0,0
1777225942549000,0,1777225642797000,47.397742,8.545594,-0.011119492,0.02258052,0.102000006,0.0,0.0,0.0,0.01,0.0,-0.42999998,0.0,0.0,0.0,0.0,0.018000001,0.014,-0.901,0.02167272,0.0,0.0,0.0,0.0,0.0,0.0,0.0,0.0,0.0,0.0,0.0,0.0,inf,inf,inf,inf,inf,1,1,1,1,0,0,0,0,0,0,1,1,0,0,0,0
1777225942565000,0,1777225642797000,47.397742,8.545594,-0.011119492,0.03010736,0.109000005,0.0,0.0,0.0,0.01,0.0,-0.45,0.0,0.0,0.0,0.0,0.018000001,0.014,-0.836,0.021660613,0.0,0.0,0.0,0.0,0.0,0.0,0.0,0.0,0.0,0.0,0.0,0.0,inf,inf,inf,inf,inf,1,1,1,1,0,0,0,0,0,0,1,1,0,0,0,0
1777225942581000,0,1777225642797000,47.397742,8.545594,-0.011119492,0.02258052,0.116000004,0.0,0.0,0.0,0.02,0.0,-0.45999998,0.0,0.0,0.0,0.0,0.015000001,0.010000001,-0.883,0.021650616,0.0,0.0,0.0,0.0,0.0,0.0,0.0,0.0,0.0,0.0,0.0,0.0,inf,inf,inf,inf,inf,1,1,1,1,0,0,0,0,0,0,1,1,0,0,0,0
1777225942605000,0,1777225642797000,47.397742,8.545594,-0.011119492,0.02258052,0.127,0.0,0.0,0.0,0.02,0.0,-0.48,0.0,0.0,0.0,0.0,0.015000001,0.014,-0.81600004,0.021638786,0.0,0.0,0.0,0.0,0.0,0.0,0.0,0.0,0.0,0.0,0.0,0.0,inf,inf,inf,inf,inf,1,1,1,1,0,0,0,0,0,0,1,1,0,0,0,0
1777225942621000,0,1777225642797000,47.397742,8.545594,-0.011119492,0.01505368,0.135,0.0,0.0,0.0,0.02,0.0,-0.48999998,0.0,0.0,0.0,0.0,0.016,0.018000001,-0.86500007,0.02163196,0.0,0.0,0.0,0.0,0.0,0.0,0.0,0.0,0.0,0.0,0.0,0.0,inf,inf,inf,inf,inf,1,1,1,1,0,0,0,0,0,0,1,1,0,0,0,0
1777225942645000,0,1777225642797000,47.397742,8.545594,-0.022238987,0.00752684,0.147,0.0,0.0,0.0,0.02,0.0,-0.51,0.0,0.0,0.0,0.0,0.016,0.015000001,-0.8,0.021624062,0.0,0.0,0.0,0.0,0.0,0.0,0.0,0.0,0.0,0.0,0.0,0.0,inf,inf,inf,inf,inf,1,1,1,1,0,0,0,0,0,0,1,1,0,0,0,0
1777225942669000,0,1777225642797000,47.397742,8.545594,-0.011119492,0.00752684,0.16000001,0.0,0.0,0.0,0.02,0.01,-0.53999996,0.0,0.0,0.0,0.0,0.011000001,0.012,-0.85200006,0.021618422,0.0,0.0,0.0,0.0,0.0,0.0,0.0,0.0,0.0,0.0,0.0,0.0,inf,inf,inf,inf,inf,1,1,1,1,0,0,0,0,0,0,1,1,0,0,0,0
1777225942685000,0,1777225642797000,47.397742,8.545594,-0.011119492,0.00752684,0.16900001,0.0,0.0,0.0,0.02,0.01,-0.55,0.0,0.0,0.0,0.0,0.008,0.009000001,-0.78900003,0.021614037,0.0,0.0,0.0,0.0,0.0,0.0,0.0,0.0,0.0,0.0,0.0,0.0,inf,inf,inf,inf,inf,1,1,1,1,0,0,0,0,0,0,1,1,0,0,0,0
1777225942709000,0,1777225642797000,47.397742,8.545594,-0.022238987,0.00752684,0.18200001,0.0,0.0,0.0,0.02,0.01,-0.57,0.0,0.0,0.0,0.0,0.008,0.009000001,-0.837,0.021606827,0.0,0.0,0.0,0.0,0.0,0.0,0.0,0.0,0.0,0.0,0.0,0.0,inf,inf,inf,inf,inf,1,1,1,1,0,0,0,0,0,0,1,1,0,0,0,0
1777225942725000,0,1777225642797000,47.397742,8.545594,-0.022238987,0.01505368,0.192,0.0,0.0,0.0,0.02,0.01,-0.58,0.0,0.0,0.0,0.0,0.006,0.007,-0.77400005,0.021601204,0.0,0.0,0.0,0.0,0.0,0.0,0.0,0.0,0.0,0.0,0.0,0.0,inf,inf,inf,inf,inf,1,1,1,1,0,0,0,0,0,0,1,1,0,0,0,0
1777225942749000,0,1777225642797000,47.397742,8.545594,-0.022238987,0.00752684,0.20600002,0.0,0.0,0.0,0.02,0.01,-0.59999996,0.0,0.0,0.0,0.0,0.0050000004,0.008,-0.83100003,0.021587513,0.0,0.0,0.0,0.0,0.0,0.0,0.0,0.0,0.0,0.0,0.0,0.0,inf,inf,inf,inf,inf,1,1,1,1,0,0,0,0,0,0,1,1,0,0,0,0
1777225942765000,0,1777225642797000,47.397742,8.545594,-0.022238987,0.00752684,0.216,0.0,0.0,0.0,0.02,0.01,-0.61,0.0,0.0,0.0,0.0,0.0050000004,0.006,-0.81700003,0.021574147,0.0,0.0,0.0,0.0,0.0,0.0,0.0,0.0,0.0,0.0,0.0,0.0,inf,inf,inf,inf,inf,1,1,1,1,0,0,0,0,0,0,1,1,0,0,0,0
1777225942789000,0,1777225642797000,47.397742,8.545594,-0.022238987,0.00752684,0.231,0.0,0.0,0.0,0.02,0.01,-0.63,0.0,0.0,0.0,0.0,0.003,0.0050000004,-0.814,0.021549007,0.0,0.0,0.0,0.0,0.0,0.0,0.0,0.0,0.0,0.0,0.0,0.0,inf,inf,inf,inf,inf,1,1,1,1,0,0,0,0,0,0,1,1,0,0,0,0
1777225942805000,0,1777225642797000,47.397742,8.545594,-0.022238987,0.00752684,0.24100001,0.0,0.0,0.0,0.02,0.01,-0.65,0.0,0.0,0.0,0.0,0.0,0.0,-0.74500006,0.021530649,0.0,0.0,0.0,0.0,0.0,0.0,0.0,0.0,0.0,0.0,0.0,0.0,inf,inf,inf,inf,inf,1,1,1,1,0,0,0,0,0,0,1,1,0,0,0,0
1777225942829000,0,1777225642797000,47.397742,8.545594,-0.022238987,0.00752684,0.257,0.0,0.0,0.0,0.02,0.01,-0.66999996,0.0,0.0,0.0,0.0,-0.002,-0.003,-0.80500007,0.02150583,0.0,0.0,0.0,0.0,0.0,0.0,0.0,0.0,0.0,0.0,0.0,0.0,inf,inf,inf,inf,inf,1,1,1,1,0,0,0,0,0,0,1,1,0,0,0,0
1777225942845000,0,1777225642797000,47.397742,8.545594,-0.033358477,0.02258052,0.268,0.0,0.0,0.0,0.02,0.01,-0.68,0.0,0.0,0.0,0.0,-0.006,-0.007,-0.73600006,0.021493074,0.0,0.0,0.0,0.0,0.0,0.0,0.0,0.0,0.0,0.0,0.0,0.0,inf,inf,inf,inf,inf,1,1,1,1,0,0,0,0,0,0,1,1,0,0,0,0
1777225942861000,0,1777225642797000,47.397742,8.545594,-0.033358477,0.01505368,0.279,0.0,0.0,0.0,0.02,0.01,-0.69,0.0,0.0,0.0,0.0,-0.010000001,-0.010000001,-0.79300004,0.021482926,0.0,0.0,0.0,0.0,0.0,0.0,0.0,0.0,0.0,0.0,0.0,0.0,inf,inf,inf,inf,inf,1,1,1,1,0,0,0,0,0,0,1,1,0,0,0,0
1777225942885000,0,1777225642797000,47.397742,8.545594,-0.033358477,0.01505368,0.29500002,0.0,0.0,0.0,0.02,0.01,-0.71,0.0,0.0,0.0,0.0,-0.015000001,-0.015000001,-0.72,0.021471098,0.0,0.0,0.0,0.0,0.0,0.0,0.0,0.0,0.0,0.0,0.0,0.0,inf,inf,inf,inf,inf,1,1,1,1,0,0,0,0,0,0,1,1,0,0,0,0
1777225942901000,0,1777225642797000,47.397742,8.545594,-0.022238987,0.01505368,0.307,0.0,0.0,0.0,0.02,0.01,-0.71999997,0.0,0.0,0.0,0.0,-0.013,-0.016,-0.772,0.021464385,0.0,0.0,0.0,0.0,0.0,0.0,0.0,0.0,0.0,0.0,0.0,0.0,inf,inf,inf,inf,inf,1,1,1,1,0,0,0,0,0,0,1,1,0,0,0,0
1777225942925000,0,1777225642797000,47.397742,8.545594,-0.033358477,0.00752684,0.32500002,0.0,0.0,0.0,0.02,0.0,-0.74,0.0,0.0,0.0,0.0,-0.013,-0.015000001,-0.71000004,0.021457827,0.0,0.0,0.0,0.0,0.0,0.0,0.0,0.0,0.0,0.0,0.0,0.0,inf,inf,inf,inf,inf,1,1,1,1,0,0,0,0,0,0,1,1,0,0,0,0
1777225942949000,0,1777225642797000,47.397742,8.545594,-0.022238987,0.00752684,0.34300002,0.0,0.0,0.0,0.02,0.0,-0.76,0.0,0.0,0.0,0.0,-0.013,-0.017,-0.777,0.02145433,0.0,0.0,0.0,0.0,0.0,0.0,0.0,0.0,0.0,0.0,0.0,0.0,inf,inf,inf,inf,inf,1,1,1,1,0,0,0,0,0,0,1,1,0,0,0,0
1777225942965000,0,1777225642797000,47.397742,8.545594,-0.022238987,0.00752684,0.35500002,0.0,0.0,0.0,0.02,0.0,-0.77,0.0,0.0,0.0,0.0,-0.015000001,-0.020000001,-0.70100003,0.021454023,0.0,0.0,0.0,0.0,0.0,0.0,0.0,0.0,0.0,0.0,0.0,0.0,inf,inf,inf,inf,inf,1,1,1,1,0,0,0,0,0,0,1,1,0,0,0,0
1777225942981000,0,1777225642797000,47.397742,8.545594,-0.022238987,0.00752684,0.367,0.0,0.0,0.0,0.02,0.0,-0.78,0.0,0.0,0.0,0.0,-0.018000001,-0.022000002,-0.76600003,0.021455083,0.0,0.0,0.0,0.0,0.0,0.0,0.0,0.0,0.0,0.0,0.0,0.0,inf,inf,inf,inf,inf,1,1,1,1,0,0,0,0,0,0,1,1,0,0,0,0
1777225943005000,0,1777225642797000,47.397742,8.545594,-0.022238987,0.02258052,0.386,0.0,0.0,0.0,0.02,0.0,-0.79999995,0.0,0.0,0.0,0.0,-0.019000001,-0.021000002,-0.69100004,0.02145997,0.0,0.0,0.0,0.0,0.0,0.0,0.0,0.0,0.0,0.0,0.0,0.0,inf,inf,inf,inf,inf,1,1,1,1,0,0,0,0,0,0,1,1,0,0,0,0
1777225943029000,0,1777225642797000,47.397742,8.545594,-0.022238987,0.03010736,0.40600002,0.0,0.0,0.0,0.01,0.0,-0.82,0.0,0.0,0.0,0.0,-0.019000001,-0.022000002,-0.76000005,0.021468522,0.0,0.0,0.0,0.0,0.0,0.0,0.0,0.0,0.0,0.0,0.0,0.0,inf,inf,inf,inf,inf,1,1,1,1,0,0,0,0,0,0,1,1,0,0,0,0
1777225943045000,0,1777225642797000,47.397742,8.545594,-0.011119492,0.03010736,0.41900003,0.0,0.0,0.0,0.01,0.0,-0.83,0.0,0.0,0.0,0.0,-0.022000002,-0.025,-0.74600005,0.021476535,0.0,0.0,0.0,0.0,0.0,0.0,0.0,0.0,0.0,0.0,0.0,0.0,inf,inf,inf,inf,inf,1,1,1,1,0,0,0,0,0,0,1,1,0,0,0,0
1777225943069000,0,1777225642797000,47.397742,8.545594,0.0,0.03010736,0.439,0.0,0.0,0.0,0.01,0.0,-0.84999996,0.0,0.0,0.0,0.0,-0.023000002,-0.026,-0.75000006,0.021490814,0.0,0.0,0.0,0.0,0.0,0.0,0.0,0.0,0.0,0.0,0.0,0.0,inf,inf,inf,inf,inf,1,1,1,1,0,0,0,0,0,0,1,1,0,0,0,0
1777225943085000,0,1777225642797000,47.397742,8.545594,0.0,0.03010736,0.453,0.0,0.0,0.0,0.01,0.0,-0.85999995,0.0,0.0,0.0,0.0,-0.021000002,-0.023000002,-0.671,0.02150002,0.0,0.0,0.0,0.0,0.0,0.0,0.0,0.0,0.0,0.0,0.0,0.0,inf,inf,inf,inf,inf,1,1,1,1,0,0,0,0,0,0,1,1,0,0,0,0
1777225943109000,0,1777225642797000,47.397742,8.545594,-0.011119492,0.02258052,0.47400004,0.0,0.0,0.0,0.01,0.0,-0.88,0.0,0.0,0.0,0.0,-0.031000001,-0.034,-0.74,0.021511655,0.0,0.0,0.0,0.0,0.0,0.0,0.0,0.0,0.0,0.0,0.0,0.0,inf,inf,inf,inf,inf,1,1,1,1,0,0,0,0,0,0,1,1,0,0,0,0
1777225943125000,0,1777225642797000,47.397742,8.545594,-0.011119492,0.02258052,0.48800004,0.0,0.0,0.0,0.01,0.0,-0.89,0.0,0.0,0.0,0.0,-0.032,-0.034,-0.66400003,0.021519268,0.0,0.0,0.0,0.0,0.0,0.0,0.0,0.0,0.0,0.0,0.0,0.0,inf,inf,inf,inf,inf,1,1,1,1,0,0,0,0,0,0,1,1,0,0,0,0
1777225943149000,0,1777225642797000,47.397742,8.545594,-0.011119492,0.02258052,0.51000005,0.0,0.0,0.0,0.01,0.0,-0.90999997,0.0,0.0,0.0,0.0,-0.026,-0.026,-0.74300003,0.021533465,0.0,0.0,0.0,0.0,0.0,0.0,0.0,0.0,0.0,0.0,0.0,0.0,inf,inf,inf,inf,inf,1,1,1,1,0,0,0,0,0,0,1,1,0,0,0,0
1777225943165000,0,1777225642797000,47.397742,8.545594,-0.011119492,0.02258052,0.52400005,0.0,0.0,0.0,0.01,0.0,-0.91999996,0.0,0.0,0.0,0.0,-0.028,-0.028,-0.661,0.02154544,0.0,0.0,0.0,0.0,0.0,0.0,0.0,0.0,0.0,0.0,0.0,0.0,inf,inf,inf,inf,inf,1,1,1,1,0,0,0,0,0,0,1,1,0,0,0,0
1777225943189000,0,1777225642797000,47.397742,8.545594,-0.011119492,0.02258052,0.54700005,0.0,0.0,0.0,0.01,0.0,-0.93,0.0,0.0,0.0,0.0,-0.034,-0.032,-0.74100006,0.021564972,0.0,0.0,0.0,0.0,0.0,0.0,0.0,0.0,0.0,0.0,0.0,0.0,inf,inf,inf,inf,inf,1,1,1,1,0,0,0,0,0,0,1,1,0,0,0,0
1777225943205000,0,1777225642797000,47.397742,8.545594,0.0,0.02258052,0.56200004,0.0,0.0,0.0,0.01,0.0,-0.95,0.0,0.0,0.0,0.0,-0.036000002,-0.033,-0.65800005,0.021578098,0.0,0.0,0.0,0.0,0.0,0.0,0.0,0.0,0.0,0.0,0.0,0.0,inf,inf,inf,inf,inf,1,1,1,1,0,0,0,0,0,0,1,1,0,0,0,0
1777225943229000,0,1777225642797000,47.397742,8.545594,-0.011119492,0.02258052,0.58500004,0.0,0.0,0.0,0.01,0.0,-0.96,0.0,0.0,0.0,0.0,-0.030000001,-0.026,-0.73700005,0.021598013,0.0,0.0,0.0,0.0,0.0,0.0,0.0,0.0,0.0,0.0,0.0,0.0,inf,inf,inf,inf,inf,1,1,1,1,0,0,0,0,0,0,1,1,0,0,0,0
1777225943245000,0,1777225642797000,47.397742,8.545594,-0.011119492,0.02258052,0.6,0.0,0.0,0.0,0.01,0.0,-0.96999997,0.0,0.0,0.0,0.0,-0.031000001,-0.027,-0.65400004,0.021612395,0.0,0.0,0.0,0.0,0.0,0.0,0.0,0.0,0.0,0.0,0.0,0.0,inf,inf,inf,inf,inf,1,1,1,1,0,0,0,0,0,0,1,1,0,0,0,0
1777225943269000,0,1777225642797000,47.397742,8.545594,-0.011119492,0.03010736,0.624,0.0,0.0,0.0,0.01,0.0,-0.98999995,0.0,0.0,0.0,0.0,-0.033,-0.026,-0.734,0.021636724,0.0,0.0,0.0,0.0,0.0,0.0,0.0,0.0,0.0,0.0,0.0,0.0,inf,inf,inf,inf,inf,1,1,1,1,0,0,0,0,0,0,1,1,0,0,0,0
1777225943285000,0,1777225642797000,47.397742,8.545594,-0.011119492,0.02258052,0.64000005,0.0,0.0,0.0,0.01,0.0,-1.0,0.0,0.0,0.0,0.0,-0.026,-0.020000001,-0.64900005,0.021654056,0.0,0.0,0.0,0.0,0.0,0.0,0.0,0.0,0.0,0.0,0.0,0.0,inf,inf,inf,inf,inf,1,1,1,1,0,0,0,0,0,0,1,1,0,0,0,0
1777225943309000,0,1777225642797000,47.397742,8.545594,-0.011119492,0.01505368,0.66400003,0.0,0.0,0.0,0.01,0.0,-1.02,0.0,0.0,0.0,0.0,-0.031000001,-0.026,-0.697,0.021684626,0.0,0.0,0.0,0.0,0.0,0.0,0.0,0.0,0.0,0.0,0.0,0.0,inf,inf,inf,inf,inf,1,1,1,1,0,0,0,0,0,0,1,1,0,0,0,0
1777225943325000,0,1777225642797000,47.397742,8.545594,-0.011119492,0.01505368,0.68100005,0.0,0.0,0.0,0.01,0.0,-1.03,0.0,0.0,0.0,0.0,-0.030000001,-0.023000002,-0.638,0.021707444,0.0,0.0,0.0,0.0,0.0,0.0,0.0,0.0,0.0,0.0,0.0,0.0,inf,inf,inf,inf,inf,1,1,1,1,0,0,0,0,0,0,1,1,0,0,0,0
1777225943349000,0,1777225642797000,47.397742,8.545594,-0.011119492,0.03010736,0.70600003,0.0,0.0,0.0,0.01,0.0,-1.05,0.0,0.0,0.0,0.0,-0.029000001,-0.022000002,-0.721,0.021742137,0.0,0.0,0.0,0.0,0.0,0.0,0.0,0.0,0.0,0.0,0.0,0.0,inf,inf,inf,inf,inf,1,1,1,1,0,0,0,0,0,0,1,1,0,0,0,0
1777225943365000,0,1777225642797000,47.397742,8.545594,0.0,0.03010736,0.72300005,0.0,0.0,0.0,0.0,0.0,-1.06,0.0,0.0,0.0,0.0,-0.028,-0.020000001,-0.63500005,0.02176613,0.0,0.0,0.0,0.0,0.0,0.0,0.0,0.0,0.0,0.0,0.0,0.0,inf,inf,inf,inf,inf,1,1,1,1,0,0,0,0,0,0,1,1,0,0,0,0
1777225943389000,0,1777225642797000,47.397742,8.545594,0.0,0.03010736,0.748,0.0,0.0,0.0,0.0,0.0,-1.0799999,0.0,0.0,0.0,0.0,-0.029000001,-0.022000002,-0.71800005,0.021803578,0.0,0.0,0.0,0.0,0.0,0.0,0.0,0.0,0.0,0.0,0.0,0.0,inf,inf,inf,inf,inf,1,1,1,1,0,0,0,0,0,0,1,1,0,0,0,0
1777225943405000,0,1777225642797000,47.397742,8.545594,0.0,0.03010736,0.76600003,0.0,0.0,0.0,0.0,0.0,-1.09,0.0,0.0,0.0,0.0,-0.030000001,-0.021000002,-0.628,0.021828882,0.0,0.0,0.0,0.0,0.0,0.0,0.0,0.0,0.0,0.0,0.0,0.0,inf,inf,inf,inf,inf,1,1,1,1,0,0,0,0,0,0,1,1,0,0,0,0
1777225943421000,0,1777225642797000,47.397742,8.545594,0.0,0.03010736,0.78300005,0.0,0.0,0.0,0.0,0.0,-1.1,0.0,0.0,0.0,0.0,-0.031000001,-0.021000002,-0.71400005,0.021853652,0.0,0.0,0.0,0.0,0.0,0.0,0.0,0.0,0.0,0.0,0.0,0.0,inf,inf,inf,inf,inf,1,1,1,1,0,0,0,0,0,0,1,1,0,0,0,0
1777225943445000,0,1777225642797000,47.397742,8.545594,-0.011119492,0.02258052,0.81000006,0.0,0.0,0.0,0.0,0.0,-1.11,0.0,0.0,0.0,0.0,-0.030000001,-0.023000002,-0.62100005,0.021887211,0.0,0.0,0.0,0.0,0.0,0.0,0.0,0.0,0.0,0.0,0.0,0.0,inf,inf,inf,inf,inf,1,1,1,1,0,0,0,0,0,0,1,1,0,0,0,0
1777225943469000,0,1777225642797000,47.397742,8.545594,-0.011119492,0.02258052,0.837,0.0,0.0,0.0,0.0,0.0,-1.13,0.0,0.0,0.0,0.0,-0.026,-0.018000001,-0.70900005,0.021917583,0.0,0.0,0.0,0.0,0.0,0.0,0.0,0.0,0.0,0.0,0.0,0.0,inf,inf,inf,inf,inf,1,1,1,1,0,0,0,0,0,0,1,1,0,0,0,0
1777225943485000,0,1777225642797000,47.397742,8.545594,-0.011119492,0.02258052,0.855,0.0,0.0,0.0,0.0,0.0,-1.14,0.0,0.0,0.0,0.0,-0.028,-0.017,-0.698,0.021935754,0.0,0.0,0.0,0.0,0.0,0.0,0.0,0.0,0.0,0.0,0.0,0.0,inf,inf,inf,inf,inf,1,1,1,1,0,0,0,0,0,0,1,1,0,0,0,0
1777225943509000,0,1777225642797000,47.397742,8.545594,-0.011119492,0.02258052,0.883,0.0,0.0,0.0,0.0,0.0,-1.16,0.0,0.0,0.0,0.0,-0.026,-0.013,-0.70500004,0.02196086,0.0,0.0,0.0,0.0,0.0,0.0,0.0,0.0,0.0,0.0,0.0,0.0,inf,inf,inf,inf,inf,1,1,1,1,0,0,0,0,0,0,1,1,0,0,0,0
1777225943525000,0,1777225642797000,47.397742,8.545594,-0.011119492,0.01505368,0.90200007,0.0,0.0,0.0,0.0,0.0,-1.17,0.0,0.0,0.0,0.0,-0.026,-0.010000001,-0.61200005,0.021977292,0.0,0.0,0.0,0.0,0.0,0.0,0.0,0.0,0.0,0.0,0.0,0.0,inf,inf,inf,inf,inf,1,1,1,1,0,0,0,0,0,0,1,1,0,0,0,0
1777225943541000,0,1777225642797000,47.397742,8.545594,-0.011119492,0.01505368,0.92,0.0,0.0,0.0,0.0,0.0,-1.18,0.0,0.0,0.0,0.0,-0.026,-0.012,-0.702,0.021993393,0.0,0.0,0.0,0.0,0.0,0.0,0.0,0.0,0.0,0.0,0.0,0.0,inf,inf,inf,inf,inf,1,1,1,1,0,0,0,0,0,0,1,1,0,0,0,0
1777225943565000,0,1777225642797000,47.397742,8.545594,0.0,0.02258052,0.94900006,0.0,0.0,0.0,0.0,0.0,-1.1999999,0.0,0.0,0.0,0.0,-0.024,-0.010000001,-0.60700005,0.022020241,0.0,0.0,0.0,0.0,0.0,0.0,0.0,0.0,0.0,0.0,0.0,0.0,inf,inf,inf,inf,inf,1,1,1,1,0,0,0,0,0,0,1,1,0,0,0,0
1777225943589000,0,1777225642797000,47.397742,8.545594,0.0,0.02258052,0.97800004,0.0,0.0,0.0,0.0,0.0,-1.2099999,0.0,0.0,0.0,0.0,-0.027,-0.008,-0.70100003,0.02204941,0.0,0.0,0.0,0.0,0.0,0.0,0.0,0.0,0.0,0.0,0.0,0.0,inf,inf,inf,inf,inf,1,1,1,1,0,0,0,0,0,0,1,1,0,0,0,0
1777225943605000,0,1777225642797000,47.397742,8.545594,0.0,0.01505368,0.998,0.0,0.0,0.0,0.0,0.0,-1.22,0.0,0.0,0.0,0.0,-0.029000001,-0.009000001,-0.60800004,0.022071162,0.0,0.0,0.0,0.0,0.0,0.0,0.0,0.0,0.0,0.0,0.0,0.0,inf,inf,inf,inf,inf,1,1,1,1,0,0,0,0,0,0,1,1,0,0,0,0
1777225943629000,0,1777225642797000,47.397742,8.545594,-0.011119492,0.00752684,1.0270001,0.0,0.0,0.0,0.0,0.0,-1.24,0.0,0.0,0.0,0.0,-0.026,-0.007,-0.66200006,0.022105891,0.0,0.0,0.0,0.0,0.0,0.0,0.0,0.0,0.0,0.0,0.0,0.0,inf,inf,inf,inf,inf,1,1,1,1,0,0,0,0,0,0,1,1,0,0,0,0
1777225943645000,0,1777225642797000,47.397742,8.545594,-0.011119492,0.00752684,1.047,0.0,0.0,0.0,0.0,0.0,-1.25,0.0,0.0,0.0,0.0,-0.028,-0.008,-0.555,0.022130258,0.0,0.0,0.0,0.0,0.0,0.0,0.0,0.0,0.0,0.0,0.0,0.0,inf,inf,inf,inf,inf,1,1,1,1,0,0,0,0,0,0,1,1,0,0,0,0
1777225943669000,0,1777225642797000,47.397742,8.545594,0.0,0.00752684,1.077,0.0,0.0,0.0,0.0,0.0,-1.26,0.0,0.0,0.0,0.0,-0.025,-0.004,-0.48600003,0.022168752,0.0,0.0,0.0,0.0,0.0,0.0,0.0,0.0,0.0,0.0,0.0,0.0,inf,inf,inf,inf,inf,1,1,1,1,0,0,0,0,0,0,1,1,0,0,0,0
1777225943685000,0,1777225642797000,47.397742,8.545594,0.0,0.0,1.098,0.0,0.0,0.0,0.0,0.0,-1.27,0.0,0.0,0.0,0.0,-0.025,-0.003,-0.381,0.02219672,0.0,0.0,0.0,0.0,0.0,0.0,0.0,0.0,0.0,0.0,0.0,0.0,inf,inf,inf,inf,inf,1,1,1,1,0,0,0,0,0,0,1,1,0,0,0,0
1777225943709000,0,1777225642797000,47.397742,8.545594,-0.011119492,0.01505368,1.128,0.0,0.0,0.0,0.0,0.0,-1.28,0.0,0.0,0.0,0.0,-0.037,-0.015000001,-0.30200002,0.022239063,0.0,0.0,0.0,0.0,0.0,0.0,0.0,0.0,0.0,0.0,0.0,0.0,inf,inf,inf,inf,inf,1,1,1,1,0,0,0,0,0,0,1,1,0,0,0,0
1777225943725000,0,1777225642797000,47.397742,8.545594,-0.011119492,0.02258052,1.149,0.0,0.0,0.0,0.0,0.0,-1.28,0.0,0.0,0.0,0.0,-0.036000002,-0.016,-0.216,0.022265358,0.0,0.0,0.0,0.0,0.0,0.0,0.0,0.0,0.0,0.0,0.0,0.0,inf,inf,inf,inf,inf,1,1,1,1,0,0,0,0,0,0,1,1,0,0,0,0
1777225943749000,0,1777225642797000,47.397742,8.545594,0.0,0.01505368,1.1800001,0.0,0.0,0.0,0.0,0.0,-1.29,0.0,0.0,0.0,0.0,-0.036000002,-0.020000001,-0.135,0.02230288,0.0,0.0,0.0,0.0,0.0,0.0,0.0,0.0,0.0,0.0,0.0,0.0,inf,inf,inf,inf,inf,1,1,1,1,0,0,0,0,0,0,1,1,0,0,0,0
1777225943765000,0,1777225642797000,47.397742,8.545594,0.0,0.01505368,1.2010001,0.0,0.0,0.0,0.0,0.0,-1.29,0.0,0.0,0.0,0.0,-0.035,-0.019000001,-0.054,0.022326462,0.0,0.0,0.0,0.0,0.0,0.0,0.0,0.0,0.0,0.0,0.0,0.0,inf,inf,inf,inf,inf,1,1,1,1,0,0,0,0,0,0,1,1,0,0,0,0
1777225943781000,0,1777225642797000,47.397742,8.545594,0.011119492,0.02258052,1.2210001,0.0,0.0,0.0,0.0,0.0,-1.29,0.0,0.0,0.0,0.0,-0.033,-0.017,-0.135,0.022346651,0.0,0.0,0.0,0.0,0.0,0.0,0.0,0.0,0.0,0.0,0.0,0.0,inf,inf,inf,inf,inf,1,1,1,1,0,0,0,0,0,0,1,1,0,0,0,0
1777225943805000,0,1777225642797000,47.397742,8.545594,0.0,0.01505368,1.2520001,0.0,0.0,0.0,0.0,0.0,-1.29,0.0,0.0,0.0,0.0,-0.030000001,-0.018000001,-0.056,0.022369657,0.0,0.0,0.0,0.0,0.0,0.0,0.0,0.0,0.0,0.0,0.0,0.0,inf,inf,inf,inf,inf,1,1,1,1,0,0,0,0,0,0,1,1,0,0,0,0
1777225943821000,0,1777225642797000,47.397742,8.545594,0.011119492,0.01505368,1.273,0.0,0.0,0.0,0.0,0.0,-1.29,0.0,0.0,0.0,0.0,-0.033,-0.021000002,-0.133,0.022380538,0.0,0.0,0.0,0.0,0.0,0.0,0.0,0.0,0.0,0.0,0.0,0.0,inf,inf,inf,inf,inf,1,1,1,1,0,0,0,0,0,0,1,1,0,0,0,0
1777225943845000,0,1777225642797000,47.397742,8.545594,0.0,0.00752684,1.304,0.0,0.0,0.0,0.0,0.0,-1.3,0.0,0.0,0.0,0.0,-0.034,-0.022000002,-0.054,0.022390297,0.0,0.0,0.0,0.0,0.0,0.0,0.0,0.0,0.0,0.0,0.0,0.0,inf,inf,inf,inf,inf,1,1,1,1,0,0,0,0,0,0,1,1,0,0,0,0
1777225943869000,0,1777225642797000,47.397742,8.545594,0.0,0.0,1.3360001,0.0,0.0,0.0,0.0,0.0,-1.3,0.0,0.0,0.0,0.0,-0.032,-0.021000002,-0.13100001,0.02239074,0.0,0.0,0.0,0.0,0.0,0.0,0.0,0.0,0.0,0.0,0.0,0.0,inf,inf,inf,inf,inf,1,1,1,1,0,0,0,0,0,0,1,1,0,0,0,0
1777225943885000,0,1777225642797000,47.397742,8.545594,-0.011119492,0.0,1.3560001,0.0,0.0,0.0,0.0,0.0,-1.3,0.0,0.0,0.0,0.0,-0.030000001,-0.019000001,-0.058000002,0.022387473,0.0,0.0,0.0,0.0,0.0,0.0,0.0,0.0,0.0,0.0,0.0,0.0,inf,inf,inf,inf,inf,1,1,1,1,0,0,0,0,0,0,1,1,0,0,0,0
1777225943901000,0,1777225642797000,47.397742,8.545594,-0.011119492,0.0,1.3770001,0.0,0.0,0.0,0.0,0.0,-1.3,0.0,0.0,0.0,0.0,-0.028,-0.016,-0.141,0.02238297,0.0,0.0,0.0,0.0,0.0,0.0,0.0,0.0,0.0,0.0,0.0,0.0,inf,inf,inf,inf,inf,1,1,1,1,0,0,0,0,0,0,1,1,0,0,0,0
1777225943925000,0,1777225642797000,47.397742,8.545594,-0.011119492,-0.00752684,1.409,0.0,0.0,0.0,0.0,-0.01,-1.31,0.0,0.0,0.0,0.0,-0.032,-0.022000002,-0.059000004,0.02237547,0.0,0.0,0.0,0.0,0.0,0.0,0.0,0.0,0.0,0.0,0.0,0.0,inf,inf,inf,inf,inf,1,1,1,1,0,0,0,0,0,0,1,1,0,0,0,0
1777225943949000,0,1777225642797000,47.397742,8.545594,-0.022238987,0.0,1.44,0.0,0.0,0.0,0.0,-0.01,-1.31,0.0,0.0,0.0,0.0,-0.029000001,-0.019000001,-0.13100001,0.022367572,0.0,0.0,0.0,0.0,0.0,0.0,0.0,0.0,0.0,0.0,0.0,0.0,inf,inf,inf,inf,inf,1,1,1,1,0,0,0,0,0,0,1,1,0,0,0,0
1777225943965000,0,1777225642797000,47.397742,8.545594,-0.011119492,-0.00752684,1.4610001,0.0,0.0,0.0,0.0,-0.01,-1.31,0.0,0.0,0.0,0.0,-0.030000001,-0.020000001,-0.058000002,0.022362228,0.0,0.0,0.0,0.0,0.0,0.0,0.0,0.0,0.0,0.0,0.0,0.0,inf,inf,inf,inf,inf,1,1,1,1,0,0,0,0,0,0,1,1,0,0,0,0
1777225943989000,0,1777225642797000,47.397742,8.545594,-0.022238987,0.00752684,1.493,0.0,0.0,0.0,0.0,-0.01,-1.31,0.0,0.0,0.0,0.0,-0.028,-0.018000001,-0.13700001,0.02235335,0.0,0.0,0.0,0.0,0.0,0.0,0.0,0.0,0.0,0.0,0.0,0.0,inf,inf,inf,inf,inf,1,1,1,1,0,0,0,0,0,0,1,1,0,0,0,0
1777225944005000,0,1777225642797000,47.397742,8.545594,-0.011119492,0.01505368,1.514,0.0,0.0,0.0,0.0,-0.01,-1.3199999,0.0,0.0,0.0,0.0,-0.030000001,-0.017,-0.063,0.02234898,0.0,0.0,0.0,0.0,0.0,0.0,0.0,0.0,0.0,0.0,0.0,0.0,inf,inf,inf,inf,inf,1,1,1,1,0,0,0,0,0,0,1,1,0,0,0,0
1777225944029000,0,1777225642797000,47.397742,8.545594,-0.011119492,0.0,1.5460001,0.0,0.0,0.0,-0.01,-0.01,-1.3199999,0.0,0.0,0.0,0.0,-0.029000001,-0.014,-0.13700001,0.022347948,0.0,0.0,0.0,0.0,0.0,0.0,0.0,0.0,0.0,0.0,0.0,0.0,inf,inf,inf,inf,inf,1,1,1,1,0,0,0,0,0,0,1,1,0,0,0,0
1777225944045000,0,1777225642797000,47.397742,8.545594,-0.011119492,0.0,1.567,0.0,0.0,0.0,-0.01,-0.01,-1.3199999,0.0,0.0,0.0,0.0,-0.025,-0.012,-0.058000002,0.022351064,0.0,0.0,0.0,0.0,0.0,0.0,0.0,0.0,0.0,0.0,0.0,0.0,inf,inf,inf,inf,inf,1,1,1,1,0,0,0,0,0,0,1,1,0,0,0,0
1777225944061000,0,1777225642797000,47.397742,8.545594,-0.011119492,0.00752684,1.588,0.0,0.0,0.0,-0.01,-0.01,-1.3199999,0.0,0.0,0.0,0.0,-0.024,-0.011000001,-0.14400001,0.02235699,0.0,0.0,0.0,0.0,0.0,0.0,0.0,0.0,0.0,0.0,0.0,0.0,inf,inf,inf,inf,inf,1,1,1,1,0,0,0,0,0,0,1,1,0,0,0,0
1777225944085000,0,1777225642797000,47.397742,8.545594,-0.011119492,0.0,1.6200001,0.0,0.0,0.0,-0.01,-0.01,-1.3199999,0.0,0.0,0.0,0.0,-0.023000002,-0.008,-0.062000003,0.022369668,0.0,0.0,0.0,0.0,0.0,0.0,0.0,0.0,0.0,0.0,0.0,0.0,inf,inf,inf,inf,inf,1,1,1,1,0,0,0,0,0,0,1,1,0,0,0,0
1777225944109000,0,1777225642797000,47.397742,8.545594,-0.022238987,0.0,1.6520001,0.0,0.0,0.0,-0.01,-0.01,-1.3299999,0.0,0.0,0.0,0.0,-0.025,-0.011000001,-0.135,0.022385424,0.0,0.0,0.0,0.0,0.0,0.0,0.0,0.0,0.0,0.0,0.0,0.0,inf,inf,inf,inf,inf,1,1,1,1,0,0,0,0,0,0,1,1,0,0,0,0
1777225944125000,0,1777225642797000,47.397742,8.545594,-0.022238987,-0.00752684,1.6730001,0.0,0.0,0.0,-0.01,-0.01,-1.3299999,0.0,0.0,0.0,0.0,-0.025,-0.011000001,-0.059000004,0.022396065,0.0,0.0,0.0,0.0,0.0,0.0,0.0,0.0,0.0,0.0,0.0,0.0,inf,inf,inf,inf,inf,1,1,1,1,0,0,0,0,0,0,1,1,0,0,0,0
1777225944149000,0,1777225642797000,47.397742,8.545594,-0.022238987,0.0,1.705,0.0,0.0,0.0,-0.01,-0.01,-1.3299999,0.0,0.0,0.0,0.0,-0.023000002,-0.010000001,-0.133,0.02241065,0.0,0.0,0.0,0.0,0.0,0.0,0.0,0.0,0.0,0.0,0.0,0.0,inf,inf,inf,inf,inf,1,1,1,1,0,0,0,0,0,0,1,1,0,0,0,0
1777225944165000,0,1777225642797000,47.397742,8.545594,-0.022238987,0.0,1.7270001,0.0,0.0,0.0,-0.01,-0.01,-1.3299999,0.0,0.0,0.0,0.0,-0.022000002,-0.010000001,-0.057000004,0.022420615,0.0,0.0,0.0,0.0,0.0,0.0,0.0,0.0,0.0,0.0,0.0,0.0,inf,inf,inf,inf,inf,1,1,1,1,0,0,0,0,0,0,1,1,0,0,0,0
1777225944189000,0,1777225642797000,47.397742,8.545594,-0.033358477,-0.00752684,1.7590001,0.0,0.0,0.0,-0.01,-0.01,-1.3399999,0.0,0.0,0.0,0.0,-0.021000002,-0.011000001,-0.133,0.02243892,0.0,0.0,0.0,0.0,0.0,0.0,0.0,0.0,0.0,0.0,0.0,0.0,inf,inf,inf,inf,inf,1,1,1,1,0,0,0,0,0,0,1,1,0,0,0,0
1777225944205000,0,1777225642797000,47.397742,8.545594,-0.033358477,0.0,1.7800001,0.0,0.0,0.0,-0.01,-0.01,-1.3399999,0.0,0.0,0.0,0.0,-0.024,-0.016,-0.057000004,0.02245279,0.0,0.0,0.0,0.0,0.0,0.0,0.0,0.0,0.0,0.0,0.0,0.0,inf,inf,inf,inf,inf,1,1,1,1,0,0,0,0,0,0,1,1,0,0,0,0
1777225944221000,0,1777225642797000,47.397742,8.545594,-0.033358477,0.0,1.802,0.0,0.0,0.0,-0.01,-0.01,-1.3399999,0.0,0.0,0.0,0.0,-0.026,-0.021000002,-0.135,0.02246854,0.0,0.0,0.0,0.0,0.0,0.0,0.0,0.0,0.0,0.0,0.0,0.0,inf,inf,inf,inf,inf,1,1,1,1,0,0,0,0,0,0,1,1,0,0,0,0
1777225944245000,0,1777225642797000,47.397742,8.545594,-0.033358477,0.0,1.8340001,0.0,0.0,0.0,-0.01,-0.01,-1.3399999,0.0,0.0,0.0,0.0,-0.025,-0.023000002,-0.052,0.022494847,0.0,0.0,0.0,0.0,0.0,0.0,0.0,0.0,0.0,0.0,0.0,0.0,inf,inf,inf,inf,inf,1,1,1,1,0,0,0,0,0,0,1,1,0,0,0,0
1777225944269000,0,1777225642797000,47.397742,8.545594,-0.033358477,0.00752684,1.8670001,0.0,0.0,0.0,-0.01,-0.01,-1.35,0.0,0.0,0.0,0.0,-0.029000001,-0.025,-0.127,0.022522435,0.0,0.0,0.0,0.0,0.0,0.0,0.0,0.0,0.0,0.0,0.0,0.0,inf,inf,inf,inf,inf,1,1,1,1,0,0,0,0,0,0,1,1,0,0,0,0
1777225944285000,0,1777225642797000,47.397742,8.545594,-0.022238987,0.0,1.8880001,0.0,0.0,0.0,-0.01,-0.01,-1.35,0.0,0.0,0.0,0.0,-0.028,-0.026,-0.046000004,0.022539448,0.0,0.0,0.0,0.0,0.0,0.0,0.0,0.0,0.0,0.0,0.0,0.0,inf,inf,inf,inf,inf,1,1,1,1,0,0,0,0,0,0,1,1,0,0,0,0
1777225944301000,0,1777225642797000,47.397742,8.545594,-0.022238987,0.0,1.9100001,0.0,0.0,0.0,-0.01,-0.01,-1.35,0.0,0.0,0.0,0.0,-0.026,-0.024,-0.135,0.022554303,0.0,0.0,0.0,0.0,0.0,0.0,0.0,0.0,0.0,0.0,0.0,0.0,inf,inf,inf,inf,inf,1,1,1,1,0,0,0,0,0,0,1,1,0,0,0,0
1777225944325000,0,1777225642797000,47.397742,8.545594,-0.022238987,0.0,1.9430001,0.0,0.0,0.0,-0.01,-0.01,-1.35,0.0,0.0,0.0,0.0,-0.026,-0.022000002,-0.053000003,0.022571586,0.0,0.0,0.0,0.0,0.0,0.0,0.0,0.0,0.0,0.0,0.0,0.0,inf,inf,inf,inf,inf,1,1,1,1,0,0,0,0,0,0,1,1,0,0,0,0
1777225944349000,0,1777225642797000,47.397742,8.545594,-0.033358477,0.0,1.9750001,0.0,0.0,0.0,-0.01,-0.01,-1.36,0.0,0.0,0.0,0.0,-0.023000002,-0.020000001,-0.13000001,0.02258428,0.0,0.0,0.0,0.0,0.0,0.0,0.0,0.0,0.0,0.0,0.0,0.0,inf,inf,inf,inf,inf,1,1,1,1,0,0,0,0,0,0,1,1,0,0,0,0
1777225944365000,0,1777225642797000,47.397742,8.545594,-0.033358477,-0.00752684,1.9970001,0.0,0.0,0.0,-0.01,-0.01,-1.36,0.0,0.0,0.0,0.0,-0.023000002,-0.020000001,-0.05,0.022590589,0.0,0.0,0.0,0.0,0.0,0.0,0.0,0.0,0.0,0.0,0.0,0.0,inf,inf,inf,inf,inf,1,1,1,1,0,0,0,0,0,0,1,1,0,0,0,0
1777225944381000,0,1777225642797000,47.397742,8.545594,-0.033358477,-0.01505368,2.019,0.0,0.0,0.0,-0.01,-0.01,-1.36,0.0,0.0,0.0,0.0,-0.022000002,-0.019000001,-0.135,0.022595042,0.0,0.0,0.0,0.0,0.0,0.0,0.0,0.0,0.0,0.0,0.0,0.0,inf,inf,inf,inf,inf,1,1,1,1,0,0,0,0,0,0,1,1,0,0,0,0
1777225944405000,0,1777225642797000,47.397742,8.545594,-0.033358477,-0.00752684,2.051,0.0,0.0,0.0,-0.01,-0.01,-1.36,0.0,0.0,0.0,0.0,-0.022000002,-0.021000002,-0.045,0.022600997,0.0,0.0,0.0,0.0,0.0,0.0,0.0,0.0,0.0,0.0,0.0,0.0,inf,inf,inf,inf,inf,1,1,1,1,0,0,0,0,0,0,1,1,0,0,0,0
1777225944429000,0,1777225642797000,47.397742,8.545594,-0.033358477,0.00752684,2.084,0.0,0.0,0.0,-0.02,-0.01,-1.36,0.0,0.0,0.0,0.0,-0.018000001,-0.015000001,-0.126,0.022608466,0.0,0.0,0.0,0.0,0.0,0.0,0.0,0.0,0.0,0.0,0.0,0.0,inf,inf,inf,inf,inf,1,1,1,1,0,0,0,0,0,0,1,1,0,0,0,0
1777225944445000,0,1777225642797000,47.397742,8.545594,-0.033358477,0.00752684,2.1060002,0.0,0.0,0.0,-0.02,-0.01,-1.37,0.0,0.0,0.0,0.0,-0.020000001,-0.017,-0.043,0.022615472,0.0,0.0,0.0,0.0,0.0,0.0,0.0,0.0,0.0,0.0,0.0,0.0,inf,inf,inf,inf,inf,1,1,1,1,0,0,0,0,0,0,1,1,0,0,0,0
1777225944461000,0,1777225642797000,47.397742,8.545594,-0.033358477,0.00752684,2.128,0.0,0.0,0.0,-0.02,-0.01,-1.37,0.0,0.0,0.0,0.0,-0.018000001,-0.015000001,-0.124000005,0.022622883,0.0,0.0,0.0,0.0,0.0,0.0,0.0,0.0,0.0,0.0,0.0,0.0,inf,inf,inf,inf,inf,1,1,1,1,0,0,0,0,0,0,1,1,0,0,0,0
1777225944485000,0,1777225642797000,47.397742,8.545594,-0.033358477,0.00752684,2.161,0.0,0.0,0.0,-0.02,-0.01,-1.37,0.0,0.0,0.0,0.0,-0.016,-0.014,-0.039,0.022636369,0.0,0.0,0.0,0.0,0.0,0.0,0.0,0.0,0.0,0.0,0.0,0.0,inf,inf,inf,inf,inf,1,1,1,1,0,0,0,0,0,0,1,1,0,0,0,0
1777225944509000,0,1777225642797000,47.397742,8.545594,-0.033358477,0.00752684,2.194,0.0,0.0,0.0,-0.02,-0.02,-1.37,0.0,0.0,0.0,0.0,-0.017,-0.014,-0.11400001,0.022652602,0.0,0.0,0.0,0.0,0.0,0.0,0.0,0.0,0.0,0.0,0.0,0.0,inf,inf,inf,inf,inf,1,1,1,1,0,0,0,0,0,0,1,1,0,0,0,0
1777225944525000,0,1777225642797000,47.397742,8.545594,-0.033358477,0.00752684,2.216,0.0,0.0,0.0,-0.02,-0.02,-1.37,0.0,0.0,0.0,0.0,-0.015000001,-0.011000001,-0.033,0.022663627,0.0,0.0,0.0,0.0,0.0,0.0,0.0,0.0,0.0,0.0,0.0,0.0,inf,inf,inf,inf,inf,1,1,1,1,0,0,0,0,0,0,1,1,0,0,0,0
1777225944541000,0,1777225642797000,47.397742,8.545594,-0.033358477,0.0,2.2380002,0.0,0.0,0.0,-0.02,-0.02,-1.38,0.0,0.0,0.0,0.0,-0.017,-0.014,-0.11800001,0.022674952,0.0,0.0,0.0,0.0,0.0,0.0,0.0,0.0,0.0,0.0,0.0,0.0,inf,inf,inf,inf,inf,1,1,1,1,0,0,0,0,0,0,1,1,0,0,0,0
1777225944565000,0,1777225642797000,47.397742,8.545594,-0.033358477,0.00752684,2.2710001,0.0,0.0,0.0,-0.02,-0.02,-1.38,0.0,0.0,0.0,0.0,-0.018000001,-0.015000001,-0.029000001,0.022691112,0.0,0.0,0.0,0.0,0.0,0.0,0.0,0.0,0.0,0.0,0.0,0.0,inf,inf,inf,inf,inf,1,1,1,1,0,0,0,0,0,0,1,1,0,0,0,0
1777225944589000,0,1777225642797000,47.397742,8.545594,-0.033358477,-0.00752684,2.305,0.0,0.0,0.0,-0.02,-0.02,-1.38,0.0,0.0,0.0,0.0,-0.017,-0.016,-0.101,0.022705914,0.0,0.0,0.0,0.0,0.0,0.0,0.0,0.0,0.0,0.0,0.0,0.0,inf,inf,inf,inf,inf,1,1,1,1,0,0,0,0,0,0,1,1,0,0,0,0
1777225944605000,0,1777225642797000,47.397742,8.545594,-0.022238987,-0.01505368,2.3270001,0.0,0.0,0.0,-0.02,-0.02,-1.38,0.0,0.0,0.0,0.0,-0.017,-0.014,-0.021000002,0.022715943,0.0,0.0,0.0,0.0,0.0,0.0,0.0,0.0,0.0,0.0,0.0,0.0,inf,inf,inf,inf,inf,1,1,1,1,0,0,0,0,0,0,1,1,0,0,0,0
1777225944629000,0,1777225642797000,47.397742,8.545594,-0.011119492,-0.00752684,2.3600001,0.0,0.0,0.0,-0.02,-0.02,-1.38,0.0,0.0,0.0,0.0,-0.014,-0.011000001,-0.102000006,0.022731662,0.0,0.0,0.0,0.0,0.0,0.0,0.0,0.0,0.0,0.0,0.0,0.0,inf,inf,inf,inf,inf,1,1,1,1,0,0,0,0,0,0,1,1,0,0,0,0
1777225944645000,0,1777225642797000,47.397742,8.545594,-0.022238987,-0.00752684,2.3820002,0.0,0.0,0.0,-0.02,-0.02,-1.38,0.0,0.0,0.0,0.0,-0.013,-0.014,-0.020000001,0.022742834,0.0,0.0,0.0,0.0,0.0,0.0,0.0,0.0,0.0,0.0,0.0,0.0,inf,inf,inf,inf,inf,1,1,1,1,0,0,0,0,0,0,1,1,0,0,0,0
1777225944669000,0,1777225642797000,47.397742,8.545594,-0.022238987,0.0,2.4160001,0.0,0.0,0.0,-0.02,-0.02,-1.39,0.0,0.0,0.0,0.0,-0.013,-0.013,-0.098000005,0.022758706,0.0,0.0,0.0,0.0,0.0,0.0,0.0,0.0,0.0,0.0,0.0,0.0,inf,inf,inf,inf,inf,1,1,1,1,0,0,0,0,0,0,1,1,0,0,0,0
1777225944685000,0,1777225642797000,47.397742,8.545594,-0.022238987,0.0,2.4380002,0.0,0.0,0.0,-0.02,-0.02,-1.39,0.0,0.0,0.0,0.0,-0.014,-0.014,-0.020000001,0.022767697,0.0,0.0,0.0,0.0,0.0,0.0,0.0,0.0,0.0,0.0,0.0,0.0,inf,inf,inf,inf,inf,1,1,1,1,0,0,0,0,0,0,1,1,0,0,0,0
1777225944709000,0,1777225642797000,47.397742,8.545594,-0.022238987,0.0,2.4710002,0.0,0.0,0.0,-0.02,-0.02,-1.39,0.0,0.0,0.0,0.0,-0.011000001,-0.012,-0.10300001,0.022780372,0.0,0.0,0.0,0.0,0.0,0.0,0.0,0.0,0.0,0.0,0.0,0.0,inf,inf,inf,inf,inf,1,1,1,1,0,0,0,0,0,0,1,1,0,0,0,0
1777225944725000,0,1777225642797000,47.397742,8.545594,-0.022238987,0.00752684,2.4940002,0.0,0.0,0.0,-0.02,-0.02,-1.39,0.0,0.0,0.0,0.0,-0.009000001,-0.009000001,-0.025,0.022788424,0.0,0.0,0.0,0.0,0.0,0.0,0.0,0.0,0.0,0.0,0.0,0.0,inf,inf,inf,inf,inf,1,1,1,1,0,0,0,0,0,0,1,1,0,0,0,0
1777225944749000,0,1777225642797000,47.397742,8.545594,-0.022238987,0.00752684,2.5270002,0.0,0.0,0.0,-0.02,-0.02,-1.39,0.0,0.0,0.0,0.0,-0.008,-0.008,-0.104,0.022799592,0.0,0.0,0.0,0.0,0.0,0.0,0.0,0.0,0.0,0.0,0.0,0.0,inf,inf,inf,inf,inf,1,1,1,1,0,0,0,0,0,0,1,1,0,0,0,0
1777225944765000,0,1777225642797000,47.397742,8.545594,-0.022238987,0.0,2.549,0.0,0.0,0.0,-0.02,-0.02,-1.39,0.0,0.0,0.0,0.0,-0.012,-0.012,-0.026,0.022807611,0.0,0.0,0.0,0.0,0.0,0.0,0.0,0.0,0.0,0.0,0.0,0.0,inf,inf,inf,inf,inf,1,1,1,1,0,0,0,0,0,0,1,1,0,0,0,0
1777225944789000,0,1777225642797000,47.397742,8.545594,-0.011119492,0.0,2.5830002,0.0,0.0,0.0,-0.02,-0.02,-1.4,0.0,0.0,0.0,0.0,-0.012,-0.012,-0.105000004,0.022822019,0.0,0.0,0.0,0.0,0.0,0.0,0.0,0.0,0.0,0.0,0.0,0.0,inf,inf,inf,inf,inf,1,1,1,1,0,0,0,0,0,0,1,1,0,0,0,0
1777225944805000,0,1777225642797000,47.397742,8.545594,-0.011119492,0.00752684,2.605,0.0,0.0,0.0,-0.02,-0.02,-1.4,0.0,0.0,0.0,0.0,-0.009000001,-0.011000001,-0.019000001,0.022832552,0.0,0.0,0.0,0.0,0.0,0.0,0.0,0.0,0.0,0.0,0.0,0.0,inf,inf,inf,inf,inf,1,1,1,1,0,0,0,0,0,0,1,1,0,0,0,0
1777225944829000,0,1777225642797000,47.397742,8.545594,-0.022238987,0.00752684,2.6390002,0.0,0.0,0.0,-0.02,-0.02,-1.4,0.0,0.0,0.0,0.0,-0.004,-0.008,-0.102000006,0.022850905,0.0,0.0,0.0,0.0,0.0,0.0,0.0,0.0,0.0,0.0,0.0,0.0,inf,inf,inf,inf,inf,1,1,1,1,0,0,0,0,0,0,1,1,0,0,0,0
1777225944845000,0,1777225642797000,47.397742,8.545594,-0.022238987,0.00752684,2.6620002,0.0,0.0,0.0,-0.02,-0.02,-1.4,0.0,0.0,0.0,0.0,-0.003,-0.008,-0.022000002,0.022864902,0.0,0.0,0.0,0.0,0.0,0.0,0.0,0.0,0.0,0.0,0.0,0.0,inf,inf,inf,inf,inf,1,1,1,1,0,0,0,0,0,0,1,1,0,0,0,0
1777225944869000,0,1777225642797000,47.397742,8.545594,-0.022238987,-0.00752684,2.6950002,0.0,0.0,0.0,-0.02,-0.02,-1.4,0.0,0.0,0.0,0.0,-0.004,-0.010000001,-0.09900001,0.022887904,0.0,0.0,0.0,0.0,0.0,0.0,0.0,0.0,0.0,0.0,0.0,0.0,inf,inf,inf,inf,inf,1,1,1,1,0,0,0,0,0,0,1,1,0,0,0,0
1777225944885000,0,1777225642797000,47.397742,8.545594,-0.022238987,-0.00752684,2.7180002,0.0,0.0,0.0,-0.02,-0.02,-1.4,0.0,0.0,0.0,0.0,-0.002,-0.009000001,-0.018000001,0.022904227,0.0,0.0,0.0,0.0,0.0,0.0,0.0,0.0,0.0,0.0,0.0,0.0,inf,inf,inf,inf,inf,1,1,1,1,0,0,0,0,0,0,1,1,0,0,0,0
1777225944901000,0,1777225642797000,47.397742,8.545594,-0.011119492,-0.00752684,2.7400002,0.0,0.0,0.0,-0.02,-0.02,-1.41,0.0,0.0,0.0,0.0,-0.003,-0.010000001,-0.102000006,0.022920957,0.0,0.0,0.0,0.0,0.0,0.0,0.0,0.0,0.0,0.0,0.0,0.0,inf,inf,inf,inf,inf,1,1,1,1,0,0,0,0,0,0,1,1,0,0,0,0
1777225944925000,0,1777225642797000,47.397742,8.545594,-0.022238987,0.0,2.7740002,0.0,0.0,0.0,-0.02,-0.02,-1.41,0.0,0.0,0.0,0.0,0.0,-0.006,-0.015000001,0.022946171,0.0,0.0,0.0,0.0,0.0,0.0,0.0,0.0,0.0,0.0,0.0,0.0,inf,inf,inf,inf,inf,1,1,1,1,0,0,0,0,0,0,1,1,0,0,0,0
1777225944941000,0,1777225642797000,47.397742,8.545594,-0.011119492,-0.00752684,2.7970002,0.0,0.0,0.0,-0.02,-0.02,-1.41,0.0,0.0,0.0,0.0,0.0,-0.0050000004,-0.101,0.022962494,0.0,0.0,0.0,0.0,0.0,0.0,0.0,0.0,0.0,0.0,0.0,0.0,inf,inf,inf,inf,inf,1,1,1,1,0,0,0,0,0,0,1,1,0,0,0,0
1777225944965000,0,1777225642797000,47.397742,8.545594,-0.011119492,-0.00752684,2.831,0.0,0.0,0.0,-0.02,-0.02,-1.41,0.0,0.0,0.0,0.0,0.0,-0.003,-0.011000001,0.022987718,0.0,0.0,0.0,0.0,0.0,0.0,0.0,0.0,0.0,0.0,0.0,0.0,inf,inf,inf,inf,inf,1,1,1,1,0,0,0,0,0,0,1,1,0,0,0,0
1777225944981000,0,1777225642797000,47.397742,8.545594,-0.011119492,0.0,2.854,0.0,0.0,0.0,-0.02,-0.02,-1.41,0.0,0.0,0.0,0.0,0.001,-0.002,-0.097,0.023004526,0.0,0.0,0.0,0.0,0.0,0.0,0.0,0.0,0.0,0.0,0.0,0.0,inf,inf,inf,inf,inf,1,1,1,1,0,0,0,0,0,0,1,1,0,0,0,0
1777225945005000,0,1777225642797000,47.397742,8.545594,0.0,-0.00752684,2.8880002,0.0,0.0,0.0,-0.02,-0.02,-1.41,0.0,0.0,0.0,0.0,0.0,-0.001,-0.008,0.023028687,0.0,0.0,0.0,0.0,0.0,0.0,0.0,0.0,0.0,0.0,0.0,0.0,inf,inf,inf,inf,inf,1,1,1,1,0,0,0,0,0,0,1,1,0,0,0,0
1777225945029000,0,1777225642797000,47.397742,8.545594,-0.011119492,-0.00752684,2.9220002,0.0,0.0,0.0,-0.02,-0.02,-1.42,0.0,0.0,0.0,0.0,0.002,0.003,-0.08800001,0.023052756,0.0,0.0,0.0,0.0,0.0,0.0,0.0,0.0,0.0,0.0,0.0,0.0,inf,inf,inf,inf,inf,1,1,1,1,0,0,0,0,0,0,1,1,0,0,0,0
1777225945045000,0,1777225642797000,47.397742,8.545594,-0.011119492,-0.00752684,2.9440002,0.0,0.0,0.0,-0.02,-0.02,-1.42,0.0,0.0,0.0,0.0,0.003,0.0050000004,-0.0050000004,0.023068007,0.0,0.0,0.0,0.0,0.0,0.0,0.0,0.0,0.0,0.0,0.0,0.0,inf,inf,inf,inf,inf,1,1,1,1,0,0,0,0,0,0,1,1,0,0,0,0
1777225945069000,0,1777225642797000,47.397742,8.545594,-0.022238987,-0.01505368,2.9780002,0.0,0.0,0.0,-0.02,-0.02,-1.42,0.0,0.0,0.0,0.0,0.004,0.007,-0.058000002,0.023087837,0.0,0.0,0.0,0.0,0.0,0.0,0.0,0.0,0.0,0.0,0.0,0.0,inf,inf,inf,inf,inf,1,1,1,1,0,0,0,0,0,0,1,1,0,0,0,0
1777225945085000,0,1777225642797000,47.397742,8.545594,-0.033358477,-0.01505368,3.0010002,0.0,0.0,0.0,-0.02,-0.02,-1.42,0.0,0.0,0.0,0.0,0.002,0.004,-0.002,0.023099273,0.0,0.0,0.0,0.0,0.0,0.0,0.0,0.0,0.0,0.0,0.0,0.0,inf,inf,inf,inf,inf,1,1,1,1,0,0,0,0,0,0,1,1,0,0,0,0
1777225945109000,0,1777225642797000,47.397742,8.545594,-0.04447797,-0.01505368,3.035,0.0,0.0,0.0,-0.02,-0.02,-1.42,0.0,0.0,0.0,0.0,0.004,0.007,-0.086,0.023115136,0.0,0.0,0.0,0.0,0.0,0.0,0.0,0.0,0.0,0.0,0.0,0.0,inf,inf,inf,inf,inf,1,1,1,1,0,0,0,0,0,0,1,1,0,0,0,0
1777225945125000,0,1777225642797000,47.397742,8.545594,-0.04447797,-0.01505368,3.058,0.0,0.0,0.0,-0.02,-0.02,-1.42,0.0,0.0,0.0,0.0,0.002,0.007,-0.004,0.023123618,0.0,0.0,0.0,0.0,0.0,0.0,0.0,0.0,0.0,0.0,0.0,0.0,inf,inf,inf,inf,inf,1,1,1,1,0,0,0,0,0,0,1,1,0,0,0,0
1777225945141000,0,1777225642797000,47.397742,8.545594,-0.04447797,-0.01505368,3.081,0.0,0.0,0.0,-0.02,-0.02,-1.42,0.0,0.0,0.0,0.0,0.002,0.007,-0.086,0.023131957,0.0,0.0,0.0,0.0,0.0,0.0,0.0,0.0,0.0,0.0,0.0,0.0,inf,inf,inf,inf,inf,1,1,1,1,0,0,0,0,0,0,1,1,0,0,0,0
1777225945165000,0,1777225642797000,47.397742,8.545594,-0.033358477,-0.01505368,3.1150002,0.0,0.0,0.0,-0.02,-0.02,-1.42,0.0,0.0,0.0,0.0,0.002,0.008,-0.003,0.02314697,0.0,0.0,0.0,0.0,0.0,0.0,0.0,0.0,0.0,0.0,0.0,0.0,inf,inf,inf,inf,inf,1,1,1,1,0,0,0,0,0,0,1,1,0,0,0,0
1777225945181000,0,1777225642797000,47.397742,8.545594,-0.033358477,-0.00752684,3.1380002,0.0,0.0,0.0,-0.02,-0.02,-1.42,0.0,0.0,0.0,0.0,0.004,0.011000001,-0.09,0.023158522,0.0,0.0,0.0,0.0,0.0,0.0,0.0,0.0,0.0,0.0,0.0,0.0,inf,inf,inf,inf,inf,1,1,1,1,0,0,0,0,0,0,1,1,0,0,0,0
1777225945205000,0,1777225642797000,47.397742,8.545594,-0.033358477,-0.00752684,3.1720002,0.0,0.0,0.0,-0.02,-0.02,-1.43,0.0,0.0,0.0,0.0,0.0050000004,0.010000001,-0.001,0.023176963,0.0,0.0,0.0,0.0,0.0,0.0,0.0,0.0,0.0,0.0,0.0,0.0,inf,inf,inf,inf,inf,1,1,1,1,0,0,0,0,0,0,1,1,0,0,0,0
1777225945229000,0,1777225642797000,47.397742,8.545594,-0.033358477,-0.01505368,3.2070003,0.0,0.0,0.0,-0.02,-0.02,-1.43,0.0,0.0,0.0,0.0,0.003,0.007,-0.07700001,0.02319303,0.0,0.0,0.0,0.0,0.0,0.0,0.0,0.0,0.0,0.0,0.0,0.0,inf,inf,inf,inf,inf,1,1,1,1,0,0,0,0,0,0,1,1,0,0,0,0
1777225945245000,0,1777225642797000,47.397742,8.545594,-0.033358477,-0.01505368,3.2300003,0.0,0.0,0.0,-0.02,-0.02,-1.43,0.0,0.0,0.0,0.0,0.003,0.006,0.006,0.023202699,0.0,0.0,0.0,0.0,0.0,0.0,0.0,0.0,0.0,0.0,0.0,0.0,inf,inf,inf,inf,inf,1,1,1,1,0,0,0,0,0,0,1,1,0,0,0,0
1777225945261000,0,1777225642797000,47.397742,8.545594,-0.022238987,-0.00752684,3.2530003,0.0,0.0,0.0,-0.02,-0.02,-1.43,0.0,0.0,0.0,0.0,0.003,0.006,-0.07700001,0.023212895,0.0,0.0,0.0,0.0,0.0,0.0,0.0,0.0,0.0,0.0,0.0,0.0,inf,inf,inf,inf,inf,1,1,1,1,0,0,0,0,0,0,1,1,0,0,0,0
1777225945285000,0,1777225642797000,47.397742,8.545594,-0.022238987,-0.00752684,3.2870002,0.0,0.0,0.0,-0.02,-0.02,-1.43,0.0,0.0,0.0,0.0,0.0050000004,0.011000001,0.009000001,0.023227539,0.0,0.0,0.0,0.0,0.0,0.0,0.0,0.0,0.0,0.0,0.0,0.0,inf,inf,inf,inf,inf,1,1,1,1,0,0,0,0,0,0,1,1,0,0,0,0
1777225945309000,0,1777225642797000,47.397742,8.545594,-0.033358477,-0.00752684,3.3220003,0.0,0.0,0.0,-0.02,-0.02,-1.43,0.0,0.0,0.0,0.0,0.0050000004,0.010000001,-0.072000004,0.02324141,0.0,0.0,0.0,0.0,0.0,0.0,0.0,0.0,0.0,0.0,0.0,0.0,inf,inf,inf,inf,inf,1,1,1,1,0,0,0,0,0,0,1,1,0,0,0,0
1777225945325000,0,1777225642797000,47.397742,8.545594,-0.04447797,0.0,3.3450003,0.0,0.0,0.0,-0.02,-0.02,-1.43,0.0,0.0,0.0,0.0,0.007,0.008,0.013,0.023250004,0.0,0.0,0.0,0.0,0.0,0.0,0.0,0.0,0.0,0.0,0.0,0.0,inf,inf,inf,inf,inf,1,1,1,1,0,0,0,0,0,0,1,1,0,0,0,0
1777225945341000,0,1777225642797000,47.397742,8.545594,-0.04447797,-0.00752684,3.3680003,0.0,0.0,0.0,-0.02,-0.02,-1.43,0.0,0.0,0.0,0.0,0.009000001,0.011000001,-0.074,0.02325831,0.0,0.0,0.0,0.0,0.0,0.0,0.0,0.0,0.0,0.0,0.0,0.0,inf,inf,inf,inf,inf,1,1,1,1,0,0,0,0,0,0,1,1,0,0,0,0
1777225945365000,0,1777225642797000,47.397742,8.545594,-0.04447797,-0.00752684,3.4020002,0.0,0.0,0.0,-0.02,-0.02,-1.43,0.0,0.0,0.0,0.0,0.007,0.013,-0.066,0.023268195,0.0,0.0,0.0,0.0,0.0,0.0,0.0,0.0,0.0,0.0,0.0,0.0,inf,inf,inf,inf,inf,1,1,1,1,0,0,0,0,0,0,1,1,0,0,0,0
1777225945389000,0,1777225642797000,47.397742,8.545594,-0.022238987,-0.01505368,3.4370003,0.0,0.0,0.0,-0.02,-0.02,-1.4399999,0.0,0.0,0.0,0.0,0.0050000004,0.011000001,-0.071,0.023275578,0.0,0.0,0.0,0.0,0.0,0.0,0.0,0.0,0.0,0.0,0.0,0.0,inf,inf,inf,inf,inf,1,1,1,1,0,0,0,0,0,0,1,1,0,0,0,0
1777225945405000,0,1777225642797000,47.397742,8.545594,-0.033358477,-0.01505368,3.4600003,0.0,0.0,0.0,-0.02,-0.02,-1.4399999,0.0,0.0,0.0,0.0,0.0050000004,0.008,0.015000001,0.023278879,0.0,0.0,0.0,0.0,0.0,0.0,0.0,0.0,0.0,0.0,0.0,0.0,inf,inf,inf,inf,inf,1,1,1,1,0,0,0,0,0,0,1,1,0,0,0,0
1777225945429000,0,1777225642797000,47.397742,8.545594,-0.04447797,-0.01505368,3.4940002,0.0,0.0,0.0,-0.02,-0.02,-1.4399999,0.0,0.0,0.0,0.0,0.001,0.003,-0.057000004,0.02327949,0.0,0.0,0.0,0.0,0.0,0.0,0.0,0.0,0.0,0.0,0.0,0.0,inf,inf,inf,inf,inf,1,1,1,1,0,0,0,0,0,0,1,1,0,0,0,0
1777225945445000,0,1777225642797000,47.397742,8.545594,-0.04447797,-0.01505368,3.5170002,0.0,0.0,0.0,-0.02,-0.02,-1.4399999,0.0,0.0,0.0,0.0,-0.001,-0.001,0.030000001,0.023278018,0.0,0.0,0.0,0.0,0.0,0.0,0.0,0.0,0.0,0.0,0.0,0.0,inf,inf,inf,inf,inf,1,1,1,1,0,0,0,0,0,0,1,1,0,0,0,0
1777225945461000,0,1777225642797000,47.397742,8.545594,-0.033358477,-0.02258052,3.5410001,0.0,0.0,0.0,-0.02,-0.02,-1.4399999,0.0,0.0,0.0,0.0,-0.0050000004,-0.008,-0.057000004,0.023277627,0.0,0.0,0.0,0.0,0.0,0.0,0.0,0.0,0.0,0.0,0.0,0.0,inf,inf,inf,inf,inf,1,1,1,1,0,0,0,0,0,0,1,1,0,0,0,0
1777225945485000,0,1777225642797000,47.397742,8.545594,-0.033358477,-0.00752684,3.5750003,0.0,0.0,0.0,-0.02,-0.02,-1.4399999,0.0,0.0,0.0,0.0,-0.001,-0.0050000004,0.024,0.023280893,0.0,0.0,0.0,0.0,0.0,0.0,0.0,0.0,0.0,0.0,0.0,0.0,inf,inf,inf,inf,inf,1,1,1,1,0,0,0,0,0,0,1,1,0,0,0,0
1777225945501000,0,1777225642797000,47.397742,8.545594,-0.04447797,-0.01505368,3.5980003,0.0,0.0,0.0,-0.02,-0.02,-1.4399999,0.0,0.0,0.0,0.0,0.0,-0.004,-0.060000002,0.023286808,0.0,0.0,0.0,0.0,0.0,0.0,0.0,0.0,0.0,0.0,0.0,0.0,inf,inf,inf,inf,inf,1,1,1,1,0,0,0,0,0,0,1,1,0,0,0,0
1777225945525000,0,1777225642797000,47.397742,8.545594,-0.04447797,-0.01505368,3.6330001,0.0,0.0,0.0,-0.02,-0.02,-1.4399999,0.0,0.0,0.0,0.0,-0.001,-0.008,0.030000001,0.023300512,0.0,0.0,0.0,0.0,0.0,0.0,0.0,0.0,0.0,0.0,0.0,0.0,inf,inf,inf,inf,inf,1,1,1,1,0,0,0,0,0,0,1,1,0,0,0,0
1777225945549000,0,1777225642797000,47.397742,8.545594,-0.04447797,-0.01505368,3.6680002,0.0,0.0,0.0,-0.02,-0.02,-1.4399999,0.0,0.0,0.0,0.0,-0.0050000004,-0.013,-0.048,0.023321059,0.0,0.0,0.0,0.0,0.0,0.0,0.0,0.0,0.0,0.0,0.0,0.0,inf,inf,inf,inf,inf,1,1,1,1,0,0,0,0,0,0,1,1,0,0,0,0
1777225945565000,0,1777225642797000,47.397742,8.545594,-0.033358477,-0.01505368,3.6910002,0.0,0.0,0.0,-0.02,-0.02,-1.4399999,0.0,0.0,0.0,0.0,-0.006,-0.011000001,0.034,0.023338633,0.0,0.0,0.0,0.0,0.0,0.0,0.0,0.0,0.0,0.0,0.0,0.0,inf,inf,inf,inf,inf,1,1,1,1,0,0,0,0,0,0,1,1,0,0,0,0
1777225945581000,0,1777225642797000,47.397742,8.545594,-0.033358477,-0.01505368,3.7140002,0.0,0.0,0.0,-0.02,-0.02,-1.4399999,0.0,0.0,0.0,0.0,-0.007,-0.014,-0.054,0.02335709,0.0,0.0,0.0,0.0,0.0,0.0,0.0,0.0,0.0,0.0,0.0,0.0,inf,inf,inf,inf,inf,1,1,1,1,0,0,0,0,0,0,1,1,0,0,0,0
1777225945605000,0,1777225642797000,47.397742,8.545594,-0.04447797,-0.01505368,3.749,0.0,0.0,0.0,-0.02,-0.02,-1.4399999,0.0,0.0,0.0,0.0,-0.006,-0.014,0.029000001,0.023384865,0.0,0.0,0.0,0.0,0.0,0.0,0.0,0.0,0.0,0.0,0.0,0.0,inf,inf,inf,inf,inf,1,1,1,1,0,0,0,0,0,0,1,1,0,0,0,0
1777225945629000,0,1777225642797000,47.397742,8.545594,-0.04447797,-0.01505368,3.7840002,0.0,0.0,0.0,-0.02,-0.02,-1.4499999,0.0,0.0,0.0,0.0,-0.004,-0.013,-0.052,0.023415262,0.0,0.0,0.0,0.0,0.0,0.0,0.0,0.0,0.0,0.0,0.0,0.0,inf,inf,inf,inf,inf,1,1,1,1,0,0,0,0,0,0,1,1,0,0,0,0
1777225945645000,0,1777225642797000,47.397742,8.545594,-0.04447797,-0.01505368,3.8070002,0.0,0.0,0.0,-0.02,-0.02,-1.4499999,0.0,0.0,0.0,0.0,-0.003,-0.011000001,0.032,0.023437168,0.0,0.0,0.0,0.0,0.0,0.0,0.0,0.0,0.0,0.0,0.0,0.0,inf,inf,inf,inf,inf,1,1,1,1,0,0,0,0,0,0,1,1,0,0,0,0
1777225945661000,0,1777225642797000,47.397742,8.545594,-0.033358477,-0.00752684,3.8300002,0.0,0.0,0.0,-0.02,-0.02,-1.4499999,0.0,0.0,0.0,0.0,-0.0050000004,-0.011000001,-0.051000003,0.023459481,0.0,0.0,0.0,0.0,0.0,0.0,0.0,0.0,0.0,0.0,0.0,0.0,inf,inf,inf,inf,inf,1,1,1,1,0,0,0,0,0,0,1,1,0,0,0,0
1777225945685000,0,1777225642797000,47.397742,8.545594,-0.05559746,-0.02258052,3.8650002,0.0,0.0,0.0,-0.02,-0.02,-1.4499999,0.0,0.0,0.0,0.0,-0.006,-0.014,0.035,0.023492463,0.0,0.0,0.0,0.0,0.0,0.0,0.0,0.0,0.0,0.0,0.0,0.0,inf,inf,inf,inf,inf,1,1,1,1,0,0,0,0,0,0,1,1,0,0,0,0
1777225945709000,0,1777225642797000,47.397742,8.545594,-0.05559746,-0.02258052,3.9,0.0,0.0,0.0,-0.02,-0.02,-1.4499999,0.0,0.0,0.0,0.0,-0.009000001,-0.014,-0.053000003,0.023523625,0.0,0.0,0.0,0.0,0.0,0.0,0.0,0.0,0.0,0.0,0.0,0.0,inf,inf,inf,inf,inf,1,1,1,1,0,0,0,0,0,0,1,1,0,0,0,0
1777225945725000,0,1777225642797000,47.397742,8.545594,-0.05559746,-0.03010736,3.923,0.0,0.0,0.0,-0.02,-0.02,-1.4499999,0.0,0.0,0.0,0.0,-0.009000001,-0.015000001,0.040000003,0.023543136,0.0,0.0,0.0,0.0,0.0,0.0,0.0,0.0,0.0,0.0,0.0,0.0,inf,inf,inf,inf,inf,1,1,1,1,0,0,0,0,0,0,1,1,0,0,0,0
1777225945749000,0,1777225642797000,47.397742,8.545594,-0.05559746,-0.03010736,3.9580002,0.0,0.0,0.0,-0.02,-0.02,-1.4499999,0.0,0.0,0.0,0.0,-0.007,-0.012,-0.05,0.02357046,0.0,0.0,0.0,0.0,0.0,0.0,0.0,0.0,0.0,0.0,0.0,0.0,inf,inf,inf,inf,inf,1,1,1,1,0,0,0,0,0,0,1,1,0,0,0,0
1777225945765000,0,1777225642797000,47.397742,8.545594,-0.05559746,-0.02258052,3.9810002,0.0,0.0,0.0,-0.02,-0.02,-1.4499999,0.0,0.0,0.0,0.0,-0.011000001,-0.015000001,0.038000003,0.023587419,0.0,0.0,0.0,0.0,0.0,0.0,0.0,0.0,0.0,0.0,0.0,0.0,inf,inf,inf,inf,inf,1,1,1,1,0,0,0,0,0,0,1,1,0,0,0,0
1777225945789000,0,1777225642797000,47.397742,8.545594,-0.066716954,-0.03010736,4.0160003,0.0,0.0,0.0,-0.02,-0.02,-1.4499999,0.0,0.0,0.0,0.0,-0.0050000004,-0.007,-0.049000002,0.023609702,0.0,0.0,0.0,0.0,0.0,0.0,0.0,0.0,0.0,0.0,0.0,0.0,inf,inf,inf,inf,inf,1,1,1,1,0,0,0,0,0,0,1,1,0,0,0,0
1777225945805000,0,1777225642797000,47.397742,8.545594,-0.05559746,-0.03010736,4.039,0.0,0.0,0.0,-0.02,-0.02,-1.4499999,0.0,0.0,0.0,0.0,-0.007,-0.008,0.036000002,0.02362274,0.0,0.0,0.0,0.0,0.0,0.0,0.0,0.0,0.0,0.0,0.0,0.0,inf,inf,inf,inf,inf,1,1,1,1,0,0,0,0,0,0,1,1,0,0,0,0
1777225945829000,0,1777225642797000,47.397742,8.545594,-0.05559746,-0.0376342,4.0740004,0.0,0.0,0.0,-0.02,-0.02,-1.4499999,0.0,0.0,0.0,0.0,-0.009000001,-0.008,-0.041,0.023638811,0.0,0.0,0.0,0.0,0.0,0.0,0.0,0.0,0.0,0.0,0.0,0.0,inf,inf,inf,inf,inf,1,1,1,1,0,0,0,0,0,0,1,1,0,0,0,0
1777225945845000,0,1777225642797000,47.397742,8.545594,-0.05559746,-0.04516104,4.098,0.0,0.0,0.0,-0.02,-0.02,-1.4499999,0.0,0.0,0.0,0.0,-0.008,-0.007,0.041,0.023647612,0.0,0.0,0.0,0.0,0.0,0.0,0.0,0.0,0.0,0.0,0.0,0.0,inf,inf,inf,inf,inf,1,1,1,1,0,0,0,0,0,0,1,1,0,0,0,0
1777225945861000,0,1777225642797000,47.397742,8.545594,-0.05559746,-0.04516104,4.1210003,0.0,0.0,0.0,-0.02,-0.02,-1.4499999,0.0,0.0,0.0,0.0,-0.002,0.001,-0.05,0.02365611,0.0,0.0,0.0,0.0,0.0,0.0,0.0,0.0,0.0,0.0,0.0,0.0,inf,inf,inf,inf,inf,1,1,1,1,0,0,0,0,0,0,1,1,0,0,0,0
1777225945885000,0,1777225642797000,47.397742,8.545594,-0.05559746,-0.04516104,4.156,0.0,0.0,0.0,-0.02,-0.02,-1.4499999,0.0,0.0,0.0,0.0,0.0,0.0050000004,0.033,0.023668084,0.0,0.0,0.0,0.0,0.0,0.0,0.0,0.0,0.0,0.0,0.0,0.0,inf,inf,inf,inf,inf,1,1,1,1,0,0,0,0,0,0,1,1,0,0,0,0
1777225945909000,0,1777225642797000,47.397742,8.545594,-0.05559746,-0.0376342,4.191,0.0,0.0,0.0,-0.02,-0.02,-1.4499999,0.0,0.0,0.0,0.0,0.004,0.007,-0.047000002,0.023677384,0.0,0.0,0.0,0.0,0.0,0.0,0.0,0.0,0.0,0.0,0.0,0.0,inf,inf,inf,inf,inf,1,1,1,1,0,0,0,0,0,0,1,1,0,0,0,0
1777225945925000,0,1777225642797000,47.397742,8.545594,-0.066716954,-0.0376342,4.214,0.0,0.0,0.0,-0.02,-0.02,-1.4499999,0.0,0.0,0.0,0.0,0.0050000004,0.011000001,0.036000002,0.02368416,0.0,0.0,0.0,0.0,0.0,0.0,0.0,0.0,0.0,0.0,0.0,0.0,inf,inf,inf,inf,inf,1,1,1,1,0,0,0,0,0,0,1,1,0,0,0,0
1777225945941000,0,1777225642797000,47.397742,8.545594,-0.05559746,-0.04516104,4.237,0.0,0.0,0.0,-0.02,-0.02,-1.4499999,0.0,0.0,0.0,0.0,0.0,0.007,-0.045,0.023691121,0.0,0.0,0.0,0.0,0.0,0.0,0.0,0.0,0.0,0.0,0.0,0.0,inf,inf,inf,inf,inf,1,1,1,1,0,0,0,0,0,0,1,1,0,0,0,0
1777225945965000,0,1777225642797000,47.397742,8.545594,-0.05559746,-0.05268788,4.2730002,0.0,0.0,0.0,-0.02,-0.02,-1.4499999,0.0,0.0,0.0,0.0,0.006,0.011000001,0.033,0.02369948,0.0,0.0,0.0,0.0,0.0,0.0,0.0,0.0,0.0,0.0,0.0,0.0,inf,inf,inf,inf,inf,1,1,1,1,0,0,0,0,0,0,1,1,0,0,0,0
1777225945981000,0,1777225642797000,47.397742,8.545594,-0.05559746,-0.05268788,4.296,0.0,0.0,0.0,-0.02,-0.02,-1.4499999,0.0,0.0,0.0,0.0,0.009000001,0.014,-0.060000002,0.023706106,0.0,0.0,0.0,0.0,0.0,0.0,0.0,0.0,0.0,0.0,0.0,0.0,inf,inf,inf,inf,inf,1,1,1,1,0,0,0,0,0,0,1,1,0,0,0,0
1777225946005000,0,1777225642797000,47.397742,8.545594,-0.066716954,-0.04516104,4.3310003,0.0,0.0,0.0,-0.02,-0.02,-1.4599999,0.0,0.0,0.0,0.0,0.007,0.014,0.028,0.023715632,0.0,0.0,0.0,0.0,0.0,0.0,0.0,0.0,0.0,0.0,0.0,0.0,inf,inf,inf,inf,inf,1,1,1,1,0,0,0,0,0,0,1,1,0,0,0,0
1777225946029000,0,1777225642797000,47.397742,8.545594,-0.05559746,-0.04516104,4.366,0.0,0.0,0.0,-0.02,-0.02,-1.4599999,0.0,0.0,0.0,0.0,0.010000001,0.019000001,-0.051000003,0.023724452,0.0,0.0,0.0,0.0,0.0,0.0,0.0,0.0,0.0,0.0,0.0,0.0,inf,inf,inf,inf,inf,1,1,1,1,0,0,0,0,0,0,1,1,0,0,0,0
1777225946045000,0,1777225642797000,47.397742,8.545594,-0.066716954,-0.04516104,4.3890004,0.0,0.0,0.0,-0.02,-0.02,-1.4599999,0.0,0.0,0.0,0.0,0.008,0.019000001,0.027,0.023731051,0.0,0.0,0.0,0.0,0.0,0.0,0.0,0.0,0.0,0.0,0.0,0.0,inf,inf,inf,inf,inf,1,1,1,1,0,0,0,0,0,0,1,1,0,0,0,0
1777225946069000,0,1777225642797000,47.397742,8.545594,-0.05559746,-0.05268788,4.4240003,0.0,0.0,0.0,-0.02,-0.02,-1.4599999,0.0,0.0,0.0,0.0,0.010000001,0.023000002,-0.055000003,0.023740498,0.0,0.0,0.0,0.0,0.0,0.0,0.0,0.0,0.0,0.0,0.0,0.0,inf,inf,inf,inf,inf,1,1,1,1,0,0,0,0,0,0,1,1,0,0,0,0
1777225946085000,0,1777225642797000,47.397742,8.545594,-0.05559746,-0.05268788,4.4480004,0.0,0.0,0.0,-0.02,-0.02,-1.4599999,0.0,0.0,0.0,0.0,0.010000001,0.022000002,0.029000001,0.023747994,0.0,0.0,0.0,0.0,0.0,0.0,0.0,0.0,0.0,0.0,0.0,0.0,inf,inf,inf,inf,inf,1,1,1,1,0,0,0,0,0,0,1,1,0,0,0,0
1777225946109000,0,1777225642797000,47.397742,8.545594,-0.066716954,-0.05268788,4.4830003,0.0,0.0,0.0,-0.02,-0.02,-1.4599999,0.0,0.0,0.0,0.0,0.007,0.021000002,-0.051000003,0.023760257,0.0,0.0,0.0,0.0,0.0,0.0,0.0,0.0,0.0,0.0,0.0,0.0,inf,inf,inf,inf,inf,1,1,1,1,0,0,0,0,0,0,1,1,0,0,0,0
1777225946125000,0,1777225642797000,47.397742,8.545594,-0.07783645,-0.05268788,4.506,0.0,0.0,0.0,-0.02,-0.02,-1.4599999,0.0,0.0,0.0,0.0,0.012,0.025,0.033,0.02377015,0.0,0.0,0.0,0.0,0.0,0.0,0.0,0.0,0.0,0.0,0.0,0.0,inf,inf,inf,inf,inf,1,1,1,1,0,0,0,0,0,0,1,1,0,0,0,0
1777225946149000,0,1777225642797000,47.397742,8.545594,-0.07783645,-0.06021472,4.5420003,0.0,0.0,0.0,-0.02,-0.02,-1.4599999,0.0,0.0,0.0,0.0,0.014,0.027,-0.053000003,0.023790037,0.0,0.0,0.0,0.0,0.0,0.0,0.0,0.0,0.0,0.0,0.0,0.0,inf,inf,inf,inf,inf,1,1,1,1,0,0,0,0,0,0,1,1,0,0,0,0
1777225946165000,0,1777225642797000,47.397742,8.545594,-0.07783645,-0.06021472,4.565,0.0,0.0,0.0,-0.02,-0.02,-1.4599999,0.0,0.0,0.0,0.0,0.014,0.026,0.027,0.023806188,0.0,0.0,0.0,0.0,0.0,0.0,0.0,0.0,0.0,0.0,0.0,0.0,inf,inf,inf,inf,inf,1,1,1,1,0,0,0,0,0,0,1,1,0,0,0,0
1777225946189000,0,1777225642797000,47.397742,8.545594,-0.08895594,-0.04516104,4.6000004,0.0,0.0,0.0,-0.02,-0.02,-1.4599999,0.0,0.0,0.0,0.0,0.016,0.027,-0.047000002,0.02383451,0.0,0.0,0.0,0.0,0.0,0.0,0.0,0.0,0.0,0.0,0.0,0.0,inf,inf,inf,inf,inf,1,1,1,1,0,0,0,0,0,0,1,1,0,0,0,0
1777225946205000,0,1777225642797000,47.397742,8.545594,-0.08895594,-0.04516104,4.624,0.0,0.0,0.0,-0.02,-0.02,-1.4599999,0.0,0.0,0.0,0.0,0.016,0.025,0.033,0.023857078,0.0,0.0,0.0,0.0,0.0,0.0,0.0,0.0,0.0,0.0,0.0,0.0,inf,inf,inf,inf,inf,1,1,1,1,0,0,0,0,0,0,1,1,0,0,0,0
1777225946221000,0,1777225642797000,47.397742,8.545594,-0.08895594,-0.05268788,4.6470003,0.0,0.0,0.0,-0.02,-0.02,-1.4599999,0.0,0.0,0.0,0.0,0.015000001,0.024,-0.052,0.023881944,0.0,0.0,0.0,0.0,0.0,0.0,0.0,0.0,0.0,0.0,0.0,0.0,inf,inf,inf,inf,inf,1,1,1,1,0,0,0,0,0,0,1,1,0,0,0,0
1777225946245000,0,1777225642797000,47.397742,8.545594,-0.08895594,-0.04516104,4.682,0.0,0.0,0.0,-0.02,-0.01,-1.4599999,0.0,0.0,0.0,0.0,0.015000001,0.021000002,0.031000001,0.023918588,0.0,0.0,0.0,0.0,0.0,0.0,0.0,0.0,0.0,0.0,0.0,0.0,inf,inf,inf,inf,inf,1,1,1,1,0,0,0,0,0,0,1,1,0,0,0,0
1777225946261000,0,1777225642797000,47.397742,8.545594,-0.08895594,-0.04516104,4.7060003,0.0,0.0,0.0,-0.02,-0.01,-1.4599999,0.0,0.0,0.0,0.0,0.020000001,0.027,-0.05,0.023943735,0.0,0.0,0.0,0.0,0.0,0.0,0.0,0.0,0.0,0.0,0.0,0.0,inf,inf,inf,inf,inf,1,1,1,1,0,0,0,0,0,0,1,1,0,0,0,0
1777225946285000,0,1777225642797000,47.397742,8.545594,-0.08895594,-0.04516104,4.741,0.0,0.0,0.0,-0.02,-0.01,-1.4599999,0.0,0.0,0.0,0.0,0.017,0.023000002,0.037,0.023983477,0.0,0.0,0.0,0.0,0.0,0.0,0.0,0.0,0.0,0.0,0.0,0.0,inf,inf,inf,inf,inf,1,1,1,1,0,0,0,0,0,0,1,1,0,0,0,0
1777225946309000,0,1777225642797000,47.397742,8.545594,-0.07783645,-0.04516104,4.776,0.0,0.0,0.0,-0.02,-0.01,-1.4699999,0.0,0.0,0.0,0.0,0.019000001,0.025,-0.046000004,0.024025423,0.0,0.0,0.0,0.0,0.0,0.0,0.0,0.0,0.0,0.0,0.0,0.0,inf,inf,inf,inf,inf,1,1,1,1,0,0,0,0,0,0,1,1,0,0,0,0
1777225946325000,0,1777225642797000,47.397742,8.545594,-0.08895594,-0.04516104,4.8,0.0,0.0,0.0,-0.02,-0.01,-1.4699999,0.0,0.0,0.0,0.0,0.018000001,0.024,0.035,0.024054067,0.0,0.0,0.0,0.0,0.0,0.0,0.0,0.0,0.0,0.0,0.0,0.0,inf,inf,inf,inf,inf,1,1,1,1,0,0,0,0,0,0,1,1,0,0,0,0
1777225946349000,0,1777225642797000,47.397742,8.545594,-0.07783645,-0.04516104,4.835,0.0,0.0,0.0,-0.02,-0.01,-1.4699999,0.0,0.0,0.0,0.0,0.023000002,0.028,-0.051000003,0.024096517,0.0,0.0,0.0,0.0,0.0,0.0,0.0,0.0,0.0,0.0,0.0,0.0,inf,inf,inf,inf,inf,1,1,1,1,0,0,0,0,0,0,1,1,0,0,0,0
1777225946365000,0,1777225642797000,47.397742,8.545594,-0.07783645,-0.0376342,4.859,0.0,0.0,0.0,-0.02,-0.01,-1.4699999,0.0,0.0,0.0,0.0,0.024,0.026,0.034,0.024124391,0.0,0.0,0.0,0.0,0.0,0.0,0.0,0.0,0.0,0.0,0.0,0.0,inf,inf,inf,inf,inf,1,1,1,1,0,0,0,0,0,0,1,1,0,0,0,0
1777225946389000,0,1777225642797000,47.397742,8.545594,-0.07783645,-0.05268788,4.894,0.0,0.0,0.0,-0.02,-0.01,-1.4699999,0.0,0.0,0.0,0.0,0.024,0.024,-0.048,0.024165142,0.0,0.0,0.0,0.0,0.0,0.0,0.0,0.0,0.0,0.0,0.0,0.0,inf,inf,inf,inf,inf,1,1,1,1,0,0,0,0,0,0,1,1,0,0,0,0
1777225946405000,0,1777225642797000,47.397742,8.545594,-0.066716954,-0.05268788,4.918,0.0,0.0,0.0,-0.01,-0.01,-1.4699999,0.0,0.0,0.0,0.0,0.024,0.021000002,-0.038000003,0.024192184,0.0,0.0,0.0,0.0,0.0,0.0,0.0,0.0,0.0,0.0,0.0,0.0,inf,inf,inf,inf,inf,1,1,1,1,0,0,0,0,0,0,1,1,0,0,0,0
1777225946429000,0,1777225642797000,47.397742,8.545594,-0.066716954,-0.05268788,4.953,0.0,0.0,0.0,-0.01,-0.01,-1.4699999,0.0,0.0,0.0,0.0,0.021000002,0.019000001,-0.039,0.024232073,0.0,0.0,0.0,0.0,0.0,0.0,0.0,0.0,0.0,0.0,0.0,0.0,inf,inf,inf,inf,inf,1,1,1,1,0,0,0,0,0,0,1,1,0,0,0,0
1777225946445000,0,1777225642797000,47.397742,8.545594,-0.066716954,-0.05268788,4.977,0.0,0.0,0.0,-0.01,-0.01,-1.4699999,0.0,0.0,0.0,0.0,0.017,0.015000001,0.047000002,0.024256656,0.0,0.0,0.0,0.0,0.0,0.0,0.0,0.0,0.0,0.0,0.0,0.0,inf,inf,inf,inf,inf,1,1,1,1,0,0,0,0,0,0,1,1,0,0,0,0
1777225946469000,0,1777225642797000,47.397742,8.545594,-0.066716954,-0.06021472,5.012,0.0,0.0,0.0,-0.01,-0.01,-1.4699999,0.0,0.0,0.0,0.0,0.017,0.015000001,-0.035,0.024291795,0.0,0.0,0.0,0.0,0.0,0.0,0.0,0.0,0.0,0.0,0.0,0.0,inf,inf,inf,inf,inf,1,1,1,1,0,0,0,0,0,0,1,1,0,0,0,0
1777225946485000,0,1777225642797000,47.397742,8.545594,-0.066716954,-0.06021472,5.0360003,0.0,0.0,0.0,-0.01,-0.01,-1.4699999,0.0,0.0,0.0,0.0,0.014,0.011000001,0.046000004,0.024315253,0.0,0.0,0.0,0.0,0.0,0.0,0.0,0.0,0.0,0.0,0.0,0.0,inf,inf,inf,inf,inf,1,1,1,1,0,0,0,0,0,0,1,1,0,0,0,0
1777225946509000,0,1777225642797000,47.397742,8.545594,-0.066716954,-0.04516104,5.071,0.0,0.0,0.0,-0.01,-0.01,-1.4699999,0.0,0.0,0.0,0.0,0.015000001,0.012,-0.017,0.024349006,0.0,0.0,0.0,0.0,0.0,0.0,0.0,0.0,0.0,0.0,0.0,0.0,inf,inf,inf,inf,inf,1,1,1,1,0,0,0,0,0,0,1,1,0,0,0,0
1777225946525000,0,1777225642797000,47.397742,8.545594,-0.066716954,-0.04516104,5.0950003,0.0,0.0,0.0,-0.01,-0.01,-1.4699999,0.0,0.0,0.0,0.0,0.016,0.012,0.046000004,0.024371106,0.0,0.0,0.0,0.0,0.0,0.0,0.0,0.0,0.0,0.0,0.0,0.0,inf,inf,inf,inf,inf,1,1,1,1,0,0,0,0,0,0,1,1,0,0,0,0
1777225946549000,0,1777225642797000,47.397742,8.545594,-0.07783645,-0.04516104,5.13,0.0,0.0,0.0,-0.01,-0.01,-1.4699999,0.0,0.0,0.0,0.0,0.018000001,0.014,-0.042000003,0.024403261,0.0,0.0,0.0,0.0,0.0,0.0,0.0,0.0,0.0,0.0,0.0,0.0,inf,inf,inf,inf,inf,1,1,1,1,0,0,0,0,0,0,1,1,0,0,0,0
1777225946565000,0,1777225642797000,47.397742,8.545594,-0.07783645,-0.04516104,5.1540003,0.0,0.0,0.0,-0.01,-0.01,-1.4699999,0.0,0.0,0.0,0.0,0.016,0.012,0.042000003,0.024423586,0.0,0.0,0.0,0.0,0.0,0.0,0.0,0.0,0.0,0.0,0.0,0.0,inf,inf,inf,inf,inf,1,1,1,1,0,0,0,0,0,0,1,1,0,0,0,0
1777225946589000,0,1777225642797000,47.397742,8.545594,-0.08895594,-0.0376342,5.189,0.0,0.0,0.0,-0.01,-0.01,-1.4699999,0.0,0.0,0.0,0.0,0.021000002,0.019000001,-0.044000003,0.024448266,0.0,0.0,0.0,0.0,0.0,0.0,0.0,0.0,0.0,0.0,0.0,0.0,inf,inf,inf,inf,inf,1,1,1,1,0,0,0,0,0,0,1,1,0,0,0,0
1777225946605000,0,1777225642797000,47.397742,8.545594,-0.08895594,-0.04516104,5.2130003,0.0,0.0,0.0,-0.01,-0.01,-1.4699999,0.0,0.0,0.0,0.0,0.023000002,0.021000002,0.038000003,0.024462676,0.0,0.0,0.0,0.0,0.0,0.0,0.0,0.0,0.0,0.0,0.0,0.0,inf,inf,inf,inf,inf,1,1,1,1,0,0,0,0,0,0,1,1,0,0,0,0
1777225946621000,0,1777225642797000,47.397742,8.545594,-0.08895594,-0.04516104,5.236,0.0,0.0,0.0,-0.01,-0.01,-1.4699999,0.0,0.0,0.0,0.0,0.024,0.023000002,-0.046000004,0.024478806,0.0,0.0,0.0,0.0,0.0,0.0,0.0,0.0,0.0,0.0,0.0,0.0,inf,inf,inf,inf,inf,1,1,1,1,0,0,0,0,0,0,1,1,0,0,0,0
1777225946645000,0,1777225642797000,47.397742,8.545594,-0.08895594,-0.04516104,5.2720003,0.0,0.0,0.0,-0.01,-0.01,-1.4699999,0.0,0.0,0.0,0.0,0.021000002,0.023000002,0.035,0.024504408,0.0,0.0,0.0,0.0,0.0,0.0,0.0,0.0,0.0,0.0,0.0,0.0,inf,inf,inf,inf,inf,1,1,1,1,0,0,0,0,0,0,1,1,0,0,0,0
1777225946669000,0,1777225642797000,47.397742,8.545594,-0.07783645,-0.04516104,5.307,0.0,0.0,0.0,-0.01,-0.01,-1.4699999,0.0,0.0,0.0,0.0,0.022000002,0.024,-0.041,0.024526585,0.0,0.0,0.0,0.0,0.0,0.0,0.0,0.0,0.0,0.0,0.0,0.0,inf,inf,inf,inf,inf,1,1,1,1,0,0,0,0,0,0,1,1,0,0,0,0
1777225946685000,0,1777225642797000,47.397742,8.545594,-0.08895594,-0.0376342,5.3310003,0.0,0.0,0.0,-0.01,-0.01,-1.4699999,0.0,0.0,0.0,0.0,0.020000001,0.023000002,0.042000003,0.02454205,0.0,0.0,0.0,0.0,0.0,0.0,0.0,0.0,0.0,0.0,0.0,0.0,inf,inf,inf,inf,inf,1,1,1,1,0,0,0,0,0,0,1,1,0,0,0,0
1777225946701000,0,1777225642797000,47.397742,8.545594,-0.08895594,-0.0376342,5.355,0.0,0.0,0.0,-0.01,-0.01,-1.4699999,0.0,0.0,0.0,0.0,0.016,0.020000001,-0.037,0.024556728,0.0,0.0,0.0,0.0,0.0,0.0,0.0,0.0,0.0,0.0,0.0,0.0,inf,inf,inf,inf,inf,1,1,1,1,0,0,0,0,0,0,1,1,0,0,0,0
1777225946725000,0,1777225642797000,47.397742,8.545594,-0.07783645,-0.0376342,5.3900003,0.0,0.0,0.0,-0.01,0.0,-1.4699999,0.0,0.0,0.0,0.0,0.017,0.021000002,0.046000004,0.024574436,0.0,0.0,0.0,0.0,0.0,0.0,0.0,0.0,0.0,0.0,0.0,0.0,inf,inf,inf,inf,inf,1,1,1,1,0,0,0,0,0,0,1,1,0,0,0,0
1777225946749000,0,1777225642797000,47.397742,8.545594,-0.066716954,-0.03010736,5.426,0.0,0.0,0.0,-0.01,0.0,-1.48,0.0,0.0,0.0,0.0,0.019000001,0.022000002,-0.037,0.024593769,0.0,0.0,0.0,0.0,0.0,0.0,0.0,0.0,0.0,0.0,0.0,0.0,inf,inf,inf,inf,inf,1,1,1,1,0,0,0,0,0,0,1,1,0,0,0,0
1777225946765000,0,1777225642797000,47.397742,8.545594,-0.066716954,-0.03010736,5.4490004,0.0,0.0,0.0,-0.01,0.0,-1.48,0.0,0.0,0.0,0.0,0.018000001,0.020000001,0.048,0.024606926,0.0,0.0,0.0,0.0,0.0,0.0,0.0,0.0,0.0,0.0,0.0,0.0,inf,inf,inf,inf,inf,1,1,1,1,0,0,0,0,0,0,1,1,0,0,0,0
1777225946781000,0,1777225642797000,47.397742,8.545594,-0.066716954,-0.0376342,5.473,0.0,0.0,0.0,-0.01,0.0,-1.48,0.0,0.0,0.0,0.0,0.019000001,0.021000002,-0.037,0.024619143,0.0,0.0,0.0,0.0,0.0,0.0,0.0,0.0,0.0,0.0,0.0,0.0,inf,inf,inf,inf,inf,1,1,1,1,0,0,0,0,0,0,1,1,0,0,0,0
1777225946805000,0,1777225642797000,47.397742,8.545594,-0.066716954,-0.03010736,5.5090003,0.0,0.0,0.0,-0.01,0.0,-1.48,0.0,0.0,0.0,0.0,0.021000002,0.025,0.048,0.024634568,0.0,0.0,0.0,0.0,0.0,0.0,0.0,0.0,0.0,0.0,0.0,0.0,inf,inf,inf,inf,inf,1,1,1,1,0,0,0,0,0,0,1,1,0,0,0,0
1777225946829000,0,1777225642797000,47.397742,8.545594,-0.07783645,-0.03010736,5.544,0.0,0.0,0.0,-0.01,0.0,-1.48,0.0,0.0,0.0,0.0,0.024,0.027,-0.039,0.024644235,0.0,0.0,0.0,0.0,0.0,0.0,0.0,0.0,0.0,0.0,0.0,0.0,inf,inf,inf,inf,inf,1,1,1,1,0,0,0,0,0,0,1,1,0,0,0,0
1777225946845000,0,1777225642797000,47.397742,8.545594,-0.066716954,-0.03010736,5.5680003,0.0,0.0,0.0,-0.01,0.0,-1.48,0.0,0.0,0.0,0.0,0.026,0.029000001,-0.032,0.024648322,0.0,0.0,0.0,0.0,0.0,0.0,0.0,0.0,0.0,0.0,0.0,0.0,inf,inf,inf,inf,inf,1,1,1,1,0,0,0,0,0,0,1,1,0,0,0,0
1777225946869000,0,1777225642797000,47.397742,8.545594,-0.05559746,-0.0376342,5.603,0.0,0.0,0.0,-0.01,0.0,-1.48,0.0,0.0,0.0,0.0,0.030000001,0.034,-0.043,0.024650713,0.0,0.0,0.0,0.0,0.0,0.0,0.0,0.0,0.0,0.0,0.0,0.0,inf,inf,inf,inf,inf,1,1,1,1,0,0,0,0,0,0,1,1,0,0,0,0
1777225946885000,0,1777225642797000,47.397742,8.545594,-0.04447797,-0.04516104,5.6270003,0.0,0.0,0.0,0.0,0.0,-1.48,0.0,0.0,0.0,0.0,0.030000001,0.034,0.045,0.024650637,0.0,0.0,0.0,0.0,0.0,0.0,0.0,0.0,0.0,0.0,0.0,0.0,inf,inf,inf,inf,inf,1,1,1,1,0,0,0,0,0,0,1,1,0,0,0,0
1777225946909000,0,1777225642797000,47.397742,8.545594,-0.05559746,-0.05268788,5.663,0.0,0.0,0.0,0.0,0.0,-1.48,0.0,0.0,0.0,0.0,0.032,0.033,-0.034,0.02464617,0.0,0.0,0.0,0.0,0.0,0.0,0.0,0.0,0.0,0.0,0.0,0.0,inf,inf,inf,inf,inf,1,1,1,1,0,0,0,0,0,0,1,1,0,0,0,0
1777225946925000,0,1777225642797000,47.397742,8.545594,-0.05559746,-0.05268788,5.6860003,0.0,0.0,0.0,0.0,0.0,-1.48,0.0,0.0,0.0,0.0,0.036000002,0.036000002,0.045,0.02464029,0.0,0.0,0.0,0.0,0.0,0.0,0.0,0.0,0.0,0.0,0.0,0.0,inf,inf,inf,inf,inf,1,1,1,1,0,0,0,0,0,0,1,1,0,0,0,0
1777225946949000,0,1777225642797000,47.397742,8.545594,-0.07783645,-0.05268788,5.722,0.0,0.0,0.0,0.0,0.0,-1.48,0.0,0.0,0.0,0.0,0.035,0.037,-0.038000003,0.0246316,0.0,0.0,0.0,0.0,0.0,0.0,0.0,0.0,0.0,0.0,0.0,0.0,inf,inf,inf,inf,inf,1,1,1,1,0,0,0,0,0,0,1,1,0,0,0,0
1777225946965000,0,1777225642797000,47.397742,8.545594,-0.066716954,-0.05268788,5.7460003,0.0,0.0,0.0,0.0,0.0,-1.48,0.0,0.0,0.0,0.0,0.033,0.033,0.046000004,0.024623372,0.0,0.0,0.0,0.0,0.0,0.0,0.0,0.0,0.0,0.0,0.0,0.0,inf,inf,inf,inf,inf,1,1,1,1,0,0,0,0,0,0,1,1,0,0,0,0
1777225946989000,0,1777225642797000,47.397742,8.545594,-0.066716954,-0.04516104,5.781,0.0,0.0,0.0,0.0,0.0,-1.48,0.0,0.0,0.0,0.0,0.036000002,0.034,-0.039,0.024606774,0.0,0.0,0.0,0.0,0.0,0.0,0.0,0.0,0.0,0.0,0.0,0.0,inf,inf,inf,inf,inf,1,1,1,1,0,0,0,0,0,0,1,1,0,0,0,0
1777225947005000,0,1777225642797000,47.397742,8.545594,-0.07783645,-0.04516104,5.8050003,0.0,0.0,0.0,0.0,0.0,-1.48,0.0,0.0,0.0,0.0,0.035,0.033,0.045,0.024592668,0.0,0.0,0.0,0.0,0.0,0.0,0.0,0.0,0.0,0.0,0.0,0.0,inf,inf,inf,inf,inf,1,1,1,1,0,0,0,0,0,0,1,1,0,0,0,0
1777225947029000,0,1777225642797000,47.397742,8.545594,-0.07783645,-0.0376342,5.841,0.0,0.0,0.0,0.0,0.0,-1.48,0.0,0.0,0.0,0.0,0.035,0.034,-0.038000003,0.024567282,0.0,0.0,0.0,0.0,0.0,0.0,0.0,0.0,0.0,0.0,0.0,0.0,inf,inf,inf,inf,inf,1,1,1,1,0,0,0,0,0,0,1,1,0,0,0,0
1777225947045000,0,1777225642797000,47.397742,8.545594,-0.08895594,-0.0376342,5.8650002,0.0,0.0,0.0,0.0,0.0,-1.48,0.0,0.0,0.0,0.0,0.033,0.034,0.046000004,0.02454812,0.0,0.0,0.0,0.0,0.0,0.0,0.0,0.0,0.0,0.0,0.0,0.0,inf,inf,inf,inf,inf,1,1,1,1,0,0,0,0,0,0,1,1,0,0,0,0
1777225947069000,0,1777225642797000,47.397742,8.545594,-0.08895594,-0.04516104,5.9,0.0,0.0,0.0,0.0,0.0,-1.48,0.0,0.0,0.0,0.0,0.039,0.038000003,-0.039,0.02451328,0.0,0.0,0.0,0.0,0.0,0.0,0.0,0.0,0.0,0.0,0.0,0.0,inf,inf,inf,inf,inf,1,1,1,1,0,0,0,0,0,0,1,1,0,0,0,0
1777225947085000,0,1777225642797000,47.397742,8.545594,-0.08895594,-0.04516104,5.9240003,0.0,0.0,0.0,0.0,0.0,-1.48,0.0,0.0,0.0,0.0,0.039,0.037,0.044000003,0.024488807,0.0,0.0,0.0,0.0,0.0,0.0,0.0,0.0,0.0,0.0,0.0,0.0,inf,inf,inf,inf,inf,1,1,1,1,0,0,0,0,0,0,1,1,0,0,0,0
1777225947109000,0,1777225642797000,47.397742,8.545594,-0.10007543,-0.0376342,5.9600005,0.0,0.0,0.0,0.0,0.0,-1.48,0.0,0.0,0.0,0.0,0.039,0.038000003,-0.039,0.02444761,0.0,0.0,0.0,0.0,0.0,0.0,0.0,0.0,0.0,0.0,0.0,0.0,inf,inf,inf,inf,inf,1,1,1,1,0,0,0,0,0,0,1,1,0,0,0,0
1777225947125000,0,1777225642797000,47.397742,8.545594,-0.11119492,-0.0376342,5.984,0.0,0.0,0.0,0.0,0.0,-1.48,0.0,0.0,0.0,0.0,0.039,0.039,0.051000003,0.024418034,0.0,0.0,0.0,0.0,0.0,0.0,0.0,0.0,0.0,0.0,0.0,0.0,inf,inf,inf,inf,inf,1,1,1,1,0,0,0,0,0,0,1,1,0,0,0,0
1777225947149000,0,1777225642797000,47.397742,8.545594,-0.10007543,-0.03010736,6.019,0.0,0.0,0.0,0.0,0.0,-1.48,0.0,0.0,0.0,0.0,0.039,0.039,-0.040000003,0.02437193,0.0,0.0,0.0,0.0,0.0,0.0,0.0,0.0,0.0,0.0,0.0,0.0,inf,inf,inf,inf,inf,1,1,1,1,0,0,0,0,0,0,1,1,0,0,0,0
1777225947165000,0,1777225642797000,47.397742,8.545594,-0.08895594,-0.03010736,6.043,0.0,0.0,0.0,0.0,0.0,-1.48,0.0,0.0,0.0,0.0,0.040000003,0.040000003,0.042000003,0.024340948,0.0,0.0,0.0,0.0,0.0,0.0,0.0,0.0,0.0,0.0,0.0,0.0,inf,inf,inf,inf,inf,1,1,1,1,0,0,0,0,0,0,1,1,0,0,0,0
1777225947189000,0,1777225642797000,47.397742,8.545594,-0.08895594,-0.0376342,6.0790005,0.0,0.0,0.0,0.0,0.0,-1.48,0.0,0.0,0.0,0.0,0.043,0.041,-0.043,0.024297299,0.0,0.0,0.0,0.0,0.0,0.0,0.0,0.0,0.0,0.0,0.0,0.0,inf,inf,inf,inf,inf,1,1,1,1,0,0,0,0,0,0,1,1,0,0,0,0
1777225947205000,0,1777225642797000,47.397742,8.545594,-0.08895594,-0.0376342,6.103,0.0,0.0,0.0,0.0,0.0,-1.48,0.0,0.0,0.0,0.0,0.041,0.040000003,0.045,0.024271857,0.0,0.0,0.0,0.0,0.0,0.0,0.0,0.0,0.0,0.0,0.0,0.0,inf,inf,inf,inf,inf,1,1,1,1,0,0,0,0,0,0,1,1,0,0,0,0
1777225947229000,0,1777225642797000,47.397742,8.545594,-0.08895594,-0.04516104,6.1380005,0.0,0.0,0.0,0.0,0.0,-1.48,0.0,0.0,0.0,0.0,0.042000003,0.040000003,-0.043,0.024235908,0.0,0.0,0.0,0.0,0.0,0.0,0.0,0.0,0.0,0.0,0.0,0.0,inf,inf,inf,inf,inf,1,1,1,1,0,0,0,0,0,0,1,1,0,0,0,0
1777225947245000,0,1777225642797000,47.397742,8.545594,-0.08895594,-0.04516104,6.162,0.0,0.0,0.0,0.0,0.0,-1.48,0.0,0.0,0.0,0.0,0.043,0.040000003,0.045,0.024214908,0.0,0.0,0.0,0.0,0.0,0.0,0.0,0.0,0.0,0.0,0.0,0.0,inf,inf,inf,inf,inf,1,1,1,1,0,0,0,0,0,0,1,1,0,0,0,0
1777225947261000,0,1777225642797000,47.397742,8.545594,-0.08895594,-0.05268788,6.1860003,0.0,0.0,0.0,0.0,0.0,-1.49,0.0,0.0,0.0,0.0,0.042000003,0.040000003,-0.034,0.024198039,0.0,0.0,0.0,0.0,0.0,0.0,0.0,0.0,0.0,0.0,0.0,0.0,inf,inf,inf,inf,inf,1,1,1,1,0,0,0,0,0,0,1,1,0,0,0,0
1777225947285000,0,1777225642797000,47.397742,8.545594,-0.08895594,-0.06021472,6.222,0.0,0.0,0.0,0.0,0.0,-1.49,0.0,0.0,0.0,0.0,0.040000003,0.038000003,0.044000003,0.024180219,0.0,0.0,0.0,0.0,0.0,0.0,0.0,0.0,0.0,0.0,0.0,0.0,inf,inf,inf,inf,inf,1,1,1,1,0,0,0,0,0,0,1,1,0,0,0,0
1777225947309000,0,1777225642797000,47.397742,8.545594,-0.10007543,-0.05268788,6.2580004,0.0,0.0,0.0,0.0,0.01,-1.49,0.0,0.0,0.0,0.0,0.039,0.035,-0.036000002,0.02417438,0.0,0.0,0.0,0.0,0.0,0.0,0.0,0.0,0.0,0.0,0.0,0.0,inf,inf,inf,inf,inf,1,1,1,1,0,0,0,0,0,0,1,1,0,0,0,0
1777225947325000,0,1777225642797000,47.397742,8.545594,-0.10007543,-0.05268788,6.281,0.0,0.0,0.0,0.0,0.01,-1.49,0.0,0.0,0.0,0.0,0.039,0.033,0.05,0.02417799,0.0,0.0,0.0,0.0,0.0,0.0,0.0,0.0,0.0,0.0,0.0,0.0,inf,inf,inf,inf,inf,1,1,1,1,0,0,0,0,0,0,1,1,0,0,0,0
1777225947349000,0,1777225642797000,47.397742,8.545594,-0.08895594,-0.04516104,6.3170004,0.0,0.0,0.0,0.0,0.01,-1.49,0.0,0.0,0.0,0.0,0.038000003,0.030000001,-0.038000003,0.024191868,0.0,0.0,0.0,0.0,0.0,0.0,0.0,0.0,0.0,0.0,0.0,0.0,inf,inf,inf,inf,inf,1,1,1,1,0,0,0,0,0,0,1,1,0,0,0,0
1777225947365000,0,1777225642797000,47.397742,8.545594,-0.08895594,-0.04516104,6.341,0.0,0.0,0.0,0.0,0.01,-1.49,0.0,0.0,0.0,0.0,0.039,0.030000001,0.051000003,0.024205787,0.0,0.0,0.0,0.0,0.0,0.0,0.0,0.0,0.0,0.0,0.0,0.0,inf,inf,inf,inf,inf,1,1,1,1,0,0,0,0,0,0,1,1,0,0,0,0
1777225947389000,0,1777225642797000,47.397742,8.545594,-0.08895594,-0.04516104,6.3770003,0.0,0.0,0.0,0.0,0.01,-1.49,0.0,0.0,0.0,0.0,0.039,0.026,-0.035,0.024230743,0.0,0.0,0.0,0.0,0.0,0.0,0.0,0.0,0.0,0.0,0.0,0.0,inf,inf,inf,inf,inf,1,1,1,1,0,0,0,0,0,0,1,1,0,0,0,0
1777225947405000,0,1777225642797000,47.397742,8.545594,-0.10007543,-0.04516104,6.4010005,0.0,0.0,0.0,0.01,0.01,-1.49,0.0,0.0,0.0,0.0,0.037,0.025,0.054,0.024249215,0.0,0.0,0.0,0.0,0.0,0.0,0.0,0.0,0.0,0.0,0.0,0.0,inf,inf,inf,inf,inf,1,1,1,1,0,0,0,0,0,0,1,1,0,0,0,0
1777225947421000,0,1777225642797000,47.397742,8.545594,-0.10007543,-0.05268788,6.425,0.0,0.0,0.0,0.01,0.01,-1.49,0.0,0.0,0.0,0.0,0.035,0.024,-0.036000002,0.02426781,0.0,0.0,0.0,0.0,0.0,0.0,0.0,0.0,0.0,0.0,0.0,0.0,inf,inf,inf,inf,inf,1,1,1,1,0,0,0,0,0,0,1,1,0,0,0,0
1777225947445000,0,1777225642797000,47.397742,8.545594,-0.08895594,-0.05268788,6.4610004,0.0,0.0,0.0,0.01,0.01,-1.49,0.0,0.0,0.0,0.0,0.030000001,0.021000002,0.051000003,0.024296187,0.0,0.0,0.0,0.0,0.0,0.0,0.0,0.0,0.0,0.0,0.0,0.0,inf,inf,inf,inf,inf,1,1,1,1,0,0,0,0,0,0,1,1,0,0,0,0
1777225947469000,0,1777225642797000,47.397742,8.545594,-0.08895594,-0.04516104,6.4960003,0.0,0.0,0.0,0.01,0.01,-1.49,0.0,0.0,0.0,0.0,0.031000001,0.020000001,-0.032,0.024325458,0.0,0.0,0.0,0.0,0.0,0.0,0.0,0.0,0.0,0.0,0.0,0.0,inf,inf,inf,inf,inf,1,1,1,1,0,0,0,0,0,0,1,1,0,0,0,0
1777225947485000,0,1777225642797000,47.397742,8.545594,-0.066716954,-0.0376342,6.5200005,0.0,0.0,0.0,0.01,0.01,-1.49,0.0,0.0,0.0,0.0,0.030000001,0.019000001,0.05,0.02434791,0.0,0.0,0.0,0.0,0.0,0.0,0.0,0.0,0.0,0.0,0.0,0.0,inf,inf,inf,inf,inf,1,1,1,1,0,0,0,0,0,0,1,1,0,0,0,0
1777225947509000,0,1777225642797000,47.397742,8.545594,-0.066716954,-0.04516104,6.556,0.0,0.0,0.0,0.01,0.01,-1.49,0.0,0.0,0.0,0.0,0.027,0.019000001,-0.035,0.024384687,0.0,0.0,0.0,0.0,0.0,0.0,0.0,0.0,0.0,0.0,0.0,0.0,inf,inf,inf,inf,inf,1,1,1,1,0,0,0,0,0,0,1,1,0,0,0,0
1777225947525000,0,1777225642797000,47.397742,8.545594,-0.066716954,-0.05268788,6.5800004,0.0,0.0,0.0,0.01,0.01,-1.49,0.0,0.0,0.0,0.0,0.026,0.016,0.052,0.024410304,0.0,0.0,0.0,0.0,0.0,0.0,0.0,0.0,0.0,0.0,0.0,0.0,inf,inf,inf,inf,inf,1,1,1,1,0,0,0,0,0,0,1,1,0,0,0,0
1777225947541000,0,1777225642797000,47.397742,8.545594,-0.066716954,-0.05268788,6.604,0.0,0.0,0.0,0.01,0.01,-1.49,0.0,0.0,0.0,0.0,0.025,0.015000001,-0.036000002,0.024436828,0.0,0.0,0.0,0.0,0.0,0.0,0.0,0.0,0.0,0.0,0.0,0.0,inf,inf,inf,inf,inf,1,1,1,1,0,0,0,0,0,0,1,1,0,0,0,0
1777225947565000,0,1777225642797000,47.397742,8.545594,-0.07783645,-0.05268788,6.6400003,0.0,0.0,0.0,0.01,0.01,-1.49,0.0,0.0,0.0,0.0,0.023000002,0.014,0.054,0.024476867,0.0,0.0,0.0,0.0,0.0,0.0,0.0,0.0,0.0,0.0,0.0,0.0,inf,inf,inf,inf,inf,1,1,1,1,0,0,0,0,0,0,1,1,0,0,0,0
1777225947589000,0,1777225642797000,47.397742,8.545594,-0.066716954,-0.05268788,6.676,0.0,0.0,0.0,0.01,0.01,-1.49,0.0,0.0,0.0,0.0,0.022000002,0.012,-0.031000001,0.02451729,0.0,0.0,0.0,0.0,0.0,0.0,0.0,0.0,0.0,0.0,0.0,0.0,inf,inf,inf,inf,inf,1,1,1,1,0,0,0,0,0,0,1,1,0,0,0,0
1777225947605000,0,1777225642797000,47.397742,8.545594,-0.066716954,-0.05268788,6.7000003,0.0,0.0,0.0,0.01,0.01,-1.49,0.0,0.0,0.0,0.0,0.020000001,0.010000001,0.052,0.024543975,0.0,0.0,0.0,0.0,0.0,0.0,0.0,0.0,0.0,0.0,0.0,0.0,inf,inf,inf,inf,inf,1,1,1,1,0,0,0,0,0,0,1,1,0,0,0,0
1777225947629000,0,1777225642797000,47.397742,8.545594,-0.066716954,-0.05268788,6.735,0.0,0.0,0.0,0.01,0.01,-1.49,0.0,0.0,0.0,0.0,0.022000002,0.009000001,-0.027,0.024582537,0.0,0.0,0.0,0.0,0.0,0.0,0.0,0.0,0.0,0.0,0.0,0.0,inf,inf,inf,inf,inf,1,1,1,1,0,0,0,0,0,0,1,1,0,0,0,0
1777225947645000,0,1777225642797000,47.397742,8.545594,-0.066716954,-0.05268788,6.7590003,0.0,0.0,0.0,0.01,0.01,-1.49,0.0,0.0,0.0,0.0,0.026,0.011000001,0.051000003,0.024607146,0.0,0.0,0.0,0.0,0.0,0.0,0.0,0.0,0.0,0.0,0.0,0.0,inf,inf,inf,inf,inf,1,1,1,1,0,0,0,0,0,0,1,1,0,0,0,0
1777225947669000,0,1777225642797000,47.397742,8.545594,-0.07783645,-0.04516104,6.7950006,0.0,0.0,0.0,0.01,0.01,-1.49,0.0,0.0,0.0,0.0,0.024,0.007,-0.031000001,0.02464123,0.0,0.0,0.0,0.0,0.0,0.0,0.0,0.0,0.0,0.0,0.0,0.0,inf,inf,inf,inf,inf,1,1,1,1,0,0,0,0,0,0,1,1,0,0,0,0
1777225947685000,0,1777225642797000,47.397742,8.545594,-0.066716954,-0.0376342,6.8190002,0.0,0.0,0.0,0.01,0.01,-1.49,0.0,0.0,0.0,0.0,0.025,0.008,0.056,0.024660133,0.0,0.0,0.0,0.0,0.0,0.0,0.0,0.0,0.0,0.0,0.0,0.0,inf,inf,inf,inf,inf,1,1,1,1,0,0,0,0,0,0,1,1,0,0,0,0
1777225947701000,0,1777225642797000,47.397742,8.545594,-0.066716954,-0.0376342,6.8430004,0.0,0.0,0.0,0.01,0.01,-1.49,0.0,0.0,0.0,0.0,0.025,0.0050000004,-0.029000001,0.024676293,0.0,0.0,0.0,0.0,0.0,0.0,0.0,0.0,0.0,0.0,0.0,0.0,inf,inf,inf,inf,inf,1,1,1,1,0,0,0,0,0,0,1,1,0,0,0,0
1777225947725000,0,1777225642797000,47.397742,8.545594,-0.066716954,-0.04516104,6.879,0.0,0.0,0.0,0.01,0.01,-1.49,0.0,0.0,0.0,0.0,0.025,0.006,0.055000003,0.024697036,0.0,0.0,0.0,0.0,0.0,0.0,0.0,0.0,0.0,0.0,0.0,0.0,inf,inf,inf,inf,inf,1,1,1,1,0,0,0,0,0,0,1,1,0,0,0,0
1777225947741000,0,1777225642797000,47.397742,8.545594,-0.05559746,-0.03010736,6.9030004,0.0,0.0,0.0,0.01,0.01,-1.49,0.0,0.0,0.0,0.0,0.025,0.0050000004,-0.031000001,0.024707511,0.0,0.0,0.0,0.0,0.0,0.0,0.0,0.0,0.0,0.0,0.0,0.0,inf,inf,inf,inf,inf,1,1,1,1,0,0,0,0,0,0,1,1,0,0,0,0
1777225947765000,0,1777225642797000,47.397742,8.545594,-0.066716954,-0.0376342,6.939,0.0,0.0,0.0,0.01,0.01,-1.49,0.0,0.0,0.0,0.0,0.026,0.006,0.054,0.024719236,0.0,0.0,0.0,0.0,0.0,0.0,0.0,0.0,0.0,0.0,0.0,0.0,inf,inf,inf,inf,inf,1,1,1,1,0,0,0,0,0,0,1,1,0,0,0,0
1777225947789000,0,1777225642797000,47.397742,8.545594,-0.066716954,-0.03010736,6.9750004,0.0,0.0,0.0,0.02,0.01,-1.49,0.0,0.0,0.0,0.0,0.027,0.007,-0.032,0.024723182,0.0,0.0,0.0,0.0,0.0,0.0,0.0,0.0,0.0,0.0,0.0,0.0,inf,inf,inf,inf,inf,1,1,1,1,0,0,0,0,0,0,1,1,0,0,0,0
1777225947805000,0,1777225642797000,47.397742,8.545594,-0.066716954,-0.03010736,6.9990005,0.0,0.0,0.0,0.02,0.01,-1.49,0.0,0.0,0.0,0.0,0.031000001,0.008,0.053000003,0.024720216,0.0,0.0,0.0,0.0,0.0,0.0,0.0,0.0,0.0,0.0,0.0,0.0,inf,inf,inf,inf,inf,1,1,1,1,0,0,0,0,0,0,1,1,0,0,0,0
1777225947829000,0,1777225642797000,47.397742,8.545594,-0.066716954,-0.0376342,7.0350003,0.0,0.0,0.0,0.02,0.01,-1.49,0.0,0.0,0.0,0.0,0.031000001,0.008,-0.034,0.024706393,0.0,0.0,0.0,0.0,0.0,0.0,0.0,0.0,0.0,0.0,0.0,0.0,inf,inf,inf,inf,inf,1,1,1,1,0,0,0,0,0,0,1,1,0,0,0,0
1777225947845000,0,1777225642797000,47.397742,8.545594,-0.066716954,-0.0376342,7.0590005,0.0,0.0,0.0,0.02,0.01,-1.49,0.0,0.0,0.0,0.0,0.031000001,0.008,-0.022000002,0.024691477,0.0,0.0,0.0,0.0,0.0,0.0,0.0,0.0,0.0,0.0,0.0,0.0,inf,inf,inf,inf,inf,1,1,1,1,0,0,0,0,0,0,1,1,0,0,0,0
1777225947869000,0,1777225642797000,47.397742,8.545594,-0.066716954,-0.03010736,7.0940003,0.0,0.0,0.0,0.02,0.01,-1.49,0.0,0.0,0.0,0.0,0.030000001,0.007,-0.030000001,0.024660079,0.0,0.0,0.0,0.0,0.0,0.0,0.0,0.0,0.0,0.0,0.0,0.0,inf,inf,inf,inf,inf,1,1,1,1,0,0,0,0,0,0,1,1,0,0,0,0
1777225947885000,0,1777225642797000,47.397742,8.545594,-0.066716954,-0.0376342,7.1180005,0.0,0.0,0.0,0.02,0.01,-1.49,0.0,0.0,0.0,0.0,0.028,0.0050000004,0.055000003,0.02463375,0.0,0.0,0.0,0.0,0.0,0.0,0.0,0.0,0.0,0.0,0.0,0.0,inf,inf,inf,inf,inf,1,1,1,1,0,0,0,0,0,0,1,1,0,0,0,0
1777225947909000,0,1777225642797000,47.397742,8.545594,-0.066716954,-0.03010736,7.1540003,0.0,0.0,0.0,0.02,0.01,-1.49,0.0,0.0,0.0,0.0,0.030000001,0.0050000004,-0.026,0.024589177,0.0,0.0,0.0,0.0,0.0,0.0,0.0,0.0,0.0,0.0,0.0,0.0,inf,inf,inf,inf,inf,1,1,1,1,0,0,0,0,0,0,1,1,0,0,0,0
1777225947925000,0,1777225642797000,47.397742,8.545594,-0.066716954,-0.0376342,7.1780005,0.0,0.0,0.0,0.02,0.01,-1.49,0.0,0.0,0.0,0.0,0.028,0.004,0.05,0.024556464,0.0,0.0,0.0,0.0,0.0,0.0,0.0,0.0,0.0,0.0,0.0,0.0,inf,inf,inf,inf,inf,1,1,1,1,0,0,0,0,0,0,1,1,0,0,0,0
1777225947941000,0,1777225642797000,47.397742,8.545594,-0.066716954,-0.03010736,7.202,0.0,0.0,0.0,0.02,0.01,-1.49,0.0,0.0,0.0,0.0,0.028,0.004,-0.031000001,0.024522325,0.0,0.0,0.0,0.0,0.0,0.0,0.0,0.0,0.0,0.0,0.0,0.0,inf,inf,inf,inf,inf,1,1,1,1,0,0,0,0,0,0,1,1,0,0,0,0
1777225947965000,0,1777225642797000,47.397742,8.545594,-0.066716954,-0.03010736,7.2380004,0.0,0.0,0.0,0.02,0.01,-1.49,0.0,0.0,0.0,0.0,0.028,0.001,0.059000004,0.024471177,0.0,0.0,0.0,0.0,0.0,0.0,0.0,0.0,0.0,0.0,0.0,0.0,inf,inf,inf,inf,inf,1,1,1,1,0,0,0,0,0,0,1,1,0,0,0,0
1777225947981000,0,1777225642797000,47.397742,8.545594,-0.05559746,-0.02258052,7.2620006,0.0,0.0,0.0,0.02,0.01,-1.49,0.0,0.0,0.0,0.0,0.028,0.0,-0.027,0.024438405,0.0,0.0,0.0,0.0,0.0,0.0,0.0,0.0,0.0,0.0,0.0,0.0,inf,inf,inf,inf,inf,1,1,1,1,0,0,0,0,0,0,1,1,0,0,0,0
1777225948005000,0,1777225642797000,47.397742,8.545594,-0.066716954,-0.0376342,7.2980003,0.0,0.0,0.0,0.02,0.01,-1.49,0.0,0.0,0.0,0.0,0.025,-0.0050000004,0.058000002,0.024390254,0.0,0.0,0.0,0.0,0.0,0.0,0.0,0.0,0.0,0.0,0.0,0.0,inf,inf,inf,inf,inf,1,1,1,1,0,0,0,0,0,0,1,1,0,0,0,0
1777225948021000,0,1777225642797000,47.397742,8.545594,-0.05559746,-0.0376342,7.3220005,0.0,0.0,0.0,0.02,0.01,-1.49,0.0,0.0,0.0,0.0,0.025,-0.0050000004,-0.027,0.02436065,0.0,0.0,0.0,0.0,0.0,0.0,0.0,0.0,0.0,0.0,0.0,0.0,inf,inf,inf,inf,inf,1,1,1,1,0,0,0,0,0,0,1,1,0,0,0,0
1777225948045000,0,1777225642797000,47.397742,8.545594,-0.05559746,-0.03010736,7.3580003,0.0,0.0,0.0,0.02,0.01,-1.49,0.0,0.0,0.0,0.0,0.024,-0.0050000004,0.058000002,0.024319947,0.0,0.0,0.0,0.0,0.0,0.0,0.0,0.0,0.0,0.0,0.0,0.0,inf,inf,inf,inf,inf,1,1,1,1,0,0,0,0,0,0,1,1,0,0,0,0
1777225948069000,0,1777225642797000,47.397742,8.545594,-0.05559746,-0.0376342,7.3940005,0.0,0.0,0.0,0.02,0.01,-1.49,0.0,0.0,0.0,0.0,0.026,-0.0050000004,-0.029000001,0.024281356,0.0,0.0,0.0,0.0,0.0,0.0,0.0,0.0,0.0,0.0,0.0,0.0,inf,inf,inf,inf,inf,1,1,1,1,0,0,0,0,0,0,1,1,0,0,0,0
1777225948085000,0,1777225642797000,47.397742,8.545594,-0.05559746,-0.0376342,7.418,0.0,0.0,0.0,0.02,0.01,-1.49,0.0,0.0,0.0,0.0,0.027,-0.003,0.056,0.024258161,0.0,0.0,0.0,0.0,0.0,0.0,0.0,0.0,0.0,0.0,0.0,0.0,inf,inf,inf,inf,inf,1,1,1,1,0,0,0,0,0,0,1,1,0,0,0,0
1777225948109000,0,1777225642797000,47.397742,8.545594,-0.05559746,-0.0376342,7.4540005,0.0,0.0,0.0,0.02,0.01,-1.49,0.0,0.0,0.0,0.0,0.026,-0.004,-0.031000001,0.024228236,0.0,0.0,0.0,0.0,0.0,0.0,0.0,0.0,0.0,0.0,0.0,0.0,inf,inf,inf,inf,inf,1,1,1,1,0,0,0,0,0,0,1,1,0,0,0,0
1777225948125000,0,1777225642797000,47.397742,8.545594,-0.04447797,-0.0376342,7.478,0.0,0.0,0.0,0.02,0.01,-1.49,0.0,0.0,0.0,0.0,0.027,-0.002,0.052,0.02421144,0.0,0.0,0.0,0.0,0.0,0.0,0.0,0.0,0.0,0.0,0.0,0.0,inf,inf,inf,inf,inf,1,1,1,1,0,0,0,0,0,0,1,1,0,0,0,0
1777225948149000,0,1777225642797000,47.397742,8.545594,-0.05559746,-0.0376342,7.5140004,0.0,0.0,0.0,0.03,0.01,-1.5,0.0,0.0,0.0,0.0,0.029000001,0.001,-0.028,0.024191672,0.0,0.0,0.0,0.0,0.0,0.0,0.0,0.0,0.0,0.0,0.0,0.0,inf,inf,inf,inf,inf,1,1,1,1,0,0,0,0,0,0,1,1,0,0,0,0
1777225948165000,0,1777225642797000,47.397742,8.545594,-0.05559746,-0.03010736,7.5380006,0.0,0.0,0.0,0.03,0.01,-1.49,0.0,0.0,0.0,0.0,0.028,0.003,0.060000002,0.02418056,0.0,0.0,0.0,0.0,0.0,0.0,0.0,0.0,0.0,0.0,0.0,0.0,inf,inf,inf,inf,inf,1,1,1,1,0,0,0,0,0,0,1,1,0,0,0,0
1777225948189000,0,1777225642797000,47.397742,8.545594,-0.066716954,-0.0376342,7.5740004,0.0,0.0,0.0,0.03,0.01,-1.5,0.0,0.0,0.0,0.0,0.025,0.001,-0.023000002,0.024165729,0.0,0.0,0.0,0.0,0.0,0.0,0.0,0.0,0.0,0.0,0.0,0.0,inf,inf,inf,inf,inf,1,1,1,1,0,0,0,0,0,0,1,1,0,0,0,0
1777225948205000,0,1777225642797000,47.397742,8.545594,-0.066716954,-0.0376342,7.5980005,0.0,0.0,0.0,0.03,0.01,-1.49,0.0,0.0,0.0,0.0,0.025,0.0,0.059000004,0.024156246,0.0,0.0,0.0,0.0,0.0,0.0,0.0,0.0,0.0,0.0,0.0,0.0,inf,inf,inf,inf,inf,1,1,1,1,0,0,0,0,0,0,1,1,0,0,0,0
1777225948229000,0,1777225642797000,47.397742,8.545594,-0.07783645,-0.04516104,7.6340003,0.0,0.0,0.0,0.03,0.01,-1.5,0.0,0.0,0.0,0.0,0.023000002,0.0,-0.029000001,0.0241412,0.0,0.0,0.0,0.0,0.0,0.0,0.0,0.0,0.0,0.0,0.0,0.0,inf,inf,inf,inf,inf,1,1,1,1,0,0,0,0,0,0,1,1,0,0,0,0
1777225948245000,0,1777225642797000,47.397742,8.545594,-0.066716954,-0.05268788,7.6580005,0.0,0.0,0.0,0.03,0.01,-1.5,0.0,0.0,0.0,0.0,0.022000002,-0.001,0.05,0.024129583,0.0,0.0,0.0,0.0,0.0,0.0,0.0,0.0,0.0,0.0,0.0,0.0,inf,inf,inf,inf,inf,1,1,1,1,0,0,0,0,0,0,1,1,0,0,0,0
1777225948269000,0,1777225642797000,47.397742,8.545594,-0.066716954,-0.06021472,7.6940002,0.0,0.0,0.0,0.03,0.01,-1.5,0.0,0.0,0.0,0.0,0.023000002,-0.001,-0.033,0.024108654,0.0,0.0,0.0,0.0,0.0,0.0,0.0,0.0,0.0,0.0,0.0,0.0,inf,inf,inf,inf,inf,1,1,1,1,0,0,0,0,0,0,1,1,0,0,0,0
1777225948285000,0,1777225642797000,47.397742,8.545594,-0.066716954,-0.04516104,7.7180004,0.0,0.0,0.0,0.03,0.01,-1.5,0.0,0.0,0.0,0.0,0.020000001,-0.003,0.064,0.024092179,0.0,0.0,0.0,0.0,0.0,0.0,0.0,0.0,0.0,0.0,0.0,0.0,inf,inf,inf,inf,inf,1,1,1,1,0,0,0,0,0,0,1,1,0,0,0,0
1777225948309000,0,1777225642797000,47.397742,8.545594,-0.05559746,-0.04516104,7.754,0.0,0.0,0.0,0.03,0.01,-1.5,0.0,0.0,0.0,0.0,0.023000002,-0.004,-0.032,0.024065563,0.0,0.0,0.0,0.0,0.0,0.0,0.0,0.0,0.0,0.0,0.0,0.0,inf,inf,inf,inf,inf,1,1,1,1,0,0,0,0,0,0,1,1,0,0,0,0
1777225948325000,0,1777225642797000,47.397742,8.545594,-0.05559746,-0.04516104,7.7780004,0.0,0.0,0.0,0.03,0.01,-1.5,0.0,0.0,0.0,0.0,0.022000002,-0.003,0.053000003,0.024047816,0.0,0.0,0.0,0.0,0.0,0.0,0.0,0.0,0.0,0.0,0.0,0.0,inf,inf,inf,inf,inf,1,1,1,1,0,0,0,0,0,0,1,1,0,0,0,0
1777225948349000,0,1777225642797000,47.397742,8.545594,-0.04447797,-0.0376342,7.8140006,0.0,0.0,0.0,0.03,0.01,-1.5,0.0,0.0,0.0,0.0,0.018000001,-0.008,-0.033,0.024019739,0.0,0.0,0.0,0.0,0.0,0.0,0.0,0.0,0.0,0.0,0.0,0.0,inf,inf,inf,inf,inf,1,1,1,1,0,0,0,0,0,0,1,1,0,0,0,0
1777225948365000,0,1777225642797000,47.397742,8.545594,-0.04447797,-0.04516104,7.8380003,0.0,0.0,0.0,0.03,0.01,-1.5,0.0,0.0,0.0,0.0,0.018000001,-0.010000001,0.061000004,0.02399939,0.0,0.0,0.0,0.0,0.0,0.0,0.0,0.0,0.0,0.0,0.0,0.0,inf,inf,inf,inf,inf,1,1,1,1,0,0,0,0,0,0,1,1,0,0,0,0
1777225948389000,0,1777225642797000,47.397742,8.545594,-0.033358477,-0.0376342,7.8740005,0.0,0.0,0.0,0.03,0.01,-1.5,0.0,0.0,0.0,0.0,0.019000001,-0.009000001,-0.033,0.02396587,0.0,0.0,0.0,0.0,0.0,0.0,0.0,0.0,0.0,0.0,0.0,0.0,inf,inf,inf,inf,inf,1,1,1,1,0,0,0,0,0,0,1,1,0,0,0,0
1777225948405000,0,1777225642797000,47.397742,8.545594,-0.033358477,-0.0376342,7.8980002,0.0,0.0,0.0,0.03,0.01,-1.5,0.0,0.0,0.0,0.0,0.019000001,-0.008,0.056,0.023942748,0.0,0.0,0.0,0.0,0.0,0.0,0.0,0.0,0.0,0.0,0.0,0.0,inf,inf,inf,inf,inf,1,1,1,1,0,0,0,0,0,0,1,1,0,0,0,0
1777225948429000,0,1777225642797000,47.397742,8.545594,-0.033358477,-0.04516104,7.9340005,0.0,0.0,0.0,0.03,0.01,-1.5,0.0,0.0,0.0,0.0,0.017,-0.010000001,-0.031000001,0.023907606,0.0,0.0,0.0,0.0,0.0,0.0,0.0,0.0,0.0,0.0,0.0,0.0,inf,inf,inf,inf,inf,1,1,1,1,0,0,0,0,0,0,1,1,0,0,0,0
1777225948445000,0,1777225642797000,47.397742,8.545594,-0.04447797,-0.0376342,7.958,0.0,0.0,0.0,0.03,0.01,-1.5,0.0,0.0,0.0,0.0,0.017,-0.009000001,-0.024,0.023884127,0.0,0.0,0.0,0.0,0.0,0.0,0.0,0.0,0.0,0.0,0.0,0.0,inf,inf,inf,inf,inf,1,1,1,1,0,0,0,0,0,0,1,1,0,0,0,0
1777225948469000,0,1777225642797000,47.397742,8.545594,-0.033358477,-0.03010736,7.9950004,0.0,0.0,0.0,0.03,0.01,-1.5,0.0,0.0,0.0,0.0,0.014,-0.009000001,-0.029000001,0.023850841,0.0,0.0,0.0,0.0,0.0,0.0,0.0,0.0,0.0,0.0,0.0,0.0,inf,inf,inf,inf,inf,1,1,1,1,0,0,0,0,0,0,1,1,0,0,0,0
1777225948485000,0,1777225642797000,47.397742,8.545594,-0.033358477,-0.03010736,8.019,0.0,0.0,0.0,0.03,0.01,-1.5,0.0,0.0,0.0,0.0,0.013,-0.010000001,0.062000003,0.02383147,0.0,0.0,0.0,0.0,0.0,0.0,0.0,0.0,0.0,0.0,0.0,0.0,inf,inf,inf,inf,inf,1,1,1,1,0,0,0,0,0,0,1,1,0,0,0,0
1777225948501000,0,1777225642797000,47.397742,8.545594,-0.04447797,-0.02258052,8.043,0.0,0.0,0.0,0.03,0.01,-1.5,0.0,0.0,0.0,0.0,0.014,-0.011000001,-0.025,0.023813436,0.0,0.0,0.0,0.0,0.0,0.0,0.0,0.0,0.0,0.0,0.0,0.0,inf,inf,inf,inf,inf,1,1,1,1,0,0,0,0,0,0,1,1,0,0,0,0
1777225948525000,0,1777225642797000,47.397742,8.545594,-0.04447797,-0.03010736,8.079,0.0,0.0,0.0,0.03,0.01,-1.5,0.0,0.0,0.0,0.0,0.014,-0.009000001,0.060000002,0.023788102,0.0,0.0,0.0,0.0,0.0,0.0,0.0,0.0,0.0,0.0,0.0,0.0,inf,inf,inf,inf,inf,1,1,1,1,0,0,0,0,0,0,1,1,0,0,0,0
1777225948541000,0,1777225642797000,47.397742,8.545594,-0.04447797,-0.0376342,8.103001,0.0,0.0,0.0,0.03,0.01,-1.5,0.0,0.0,0.0,0.0,0.014,-0.008,-0.023000002,0.023773167,0.0,0.0,0.0,0.0,0.0,0.0,0.0,0.0,0.0,0.0,0.0,0.0,inf,inf,inf,inf,inf,1,1,1,1,0,0,0,0,0,0,1,1,0,0,0,0
1777225948565000,0,1777225642797000,47.397742,8.545594,-0.033358477,-0.03010736,8.139,0.0,0.0,0.0,0.03,0.01,-1.5,0.0,0.0,0.0,0.0,0.015000001,-0.007,0.052,0.023753347,0.0,0.0,0.0,0.0,0.0,0.0,0.0,0.0,0.0,0.0,0.0,0.0,inf,inf,inf,inf,inf,1,1,1,1,0,0,0,0,0,0,1,1,0,0,0,0
1777225948589000,0,1777225642797000,47.397742,8.545594,-0.033358477,-0.03010736,8.175,0.0,0.0,0.0,0.03,0.01,-1.5,0.0,0.0,0.0,0.0,0.013,-0.006,-0.029000001,0.02373666,0.0,0.0,0.0,0.0,0.0,0.0,0.0,0.0,0.0,0.0,0.0,0.0,inf,inf,inf,inf,inf,1,1,1,1,0,0,0,0,0,0,1,1,0,0,0,0
1777225948605000,0,1777225642797000,47.397742,8.545594,-0.033358477,-0.03010736,8.199,0.0,0.0,0.0,0.03,0.01,-1.5,0.0,0.0,0.0,0.0,0.011000001,-0.008,0.059000004,0.02372724,0.0,0.0,0.0,0.0,0.0,0.0,0.0,0.0,0.0,0.0,0.0,0.0,inf,inf,inf,inf,inf,1,1,1,1,0,0,0,0,0,0,1,1,0,0,0,0
1777225948629000,0,1777225642797000,47.397742,8.545594,-0.04447797,-0.03010736,8.235001,0.0,0.0,0.0,0.03,0.01,-1.5,0.0,0.0,0.0,0.0,0.013,-0.006,-0.024,0.023717105,0.0,0.0,0.0,0.0,0.0,0.0,0.0,0.0,0.0,0.0,0.0,0.0,inf,inf,inf,inf,inf,1,1,1,1,0,0,0,0,0,0,1,1,0,0,0,0
1777225948645000,0,1777225642797000,47.397742,8.545594,-0.04447797,-0.0376342,8.259001,0.0,0.0,0.0,0.04,0.01,-1.5,0.0,0.0,0.0,0.0,0.014,-0.003,0.060000002,0.023712946,0.0,0.0,0.0,0.0,0.0,0.0,0.0,0.0,0.0,0.0,0.0,0.0,inf,inf,inf,inf,inf,1,1,1,1,0,0,0,0,0,0,1,1,0,0,0,0
1777225948669000,0,1777225642797000,47.397742,8.545594,-0.04447797,-0.04516104,8.295,0.0,0.0,0.0,0.04,0.01,-1.5,0.0,0.0,0.0,0.0,0.009000001,-0.007,-0.026,0.023712447,0.0,0.0,0.0,0.0,0.0,0.0,0.0,0.0,0.0,0.0,0.0,0.0,inf,inf,inf,inf,inf,1,1,1,1,0,0,0,0,0,0,1,1,0,0,0,0
1777225948685000,0,1777225642797000,47.397742,8.545594,-0.033358477,-0.03010736,8.319,0.0,0.0,0.0,0.04,0.01,-1.5,0.0,0.0,0.0,0.0,0.009000001,-0.006,0.062000003,0.02371627,0.0,0.0,0.0,0.0,0.0,0.0,0.0,0.0,0.0,0.0,0.0,0.0,inf,inf,inf,inf,inf,1,1,1,1,0,0,0,0,0,0,1,1,0,0,0,0
1777225948701000,0,1777225642797000,47.397742,8.545594,-0.033358477,-0.02258052,8.343,0.0,0.0,0.0,0.04,0.01,-1.5,0.0,0.0,0.0,0.0,0.007,-0.0050000004,-0.027,0.02372343,0.0,0.0,0.0,0.0,0.0,0.0,0.0,0.0,0.0,0.0,0.0,0.0,inf,inf,inf,inf,inf,1,1,1,1,0,0,0,0,0,0,1,1,0,0,0,0
1777225948725000,0,1777225642797000,47.397742,8.545594,-0.04447797,-0.0376342,8.379001,0.0,0.0,0.0,0.04,0.01,-1.5,0.0,0.0,0.0,0.0,0.0050000004,-0.004,0.060000002,0.02373916,0.0,0.0,0.0,0.0,0.0,0.0,0.0,0.0,0.0,0.0,0.0,0.0,inf,inf,inf,inf,inf,1,1,1,1,0,0,0,0,0,0,1,1,0,0,0,0
1777225948749000,0,1777225642797000,47.397742,8.545594,-0.033358477,-0.0376342,8.415,0.0,0.0,0.0,0.04,0.01,-1.5,0.0,0.0,0.0,0.0,0.0050000004,0.0,-0.022000002,0.02375971,0.0,0.0,0.0,0.0,0.0,0.0,0.0,0.0,0.0,0.0,0.0,0.0,inf,inf,inf,inf,inf,1,1,1,1,0,0,0,0,0,0,1,1,0,0,0,0
1777225948765000,0,1777225642797000,47.397742,8.545594,-0.033358477,-0.0376342,8.440001,0.0,0.0,0.0,0.04,0.01,-1.5,0.0,0.0,0.0,0.0,0.006,0.001,0.059000004,0.023775669,0.0,0.0,0.0,0.0,0.0,0.0,0.0,0.0,0.0,0.0,0.0,0.0,inf,inf,inf,inf,inf,1,1,1,1,0,0,0,0,0,0,1,1,0,0,0,0
1777225948789000,0,1777225642797000,47.397742,8.545594,-0.022238987,-0.03010736,8.476001,0.0,0.0,0.0,0.04,0.01,-1.5,0.0,0.0,0.0,0.0,0.001,-0.001,-0.031000001,0.023799788,0.0,0.0,0.0,0.0,0.0,0.0,0.0,0.0,0.0,0.0,0.0,0.0,inf,inf,inf,inf,inf,1,1,1,1,0,0,0,0,0,0,1,1,0,0,0,0
1777225948805000,0,1777225642797000,47.397742,8.545594,-0.022238987,-0.0376342,8.5,0.0,0.0,0.0,0.04,0.01,-1.5,0.0,0.0,0.0,0.0,0.0,0.0,0.061000004,0.023815854,0.0,0.0,0.0,0.0,0.0,0.0,0.0,0.0,0.0,0.0,0.0,0.0,inf,inf,inf,inf,inf,1,1,1,1,0,0,0,0,0,0,1,1,0,0,0,0
1777225948829000,0,1777225642797000,47.397742,8.545594,-0.022238987,-0.02258052,8.536,0.0,0.0,0.0,0.04,0.01,-1.5,0.0,0.0,0.0,0.0,-0.001,0.0,-0.029000001,0.023839897,0.0,0.0,0.0,0.0,0.0,0.0,0.0,0.0,0.0,0.0,0.0,0.0,inf,inf,inf,inf,inf,1,1,1,1,0,0,0,0,0,0,1,1,0,0,0,0
1777225948845000,0,1777225642797000,47.397742,8.545594,-0.022238987,-0.02258052,8.56,0.0,0.0,0.0,0.04,0.01,-1.5,0.0,0.0,0.0,0.0,-0.003,-0.001,0.057000004,0.023854278,0.0,0.0,0.0,0.0,0.0,0.0,0.0,0.0,0.0,0.0,0.0,0.0,inf,inf,inf,inf,inf,1,1,1,1,0,0,0,0,0,0,1,1,0,0,0,0
1777225948861000,0,1777225642797000,47.397742,8.545594,-0.022238987,-0.02258052,8.584001,0.0,0.0,0.0,0.04,0.01,-1.5,0.0,0.0,0.0,0.0,-0.004,0.0,-0.030000001,0.023865506,0.0,0.0,0.0,0.0,0.0,0.0,0.0,0.0,0.0,0.0,0.0,0.0,inf,inf,inf,inf,inf,1,1,1,1,0,0,0,0,0,0,1,1,0,0,0,0
1777225948885000,0,1777225642797000,47.397742,8.545594,-0.033358477,-0.01505368,8.620001,0.0,0.0,0.0,0.04,0.01,-1.5,0.0,0.0,0.0,0.0,-0.008,0.0,0.052,0.023875624,0.0,0.0,0.0,0.0,0.0,0.0,0.0,0.0,0.0,0.0,0.0,0.0,inf,inf,inf,inf,inf,1,1,1,1,0,0,0,0,0,0,1,1,0,0,0,0
1777225948901000,0,1777225642797000,47.397742,8.545594,-0.033358477,-0.00752684,8.644,0.0,0.0,0.0,0.04,0.01,-1.5,0.0,0.0,0.0,0.0,-0.010000001,0.0,-0.035,0.023877565,0.0,0.0,0.0,0.0,0.0,0.0,0.0,0.0,0.0,0.0,0.0,0.0,inf,inf,inf,inf,inf,1,1,1,1,0,0,0,0,0,0,1,1,0,0,0,0
1777225948925000,0,1777225642797000,47.397742,8.545594,-0.033358477,-0.00752684,8.68,0.0,0.0,0.0,0.04,0.01,-1.5,0.0,0.0,0.0,0.0,-0.010000001,0.0,0.058000002,0.023875255,0.0,0.0,0.0,0.0,0.0,0.0,0.0,0.0,0.0,0.0,0.0,0.0,inf,inf,inf,inf,inf,1,1,1,1,0,0,0,0,0,0,1,1,0,0,0,0
1777225948941000,0,1777225642797000,47.397742,8.545594,-0.033358477,-0.00752684,8.704,0.0,0.0,0.0,0.04,0.01,-1.5,0.0,0.0,0.0,0.0,-0.013,0.0,-0.031000001,0.023871902,0.0,0.0,0.0,0.0,0.0,0.0,0.0,0.0,0.0,0.0,0.0,0.0,inf,inf,inf,inf,inf,1,1,1,1,0,0,0,0,0,0,1,1,0,0,0,0
1777225948965000,0,1777225642797000,47.397742,8.545594,-0.033358477,-0.00752684,8.741,0.0,0.0,0.0,0.03,0.01,-1.5,0.0,0.0,0.0,0.0,-0.012,0.001,0.054,0.0238658,0.0,0.0,0.0,0.0,0.0,0.0,0.0,0.0,0.0,0.0,0.0,0.0,inf,inf,inf,inf,inf,1,1,1,1,0,0,0,0,0,0,1,1,0,0,0,0
1777225948989000,0,1777225642797000,47.397742,8.545594,-0.022238987,-0.00752684,8.777,0.0,0.0,0.0,0.03,0.01,-1.5,0.0,0.0,0.0,0.0,-0.013,0.0,-0.029000001,0.023859087,0.0,0.0,0.0,0.0,0.0,0.0,0.0,0.0,0.0,0.0,0.0,0.0,inf,inf,inf,inf,inf,1,1,1,1,0,0,0,0,0,0,1,1,0,0,0,0
1777225949005000,0,1777225642797000,47.397742,8.545594,-0.022238987,-0.01505368,8.801001,0.0,0.0,0.0,0.03,0.01,-1.5,0.0,0.0,0.0,0.0,-0.013,0.0,0.061000004,0.023853516,0.0,0.0,0.0,0.0,0.0,0.0,0.0,0.0,0.0,0.0,0.0,0.0,inf,inf,inf,inf,inf,1,1,1,1,0,0,0,0,0,0,1,1,0,0,0,0
1777225949029000,0,1777225642797000,47.397742,8.545594,-0.033358477,-0.01505368,8.837001,0.0,0.0,0.0,0.03,0.01,-1.5,0.0,0.0,0.0,0.0,-0.014,0.0,-0.028,0.023842918,0.0,0.0,0.0,0.0,0.0,0.0,0.0,0.0,0.0,0.0,0.0,0.0,inf,inf,inf,inf,inf,1,1,1,1,0,0,0,0,0,0,1,1,0,0,0,0
1777225949045000,0,1777225642797000,47.397742,8.545594,-0.033358477,-0.01505368,8.861,0.0,0.0,0.0,0.03,0.01,-1.5,0.0,0.0,0.0,0.0,-0.016,0.0,0.059000004,0.023835994,0.0,0.0,0.0,0.0,0.0,0.0,0.0,0.0,0.0,0.0,0.0,0.0,inf,inf,inf,inf,inf,1,1,1,1,0,0,0,0,0,0,1,1,0,0,0,0
1777225949069000,0,1777225642797000,47.397742,8.545594,-0.033358477,-0.01505368,8.897,0.0,0.0,0.0,0.03,0.01,-1.5,0.0,0.0,0.0,0.0,-0.017,-0.003,-0.024,0.023827635,0.0,0.0,0.0,0.0,0.0,0.0,0.0,0.0,0.0,0.0,0.0,0.0,inf,inf,inf,inf,inf,1,1,1,1,0,0,0,0,0,0,1,1,0,0,0,0
1777225949085000,0,1777225642797000,47.397742,8.545594,-0.033358477,-0.02258052,8.9210005,0.0,0.0,0.0,0.03,0.01,-1.5,0.0,0.0,0.0,0.0,-0.018000001,-0.003,0.065000005,0.023822652,0.0,0.0,0.0,0.0,0.0,0.0,0.0,0.0,0.0,0.0,0.0,0.0,inf,inf,inf,inf,inf,1,1,1,1,0,0,0,0,0,0,1,1,0,0,0,0
1777225949109000,0,1777225642797000,47.397742,8.545594,-0.04447797,-0.00752684,8.957001,0.0,0.0,0.0,0.03,0.01,-1.5,0.0,0.0,0.0,0.0,-0.021000002,-0.003,-0.020000001,0.023814825,0.0,0.0,0.0,0.0,0.0,0.0,0.0,0.0,0.0,0.0,0.0,0.0,inf,inf,inf,inf,inf,1,1,1,1,0,0,0,0,0,0,1,1,0,0,0,0
1777225949125000,0,1777225642797000,47.397742,8.545594,-0.033358477,-0.00752684,8.982,0.0,0.0,0.0,0.03,0.01,-1.5,0.0,0.0,0.0,0.0,-0.022000002,-0.002,0.065000005,0.023808962,0.0,0.0,0.0,0.0,0.0,0.0,0.0,0.0,0.0,0.0,0.0,0.0,inf,inf,inf,inf,inf,1,1,1,1,0,0,0,0,0,0,1,1,0,0,0,0
1777225949149000,0,1777225642797000,47.397742,8.545594,-0.04447797,-0.00752684,9.018001,0.0,0.0,0.0,0.03,0.01,-1.5,0.0,0.0,0.0,0.0,-0.023000002,-0.001,-0.020000001,0.023800157,0.0,0.0,0.0,0.0,0.0,0.0,0.0,0.0,0.0,0.0,0.0,0.0,inf,inf,inf,inf,inf,1,1,1,1,0,0,0,0,0,0,1,1,0,0,0,0
1777225949165000,0,1777225642797000,47.397742,8.545594,-0.033358477,-0.00752684,9.042001,0.0,0.0,0.0,0.03,0.01,-1.5,0.0,0.0,0.0,0.0,-0.025,-0.003,0.060000002,0.023795484,0.0,0.0,0.0,0.0,0.0,0.0,0.0,0.0,0.0,0.0,0.0,0.0,inf,inf,inf,inf,inf,1,1,1,1,0,0,0,0,0,0,1,1,0,0,0,0
1777225949181000,0,1777225642797000,47.397742,8.545594,-0.033358477,0.0,9.066,0.0,0.0,0.0,0.03,0.01,-1.5,0.0,0.0,0.0,0.0,-0.026,-0.002,-0.025,0.023790717,0.0,0.0,0.0,0.0,0.0,0.0,0.0,0.0,0.0,0.0,0.0,0.0,inf,inf,inf,inf,inf,1,1,1,1,0,0,0,0,0,0,1,1,0,0,0,0
1777225949205000,0,1777225642797000,47.397742,8.545594,-0.033358477,0.0,9.102,0.0,0.0,0.0,0.03,0.01,-1.5,0.0,0.0,0.0,0.0,-0.026,-0.004,0.061000004,0.02378136,0.0,0.0,0.0,0.0,0.0,0.0,0.0,0.0,0.0,0.0,0.0,0.0,inf,inf,inf,inf,inf,1,1,1,1,0,0,0,0,0,0,1,1,0,0,0,0
1777225949229000,0,1777225642797000,47.397742,8.545594,-0.022238987,-0.00752684,9.1380005,0.0,0.0,0.0,0.03,0.01,-1.5,0.0,0.0,0.0,0.0,-0.028,-0.003,-0.024,0.023769995,0.0,0.0,0.0,0.0,0.0,0.0,0.0,0.0,0.0,0.0,0.0,0.0,inf,inf,inf,inf,inf,1,1,1,1,0,0,0,0,0,0,1,1,0,0,0,0
1777225949245000,0,1777225642797000,47.397742,8.545594,-0.022238987,-0.01505368,9.162001,0.0,0.0,0.0,0.03,0.01,-1.5,0.0,0.0,0.0,0.0,-0.029000001,-0.0050000004,-0.010000001,0.023761045,0.0,0.0,0.0,0.0,0.0,0.0,0.0,0.0,0.0,0.0,0.0,0.0,inf,inf,inf,inf,inf,1,1,1,1,0,0,0,0,0,0,1,1,0,0,0,0
1777225949269000,0,1777225642797000,47.397742,8.545594,-0.022238987,-0.02258052,9.199,0.0,0.0,0.0,0.03,0.01,-1.5,0.0,0.0,0.0,0.0,-0.027,-0.003,-0.022000002,0.023748029,0.0,0.0,0.0,0.0,0.0,0.0,0.0,0.0,0.0,0.0,0.0,0.0,inf,inf,inf,inf,inf,1,1,1,1,0,0,0,0,0,0,1,1,0,0,0,0
1777225949285000,0,1777225642797000,47.397742,8.545594,-0.022238987,-0.03010736,9.223001,0.0,0.0,0.0,0.03,0.01,-1.5,0.0,0.0,0.0,0.0,-0.027,-0.004,0.066,0.02373884,0.0,0.0,0.0,0.0,0.0,0.0,0.0,0.0,0.0,0.0,0.0,0.0,inf,inf,inf,inf,inf,1,1,1,1,0,0,0,0,0,0,1,1,0,0,0,0
1777225949309000,0,1777225642797000,47.397742,8.545594,-0.033358477,-0.01505368,9.259001,0.0,0.0,0.0,0.03,0.01,-1.5,0.0,0.0,0.0,0.0,-0.025,-0.004,-0.019000001,0.023724528,0.0,0.0,0.0,0.0,0.0,0.0,0.0,0.0,0.0,0.0,0.0,0.0,inf,inf,inf,inf,inf,1,1,1,1,0,0,0,0,0,0,1,1,0,0,0,0
1777225949325000,0,1777225642797000,47.397742,8.545594,-0.022238987,-0.00752684,9.283,0.0,0.0,0.0,0.03,0.01,-1.5,0.0,0.0,0.0,0.0,-0.023000002,-0.001,0.072000004,0.023716185,0.0,0.0,0.0,0.0,0.0,0.0,0.0,0.0,0.0,0.0,0.0,0.0,inf,inf,inf,inf,inf,1,1,1,1,0,0,0,0,0,0,1,1,0,0,0,0
1777225949349000,0,1777225642797000,47.397742,8.545594,-0.022238987,-0.00752684,9.319,0.0,0.0,0.0,0.03,0.01,-1.5,0.0,0.0,0.0,0.0,-0.023000002,-0.001,-0.024,0.023705829,0.0,0.0,0.0,0.0,0.0,0.0,0.0,0.0,0.0,0.0,0.0,0.0,inf,inf,inf,inf,inf,1,1,1,1,0,0,0,0,0,0,1,1,0,0,0,0
1777225949365000,0,1777225642797000,47.397742,8.545594,-0.011119492,-0.00752684,9.343,0.0,0.0,0.0,0.03,0.01,-1.5,0.0,0.0,0.0,0.0,-0.024,0.0,0.060000002,0.023700247,0.0,0.0,0.0,0.0,0.0,0.0,0.0,0.0,0.0,0.0,0.0,0.0,inf,inf,inf,inf,inf,1,1,1,1,0,0,0,0,0,0,1,1,0,0,0,0
1777225949389000,0,1777225642797000,47.397742,8.545594,-0.011119492,-0.01505368,9.379001,0.0,0.0,0.0,0.03,0.01,-1.5,0.0,0.0,0.0,0.0,-0.025,-0.002,-0.025,0.023694428,0.0,0.0,0.0,0.0,0.0,0.0,0.0,0.0,0.0,0.0,0.0,0.0,inf,inf,inf,inf,inf,1,1,1,1,0,0,0,0,0,0,1,1,0,0,0,0
1777225949405000,0,1777225642797000,47.397742,8.545594,-0.011119492,-0.01505368,9.403001,0.0,0.0,0.0,0.03,0.01,-1.5,0.0,0.0,0.0,0.0,-0.024,0.0,0.063,0.023691894,0.0,0.0,0.0,0.0,0.0,0.0,0.0,0.0,0.0,0.0,0.0,0.0,inf,inf,inf,inf,inf,1,1,1,1,0,0,0,0,0,0,1,1,0,0,0,0
1777225949429000,0,1777225642797000,47.397742,8.545594,0.0,-0.00752684,9.440001,0.0,0.0,0.0,0.02,0.01,-1.5,0.0,0.0,0.0,0.0,-0.027,0.0,-0.029000001,0.023689136,0.0,0.0,0.0,0.0,0.0,0.0,0.0,0.0,0.0,0.0,0.0,0.0,inf,inf,inf,inf,inf,1,1,1,1,0,0,0,0,0,0,1,1,0,0,0,0
1777225949445000,0,1777225642797000,47.397742,8.545594,-0.011119492,0.0,9.464001,0.0,0.0,0.0,0.02,0.01,-1.5,0.0,0.0,0.0,0.0,-0.027,0.0,0.064,0.023689125,0.0,0.0,0.0,0.0,0.0,0.0,0.0,0.0,0.0,0.0,0.0,0.0,inf,inf,inf,inf,inf,1,1,1,1,0,0,0,0,0,0,1,1,0,0,0,0
1777225949469000,0,1777225642797000,47.397742,8.545594,-0.011119492,0.0,9.5,0.0,0.0,0.0,0.02,0.01,-1.5,0.0,0.0,0.0,0.0,-0.028,0.0,-0.022000002,0.023692174,0.0,0.0,0.0,0.0,0.0,0.0,0.0,0.0,0.0,0.0,0.0,0.0,inf,inf,inf,inf,inf,1,1,1,1,0,0,0,0,0,0,1,1,0,0,0,0
1777225949485000,0,1777225642797000,47.397742,8.545594,-0.011119492,0.0,9.524,0.0,0.0,0.0,0.02,0.01,-1.5,0.0,0.0,0.0,0.0,-0.028,0.0,0.064,0.023696184,0.0,0.0,0.0,0.0,0.0,0.0,0.0,0.0,0.0,0.0,0.0,0.0,inf,inf,inf,inf,inf,1,1,1,1,0,0,0,0,0,0,1,1,0,0,0,0
1777225949509000,0,1777225642797000,47.397742,8.545594,-0.022238987,0.0,9.56,0.0,0.0,0.0,0.02,0.01,-1.5,0.0,0.0,0.0,0.0,-0.026,0.004,-0.020000001,0.023705486,0.0,0.0,0.0,0.0,0.0,0.0,0.0,0.0,0.0,0.0,0.0,0.0,inf,inf,inf,inf,inf,1,1,1,1,0,0,0,0,0,0,1,1,0,0,0,0
1777225949525000,0,1777225642797000,47.397742,8.545594,-0.022238987,-0.00752684,9.584001,0.0,0.0,0.0,0.02,0.01,-1.5,0.0,0.0,0.0,0.0,-0.028,0.004,-0.010000001,0.0237135,0.0,0.0,0.0,0.0,0.0,0.0,0.0,0.0,0.0,0.0,0.0,0.0,inf,inf,inf,inf,inf,1,1,1,1,0,0,0,0,0,0,1,1,0,0,0,0
1777225949541000,0,1777225642797000,47.397742,8.545594,-0.022238987,0.0,9.608001,0.0,0.0,0.0,0.02,0.01,-1.5,0.0,0.0,0.0,0.0,-0.029000001,0.003,-0.025,0.023722235,0.0,0.0,0.0,0.0,0.0,0.0,0.0,0.0,0.0,0.0,0.0,0.0,inf,inf,inf,inf,inf,1,1,1,1,0,0,0,0,0,0,1,1,0,0,0,0
1777225949565000,0,1777225642797000,47.397742,8.545594,-0.022238987,-0.00752684,9.645,0.0,0.0,0.0,0.02,0.01,-1.5,0.0,0.0,0.0,0.0,-0.027,0.003,0.071,0.023738304,0.0,0.0,0.0,0.0,0.0,0.0,0.0,0.0,0.0,0.0,0.0,0.0,inf,inf,inf,inf,inf,1,1,1,1,0,0,0,0,0,0,1,1,0,0,0,0
1777225949581000,0,1777225642797000,47.397742,8.545594,-0.033358477,-0.00752684,9.669001,0.0,0.0,0.0,0.02,0.01,-1.5,0.0,0.0,0.0,0.0,-0.029000001,0.0,-0.015000001,0.023749534,0.0,0.0,0.0,0.0,0.0,0.0,0.0,0.0,0.0,0.0,0.0,0.0,inf,inf,inf,inf,inf,1,1,1,1,0,0,0,0,0,0,1,1,0,0,0,0
1777225949605000,0,1777225642797000,47.397742,8.545594,-0.022238987,-0.01505368,9.705001,0.0,0.0,0.0,0.02,0.01,-1.5,0.0,0.0,0.0,0.0,-0.029000001,0.001,0.071,0.023766095,0.0,0.0,0.0,0.0,0.0,0.0,0.0,0.0,0.0,0.0,0.0,0.0,inf,inf,inf,inf,inf,1,1,1,1,0,0,0,0,0,0,1,1,0,0,0,0
1777225949629000,0,1777225642797000,47.397742,8.545594,-0.022238987,-0.00752684,9.741,0.0,0.0,0.0,0.02,0.01,-1.5,0.0,0.0,0.0,0.0,-0.028,0.001,-0.018000001,0.023781206,0.0,0.0,0.0,0.0,0.0,0.0,0.0,0.0,0.0,0.0,0.0,0.0,inf,inf,inf,inf,inf,1,1,1,1,0,0,0,0,0,0,1,1,0,0,0,0
1777225949645000,0,1777225642797000,47.397742,8.545594,-0.022238987,-0.00752684,9.765,0.0,0.0,0.0,0.02,0.01,-1.5,0.0,0.0,0.0,0.0,-0.028,-0.001,0.07,0.023788849,0.0,0.0,0.0,0.0,0.0,0.0,0.0,0.0,0.0,0.0,0.0,0.0,inf,inf,inf,inf,inf,1,1,1,1,0,0,0,0,0,0,1,1,0,0,0,0
1777225949669000,0,1777225642797000,47.397742,8.545594,-0.022238987,-0.00752684,9.801001,0.0,0.0,0.0,0.02,0.01,-1.5,0.0,0.0,0.0,0.0,-0.026,0.0,-0.014,0.023797221,0.0,0.0,0.0,0.0,0.0,0.0,0.0,0.0,0.0,0.0,0.0,0.0,inf,inf,inf,inf,inf,1,1,1,1,0,0,0,0,0,0,1,1,0,0,0,0
1777225949685000,0,1777225642797000,47.397742,8.545594,-0.011119492,0.0,9.825001,0.0,0.0,0.0,0.02,0.01,-1.5,0.0,0.0,0.0,0.0,-0.027,-0.001,0.072000004,0.023802722,0.0,0.0,0.0,0.0,0.0,0.0,0.0,0.0,0.0,0.0,0.0,0.0,inf,inf,inf,inf,inf,1,1,1,1,0,0,0,0,0,0,1,1,0,0,0,0
1777225949701000,0,1777225642797000,47.397742,8.545594,-0.011119492,-0.01505368,9.85,0.0,0.0,0.0,0.02,0.01,-1.5,0.0,0.0,0.0,0.0,-0.029000001,-0.003,-0.014,0.023808913,0.0,0.0,0.0,0.0,0.0,0.0,0.0,0.0,0.0,0.0,0.0,0.0,inf,inf,inf,inf,inf,1,1,1,1,0,0,0,0,0,0,1,1,0,0,0,0
1777225949725000,0,1777225642797000,47.397742,8.545594,-0.011119492,-0.00752684,9.886001,0.0,0.0,0.0,0.02,0.01,-1.5,0.0,0.0,0.0,0.0,-0.028,-0.004,0.072000004,0.023819601,0.0,0.0,0.0,0.0,0.0,0.0,0.0,0.0,0.0,0.0,0.0,0.0,inf,inf,inf,inf,inf,1,1,1,1,0,0,0,0,0,0,1,1,0,0,0,0
1777225949741000,0,1777225642797000,47.397742,8.545594,0.0,0.0,9.910001,0.0,0.0,0.0,0.02,0.01,-1.5,0.0,0.0,0.0,0.0,-0.028,-0.004,-0.009000001,0.023826642,0.0,0.0,0.0,0.0,0.0,0.0,0.0,0.0,0.0,0.0,0.0,0.0,inf,inf,inf,inf,inf,1,1,1,1,0,0,0,0,0,0,1,1,0,0,0,0
1777225949765000,0,1777225642797000,47.397742,8.545594,0.0,0.0,9.946,0.0,0.0,0.0,0.01,0.01,-1.5,0.0,0.0,0.0,0.0,-0.028,-0.003,0.074,0.023837734,0.0,0.0,0.0,0.0,0.0,0.0,0.0,0.0,0.0,0.0,0.0,0.0,inf,inf,inf,inf,inf,1,1,1,1,0,0,0,0,0,0,1,1,0,0,0,0
1777225949781000,0,1777225642797000,47.397742,8.545594,-0.011119492,0.00752684,9.97,0.0,0.0,0.0,0.01,0.01,-1.5,0.0,0.0,0.0,0.0,-0.029000001,-0.004,-0.018000001,0.023845626,0.0,0.0,0.0,0.0,0.0,0.0,0.0,0.0,0.0,0.0,0.0,0.0,inf,inf,inf,inf,inf,1,1,1,1,0,0,0,0,0,0,1,1,0,0,0,0
1777225949805000,0,1777225642797000,47.397742,8.545594,-0.011119492,0.0,10.0060005,0.0,0.0,0.0,0.01,0.01,-1.5,0.0,0.0,0.0,0.0,-0.027,-0.002,0.068,0.023860056,0.0,0.0,0.0,0.0,0.0,0.0,0.0,0.0,0.0,0.0,0.0,0.0,inf,inf,inf,inf,inf,1,1,1,1,0,0,0,0,0,0,1,1,0,0,0,0
1777225949821000,0,1777225642797000,47.397742,8.545594,-0.011119492,0.00752684,10.030001,0.0,0.0,0.0,0.01,0.01,-1.5,0.0,0.0,0.0,0.0,-0.026,-0.001,-0.020000001,0.023872241,0.0,0.0,0.0,0.0,0.0,0.0,0.0,0.0,0.0,0.0,0.0,0.0,inf,inf,inf,inf,inf,1,1,1,1,0,0,0,0,0,0,1,1,0,0,0,0
1777225949845000,0,1777225642797000,47.397742,8.545594,-0.011119492,0.0,10.066001,0.0,0.0,0.0,0.01,0.01,-1.5,0.0,0.0,0.0,0.0,-0.028,-0.004,0.067,0.02389386,0.0,0.0,0.0,0.0,0.0,0.0,0.0,0.0,0.0,0.0,0.0,0.0,inf,inf,inf,inf,inf,1,1,1,1,0,0,0,0,0,0,1,1,0,0,0,0
1777225949869000,0,1777225642797000,47.397742,8.545594,-0.011119492,0.00752684,10.103001,0.0,0.0,0.0,0.01,0.01,-1.5,0.0,0.0,0.0,0.0,-0.028,-0.0050000004,-0.018000001,0.023918664,0.0,0.0,0.0,0.0,0.0,0.0,0.0,0.0,0.0,0.0,0.0,0.0,inf,inf,inf,inf,inf,1,1,1,1,0,0,0,0,0,0,1,1,0,0,0,0
1777225949885000,0,1777225642797000,47.397742,8.545594,0.0,0.00752684,10.127001,0.0,0.0,0.0,0.01,0.01,-1.5,0.0,0.0,0.0,0.0,-0.029000001,-0.0050000004,0.07,0.023937298,0.0,0.0,0.0,0.0,0.0,0.0,0.0,0.0,0.0,0.0,0.0,0.0,inf,inf,inf,inf,inf,1,1,1,1,0,0,0,0,0,0,1,1,0,0,0,0
1777225949909000,0,1777225642797000,47.397742,8.545594,0.0,0.00752684,10.163,0.0,0.0,0.0,0.01,0.01,-1.5,0.0,0.0,0.0,0.0,-0.030000001,-0.008,-0.015000001,0.023968358,0.0,0.0,0.0,0.0,0.0,0.0,0.0,0.0,0.0,0.0,0.0,0.0,inf,inf,inf,inf,inf,1,1,1,1,0,0,0,0,0,0,1,1,0,0,0,0
1777225949925000,0,1777225642797000,47.397742,8.545594,0.0,0.00752684,10.187,0.0,0.0,0.0,0.01,0.01,-1.5,0.0,0.0,0.0,0.0,-0.029000001,-0.009000001,0.068,0.023990475,0.0,0.0,0.0,0.0,0.0,0.0,0.0,0.0,0.0,0.0,0.0,0.0,inf,inf,inf,inf,inf,1,1,1,1,0,0,0,0,0,0,1,1,0,0,0,0
1777225949949000,0,1777225642797000,47.397742,8.545594,0.0,0.00752684,10.223001,0.0,0.0,0.0,0.01,0.01,-1.5,0.0,0.0,0.0,0.0,-0.031000001,-0.012,-0.053000003,0.02402184,0.0,0.0,0.0,0.0,0.0,0.0,0.0,0.0,0.0,0.0,0.0,0.0,inf,inf,inf,inf,inf,1,1,1,1,0,0,0,0,0,0,1,1,0,0,0,0
1777225949965000,0,1777225642797000,47.397742,8.545594,0.011119492,0.0,10.247001,0.0,0.0,0.0,0.01,0.01,-1.5,0.0,0.0,0.0,0.0,-0.028,-0.009000001,0.023000002,0.024041764,0.0,0.0,0.0,0.0,0.0,0.0,0.0,0.0,0.0,0.0,0.0,0.0,inf,inf,inf,inf,inf,1,1,1,1,0,0,0,0,0,0,1,1,0,0,0,0
1777225949989000,0,1777225642797000,47.397742,8.545594,0.011119492,-0.01505368,10.283001,0.0,0.0,0.0,0.01,0.01,-1.5,0.0,0.0,0.0,0.0,-0.027,-0.013,-0.20700002,0.024071392,0.0,0.0,0.0,0.0,0.0,0.0,0.0,0.0,0.0,0.0,0.0,0.0,inf,inf,inf,inf,inf,1,1,1,1,0,0,0,0,0,0,1,1,0,0,0,0
1777225950005000,0,1777225642797000,47.397742,8.545594,0.022238985,-0.01505368,10.307,0.0,0.0,0.0,0.01,0.01,-1.51,0.0,0.0,0.0,0.0,-0.027,-0.011000001,-0.13700001,0.024090586,0.0,0.0,0.0,0.0,0.0,0.0,0.0,0.0,0.0,0.0,0.0,0.0,inf,inf,inf,inf,inf,1,1,1,1,0,0,0,0,0,0,1,1,0,0,0,0
1777225950021000,0,1777225642797000,47.397742,8.545594,0.011119492,-0.00752684,10.332001,0.0,0.0,0.0,0.01,0.01,-1.51,0.0,0.0,0.0,0.0,-0.029000001,-0.011000001,-0.28500003,0.024111113,0.0,0.0,0.0,0.0,0.0,0.0,0.0,0.0,0.0,0.0,0.0,0.0,inf,inf,inf,inf,inf,1,1,1,1,0,0,0,0,0,0,1,1,0,0,0,0
1777225950045000,0,1777225642797000,47.397742,8.545594,0.011119492,-0.01505368,10.368,0.0,0.0,0.0,0.01,0.01,-1.52,0.0,0.0,0.0,0.0,-0.028,-0.012,-0.307,0.024144592,0.0,0.0,0.0,0.0,0.0,0.0,0.0,0.0,0.0,0.0,0.0,0.0,inf,inf,inf,inf,inf,1,1,1,1,0,0,0,0,0,0,1,1,0,0,0,0
1777225950069000,0,1777225642797000,47.397742,8.545594,0.011119492,-0.01505368,10.405001,0.0,0.0,0.0,0.01,0.01,-1.53,0.0,0.0,0.0,0.0,-0.030000001,-0.014,-0.554,0.02418242,0.0,0.0,0.0,0.0,0.0,0.0,0.0,0.0,0.0,0.0,0.0,0.0,inf,inf,inf,inf,inf,1,1,1,1,0,0,0,0,0,0,1,1,0,0,0,0
1777225950085000,0,1777225642797000,47.397742,8.545594,0.0,-0.00752684,10.429001,0.0,0.0,0.0,0.01,0.01,-1.54,0.0,0.0,0.0,0.0,-0.029000001,-0.011000001,-0.47100002,0.024208434,0.0,0.0,0.0,0.0,0.0,0.0,0.0,0.0,0.0,0.0,0.0,0.0,inf,inf,inf,inf,inf,1,1,1,1,0,0,0,0,0,0,1,1,0,0,0,0
1777225950109000,0,1777225642797000,47.397742,8.545594,0.011119492,-0.00752684,10.467001,0.0,0.0,0.0,0.0,0.01,-1.55,0.0,0.0,0.0,0.0,-0.029000001,-0.013,-0.726,0.024248192,0.0,0.0,0.0,0.0,0.0,0.0,0.0,0.0,0.0,0.0,0.0,0.0,inf,inf,inf,inf,inf,1,1,1,1,0,0,0,0,0,0,1,1,0,0,0,0
1777225950125000,0,1777225642797000,47.397742,8.545594,0.011119492,-0.01505368,10.492001,0.0,0.0,0.0,0.0,0.01,-1.5699999,0.0,0.0,0.0,0.0,-0.027,-0.013,-0.63000005,0.024274435,0.0,0.0,0.0,0.0,0.0,0.0,0.0,0.0,0.0,0.0,0.0,0.0,inf,inf,inf,inf,inf,1,1,1,1,0,0,0,0,0,0,1,1,0,0,0,0
1777225950141000,0,1777225642797000,47.397742,8.545594,0.011119492,-0.01505368,10.517,0.0,0.0,0.0,0.0,0.01,-1.5799999,0.0,0.0,0.0,0.0,-0.028,-0.012,-0.78700006,0.024299962,0.0,0.0,0.0,0.0,0.0,0.0,0.0,0.0,0.0,0.0,0.0,0.0,inf,inf,inf,inf,inf,1,1,1,1,0,0,0,0,0,0,1,1,0,0,0,0
1777225950165000,0,1777225642797000,47.397742,8.545594,0.0,-0.01505368,10.555,0.0,0.0,0.0,0.0,0.01,-1.5999999,0.0,0.0,0.0,0.0,-0.029000001,-0.013,-0.78700006,0.024337864,0.0,0.0,0.0,0.0,0.0,0.0,0.0,0.0,0.0,0.0,0.0,0.0,inf,inf,inf,inf,inf,1,1,1,1,0,0,0,0,0,0,1,1,0,0,0,0
1777225950181000,0,1777225642797000,47.397742,8.545594,0.0,-0.02258052,10.581,0.0,0.0,0.0,0.0,0.01,-1.61,0.0,0.0,0.0,0.0,-0.032,-0.016,-0.95500004,0.02436254,0.0,0.0,0.0,0.0,0.0,0.0,0.0,0.0,0.0,0.0,0.0,0.0,inf,inf,inf,inf,inf,1,1,1,1,0,0,0,0,0,0,1,1,0,0,0,0
1777225950205000,0,1777225642797000,47.397742,8.545594,0.0,-0.02258052,10.620001,0.0,0.0,0.0,0.0,0.01,-1.64,0.0,0.0,0.0,0.0,-0.030000001,-0.013,-0.95400006,0.0243963,0.0,0.0,0.0,0.0,0.0,0.0,0.0,0.0,0.0,0.0,0.0,0.0,inf,inf,inf,inf,inf,1,1,1,1,0,0,0,0,0,0,1,1,0,0,0,0
1777225950229000,0,1777225642797000,47.397742,8.545594,-0.011119492,-0.02258052,10.660001,0.0,0.0,0.0,0.0,0.0,-1.67,0.0,0.0,0.0,0.0,-0.032,-0.015000001,-1.235,0.024424307,0.0,0.0,0.0,0.0,0.0,0.0,0.0,0.0,0.0,0.0,0.0,0.0,inf,inf,inf,inf,inf,1,1,1,1,0,0,0,0,0,0,1,1,0,0,0,0
1777225950245000,0,1777225642797000,47.397742,8.545594,-0.011119492,-0.01505368,10.686001,0.0,0.0,0.0,0.0,0.0,-1.68,0.0,0.0,0.0,0.0,-0.033,-0.016,-1.1120001,0.024439497,0.0,0.0,0.0,0.0,0.0,0.0,0.0,0.0,0.0,0.0,0.0,0.0,inf,inf,inf,inf,inf,1,1,1,1,0,0,0,0,0,0,1,1,0,0,0,0
1777225950269000,0,1777225642797000,47.397742,8.545594,-0.011119492,0.0,10.727,0.0,0.0,0.0,0.0,0.0,-1.7199999,0.0,0.0,0.0,0.0,-0.031000001,-0.016,-1.4030001,0.02445676,0.0,0.0,0.0,0.0,0.0,0.0,0.0,0.0,0.0,0.0,0.0,0.0,inf,inf,inf,inf,inf,1,1,1,1,0,0,0,0,0,0,1,1,0,0,0,0
1777225950285000,0,1777225642797000,47.397742,8.545594,-0.011119492,-0.00752684,10.755,0.0,0.0,0.0,0.0,0.0,-1.74,0.0,0.0,0.0,0.0,-0.030000001,-0.015000001,-1.2650001,0.024465619,0.0,0.0,0.0,0.0,0.0,0.0,0.0,0.0,0.0,0.0,0.0,0.0,inf,inf,inf,inf,inf,1,1,1,1,0,0,0,0,0,0,1,1,0,0,0,0
1777225950309000,0,1777225642797000,47.397742,8.545594,0.0,-0.01505368,10.797001,0.0,0.0,0.0,0.0,0.0,-1.77,0.0,0.0,0.0,0.0,-0.028,-0.014,-1.463,0.024477802,0.0,0.0,0.0,0.0,0.0,0.0,0.0,0.0,0.0,0.0,0.0,0.0,inf,inf,inf,inf,inf,1,1,1,1,0,0,0,0,0,0,1,1,0,0,0,0
1777225950325000,0,1777225642797000,47.397742,8.545594,0.0,-0.00752684,10.826,0.0,0.0,0.0,0.0,0.0,-1.79,0.0,0.0,0.0,0.0,-0.029000001,-0.016,-1.289,0.02448432,0.0,0.0,0.0,0.0,0.0,0.0,0.0,0.0,0.0,0.0,0.0,0.0,inf,inf,inf,inf,inf,1,1,1,1,0,0,0,0,0,0,1,1,0,0,0,0
1777225950349000,0,1777225642797000,47.397742,8.545594,0.0,-0.00752684,10.869,0.0,0.0,0.0,0.0,0.0,-1.8199999,0.0,0.0,0.0,0.0,-0.033,-0.019000001,-1.284,0.024492284,0.0,0.0,0.0,0.0,0.0,0.0,0.0,0.0,0.0,0.0,0.0,0.0,inf,inf,inf,inf,inf,1,1,1,1,0,0,0,0,0,0,1,1,0,0,0,0
1777225950365000,0,1777225642797000,47.397742,8.545594,0.0,-0.01505368,10.898001,0.0,0.0,0.0,0.0,0.0,-1.8399999,0.0,0.0,0.0,0.0,-0.032,-0.018000001,-1.102,0.024496567,0.0,0.0,0.0,0.0,0.0,0.0,0.0,0.0,0.0,0.0,0.0,0.0,inf,inf,inf,inf,inf,1,1,1,1,0,0,0,0,0,0,1,1,0,0,0,0
1777225950389000,0,1777225642797000,47.397742,8.545594,0.0,-0.02258052,10.943001,0.0,0.0,0.0,0.0,0.0,-1.87,0.0,0.0,0.0,0.0,-0.031000001,-0.020000001,-1.0940001,0.024500582,0.0,0.0,0.0,0.0,0.0,0.0,0.0,0.0,0.0,0.0,0.0,0.0,inf,inf,inf,inf,inf,1,1,1,1,0,0,0,0,0,0,1,1,0,0,0,0
1777225950405000,0,1777225642797000,47.397742,8.545594,0.011119492,-0.01505368,10.973001,0.0,0.0,0.0,0.0,0.0,-1.89,0.0,0.0,0.0,0.0,-0.031000001,-0.017,-0.93000007,0.024500899,0.0,0.0,0.0,0.0,0.0,0.0,0.0,0.0,0.0,0.0,0.0,0.0,inf,inf,inf,inf,inf,1,1,1,1,0,0,0,0,0,0,1,1,0,0,0,0
1777225950429000,0,1777225642797000,47.397742,8.545594,0.011119492,-0.00752684,11.019,0.0,0.0,0.0,0.0,0.0,-1.91,0.0,0.0,0.0,0.0,-0.028,-0.017,-0.86200005,0.024499753,0.0,0.0,0.0,0.0,0.0,0.0,0.0,0.0,0.0,0.0,0.0,0.0,inf,inf,inf,inf,inf,1,1,1,1,0,0,0,0,0,0,1,1,0,0,0,0
1777225950445000,0,1777225642797000,47.397742,8.545594,0.011119492,-0.00752684,11.049001,0.0,0.0,0.0,0.0,0.0,-1.92,0.0,0.0,0.0,0.0,-0.025,-0.015000001,-0.74700004,0.02449879,0.0,0.0,0.0,0.0,0.0,0.0,0.0,0.0,0.0,0.0,0.0,0.0,inf,inf,inf,inf,inf,1,1,1,1,0,0,0,0,0,0,1,1,0,0,0,0
1777225950469000,0,1777225642797000,47.397742,8.545594,0.011119492,0.0,11.096001,0.0,0.0,0.0,0.0,0.0,-1.9399999,0.0,0.0,0.0,0.0,-0.025,-0.014,-0.73300004,0.024496684,0.0,0.0,0.0,0.0,0.0,0.0,0.0,0.0,0.0,0.0,0.0,0.0,inf,inf,inf,inf,inf,1,1,1,1,0,0,0,0,0,0,1,1,0,0,0,0
1777225950485000,0,1777225642797000,47.397742,8.545594,0.011119492,-0.00752684,11.127001,0.0,0.0,0.0,0.0,0.0,-1.9499999,0.0,0.0,0.0,0.0,-0.024,-0.011000001,-0.61300004,0.024494339,0.0,0.0,0.0,0.0,0.0,0.0,0.0,0.0,0.0,0.0,0.0,0.0,inf,inf,inf,inf,inf,1,1,1,1,0,0,0,0,0,0,1,1,0,0,0,0
1777225950509000,0,1777225642797000,47.397742,8.545594,0.011119492,-0.01505368,11.174001,0.0,0.0,0.0,0.0,0.0,-1.9599999,0.0,0.0,0.0,0.0,-0.023000002,-0.011000001,-0.55600005,0.024490017,0.0,0.0,0.0,0.0,0.0,0.0,0.0,0.0,0.0,0.0,0.0,0.0,inf,inf,inf,inf,inf,1,1,1,1,0,0,0,0,0,0,1,1,0,0,0,0
1777225950525000,0,1777225642797000,47.397742,8.545594,0.011119492,-0.01505368,11.206,0.0,0.0,0.0,0.0,0.0,-1.9699999,0.0,0.0,0.0,0.0,-0.021000002,-0.010000001,-0.409,0.024484873,0.0,0.0,0.0,0.0,0.0,0.0,0.0,0.0,0.0,0.0,0.0,0.0,inf,inf,inf,inf,inf,1,1,1,1,0,0,0,0,0,0,1,1,0,0,0,0
1777225950549000,0,1777225642797000,47.397742,8.545594,0.011119492,-0.01505368,11.253,0.0,0.0,0.0,0.0,0.0,-1.9799999,0.0,0.0,0.0,0.0,-0.023000002,-0.012,-0.381,0.02447175,0.0,0.0,0.0,0.0,0.0,0.0,0.0,0.0,0.0,0.0,0.0,0.0,inf,inf,inf,inf,inf,1,1,1,1,0,0,0,0,0,0,1,1,0,0,0,0
1777225950565000,0,1777225642797000,47.397742,8.545594,0.011119492,-0.01505368,11.285001,0.0,0.0,0.0,0.0,0.0,-1.9799999,0.0,0.0,0.0,0.0,-0.023000002,-0.012,-0.25,0.024459794,0.0,0.0,0.0,0.0,0.0,0.0,0.0,0.0,0.0,0.0,0.0,0.0,inf,inf,inf,inf,inf,1,1,1,1,0,0,0,0,0,0,1,1,0,0,0,0
1777225950589000,0,1777225642797000,47.397742,8.545594,0.011119492,-0.00752684,11.333,0.0,0.0,0.0,0.0,0.0,-1.99,0.0,0.0,0.0,0.0,-0.021000002,-0.013,-0.21400002,0.024435153,0.0,0.0,0.0,0.0,0.0,0.0,0.0,0.0,0.0,0.0,0.0,0.0,inf,inf,inf,inf,inf,1,1,1,1,0,0,0,0,0,0,1,1,0,0,0,0
1777225950605000,0,1777225642797000,47.397742,8.545594,0.0,-0.00752684,11.365001,0.0,0.0,0.0,0.0,0.0,-1.99,0.0,0.0,0.0,0.0,-0.021000002,-0.013,-0.093,0.02441492,0.0,0.0,0.0,0.0,0.0,0.0,0.0,0.0,0.0,0.0,0.0,0.0,inf,inf,inf,inf,inf,1,1,1,1,0,0,0,0,0,0,1,1,0,0,0,0
1777225950629000,0,1777225642797000,47.397742,8.545594,0.011119492,-0.00752684,11.413,0.0,0.0,0.0,0.0,0.0,-1.99,0.0,0.0,0.0,0.0,-0.021000002,-0.013,-0.049000002,0.024380662,0.0,0.0,0.0,0.0,0.0,0.0,0.0,0.0,0.0,0.0,0.0,0.0,inf,inf,inf,inf,inf,1,1,1,1,0,0,0,0,0,0,1,1,0,0,0,0
1777225950645000,0,1777225642797000,47.397742,8.545594,0.011119492,-0.01505368,11.445001,0.0,0.0,0.0,0.0,0.0,-1.99,0.0,0.0,0.0,0.0,-0.021000002,-0.014,0.066,0.024355594,0.0,0.0,0.0,0.0,0.0,0.0,0.0,0.0,0.0,0.0,0.0,0.0,inf,inf,inf,inf,inf,1,1,1,1,0,0,0,0,0,0,1,1,0,0,0,0
1777225950661000,0,1777225642797000,47.397742,8.545594,0.011119492,-0.01505368,11.477,0.0,0.0,0.0,0.0,0.0,-1.99,0.0,0.0,0.0,0.0,-0.019000001,-0.013,0.105000004,0.024328131,0.0,0.0,0.0,0.0,0.0,0.0,0.0,0.0,0.0,0.0,0.0,0.0,inf,inf,inf,inf,inf,1,1,1,1,0,0,0,0,0,0,1,1,0,0,0,0
1777225950685000,0,1777225642797000,47.397742,8.545594,0.0,-0.00752684,11.524,0.0,0.0,0.0,0.0,0.0,-1.99,0.0,0.0,0.0,0.0,-0.017,-0.013,0.22600001,0.024281261,0.0,0.0,0.0,0.0,0.0,0.0,0.0,0.0,0.0,0.0,0.0,0.0,inf,inf,inf,inf,inf,1,1,1,1,0,0,0,0,0,0,1,1,0,0,0,0
1777225950709000,0,1777225642797000,47.397742,8.545594,0.011119492,-0.01505368,11.5720005,0.0,0.0,0.0,0.0,0.0,-1.9799999,0.0,0.0,0.0,0.0,-0.018000001,-0.016,0.286,0.024230078,0.0,0.0,0.0,0.0,0.0,0.0,0.0,0.0,0.0,0.0,0.0,0.0,inf,inf,inf,inf,inf,1,1,1,1,0,0,0,0,0,0,1,1,0,0,0,0
1777225950725000,0,1777225642797000,47.397742,8.545594,0.011119492,0.0,11.604,0.0,0.0,0.0,0.0,0.0,-1.9799999,0.0,0.0,0.0,0.0,-0.017,-0.017,0.38700002,0.024193965,0.0,0.0,0.0,0.0,0.0,0.0,0.0,0.0,0.0,0.0,0.0,0.0,inf,inf,inf,inf,inf,1,1,1,1,0,0,0,0,0,0,1,1,0,0,0,0
1777225950749000,0,1777225642797000,47.397742,8.545594,-0.011119492,0.0,11.652,0.0,0.0,0.0,0.0,0.0,-1.9699999,0.0,0.0,0.0,0.0,-0.016,-0.019000001,0.45200002,0.02413517,0.0,0.0,0.0,0.0,0.0,0.0,0.0,0.0,0.0,0.0,0.0,0.0,inf,inf,inf,inf,inf,1,1,1,1,0,0,0,0,0,0,1,1,0,0,0,0
1777225950765000,0,1777225642797000,47.397742,8.545594,0.0,0.0,11.683001,0.0,0.0,0.0,0.0,0.0,-1.9599999,0.0,0.0,0.0,0.0,-0.015000001,-0.018000001,0.544,0.024093665,0.0,0.0,0.0,0.0,0.0,0.0,0.0,0.0,0.0,0.0,0.0,0.0,inf,inf,inf,inf,inf,1,1,1,1,0,0,0,0,0,0,1,1,0,0,0,0
1777225950789000,0,1777225642797000,47.397742,8.545594,0.0,0.0,11.7300005,0.0,0.0,0.0,0.0,0.0,-1.9399999,0.0,0.0,0.0,0.0,-0.015000001,-0.019000001,0.62200004,0.02403035,0.0,0.0,0.0,0.0,0.0,0.0,0.0,0.0,0.0,0.0,0.0,0.0,inf,inf,inf,inf,inf,1,1,1,1,0,0,0,0,0,0,1,1,0,0,0,0
1777225950805000,0,1777225642797000,47.397742,8.545594,0.0,0.0,11.761001,0.0,0.0,0.0,0.0,0.0,-1.93,0.0,0.0,0.0,0.0,-0.013,-0.015000001,0.70100003,0.023986567,0.0,0.0,0.0,0.0,0.0,0.0,0.0,0.0,0.0,0.0,0.0,0.0,inf,inf,inf,inf,inf,1,1,1,1,0,0,0,0,0,0,1,1,0,0,0,0
1777225950829000,0,1777225642797000,47.397742,8.545594,0.0,-0.01505368,11.807,0.0,0.0,0.0,0.0,0.0,-1.92,0.0,0.0,0.0,0.0,-0.019000001,-0.018000001,0.78800005,0.023919243,0.0,0.0,0.0,0.0,0.0,0.0,0.0,0.0,0.0,0.0,0.0,0.0,inf,inf,inf,inf,inf,1,1,1,1,0,0,0,0,0,0,1,1,0,0,0,0
1777225950845000,0,1777225642797000,47.397742,8.545594,0.0,-0.01505368,11.838,0.0,0.0,0.0,0.0,0.0,-1.9,0.0,0.0,0.0,0.0,-0.019000001,-0.020000001,0.85700005,0.023876023,0.0,0.0,0.0,0.0,0.0,0.0,0.0,0.0,0.0,0.0,0.0,0.0,inf,inf,inf,inf,inf,1,1,1,1,0,0,0,0,0,0,1,1,0,0,0,0
1777225950869000,0,1777225642797000,47.397742,8.545594,0.0,0.0,11.884001,0.0,0.0,0.0,0.0,0.0,-1.88,0.0,0.0,0.0,0.0,-0.018000001,-0.019000001,0.96000004,0.023814173,0.0,0.0,0.0,0.0,0.0,0.0,0.0,0.0,0.0,0.0,0.0,0.0,inf,inf,inf,inf,inf,1,1,1,1,0,0,0,0,0,0,1,1,0,0,0,0
1777225950885000,0,1777225642797000,47.397742,8.545594,0.0,0.0,11.9140005,0.0,0.0,0.0,0.0,0.0,-1.86,0.0,0.0,0.0,0.0,-0.017,-0.017,1.0150001,0.023775494,0.0,0.0,0.0,0.0,0.0,0.0,0.0,0.0,0.0,0.0,0.0,0.0,inf,inf,inf,inf,inf,1,1,1,1,0,0,0,0,0,0,1,1,0,0,0,0
1777225950909000,0,1777225642797000,47.397742,8.545594,-0.011119492,0.00752684,11.958,0.0,0.0,0.0,0.0,0.0,-1.8399999,0.0,0.0,0.0,0.0,-0.016,-0.015000001,1.1240001,0.023722205,0.0,0.0,0.0,0.0,0.0,0.0,0.0,0.0,0.0,0.0,0.0,0.0,inf,inf,inf,inf,inf,1,1,1,1,0,0,0,0,0,0,1,1,0,0,0,0
1777225950925000,0,1777225642797000,47.397742,8.545594,-0.011119492,0.0,11.988001,0.0,0.0,0.0,0.0,0.0,-1.8199999,0.0,0.0,0.0,0.0,-0.015000001,-0.014,1.1700001,0.023688588,0.0,0.0,0.0,0.0,0.0,0.0,0.0,0.0,0.0,0.0,0.0,0.0,inf,inf,inf,inf,inf,1,1,1,1,0,0,0,0,0,0,1,1,0,0,0,0
1777225950949000,0,1777225642797000,47.397742,8.545594,-0.011119492,0.00752684,12.031,0.0,0.0,0.0,-0.01,0.0,-1.79,0.0,0.0,0.0,0.0,-0.018000001,-0.013,1.2850001,0.02363978,0.0,0.0,0.0,0.0,0.0,0.0,0.0,0.0,0.0,0.0,0.0,0.0,inf,inf,inf,inf,inf,1,1,1,1,0,0,0,0,0,0,1,1,0,0,0,0
1777225950965000,0,1777225642797000,47.397742,8.545594,-0.011119492,0.0,12.06,0.0,0.0,0.0,-0.01,0.0,-1.77,0.0,0.0,0.0,0.0,-0.018000001,-0.013,1.327,0.023609348,0.0,0.0,0.0,0.0,0.0,0.0,0.0,0.0,0.0,0.0,0.0,0.0,inf,inf,inf,inf,inf,1,1,1,1,0,0,0,0,0,0,1,1,0,0,0,0
1777225950989000,0,1777225642797000,47.397742,8.545594,0.0,-0.00752684,12.102,0.0,0.0,0.0,-0.01,0.0,-1.73,0.0,0.0,0.0,0.0,-0.018000001,-0.011000001,1.4560001,0.02356619,0.0,0.0,0.0,0.0,0.0,0.0,0.0,0.0,0.0,0.0,0.0,0.0,inf,inf,inf,inf,inf,1,1,1,1,0,0,0,0,0,0,1,1,0,0,0,0
1777225951005000,0,1777225642797000,47.397742,8.545594,0.0,0.0,12.13,0.0,0.0,0.0,-0.01,0.0,-1.7099999,0.0,0.0,0.0,0.0,-0.019000001,-0.011000001,1.488,0.0235393,0.0,0.0,0.0,0.0,0.0,0.0,0.0,0.0,0.0,0.0,0.0,0.0,inf,inf,inf,inf,inf,1,1,1,1,0,0,0,0,0,0,1,1,0,0,0,0
1777225951021000,0,1777225642797000,47.397742,8.545594,0.011119492,0.0,12.157001,0.0,0.0,0.0,-0.01,0.0,-1.6899999,0.0,0.0,0.0,0.0,-0.019000001,-0.010000001,1.519,0.02351476,0.0,0.0,0.0,0.0,0.0,0.0,0.0,0.0,0.0,0.0,0.0,0.0,inf,inf,inf,inf,inf,1,1,1,1,0,0,0,0,0,0,1,1,0,0,0,0
1777225951045000,0,1777225642797000,47.397742,8.545594,0.011119492,0.01505368,12.1970005,0.0,0.0,0.0,-0.01,0.0,-1.65,0.0,0.0,0.0,0.0,-0.020000001,-0.011000001,1.5150001,0.023481656,0.0,0.0,0.0,0.0,0.0,0.0,0.0,0.0,0.0,0.0,0.0,0.0,inf,inf,inf,inf,inf,1,1,1,1,0,0,0,0,0,0,1,1,0,0,0,0
1777225951069000,0,1777225642797000,47.397742,8.545594,0.0,0.00752684,12.237,0.0,0.0,0.0,-0.01,0.0,-1.62,0.0,0.0,0.0,0.0,-0.020000001,-0.009000001,1.4180001,0.02344817,0.0,0.0,0.0,0.0,0.0,0.0,0.0,0.0,0.0,0.0,0.0,0.0,inf,inf,inf,inf,inf,1,1,1,1,0,0,0,0,0,0,1,1,0,0,0,0
1777225951085000,0,1777225642797000,47.397742,8.545594,-0.011119492,0.01505368,12.2630005,0.0,0.0,0.0,-0.01,0.0,-1.5899999,0.0,0.0,0.0,0.0,-0.019000001,-0.006,1.419,0.023425322,0.0,0.0,0.0,0.0,0.0,0.0,0.0,0.0,0.0,0.0,0.0,0.0,inf,inf,inf,inf,inf,1,1,1,1,0,0,0,0,0,0,1,1,0,0,0,0
1777225951109000,0,1777225642797000,47.397742,8.545594,-0.011119492,0.01505368,12.301001,0.0,0.0,0.0,-0.01,0.0,-1.56,0.0,0.0,0.0,0.0,-0.020000001,-0.007,1.3330001,0.02339304,0.0,0.0,0.0,0.0,0.0,0.0,0.0,0.0,0.0,0.0,0.0,0.0,inf,inf,inf,inf,inf,1,1,1,1,0,0,0,0,0,0,1,1,0,0,0,0
1777225951125000,0,1777225642797000,47.397742,8.545594,-0.011119492,0.01505368,12.325001,0.0,0.0,0.0,-0.01,0.0,-1.54,0.0,0.0,0.0,0.0,-0.020000001,-0.006,1.3310001,0.02337324,0.0,0.0,0.0,0.0,0.0,0.0,0.0,0.0,0.0,0.0,0.0,0.0,inf,inf,inf,inf,inf,1,1,1,1,0,0,0,0,0,0,1,1,0,0,0,0
1777225951141000,0,1777225642797000,47.397742,8.545594,-0.011119492,0.01505368,12.35,0.0,0.0,0.0,-0.01,0.0,-1.52,0.0,0.0,0.0,0.0,-0.020000001,-0.007,1.279,0.02335494,0.0,0.0,0.0,0.0,0.0,0.0,0.0,0.0,0.0,0.0,0.0,0.0,inf,inf,inf,inf,inf,1,1,1,1,0,0,0,0,0,0,1,1,0,0,0,0
1777225951165000,0,1777225642797000,47.397742,8.545594,-0.022238987,0.00752684,12.386001,0.0,0.0,0.0,-0.01,0.0,-1.49,0.0,0.0,0.0,0.0,-0.021000002,-0.006,1.2490001,0.02333147,0.0,0.0,0.0,0.0,0.0,0.0,0.0,0.0,0.0,0.0,0.0,0.0,inf,inf,inf,inf,inf,1,1,1,1,0,0,0,0,0,0,1,1,0,0,0,0
1777225951189000,0,1777225642797000,47.397742,8.545594,-0.022238987,0.0,12.422001,0.0,0.0,0.0,-0.01,0.0,-1.4599999,0.0,0.0,0.0,0.0,-0.021000002,-0.006,1.166,0.023312364,0.0,0.0,0.0,0.0,0.0,0.0,0.0,0.0,0.0,0.0,0.0,0.0,inf,inf,inf,inf,inf,1,1,1,1,0,0,0,0,0,0,1,1,0,0,0,0
1777225951205000,0,1777225642797000,47.397742,8.545594,-0.011119492,-0.00752684,12.445001,0.0,0.0,0.0,-0.01,0.0,-1.4399999,0.0,0.0,0.0,0.0,-0.021000002,-0.003,1.176,0.023301812,0.0,0.0,0.0,0.0,0.0,0.0,0.0,0.0,0.0,0.0,0.0,0.0,inf,inf,inf,inf,inf,1,1,1,1,0,0,0,0,0,0,1,1,0,0,0,0
1777225951229000,0,1777225642797000,47.397742,8.545594,0.0,0.0,12.4800005,0.0,0.0,0.0,-0.01,0.0,-1.41,0.0,0.0,0.0,0.0,-0.021000002,-0.002,1.0940001,0.023289168,0.0,0.0,0.0,0.0,0.0,0.0,0.0,0.0,0.0,0.0,0.0,0.0,inf,inf,inf,inf,inf,1,1,1,1,0,0,0,0,0,0,1,1,0,0,0,0
1777225951245000,0,1777225642797000,47.397742,8.545594,0.0,0.0,12.502001,0.0,0.0,0.0,-0.01,0.0,-1.4,0.0,0.0,0.0,0.0,-0.019000001,-0.002,1.1010001,0.023282923,0.0,0.0,0.0,0.0,0.0,0.0,0.0,0.0,0.0,0.0,0.0,0.0,inf,inf,inf,inf,inf,1,1,1,1,0,0,0,0,0,0,1,1,0,0,0,0
1777225951269000,0,1777225642797000,47.397742,8.545594,-0.011119492,-0.01505368,12.536,0.0,0.0,0.0,-0.01,0.0,-1.37,0.0,0.0,0.0,0.0,-0.020000001,-0.001,1.019,0.023277545,0.0,0.0,0.0,0.0,0.0,0.0,0.0,0.0,0.0,0.0,0.0,0.0,inf,inf,inf,inf,inf,1,1,1,1,0,0,0,0,0,0,1,1,0,0,0,0
1777225951285000,0,1777225642797000,47.397742,8.545594,0.0,-0.00752684,12.558001,0.0,0.0,0.0,-0.01,0.0,-1.36,0.0,0.0,0.0,0.0,-0.021000002,-0.001,1.029,0.02327692,0.0,0.0,0.0,0.0,0.0,0.0,0.0,0.0,0.0,0.0,0.0,0.0,inf,inf,inf,inf,inf,1,1,1,1,0,0,0,0,0,0,1,1,0,0,0,0
1777225951309000,0,1777225642797000,47.397742,8.545594,0.011119492,-0.00752684,12.59,0.0,0.0,0.0,-0.01,0.0,-1.3299999,0.0,0.0,0.0,0.0,-0.020000001,-0.001,0.96000004,0.023275297,0.0,0.0,0.0,0.0,0.0,0.0,0.0,0.0,0.0,0.0,0.0,0.0,inf,inf,inf,inf,inf,1,1,1,1,0,0,0,0,0,0,1,1,0,0,0,0
1777225951325000,0,1777225642797000,47.397742,8.545594,0.0,-0.00752684,12.611001,0.0,0.0,0.0,-0.01,0.0,-1.3199999,0.0,0.0,0.0,0.0,-0.020000001,-0.001,0.975,0.023270233,0.0,0.0,0.0,0.0,0.0,0.0,0.0,0.0,0.0,0.0,0.0,0.0,inf,inf,inf,inf,inf,1,1,1,1,0,0,0,0,0,0,1,1,0,0,0,0
1777225951341000,0,1777225642797000,47.397742,8.545594,0.0,-0.00752684,12.632001,0.0,0.0,0.0,-0.01,0.0,-1.3,0.0,0.0,0.0,0.0,-0.020000001,0.0,0.93200004,0.023261942,0.0,0.0,0.0,0.0,0.0,0.0,0.0,0.0,0.0,0.0,0.0,0.0,inf,inf,inf,inf,inf,1,1,1,1,0,0,0,0,0,0,1,1,0,0,0,0
1777225951365000,0,1777225642797000,47.397742,8.545594,0.0,-0.01505368,12.663001,0.0,0.0,0.0,-0.01,0.0,-1.28,0.0,0.0,0.0,0.0,-0.019000001,0.0,0.92100006,0.023242347,0.0,0.0,0.0,0.0,0.0,0.0,0.0,0.0,0.0,0.0,0.0,0.0,inf,inf,inf,inf,inf,1,1,1,1,0,0,0,0,0,0,1,1,0,0,0,0
1777225951381000,0,1777225642797000,47.397742,8.545594,0.0,-0.00752684,12.684001,0.0,0.0,0.0,-0.01,0.0,-1.27,0.0,0.0,0.0,0.0,-0.018000001,0.0,0.878,0.023225546,0.0,0.0,0.0,0.0,0.0,0.0,0.0,0.0,0.0,0.0,0.0,0.0,inf,inf,inf,inf,inf,1,1,1,1,0,0,0,0,0,0,1,1,0,0,0,0
1777225951405000,0,1777225642797000,47.397742,8.545594,-0.011119492,0.0,12.714001,0.0,0.0,0.0,-0.01,0.0,-1.24,0.0,0.0,0.0,0.0,-0.017,0.002,0.87100005,0.02319455,0.0,0.0,0.0,0.0,0.0,0.0,0.0,0.0,0.0,0.0,0.0,0.0,inf,inf,inf,inf,inf,1,1,1,1,0,0,0,0,0,0,1,1,0,0,0,0
1777225951429000,0,1777225642797000,47.397742,8.545594,-0.011119492,0.0,12.744,0.0,0.0,0.0,-0.01,0.0,-1.23,0.0,0.0,0.0,0.0,-0.016,0.004,0.80100006,0.023158535,0.0,0.0,0.0,0.0,0.0,0.0,0.0,0.0,0.0,0.0,0.0,0.0,inf,inf,inf,inf,inf,1,1,1,1,0,0,0,0,0,0,1,1,0,0,0,0
1777225951445000,0,1777225642797000,47.397742,8.545594,-0.011119492,0.00752684,12.764001,0.0,0.0,0.0,-0.02,0.0,-1.2099999,0.0,0.0,0.0,0.0,-0.015000001,0.004,0.822,0.023132622,0.0,0.0,0.0,0.0,0.0,0.0,0.0,0.0,0.0,0.0,0.0,0.0,inf,inf,inf,inf,inf,1,1,1,1,0,0,0,0,0,0,1,1,0,0,0,0
1777225951469000,0,1777225642797000,47.397742,8.545594,0.0,0.0,12.793,0.0,0.0,0.0,-0.02,0.0,-1.1899999,0.0,0.0,0.0,0.0,-0.016,0.003,0.757,0.02309299,0.0,0.0,0.0,0.0,0.0,0.0,0.0,0.0,0.0,0.0,0.0,0.0,inf,inf,inf,inf,inf,1,1,1,1,0,0,0,0,0,0,1,1,0,0,0,0
1777225951485000,0,1777225642797000,47.397742,8.545594,0.0,0.0,12.812,0.0,0.0,0.0,-0.02,0.0,-1.18,0.0,0.0,0.0,0.0,-0.017,0.002,0.776,0.023066588,0.0,0.0,0.0,0.0,0.0,0.0,0.0,0.0,0.0,0.0,0.0,0.0,inf,inf,inf,inf,inf,1,1,1,1,0,0,0,0,0,0,1,1,0,0,0,0
1777225951509000,0,1777225642797000,47.397742,8.545594,-0.011119492,0.0,12.84,0.0,0.0,0.0,-0.02,0.0,-1.16,0.0,0.0,0.0,0.0,-0.015000001,0.002,0.71900004,0.023028025,0.0,0.0,0.0,0.0,0.0,0.0,0.0,0.0,0.0,0.0,0.0,0.0,inf,inf,inf,inf,inf,1,1,1,1,0,0,0,0,0,0,1,1,0,0,0,0
1777225951525000,0,1777225642797000,47.397742,8.545594,-0.011119492,0.0,12.859,0.0,0.0,0.0,-0.02,0.0,-1.15,0.0,0.0,0.0,0.0,-0.014,0.003,0.744,0.023003653,0.0,0.0,0.0,0.0,0.0,0.0,0.0,0.0,0.0,0.0,0.0,0.0,inf,inf,inf,inf,inf,1,1,1,1,0,0,0,0,0,0,1,1,0,0,0,0
1777225951541000,0,1777225642797000,47.397742,8.545594,-0.011119492,-0.00752684,12.877001,0.0,0.0,0.0,-0.02,0.0,-1.14,0.0,0.0,0.0,0.0,-0.015000001,0.003,0.71000004,0.022980897,0.0,0.0,0.0,0.0,0.0,0.0,0.0,0.0,0.0,0.0,0.0,0.0,inf,inf,inf,inf,inf,1,1,1,1,0,0,0,0,0,0,1,1,0,0,0,0
1777225951565000,0,1777225642797000,47.397742,8.545594,-0.022238987,0.00752684,12.904,0.0,0.0,0.0,-0.02,0.0,-1.12,0.0,0.0,0.0,0.0,-0.012,0.003,0.707,0.022948757,0.0,0.0,0.0,0.0,0.0,0.0,0.0,0.0,0.0,0.0,0.0,0.0,inf,inf,inf,inf,inf,1,1,1,1,0,0,0,0,0,0,1,1,0,0,0,0
1777225951581000,0,1777225642797000,47.397742,8.545594,-0.011119492,0.01505368,12.922001,0.0,0.0,0.0,-0.02,0.0,-1.11,0.0,0.0,0.0,0.0,-0.011000001,0.002,0.674,0.022928396,0.0,0.0,0.0,0.0,0.0,0.0,0.0,0.0,0.0,0.0,0.0,0.0,inf,inf,inf,inf,inf,1,1,1,1,0,0,0,0,0,0,1,1,0,0,0,0
1777225951605000,0,1777225642797000,47.397742,8.545594,-0.022238987,0.00752684,12.949,0.0,0.0,0.0,-0.02,0.0,-1.1,0.0,0.0,0.0,0.0,-0.011000001,0.003,0.67700005,0.022897733,0.0,0.0,0.0,0.0,0.0,0.0,0.0,0.0,0.0,0.0,0.0,0.0,inf,inf,inf,inf,inf,1,1,1,1,0,0,0,0,0,0,1,1,0,0,0,0
1777225951629000,0,1777225642797000,47.397742,8.545594,-0.022238987,0.0,12.975,0.0,0.0,0.0,-0.02,0.0,-1.0799999,0.0,0.0,0.0,0.0,-0.008,0.003,0.629,0.02286656,0.0,0.0,0.0,0.0,0.0,0.0,0.0,0.0,0.0,0.0,0.0,0.0,inf,inf,inf,inf,inf,1,1,1,1,0,0,0,0,0,0,1,1,0,0,0,0
1777225951645000,0,1777225642797000,47.397742,8.545594,-0.011119492,-0.00752684,12.993001,0.0,0.0,0.0,-0.02,0.0,-1.0699999,0.0,0.0,0.0,0.0,-0.009000001,0.001,0.65400004,0.022846183,0.0,0.0,0.0,0.0,0.0,0.0,0.0,0.0,0.0,0.0,0.0,0.0,inf,inf,inf,inf,inf,1,1,1,1,0,0,0,0,0,0,1,1,0,0,0,0
1777225951669000,0,1777225642797000,47.397742,8.545594,-0.011119492,-0.00752684,13.018001,0.0,0.0,0.0,-0.02,0.0,-1.06,0.0,0.0,0.0,0.0,-0.007,0.0,0.605,0.022817807,0.0,0.0,0.0,0.0,0.0,0.0,0.0,0.0,0.0,0.0,0.0,0.0,inf,inf,inf,inf,inf,1,1,1,1,0,0,0,0,0,0,1,1,0,0,0,0
1777225951685000,0,1777225642797000,47.397742,8.545594,-0.022238987,-0.00752684,13.035001,0.0,0.0,0.0,-0.02,0.0,-1.05,0.0,0.0,0.0,0.0,-0.007,-0.001,0.63100004,0.022799939,0.0,0.0,0.0,0.0,0.0,0.0,0.0,0.0,0.0,0.0,0.0,0.0,inf,inf,inf,inf,inf,1,1,1,1,0,0,0,0,0,0,1,1,0,0,0,0
1777225951709000,0,1777225642797000,47.397742,8.545594,-0.022238987,0.0,13.06,0.0,0.0,0.0,-0.02,0.0,-1.03,0.0,0.0,0.0,0.0,-0.008,-0.003,0.591,0.022773542,0.0,0.0,0.0,0.0,0.0,0.0,0.0,0.0,0.0,0.0,0.0,0.0,inf,inf,inf,inf,inf,1,1,1,1,0,0,0,0,0,0,1,1,0,0,0,0
1777225951725000,0,1777225642797000,47.397742,8.545594,-0.033358477,0.0,13.077001,0.0,0.0,0.0,-0.02,0.0,-1.02,0.0,0.0,0.0,0.0,-0.0050000004,-0.003,0.61600006,0.022755357,0.0,0.0,0.0,0.0,0.0,0.0,0.0,0.0,0.0,0.0,0.0,0.0,inf,inf,inf,inf,inf,1,1,1,1,0,0,0,0,0,0,1,1,0,0,0,0
1777225951749000,0,1777225642797000,47.397742,8.545594,-0.033358477,0.0,13.101001,0.0,0.0,0.0,-0.02,0.0,-1.01,0.0,0.0,0.0,0.0,-0.0050000004,-0.004,0.569,0.02272771,0.0,0.0,0.0,0.0,0.0,0.0,0.0,0.0,0.0,0.0,0.0,0.0,inf,inf,inf,inf,inf,1,1,1,1,0,0,0,0,0,0,1,1,0,0,0,0
1777225951765000,0,1777225642797000,47.397742,8.545594,-0.033358477,-0.00752684,13.118001,0.0,0.0,0.0,-0.02,0.0,-1.0,0.0,0.0,0.0,0.0,-0.0050000004,-0.002,0.59300005,0.02271001,0.0,0.0,0.0,0.0,0.0,0.0,0.0,0.0,0.0,0.0,0.0,0.0,inf,inf,inf,inf,inf,1,1,1,1,0,0,0,0,0,0,1,1,0,0,0,0
1777225951789000,0,1777225642797000,47.397742,8.545594,-0.022238987,-0.00752684,13.142,0.0,0.0,0.0,-0.02,0.0,-0.98999995,0.0,0.0,0.0,0.0,-0.002,-0.001,0.55300003,0.022685248,0.0,0.0,0.0,0.0,0.0,0.0,0.0,0.0,0.0,0.0,0.0,0.0,inf,inf,inf,inf,inf,1,1,1,1,0,0,0,0,0,0,1,1,0,0,0,0
1777225951805000,0,1777225642797000,47.397742,8.545594,-0.022238987,0.0,13.157001,0.0,0.0,0.0,-0.02,0.0,-0.97999996,0.0,0.0,0.0,0.0,-0.002,-0.001,0.57600003,0.022670405,0.0,0.0,0.0,0.0,0.0,0.0,0.0,0.0,0.0,0.0,0.0,0.0,inf,inf,inf,inf,inf,1,1,1,1,0,0,0,0,0,0,1,1,0,0,0,0
1777225951829000,0,1777225642797000,47.397742,8.545594,0.0,0.0,13.181001,0.0,0.0,0.0,-0.02,0.0,-0.96,0.0,0.0,0.0,0.0,0.0,0.0,0.54200006,0.022650959,0.0,0.0,0.0,0.0,0.0,0.0,0.0,0.0,0.0,0.0,0.0,0.0,inf,inf,inf,inf,inf,1,1,1,1,0,0,0,0,0,0,1,1,0,0,0,0
1777225951845000,0,1777225642797000,47.397742,8.545594,-0.011119492,0.0,13.196001,0.0,0.0,0.0,-0.02,0.0,-0.95,0.0,0.0,0.0,0.0,0.002,0.0,0.56700003,0.022639051,0.0,0.0,0.0,0.0,0.0,0.0,0.0,0.0,0.0,0.0,0.0,0.0,inf,inf,inf,inf,inf,1,1,1,1,0,0,0,0,0,0,1,1,0,0,0,0
1777225951869000,0,1777225642797000,47.397742,8.545594,-0.011119492,0.0,13.219001,0.0,0.0,0.0,-0.02,0.0,-0.94,0.0,0.0,0.0,0.0,0.0050000004,0.002,0.53000003,0.02262767,0.0,0.0,0.0,0.0,0.0,0.0,0.0,0.0,0.0,0.0,0.0,0.0,inf,inf,inf,inf,inf,1,1,1,1,0,0,0,0,0,0,1,1,0,0,0,0
1777225951885000,0,1777225642797000,47.397742,8.545594,-0.011119492,0.0,13.234,0.0,0.0,0.0,-0.02,0.0,-0.93,0.0,0.0,0.0,0.0,0.006,0.002,0.55700004,0.022623489,0.0,0.0,0.0,0.0,0.0,0.0,0.0,0.0,0.0,0.0,0.0,0.0,inf,inf,inf,inf,inf,1,1,1,1,0,0,0,0,0,0,1,1,0,0,0,0
1777225951901000,0,1777225642797000,47.397742,8.545594,-0.011119492,0.0,13.249001,0.0,0.0,0.0,-0.02,0.0,-0.91999996,0.0,0.0,0.0,0.0,0.007,0.001,0.53300005,0.022620115,0.0,0.0,0.0,0.0,0.0,0.0,0.0,0.0,0.0,0.0,0.0,0.0,inf,inf,inf,inf,inf,1,1,1,1,0,0,0,0,0,0,1,1,0,0,0,0
1777225951925000,0,1777225642797000,47.397742,8.545594,-0.011119492,0.0,13.271001,0.0,0.0,0.0,-0.02,0.0,-0.90999997,0.0,0.0,0.0,0.0,0.010000001,0.001,0.541,0.022615885,0.0,0.0,0.0,0.0,0.0,0.0,0.0,0.0,0.0,0.0,0.0,0.0,inf,inf,inf,inf,inf,1,1,1,1,0,0,0,0,0,0,1,1,0,0,0,0
1777225951949000,0,1777225642797000,47.397742,8.545594,0.011119492,0.0,13.293,0.0,0.0,0.0,-0.02,0.0,-0.9,0.0,0.0,0.0,0.0,0.008,0.0,0.50600004,0.02261294,0.0,0.0,0.0,0.0,0.0,0.0,0.0,0.0,0.0,0.0,0.0,0.0,inf,inf,inf,inf,inf,1,1,1,1,0,0,0,0,0,0,1,1,0,0,0,0
1777225951965000,0,1777225642797000,47.397742,8.545594,0.011119492,-0.00752684,13.308001,0.0,0.0,0.0,-0.02,0.0,-0.89,0.0,0.0,0.0,0.0,0.008,-0.001,0.531,0.022611726,0.0,0.0,0.0,0.0,0.0,0.0,0.0,0.0,0.0,0.0,0.0,0.0,inf,inf,inf,inf,inf,1,1,1,1,0,0,0,0,0,0,1,1,0,0,0,0
1777225951981000,0,1777225642797000,47.397742,8.545594,0.011119492,0.0,13.3220005,0.0,0.0,0.0,-0.02,0.0,-0.88,0.0,0.0,0.0,0.0,0.010000001,-0.003,0.51000005,0.02260977,0.0,0.0,0.0,0.0,0.0,0.0,0.0,0.0,0.0,0.0,0.0,0.0,inf,inf,inf,inf,inf,1,1,1,1,0,0,0,0,0,0,1,1,0,0,0,0
1777225952005000,0,1777225642797000,47.397742,8.545594,0.0,-0.00752684,13.343,0.0,0.0,0.0,-0.02,0.0,-0.87,0.0,0.0,0.0,0.0,0.013,-0.004,0.51600003,0.022604404,0.0,0.0,0.0,0.0,0.0,0.0,0.0,0.0,0.0,0.0,0.0,0.0,inf,inf,inf,inf,inf,1,1,1,1,0,0,0,0,0,0,1,1,0,0,0,0
1777225952029000,0,1777225642797000,47.397742,8.545594,-0.011119492,0.0,13.364,0.0,0.0,0.0,-0.02,0.0,-0.85999995,0.0,0.0,0.0,0.0,0.013,-0.0050000004,0.48200002,0.022594752,0.0,0.0,0.0,0.0,0.0,0.0,0.0,0.0,0.0,0.0,0.0,0.0,inf,inf,inf,inf,inf,1,1,1,1,0,0,0,0,0,0,1,1,0,0,0,0
1777225952045000,0,1777225642797000,47.397742,8.545594,-0.011119492,0.0,13.378,0.0,0.0,0.0,-0.02,0.0,-0.84999996,0.0,0.0,0.0,0.0,0.013,-0.004,0.483,0.022584876,0.0,0.0,0.0,0.0,0.0,0.0,0.0,0.0,0.0,0.0,0.0,0.0,inf,inf,inf,inf,inf,1,1,1,1,0,0,0,0,0,0,1,1,0,0,0,0
1777225952069000,0,1777225642797000,47.397742,8.545594,-0.011119492,-0.00752684,13.398001,0.0,0.0,0.0,-0.02,0.0,-0.84,0.0,0.0,0.0,0.0,0.012,-0.0050000004,0.46800002,0.02256612,0.0,0.0,0.0,0.0,0.0,0.0,0.0,0.0,0.0,0.0,0.0,0.0,inf,inf,inf,inf,inf,1,1,1,1,0,0,0,0,0,0,1,1,0,0,0,0
1777225952085000,0,1777225642797000,47.397742,8.545594,-0.011119492,0.0,13.412001,0.0,0.0,0.0,-0.02,0.0,-0.83,0.0,0.0,0.0,0.0,0.013,-0.0050000004,0.47200003,0.022550745,0.0,0.0,0.0,0.0,0.0,0.0,0.0,0.0,0.0,0.0,0.0,0.0,inf,inf,inf,inf,inf,1,1,1,1,0,0,0,0,0,0,1,1,0,0,0,0
1777225952109000,0,1777225642797000,47.397742,8.545594,-0.011119492,0.0,13.432001,0.0,0.0,0.0,-0.02,0.0,-0.82,0.0,0.0,0.0,0.0,0.012,-0.006,0.45400003,0.022521425,0.0,0.0,0.0,0.0,0.0,0.0,0.0,0.0,0.0,0.0,0.0,0.0,inf,inf,inf,inf,inf,1,1,1,1,0,0,0,0,0,0,1,1,0,0,0,0
1777225952125000,0,1777225642797000,47.397742,8.545594,-0.011119492,0.00752684,13.445001,0.0,0.0,0.0,-0.02,0.0,-0.81,0.0,0.0,0.0,0.0,0.012,-0.006,0.47900003,0.022498066,0.0,0.0,0.0,0.0,0.0,0.0,0.0,0.0,0.0,0.0,0.0,0.0,inf,inf,inf,inf,inf,1,1,1,1,0,0,0,0,0,0,1,1,0,0,0,0
1777225952149000,0,1777225642797000,47.397742,8.545594,-0.011119492,0.01505368,13.464001,0.0,0.0,0.0,-0.02,0.0,-0.79999995,0.0,0.0,0.0,0.0,0.011000001,-0.008,0.44700003,0.022457985,0.0,0.0,0.0,0.0,0.0,0.0,0.0,0.0,0.0,0.0,0.0,0.0,inf,inf,inf,inf,inf,1,1,1,1,0,0,0,0,0,0,1,1,0,0,0,0
1777225952165000,0,1777225642797000,47.397742,8.545594,-0.011119492,0.01505368,13.477,0.0,0.0,0.0,-0.02,0.0,-0.78999996,0.0,0.0,0.0,0.0,0.011000001,-0.010000001,0.46800002,0.022429781,0.0,0.0,0.0,0.0,0.0,0.0,0.0,0.0,0.0,0.0,0.0,0.0,inf,inf,inf,inf,inf,1,1,1,1,0,0,0,0,0,0,1,1,0,0,0,0
1777225952189000,0,1777225642797000,47.397742,8.545594,-0.022238987,0.01505368,13.496,0.0,0.0,0.0,-0.02,0.0,-0.78,0.0,0.0,0.0,0.0,0.013,-0.012,0.43800002,0.022385577,0.0,0.0,0.0,0.0,0.0,0.0,0.0,0.0,0.0,0.0,0.0,0.0,inf,inf,inf,inf,inf,1,1,1,1,0,0,0,0,0,0,1,1,0,0,0,0
1777225952205000,0,1777225642797000,47.397742,8.545594,-0.022238987,0.01505368,13.509001,0.0,0.0,0.0,-0.01,0.0,-0.78,0.0,0.0,0.0,0.0,0.014,-0.012,0.462,0.022356119,0.0,0.0,0.0,0.0,0.0,0.0,0.0,0.0,0.0,0.0,0.0,0.0,inf,inf,inf,inf,inf,1,1,1,1,0,0,0,0,0,0,1,1,0,0,0,0
1777225952221000,0,1777225642797000,47.397742,8.545594,-0.022238987,0.00752684,13.521001,0.0,0.0,0.0,-0.01,0.0,-0.77,0.0,0.0,0.0,0.0,0.013,-0.012,0.44700003,0.0223275,0.0,0.0,0.0,0.0,0.0,0.0,0.0,0.0,0.0,0.0,0.0,0.0,inf,inf,inf,inf,inf,1,1,1,1,0,0,0,0,0,0,1,1,0,0,0,0
1777225952245000,0,1777225642797000,47.397742,8.545594,-0.022238987,0.00752684,13.540001,0.0,0.0,0.0,-0.01,0.0,-0.76,0.0,0.0,0.0,0.0,0.016,-0.011000001,0.45100003,0.022287443,0.0,0.0,0.0,0.0,0.0,0.0,0.0,0.0,0.0,0.0,0.0,0.0,inf,inf,inf,inf,inf,1,1,1,1,0,0,0,0,0,0,1,1,0,0,0,0
1777225952261000,0,1777225642797000,47.397742,8.545594,-0.022238987,0.0,13.552001,0.0,0.0,0.0,-0.01,0.0,-0.75,0.0,0.0,0.0,0.0,0.017,-0.010000001,0.432,0.022261275,0.0,0.0,0.0,0.0,0.0,0.0,0.0,0.0,0.0,0.0,0.0,0.0,inf,inf,inf,inf,inf,1,1,1,1,0,0,0,0,0,0,1,1,0,0,0,0
1777225952285000,0,1777225642797000,47.397742,8.545594,-0.033358477,-0.00752684,13.570001,0.0,0.0,0.0,-0.01,0.0,-0.74,0.0,0.0,0.0,0.0,0.016,-0.009000001,0.43600002,0.022221012,0.0,0.0,0.0,0.0,0.0,0.0,0.0,0.0,0.0,0.0,0.0,0.0,inf,inf,inf,inf,inf,1,1,1,1,0,0,0,0,0,0,1,1,0,0,0,0
1777225952309000,0,1777225642797000,47.397742,8.545594,-0.022238987,0.0,13.588,0.0,0.0,0.0,-0.01,0.0,-0.72999996,0.0,0.0,0.0,0.0,0.016,-0.011000001,0.41200003,0.02217897,0.0,0.0,0.0,0.0,0.0,0.0,0.0,0.0,0.0,0.0,0.0,0.0,inf,inf,inf,inf,inf,1,1,1,1,0,0,0,0,0,0,1,1,0,0,0,0
1777225952325000,0,1777225642797000,47.397742,8.545594,-0.022238987,0.00752684,13.599001,0.0,0.0,0.0,-0.01,0.0,-0.71999997,0.0,0.0,0.0,0.0,0.016,-0.011000001,0.43,0.022151267,0.0,0.0,0.0,0.0,0.0,0.0,0.0,0.0,0.0,0.0,0.0,0.0,inf,inf,inf,inf,inf,1,1,1,1,0,0,0,0,0,0,1,1,0,0,0,0
1777225952341000,0,1777225642797000,47.397742,8.545594,-0.022238987,0.00752684,13.611001,0.0,0.0,0.0,-0.01,0.0,-0.71999997,0.0,0.0,0.0,0.0,0.015000001,-0.012,0.418,0.022124868,0.0,0.0,0.0,0.0,0.0,0.0,0.0,0.0,0.0,0.0,0.0,0.0,inf,inf,inf,inf,inf,1,1,1,1,0,0,0,0,0,0,1,1,0,0,0,0
1777225952365000,0,1777225642797000,47.397742,8.545594,-0.022238987,0.00752684,13.628,0.0,0.0,0.0,-0.01,0.0,-0.71,0.0,0.0,0.0,0.0,0.015000001,-0.011000001,0.42200002,0.022088287,0.0,0.0,0.0,0.0,0.0,0.0,0.0,0.0,0.0,0.0,0.0,0.0,inf,inf,inf,inf,inf,1,1,1,1,0,0,0,0,0,0,1,1,0,0,0,0
1777225952381000,0,1777225642797000,47.397742,8.545594,-0.022238987,-0.00752684,13.64,0.0,0.0,0.0,-0.01,0.0,-0.7,0.0,0.0,0.0,0.0,0.016,-0.011000001,0.409,0.022066232,0.0,0.0,0.0,0.0,0.0,0.0,0.0,0.0,0.0,0.0,0.0,0.0,inf,inf,inf,inf,inf,1,1,1,1,0,0,0,0,0,0,1,1,0,0,0,0
1777225952405000,0,1777225642797000,47.397742,8.545594,-0.033358477,-0.00752684,13.657001,0.0,0.0,0.0,-0.01,0.0,-0.69,0.0,0.0,0.0,0.0,0.018000001,-0.011000001,0.41700003,0.022033725,0.0,0.0,0.0,0.0,0.0,0.0,0.0,0.0,0.0,0.0,0.0,0.0,inf,inf,inf,inf,inf,1,1,1,1,0,0,0,0,0,0,1,1,0,0,0,0
1777225952429000,0,1777225642797000,47.397742,8.545594,-0.033358477,-0.00752684,13.673,0.0,0.0,0.0,-0.01,0.0,-0.68,0.0,0.0,0.0,0.0,0.018000001,-0.011000001,0.386,0.022001661,0.0,0.0,0.0,0.0,0.0,0.0,0.0,0.0,0.0,0.0,0.0,0.0,inf,inf,inf,inf,inf,1,1,1,1,0,0,0,0,0,0,1,1,0,0,0,0
1777225952445000,0,1777225642797000,47.397742,8.545594,-0.033358477,-0.00752684,13.684001,0.0,0.0,0.0,-0.01,0.0,-0.68,0.0,0.0,0.0,0.0,0.018000001,-0.010000001,0.41300002,0.021980496,0.0,0.0,0.0,0.0,0.0,0.0,0.0,0.0,0.0,0.0,0.0,0.0,inf,inf,inf,inf,inf,1,1,1,1,0,0,0,0,0,0,1,1,0,0,0,0
1777225952469000,0,1777225642797000,47.397742,8.545594,-0.033358477,-0.00752684,13.700001,0.0,0.0,0.0,-0.01,0.0,-0.66999996,0.0,0.0,0.0,0.0,0.019000001,-0.010000001,0.381,0.021951612,0.0,0.0,0.0,0.0,0.0,0.0,0.0,0.0,0.0,0.0,0.0,0.0,inf,inf,inf,inf,inf,1,1,1,1,0,0,0,0,0,0,1,1,0,0,0,0
1777225952485000,0,1777225642797000,47.397742,8.545594,-0.033358477,-0.00752684,13.711,0.0,0.0,0.0,-0.01,0.0,-0.65999997,0.0,0.0,0.0,0.0,0.019000001,-0.009000001,0.39900002,0.021934485,0.0,0.0,0.0,0.0,0.0,0.0,0.0,0.0,0.0,0.0,0.0,0.0,inf,inf,inf,inf,inf,1,1,1,1,0,0,0,0,0,0,1,1,0,0,0,0
1777225952501000,0,1777225642797000,47.397742,8.545594,-0.033358477,-0.01505368,13.722001,0.0,0.0,0.0,-0.01,0.0,-0.65,0.0,0.0,0.0,0.0,0.019000001,-0.011000001,0.381,0.021919908,0.0,0.0,0.0,0.0,0.0,0.0,0.0,0.0,0.0,0.0,0.0,0.0,inf,inf,inf,inf,inf,1,1,1,1,0,0,0,0,0,0,1,1,0,0,0,0
1777225952525000,0,1777225642797000,47.397742,8.545594,-0.033358477,-0.00752684,13.738001,0.0,0.0,0.0,-0.01,0.0,-0.65,0.0,0.0,0.0,0.0,0.017,-0.010000001,0.388,0.021901608,0.0,0.0,0.0,0.0,0.0,0.0,0.0,0.0,0.0,0.0,0.0,0.0,inf,inf,inf,inf,inf,1,1,1,1,0,0,0,0,0,0,1,1,0,0,0,0
1777225952549000,0,1777225642797000,47.397742,8.545594,-0.033358477,-0.00752684,13.753,0.0,0.0,0.0,-0.01,0.0,-0.64,0.0,0.0,0.0,0.0,0.019000001,-0.011000001,0.36400002,0.021889761,0.0,0.0,0.0,0.0,0.0,0.0,0.0,0.0,0.0,0.0,0.0,0.0,inf,inf,inf,inf,inf,1,1,1,1,0,0,0,0,0,0,1,1,0,0,0,0
1777225952565000,0,1777225642797000,47.397742,8.545594,-0.033358477,-0.00752684,13.7630005,0.0,0.0,0.0,-0.01,0.0,-0.63,0.0,0.0,0.0,0.0,0.018000001,-0.011000001,0.38200003,0.021884754,0.0,0.0,0.0,0.0,0.0,0.0,0.0,0.0,0.0,0.0,0.0,0.0,inf,inf,inf,inf,inf,1,1,1,1,0,0,0,0,0,0,1,1,0,0,0,0
1777225952581000,0,1777225642797000,47.397742,8.545594,-0.033358477,-0.00752684,13.773001,0.0,0.0,0.0,-0.01,0.0,-0.62,0.0,0.0,0.0,0.0,0.016,-0.012,0.367,0.021880545,0.0,0.0,0.0,0.0,0.0,0.0,0.0,0.0,0.0,0.0,0.0,0.0,inf,inf,inf,inf,inf,1,1,1,1,0,0,0,0,0,0,1,1,0,0,0,0
1777225952605000,0,1777225642797000,47.397742,8.545594,-0.033358477,-0.01505368,13.788001,0.0,0.0,0.0,-0.01,0.0,-0.62,0.0,0.0,0.0,0.0,0.017,-0.013,0.37500003,0.021875538,0.0,0.0,0.0,0.0,0.0,0.0,0.0,0.0,0.0,0.0,0.0,0.0,inf,inf,inf,inf,inf,1,1,1,1,0,0,0,0,0,0,1,1,0,0,0,0
1777225952621000,0,1777225642797000,47.397742,8.545594,-0.04447797,-0.00752684,13.798,0.0,0.0,0.0,-0.01,0.0,-0.61,0.0,0.0,0.0,0.0,0.018000001,-0.014,0.363,0.021871792,0.0,0.0,0.0,0.0,0.0,0.0,0.0,0.0,0.0,0.0,0.0,0.0,inf,inf,inf,inf,inf,1,1,1,1,0,0,0,0,0,0,1,1,0,0,0,0
1777225952645000,0,1777225642797000,47.397742,8.545594,-0.04447797,-0.01505368,13.813001,0.0,0.0,0.0,-0.01,-0.01,-0.59999996,0.0,0.0,0.0,0.0,0.017,-0.013,0.372,0.021864027,0.0,0.0,0.0,0.0,0.0,0.0,0.0,0.0,0.0,0.0,0.0,0.0,inf,inf,inf,inf,inf,1,1,1,1,0,0,0,0,0,0,1,1,0,0,0,0
1777225952669000,0,1777225642797000,47.397742,8.545594,-0.033358477,-0.01505368,13.827001,0.0,0.0,0.0,-0.01,-0.01,-0.59,0.0,0.0,0.0,0.0,0.016,-0.013,0.33900002,0.021853803,0.0,0.0,0.0,0.0,0.0,0.0,0.0,0.0,0.0,0.0,0.0,0.0,inf,inf,inf,inf,inf,1,1,1,1,0,0,0,0,0,0,1,1,0,0,0,0
1777225952685000,0,1777225642797000,47.397742,8.545594,-0.033358477,-0.00752684,13.837001,0.0,0.0,0.0,-0.01,-0.01,-0.59,0.0,0.0,0.0,0.0,0.015000001,-0.013,0.35300002,0.021845592,0.0,0.0,0.0,0.0,0.0,0.0,0.0,0.0,0.0,0.0,0.0,0.0,inf,inf,inf,inf,inf,1,1,1,1,0,0,0,0,0,0,1,1,0,0,0,0
1777225952709000,0,1777225642797000,47.397742,8.545594,-0.033358477,-0.00752684,13.851001,0.0,0.0,0.0,-0.01,-0.01,-0.58,0.0,0.0,0.0,0.0,0.014,-0.014,0.335,0.0218328,0.0,0.0,0.0,0.0,0.0,0.0,0.0,0.0,0.0,0.0,0.0,0.0,inf,inf,inf,inf,inf,1,1,1,1,0,0,0,0,0,0,1,1,0,0,0,0
1777225952725000,0,1777225642797000,47.397742,8.545594,-0.033358477,-0.01505368,13.860001,0.0,0.0,0.0,-0.01,-0.01,-0.57,0.0,0.0,0.0,0.0,0.016,-0.014,0.347,0.021825776,0.0,0.0,0.0,0.0,0.0,0.0,0.0,0.0,0.0,0.0,0.0,0.0,inf,inf,inf,inf,inf,1,1,1,1,0,0,0,0,0,0,1,1,0,0,0,0
1777225952749000,0,1777225642797000,47.397742,8.545594,-0.033358477,-0.01505368,13.874001,0.0,0.0,0.0,-0.01,-0.01,-0.57,0.0,0.0,0.0,0.0,0.014,-0.016,0.32700002,0.021818673,0.0,0.0,0.0,0.0,0.0,0.0,0.0,0.0,0.0,0.0,0.0,0.0,inf,inf,inf,inf,inf,1,1,1,1,0,0,0,0,0,0,1,1,0,0,0,0
1777225952765000,0,1777225642797000,47.397742,8.545594,-0.022238987,-0.02258052,13.883,0.0,0.0,0.0,-0.01,-0.01,-0.56,0.0,0.0,0.0,0.0,0.014,-0.016,0.34300002,0.021815784,0.0,0.0,0.0,0.0,0.0,0.0,0.0,0.0,0.0,0.0,0.0,0.0,inf,inf,inf,inf,inf,1,1,1,1,0,0,0,0,0,0,1,1,0,0,0,0
1777225952789000,0,1777225642797000,47.397742,8.545594,-0.033358477,-0.01505368,13.897,0.0,0.0,0.0,0.0,-0.01,-0.55,0.0,0.0,0.0,0.0,0.013,-0.014,0.319,0.021816002,0.0,0.0,0.0,0.0,0.0,0.0,0.0,0.0,0.0,0.0,0.0,0.0,inf,inf,inf,inf,inf,1,1,1,1,0,0,0,0,0,0,1,1,0,0,0,0
1777225952805000,0,1777225642797000,47.397742,8.545594,-0.022238987,-0.01505368,13.906001,0.0,0.0,0.0,0.0,-0.01,-0.55,0.0,0.0,0.0,0.0,0.014,-0.014,0.33600003,0.021819232,0.0,0.0,0.0,0.0,0.0,0.0,0.0,0.0,0.0,0.0,0.0,0.0,inf,inf,inf,inf,inf,1,1,1,1,0,0,0,0,0,0,1,1,0,0,0,0
1777225952829000,0,1777225642797000,47.397742,8.545594,-0.033358477,-0.01505368,13.919001,0.0,0.0,0.0,0.0,-0.01,-0.53999996,0.0,0.0,0.0,0.0,0.017,-0.013,0.31300002,0.021825744,0.0,0.0,0.0,0.0,0.0,0.0,0.0,0.0,0.0,0.0,0.0,0.0,inf,inf,inf,inf,inf,1,1,1,1,0,0,0,0,0,0,1,1,0,0,0,0
1777225952845000,0,1777225642797000,47.397742,8.545594,-0.033358477,-0.00752684,13.928,0.0,0.0,0.0,0.0,-0.01,-0.53,0.0,0.0,0.0,0.0,0.017,-0.013,0.32500002,0.02183019,0.0,0.0,0.0,0.0,0.0,0.0,0.0,0.0,0.0,0.0,0.0,0.0,inf,inf,inf,inf,inf,1,1,1,1,0,0,0,0,0,0,1,1,0,0,0,0
1777225952869000,0,1777225642797000,47.397742,8.545594,-0.022238987,-0.00752684,13.940001,0.0,0.0,0.0,0.0,-0.01,-0.53,0.0,0.0,0.0,0.0,0.016,-0.012,0.30600002,0.021835921,0.0,0.0,0.0,0.0,0.0,0.0,0.0,0.0,0.0,0.0,0.0,0.0,inf,inf,inf,inf,inf,1,1,1,1,0,0,0,0,0,0,1,1,0,0,0,0
1777225952885000,0,1777225642797000,47.397742,8.545594,-0.022238987,-0.01505368,13.949,0.0,0.0,0.0,0.0,-0.01,-0.52,0.0,0.0,0.0,0.0,0.018000001,-0.011000001,0.31800002,0.021838168,0.0,0.0,0.0,0.0,0.0,0.0,0.0,0.0,0.0,0.0,0.0,0.0,inf,inf,inf,inf,inf,1,1,1,1,0,0,0,0,0,0,1,1,0,0,0,0
1777225952901000,0,1777225642797000,47.397742,8.545594,-0.022238987,-0.01505368,13.957001,0.0,0.0,0.0,0.0,-0.01,-0.52,0.0,0.0,0.0,0.0,0.019000001,-0.012,0.312,0.021839416,0.0,0.0,0.0,0.0,0.0,0.0,0.0,0.0,0.0,0.0,0.0,0.0,inf,inf,inf,inf,inf,1,1,1,1,0,0,0,0,0,0,1,1,0,0,0,0
1777225952925000,0,1777225642797000,47.397742,8.545594,-0.022238987,-0.00752684,13.97,0.0,0.0,0.0,0.0,-0.01,-0.51,0.0,0.0,0.0,0.0,0.018000001,-0.012,0.312,0.02183825,0.0,0.0,0.0,0.0,0.0,0.0,0.0,0.0,0.0,0.0,0.0,0.0,inf,inf,inf,inf,inf,1,1,1,1,0,0,0,0,0,0,1,1,0,0,0,0
1777225952941000,0,1777225642797000,47.397742,8.545594,-0.033358477,0.0,13.978001,0.0,0.0,0.0,0.0,-0.01,-0.5,0.0,0.0,0.0,0.0,0.019000001,-0.012,0.3,0.021835262,0.0,0.0,0.0,0.0,0.0,0.0,0.0,0.0,0.0,0.0,0.0,0.0,inf,inf,inf,inf,inf,1,1,1,1,0,0,0,0,0,0,1,1,0,0,0,0
1777225952965000,0,1777225642797000,47.397742,8.545594,-0.04447797,0.0,13.990001,0.0,0.0,0.0,0.0,-0.01,-0.5,0.0,0.0,0.0,0.0,0.021000002,-0.013,0.30200002,0.021825813,0.0,0.0,0.0,0.0,0.0,0.0,0.0,0.0,0.0,0.0,0.0,0.0,inf,inf,inf,inf,inf,1,1,1,1,0,0,0,0,0,0,1,1,0,0,0,0
1777225952989000,0,1777225642797000,47.397742,8.545594,-0.033358477,-0.00752684,14.002001,0.0,0.0,0.0,0.0,-0.01,-0.48999998,0.0,0.0,0.0,0.0,0.019000001,-0.015000001,0.282,0.021813046,0.0,0.0,0.0,0.0,0.0,0.0,0.0,0.0,0.0,0.0,0.0,0.0,inf,inf,inf,inf,inf,1,1,1,1,0,0,0,0,0,0,1,1,0,0,0,0
1777225953005000,0,1777225642797000,47.397742,8.545594,-0.022238987,0.0,14.01,0.0,0.0,0.0,0.0,-0.01,-0.48999998,0.0,0.0,0.0,0.0,0.019000001,-0.015000001,0.294,0.021803753,0.0,0.0,0.0,0.0,0.0,0.0,0.0,0.0,0.0,0.0,0.0,0.0,inf,inf,inf,inf,inf,1,1,1,1,0,0,0,0,0,0,1,1,0,0,0,0
1777225953029000,0,1777225642797000,47.397742,8.545594,-0.033358477,-0.01505368,14.022,0.0,0.0,0.0,0.0,-0.01,-0.48,0.0,0.0,0.0,0.0,0.021000002,-0.017,0.277,0.021786759,0.0,0.0,0.0,0.0,0.0,0.0,0.0,0.0,0.0,0.0,0.0,0.0,inf,inf,inf,inf,inf,1,1,1,1,0,0,0,0,0,0,1,1,0,0,0,0
1777225953045000,0,1777225642797000,47.397742,8.545594,-0.033358477,-0.02258052,14.029,0.0,0.0,0.0,0.0,-0.01,-0.47,0.0,0.0,0.0,0.0,0.022000002,-0.017,0.287,0.021773446,0.0,0.0,0.0,0.0,0.0,0.0,0.0,0.0,0.0,0.0,0.0,0.0,inf,inf,inf,inf,inf,1,1,1,1,0,0,0,0,0,0,1,1,0,0,0,0
1777225953061000,0,1777225642797000,47.397742,8.545594,-0.033358477,-0.02258052,14.037001,0.0,0.0,0.0,0.0,-0.01,-0.47,0.0,0.0,0.0,0.0,0.022000002,-0.017,0.28,0.021758677,0.0,0.0,0.0,0.0,0.0,0.0,0.0,0.0,0.0,0.0,0.0,0.0,inf,inf,inf,inf,inf,1,1,1,1,0,0,0,0,0,0,1,1,0,0,0,0
1777225953085000,0,1777225642797000,47.397742,8.545594,-0.022238987,-0.02258052,14.048,0.0,0.0,0.0,0.0,-0.01,-0.45999998,0.0,0.0,0.0,0.0,0.022000002,-0.015000001,0.287,0.021732615,0.0,0.0,0.0,0.0,0.0,0.0,0.0,0.0,0.0,0.0,0.0,0.0,inf,inf,inf,inf,inf,1,1,1,1,0,0,0,0,0,0,1,1,0,0,0,0
1777225953109000,0,1777225642797000,47.397742,8.545594,-0.022238987,-0.02258052,14.06,0.0,0.0,0.0,0.0,-0.01,-0.45999998,0.0,0.0,0.0,0.0,0.023000002,-0.016,0.26200002,0.021701507,0.0,0.0,0.0,0.0,0.0,0.0,0.0,0.0,0.0,0.0,0.0,0.0,inf,inf,inf,inf,inf,1,1,1,1,0,0,0,0,0,0,1,1,0,0,0,0
1777225953125000,0,1777225642797000,47.397742,8.545594,-0.022238987,-0.03010736,14.067,0.0,0.0,0.0,0.0,-0.01,-0.45,0.0,0.0,0.0,0.0,0.023000002,-0.015000001,0.27800003,0.02167798,0.0,0.0,0.0,0.0,0.0,0.0,0.0,0.0,0.0,0.0,0.0,0.0,inf,inf,inf,inf,inf,1,1,1,1,0,0,0,0,0,0,1,1,0,0,0,0
1777225953149000,0,1777225642797000,47.397742,8.545594,-0.022238987,-0.03010736,14.078001,0.0,0.0,0.0,0.0,-0.01,-0.45,0.0,0.0,0.0,0.0,0.020000001,-0.015000001,0.26000002,0.021637099,0.0,0.0,0.0,0.0,0.0,0.0,0.0,0.0,0.0,0.0,0.0,0.0,inf,inf,inf,inf,inf,1,1,1,1,0,0,0,0,0,0,1,1,0,0,0,0
1777225953165000,0,1777225642797000,47.397742,8.545594,-0.033358477,-0.02258052,14.085001,0.0,0.0,0.0,0.0,-0.01,-0.44,0.0,0.0,0.0,0.0,0.021000002,-0.014,0.272,0.021606473,0.0,0.0,0.0,0.0,0.0,0.0,0.0,0.0,0.0,0.0,0.0,0.0,inf,inf,inf,inf,inf,1,1,1,1,0,0,0,0,0,0,1,1,0,0,0,0
1777225953189000,0,1777225642797000,47.397742,8.545594,-0.022238987,-0.02258052,14.096001,0.0,0.0,0.0,0.0,-0.01,-0.44,0.0,0.0,0.0,0.0,0.023000002,-0.014,0.254,0.02155923,0.0,0.0,0.0,0.0,0.0,0.0,0.0,0.0,0.0,0.0,0.0,0.0,inf,inf,inf,inf,inf,1,1,1,1,0,0,0,0,0,0,1,1,0,0,0,0
1777225953205000,0,1777225642797000,47.397742,8.545594,-0.022238987,-0.02258052,14.103001,0.0,0.0,0.0,0.0,-0.01,-0.42999998,0.0,0.0,0.0,0.0,0.022000002,-0.013,0.257,0.02152651,0.0,0.0,0.0,0.0,0.0,0.0,0.0,0.0,0.0,0.0,0.0,0.0,inf,inf,inf,inf,inf,1,1,1,1,0,0,0,0,0,0,1,1,0,0,0,0
1777225953229000,0,1777225642797000,47.397742,8.545594,-0.022238987,-0.02258052,14.113001,0.0,0.0,0.0,0.0,-0.01,-0.42999998,0.0,0.0,0.0,0.0,0.021000002,-0.013,0.25500003,0.02147427,0.0,0.0,0.0,0.0,0.0,0.0,0.0,0.0,0.0,0.0,0.0,0.0,inf,inf,inf,inf,inf,1,1,1,1,0,0,0,0,0,0,1,1,0,0,0,0
1777225953245000,0,1777225642797000,47.397742,8.545594,-0.022238987,-0.02258052,14.120001,0.0,0.0,0.0,0.0,-0.01,-0.42,0.0,0.0,0.0,0.0,0.022000002,-0.012,0.26700002,0.021439651,0.0,0.0,0.0,0.0,0.0,0.0,0.0,0.0,0.0,0.0,0.0,0.0,inf,inf,inf,inf,inf,1,1,1,1,0,0,0,0,0,0,1,1,0,0,0,0
1777225953269000,0,1777225642797000,47.397742,8.545594,-0.033358477,-0.02258052,14.130001,0.0,0.0,0.0,0.0,-0.01,-0.42,0.0,0.0,0.0,0.0,0.021000002,-0.010000001,0.246,0.021391315,0.0,0.0,0.0,0.0,0.0,0.0,0.0,0.0,0.0,0.0,0.0,0.0,inf,inf,inf,inf,inf,1,1,1,1,0,0,0,0,0,0,1,1,0,0,0,0
1777225953285000,0,1777225642797000,47.397742,8.545594,-0.033358477,-0.02258052,14.137001,0.0,0.0,0.0,0.0,-0.01,-0.41,0.0,0.0,0.0,0.0,0.020000001,-0.009000001,0.25,0.02136221,0.0,0.0,0.0,0.0,0.0,0.0,0.0,0.0,0.0,0.0,0.0,0.0,inf,inf,inf,inf,inf,1,1,1,1,0,0,0,0,0,0,1,1,0,0,0,0
1777225953309000,0,1777225642797000,47.397742,8.545594,-0.033358477,-0.02258052,14.147,0.0,0.0,0.0,0.0,-0.01,-0.41,0.0,0.0,0.0,0.0,0.023000002,-0.009000001,0.24100001,0.021323774,0.0,0.0,0.0,0.0,0.0,0.0,0.0,0.0,0.0,0.0,0.0,0.0,inf,inf,inf,inf,inf,1,1,1,1,0,0,0,0,0,0,1,1,0,0,0,0
1777225953325000,0,1777225642797000,47.397742,8.545594,-0.022238987,-0.02258052,14.153001,0.0,0.0,0.0,0.0,-0.01,-0.39999998,0.0,0.0,0.0,0.0,0.024,-0.009000001,0.261,0.021301132,0.0,0.0,0.0,0.0,0.0,0.0,0.0,0.0,0.0,0.0,0.0,0.0,inf,inf,inf,inf,inf,1,1,1,1,0,0,0,0,0,0,1,1,0,0,0,0
1777225953349000,0,1777225642797000,47.397742,8.545594,-0.022238987,-0.02258052,14.163001,0.0,0.0,0.0,0.0,-0.01,-0.39999998,0.0,0.0,0.0,0.0,0.023000002,-0.007,0.24100001,0.021269813,0.0,0.0,0.0,0.0,0.0,0.0,0.0,0.0,0.0,0.0,0.0,0.0,inf,inf,inf,inf,inf,1,1,1,1,0,0,0,0,0,0,1,1,0,0,0,0
1777225953365000,0,1777225642797000,47.397742,8.545594,-0.011119492,-0.02258052,14.170001,0.0,0.0,0.0,0.0,-0.02,-0.39,0.0,0.0,0.0,0.0,0.022000002,-0.007,0.25,0.02124981,0.0,0.0,0.0,0.0,0.0,0.0,0.0,0.0,0.0,0.0,0.0,0.0,inf,inf,inf,inf,inf,1,1,1,1,0,0,0,0,0,0,1,1,0,0,0,0
1777225953389000,0,1777225642797000,47.397742,8.545594,-0.011119492,-0.02258052,14.179001,0.0,0.0,0.0,0.0,-0.02,-0.39,0.0,0.0,0.0,0.0,0.023000002,-0.007,0.238,0.021218872,0.0,0.0,0.0,0.0,0.0,0.0,0.0,0.0,0.0,0.0,0.0,0.0,inf,inf,inf,inf,inf,1,1,1,1,0,0,0,0,0,0,1,1,0,0,0,0
1777225953405000,0,1777225642797000,47.397742,8.545594,-0.022238987,-0.01505368,14.185,0.0,0.0,0.0,0.0,-0.02,-0.38,0.0,0.0,0.0,0.0,0.023000002,-0.006,0.24700001,0.021197429,0.0,0.0,0.0,0.0,0.0,0.0,0.0,0.0,0.0,0.0,0.0,0.0,inf,inf,inf,inf,inf,1,1,1,1,0,0,0,0,0,0,1,1,0,0,0,0
1777225953421000,0,1777225642797000,47.397742,8.545594,-0.022238987,-0.02258052,14.191001,0.0,0.0,0.0,0.0,-0.02,-0.38,0.0,0.0,0.0,0.0,0.020000001,-0.0050000004,0.23700002,0.021175595,0.0,0.0,0.0,0.0,0.0,0.0,0.0,0.0,0.0,0.0,0.0,0.0,inf,inf,inf,inf,inf,1,1,1,1,0,0,0,0,0,0,1,1,0,0,0,0
1777225953445000,0,1777225642797000,47.397742,8.545594,-0.022238987,-0.02258052,14.201,0.0,0.0,0.0,0.0,-0.02,-0.37,0.0,0.0,0.0,0.0,0.022000002,-0.002,0.24000001,0.021142375,0.0,0.0,0.0,0.0,0.0,0.0,0.0,0.0,0.0,0.0,0.0,0.0,inf,inf,inf,inf,inf,1,1,1,1,0,0,0,0,0,0,1,1,0,0,0,0
1777225953461000,0,1777225642797000,47.397742,8.545594,-0.033358477,-0.02258052,14.207001,0.0,0.0,0.0,0.0,-0.02,-0.37,0.0,0.0,0.0,0.0,0.022000002,-0.002,0.224,0.021120954,0.0,0.0,0.0,0.0,0.0,0.0,0.0,0.0,0.0,0.0,0.0,0.0,inf,inf,inf,inf,inf,1,1,1,1,0,0,0,0,0,0,1,1,0,0,0,0
1777225953485000,0,1777225642797000,47.397742,8.545594,-0.033358477,-0.03010736,14.215001,0.0,0.0,0.0,0.0,-0.02,-0.35999998,0.0,0.0,0.0,0.0,0.022000002,0.0,0.231,0.021091262,0.0,0.0,0.0,0.0,0.0,0.0,0.0,0.0,0.0,0.0,0.0,0.0,inf,inf,inf,inf,inf,1,1,1,1,0,0,0,0,0,0,1,1,0,0,0,0
1777225953509000,0,1777225642797000,47.397742,8.545594,-0.033358477,-0.02258052,14.224001,0.0,0.0,0.0,0.0,-0.02,-0.35999998,0.0,0.0,0.0,0.0,0.022000002,0.001,0.21100001,0.021059975,0.0,0.0,0.0,0.0,0.0,0.0,0.0,0.0,0.0,0.0,0.0,0.0,inf,inf,inf,inf,inf,1,1,1,1,0,0,0,0,0,0,1,1,0,0,0,0
1777225953525000,0,1777225642797000,47.397742,8.545594,-0.022238987,-0.02258052,14.2300005,0.0,0.0,0.0,0.0,-0.02,-0.35,0.0,0.0,0.0,0.0,0.022000002,0.002,0.22600001,0.021037927,0.0,0.0,0.0,0.0,0.0,0.0,0.0,0.0,0.0,0.0,0.0,0.0,inf,inf,inf,inf,inf,1,1,1,1,0,0,0,0,0,0,1,1,0,0,0,0
1777225953549000,0,1777225642797000,47.397742,8.545594,-0.033358477,-0.01505368,14.239,0.0,0.0,0.0,0.0,-0.02,-0.35,0.0,0.0,0.0,0.0,0.021000002,0.0,0.20400001,0.0210054,0.0,0.0,0.0,0.0,0.0,0.0,0.0,0.0,0.0,0.0,0.0,0.0,inf,inf,inf,inf,inf,1,1,1,1,0,0,0,0,0,0,1,1,0,0,0,0
1777225953565000,0,1777225642797000,47.397742,8.545594,-0.022238987,-0.02258052,14.244,0.0,0.0,0.0,0.0,-0.02,-0.35,0.0,0.0,0.0,0.0,0.019000001,0.001,0.21800001,0.020984963,0.0,0.0,0.0,0.0,0.0,0.0,0.0,0.0,0.0,0.0,0.0,0.0,inf,inf,inf,inf,inf,1,1,1,1,0,0,0,0,0,0,1,1,0,0,0,0
1777225953589000,0,1777225642797000,47.397742,8.545594,-0.022238987,-0.0376342,14.253,0.0,0.0,0.0,0.0,-0.02,-0.34,0.0,0.0,0.0,0.0,0.019000001,0.001,0.202,0.020956881,0.0,0.0,0.0,0.0,0.0,0.0,0.0,0.0,0.0,0.0,0.0,0.0,inf,inf,inf,inf,inf,1,1,1,1,0,0,0,0,0,0,1,1,0,0,0,0
1777225953605000,0,1777225642797000,47.397742,8.545594,-0.022238987,-0.0376342,14.258,0.0,0.0,0.0,0.0,-0.02,-0.34,0.0,0.0,0.0,0.0,0.018000001,0.001,0.21000001,0.020939117,0.0,0.0,0.0,0.0,0.0,0.0,0.0,0.0,0.0,0.0,0.0,0.0,inf,inf,inf,inf,inf,1,1,1,1,0,0,0,0,0,0,1,1,0,0,0,0
1777225953629000,0,1777225642797000,47.397742,8.545594,-0.022238987,-0.03010736,14.266001,0.0,0.0,0.0,0.0,-0.02,-0.32999998,0.0,0.0,0.0,0.0,0.018000001,0.003,0.194,0.020912722,0.0,0.0,0.0,0.0,0.0,0.0,0.0,0.0,0.0,0.0,0.0,0.0,inf,inf,inf,inf,inf,1,1,1,1,0,0,0,0,0,0,1,1,0,0,0,0
1777225953645000,0,1777225642797000,47.397742,8.545594,-0.022238987,-0.0376342,14.272,0.0,0.0,0.0,0.0,-0.02,-0.32999998,0.0,0.0,0.0,0.0,0.018000001,0.002,0.20600002,0.020894937,0.0,0.0,0.0,0.0,0.0,0.0,0.0,0.0,0.0,0.0,0.0,0.0,inf,inf,inf,inf,inf,1,1,1,1,0,0,0,0,0,0,1,1,0,0,0,0
1777225953669000,0,1777225642797000,47.397742,8.545594,-0.022238987,-0.03010736,14.280001,0.0,0.0,0.0,0.0,-0.02,-0.32999998,0.0,0.0,0.0,0.0,0.019000001,0.002,0.194,0.02087031,0.0,0.0,0.0,0.0,0.0,0.0,0.0,0.0,0.0,0.0,0.0,0.0,inf,inf,inf,inf,inf,1,1,1,1,0,0,0,0,0,0,1,1,0,0,0,0
1777225953685000,0,1777225642797000,47.397742,8.545594,-0.033358477,-0.03010736,14.285001,0.0,0.0,0.0,0.0,-0.02,-0.32,0.0,0.0,0.0,0.0,0.018000001,0.002,0.20600002,0.020856986,0.0,0.0,0.0,0.0,0.0,0.0,0.0,0.0,0.0,0.0,0.0,0.0,inf,inf,inf,inf,inf,1,1,1,1,0,0,0,0,0,0,1,1,0,0,0,0
1777225953709000,0,1777225642797000,47.397742,8.545594,-0.033358477,-0.03010736,14.293,0.0,0.0,0.0,0.0,-0.02,-0.32,0.0,0.0,0.0,0.0,0.017,0.003,0.187,0.02084198,0.0,0.0,0.0,0.0,0.0,0.0,0.0,0.0,0.0,0.0,0.0,0.0,inf,inf,inf,inf,inf,1,1,1,1,0,0,0,0,0,0,1,1,0,0,0,0
1777225953725000,0,1777225642797000,47.397742,8.545594,-0.033358477,-0.02258052,14.298,0.0,0.0,0.0,0.0,-0.02,-0.31,0.0,0.0,0.0,0.0,0.019000001,0.004,0.19600001,0.020834755,0.0,0.0,0.0,0.0,0.0,0.0,0.0,0.0,0.0,0.0,0.0,0.0,inf,inf,inf,inf,inf,1,1,1,1,0,0,0,0,0,0,1,1,0,0,0,0
1777225953741000,0,1777225642797000,47.397742,8.545594,-0.033358477,-0.02258052,14.303,0.0,0.0,0.0,0.0,-0.02,-0.31,0.0,0.0,0.0,0.0,0.021000002,0.004,0.18,0.020828163,0.0,0.0,0.0,0.0,0.0,0.0,0.0,0.0,0.0,0.0,0.0,0.0,inf,inf,inf,inf,inf,1,1,1,1,0,0,0,0,0,0,1,1,0,0,0,0
1777225953765000,0,1777225642797000,47.397742,8.545594,-0.04447797,-0.03010736,14.311001,0.0,0.0,0.0,0.01,-0.01,-0.31,0.0,0.0,0.0,0.0,0.020000001,0.0050000004,0.18300001,0.020820362,0.0,0.0,0.0,0.0,0.0,0.0,0.0,0.0,0.0,0.0,0.0,0.0,inf,inf,inf,inf,inf,1,1,1,1,0,0,0,0,0,0,1,1,0,0,0,0
1777225953789000,0,1777225642797000,47.397742,8.545594,-0.04447797,-0.03010736,14.318001,0.0,0.0,0.0,0.01,-0.01,-0.29999998,0.0,0.0,0.0,0.0,0.017,0.002,0.16700001,0.020816192,0.0,0.0,0.0,0.0,0.0,0.0,0.0,0.0,0.0,0.0,0.0,0.0,inf,inf,inf,inf,inf,1,1,1,1,0,0,0,0,0,0,1,1,0,0,0,0
1777225953805000,0,1777225642797000,47.397742,8.545594,-0.04447797,-0.03010736,14.323001,0.0,0.0,0.0,0.01,-0.01,-0.29999998,0.0,0.0,0.0,0.0,0.017,0.002,0.16800001,0.020814419,0.0,0.0,0.0,0.0,0.0,0.0,0.0,0.0,0.0,0.0,0.0,0.0,inf,inf,inf,inf,inf,1,1,1,1,0,0,0,0,0,0,1,1,0,0,0,0
1777225953829000,0,1777225642797000,47.397742,8.545594,-0.033358477,-0.02258052,14.330001,0.0,0.0,0.0,0.01,-0.01,-0.29999998,0.0,0.0,0.0,0.0,0.016,0.004,0.158,0.020812102,0.0,0.0,0.0,0.0,0.0,0.0,0.0,0.0,0.0,0.0,0.0,0.0,inf,inf,inf,inf,inf,1,1,1,1,0,0,0,0,0,0,1,1,0,0,0,0
1777225953845000,0,1777225642797000,47.397742,8.545594,-0.04447797,-0.02258052,14.335001,0.0,0.0,0.0,0.01,-0.01,-0.29,0.0,0.0,0.0,0.0,0.017,0.0050000004,0.171,0.020811222,0.0,0.0,0.0,0.0,0.0,0.0,0.0,0.0,0.0,0.0,0.0,0.0,inf,inf,inf,inf,inf,1,1,1,1,0,0,0,0,0,0,1,1,0,0,0,0
1777225953861000,0,1777225642797000,47.397742,8.545594,-0.04447797,-0.02258052,14.340001,0.0,0.0,0.0,0.01,-0.01,-0.29,0.0,0.0,0.0,0.0,0.015000001,0.0050000004,0.16000001,0.020811263,0.0,0.0,0.0,0.0,0.0,0.0,0.0,0.0,0.0,0.0,0.0,0.0,inf,inf,inf,inf,inf,1,1,1,1,0,0,0,0,0,0,1,1,0,0,0,0
1777225953885000,0,1777225642797000,47.397742,8.545594,-0.04447797,-0.01505368,14.347001,0.0,0.0,0.0,0.01,-0.01,-0.29,0.0,0.0,0.0,0.0,0.013,0.006,0.164,0.020813132,0.0,0.0,0.0,0.0,0.0,0.0,0.0,0.0,0.0,0.0,0.0,0.0,inf,inf,inf,inf,inf,1,1,1,1,0,0,0,0,0,0,1,1,0,0,0,0
1777225953909000,0,1777225642797000,47.397742,8.545594,-0.04447797,-0.03010736,14.354001,0.0,0.0,0.0,0.01,-0.01,-0.28,0.0,0.0,0.0,0.0,0.014,0.008,0.149,0.020818388,0.0,0.0,0.0,0.0,0.0,0.0,0.0,0.0,0.0,0.0,0.0,0.0,inf,inf,inf,inf,inf,1,1,1,1,0,0,0,0,0,0,1,1,0,0,0,0
1777225953925000,0,1777225642797000,47.397742,8.545594,-0.04447797,-0.0376342,14.359,0.0,0.0,0.0,0.01,-0.01,-0.28,0.0,0.0,0.0,0.0,0.010000001,0.009000001,0.157,0.02082419,0.0,0.0,0.0,0.0,0.0,0.0,0.0,0.0,0.0,0.0,0.0,0.0,inf,inf,inf,inf,inf,1,1,1,1,0,0,0,0,0,0,1,1,0,0,0,0
1777225953941000,0,1777225642797000,47.397742,8.545594,-0.04447797,-0.03010736,14.363001,0.0,0.0,0.0,0.01,-0.01,-0.28,0.0,0.0,0.0,0.0,0.008,0.008,0.148,0.020829877,0.0,0.0,0.0,0.0,0.0,0.0,0.0,0.0,0.0,0.0,0.0,0.0,inf,inf,inf,inf,inf,1,1,1,1,0,0,0,0,0,0,1,1,0,0,0,0
1777225953965000,0,1777225642797000,47.397742,8.545594,-0.033358477,-0.03010736,14.370001,0.0,0.0,0.0,0.01,-0.01,-0.28,0.0,0.0,0.0,0.0,0.011000001,0.008,0.155,0.020838445,0.0,0.0,0.0,0.0,0.0,0.0,0.0,0.0,0.0,0.0,0.0,0.0,inf,inf,inf,inf,inf,1,1,1,1,0,0,0,0,0,0,1,1,0,0,0,0
1777225953989000,0,1777225642797000,47.397742,8.545594,-0.022238987,-0.03010736,14.377001,0.0,0.0,0.0,0.01,-0.01,-0.26999998,0.0,0.0,0.0,0.0,0.011000001,0.010000001,0.14400001,0.020844523,0.0,0.0,0.0,0.0,0.0,0.0,0.0,0.0,0.0,0.0,0.0,0.0,inf,inf,inf,inf,inf,1,1,1,1,0,0,0,0,0,0,1,1,0,0,0,0
1777225954005000,0,1777225642797000,47.397742,8.545594,-0.011119492,-0.03010736,14.3810005,0.0,0.0,0.0,0.01,-0.01,-0.26999998,0.0,0.0,0.0,0.0,0.009000001,0.010000001,0.14,0.020847484,0.0,0.0,0.0,0.0,0.0,0.0,0.0,0.0,0.0,0.0,0.0,0.0,inf,inf,inf,inf,inf,1,1,1,1,0,0,0,0,0,0,1,1,0,0,0,0
1777225954021000,0,1777225642797000,47.397742,8.545594,-0.022238987,-0.0376342,14.385,0.0,0.0,0.0,0.01,-0.01,-0.26999998,0.0,0.0,0.0,0.0,0.009000001,0.011000001,0.13800001,0.020848587,0.0,0.0,0.0,0.0,0.0,0.0,0.0,0.0,0.0,0.0,0.0,0.0,inf,inf,inf,inf,inf,1,1,1,1,0,0,0,0,0,0,1,1,0,0,0,0
1777225954045000,0,1777225642797000,47.397742,8.545594,-0.022238987,-0.0376342,14.392001,0.0,0.0,0.0,0.01,-0.01,-0.26,0.0,0.0,0.0,0.0,0.007,0.011000001,0.14500001,0.020845097,0.0,0.0,0.0,0.0,0.0,0.0,0.0,0.0,0.0,0.0,0.0,0.0,inf,inf,inf,inf,inf,1,1,1,1,0,0,0,0,0,0,1,1,0,0,0,0
1777225954069000,0,1777225642797000,47.397742,8.545594,-0.033358477,-0.03010736,14.398001,0.0,0.0,0.0,0.01,-0.01,-0.26,0.0,0.0,0.0,0.0,0.007,0.012,0.124000005,0.020836474,0.0,0.0,0.0,0.0,0.0,0.0,0.0,0.0,0.0,0.0,0.0,0.0,inf,inf,inf,inf,inf,1,1,1,1,0,0,0,0,0,0,1,1,0,0,0,0
1777225954085000,0,1777225642797000,47.397742,8.545594,-0.033358477,-0.03010736,14.403001,0.0,0.0,0.0,0.01,-0.01,-0.26,0.0,0.0,0.0,0.0,0.007,0.014,0.136,0.020829123,0.0,0.0,0.0,0.0,0.0,0.0,0.0,0.0,0.0,0.0,0.0,0.0,inf,inf,inf,inf,inf,1,1,1,1,0,0,0,0,0,0,1,1,0,0,0,0
1777225954101000,0,1777225642797000,47.397742,8.545594,-0.022238987,-0.02258052,14.407001,0.0,0.0,0.0,0.01,-0.01,-0.26,0.0,0.0,0.0,0.0,0.007,0.015000001,0.124000005,0.020821461,0.0,0.0,0.0,0.0,0.0,0.0,0.0,0.0,0.0,0.0,0.0,0.0,inf,inf,inf,inf,inf,1,1,1,1,0,0,0,0,0,0,1,1,0,0,0,0
1777225954125000,0,1777225642797000,47.397742,8.545594,-0.033358477,-0.02258052,14.413001,0.0,0.0,0.0,0.01,-0.01,-0.25,0.0,0.0,0.0,0.0,0.0050000004,0.014,0.126,0.02081114,0.0,0.0,0.0,0.0,0.0,0.0,0.0,0.0,0.0,0.0,0.0,0.0,inf,inf,inf,inf,inf,1,1,1,1,0,0,0,0,0,0,1,1,0,0,0,0
1777225954149000,0,1777225642797000,47.397742,8.545594,-0.033358477,-0.02258052,14.419001,0.0,0.0,0.0,0.01,-0.01,-0.25,0.0,0.0,0.0,0.0,0.0050000004,0.015000001,0.120000005,0.020801486,0.0,0.0,0.0,0.0,0.0,0.0,0.0,0.0,0.0,0.0,0.0,0.0,inf,inf,inf,inf,inf,1,1,1,1,0,0,0,0,0,0,1,1,0,0,0,0
1777225954165000,0,1777225642797000,47.397742,8.545594,-0.04447797,-0.01505368,14.423,0.0,0.0,0.0,0.01,-0.01,-0.25,0.0,0.0,0.0,0.0,0.0050000004,0.015000001,0.125,0.020796193,0.0,0.0,0.0,0.0,0.0,0.0,0.0,0.0,0.0,0.0,0.0,0.0,inf,inf,inf,inf,inf,1,1,1,1,0,0,0,0,0,0,1,1,0,0,0,0
1777225954181000,0,1777225642797000,47.397742,8.545594,-0.033358477,-0.01505368,14.427001,0.0,0.0,0.0,0.01,-0.01,-0.25,0.0,0.0,0.0,0.0,0.006,0.016,0.113000005,0.020792127,0.0,0.0,0.0,0.0,0.0,0.0,0.0,0.0,0.0,0.0,0.0,0.0,inf,inf,inf,inf,inf,1,1,1,1,0,0,0,0,0,0,1,1,0,0,0,0
1777225954205000,0,1777225642797000,47.397742,8.545594,-0.04447797,-0.01505368,14.433001,0.0,0.0,0.0,0.01,-0.01,-0.24,0.0,0.0,0.0,0.0,0.0050000004,0.017,0.12100001,0.020788446,0.0,0.0,0.0,0.0,0.0,0.0,0.0,0.0,0.0,0.0,0.0,0.0,inf,inf,inf,inf,inf,1,1,1,1,0,0,0,0,0,0,1,1,0,0,0,0
1777225954229000,0,1777225642797000,47.397742,8.545594,-0.04447797,-0.02258052,14.439001,0.0,0.0,0.0,0.01,-0.01,-0.24,0.0,0.0,0.0,0.0,0.007,0.018000001,0.104,0.020786487,0.0,0.0,0.0,0.0,0.0,0.0,0.0,0.0,0.0,0.0,0.0,0.0,inf,inf,inf,inf,inf,1,1,1,1,0,0,0,0,0,0,1,1,0,0,0,0
1777225954245000,0,1777225642797000,47.397742,8.545594,-0.033358477,-0.02258052,14.443001,0.0,0.0,0.0,0.01,-0.01,-0.24,0.0,0.0,0.0,0.0,0.007,0.019000001,0.112,0.020786658,0.0,0.0,0.0,0.0,0.0,0.0,0.0,0.0,0.0,0.0,0.0,0.0,inf,inf,inf,inf,inf,1,1,1,1,0,0,0,0,0,0,1,1,0,0,0,0
1777225954261000,0,1777225642797000,47.397742,8.545594,-0.033358477,-0.02258052,14.4470005,0.0,0.0,0.0,0.01,-0.01,-0.24,0.0,0.0,0.0,0.0,0.007,0.019000001,0.10300001,0.020788291,0.0,0.0,0.0,0.0,0.0,0.0,0.0,0.0,0.0,0.0,0.0,0.0,inf,inf,inf,inf,inf,1,1,1,1,0,0,0,0,0,0,1,1,0,0,0,0
1777225954285000,0,1777225642797000,47.397742,8.545594,-0.04447797,-0.02258052,14.453001,0.0,0.0,0.0,0.01,-0.01,-0.24,0.0,0.0,0.0,0.0,0.008,0.020000001,0.113000005,0.020792231,0.0,0.0,0.0,0.0,0.0,0.0,0.0,0.0,0.0,0.0,0.0,0.0,inf,inf,inf,inf,inf,1,1,1,1,0,0,0,0,0,0,1,1,0,0,0,0
1777225954309000,0,1777225642797000,47.397742,8.545594,-0.04447797,-0.01505368,14.459001,0.0,0.0,0.0,0.01,-0.01,-0.22999999,0.0,0.0,0.0,0.0,0.009000001,0.021000002,0.104,0.020796146,0.0,0.0,0.0,0.0,0.0,0.0,0.0,0.0,0.0,0.0,0.0,0.0,inf,inf,inf,inf,inf,1,1,1,1,0,0,0,0,0,0,1,1,0,0,0,0
1777225954325000,0,1777225642797000,47.397742,8.545594,-0.04447797,-0.01505368,14.463,0.0,0.0,0.0,0.01,-0.01,-0.22999999,0.0,0.0,0.0,0.0,0.009000001,0.022000002,0.113000005,0.020797653,0.0,0.0,0.0,0.0,0.0,0.0,0.0,0.0,0.0,0.0,0.0,0.0,inf,inf,inf,inf,inf,1,1,1,1,0,0,0,0,0,0,1,1,0,0,0,0
1777225954349000,0,1777225642797000,47.397742,8.545594,-0.04447797,-0.02258052,14.468,0.0,0.0,0.0,0.01,-0.01,-0.22999999,0.0,0.0,0.0,0.0,0.007,0.023000002,0.106000006,0.020797048,0.0,0.0,0.0,0.0,0.0,0.0,0.0,0.0,0.0,0.0,0.0,0.0,inf,inf,inf,inf,inf,1,1,1,1,0,0,0,0,0,0,1,1,0,0,0,0
1777225954365000,0,1777225642797000,47.397742,8.545594,-0.022238987,-0.02258052,14.472001,0.0,0.0,0.0,0.01,-0.01,-0.22999999,0.0,0.0,0.0,0.0,0.009000001,0.025,0.11400001,0.020795574,0.0,0.0,0.0,0.0,0.0,0.0,0.0,0.0,0.0,0.0,0.0,0.0,inf,inf,inf,inf,inf,1,1,1,1,0,0,0,0,0,0,1,1,0,0,0,0
1777225954389000,0,1777225642797000,47.397742,8.545594,-0.022238987,-0.02258052,14.478001,0.0,0.0,0.0,0.01,-0.01,-0.22,0.0,0.0,0.0,0.0,0.007,0.025,0.106000006,0.020795632,0.0,0.0,0.0,0.0,0.0,0.0,0.0,0.0,0.0,0.0,0.0,0.0,inf,inf,inf,inf,inf,1,1,1,1,0,0,0,0,0,0,1,1,0,0,0,0
1777225954405000,0,1777225642797000,47.397742,8.545594,-0.022238987,-0.01505368,14.481001,0.0,0.0,0.0,0.01,-0.01,-0.22,0.0,0.0,0.0,0.0,0.0050000004,0.024,0.113000005,0.020797983,0.0,0.0,0.0,0.0,0.0,0.0,0.0,0.0,0.0,0.0,0.0,0.0,inf,inf,inf,inf,inf,1,1,1,1,0,0,0,0,0,0,1,1,0,0,0,0
1777225954429000,0,1777225642797000,47.397742,8.545594,-0.033358477,-0.02258052,14.487,0.0,0.0,0.0,0.01,-0.01,-0.22,0.0,0.0,0.0,0.0,0.0050000004,0.023000002,0.10300001,0.02080481,0.0,0.0,0.0,0.0,0.0,0.0,0.0,0.0,0.0,0.0,0.0,0.0,inf,inf,inf,inf,inf,1,1,1,1,0,0,0,0,0,0,1,1,0,0,0,0
1777225954445000,0,1777225642797000,47.397742,8.545594,-0.022238987,-0.02258052,14.490001,0.0,0.0,0.0,0.01,-0.01,-0.22,0.0,0.0,0.0,0.0,0.003,0.023000002,0.115,0.02081182,0.0,0.0,0.0,0.0,0.0,0.0,0.0,0.0,0.0,0.0,0.0,0.0,inf,inf,inf,inf,inf,1,1,1,1,0,0,0,0,0,0,1,1,0,0,0,0
1777225954469000,0,1777225642797000,47.397742,8.545594,-0.022238987,-0.02258052,14.496,0.0,0.0,0.0,0.01,0.0,-0.22,0.0,0.0,0.0,0.0,0.001,0.022000002,0.106000006,0.02082162,0.0,0.0,0.0,0.0,0.0,0.0,0.0,0.0,0.0,0.0,0.0,0.0,inf,inf,inf,inf,inf,1,1,1,1,0,0,0,0,0,0,1,1,0,0,0,0
1777225954485000,0,1777225642797000,47.397742,8.545594,-0.033358477,-0.03010736,14.499001,0.0,0.0,0.0,0.01,0.0,-0.21,0.0,0.0,0.0,0.0,0.001,0.022000002,0.112,0.0208289,0.0,0.0,0.0,0.0,0.0,0.0,0.0,0.0,0.0,0.0,0.0,0.0,inf,inf,inf,inf,inf,1,1,1,1,0,0,0,0,0,0,1,1,0,0,0,0
1777225954501000,0,1777225642797000,47.397742,8.545594,-0.022238987,-0.02258052,14.503,0.0,0.0,0.0,0.01,0.0,-0.21,0.0,0.0,0.0,0.0,0.0,0.022000002,0.10700001,0.020835765,0.0,0.0,0.0,0.0,0.0,0.0,0.0,0.0,0.0,0.0,0.0,0.0,inf,inf,inf,inf,inf,1,1,1,1,0,0,0,0,0,0,1,1,0,0,0,0
1777225954525000,0,1777225642797000,47.397742,8.545594,-0.011119492,-0.02258052,14.508,0.0,0.0,0.0,0.01,0.0,-0.21,0.0,0.0,0.0,0.0,0.0,0.021000002,0.11100001,0.020843571,0.0,0.0,0.0,0.0,0.0,0.0,0.0,0.0,0.0,0.0,0.0,0.0,inf,inf,inf,inf,inf,1,1,1,1,0,0,0,0,0,0,1,1,0,0,0,0
1777225954541000,0,1777225642797000,47.397742,8.545594,-0.011119492,-0.02258052,14.511001,0.0,0.0,0.0,0.01,0.0,-0.21,0.0,0.0,0.0,0.0,-0.001,0.020000001,0.10700001,0.020848373,0.0,0.0,0.0,0.0,0.0,0.0,0.0,0.0,0.0,0.0,0.0,0.0,inf,inf,inf,inf,inf,1,1,1,1,0,0,0,0,0,0,1,1,0,0,0,0
1777225954565000,0,1777225642797000,47.397742,8.545594,-0.011119492,-0.03010736,14.516001,0.0,0.0,0.0,0.01,0.0,-0.21,0.0,0.0,0.0,0.0,-0.002,0.020000001,0.119,0.020856533,0.0,0.0,0.0,0.0,0.0,0.0,0.0,0.0,0.0,0.0,0.0,0.0,inf,inf,inf,inf,inf,1,1,1,1,0,0,0,0,0,0,1,1,0,0,0,0
1777225954581000,0,1777225642797000,47.397742,8.545594,-0.011119492,-0.02258052,14.52,0.0,0.0,0.0,0.01,0.0,-0.19999999,0.0,0.0,0.0,0.0,-0.002,0.020000001,0.108,0.020862838,0.0,0.0,0.0,0.0,0.0,0.0,0.0,0.0,0.0,0.0,0.0,0.0,inf,inf,inf,inf,inf,1,1,1,1,0,0,0,0,0,0,1,1,0,0,0,0
1777225954605000,0,1777225642797000,47.397742,8.545594,-0.022238987,-0.03010736,14.525001,0.0,0.0,0.0,0.01,0.0,-0.19999999,0.0,0.0,0.0,0.0,-0.003,0.021000002,0.11400001,0.020872118,0.0,0.0,0.0,0.0,0.0,0.0,0.0,0.0,0.0,0.0,0.0,0.0,inf,inf,inf,inf,inf,1,1,1,1,0,0,0,0,0,0,1,1,0,0,0,0
1777225954629000,0,1777225642797000,47.397742,8.545594,-0.022238987,-0.02258052,14.530001,0.0,0.0,0.0,0.01,0.0,-0.19999999,0.0,0.0,0.0,0.0,-0.002,0.021000002,0.10300001,0.020881752,0.0,0.0,0.0,0.0,0.0,0.0,0.0,0.0,0.0,0.0,0.0,0.0,inf,inf,inf,inf,inf,1,1,1,1,0,0,0,0,0,0,1,1,0,0,0,0
1777225954645000,0,1777225642797000,47.397742,8.545594,-0.022238987,-0.03010736,14.533001,0.0,0.0,0.0,0.01,0.0,-0.19999999,0.0,0.0,0.0,0.0,-0.002,0.020000001,0.112,0.020889504,0.0,0.0,0.0,0.0,0.0,0.0,0.0,0.0,0.0,0.0,0.0,0.0,inf,inf,inf,inf,inf,1,1,1,1,0,0,0,0,0,0,1,1,0,0,0,0
1777225954669000,0,1777225642797000,47.397742,8.545594,-0.011119492,-0.04516104,14.538001,0.0,0.0,0.0,0.01,0.0,-0.19,0.0,0.0,0.0,0.0,-0.004,0.018000001,0.101,0.020903662,0.0,0.0,0.0,0.0,0.0,0.0,0.0,0.0,0.0,0.0,0.0,0.0,inf,inf,inf,inf,inf,1,1,1,1,0,0,0,0,0,0,1,1,0,0,0,0
1777225954685000,0,1777225642797000,47.397742,8.545594,-0.011119492,-0.0376342,14.541,0.0,0.0,0.0,0.01,0.0,-0.19,0.0,0.0,0.0,0.0,-0.004,0.018000001,0.106000006,0.020912915,0.0,0.0,0.0,0.0,0.0,0.0,0.0,0.0,0.0,0.0,0.0,0.0,inf,inf,inf,inf,inf,1,1,1,1,0,0,0,0,0,0,1,1,0,0,0,0
1777225954709000,0,1777225642797000,47.397742,8.545594,-0.022238987,-0.03010736,14.5460005,0.0,0.0,0.0,0.01,0.0,-0.19,0.0,0.0,0.0,0.0,-0.002,0.021000002,0.10300001,0.020925244,0.0,0.0,0.0,0.0,0.0,0.0,0.0,0.0,0.0,0.0,0.0,0.0,inf,inf,inf,inf,inf,1,1,1,1,0,0,0,0,0,0,1,1,0,0,0,0
1777225954725000,0,1777225642797000,47.397742,8.545594,-0.011119492,-0.03010736,14.549001,0.0,0.0,0.0,0.01,0.0,-0.19,0.0,0.0,0.0,0.0,-0.001,0.020000001,0.10700001,0.020933472,0.0,0.0,0.0,0.0,0.0,0.0,0.0,0.0,0.0,0.0,0.0,0.0,inf,inf,inf,inf,inf,1,1,1,1,0,0,0,0,0,0,1,1,0,0,0,0
1777225954741000,0,1777225642797000,47.397742,8.545594,-0.011119492,-0.0376342,14.552001,0.0,0.0,0.0,0.01,0.0,-0.19,0.0,0.0,0.0,0.0,-0.002,0.021000002,0.1,0.02094274,0.0,0.0,0.0,0.0,0.0,0.0,0.0,0.0,0.0,0.0,0.0,0.0,inf,inf,inf,inf,inf,1,1,1,1,0,0,0,0,0,0,1,1,0,0,0,0
1777225954765000,0,1777225642797000,47.397742,8.545594,0.0,-0.03010736,14.556001,0.0,0.0,0.0,0.01,0.0,-0.17999999,0.0,0.0,0.0,0.0,-0.002,0.021000002,0.106000006,0.020956894,0.0,0.0,0.0,0.0,0.0,0.0,0.0,0.0,0.0,0.0,0.0,0.0,inf,inf,inf,inf,inf,1,1,1,1,0,0,0,0,0,0,1,1,0,0,0,0
1777225954789000,0,1777225642797000,47.397742,8.545594,0.0,-0.0376342,14.561001,0.0,0.0,0.0,0.01,0.0,-0.17999999,0.0,0.0,0.0,0.0,-0.002,0.021000002,0.093,0.020969223,0.0,0.0,0.0,0.0,0.0,0.0,0.0,0.0,0.0,0.0,0.0,0.0,inf,inf,inf,inf,inf,1,1,1,1,0,0,0,0,0,0,1,1,0,0,0,0
1777225954805000,0,1777225642797000,47.397742,8.545594,-0.011119492,-0.0376342,14.564001,0.0,0.0,0.0,0.01,0.0,-0.17999999,0.0,0.0,0.0,0.0,-0.001,0.020000001,0.1,0.020976178,0.0,0.0,0.0,0.0,0.0,0.0,0.0,0.0,0.0,0.0,0.0,0.0,inf,inf,inf,inf,inf,1,1,1,1,0,0,0,0,0,0,1,1,0,0,0,0
1777225954829000,0,1777225642797000,47.397742,8.545594,-0.011119492,-0.03010736,14.568001,0.0,0.0,0.0,0.01,0.0,-0.17999999,0.0,0.0,0.0,0.0,-0.003,0.018000001,0.091000006,0.020986268,0.0,0.0,0.0,0.0,0.0,0.0,0.0,0.0,0.0,0.0,0.0,0.0,inf,inf,inf,inf,inf,1,1,1,1,0,0,0,0,0,0,1,1,0,0,0,0
1777225954845000,0,1777225642797000,47.397742,8.545594,-0.022238987,-0.03010736,14.571001,0.0,0.0,0.0,0.01,0.0,-0.17999999,0.0,0.0,0.0,0.0,-0.004,0.018000001,0.09200001,0.020990733,0.0,0.0,0.0,0.0,0.0,0.0,0.0,0.0,0.0,0.0,0.0,0.0,inf,inf,inf,inf,inf,1,1,1,1,0,0,0,0,0,0,1,1,0,0,0,0
1777225954861000,0,1777225642797000,47.397742,8.545594,-0.033358477,-0.04516104,14.574,0.0,0.0,0.0,0.01,0.0,-0.17999999,0.0,0.0,0.0,0.0,-0.002,0.017,0.087000005,0.020993672,0.0,0.0,0.0,0.0,0.0,0.0,0.0,0.0,0.0,0.0,0.0,0.0,inf,inf,inf,inf,inf,1,1,1,1,0,0,0,0,0,0,1,1,0,0,0,0
1777225954885000,0,1777225642797000,47.397742,8.545594,-0.011119492,-0.05268788,14.579,0.0,0.0,0.0,0.01,0.0,-0.17,0.0,0.0,0.0,0.0,0.0,0.018000001,0.095000006,0.02099452,0.0,0.0,0.0,0.0,0.0,0.0,0.0,0.0,0.0,0.0,0.0,0.0,inf,inf,inf,inf,inf,1,1,1,1,0,0,0,0,0,0,1,1,0,0,0,0
1777225954901000,0,1777225642797000,47.397742,8.545594,-0.022238987,-0.0376342,14.581,0.0,0.0,0.0,0.01,0.0,-0.17,0.0,0.0,0.0,0.0,0.0,0.018000001,0.086,0.020994032,0.0,0.0,0.0,0.0,0.0,0.0,0.0,0.0,0.0,0.0,0.0,0.0,inf,inf,inf,inf,inf,1,1,1,1,0,0,0,0,0,0,1,1,0,0,0,0
1777225954925000,0,1777225642797000,47.397742,8.545594,-0.011119492,-0.0376342,14.586,0.0,0.0,0.0,0.01,0.0,-0.17,0.0,0.0,0.0,0.0,-0.001,0.017,0.09,0.020994205,0.0,0.0,0.0,0.0,0.0,0.0,0.0,0.0,0.0,0.0,0.0,0.0,inf,inf,inf,inf,inf,1,1,1,1,0,0,0,0,0,0,1,1,0,0,0,0
1777225954949000,0,1777225642797000,47.397742,8.545594,0.0,-0.0376342,14.590001,0.0,0.0,0.0,0.01,0.0,-0.17,0.0,0.0,0.0,0.0,-0.002,0.017,0.078,0.020995002,0.0,0.0,0.0,0.0,0.0,0.0,0.0,0.0,0.0,0.0,0.0,0.0,inf,inf,inf,inf,inf,1,1,1,1,0,0,0,0,0,0,1,1,0,0,0,0
1777225954965000,0,1777225642797000,47.397742,8.545594,0.0,-0.04516104,14.593,0.0,0.0,0.0,0.01,0.0,-0.17,0.0,0.0,0.0,0.0,-0.001,0.018000001,0.085,0.020995568,0.0,0.0,0.0,0.0,0.0,0.0,0.0,0.0,0.0,0.0,0.0,0.0,inf,inf,inf,inf,inf,1,1,1,1,0,0,0,0,0,0,1,1,0,0,0,0
1777225954981000,0,1777225642797000,47.397742,8.545594,0.0,-0.04516104,14.595,0.0,0.0,0.0,0.01,0.0,-0.17,0.0,0.0,0.0,0.0,-0.001,0.018000001,0.07700001,0.020997092,0.0,0.0,0.0,0.0,0.0,0.0,0.0,0.0,0.0,0.0,0.0,0.0,inf,inf,inf,inf,inf,1,1,1,1,0,0,0,0,0,0,1,1,0,0,0,0
1777225955005000,0,1777225642797000,47.397742,8.545594,3.5366154e-10,-0.05268788,14.599001,0.0,0.0,0.0,0.01,0.0,-0.16,0.0,0.0,0.0,0.0,-0.003,0.017,0.082,0.021001669,0.0,0.0,0.0,0.0,0.0,0.0,0.0,0.0,0.0,0.0,0.0,0.0,inf,inf,inf,inf,inf,1,1,1,1,0,0,0,0,0,0,1,1,0,0,0,0
1777225955029000,0,1777225642797000,47.397742,8.545594,-0.011119492,-0.04516104,14.603001,0.0,0.0,0.0,0.01,0.0,-0.16,0.0,0.0,0.0,0.0,-0.004,0.016,0.072000004,0.021007532,0.0,0.0,0.0,0.0,0.0,0.0,0.0,0.0,0.0,0.0,0.0,0.0,inf,inf,inf,inf,inf,1,1,1,1,0,0,0,0,0,0,1,1,0,0,0,0
1777225955045000,0,1777225642797000,47.397742,8.545594,-0.011119492,-0.04516104,14.606001,0.0,0.0,0.0,0.01,0.0,-0.16,0.0,0.0,0.0,0.0,-0.004,0.016,0.076000005,0.021012882,0.0,0.0,0.0,0.0,0.0,0.0,0.0,0.0,0.0,0.0,0.0,0.0,inf,inf,inf,inf,inf,1,1,1,1,0,0,0,0,0,0,1,1,0,0,0,0
1777225955061000,0,1777225642797000,47.397742,8.545594,-0.011119492,-0.04516104,14.609001,0.0,0.0,0.0,0.01,0.0,-0.16,0.0,0.0,0.0,0.0,-0.003,0.015000001,0.07,0.021018377,0.0,0.0,0.0,0.0,0.0,0.0,0.0,0.0,0.0,0.0,0.0,0.0,inf,inf,inf,inf,inf,1,1,1,1,0,0,0,0,0,0,1,1,0,0,0,0
1777225955085000,0,1777225642797000,47.397742,8.545594,0.0,-0.04516104,14.613001,0.0,0.0,0.0,0.01,0.0,-0.16,0.0,0.0,0.0,0.0,-0.002,0.015000001,0.078,0.021026213,0.0,0.0,0.0,0.0,0.0,0.0,0.0,0.0,0.0,0.0,0.0,0.0,inf,inf,inf,inf,inf,1,1,1,1,0,0,0,0,0,0,1,1,0,0,0,0
1777225955101000,0,1777225642797000,47.397742,8.545594,0.0,-0.0376342,14.615001,0.0,0.0,0.0,0.01,0.0,-0.16,0.0,0.0,0.0,0.0,-0.002,0.015000001,0.07300001,0.021032428,0.0,0.0,0.0,0.0,0.0,0.0,0.0,0.0,0.0,0.0,0.0,0.0,inf,inf,inf,inf,inf,1,1,1,1,0,0,0,0,0,0,1,1,0,0,0,0
1777225955125000,0,1777225642797000,47.397742,8.545594,-0.011119492,-0.03010736,14.619,0.0,0.0,0.0,0.01,0.0,-0.14999999,0.0,0.0,0.0,0.0,-0.002,0.014,0.080000006,0.021043047,0.0,0.0,0.0,0.0,0.0,0.0,0.0,0.0,0.0,0.0,0.0,0.0,inf,inf,inf,inf,inf,1,1,1,1,0,0,0,0,0,0,1,1,0,0,0,0
1777225955141000,0,1777225642797000,47.397742,8.545594,-0.011119492,-0.03010736,14.622001,0.0,0.0,0.0,0.01,0.0,-0.14999999,0.0,0.0,0.0,0.0,-0.003,0.013,0.072000004,0.021051152,0.0,0.0,0.0,0.0,0.0,0.0,0.0,0.0,0.0,0.0,0.0,0.0,inf,inf,inf,inf,inf,1,1,1,1,0,0,0,0,0,0,1,1,0,0,0,0
1777225955165000,0,1777225642797000,47.397742,8.545594,-0.011119492,-0.03010736,14.626,0.0,0.0,0.0,0.01,0.0,-0.14999999,0.0,0.0,0.0,0.0,-0.001,0.014,0.07700001,0.021064965,0.0,0.0,0.0,0.0,0.0,0.0,0.0,0.0,0.0,0.0,0.0,0.0,inf,inf,inf,inf,inf,1,1,1,1,0,0,0,0,0,0,1,1,0,0,0,0
1777225955181000,0,1777225642797000,47.397742,8.545594,-0.011119492,-0.0376342,14.628,0.0,0.0,0.0,0.01,0.0,-0.14999999,0.0,0.0,0.0,0.0,-0.002,0.012,0.071,0.021075875,0.0,0.0,0.0,0.0,0.0,0.0,0.0,0.0,0.0,0.0,0.0,0.0,inf,inf,inf,inf,inf,1,1,1,1,0,0,0,0,0,0,1,1,0,0,0,0
1777225955205000,0,1777225642797000,47.397742,8.545594,0.0,-0.0376342,14.632001,0.0,0.0,0.0,0.01,0.0,-0.14999999,0.0,0.0,0.0,0.0,-0.003,0.013,0.132,0.021090334,0.0,0.0,0.0,0.0,0.0,0.0,0.0,0.0,0.0,0.0,0.0,0.0,inf,inf,inf,inf,inf,1,1,1,1,0,0,0,0,0,0,1,1,0,0,0,0
1777225955221000,0,1777225642797000,47.397742,8.545594,-0.011119492,-0.03010736,14.634001,0.0,0.0,0.0,0.01,0.0,-0.14,0.0,0.0,0.0,0.0,-0.0050000004,0.011000001,0.23200001,0.021095283,0.0,0.0,0.0,0.0,0.0,0.0,0.0,0.0,0.0,0.0,0.0,0.0,inf,inf,inf,inf,inf,1,1,1,1,0,0,0,0,0,0,1,1,0,0,0,0
1777225955245000,0,1777225642797000,47.397742,8.545594,-0.011119492,-0.0376342,14.6380005,0.0,0.0,0.0,0.01,0.0,-0.14,0.0,0.0,0.0,0.0,-0.0050000004,0.011000001,0.296,0.02109252,0.0,0.0,0.0,0.0,0.0,0.0,0.0,0.0,0.0,0.0,0.0,0.0,inf,inf,inf,inf,inf,1,1,1,1,0,0,0,0,0,0,1,1,0,0,0,0
1777225955269000,0,1777225642797000,47.397742,8.545594,-0.011119492,-0.04516104,14.641001,0.0,0.0,0.0,0.01,0.0,-0.13,0.0,0.0,0.0,0.0,-0.004,0.010000001,0.45600003,0.021077516,0.0,0.0,0.0,0.0,0.0,0.0,0.0,0.0,0.0,0.0,0.0,0.0,inf,inf,inf,inf,inf,1,1,1,1,0,0,0,0,0,0,1,1,0,0,0,0
1777225955285000,0,1777225642797000,47.397742,8.545594,-0.011119492,-0.04516104,14.643001,0.0,0.0,0.0,0.01,0.0,-0.12,0.0,0.0,0.0,0.0,-0.0050000004,0.010000001,0.45700002,0.021060785,0.0,0.0,0.0,0.0,0.0,0.0,0.0,0.0,0.0,0.0,0.0,0.0,inf,inf,inf,inf,inf,1,1,1,1,0,0,0,0,0,0,1,1,0,0,0,0
1777225955309000,0,1777225642797000,47.397742,8.545594,0.0,-0.04516104,14.646001,0.0,0.0,0.0,0.01,0.0,-0.11,0.0,0.0,0.0,0.0,-0.0050000004,0.011000001,0.629,0.021027636,0.0,0.0,0.0,0.0,0.0,0.0,0.0,0.0,0.0,0.0,0.0,0.0,inf,inf,inf,inf,inf,1,1,1,1,0,0,0,0,0,0,1,1,0,0,0,0
1777225955325000,0,1777225642797000,47.397742,8.545594,-0.011119492,-0.04516104,14.648001,0.0,0.0,0.0,0.01,0.0,-0.099999994,0.0,0.0,0.0,0.0,-0.0050000004,0.011000001,0.623,0.02100278,0.0,0.0,0.0,0.0,0.0,0.0,0.0,0.0,0.0,0.0,0.0,0.0,inf,inf,inf,inf,inf,1,1,1,1,0,0,0,0,0,0,1,1,0,0,0,0
1777225955349000,0,1777225642797000,47.397742,8.545594,-0.011119492,-0.0376342,14.650001,0.0,0.0,0.0,0.01,0.0,-0.08,0.0,0.0,0.0,0.0,-0.006,0.009000001,0.79700005,0.020962385,0.0,0.0,0.0,0.0,0.0,0.0,0.0,0.0,0.0,0.0,0.0,0.0,inf,inf,inf,inf,inf,1,1,1,1,0,0,0,0,0,0,1,1,0,0,0,0
1777225955365000,0,1777225642797000,47.397742,8.545594,-0.011119492,-0.0376342,14.651001,0.0,0.0,0.0,0.01,0.0,-0.07,0.0,0.0,0.0,0.0,-0.006,0.009000001,0.78200006,0.020933527,0.0,0.0,0.0,0.0,0.0,0.0,0.0,0.0,0.0,0.0,0.0,0.0,inf,inf,inf,inf,inf,1,1,1,1,0,0,0,0,0,0,1,1,0,0,0,0
1777225955389000,0,1777225642797000,47.397742,8.545594,-0.022238987,-0.03010736,14.653001,0.0,0.0,0.0,0.01,0.0,-0.04,0.0,0.0,0.0,0.0,-0.008,0.008,0.96800005,0.0208907,0.0,0.0,0.0,0.0,0.0,0.0,0.0,0.0,0.0,0.0,0.0,0.0,inf,inf,inf,inf,inf,1,1,1,1,0,0,0,0,0,0,1,1,0,0,0,0
1777225955405000,0,1777225642797000,47.397742,8.545594,-0.022238987,-0.0376342,14.653001,0.0,0.0,0.0,0.01,0.0,-0.03,0.0,0.0,0.0,0.0,-0.008,0.009000001,0.94200003,0.020862589,0.0,0.0,0.0,0.0,0.0,0.0,0.0,0.0,0.0,0.0,0.0,0.0,inf,inf,inf,inf,inf,1,1,1,1,0,0,0,0,0,0,1,1,0,0,0,0
1777225955429000,0,1777225642797000,47.397742,8.545594,-0.011119492,-0.03010736,14.654,0.0,0.0,0.0,0.01,0.0,0.0,0.0,0.0,0.0,0.0,-0.011000001,0.009000001,1.1370001,0.02082016,0.0,0.0,0.0,0.0,0.0,0.0,0.0,0.0,0.0,0.0,0.0,0.0,inf,inf,inf,inf,inf,1,1,1,1,0,0,0,0,0,0,1,1,0,0,0,0
1777225955445000,0,1777225642797000,47.397742,8.545594,-0.022238987,-0.02258052,14.654,0.0,0.0,0.0,0.01,0.0,0.0,0.0,0.0,0.0,0.0,-0.012,0.010000001,1.0990001,0.02079064,0.0,0.0,0.0,0.0,0.0,0.0,0.0,0.0,0.0,0.0,0.0,0.0,inf,inf,inf,inf,inf,1,1,1,1,0,0,0,0,0,0,1,1,0,0,0,0
1777225955469000,0,1777225642797000,47.397742,8.545594,-0.022238987,-0.0376342,14.654,0.0,0.0,0.0,0.01,0.0,0.03,0.0,0.0,0.0,0.0,-0.012,0.011000001,1.3050001,0.020744577,0.0,0.0,0.0,0.0,0.0,0.0,0.0,0.0,0.0,0.0,0.0,0.0,inf,inf,inf,inf,inf,1,1,1,1,0,0,0,0,0,0,1,1,0,0,0,0
1777225955485000,0,1777225642797000,47.397742,8.545594,-0.011119492,-0.0376342,14.653001,0.0,0.0,0.0,0.01,0.0,0.049999997,0.0,0.0,0.0,0.0,-0.014,0.013,1.2520001,0.020714276,0.0,0.0,0.0,0.0,0.0,0.0,0.0,0.0,0.0,0.0,0.0,0.0,inf,inf,inf,inf,inf,1,1,1,1,0,0,0,0,0,0,1,1,0,0,0,0
1777225955509000,0,1777225642797000,47.397742,8.545594,-0.011119492,-0.0376342,14.651001,0.0,0.0,0.0,0.01,0.0,0.089999996,0.0,0.0,0.0,0.0,-0.016,0.015000001,1.4690001,0.020671474,0.0,0.0,0.0,0.0,0.0,0.0,0.0,0.0,0.0,0.0,0.0,0.0,inf,inf,inf,inf,inf,1,1,1,1,0,0,0,0,0,0,1,1,0,0,0,0
1777225955525000,0,1777225642797000,47.397742,8.545594,-0.011119492,-0.04516104,14.649001,0.0,0.0,0.0,0.01,0.0,0.11,0.0,0.0,0.0,0.0,-0.016,0.017,1.4080001,0.020644126,0.0,0.0,0.0,0.0,0.0,0.0,0.0,0.0,0.0,0.0,0.0,0.0,inf,inf,inf,inf,inf,1,1,1,1,0,0,0,0,0,0,1,1,0,0,0,0
1777225955549000,0,1777225642797000,47.397742,8.545594,-0.022238987,-0.03010736,14.646001,0.0,0.0,0.0,0.01,0.0,0.14999999,0.0,0.0,0.0,0.0,-0.018000001,0.017,1.6350001,0.020602066,0.0,0.0,0.0,0.0,0.0,0.0,0.0,0.0,0.0,0.0,0.0,0.0,inf,inf,inf,inf,inf,1,1,1,1,0,0,0,0,0,0,1,1,0,0,0,0
1777225955565000,0,1777225642797000,47.397742,8.545594,-0.022238987,-0.0376342,14.644001,0.0,0.0,0.0,0.01,0.0,0.17,0.0,0.0,0.0,0.0,-0.020000001,0.017,1.562,0.020573385,0.0,0.0,0.0,0.0,0.0,0.0,0.0,0.0,0.0,0.0,0.0,0.0,inf,inf,inf,inf,inf,1,1,1,1,0,0,0,0,0,0,1,1,0,0,0,0
1777225955589000,0,1777225642797000,47.397742,8.545594,-0.022238987,-0.04516104,14.639001,0.0,0.0,0.0,0.01,0.0,0.22,0.0,0.0,0.0,0.0,-0.018000001,0.019000001,1.8000001,0.020532284,0.0,0.0,0.0,0.0,0.0,0.0,0.0,0.0,0.0,0.0,0.0,0.0,inf,inf,inf,inf,inf,1,1,1,1,0,0,0,0,0,0,1,1,0,0,0,0
1777225955605000,0,1777225642797000,47.397742,8.545594,-0.022238987,-0.04516104,14.635,0.0,0.0,0.0,0.01,0.0,0.24,0.0,0.0,0.0,0.0,-0.018000001,0.022000002,1.718,0.020508034,0.0,0.0,0.0,0.0,0.0,0.0,0.0,0.0,0.0,0.0,0.0,0.0,inf,inf,inf,inf,inf,1,1,1,1,0,0,0,0,0,0,1,1,0,0,0,0
1777225955629000,0,1777225642797000,47.397742,8.545594,-0.022238985,-0.05268788,14.629001,0.0,0.0,0.0,0.01,0.0,0.29,0.0,0.0,0.0,0.0,-0.017,0.023000002,1.963,0.020476092,0.0,0.0,0.0,0.0,0.0,0.0,0.0,0.0,0.0,0.0,0.0,0.0,inf,inf,inf,inf,inf,1,1,1,1,0,0,0,0,0,0,1,1,0,0,0,0
1777225955645000,0,1777225642797000,47.397742,8.545594,-0.022238987,-0.04516104,14.624001,0.0,0.0,0.0,0.01,0.0,0.32,0.0,0.0,0.0,0.0,-0.017,0.024,1.8720001,0.020457057,0.0,0.0,0.0,0.0,0.0,0.0,0.0,0.0,0.0,0.0,0.0,0.0,inf,inf,inf,inf,inf,1,1,1,1,0,0,0,0,0,0,1,1,0,0,0,0
1777225955669000,0,1777225642797000,47.397742,8.545594,-0.011119492,-0.05268788,14.616001,0.0,0.0,0.0,0.0,0.01,0.37,0.0,0.0,0.0,0.0,-0.017,0.024,2.131,0.020431256,0.0,0.0,0.0,0.0,0.0,0.0,0.0,0.0,0.0,0.0,0.0,0.0,inf,inf,inf,inf,inf,1,1,1,1,0,0,0,0,0,0,1,1,0,0,0,0
1777225955685000,0,1777225642797000,47.397742,8.545594,-0.011119492,-0.05268788,14.609001,0.0,0.0,0.0,0.0,0.01,0.39999998,0.0,0.0,0.0,0.0,-0.017,0.025,2.0240002,0.020415984,0.0,0.0,0.0,0.0,0.0,0.0,0.0,0.0,0.0,0.0,0.0,0.0,inf,inf,inf,inf,inf,1,1,1,1,0,0,0,0,0,0,1,1,0,0,0,0
1777225955709000,0,1777225642797000,47.397742,8.545594,0.0,-0.04516104,14.599001,0.0,0.0,0.0,0.0,0.01,0.45999998,0.0,0.0,0.0,0.0,-0.017,0.025,2.288,0.020395938,0.0,0.0,0.0,0.0,0.0,0.0,0.0,0.0,0.0,0.0,0.0,0.0,inf,inf,inf,inf,inf,1,1,1,1,0,0,0,0,0,0,1,1,0,0,0,0
1777225955725000,0,1777225642797000,47.397742,8.545594,0.0,-0.0376342,14.592001,0.0,0.0,0.0,0.0,0.01,0.48999998,0.0,0.0,0.0,0.0,-0.018000001,0.026,2.1750002,0.020383827,0.0,0.0,0.0,0.0,0.0,0.0,0.0,0.0,0.0,0.0,0.0,0.0,inf,inf,inf,inf,inf,1,1,1,1,0,0,0,0,0,0,1,1,0,0,0,0
1777225955749000,0,1777225642797000,47.397742,8.545594,-0.011119492,-0.04516104,14.579,0.0,0.0,0.0,0.0,0.01,0.55,0.0,0.0,0.0,0.0,-0.015000001,0.028,2.459,0.020366956,0.0,0.0,0.0,0.0,0.0,0.0,0.0,0.0,0.0,0.0,0.0,0.0,inf,inf,inf,inf,inf,1,1,1,1,0,0,0,0,0,0,1,1,0,0,0,0
1777225955765000,0,1777225642797000,47.397742,8.545594,-0.011119492,-0.0376342,14.570001,0.0,0.0,0.0,0.0,0.01,0.59,0.0,0.0,0.0,0.0,-0.018000001,0.025,2.332,0.020355584,0.0,0.0,0.0,0.0,0.0,0.0,0.0,0.0,0.0,0.0,0.0,0.0,inf,inf,inf,inf,inf,1,1,1,1,0,0,0,0,0,0,1,1,0,0,0,0
1777225955789000,0,1777225642797000,47.397742,8.545594,-0.022238987,-0.0376342,14.555,0.0,0.0,0.0,0.0,0.01,0.65,0.0,0.0,0.0,0.0,-0.015000001,0.026,2.6260002,0.020337291,0.0,0.0,0.0,0.0,0.0,0.0,0.0,0.0,0.0,0.0,0.0,0.0,inf,inf,inf,inf,inf,1,1,1,1,0,0,0,0,0,0,1,1,0,0,0,0
1777225955805000,0,1777225642797000,47.397742,8.545594,-0.022238987,-0.0376342,14.545001,0.0,0.0,0.0,0.0,0.01,0.69,0.0,0.0,0.0,0.0,-0.016,0.026,2.4840002,0.020324893,0.0,0.0,0.0,0.0,0.0,0.0,0.0,0.0,0.0,0.0,0.0,0.0,inf,inf,inf,inf,inf,1,1,1,1,0,0,0,0,0,0,1,1,0,0,0,0
1777225955829000,0,1777225642797000,47.397742,8.545594,-0.022238987,-0.04516104,14.527,0.0,0.0,0.0,0.0,0.01,0.75,0.0,0.0,0.0,0.0,-0.015000001,0.025,2.6850002,0.020307004,0.0,0.0,0.0,0.0,0.0,0.0,0.0,0.0,0.0,0.0,0.0,0.0,inf,inf,inf,inf,inf,1,1,1,1,0,0,0,0,0,0,1,1,0,0,0,0
1777225955845000,0,1777225642797000,47.397742,8.545594,-0.022238987,-0.04516104,14.515,0.0,0.0,0.0,0.0,0.01,0.78999996,0.0,0.0,0.0,0.0,-0.015000001,0.025,2.502,0.020294882,0.0,0.0,0.0,0.0,0.0,0.0,0.0,0.0,0.0,0.0,0.0,0.0,inf,inf,inf,inf,inf,1,1,1,1,0,0,0,0,0,0,1,1,0,0,0,0
1777225955861000,0,1777225642797000,47.397742,8.545594,-0.022238987,-0.03010736,14.502001,0.0,0.0,0.0,0.0,0.01,0.83,0.0,0.0,0.0,0.0,-0.016,0.023000002,2.492,0.020283708,0.0,0.0,0.0,0.0,0.0,0.0,0.0,0.0,0.0,0.0,0.0,0.0,inf,inf,inf,inf,inf,1,1,1,1,0,0,0,0,0,0,1,1,0,0,0,0
1777225955885000,0,1777225642797000,47.397742,8.545594,-0.011119492,-0.0376342,14.481001,0.0,0.0,0.0,0.0,0.01,0.89,0.0,0.0,0.0,0.0,-0.014,0.025,2.321,0.020266924,0.0,0.0,0.0,0.0,0.0,0.0,0.0,0.0,0.0,0.0,0.0,0.0,inf,inf,inf,inf,inf,1,1,1,1,0,0,0,0,0,0,1,1,0,0,0,0
1777225955909000,0,1777225642797000,47.397742,8.545594,-0.011119492,-0.0376342,14.459001,0.0,0.0,0.0,0.0,0.01,0.95,0.0,0.0,0.0,0.0,-0.011000001,0.027,2.3140001,0.020250993,0.0,0.0,0.0,0.0,0.0,0.0,0.0,0.0,0.0,0.0,0.0,0.0,inf,inf,inf,inf,inf,1,1,1,1,0,0,0,0,0,0,1,1,0,0,0,0
1777225955925000,0,1777225642797000,47.397742,8.545594,-0.011119492,-0.0376342,14.444,0.0,0.0,0.0,0.0,0.01,0.97999996,0.0,0.0,0.0,0.0,-0.013,0.026,2.14,0.02024195,0.0,0.0,0.0,0.0,0.0,0.0,0.0,0.0,0.0,0.0,0.0,0.0,inf,inf,inf,inf,inf,1,1,1,1,0,0,0,0,0,0,1,1,0,0,0,0
1777225955949000,0,1777225642797000,47.397742,8.545594,-0.011119492,-0.03010736,14.419001,0.0,0.0,0.0,0.0,0.01,1.03,0.0,0.0,0.0,0.0,-0.011000001,0.027,2.141,0.020230437,0.0,0.0,0.0,0.0,0.0,0.0,0.0,0.0,0.0,0.0,0.0,0.0,inf,inf,inf,inf,inf,1,1,1,1,0,0,0,0,0,0,1,1,0,0,0,0
1777225955965000,0,1777225642797000,47.397742,8.545594,0.0,-0.03010736,14.403001,0.0,0.0,0.0,0.0,0.01,1.0699999,0.0,0.0,0.0,0.0,-0.008,0.030000001,1.9770001,0.020225486,0.0,0.0,0.0,0.0,0.0,0.0,0.0,0.0,0.0,0.0,0.0,0.0,inf,inf,inf,inf,inf,1,1,1,1,0,0,0,0,0,0,1,1,0,0,0,0
1777225955981000,0,1777225642797000,47.397742,8.545594,0.0,-0.0376342,14.385,0.0,0.0,0.0,0.0,0.01,1.1,0.0,0.0,0.0,0.0,-0.008,0.031000001,1.9590001,0.020224558,0.0,0.0,0.0,0.0,0.0,0.0,0.0,0.0,0.0,0.0,0.0,0.0,inf,inf,inf,inf,inf,1,1,1,1,0,0,0,0,0,0,1,1,0,0,0,0
1777225956005000,0,1777225642797000,47.397742,8.545594,0.0,-0.03010736,14.358001,0.0,0.0,0.0,0.0,0.01,1.14,0.0,0.0,0.0,0.0,-0.008,0.032,1.8050001,0.020230928,0.0,0.0,0.0,0.0,0.0,0.0,0.0,0.0,0.0,0.0,0.0,0.0,inf,inf,inf,inf,inf,1,1,1,1,0,0,0,0,0,0,1,1,0,0,0,0
1777225956029000,0,1777225642797000,47.397742,8.545594,0.011119492,-0.03010736,14.330001,0.0,0.0,0.0,0.0,0.02,1.1899999,0.0,0.0,0.0,0.0,-0.008,0.032,1.7990001,0.020244934,0.0,0.0,0.0,0.0,0.0,0.0,0.0,0.0,0.0,0.0,0.0,0.0,inf,inf,inf,inf,inf,1,1,1,1,0,0,0,0,0,0,1,1,0,0,0,0
1777225956045000,0,1777225642797000,47.397742,8.545594,0.0,-0.03010736,14.311001,0.0,0.0,0.0,0.0,0.02,1.22,0.0,0.0,0.0,0.0,-0.010000001,0.030000001,1.639,0.020259535,0.0,0.0,0.0,0.0,0.0,0.0,0.0,0.0,0.0,0.0,0.0,0.0,inf,inf,inf,inf,inf,1,1,1,1,0,0,0,0,0,0,1,1,0,0,0,0
1777225956069000,0,1777225642797000,47.397742,8.545594,0.011119492,-0.03010736,14.281001,0.0,0.0,0.0,0.0,0.02,1.25,0.0,0.0,0.0,0.0,-0.009000001,0.031000001,1.6300001,0.020288723,0.0,0.0,0.0,0.0,0.0,0.0,0.0,0.0,0.0,0.0,0.0,0.0,inf,inf,inf,inf,inf,1,1,1,1,0,0,0,0,0,0,1,1,0,0,0,0
1777225956085000,0,1777225642797000,47.397742,8.545594,0.0,-0.03010736,14.261001,0.0,0.0,0.0,0.0,0.02,1.28,0.0,0.0,0.0,0.0,-0.007,0.033,1.478,0.020312,0.0,0.0,0.0,0.0,0.0,0.0,0.0,0.0,0.0,0.0,0.0,0.0,inf,inf,inf,inf,inf,1,1,1,1,0,0,0,0,0,0,1,1,0,0,0,0
1777225956109000,0,1777225642797000,47.397742,8.545594,0.0,-0.03010736,14.2300005,0.0,0.0,0.0,0.0,0.02,1.3199999,0.0,0.0,0.0,0.0,-0.008,0.029000001,1.47,0.020349247,0.0,0.0,0.0,0.0,0.0,0.0,0.0,0.0,0.0,0.0,0.0,0.0,inf,inf,inf,inf,inf,1,1,1,1,0,0,0,0,0,0,1,1,0,0,0,0
1777225956125000,0,1777225642797000,47.397742,8.545594,0.0,-0.0376342,14.209001,0.0,0.0,0.0,0.0,0.02,1.3399999,0.0,0.0,0.0,0.0,-0.008,0.028,1.327,0.020374987,0.0,0.0,0.0,0.0,0.0,0.0,0.0,0.0,0.0,0.0,0.0,0.0,inf,inf,inf,inf,inf,1,1,1,1,0,0,0,0,0,0,1,1,0,0,0,0
1777225956149000,0,1777225642797000,47.397742,8.545594,0.0,-0.0376342,14.176001,0.0,0.0,0.0,0.0,0.02,1.37,0.0,0.0,0.0,0.0,-0.008,0.028,1.3060001,0.020413417,0.0,0.0,0.0,0.0,0.0,0.0,0.0,0.0,0.0,0.0,0.0,0.0,inf,inf,inf,inf,inf,1,1,1,1,0,0,0,0,0,0,1,1,0,0,0,0
1777225956165000,0,1777225642797000,47.397742,8.545594,0.0,-0.0376342,14.154,0.0,0.0,0.0,0.0,0.02,1.39,0.0,0.0,0.0,0.0,-0.009000001,0.025,1.1750001,0.020438185,0.0,0.0,0.0,0.0,0.0,0.0,0.0,0.0,0.0,0.0,0.0,0.0,inf,inf,inf,inf,inf,1,1,1,1,0,0,0,0,0,0,1,1,0,0,0,0
1777225956189000,0,1777225642797000,47.397742,8.545594,0.0,-0.0376342,14.120001,0.0,0.0,0.0,0.0,0.02,1.42,0.0,0.0,0.0,0.0,-0.011000001,0.023000002,1.153,0.020473633,0.0,0.0,0.0,0.0,0.0,0.0,0.0,0.0,0.0,0.0,0.0,0.0,inf,inf,inf,inf,inf,1,1,1,1,0,0,0,0,0,0,1,1,0,0,0,0
1777225956205000,0,1777225642797000,47.397742,8.545594,0.0,-0.0376342,14.097001,0.0,0.0,0.0,0.0,0.02,1.43,0.0,0.0,0.0,0.0,-0.013,0.021000002,1.018,0.020494614,0.0,0.0,0.0,0.0,0.0,0.0,0.0,0.0,0.0,0.0,0.0,0.0,inf,inf,inf,inf,inf,1,1,1,1,0,0,0,0,0,0,1,1,0,0,0,0
1777225956229000,0,1777225642797000,47.397742,8.545594,0.0,-0.03010736,14.063001,0.0,0.0,0.0,0.0,0.02,1.4599999,0.0,0.0,0.0,0.0,-0.012,0.023000002,0.99500006,0.020521104,0.0,0.0,0.0,0.0,0.0,0.0,0.0,0.0,0.0,0.0,0.0,0.0,inf,inf,inf,inf,inf,1,1,1,1,0,0,0,0,0,0,1,1,0,0,0,0
1777225956245000,0,1777225642797000,47.397742,8.545594,0.0,-0.02258052,14.0390005,0.0,0.0,0.0,0.0,0.02,1.4699999,0.0,0.0,0.0,0.0,-0.014,0.020000001,0.86300004,0.02053509,0.0,0.0,0.0,0.0,0.0,0.0,0.0,0.0,0.0,0.0,0.0,0.0,inf,inf,inf,inf,inf,1,1,1,1,0,0,0,0,0,0,1,1,0,0,0,0
1777225956261000,0,1777225642797000,47.397742,8.545594,0.0,-0.02258052,14.015,0.0,0.0,0.0,0.0,0.02,1.49,0.0,0.0,0.0,0.0,-0.016,0.020000001,0.836,0.020546542,0.0,0.0,0.0,0.0,0.0,0.0,0.0,0.0,0.0,0.0,0.0,0.0,inf,inf,inf,inf,inf,1,1,1,1,0,0,0,0,0,0,1,1,0,0,0,0
1777225956285000,0,1777225642797000,47.397742,8.545594,0.0,-0.02258052,13.979001,0.0,0.0,0.0,0.0,0.02,1.51,0.0,0.0,0.0,0.0,-0.017,0.019000001,0.712,0.02055909,0.0,0.0,0.0,0.0,0.0,0.0,0.0,0.0,0.0,0.0,0.0,0.0,inf,inf,inf,inf,inf,1,1,1,1,0,0,0,0,0,0,1,1,0,0,0,0
1777225956301000,0,1777225642797000,47.397742,8.545594,0.0,-0.03010736,13.955001,0.0,0.0,0.0,0.0,0.02,1.52,0.0,0.0,0.0,0.0,-0.014,0.022000002,0.679,0.020566883,0.0,0.0,0.0,0.0,0.0,0.0,0.0,0.0,0.0,0.0,0.0,0.0,inf,inf,inf,inf,inf,1,1,1,1,0,0,0,0,0,0,1,1,0,0,0,0
1777225956325000,0,1777225642797000,47.397742,8.545594,0.0,-0.01505368,13.918,0.0,0.0,0.0,0.0,0.02,1.53,0.0,0.0,0.0,0.0,-0.017,0.022000002,0.559,0.020579312,0.0,0.0,0.0,0.0,0.0,0.0,0.0,0.0,0.0,0.0,0.0,0.0,inf,inf,inf,inf,inf,1,1,1,1,0,0,0,0,0,0,1,1,0,0,0,0
1777225956341000,0,1777225642797000,47.397742,8.545594,0.0,-0.02258052,13.894001,0.0,0.0,0.0,0.0,0.02,1.54,0.0,0.0,0.0,0.0,-0.017,0.024,0.52000004,0.0205894,0.0,0.0,0.0,0.0,0.0,0.0,0.0,0.0,0.0,0.0,0.0,0.0,inf,inf,inf,inf,inf,1,1,1,1,0,0,0,0,0,0,1,1,0,0,0,0
1777225956365000,0,1777225642797000,47.397742,8.545594,0.0,-0.02258052,13.857,0.0,0.0,0.0,0.0,0.02,1.55,0.0,0.0,0.0,0.0,-0.015000001,0.026,0.4,0.020607745,0.0,0.0,0.0,0.0,0.0,0.0,0.0,0.0,0.0,0.0,0.0,0.0,inf,inf,inf,inf,inf,1,1,1,1,0,0,0,0,0,0,1,1,0,0,0,0
1777225956389000,0,1777225642797000,47.397742,8.545594,0.0,-0.00752684,13.819,0.0,0.0,0.0,0.0,0.02,1.56,0.0,0.0,0.0,0.0,-0.012,0.029000001,0.347,0.020630604,0.0,0.0,0.0,0.0,0.0,0.0,0.0,0.0,0.0,0.0,0.0,0.0,inf,inf,inf,inf,inf,1,1,1,1,0,0,0,0,0,0,1,1,0,0,0,0
1777225956405000,0,1777225642797000,47.397742,8.545594,0.0,-0.02258052,13.794001,0.0,0.0,0.0,0.0,0.02,1.56,0.0,0.0,0.0,0.0,-0.013,0.028,0.245,0.020649541,0.0,0.0,0.0,0.0,0.0,0.0,0.0,0.0,0.0,0.0,0.0,0.0,inf,inf,inf,inf,inf,1,1,1,1,0,0,0,0,0,0,1,1,0,0,0,0
1777225956429000,0,1777225642797000,47.397742,8.545594,0.0,-0.02258052,13.7560005,0.0,0.0,0.0,0.0,0.03,1.5699999,0.0,0.0,0.0,0.0,-0.012,0.028,0.187,0.020682778,0.0,0.0,0.0,0.0,0.0,0.0,0.0,0.0,0.0,0.0,0.0,0.0,inf,inf,inf,inf,inf,1,1,1,1,0,0,0,0,0,0,1,1,0,0,0,0
1777225956445000,0,1777225642797000,47.397742,8.545594,-0.011119492,-0.02258052,13.731001,0.0,0.0,0.0,0.0,0.03,1.5699999,0.0,0.0,0.0,0.0,-0.016,0.023000002,0.096,0.02070889,0.0,0.0,0.0,0.0,0.0,0.0,0.0,0.0,0.0,0.0,0.0,0.0,inf,inf,inf,inf,inf,1,1,1,1,0,0,0,0,0,0,1,1,0,0,0,0
1777225956461000,0,1777225642797000,47.397742,8.545594,-0.011119492,-0.02258052,13.706,0.0,0.0,0.0,0.0,0.03,1.5699999,0.0,0.0,0.0,0.0,-0.016,0.024,0.048,0.020736624,0.0,0.0,0.0,0.0,0.0,0.0,0.0,0.0,0.0,0.0,0.0,0.0,inf,inf,inf,inf,inf,1,1,1,1,0,0,0,0,0,0,1,1,0,0,0,0
1777225956485000,0,1777225642797000,47.397742,8.545594,-0.011119492,-0.02258052,13.668,0.0,0.0,0.0,0.0,0.03,1.5699999,0.0,0.0,0.0,0.0,-0.017,0.022000002,-0.064,0.020781402,0.0,0.0,0.0,0.0,0.0,0.0,0.0,0.0,0.0,0.0,0.0,0.0,inf,inf,inf,inf,inf,1,1,1,1,0,0,0,0,0,0,1,1,0,0,0,0
1777225956501000,0,1777225642797000,47.397742,8.545594,-0.011119492,-0.03010736,13.643001,0.0,0.0,0.0,0.0,0.03,1.5699999,0.0,0.0,0.0,0.0,-0.013,0.025,-0.032,0.020812165,0.0,0.0,0.0,0.0,0.0,0.0,0.0,0.0,0.0,0.0,0.0,0.0,inf,inf,inf,inf,inf,1,1,1,1,0,0,0,0,0,0,1,1,0,0,0,0
1777225956525000,0,1777225642797000,47.397742,8.545594,0.0,-0.03010736,13.6050005,0.0,0.0,0.0,0.0,0.03,1.5699999,0.0,0.0,0.0,0.0,-0.011000001,0.027,-0.07,0.020861628,0.0,0.0,0.0,0.0,0.0,0.0,0.0,0.0,0.0,0.0,0.0,0.0,inf,inf,inf,inf,inf,1,1,1,1,0,0,0,0,0,0,1,1,0,0,0,0
1777225956549000,0,1777225642797000,47.397742,8.545594,0.011119492,-0.02258052,13.567,0.0,0.0,0.0,0.0,0.03,1.5699999,0.0,0.0,0.0,0.0,-0.013,0.024,0.016,0.020911817,0.0,0.0,0.0,0.0,0.0,0.0,0.0,0.0,0.0,0.0,0.0,0.0,inf,inf,inf,inf,inf,1,1,1,1,0,0,0,0,0,0,1,1,0,0,0,0
1777225956565000,0,1777225642797000,47.397742,8.545594,0.011119492,-0.03010736,13.542001,0.0,0.0,0.0,0.0,0.03,1.5699999,0.0,0.0,0.0,0.0,-0.013,0.024,-0.051000003,0.020945577,0.0,0.0,0.0,0.0,0.0,0.0,0.0,0.0,0.0,0.0,0.0,0.0,inf,inf,inf,inf,inf,1,1,1,1,0,0,0,0,0,0,1,1,0,0,0,0
1777225956589000,0,1777225642797000,47.397742,8.545594,0.0,-0.01505368,13.504001,0.0,0.0,0.0,0.0,0.03,1.5699999,0.0,0.0,0.0,0.0,-0.017,0.018000001,0.029000001,0.02099683,0.0,0.0,0.0,0.0,0.0,0.0,0.0,0.0,0.0,0.0,0.0,0.0,inf,inf,inf,inf,inf,1,1,1,1,0,0,0,0,0,0,1,1,0,0,0,0
1777225956605000,0,1777225642797000,47.397742,8.545594,0.0,-0.02258052,13.479001,0.0,0.0,0.0,0.0,0.03,1.5699999,0.0,0.0,0.0,0.0,-0.019000001,0.016,-0.045,0.021033088,0.0,0.0,0.0,0.0,0.0,0.0,0.0,0.0,0.0,0.0,0.0,0.0,inf,inf,inf,inf,inf,1,1,1,1,0,0,0,0,0,0,1,1,0,0,0,0
1777225956629000,0,1777225642797000,47.397742,8.545594,0.0,-0.01505368,13.441001,0.0,0.0,0.0,0.0,0.03,1.5699999,0.0,0.0,0.0,0.0,-0.016,0.016,0.037,0.02108942,0.0,0.0,0.0,0.0,0.0,0.0,0.0,0.0,0.0,0.0,0.0,0.0,inf,inf,inf,inf,inf,1,1,1,1,0,0,0,0,0,0,1,1,0,0,0,0
1777225956645000,0,1777225642797000,47.397742,8.545594,0.0,-0.02258052,13.416,0.0,0.0,0.0,0.0,0.03,1.5699999,0.0,0.0,0.0,0.0,-0.019000001,0.015000001,-0.033,0.02112893,0.0,0.0,0.0,0.0,0.0,0.0,0.0,0.0,0.0,0.0,0.0,0.0,inf,inf,inf,inf,inf,1,1,1,1,0,0,0,0,0,0,1,1,0,0,0,0
1777225956661000,0,1777225642797000,47.397742,8.545594,0.0,-0.01505368,13.391001,0.0,0.0,0.0,0.0,0.03,1.5699999,0.0,0.0,0.0,0.0,-0.022000002,0.015000001,0.012,0.021170015,0.0,0.0,0.0,0.0,0.0,0.0,0.0,0.0,0.0,0.0,0.0,0.0,inf,inf,inf,inf,inf,1,1,1,1,0,0,0,0,0,0,1,1,0,0,0,0
1777225956685000,0,1777225642797000,47.397742,8.545594,0.0,-0.01505368,13.353001,0.0,0.0,0.0,0.0,0.03,1.5699999,0.0,0.0,0.0,0.0,-0.018000001,0.016,-0.028,0.021233123,0.0,0.0,0.0,0.0,0.0,0.0,0.0,0.0,0.0,0.0,0.0,0.0,inf,inf,inf,inf,inf,1,1,1,1,0,0,0,0,0,0,1,1,0,0,0,0
1777225956709000,0,1777225642797000,47.397742,8.545594,0.0,-0.01505368,13.315001,0.0,0.0,0.0,0.0,0.03,1.5699999,0.0,0.0,0.0,0.0,-0.019000001,0.013,0.048,0.021293668,0.0,0.0,0.0,0.0,0.0,0.0,0.0,0.0,0.0,0.0,0.0,0.0,inf,inf,inf,inf,inf,1,1,1,1,0,0,0,0,0,0,1,1,0,0,0,0
1777225956725000,0,1777225642797000,47.397742,8.545594,0.0,0.0,13.290001,0.0,0.0,0.0,0.0,0.03,1.5699999,0.0,0.0,0.0,0.0,-0.021000002,0.012,-0.025,0.021331716,0.0,0.0,0.0,0.0,0.0,0.0,0.0,0.0,0.0,0.0,0.0,0.0,inf,inf,inf,inf,inf,1,1,1,1,0,0,0,0,0,0,1,1,0,0,0,0
1777225956749000,0,1777225642797000,47.397742,8.545594,0.0,-0.00752684,13.252001,0.0,0.0,0.0,0.0,0.03,1.5699999,0.0,0.0,0.0,0.0,-0.020000001,0.012,0.052,0.02138334,0.0,0.0,0.0,0.0,0.0,0.0,0.0,0.0,0.0,0.0,0.0,0.0,inf,inf,inf,inf,inf,1,1,1,1,0,0,0,0,0,0,1,1,0,0,0,0
1777225956765000,0,1777225642797000,47.397742,8.545594,0.0,-0.00752684,13.226001,0.0,0.0,0.0,0.0,0.03,1.5699999,0.0,0.0,0.0,0.0,-0.021000002,0.009000001,-0.020000001,0.021414172,0.0,0.0,0.0,0.0,0.0,0.0,0.0,0.0,0.0,0.0,0.0,0.0,inf,inf,inf,inf,inf,1,1,1,1,0,0,0,0,0,0,1,1,0,0,0,0
1777225956789000,0,1777225642797000,47.397742,8.545594,0.0,0.0,13.189001,0.0,0.0,0.0,0.0,0.03,1.5699999,0.0,0.0,0.0,0.0,-0.020000001,0.008,0.046000004,0.021456035,0.0,0.0,0.0,0.0,0.0,0.0,0.0,0.0,0.0,0.0,0.0,0.0,inf,inf,inf,inf,inf,1,1,1,1,0,0,0,0,0,0,1,1,0,0,0,0
1777225956805000,0,1777225642797000,47.397742,8.545594,-0.011119492,-0.00752684,13.163001,0.0,0.0,0.0,0.0,0.03,1.5699999,0.0,0.0,0.0,0.0,-0.020000001,0.009000001,-0.027,0.021480216,0.0,0.0,0.0,0.0,0.0,0.0,0.0,0.0,0.0,0.0,0.0,0.0,inf,inf,inf,inf,inf,1,1,1,1,0,0,0,0,0,0,1,1,0,0,0,0
1777225956829000,0,1777225642797000,47.397742,8.545594,0.0,0.0,13.125001,0.0,0.0,0.0,0.0,0.03,1.5799999,0.0,0.0,0.0,0.0,-0.018000001,0.008,0.047000002,0.021510301,0.0,0.0,0.0,0.0,0.0,0.0,0.0,0.0,0.0,0.0,0.0,0.0,inf,inf,inf,inf,inf,1,1,1,1,0,0,0,0,0,0,1,1,0,0,0,0
1777225956845000,0,1777225642797000,47.397742,8.545594,0.0,0.0,13.1,0.0,0.0,0.0,0.0,0.03,1.5799999,0.0,0.0,0.0,0.0,-0.015000001,0.010000001,-0.028,0.02152544,0.0,0.0,0.0,0.0,0.0,0.0,0.0,0.0,0.0,0.0,0.0,0.0,inf,inf,inf,inf,inf,1,1,1,1,0,0,0,0,0,0,1,1,0,0,0,0
1777225956861000,0,1777225642797000,47.397742,8.545594,-0.011119492,0.0,13.075001,0.0,0.0,0.0,0.0,0.03,1.5799999,0.0,0.0,0.0,0.0,-0.014,0.010000001,0.011000001,0.021537207,0.0,0.0,0.0,0.0,0.0,0.0,0.0,0.0,0.0,0.0,0.0,0.0,inf,inf,inf,inf,inf,1,1,1,1,0,0,0,0,0,0,1,1,0,0,0,0
1777225956885000,0,1777225642797000,47.397742,8.545594,0.011119492,0.00752684,13.037001,0.0,0.0,0.0,0.0,0.03,1.5799999,0.0,0.0,0.0,0.0,-0.014,0.006,-0.030000001,0.021548716,0.0,0.0,0.0,0.0,0.0,0.0,0.0,0.0,0.0,0.0,0.0,0.0,inf,inf,inf,inf,inf,1,1,1,1,0,0,0,0,0,0,1,1,0,0,0,0
1777225956909000,0,1777225642797000,47.397742,8.545594,0.0,0.0,12.999001,0.0,0.0,0.0,0.0,0.03,1.5799999,0.0,0.0,0.0,0.0,-0.017,0.004,0.046000004,0.021553239,0.0,0.0,0.0,0.0,0.0,0.0,0.0,0.0,0.0,0.0,0.0,0.0,inf,inf,inf,inf,inf,1,1,1,1,0,0,0,0,0,0,1,1,0,0,0,0
1777225956925000,0,1777225642797000,47.397742,8.545594,0.0,0.00752684,12.974001,0.0,0.0,0.0,0.0,0.03,1.5799999,0.0,0.0,0.0,0.0,-0.018000001,0.001,-0.025,0.021554217,0.0,0.0,0.0,0.0,0.0,0.0,0.0,0.0,0.0,0.0,0.0,0.0,inf,inf,inf,inf,inf,1,1,1,1,0,0,0,0,0,0,1,1,0,0,0,0
1777225956941000,0,1777225642797000,47.397742,8.545594,-0.011119492,0.00752684,12.948001,0.0,0.0,0.0,0.0,0.03,1.5799999,0.0,0.0,0.0,0.0,-0.014,0.002,0.014,0.021552647,0.0,0.0,0.0,0.0,0.0,0.0,0.0,0.0,0.0,0.0,0.0,0.0,inf,inf,inf,inf,inf,1,1,1,1,0,0,0,0,0,0,1,1,0,0,0,0
1777225956965000,0,1777225642797000,47.397742,8.545594,-0.011119492,-0.00752684,12.910001,0.0,0.0,0.0,0.0,0.03,1.5799999,0.0,0.0,0.0,0.0,-0.018000001,-0.002,-0.028,0.021542665,0.0,0.0,0.0,0.0,0.0,0.0,0.0,0.0,0.0,0.0,0.0,0.0,inf,inf,inf,inf,inf,1,1,1,1,0,0,0,0,0,0,1,1,0,0,0,0
1777225956989000,0,1777225642797000,47.397742,8.545594,-0.011119492,0.0,12.872001,0.0,0.0,0.0,-0.01,0.03,1.5799999,0.0,0.0,0.0,0.0,-0.016,-0.001,0.039,0.02152823,0.0,0.0,0.0,0.0,0.0,0.0,0.0,0.0,0.0,0.0,0.0,0.0,inf,inf,inf,inf,inf,1,1,1,1,0,0,0,0,0,0,1,1,0,0,0,0
1777225957005000,0,1777225642797000,47.397742,8.545594,-0.011119492,-0.00752684,12.847001,0.0,0.0,0.0,-0.01,0.03,1.5799999,0.0,0.0,0.0,0.0,-0.016,-0.003,-0.033,0.021516686,0.0,0.0,0.0,0.0,0.0,0.0,0.0,0.0,0.0,0.0,0.0,0.0,inf,inf,inf,inf,inf,1,1,1,1,0,0,0,0,0,0,1,1,0,0,0,0
1777225957029000,0,1777225642797000,47.397742,8.545594,-0.011119492,0.00752684,12.809001,0.0,0.0,0.0,-0.01,0.03,1.5799999,0.0,0.0,0.0,0.0,-0.016,-0.004,0.044000003,0.021495301,0.0,0.0,0.0,0.0,0.0,0.0,0.0,0.0,0.0,0.0,0.0,0.0,inf,inf,inf,inf,inf,1,1,1,1,0,0,0,0,0,0,1,1,0,0,0,0
1777225957045000,0,1777225642797000,47.397742,8.545594,-0.011119492,0.0,12.784,0.0,0.0,0.0,-0.01,0.03,1.5799999,0.0,0.0,0.0,0.0,-0.018000001,-0.007,-0.035,0.021479113,0.0,0.0,0.0,0.0,0.0,0.0,0.0,0.0,0.0,0.0,0.0,0.0,inf,inf,inf,inf,inf,1,1,1,1,0,0,0,0,0,0,1,1,0,0,0,0
1777225957061000,0,1777225642797000,47.397742,8.545594,-0.011119492,0.0,12.758,0.0,0.0,0.0,-0.01,0.03,1.5799999,0.0,0.0,0.0,0.0,-0.016,-0.004,0.030000001,0.021461481,0.0,0.0,0.0,0.0,0.0,0.0,0.0,0.0,0.0,0.0,0.0,0.0,inf,inf,inf,inf,inf,1,1,1,1,0,0,0,0,0,0,1,1,0,0,0,0
1777225957085000,0,1777225642797000,47.397742,8.545594,-0.011119492,0.00752684,12.72,0.0,0.0,0.0,-0.01,0.03,1.5799999,0.0,0.0,0.0,0.0,-0.016,-0.003,-0.040000003,0.021431377,0.0,0.0,0.0,0.0,0.0,0.0,0.0,0.0,0.0,0.0,0.0,0.0,inf,inf,inf,inf,inf,1,1,1,1,0,0,0,0,0,0,1,1,0,0,0,0
1777225957101000,0,1777225642797000,47.397742,8.545594,-0.011119492,0.0,12.695001,0.0,0.0,0.0,-0.01,0.03,1.5799999,0.0,0.0,0.0,0.0,-0.015000001,-0.002,0.002,0.021409323,0.0,0.0,0.0,0.0,0.0,0.0,0.0,0.0,0.0,0.0,0.0,0.0,inf,inf,inf,inf,inf,1,1,1,1,0,0,0,0,0,0,1,1,0,0,0,0
1777225957125000,0,1777225642797000,47.397742,8.545594,-0.011119492,0.00752684,12.657001,0.0,0.0,0.0,-0.01,0.03,1.5799999,0.0,0.0,0.0,0.0,-0.015000001,-0.003,-0.049000002,0.02137381,0.0,0.0,0.0,0.0,0.0,0.0,0.0,0.0,0.0,0.0,0.0,0.0,inf,inf,inf,inf,inf,1,1,1,1,0,0,0,0,0,0,1,1,0,0,0,0
1777225957141000,0,1777225642797000,47.397742,8.545594,-0.011119492,0.00752684,12.632001,0.0,0.0,0.0,-0.01,0.03,1.5799999,0.0,0.0,0.0,0.0,-0.012,-0.002,-0.002,0.021349447,0.0,0.0,0.0,0.0,0.0,0.0,0.0,0.0,0.0,0.0,0.0,0.0,inf,inf,inf,inf,inf,1,1,1,1,0,0,0,0,0,0,1,1,0,0,0,0
1777225957165000,0,1777225642797000,47.397742,8.545594,-0.011119492,0.00752684,12.594001,0.0,0.0,0.0,-0.01,0.03,1.5799999,0.0,0.0,0.0,0.0,-0.013,-0.003,-0.05,0.021311268,0.0,0.0,0.0,0.0,0.0,0.0,0.0,0.0,0.0,0.0,0.0,0.0,inf,inf,inf,inf,inf,1,1,1,1,0,0,0,0,0,0,1,1,0,0,0,0
1777225957189000,0,1777225642797000,47.397742,8.545594,-0.011119492,0.0,12.556001,0.0,0.0,0.0,-0.01,0.03,1.5799999,0.0,0.0,0.0,0.0,-0.013,-0.0050000004,0.032,0.0212721,0.0,0.0,0.0,0.0,0.0,0.0,0.0,0.0,0.0,0.0,0.0,0.0,inf,inf,inf,inf,inf,1,1,1,1,0,0,0,0,0,0,1,1,0,0,0,0
1777225957205000,0,1777225642797000,47.397742,8.545594,-0.011119492,0.0,12.530001,0.0,0.0,0.0,-0.01,0.03,1.5799999,0.0,0.0,0.0,0.0,-0.013,-0.004,-0.052,0.021244245,0.0,0.0,0.0,0.0,0.0,0.0,0.0,0.0,0.0,0.0,0.0,0.0,inf,inf,inf,inf,inf,1,1,1,1,0,0,0,0,0,0,1,1,0,0,0,0
1777225957229000,0,1777225642797000,47.397742,8.545594,-0.022238987,-0.00752684,12.492001,0.0,0.0,0.0,-0.01,0.03,1.5799999,0.0,0.0,0.0,0.0,-0.012,-0.002,0.017,0.021200325,0.0,0.0,0.0,0.0,0.0,0.0,0.0,0.0,0.0,0.0,0.0,0.0,inf,inf,inf,inf,inf,1,1,1,1,0,0,0,0,0,0,1,1,0,0,0,0
1777225957245000,0,1777225642797000,47.397742,8.545594,-0.022238987,0.0,12.467001,0.0,0.0,0.0,-0.01,0.03,1.5799999,0.0,0.0,0.0,0.0,-0.013,-0.003,-0.056,0.021170205,0.0,0.0,0.0,0.0,0.0,0.0,0.0,0.0,0.0,0.0,0.0,0.0,inf,inf,inf,inf,inf,1,1,1,1,0,0,0,0,0,0,1,1,0,0,0,0
1777225957269000,0,1777225642797000,47.397742,8.545594,-0.022238987,0.0,12.429001,0.0,0.0,0.0,-0.01,0.03,1.5799999,0.0,0.0,0.0,0.0,-0.012,-0.001,0.015000001,0.021122131,0.0,0.0,0.0,0.0,0.0,0.0,0.0,0.0,0.0,0.0,0.0,0.0,inf,inf,inf,inf,inf,1,1,1,1,0,0,0,0,0,0,1,1,0,0,0,0
1777225957285000,0,1777225642797000,47.397742,8.545594,-0.022238987,0.00752684,12.404,0.0,0.0,0.0,-0.01,0.03,1.5799999,0.0,0.0,0.0,0.0,-0.014,0.0,-0.062000003,0.02108568,0.0,0.0,0.0,0.0,0.0,0.0,0.0,0.0,0.0,0.0,0.0,0.0,inf,inf,inf,inf,inf,1,1,1,1,0,0,0,0,0,0,1,1,0,0,0,0
1777225957309000,0,1777225642797000,47.397742,8.545594,-0.011119492,0.01505368,12.366,0.0,0.0,0.0,-0.01,0.03,1.5799999,0.0,0.0,0.0,0.0,-0.016,0.0,0.010000001,0.02102655,0.0,0.0,0.0,0.0,0.0,0.0,0.0,0.0,0.0,0.0,0.0,0.0,inf,inf,inf,inf,inf,1,1,1,1,0,0,0,0,0,0,1,1,0,0,0,0
1777225957325000,0,1777225642797000,47.397742,8.545594,-0.011119492,0.01505368,12.34,0.0,0.0,0.0,-0.01,0.03,1.5799999,0.0,0.0,0.0,0.0,-0.013,0.001,-0.066,0.020985454,0.0,0.0,0.0,0.0,0.0,0.0,0.0,0.0,0.0,0.0,0.0,0.0,inf,inf,inf,inf,inf,1,1,1,1,0,0,0,0,0,0,1,1,0,0,0,0
1777225957349000,0,1777225642797000,47.397742,8.545594,-0.011119492,0.01505368,12.302001,0.0,0.0,0.0,-0.01,0.03,1.5799999,0.0,0.0,0.0,0.0,-0.013,0.0,0.006,0.020919347,0.0,0.0,0.0,0.0,0.0,0.0,0.0,0.0,0.0,0.0,0.0,0.0,inf,inf,inf,inf,inf,1,1,1,1,0,0,0,0,0,0,1,1,0,0,0,0
1777225957365000,0,1777225642797000,47.397742,8.545594,-0.011119492,0.01505368,12.277,0.0,0.0,0.0,-0.01,0.03,1.5799999,0.0,0.0,0.0,0.0,-0.010000001,0.0050000004,-0.023000002,0.020873128,0.0,0.0,0.0,0.0,0.0,0.0,0.0,0.0,0.0,0.0,0.0,0.0,inf,inf,inf,inf,inf,1,1,1,1,0,0,0,0,0,0,1,1,0,0,0,0
1777225957389000,0,1777225642797000,47.397742,8.545594,-0.011119492,0.00752684,12.239,0.0,0.0,0.0,-0.01,0.03,1.5799999,0.0,0.0,0.0,0.0,-0.010000001,0.004,-0.018000001,0.020801157,0.0,0.0,0.0,0.0,0.0,0.0,0.0,0.0,0.0,0.0,0.0,0.0,inf,inf,inf,inf,inf,1,1,1,1,0,0,0,0,0,0,1,1,0,0,0,0
1777225957405000,0,1777225642797000,47.397742,8.545594,-0.011119492,0.00752684,12.214001,0.0,0.0,0.0,-0.01,0.03,1.5799999,0.0,0.0,0.0,0.0,-0.011000001,0.001,-0.07300001,0.020751113,0.0,0.0,0.0,0.0,0.0,0.0,0.0,0.0,0.0,0.0,0.0,0.0,inf,inf,inf,inf,inf,1,1,1,1,0,0,0,0,0,0,1,1,0,0,0,0
1777225957429000,0,1777225642797000,47.397742,8.545594,-0.011119492,0.01505368,12.176001,0.0,0.0,0.0,-0.01,0.03,1.5699999,0.0,0.0,0.0,0.0,-0.014,0.0,0.002,0.020674832,0.0,0.0,0.0,0.0,0.0,0.0,0.0,0.0,0.0,0.0,0.0,0.0,inf,inf,inf,inf,inf,1,1,1,1,0,0,0,0,0,0,1,1,0,0,0,0
1777225957445000,0,1777225642797000,47.397742,8.545594,-0.011119492,0.02258052,12.151001,0.0,0.0,0.0,-0.01,0.03,1.5699999,0.0,0.0,0.0,0.0,-0.013,0.0,-0.075,0.020623997,0.0,0.0,0.0,0.0,0.0,0.0,0.0,0.0,0.0,0.0,0.0,0.0,inf,inf,inf,inf,inf,1,1,1,1,0,0,0,0,0,0,1,1,0,0,0,0
1777225957469000,0,1777225642797000,47.397742,8.545594,-0.022238987,0.03010736,12.113001,0.0,0.0,0.0,-0.01,0.03,1.5699999,0.0,0.0,0.0,0.0,-0.010000001,0.001,0.0,0.020549797,0.0,0.0,0.0,0.0,0.0,0.0,0.0,0.0,0.0,0.0,0.0,0.0,inf,inf,inf,inf,inf,1,1,1,1,0,0,0,0,0,0,1,1,0,0,0,0
1777225957485000,0,1777225642797000,47.397742,8.545594,-0.022238987,0.0376342,12.088,0.0,0.0,0.0,-0.01,0.03,1.5699999,0.0,0.0,0.0,0.0,-0.011000001,0.0,-0.080000006,0.020500647,0.0,0.0,0.0,0.0,0.0,0.0,0.0,0.0,0.0,0.0,0.0,0.0,inf,inf,inf,inf,inf,1,1,1,1,0,0,0,0,0,0,1,1,0,0,0,0
1777225957509000,0,1777225642797000,47.397742,8.545594,-0.011119492,0.0376342,12.05,0.0,0.0,0.0,-0.01,0.03,1.5699999,0.0,0.0,0.0,0.0,-0.012,0.0,-0.007,0.02042679,0.0,0.0,0.0,0.0,0.0,0.0,0.0,0.0,0.0,0.0,0.0,0.0,inf,inf,inf,inf,inf,1,1,1,1,0,0,0,0,0,0,1,1,0,0,0,0
1777225957525000,0,1777225642797000,47.397742,8.545594,-0.022238987,0.0376342,12.024,0.0,0.0,0.0,-0.01,0.03,1.5699999,0.0,0.0,0.0,0.0,-0.014,-0.003,-0.080000006,0.020377973,0.0,0.0,0.0,0.0,0.0,0.0,0.0,0.0,0.0,0.0,0.0,0.0,inf,inf,inf,inf,inf,1,1,1,1,0,0,0,0,0,0,1,1,0,0,0,0
1777225957549000,0,1777225642797000,47.397742,8.545594,-0.033358477,0.0376342,11.987,0.0,0.0,0.0,-0.01,0.03,1.5699999,0.0,0.0,0.0,0.0,-0.012,-0.004,-0.003,0.020305034,0.0,0.0,0.0,0.0,0.0,0.0,0.0,0.0,0.0,0.0,0.0,0.0,inf,inf,inf,inf,inf,1,1,1,1,0,0,0,0,0,0,1,1,0,0,0,0
1777225957565000,0,1777225642797000,47.397742,8.545594,-0.022238987,0.03010736,11.961,0.0,0.0,0.0,-0.01,0.03,1.5699999,0.0,0.0,0.0,0.0,-0.013,-0.006,-0.08400001,0.020256964,0.0,0.0,0.0,0.0,0.0,0.0,0.0,0.0,0.0,0.0,0.0,0.0,inf,inf,inf,inf,inf,1,1,1,1,0,0,0,0,0,0,1,1,0,0,0,0
1777225957589000,0,1777225642797000,47.397742,8.545594,-0.022238987,0.04516104,11.924001,0.0,0.0,0.0,-0.01,0.03,1.5699999,0.0,0.0,0.0,0.0,-0.013,-0.010000001,-0.013,0.020187732,0.0,0.0,0.0,0.0,0.0,0.0,0.0,0.0,0.0,0.0,0.0,0.0,inf,inf,inf,inf,inf,1,1,1,1,0,0,0,0,0,0,1,1,0,0,0,0
1777225957605000,0,1777225642797000,47.397742,8.545594,-0.033358477,0.0376342,11.898001,0.0,0.0,0.0,-0.01,0.03,1.5699999,0.0,0.0,0.0,0.0,-0.014,-0.013,-0.091000006,0.020143732,0.0,0.0,0.0,0.0,0.0,0.0,0.0,0.0,0.0,0.0,0.0,0.0,inf,inf,inf,inf,inf,1,1,1,1,0,0,0,0,0,0,1,1,0,0,0,0
1777225957629000,0,1777225642797000,47.397742,8.545594,-0.022238987,0.02258052,11.861001,0.0,0.0,0.0,-0.01,0.03,1.5699999,0.0,0.0,0.0,0.0,-0.014,-0.016,-0.018000001,0.020080196,0.0,0.0,0.0,0.0,0.0,0.0,0.0,0.0,0.0,0.0,0.0,0.0,inf,inf,inf,inf,inf,1,1,1,1,0,0,0,0,0,0,1,1,0,0,0,0
1777225957645000,0,1777225642797000,47.397742,8.545594,-0.022238987,0.03010736,11.836,0.0,0.0,0.0,-0.01,0.03,1.5699999,0.0,0.0,0.0,0.0,-0.017,-0.021000002,-0.094000004,0.020040425,0.0,0.0,0.0,0.0,0.0,0.0,0.0,0.0,0.0,0.0,0.0,0.0,inf,inf,inf,inf,inf,1,1,1,1,0,0,0,0,0,0,1,1,0,0,0,0
1777225957669000,0,1777225642797000,47.397742,8.545594,-0.033358477,0.0376342,11.798,0.0,0.0,0.0,-0.01,0.03,1.5699999,0.0,0.0,0.0,0.0,-0.018000001,-0.021000002,-0.015000001,0.019984914,0.0,0.0,0.0,0.0,0.0,0.0,0.0,0.0,0.0,0.0,0.0,0.0,inf,inf,inf,inf,inf,1,1,1,1,0,0,0,0,0,0,1,1,0,0,0,0
1777225957685000,0,1777225642797000,47.397742,8.545594,-0.022238987,0.03010736,11.773001,0.0,0.0,0.0,-0.01,0.03,1.56,0.0,0.0,0.0,0.0,-0.017,-0.020000001,-0.094000004,0.019949274,0.0,0.0,0.0,0.0,0.0,0.0,0.0,0.0,0.0,0.0,0.0,0.0,inf,inf,inf,inf,inf,1,1,1,1,0,0,0,0,0,0,1,1,0,0,0,0
1777225957701000,0,1777225642797000,47.397742,8.545594,-0.022238987,0.0376342,11.748,0.0,0.0,0.0,-0.02,0.03,1.56,0.0,0.0,0.0,0.0,-0.017,-0.020000001,-0.055000003,0.019914221,0.0,0.0,0.0,0.0,0.0,0.0,0.0,0.0,0.0,0.0,0.0,0.0,inf,inf,inf,inf,inf,1,1,1,1,0,0,0,0,0,0,1,1,0,0,0,0
1777225957725000,0,1777225642797000,47.397742,8.545594,-0.022238987,0.03010736,11.710001,0.0,0.0,0.0,-0.02,0.03,1.56,0.0,0.0,0.0,0.0,-0.014,-0.017,-0.102000006,0.019862847,0.0,0.0,0.0,0.0,0.0,0.0,0.0,0.0,0.0,0.0,0.0,0.0,inf,inf,inf,inf,inf,1,1,1,1,0,0,0,0,0,0,1,1,0,0,0,0
1777225957749000,0,1777225642797000,47.397742,8.545594,-0.022238987,0.0376342,11.672001,0.0,0.0,0.0,-0.02,0.03,1.56,0.0,0.0,0.0,0.0,-0.008,-0.012,-0.025,0.019814227,0.0,0.0,0.0,0.0,0.0,0.0,0.0,0.0,0.0,0.0,0.0,0.0,inf,inf,inf,inf,inf,1,1,1,1,0,0,0,0,0,0,1,1,0,0,0,0
1777225957765000,0,1777225642797000,47.397742,8.545594,-0.022238987,0.02258052,11.647,0.0,0.0,0.0,-0.02,0.03,1.56,0.0,0.0,0.0,0.0,-0.010000001,-0.015000001,-0.101,0.019781752,0.0,0.0,0.0,0.0,0.0,0.0,0.0,0.0,0.0,0.0,0.0,0.0,inf,inf,inf,inf,inf,1,1,1,1,0,0,0,0,0,0,1,1,0,0,0,0
1777225957781000,0,1777225642797000,47.397742,8.545594,-0.022238987,0.03010736,11.622001,0.0,0.0,0.0,-0.02,0.03,1.56,0.0,0.0,0.0,0.0,-0.007,-0.012,-0.061000004,0.019750724,0.0,0.0,0.0,0.0,0.0,0.0,0.0,0.0,0.0,0.0,0.0,0.0,inf,inf,inf,inf,inf,1,1,1,1,0,0,0,0,0,0,1,1,0,0,0,0
1777225957805000,0,1777225642797000,47.397742,8.545594,-0.022238987,0.03010736,11.585001,0.0,0.0,0.0,-0.02,0.03,1.56,0.0,0.0,0.0,0.0,-0.007,-0.016,-0.1,0.019706642,0.0,0.0,0.0,0.0,0.0,0.0,0.0,0.0,0.0,0.0,0.0,0.0,inf,inf,inf,inf,inf,1,1,1,1,0,0,0,0,0,0,1,1,0,0,0,0
1777225957829000,0,1777225642797000,47.397742,8.545594,-0.022238987,0.0376342,11.547001,0.0,0.0,0.0,-0.02,0.03,1.56,0.0,0.0,0.0,0.0,-0.010000001,-0.019000001,-0.021000002,0.019660968,0.0,0.0,0.0,0.0,0.0,0.0,0.0,0.0,0.0,0.0,0.0,0.0,inf,inf,inf,inf,inf,1,1,1,1,0,0,0,0,0,0,1,1,0,0,0,0
1777225957845000,0,1777225642797000,47.397742,8.545594,-0.033358477,0.0376342,11.522,0.0,0.0,0.0,-0.02,0.03,1.56,0.0,0.0,0.0,0.0,-0.008,-0.018000001,-0.096,0.019632697,0.0,0.0,0.0,0.0,0.0,0.0,0.0,0.0,0.0,0.0,0.0,0.0,inf,inf,inf,inf,inf,1,1,1,1,0,0,0,0,0,0,1,1,0,0,0,0
1777225957869000,0,1777225642797000,47.397742,8.545594,-0.022238987,0.0376342,11.485001,0.0,0.0,0.0,-0.02,0.03,1.55,0.0,0.0,0.0,0.0,-0.004,-0.016,-0.020000001,0.019592552,0.0,0.0,0.0,0.0,0.0,0.0,0.0,0.0,0.0,0.0,0.0,0.0,inf,inf,inf,inf,inf,1,1,1,1,0,0,0,0,0,0,1,1,0,0,0,0
1777225957885000,0,1777225642797000,47.397742,8.545594,-0.022238987,0.03010736,11.460001,0.0,0.0,0.0,-0.02,0.03,1.55,0.0,0.0,0.0,0.0,-0.007,-0.017,-0.094000004,0.019568717,0.0,0.0,0.0,0.0,0.0,0.0,0.0,0.0,0.0,0.0,0.0,0.0,inf,inf,inf,inf,inf,1,1,1,1,0,0,0,0,0,0,1,1,0,0,0,0
1777225957901000,0,1777225642797000,47.397742,8.545594,-0.033358477,0.03010736,11.435,0.0,0.0,0.0,-0.02,0.03,1.55,0.0,0.0,0.0,0.0,-0.0050000004,-0.013,-0.052,0.019550214,0.0,0.0,0.0,0.0,0.0,0.0,0.0,0.0,0.0,0.0,0.0,0.0,inf,inf,inf,inf,inf,1,1,1,1,0,0,0,0,0,0,1,1,0,0,0,0
1777225957925000,0,1777225642797000,47.397742,8.545594,-0.033358477,0.03010736,11.398001,0.0,0.0,0.0,-0.02,0.03,1.55,0.0,0.0,0.0,0.0,-0.003,-0.013,-0.091000006,0.019531885,0.0,0.0,0.0,0.0,0.0,0.0,0.0,0.0,0.0,0.0,0.0,0.0,inf,inf,inf,inf,inf,1,1,1,1,0,0,0,0,0,0,1,1,0,0,0,0
1777225957949000,0,1777225642797000,47.397742,8.545594,-0.033358477,0.03010736,11.360001,0.0,0.0,0.0,-0.02,0.03,1.55,0.0,0.0,0.0,0.0,-0.003,-0.015000001,-0.013,0.019522946,0.0,0.0,0.0,0.0,0.0,0.0,0.0,0.0,0.0,0.0,0.0,0.0,inf,inf,inf,inf,inf,1,1,1,1,0,0,0,0,0,0,1,1,0,0,0,0
1777225957965000,0,1777225642797000,47.397742,8.545594,-0.04447797,0.01505368,11.335001,0.0,0.0,0.0,-0.02,0.03,1.55,0.0,0.0,0.0,0.0,-0.003,-0.016,-0.091000006,0.01952034,0.0,0.0,0.0,0.0,0.0,0.0,0.0,0.0,0.0,0.0,0.0,0.0,inf,inf,inf,inf,inf,1,1,1,1,0,0,0,0,0,0,1,1,0,0,0,0
1777225957989000,0,1777225642797000,47.397742,8.545594,-0.022238987,0.00752684,11.298,0.0,0.0,0.0,-0.02,0.03,1.55,0.0,0.0,0.0,0.0,-0.002,-0.016,-0.023000002,0.019521197,0.0,0.0,0.0,0.0,0.0,0.0,0.0,0.0,0.0,0.0,0.0,0.0,inf,inf,inf,inf,inf,1,1,1,1,0,0,0,0,0,0,1,1,0,0,0,0
1777225958005000,0,1777225642797000,47.397742,8.545594,-0.022238987,0.02258052,11.273001,0.0,0.0,0.0,-0.02,0.03,1.55,0.0,0.0,0.0,0.0,0.0,-0.014,-0.098000005,0.019525437,0.0,0.0,0.0,0.0,0.0,0.0,0.0,0.0,0.0,0.0,0.0,0.0,inf,inf,inf,inf,inf,1,1,1,1,0,0,0,0,0,0,1,1,0,0,0,0
1777225958029000,0,1777225642797000,47.397742,8.545594,-0.011119492,0.01505368,11.236,0.0,0.0,0.0,-0.02,0.03,1.55,0.0,0.0,0.0,0.0,-0.001,-0.018000001,-0.020000001,0.019539315,0.0,0.0,0.0,0.0,0.0,0.0,0.0,0.0,0.0,0.0,0.0,0.0,inf,inf,inf,inf,inf,1,1,1,1,0,0,0,0,0,0,1,1,0,0,0,0
1777225958045000,0,1777225642797000,47.397742,8.545594,-0.011119492,0.03010736,11.211,0.0,0.0,0.0,-0.02,0.02,1.55,0.0,0.0,0.0,0.0,0.001,-0.016,-0.094000004,0.019552704,0.0,0.0,0.0,0.0,0.0,0.0,0.0,0.0,0.0,0.0,0.0,0.0,inf,inf,inf,inf,inf,1,1,1,1,0,0,0,0,0,0,1,1,0,0,0,0
1777225958069000,0,1777225642797000,47.397742,8.545594,-0.011119492,0.02258052,11.174001,0.0,0.0,0.0,-0.02,0.02,1.54,0.0,0.0,0.0,0.0,0.0,-0.022000002,-0.012,0.019577885,0.0,0.0,0.0,0.0,0.0,0.0,0.0,0.0,0.0,0.0,0.0,0.0,inf,inf,inf,inf,inf,1,1,1,1,0,0,0,0,0,0,1,1,0,0,0,0
1777225958085000,0,1777225642797000,47.397742,8.545594,-0.022238987,0.03010736,11.149,0.0,0.0,0.0,-0.02,0.02,1.54,0.0,0.0,0.0,0.0,0.002,-0.021000002,-0.087000005,0.019597176,0.0,0.0,0.0,0.0,0.0,0.0,0.0,0.0,0.0,0.0,0.0,0.0,inf,inf,inf,inf,inf,1,1,1,1,0,0,0,0,0,0,1,1,0,0,0,0
1777225958109000,0,1777225642797000,47.397742,8.545594,-0.033358477,0.0376342,11.112,0.0,0.0,0.0,-0.02,0.02,1.54,0.0,0.0,0.0,0.0,0.001,-0.021000002,-0.014,0.019627744,0.0,0.0,0.0,0.0,0.0,0.0,0.0,0.0,0.0,0.0,0.0,0.0,inf,inf,inf,inf,inf,1,1,1,1,0,0,0,0,0,0,1,1,0,0,0,0
1777225958125000,0,1777225642797000,47.397742,8.545594,-0.033358477,0.0376342,11.087001,0.0,0.0,0.0,-0.02,0.02,1.54,0.0,0.0,0.0,0.0,0.0,-0.024,-0.086,0.019650133,0.0,0.0,0.0,0.0,0.0,0.0,0.0,0.0,0.0,0.0,0.0,0.0,inf,inf,inf,inf,inf,1,1,1,1,0,0,0,0,0,0,1,1,0,0,0,0
1777225958149000,0,1777225642797000,47.397742,8.545594,-0.033358477,0.03010736,11.05,0.0,0.0,0.0,-0.02,0.02,1.54,0.0,0.0,0.0,0.0,-0.001,-0.030000001,-0.008,0.01968972,0.0,0.0,0.0,0.0,0.0,0.0,0.0,0.0,0.0,0.0,0.0,0.0,inf,inf,inf,inf,inf,1,1,1,1,0,0,0,0,0,0,1,1,0,0,0,0
1777225958165000,0,1777225642797000,47.397742,8.545594,-0.033358477,0.0376342,11.025001,0.0,0.0,0.0,-0.02,0.02,1.54,0.0,0.0,0.0,0.0,-0.001,-0.033,-0.086,0.019720204,0.0,0.0,0.0,0.0,0.0,0.0,0.0,0.0,0.0,0.0,0.0,0.0,inf,inf,inf,inf,inf,1,1,1,1,0,0,0,0,0,0,1,1,0,0,0,0
1777225958189000,0,1777225642797000,47.397742,8.545594,-0.033358477,0.0376342,10.988001,0.0,0.0,0.0,-0.02,0.02,1.54,0.0,0.0,0.0,0.0,0.001,-0.031000001,-0.013,0.01976947,0.0,0.0,0.0,0.0,0.0,0.0,0.0,0.0,0.0,0.0,0.0,0.0,inf,inf,inf,inf,inf,1,1,1,1,0,0,0,0,0,0,1,1,0,0,0,0
1777225958205000,0,1777225642797000,47.397742,8.545594,-0.033358477,0.0376342,10.964001,0.0,0.0,0.0,-0.02,0.02,1.54,0.0,0.0,0.0,0.0,0.002,-0.030000001,-0.09,0.019805828,0.0,0.0,0.0,0.0,0.0,0.0,0.0,0.0,0.0,0.0,0.0,0.0,inf,inf,inf,inf,inf,1,1,1,1,0,0,0,0,0,0,1,1,0,0,0,0
1777225958221000,0,1777225642797000,47.397742,8.545594,-0.033358477,0.03010736,10.939,0.0,0.0,0.0,-0.02,0.02,1.54,0.0,0.0,0.0,0.0,0.001,-0.032,-0.019000001,0.019844897,0.0,0.0,0.0,0.0,0.0,0.0,0.0,0.0,0.0,0.0,0.0,0.0,inf,inf,inf,inf,inf,1,1,1,1,0,0,0,0,0,0,1,1,0,0,0,0
1777225958245000,0,1777225642797000,47.397742,8.545594,-0.033358477,0.03010736,10.902,0.0,0.0,0.0,-0.02,0.02,1.54,0.0,0.0,0.0,0.0,0.0,-0.034,-0.08800001,0.019909719,0.0,0.0,0.0,0.0,0.0,0.0,0.0,0.0,0.0,0.0,0.0,0.0,inf,inf,inf,inf,inf,1,1,1,1,0,0,0,0,0,0,1,1,0,0,0,0
1777225958261000,0,1777225642797000,47.397742,8.545594,-0.04447797,0.0376342,10.877001,0.0,0.0,0.0,-0.02,0.02,1.54,0.0,0.0,0.0,0.0,-0.002,-0.037,-0.047000002,0.019958436,0.0,0.0,0.0,0.0,0.0,0.0,0.0,0.0,0.0,0.0,0.0,0.0,inf,inf,inf,inf,inf,1,1,1,1,0,0,0,0,0,0,1,1,0,0,0,0
1777225958285000,0,1777225642797000,47.397742,8.545594,-0.04447797,0.05268788,10.84,0.0,0.0,0.0,-0.02,0.02,1.54,0.0,0.0,0.0,0.0,0.0,-0.034,-0.091000006,0.020038111,0.0,0.0,0.0,0.0,0.0,0.0,0.0,0.0,0.0,0.0,0.0,0.0,inf,inf,inf,inf,inf,1,1,1,1,0,0,0,0,0,0,1,1,0,0,0,0
1777225958309000,0,1777225642797000,47.397742,8.545594,-0.04447797,0.05268788,10.803,0.0,0.0,0.0,-0.02,0.02,1.53,0.0,0.0,0.0,0.0,0.0,-0.035,-0.017,0.02012358,0.0,0.0,0.0,0.0,0.0,0.0,0.0,0.0,0.0,0.0,0.0,0.0,inf,inf,inf,inf,inf,1,1,1,1,0,0,0,0,0,0,1,1,0,0,0,0
1777225958325000,0,1777225642797000,47.397742,8.545594,-0.04447797,0.04516104,10.779,0.0,0.0,0.0,-0.02,0.02,1.53,0.0,0.0,0.0,0.0,0.0,-0.034,-0.087000005,0.02018364,0.0,0.0,0.0,0.0,0.0,0.0,0.0,0.0,0.0,0.0,0.0,0.0,inf,inf,inf,inf,inf,1,1,1,1,0,0,0,0,0,0,1,1,0,0,0,0
1777225958349000,0,1777225642797000,47.397742,8.545594,-0.04447797,0.05268788,10.742001,0.0,0.0,0.0,-0.02,0.02,1.53,0.0,0.0,0.0,0.0,0.001,-0.031000001,-0.014,0.020277586,0.0,0.0,0.0,0.0,0.0,0.0,0.0,0.0,0.0,0.0,0.0,0.0,inf,inf,inf,inf,inf,1,1,1,1,0,0,0,0,0,0,1,1,0,0,0,0
1777225958365000,0,1777225642797000,47.397742,8.545594,-0.033358477,0.05268788,10.717001,0.0,0.0,0.0,-0.02,0.01,1.53,0.0,0.0,0.0,0.0,0.001,-0.031000001,-0.09200001,0.020341475,0.0,0.0,0.0,0.0,0.0,0.0,0.0,0.0,0.0,0.0,0.0,0.0,inf,inf,inf,inf,inf,1,1,1,1,0,0,0,0,0,0,1,1,0,0,0,0
1777225958389000,0,1777225642797000,47.397742,8.545594,-0.033358477,0.04516104,10.68,0.0,0.0,0.0,-0.02,0.01,1.53,0.0,0.0,0.0,0.0,0.0050000004,-0.028,-0.014,0.020439653,0.0,0.0,0.0,0.0,0.0,0.0,0.0,0.0,0.0,0.0,0.0,0.0,inf,inf,inf,inf,inf,1,1,1,1,0,0,0,0,0,0,1,1,0,0,0,0
1777225958405000,0,1777225642797000,47.397742,8.545594,-0.033358477,0.04516104,10.656,0.0,0.0,0.0,-0.02,0.01,1.53,0.0,0.0,0.0,0.0,0.002,-0.031000001,-0.089,0.02050561,0.0,0.0,0.0,0.0,0.0,0.0,0.0,0.0,0.0,0.0,0.0,0.0,inf,inf,inf,inf,inf,1,1,1,1,0,0,0,0,0,0,1,1,0,0,0,0
1777225958429000,0,1777225642797000,47.397742,8.545594,-0.033358477,0.04516104,10.619,0.0,0.0,0.0,-0.02,0.01,1.53,0.0,0.0,0.0,0.0,0.002,-0.031000001,-0.0050000004,0.02060492,0.0,0.0,0.0,0.0,0.0,0.0,0.0,0.0,0.0,0.0,0.0,0.0,inf,inf,inf,inf,inf,1,1,1,1,0,0,0,0,0,0,1,1,0,0,0,0
1777225958445000,0,1777225642797000,47.397742,8.545594,-0.022238985,0.05268788,10.594001,0.0,0.0,0.0,-0.02,0.01,1.53,0.0,0.0,0.0,0.0,0.001,-0.035,-0.083000004,0.020671913,0.0,0.0,0.0,0.0,0.0,0.0,0.0,0.0,0.0,0.0,0.0,0.0,inf,inf,inf,inf,inf,1,1,1,1,0,0,0,0,0,0,1,1,0,0,0,0
1777225958461000,0,1777225642797000,47.397742,8.545594,-0.022238985,0.05268788,10.570001,0.0,0.0,0.0,-0.02,0.01,1.53,0.0,0.0,0.0,0.0,0.004,-0.033,-0.041,0.020736616,0.0,0.0,0.0,0.0,0.0,0.0,0.0,0.0,0.0,0.0,0.0,0.0,inf,inf,inf,inf,inf,1,1,1,1,0,0,0,0,0,0,1,1,0,0,0,0
1777225958485000,0,1777225642797000,47.397742,8.545594,-0.022238985,0.05268788,10.533001,0.0,0.0,0.0,-0.02,0.01,1.53,0.0,0.0,0.0,0.0,0.0,-0.040000003,-0.079,0.020828873,0.0,0.0,0.0,0.0,0.0,0.0,0.0,0.0,0.0,0.0,0.0,0.0,inf,inf,inf,inf,inf,1,1,1,1,0,0,0,0,0,0,1,1,0,0,0,0
1777225958509000,0,1777225642797000,47.397742,8.545594,-0.022238987,0.04516104,10.496,0.0,0.0,0.0,-0.02,0.01,1.53,0.0,0.0,0.0,0.0,0.001,-0.037,-0.031000001,0.020916328,0.0,0.0,0.0,0.0,0.0,0.0,0.0,0.0,0.0,0.0,0.0,0.0,inf,inf,inf,inf,inf,1,1,1,1,0,0,0,0,0,0,1,1,0,0,0,0
1777225958525000,0,1777225642797000,47.397742,8.545594,-0.022238987,0.04516104,10.472,0.0,0.0,0.0,-0.02,0.01,1.53,0.0,0.0,0.0,0.0,0.0,-0.040000003,-0.089,0.020971734,0.0,0.0,0.0,0.0,0.0,0.0,0.0,0.0,0.0,0.0,0.0,0.0,inf,inf,inf,inf,inf,1,1,1,1,0,0,0,0,0,0,1,1,0,0,0,0
1777225958541000,0,1777225642797000,47.397742,8.545594,-0.022238987,0.04516104,10.4470005,0.0,0.0,0.0,-0.02,0.01,1.53,0.0,0.0,0.0,0.0,-0.001,-0.043,-0.010000001,0.02102365,0.0,0.0,0.0,0.0,0.0,0.0,0.0,0.0,0.0,0.0,0.0,0.0,inf,inf,inf,inf,inf,1,1,1,1,0,0,0,0,0,0,1,1,0,0,0,0
1777225958565000,0,1777225642797000,47.397742,8.545594,-0.022238987,0.0376342,10.410001,0.0,0.0,0.0,-0.02,0.01,1.52,0.0,0.0,0.0,0.0,0.001,-0.042000003,-0.081,0.021094102,0.0,0.0,0.0,0.0,0.0,0.0,0.0,0.0,0.0,0.0,0.0,0.0,inf,inf,inf,inf,inf,1,1,1,1,0,0,0,0,0,0,1,1,0,0,0,0
1777225958589000,0,1777225642797000,47.397742,8.545594,-0.033358477,0.04516104,10.374001,0.0,0.0,0.0,-0.02,0.01,1.52,0.0,0.0,0.0,0.0,0.0,-0.044000003,-0.001,0.021155288,0.0,0.0,0.0,0.0,0.0,0.0,0.0,0.0,0.0,0.0,0.0,0.0,inf,inf,inf,inf,inf,1,1,1,1,0,0,0,0,0,0,1,1,0,0,0,0
1777225958605000,0,1777225642797000,47.397742,8.545594,-0.022238985,0.05268788,10.349001,0.0,0.0,0.0,-0.02,0.01,1.52,0.0,0.0,0.0,0.0,0.002,-0.040000003,-0.078,0.021194268,0.0,0.0,0.0,0.0,0.0,0.0,0.0,0.0,0.0,0.0,0.0,0.0,inf,inf,inf,inf,inf,1,1,1,1,0,0,0,0,0,0,1,1,0,0,0,0
1777225958629000,0,1777225642797000,47.397742,8.545594,-0.04447797,0.04516104,10.313001,0.0,0.0,0.0,-0.02,0.01,1.52,0.0,0.0,0.0,0.0,0.001,-0.041,-0.002,0.02124575,0.0,0.0,0.0,0.0,0.0,0.0,0.0,0.0,0.0,0.0,0.0,0.0,inf,inf,inf,inf,inf,1,1,1,1,0,0,0,0,0,0,1,1,0,0,0,0
1777225958645000,0,1777225642797000,47.397742,8.545594,-0.04447797,0.05268788,10.288,0.0,0.0,0.0,-0.02,0.0,1.52,0.0,0.0,0.0,0.0,-0.002,-0.046000004,-0.075,0.0212741,0.0,0.0,0.0,0.0,0.0,0.0,0.0,0.0,0.0,0.0,0.0,0.0,inf,inf,inf,inf,inf,1,1,1,1,0,0,0,0,0,0,1,1,0,0,0,0
1777225958669000,0,1777225642797000,47.397742,8.545594,-0.033358477,0.04516104,10.252001,0.0,0.0,0.0,-0.02,0.0,1.52,0.0,0.0,0.0,0.0,-0.001,-0.046000004,0.004,0.021309035,0.0,0.0,0.0,0.0,0.0,0.0,0.0,0.0,0.0,0.0,0.0,0.0,inf,inf,inf,inf,inf,1,1,1,1,0,0,0,0,0,0,1,1,0,0,0,0
1777225958685000,0,1777225642797000,47.397742,8.545594,-0.033358477,0.04516104,10.227,0.0,0.0,0.0,-0.02,0.0,1.52,0.0,0.0,0.0,0.0,-0.002,-0.049000002,-0.07,0.021327823,0.0,0.0,0.0,0.0,0.0,0.0,0.0,0.0,0.0,0.0,0.0,0.0,inf,inf,inf,inf,inf,1,1,1,1,0,0,0,0,0,0,1,1,0,0,0,0
1777225958701000,0,1777225642797000,47.397742,8.545594,-0.033358477,0.04516104,10.203,0.0,0.0,0.0,-0.02,0.0,1.52,0.0,0.0,0.0,0.0,-0.002,-0.051000003,-0.028,0.021343457,0.0,0.0,0.0,0.0,0.0,0.0,0.0,0.0,0.0,0.0,0.0,0.0,inf,inf,inf,inf,inf,1,1,1,1,0,0,0,0,0,0,1,1,0,0,0,0
1777225958725000,0,1777225642797000,47.397742,8.545594,-0.033358477,0.05268788,10.166,0.0,0.0,0.0,-0.02,0.0,1.52,0.0,0.0,0.0,0.0,-0.003,-0.055000003,-0.064,0.021361452,0.0,0.0,0.0,0.0,0.0,0.0,0.0,0.0,0.0,0.0,0.0,0.0,inf,inf,inf,inf,inf,1,1,1,1,0,0,0,0,0,0,1,1,0,0,0,0
1777225958749000,0,1777225642797000,47.397742,8.545594,-0.033358477,0.05268788,10.13,0.0,0.0,0.0,-0.02,0.0,1.52,0.0,0.0,0.0,0.0,0.0,-0.052,0.0050000004,0.02137478,0.0,0.0,0.0,0.0,0.0,0.0,0.0,0.0,0.0,0.0,0.0,0.0,inf,inf,inf,inf,inf,1,1,1,1,0,0,0,0,0,0,1,1,0,0,0,0
1777225958765000,0,1777225642797000,47.397742,8.545594,-0.022238985,0.05268788,10.1050005,0.0,0.0,0.0,-0.02,0.0,1.52,0.0,0.0,0.0,0.0,0.002,-0.053000003,-0.069000006,0.021380948,0.0,0.0,0.0,0.0,0.0,0.0,0.0,0.0,0.0,0.0,0.0,0.0,inf,inf,inf,inf,inf,1,1,1,1,0,0,0,0,0,0,1,1,0,0,0,0
1777225958789000,0,1777225642797000,47.397742,8.545594,-0.022238987,0.0376342,10.069,0.0,0.0,0.0,-0.02,0.0,1.52,0.0,0.0,0.0,0.0,0.006,-0.05,0.009000001,0.021386528,0.0,0.0,0.0,0.0,0.0,0.0,0.0,0.0,0.0,0.0,0.0,0.0,inf,inf,inf,inf,inf,1,1,1,1,0,0,0,0,0,0,1,1,0,0,0,0
1777225958805000,0,1777225642797000,47.397742,8.545594,-0.022238987,0.04516104,10.044001,0.0,0.0,0.0,-0.02,0.0,1.52,0.0,0.0,0.0,0.0,0.009000001,-0.048,-0.069000006,0.021388374,0.0,0.0,0.0,0.0,0.0,0.0,0.0,0.0,0.0,0.0,0.0,0.0,inf,inf,inf,inf,inf,1,1,1,1,0,0,0,0,0,0,1,1,0,0,0,0
1777225958829000,0,1777225642797000,47.397742,8.545594,-0.033358477,0.04516104,10.008,0.0,0.0,0.0,-0.02,0.0,1.52,0.0,0.0,0.0,0.0,0.014,-0.043,0.007,0.0213883,0.0,0.0,0.0,0.0,0.0,0.0,0.0,0.0,0.0,0.0,0.0,0.0,inf,inf,inf,inf,inf,1,1,1,1,0,0,0,0,0,0,1,1,0,0,0,0
1777225958845000,0,1777225642797000,47.397742,8.545594,-0.022238985,0.05268788,9.983001,0.0,0.0,0.0,-0.02,0.0,1.52,0.0,0.0,0.0,0.0,0.018000001,-0.041,-0.071,0.021385955,0.0,0.0,0.0,0.0,0.0,0.0,0.0,0.0,0.0,0.0,0.0,0.0,inf,inf,inf,inf,inf,1,1,1,1,0,0,0,0,0,0,1,1,0,0,0,0
1777225958869000,0,1777225642797000,47.397742,8.545594,-0.022238987,0.04516104,9.9470005,0.0,0.0,0.0,-0.02,0.0,1.52,0.0,0.0,0.0,0.0,0.018000001,-0.041,0.002,0.021379182,0.0,0.0,0.0,0.0,0.0,0.0,0.0,0.0,0.0,0.0,0.0,0.0,inf,inf,inf,inf,inf,1,1,1,1,0,0,0,0,0,0,1,1,0,0,0,0
1777225958885000,0,1777225642797000,47.397742,8.545594,-0.022238985,0.05268788,9.922001,0.0,0.0,0.0,-0.02,0.0,1.52,0.0,0.0,0.0,0.0,0.017,-0.043,-0.071,0.02137173,0.0,0.0,0.0,0.0,0.0,0.0,0.0,0.0,0.0,0.0,0.0,0.0,inf,inf,inf,inf,inf,1,1,1,1,0,0,0,0,0,0,1,1,0,0,0,0
1777225958909000,0,1777225642797000,47.397742,8.545594,-0.033358477,0.05268788,9.886001,0.0,0.0,0.0,-0.02,0.0,1.52,0.0,0.0,0.0,0.0,0.023000002,-0.038000003,0.010000001,0.021358166,0.0,0.0,0.0,0.0,0.0,0.0,0.0,0.0,0.0,0.0,0.0,0.0,inf,inf,inf,inf,inf,1,1,1,1,0,0,0,0,0,0,1,1,0,0,0,0
1777225958925000,0,1777225642797000,47.397742,8.545594,-0.022238987,0.04516104,9.862,0.0,0.0,0.0,-0.01,0.0,1.52,0.0,0.0,0.0,0.0,0.023000002,-0.041,-0.065000005,0.021346286,0.0,0.0,0.0,0.0,0.0,0.0,0.0,0.0,0.0,0.0,0.0,0.0,inf,inf,inf,inf,inf,1,1,1,1,0,0,0,0,0,0,1,1,0,0,0,0
1777225958949000,0,1777225642797000,47.397742,8.545594,-0.022238987,0.04516104,9.825001,0.0,0.0,0.0,-0.01,0.0,1.52,0.0,0.0,0.0,0.0,0.022000002,-0.041,0.011000001,0.021321937,0.0,0.0,0.0,0.0,0.0,0.0,0.0,0.0,0.0,0.0,0.0,0.0,inf,inf,inf,inf,inf,1,1,1,1,0,0,0,0,0,0,1,1,0,0,0,0
1777225958965000,0,1777225642797000,47.397742,8.545594,-0.011119492,0.04516104,9.801001,0.0,0.0,0.0,-0.01,0.0,1.51,0.0,0.0,0.0,0.0,0.022000002,-0.041,-0.068,0.021301454,0.0,0.0,0.0,0.0,0.0,0.0,0.0,0.0,0.0,0.0,0.0,0.0,inf,inf,inf,inf,inf,1,1,1,1,0,0,0,0,0,0,1,1,0,0,0,0
1777225958989000,0,1777225642797000,47.397742,8.545594,-0.011119492,0.05268788,9.764001,0.0,0.0,0.0,-0.01,0.0,1.51,0.0,0.0,0.0,0.0,0.019000001,-0.043,0.010000001,0.021269573,0.0,0.0,0.0,0.0,0.0,0.0,0.0,0.0,0.0,0.0,0.0,0.0,inf,inf,inf,inf,inf,1,1,1,1,0,0,0,0,0,0,1,1,0,0,0,0
1777225959005000,0,1777225642797000,47.397742,8.545594,-0.022238985,0.06021472,9.740001,0.0,0.0,0.0,-0.01,0.0,1.51,0.0,0.0,0.0,0.0,0.021000002,-0.044000003,-0.069000006,0.021247907,0.0,0.0,0.0,0.0,0.0,0.0,0.0,0.0,0.0,0.0,0.0,0.0,inf,inf,inf,inf,inf,1,1,1,1,0,0,0,0,0,0,1,1,0,0,0,0
1777225959021000,0,1777225642797000,47.397742,8.545594,-0.033358477,0.06021472,9.716001,0.0,0.0,0.0,-0.01,0.0,1.51,0.0,0.0,0.0,0.0,0.020000001,-0.044000003,-0.126,0.02122408,0.0,0.0,0.0,0.0,0.0,0.0,0.0,0.0,0.0,0.0,0.0,0.0,inf,inf,inf,inf,inf,1,1,1,1,0,0,0,0,0,0,1,1,0,0,0,0
1777225959045000,0,1777225642797000,47.397742,8.545594,-0.033358477,0.06021472,9.679001,0.0,0.0,0.0,-0.01,0.0,1.51,0.0,0.0,0.0,0.0,0.017,-0.043,-0.23400001,0.021185992,0.0,0.0,0.0,0.0,0.0,0.0,0.0,0.0,0.0,0.0,0.0,0.0,inf,inf,inf,inf,inf,1,1,1,1,0,0,0,0,0,0,1,1,0,0,0,0
1777225959069000,0,1777225642797000,47.397742,8.545594,-0.033358477,0.05268788,9.643001,0.0,0.0,0.0,-0.01,-0.01,1.5,0.0,0.0,0.0,0.0,0.015000001,-0.047000002,-0.246,0.021146178,0.0,0.0,0.0,0.0,0.0,0.0,0.0,0.0,0.0,0.0,0.0,0.0,inf,inf,inf,inf,inf,1,1,1,1,0,0,0,0,0,0,1,1,0,0,0,0
1777225959085000,0,1777225642797000,47.397742,8.545594,-0.033358477,0.06021472,9.619,0.0,0.0,0.0,-0.01,-0.01,1.5,0.0,0.0,0.0,0.0,0.016,-0.044000003,-0.26000002,0.021119619,0.0,0.0,0.0,0.0,0.0,0.0,0.0,0.0,0.0,0.0,0.0,0.0,inf,inf,inf,inf,inf,1,1,1,1,0,0,0,0,0,0,1,1,0,0,0,0
1777225959109000,0,1777225642797000,47.397742,8.545594,-0.033358477,0.05268788,9.583,0.0,0.0,0.0,-0.01,-0.01,1.49,0.0,0.0,0.0,0.0,0.021000002,-0.034,-0.25800002,0.021079015,0.0,0.0,0.0,0.0,0.0,0.0,0.0,0.0,0.0,0.0,0.0,0.0,inf,inf,inf,inf,inf,1,1,1,1,0,0,0,0,0,0,1,1,0,0,0,0
1777225959125000,0,1777225642797000,47.397742,8.545594,-0.033358477,0.05268788,9.559,0.0,0.0,0.0,-0.01,-0.01,1.49,0.0,0.0,0.0,0.0,0.019000001,-0.034,-0.32700002,0.021052044,0.0,0.0,0.0,0.0,0.0,0.0,0.0,0.0,0.0,0.0,0.0,0.0,inf,inf,inf,inf,inf,1,1,1,1,0,0,0,0,0,0,1,1,0,0,0,0
1777225959149000,0,1777225642797000,47.397742,8.545594,-0.04447797,0.04516104,9.523001,0.0,0.0,0.0,-0.01,-0.01,1.48,0.0,0.0,0.0,0.0,0.016,-0.034,-0.24700001,0.021011146,0.0,0.0,0.0,0.0,0.0,0.0,0.0,0.0,0.0,0.0,0.0,0.0,inf,inf,inf,inf,inf,1,1,1,1,0,0,0,0,0,0,1,1,0,0,0,0
1777225959165000,0,1777225642797000,47.397742,8.545594,-0.04447797,0.04516104,9.5,0.0,0.0,0.0,-0.01,-0.01,1.48,0.0,0.0,0.0,0.0,0.014,-0.034,-0.32000002,0.020981804,0.0,0.0,0.0,0.0,0.0,0.0,0.0,0.0,0.0,0.0,0.0,0.0,inf,inf,inf,inf,inf,1,1,1,1,0,0,0,0,0,0,1,1,0,0,0,0
1777225959189000,0,1777225642797000,47.397742,8.545594,-0.033358477,0.0376342,9.464001,0.0,0.0,0.0,-0.01,-0.01,1.4699999,0.0,0.0,0.0,0.0,0.007,-0.040000003,-0.263,0.020937327,0.0,0.0,0.0,0.0,0.0,0.0,0.0,0.0,0.0,0.0,0.0,0.0,inf,inf,inf,inf,inf,1,1,1,1,0,0,0,0,0,0,1,1,0,0,0,0
1777225959205000,0,1777225642797000,47.397742,8.545594,-0.04447797,0.04516104,9.441,0.0,0.0,0.0,-0.01,-0.01,1.4599999,0.0,0.0,0.0,0.0,0.008,-0.039,-0.31300002,0.020910667,0.0,0.0,0.0,0.0,0.0,0.0,0.0,0.0,0.0,0.0,0.0,0.0,inf,inf,inf,inf,inf,1,1,1,1,0,0,0,0,0,0,1,1,0,0,0,0
1777225959229000,0,1777225642797000,47.397742,8.545594,-0.04447797,0.0376342,9.405001,0.0,0.0,0.0,-0.01,-0.01,1.4599999,0.0,0.0,0.0,0.0,0.006,-0.038000003,-0.24400002,0.020872772,0.0,0.0,0.0,0.0,0.0,0.0,0.0,0.0,0.0,0.0,0.0,0.0,inf,inf,inf,inf,inf,1,1,1,1,0,0,0,0,0,0,1,1,0,0,0,0
1777225959245000,0,1777225642797000,47.397742,8.545594,-0.04447797,0.04516104,9.382,0.0,0.0,0.0,-0.01,-0.01,1.4499999,0.0,0.0,0.0,0.0,0.006,-0.038000003,-0.312,0.020850817,0.0,0.0,0.0,0.0,0.0,0.0,0.0,0.0,0.0,0.0,0.0,0.0,inf,inf,inf,inf,inf,1,1,1,1,0,0,0,0,0,0,1,1,0,0,0,0
1777225959269000,0,1777225642797000,47.397742,8.545594,-0.033358477,0.0376342,9.347,0.0,0.0,0.0,-0.01,-0.01,1.4499999,0.0,0.0,0.0,0.0,0.006,-0.038000003,-0.23700002,0.020825732,0.0,0.0,0.0,0.0,0.0,0.0,0.0,0.0,0.0,0.0,0.0,0.0,inf,inf,inf,inf,inf,1,1,1,1,0,0,0,0,0,0,1,1,0,0,0,0
1777225959285000,0,1777225642797000,47.397742,8.545594,-0.033358477,0.0376342,9.324,0.0,0.0,0.0,-0.01,-0.01,1.4399999,0.0,0.0,0.0,0.0,0.003,-0.039,-0.30600002,0.020813378,0.0,0.0,0.0,0.0,0.0,0.0,0.0,0.0,0.0,0.0,0.0,0.0,inf,inf,inf,inf,inf,1,1,1,1,0,0,0,0,0,0,1,1,0,0,0,0
1777225959309000,0,1777225642797000,47.397742,8.545594,-0.04447797,0.0376342,9.2890005,0.0,0.0,0.0,-0.01,-0.01,1.4399999,0.0,0.0,0.0,0.0,0.004,-0.039,-0.23300001,0.02080074,0.0,0.0,0.0,0.0,0.0,0.0,0.0,0.0,0.0,0.0,0.0,0.0,inf,inf,inf,inf,inf,1,1,1,1,0,0,0,0,0,0,1,1,0,0,0,0
1777225959325000,0,1777225642797000,47.397742,8.545594,-0.05559746,0.0376342,9.266001,0.0,0.0,0.0,-0.01,-0.01,1.43,0.0,0.0,0.0,0.0,0.0050000004,-0.039,-0.303,0.020795718,0.0,0.0,0.0,0.0,0.0,0.0,0.0,0.0,0.0,0.0,0.0,0.0,inf,inf,inf,inf,inf,1,1,1,1,0,0,0,0,0,0,1,1,0,0,0,0
1777225959349000,0,1777225642797000,47.397742,8.545594,-0.05559746,0.0376342,9.231001,0.0,0.0,0.0,-0.01,-0.02,1.43,0.0,0.0,0.0,0.0,0.003,-0.038000003,-0.23900001,0.020795504,0.0,0.0,0.0,0.0,0.0,0.0,0.0,0.0,0.0,0.0,0.0,0.0,inf,inf,inf,inf,inf,1,1,1,1,0,0,0,0,0,0,1,1,0,0,0,0
1777225959365000,0,1777225642797000,47.397742,8.545594,-0.05559746,0.04516104,9.209001,0.0,0.0,0.0,-0.01,-0.02,1.42,0.0,0.0,0.0,0.0,0.002,-0.039,-0.31,0.020801777,0.0,0.0,0.0,0.0,0.0,0.0,0.0,0.0,0.0,0.0,0.0,0.0,inf,inf,inf,inf,inf,1,1,1,1,0,0,0,0,0,0,1,1,0,0,0,0
1777225959381000,0,1777225642797000,47.397742,8.545594,-0.05559746,0.03010736,9.186001,0.0,0.0,0.0,-0.01,-0.02,1.42,0.0,0.0,0.0,0.0,0.0,-0.042000003,-0.24100001,0.02081279,0.0,0.0,0.0,0.0,0.0,0.0,0.0,0.0,0.0,0.0,0.0,0.0,inf,inf,inf,inf,inf,1,1,1,1,0,0,0,0,0,0,1,1,0,0,0,0
1777225959405000,0,1777225642797000,47.397742,8.545594,-0.066716954,0.05268788,9.152,0.0,0.0,0.0,-0.01,-0.02,1.41,0.0,0.0,0.0,0.0,-0.001,-0.043,-0.307,0.020836813,0.0,0.0,0.0,0.0,0.0,0.0,0.0,0.0,0.0,0.0,0.0,0.0,inf,inf,inf,inf,inf,1,1,1,1,0,0,0,0,0,0,1,1,0,0,0,0
1777225959421000,0,1777225642797000,47.397742,8.545594,-0.066716954,0.05268788,9.129001,0.0,0.0,0.0,-0.01,-0.02,1.41,0.0,0.0,0.0,0.0,0.0,-0.040000003,-0.245,0.020856867,0.0,0.0,0.0,0.0,0.0,0.0,0.0,0.0,0.0,0.0,0.0,0.0,inf,inf,inf,inf,inf,1,1,1,1,0,0,0,0,0,0,1,1,0,0,0,0
1777225959445000,0,1777225642797000,47.397742,8.545594,-0.066716954,0.0376342,9.095,0.0,0.0,0.0,-0.01,-0.02,1.4,0.0,0.0,0.0,0.0,0.0,-0.042000003,-0.30800003,0.02089178,0.0,0.0,0.0,0.0,0.0,0.0,0.0,0.0,0.0,0.0,0.0,0.0,inf,inf,inf,inf,inf,1,1,1,1,0,0,0,0,0,0,1,1,0,0,0,0
1777225959461000,0,1777225642797000,47.397742,8.545594,-0.066716954,0.04516104,9.073,0.0,0.0,0.0,-0.01,-0.02,1.4,0.0,0.0,0.0,0.0,-0.001,-0.044000003,-0.24000001,0.020917451,0.0,0.0,0.0,0.0,0.0,0.0,0.0,0.0,0.0,0.0,0.0,0.0,inf,inf,inf,inf,inf,1,1,1,1,0,0,0,0,0,0,1,1,0,0,0,0
1777225959485000,0,1777225642797000,47.397742,8.545594,-0.066716954,0.04516104,9.0390005,0.0,0.0,0.0,-0.01,-0.02,1.39,0.0,0.0,0.0,0.0,0.0,-0.043,-0.30400002,0.0209609,0.0,0.0,0.0,0.0,0.0,0.0,0.0,0.0,0.0,0.0,0.0,0.0,inf,inf,inf,inf,inf,1,1,1,1,0,0,0,0,0,0,1,1,0,0,0,0
1777225959501000,0,1777225642797000,47.397742,8.545594,-0.066716954,0.04516104,9.017,0.0,0.0,0.0,-0.01,-0.02,1.39,0.0,0.0,0.0,0.0,-0.002,-0.045,-0.23300001,0.020991724,0.0,0.0,0.0,0.0,0.0,0.0,0.0,0.0,0.0,0.0,0.0,0.0,inf,inf,inf,inf,inf,1,1,1,1,0,0,0,0,0,0,1,1,0,0,0,0
1777225959525000,0,1777225642797000,47.397742,8.545594,-0.066716954,0.0376342,8.983001,0.0,0.0,0.0,-0.01,-0.02,1.38,0.0,0.0,0.0,0.0,-0.002,-0.046000004,-0.30100003,0.0210385,0.0,0.0,0.0,0.0,0.0,0.0,0.0,0.0,0.0,0.0,0.0,0.0,inf,inf,inf,inf,inf,1,1,1,1,0,0,0,0,0,0,1,1,0,0,0,0
1777225959549000,0,1777225642797000,47.397742,8.545594,-0.04447797,0.04516104,8.950001,0.0,0.0,0.0,-0.01,-0.02,1.38,0.0,0.0,0.0,0.0,-0.001,-0.046000004,-0.23400001,0.021086706,0.0,0.0,0.0,0.0,0.0,0.0,0.0,0.0,0.0,0.0,0.0,0.0,inf,inf,inf,inf,inf,1,1,1,1,0,0,0,0,0,0,1,1,0,0,0,0
1777225959565000,0,1777225642797000,47.397742,8.545594,-0.05559746,0.04516104,8.928,0.0,0.0,0.0,-0.01,-0.03,1.37,0.0,0.0,0.0,0.0,-0.001,-0.047000002,-0.30100003,0.0211183,0.0,0.0,0.0,0.0,0.0,0.0,0.0,0.0,0.0,0.0,0.0,0.0,inf,inf,inf,inf,inf,1,1,1,1,0,0,0,0,0,0,1,1,0,0,0,0
1777225959581000,0,1777225642797000,47.397742,8.545594,-0.04447797,0.04516104,8.906,0.0,0.0,0.0,-0.01,-0.03,1.37,0.0,0.0,0.0,0.0,-0.001,-0.044000003,-0.23300001,0.021149281,0.0,0.0,0.0,0.0,0.0,0.0,0.0,0.0,0.0,0.0,0.0,0.0,inf,inf,inf,inf,inf,1,1,1,1,0,0,0,0,0,0,1,1,0,0,0,0
1777225959605000,0,1777225642797000,47.397742,8.545594,-0.04447797,0.0376342,8.873,0.0,0.0,0.0,-0.01,-0.03,1.36,0.0,0.0,0.0,0.0,-0.004,-0.044000003,-0.29700002,0.02119732,0.0,0.0,0.0,0.0,0.0,0.0,0.0,0.0,0.0,0.0,0.0,0.0,inf,inf,inf,inf,inf,1,1,1,1,0,0,0,0,0,0,1,1,0,0,0,0
1777225959621000,0,1777225642797000,47.397742,8.545594,-0.05559746,0.0376342,8.851001,0.0,0.0,0.0,-0.01,-0.03,1.36,0.0,0.0,0.0,0.0,-0.003,-0.043,-0.22700001,0.021231666,0.0,0.0,0.0,0.0,0.0,0.0,0.0,0.0,0.0,0.0,0.0,0.0,inf,inf,inf,inf,inf,1,1,1,1,0,0,0,0,0,0,1,1,0,0,0,0
1777225959645000,0,1777225642797000,47.397742,8.545594,-0.04447797,0.0376342,8.818001,0.0,0.0,0.0,-0.01,-0.03,1.35,0.0,0.0,0.0,0.0,-0.002,-0.043,-0.3,0.0212814,0.0,0.0,0.0,0.0,0.0,0.0,0.0,0.0,0.0,0.0,0.0,0.0,inf,inf,inf,inf,inf,1,1,1,1,0,0,0,0,0,0,1,1,0,0,0,0
1777225959669000,0,1777225642797000,47.397742,8.545594,-0.04447797,0.03010736,8.786,0.0,0.0,0.0,-0.01,-0.03,1.35,0.0,0.0,0.0,0.0,-0.001,-0.040000003,-0.22200002,0.021331625,0.0,0.0,0.0,0.0,0.0,0.0,0.0,0.0,0.0,0.0,0.0,0.0,inf,inf,inf,inf,inf,1,1,1,1,0,0,0,0,0,0,1,1,0,0,0,0
1777225959685000,0,1777225642797000,47.397742,8.545594,-0.04447797,0.0376342,8.764001,0.0,0.0,0.0,-0.01,-0.03,1.3399999,0.0,0.0,0.0,0.0,0.001,-0.039,-0.28500003,0.02136555,0.0,0.0,0.0,0.0,0.0,0.0,0.0,0.0,0.0,0.0,0.0,0.0,inf,inf,inf,inf,inf,1,1,1,1,0,0,0,0,0,0,1,1,0,0,0,0
1777225959709000,0,1777225642797000,47.397742,8.545594,-0.04447797,0.0376342,8.732,0.0,0.0,0.0,-0.01,-0.03,1.3399999,0.0,0.0,0.0,0.0,0.001,-0.038000003,-0.22000001,0.02141256,0.0,0.0,0.0,0.0,0.0,0.0,0.0,0.0,0.0,0.0,0.0,0.0,inf,inf,inf,inf,inf,1,1,1,1,0,0,0,0,0,0,1,1,0,0,0,0
1777225959725000,0,1777225642797000,47.397742,8.545594,-0.033358477,0.0376342,8.71,0.0,0.0,0.0,-0.01,-0.03,1.3299999,0.0,0.0,0.0,0.0,0.001,-0.036000002,-0.28500003,0.021442182,0.0,0.0,0.0,0.0,0.0,0.0,0.0,0.0,0.0,0.0,0.0,0.0,inf,inf,inf,inf,inf,1,1,1,1,0,0,0,0,0,0,1,1,0,0,0,0
1777225959749000,0,1777225642797000,47.397742,8.545594,-0.04447797,0.0376342,8.678,0.0,0.0,0.0,-0.01,-0.03,1.3299999,0.0,0.0,0.0,0.0,0.003,-0.035,-0.215,0.021485198,0.0,0.0,0.0,0.0,0.0,0.0,0.0,0.0,0.0,0.0,0.0,0.0,inf,inf,inf,inf,inf,1,1,1,1,0,0,0,0,0,0,1,1,0,0,0,0
1777225959765000,0,1777225642797000,47.397742,8.545594,-0.04447797,0.0376342,8.657001,0.0,0.0,0.0,-0.01,-0.03,1.3199999,0.0,0.0,0.0,0.0,0.004,-0.033,-0.27800003,0.021510763,0.0,0.0,0.0,0.0,0.0,0.0,0.0,0.0,0.0,0.0,0.0,0.0,inf,inf,inf,inf,inf,1,1,1,1,0,0,0,0,0,0,1,1,0,0,0,0
1777225959789000,0,1777225642797000,47.397742,8.545594,-0.04447797,0.0376342,8.625,0.0,0.0,0.0,-0.01,-0.03,1.3199999,0.0,0.0,0.0,0.0,0.002,-0.033,-0.216,0.02154394,0.0,0.0,0.0,0.0,0.0,0.0,0.0,0.0,0.0,0.0,0.0,0.0,inf,inf,inf,inf,inf,1,1,1,1,0,0,0,0,0,0,1,1,0,0,0,0
1777225959805000,0,1777225642797000,47.397742,8.545594,-0.04447797,0.04516104,8.604,0.0,0.0,0.0,-0.01,-0.03,1.3199999,0.0,0.0,0.0,0.0,0.002,-0.033,-0.27600002,0.021564262,0.0,0.0,0.0,0.0,0.0,0.0,0.0,0.0,0.0,0.0,0.0,0.0,inf,inf,inf,inf,inf,1,1,1,1,0,0,0,0,0,0,1,1,0,0,0,0
1777225959821000,0,1777225642797000,47.397742,8.545594,-0.05559746,0.0376342,8.583,0.0,0.0,0.0,-0.01,-0.04,1.31,0.0,0.0,0.0,0.0,0.002,-0.032,-0.21200001,0.021583466,0.0,0.0,0.0,0.0,0.0,0.0,0.0,0.0,0.0,0.0,0.0,0.0,inf,inf,inf,inf,inf,1,1,1,1,0,0,0,0,0,0,1,1,0,0,0,0
1777225959845000,0,1777225642797000,47.397742,8.545594,-0.05559746,0.03010736,8.551001,0.0,0.0,0.0,-0.01,-0.04,1.31,0.0,0.0,0.0,0.0,0.0050000004,-0.029000001,-0.27600002,0.02160901,0.0,0.0,0.0,0.0,0.0,0.0,0.0,0.0,0.0,0.0,0.0,0.0,inf,inf,inf,inf,inf,1,1,1,1,0,0,0,0,0,0,1,1,0,0,0,0
1777225959861000,0,1777225642797000,47.397742,8.545594,-0.05559746,0.02258052,8.530001,0.0,0.0,0.0,-0.01,-0.04,1.3,0.0,0.0,0.0,0.0,0.0050000004,-0.030000001,-0.21100001,0.021625591,0.0,0.0,0.0,0.0,0.0,0.0,0.0,0.0,0.0,0.0,0.0,0.0,inf,inf,inf,inf,inf,1,1,1,1,0,0,0,0,0,0,1,1,0,0,0,0
1777225959885000,0,1777225642797000,47.397742,8.545594,-0.05559746,0.0376342,8.499001,0.0,0.0,0.0,-0.01,-0.04,1.3,0.0,0.0,0.0,0.0,0.0050000004,-0.030000001,-0.277,0.021650199,0.0,0.0,0.0,0.0,0.0,0.0,0.0,0.0,0.0,0.0,0.0,0.0,inf,inf,inf,inf,inf,1,1,1,1,0,0,0,0,0,0,1,1,0,0,0,0
1777225959901000,0,1777225642797000,47.397742,8.545594,-0.05559746,0.0376342,8.478001,0.0,0.0,0.0,-0.01,-0.04,1.29,0.0,0.0,0.0,0.0,0.003,-0.030000001,-0.21000001,0.021666372,0.0,0.0,0.0,0.0,0.0,0.0,0.0,0.0,0.0,0.0,0.0,0.0,inf,inf,inf,inf,inf,1,1,1,1,0,0,0,0,0,0,1,1,0,0,0,0
1777225959925000,0,1777225642797000,47.397742,8.545594,-0.05559746,0.0376342,8.4470005,0.0,0.0,0.0,-0.01,-0.04,1.29,0.0,0.0,0.0,0.0,0.007,-0.027,-0.27400002,0.021691179,0.0,0.0,0.0,0.0,0.0,0.0,0.0,0.0,0.0,0.0,0.0,0.0,inf,inf,inf,inf,inf,1,1,1,1,0,0,0,0,0,0,1,1,0,0,0,0
1777225959949000,0,1777225642797000,47.397742,8.545594,-0.05559746,0.03010736,8.416,0.0,0.0,0.0,-0.01,-0.04,1.28,0.0,0.0,0.0,0.0,0.009000001,-0.027,-0.21200001,0.021711798,0.0,0.0,0.0,0.0,0.0,0.0,0.0,0.0,0.0,0.0,0.0,0.0,inf,inf,inf,inf,inf,1,1,1,1,0,0,0,0,0,0,1,1,0,0,0,0
1777225959965000,0,1777225642797000,47.397742,8.545594,-0.05559746,0.02258052,8.395,0.0,0.0,0.0,-0.01,-0.04,1.28,0.0,0.0,0.0,0.0,0.006,-0.028,-0.275,0.021722045,0.0,0.0,0.0,0.0,0.0,0.0,0.0,0.0,0.0,0.0,0.0,0.0,inf,inf,inf,inf,inf,1,1,1,1,0,0,0,0,0,0,1,1,0,0,0,0
1777225959989000,0,1777225642797000,47.397742,8.545594,-0.05559746,0.02258052,8.365001,0.0,0.0,0.0,-0.01,-0.04,1.27,0.0,0.0,0.0,0.0,0.009000001,-0.028,-0.21300001,0.021734724,0.0,0.0,0.0,0.0,0.0,0.0,0.0,0.0,0.0,0.0,0.0,0.0,inf,inf,inf,inf,inf,1,1,1,1,0,0,0,0,0,0,1,1,0,0,0,0
1777225960005000,0,1777225642797000,47.397742,8.545594,-0.05559746,0.02258052,8.344001,0.0,0.0,0.0,-0.01,-0.04,1.27,0.0,0.0,0.0,0.0,0.011000001,-0.027,-0.277,0.02173967,0.0,0.0,0.0,0.0,0.0,0.0,0.0,0.0,0.0,0.0,0.0,0.0,inf,inf,inf,inf,inf,1,1,1,1,0,0,0,0,0,0,1,1,0,0,0,0
1777225960029000,0,1777225642797000,47.397742,8.545594,-0.05559746,0.02258052,8.314,0.0,0.0,0.0,-0.01,-0.04,1.26,0.0,0.0,0.0,0.0,0.007,-0.029000001,-0.21000001,0.021743363,0.0,0.0,0.0,0.0,0.0,0.0,0.0,0.0,0.0,0.0,0.0,0.0,inf,inf,inf,inf,inf,1,1,1,1,0,0,0,0,0,0,1,1,0,0,0,0
1777225960045000,0,1777225642797000,47.397742,8.545594,-0.05559746,0.02258052,8.293,0.0,0.0,0.0,-0.01,-0.04,1.26,0.0,0.0,0.0,0.0,0.008,-0.029000001,-0.27,0.021743933,0.0,0.0,0.0,0.0,0.0,0.0,0.0,0.0,0.0,0.0,0.0,0.0,inf,inf,inf,inf,inf,1,1,1,1,0,0,0,0,0,0,1,1,0,0,0,0
1777225960061000,0,1777225642797000,47.397742,8.545594,-0.05559746,0.03010736,8.273001,0.0,0.0,0.0,-0.01,-0.04,1.26,0.0,0.0,0.0,0.0,0.008,-0.029000001,-0.20500001,0.021742571,0.0,0.0,0.0,0.0,0.0,0.0,0.0,0.0,0.0,0.0,0.0,0.0,inf,inf,inf,inf,inf,1,1,1,1,0,0,0,0,0,0,1,1,0,0,0,0
1777225960085000,0,1777225642797000,47.397742,8.545594,-0.066716954,0.02258052,8.243,0.0,0.0,0.0,-0.01,-0.04,1.25,0.0,0.0,0.0,0.0,0.007,-0.028,-0.27,0.021736579,0.0,0.0,0.0,0.0,0.0,0.0,0.0,0.0,0.0,0.0,0.0,0.0,inf,inf,inf,inf,inf,1,1,1,1,0,0,0,0,0,0,1,1,0,0,0,0
1777225960101000,0,1777225642797000,47.397742,8.545594,-0.05559746,0.02258052,8.223001,0.0,0.0,0.0,-0.01,-0.04,1.25,0.0,0.0,0.0,0.0,0.007,-0.029000001,-0.209,0.021728536,0.0,0.0,0.0,0.0,0.0,0.0,0.0,0.0,0.0,0.0,0.0,0.0,inf,inf,inf,inf,inf,1,1,1,1,0,0,0,0,0,0,1,1,0,0,0,0
1777225960125000,0,1777225642797000,47.397742,8.545594,-0.05559746,0.02258052,8.193001,0.0,0.0,0.0,-0.01,-0.04,1.24,0.0,0.0,0.0,0.0,0.006,-0.028,-0.27,0.021709062,0.0,0.0,0.0,0.0,0.0,0.0,0.0,0.0,0.0,0.0,0.0,0.0,inf,inf,inf,inf,inf,1,1,1,1,0,0,0,0,0,0,1,1,0,0,0,0
1777225960141000,0,1777225642797000,47.397742,8.545594,-0.05559746,0.01505368,8.173,0.0,0.0,0.0,-0.01,-0.04,1.24,0.0,0.0,0.0,0.0,0.007,-0.026,-0.21100001,0.021694018,0.0,0.0,0.0,0.0,0.0,0.0,0.0,0.0,0.0,0.0,0.0,0.0,inf,inf,inf,inf,inf,1,1,1,1,0,0,0,0,0,0,1,1,0,0,0,0
1777225960165000,0,1777225642797000,47.397742,8.545594,-0.066716954,0.01505368,8.143001,0.0,0.0,0.0,-0.01,-0.049999997,1.23,0.0,0.0,0.0,0.0,0.007,-0.028,-0.216,0.021668456,0.0,0.0,0.0,0.0,0.0,0.0,0.0,0.0,0.0,0.0,0.0,0.0,inf,inf,inf,inf,inf,1,1,1,1,0,0,0,0,0,0,1,1,0,0,0,0
1777225960189000,0,1777225642797000,47.397742,8.545594,-0.066716954,0.01505368,8.113,0.0,0.0,0.0,-0.01,-0.049999997,1.23,0.0,0.0,0.0,0.0,0.007,-0.027,-0.21100001,0.021639924,0.0,0.0,0.0,0.0,0.0,0.0,0.0,0.0,0.0,0.0,0.0,0.0,inf,inf,inf,inf,inf,1,1,1,1,0,0,0,0,0,0,1,1,0,0,0,0
1777225960205000,0,1777225642797000,47.397742,8.545594,-0.066716954,0.00752684,8.094001,0.0,0.0,0.0,-0.01,-0.049999997,1.22,0.0,0.0,0.0,0.0,0.007,-0.025,-0.27400002,0.02161993,0.0,0.0,0.0,0.0,0.0,0.0,0.0,0.0,0.0,0.0,0.0,0.0,inf,inf,inf,inf,inf,1,1,1,1,0,0,0,0,0,0,1,1,0,0,0,0
1777225960229000,0,1777225642797000,47.397742,8.545594,-0.066716954,0.00752684,8.064,0.0,0.0,0.0,-0.01,-0.049999997,1.22,0.0,0.0,0.0,0.0,0.011000001,-0.023000002,-0.21400002,0.021590587,0.0,0.0,0.0,0.0,0.0,0.0,0.0,0.0,0.0,0.0,0.0,0.0,inf,inf,inf,inf,inf,1,1,1,1,0,0,0,0,0,0,1,1,0,0,0,0
1777225960245000,0,1777225642797000,47.397742,8.545594,-0.05559746,0.00752684,8.045,0.0,0.0,0.0,-0.01,-0.049999997,1.22,0.0,0.0,0.0,0.0,0.012,-0.024,-0.272,0.02156937,0.0,0.0,0.0,0.0,0.0,0.0,0.0,0.0,0.0,0.0,0.0,0.0,inf,inf,inf,inf,inf,1,1,1,1,0,0,0,0,0,0,1,1,0,0,0,0
1777225960261000,0,1777225642797000,47.397742,8.545594,-0.05559746,0.00752684,8.025001,0.0,0.0,0.0,-0.01,-0.049999997,1.2099999,0.0,0.0,0.0,0.0,0.012,-0.023000002,-0.209,0.02154654,0.0,0.0,0.0,0.0,0.0,0.0,0.0,0.0,0.0,0.0,0.0,0.0,inf,inf,inf,inf,inf,1,1,1,1,0,0,0,0,0,0,1,1,0,0,0,0
1777225960285000,0,1777225642797000,47.397742,8.545594,-0.066716954,0.00752684,7.9960003,0.0,0.0,0.0,-0.01,-0.049999997,1.2099999,0.0,0.0,0.0,0.0,0.011000001,-0.023000002,-0.275,0.02150899,0.0,0.0,0.0,0.0,0.0,0.0,0.0,0.0,0.0,0.0,0.0,0.0,inf,inf,inf,inf,inf,1,1,1,1,0,0,0,0,0,0,1,1,0,0,0,0
1777225960309000,0,1777225642797000,47.397742,8.545594,-0.066716954,0.0,7.9670005,0.0,0.0,0.0,0.0,-0.049999997,1.1999999,0.0,0.0,0.0,0.0,0.014,-0.021000002,-0.21400002,0.021468543,0.0,0.0,0.0,0.0,0.0,0.0,0.0,0.0,0.0,0.0,0.0,0.0,inf,inf,inf,inf,inf,1,1,1,1,0,0,0,0,0,0,1,1,0,0,0,0
1777225960325000,0,1777225642797000,47.397742,8.545594,-0.066716954,0.01505368,7.9480004,0.0,0.0,0.0,0.0,-0.049999997,1.1999999,0.0,0.0,0.0,0.0,0.013,-0.021000002,-0.27100003,0.021439949,0.0,0.0,0.0,0.0,0.0,0.0,0.0,0.0,0.0,0.0,0.0,0.0,inf,inf,inf,inf,inf,1,1,1,1,0,0,0,0,0,0,1,1,0,0,0,0
1777225960349000,0,1777225642797000,47.397742,8.545594,-0.066716954,0.00752684,7.919,0.0,0.0,0.0,0.0,-0.049999997,1.1899999,0.0,0.0,0.0,0.0,0.016,-0.017,-0.21400002,0.021395896,0.0,0.0,0.0,0.0,0.0,0.0,0.0,0.0,0.0,0.0,0.0,0.0,inf,inf,inf,inf,inf,1,1,1,1,0,0,0,0,0,0,1,1,0,0,0,0
1777225960365000,0,1777225642797000,47.397742,8.545594,-0.066716954,0.00752684,7.9000006,0.0,0.0,0.0,0.0,-0.049999997,1.1899999,0.0,0.0,0.0,0.0,0.017,-0.015000001,-0.27100003,0.021365117,0.0,0.0,0.0,0.0,0.0,0.0,0.0,0.0,0.0,0.0,0.0,0.0,inf,inf,inf,inf,inf,1,1,1,1,0,0,0,0,0,0,1,1,0,0,0,0
1777225960389000,0,1777225642797000,47.397742,8.545594,-0.066716954,0.01505368,7.8710003,0.0,0.0,0.0,0.0,-0.049999997,1.18,0.0,0.0,0.0,0.0,0.014,-0.016,-0.21400002,0.021319658,0.0,0.0,0.0,0.0,0.0,0.0,0.0,0.0,0.0,0.0,0.0,0.0,inf,inf,inf,inf,inf,1,1,1,1,0,0,0,0,0,0,1,1,0,0,0,0
1777225960405000,0,1777225642797000,47.397742,8.545594,-0.066716954,0.01505368,7.852,0.0,0.0,0.0,0.0,-0.049999997,1.18,0.0,0.0,0.0,0.0,0.015000001,-0.015000001,-0.273,0.021293739,0.0,0.0,0.0,0.0,0.0,0.0,0.0,0.0,0.0,0.0,0.0,0.0,inf,inf,inf,inf,inf,1,1,1,1,0,0,0,0,0,0,1,1,0,0,0,0
1777225960429000,0,1777225642797000,47.397742,8.545594,-0.066716954,0.00752684,7.8240004,0.0,0.0,0.0,0.0,-0.049999997,1.17,0.0,0.0,0.0,0.0,0.016,-0.014,-0.21200001,0.021259904,0.0,0.0,0.0,0.0,0.0,0.0,0.0,0.0,0.0,0.0,0.0,0.0,inf,inf,inf,inf,inf,1,1,1,1,0,0,0,0,0,0,1,1,0,0,0,0
1777225960445000,0,1777225642797000,47.397742,8.545594,-0.066716954,0.00752684,7.8050003,0.0,0.0,0.0,0.0,-0.049999997,1.17,0.0,0.0,0.0,0.0,0.014,-0.015000001,-0.26900002,0.021239951,0.0,0.0,0.0,0.0,0.0,0.0,0.0,0.0,0.0,0.0,0.0,0.0,inf,inf,inf,inf,inf,1,1,1,1,0,0,0,0,0,0,1,1,0,0,0,0
1777225960469000,0,1777225642797000,47.397742,8.545594,-0.066716954,0.0,7.7770004,0.0,0.0,0.0,0.0,-0.049999997,1.17,0.0,0.0,0.0,0.0,0.015000001,-0.013,-0.21200001,0.021212885,0.0,0.0,0.0,0.0,0.0,0.0,0.0,0.0,0.0,0.0,0.0,0.0,inf,inf,inf,inf,inf,1,1,1,1,0,0,0,0,0,0,1,1,0,0,0,0
1777225960485000,0,1777225642797000,47.397742,8.545594,-0.066716954,0.00752684,7.7580004,0.0,0.0,0.0,0.0,-0.049999997,1.16,0.0,0.0,0.0,0.0,0.015000001,-0.012,-0.27,0.021196753,0.0,0.0,0.0,0.0,0.0,0.0,0.0,0.0,0.0,0.0,0.0,0.0,inf,inf,inf,inf,inf,1,1,1,1,0,0,0,0,0,0,1,1,0,0,0,0
1777225960509000,0,1777225642797000,47.397742,8.545594,-0.07783645,0.00752684,7.7300005,0.0,0.0,0.0,0.0,-0.049999997,1.16,0.0,0.0,0.0,0.0,0.014,-0.011000001,-0.21100001,0.021175923,0.0,0.0,0.0,0.0,0.0,0.0,0.0,0.0,0.0,0.0,0.0,0.0,inf,inf,inf,inf,inf,1,1,1,1,0,0,0,0,0,0,1,1,0,0,0,0
1777225960525000,0,1777225642797000,47.397742,8.545594,-0.066716954,0.00752684,7.7110004,0.0,0.0,0.0,0.0,-0.049999997,1.15,0.0,0.0,0.0,0.0,0.012,-0.011000001,-0.273,0.021164391,0.0,0.0,0.0,0.0,0.0,0.0,0.0,0.0,0.0,0.0,0.0,0.0,inf,inf,inf,inf,inf,1,1,1,1,0,0,0,0,0,0,1,1,0,0,0,0
1777225960549000,0,1777225642797000,47.397742,8.545594,-0.05559746,0.0,7.6840005,0.0,0.0,0.0,0.0,-0.049999997,1.15,0.0,0.0,0.0,0.0,0.011000001,-0.009000001,-0.20700002,0.021151973,0.0,0.0,0.0,0.0,0.0,0.0,0.0,0.0,0.0,0.0,0.0,0.0,inf,inf,inf,inf,inf,1,1,1,1,0,0,0,0,0,0,1,1,0,0,0,0
1777225960565000,0,1777225642797000,47.397742,8.545594,-0.05559746,0.0,7.6650004,0.0,0.0,0.0,0.0,-0.049999997,1.14,0.0,0.0,0.0,0.0,0.013,-0.007,-0.26000002,0.021146772,0.0,0.0,0.0,0.0,0.0,0.0,0.0,0.0,0.0,0.0,0.0,0.0,inf,inf,inf,inf,inf,1,1,1,1,0,0,0,0,0,0,1,1,0,0,0,0
1777225960589000,0,1777225642797000,47.397742,8.545594,-0.05559746,-0.00752684,7.6380005,0.0,0.0,0.0,0.0,-0.049999997,1.14,0.0,0.0,0.0,0.0,0.012,-0.0050000004,-0.21400002,0.021142608,0.0,0.0,0.0,0.0,0.0,0.0,0.0,0.0,0.0,0.0,0.0,0.0,inf,inf,inf,inf,inf,1,1,1,1,0,0,0,0,0,0,1,1,0,0,0,0
1777225960605000,0,1777225642797000,47.397742,8.545594,-0.05559746,-0.01505368,7.6200004,0.0,0.0,0.0,0.0,-0.049999997,1.13,0.0,0.0,0.0,0.0,0.011000001,-0.0050000004,-0.26500002,0.02114359,0.0,0.0,0.0,0.0,0.0,0.0,0.0,0.0,0.0,0.0,0.0,0.0,inf,inf,inf,inf,inf,1,1,1,1,0,0,0,0,0,0,1,1,0,0,0,0
1777225960629000,0,1777225642797000,47.397742,8.545594,-0.05559746,-0.01505368,7.5920005,0.0,0.0,0.0,0.0,-0.049999997,1.13,0.0,0.0,0.0,0.0,0.012,-0.004,-0.21100001,0.021149537,0.0,0.0,0.0,0.0,0.0,0.0,0.0,0.0,0.0,0.0,0.0,0.0,inf,inf,inf,inf,inf,1,1,1,1,0,0,0,0,0,0,1,1,0,0,0,0
1777225960645000,0,1777225642797000,47.397742,8.545594,-0.05559746,-0.01505368,7.5740004,0.0,0.0,0.0,0.0,-0.049999997,1.13,0.0,0.0,0.0,0.0,0.013,-0.002,-0.26500002,0.021155505,0.0,0.0,0.0,0.0,0.0,0.0,0.0,0.0,0.0,0.0,0.0,0.0,inf,inf,inf,inf,inf,1,1,1,1,0,0,0,0,0,0,1,1,0,0,0,0
1777225960669000,0,1777225642797000,47.397742,8.545594,-0.05559746,-0.01505368,7.5470004,0.0,0.0,0.0,0.0,-0.049999997,1.12,0.0,0.0,0.0,0.0,0.011000001,-0.002,-0.208,0.021167,0.0,0.0,0.0,0.0,0.0,0.0,0.0,0.0,0.0,0.0,0.0,0.0,inf,inf,inf,inf,inf,1,1,1,1,0,0,0,0,0,0,1,1,0,0,0,0
1777225960685000,0,1777225642797000,47.397742,8.545594,-0.05559746,-0.02258052,7.5290003,0.0,0.0,0.0,0.0,-0.049999997,1.12,0.0,0.0,0.0,0.0,0.011000001,-0.003,-0.268,0.02117452,0.0,0.0,0.0,0.0,0.0,0.0,0.0,0.0,0.0,0.0,0.0,0.0,inf,inf,inf,inf,inf,1,1,1,1,0,0,0,0,0,0,1,1,0,0,0,0
1777225960709000,0,1777225642797000,47.397742,8.545594,-0.05559746,-0.00752684,7.5020003,0.0,0.0,0.0,0.0,-0.049999997,1.11,0.0,0.0,0.0,0.0,0.011000001,-0.001,-0.209,0.021183878,0.0,0.0,0.0,0.0,0.0,0.0,0.0,0.0,0.0,0.0,0.0,0.0,inf,inf,inf,inf,inf,1,1,1,1,0,0,0,0,0,0,1,1,0,0,0,0
1777225960725000,0,1777225642797000,47.397742,8.545594,-0.066716954,-0.00752684,7.484,0.0,0.0,0.0,0.0,-0.049999997,1.11,0.0,0.0,0.0,0.0,0.011000001,0.001,-0.264,0.021187825,0.0,0.0,0.0,0.0,0.0,0.0,0.0,0.0,0.0,0.0,0.0,0.0,inf,inf,inf,inf,inf,1,1,1,1,0,0,0,0,0,0,1,1,0,0,0,0
1777225960749000,0,1777225642797000,47.397742,8.545594,-0.066716954,-0.00752684,7.458,0.0,0.0,0.0,0.0,-0.049999997,1.1,0.0,0.0,0.0,0.0,0.013,0.002,-0.20600002,0.021190638,0.0,0.0,0.0,0.0,0.0,0.0,0.0,0.0,0.0,0.0,0.0,0.0,inf,inf,inf,inf,inf,1,1,1,1,0,0,0,0,0,0,1,1,0,0,0,0
1777225960765000,0,1777225642797000,47.397742,8.545594,-0.066716954,-0.01505368,7.4400005,0.0,0.0,0.0,0.0,-0.049999997,1.1,0.0,0.0,0.0,0.0,0.013,0.0050000004,-0.261,0.02119202,0.0,0.0,0.0,0.0,0.0,0.0,0.0,0.0,0.0,0.0,0.0,0.0,inf,inf,inf,inf,inf,1,1,1,1,0,0,0,0,0,0,1,1,0,0,0,0
1777225960789000,0,1777225642797000,47.397742,8.545594,-0.066716954,-0.02258052,7.4130006,0.0,0.0,0.0,0.0,-0.049999997,1.09,0.0,0.0,0.0,0.0,0.015000001,0.009000001,-0.20300001,0.021190718,0.0,0.0,0.0,0.0,0.0,0.0,0.0,0.0,0.0,0.0,0.0,0.0,inf,inf,inf,inf,inf,1,1,1,1,0,0,0,0,0,0,1,1,0,0,0,0
1777225960805000,0,1777225642797000,47.397742,8.545594,-0.066716954,-0.00752684,7.3960004,0.0,0.0,0.0,0.0,-0.049999997,1.09,0.0,0.0,0.0,0.0,0.016,0.009000001,-0.25800002,0.021187676,0.0,0.0,0.0,0.0,0.0,0.0,0.0,0.0,0.0,0.0,0.0,0.0,inf,inf,inf,inf,inf,1,1,1,1,0,0,0,0,0,0,1,1,0,0,0,0
1777225960821000,0,1777225642797000,47.397742,8.545594,-0.066716954,-0.00752684,7.3780003,0.0,0.0,0.0,0.0,-0.049999997,1.09,0.0,0.0,0.0,0.0,0.016,0.009000001,-0.19700001,0.021184612,0.0,0.0,0.0,0.0,0.0,0.0,0.0,0.0,0.0,0.0,0.0,0.0,inf,inf,inf,inf,inf,1,1,1,1,0,0,0,0,0,0,1,1,0,0,0,0
1777225960845000,0,1777225642797000,47.397742,8.545594,-0.066716954,-0.02258052,7.352,0.0,0.0,0.0,0.0,-0.049999997,1.0799999,0.0,0.0,0.0,0.0,0.017,0.009000001,-0.257,0.021182245,0.0,0.0,0.0,0.0,0.0,0.0,0.0,0.0,0.0,0.0,0.0,0.0,inf,inf,inf,inf,inf,1,1,1,1,0,0,0,0,0,0,1,1,0,0,0,0
1777225960861000,0,1777225642797000,47.397742,8.545594,-0.05559746,-0.02258052,7.3350005,0.0,0.0,0.0,0.0,-0.049999997,1.0799999,0.0,0.0,0.0,0.0,0.017,0.011000001,-0.19600001,0.021181613,0.0,0.0,0.0,0.0,0.0,0.0,0.0,0.0,0.0,0.0,0.0,0.0,inf,inf,inf,inf,inf,1,1,1,1,0,0,0,0,0,0,1,1,0,0,0,0
1777225960885000,0,1777225642797000,47.397742,8.545594,-0.05559746,-0.01505368,7.3090005,0.0,0.0,0.0,0.0,-0.049999997,1.0699999,0.0,0.0,0.0,0.0,0.016,0.012,-0.256,0.021183278,0.0,0.0,0.0,0.0,0.0,0.0,0.0,0.0,0.0,0.0,0.0,0.0,inf,inf,inf,inf,inf,1,1,1,1,0,0,0,0,0,0,1,1,0,0,0,0
1777225960909000,0,1777225642797000,47.397742,8.545594,-0.066716954,-0.02258052,7.2830005,0.0,0.0,0.0,0.0,-0.049999997,1.0699999,0.0,0.0,0.0,0.0,0.017,0.011000001,-0.20300001,0.02118746,0.0,0.0,0.0,0.0,0.0,0.0,0.0,0.0,0.0,0.0,0.0,0.0,inf,inf,inf,inf,inf,1,1,1,1,0,0,0,0,0,0,1,1,0,0,0,0
1777225960925000,0,1777225642797000,47.397742,8.545594,-0.05559746,-0.02258052,7.2660003,0.0,0.0,0.0,0.0,-0.049999997,1.06,0.0,0.0,0.0,0.0,0.018000001,0.014,-0.25800002,0.021192782,0.0,0.0,0.0,0.0,0.0,0.0,0.0,0.0,0.0,0.0,0.0,0.0,inf,inf,inf,inf,inf,1,1,1,1,0,0,0,0,0,0,1,1,0,0,0,0
1777225960949000,0,1777225642797000,47.397742,8.545594,-0.05559746,-0.03010736,7.2400002,0.0,0.0,0.0,0.0,-0.049999997,1.06,0.0,0.0,0.0,0.0,0.017,0.016,-0.202,0.021204187,0.0,0.0,0.0,0.0,0.0,0.0,0.0,0.0,0.0,0.0,0.0,0.0,inf,inf,inf,inf,inf,1,1,1,1,0,0,0,0,0,0,1,1,0,0,0,0
1777225960965000,0,1777225642797000,47.397742,8.545594,-0.066716954,-0.02258052,7.2230005,0.0,0.0,0.0,0.0,-0.049999997,1.06,0.0,0.0,0.0,0.0,0.019000001,0.020000001,-0.26000002,0.021212632,0.0,0.0,0.0,0.0,0.0,0.0,0.0,0.0,0.0,0.0,0.0,0.0,inf,inf,inf,inf,inf,1,1,1,1,0,0,0,0,0,0,1,1,0,0,0,0
1777225960989000,0,1777225642797000,47.397742,8.545594,-0.07783645,-0.03010736,7.1980004,0.0,0.0,0.0,0.0,-0.049999997,1.05,0.0,0.0,0.0,0.0,0.021000002,0.022000002,-0.201,0.021224065,0.0,0.0,0.0,0.0,0.0,0.0,0.0,0.0,0.0,0.0,0.0,0.0,inf,inf,inf,inf,inf,1,1,1,1,0,0,0,0,0,0,1,1,0,0,0,0
1777225961005000,0,1777225642797000,47.397742,8.545594,-0.07783645,-0.02258052,7.181,0.0,0.0,0.0,0.0,-0.049999997,1.05,0.0,0.0,0.0,0.0,0.019000001,0.025,-0.25,0.021229345,0.0,0.0,0.0,0.0,0.0,0.0,0.0,0.0,0.0,0.0,0.0,0.0,inf,inf,inf,inf,inf,1,1,1,1,0,0,0,0,0,0,1,1,0,0,0,0
1777225961029000,0,1777225642797000,47.397742,8.545594,-0.08895594,-0.03010736,7.156,0.0,0.0,0.0,0.0,-0.049999997,1.04,0.0,0.0,0.0,0.0,0.021000002,0.026,-0.19500001,0.021230701,0.0,0.0,0.0,0.0,0.0,0.0,0.0,0.0,0.0,0.0,0.0,0.0,inf,inf,inf,inf,inf,1,1,1,1,0,0,0,0,0,0,1,1,0,0,0,0
1777225961045000,0,1777225642797000,47.397742,8.545594,-0.07783645,-0.03010736,7.1390004,0.0,0.0,0.0,0.0,-0.049999997,1.04,0.0,0.0,0.0,0.0,0.021000002,0.026,-0.24800001,0.021228472,0.0,0.0,0.0,0.0,0.0,0.0,0.0,0.0,0.0,0.0,0.0,0.0,inf,inf,inf,inf,inf,1,1,1,1,0,0,0,0,0,0,1,1,0,0,0,0
1777225961069000,0,1777225642797000,47.397742,8.545594,-0.08895594,-0.02258052,7.1140003,0.0,0.0,0.0,0.0,-0.049999997,1.03,0.0,0.0,0.0,0.0,0.019000001,0.025,-0.192,0.021220135,0.0,0.0,0.0,0.0,0.0,0.0,0.0,0.0,0.0,0.0,0.0,0.0,inf,inf,inf,inf,inf,1,1,1,1,0,0,0,0,0,0,1,1,0,0,0,0
1777225961085000,0,1777225642797000,47.397742,8.545594,-0.08895594,-0.02258052,7.097,0.0,0.0,0.0,0.0,-0.049999997,1.03,0.0,0.0,0.0,0.0,0.020000001,0.027,-0.24200001,0.02121343,0.0,0.0,0.0,0.0,0.0,0.0,0.0,0.0,0.0,0.0,0.0,0.0,inf,inf,inf,inf,inf,1,1,1,1,0,0,0,0,0,0,1,1,0,0,0,0
1777225961109000,0,1777225642797000,47.397742,8.545594,-0.08895594,-0.03010736,7.0720005,0.0,0.0,0.0,0.0,-0.049999997,1.03,0.0,0.0,0.0,0.0,0.018000001,0.028,-0.186,0.021203103,0.0,0.0,0.0,0.0,0.0,0.0,0.0,0.0,0.0,0.0,0.0,0.0,inf,inf,inf,inf,inf,1,1,1,1,0,0,0,0,0,0,1,1,0,0,0,0
1777225961125000,0,1777225642797000,47.397742,8.545594,-0.08895594,-0.03010736,7.056,0.0,0.0,0.0,0.0,-0.049999997,1.02,0.0,0.0,0.0,0.0,0.019000001,0.029000001,-0.192,0.021196026,0.0,0.0,0.0,0.0,0.0,0.0,0.0,0.0,0.0,0.0,0.0,0.0,inf,inf,inf,inf,inf,1,1,1,1,0,0,0,0,0,0,1,1,0,0,0,0
1777225961141000,0,1777225642797000,47.397742,8.545594,-0.08895594,-0.0376342,7.0400004,0.0,0.0,0.0,0.0,-0.049999997,1.02,0.0,0.0,0.0,0.0,0.017,0.028,-0.17500001,0.021190139,0.0,0.0,0.0,0.0,0.0,0.0,0.0,0.0,0.0,0.0,0.0,0.0,inf,inf,inf,inf,inf,1,1,1,1,0,0,0,0,0,0,1,1,0,0,0,0
1777225961165000,0,1777225642797000,47.397742,8.545594,-0.07783645,-0.0376342,7.0150003,0.0,0.0,0.0,0.0,-0.049999997,1.02,0.0,0.0,0.0,0.0,0.016,0.028,-0.23700002,0.021181187,0.0,0.0,0.0,0.0,0.0,0.0,0.0,0.0,0.0,0.0,0.0,0.0,inf,inf,inf,inf,inf,1,1,1,1,0,0,0,0,0,0,1,1,0,0,0,0
1777225961189000,0,1777225642797000,47.397742,8.545594,-0.07783645,-0.0376342,6.991,0.0,0.0,0.0,0.0,-0.04,1.01,0.0,0.0,0.0,0.0,0.013,0.028,-0.18800001,0.021173814,0.0,0.0,0.0,0.0,0.0,0.0,0.0,0.0,0.0,0.0,0.0,0.0,inf,inf,inf,inf,inf,1,1,1,1,0,0,0,0,0,0,1,1,0,0,0,0
1777225961205000,0,1777225642797000,47.397742,8.545594,-0.066716954,-0.0376342,6.9740005,0.0,0.0,0.0,0.0,-0.04,1.01,0.0,0.0,0.0,0.0,0.014,0.028,-0.24200001,0.02116896,0.0,0.0,0.0,0.0,0.0,0.0,0.0,0.0,0.0,0.0,0.0,0.0,inf,inf,inf,inf,inf,1,1,1,1,0,0,0,0,0,0,1,1,0,0,0,0
1777225961229000,0,1777225642797000,47.397742,8.545594,-0.066716954,-0.04516104,6.9500003,0.0,0.0,0.0,0.0,-0.04,1.0,0.0,0.0,0.0,0.0,0.015000001,0.028,-0.18100001,0.021163585,0.0,0.0,0.0,0.0,0.0,0.0,0.0,0.0,0.0,0.0,0.0,0.0,inf,inf,inf,inf,inf,1,1,1,1,0,0,0,0,0,0,1,1,0,0,0,0
1777225961245000,0,1777225642797000,47.397742,8.545594,-0.066716954,-0.05268788,6.9340005,0.0,0.0,0.0,0.0,-0.04,1.0,0.0,0.0,0.0,0.0,0.015000001,0.029000001,-0.23500001,0.021162013,0.0,0.0,0.0,0.0,0.0,0.0,0.0,0.0,0.0,0.0,0.0,0.0,inf,inf,inf,inf,inf,1,1,1,1,0,0,0,0,0,0,1,1,0,0,0,0
1777225961269000,0,1777225642797000,47.397742,8.545594,-0.066716954,-0.04516104,6.9100003,0.0,0.0,0.0,0.0,-0.04,1.0,0.0,0.0,0.0,0.0,0.017,0.031000001,-0.18100001,0.021162573,0.0,0.0,0.0,0.0,0.0,0.0,0.0,0.0,0.0,0.0,0.0,0.0,inf,inf,inf,inf,inf,1,1,1,1,0,0,0,0,0,0,1,1,0,0,0,0
1777225961285000,0,1777225642797000,47.397742,8.545594,-0.05559746,-0.04516104,6.8940005,0.0,0.0,0.0,0.0,-0.04,0.98999995,0.0,0.0,0.0,0.0,0.017,0.032,-0.22600001,0.021165624,0.0,0.0,0.0,0.0,0.0,0.0,0.0,0.0,0.0,0.0,0.0,0.0,inf,inf,inf,inf,inf,1,1,1,1,0,0,0,0,0,0,1,1,0,0,0,0
1777225961301000,0,1777225642797000,47.397742,8.545594,-0.05559746,-0.0376342,6.8780003,0.0,0.0,0.0,0.0,-0.04,0.98999995,0.0,0.0,0.0,0.0,0.013,0.030000001,-0.17300001,0.021169709,0.0,0.0,0.0,0.0,0.0,0.0,0.0,0.0,0.0,0.0,0.0,0.0,inf,inf,inf,inf,inf,1,1,1,1,0,0,0,0,0,0,1,1,0,0,0,0
1777225961325000,0,1777225642797000,47.397742,8.545594,-0.05559746,-0.04516104,6.854,0.0,0.0,0.0,0.0,-0.04,0.98999995,0.0,0.0,0.0,0.0,0.013,0.033,-0.224,0.021174617,0.0,0.0,0.0,0.0,0.0,0.0,0.0,0.0,0.0,0.0,0.0,0.0,inf,inf,inf,inf,inf,1,1,1,1,0,0,0,0,0,0,1,1,0,0,0,0
1777225961341000,0,1777225642797000,47.397742,8.545594,-0.066716954,-0.0376342,6.8380003,0.0,0.0,0.0,0.0,-0.04,0.97999996,0.0,0.0,0.0,0.0,0.013,0.033,-0.16800001,0.021176122,0.0,0.0,0.0,0.0,0.0,0.0,0.0,0.0,0.0,0.0,0.0,0.0,inf,inf,inf,inf,inf,1,1,1,1,0,0,0,0,0,0,1,1,0,0,0,0
1777225961365000,0,1777225642797000,47.397742,8.545594,-0.066716954,-0.05268788,6.8150005,0.0,0.0,0.0,0.0,-0.04,0.97999996,0.0,0.0,0.0,0.0,0.010000001,0.032,-0.22500001,0.021177238,0.0,0.0,0.0,0.0,0.0,0.0,0.0,0.0,0.0,0.0,0.0,0.0,inf,inf,inf,inf,inf,1,1,1,1,0,0,0,0,0,0,1,1,0,0,0,0
1777225961389000,0,1777225642797000,47.397742,8.545594,-0.07783645,-0.05268788,6.7910004,0.0,0.0,0.0,0.0,-0.04,0.96999997,0.0,0.0,0.0,0.0,0.007,0.032,-0.179,0.021178374,0.0,0.0,0.0,0.0,0.0,0.0,0.0,0.0,0.0,0.0,0.0,0.0,inf,inf,inf,inf,inf,1,1,1,1,0,0,0,0,0,0,1,1,0,0,0,0
1777225961405000,0,1777225642797000,47.397742,8.545594,-0.07783645,-0.05268788,6.775,0.0,0.0,0.0,0.0,-0.04,0.96999997,0.0,0.0,0.0,0.0,0.0050000004,0.030000001,-0.23,0.021179756,0.0,0.0,0.0,0.0,0.0,0.0,0.0,0.0,0.0,0.0,0.0,0.0,inf,inf,inf,inf,inf,1,1,1,1,0,0,0,0,0,0,1,1,0,0,0,0
1777225961421000,0,1777225642797000,47.397742,8.545594,-0.08895594,-0.06021472,6.76,0.0,0.0,0.0,0.0,-0.04,0.96999997,0.0,0.0,0.0,0.0,0.004,0.031000001,-0.17500001,0.021181732,0.0,0.0,0.0,0.0,0.0,0.0,0.0,0.0,0.0,0.0,0.0,0.0,inf,inf,inf,inf,inf,1,1,1,1,0,0,0,0,0,0,1,1,0,0,0,0
1777225961445000,0,1777225642797000,47.397742,8.545594,-0.08895594,-0.06021472,6.7370005,0.0,0.0,0.0,0.0,-0.04,0.96,0.0,0.0,0.0,0.0,0.001,0.030000001,-0.22900002,0.02118404,0.0,0.0,0.0,0.0,0.0,0.0,0.0,0.0,0.0,0.0,0.0,0.0,inf,inf,inf,inf,inf,1,1,1,1,0,0,0,0,0,0,1,1,0,0,0,0
1777225961461000,0,1777225642797000,47.397742,8.545594,-0.08895594,-0.06021472,6.721,0.0,0.0,0.0,0.0,-0.04,0.96,0.0,0.0,0.0,0.0,0.001,0.029000001,-0.178,0.02118661,0.0,0.0,0.0,0.0,0.0,0.0,0.0,0.0,0.0,0.0,0.0,0.0,inf,inf,inf,inf,inf,1,1,1,1,0,0,0,0,0,0,1,1,0,0,0,0
1777225961485000,0,1777225642797000,47.397742,8.545594,-0.066716954,-0.06021472,6.6980004,0.0,0.0,0.0,0.0,-0.04,0.95,0.0,0.0,0.0,0.0,0.0,0.031000001,-0.22700001,0.021193525,0.0,0.0,0.0,0.0,0.0,0.0,0.0,0.0,0.0,0.0,0.0,0.0,inf,inf,inf,inf,inf,1,1,1,1,0,0,0,0,0,0,1,1,0,0,0,0
1777225961509000,0,1777225642797000,47.397742,8.545594,-0.066716954,-0.06774156,6.675,0.0,0.0,0.0,0.0,-0.03,0.95,0.0,0.0,0.0,0.0,0.0,0.033,-0.17500001,0.02120194,0.0,0.0,0.0,0.0,0.0,0.0,0.0,0.0,0.0,0.0,0.0,0.0,inf,inf,inf,inf,inf,1,1,1,1,0,0,0,0,0,0,1,1,0,0,0,0
1777225961525000,0,1777225642797000,47.397742,8.545594,-0.066716954,-0.06021472,6.6600003,0.0,0.0,0.0,0.0,-0.03,0.95,0.0,0.0,0.0,0.0,0.001,0.034,-0.22500001,0.021208033,0.0,0.0,0.0,0.0,0.0,0.0,0.0,0.0,0.0,0.0,0.0,0.0,inf,inf,inf,inf,inf,1,1,1,1,0,0,0,0,0,0,1,1,0,0,0,0
1777225961549000,0,1777225642797000,47.397742,8.545594,-0.066716954,-0.05268788,6.637,0.0,0.0,0.0,0.0,-0.03,0.94,0.0,0.0,0.0,0.0,0.0,0.037,-0.17300001,0.021220237,0.0,0.0,0.0,0.0,0.0,0.0,0.0,0.0,0.0,0.0,0.0,0.0,inf,inf,inf,inf,inf,1,1,1,1,0,0,0,0,0,0,1,1,0,0,0,0
1777225961565000,0,1777225642797000,47.397742,8.545594,-0.066716954,-0.06021472,6.622,0.0,0.0,0.0,0.0,-0.03,0.94,0.0,0.0,0.0,0.0,0.0,0.037,-0.22000001,0.021229167,0.0,0.0,0.0,0.0,0.0,0.0,0.0,0.0,0.0,0.0,0.0,0.0,inf,inf,inf,inf,inf,1,1,1,1,0,0,0,0,0,0,1,1,0,0,0,0
1777225961589000,0,1777225642797000,47.397742,8.545594,-0.066716954,-0.05268788,6.5990005,0.0,0.0,0.0,0.0,-0.03,0.94,0.0,0.0,0.0,0.0,0.001,0.038000003,-0.17,0.021243198,0.0,0.0,0.0,0.0,0.0,0.0,0.0,0.0,0.0,0.0,0.0,0.0,inf,inf,inf,inf,inf,1,1,1,1,0,0,0,0,0,0,1,1,0,0,0,0
1777225961605000,0,1777225642797000,47.397742,8.545594,-0.066716954,-0.05268788,6.584,0.0,0.0,0.0,0.0,-0.03,0.93,0.0,0.0,0.0,0.0,0.004,0.041,-0.21400002,0.021253796,0.0,0.0,0.0,0.0,0.0,0.0,0.0,0.0,0.0,0.0,0.0,0.0,inf,inf,inf,inf,inf,1,1,1,1,0,0,0,0,0,0,1,1,0,0,0,0
1777225961629000,0,1777225642797000,47.397742,8.545594,-0.07783645,-0.06021472,6.5620003,0.0,0.0,0.0,0.0,-0.03,0.93,0.0,0.0,0.0,0.0,0.003,0.040000003,-0.165,0.021271862,0.0,0.0,0.0,0.0,0.0,0.0,0.0,0.0,0.0,0.0,0.0,0.0,inf,inf,inf,inf,inf,1,1,1,1,0,0,0,0,0,0,1,1,0,0,0,0
1777225961645000,0,1777225642797000,47.397742,8.545594,-0.07783645,-0.05268788,6.5470004,0.0,0.0,0.0,0.0,-0.03,0.93,0.0,0.0,0.0,0.0,0.0050000004,0.042000003,-0.21700001,0.021283891,0.0,0.0,0.0,0.0,0.0,0.0,0.0,0.0,0.0,0.0,0.0,0.0,inf,inf,inf,inf,inf,1,1,1,1,0,0,0,0,0,0,1,1,0,0,0,0
1777225961661000,0,1777225642797000,47.397742,8.545594,-0.066716954,-0.04516104,6.5320005,0.0,0.0,0.0,0.0,-0.03,0.91999996,0.0,0.0,0.0,0.0,0.006,0.044000003,-0.15400001,0.021295773,0.0,0.0,0.0,0.0,0.0,0.0,0.0,0.0,0.0,0.0,0.0,0.0,inf,inf,inf,inf,inf,1,1,1,1,0,0,0,0,0,0,1,1,0,0,0,0
1777225961685000,0,1777225642797000,47.397742,8.545594,-0.066716954,-0.05268788,6.51,0.0,0.0,0.0,0.0,-0.03,0.91999996,0.0,0.0,0.0,0.0,0.0050000004,0.043,-0.209,0.021310871,0.0,0.0,0.0,0.0,0.0,0.0,0.0,0.0,0.0,0.0,0.0,0.0,inf,inf,inf,inf,inf,1,1,1,1,0,0,0,0,0,0,1,1,0,0,0,0
1777225961709000,0,1777225642797000,47.397742,8.545594,-0.066716954,-0.05268788,6.4870005,0.0,0.0,0.0,0.0,-0.03,0.91999996,0.0,0.0,0.0,0.0,0.0050000004,0.043,-0.16100001,0.021324327,0.0,0.0,0.0,0.0,0.0,0.0,0.0,0.0,0.0,0.0,0.0,0.0,inf,inf,inf,inf,inf,1,1,1,1,0,0,0,0,0,0,1,1,0,0,0,0
1777225961725000,0,1777225642797000,47.397742,8.545594,-0.066716954,-0.05268788,6.4730005,0.0,0.0,0.0,0.0,-0.03,0.90999997,0.0,0.0,0.0,0.0,0.004,0.042000003,-0.158,0.021331886,0.0,0.0,0.0,0.0,0.0,0.0,0.0,0.0,0.0,0.0,0.0,0.0,inf,inf,inf,inf,inf,1,1,1,1,0,0,0,0,0,0,1,1,0,0,0,0
1777225961749000,0,1777225642797000,47.397742,8.545594,-0.066716954,-0.06021472,6.451,0.0,0.0,0.0,0.0,-0.02,0.90999997,0.0,0.0,0.0,0.0,0.004,0.040000003,-0.16000001,0.02134117,0.0,0.0,0.0,0.0,0.0,0.0,0.0,0.0,0.0,0.0,0.0,0.0,inf,inf,inf,inf,inf,1,1,1,1,0,0,0,0,0,0,1,1,0,0,0,0
1777225961765000,0,1777225642797000,47.397742,8.545594,-0.05559746,-0.06021472,6.4360003,0.0,0.0,0.0,0.0,-0.02,0.90999997,0.0,0.0,0.0,0.0,0.004,0.041,-0.16100001,0.021347364,0.0,0.0,0.0,0.0,0.0,0.0,0.0,0.0,0.0,0.0,0.0,0.0,inf,inf,inf,inf,inf,1,1,1,1,0,0,0,0,0,0,1,1,0,0,0,0
1777225961789000,0,1777225642797000,47.397742,8.545594,-0.05559746,-0.06774156,6.4140005,0.0,0.0,0.0,0.0,-0.02,0.9,0.0,0.0,0.0,0.0,0.003,0.038000003,-0.158,0.021353586,0.0,0.0,0.0,0.0,0.0,0.0,0.0,0.0,0.0,0.0,0.0,0.0,inf,inf,inf,inf,inf,1,1,1,1,0,0,0,0,0,0,1,1,0,0,0,0
1777225961805000,0,1777225642797000,47.397742,8.545594,-0.05559746,-0.06021472,6.4,0.0,0.0,0.0,0.0,-0.02,0.9,0.0,0.0,0.0,0.0,0.0050000004,0.040000003,-0.208,0.021357026,0.0,0.0,0.0,0.0,0.0,0.0,0.0,0.0,0.0,0.0,0.0,0.0,inf,inf,inf,inf,inf,1,1,1,1,0,0,0,0,0,0,1,1,0,0,0,0
1777225961821000,0,1777225642797000,47.397742,8.545594,-0.04447797,-0.06021472,6.385,0.0,0.0,0.0,0.0,-0.02,0.9,0.0,0.0,0.0,0.0,0.006,0.040000003,-0.155,0.021361243,0.0,0.0,0.0,0.0,0.0,0.0,0.0,0.0,0.0,0.0,0.0,0.0,inf,inf,inf,inf,inf,1,1,1,1,0,0,0,0,0,0,1,1,0,0,0,0
1777225961845000,0,1777225642797000,47.397742,8.545594,-0.04447797,-0.06021472,6.3640003,0.0,0.0,0.0,0.0,-0.02,0.89,0.0,0.0,0.0,0.0,0.0050000004,0.039,-0.20400001,0.021366162,0.0,0.0,0.0,0.0,0.0,0.0,0.0,0.0,0.0,0.0,0.0,0.0,inf,inf,inf,inf,inf,1,1,1,1,0,0,0,0,0,0,1,1,0,0,0,0
1777225961861000,0,1777225642797000,47.397742,8.545594,-0.05559746,-0.06021472,6.3490005,0.0,0.0,0.0,0.0,-0.02,0.89,0.0,0.0,0.0,0.0,0.007,0.042000003,-0.148,0.021368185,0.0,0.0,0.0,0.0,0.0,0.0,0.0,0.0,0.0,0.0,0.0,0.0,inf,inf,inf,inf,inf,1,1,1,1,0,0,0,0,0,0,1,1,0,0,0,0
1777225961885000,0,1777225642797000,47.397742,8.545594,-0.05559746,-0.06021472,6.328,0.0,0.0,0.0,0.0,-0.02,0.89,0.0,0.0,0.0,0.0,0.0050000004,0.041,-0.157,0.021371312,0.0,0.0,0.0,0.0,0.0,0.0,0.0,0.0,0.0,0.0,0.0,0.0,inf,inf,inf,inf,inf,1,1,1,1,0,0,0,0,0,0,1,1,0,0,0,0
1777225961901000,0,1777225642797000,47.397742,8.545594,-0.05559746,-0.06021472,6.314,0.0,0.0,0.0,0.0,-0.02,0.88,0.0,0.0,0.0,0.0,0.006,0.039,-0.14600001,0.02137223,0.0,0.0,0.0,0.0,0.0,0.0,0.0,0.0,0.0,0.0,0.0,0.0,inf,inf,inf,inf,inf,1,1,1,1,0,0,0,0,0,0,1,1,0,0,0,0
1777225961925000,0,1777225642797000,47.397742,8.545594,-0.066716954,-0.05268788,6.2920003,0.0,0.0,0.0,0.0,-0.02,0.88,0.0,0.0,0.0,0.0,0.009000001,0.043,-0.20400001,0.02137612,0.0,0.0,0.0,0.0,0.0,0.0,0.0,0.0,0.0,0.0,0.0,0.0,inf,inf,inf,inf,inf,1,1,1,1,0,0,0,0,0,0,1,1,0,0,0,0
1777225961949000,0,1777225642797000,47.397742,8.545594,-0.05559746,-0.05268788,6.2710004,0.0,0.0,0.0,0.0,-0.02,0.88,0.0,0.0,0.0,0.0,0.008,0.042000003,-0.15400001,0.02138264,0.0,0.0,0.0,0.0,0.0,0.0,0.0,0.0,0.0,0.0,0.0,0.0,inf,inf,inf,inf,inf,1,1,1,1,0,0,0,0,0,0,1,1,0,0,0,0
1777225961965000,0,1777225642797000,47.397742,8.545594,-0.05559746,-0.04516104,6.2570004,0.0,0.0,0.0,0.0,-0.02,0.87,0.0,0.0,0.0,0.0,0.009000001,0.042000003,-0.201,0.021387096,0.0,0.0,0.0,0.0,0.0,0.0,0.0,0.0,0.0,0.0,0.0,0.0,inf,inf,inf,inf,inf,1,1,1,1,0,0,0,0,0,0,1,1,0,0,0,0
1777225961989000,0,1777225642797000,47.397742,8.545594,-0.066716954,-0.04516104,6.236,0.0,0.0,0.0,0.0,-0.01,0.87,0.0,0.0,0.0,0.0,0.009000001,0.040000003,-0.156,0.021394739,0.0,0.0,0.0,0.0,0.0,0.0,0.0,0.0,0.0,0.0,0.0,0.0,inf,inf,inf,inf,inf,1,1,1,1,0,0,0,0,0,0,1,1,0,0,0,0
1777225962005000,0,1777225642797000,47.397742,8.545594,-0.066716954,-0.04516104,6.222,0.0,0.0,0.0,0.0,-0.01,0.87,0.0,0.0,0.0,0.0,0.011000001,0.041,-0.2,0.021401541,0.0,0.0,0.0,0.0,0.0,0.0,0.0,0.0,0.0,0.0,0.0,0.0,inf,inf,inf,inf,inf,1,1,1,1,0,0,0,0,0,0,1,1,0,0,0,0
1777225962021000,0,1777225642797000,47.397742,8.545594,-0.066716954,-0.05268788,6.208,0.0,0.0,0.0,0.0,-0.01,0.85999995,0.0,0.0,0.0,0.0,0.010000001,0.039,-0.143,0.021409463,0.0,0.0,0.0,0.0,0.0,0.0,0.0,0.0,0.0,0.0,0.0,0.0,inf,inf,inf,inf,inf,1,1,1,1,0,0,0,0,0,0,1,1,0,0,0,0
1777225962045000,0,1777225642797000,47.397742,8.545594,-0.07783645,-0.05268788,6.1870003,0.0,0.0,0.0,0.01,-0.01,0.85999995,0.0,0.0,0.0,0.0,0.012,0.039,-0.19900002,0.021423087,0.0,0.0,0.0,0.0,0.0,0.0,0.0,0.0,0.0,0.0,0.0,0.0,inf,inf,inf,inf,inf,1,1,1,1,0,0,0,0,0,0,1,1,0,0,0,0
1777225962061000,0,1777225642797000,47.397742,8.545594,-0.07783645,-0.06021472,6.1740003,0.0,0.0,0.0,0.01,-0.01,0.85999995,0.0,0.0,0.0,0.0,0.013,0.039,-0.142,0.021432616,0.0,0.0,0.0,0.0,0.0,0.0,0.0,0.0,0.0,0.0,0.0,0.0,inf,inf,inf,inf,inf,1,1,1,1,0,0,0,0,0,0,1,1,0,0,0,0
1777225962085000,0,1777225642797000,47.397742,8.545594,-0.07783645,-0.06021472,6.1530004,0.0,0.0,0.0,0.01,-0.01,0.84999996,0.0,0.0,0.0,0.0,0.015000001,0.040000003,-0.201,0.021447888,0.0,0.0,0.0,0.0,0.0,0.0,0.0,0.0,0.0,0.0,0.0,0.0,inf,inf,inf,inf,inf,1,1,1,1,0,0,0,0,0,0,1,1,0,0,0,0
1777225962109000,0,1777225642797000,47.397742,8.545594,-0.07783645,-0.06021472,6.1320004,0.0,0.0,0.0,0.01,-0.01,0.84999996,0.0,0.0,0.0,0.0,0.015000001,0.041,-0.15200001,0.021465037,0.0,0.0,0.0,0.0,0.0,0.0,0.0,0.0,0.0,0.0,0.0,0.0,inf,inf,inf,inf,inf,1,1,1,1,0,0,0,0,0,0,1,1,0,0,0,0
1777225962125000,0,1777225642797000,47.397742,8.545594,-0.066716954,-0.06021472,6.1190004,0.0,0.0,0.0,0.01,-0.01,0.84999996,0.0,0.0,0.0,0.0,0.016,0.041,-0.193,0.021476034,0.0,0.0,0.0,0.0,0.0,0.0,0.0,0.0,0.0,0.0,0.0,0.0,inf,inf,inf,inf,inf,1,1,1,1,0,0,0,0,0,0,1,1,0,0,0,0
1777225962149000,0,1777225642797000,47.397742,8.545594,-0.07783645,-0.05268788,6.0980005,0.0,0.0,0.0,0.01,-0.01,0.84,0.0,0.0,0.0,0.0,0.017,0.041,-0.148,0.021489775,0.0,0.0,0.0,0.0,0.0,0.0,0.0,0.0,0.0,0.0,0.0,0.0,inf,inf,inf,inf,inf,1,1,1,1,0,0,0,0,0,0,1,1,0,0,0,0
1777225962165000,0,1777225642797000,47.397742,8.545594,-0.066716954,-0.06021472,6.0850005,0.0,0.0,0.0,0.01,-0.01,0.84,0.0,0.0,0.0,0.0,0.015000001,0.039,-0.19800001,0.021496857,0.0,0.0,0.0,0.0,0.0,0.0,0.0,0.0,0.0,0.0,0.0,0.0,inf,inf,inf,inf,inf,1,1,1,1,0,0,0,0,0,0,1,1,0,0,0,0
1777225962189000,0,1777225642797000,47.397742,8.545594,-0.05559746,-0.06021472,6.064,0.0,0.0,0.0,0.01,-0.01,0.84,0.0,0.0,0.0,0.0,0.015000001,0.039,-0.15100001,0.021503398,0.0,0.0,0.0,0.0,0.0,0.0,0.0,0.0,0.0,0.0,0.0,0.0,inf,inf,inf,inf,inf,1,1,1,1,0,0,0,0,0,0,1,1,0,0,0,0
1777225962205000,0,1777225642797000,47.397742,8.545594,-0.066716954,-0.06774156,6.051,0.0,0.0,0.0,0.01,-0.01,0.83,0.0,0.0,0.0,0.0,0.014,0.040000003,-0.19600001,0.021504952,0.0,0.0,0.0,0.0,0.0,0.0,0.0,0.0,0.0,0.0,0.0,0.0,inf,inf,inf,inf,inf,1,1,1,1,0,0,0,0,0,0,1,1,0,0,0,0
1777225962229000,0,1777225642797000,47.397742,8.545594,-0.066716954,-0.06774156,6.031,0.0,0.0,0.0,0.01,-0.01,0.83,0.0,0.0,0.0,0.0,0.011000001,0.039,-0.148,0.021501694,0.0,0.0,0.0,0.0,0.0,0.0,0.0,0.0,0.0,0.0,0.0,0.0,inf,inf,inf,inf,inf,1,1,1,1,0,0,0,0,0,0,1,1,0,0,0,0
1777225962245000,0,1777225642797000,47.397742,8.545594,-0.05559746,-0.06774156,6.017,0.0,0.0,0.0,0.01,0.0,0.83,0.0,0.0,0.0,0.0,0.015000001,0.040000003,-0.192,0.021494914,0.0,0.0,0.0,0.0,0.0,0.0,0.0,0.0,0.0,0.0,0.0,0.0,inf,inf,inf,inf,inf,1,1,1,1,0,0,0,0,0,0,1,1,0,0,0,0
1777225962269000,0,1777225642797000,47.397742,8.545594,-0.066716954,-0.0752684,5.998,0.0,0.0,0.0,0.01,0.0,0.82,0.0,0.0,0.0,0.0,0.014,0.039,-0.148,0.021483412,0.0,0.0,0.0,0.0,0.0,0.0,0.0,0.0,0.0,0.0,0.0,0.0,inf,inf,inf,inf,inf,1,1,1,1,0,0,0,0,0,0,1,1,0,0,0,0
1777225962285000,0,1777225642797000,47.397742,8.545594,-0.066716954,-0.06774156,5.984,0.0,0.0,0.0,0.01,0.0,0.82,0.0,0.0,0.0,0.0,0.013,0.039,-0.19000001,0.02147456,0.0,0.0,0.0,0.0,0.0,0.0,0.0,0.0,0.0,0.0,0.0,0.0,inf,inf,inf,inf,inf,1,1,1,1,0,0,0,0,0,0,1,1,0,0,0,0
1777225962301000,0,1777225642797000,47.397742,8.545594,-0.066716954,-0.0752684,5.971,0.0,0.0,0.0,0.01,0.0,0.82,0.0,0.0,0.0,0.0,0.016,0.040000003,-0.134,0.02146545,0.0,0.0,0.0,0.0,0.0,0.0,0.0,0.0,0.0,0.0,0.0,0.0,inf,inf,inf,inf,inf,1,1,1,1,0,0,0,0,0,0,1,1,0,0,0,0
1777225962325000,0,1777225642797000,47.397742,8.545594,-0.066716954,-0.0752684,5.951,0.0,0.0,0.0,0.01,0.0,0.82,0.0,0.0,0.0,0.0,0.017,0.041,-0.19500001,0.021454917,0.0,0.0,0.0,0.0,0.0,0.0,0.0,0.0,0.0,0.0,0.0,0.0,inf,inf,inf,inf,inf,1,1,1,1,0,0,0,0,0,0,1,1,0,0,0,0
1777225962341000,0,1777225642797000,47.397742,8.545594,-0.07783645,-0.0752684,5.938,0.0,0.0,0.0,0.01,0.0,0.81,0.0,0.0,0.0,0.0,0.017,0.041,-0.14,0.021449054,0.0,0.0,0.0,0.0,0.0,0.0,0.0,0.0,0.0,0.0,0.0,0.0,inf,inf,inf,inf,inf,1,1,1,1,0,0,0,0,0,0,1,1,0,0,0,0
1777225962365000,0,1777225642797000,47.397742,8.545594,-0.066716954,-0.06774156,5.919,0.0,0.0,0.0,0.01,0.0,0.81,0.0,0.0,0.0,0.0,0.017,0.043,-0.192,0.021440571,0.0,0.0,0.0,0.0,0.0,0.0,0.0,0.0,0.0,0.0,0.0,0.0,inf,inf,inf,inf,inf,1,1,1,1,0,0,0,0,0,0,1,1,0,0,0,0
1777225962381000,0,1777225642797000,47.397742,8.545594,-0.066716954,-0.06774156,5.906,0.0,0.0,0.0,0.01,0.0,0.81,0.0,0.0,0.0,0.0,0.014,0.042000003,-0.134,0.021433366,0.0,0.0,0.0,0.0,0.0,0.0,0.0,0.0,0.0,0.0,0.0,0.0,inf,inf,inf,inf,inf,1,1,1,1,0,0,0,0,0,0,1,1,0,0,0,0
1777225962405000,0,1777225642797000,47.397742,8.545594,-0.05559746,-0.06774156,5.886,0.0,0.0,0.0,0.01,0.0,0.79999995,0.0,0.0,0.0,0.0,0.015000001,0.041,-0.19100001,0.021418363,0.0,0.0,0.0,0.0,0.0,0.0,0.0,0.0,0.0,0.0,0.0,0.0,inf,inf,inf,inf,inf,1,1,1,1,0,0,0,0,0,0,1,1,0,0,0,0
1777225962429000,0,1777225642797000,47.397742,8.545594,-0.05559746,-0.0752684,5.867,0.0,0.0,0.0,0.01,0.0,0.79999995,0.0,0.0,0.0,0.0,0.014,0.041,-0.142,0.021401552,0.0,0.0,0.0,0.0,0.0,0.0,0.0,0.0,0.0,0.0,0.0,0.0,inf,inf,inf,inf,inf,1,1,1,1,0,0,0,0,0,0,1,1,0,0,0,0
1777225962445000,0,1777225642797000,47.397742,8.545594,-0.04447797,-0.0752684,5.854,0.0,0.0,0.0,0.01,0.0,0.79999995,0.0,0.0,0.0,0.0,0.013,0.041,-0.13900001,0.021388806,0.0,0.0,0.0,0.0,0.0,0.0,0.0,0.0,0.0,0.0,0.0,0.0,inf,inf,inf,inf,inf,1,1,1,1,0,0,0,0,0,0,1,1,0,0,0,0
1777225962469000,0,1777225642797000,47.397742,8.545594,-0.04447797,-0.09032208,5.8350005,0.0,0.0,0.0,0.01,0.0,0.78999996,0.0,0.0,0.0,0.0,0.012,0.039,-0.156,0.021368036,0.0,0.0,0.0,0.0,0.0,0.0,0.0,0.0,0.0,0.0,0.0,0.0,inf,inf,inf,inf,inf,1,1,1,1,0,0,0,0,0,0,1,1,0,0,0,0
1777225962485000,0,1777225642797000,47.397742,8.545594,-0.04447797,-0.09784892,5.8220005,0.0,0.0,0.0,0.01,0.0,0.78999996,0.0,0.0,0.0,0.0,0.013,0.038000003,-0.192,0.021354532,0.0,0.0,0.0,0.0,0.0,0.0,0.0,0.0,0.0,0.0,0.0,0.0,inf,inf,inf,inf,inf,1,1,1,1,0,0,0,0,0,0,1,1,0,0,0,0
1777225962509000,0,1777225642797000,47.397742,8.545594,-0.04447797,-0.09032208,5.8030005,0.0,0.0,0.0,0.01,0.0,0.78999996,0.0,0.0,0.0,0.0,0.011000001,0.037,-0.147,0.021336203,0.0,0.0,0.0,0.0,0.0,0.0,0.0,0.0,0.0,0.0,0.0,0.0,inf,inf,inf,inf,inf,1,1,1,1,0,0,0,0,0,0,1,1,0,0,0,0
1777225962525000,0,1777225642797000,47.397742,8.545594,-0.05559746,-0.09032208,5.7900004,0.0,0.0,0.0,0.01,0.0,0.78999996,0.0,0.0,0.0,0.0,0.011000001,0.037,-0.19100001,0.02132443,0.0,0.0,0.0,0.0,0.0,0.0,0.0,0.0,0.0,0.0,0.0,0.0,inf,inf,inf,inf,inf,1,1,1,1,0,0,0,0,0,0,1,1,0,0,0,0
1777225962549000,0,1777225642797000,47.397742,8.545594,-0.05559746,-0.08279524,5.7710004,0.0,0.0,0.0,0.01,0.0,0.78,0.0,0.0,0.0,0.0,0.010000001,0.035,-0.147,0.021312186,0.0,0.0,0.0,0.0,0.0,0.0,0.0,0.0,0.0,0.0,0.0,0.0,inf,inf,inf,inf,inf,1,1,1,1,0,0,0,0,0,0,1,1,0,0,0,0
1777225962565000,0,1777225642797000,47.397742,8.545594,-0.04447797,-0.08279524,5.7590003,0.0,0.0,0.0,0.01,0.0,0.78,0.0,0.0,0.0,0.0,0.010000001,0.035,-0.185,0.021306764,0.0,0.0,0.0,0.0,0.0,0.0,0.0,0.0,0.0,0.0,0.0,0.0,inf,inf,inf,inf,inf,1,1,1,1,0,0,0,0,0,0,1,1,0,0,0,0
1777225962589000,0,1777225642797000,47.397742,8.545594,-0.04447797,-0.08279524,5.7400002,0.0,0.0,0.0,0.01,0.0,0.78,0.0,0.0,0.0,0.0,0.008,0.035,-0.136,0.02129926,0.0,0.0,0.0,0.0,0.0,0.0,0.0,0.0,0.0,0.0,0.0,0.0,inf,inf,inf,inf,inf,1,1,1,1,0,0,0,0,0,0,1,1,0,0,0,0
1777225962605000,0,1777225642797000,47.397742,8.545594,-0.05559746,-0.08279524,5.727,0.0,0.0,0.0,0.01,0.0,0.77,0.0,0.0,0.0,0.0,0.009000001,0.035,-0.177,0.021295179,0.0,0.0,0.0,0.0,0.0,0.0,0.0,0.0,0.0,0.0,0.0,0.0,inf,inf,inf,inf,inf,1,1,1,1,0,0,0,0,0,0,1,1,0,0,0,0
1777225962629000,0,1777225642797000,47.397742,8.545594,-0.04447797,-0.09032208,5.709,0.0,0.0,0.0,0.01,0.0,0.77,0.0,0.0,0.0,0.0,0.008,0.034,-0.136,0.021291671,0.0,0.0,0.0,0.0,0.0,0.0,0.0,0.0,0.0,0.0,0.0,0.0,inf,inf,inf,inf,inf,1,1,1,1,0,0,0,0,0,0,1,1,0,0,0,0
1777225962645000,0,1777225642797000,47.397742,8.545594,-0.04447797,-0.08279524,5.696,0.0,0.0,0.0,0.01,0.0,0.77,0.0,0.0,0.0,0.0,0.007,0.034,-0.177,0.021289911,0.0,0.0,0.0,0.0,0.0,0.0,0.0,0.0,0.0,0.0,0.0,0.0,inf,inf,inf,inf,inf,1,1,1,1,0,0,0,0,0,0,1,1,0,0,0,0
1777225962669000,0,1777225642797000,47.397742,8.545594,-0.04447797,-0.08279524,5.6780005,0.0,0.0,0.0,0.01,0.0,0.76,0.0,0.0,0.0,0.0,0.009000001,0.033,-0.13700001,0.021288605,0.0,0.0,0.0,0.0,0.0,0.0,0.0,0.0,0.0,0.0,0.0,0.0,inf,inf,inf,inf,inf,1,1,1,1,0,0,0,0,0,0,1,1,0,0,0,0
1777225962685000,0,1777225642797000,47.397742,8.545594,-0.033358477,-0.08279524,5.6650004,0.0,0.0,0.0,0.01,0.0,0.76,0.0,0.0,0.0,0.0,0.007,0.031000001,-0.178,0.021291858,0.0,0.0,0.0,0.0,0.0,0.0,0.0,0.0,0.0,0.0,0.0,0.0,inf,inf,inf,inf,inf,1,1,1,1,0,0,0,0,0,0,1,1,0,0,0,0
1777225962701000,0,1777225642797000,47.397742,8.545594,-0.033358477,-0.09032208,5.6530004,0.0,0.0,0.0,0.01,0.0,0.76,0.0,0.0,0.0,0.0,0.007,0.031000001,-0.124000005,0.02129674,0.0,0.0,0.0,0.0,0.0,0.0,0.0,0.0,0.0,0.0,0.0,0.0,inf,inf,inf,inf,inf,1,1,1,1,0,0,0,0,0,0,1,1,0,0,0,0
1777225962725000,0,1777225642797000,47.397742,8.545594,-0.033358477,-0.09032208,5.635,0.0,0.0,0.0,0.01,0.0,0.76,0.0,0.0,0.0,0.0,0.007,0.031000001,-0.17300001,0.021306986,0.0,0.0,0.0,0.0,0.0,0.0,0.0,0.0,0.0,0.0,0.0,0.0,inf,inf,inf,inf,inf,1,1,1,1,0,0,0,0,0,0,1,1,0,0,0,0
1777225962749000,0,1777225642797000,47.397742,8.545594,-0.04447797,-0.0752684,5.617,0.0,0.0,0.0,0.01,0.0,0.75,0.0,0.0,0.0,0.0,0.006,0.031000001,-0.128,0.021320486,0.0,0.0,0.0,0.0,0.0,0.0,0.0,0.0,0.0,0.0,0.0,0.0,inf,inf,inf,inf,inf,1,1,1,1,0,0,0,0,0,0,1,1,0,0,0,0
1777225962765000,0,1777225642797000,47.397742,8.545594,-0.04447797,-0.0752684,5.6050005,0.0,0.0,0.0,0.01,0.0,0.75,0.0,0.0,0.0,0.0,0.008,0.030000001,-0.123,0.021328691,0.0,0.0,0.0,0.0,0.0,0.0,0.0,0.0,0.0,0.0,0.0,0.0,inf,inf,inf,inf,inf,1,1,1,1,0,0,0,0,0,0,1,1,0,0,0,0
1777225962789000,0,1777225642797000,47.397742,8.545594,-0.05559746,-0.0752684,5.5860004,0.0,0.0,0.0,0.01,0.01,0.75,0.0,0.0,0.0,0.0,0.009000001,0.029000001,-0.12200001,0.02134417,0.0,0.0,0.0,0.0,0.0,0.0,0.0,0.0,0.0,0.0,0.0,0.0,inf,inf,inf,inf,inf,1,1,1,1,0,0,0,0,0,0,1,1,0,0,0,0
1777225962805000,0,1777225642797000,47.397742,8.545594,-0.05559746,-0.0752684,5.5740004,0.0,0.0,0.0,0.01,0.01,0.75,0.0,0.0,0.0,0.0,0.009000001,0.029000001,-0.164,0.021356044,0.0,0.0,0.0,0.0,0.0,0.0,0.0,0.0,0.0,0.0,0.0,0.0,inf,inf,inf,inf,inf,1,1,1,1,0,0,0,0,0,0,1,1,0,0,0,0
1777225962821000,0,1777225642797000,47.397742,8.545594,-0.05559746,-0.08279524,5.5620003,0.0,0.0,0.0,0.01,0.01,0.74,0.0,0.0,0.0,0.0,0.009000001,0.028,-0.109000005,0.021368392,0.0,0.0,0.0,0.0,0.0,0.0,0.0,0.0,0.0,0.0,0.0,0.0,inf,inf,inf,inf,inf,1,1,1,1,0,0,0,0,0,0,1,1,0,0,0,0
1777225962845000,0,1777225642797000,47.397742,8.545594,-0.04447797,-0.0752684,5.544,0.0,0.0,0.0,0.02,0.01,0.74,0.0,0.0,0.0,0.0,0.010000001,0.028,-0.163,0.021390066,0.0,0.0,0.0,0.0,0.0,0.0,0.0,0.0,0.0,0.0,0.0,0.0,inf,inf,inf,inf,inf,1,1,1,1,0,0,0,0,0,0,1,1,0,0,0,0
1777225962861000,0,1777225642797000,47.397742,8.545594,-0.04447797,-0.08279524,5.5330005,0.0,0.0,0.0,0.02,0.01,0.74,0.0,0.0,0.0,0.0,0.007,0.027,-0.109000005,0.021406697,0.0,0.0,0.0,0.0,0.0,0.0,0.0,0.0,0.0,0.0,0.0,0.0,inf,inf,inf,inf,inf,1,1,1,1,0,0,0,0,0,0,1,1,0,0,0,0
1777225962885000,0,1777225642797000,47.397742,8.545594,-0.04447797,-0.06774156,5.5150003,0.0,0.0,0.0,0.02,0.01,0.74,0.0,0.0,0.0,0.0,0.004,0.027,-0.156,0.021436082,0.0,0.0,0.0,0.0,0.0,0.0,0.0,0.0,0.0,0.0,0.0,0.0,inf,inf,inf,inf,inf,1,1,1,1,0,0,0,0,0,0,1,1,0,0,0,0
1777225962901000,0,1777225642797000,47.397742,8.545594,-0.04447797,-0.06774156,5.5030003,0.0,0.0,0.0,0.02,0.01,0.72999996,0.0,0.0,0.0,0.0,0.0050000004,0.027,-0.10300001,0.02145828,0.0,0.0,0.0,0.0,0.0,0.0,0.0,0.0,0.0,0.0,0.0,0.0,inf,inf,inf,inf,inf,1,1,1,1,0,0,0,0,0,0,1,1,0,0,0,0
1777225962925000,0,1777225642797000,47.397742,8.545594,-0.033358477,-0.06774156,5.485,0.0,0.0,0.0,0.02,0.01,0.72999996,0.0,0.0,0.0,0.0,0.001,0.026,-0.155,0.021496063,0.0,0.0,0.0,0.0,0.0,0.0,0.0,0.0,0.0,0.0,0.0,0.0,inf,inf,inf,inf,inf,1,1,1,1,0,0,0,0,0,0,1,1,0,0,0,0
1777225962941000,0,1777225642797000,47.397742,8.545594,-0.033358477,-0.06021472,5.473,0.0,0.0,0.0,0.02,0.01,0.72999996,0.0,0.0,0.0,0.0,0.0,0.025,-0.10700001,0.021521522,0.0,0.0,0.0,0.0,0.0,0.0,0.0,0.0,0.0,0.0,0.0,0.0,inf,inf,inf,inf,inf,1,1,1,1,0,0,0,0,0,0,1,1,0,0,0,0
1777225962965000,0,1777225642797000,47.397742,8.545594,-0.04447797,-0.06774156,5.4560003,0.0,0.0,0.0,0.02,0.01,0.72999996,0.0,0.0,0.0,0.0,-0.001,0.023000002,-0.155,0.021560702,0.0,0.0,0.0,0.0,0.0,0.0,0.0,0.0,0.0,0.0,0.0,0.0,inf,inf,inf,inf,inf,1,1,1,1,0,0,0,0,0,0,1,1,0,0,0,0
1777225962989000,0,1777225642797000,47.397742,8.545594,-0.04447797,-0.0752684,5.438,0.0,0.0,0.0,0.02,0.01,0.71999997,0.0,0.0,0.0,0.0,-0.002,0.024,-0.113000005,0.02159967,0.0,0.0,0.0,0.0,0.0,0.0,0.0,0.0,0.0,0.0,0.0,0.0,inf,inf,inf,inf,inf,1,1,1,1,0,0,0,0,0,0,1,1,0,0,0,0
1777225963005000,0,1777225642797000,47.397742,8.545594,-0.04447797,-0.0752684,5.427,0.0,0.0,0.0,0.02,0.01,0.71999997,0.0,0.0,0.0,0.0,-0.001,0.025,-0.155,0.021625057,0.0,0.0,0.0,0.0,0.0,0.0,0.0,0.0,0.0,0.0,0.0,0.0,inf,inf,inf,inf,inf,1,1,1,1,0,0,0,0,0,0,1,1,0,0,0,0
1777225963029000,0,1777225642797000,47.397742,8.545594,-0.04447797,-0.0752684,5.4090004,0.0,0.0,0.0,0.02,0.01,0.71999997,0.0,0.0,0.0,0.0,0.0,0.026,-0.108,0.021663617,0.0,0.0,0.0,0.0,0.0,0.0,0.0,0.0,0.0,0.0,0.0,0.0,inf,inf,inf,inf,inf,1,1,1,1,0,0,0,0,0,0,1,1,0,0,0,0
1777225963045000,0,1777225642797000,47.397742,8.545594,-0.04447797,-0.0752684,5.3980002,0.0,0.0,0.0,0.02,0.01,0.71999997,0.0,0.0,0.0,0.0,-0.001,0.026,-0.15400001,0.021689134,0.0,0.0,0.0,0.0,0.0,0.0,0.0,0.0,0.0,0.0,0.0,0.0,inf,inf,inf,inf,inf,1,1,1,1,0,0,0,0,0,0,1,1,0,0,0,0
1777225963069000,0,1777225642797000,47.397742,8.545594,-0.04447797,-0.06774156,5.38,0.0,0.0,0.0,0.02,0.01,0.71,0.0,0.0,0.0,0.0,-0.001,0.027,-0.109000005,0.021726323,0.0,0.0,0.0,0.0,0.0,0.0,0.0,0.0,0.0,0.0,0.0,0.0,inf,inf,inf,inf,inf,1,1,1,1,0,0,0,0,0,0,1,1,0,0,0,0
1777225963085000,0,1777225642797000,47.397742,8.545594,-0.04447797,-0.0752684,5.3690004,0.0,0.0,0.0,0.02,0.01,0.71,0.0,0.0,0.0,0.0,0.001,0.027,-0.112,0.02175112,0.0,0.0,0.0,0.0,0.0,0.0,0.0,0.0,0.0,0.0,0.0,0.0,inf,inf,inf,inf,inf,1,1,1,1,0,0,0,0,0,0,1,1,0,0,0,0
1777225963109000,0,1777225642797000,47.397742,8.545594,-0.033358477,-0.0752684,5.352,0.0,0.0,0.0,0.02,0.01,0.71,0.0,0.0,0.0,0.0,0.0,0.026,-0.11100001,0.021786934,0.0,0.0,0.0,0.0,0.0,0.0,0.0,0.0,0.0,0.0,0.0,0.0,inf,inf,inf,inf,inf,1,1,1,1,0,0,0,0,0,0,1,1,0,0,0,0
1777225963125000,0,1777225642797000,47.397742,8.545594,-0.033358477,-0.06774156,5.34,0.0,0.0,0.0,0.02,0.01,0.71,0.0,0.0,0.0,0.0,0.0,0.026,-0.149,0.021809,0.0,0.0,0.0,0.0,0.0,0.0,0.0,0.0,0.0,0.0,0.0,0.0,inf,inf,inf,inf,inf,1,1,1,1,0,0,0,0,0,0,1,1,0,0,0,0
1777225963149000,0,1777225642797000,47.397742,8.545594,-0.033358477,-0.06774156,5.3230004,0.0,0.0,0.0,0.02,0.02,0.7,0.0,0.0,0.0,0.0,-0.001,0.024,-0.109000005,0.021839019,0.0,0.0,0.0,0.0,0.0,0.0,0.0,0.0,0.0,0.0,0.0,0.0,inf,inf,inf,inf,inf,1,1,1,1,0,0,0,0,0,0,1,1,0,0,0,0
1777225963165000,0,1777225642797000,47.397742,8.545594,-0.033358477,-0.06774156,5.3120003,0.0,0.0,0.0,0.02,0.02,0.7,0.0,0.0,0.0,0.0,0.0,0.024,-0.15100001,0.021857427,0.0,0.0,0.0,0.0,0.0,0.0,0.0,0.0,0.0,0.0,0.0,0.0,inf,inf,inf,inf,inf,1,1,1,1,0,0,0,0,0,0,1,1,0,0,0,0
1777225963189000,0,1777225642797000,47.397742,8.545594,-0.033358477,-0.0752684,5.295,0.0,0.0,0.0,0.02,0.02,0.7,0.0,0.0,0.0,0.0,-0.002,0.023000002,-0.105000004,0.02188634,0.0,0.0,0.0,0.0,0.0,0.0,0.0,0.0,0.0,0.0,0.0,0.0,inf,inf,inf,inf,inf,1,1,1,1,0,0,0,0,0,0,1,1,0,0,0,0
1777225963205000,0,1777225642797000,47.397742,8.545594,-0.033358477,-0.0752684,5.2840004,0.0,0.0,0.0,0.02,0.02,0.7,0.0,0.0,0.0,0.0,-0.001,0.023000002,-0.14600001,0.021906003,0.0,0.0,0.0,0.0,0.0,0.0,0.0,0.0,0.0,0.0,0.0,0.0,inf,inf,inf,inf,inf,1,1,1,1,0,0,0,0,0,0,1,1,0,0,0,0
1777225963229000,0,1777225642797000,47.397742,8.545594,-0.033358477,-0.06774156,5.267,0.0,0.0,0.0,0.02,0.02,0.7,0.0,0.0,0.0,0.0,-0.002,0.023000002,-0.108,0.021936238,0.0,0.0,0.0,0.0,0.0,0.0,0.0,0.0,0.0,0.0,0.0,0.0,inf,inf,inf,inf,inf,1,1,1,1,0,0,0,0,0,0,1,1,0,0,0,0
1777225963245000,0,1777225642797000,47.397742,8.545594,-0.033358477,-0.06021472,5.256,0.0,0.0,0.0,0.02,0.02,0.69,0.0,0.0,0.0,0.0,-0.002,0.024,-0.14600001,0.021956706,0.0,0.0,0.0,0.0,0.0,0.0,0.0,0.0,0.0,0.0,0.0,0.0,inf,inf,inf,inf,inf,1,1,1,1,0,0,0,0,0,0,1,1,0,0,0,0
1777225963261000,0,1777225642797000,47.397742,8.545594,-0.033358477,-0.06774156,5.2440004,0.0,0.0,0.0,0.02,0.02,0.69,0.0,0.0,0.0,0.0,-0.001,0.024,-0.08800001,0.021976946,0.0,0.0,0.0,0.0,0.0,0.0,0.0,0.0,0.0,0.0,0.0,0.0,inf,inf,inf,inf,inf,1,1,1,1,0,0,0,0,0,0,1,1,0,0,0,0
1777225963285000,0,1777225642797000,47.397742,8.545594,-0.033358477,-0.05268788,5.228,0.0,0.0,0.0,0.02,0.02,0.69,0.0,0.0,0.0,0.0,0.0,0.022000002,-0.143,0.022010844,0.0,0.0,0.0,0.0,0.0,0.0,0.0,0.0,0.0,0.0,0.0,0.0,inf,inf,inf,inf,inf,1,1,1,1,0,0,0,0,0,0,1,1,0,0,0,0
1777225963309000,0,1777225642797000,47.397742,8.545594,-0.033358477,-0.05268788,5.2110004,0.0,0.0,0.0,0.02,0.02,0.69,0.0,0.0,0.0,0.0,-0.003,0.023000002,-0.106000006,0.022048743,0.0,0.0,0.0,0.0,0.0,0.0,0.0,0.0,0.0,0.0,0.0,0.0,inf,inf,inf,inf,inf,1,1,1,1,0,0,0,0,0,0,1,1,0,0,0,0
1777225963325000,0,1777225642797000,47.397742,8.545594,-0.033358477,-0.05268788,5.2000003,0.0,0.0,0.0,0.02,0.02,0.69,0.0,0.0,0.0,0.0,-0.0050000004,0.024,-0.141,0.022075662,0.0,0.0,0.0,0.0,0.0,0.0,0.0,0.0,0.0,0.0,0.0,0.0,inf,inf,inf,inf,inf,1,1,1,1,0,0,0,0,0,0,1,1,0,0,0,0
1777225963341000,0,1777225642797000,47.397742,8.545594,-0.033358477,-0.05268788,5.189,0.0,0.0,0.0,0.02,0.02,0.68,0.0,0.0,0.0,0.0,-0.006,0.023000002,-0.09,0.022103682,0.0,0.0,0.0,0.0,0.0,0.0,0.0,0.0,0.0,0.0,0.0,0.0,inf,inf,inf,inf,inf,1,1,1,1,0,0,0,0,0,0,1,1,0,0,0,0
1777225963365000,0,1777225642797000,47.397742,8.545594,-0.033358477,-0.05268788,5.1720004,0.0,0.0,0.0,0.01,0.02,0.68,0.0,0.0,0.0,0.0,-0.007,0.022000002,-0.14500001,0.022147954,0.0,0.0,0.0,0.0,0.0,0.0,0.0,0.0,0.0,0.0,0.0,0.0,inf,inf,inf,inf,inf,1,1,1,1,0,0,0,0,0,0,1,1,0,0,0,0
1777225963381000,0,1777225642797000,47.397742,8.545594,-0.033358477,-0.04516104,5.1610003,0.0,0.0,0.0,0.01,0.02,0.68,0.0,0.0,0.0,0.0,-0.008,0.023000002,-0.098000005,0.022177665,0.0,0.0,0.0,0.0,0.0,0.0,0.0,0.0,0.0,0.0,0.0,0.0,inf,inf,inf,inf,inf,1,1,1,1,0,0,0,0,0,0,1,1,0,0,0,0
1777225963405000,0,1777225642797000,47.397742,8.545594,-0.033358477,-0.04516104,5.1450005,0.0,0.0,0.0,0.01,0.02,0.68,0.0,0.0,0.0,0.0,-0.010000001,0.022000002,-0.109000005,0.022222577,0.0,0.0,0.0,0.0,0.0,0.0,0.0,0.0,0.0,0.0,0.0,0.0,inf,inf,inf,inf,inf,1,1,1,1,0,0,0,0,0,0,1,1,0,0,0,0
1777225963429000,0,1777225642797000,47.397742,8.545594,-0.033358477,-0.04516104,5.129,0.0,0.0,0.0,0.01,0.02,0.66999996,0.0,0.0,0.0,0.0,-0.012,0.019000001,-0.109000005,0.022265704,0.0,0.0,0.0,0.0,0.0,0.0,0.0,0.0,0.0,0.0,0.0,0.0,inf,inf,inf,inf,inf,1,1,1,1,0,0,0,0,0,0,1,1,0,0,0,0
1777225963445000,0,1777225642797000,47.397742,8.545594,-0.033358477,-0.05268788,5.118,0.0,0.0,0.0,0.01,0.02,0.66999996,0.0,0.0,0.0,0.0,-0.014,0.020000001,-0.14600001,0.022293543,0.0,0.0,0.0,0.0,0.0,0.0,0.0,0.0,0.0,0.0,0.0,0.0,inf,inf,inf,inf,inf,1,1,1,1,0,0,0,0,0,0,1,1,0,0,0,0
1777225963469000,0,1777225642797000,47.397742,8.545594,-0.033358477,-0.04516104,5.102,0.0,0.0,0.0,0.01,0.02,0.66999996,0.0,0.0,0.0,0.0,-0.016,0.020000001,-0.104,0.022334391,0.0,0.0,0.0,0.0,0.0,0.0,0.0,0.0,0.0,0.0,0.0,0.0,inf,inf,inf,inf,inf,1,1,1,1,0,0,0,0,0,0,1,1,0,0,0,0
1777225963485000,0,1777225642797000,47.397742,8.545594,-0.04447797,-0.05268788,5.091,0.0,0.0,0.0,0.01,0.02,0.66999996,0.0,0.0,0.0,0.0,-0.014,0.019000001,-0.13800001,0.022360492,0.0,0.0,0.0,0.0,0.0,0.0,0.0,0.0,0.0,0.0,0.0,0.0,inf,inf,inf,inf,inf,1,1,1,1,0,0,0,0,0,0,1,1,0,0,0,0
1777225963501000,0,1777225642797000,47.397742,8.545594,-0.04447797,-0.05268788,5.0800004,0.0,0.0,0.0,0.01,0.02,0.66999996,0.0,0.0,0.0,0.0,-0.012,0.020000001,-0.086,0.02238655,0.0,0.0,0.0,0.0,0.0,0.0,0.0,0.0,0.0,0.0,0.0,0.0,inf,inf,inf,inf,inf,1,1,1,1,0,0,0,0,0,0,1,1,0,0,0,0
1777225963525000,0,1777225642797000,47.397742,8.545594,-0.04447797,-0.05268788,5.064,0.0,0.0,0.0,0.01,0.02,0.65999997,0.0,0.0,0.0,0.0,-0.014,0.018000001,-0.13700001,0.022422986,0.0,0.0,0.0,0.0,0.0,0.0,0.0,0.0,0.0,0.0,0.0,0.0,inf,inf,inf,inf,inf,1,1,1,1,0,0,0,0,0,0,1,1,0,0,0,0
1777225963549000,0,1777225642797000,47.397742,8.545594,-0.033358477,-0.04516104,5.0480003,0.0,0.0,0.0,0.01,0.02,0.65999997,0.0,0.0,0.0,0.0,-0.012,0.017,-0.096,0.022457227,0.0,0.0,0.0,0.0,0.0,0.0,0.0,0.0,0.0,0.0,0.0,0.0,inf,inf,inf,inf,inf,1,1,1,1,0,0,0,0,0,0,1,1,0,0,0,0
1777225963565000,0,1777225642797000,47.397742,8.545594,-0.033358477,-0.04516104,5.037,0.0,0.0,0.0,0.01,0.02,0.65999997,0.0,0.0,0.0,0.0,-0.013,0.018000001,-0.135,0.022480221,0.0,0.0,0.0,0.0,0.0,0.0,0.0,0.0,0.0,0.0,0.0,0.0,inf,inf,inf,inf,inf,1,1,1,1,0,0,0,0,0,0,1,1,0,0,0,0
1777225963581000,0,1777225642797000,47.397742,8.545594,-0.033358477,-0.05268788,5.0270004,0.0,0.0,0.0,0.01,0.02,0.65999997,0.0,0.0,0.0,0.0,-0.014,0.018000001,-0.082,0.022503458,0.0,0.0,0.0,0.0,0.0,0.0,0.0,0.0,0.0,0.0,0.0,0.0,inf,inf,inf,inf,inf,1,1,1,1,0,0,0,0,0,0,1,1,0,0,0,0
1777225963605000,0,1777225642797000,47.397742,8.545594,-0.022238987,-0.0376342,5.011,0.0,0.0,0.0,0.01,0.02,0.65,0.0,0.0,0.0,0.0,-0.013,0.018000001,-0.13800001,0.022538494,0.0,0.0,0.0,0.0,0.0,0.0,0.0,0.0,0.0,0.0,0.0,0.0,inf,inf,inf,inf,inf,1,1,1,1,0,0,0,0,0,0,1,1,0,0,0,0
1777225963621000,0,1777225642797000,47.397742,8.545594,-0.033358477,-0.04516104,5.0,0.0,0.0,0.0,0.01,0.03,0.65,0.0,0.0,0.0,0.0,-0.013,0.018000001,-0.08800001,0.022562409,0.0,0.0,0.0,0.0,0.0,0.0,0.0,0.0,0.0,0.0,0.0,0.0,inf,inf,inf,inf,inf,1,1,1,1,0,0,0,0,0,0,1,1,0,0,0,0
1777225963645000,0,1777225642797000,47.397742,8.545594,-0.033358477,-0.04516104,4.985,0.0,0.0,0.0,0.01,0.03,0.65,0.0,0.0,0.0,0.0,-0.013,0.017,-0.143,0.022598503,0.0,0.0,0.0,0.0,0.0,0.0,0.0,0.0,0.0,0.0,0.0,0.0,inf,inf,inf,inf,inf,1,1,1,1,0,0,0,0,0,0,1,1,0,0,0,0
1777225963661000,0,1777225642797000,47.397742,8.545594,-0.033358477,-0.04516104,4.9740005,0.0,0.0,0.0,0.01,0.03,0.65,0.0,0.0,0.0,0.0,-0.016,0.016,-0.087000005,0.022621965,0.0,0.0,0.0,0.0,0.0,0.0,0.0,0.0,0.0,0.0,0.0,0.0,inf,inf,inf,inf,inf,1,1,1,1,0,0,0,0,0,0,1,1,0,0,0,0
1777225963685000,0,1777225642797000,47.397742,8.545594,-0.04447797,-0.04516104,4.959,0.0,0.0,0.0,0.01,0.03,0.65,0.0,0.0,0.0,0.0,-0.015000001,0.016,-0.13700001,0.022655485,0.0,0.0,0.0,0.0,0.0,0.0,0.0,0.0,0.0,0.0,0.0,0.0,inf,inf,inf,inf,inf,1,1,1,1,0,0,0,0,0,0,1,1,0,0,0,0
1777225963709000,0,1777225642797000,47.397742,8.545594,-0.04447797,-0.05268788,4.9430003,0.0,0.0,0.0,0.01,0.03,0.64,0.0,0.0,0.0,0.0,-0.016,0.015000001,-0.101,0.022687512,0.0,0.0,0.0,0.0,0.0,0.0,0.0,0.0,0.0,0.0,0.0,0.0,inf,inf,inf,inf,inf,1,1,1,1,0,0,0,0,0,0,1,1,0,0,0,0
1777225963725000,0,1777225642797000,47.397742,8.545594,-0.04447797,-0.04516104,4.933,0.0,0.0,0.0,0.01,0.03,0.64,0.0,0.0,0.0,0.0,-0.016,0.014,-0.13700001,0.022707315,0.0,0.0,0.0,0.0,0.0,0.0,0.0,0.0,0.0,0.0,0.0,0.0,inf,inf,inf,inf,inf,1,1,1,1,0,0,0,0,0,0,1,1,0,0,0,0
1777225963741000,0,1777225642797000,47.397742,8.545594,-0.05559746,-0.04516104,4.9220004,0.0,0.0,0.0,0.01,0.03,0.64,0.0,0.0,0.0,0.0,-0.016,0.014,-0.083000004,0.022725673,0.0,0.0,0.0,0.0,0.0,0.0,0.0,0.0,0.0,0.0,0.0,0.0,inf,inf,inf,inf,inf,1,1,1,1,0,0,0,0,0,0,1,1,0,0,0,0
1777225963765000,0,1777225642797000,47.397742,8.545594,-0.05559746,-0.0376342,4.907,0.0,0.0,0.0,0.01,0.03,0.64,0.0,0.0,0.0,0.0,-0.017,0.015000001,-0.14,0.02274819,0.0,0.0,0.0,0.0,0.0,0.0,0.0,0.0,0.0,0.0,0.0,0.0,inf,inf,inf,inf,inf,1,1,1,1,0,0,0,0,0,0,1,1,0,0,0,0
1777225963781000,0,1777225642797000,47.397742,8.545594,-0.05559746,-0.04516104,4.8960004,0.0,0.0,0.0,0.01,0.03,0.64,0.0,0.0,0.0,0.0,-0.018000001,0.014,-0.08400001,0.022760196,0.0,0.0,0.0,0.0,0.0,0.0,0.0,0.0,0.0,0.0,0.0,0.0,inf,inf,inf,inf,inf,1,1,1,1,0,0,0,0,0,0,1,1,0,0,0,0
1777225963805000,0,1777225642797000,47.397742,8.545594,-0.05559746,-0.04516104,4.881,0.0,0.0,0.0,0.01,0.03,0.63,0.0,0.0,0.0,0.0,-0.015000001,0.016,-0.080000006,0.022772789,0.0,0.0,0.0,0.0,0.0,0.0,0.0,0.0,0.0,0.0,0.0,0.0,inf,inf,inf,inf,inf,1,1,1,1,0,0,0,0,0,0,1,1,0,0,0,0
1777225963821000,0,1777225642797000,47.397742,8.545594,-0.05559746,-0.05268788,4.8710003,0.0,0.0,0.0,0.01,0.03,0.63,0.0,0.0,0.0,0.0,-0.016,0.017,-0.002,0.022778276,0.0,0.0,0.0,0.0,0.0,0.0,0.0,0.0,0.0,0.0,0.0,0.0,inf,inf,inf,inf,inf,1,1,1,1,0,0,0,0,0,0,1,1,0,0,0,0
1777225963845000,0,1777225642797000,47.397742,8.545594,-0.04447797,-0.05268788,4.855,0.0,0.0,0.0,0.01,0.03,0.63,0.0,0.0,0.0,0.0,-0.018000001,0.018000001,-0.009000001,0.022780653,0.0,0.0,0.0,0.0,0.0,0.0,0.0,0.0,0.0,0.0,0.0,0.0,inf,inf,inf,inf,inf,1,1,1,1,0,0,0,0,0,0,1,1,0,0,0,0
1777225963869000,0,1777225642797000,47.397742,8.545594,-0.033358477,-0.05268788,4.84,0.0,0.0,0.0,0.01,0.03,0.63,0.0,0.0,0.0,0.0,-0.017,0.018000001,0.020000001,0.022776896,0.0,0.0,0.0,0.0,0.0,0.0,0.0,0.0,0.0,0.0,0.0,0.0,inf,inf,inf,inf,inf,1,1,1,1,0,0,0,0,0,0,1,1,0,0,0,0
1777225963885000,0,1777225642797000,47.397742,8.545594,-0.04447797,-0.04516104,4.8300004,0.0,0.0,0.0,0.01,0.03,0.63,0.0,0.0,0.0,0.0,-0.016,0.018000001,-0.014,0.022768985,0.0,0.0,0.0,0.0,0.0,0.0,0.0,0.0,0.0,0.0,0.0,0.0,inf,inf,inf,inf,inf,1,1,1,1,0,0,0,0,0,0,1,1,0,0,0,0
1777225963909000,0,1777225642797000,47.397742,8.545594,-0.033358477,-0.04516104,4.815,0.0,0.0,0.0,0.01,0.03,0.64,0.0,0.0,0.0,0.0,-0.018000001,0.017,0.024,0.022747083,0.0,0.0,0.0,0.0,0.0,0.0,0.0,0.0,0.0,0.0,0.0,0.0,inf,inf,inf,inf,inf,1,1,1,1,0,0,0,0,0,0,1,1,0,0,0,0
1777225963925000,0,1777225642797000,47.397742,8.545594,-0.033358477,-0.04516104,4.8040004,0.0,0.0,0.0,0.01,0.03,0.64,0.0,0.0,0.0,0.0,-0.018000001,0.016,-0.010000001,0.022726107,0.0,0.0,0.0,0.0,0.0,0.0,0.0,0.0,0.0,0.0,0.0,0.0,inf,inf,inf,inf,inf,1,1,1,1,0,0,0,0,0,0,1,1,0,0,0,0
1777225963949000,0,1777225642797000,47.397742,8.545594,-0.033358477,-0.04516104,4.789,0.0,0.0,0.0,0.01,0.03,0.64,0.0,0.0,0.0,0.0,-0.015000001,0.018000001,0.031000001,0.022685913,0.0,0.0,0.0,0.0,0.0,0.0,0.0,0.0,0.0,0.0,0.0,0.0,inf,inf,inf,inf,inf,1,1,1,1,0,0,0,0,0,0,1,1,0,0,0,0
1777225963965000,0,1777225642797000,47.397742,8.545594,-0.033358477,-0.0376342,4.7790003,0.0,0.0,0.0,0.01,0.03,0.64,0.0,0.0,0.0,0.0,-0.017,0.015000001,-0.006,0.022655064,0.0,0.0,0.0,0.0,0.0,0.0,0.0,0.0,0.0,0.0,0.0,0.0,inf,inf,inf,inf,inf,1,1,1,1,0,0,0,0,0,0,1,1,0,0,0,0
1777225963989000,0,1777225642797000,47.397742,8.545594,-0.022238987,-0.0376342,4.763,0.0,0.0,0.0,0.01,0.03,0.64,0.0,0.0,0.0,0.0,-0.016,0.015000001,0.032,0.022602594,0.0,0.0,0.0,0.0,0.0,0.0,0.0,0.0,0.0,0.0,0.0,0.0,inf,inf,inf,inf,inf,1,1,1,1,0,0,0,0,0,0,1,1,0,0,0,0
1777225964005000,0,1777225642797000,47.397742,8.545594,-0.022238987,-0.0376342,4.7530003,0.0,0.0,0.0,0.01,0.03,0.64,0.0,0.0,0.0,0.0,-0.015000001,0.015000001,0.0,0.022564191,0.0,0.0,0.0,0.0,0.0,0.0,0.0,0.0,0.0,0.0,0.0,0.0,inf,inf,inf,inf,inf,1,1,1,1,0,0,0,0,0,0,1,1,0,0,0,0
1777225964021000,0,1777225642797000,47.397742,8.545594,-0.022238987,-0.03010736,4.743,0.0,0.0,0.0,0.0,0.03,0.64,0.0,0.0,0.0,0.0,-0.015000001,0.015000001,0.023000002,0.022523487,0.0,0.0,0.0,0.0,0.0,0.0,0.0,0.0,0.0,0.0,0.0,0.0,inf,inf,inf,inf,inf,1,1,1,1,0,0,0,0,0,0,1,1,0,0,0,0
1777225964045000,0,1777225642797000,47.397742,8.545594,-0.022238987,-0.03010736,4.727,0.0,0.0,0.0,0.0,0.03,0.64,0.0,0.0,0.0,0.0,-0.017,0.014,0.002,0.022458693,0.0,0.0,0.0,0.0,0.0,0.0,0.0,0.0,0.0,0.0,0.0,0.0,inf,inf,inf,inf,inf,1,1,1,1,0,0,0,0,0,0,1,1,0,0,0,0
1777225964061000,0,1777225642797000,47.397742,8.545594,-0.022238987,-0.03010736,4.717,0.0,0.0,0.0,0.0,0.03,0.64,0.0,0.0,0.0,0.0,-0.020000001,0.011000001,0.025,0.022413006,0.0,0.0,0.0,0.0,0.0,0.0,0.0,0.0,0.0,0.0,0.0,0.0,inf,inf,inf,inf,inf,1,1,1,1,0,0,0,0,0,0,1,1,0,0,0,0
1777225964085000,0,1777225642797000,47.397742,8.545594,-0.011119492,-0.0376342,4.702,0.0,0.0,0.0,0.0,0.03,0.64,0.0,0.0,0.0,0.0,-0.019000001,0.010000001,0.007,0.022340463,0.0,0.0,0.0,0.0,0.0,0.0,0.0,0.0,0.0,0.0,0.0,0.0,inf,inf,inf,inf,inf,1,1,1,1,0,0,0,0,0,0,1,1,0,0,0,0
1777225964101000,0,1777225642797000,47.397742,8.545594,-0.011119492,-0.0376342,4.691,0.0,0.0,0.0,0.0,0.03,0.64,0.0,0.0,0.0,0.0,-0.018000001,0.010000001,0.025,0.022289615,0.0,0.0,0.0,0.0,0.0,0.0,0.0,0.0,0.0,0.0,0.0,0.0,inf,inf,inf,inf,inf,1,1,1,1,0,0,0,0,0,0,1,1,0,0,0,0
1777225964125000,0,1777225642797000,47.397742,8.545594,-0.022238987,-0.0376342,4.676,0.0,0.0,0.0,0.0,0.03,0.64,0.0,0.0,0.0,0.0,-0.017,0.010000001,0.004,0.022212015,0.0,0.0,0.0,0.0,0.0,0.0,0.0,0.0,0.0,0.0,0.0,0.0,inf,inf,inf,inf,inf,1,1,1,1,0,0,0,0,0,0,1,1,0,0,0,0
1777225964141000,0,1777225642797000,47.397742,8.545594,-0.022238987,-0.03010736,4.6660004,0.0,0.0,0.0,0.0,0.03,0.64,0.0,0.0,0.0,0.0,-0.019000001,0.007,0.024,0.022161268,0.0,0.0,0.0,0.0,0.0,0.0,0.0,0.0,0.0,0.0,0.0,0.0,inf,inf,inf,inf,inf,1,1,1,1,0,0,0,0,0,0,1,1,0,0,0,0
1777225964165000,0,1777225642797000,47.397742,8.545594,-0.022238987,-0.0376342,4.65,0.0,0.0,0.0,0.0,0.03,0.64,0.0,0.0,0.0,0.0,-0.019000001,0.002,0.009000001,0.022087015,0.0,0.0,0.0,0.0,0.0,0.0,0.0,0.0,0.0,0.0,0.0,0.0,inf,inf,inf,inf,inf,1,1,1,1,0,0,0,0,0,0,1,1,0,0,0,0
1777225964181000,0,1777225642797000,47.397742,8.545594,-0.011119492,-0.0376342,4.6400003,0.0,0.0,0.0,0.0,0.03,0.64,0.0,0.0,0.0,0.0,-0.017,0.001,0.026,0.02203889,0.0,0.0,0.0,0.0,0.0,0.0,0.0,0.0,0.0,0.0,0.0,0.0,inf,inf,inf,inf,inf,1,1,1,1,0,0,0,0,0,0,1,1,0,0,0,0
1777225964205000,0,1777225642797000,47.397742,8.545594,-0.011119492,-0.03010736,4.624,0.0,0.0,0.0,0.0,0.03,0.64,0.0,0.0,0.0,0.0,-0.020000001,-0.001,0.010000001,0.021970697,0.0,0.0,0.0,0.0,0.0,0.0,0.0,0.0,0.0,0.0,0.0,0.0,inf,inf,inf,inf,inf,1,1,1,1,0,0,0,0,0,0,1,1,0,0,0,0
1777225964221000,0,1777225642797000,47.397742,8.545594,-0.011119492,-0.03010736,4.6140003,0.0,0.0,0.0,0.0,0.03,0.64,0.0,0.0,0.0,0.0,-0.019000001,-0.002,0.032,0.021929575,0.0,0.0,0.0,0.0,0.0,0.0,0.0,0.0,0.0,0.0,0.0,0.0,inf,inf,inf,inf,inf,1,1,1,1,0,0,0,0,0,0,1,1,0,0,0,0
1777225964245000,0,1777225642797000,47.397742,8.545594,0.0,-0.04516104,4.598,0.0,0.0,0.0,0.0,0.03,0.64,0.0,0.0,0.0,0.0,-0.014,-0.001,0.006,0.021872213,0.0,0.0,0.0,0.0,0.0,0.0,0.0,0.0,0.0,0.0,0.0,0.0,inf,inf,inf,inf,inf,1,1,1,1,0,0,0,0,0,0,1,1,0,0,0,0
1777225964261000,0,1777225642797000,47.397742,8.545594,0.0,-0.0376342,4.5880003,0.0,0.0,0.0,0.0,0.03,0.64,0.0,0.0,0.0,0.0,-0.014,-0.001,0.023000002,0.021836383,0.0,0.0,0.0,0.0,0.0,0.0,0.0,0.0,0.0,0.0,0.0,0.0,inf,inf,inf,inf,inf,1,1,1,1,0,0,0,0,0,0,1,1,0,0,0,0
1777225964285000,0,1777225642797000,47.397742,8.545594,-0.011119492,-0.0376342,4.572,0.0,0.0,0.0,0.0,0.03,0.64,0.0,0.0,0.0,0.0,-0.017,-0.001,0.006,0.021786334,0.0,0.0,0.0,0.0,0.0,0.0,0.0,0.0,0.0,0.0,0.0,0.0,inf,inf,inf,inf,inf,1,1,1,1,0,0,0,0,0,0,1,1,0,0,0,0
1777225964301000,0,1777225642797000,47.397742,8.545594,-0.011119492,-0.04516104,4.5620003,0.0,0.0,0.0,0.0,0.03,0.64,0.0,0.0,0.0,0.0,-0.017,-0.003,0.024,0.021754695,0.0,0.0,0.0,0.0,0.0,0.0,0.0,0.0,0.0,0.0,0.0,0.0,inf,inf,inf,inf,inf,1,1,1,1,0,0,0,0,0,0,1,1,0,0,0,0
1777225964325000,0,1777225642797000,47.397742,8.545594,-0.011119492,-0.04516104,4.546,0.0,0.0,0.0,0.0,0.03,0.65,0.0,0.0,0.0,0.0,-0.014,-0.002,0.0050000004,0.021706767,0.0,0.0,0.0,0.0,0.0,0.0,0.0,0.0,0.0,0.0,0.0,0.0,inf,inf,inf,inf,inf,1,1,1,1,0,0,0,0,0,0,1,1,0,0,0,0
1777225964341000,0,1777225642797000,47.397742,8.545594,-0.011119492,-0.0376342,4.5360003,0.0,0.0,0.0,0.0,0.03,0.65,0.0,0.0,0.0,0.0,-0.017,-0.002,0.023000002,0.021674864,0.0,0.0,0.0,0.0,0.0,0.0,0.0,0.0,0.0,0.0,0.0,0.0,inf,inf,inf,inf,inf,1,1,1,1,0,0,0,0,0,0,1,1,0,0,0,0
1777225964365000,0,1777225642797000,47.397742,8.545594,-0.022238987,-0.0376342,4.52,0.0,0.0,0.0,0.0,0.03,0.65,0.0,0.0,0.0,0.0,-0.016,-0.002,0.007,0.021628825,0.0,0.0,0.0,0.0,0.0,0.0,0.0,0.0,0.0,0.0,0.0,0.0,inf,inf,inf,inf,inf,1,1,1,1,0,0,0,0,0,0,1,1,0,0,0,0
1777225964381000,0,1777225642797000,47.397742,8.545594,-0.022238987,-0.0376342,4.51,0.0,0.0,0.0,0.0,0.03,0.65,0.0,0.0,0.0,0.0,-0.015000001,-0.003,0.032,0.02160083,0.0,0.0,0.0,0.0,0.0,0.0,0.0,0.0,0.0,0.0,0.0,0.0,inf,inf,inf,inf,inf,1,1,1,1,0,0,0,0,0,0,1,1,0,0,0,0
1777225964405000,0,1777225642797000,47.397742,8.545594,-0.022238987,-0.0376342,4.4940004,0.0,0.0,0.0,0.0,0.03,0.65,0.0,0.0,0.0,0.0,-0.015000001,-0.003,0.007,0.021562714,0.0,0.0,0.0,0.0,0.0,0.0,0.0,0.0,0.0,0.0,0.0,0.0,inf,inf,inf,inf,inf,1,1,1,1,0,0,0,0,0,0,1,1,0,0,0,0
1777225964421000,0,1777225642797000,47.397742,8.545594,-0.022238987,-0.0376342,4.484,0.0,0.0,0.0,0.0,0.03,0.65,0.0,0.0,0.0,0.0,-0.015000001,-0.003,0.028,0.021538086,0.0,0.0,0.0,0.0,0.0,0.0,0.0,0.0,0.0,0.0,0.0,0.0,inf,inf,inf,inf,inf,1,1,1,1,0,0,0,0,0,0,1,1,0,0,0,0
1777225964445000,0,1777225642797000,47.397742,8.545594,-0.022238987,-0.0376342,4.4680004,0.0,0.0,0.0,0.0,0.03,0.65,0.0,0.0,0.0,0.0,-0.015000001,-0.001,0.010000001,0.02150187,0.0,0.0,0.0,0.0,0.0,0.0,0.0,0.0,0.0,0.0,0.0,0.0,inf,inf,inf,inf,inf,1,1,1,1,0,0,0,0,0,0,1,1,0,0,0,0
1777225964461000,0,1777225642797000,47.397742,8.545594,-0.022238987,-0.03010736,4.458,0.0,0.0,0.0,0.0,0.03,0.65,0.0,0.0,0.0,0.0,-0.015000001,0.0,0.031000001,0.021479713,0.0,0.0,0.0,0.0,0.0,0.0,0.0,0.0,0.0,0.0,0.0,0.0,inf,inf,inf,inf,inf,1,1,1,1,0,0,0,0,0,0,1,1,0,0,0,0
1777225964485000,0,1777225642797000,47.397742,8.545594,-0.022238987,-0.0376342,4.4420004,0.0,0.0,0.0,0.0,0.03,0.65,0.0,0.0,0.0,0.0,-0.014,0.0,0.007,0.021452209,0.0,0.0,0.0,0.0,0.0,0.0,0.0,0.0,0.0,0.0,0.0,0.0,inf,inf,inf,inf,inf,1,1,1,1,0,0,0,0,0,0,1,1,0,0,0,0
1777225964501000,0,1777225642797000,47.397742,8.545594,-0.022238987,-0.0376342,4.431,0.0,0.0,0.0,0.0,0.03,0.65,0.0,0.0,0.0,0.0,-0.014,0.0,0.028,0.021438073,0.0,0.0,0.0,0.0,0.0,0.0,0.0,0.0,0.0,0.0,0.0,0.0,inf,inf,inf,inf,inf,1,1,1,1,0,0,0,0,0,0,1,1,0,0,0,0
1777225964525000,0,1777225642797000,47.397742,8.545594,-0.033358477,-0.0376342,4.4160004,0.0,0.0,0.0,0.0,0.03,0.65,0.0,0.0,0.0,0.0,-0.015000001,0.001,0.008,0.02142382,0.0,0.0,0.0,0.0,0.0,0.0,0.0,0.0,0.0,0.0,0.0,0.0,inf,inf,inf,inf,inf,1,1,1,1,0,0,0,0,0,0,1,1,0,0,0,0
1777225964541000,0,1777225642797000,47.397742,8.545594,-0.033358477,-0.04516104,4.405,0.0,0.0,0.0,0.0,0.03,0.65,0.0,0.0,0.0,0.0,-0.016,0.0,0.023000002,0.021417951,0.0,0.0,0.0,0.0,0.0,0.0,0.0,0.0,0.0,0.0,0.0,0.0,inf,inf,inf,inf,inf,1,1,1,1,0,0,0,0,0,0,1,1,0,0,0,0
1777225964565000,0,1777225642797000,47.397742,8.545594,-0.022238987,-0.0376342,4.3890004,0.0,0.0,0.0,0.0,0.03,0.65,0.0,0.0,0.0,0.0,-0.015000001,0.002,0.002,0.021414563,0.0,0.0,0.0,0.0,0.0,0.0,0.0,0.0,0.0,0.0,0.0,0.0,inf,inf,inf,inf,inf,1,1,1,1,0,0,0,0,0,0,1,1,0,0,0,0
1777225964581000,0,1777225642797000,47.397742,8.545594,-0.022238987,-0.04516104,4.379,0.0,0.0,0.0,0.0,0.03,0.65,0.0,0.0,0.0,0.0,-0.015000001,0.001,0.021000002,0.021414189,0.0,0.0,0.0,0.0,0.0,0.0,0.0,0.0,0.0,0.0,0.0,0.0,inf,inf,inf,inf,inf,1,1,1,1,0,0,0,0,0,0,1,1,0,0,0,0
1777225964605000,0,1777225642797000,47.397742,8.545594,-0.033358477,-0.04516104,4.3630004,0.0,0.0,0.0,0.0,0.03,0.65,0.0,0.0,0.0,0.0,-0.015000001,0.001,0.0,0.021418365,0.0,0.0,0.0,0.0,0.0,0.0,0.0,0.0,0.0,0.0,0.0,0.0,inf,inf,inf,inf,inf,1,1,1,1,0,0,0,0,0,0,1,1,0,0,0,0
1777225964629000,0,1777225642797000,47.397742,8.545594,-0.022238987,-0.0376342,4.347,0.0,0.0,0.0,0.0,0.03,0.65,0.0,0.0,0.0,0.0,-0.017,0.0,0.035,0.021427771,0.0,0.0,0.0,0.0,0.0,0.0,0.0,0.0,0.0,0.0,0.0,0.0,inf,inf,inf,inf,inf,1,1,1,1,0,0,0,0,0,0,1,1,0,0,0,0
1777225964645000,0,1777225642797000,47.397742,8.545594,-0.033358477,-0.0376342,4.3370004,0.0,0.0,0.0,0.0,0.03,0.65,0.0,0.0,0.0,0.0,-0.015000001,0.0,0.008,0.021436376,0.0,0.0,0.0,0.0,0.0,0.0,0.0,0.0,0.0,0.0,0.0,0.0,inf,inf,inf,inf,inf,1,1,1,1,0,0,0,0,0,0,1,1,0,0,0,0
1777225964669000,0,1777225642797000,47.397742,8.545594,-0.033358477,-0.0376342,4.321,0.0,0.0,0.0,0.0,0.03,0.65999997,0.0,0.0,0.0,0.0,-0.012,0.002,0.041,0.021451704,0.0,0.0,0.0,0.0,0.0,0.0,0.0,0.0,0.0,0.0,0.0,0.0,inf,inf,inf,inf,inf,1,1,1,1,0,0,0,0,0,0,1,1,0,0,0,0
1777225964685000,0,1777225642797000,47.397742,8.545594,-0.04447797,-0.03010736,4.3100004,0.0,0.0,0.0,0.0,0.03,0.65999997,0.0,0.0,0.0,0.0,-0.011000001,0.0,0.008,0.021464096,0.0,0.0,0.0,0.0,0.0,0.0,0.0,0.0,0.0,0.0,0.0,0.0,inf,inf,inf,inf,inf,1,1,1,1,0,0,0,0,0,0,1,1,0,0,0,0
1777225964709000,0,1777225642797000,47.397742,8.545594,-0.033358477,-0.02258052,4.295,0.0,0.0,0.0,0.0,0.03,0.65999997,0.0,0.0,0.0,0.0,-0.009000001,-0.001,0.045,0.02148678,0.0,0.0,0.0,0.0,0.0,0.0,0.0,0.0,0.0,0.0,0.0,0.0,inf,inf,inf,inf,inf,1,1,1,1,0,0,0,0,0,0,1,1,0,0,0,0
1777225964725000,0,1777225642797000,47.397742,8.545594,-0.033358477,-0.02258052,4.2840004,0.0,0.0,0.0,0.0,0.03,0.65999997,0.0,0.0,0.0,0.0,-0.010000001,-0.002,0.007,0.02150553,0.0,0.0,0.0,0.0,0.0,0.0,0.0,0.0,0.0,0.0,0.0,0.0,inf,inf,inf,inf,inf,1,1,1,1,0,0,0,0,0,0,1,1,0,0,0,0
1777225964741000,0,1777225642797000,47.397742,8.545594,-0.022238987,-0.02258052,4.2730002,0.0,0.0,0.0,0.0,0.03,0.65999997,0.0,0.0,0.0,0.0,-0.009000001,-0.003,0.028,0.021526763,0.0,0.0,0.0,0.0,0.0,0.0,0.0,0.0,0.0,0.0,0.0,0.0,inf,inf,inf,inf,inf,1,1,1,1,0,0,0,0,0,0,1,1,0,0,0,0
1777225964765000,0,1777225642797000,47.397742,8.545594,-0.022238987,-0.02258052,4.257,0.0,0.0,0.0,0.0,0.03,0.65999997,0.0,0.0,0.0,0.0,-0.006,-0.0050000004,0.010000001,0.02156058,0.0,0.0,0.0,0.0,0.0,0.0,0.0,0.0,0.0,0.0,0.0,0.0,inf,inf,inf,inf,inf,1,1,1,1,0,0,0,0,0,0,1,1,0,0,0,0
1777225964781000,0,1777225642797000,47.397742,8.545594,-0.022238987,-0.02258052,4.247,0.0,0.0,0.0,0.0,0.03,0.65999997,0.0,0.0,0.0,0.0,-0.0050000004,-0.006,0.028,0.021583447,0.0,0.0,0.0,0.0,0.0,0.0,0.0,0.0,0.0,0.0,0.0,0.0,inf,inf,inf,inf,inf,1,1,1,1,0,0,0,0,0,0,1,1,0,0,0,0
1777225964805000,0,1777225642797000,47.397742,8.545594,-0.022238987,-0.01505368,4.2310004,0.0,0.0,0.0,0.0,0.03,0.65999997,0.0,0.0,0.0,0.0,-0.004,-0.0050000004,0.010000001,0.021616394,0.0,0.0,0.0,0.0,0.0,0.0,0.0,0.0,0.0,0.0,0.0,0.0,inf,inf,inf,inf,inf,1,1,1,1,0,0,0,0,0,0,1,1,0,0,0,0
1777225964821000,0,1777225642797000,47.397742,8.545594,-0.022238987,-0.02258052,4.2200003,0.0,0.0,0.0,0.0,0.03,0.65999997,0.0,0.0,0.0,0.0,-0.003,-0.0050000004,0.024,0.021637361,0.0,0.0,0.0,0.0,0.0,0.0,0.0,0.0,0.0,0.0,0.0,0.0,inf,inf,inf,inf,inf,1,1,1,1,0,0,0,0,0,0,1,1,0,0,0,0
1777225964845000,0,1777225642797000,47.397742,8.545594,-0.022238987,-0.01505368,4.204,0.0,0.0,0.0,0.0,0.03,0.65999997,0.0,0.0,0.0,0.0,-0.001,-0.0050000004,0.0050000004,0.021668548,0.0,0.0,0.0,0.0,0.0,0.0,0.0,0.0,0.0,0.0,0.0,0.0,inf,inf,inf,inf,inf,1,1,1,1,0,0,0,0,0,0,1,1,0,0,0,0
1777225964869000,0,1777225642797000,47.397742,8.545594,-0.022238987,-0.01505368,4.188,0.0,0.0,0.0,0.0,0.03,0.65999997,0.0,0.0,0.0,0.0,0.0,-0.004,0.040000003,0.021700598,0.0,0.0,0.0,0.0,0.0,0.0,0.0,0.0,0.0,0.0,0.0,0.0,inf,inf,inf,inf,inf,1,1,1,1,0,0,0,0,0,0,1,1,0,0,0,0
1777225964885000,0,1777225642797000,47.397742,8.545594,-0.022238987,-0.00752684,4.178,0.0,0.0,0.0,0.0,0.03,0.65999997,0.0,0.0,0.0,0.0,0.002,-0.003,0.0,0.021720763,0.0,0.0,0.0,0.0,0.0,0.0,0.0,0.0,0.0,0.0,0.0,0.0,inf,inf,inf,inf,inf,1,1,1,1,0,0,0,0,0,0,1,1,0,0,0,0
1777225964909000,0,1777225642797000,47.397742,8.545594,-0.022238987,-0.00752684,4.162,0.0,0.0,0.0,0.0,0.03,0.65999997,0.0,0.0,0.0,0.0,0.003,-0.004,0.036000002,0.02175133,0.0,0.0,0.0,0.0,0.0,0.0,0.0,0.0,0.0,0.0,0.0,0.0,inf,inf,inf,inf,inf,1,1,1,1,0,0,0,0,0,0,1,1,0,0,0,0
1777225964925000,0,1777225642797000,47.397742,8.545594,-0.011119492,-0.00752684,4.151,0.0,0.0,0.0,0.0,0.03,0.65999997,0.0,0.0,0.0,0.0,0.002,-0.006,0.009000001,0.021772163,0.0,0.0,0.0,0.0,0.0,0.0,0.0,0.0,0.0,0.0,0.0,0.0,inf,inf,inf,inf,inf,1,1,1,1,0,0,0,0,0,0,1,1,0,0,0,0
1777225964941000,0,1777225642797000,47.397742,8.545594,-0.011119492,-0.00752684,4.1400003,0.0,0.0,0.0,0.0,0.03,0.65999997,0.0,0.0,0.0,0.0,0.003,-0.006,0.025,0.021792682,0.0,0.0,0.0,0.0,0.0,0.0,0.0,0.0,0.0,0.0,0.0,0.0,inf,inf,inf,inf,inf,1,1,1,1,0,0,0,0,0,0,1,1,0,0,0,0
1777225964965000,0,1777225642797000,47.397742,8.545594,-0.011119492,0.0,4.124,0.0,0.0,0.0,0.0,0.03,0.65999997,0.0,0.0,0.0,0.0,0.004,-0.007,0.010000001,0.021823106,0.0,0.0,0.0,0.0,0.0,0.0,0.0,0.0,0.0,0.0,0.0,0.0,inf,inf,inf,inf,inf,1,1,1,1,0,0,0,0,0,0,1,1,0,0,0,0
1777225964981000,0,1777225642797000,47.397742,8.545594,-0.022238987,0.0,4.1140003,0.0,0.0,0.0,0.0,0.03,0.65999997,0.0,0.0,0.0,0.0,0.003,-0.006,0.027,0.021842811,0.0,0.0,0.0,0.0,0.0,0.0,0.0,0.0,0.0,0.0,0.0,0.0,inf,inf,inf,inf,inf,1,1,1,1,0,0,0,0,0,0,1,1,0,0,0,0
1777225965005000,0,1777225642797000,47.397742,8.545594,-0.022238987,0.0,4.098,0.0,0.0,0.0,0.0,0.03,0.65999997,0.0,0.0,0.0,0.0,0.003,-0.009000001,0.030000001,0.02187066,0.0,0.0,0.0,0.0,0.0,0.0,0.0,0.0,0.0,0.0,0.0,0.0,inf,inf,inf,inf,inf,1,1,1,1,0,0,0,0,0,0,1,1,0,0,0,0
1777225965021000,0,1777225642797000,47.397742,8.545594,-0.022238987,0.00752684,4.0870004,0.0,0.0,0.0,0.0,0.03,0.66999996,0.0,0.0,0.0,0.0,0.003,-0.008,0.025,0.021889286,0.0,0.0,0.0,0.0,0.0,0.0,0.0,0.0,0.0,0.0,0.0,0.0,inf,inf,inf,inf,inf,1,1,1,1,0,0,0,0,0,0,1,1,0,0,0,0
1777225965045000,0,1777225642797000,47.397742,8.545594,-0.022238987,0.00752684,4.071,0.0,0.0,0.0,0.0,0.03,0.66999996,0.0,0.0,0.0,0.0,0.003,-0.007,0.0,0.02191508,0.0,0.0,0.0,0.0,0.0,0.0,0.0,0.0,0.0,0.0,0.0,0.0,inf,inf,inf,inf,inf,1,1,1,1,0,0,0,0,0,0,1,1,0,0,0,0
1777225965069000,0,1777225642797000,47.397742,8.545594,-0.033358477,0.01505368,4.0550003,0.0,0.0,0.0,0.0,0.03,0.66999996,0.0,0.0,0.0,0.0,0.003,-0.006,0.036000002,0.021937402,0.0,0.0,0.0,0.0,0.0,0.0,0.0,0.0,0.0,0.0,0.0,0.0,inf,inf,inf,inf,inf,1,1,1,1,0,0,0,0,0,0,1,1,0,0,0,0
1777225965085000,0,1777225642797000,47.397742,8.545594,-0.022238987,0.00752684,4.044,0.0,0.0,0.0,0.0,0.03,0.66999996,0.0,0.0,0.0,0.0,0.003,-0.006,0.0050000004,0.021949885,0.0,0.0,0.0,0.0,0.0,0.0,0.0,0.0,0.0,0.0,0.0,0.0,inf,inf,inf,inf,inf,1,1,1,1,0,0,0,0,0,0,1,1,0,0,0,0
1777225965101000,0,1777225642797000,47.397742,8.545594,-0.033358477,0.00752684,4.033,0.0,0.0,0.0,0.0,0.03,0.66999996,0.0,0.0,0.0,0.0,0.003,-0.007,0.024,0.021960715,0.0,0.0,0.0,0.0,0.0,0.0,0.0,0.0,0.0,0.0,0.0,0.0,inf,inf,inf,inf,inf,1,1,1,1,0,0,0,0,0,0,1,1,0,0,0,0
1777225965125000,0,1777225642797000,47.397742,8.545594,-0.022238987,0.00752684,4.017,0.0,0.0,0.0,0.0,0.03,0.66999996,0.0,0.0,0.0,0.0,0.003,-0.008,0.004,0.02197113,0.0,0.0,0.0,0.0,0.0,0.0,0.0,0.0,0.0,0.0,0.0,0.0,inf,inf,inf,inf,inf,1,1,1,1,0,0,0,0,0,0,1,1,0,0,0,0
1777225965149000,0,1777225642797000,47.397742,8.545594,-0.022238987,0.01505368,4.0010004,0.0,0.0,0.0,0.0,0.03,0.66999996,0.0,0.0,0.0,0.0,0.002,-0.007,0.039,0.021976633,0.0,0.0,0.0,0.0,0.0,0.0,0.0,0.0,0.0,0.0,0.0,0.0,inf,inf,inf,inf,inf,1,1,1,1,0,0,0,0,0,0,1,1,0,0,0,0
1777225965165000,0,1777225642797000,47.397742,8.545594,-0.022238987,0.01505368,3.9900002,0.0,0.0,0.0,0.0,0.03,0.66999996,0.0,0.0,0.0,0.0,0.003,-0.007,0.001,0.02197881,0.0,0.0,0.0,0.0,0.0,0.0,0.0,0.0,0.0,0.0,0.0,0.0,inf,inf,inf,inf,inf,1,1,1,1,0,0,0,0,0,0,1,1,0,0,0,0
1777225965189000,0,1777225642797000,47.397742,8.545594,-0.022238987,0.01505368,3.9740002,0.0,0.0,0.0,0.0,0.03,0.66999996,0.0,0.0,0.0,0.0,0.004,-0.008,0.039,0.02197931,0.0,0.0,0.0,0.0,0.0,0.0,0.0,0.0,0.0,0.0,0.0,0.0,inf,inf,inf,inf,inf,1,1,1,1,0,0,0,0,0,0,1,1,0,0,0,0
1777225965205000,0,1777225642797000,47.397742,8.545594,-0.022238987,0.00752684,3.9630003,0.0,0.0,0.0,0.0,0.03,0.66999996,0.0,0.0,0.0,0.0,0.004,-0.010000001,0.003,0.02197814,0.0,0.0,0.0,0.0,0.0,0.0,0.0,0.0,0.0,0.0,0.0,0.0,inf,inf,inf,inf,inf,1,1,1,1,0,0,0,0,0,0,1,1,0,0,0,0
1777225965229000,0,1777225642797000,47.397742,8.545594,-0.022238987,0.0,3.9470003,0.0,0.0,0.0,0.0,0.03,0.66999996,0.0,0.0,0.0,0.0,0.006,-0.011000001,0.035,0.021976411,0.0,0.0,0.0,0.0,0.0,0.0,0.0,0.0,0.0,0.0,0.0,0.0,inf,inf,inf,inf,inf,1,1,1,1,0,0,0,0,0,0,1,1,0,0,0,0
1777225965245000,0,1777225642797000,47.397742,8.545594,-0.022238987,0.0,3.936,0.0,0.0,0.0,0.0,0.03,0.66999996,0.0,0.0,0.0,0.0,0.008,-0.010000001,0.002,0.021975532,0.0,0.0,0.0,0.0,0.0,0.0,0.0,0.0,0.0,0.0,0.0,0.0,inf,inf,inf,inf,inf,1,1,1,1,0,0,0,0,0,0,1,1,0,0,0,0
1777225965269000,0,1777225642797000,47.397742,8.545594,-0.022238987,0.00752684,3.92,0.0,0.0,0.0,0.0,0.03,0.66999996,0.0,0.0,0.0,0.0,0.007,-0.011000001,0.030000001,0.02197417,0.0,0.0,0.0,0.0,0.0,0.0,0.0,0.0,0.0,0.0,0.0,0.0,inf,inf,inf,inf,inf,1,1,1,1,0,0,0,0,0,0,1,1,0,0,0,0
1777225965285000,0,1777225642797000,47.397742,8.545594,-0.022238987,0.00752684,3.9090002,0.0,0.0,0.0,0.0,0.03,0.66999996,0.0,0.0,0.0,0.0,0.006,-0.010000001,-0.002,0.02197383,0.0,0.0,0.0,0.0,0.0,0.0,0.0,0.0,0.0,0.0,0.0,0.0,inf,inf,inf,inf,inf,1,1,1,1,0,0,0,0,0,0,1,1,0,0,0,0
1777225965309000,0,1777225642797000,47.397742,8.545594,-0.011119492,0.0,3.8930001,0.0,0.0,0.0,0.0,0.03,0.66999996,0.0,0.0,0.0,0.0,0.008,-0.009000001,0.027,0.02197474,0.0,0.0,0.0,0.0,0.0,0.0,0.0,0.0,0.0,0.0,0.0,0.0,inf,inf,inf,inf,inf,1,1,1,1,0,0,0,0,0,0,1,1,0,0,0,0
1777225965325000,0,1777225642797000,47.397742,8.545594,-0.011119492,0.00752684,3.8820002,0.0,0.0,0.0,0.0,0.03,0.66999996,0.0,0.0,0.0,0.0,0.006,-0.010000001,-0.008,0.0219749,0.0,0.0,0.0,0.0,0.0,0.0,0.0,0.0,0.0,0.0,0.0,0.0,inf,inf,inf,inf,inf,1,1,1,1,0,0,0,0,0,0,1,1,0,0,0,0
1777225965341000,0,1777225642797000,47.397742,8.545594,-0.011119492,0.00752684,3.8710003,0.0,0.0,0.0,0.0,0.03,0.66999996,0.0,0.0,0.0,0.0,0.004,-0.009000001,0.008,0.021973701,0.0,0.0,0.0,0.0,0.0,0.0,0.0,0.0,0.0,0.0,0.0,0.0,inf,inf,inf,inf,inf,1,1,1,1,0,0,0,0,0,0,1,1,0,0,0,0
1777225965365000,0,1777225642797000,47.397742,8.545594,-0.011119492,0.0,3.8550003,0.0,0.0,0.0,0.0,0.03,0.66999996,0.0,0.0,0.0,0.0,0.006,-0.008,-0.010000001,0.02196999,0.0,0.0,0.0,0.0,0.0,0.0,0.0,0.0,0.0,0.0,0.0,0.0,inf,inf,inf,inf,inf,1,1,1,1,0,0,0,0,0,0,1,1,0,0,0,0
1777225965381000,0,1777225642797000,47.397742,8.545594,-0.022238987,-0.00752684,3.844,0.0,0.0,0.0,0.0,0.03,0.66999996,0.0,0.0,0.0,0.0,0.0050000004,-0.009000001,0.008,0.02196551,0.0,0.0,0.0,0.0,0.0,0.0,0.0,0.0,0.0,0.0,0.0,0.0,inf,inf,inf,inf,inf,1,1,1,1,0,0,0,0,0,0,1,1,0,0,0,0
1777225965405000,0,1777225642797000,47.397742,8.545594,-0.011119492,0.0,3.828,0.0,0.0,0.0,0.0,0.03,0.66999996,0.0,0.0,0.0,0.0,0.004,-0.008,-0.010000001,0.021957558,0.0,0.0,0.0,0.0,0.0,0.0,0.0,0.0,0.0,0.0,0.0,0.0,inf,inf,inf,inf,inf,1,1,1,1,0,0,0,0,0,0,1,1,0,0,0,0
1777225965421000,0,1777225642797000,47.397742,8.545594,-0.022238987,-0.01505368,3.8170002,0.0,0.0,0.0,0.0,0.03,0.66999996,0.0,0.0,0.0,0.0,0.0050000004,-0.008,0.010000001,0.021952532,0.0,0.0,0.0,0.0,0.0,0.0,0.0,0.0,0.0,0.0,0.0,0.0,inf,inf,inf,inf,inf,1,1,1,1,0,0,0,0,0,0,1,1,0,0,0,0
1777225965445000,0,1777225642797000,47.397742,8.545594,-0.033358477,-0.00752684,3.801,0.0,0.0,0.0,0.0,0.03,0.66999996,0.0,0.0,0.0,0.0,0.004,-0.007,-0.013,0.021944158,0.0,0.0,0.0,0.0,0.0,0.0,0.0,0.0,0.0,0.0,0.0,0.0,inf,inf,inf,inf,inf,1,1,1,1,0,0,0,0,0,0,1,1,0,0,0,0
1777225965469000,0,1777225642797000,47.397742,8.545594,-0.033358477,0.0,3.785,0.0,0.0,0.0,0.0,0.03,0.66999996,0.0,0.0,0.0,0.0,0.002,-0.0050000004,0.024,0.02193433,0.0,0.0,0.0,0.0,0.0,0.0,0.0,0.0,0.0,0.0,0.0,0.0,inf,inf,inf,inf,inf,1,1,1,1,0,0,0,0,0,0,1,1,0,0,0,0
1777225965485000,0,1777225642797000,47.397742,8.545594,-0.022238987,0.00752684,3.7740002,0.0,0.0,0.0,0.0,0.03,0.66999996,0.0,0.0,0.0,0.0,0.003,-0.004,-0.009000001,0.021926733,0.0,0.0,0.0,0.0,0.0,0.0,0.0,0.0,0.0,0.0,0.0,0.0,inf,inf,inf,inf,inf,1,1,1,1,0,0,0,0,0,0,1,1,0,0,0,0
1777225965509000,0,1777225642797000,47.397742,8.545594,-0.011119492,0.00752684,3.7570002,0.0,0.0,0.0,0.0,0.03,0.66999996,0.0,0.0,0.0,0.0,0.002,-0.003,0.015000001,0.021912288,0.0,0.0,0.0,0.0,0.0,0.0,0.0,0.0,0.0,0.0,0.0,0.0,inf,inf,inf,inf,inf,1,1,1,1,0,0,0,0,0,0,1,1,0,0,0,0
1777225965525000,0,1777225642797000,47.397742,8.545594,-0.022238987,0.00752684,3.7470002,0.0,0.0,0.0,0.0,0.03,0.66999996,0.0,0.0,0.0,0.0,0.0,-0.003,-0.011000001,0.021902038,0.0,0.0,0.0,0.0,0.0,0.0,0.0,0.0,0.0,0.0,0.0,0.0,inf,inf,inf,inf,inf,1,1,1,1,0,0,0,0,0,0,1,1,0,0,0,0
1777225965549000,0,1777225642797000,47.397742,8.545594,-0.022238987,0.00752684,3.7300003,0.0,0.0,0.0,0.0,0.03,0.66999996,0.0,0.0,0.0,0.0,0.0,-0.003,0.027,0.021887898,0.0,0.0,0.0,0.0,0.0,0.0,0.0,0.0,0.0,0.0,0.0,0.0,inf,inf,inf,inf,inf,1,1,1,1,0,0,0,0,0,0,1,1,0,0,0,0
1777225965565000,0,1777225642797000,47.397742,8.545594,-0.022238987,0.0,3.719,0.0,0.0,0.0,0.0,0.03,0.66999996,0.0,0.0,0.0,0.0,0.0,-0.004,-0.001,0.02187924,0.0,0.0,0.0,0.0,0.0,0.0,0.0,0.0,0.0,0.0,0.0,0.0,inf,inf,inf,inf,inf,1,1,1,1,0,0,0,0,0,0,1,1,0,0,0,0
1777225965589000,0,1777225642797000,47.397742,8.545594,-0.033358477,0.0,3.703,0.0,0.0,0.0,0.0,0.03,0.66999996,0.0,0.0,0.0,0.0,-0.001,-0.003,0.031000001,0.021869527,0.0,0.0,0.0,0.0,0.0,0.0,0.0,0.0,0.0,0.0,0.0,0.0,inf,inf,inf,inf,inf,1,1,1,1,0,0,0,0,0,0,1,1,0,0,0,0
1777225965605000,0,1777225642797000,47.397742,8.545594,-0.033358477,0.00752684,3.6920002,0.0,0.0,0.0,0.0,0.03,0.66999996,0.0,0.0,0.0,0.0,-0.002,-0.004,0.0,0.02186507,0.0,0.0,0.0,0.0,0.0,0.0,0.0,0.0,0.0,0.0,0.0,0.0,inf,inf,inf,inf,inf,1,1,1,1,0,0,0,0,0,0,1,1,0,0,0,0
1777225965629000,0,1777225642797000,47.397742,8.545594,-0.033358477,-0.00752684,3.676,0.0,0.0,0.0,0.0,0.03,0.68,0.0,0.0,0.0,0.0,-0.004,-0.004,0.035,0.021860957,0.0,0.0,0.0,0.0,0.0,0.0,0.0,0.0,0.0,0.0,0.0,0.0,inf,inf,inf,inf,inf,1,1,1,1,0,0,0,0,0,0,1,1,0,0,0,0
1777225965645000,0,1777225642797000,47.397742,8.545594,-0.022238987,0.0,3.6650002,0.0,0.0,0.0,0.0,0.03,0.68,0.0,0.0,0.0,0.0,-0.004,-0.004,-0.0050000004,0.02186016,0.0,0.0,0.0,0.0,0.0,0.0,0.0,0.0,0.0,0.0,0.0,0.0,inf,inf,inf,inf,inf,1,1,1,1,0,0,0,0,0,0,1,1,0,0,0,0
1777225965669000,0,1777225642797000,47.397742,8.545594,-0.022238987,0.01505368,3.6490002,0.0,0.0,0.0,0.0,0.03,0.68,0.0,0.0,0.0,0.0,-0.003,-0.006,0.032,0.021861974,0.0,0.0,0.0,0.0,0.0,0.0,0.0,0.0,0.0,0.0,0.0,0.0,inf,inf,inf,inf,inf,1,1,1,1,0,0,0,0,0,0,1,1,0,0,0,0
1777225965685000,0,1777225642797000,47.397742,8.545594,-0.033358477,0.01505368,3.6380002,0.0,0.0,0.0,0.0,0.03,0.68,0.0,0.0,0.0,0.0,-0.001,-0.0050000004,-0.001,0.021864565,0.0,0.0,0.0,0.0,0.0,0.0,0.0,0.0,0.0,0.0,0.0,0.0,inf,inf,inf,inf,inf,1,1,1,1,0,0,0,0,0,0,1,1,0,0,0,0
1777225965709000,0,1777225642797000,47.397742,8.545594,-0.033358477,0.00752684,3.6210003,0.0,0.0,0.0,0.0,0.03,0.68,0.0,0.0,0.0,0.0,-0.002,-0.006,0.031000001,0.02187032,0.0,0.0,0.0,0.0,0.0,0.0,0.0,0.0,0.0,0.0,0.0,0.0,inf,inf,inf,inf,inf,1,1,1,1,0,0,0,0,0,0,1,1,0,0,0,0
1777225965725000,0,1777225642797000,47.397742,8.545594,-0.033358477,0.01505368,3.611,0.0,0.0,0.0,0.0,0.03,0.68,0.0,0.0,0.0,0.0,-0.001,-0.0050000004,-0.001,0.021875573,0.0,0.0,0.0,0.0,0.0,0.0,0.0,0.0,0.0,0.0,0.0,0.0,inf,inf,inf,inf,inf,1,1,1,1,0,0,0,0,0,0,1,1,0,0,0,0
1777225965749000,0,1777225642797000,47.397742,8.545594,-0.022238987,0.02258052,3.594,0.0,0.0,0.0,0.0,0.03,0.68,0.0,0.0,0.0,0.0,-0.001,-0.0050000004,0.031000001,0.021884277,0.0,0.0,0.0,0.0,0.0,0.0,0.0,0.0,0.0,0.0,0.0,0.0,inf,inf,inf,inf,inf,1,1,1,1,0,0,0,0,0,0,1,1,0,0,0,0
1777225965765000,0,1777225642797000,47.397742,8.545594,-0.022238987,0.02258052,3.5830002,0.0,0.0,0.0,0.0,0.03,0.68,0.0,0.0,0.0,0.0,-0.002,-0.006,-0.004,0.021892436,0.0,0.0,0.0,0.0,0.0,0.0,0.0,0.0,0.0,0.0,0.0,0.0,inf,inf,inf,inf,inf,1,1,1,1,0,0,0,0,0,0,1,1,0,0,0,0
1777225965789000,0,1777225642797000,47.397742,8.545594,-0.033358477,0.02258052,3.5670002,0.0,0.0,0.0,0.0,0.03,0.68,0.0,0.0,0.0,0.0,-0.003,-0.006,0.033,0.021908797,0.0,0.0,0.0,0.0,0.0,0.0,0.0,0.0,0.0,0.0,0.0,0.0,inf,inf,inf,inf,inf,1,1,1,1,0,0,0,0,0,0,1,1,0,0,0,0
1777225965805000,0,1777225642797000,47.397742,8.545594,-0.04447797,0.02258052,3.5560002,0.0,0.0,0.0,0.0,0.03,0.68,0.0,0.0,0.0,0.0,-0.003,-0.007,-0.003,0.021920612,0.0,0.0,0.0,0.0,0.0,0.0,0.0,0.0,0.0,0.0,0.0,0.0,inf,inf,inf,inf,inf,1,1,1,1,0,0,0,0,0,0,1,1,0,0,0,0
1777225965829000,0,1777225642797000,47.397742,8.545594,-0.04447797,0.03010736,3.5390003,0.0,0.0,0.0,0.0,0.03,0.68,0.0,0.0,0.0,0.0,-0.002,-0.007,0.033,0.021937106,0.0,0.0,0.0,0.0,0.0,0.0,0.0,0.0,0.0,0.0,0.0,0.0,inf,inf,inf,inf,inf,1,1,1,1,0,0,0,0,0,0,1,1,0,0,0,0
1777225965845000,0,1777225642797000,47.397742,8.545594,-0.04447797,0.02258052,3.5290003,0.0,0.0,0.0,0.0,0.03,0.68,0.0,0.0,0.0,0.0,-0.001,-0.008,-0.006,0.02194664,0.0,0.0,0.0,0.0,0.0,0.0,0.0,0.0,0.0,0.0,0.0,0.0,inf,inf,inf,inf,inf,1,1,1,1,0,0,0,0,0,0,1,1,0,0,0,0
1777225965861000,0,1777225642797000,47.397742,8.545594,-0.04447797,0.02258052,3.5180001,0.0,0.0,0.0,0.0,0.03,0.68,0.0,0.0,0.0,0.0,-0.001,-0.009000001,0.016,0.021955652,0.0,0.0,0.0,0.0,0.0,0.0,0.0,0.0,0.0,0.0,0.0,0.0,inf,inf,inf,inf,inf,1,1,1,1,0,0,0,0,0,0,1,1,0,0,0,0
1777225965885000,0,1777225642797000,47.397742,8.545594,-0.033358477,0.03010736,3.5010002,0.0,0.0,0.0,0.0,0.02,0.68,0.0,0.0,0.0,0.0,-0.004,-0.011000001,-0.003,0.021970466,0.0,0.0,0.0,0.0,0.0,0.0,0.0,0.0,0.0,0.0,0.0,0.0,inf,inf,inf,inf,inf,1,1,1,1,0,0,0,0,0,0,1,1,0,0,0,0
1777225965901000,0,1777225642797000,47.397742,8.545594,-0.033358477,0.03010736,3.4900002,0.0,0.0,0.0,0.0,0.02,0.68,0.0,0.0,0.0,0.0,-0.004,-0.011000001,0.014,0.021980852,0.0,0.0,0.0,0.0,0.0,0.0,0.0,0.0,0.0,0.0,0.0,0.0,inf,inf,inf,inf,inf,1,1,1,1,0,0,0,0,0,0,1,1,0,0,0,0
1777225965925000,0,1777225642797000,47.397742,8.545594,-0.04447797,0.0376342,3.4740002,0.0,0.0,0.0,0.0,0.02,0.68,0.0,0.0,0.0,0.0,-0.003,-0.012,-0.0050000004,0.021996776,0.0,0.0,0.0,0.0,0.0,0.0,0.0,0.0,0.0,0.0,0.0,0.0,inf,inf,inf,inf,inf,1,1,1,1,0,0,0,0,0,0,1,1,0,0,0,0
1777225965949000,0,1777225642797000,47.397742,8.545594,-0.04447797,0.0376342,3.4570003,0.0,0.0,0.0,0.0,0.02,0.68,0.0,0.0,0.0,0.0,-0.003,-0.012,0.028,0.022012966,0.0,0.0,0.0,0.0,0.0,0.0,0.0,0.0,0.0,0.0,0.0,0.0,inf,inf,inf,inf,inf,1,1,1,1,0,0,0,0,0,0,1,1,0,0,0,0
1777225965965000,0,1777225642797000,47.397742,8.545594,-0.033358477,0.04516104,3.446,0.0,0.0,0.0,0.0,0.02,0.68,0.0,0.0,0.0,0.0,-0.002,-0.013,-0.004,0.022024408,0.0,0.0,0.0,0.0,0.0,0.0,0.0,0.0,0.0,0.0,0.0,0.0,inf,inf,inf,inf,inf,1,1,1,1,0,0,0,0,0,0,1,1,0,0,0,0
1777225965981000,0,1777225642797000,47.397742,8.545594,-0.022238987,0.0376342,3.4350002,0.0,0.0,0.0,0.0,0.02,0.68,0.0,0.0,0.0,0.0,-0.003,-0.014,0.016,0.022036066,0.0,0.0,0.0,0.0,0.0,0.0,0.0,0.0,0.0,0.0,0.0,0.0,inf,inf,inf,inf,inf,1,1,1,1,0,0,0,0,0,0,1,1,0,0,0,0
1777225966005000,0,1777225642797000,47.397742,8.545594,-0.022238987,0.0376342,3.4190001,0.0,0.0,0.0,0.0,0.02,0.68,0.0,0.0,0.0,0.0,-0.004,-0.014,-0.008,0.02205304,0.0,0.0,0.0,0.0,0.0,0.0,0.0,0.0,0.0,0.0,0.0,0.0,inf,inf,inf,inf,inf,1,1,1,1,0,0,0,0,0,0,1,1,0,0,0,0
1777225966021000,0,1777225642797000,47.397742,8.545594,-0.022238987,0.03010736,3.4080002,0.0,0.0,0.0,0.0,0.02,0.68,0.0,0.0,0.0,0.0,-0.0050000004,-0.015000001,0.013,0.02206414,0.0,0.0,0.0,0.0,0.0,0.0,0.0,0.0,0.0,0.0,0.0,0.0,inf,inf,inf,inf,inf,1,1,1,1,0,0,0,0,0,0,1,1,0,0,0,0
1777225966045000,0,1777225642797000,47.397742,8.545594,-0.033358477,0.04516104,3.3910003,0.0,0.0,0.0,0.0,0.02,0.68,0.0,0.0,0.0,0.0,-0.006,-0.015000001,-0.006,0.0220811,0.0,0.0,0.0,0.0,0.0,0.0,0.0,0.0,0.0,0.0,0.0,0.0,inf,inf,inf,inf,inf,1,1,1,1,0,0,0,0,0,0,1,1,0,0,0,0
1777225966061000,0,1777225642797000,47.397742,8.545594,-0.033358477,0.0376342,3.38,0.0,0.0,0.0,0.0,0.02,0.68,0.0,0.0,0.0,0.0,-0.009000001,-0.016,0.012,0.022092426,0.0,0.0,0.0,0.0,0.0,0.0,0.0,0.0,0.0,0.0,0.0,0.0,inf,inf,inf,inf,inf,1,1,1,1,0,0,0,0,0,0,1,1,0,0,0,0
1777225966085000,0,1777225642797000,47.397742,8.545594,-0.022238987,0.02258052,3.364,0.0,0.0,0.0,0.0,0.02,0.68,0.0,0.0,0.0,0.0,-0.007,-0.015000001,-0.006,0.022110034,0.0,0.0,0.0,0.0,0.0,0.0,0.0,0.0,0.0,0.0,0.0,0.0,inf,inf,inf,inf,inf,1,1,1,1,0,0,0,0,0,0,1,1,0,0,0,0
1777225966109000,0,1777225642797000,47.397742,8.545594,-0.033358477,0.03010736,3.3470001,0.0,0.0,0.0,0.0,0.02,0.68,0.0,0.0,0.0,0.0,-0.009000001,-0.013,0.029000001,0.022128131,0.0,0.0,0.0,0.0,0.0,0.0,0.0,0.0,0.0,0.0,0.0,0.0,inf,inf,inf,inf,inf,1,1,1,1,0,0,0,0,0,0,1,1,0,0,0,0
1777225966125000,0,1777225642797000,47.397742,8.545594,-0.033358477,0.03010736,3.3360002,0.0,0.0,0.0,0.0,0.02,0.68,0.0,0.0,0.0,0.0,-0.009000001,-0.012,-0.004,0.022141866,0.0,0.0,0.0,0.0,0.0,0.0,0.0,0.0,0.0,0.0,0.0,0.0,inf,inf,inf,inf,inf,1,1,1,1,0,0,0,0,0,0,1,1,0,0,0,0
1777225966149000,0,1777225642797000,47.397742,8.545594,-0.04447797,0.02258052,3.3200002,0.0,0.0,0.0,0.0,0.02,0.68,0.0,0.0,0.0,0.0,-0.011000001,-0.015000001,0.022000002,0.02216541,0.0,0.0,0.0,0.0,0.0,0.0,0.0,0.0,0.0,0.0,0.0,0.0,inf,inf,inf,inf,inf,1,1,1,1,0,0,0,0,0,0,1,1,0,0,0,0
1777225966165000,0,1777225642797000,47.397742,8.545594,-0.033358477,0.03010736,3.3090003,0.0,0.0,0.0,0.0,0.02,0.68,0.0,0.0,0.0,0.0,-0.010000001,-0.014,-0.010000001,0.022182276,0.0,0.0,0.0,0.0,0.0,0.0,0.0,0.0,0.0,0.0,0.0,0.0,inf,inf,inf,inf,inf,1,1,1,1,0,0,0,0,0,0,1,1,0,0,0,0
1777225966181000,0,1777225642797000,47.397742,8.545594,-0.033358477,0.03010736,3.298,0.0,0.0,0.0,0.0,0.02,0.68,0.0,0.0,0.0,0.0,-0.010000001,-0.014,0.006,0.022200359,0.0,0.0,0.0,0.0,0.0,0.0,0.0,0.0,0.0,0.0,0.0,0.0,inf,inf,inf,inf,inf,1,1,1,1,0,0,0,0,0,0,1,1,0,0,0,0
1777225966205000,0,1777225642797000,47.397742,8.545594,-0.033358477,0.0376342,3.2810001,0.0,0.0,0.0,0.0,0.02,0.68,0.0,0.0,0.0,0.0,-0.008,-0.012,-0.012,0.022229224,0.0,0.0,0.0,0.0,0.0,0.0,0.0,0.0,0.0,0.0,0.0,0.0,inf,inf,inf,inf,inf,1,1,1,1,0,0,0,0,0,0,1,1,0,0,0,0
1777225966221000,0,1777225642797000,47.397742,8.545594,-0.04447797,0.04516104,3.2700002,0.0,0.0,0.0,0.0,0.02,0.69,0.0,0.0,0.0,0.0,-0.007,-0.012,0.008,0.022248277,0.0,0.0,0.0,0.0,0.0,0.0,0.0,0.0,0.0,0.0,0.0,0.0,inf,inf,inf,inf,inf,1,1,1,1,0,0,0,0,0,0,1,1,0,0,0,0
1777225966245000,0,1777225642797000,47.397742,8.545594,-0.04447797,0.05268788,3.2530003,0.0,0.0,0.0,0.0,0.02,0.69,0.0,0.0,0.0,0.0,-0.008,-0.012,-0.011000001,0.022273665,0.0,0.0,0.0,0.0,0.0,0.0,0.0,0.0,0.0,0.0,0.0,0.0,inf,inf,inf,inf,inf,1,1,1,1,0,0,0,0,0,0,1,1,0,0,0,0
1777225966261000,0,1777225642797000,47.397742,8.545594,-0.033358477,0.04516104,3.242,0.0,0.0,0.0,0.0,0.02,0.69,0.0,0.0,0.0,0.0,-0.007,-0.012,0.006,0.022288911,0.0,0.0,0.0,0.0,0.0,0.0,0.0,0.0,0.0,0.0,0.0,0.0,inf,inf,inf,inf,inf,1,1,1,1,0,0,0,0,0,0,1,1,0,0,0,0
1777225966285000,0,1777225642797000,47.397742,8.545594,-0.033358477,0.04516104,3.226,0.0,0.0,0.0,0.0,0.02,0.69,0.0,0.0,0.0,0.0,-0.006,-0.014,-0.011000001,0.022307068,0.0,0.0,0.0,0.0,0.0,0.0,0.0,0.0,0.0,0.0,0.0,0.0,inf,inf,inf,inf,inf,1,1,1,1,0,0,0,0,0,0,1,1,0,0,0,0
1777225966309000,0,1777225642797000,47.397742,8.545594,-0.033358477,0.05268788,3.209,0.0,0.0,0.0,0.0,0.02,0.69,0.0,0.0,0.0,0.0,-0.0050000004,-0.013,0.024,0.022321219,0.0,0.0,0.0,0.0,0.0,0.0,0.0,0.0,0.0,0.0,0.0,0.0,inf,inf,inf,inf,inf,1,1,1,1,0,0,0,0,0,0,1,1,0,0,0,0
1777225966325000,0,1777225642797000,47.397742,8.545594,-0.033358477,0.04516104,3.1980002,0.0,0.0,0.0,0.0,0.02,0.69,0.0,0.0,0.0,0.0,-0.003,-0.014,-0.008,0.022328595,0.0,0.0,0.0,0.0,0.0,0.0,0.0,0.0,0.0,0.0,0.0,0.0,inf,inf,inf,inf,inf,1,1,1,1,0,0,0,0,0,0,1,1,0,0,0,0
1777225966349000,0,1777225642797000,47.397742,8.545594,-0.033358477,0.04516104,3.1820002,0.0,0.0,0.0,0.0,0.02,0.69,0.0,0.0,0.0,0.0,-0.004,-0.017,0.029000001,0.02233583,0.0,0.0,0.0,0.0,0.0,0.0,0.0,0.0,0.0,0.0,0.0,0.0,inf,inf,inf,inf,inf,1,1,1,1,0,0,0,0,0,0,1,1,0,0,0,0
1777225966365000,0,1777225642797000,47.397742,8.545594,-0.033358477,0.04516104,3.1710002,0.0,0.0,0.0,0.0,0.02,0.69,0.0,0.0,0.0,0.0,-0.001,-0.016,-0.0050000004,0.022339193,0.0,0.0,0.0,0.0,0.0,0.0,0.0,0.0,0.0,0.0,0.0,0.0,inf,inf,inf,inf,inf,1,1,1,1,0,0,0,0,0,0,1,1,0,0,0,0
1777225966389000,0,1777225642797000,47.397742,8.545594,-0.033358477,0.0376342,3.154,0.0,0.0,0.0,0.0,0.02,0.69,0.0,0.0,0.0,0.0,0.0,-0.016,0.030000001,0.022338338,0.0,0.0,0.0,0.0,0.0,0.0,0.0,0.0,0.0,0.0,0.0,0.0,inf,inf,inf,inf,inf,1,1,1,1,0,0,0,0,0,0,1,1,0,0,0,0
1777225966405000,0,1777225642797000,47.397742,8.545594,-0.033358477,0.0376342,3.1430001,0.0,0.0,0.0,0.0,0.02,0.69,0.0,0.0,0.0,0.0,-0.001,-0.016,-0.008,0.022332912,0.0,0.0,0.0,0.0,0.0,0.0,0.0,0.0,0.0,0.0,0.0,0.0,inf,inf,inf,inf,inf,1,1,1,1,0,0,0,0,0,0,1,1,0,0,0,0
1777225966421000,0,1777225642797000,47.397742,8.545594,-0.033358477,0.0376342,3.1320002,0.0,0.0,0.0,0.0,0.02,0.69,0.0,0.0,0.0,0.0,-0.002,-0.016,0.014,0.022324406,0.0,0.0,0.0,0.0,0.0,0.0,0.0,0.0,0.0,0.0,0.0,0.0,inf,inf,inf,inf,inf,1,1,1,1,0,0,0,0,0,0,1,1,0,0,0,0
1777225966445000,0,1777225642797000,47.397742,8.545594,-0.033358477,0.04516104,3.1150002,0.0,0.0,0.0,0.0,0.02,0.69,0.0,0.0,0.0,0.0,0.0,-0.017,0.0,0.0223085,0.0,0.0,0.0,0.0,0.0,0.0,0.0,0.0,0.0,0.0,0.0,0.0,inf,inf,inf,inf,inf,1,1,1,1,0,0,0,0,0,0,1,1,0,0,0,0
1777225966461000,0,1777225642797000,47.397742,8.545594,-0.04447797,0.04516104,3.104,0.0,0.0,0.0,0.0,0.02,0.69,0.0,0.0,0.0,0.0,0.0,-0.017,0.016,0.022295952,0.0,0.0,0.0,0.0,0.0,0.0,0.0,0.0,0.0,0.0,0.0,0.0,inf,inf,inf,inf,inf,1,1,1,1,0,0,0,0,0,0,1,1,0,0,0,0
1777225966485000,0,1777225642797000,47.397742,8.545594,-0.04447797,0.04516104,3.0870001,0.0,0.0,0.0,0.0,0.02,0.69,0.0,0.0,0.0,0.0,0.0,-0.017,-0.004,0.022273414,0.0,0.0,0.0,0.0,0.0,0.0,0.0,0.0,0.0,0.0,0.0,0.0,inf,inf,inf,inf,inf,1,1,1,1,0,0,0,0,0,0,1,1,0,0,0,0
1777225966509000,0,1777225642797000,47.397742,8.545594,-0.033358477,0.04516104,3.071,0.0,0.0,0.0,0.0,0.02,0.69,0.0,0.0,0.0,0.0,0.001,-0.019000001,0.031000001,0.022244187,0.0,0.0,0.0,0.0,0.0,0.0,0.0,0.0,0.0,0.0,0.0,0.0,inf,inf,inf,inf,inf,1,1,1,1,0,0,0,0,0,0,1,1,0,0,0,0
1777225966525000,0,1777225642797000,47.397742,8.545594,-0.033358477,0.04516104,3.0600002,0.0,0.0,0.0,0.0,0.02,0.69,0.0,0.0,0.0,0.0,0.0,-0.019000001,-0.004,0.022219874,0.0,0.0,0.0,0.0,0.0,0.0,0.0,0.0,0.0,0.0,0.0,0.0,inf,inf,inf,inf,inf,1,1,1,1,0,0,0,0,0,0,1,1,0,0,0,0
1777225966549000,0,1777225642797000,47.397742,8.545594,-0.022238987,0.04516104,3.0430002,0.0,0.0,0.0,0.0,0.01,0.69,0.0,0.0,0.0,0.0,0.001,-0.019000001,0.029000001,0.022179155,0.0,0.0,0.0,0.0,0.0,0.0,0.0,0.0,0.0,0.0,0.0,0.0,inf,inf,inf,inf,inf,1,1,1,1,0,0,0,0,0,0,1,1,0,0,0,0
1777225966565000,0,1777225642797000,47.397742,8.545594,-0.022238987,0.0376342,3.032,0.0,0.0,0.0,0.0,0.01,0.69,0.0,0.0,0.0,0.0,0.002,-0.019000001,-0.009000001,0.022150036,0.0,0.0,0.0,0.0,0.0,0.0,0.0,0.0,0.0,0.0,0.0,0.0,inf,inf,inf,inf,inf,1,1,1,1,0,0,0,0,0,0,1,1,0,0,0,0
1777225966589000,0,1777225642797000,47.397742,8.545594,-0.022238987,0.03010736,3.015,0.0,0.0,0.0,0.0,0.01,0.69,0.0,0.0,0.0,0.0,0.0,-0.019000001,0.024,0.022104088,0.0,0.0,0.0,0.0,0.0,0.0,0.0,0.0,0.0,0.0,0.0,0.0,inf,inf,inf,inf,inf,1,1,1,1,0,0,0,0,0,0,1,1,0,0,0,0
1777225966605000,0,1777225642797000,47.397742,8.545594,-0.022238987,0.03010736,3.0040002,0.0,0.0,0.0,0.0,0.01,0.69,0.0,0.0,0.0,0.0,0.0,-0.019000001,-0.009000001,0.022072058,0.0,0.0,0.0,0.0,0.0,0.0,0.0,0.0,0.0,0.0,0.0,0.0,inf,inf,inf,inf,inf,1,1,1,1,0,0,0,0,0,0,1,1,0,0,0,0
1777225966629000,0,1777225642797000,47.397742,8.545594,-0.033358477,0.0376342,2.9870002,0.0,0.0,0.0,0.0,0.01,0.69,0.0,0.0,0.0,0.0,0.002,-0.016,0.025,0.0220216,0.0,0.0,0.0,0.0,0.0,0.0,0.0,0.0,0.0,0.0,0.0,0.0,inf,inf,inf,inf,inf,1,1,1,1,0,0,0,0,0,0,1,1,0,0,0,0
1777225966645000,0,1777225642797000,47.397742,8.545594,-0.033358477,0.03010736,2.976,0.0,0.0,0.0,0.0,0.01,0.69,0.0,0.0,0.0,0.0,0.001,-0.016,-0.014,0.021987263,0.0,0.0,0.0,0.0,0.0,0.0,0.0,0.0,0.0,0.0,0.0,0.0,inf,inf,inf,inf,inf,1,1,1,1,0,0,0,0,0,0,1,1,0,0,0,0
1777225966669000,0,1777225642797000,47.397742,8.545594,-0.011119492,0.0376342,2.96,0.0,0.0,0.0,0.0,0.01,0.69,0.0,0.0,0.0,0.0,0.0,-0.016,0.019000001,0.021934297,0.0,0.0,0.0,0.0,0.0,0.0,0.0,0.0,0.0,0.0,0.0,0.0,inf,inf,inf,inf,inf,1,1,1,1,0,0,0,0,0,0,1,1,0,0,0,0
1777225966685000,0,1777225642797000,47.397742,8.545594,-0.011119492,0.04516104,2.9480002,0.0,0.0,0.0,0.0,0.01,0.69,0.0,0.0,0.0,0.0,0.001,-0.016,-0.017,0.021898419,0.0,0.0,0.0,0.0,0.0,0.0,0.0,0.0,0.0,0.0,0.0,0.0,inf,inf,inf,inf,inf,1,1,1,1,0,0,0,0,0,0,1,1,0,0,0,0
1777225966709000,0,1777225642797000,47.397742,8.545594,-0.022238987,0.0376342,2.9320002,0.0,0.0,0.0,0.0,0.01,0.69,0.0,0.0,0.0,0.0,0.001,-0.015000001,0.020000001,0.021842081,0.0,0.0,0.0,0.0,0.0,0.0,0.0,0.0,0.0,0.0,0.0,0.0,inf,inf,inf,inf,inf,1,1,1,1,0,0,0,0,0,0,1,1,0,0,0,0
1777225966725000,0,1777225642797000,47.397742,8.545594,-0.022238987,0.0376342,2.9210002,0.0,0.0,0.0,0.0,0.01,0.69,0.0,0.0,0.0,0.0,0.001,-0.015000001,-0.016,0.021802573,0.0,0.0,0.0,0.0,0.0,0.0,0.0,0.0,0.0,0.0,0.0,0.0,inf,inf,inf,inf,inf,1,1,1,1,0,0,0,0,0,0,1,1,0,0,0,0
1777225966749000,0,1777225642797000,47.397742,8.545594,-0.011119492,0.04516104,2.904,0.0,0.0,0.0,0.0,0.01,0.69,0.0,0.0,0.0,0.0,0.002,-0.015000001,0.014,0.021737663,0.0,0.0,0.0,0.0,0.0,0.0,0.0,0.0,0.0,0.0,0.0,0.0,inf,inf,inf,inf,inf,1,1,1,1,0,0,0,0,0,0,1,1,0,0,0,0
1777225966765000,0,1777225642797000,47.397742,8.545594,-0.011119492,0.0376342,2.8930001,0.0,0.0,0.0,0.0,0.01,0.69,0.0,0.0,0.0,0.0,0.002,-0.015000001,-0.023000002,0.021690061,0.0,0.0,0.0,0.0,0.0,0.0,0.0,0.0,0.0,0.0,0.0,0.0,inf,inf,inf,inf,inf,1,1,1,1,0,0,0,0,0,0,1,1,0,0,0,0
1777225966789000,0,1777225642797000,47.397742,8.545594,-0.011119492,0.0376342,2.8760002,0.0,0.0,0.0,0.0,0.01,0.69,0.0,0.0,0.0,0.0,0.0,-0.016,0.015000001,0.021614032,0.0,0.0,0.0,0.0,0.0,0.0,0.0,0.0,0.0,0.0,0.0,0.0,inf,inf,inf,inf,inf,1,1,1,1,0,0,0,0,0,0,1,1,0,0,0,0
1777225966805000,0,1777225642797000,47.397742,8.545594,-0.011119492,0.0376342,2.8650002,0.0,0.0,0.0,0.0,0.01,0.69,0.0,0.0,0.0,0.0,0.001,-0.016,-0.019000001,0.021560937,0.0,0.0,0.0,0.0,0.0,0.0,0.0,0.0,0.0,0.0,0.0,0.0,inf,inf,inf,inf,inf,1,1,1,1,0,0,0,0,0,0,1,1,0,0,0,0
1777225966829000,0,1777225642797000,47.397742,8.545594,-0.011119492,0.04516104,2.848,0.0,0.0,0.0,0.0,0.01,0.69,0.0,0.0,0.0,0.0,0.002,-0.016,0.011000001,0.021478798,0.0,0.0,0.0,0.0,0.0,0.0,0.0,0.0,0.0,0.0,0.0,0.0,inf,inf,inf,inf,inf,1,1,1,1,0,0,0,0,0,0,1,1,0,0,0,0
1777225966845000,0,1777225642797000,47.397742,8.545594,-0.011119492,0.0376342,2.8370001,0.0,0.0,0.0,0.0,0.01,0.69,0.0,0.0,0.0,0.0,0.0,-0.016,-0.022000002,0.021422127,0.0,0.0,0.0,0.0,0.0,0.0,0.0,0.0,0.0,0.0,0.0,0.0,inf,inf,inf,inf,inf,1,1,1,1,0,0,0,0,0,0,1,1,0,0,0,0
1777225966861000,0,1777225642797000,47.397742,8.545594,-0.011119492,0.0376342,2.8260002,0.0,0.0,0.0,0.0,0.01,0.69,0.0,0.0,0.0,0.0,0.0,-0.016,0.0,0.021364888,0.0,0.0,0.0,0.0,0.0,0.0,0.0,0.0,0.0,0.0,0.0,0.0,inf,inf,inf,inf,inf,1,1,1,1,0,0,0,0,0,0,1,1,0,0,0,0
1777225966885000,0,1777225642797000,47.397742,8.545594,-0.011119492,0.0376342,2.809,0.0,0.0,0.0,0.0,0.01,0.69,0.0,0.0,0.0,0.0,0.002,-0.015000001,-0.020000001,0.021278823,0.0,0.0,0.0,0.0,0.0,0.0,0.0,0.0,0.0,0.0,0.0,0.0,inf,inf,inf,inf,inf,1,1,1,1,0,0,0,0,0,0,1,1,0,0,0,0
1777225966901000,0,1777225642797000,47.397742,8.545594,-0.022238987,0.04516104,2.798,0.0,0.0,0.0,0.0,0.01,0.69,0.0,0.0,0.0,0.0,0.0,-0.015000001,0.003,0.021222243,0.0,0.0,0.0,0.0,0.0,0.0,0.0,0.0,0.0,0.0,0.0,0.0,inf,inf,inf,inf,inf,1,1,1,1,0,0,0,0,0,0,1,1,0,0,0,0
1777225966925000,0,1777225642797000,47.397742,8.545594,-0.011119492,0.0376342,2.7810001,0.0,0.0,0.0,0.0,0.01,0.69,0.0,0.0,0.0,0.0,0.001,-0.015000001,-0.018000001,0.021139624,0.0,0.0,0.0,0.0,0.0,0.0,0.0,0.0,0.0,0.0,0.0,0.0,inf,inf,inf,inf,inf,1,1,1,1,0,0,0,0,0,0,1,1,0,0,0,0
1777225966941000,0,1777225642797000,47.397742,8.545594,-0.011119492,0.0376342,2.7700002,0.0,0.0,0.0,0.0,0.01,0.69,0.0,0.0,0.0,0.0,0.004,-0.016,-0.006,0.021085242,0.0,0.0,0.0,0.0,0.0,0.0,0.0,0.0,0.0,0.0,0.0,0.0,inf,inf,inf,inf,inf,1,1,1,1,0,0,0,0,0,0,1,1,0,0,0,0
1777225966965000,0,1777225642797000,47.397742,8.545594,-0.011119492,0.05268788,2.753,0.0,0.0,0.0,0.0,0.01,0.69,0.0,0.0,0.0,0.0,0.001,-0.015000001,-0.030000001,0.021003079,0.0,0.0,0.0,0.0,0.0,0.0,0.0,0.0,0.0,0.0,0.0,0.0,inf,inf,inf,inf,inf,1,1,1,1,0,0,0,0,0,0,1,1,0,0,0,0
1777225966981000,0,1777225642797000,47.397742,8.545594,-0.011119492,0.05268788,2.742,0.0,0.0,0.0,0.0,0.01,0.69,0.0,0.0,0.0,0.0,0.001,-0.015000001,-0.010000001,0.020949675,0.0,0.0,0.0,0.0,0.0,0.0,0.0,0.0,0.0,0.0,0.0,0.0,inf,inf,inf,inf,inf,1,1,1,1,0,0,0,0,0,0,1,1,0,0,0,0
1777225967005000,0,1777225642797000,47.397742,8.545594,-0.011119492,0.05268788,2.726,0.0,0.0,0.0,0.0,0.01,0.69,0.0,0.0,0.0,0.0,0.003,-0.013,-0.029000001,0.020872358,0.0,0.0,0.0,0.0,0.0,0.0,0.0,0.0,0.0,0.0,0.0,0.0,inf,inf,inf,inf,inf,1,1,1,1,0,0,0,0,0,0,1,1,0,0,0,0
1777225967021000,0,1777225642797000,47.397742,8.545594,-0.011119492,0.05268788,2.7140002,0.0,0.0,0.0,0.0,0.01,0.69,0.0,0.0,0.0,0.0,0.003,-0.013,-0.007,0.020822821,0.0,0.0,0.0,0.0,0.0,0.0,0.0,0.0,0.0,0.0,0.0,0.0,inf,inf,inf,inf,inf,1,1,1,1,0,0,0,0,0,0,1,1,0,0,0,0
1777225967045000,0,1777225642797000,47.397742,8.545594,0.0,0.04516104,2.6980002,0.0,0.0,0.0,0.0,0.01,0.69,0.0,0.0,0.0,0.0,0.001,-0.014,-0.026,0.020752855,0.0,0.0,0.0,0.0,0.0,0.0,0.0,0.0,0.0,0.0,0.0,0.0,inf,inf,inf,inf,inf,1,1,1,1,0,0,0,0,0,0,1,1,0,0,0,0
1777225967069000,0,1777225642797000,47.397742,8.545594,0.0,0.04516104,2.6810002,0.0,0.0,0.0,0.0,0.01,0.69,0.0,0.0,0.0,0.0,0.0,-0.013,0.008,0.020688027,0.0,0.0,0.0,0.0,0.0,0.0,0.0,0.0,0.0,0.0,0.0,0.0,inf,inf,inf,inf,inf,1,1,1,1,0,0,0,0,0,0,1,1,0,0,0,0
1777225967085000,0,1777225642797000,47.397742,8.545594,-0.011119492,0.0376342,2.67,0.0,0.0,0.0,0.0,0.01,0.69,0.0,0.0,0.0,0.0,-0.001,-0.012,-0.020000001,0.020648008,0.0,0.0,0.0,0.0,0.0,0.0,0.0,0.0,0.0,0.0,0.0,0.0,inf,inf,inf,inf,inf,1,1,1,1,0,0,0,0,0,0,1,1,0,0,0,0
1777225967109000,0,1777225642797000,47.397742,8.545594,-0.011119492,0.04516104,2.653,0.0,0.0,0.0,0.0,0.01,0.69,0.0,0.0,0.0,0.0,-0.002,-0.013,0.016,0.02059409,0.0,0.0,0.0,0.0,0.0,0.0,0.0,0.0,0.0,0.0,0.0,0.0,inf,inf,inf,inf,inf,1,1,1,1,0,0,0,0,0,0,1,1,0,0,0,0
1777225967125000,0,1777225642797000,47.397742,8.545594,-0.022238985,0.05268788,2.6420002,0.0,0.0,0.0,0.0,0.01,0.69,0.0,0.0,0.0,0.0,-0.003,-0.013,-0.019000001,0.02056364,0.0,0.0,0.0,0.0,0.0,0.0,0.0,0.0,0.0,0.0,0.0,0.0,inf,inf,inf,inf,inf,1,1,1,1,0,0,0,0,0,0,1,1,0,0,0,0
1777225967149000,0,1777225642797000,47.397742,8.545594,-0.022238987,0.04516104,2.6250002,0.0,0.0,0.0,0.0,0.01,0.69,0.0,0.0,0.0,0.0,-0.003,-0.012,0.016,0.020525878,0.0,0.0,0.0,0.0,0.0,0.0,0.0,0.0,0.0,0.0,0.0,0.0,inf,inf,inf,inf,inf,1,1,1,1,0,0,0,0,0,0,1,1,0,0,0,0
1777225967165000,0,1777225642797000,47.397742,8.545594,-0.022238987,0.04516104,2.614,0.0,0.0,0.0,0.0,0.01,0.69,0.0,0.0,0.0,0.0,-0.002,-0.012,-0.016,0.020506136,0.0,0.0,0.0,0.0,0.0,0.0,0.0,0.0,0.0,0.0,0.0,0.0,inf,inf,inf,inf,inf,1,1,1,1,0,0,0,0,0,0,1,1,0,0,0,0
1777225967189000,0,1777225642797000,47.397742,8.545594,-0.033358477,0.04516104,2.598,0.0,0.0,0.0,0.0,0.01,0.69,0.0,0.0,0.0,0.0,0.0,-0.012,0.018000001,0.02048416,0.0,0.0,0.0,0.0,0.0,0.0,0.0,0.0,0.0,0.0,0.0,0.0,inf,inf,inf,inf,inf,1,1,1,1,0,0,0,0,0,0,1,1,0,0,0,0
1777225967205000,0,1777225642797000,47.397742,8.545594,-0.033358477,0.04516104,2.5860002,0.0,0.0,0.0,0.0,0.0,0.69,0.0,0.0,0.0,0.0,-0.001,-0.011000001,-0.019000001,0.020474859,0.0,0.0,0.0,0.0,0.0,0.0,0.0,0.0,0.0,0.0,0.0,0.0,inf,inf,inf,inf,inf,1,1,1,1,0,0,0,0,0,0,1,1,0,0,0,0
1777225967229000,0,1777225642797000,47.397742,8.545594,-0.033358477,0.04516104,2.5700002,0.0,0.0,0.0,0.0,0.0,0.69,0.0,0.0,0.0,0.0,-0.002,-0.014,0.016,0.020467492,0.0,0.0,0.0,0.0,0.0,0.0,0.0,0.0,0.0,0.0,0.0,0.0,inf,inf,inf,inf,inf,1,1,1,1,0,0,0,0,0,0,1,1,0,0,0,0
1777225967245000,0,1777225642797000,47.397742,8.545594,-0.033358477,0.0376342,2.559,0.0,0.0,0.0,0.0,0.0,0.69,0.0,0.0,0.0,0.0,-0.003,-0.015000001,-0.020000001,0.020469163,0.0,0.0,0.0,0.0,0.0,0.0,0.0,0.0,0.0,0.0,0.0,0.0,inf,inf,inf,inf,inf,1,1,1,1,0,0,0,0,0,0,1,1,0,0,0,0
1777225967261000,0,1777225642797000,47.397742,8.545594,-0.033358477,0.0376342,2.548,0.0,0.0,0.0,0.0,0.0,0.69,0.0,0.0,0.0,0.0,-0.001,-0.014,0.001,0.02047646,0.0,0.0,0.0,0.0,0.0,0.0,0.0,0.0,0.0,0.0,0.0,0.0,inf,inf,inf,inf,inf,1,1,1,1,0,0,0,0,0,0,1,1,0,0,0,0
1777225967285000,0,1777225642797000,47.397742,8.545594,-0.033358477,0.0376342,2.5310001,0.0,0.0,0.0,0.0,0.0,0.69,0.0,0.0,0.0,0.0,0.0,-0.016,-0.025,0.020493558,0.0,0.0,0.0,0.0,0.0,0.0,0.0,0.0,0.0,0.0,0.0,0.0,inf,inf,inf,inf,inf,1,1,1,1,0,0,0,0,0,0,1,1,0,0,0,0
1777225967301000,0,1777225642797000,47.397742,8.545594,-0.033358477,0.04516104,2.5200002,0.0,0.0,0.0,0.0,0.0,0.69,0.0,0.0,0.0,0.0,0.0,-0.016,-0.007,0.020508444,0.0,0.0,0.0,0.0,0.0,0.0,0.0,0.0,0.0,0.0,0.0,0.0,inf,inf,inf,inf,inf,1,1,1,1,0,0,0,0,0,0,1,1,0,0,0,0
1777225967325000,0,1777225642797000,47.397742,8.545594,-0.04447797,0.03010736,2.503,0.0,0.0,0.0,0.0,0.0,0.69,0.0,0.0,0.0,0.0,-0.002,-0.018000001,-0.024,0.020535352,0.0,0.0,0.0,0.0,0.0,0.0,0.0,0.0,0.0,0.0,0.0,0.0,inf,inf,inf,inf,inf,1,1,1,1,0,0,0,0,0,0,1,1,0,0,0,0
1777225967349000,0,1777225642797000,47.397742,8.545594,-0.033358477,0.0376342,2.486,0.0,0.0,0.0,0.0,0.0,0.69,0.0,0.0,0.0,0.0,-0.002,-0.018000001,0.009000001,0.020567393,0.0,0.0,0.0,0.0,0.0,0.0,0.0,0.0,0.0,0.0,0.0,0.0,inf,inf,inf,inf,inf,1,1,1,1,0,0,0,0,0,0,1,1,0,0,0,0
1777225967365000,0,1777225642797000,47.397742,8.545594,-0.033358477,0.0376342,2.4750001,0.0,0.0,0.0,0.0,0.0,0.69,0.0,0.0,0.0,0.0,-0.002,-0.017,-0.025,0.020591334,0.0,0.0,0.0,0.0,0.0,0.0,0.0,0.0,0.0,0.0,0.0,0.0,inf,inf,inf,inf,inf,1,1,1,1,0,0,0,0,0,0,1,1,0,0,0,0
1777225967389000,0,1777225642797000,47.397742,8.545594,-0.033358477,0.04516104,2.4580002,0.0,0.0,0.0,0.0,0.0,0.69,0.0,0.0,0.0,0.0,-0.001,-0.018000001,0.007,0.020632844,0.0,0.0,0.0,0.0,0.0,0.0,0.0,0.0,0.0,0.0,0.0,0.0,inf,inf,inf,inf,inf,1,1,1,1,0,0,0,0,0,0,1,1,0,0,0,0
1777225967405000,0,1777225642797000,47.397742,8.545594,-0.033358477,0.05268788,2.447,0.0,0.0,0.0,0.0,0.0,0.69,0.0,0.0,0.0,0.0,-0.001,-0.021000002,-0.029000001,0.020664068,0.0,0.0,0.0,0.0,0.0,0.0,0.0,0.0,0.0,0.0,0.0,0.0,inf,inf,inf,inf,inf,1,1,1,1,0,0,0,0,0,0,1,1,0,0,0,0
1777225967429000,0,1777225642797000,47.397742,8.545594,-0.033358477,0.06021472,2.4310002,0.0,0.0,0.0,0.0,0.0,0.69,0.0,0.0,0.0,0.0,0.0,-0.019000001,0.006,0.020714104,0.0,0.0,0.0,0.0,0.0,0.0,0.0,0.0,0.0,0.0,0.0,0.0,inf,inf,inf,inf,inf,1,1,1,1,0,0,0,0,0,0,1,1,0,0,0,0
1777225967445000,0,1777225642797000,47.397742,8.545594,-0.022238985,0.06021472,2.42,0.0,0.0,0.0,0.0,0.0,0.69,0.0,0.0,0.0,0.0,0.0,-0.020000001,-0.029000001,0.02075079,0.0,0.0,0.0,0.0,0.0,0.0,0.0,0.0,0.0,0.0,0.0,0.0,inf,inf,inf,inf,inf,1,1,1,1,0,0,0,0,0,0,1,1,0,0,0,0
1777225967461000,0,1777225642797000,47.397742,8.545594,-0.022238985,0.06021472,2.4080002,0.0,0.0,0.0,0.0,0.0,0.69,0.0,0.0,0.0,0.0,0.0,-0.020000001,-0.001,0.020789351,0.0,0.0,0.0,0.0,0.0,0.0,0.0,0.0,0.0,0.0,0.0,0.0,inf,inf,inf,inf,inf,1,1,1,1,0,0,0,0,0,0,1,1,0,0,0,0
1777225967485000,0,1777225642797000,47.397742,8.545594,-0.022238985,0.06021472,2.3920002,0.0,0.0,0.0,0.0,0.0,0.69,0.0,0.0,0.0,0.0,0.001,-0.021000002,-0.026,0.020850327,0.0,0.0,0.0,0.0,0.0,0.0,0.0,0.0,0.0,0.0,0.0,0.0,inf,inf,inf,inf,inf,1,1,1,1,0,0,0,0,0,0,1,1,0,0,0,0
1777225967501000,0,1777225642797000,47.397742,8.545594,-0.022238985,0.05268788,2.381,0.0,0.0,0.0,0.0,0.0,0.69,0.0,0.0,0.0,0.0,0.0,-0.021000002,-0.004,0.020893324,0.0,0.0,0.0,0.0,0.0,0.0,0.0,0.0,0.0,0.0,0.0,0.0,inf,inf,inf,inf,inf,1,1,1,1,0,0,0,0,0,0,1,1,0,0,0,0
1777225967525000,0,1777225642797000,47.397742,8.545594,-0.022238985,0.05268788,2.364,0.0,0.0,0.0,0.0,0.0,0.69,0.0,0.0,0.0,0.0,-0.001,-0.021000002,-0.031000001,0.02096139,0.0,0.0,0.0,0.0,0.0,0.0,0.0,0.0,0.0,0.0,0.0,0.0,inf,inf,inf,inf,inf,1,1,1,1,0,0,0,0,0,0,1,1,0,0,0,0
1777225967549000,0,1777225642797000,47.397742,8.545594,-0.033358477,0.05268788,2.3470001,0.0,0.0,0.0,0.0,0.0,0.69,0.0,0.0,0.0,0.0,0.0,-0.021000002,0.008,0.021030728,0.0,0.0,0.0,0.0,0.0,0.0,0.0,0.0,0.0,0.0,0.0,0.0,inf,inf,inf,inf,inf,1,1,1,1,0,0,0,0,0,0,1,1,0,0,0,0
1777225967565000,0,1777225642797000,47.397742,8.545594,-0.033358477,0.05268788,2.3360002,0.0,0.0,0.0,0.0,0.0,0.69,0.0,0.0,0.0,0.0,-0.001,-0.020000001,-0.031000001,0.021077305,0.0,0.0,0.0,0.0,0.0,0.0,0.0,0.0,0.0,0.0,0.0,0.0,inf,inf,inf,inf,inf,1,1,1,1,0,0,0,0,0,0,1,1,0,0,0,0
1777225967589000,0,1777225642797000,47.397742,8.545594,-0.033358477,0.04516104,2.3200002,0.0,0.0,0.0,0.0,0.0,0.69,0.0,0.0,0.0,0.0,0.0,-0.020000001,0.008,0.021148756,0.0,0.0,0.0,0.0,0.0,0.0,0.0,0.0,0.0,0.0,0.0,0.0,inf,inf,inf,inf,inf,1,1,1,1,0,0,0,0,0,0,1,1,0,0,0,0
1777225967605000,0,1777225642797000,47.397742,8.545594,-0.022238985,0.05268788,2.308,0.0,0.0,0.0,0.0,0.0,0.69,0.0,0.0,0.0,0.0,0.0,-0.019000001,-0.028,0.021198528,0.0,0.0,0.0,0.0,0.0,0.0,0.0,0.0,0.0,0.0,0.0,0.0,inf,inf,inf,inf,inf,1,1,1,1,0,0,0,0,0,0,1,1,0,0,0,0
1777225967629000,0,1777225642797000,47.397742,8.545594,-0.033358477,0.04516104,2.292,0.0,0.0,0.0,0.0,0.0,0.69,0.0,0.0,0.0,0.0,0.0,-0.016,0.010000001,0.021276351,0.0,0.0,0.0,0.0,0.0,0.0,0.0,0.0,0.0,0.0,0.0,0.0,inf,inf,inf,inf,inf,1,1,1,1,0,0,0,0,0,0,1,1,0,0,0,0
1777225967645000,0,1777225642797000,47.397742,8.545594,-0.022238987,0.04516104,2.2810001,0.0,0.0,0.0,0.0,0.0,0.69,0.0,0.0,0.0,0.0,0.001,-0.015000001,-0.023000002,0.02132912,0.0,0.0,0.0,0.0,0.0,0.0,0.0,0.0,0.0,0.0,0.0,0.0,inf,inf,inf,inf,inf,1,1,1,1,0,0,0,0,0,0,1,1,0,0,0,0
1777225967669000,0,1777225642797000,47.397742,8.545594,-0.022238987,0.04516104,2.2640002,0.0,0.0,0.0,0.0,0.0,0.69,0.0,0.0,0.0,0.0,0.002,-0.013,0.007,0.021405049,0.0,0.0,0.0,0.0,0.0,0.0,0.0,0.0,0.0,0.0,0.0,0.0,inf,inf,inf,inf,inf,1,1,1,1,0,0,0,0,0,0,1,1,0,0,0,0
1777225967685000,0,1777225642797000,47.397742,8.545594,-0.022238987,0.04516104,2.253,0.0,0.0,0.0,0.0,0.0,0.69,0.0,0.0,0.0,0.0,0.001,-0.013,-0.024,0.021453235,0.0,0.0,0.0,0.0,0.0,0.0,0.0,0.0,0.0,0.0,0.0,0.0,inf,inf,inf,inf,inf,1,1,1,1,0,0,0,0,0,0,1,1,0,0,0,0
1777225967709000,0,1777225642797000,47.397742,8.545594,-0.011119492,0.05268788,2.236,0.0,0.0,0.0,0.0,0.0,0.69,0.0,0.0,0.0,0.0,0.0,-0.014,0.014,0.02152645,0.0,0.0,0.0,0.0,0.0,0.0,0.0,0.0,0.0,0.0,0.0,0.0,inf,inf,inf,inf,inf,1,1,1,1,0,0,0,0,0,0,1,1,0,0,0,0
1777225967725000,0,1777225642797000,47.397742,8.545594,-0.011119492,0.05268788,2.2250001,0.0,0.0,0.0,0.0,0.0,0.69,0.0,0.0,0.0,0.0,0.001,-0.015000001,-0.020000001,0.021575477,0.0,0.0,0.0,0.0,0.0,0.0,0.0,0.0,0.0,0.0,0.0,0.0,inf,inf,inf,inf,inf,1,1,1,1,0,0,0,0,0,0,1,1,0,0,0,0
1777225967749000,0,1777225642797000,47.397742,8.545594,-0.022238985,0.05268788,2.209,0.0,0.0,0.0,0.0,0.0,0.69,0.0,0.0,0.0,0.0,0.002,-0.013,0.018000001,0.02164797,0.0,0.0,0.0,0.0,0.0,0.0,0.0,0.0,0.0,0.0,0.0,0.0,inf,inf,inf,inf,inf,1,1,1,1,0,0,0,0,0,0,1,1,0,0,0,0
1777225967765000,0,1777225642797000,47.397742,8.545594,-0.022238987,0.04516104,2.197,0.0,0.0,0.0,0.0,0.0,0.69,0.0,0.0,0.0,0.0,0.002,-0.013,-0.016,0.021695854,0.0,0.0,0.0,0.0,0.0,0.0,0.0,0.0,0.0,0.0,0.0,0.0,inf,inf,inf,inf,inf,1,1,1,1,0,0,0,0,0,0,1,1,0,0,0,0
1777225967781000,0,1777225642797000,47.397742,8.545594,-0.022238985,0.05268788,2.186,0.0,0.0,0.0,0.0,0.0,0.69,0.0,0.0,0.0,0.0,0.001,-0.014,0.002,0.021743286,0.0,0.0,0.0,0.0,0.0,0.0,0.0,0.0,0.0,0.0,0.0,0.0,inf,inf,inf,inf,inf,1,1,1,1,0,0,0,0,0,0,1,1,0,0,0,0
1777225967805000,0,1777225642797000,47.397742,8.545594,-0.011119492,0.05268788,2.17,0.0,0.0,0.0,0.0,0.0,0.69,0.0,0.0,0.0,0.0,0.0,-0.014,-0.013,0.021813316,0.0,0.0,0.0,0.0,0.0,0.0,0.0,0.0,0.0,0.0,0.0,0.0,inf,inf,inf,inf,inf,1,1,1,1,0,0,0,0,0,0,1,1,0,0,0,0
1777225967829000,0,1777225642797000,47.397742,8.545594,-0.011119492,0.05268788,2.153,0.0,0.0,0.0,0.0,0.0,0.69,0.0,0.0,0.0,0.0,0.0,-0.014,0.025,0.021881435,0.0,0.0,0.0,0.0,0.0,0.0,0.0,0.0,0.0,0.0,0.0,0.0,inf,inf,inf,inf,inf,1,1,1,1,0,0,0,0,0,0,1,1,0,0,0,0
1777225967845000,0,1777225642797000,47.397742,8.545594,-0.011119492,0.05268788,2.1420002,0.0,0.0,0.0,0.0,0.0,0.69,0.0,0.0,0.0,0.0,0.0,-0.015000001,-0.006,0.021924824,0.0,0.0,0.0,0.0,0.0,0.0,0.0,0.0,0.0,0.0,0.0,0.0,inf,inf,inf,inf,inf,1,1,1,1,0,0,0,0,0,0,1,1,0,0,0,0
1777225967861000,0,1777225642797000,47.397742,8.545594,-0.011119492,0.06021472,2.131,0.0,0.0,0.0,0.0,0.0,0.69,0.0,0.0,0.0,0.0,0.0,-0.015000001,0.010000001,0.021965772,0.0,0.0,0.0,0.0,0.0,0.0,0.0,0.0,0.0,0.0,0.0,0.0,inf,inf,inf,inf,inf,1,1,1,1,0,0,0,0,0,0,1,1,0,0,0,0
1777225967885000,0,1777225642797000,47.397742,8.545594,-0.011119492,0.06774156,2.114,0.0,0.0,0.0,0.0,0.0,0.69,0.0,0.0,0.0,0.0,0.0,-0.016,-0.0050000004,0.022021458,0.0,0.0,0.0,0.0,0.0,0.0,0.0,0.0,0.0,0.0,0.0,0.0,inf,inf,inf,inf,inf,1,1,1,1,0,0,0,0,0,0,1,1,0,0,0,0
1777225967901000,0,1777225642797000,47.397742,8.545594,-0.022238985,0.06774156,2.1030002,0.0,0.0,0.0,0.0,0.0,0.69,0.0,0.0,0.0,0.0,0.0,-0.018000001,0.009000001,0.022056038,0.0,0.0,0.0,0.0,0.0,0.0,0.0,0.0,0.0,0.0,0.0,0.0,inf,inf,inf,inf,inf,1,1,1,1,0,0,0,0,0,0,1,1,0,0,0,0
1777225967925000,0,1777225642797000,47.397742,8.545594,-0.033358477,0.06774156,2.0860002,0.0,0.0,0.0,0.0,0.0,0.69,0.0,0.0,0.0,0.0,0.003,-0.019000001,-0.0050000004,0.022104342,0.0,0.0,0.0,0.0,0.0,0.0,0.0,0.0,0.0,0.0,0.0,0.0,inf,inf,inf,inf,inf,1,1,1,1,0,0,0,0,0,0,1,1,0,0,0,0
1777225967949000,0,1777225642797000,47.397742,8.545594,-0.033358477,0.06774156,2.0700002,0.0,0.0,0.0,0.0,0.0,0.69,0.0,0.0,0.0,0.0,0.004,-0.018000001,0.027,0.022145651,0.0,0.0,0.0,0.0,0.0,0.0,0.0,0.0,0.0,0.0,0.0,0.0,inf,inf,inf,inf,inf,1,1,1,1,0,0,0,0,0,0,1,1,0,0,0,0
1777225967965000,0,1777225642797000,47.397742,8.545594,-0.033358477,0.06774156,2.058,0.0,0.0,0.0,0.0,0.0,0.69,0.0,0.0,0.0,0.0,0.003,-0.019000001,-0.008,0.022170994,0.0,0.0,0.0,0.0,0.0,0.0,0.0,0.0,0.0,0.0,0.0,0.0,inf,inf,inf,inf,inf,1,1,1,1,0,0,0,0,0,0,1,1,0,0,0,0
1777225967981000,0,1777225642797000,47.397742,8.545594,-0.033358477,0.06021472,2.0470002,0.0,0.0,0.0,0.0,0.0,0.69,0.0,0.0,0.0,0.0,0.0050000004,-0.019000001,0.009000001,0.02219525,0.0,0.0,0.0,0.0,0.0,0.0,0.0,0.0,0.0,0.0,0.0,0.0,inf,inf,inf,inf,inf,1,1,1,1,0,0,0,0,0,0,1,1,0,0,0,0
1777225968005000,0,1777225642797000,47.397742,8.545594,-0.033358477,0.06774156,2.0310001,0.0,0.0,0.0,0.0,0.0,0.69,0.0,0.0,0.0,0.0,0.006,-0.018000001,-0.006,0.022227313,0.0,0.0,0.0,0.0,0.0,0.0,0.0,0.0,0.0,0.0,0.0,0.0,inf,inf,inf,inf,inf,1,1,1,1,0,0,0,0,0,0,1,1,0,0,0,0
1777225968029000,0,1777225642797000,47.397742,8.545594,-0.033358477,0.06774156,2.0140002,0.0,0.0,0.0,0.0,0.0,0.69,0.0,0.0,0.0,0.0,0.007,-0.018000001,0.020000001,0.022253156,0.0,0.0,0.0,0.0,0.0,0.0,0.0,0.0,0.0,0.0,0.0,0.0,inf,inf,inf,inf,inf,1,1,1,1,0,0,0,0,0,0,1,1,0,0,0,0
1777225968045000,0,1777225642797000,47.397742,8.545594,-0.033358477,0.0752684,2.003,0.0,0.0,0.0,0.0,0.0,0.69,0.0,0.0,0.0,0.0,0.006,-0.019000001,-0.010000001,0.022265702,0.0,0.0,0.0,0.0,0.0,0.0,0.0,0.0,0.0,0.0,0.0,0.0,inf,inf,inf,inf,inf,1,1,1,1,0,0,0,0,0,0,1,1,0,0,0,0
1777225968061000,0,1777225642797000,47.397742,8.545594,-0.033358477,0.0752684,1.9920001,0.0,0.0,0.0,0.0,0.0,0.69,0.0,0.0,0.0,0.0,0.006,-0.019000001,0.003,0.022274269,0.0,0.0,0.0,0.0,0.0,0.0,0.0,0.0,0.0,0.0,0.0,0.0,inf,inf,inf,inf,inf,1,1,1,1,0,0,0,0,0,0,1,1,0,0,0,0
1777225968085000,0,1777225642797000,47.397742,8.545594,-0.033358477,0.08279524,1.9750001,0.0,0.0,0.0,0.0,0.0,0.69,0.0,0.0,0.0,0.0,0.008,-0.019000001,-0.013,0.022278568,0.0,0.0,0.0,0.0,0.0,0.0,0.0,0.0,0.0,0.0,0.0,0.0,inf,inf,inf,inf,inf,1,1,1,1,0,0,0,0,0,0,1,1,0,0,0,0
1777225968109000,0,1777225642797000,47.397742,8.545594,-0.033358477,0.08279524,1.9580001,0.0,0.0,0.0,0.0,0.0,0.69,0.0,0.0,0.0,0.0,0.007,-0.019000001,0.022000002,0.022274487,0.0,0.0,0.0,0.0,0.0,0.0,0.0,0.0,0.0,0.0,0.0,0.0,inf,inf,inf,inf,inf,1,1,1,1,0,0,0,0,0,0,1,1,0,0,0,0
1777225968125000,0,1777225642797000,47.397742,8.545594,-0.033358477,0.08279524,1.9470001,0.0,0.0,0.0,0.0,0.0,0.69,0.0,0.0,0.0,0.0,0.007,-0.017,-0.017,0.022269156,0.0,0.0,0.0,0.0,0.0,0.0,0.0,0.0,0.0,0.0,0.0,0.0,inf,inf,inf,inf,inf,1,1,1,1,0,0,0,0,0,0,1,1,0,0,0,0
1777225968149000,0,1777225642797000,47.397742,8.545594,-0.033358477,0.0752684,1.9300001,0.0,0.0,0.0,0.0,0.0,0.69,0.0,0.0,0.0,0.0,0.006,-0.019000001,0.022000002,0.022259463,0.0,0.0,0.0,0.0,0.0,0.0,0.0,0.0,0.0,0.0,0.0,0.0,inf,inf,inf,inf,inf,1,1,1,1,0,0,0,0,0,0,1,1,0,0,0,0
1777225968165000,0,1777225642797000,47.397742,8.545594,-0.033358477,0.0752684,1.9190001,0.0,0.0,0.0,0.0,0.0,0.69,0.0,0.0,0.0,0.0,0.008,-0.018000001,-0.014,0.02225291,0.0,0.0,0.0,0.0,0.0,0.0,0.0,0.0,0.0,0.0,0.0,0.0,inf,inf,inf,inf,inf,1,1,1,1,0,0,0,0,0,0,1,1,0,0,0,0
1777225968189000,0,1777225642797000,47.397742,8.545594,-0.022238985,0.0752684,1.9020001,0.0,0.0,0.0,0.0,0.0,0.69,0.0,0.0,0.0,0.0,0.008,-0.018000001,0.027,0.02224335,0.0,0.0,0.0,0.0,0.0,0.0,0.0,0.0,0.0,0.0,0.0,0.0,inf,inf,inf,inf,inf,1,1,1,1,0,0,0,0,0,0,1,1,0,0,0,0
1777225968205000,0,1777225642797000,47.397742,8.545594,-0.033358477,0.0752684,1.891,0.0,0.0,0.0,0.0,0.0,0.69,0.0,0.0,0.0,0.0,0.008,-0.020000001,-0.013,0.022236973,0.0,0.0,0.0,0.0,0.0,0.0,0.0,0.0,0.0,0.0,0.0,0.0,inf,inf,inf,inf,inf,1,1,1,1,0,0,0,0,0,0,1,1,0,0,0,0
1777225968229000,0,1777225642797000,47.397742,8.545594,-0.033358477,0.0752684,1.8740001,0.0,0.0,0.0,0.0,0.0,0.69,0.0,0.0,0.0,0.0,0.008,-0.021000002,0.018000001,0.022224154,0.0,0.0,0.0,0.0,0.0,0.0,0.0,0.0,0.0,0.0,0.0,0.0,inf,inf,inf,inf,inf,1,1,1,1,0,0,0,0,0,0,1,1,0,0,0,0
1777225968245000,0,1777225642797000,47.397742,8.545594,-0.022238985,0.0752684,1.863,0.0,0.0,0.0,0.0,0.0,0.69,0.0,0.0,0.0,0.0,0.010000001,-0.020000001,-0.019000001,0.022212535,0.0,0.0,0.0,0.0,0.0,0.0,0.0,0.0,0.0,0.0,0.0,0.0,inf,inf,inf,inf,inf,1,1,1,1,0,0,0,0,0,0,1,1,0,0,0,0
1777225968269000,0,1777225642797000,47.397742,8.545594,-0.022238985,0.0752684,1.8460001,0.0,0.0,0.0,0.0,0.0,0.69,0.0,0.0,0.0,0.0,0.011000001,-0.020000001,0.019000001,0.02219219,0.0,0.0,0.0,0.0,0.0,0.0,0.0,0.0,0.0,0.0,0.0,0.0,inf,inf,inf,inf,inf,1,1,1,1,0,0,0,0,0,0,1,1,0,0,0,0
1777225968285000,0,1777225642797000,47.397742,8.545594,-0.022238985,0.06774156,1.835,0.0,0.0,0.0,0.0,0.0,0.69,0.0,0.0,0.0,0.0,0.010000001,-0.021000002,-0.018000001,0.022177756,0.0,0.0,0.0,0.0,0.0,0.0,0.0,0.0,0.0,0.0,0.0,0.0,inf,inf,inf,inf,inf,1,1,1,1,0,0,0,0,0,0,1,1,0,0,0,0
1777225968309000,0,1777225642797000,47.397742,8.545594,-0.022238985,0.06021472,1.8190001,0.0,0.0,0.0,0.0,0.0,0.69,0.0,0.0,0.0,0.0,0.010000001,-0.021000002,0.015000001,0.022155367,0.0,0.0,0.0,0.0,0.0,0.0,0.0,0.0,0.0,0.0,0.0,0.0,inf,inf,inf,inf,inf,1,1,1,1,0,0,0,0,0,0,1,1,0,0,0,0
1777225968325000,0,1777225642797000,47.397742,8.545594,-0.022238985,0.06021472,1.807,0.0,0.0,0.0,0.0,-0.01,0.69,0.0,0.0,0.0,0.0,0.010000001,-0.021000002,-0.017,0.022140773,0.0,0.0,0.0,0.0,0.0,0.0,0.0,0.0,0.0,0.0,0.0,0.0,inf,inf,inf,inf,inf,1,1,1,1,0,0,0,0,0,0,1,1,0,0,0,0
1777225968349000,0,1777225642797000,47.397742,8.545594,-0.022238985,0.05268788,1.7910001,0.0,0.0,0.0,0.0,-0.01,0.69,0.0,0.0,0.0,0.0,0.009000001,-0.021000002,0.011000001,0.02211892,0.0,0.0,0.0,0.0,0.0,0.0,0.0,0.0,0.0,0.0,0.0,0.0,inf,inf,inf,inf,inf,1,1,1,1,0,0,0,0,0,0,1,1,0,0,0,0
1777225968365000,0,1777225642797000,47.397742,8.545594,-0.022238985,0.05268788,1.779,0.0,0.0,0.0,0.0,-0.01,0.69,0.0,0.0,0.0,0.0,0.010000001,-0.020000001,-0.025,0.022103991,0.0,0.0,0.0,0.0,0.0,0.0,0.0,0.0,0.0,0.0,0.0,0.0,inf,inf,inf,inf,inf,1,1,1,1,0,0,0,0,0,0,1,1,0,0,0,0
1777225968389000,0,1777225642797000,47.397742,8.545594,-0.022238985,0.05268788,1.7630001,0.0,0.0,0.0,0.0,-0.01,0.69,0.0,0.0,0.0,0.0,0.011000001,-0.020000001,0.013,0.022080483,0.0,0.0,0.0,0.0,0.0,0.0,0.0,0.0,0.0,0.0,0.0,0.0,inf,inf,inf,inf,inf,1,1,1,1,0,0,0,0,0,0,1,1,0,0,0,0
1777225968405000,0,1777225642797000,47.397742,8.545594,-0.011119492,0.05268788,1.7520001,0.0,0.0,0.0,0.0,-0.01,0.69,0.0,0.0,0.0,0.0,0.010000001,-0.021000002,-0.021000002,0.022063006,0.0,0.0,0.0,0.0,0.0,0.0,0.0,0.0,0.0,0.0,0.0,0.0,inf,inf,inf,inf,inf,1,1,1,1,0,0,0,0,0,0,1,1,0,0,0,0
1777225968429000,0,1777225642797000,47.397742,8.545594,-0.022238985,0.06021472,1.7350001,0.0,0.0,0.0,0.0,-0.01,0.69,0.0,0.0,0.0,0.0,0.010000001,-0.021000002,0.014,0.02203321,0.0,0.0,0.0,0.0,0.0,0.0,0.0,0.0,0.0,0.0,0.0,0.0,inf,inf,inf,inf,inf,1,1,1,1,0,0,0,0,0,0,1,1,0,0,0,0
1777225968445000,0,1777225642797000,47.397742,8.545594,-0.022238985,0.06021472,1.7240001,0.0,0.0,0.0,0.0,-0.01,0.69,0.0,0.0,0.0,0.0,0.010000001,-0.022000002,-0.021000002,0.022009788,0.0,0.0,0.0,0.0,0.0,0.0,0.0,0.0,0.0,0.0,0.0,0.0,inf,inf,inf,inf,inf,1,1,1,1,0,0,0,0,0,0,1,1,0,0,0,0
1777225968469000,0,1777225642797000,47.397742,8.545594,-0.033358477,0.0752684,1.7070001,0.0,0.0,0.0,0.0,-0.01,0.69,0.0,0.0,0.0,0.0,0.011000001,-0.020000001,0.017,0.021968888,0.0,0.0,0.0,0.0,0.0,0.0,0.0,0.0,0.0,0.0,0.0,0.0,inf,inf,inf,inf,inf,1,1,1,1,0,0,0,0,0,0,1,1,0,0,0,0
1777225968485000,0,1777225642797000,47.397742,8.545594,-0.033358477,0.06774156,1.6960001,0.0,0.0,0.0,0.0,-0.01,0.69,0.0,0.0,0.0,0.0,0.011000001,-0.022000002,-0.021000002,0.021938976,0.0,0.0,0.0,0.0,0.0,0.0,0.0,0.0,0.0,0.0,0.0,0.0,inf,inf,inf,inf,inf,1,1,1,1,0,0,0,0,0,0,1,1,0,0,0,0
1777225968501000,0,1777225642797000,47.397742,8.545594,-0.033358477,0.06021472,1.6840001,0.0,0.0,0.0,0.0,-0.01,0.69,0.0,0.0,0.0,0.0,0.012,-0.022000002,0.0,0.021906033,0.0,0.0,0.0,0.0,0.0,0.0,0.0,0.0,0.0,0.0,0.0,0.0,inf,inf,inf,inf,inf,1,1,1,1,0,0,0,0,0,0,1,1,0,0,0,0
1777225968525000,0,1777225642797000,47.397742,8.545594,-0.033358477,0.05268788,1.6680001,0.0,0.0,0.0,0.0,-0.01,0.69,0.0,0.0,0.0,0.0,0.008,-0.025,-0.024,0.021855136,0.0,0.0,0.0,0.0,0.0,0.0,0.0,0.0,0.0,0.0,0.0,0.0,inf,inf,inf,inf,inf,1,1,1,1,0,0,0,0,0,0,1,1,0,0,0,0
1777225968541000,0,1777225642797000,47.397742,8.545594,-0.033358477,0.05268788,1.6570001,0.0,0.0,0.0,0.0,-0.01,0.69,0.0,0.0,0.0,0.0,0.006,-0.027,-0.001,0.021821918,0.0,0.0,0.0,0.0,0.0,0.0,0.0,0.0,0.0,0.0,0.0,0.0,inf,inf,inf,inf,inf,1,1,1,1,0,0,0,0,0,0,1,1,0,0,0,0
1777225968565000,0,1777225642797000,47.397742,8.545594,-0.033358477,0.04516104,1.6400001,0.0,0.0,0.0,0.0,-0.01,0.69,0.0,0.0,0.0,0.0,0.009000001,-0.024,-0.023000002,0.021772567,0.0,0.0,0.0,0.0,0.0,0.0,0.0,0.0,0.0,0.0,0.0,0.0,inf,inf,inf,inf,inf,1,1,1,1,0,0,0,0,0,0,1,1,0,0,0,0
1777225968589000,0,1777225642797000,47.397742,8.545594,-0.033358477,0.0376342,1.623,0.0,0.0,0.0,0.0,-0.01,0.69,0.0,0.0,0.0,0.0,0.010000001,-0.022000002,0.013,0.021723371,0.0,0.0,0.0,0.0,0.0,0.0,0.0,0.0,0.0,0.0,0.0,0.0,inf,inf,inf,inf,inf,1,1,1,1,0,0,0,0,0,0,1,1,0,0,0,0
1777225968605000,0,1777225642797000,47.397742,8.545594,-0.033358477,0.0376342,1.6120001,0.0,0.0,0.0,0.0,-0.01,0.69,0.0,0.0,0.0,0.0,0.010000001,-0.023000002,-0.018000001,0.021692676,0.0,0.0,0.0,0.0,0.0,0.0,0.0,0.0,0.0,0.0,0.0,0.0,inf,inf,inf,inf,inf,1,1,1,1,0,0,0,0,0,0,1,1,0,0,0,0
1777225968621000,0,1777225642797000,47.397742,8.545594,-0.033358477,0.03010736,1.6010001,0.0,0.0,0.0,0.0,-0.01,0.69,0.0,0.0,0.0,0.0,0.009000001,-0.024,0.0,0.021663897,0.0,0.0,0.0,0.0,0.0,0.0,0.0,0.0,0.0,0.0,0.0,0.0,inf,inf,inf,inf,inf,1,1,1,1,0,0,0,0,0,0,1,1,0,0,0,0
1777225968645000,0,1777225642797000,47.397742,8.545594,-0.022238987,0.03010736,1.5840001,0.0,0.0,0.0,0.0,-0.01,0.69,0.0,0.0,0.0,0.0,0.009000001,-0.021000002,-0.024,0.021622306,0.0,0.0,0.0,0.0,0.0,0.0,0.0,0.0,0.0,0.0,0.0,0.0,inf,inf,inf,inf,inf,1,1,1,1,0,0,0,0,0,0,1,1,0,0,0,0
1777225968669000,0,1777225642797000,47.397742,8.545594,-0.022238987,0.02258052,1.567,0.0,0.0,0.0,0.0,-0.01,0.69,0.0,0.0,0.0,0.0,0.011000001,-0.019000001,0.009000001,0.021585133,0.0,0.0,0.0,0.0,0.0,0.0,0.0,0.0,0.0,0.0,0.0,0.0,inf,inf,inf,inf,inf,1,1,1,1,0,0,0,0,0,0,1,1,0,0,0,0
1777225968685000,0,1777225642797000,47.397742,8.545594,-0.022238987,0.03010736,1.5560001,0.0,0.0,0.0,0.0,-0.01,0.69,0.0,0.0,0.0,0.0,0.009000001,-0.020000001,-0.027,0.021562366,0.0,0.0,0.0,0.0,0.0,0.0,0.0,0.0,0.0,0.0,0.0,0.0,inf,inf,inf,inf,inf,1,1,1,1,0,0,0,0,0,0,1,1,0,0,0,0
1777225968709000,0,1777225642797000,47.397742,8.545594,-0.022238987,0.03010736,1.539,0.0,0.0,0.0,0.0,-0.01,0.69,0.0,0.0,0.0,0.0,0.012,-0.019000001,0.013,0.021529566,0.0,0.0,0.0,0.0,0.0,0.0,0.0,0.0,0.0,0.0,0.0,0.0,inf,inf,inf,inf,inf,1,1,1,1,0,0,0,0,0,0,1,1,0,0,0,0
1777225968725000,0,1777225642797000,47.397742,8.545594,-0.033358477,0.03010736,1.5280001,0.0,0.0,0.0,0.0,-0.01,0.69,0.0,0.0,0.0,0.0,0.015000001,-0.019000001,-0.020000001,0.021507893,0.0,0.0,0.0,0.0,0.0,0.0,0.0,0.0,0.0,0.0,0.0,0.0,inf,inf,inf,inf,inf,1,1,1,1,0,0,0,0,0,0,1,1,0,0,0,0
1777225968749000,0,1777225642797000,47.397742,8.545594,-0.033358477,0.0376342,1.511,0.0,0.0,0.0,0.0,-0.01,0.69,0.0,0.0,0.0,0.0,0.014,-0.018000001,0.013,0.021475581,0.0,0.0,0.0,0.0,0.0,0.0,0.0,0.0,0.0,0.0,0.0,0.0,inf,inf,inf,inf,inf,1,1,1,1,0,0,0,0,0,0,1,1,0,0,0,0
1777225968765000,0,1777225642797000,47.397742,8.545594,-0.022238987,0.04516104,1.5000001,0.0,0.0,0.0,0.0,-0.01,0.69,0.0,0.0,0.0,0.0,0.014,-0.019000001,-0.022000002,0.021454193,0.0,0.0,0.0,0.0,0.0,0.0,0.0,0.0,0.0,0.0,0.0,0.0,inf,inf,inf,inf,inf,1,1,1,1,0,0,0,0,0,0,1,1,0,0,0,0
1777225968789000,0,1777225642797000,47.397742,8.545594,-0.033358477,0.0376342,1.483,0.0,0.0,0.0,0.0,-0.02,0.69,0.0,0.0,0.0,0.0,0.013,-0.020000001,0.008,0.021422286,0.0,0.0,0.0,0.0,0.0,0.0,0.0,0.0,0.0,0.0,0.0,0.0,inf,inf,inf,inf,inf,1,1,1,1,0,0,0,0,0,0,1,1,0,0,0,0
1777225968805000,0,1777225642797000,47.397742,8.545594,-0.022238987,0.04516104,1.4720001,0.0,0.0,0.0,0.0,-0.02,0.69,0.0,0.0,0.0,0.0,0.013,-0.021000002,-0.022000002,0.021401903,0.0,0.0,0.0,0.0,0.0,0.0,0.0,0.0,0.0,0.0,0.0,0.0,inf,inf,inf,inf,inf,1,1,1,1,0,0,0,0,0,0,1,1,0,0,0,0
1777225968829000,0,1777225642797000,47.397742,8.545594,-0.022238987,0.0376342,1.455,0.0,0.0,0.0,0.0,-0.02,0.69,0.0,0.0,0.0,0.0,0.011000001,-0.022000002,0.009000001,0.021373235,0.0,0.0,0.0,0.0,0.0,0.0,0.0,0.0,0.0,0.0,0.0,0.0,inf,inf,inf,inf,inf,1,1,1,1,0,0,0,0,0,0,1,1,0,0,0,0
1777225968845000,0,1777225642797000,47.397742,8.545594,-0.022238987,0.0376342,1.4440001,0.0,0.0,0.0,0.0,-0.02,0.69,0.0,0.0,0.0,0.0,0.012,-0.022000002,-0.021000002,0.021356601,0.0,0.0,0.0,0.0,0.0,0.0,0.0,0.0,0.0,0.0,0.0,0.0,inf,inf,inf,inf,inf,1,1,1,1,0,0,0,0,0,0,1,1,0,0,0,0
1777225968869000,0,1777225642797000,47.397742,8.545594,-0.022238987,0.04516104,1.4280001,0.0,0.0,0.0,0.0,-0.02,0.69,0.0,0.0,0.0,0.0,0.012,-0.024,0.016,0.021331567,0.0,0.0,0.0,0.0,0.0,0.0,0.0,0.0,0.0,0.0,0.0,0.0,inf,inf,inf,inf,inf,1,1,1,1,0,0,0,0,0,0,1,1,0,0,0,0
1777225968885000,0,1777225642797000,47.397742,8.545594,-0.022238987,0.04516104,1.416,0.0,0.0,0.0,0.0,-0.02,0.69,0.0,0.0,0.0,0.0,0.012,-0.024,-0.020000001,0.02131345,0.0,0.0,0.0,0.0,0.0,0.0,0.0,0.0,0.0,0.0,0.0,0.0,inf,inf,inf,inf,inf,1,1,1,1,0,0,0,0,0,0,1,1,0,0,0,0
1777225968909000,0,1777225642797000,47.397742,8.545594,-0.022238987,0.04516104,1.4000001,0.0,0.0,0.0,0.0,-0.02,0.69,0.0,0.0,0.0,0.0,0.014,-0.025,0.010000001,0.021285105,0.0,0.0,0.0,0.0,0.0,0.0,0.0,0.0,0.0,0.0,0.0,0.0,inf,inf,inf,inf,inf,1,1,1,1,0,0,0,0,0,0,1,1,0,0,0,0
1777225968925000,0,1777225642797000,47.397742,8.545594,-0.022238987,0.0376342,1.388,0.0,0.0,0.0,0.0,-0.02,0.69,0.0,0.0,0.0,0.0,0.016,-0.024,-0.026,0.021265522,0.0,0.0,0.0,0.0,0.0,0.0,0.0,0.0,0.0,0.0,0.0,0.0,inf,inf,inf,inf,inf,1,1,1,1,0,0,0,0,0,0,1,1,0,0,0,0
1777225968949000,0,1777225642797000,47.397742,8.545594,-0.022238987,0.04516104,1.3720001,0.0,0.0,0.0,0.0,-0.02,0.69,0.0,0.0,0.0,0.0,0.014,-0.029000001,0.001,0.021235572,0.0,0.0,0.0,0.0,0.0,0.0,0.0,0.0,0.0,0.0,0.0,0.0,inf,inf,inf,inf,inf,1,1,1,1,0,0,0,0,0,0,1,1,0,0,0,0
1777225968965000,0,1777225642797000,47.397742,8.545594,-0.033358477,0.0376342,1.3610001,0.0,0.0,0.0,0.0,-0.02,0.69,0.0,0.0,0.0,0.0,0.012,-0.032,-0.033,0.021215484,0.0,0.0,0.0,0.0,0.0,0.0,0.0,0.0,0.0,0.0,0.0,0.0,inf,inf,inf,inf,inf,1,1,1,1,0,0,0,0,0,0,1,1,0,0,0,0
1777225968989000,0,1777225642797000,47.397742,8.545594,-0.033358477,0.05268788,1.3440001,0.0,0.0,0.0,0.0,-0.02,0.69,0.0,0.0,0.0,0.0,0.013,-0.033,-0.003,0.021185769,0.0,0.0,0.0,0.0,0.0,0.0,0.0,0.0,0.0,0.0,0.0,0.0,inf,inf,inf,inf,inf,1,1,1,1,0,0,0,0,0,0,1,1,0,0,0,0
1777225969005000,0,1777225642797000,47.397742,8.545594,-0.022238987,0.04516104,1.3330001,0.0,0.0,0.0,0.0,-0.02,0.69,0.0,0.0,0.0,0.0,0.011000001,-0.037,-0.038000003,0.021165041,0.0,0.0,0.0,0.0,0.0,0.0,0.0,0.0,0.0,0.0,0.0,0.0,inf,inf,inf,inf,inf,1,1,1,1,0,0,0,0,0,0,1,1,0,0,0,0
1777225969029000,0,1777225642797000,47.397742,8.545594,-0.033358477,0.0376342,1.3160001,0.0,0.0,0.0,0.0,-0.02,0.69,0.0,0.0,0.0,0.0,0.013,-0.033,-0.009000001,0.02113526,0.0,0.0,0.0,0.0,0.0,0.0,0.0,0.0,0.0,0.0,0.0,0.0,inf,inf,inf,inf,inf,1,1,1,1,0,0,0,0,0,0,1,1,0,0,0,0
1777225969045000,0,1777225642797000,47.397742,8.545594,-0.033358477,0.0376342,1.3050001,0.0,0.0,0.0,0.0,-0.02,0.69,0.0,0.0,0.0,0.0,0.015000001,-0.033,-0.045,0.021116165,0.0,0.0,0.0,0.0,0.0,0.0,0.0,0.0,0.0,0.0,0.0,0.0,inf,inf,inf,inf,inf,1,1,1,1,0,0,0,0,0,0,1,1,0,0,0,0
1777225969069000,0,1777225642797000,47.397742,8.545594,-0.033358477,0.0376342,1.2880001,0.0,0.0,0.0,0.0,-0.02,0.69,0.0,0.0,0.0,0.0,0.013,-0.035,-0.007,0.021088233,0.0,0.0,0.0,0.0,0.0,0.0,0.0,0.0,0.0,0.0,0.0,0.0,inf,inf,inf,inf,inf,1,1,1,1,0,0,0,0,0,0,1,1,0,0,0,0
1777225969085000,0,1777225642797000,47.397742,8.545594,-0.022238987,0.0376342,1.2770001,0.0,0.0,0.0,0.0,-0.02,0.69,0.0,0.0,0.0,0.0,0.013,-0.034,-0.045,0.021071553,0.0,0.0,0.0,0.0,0.0,0.0,0.0,0.0,0.0,0.0,0.0,0.0,inf,inf,inf,inf,inf,1,1,1,1,0,0,0,0,0,0,1,1,0,0,0,0
1777225969109000,0,1777225642797000,47.397742,8.545594,-0.033358477,0.04516104,1.2600001,0.0,0.0,0.0,0.0,-0.02,0.69,0.0,0.0,0.0,0.0,0.012,-0.037,-0.012,0.021052605,0.0,0.0,0.0,0.0,0.0,0.0,0.0,0.0,0.0,0.0,0.0,0.0,inf,inf,inf,inf,inf,1,1,1,1,0,0,0,0,0,0,1,1,0,0,0,0
1777225969125000,0,1777225642797000,47.397742,8.545594,-0.022238987,0.0376342,1.2490001,0.0,0.0,0.0,0.01,-0.03,0.69,0.0,0.0,0.0,0.0,0.011000001,-0.038000003,-0.047000002,0.021044651,0.0,0.0,0.0,0.0,0.0,0.0,0.0,0.0,0.0,0.0,0.0,0.0,inf,inf,inf,inf,inf,1,1,1,1,0,0,0,0,0,0,1,1,0,0,0,0
1777225969141000,0,1777225642797000,47.397742,8.545594,-0.022238987,0.0376342,1.238,0.0,0.0,0.0,0.01,-0.03,0.69,0.0,0.0,0.0,0.0,0.012,-0.036000002,-0.028,0.02104084,0.0,0.0,0.0,0.0,0.0,0.0,0.0,0.0,0.0,0.0,0.0,0.0,inf,inf,inf,inf,inf,1,1,1,1,0,0,0,0,0,0,1,1,0,0,0,0
1777225969165000,0,1777225642797000,47.397742,8.545594,-0.022238987,0.04516104,1.2210001,0.0,0.0,0.0,0.01,-0.03,0.69,0.0,0.0,0.0,0.0,0.016,-0.026,-0.037,0.021042613,0.0,0.0,0.0,0.0,0.0,0.0,0.0,0.0,0.0,0.0,0.0,0.0,inf,inf,inf,inf,inf,1,1,1,1,0,0,0,0,0,0,1,1,0,0,0,0
1777225969181000,0,1777225642797000,47.397742,8.545594,-0.022238987,0.04516104,1.21,0.0,0.0,0.0,0.01,-0.03,0.69,0.0,0.0,0.0,0.0,0.016,-0.024,-0.004,0.02104941,0.0,0.0,0.0,0.0,0.0,0.0,0.0,0.0,0.0,0.0,0.0,0.0,inf,inf,inf,inf,inf,1,1,1,1,0,0,0,0,0,0,1,1,0,0,0,0
1777225969205000,0,1777225642797000,47.397742,8.545594,-0.011119492,0.04516104,1.194,0.0,0.0,0.0,0.01,-0.03,0.69,0.0,0.0,0.0,0.0,0.015000001,-0.025,-0.032,0.021066379,0.0,0.0,0.0,0.0,0.0,0.0,0.0,0.0,0.0,0.0,0.0,0.0,inf,inf,inf,inf,inf,1,1,1,1,0,0,0,0,0,0,1,1,0,0,0,0
1777225969229000,0,1777225642797000,47.397742,8.545594,-0.022238987,0.04516104,1.177,0.0,0.0,0.0,0.01,-0.03,0.69,0.0,0.0,0.0,0.0,0.015000001,-0.026,0.001,0.021090006,0.0,0.0,0.0,0.0,0.0,0.0,0.0,0.0,0.0,0.0,0.0,0.0,inf,inf,inf,inf,inf,1,1,1,1,0,0,0,0,0,0,1,1,0,0,0,0
1777225969245000,0,1777225642797000,47.397742,8.545594,-0.022238987,0.04516104,1.166,0.0,0.0,0.0,0.01,-0.03,0.69,0.0,0.0,0.0,0.0,0.012,-0.028,-0.035,0.021108357,0.0,0.0,0.0,0.0,0.0,0.0,0.0,0.0,0.0,0.0,0.0,0.0,inf,inf,inf,inf,inf,1,1,1,1,0,0,0,0,0,0,1,1,0,0,0,0
1777225969269000,0,1777225642797000,47.397742,8.545594,-0.022238987,0.03010736,1.149,0.0,0.0,0.0,0.01,-0.03,0.69,0.0,0.0,0.0,0.0,0.012,-0.027,0.004,0.021137789,0.0,0.0,0.0,0.0,0.0,0.0,0.0,0.0,0.0,0.0,0.0,0.0,inf,inf,inf,inf,inf,1,1,1,1,0,0,0,0,0,0,1,1,0,0,0,0
1777225969285000,0,1777225642797000,47.397742,8.545594,-0.011119492,0.0376342,1.138,0.0,0.0,0.0,0.01,-0.03,0.69,0.0,0.0,0.0,0.0,0.011000001,-0.029000001,-0.037,0.021158041,0.0,0.0,0.0,0.0,0.0,0.0,0.0,0.0,0.0,0.0,0.0,0.0,inf,inf,inf,inf,inf,1,1,1,1,0,0,0,0,0,0,1,1,0,0,0,0
1777225969301000,0,1777225642797000,47.397742,8.545594,-0.022238987,0.0376342,1.1270001,0.0,0.0,0.0,0.01,-0.03,0.69,0.0,0.0,0.0,0.0,0.014,-0.027,-0.013,0.02117728,0.0,0.0,0.0,0.0,0.0,0.0,0.0,0.0,0.0,0.0,0.0,0.0,inf,inf,inf,inf,inf,1,1,1,1,0,0,0,0,0,0,1,1,0,0,0,0
1777225969325000,0,1777225642797000,47.397742,8.545594,-0.011119492,0.03010736,1.1110001,0.0,0.0,0.0,0.01,-0.03,0.69,0.0,0.0,0.0,0.0,0.011000001,-0.028,-0.032,0.021203892,0.0,0.0,0.0,0.0,0.0,0.0,0.0,0.0,0.0,0.0,0.0,0.0,inf,inf,inf,inf,inf,1,1,1,1,0,0,0,0,0,0,1,1,0,0,0,0
1777225969349000,0,1777225642797000,47.397742,8.545594,-0.022238987,0.03010736,1.0940001,0.0,0.0,0.0,0.01,-0.03,0.69,0.0,0.0,0.0,0.0,0.010000001,-0.031000001,0.001,0.02123045,0.0,0.0,0.0,0.0,0.0,0.0,0.0,0.0,0.0,0.0,0.0,0.0,inf,inf,inf,inf,inf,1,1,1,1,0,0,0,0,0,0,1,1,0,0,0,0
1777225969365000,0,1777225642797000,47.397742,8.545594,-0.022238987,0.03010736,1.0830001,0.0,0.0,0.0,0.01,-0.03,0.69,0.0,0.0,0.0,0.0,0.013,-0.028,-0.033,0.021247085,0.0,0.0,0.0,0.0,0.0,0.0,0.0,0.0,0.0,0.0,0.0,0.0,inf,inf,inf,inf,inf,1,1,1,1,0,0,0,0,0,0,1,1,0,0,0,0
1777225969381000,0,1777225642797000,47.397742,8.545594,-0.022238987,0.03010736,1.072,0.0,0.0,0.0,0.01,-0.03,0.69,0.0,0.0,0.0,0.0,0.011000001,-0.028,-0.012,0.021262985,0.0,0.0,0.0,0.0,0.0,0.0,0.0,0.0,0.0,0.0,0.0,0.0,inf,inf,inf,inf,inf,1,1,1,1,0,0,0,0,0,0,1,1,0,0,0,0
1777225969405000,0,1777225642797000,47.397742,8.545594,-0.022238987,0.02258052,1.056,0.0,0.0,0.0,0.01,-0.03,0.68,0.0,0.0,0.0,0.0,0.008,-0.030000001,-0.029000001,0.021284582,0.0,0.0,0.0,0.0,0.0,0.0,0.0,0.0,0.0,0.0,0.0,0.0,inf,inf,inf,inf,inf,1,1,1,1,0,0,0,0,0,0,1,1,0,0,0,0
1777225969429000,0,1777225642797000,47.397742,8.545594,-0.033358477,0.03010736,1.039,0.0,0.0,0.0,0.01,-0.03,0.68,0.0,0.0,0.0,0.0,0.008,-0.028,0.0050000004,0.021304224,0.0,0.0,0.0,0.0,0.0,0.0,0.0,0.0,0.0,0.0,0.0,0.0,inf,inf,inf,inf,inf,1,1,1,1,0,0,0,0,0,0,1,1,0,0,0,0
1777225969445000,0,1777225642797000,47.397742,8.545594,-0.033358477,0.03010736,1.028,0.0,0.0,0.0,0.01,-0.03,0.68,0.0,0.0,0.0,0.0,0.007,-0.029000001,-0.029000001,0.021317989,0.0,0.0,0.0,0.0,0.0,0.0,0.0,0.0,0.0,0.0,0.0,0.0,inf,inf,inf,inf,inf,1,1,1,1,0,0,0,0,0,0,1,1,0,0,0,0
1777225969469000,0,1777225642797000,47.397742,8.545594,-0.033358477,0.03010736,1.011,0.0,0.0,0.0,0.01,-0.04,0.68,0.0,0.0,0.0,0.0,0.009000001,-0.027,0.010000001,0.021341426,0.0,0.0,0.0,0.0,0.0,0.0,0.0,0.0,0.0,0.0,0.0,0.0,inf,inf,inf,inf,inf,1,1,1,1,0,0,0,0,0,0,1,1,0,0,0,0
1777225969485000,0,1777225642797000,47.397742,8.545594,-0.033358477,0.03010736,1.0,0.0,0.0,0.0,0.01,-0.04,0.68,0.0,0.0,0.0,0.0,0.009000001,-0.024,-0.029000001,0.021358969,0.0,0.0,0.0,0.0,0.0,0.0,0.0,0.0,0.0,0.0,0.0,0.0,inf,inf,inf,inf,inf,1,1,1,1,0,0,0,0,0,0,1,1,0,0,0,0
1777225969509000,0,1777225642797000,47.397742,8.545594,-0.033358477,0.02258052,0.984,0.0,0.0,0.0,0.01,-0.04,0.68,0.0,0.0,0.0,0.0,0.009000001,-0.021000002,0.0050000004,0.021387182,0.0,0.0,0.0,0.0,0.0,0.0,0.0,0.0,0.0,0.0,0.0,0.0,inf,inf,inf,inf,inf,1,1,1,1,0,0,0,0,0,0,1,1,0,0,0,0
1777225969525000,0,1777225642797000,47.397742,8.545594,-0.033358477,0.02258052,0.97300005,0.0,0.0,0.0,0.01,-0.04,0.68,0.0,0.0,0.0,0.0,0.013,-0.017,-0.028,0.02140696,0.0,0.0,0.0,0.0,0.0,0.0,0.0,0.0,0.0,0.0,0.0,0.0,inf,inf,inf,inf,inf,1,1,1,1,0,0,0,0,0,0,1,1,0,0,0,0
1777225969541000,0,1777225642797000,47.397742,8.545594,-0.022238987,0.03010736,0.9620001,0.0,0.0,0.0,0.01,-0.04,0.68,0.0,0.0,0.0,0.0,0.011000001,-0.020000001,-0.011000001,0.021428052,0.0,0.0,0.0,0.0,0.0,0.0,0.0,0.0,0.0,0.0,0.0,0.0,inf,inf,inf,inf,inf,1,1,1,1,0,0,0,0,0,0,1,1,0,0,0,0
1777225969565000,0,1777225642797000,47.397742,8.545594,-0.033358477,0.02258052,0.94500005,0.0,0.0,0.0,0.01,-0.04,0.68,0.0,0.0,0.0,0.0,0.011000001,-0.014,-0.024,0.021459278,0.0,0.0,0.0,0.0,0.0,0.0,0.0,0.0,0.0,0.0,0.0,0.0,inf,inf,inf,inf,inf,1,1,1,1,0,0,0,0,0,0,1,1,0,0,0,0
1777225969589000,0,1777225642797000,47.397742,8.545594,-0.033358477,0.03010736,0.929,0.0,0.0,0.0,0.01,-0.04,0.68,0.0,0.0,0.0,0.0,0.013,-0.011000001,0.008,0.021484554,0.0,0.0,0.0,0.0,0.0,0.0,0.0,0.0,0.0,0.0,0.0,0.0,inf,inf,inf,inf,inf,1,1,1,1,0,0,0,0,0,0,1,1,0,0,0,0
1777225969605000,0,1777225642797000,47.397742,8.545594,-0.022238987,0.03010736,0.91800004,0.0,0.0,0.0,0.01,-0.04,0.68,0.0,0.0,0.0,0.0,0.013,-0.011000001,-0.025,0.021498576,0.0,0.0,0.0,0.0,0.0,0.0,0.0,0.0,0.0,0.0,0.0,0.0,inf,inf,inf,inf,inf,1,1,1,1,0,0,0,0,0,0,1,1,0,0,0,0
1777225969621000,0,1777225642797000,47.397742,8.545594,-0.022238987,0.03010736,0.90700006,0.0,0.0,0.0,0.01,-0.04,0.68,0.0,0.0,0.0,0.0,0.011000001,-0.012,-0.006,0.021510882,0.0,0.0,0.0,0.0,0.0,0.0,0.0,0.0,0.0,0.0,0.0,0.0,inf,inf,inf,inf,inf,1,1,1,1,0,0,0,0,0,0,1,1,0,0,0,0
1777225969645000,0,1777225642797000,47.397742,8.545594,-0.022238987,0.03010736,0.89000005,0.0,0.0,0.0,0.01,-0.04,0.68,0.0,0.0,0.0,0.0,0.011000001,-0.007,-0.029000001,0.021526324,0.0,0.0,0.0,0.0,0.0,0.0,0.0,0.0,0.0,0.0,0.0,0.0,inf,inf,inf,inf,inf,1,1,1,1,0,0,0,0,0,0,1,1,0,0,0,0
1777225969661000,0,1777225642797000,47.397742,8.545594,-0.022238987,0.02258052,0.87900007,0.0,0.0,0.0,0.01,-0.04,0.68,0.0,0.0,0.0,0.0,0.007,-0.011000001,-0.008,0.021534402,0.0,0.0,0.0,0.0,0.0,0.0,0.0,0.0,0.0,0.0,0.0,0.0,inf,inf,inf,inf,inf,1,1,1,1,0,0,0,0,0,0,1,1,0,0,0,0
1777225969685000,0,1777225642797000,47.397742,8.545594,-0.022238987,0.02258052,0.86300004,0.0,0.0,0.0,0.01,-0.04,0.68,0.0,0.0,0.0,0.0,0.003,-0.012,-0.031000001,0.021541303,0.0,0.0,0.0,0.0,0.0,0.0,0.0,0.0,0.0,0.0,0.0,0.0,inf,inf,inf,inf,inf,1,1,1,1,0,0,0,0,0,0,1,1,0,0,0,0
1777225969709000,0,1777225642797000,47.397742,8.545594,-0.011119492,0.03010736,0.846,0.0,0.0,0.0,0.01,-0.04,0.68,0.0,0.0,0.0,0.0,0.0,-0.012,0.006,0.021540672,0.0,0.0,0.0,0.0,0.0,0.0,0.0,0.0,0.0,0.0,0.0,0.0,inf,inf,inf,inf,inf,1,1,1,1,0,0,0,0,0,0,1,1,0,0,0,0
1777225969725000,0,1777225642797000,47.397742,8.545594,-0.011119492,0.03010736,0.83500004,0.0,0.0,0.0,0.01,-0.04,0.68,0.0,0.0,0.0,0.0,-0.001,-0.014,-0.027,0.021536425,0.0,0.0,0.0,0.0,0.0,0.0,0.0,0.0,0.0,0.0,0.0,0.0,inf,inf,inf,inf,inf,1,1,1,1,0,0,0,0,0,0,1,1,0,0,0,0
1777225969741000,0,1777225642797000,47.397742,8.545594,-0.011119492,0.02258052,0.82400006,0.0,0.0,0.0,0.01,-0.04,0.68,0.0,0.0,0.0,0.0,-0.0050000004,-0.015000001,-0.0050000004,0.02152948,0.0,0.0,0.0,0.0,0.0,0.0,0.0,0.0,0.0,0.0,0.0,0.0,inf,inf,inf,inf,inf,1,1,1,1,0,0,0,0,0,0,1,1,0,0,0,0
1777225969765000,0,1777225642797000,47.397742,8.545594,-0.011119492,0.03010736,0.808,0.0,0.0,0.0,0.01,-0.04,0.68,0.0,0.0,0.0,0.0,-0.009000001,-0.018000001,-0.026,0.021513233,0.0,0.0,0.0,0.0,0.0,0.0,0.0,0.0,0.0,0.0,0.0,0.0,inf,inf,inf,inf,inf,1,1,1,1,0,0,0,0,0,0,1,1,0,0,0,0
1777225969789000,0,1777225642797000,47.397742,8.545594,-0.011119492,0.02258052,0.791,0.0,0.0,0.0,0.01,-0.04,0.68,0.0,0.0,0.0,0.0,-0.003,-0.011000001,0.017,0.021488987,0.0,0.0,0.0,0.0,0.0,0.0,0.0,0.0,0.0,0.0,0.0,0.0,inf,inf,inf,inf,inf,1,1,1,1,0,0,0,0,0,0,1,1,0,0,0,0
1777225969805000,0,1777225642797000,47.397742,8.545594,-0.011119492,0.01505368,0.78000003,0.0,0.0,0.0,0.01,-0.04,0.68,0.0,0.0,0.0,0.0,0.0,-0.006,-0.017,0.021468565,0.0,0.0,0.0,0.0,0.0,0.0,0.0,0.0,0.0,0.0,0.0,0.0,inf,inf,inf,inf,inf,1,1,1,1,0,0,0,0,0,0,1,1,0,0,0,0
1777225969821000,0,1777225642797000,47.397742,8.545594,-0.011119492,0.00752684,0.76900005,0.0,0.0,0.0,0.01,-0.04,0.68,0.0,0.0,0.0,0.0,0.001,-0.003,0.002,0.021445189,0.0,0.0,0.0,0.0,0.0,0.0,0.0,0.0,0.0,0.0,0.0,0.0,inf,inf,inf,inf,inf,1,1,1,1,0,0,0,0,0,0,1,1,0,0,0,0
1777225969845000,0,1777225642797000,47.397742,8.545594,-0.011119492,0.00752684,0.753,0.0,0.0,0.0,0.01,-0.04,0.68,0.0,0.0,0.0,0.0,0.001,0.0,-0.017,0.02140439,0.0,0.0,0.0,0.0,0.0,0.0,0.0,0.0,0.0,0.0,0.0,0.0,inf,inf,inf,inf,inf,1,1,1,1,0,0,0,0,0,0,1,1,0,0,0,0
1777225969869000,0,1777225642797000,47.397742,8.545594,-0.011119492,0.0,0.73600006,0.0,0.0,0.0,0.01,-0.04,0.68,0.0,0.0,0.0,0.0,0.002,0.001,0.016,0.021359975,0.0,0.0,0.0,0.0,0.0,0.0,0.0,0.0,0.0,0.0,0.0,0.0,inf,inf,inf,inf,inf,1,1,1,1,0,0,0,0,0,0,1,1,0,0,0,0
1777225969885000,0,1777225642797000,47.397742,8.545594,-0.011119492,0.0,0.725,0.0,0.0,0.0,0.01,-0.04,0.68,0.0,0.0,0.0,0.0,0.0050000004,0.006,-0.017,0.02132663,0.0,0.0,0.0,0.0,0.0,0.0,0.0,0.0,0.0,0.0,0.0,0.0,inf,inf,inf,inf,inf,1,1,1,1,0,0,0,0,0,0,1,1,0,0,0,0
1777225969909000,0,1777225642797000,47.397742,8.545594,-0.011119492,0.00752684,0.70900005,0.0,0.0,0.0,0.01,-0.04,0.68,0.0,0.0,0.0,0.0,0.006,0.009000001,0.016,0.02127163,0.0,0.0,0.0,0.0,0.0,0.0,0.0,0.0,0.0,0.0,0.0,0.0,inf,inf,inf,inf,inf,1,1,1,1,0,0,0,0,0,0,1,1,0,0,0,0
1777225969925000,0,1777225642797000,47.397742,8.545594,-0.011119492,0.00752684,0.698,0.0,0.0,0.0,0.01,-0.04,0.68,0.0,0.0,0.0,0.0,0.011000001,0.015000001,-0.017,0.02123241,0.0,0.0,0.0,0.0,0.0,0.0,0.0,0.0,0.0,0.0,0.0,0.0,inf,inf,inf,inf,inf,1,1,1,1,0,0,0,0,0,0,1,1,0,0,0,0
1777225969949000,0,1777225642797000,47.397742,8.545594,-0.011119492,-0.00752684,0.68100005,0.0,0.0,0.0,0.01,-0.04,0.68,0.0,0.0,0.0,0.0,0.014,0.020000001,0.020000001,0.021171624,0.0,0.0,0.0,0.0,0.0,0.0,0.0,0.0,0.0,0.0,0.0,0.0,inf,inf,inf,inf,inf,1,1,1,1,0,0,0,0,0,0,1,1,0,0,0,0
1777225969965000,0,1777225642797000,47.397742,8.545594,-0.011119492,-0.02258052,0.67,0.0,0.0,0.0,0.01,-0.04,0.68,0.0,0.0,0.0,0.0,0.014,0.020000001,-0.020000001,0.021131748,0.0,0.0,0.0,0.0,0.0,0.0,0.0,0.0,0.0,0.0,0.0,0.0,inf,inf,inf,inf,inf,1,1,1,1,0,0,0,0,0,0,1,1,0,0,0,0
1777225969989000,0,1777225642797000,47.397742,8.545594,-0.011119492,-0.01505368,0.65300006,0.0,0.0,0.0,0.01,-0.04,0.68,0.0,0.0,0.0,0.0,0.013,0.020000001,0.016,0.021077432,0.0,0.0,0.0,0.0,0.0,0.0,0.0,0.0,0.0,0.0,0.0,0.0,inf,inf,inf,inf,inf,1,1,1,1,0,0,0,0,0,0,1,1,0,0,0,0
1777225970005000,0,1777225642797000,47.397742,8.545594,0.0,-0.01505368,0.642,0.0,0.0,0.0,0.01,-0.04,0.68,0.0,0.0,0.0,0.0,0.015000001,0.024,-0.020000001,0.02104318,0.0,0.0,0.0,0.0,0.0,0.0,0.0,0.0,0.0,0.0,0.0,0.0,inf,inf,inf,inf,inf,1,1,1,1,0,0,0,0,0,0,1,1,0,0,0,0
1777225970029000,0,1777225642797000,47.397742,8.545594,0.0,-0.01505368,0.62600005,0.0,0.0,0.0,0.01,-0.04,0.68,0.0,0.0,0.0,0.0,0.015000001,0.027,0.020000001,0.020998683,0.0,0.0,0.0,0.0,0.0,0.0,0.0,0.0,0.0,0.0,0.0,0.0,inf,inf,inf,inf,inf,1,1,1,1,0,0,0,0,0,0,1,1,0,0,0,0
1777225970045000,0,1777225642797000,47.397742,8.545594,0.0,-0.00752684,0.615,0.0,0.0,0.0,0.01,-0.04,0.68,0.0,0.0,0.0,0.0,0.010000001,0.024,-0.016,0.020974146,0.0,0.0,0.0,0.0,0.0,0.0,0.0,0.0,0.0,0.0,0.0,0.0,inf,inf,inf,inf,inf,1,1,1,1,0,0,0,0,0,0,1,1,0,0,0,0
1777225970061000,0,1777225642797000,47.397742,8.545594,-0.011119492,-0.00752684,0.60400003,0.0,0.0,0.0,0.01,-0.04,0.68,0.0,0.0,0.0,0.0,0.009000001,0.022000002,0.004,0.020951122,0.0,0.0,0.0,0.0,0.0,0.0,0.0,0.0,0.0,0.0,0.0,0.0,inf,inf,inf,inf,inf,1,1,1,1,0,0,0,0,0,0,1,1,0,0,0,0
1777225970085000,0,1777225642797000,47.397742,8.545594,0.0,0.0,0.587,0.0,0.0,0.0,0.01,-0.04,0.68,0.0,0.0,0.0,0.0,0.015000001,0.030000001,-0.014,0.020921217,0.0,0.0,0.0,0.0,0.0,0.0,0.0,0.0,0.0,0.0,0.0,0.0,inf,inf,inf,inf,inf,1,1,1,1,0,0,0,0,0,0,1,1,0,0,0,0
1777225970109000,0,1777225642797000,47.397742,8.545594,0.0,0.0,0.57100004,0.0,0.0,0.0,0.01,-0.04,0.68,0.0,0.0,0.0,0.0,0.018000001,0.035,0.022000002,0.02089396,0.0,0.0,0.0,0.0,0.0,0.0,0.0,0.0,0.0,0.0,0.0,0.0,inf,inf,inf,inf,inf,1,1,1,1,0,0,0,0,0,0,1,1,0,0,0,0
1777225970125000,0,1777225642797000,47.397742,8.545594,0.0,0.0,0.56,0.0,0.0,0.0,0.01,-0.03,0.68,0.0,0.0,0.0,0.0,0.015000001,0.036000002,-0.010000001,0.020875534,0.0,0.0,0.0,0.0,0.0,0.0,0.0,0.0,0.0,0.0,0.0,0.0,inf,inf,inf,inf,inf,1,1,1,1,0,0,0,0,0,0,1,1,0,0,0,0
1777225970141000,0,1777225642797000,47.397742,8.545594,-0.011119492,0.0,0.549,0.0,0.0,0.0,0.01,-0.03,0.68,0.0,0.0,0.0,0.0,0.014,0.036000002,0.008,0.020856958,0.0,0.0,0.0,0.0,0.0,0.0,0.0,0.0,0.0,0.0,0.0,0.0,inf,inf,inf,inf,inf,1,1,1,1,0,0,0,0,0,0,1,1,0,0,0,0
1777225970165000,0,1777225642797000,47.397742,8.545594,-0.011119492,0.00752684,0.532,0.0,0.0,0.0,0.01,-0.03,0.68,0.0,0.0,0.0,0.0,0.018000001,0.043,-0.010000001,0.020832635,0.0,0.0,0.0,0.0,0.0,0.0,0.0,0.0,0.0,0.0,0.0,0.0,inf,inf,inf,inf,inf,1,1,1,1,0,0,0,0,0,0,1,1,0,0,0,0
1777225970181000,0,1777225642797000,47.397742,8.545594,-0.011119492,0.0,0.521,0.0,0.0,0.0,0.02,-0.03,0.68,0.0,0.0,0.0,0.0,0.015000001,0.041,0.008,0.020818256,0.0,0.0,0.0,0.0,0.0,0.0,0.0,0.0,0.0,0.0,0.0,0.0,inf,inf,inf,inf,inf,1,1,1,1,0,0,0,0,0,0,1,1,0,0,0,0
1777225970205000,0,1777225642797000,47.397742,8.545594,0.0,-0.01505368,0.505,0.0,0.0,0.0,0.02,-0.03,0.69,0.0,0.0,0.0,0.0,0.014,0.042000003,-0.007,0.020800108,0.0,0.0,0.0,0.0,0.0,0.0,0.0,0.0,0.0,0.0,0.0,0.0,inf,inf,inf,inf,inf,1,1,1,1,0,0,0,0,0,0,1,1,0,0,0,0
1777225970221000,0,1777225642797000,47.397742,8.545594,0.0,-0.01505368,0.49400002,0.0,0.0,0.0,0.02,-0.03,0.69,0.0,0.0,0.0,0.0,0.012,0.041,0.010000001,0.020790866,0.0,0.0,0.0,0.0,0.0,0.0,0.0,0.0,0.0,0.0,0.0,0.0,inf,inf,inf,inf,inf,1,1,1,1,0,0,0,0,0,0,1,1,0,0,0,0
1777225970245000,0,1777225642797000,47.397742,8.545594,-0.011119492,-0.02258052,0.47700003,0.0,0.0,0.0,0.02,-0.03,0.69,0.0,0.0,0.0,0.0,0.008,0.040000003,-0.006,0.020781705,0.0,0.0,0.0,0.0,0.0,0.0,0.0,0.0,0.0,0.0,0.0,0.0,inf,inf,inf,inf,inf,1,1,1,1,0,0,0,0,0,0,1,1,0,0,0,0
1777225970261000,0,1777225642797000,47.397742,8.545594,-0.011119492,-0.02258052,0.46600002,0.0,0.0,0.0,0.02,-0.03,0.69,0.0,0.0,0.0,0.0,0.008,0.041,0.014,0.020780569,0.0,0.0,0.0,0.0,0.0,0.0,0.0,0.0,0.0,0.0,0.0,0.0,inf,inf,inf,inf,inf,1,1,1,1,0,0,0,0,0,0,1,1,0,0,0,0
1777225970285000,0,1777225642797000,47.397742,8.545594,-0.011119492,-0.00752684,0.44900003,0.0,0.0,0.0,0.02,-0.03,0.69,0.0,0.0,0.0,0.0,0.010000001,0.045,-0.007,0.020785451,0.0,0.0,0.0,0.0,0.0,0.0,0.0,0.0,0.0,0.0,0.0,0.0,inf,inf,inf,inf,inf,1,1,1,1,0,0,0,0,0,0,1,1,0,0,0,0
1777225970301000,0,1777225642797000,47.397742,8.545594,-0.011119492,-0.00752684,0.43800002,0.0,0.0,0.0,0.02,-0.03,0.69,0.0,0.0,0.0,0.0,0.009000001,0.046000004,0.012,0.020793855,0.0,0.0,0.0,0.0,0.0,0.0,0.0,0.0,0.0,0.0,0.0,0.0,inf,inf,inf,inf,inf,1,1,1,1,0,0,0,0,0,0,1,1,0,0,0,0
1777225970325000,0,1777225642797000,47.397742,8.545594,-0.011119492,-0.00752684,0.42200002,0.0,0.0,0.0,0.02,-0.03,0.69,0.0,0.0,0.0,0.0,0.006,0.044000003,-0.016,0.020812735,0.0,0.0,0.0,0.0,0.0,0.0,0.0,0.0,0.0,0.0,0.0,0.0,inf,inf,inf,inf,inf,1,1,1,1,0,0,0,0,0,0,1,1,0,0,0,0
1777225970349000,0,1777225642797000,47.397742,8.545594,0.0,-0.01505368,0.40500003,0.0,0.0,0.0,0.02,-0.03,0.69,0.0,0.0,0.0,0.0,0.006,0.048,0.021000002,0.020838857,0.0,0.0,0.0,0.0,0.0,0.0,0.0,0.0,0.0,0.0,0.0,0.0,inf,inf,inf,inf,inf,1,1,1,1,0,0,0,0,0,0,1,1,0,0,0,0
1777225970365000,0,1777225642797000,47.397742,8.545594,-0.011119492,-0.01505368,0.39400002,0.0,0.0,0.0,0.02,-0.02,0.69,0.0,0.0,0.0,0.0,0.003,0.045,0.013,0.020859875,0.0,0.0,0.0,0.0,0.0,0.0,0.0,0.0,0.0,0.0,0.0,0.0,inf,inf,inf,inf,inf,1,1,1,1,0,0,0,0,0,0,1,1,0,0,0,0
1777225970389000,0,1777225642797000,47.397742,8.545594,0.0,-0.02258052,0.377,0.0,0.0,0.0,0.02,-0.02,0.69,0.0,0.0,0.0,0.0,0.007,0.049000002,0.022000002,0.020892885,0.0,0.0,0.0,0.0,0.0,0.0,0.0,0.0,0.0,0.0,0.0,0.0,inf,inf,inf,inf,inf,1,1,1,1,0,0,0,0,0,0,1,1,0,0,0,0
1777225970405000,0,1777225642797000,47.397742,8.545594,0.0,-0.01505368,0.36600003,0.0,0.0,0.0,0.02,-0.02,0.69,0.0,0.0,0.0,0.0,0.006,0.049000002,-0.013,0.020916011,0.0,0.0,0.0,0.0,0.0,0.0,0.0,0.0,0.0,0.0,0.0,0.0,inf,inf,inf,inf,inf,1,1,1,1,0,0,0,0,0,0,1,1,0,0,0,0
1777225970421000,0,1777225642797000,47.397742,8.545594,0.0,-0.01505368,0.35500002,0.0,0.0,0.0,0.02,-0.02,0.69,0.0,0.0,0.0,0.0,0.007,0.051000003,0.003,0.02093988,0.0,0.0,0.0,0.0,0.0,0.0,0.0,0.0,0.0,0.0,0.0,0.0,inf,inf,inf,inf,inf,1,1,1,1,0,0,0,0,0,0,1,1,0,0,0,0
1777225970445000,0,1777225642797000,47.397742,8.545594,0.011119492,-0.01505368,0.33900002,0.0,0.0,0.0,0.02,-0.02,0.69,0.0,0.0,0.0,0.0,0.007,0.05,-0.017,0.020976469,0.0,0.0,0.0,0.0,0.0,0.0,0.0,0.0,0.0,0.0,0.0,0.0,inf,inf,inf,inf,inf,1,1,1,1,0,0,0,0,0,0,1,1,0,0,0,0
1777225970469000,0,1777225642797000,47.397742,8.545594,0.0,-0.00752684,0.32200003,0.0,0.0,0.0,0.02,-0.02,0.69,0.0,0.0,0.0,0.0,0.0050000004,0.05,0.017,0.021017488,0.0,0.0,0.0,0.0,0.0,0.0,0.0,0.0,0.0,0.0,0.0,0.0,inf,inf,inf,inf,inf,1,1,1,1,0,0,0,0,0,0,1,1,0,0,0,0
1777225970485000,0,1777225642797000,47.397742,8.545594,0.0,-0.02258052,0.31100002,0.0,0.0,0.0,0.02,-0.02,0.69,0.0,0.0,0.0,0.0,0.002,0.049000002,-0.015000001,0.021044232,0.0,0.0,0.0,0.0,0.0,0.0,0.0,0.0,0.0,0.0,0.0,0.0,inf,inf,inf,inf,inf,1,1,1,1,0,0,0,0,0,0,1,1,0,0,0,0
1777225970509000,0,1777225642797000,47.397742,8.545594,-0.011119492,-0.02258052,0.294,0.0,0.0,0.0,0.02,-0.02,0.69,0.0,0.0,0.0,0.0,0.002,0.051000003,0.018000001,0.021081656,0.0,0.0,0.0,0.0,0.0,0.0,0.0,0.0,0.0,0.0,0.0,0.0,inf,inf,inf,inf,inf,1,1,1,1,0,0,0,0,0,0,1,1,0,0,0,0
1777225970525000,0,1777225642797000,47.397742,8.545594,0.0,-0.00752684,0.28300002,0.0,0.0,0.0,0.02,-0.02,0.69,0.0,0.0,0.0,0.0,0.001,0.052,-0.017,0.02110479,0.0,0.0,0.0,0.0,0.0,0.0,0.0,0.0,0.0,0.0,0.0,0.0,inf,inf,inf,inf,inf,1,1,1,1,0,0,0,0,0,0,1,1,0,0,0,0
1777225970541000,0,1777225642797000,47.397742,8.545594,-0.011119492,-0.00752684,0.272,0.0,0.0,0.0,0.02,-0.02,0.69,0.0,0.0,0.0,0.0,0.003,0.055000003,0.002,0.021125598,0.0,0.0,0.0,0.0,0.0,0.0,0.0,0.0,0.0,0.0,0.0,0.0,inf,inf,inf,inf,inf,1,1,1,1,0,0,0,0,0,0,1,1,0,0,0,0
1777225970565000,0,1777225642797000,47.397742,8.545594,-0.011119492,-0.00752684,0.256,0.0,0.0,0.0,0.02,-0.01,0.69,0.0,0.0,0.0,0.0,0.0,0.052,-0.015000001,0.021155747,0.0,0.0,0.0,0.0,0.0,0.0,0.0,0.0,0.0,0.0,0.0,0.0,inf,inf,inf,inf,inf,1,1,1,1,0,0,0,0,0,0,1,1,0,0,0,0
1777225970581000,0,1777225642797000,47.397742,8.545594,0.0,-0.01505368,0.24400002,0.0,0.0,0.0,0.02,-0.01,0.69,0.0,0.0,0.0,0.0,-0.002,0.048,-0.003,0.021173855,0.0,0.0,0.0,0.0,0.0,0.0,0.0,0.0,0.0,0.0,0.0,0.0,inf,inf,inf,inf,inf,1,1,1,1,0,0,0,0,0,0,1,1,0,0,0,0
1777225970605000,0,1777225642797000,47.397742,8.545594,0.0,-0.02258052,0.22800002,0.0,0.0,0.0,0.02,-0.01,0.69,0.0,0.0,0.0,0.0,-0.004,0.046000004,-0.016,0.021200463,0.0,0.0,0.0,0.0,0.0,0.0,0.0,0.0,0.0,0.0,0.0,0.0,inf,inf,inf,inf,inf,1,1,1,1,0,0,0,0,0,0,1,1,0,0,0,0
1777225970621000,0,1777225642797000,47.397742,8.545594,0.0,-0.03010736,0.21700001,0.0,0.0,0.0,0.02,-0.01,0.69,0.0,0.0,0.0,0.0,-0.006,0.045,-0.001,0.021216951,0.0,0.0,0.0,0.0,0.0,0.0,0.0,0.0,0.0,0.0,0.0,0.0,inf,inf,inf,inf,inf,1,1,1,1,0,0,0,0,0,0,1,1,0,0,0,0
1777225970645000,0,1777225642797000,47.397742,8.545594,0.0,-0.02258052,0.2,0.0,0.0,0.0,0.02,-0.01,0.69,0.0,0.0,0.0,0.0,-0.002,0.048,-0.022000002,0.021240806,0.0,0.0,0.0,0.0,0.0,0.0,0.0,0.0,0.0,0.0,0.0,0.0,inf,inf,inf,inf,inf,1,1,1,1,0,0,0,0,0,0,1,1,0,0,0,0
1777225970669000,0,1777225642797000,47.397742,8.545594,0.011119492,-0.02258052,0.18300001,0.0,0.0,0.0,0.02,-0.01,0.69,0.0,0.0,0.0,0.0,-0.003,0.046000004,0.018000001,0.021265287,0.0,0.0,0.0,0.0,0.0,0.0,0.0,0.0,0.0,0.0,0.0,0.0,inf,inf,inf,inf,inf,1,1,1,1,0,0,0,0,0,0,1,1,0,0,0,0
1777225970685000,0,1777225642797000,47.397742,8.545594,0.0,-0.01505368,0.172,0.0,0.0,0.0,0.02,-0.01,0.69,0.0,0.0,0.0,0.0,-0.006,0.044000003,-0.019000001,0.021280574,0.0,0.0,0.0,0.0,0.0,0.0,0.0,0.0,0.0,0.0,0.0,0.0,inf,inf,inf,inf,inf,1,1,1,1,0,0,0,0,0,0,1,1,0,0,0,0
1777225970709000,0,1777225642797000,47.397742,8.545594,0.0,-0.00752684,0.156,0.0,0.0,0.0,0.02,-0.01,0.69,0.0,0.0,0.0,0.0,-0.003,0.046000004,0.018000001,0.021298062,0.0,0.0,0.0,0.0,0.0,0.0,0.0,0.0,0.0,0.0,0.0,0.0,inf,inf,inf,inf,inf,1,1,1,1,0,0,0,0,0,0,1,1,0,0,0,0
1777225970725000,0,1777225642797000,47.397742,8.545594,0.0,-0.01505368,0.14500001,0.0,0.0,0.0,0.02,-0.01,0.69,0.0,0.0,0.0,0.0,-0.003,0.047000002,-0.017,0.021308301,0.0,0.0,0.0,0.0,0.0,0.0,0.0,0.0,0.0,0.0,0.0,0.0,inf,inf,inf,inf,inf,1,1,1,1,0,0,0,0,0,0,1,1,0,0,0,0
1777225970749000,0,1777225642797000,47.397742,8.545594,0.0,-0.01505368,0.128,0.0,0.0,0.0,0.02,-0.01,0.69,0.0,0.0,0.0,0.0,-0.004,0.047000002,0.018000001,0.02131998,0.0,0.0,0.0,0.0,0.0,0.0,0.0,0.0,0.0,0.0,0.0,0.0,inf,inf,inf,inf,inf,1,1,1,1,0,0,0,0,0,0,1,1,0,0,0,0
1777225970765000,0,1777225642797000,47.397742,8.545594,0.0,-0.01505368,0.117000006,0.0,0.0,0.0,0.02,-0.01,0.69,0.0,0.0,0.0,0.0,-0.004,0.047000002,-0.014,0.021324605,0.0,0.0,0.0,0.0,0.0,0.0,0.0,0.0,0.0,0.0,0.0,0.0,inf,inf,inf,inf,inf,1,1,1,1,0,0,0,0,0,0,1,1,0,0,0,0
1777225970781000,0,1777225642797000,47.397742,8.545594,0.0,-0.02258052,0.106000006,0.0,0.0,0.0,0.02,0.0,0.69,0.0,0.0,0.0,0.0,-0.006,0.046000004,0.002,0.021327771,0.0,0.0,0.0,0.0,0.0,0.0,0.0,0.0,0.0,0.0,0.0,0.0,inf,inf,inf,inf,inf,1,1,1,1,0,0,0,0,0,0,1,1,0,0,0,0
1777225970805000,0,1777225642797000,47.397742,8.545594,0.0,-0.02258052,0.089,0.0,0.0,0.0,0.02,0.0,0.69,0.0,0.0,0.0,0.0,-0.0050000004,0.048,-0.019000001,0.021328757,0.0,0.0,0.0,0.0,0.0,0.0,0.0,0.0,0.0,0.0,0.0,0.0,inf,inf,inf,inf,inf,1,1,1,1,0,0,0,0,0,0,1,1,0,0,0,0
1777225970829000,0,1777225642797000,47.397742,8.545594,0.0,-0.01505368,0.072000004,0.0,0.0,0.0,0.02,0.0,0.69,0.0,0.0,0.0,0.0,-0.009000001,0.046000004,0.013,0.021329142,0.0,0.0,0.0,0.0,0.0,0.0,0.0,0.0,0.0,0.0,0.0,0.0,inf,inf,inf,inf,inf,1,1,1,1,0,0,0,0,0,0,1,1,0,0,0,0
1777225970845000,0,1777225642797000,47.397742,8.545594,-0.011119492,-0.02258052,0.061000004,0.0,0.0,0.0,0.02,0.0,0.69,0.0,0.0,0.0,0.0,-0.013,0.042000003,-0.019000001,0.021327741,0.0,0.0,0.0,0.0,0.0,0.0,0.0,0.0,0.0,0.0,0.0,0.0,inf,inf,inf,inf,inf,1,1,1,1,0,0,0,0,0,0,1,1,0,0,0,0
1777225970869000,0,1777225642797000,47.397742,8.545594,-0.011119492,-0.03010736,0.045,0.0,0.0,0.0,0.02,0.0,0.69,0.0,0.0,0.0,0.0,-0.011000001,0.046000004,0.016,0.021322206,0.0,0.0,0.0,0.0,0.0,0.0,0.0,0.0,0.0,0.0,0.0,0.0,inf,inf,inf,inf,inf,1,1,1,1,0,0,0,0,0,0,1,1,0,0,0,0
1777225970885000,0,1777225642797000,47.397742,8.545594,-0.011119492,-0.0376342,0.034,0.0,0.0,0.0,0.02,0.0,0.69,0.0,0.0,0.0,0.0,-0.013,0.046000004,0.006,0.02131471,0.0,0.0,0.0,0.0,0.0,0.0,0.0,0.0,0.0,0.0,0.0,0.0,inf,inf,inf,inf,inf,1,1,1,1,0,0,0,0,0,0,1,1,0,0,0,0
1777225970909000,0,1777225642797000,47.397742,8.545594,-0.011119492,-0.0376342,0.017,0.0,0.0,0.0,0.02,0.0,0.69,0.0,0.0,0.0,0.0,-0.014,0.046000004,0.020000001,0.021298273,0.0,0.0,0.0,0.0,0.0,0.0,0.0,0.0,0.0,0.0,0.0,0.0,inf,inf,inf,inf,inf,1,1,1,1,0,0,0,0,0,0,1,1,0,0,0,0
1777225970925000,0,1777225642797000,47.397742,8.545594,0.0,-0.0376342,0.006,0.0,0.0,0.0,0.02,0.0,0.69,0.0,0.0,0.0,0.0,-0.014,0.048,-0.016,0.021286475,0.0,0.0,0.0,0.0,0.0,0.0,0.0,0.0,0.0,0.0,0.0,0.0,inf,inf,inf,inf,inf,1,1,1,1,0,0,0,0,0,0,1,1,0,0,0,0
1777225970949000,0,1777225642797000,47.397742,8.545594,0.0,-0.0376342,0.0,0.0,0.0,0.0,0.0,0.0,0.0,0.0,0.0,0.0,0.0,0.0,0.0,0.0,0.02128058,0.0,0.0,0.0,0.0,0.0,0.0,0.0,0.0,0.0,0.0,0.0,0.0,inf,inf,inf,inf,inf,1,1,1,1,0,0,0,0,0,0,1,1,0,0,0,0
1777225970965000,0,1777225642797000,47.397742,8.545594,0.0,-0.04516104,0.0,0.0,0.0,0.0,0.0,0.0,0.0,0.0,0.0,0.0,0.0,0.0,0.0,0.0,0.02128058,0.0,0.0,0.0,0.0,0.0,0.0,0.0,0.0,0.0,0.0,0.0,0.0,inf,inf,inf,inf,inf,1,1,1,1,0,0,0,0,0,0,1,1,0,0,0,0
1777225970981000,0,1777225642797000,47.397742,8.545594,0.0,-0.0376342,0.0,0.0,0.0,0.0,0.0,0.0,0.0,0.0,0.0,0.0,0.0,0.0,0.0,0.0,0.02128058,0.0,0.0,0.0,0.0,0.0,0.0,0.0,0.0,0.0,0.0,0.0,0.0,inf,inf,inf,inf,inf,1,1,1,1,0,0,0,0,0,0,1,1,0,0,0,0
1777225971005000,0,1777225642797000,47.397742,8.545594,-0.011119492,-0.03010736,0.0,0.0,0.0,0.0,0.0,0.0,0.0,0.0,0.0,0.0,0.0,-0.012,0.051000003,-0.009000001,0.02128058,0.0,0.0,0.0,0.0,0.0,0.0,0.0,0.0,0.0,0.0,0.0,0.0,inf,inf,inf,inf,inf,1,1,1,1,0,0,0,0,0,0,1,1,0,0,0,0
1777225971021000,0,1777225642797000,47.397742,8.545594,0.0,-0.03010736,0.0,0.0,0.0,0.0,0.0,0.0,0.0,0.0,0.0,0.0,0.0,0.0,0.0,0.0,0.021280833,0.0,0.0,0.0,0.0,0.0,0.0,0.0,0.0,0.0,0.0,0.0,0.0,inf,inf,inf,inf,inf,1,1,1,1,0,0,0,0,0,0,1,1,0,0,0,0
1777225971045000,0,1777225642797000,47.397742,8.545594,0.0,-0.03010736,0.0,0.0,0.0,0.0,0.0,0.0,0.0,0.0,0.0,0.0,0.0,-0.017,0.044000003,-0.006,0.021280833,0.0,0.0,0.0,0.0,0.0,0.0,0.0,0.0,0.0,0.0,0.0,0.0,inf,inf,inf,inf,inf,1,1,1,1,0,0,0,0,0,0,1,1,0,0,0,0
1777225971061000,0,1777225642797000,47.397742,8.545594,0.0,-0.03010736,0.0,0.0,0.0,0.0,0.0,0.0,0.0,0.0,0.0,0.0,0.0,0.0,0.0,0.0,0.02128082,0.0,0.0,0.0,0.0,0.0,0.0,0.0,0.0,0.0,0.0,0.0,0.0,inf,inf,inf,inf,inf,1,1,1,1,0,0,0,0,0,0,1,1,0,0,0,0
1777225971085000,0,1777225642797000,47.397742,8.545594,0.011119492,-0.03010736,0.0,0.0,0.0,0.0,0.0,0.0,0.0,0.0,0.0,0.0,0.0,0.0,0.0,0.0,0.02128082,0.0,0.0,0.0,0.0,0.0,0.0,0.0,0.0,0.0,0.0,0.0,0.0,inf,inf,inf,inf,inf,1,1,1,1,0,0,0,0,0,0,1,1,0,0,0,0
1777225971109000,0,1777225642797000,47.397742,8.545594,0.011119492,-0.02258052,0.0,0.0,0.0,0.0,0.0,0.0,0.0,0.0,0.0,0.0,0.0,0.0,0.0,0.0,0.02128082,0.0,0.0,0.0,0.0,0.0,0.0,0.0,0.0,0.0,0.0,0.0,0.0,inf,inf,inf,inf,inf,1,1,1,1,0,0,0,0,0,0,1,1,0,0,0,0
1777225971125000,0,1777225642797000,47.397742,8.545594,0.011119492,-0.03010736,0.0,0.0,0.0,0.0,0.0,0.0,0.0,0.0,0.0,0.0,0.0,-0.015000001,0.046000004,-0.0050000004,0.021280974,0.0,0.0,0.0,0.0,0.0,0.0,0.0,0.0,0.0,0.0,0.0,0.0,inf,inf,inf,inf,inf,1,1,1,1,0,0,0,0,0,0,1,1,0,0,0,0
1777225971149000,0,1777225642797000,47.397742,8.545594,0.011119492,-0.02258052,0.0,0.0,0.0,0.0,0.0,0.0,0.0,0.0,0.0,0.0,0.0,0.0,0.0,0.0,0.021281602,0.0,0.0,0.0,0.0,0.0,0.0,0.0,0.0,0.0,0.0,0.0,0.0,inf,inf,inf,inf,inf,1,1,1,1,0,0,0,0,0,0,1,1,0,0,0,0
1777225971165000,0,1777225642797000,47.397742,8.545594,0.0,-0.02258052,0.0,0.0,0.0,0.0,0.0,0.0,0.0,0.0,0.0,0.0,0.0,0.0,0.0,0.0,0.021281602,0.0,0.0,0.0,0.0,0.0,0.0,0.0,0.0,0.0,0.0,0.0,0.0,inf,inf,inf,inf,inf,1,1,1,1,0,0,0,0,0,0,1,1,0,0,0,0
1777225971189000,0,1777225642797000,47.397742,8.545594,0.0,-0.03010736,0.0,0.0,0.0,0.0,0.0,0.0,0.0,0.0,0.0,0.0,0.0,0.0,0.0,0.0,0.021281602,0.0,0.0,0.0,0.0,0.0,0.0,0.0,0.0,0.0,0.0,0.0,0.0,inf,inf,inf,inf,inf,1,1,1,1,0,0,0,0,0,0,1,1,0,0,0,0
1777225971205000,0,1777225642797000,47.397742,8.545594,0.0,-0.01505368,0.0,0.0,0.0,0.0,0.0,0.0,0.0,0.0,0.0,0.0,0.0,0.0,0.0,0.0,0.021281602,0.0,0.0,0.0,0.0,0.0,0.0,0.0,0.0,0.0,0.0,0.0,0.0,inf,inf,inf,inf,inf,1,1,1,1,0,0,0,0,0,0,1,1,0,0,0,0
1777225971229000,0,1777225642797000,47.397742,8.545594,0.011119492,-0.02258052,0.0,0.0,0.0,0.0,0.0,0.0,0.0,0.0,0.0,0.0,0.0,0.0,0.0,0.0,0.021281602,0.0,0.0,0.0,0.0,0.0,0.0,0.0,0.0,0.0,0.0,0.0,0.0,inf,inf,inf,inf,inf,1,1,1,1,0,0,0,0,0,0,1,1,0,0,0,0
1777225971245000,0,1777225642797000,47.397742,8.545594,0.011119492,-0.01505368,0.0,0.0,0.0,0.0,0.0,0.0,0.0,0.0,0.0,0.0,0.0,0.0,0.0,0.0,0.021281602,0.0,0.0,0.0,0.0,0.0,0.0,0.0,0.0,0.0,0.0,0.0,0.0,inf,inf,inf,inf,inf,1,1,1,1,0,0,0,0,0,0,1,1,0,0,0,0
1777225971269000,0,1777225642797000,47.397742,8.545594,0.011119492,-0.01505368,0.0,0.0,0.0,0.0,0.0,0.0,0.0,0.0,0.0,0.0,0.0,0.0,0.0,0.0,0.021281602,0.0,0.0,0.0,0.0,0.0,0.0,0.0,0.0,0.0,0.0,0.0,0.0,inf,inf,inf,inf,inf,1,1,1,1,0,0,0,0,0,0,1,1,0,0,0,0
1777225971285000,0,1777225642797000,47.397742,8.545594,0.011119492,-0.02258052,0.0,0.0,0.0,0.0,0.0,0.0,0.0,0.0,0.0,0.0,0.0,0.0,0.0,0.0,0.021281602,0.0,0.0,0.0,0.0,0.0,0.0,0.0,0.0,0.0,0.0,0.0,0.0,inf,inf,inf,inf,inf,1,1,1,1,0,0,0,0,0,0,1,1,0,0,0,0
1777225971309000,0,1777225642797000,47.397742,8.545594,0.011119492,-0.02258052,0.0,0.0,0.0,0.0,0.0,0.0,0.0,0.0,0.0,0.0,0.0,0.0,0.0,0.0,0.021281602,0.0,0.0,0.0,0.0,0.0,0.0,0.0,0.0,0.0,0.0,0.0,0.0,inf,inf,inf,inf,inf,1,1,1,1,0,0,0,0,0,0,1,1,0,0,0,0
1777225971325000,0,1777225642797000,47.397742,8.545594,0.0,-0.01505368,0.0,0.0,0.0,0.0,0.0,0.0,0.0,0.0,0.0,0.0,0.0,0.0,0.0,0.0,0.021281602,0.0,0.0,0.0,0.0,0.0,0.0,0.0,0.0,0.0,0.0,0.0,0.0,inf,inf,inf,inf,inf,1,1,1,1,0,0,0,0,0,0,1,1,0,0,0,0
1777225971349000,0,1777225642797000,47.397742,8.545594,0.011119492,-0.02258052,0.0,0.0,0.0,0.0,0.0,0.0,0.0,0.0,0.0,0.0,0.0,0.0,0.0,0.0,0.021281602,0.0,0.0,0.0,0.0,0.0,0.0,0.0,0.0,0.0,0.0,0.0,0.0,inf,inf,inf,inf,inf,1,1,1,1,0,0,0,0,0,0,1,1,0,0,0,0
1777225971365000,0,1777225642797000,47.397742,8.545594,0.0,-0.03010736,0.0,0.0,0.0,0.0,0.0,0.0,0.0,0.0,0.0,0.0,0.0,0.0,0.0,0.0,0.021281602,0.0,0.0,0.0,0.0,0.0,0.0,0.0,0.0,0.0,0.0,0.0,0.0,inf,inf,inf,inf,inf,1,1,1,1,0,0,0,0,0,0,1,1,0,0,0,0
1777225971389000,0,1777225642797000,47.397742,8.545594,0.0,-0.02258052,0.0,0.0,0.0,0.0,0.0,0.0,0.0,0.0,0.0,0.0,0.0,0.0,0.0,0.0,0.021281602,0.0,0.0,0.0,0.0,0.0,0.0,0.0,0.0,0.0,0.0,0.0,0.0,inf,inf,inf,inf,inf,1,1,1,1,0,0,0,0,0,0,1,1,0,0,0,0
1777225971405000,0,1777225642797000,47.397742,8.545594,0.0,-0.03010736,0.0,0.0,0.0,0.0,0.0,0.0,0.0,0.0,0.0,0.0,0.0,0.0,0.0,0.0,0.021281602,0.0,0.0,0.0,0.0,0.0,0.0,0.0,0.0,0.0,0.0,0.0,0.0,inf,inf,inf,inf,inf,1,1,1,1,0,0,0,0,0,0,1,1,0,0,0,0
1777225971429000,0,1777225642797000,47.397742,8.545594,0.0,-0.03010736,0.0,0.0,0.0,0.0,0.0,0.0,0.0,0.0,0.0,0.0,0.0,0.0,0.0,0.0,0.021281602,0.0,0.0,0.0,0.0,0.0,0.0,0.0,0.0,0.0,0.0,0.0,0.0,inf,inf,inf,inf,inf,1,1,1,1,0,0,0,0,0,0,1,1,0,0,0,0
1777225971445000,0,1777225642797000,47.397742,8.545594,0.0,-0.03010736,0.0,0.0,0.0,0.0,0.0,0.0,0.0,0.0,0.0,0.0,0.0,0.0,0.0,0.0,0.021281602,0.0,0.0,0.0,0.0,0.0,0.0,0.0,0.0,0.0,0.0,0.0,0.0,inf,inf,inf,inf,inf,1,1,1,1,0,0,0,0,0,0,1,1,0,0,0,0
1777225971461000,0,1777225642797000,47.397742,8.545594,0.0,-0.0376342,0.0,0.0,0.0,0.0,0.0,0.0,0.0,0.0,0.0,0.0,0.0,0.0,0.0,0.0,0.021281602,0.0,0.0,0.0,0.0,0.0,0.0,0.0,0.0,0.0,0.0,0.0,0.0,inf,inf,inf,inf,inf,1,1,1,1,0,0,0,0,0,0,1,1,0,0,0,0
1777225971485000,0,1777225642797000,47.397742,8.545594,0.0,-0.02258052,0.0,0.0,0.0,0.0,0.0,0.0,0.0,0.0,0.0,0.0,0.0,0.0,0.0,0.0,0.021281602,0.0,0.0,0.0,0.0,0.0,0.0,0.0,0.0,0.0,0.0,0.0,0.0,inf,inf,inf,inf,inf,1,1,1,1,0,0,0,0,0,0,1,1,0,0,0,0
1777225971509000,0,1777225642797000,47.397742,8.545594,0.011119492,-0.03010736,0.0,0.0,0.0,0.0,0.0,0.0,0.0,0.0,0.0,0.0,0.0,0.0,0.0,0.0,0.021281602,0.0,0.0,0.0,0.0,0.0,0.0,0.0,0.0,0.0,0.0,0.0,0.0,inf,inf,inf,inf,inf,1,1,1,1,0,0,0,0,0,0,1,1,0,0,0,0
1777225971525000,0,1777225642797000,47.397742,8.545594,0.011119492,-0.02258052,0.0,0.0,0.0,0.0,0.0,0.0,0.0,0.0,0.0,0.0,0.0,0.0,0.0,0.0,0.021281602,0.0,0.0,0.0,0.0,0.0,0.0,0.0,0.0,0.0,0.0,0.0,0.0,inf,inf,inf,inf,inf,1,1,1,1,0,0,0,0,0,0,1,1,0,0,0,0
1777225971549000,0,1777225642797000,47.397742,8.545594,0.0,-0.03010736,0.0,0.0,0.0,0.0,0.0,0.0,0.0,0.0,0.0,0.0,0.0,0.0,0.0,0.0,0.021281602,0.0,0.0,0.0,0.0,0.0,0.0,0.0,0.0,0.0,0.0,0.0,0.0,inf,inf,inf,inf,inf,1,1,1,1,0,0,0,0,0,0,1,1,0,0,0,0
1777225971565000,0,1777225642797000,47.397742,8.545594,0.0,-0.02258052,0.0,0.0,0.0,0.0,0.0,0.0,0.0,0.0,0.0,0.0,0.0,0.0,0.0,0.0,0.021281602,0.0,0.0,0.0,0.0,0.0,0.0,0.0,0.0,0.0,0.0,0.0,0.0,inf,inf,inf,inf,inf,1,1,1,1,0,0,0,0,0,0,1,1,0,0,0,0
1777225971589000,0,1777225642797000,47.397742,8.545594,0.0,-0.02258052,0.0,0.0,0.0,0.0,0.0,0.0,0.0,0.0,0.0,0.0,0.0,0.0,0.0,0.0,0.021281602,0.0,0.0,0.0,0.0,0.0,0.0,0.0,0.0,0.0,0.0,0.0,0.0,inf,inf,inf,inf,inf,1,1,1,1,0,0,0,0,0,0,1,1,0,0,0,0
1777225971605000,0,1777225642797000,47.397742,8.545594,0.011119492,-0.01505368,0.0,0.0,0.0,0.0,0.0,0.0,0.0,0.0,0.0,0.0,0.0,0.0,0.0,0.0,0.021281602,0.0,0.0,0.0,0.0,0.0,0.0,0.0,0.0,0.0,0.0,0.0,0.0,inf,inf,inf,inf,inf,1,1,1,1,0,0,0,0,0,0,1,1,0,0,0,0
1777225971629000,0,1777225642797000,47.397742,8.545594,0.0,-0.02258052,0.0,0.0,0.0,0.0,0.0,0.0,0.0,0.0,0.0,0.0,0.0,0.0,0.0,0.0,0.021281602,0.0,0.0,0.0,0.0,0.0,0.0,0.0,0.0,0.0,0.0,0.0,0.0,inf,inf,inf,inf,inf,1,1,1,1,0,0,0,0,0,0,1,1,0,0,0,0
1777225971645000,0,1777225642797000,47.397742,8.545594,0.0,-0.02258052,0.0,0.0,0.0,0.0,0.0,0.0,0.0,0.0,0.0,0.0,0.0,0.0,0.0,0.0,0.021281602,0.0,0.0,0.0,0.0,0.0,0.0,0.0,0.0,0.0,0.0,0.0,0.0,inf,inf,inf,inf,inf,1,1,1,1,0,0,0,0,0,0,1,1,0,0,0,0
1777225971669000,0,1777225642797000,47.397742,8.545594,0.0,-0.02258052,0.0,0.0,0.0,0.0,0.0,0.0,0.0,0.0,0.0,0.0,0.0,0.0,0.0,0.0,0.021281602,0.0,0.0,0.0,0.0,0.0,0.0,0.0,0.0,0.0,0.0,0.0,0.0,inf,inf,inf,inf,inf,1,1,1,1,0,0,0,0,0,0,1,1,0,0,0,0
1777225971685000,0,1777225642797000,47.397742,8.545594,0.0,-0.02258052,0.0,0.0,0.0,0.0,0.0,0.0,0.0,0.0,0.0,0.0,0.0,0.0,0.0,0.0,0.021281602,0.0,0.0,0.0,0.0,0.0,0.0,0.0,0.0,0.0,0.0,0.0,0.0,inf,inf,inf,inf,inf,1,1,1,1,0,0,0,0,0,0,1,1,0,0,0,0
1777225971709000,0,1777225642797000,47.397742,8.545594,0.011119492,-0.02258052,0.0,0.0,0.0,0.0,0.0,0.0,0.0,0.0,0.0,0.0,0.0,0.0,0.0,0.0,0.021281602,0.0,0.0,0.0,0.0,0.0,0.0,0.0,0.0,0.0,0.0,0.0,0.0,inf,inf,inf,inf,inf,1,1,1,1,0,0,0,0,0,0,1,1,0,0,0,0
1777225971725000,0,1777225642797000,47.397742,8.545594,0.0,-0.01505368,0.0,0.0,0.0,0.0,0.0,0.0,0.0,0.0,0.0,0.0,0.0,0.0,0.0,0.0,0.021281602,0.0,0.0,0.0,0.0,0.0,0.0,0.0,0.0,0.0,0.0,0.0,0.0,inf,inf,inf,inf,inf,1,1,1,1,0,0,0,0,0,0,1,1,0,0,0,0
1777225971749000,0,1777225642797000,47.397742,8.545594,0.0,-0.01505368,0.0,0.0,0.0,0.0,0.0,0.0,0.0,0.0,0.0,0.0,0.0,0.0,0.0,0.0,0.021281602,0.0,0.0,0.0,0.0,0.0,0.0,0.0,0.0,0.0,0.0,0.0,0.0,inf,inf,inf,inf,inf,1,1,1,1,0,0,0,0,0,0,1,1,0,0,0,0
1777225971765000,0,1777225642797000,47.397742,8.545594,0.0,-0.01505368,0.0,0.0,0.0,0.0,0.0,0.0,0.0,0.0,0.0,0.0,0.0,0.0,0.0,0.0,0.021281602,0.0,0.0,0.0,0.0,0.0,0.0,0.0,0.0,0.0,0.0,0.0,0.0,inf,inf,inf,inf,inf,1,1,1,1,0,0,0,0,0,0,1,1,0,0,0,0
1777225971789000,0,1777225642797000,47.397742,8.545594,0.0,-0.00752684,0.0,0.0,0.0,0.0,0.0,0.0,0.0,0.0,0.0,0.0,0.0,0.0,0.0,0.0,0.021281602,0.0,0.0,0.0,0.0,0.0,0.0,0.0,0.0,0.0,0.0,0.0,0.0,inf,inf,inf,inf,inf,1,1,1,1,0,0,0,0,0,0,1,1,0,0,0,0
1777225971805000,0,1777225642797000,47.397742,8.545594,0.0,-0.00752684,0.0,0.0,0.0,0.0,0.0,0.0,0.0,0.0,0.0,0.0,0.0,0.0,0.0,0.0,0.021281602,0.0,0.0,0.0,0.0,0.0,0.0,0.0,0.0,0.0,0.0,0.0,0.0,inf,inf,inf,inf,inf,1,1,1,1,0,0,0,0,0,0,1,1,0,0,0,0
1777225971829000,0,1777225642797000,47.397742,8.545594,0.0,-0.00752684,0.0,0.0,0.0,0.0,0.0,0.0,0.0,0.0,0.0,0.0,0.0,0.0,0.0,0.0,0.021281602,0.0,0.0,0.0,0.0,0.0,0.0,0.0,0.0,0.0,0.0,0.0,0.0,inf,inf,inf,inf,inf,1,1,1,1,0,0,0,0,0,0,1,1,0,0,0,0
1777225971845000,0,1777225642797000,47.397742,8.545594,0.0,-0.02258052,0.0,0.0,0.0,0.0,0.0,0.0,0.0,0.0,0.0,0.0,0.0,0.0,0.0,0.0,0.021281602,0.0,0.0,0.0,0.0,0.0,0.0,0.0,0.0,0.0,0.0,0.0,0.0,inf,inf,inf,inf,inf,1,1,1,1,0,0,0,0,0,0,1,1,0,0,0,0
1777225971861000,0,1777225642797000,47.397742,8.545594,0.0,-0.02258052,0.0,0.0,0.0,0.0,0.0,0.0,0.0,0.0,0.0,0.0,0.0,0.0,0.0,0.0,0.021281602,0.0,0.0,0.0,0.0,0.0,0.0,0.0,0.0,0.0,0.0,0.0,0.0,inf,inf,inf,inf,inf,1,1,1,1,0,0,0,0,0,0,1,1,0,0,0,0
1777225971885000,0,1777225642797000,47.397742,8.545594,0.0,-0.02258052,0.0,0.0,0.0,0.0,0.0,0.0,0.0,0.0,0.0,0.0,0.0,0.0,0.0,0.0,0.021281602,0.0,0.0,0.0,0.0,0.0,0.0,0.0,0.0,0.0,0.0,0.0,0.0,inf,inf,inf,inf,inf,1,1,1,1,0,0,0,0,0,0,1,1,0,0,0,0
1777225971901000,0,1777225642797000,47.397742,8.545594,0.0,-0.03010736,0.0,0.0,0.0,0.0,0.0,0.0,0.0,0.0,0.0,0.0,0.0,0.0,0.0,0.0,0.021281602,0.0,0.0,0.0,0.0,0.0,0.0,0.0,0.0,0.0,0.0,0.0,0.0,inf,inf,inf,inf,inf,1,1,1,1,0,0,0,0,0,0,1,1,0,0,0,0
1777225971925000,0,1777225642797000,47.397742,8.545594,-0.011119492,-0.02258052,0.0,0.0,0.0,0.0,0.0,0.0,0.0,0.0,0.0,0.0,0.0,0.0,0.0,0.0,0.021281602,0.0,0.0,0.0,0.0,0.0,0.0,0.0,0.0,0.0,0.0,0.0,0.0,inf,inf,inf,inf,inf,1,1,1,1,0,0,0,0,0,0,1,1,0,0,0,0
1777225971941000,0,1777225642797000,47.397742,8.545594,-0.011119492,-0.02258052,0.0,0.0,0.0,0.0,0.0,0.0,0.0,0.0,0.0,0.0,0.0,0.0,0.0,0.0,0.021281602,0.0,0.0,0.0,0.0,0.0,0.0,0.0,0.0,0.0,0.0,0.0,0.0,inf,inf,inf,inf,inf,1,1,1,1,0,0,0,0,0,0,1,1,0,0,0,0
1777225971965000,0,1777225642797000,47.397742,8.545594,0.0,-0.01505368,0.0,0.0,0.0,0.0,0.0,0.0,0.0,0.0,0.0,0.0,0.0,0.0,0.0,0.0,0.021281602,0.0,0.0,0.0,0.0,0.0,0.0,0.0,0.0,0.0,0.0,0.0,0.0,inf,inf,inf,inf,inf,1,1,1,1,0,0,0,0,0,0,1,1,0,0,0,0
1777225971989000,0,1777225642797000,47.397742,8.545594,0.0,-0.01505368,0.0,0.0,0.0,0.0,0.0,0.0,0.0,0.0,0.0,0.0,0.0,0.0,0.0,0.0,0.021281602,0.0,0.0,0.0,0.0,0.0,0.0,0.0,0.0,0.0,0.0,0.0,0.0,inf,inf,inf,inf,inf,1,1,1,1,0,0,0,0,0,0,1,1,0,0,0,0
1777225972005000,0,1777225642797000,47.397742,8.545594,0.0,-0.02258052,0.0,0.0,0.0,0.0,0.0,0.0,0.0,0.0,0.0,0.0,0.0,0.0,0.0,0.0,0.021281602,0.0,0.0,0.0,0.0,0.0,0.0,0.0,0.0,0.0,0.0,0.0,0.0,inf,inf,inf,inf,inf,1,1,1,1,0,0,0,0,0,0,1,1,0,0,0,0
1777225972029000,0,1777225642797000,47.397742,8.545594,-0.011119492,-0.02258052,0.0,0.0,0.0,0.0,0.0,0.0,0.0,0.0,0.0,0.0,0.0,0.0,0.0,0.0,0.021281602,0.0,0.0,0.0,0.0,0.0,0.0,0.0,0.0,0.0,0.0,0.0,0.0,inf,inf,inf,inf,inf,1,1,1,1,0,0,0,0,0,0,1,1,0,0,0,0
1777225972045000,0,1777225642797000,47.397742,8.545594,-0.011119492,-0.02258052,0.0,0.0,0.0,0.0,0.0,0.0,0.0,0.0,0.0,0.0,0.0,0.0,0.0,0.0,0.021281602,0.0,0.0,0.0,0.0,0.0,0.0,0.0,0.0,0.0,0.0,0.0,0.0,inf,inf,inf,inf,inf,1,1,1,1,0,0,0,0,0,0,1,1,0,0,0,0
1777225972069000,0,1777225642797000,47.397742,8.545594,0.0,-0.01505368,0.0,0.0,0.0,0.0,0.0,0.0,0.0,0.0,0.0,0.0,0.0,0.0,0.0,0.0,0.021281602,0.0,0.0,0.0,0.0,0.0,0.0,0.0,0.0,0.0,0.0,0.0,0.0,inf,inf,inf,inf,inf,1,1,1,1,0,0,0,0,0,0,1,1,0,0,0,0
1777225972085000,0,1777225642797000,47.397742,8.545594,-0.011119492,-0.00752684,0.0,0.0,0.0,0.0,0.0,0.0,0.0,0.0,0.0,0.0,0.0,0.0,0.0,0.0,0.021281602,0.0,0.0,0.0,0.0,0.0,0.0,0.0,0.0,0.0,0.0,0.0,0.0,inf,inf,inf,inf,inf,1,1,1,1,0,0,0,0,0,0,1,1,0,0,0,0
1777225972109000,0,1777225642797000,47.397742,8.545594,-0.011119492,-0.00752684,0.0,0.0,0.0,0.0,0.0,0.0,0.0,0.0,0.0,0.0,0.0,0.0,0.0,0.0,0.021281602,0.0,0.0,0.0,0.0,0.0,0.0,0.0,0.0,0.0,0.0,0.0,0.0,inf,inf,inf,inf,inf,1,1,1,1,0,0,0,0,0,0,1,1,0,0,0,0
1777225972125000,0,1777225642797000,47.397742,8.545594,-0.011119492,-0.01505368,0.0,0.0,0.0,0.0,0.0,0.0,0.0,0.0,0.0,0.0,0.0,0.0,0.0,0.0,0.021281602,0.0,0.0,0.0,0.0,0.0,0.0,0.0,0.0,0.0,0.0,0.0,0.0,inf,inf,inf,inf,inf,1,1,1,1,0,0,0,0,0,0,1,1,0,0,0,0
1777225972149000,0,1777225642797000,47.397742,8.545594,-0.011119492,-0.02258052,0.0,0.0,0.0,0.0,0.0,0.0,0.0,0.0,0.0,0.0,0.0,0.0,0.0,0.0,0.021281602,0.0,0.0,0.0,0.0,0.0,0.0,0.0,0.0,0.0,0.0,0.0,0.0,inf,inf,inf,inf,inf,1,1,1,1,0,0,0,0,0,0,1,1,0,0,0,0
1777225972165000,0,1777225642797000,47.397742,8.545594,-0.011119492,-0.02258052,0.0,0.0,0.0,0.0,0.0,0.0,0.0,0.0,0.0,0.0,0.0,0.0,0.0,0.0,0.021281602,0.0,0.0,0.0,0.0,0.0,0.0,0.0,0.0,0.0,0.0,0.0,0.0,inf,inf,inf,inf,inf,1,1,1,1,0,0,0,0,0,0,1,1,0,0,0,0
1777225972181000,0,1777225642797000,47.397742,8.545594,0.0,-0.03010736,0.0,0.0,0.0,0.0,0.0,0.0,0.0,0.0,0.0,0.0,0.0,0.0,0.0,0.0,0.021281602,0.0,0.0,0.0,0.0,0.0,0.0,0.0,0.0,0.0,0.0,0.0,0.0,inf,inf,inf,inf,inf,1,1,1,1,0,0,0,0,0,0,1,1,0,0,0,0
1777225972205000,0,1777225642797000,47.397742,8.545594,0.0,-0.0376342,0.0,0.0,0.0,0.0,0.0,0.0,0.0,0.0,0.0,0.0,0.0,0.0,0.0,0.0,0.021281602,0.0,0.0,0.0,0.0,0.0,0.0,0.0,0.0,0.0,0.0,0.0,0.0,inf,inf,inf,inf,inf,1,1,1,1,0,0,0,0,0,0,1,1,0,0,0,0
1777225972229000,0,1777225642797000,47.397742,8.545594,0.0,-0.03010736,0.0,0.0,0.0,0.0,0.0,0.0,0.0,0.0,0.0,0.0,0.0,0.0,0.0,0.0,0.021281602,0.0,0.0,0.0,0.0,0.0,0.0,0.0,0.0,0.0,0.0,0.0,0.0,inf,inf,inf,inf,inf,1,1,1,1,0,0,0,0,0,0,1,1,0,0,0,0
1777225972245000,0,1777225642797000,47.397742,8.545594,0.0,-0.0376342,0.0,0.0,0.0,0.0,0.0,0.0,0.0,0.0,0.0,0.0,0.0,0.0,0.0,0.0,0.021281602,0.0,0.0,0.0,0.0,0.0,0.0,0.0,0.0,0.0,0.0,0.0,0.0,inf,inf,inf,inf,inf,1,1,1,1,0,0,0,0,0,0,1,1,0,0,0,0
1777225972269000,0,1777225642797000,47.397742,8.545594,0.0,-0.03010736,0.0,0.0,0.0,0.0,0.0,0.0,0.0,0.0,0.0,0.0,0.0,0.0,0.0,0.0,0.021281602,0.0,0.0,0.0,0.0,0.0,0.0,0.0,0.0,0.0,0.0,0.0,0.0,inf,inf,inf,inf,inf,1,1,1,1,0,0,0,0,0,0,1,1,0,0,0,0
1777225972285000,0,1777225642797000,47.397742,8.545594,0.0,-0.02258052,0.0,0.0,0.0,0.0,0.0,0.0,0.0,0.0,0.0,0.0,0.0,0.0,0.0,0.0,0.021281602,0.0,0.0,0.0,0.0,0.0,0.0,0.0,0.0,0.0,0.0,0.0,0.0,inf,inf,inf,inf,inf,1,1,1,1,0,0,0,0,0,0,1,1,0,0,0,0
1777225972309000,0,1777225642797000,47.397742,8.545594,0.0,-0.00752684,0.0,0.0,0.0,0.0,0.0,0.0,0.0,0.0,0.0,0.0,0.0,0.0,0.0,0.0,0.021281602,0.0,0.0,0.0,0.0,0.0,0.0,0.0,0.0,0.0,0.0,0.0,0.0,inf,inf,inf,inf,inf,1,1,1,1,0,0,0,0,0,0,1,1,0,0,0,0
1777225972325000,0,1777225642797000,47.397742,8.545594,0.0,-0.01505368,0.0,0.0,0.0,0.0,0.0,0.0,0.0,0.0,0.0,0.0,0.0,0.0,0.0,0.0,0.021281602,0.0,0.0,0.0,0.0,0.0,0.0,0.0,0.0,0.0,0.0,0.0,0.0,inf,inf,inf,inf,inf,1,1,1,1,0,0,0,0,0,0,1,1,0,0,0,0
1777225972349000,0,1777225642797000,47.397742,8.545594,-0.011119492,-0.01505368,0.0,0.0,0.0,0.0,0.0,0.0,0.0,0.0,0.0,0.0,0.0,0.0,0.0,0.0,0.021281602,0.0,0.0,0.0,0.0,0.0,0.0,0.0,0.0,0.0,0.0,0.0,0.0,inf,inf,inf,inf,inf,1,1,1,1,0,0,0,0,0,0,1,1,0,0,0,0
1777225972365000,0,1777225642797000,47.397742,8.545594,0.0,-0.01505368,0.0,0.0,0.0,0.0,0.0,0.0,0.0,0.0,0.0,0.0,0.0,0.0,0.0,0.0,0.021281602,0.0,0.0,0.0,0.0,0.0,0.0,0.0,0.0,0.0,0.0,0.0,0.0,inf,inf,inf,inf,inf,1,1,1,1,0,0,0,0,0,0,1,1,0,0,0,0
1777225972389000,0,1777225642797000,47.397742,8.545594,0.011119492,-0.01505368,0.0,0.0,0.0,0.0,0.0,0.0,0.0,0.0,0.0,0.0,0.0,0.0,0.0,0.0,0.021281602,0.0,0.0,0.0,0.0,0.0,0.0,0.0,0.0,0.0,0.0,0.0,0.0,inf,inf,inf,inf,inf,1,1,1,1,0,0,0,0,0,0,1,1,0,0,0,0
1777225972405000,0,1777225642797000,47.397742,8.545594,0.011119492,-0.02258052,0.0,0.0,0.0,0.0,0.0,0.0,0.0,0.0,0.0,0.0,0.0,0.0,0.0,0.0,0.021281602,0.0,0.0,0.0,0.0,0.0,0.0,0.0,0.0,0.0,0.0,0.0,0.0,inf,inf,inf,inf,inf,1,1,1,1,0,0,0,0,0,0,1,1,0,0,0,0
1777225972429000,0,1777225642797000,47.397742,8.545594,0.011119492,-0.02258052,0.0,0.0,0.0,0.0,0.0,0.0,0.0,0.0,0.0,0.0,0.0,0.0,0.0,0.0,0.021281602,0.0,0.0,0.0,0.0,0.0,0.0,0.0,0.0,0.0,0.0,0.0,0.0,inf,inf,inf,inf,inf,1,1,1,1,0,0,0,0,0,0,1,1,0,0,0,0
1777225972445000,0,1777225642797000,47.397742,8.545594,0.011119492,-0.03010736,0.0,0.0,0.0,0.0,0.0,0.0,0.0,0.0,0.0,0.0,0.0,0.0,0.0,0.0,0.021281602,0.0,0.0,0.0,0.0,0.0,0.0,0.0,0.0,0.0,0.0,0.0,0.0,inf,inf,inf,inf,inf,1,1,1,1,0,0,0,0,0,0,1,1,0,0,0,0
1777225972469000,0,1777225642797000,47.397742,8.545594,0.011119492,-0.03010736,0.0,0.0,0.0,0.0,0.0,0.0,0.0,0.0,0.0,0.0,0.0,0.0,0.0,0.0,0.021281602,0.0,0.0,0.0,0.0,0.0,0.0,0.0,0.0,0.0,0.0,0.0,0.0,inf,inf,inf,inf,inf,1,1,1,1,0,0,0,0,0,0,1,1,0,0,0,0
1777225972485000,0,1777225642797000,47.397742,8.545594,0.011119492,-0.03010736,0.0,0.0,0.0,0.0,0.0,0.0,0.0,0.0,0.0,0.0,0.0,0.0,0.0,0.0,0.021281602,0.0,0.0,0.0,0.0,0.0,0.0,0.0,0.0,0.0,0.0,0.0,0.0,inf,inf,inf,inf,inf,1,1,1,1,0,0,0,0,0,0,1,1,0,0,0,0
1777225972509000,0,1777225642797000,47.397742,8.545594,0.011119492,-0.0376342,0.0,0.0,0.0,0.0,0.0,0.0,0.0,0.0,0.0,0.0,0.0,0.0,0.0,0.0,0.021281602,0.0,0.0,0.0,0.0,0.0,0.0,0.0,0.0,0.0,0.0,0.0,0.0,inf,inf,inf,inf,inf,1,1,1,1,0,0,0,0,0,0,1,1,0,0,0,0
1777225972525000,0,1777225642797000,47.397742,8.545594,0.011119492,-0.0376342,0.0,0.0,0.0,0.0,0.0,0.0,0.0,0.0,0.0,0.0,0.0,0.0,0.0,0.0,0.021281602,0.0,0.0,0.0,0.0,0.0,0.0,0.0,0.0,0.0,0.0,0.0,0.0,inf,inf,inf,inf,inf,1,1,1,1,0,0,0,0,0,0,1,1,0,0,0,0
1777225972549000,0,1777225642797000,47.397742,8.545594,0.011119492,-0.02258052,0.0,0.0,0.0,0.0,0.0,0.0,0.0,0.0,0.0,0.0,0.0,0.0,0.0,0.0,0.021281602,0.0,0.0,0.0,0.0,0.0,0.0,0.0,0.0,0.0,0.0,0.0,0.0,inf,inf,inf,inf,inf,1,1,1,1,0,0,0,0,0,0,1,1,0,0,0,0
1777225972565000,0,1777225642797000,47.397742,8.545594,0.011119492,-0.02258052,0.0,0.0,0.0,0.0,0.0,0.0,0.0,0.0,0.0,0.0,0.0,0.0,0.0,0.0,0.021281602,0.0,0.0,0.0,0.0,0.0,0.0,0.0,0.0,0.0,0.0,0.0,0.0,inf,inf,inf,inf,inf,1,1,1,1,0,0,0,0,0,0,1,1,0,0,0,0
1777225972589000,0,1777225642797000,47.397742,8.545594,0.0,-0.02258052,0.0,0.0,0.0,0.0,0.0,0.0,0.0,0.0,0.0,0.0,0.0,0.0,0.0,0.0,0.021281602,0.0,0.0,0.0,0.0,0.0,0.0,0.0,0.0,0.0,0.0,0.0,0.0,inf,inf,inf,inf,inf,1,1,1,1,0,0,0,0,0,0,1,1,0,0,0,0
1777225972605000,0,1777225642797000,47.397742,8.545594,0.0,-0.01505368,0.0,0.0,0.0,0.0,0.0,0.0,0.0,0.0,0.0,0.0,0.0,0.0,0.0,0.0,0.021281602,0.0,0.0,0.0,0.0,0.0,0.0,0.0,0.0,0.0,0.0,0.0,0.0,inf,inf,inf,inf,inf,1,1,1,1,0,0,0,0,0,0,1,1,0,0,0,0
1777225972629000,0,1777225642797000,47.397742,8.545594,0.011119492,-0.01505368,0.0,0.0,0.0,0.0,0.0,0.0,0.0,0.0,0.0,0.0,0.0,0.0,0.0,0.0,0.021281602,0.0,0.0,0.0,0.0,0.0,0.0,0.0,0.0,0.0,0.0,0.0,0.0,inf,inf,inf,inf,inf,1,1,1,1,0,0,0,0,0,0,1,1,0,0,0,0
1777225972645000,0,1777225642797000,47.397742,8.545594,0.011119492,-0.01505368,0.0,0.0,0.0,0.0,0.0,0.0,0.0,0.0,0.0,0.0,0.0,0.0,0.0,0.0,0.021281602,0.0,0.0,0.0,0.0,0.0,0.0,0.0,0.0,0.0,0.0,0.0,0.0,inf,inf,inf,inf,inf,1,1,1,1,0,0,0,0,0,0,1,1,0,0,0,0
1777225972661000,0,1777225642797000,47.397742,8.545594,0.011119492,-0.02258052,0.0,0.0,0.0,0.0,0.0,0.0,0.0,0.0,0.0,0.0,0.0,0.0,0.0,0.0,0.021281602,0.0,0.0,0.0,0.0,0.0,0.0,0.0,0.0,0.0,0.0,0.0,0.0,inf,inf,inf,inf,inf,1,1,1,1,0,0,0,0,0,0,1,1,0,0,0,0
1777225972685000,0,1777225642797000,47.397742,8.545594,0.011119492,-0.03010736,0.0,0.0,0.0,0.0,0.0,0.0,0.0,0.0,0.0,0.0,0.0,0.0,0.0,0.0,0.021281602,0.0,0.0,0.0,0.0,0.0,0.0,0.0,0.0,0.0,0.0,0.0,0.0,inf,inf,inf,inf,inf,1,1,1,1,0,0,0,0,0,0,1,1,0,0,0,0
1777225972709000,0,1777225642797000,47.397742,8.545594,0.011119492,-0.02258052,0.0,0.0,0.0,0.0,0.0,0.0,0.0,0.0,0.0,0.0,0.0,0.0,0.0,0.0,0.021281602,0.0,0.0,0.0,0.0,0.0,0.0,0.0,0.0,0.0,0.0,0.0,0.0,inf,inf,inf,inf,inf,1,1,1,1,0,0,0,0,0,0,1,1,0,0,0,0
1777225972725000,0,1777225642797000,47.397742,8.545594,0.0,-0.01505368,0.0,0.0,0.0,0.0,0.0,0.0,0.0,0.0,0.0,0.0,0.0,0.0,0.0,0.0,0.021281602,0.0,0.0,0.0,0.0,0.0,0.0,0.0,0.0,0.0,0.0,0.0,0.0,inf,inf,inf,inf,inf,1,1,1,1,0,0,0,0,0,0,1,1,0,0,0,0
1777225972749000,0,1777225642797000,47.397742,8.545594,0.0,-0.01505368,0.0,0.0,0.0,0.0,0.0,0.0,0.0,0.0,0.0,0.0,0.0,0.0,0.0,0.0,0.021281602,0.0,0.0,0.0,0.0,0.0,0.0,0.0,0.0,0.0,0.0,0.0,0.0,inf,inf,inf,inf,inf,1,1,1,1,0,0,0,0,0,0,1,1,0,0,0,0
1777225972765000,0,1777225642797000,47.397742,8.545594,-0.011119492,-0.01505368,0.0,0.0,0.0,0.0,0.0,0.0,0.0,0.0,0.0,0.0,0.0,0.0,0.0,0.0,0.021281602,0.0,0.0,0.0,0.0,0.0,0.0,0.0,0.0,0.0,0.0,0.0,0.0,inf,inf,inf,inf,inf,1,1,1,1,0,0,0,0,0,0,1,1,0,0,0,0
1777225972789000,0,1777225642797000,47.397742,8.545594,-0.011119492,-0.01505368,0.0,0.0,0.0,0.0,0.0,0.0,0.0,0.0,0.0,0.0,0.0,0.0,0.0,0.0,0.021281602,0.0,0.0,0.0,0.0,0.0,0.0,0.0,0.0,0.0,0.0,0.0,0.0,inf,inf,inf,inf,inf,1,1,1,1,0,0,0,0,0,0,1,1,0,0,0,0
1777225972805000,0,1777225642797000,47.397742,8.545594,0.0,-0.02258052,0.0,0.0,0.0,0.0,0.0,0.0,0.0,0.0,0.0,0.0,0.0,0.0,0.0,0.0,0.021281602,0.0,0.0,0.0,0.0,0.0,0.0,0.0,0.0,0.0,0.0,0.0,0.0,inf,inf,inf,inf,inf,1,1,1,1,0,0,0,0,0,0,1,1,0,0,0,0
1777225972829000,0,1777225642797000,47.397742,8.545594,-0.011119492,-0.01505368,0.0,0.0,0.0,0.0,0.0,0.0,0.0,0.0,0.0,0.0,0.0,0.0,0.0,0.0,0.021281602,0.0,0.0,0.0,0.0,0.0,0.0,0.0,0.0,0.0,0.0,0.0,0.0,inf,inf,inf,inf,inf,1,1,1,1,0,0,0,0,0,0,1,1,0,0,0,0
1777225972845000,0,1777225642797000,47.397742,8.545594,0.0,-0.02258052,0.0,0.0,0.0,0.0,0.0,0.0,0.0,0.0,0.0,0.0,0.0,0.0,0.0,0.0,0.021281602,0.0,0.0,0.0,0.0,0.0,0.0,0.0,0.0,0.0,0.0,0.0,0.0,inf,inf,inf,inf,inf,1,1,1,1,0,0,0,0,0,0,1,1,0,0,0,0
1777225972861000,0,1777225642797000,47.397742,8.545594,0.0,-0.01505368,0.0,0.0,0.0,0.0,0.0,0.0,0.0,0.0,0.0,0.0,0.0,0.0,0.0,0.0,0.021281602,0.0,0.0,0.0,0.0,0.0,0.0,0.0,0.0,0.0,0.0,0.0,0.0,inf,inf,inf,inf,inf,1,1,1,1,0,0,0,0,0,0,1,1,0,0,0,0
1777225972885000,0,1777225642797000,47.397742,8.545594,0.0,-0.02258052,0.0,0.0,0.0,0.0,0.0,0.0,0.0,0.0,0.0,0.0,0.0,0.0,0.0,0.0,0.021281602,0.0,0.0,0.0,0.0,0.0,0.0,0.0,0.0,0.0,0.0,0.0,0.0,inf,inf,inf,inf,inf,1,1,1,1,0,0,0,0,0,0,1,1,0,0,0,0
1777225972901000,0,1777225642797000,47.397742,8.545594,0.011119492,-0.02258052,0.0,0.0,0.0,0.0,0.0,0.0,0.0,0.0,0.0,0.0,0.0,0.0,0.0,0.0,0.021281602,0.0,0.0,0.0,0.0,0.0,0.0,0.0,0.0,0.0,0.0,0.0,0.0,inf,inf,inf,inf,inf,1,1,1,1,0,0,0,0,0,0,1,1,0,0,0,0
1777225972925000,0,1777225642797000,47.397742,8.545594,0.011119492,-0.03010736,0.0,0.0,0.0,0.0,0.0,0.0,0.0,0.0,0.0,0.0,0.0,0.0,0.0,0.0,0.021281602,0.0,0.0,0.0,0.0,0.0,0.0,0.0,0.0,0.0,0.0,0.0,0.0,inf,inf,inf,inf,inf,1,1,1,1,0,0,0,0,0,0,1,1,0,0,0,0
1777225972949000,0,1777225642797000,47.397742,8.545594,0.022238985,-0.02258052,0.0,0.0,0.0,0.0,0.0,0.0,0.0,0.0,0.0,0.0,0.0,0.0,0.0,0.0,0.021281602,0.0,0.0,0.0,0.0,0.0,0.0,0.0,0.0,0.0,0.0,0.0,0.0,inf,inf,inf,inf,inf,1,1,1,1,0,0,0,0,0,0,1,1,0,0,0,0
1777225972965000,0,1777225642797000,47.397742,8.545594,0.011119492,-0.01505368,0.0,0.0,0.0,0.0,0.0,0.0,0.0,0.0,0.0,0.0,0.0,0.0,0.0,0.0,0.021281602,0.0,0.0,0.0,0.0,0.0,0.0,0.0,0.0,0.0,0.0,0.0,0.0,inf,inf,inf,inf,inf,1,1,1,1,0,0,0,0,0,0,1,1,0,0,0,0
1777225972989000,0,1777225642797000,47.397742,8.545594,0.011119492,-0.02258052,0.0,0.0,0.0,0.0,0.0,0.0,0.0,0.0,0.0,0.0,0.0,0.0,0.0,0.0,0.021281602,0.0,0.0,0.0,0.0,0.0,0.0,0.0,0.0,0.0,0.0,0.0,0.0,inf,inf,inf,inf,inf,1,1,1,1,0,0,0,0,0,0,1,1,0,0,0,0
1777225973005000,0,1777225642797000,47.397742,8.545594,0.011119492,-0.01505368,0.0,0.0,0.0,0.0,0.0,0.0,0.0,0.0,0.0,0.0,0.0,0.0,0.0,0.0,0.021281602,0.0,0.0,0.0,0.0,0.0,0.0,0.0,0.0,0.0,0.0,0.0,0.0,inf,inf,inf,inf,inf,1,1,1,1,0,0,0,0,0,0,1,1,0,0,0,0
1777225973029000,0,1777225642797000,47.397742,8.545594,0.011119492,-0.01505368,0.0,0.0,0.0,0.0,0.0,0.0,0.0,0.0,0.0,0.0,0.0,0.0,0.0,0.0,0.021281602,0.0,0.0,0.0,0.0,0.0,0.0,0.0,0.0,0.0,0.0,0.0,0.0,inf,inf,inf,inf,inf,1,1,1,1,0,0,0,0,0,0,1,1,0,0,0,0
1777225973045000,0,1777225642797000,47.397742,8.545594,0.011119492,-0.01505368,0.0,0.0,0.0,0.0,0.0,0.0,0.0,0.0,0.0,0.0,0.0,0.0,0.0,0.0,0.021281602,0.0,0.0,0.0,0.0,0.0,0.0,0.0,0.0,0.0,0.0,0.0,0.0,inf,inf,inf,inf,inf,1,1,1,1,0,0,0,0,0,0,1,1,0,0,0,0
1777225973069000,0,1777225642797000,47.397742,8.545594,0.011119492,-0.00752684,0.0,0.0,0.0,0.0,0.0,0.0,0.0,0.0,0.0,0.0,0.0,0.0,0.0,0.0,0.021281602,0.0,0.0,0.0,0.0,0.0,0.0,0.0,0.0,0.0,0.0,0.0,0.0,inf,inf,inf,inf,inf,1,1,1,1,0,0,0,0,0,0,1,1,0,0,0,0
1777225973085000,0,1777225642797000,47.397742,8.545594,0.011119492,-0.00752684,0.0,0.0,0.0,0.0,0.0,0.0,0.0,0.0,0.0,0.0,0.0,0.0,0.0,0.0,0.021281602,0.0,0.0,0.0,0.0,0.0,0.0,0.0,0.0,0.0,0.0,0.0,0.0,inf,inf,inf,inf,inf,1,1,1,1,0,0,0,0,0,0,1,1,0,0,0,0
1777225973101000,0,1777225642797000,47.397742,8.545594,0.011119492,0.0,0.0,0.0,0.0,0.0,0.0,0.0,0.0,0.0,0.0,0.0,0.0,0.0,0.0,0.0,0.021281602,0.0,0.0,0.0,0.0,0.0,0.0,0.0,0.0,0.0,0.0,0.0,0.0,inf,inf,inf,inf,inf,1,1,1,1,0,0,0,0,0,0,1,1,0,0,0,0
1777225973125000,0,1777225642797000,47.397742,8.545594,0.0,-0.00752684,0.0,0.0,0.0,0.0,0.0,0.0,0.0,0.0,0.0,0.0,0.0,0.0,0.0,0.0,0.021281602,0.0,0.0,0.0,0.0,0.0,0.0,0.0,0.0,0.0,0.0,0.0,0.0,inf,inf,inf,inf,inf,1,1,1,1,0,0,0,0,0,0,1,1,0,0,0,0
1777225973149000,0,1777225642797000,47.397742,8.545594,0.011119492,-0.01505368,0.0,0.0,0.0,0.0,0.0,0.0,0.0,0.0,0.0,0.0,0.0,0.0,0.0,0.0,0.021281602,0.0,0.0,0.0,0.0,0.0,0.0,0.0,0.0,0.0,0.0,0.0,0.0,inf,inf,inf,inf,inf,1,1,1,1,0,0,0,0,0,0,1,1,0,0,0,0
1777225973165000,0,1777225642797000,47.397742,8.545594,0.022238985,-0.01505368,0.0,0.0,0.0,0.0,0.0,0.0,0.0,0.0,0.0,0.0,0.0,0.0,0.0,0.0,0.021281602,0.0,0.0,0.0,0.0,0.0,0.0,0.0,0.0,0.0,0.0,0.0,0.0,inf,inf,inf,inf,inf,1,1,1,1,0,0,0,0,0,0,1,1,0,0,0,0
1777225973189000,0,1777225642797000,47.397742,8.545594,0.022238985,-0.01505368,0.0,0.0,0.0,0.0,0.0,0.0,0.0,0.0,0.0,0.0,0.0,0.0,0.0,0.0,0.021281602,0.0,0.0,0.0,0.0,0.0,0.0,0.0,0.0,0.0,0.0,0.0,0.0,inf,inf,inf,inf,inf,1,1,1,1,0,0,0,0,0,0,1,1,0,0,0,0
1777225973205000,0,1777225642797000,47.397742,8.545594,0.022238985,-0.02258052,0.0,0.0,0.0,0.0,0.0,0.0,0.0,0.0,0.0,0.0,0.0,0.0,0.0,0.0,0.021281602,0.0,0.0,0.0,0.0,0.0,0.0,0.0,0.0,0.0,0.0,0.0,0.0,inf,inf,inf,inf,inf,1,1,1,1,0,0,0,0,0,0,1,1,0,0,0,0
1777225973229000,0,1777225642797000,47.397742,8.545594,0.011119492,-0.03010736,0.0,0.0,0.0,0.0,0.0,0.0,0.0,0.0,0.0,0.0,0.0,0.0,0.0,0.0,0.021281602,0.0,0.0,0.0,0.0,0.0,0.0,0.0,0.0,0.0,0.0,0.0,0.0,inf,inf,inf,inf,inf,1,1,1,1,0,0,0,0,0,0,1,1,0,0,0,0
1777225973245000,0,1777225642797000,47.397742,8.545594,0.011119492,-0.0376342,0.0,0.0,0.0,0.0,0.0,0.0,0.0,0.0,0.0,0.0,0.0,0.0,0.0,0.0,0.021281602,0.0,0.0,0.0,0.0,0.0,0.0,0.0,0.0,0.0,0.0,0.0,0.0,inf,inf,inf,inf,inf,1,1,1,1,0,0,0,0,0,0,1,1,0,0,0,0
1777225973269000,0,1777225642797000,47.397742,8.545594,0.011119492,-0.03010736,0.0,0.0,0.0,0.0,0.0,0.0,0.0,0.0,0.0,0.0,0.0,0.0,0.0,0.0,0.021281602,0.0,0.0,0.0,0.0,0.0,0.0,0.0,0.0,0.0,0.0,0.0,0.0,inf,inf,inf,inf,inf,1,1,1,1,0,0,0,0,0,0,1,1,0,0,0,0
1777225973285000,0,1777225642797000,47.397742,8.545594,0.011119492,-0.03010736,0.0,0.0,0.0,0.0,0.0,0.0,0.0,0.0,0.0,0.0,0.0,0.0,0.0,0.0,0.021281602,0.0,0.0,0.0,0.0,0.0,0.0,0.0,0.0,0.0,0.0,0.0,0.0,inf,inf,inf,inf,inf,1,1,1,1,0,0,0,0,0,0,1,1,0,0,0,0
1777225973309000,0,1777225642797000,47.397742,8.545594,0.011119492,-0.03010736,0.0,0.0,0.0,0.0,0.0,0.0,0.0,0.0,0.0,0.0,0.0,0.0,0.0,0.0,0.021281602,0.0,0.0,0.0,0.0,0.0,0.0,0.0,0.0,0.0,0.0,0.0,0.0,inf,inf,inf,inf,inf,1,1,1,1,0,0,0,0,0,0,1,1,0,0,0,0
1777225973325000,0,1777225642797000,47.397742,8.545594,0.011119492,-0.03010736,0.0,0.0,0.0,0.0,0.0,0.0,0.0,0.0,0.0,0.0,0.0,0.0,0.0,0.0,0.021281602,0.0,0.0,0.0,0.0,0.0,0.0,0.0,0.0,0.0,0.0,0.0,0.0,inf,inf,inf,inf,inf,1,1,1,1,0,0,0,0,0,0,1,1,0,0,0,0
1777225973341000,0,1777225642797000,47.397742,8.545594,0.011119492,-0.02258052,0.0,0.0,0.0,0.0,0.0,0.0,0.0,0.0,0.0,0.0,0.0,0.0,0.0,0.0,0.021281602,0.0,0.0,0.0,0.0,0.0,0.0,0.0,0.0,0.0,0.0,0.0,0.0,inf,inf,inf,inf,inf,1,1,1,1,0,0,0,0,0,0,1,1,0,0,0,0
1777225973365000,0,1777225642797000,47.397742,8.545594,0.022238985,-0.04516104,0.0,0.0,0.0,0.0,0.0,0.0,0.0,0.0,0.0,0.0,0.0,0.0,0.0,0.0,0.021281602,0.0,0.0,0.0,0.0,0.0,0.0,0.0,0.0,0.0,0.0,0.0,0.0,inf,inf,inf,inf,inf,1,1,1,1,0,0,0,0,0,0,1,1,0,0,0,0
1777225973389000,0,1777225642797000,47.397742,8.545594,0.011119492,-0.03010736,0.0,0.0,0.0,0.0,0.0,0.0,0.0,0.0,0.0,0.0,0.0,0.0,0.0,0.0,0.021281602,0.0,0.0,0.0,0.0,0.0,0.0,0.0,0.0,0.0,0.0,0.0,0.0,inf,inf,inf,inf,inf,1,1,1,1,0,0,0,0,0,0,1,1,0,0,0,0
1777225973405000,0,1777225642797000,47.397742,8.545594,0.011119492,-0.02258052,0.0,0.0,0.0,0.0,0.0,0.0,0.0,0.0,0.0,0.0,0.0,0.0,0.0,0.0,0.021281602,0.0,0.0,0.0,0.0,0.0,0.0,0.0,0.0,0.0,0.0,0.0,0.0,inf,inf,inf,inf,inf,1,1,1,1,0,0,0,0,0,0,1,1,0,0,0,0
1777225973429000,0,1777225642797000,47.397742,8.545594,0.022238985,-0.02258052,0.0,0.0,0.0,0.0,0.0,0.0,0.0,0.0,0.0,0.0,0.0,0.0,0.0,0.0,0.021281602,0.0,0.0,0.0,0.0,0.0,0.0,0.0,0.0,0.0,0.0,0.0,0.0,inf,inf,inf,inf,inf,1,1,1,1,0,0,0,0,0,0,1,1,0,0,0,0
1777225973445000,0,1777225642797000,47.397742,8.545594,0.011119492,-0.02258052,0.0,0.0,0.0,0.0,0.0,0.0,0.0,0.0,0.0,0.0,0.0,0.0,0.0,0.0,0.021281602,0.0,0.0,0.0,0.0,0.0,0.0,0.0,0.0,0.0,0.0,0.0,0.0,inf,inf,inf,inf,inf,1,1,1,1,0,0,0,0,0,0,1,1,0,0,0,0
1777225973461000,0,1777225642797000,47.397742,8.545594,0.022238985,-0.01505368,0.0,0.0,0.0,0.0,0.0,0.0,0.0,0.0,0.0,0.0,0.0,0.0,0.0,0.0,0.021281602,0.0,0.0,0.0,0.0,0.0,0.0,0.0,0.0,0.0,0.0,0.0,0.0,inf,inf,inf,inf,inf,1,1,1,1,0,0,0,0,0,0,1,1,0,0,0,0
1777225973485000,0,1777225642797000,47.397742,8.545594,0.022238985,-0.02258052,0.0,0.0,0.0,0.0,0.0,0.0,0.0,0.0,0.0,0.0,0.0,0.0,0.0,0.0,0.021281602,0.0,0.0,0.0,0.0,0.0,0.0,0.0,0.0,0.0,0.0,0.0,0.0,inf,inf,inf,inf,inf,1,1,1,1,0,0,0,0,0,0,1,1,0,0,0,0
1777225973501000,0,1777225642797000,47.397742,8.545594,0.033358477,-0.01505368,0.0,0.0,0.0,0.0,0.0,0.0,0.0,0.0,0.0,0.0,0.0,0.0,0.0,0.0,0.021281602,0.0,0.0,0.0,0.0,0.0,0.0,0.0,0.0,0.0,0.0,0.0,0.0,inf,inf,inf,inf,inf,1,1,1,1,0,0,0,0,0,0,1,1,0,0,0,0
1777225973525000,0,1777225642797000,47.397742,8.545594,0.022238985,-0.01505368,0.0,0.0,0.0,0.0,0.0,0.0,0.0,0.0,0.0,0.0,0.0,0.0,0.0,0.0,0.021281602,0.0,0.0,0.0,0.0,0.0,0.0,0.0,0.0,0.0,0.0,0.0,0.0,inf,inf,inf,inf,inf,1,1,1,1,0,0,0,0,0,0,1,1,0,0,0,0
1777225973541000,0,1777225642797000,47.397742,8.545594,0.022238985,-0.01505368,0.0,0.0,0.0,0.0,0.0,0.0,0.0,0.0,0.0,0.0,0.0,0.0,0.0,0.0,0.021281602,0.0,0.0,0.0,0.0,0.0,0.0,0.0,0.0,0.0,0.0,0.0,0.0,inf,inf,inf,inf,inf,1,1,1,1,0,0,0,0,0,0,1,1,0,0,0,0
1777225973565000,0,1777225642797000,47.397742,8.545594,0.022238985,-0.02258052,0.0,0.0,0.0,0.0,0.0,0.0,0.0,0.0,0.0,0.0,0.0,0.0,0.0,0.0,0.021281602,0.0,0.0,0.0,0.0,0.0,0.0,0.0,0.0,0.0,0.0,0.0,0.0,inf,inf,inf,inf,inf,1,1,1,1,0,0,0,0,0,0,1,1,0,0,0,0
1777225973589000,0,1777225642797000,47.397742,8.545594,0.022238985,-0.02258052,0.0,0.0,0.0,0.0,0.0,0.0,0.0,0.0,0.0,0.0,0.0,0.0,0.0,0.0,0.021281602,0.0,0.0,0.0,0.0,0.0,0.0,0.0,0.0,0.0,0.0,0.0,0.0,inf,inf,inf,inf,inf,1,1,1,1,0,0,0,0,0,0,1,1,0,0,0,0
1777225973605000,0,1777225642797000,47.397742,8.545594,0.022238985,-0.01505368,0.0,0.0,0.0,0.0,0.0,0.0,0.0,0.0,0.0,0.0,0.0,0.0,0.0,0.0,0.021281602,0.0,0.0,0.0,0.0,0.0,0.0,0.0,0.0,0.0,0.0,0.0,0.0,inf,inf,inf,inf,inf,1,1,1,1,0,0,0,0,0,0,1,1,0,0,0,0
1777225973629000,0,1777225642797000,47.397742,8.545594,0.011119492,-0.01505368,0.0,0.0,0.0,0.0,0.0,0.0,0.0,0.0,0.0,0.0,0.0,0.0,0.0,0.0,0.021281602,0.0,0.0,0.0,0.0,0.0,0.0,0.0,0.0,0.0,0.0,0.0,0.0,inf,inf,inf,inf,inf,1,1,1,1,0,0,0,0,0,0,1,1,0,0,0,0
1777225973645000,0,1777225642797000,47.397742,8.545594,0.011119492,-0.00752684,0.0,0.0,0.0,0.0,0.0,0.0,0.0,0.0,0.0,0.0,0.0,0.0,0.0,0.0,0.021281602,0.0,0.0,0.0,0.0,0.0,0.0,0.0,0.0,0.0,0.0,0.0,0.0,inf,inf,inf,inf,inf,1,1,1,1,0,0,0,0,0,0,1,1,0,0,0,0
1777225973661000,0,1777225642797000,47.397742,8.545594,0.011119492,-0.00752684,0.0,0.0,0.0,0.0,0.0,0.0,0.0,0.0,0.0,0.0,0.0,0.0,0.0,0.0,0.021281602,0.0,0.0,0.0,0.0,0.0,0.0,0.0,0.0,0.0,0.0,0.0,0.0,inf,inf,inf,inf,inf,1,1,1,1,0,0,0,0,0,0,1,1,0,0,0,0
1777225973685000,0,1777225642797000,47.397742,8.545594,0.011119492,-0.01505368,0.0,0.0,0.0,0.0,0.0,0.0,0.0,0.0,0.0,0.0,0.0,0.0,0.0,0.0,0.021281602,0.0,0.0,0.0,0.0,0.0,0.0,0.0,0.0,0.0,0.0,0.0,0.0,inf,inf,inf,inf,inf,1,1,1,1,0,0,0,0,0,0,1,1,0,0,0,0
1777225973709000,0,1777225642797000,47.397742,8.545594,0.011119492,-0.01505368,0.0,0.0,0.0,0.0,0.0,0.0,0.0,0.0,0.0,0.0,0.0,0.0,0.0,0.0,0.021281602,0.0,0.0,0.0,0.0,0.0,0.0,0.0,0.0,0.0,0.0,0.0,0.0,inf,inf,inf,inf,inf,1,1,1,1,0,0,0,0,0,0,1,1,0,0,0,0
1777225973725000,0,1777225642797000,47.397742,8.545594,0.0,-0.02258052,0.0,0.0,0.0,0.0,0.0,0.0,0.0,0.0,0.0,0.0,0.0,0.0,0.0,0.0,0.021281602,0.0,0.0,0.0,0.0,0.0,0.0,0.0,0.0,0.0,0.0,0.0,0.0,inf,inf,inf,inf,inf,1,1,1,1,0,0,0,0,0,0,1,1,0,0,0,0
1777225973749000,0,1777225642797000,47.397742,8.545594,0.011119492,-0.02258052,0.0,0.0,0.0,0.0,0.0,0.0,0.0,0.0,0.0,0.0,0.0,0.0,0.0,0.0,0.021281602,0.0,0.0,0.0,0.0,0.0,0.0,0.0,0.0,0.0,0.0,0.0,0.0,inf,inf,inf,inf,inf,1,1,1,1,0,0,0,0,0,0,1,1,0,0,0,0
1777225973765000,0,1777225642797000,47.397742,8.545594,0.011119492,-0.02258052,0.0,0.0,0.0,0.0,0.0,0.0,0.0,0.0,0.0,0.0,0.0,0.0,0.0,0.0,0.021281602,0.0,0.0,0.0,0.0,0.0,0.0,0.0,0.0,0.0,0.0,0.0,0.0,inf,inf,inf,inf,inf,1,1,1,1,0,0,0,0,0,0,1,1,0,0,0,0
1777225973781000,0,1777225642797000,47.397742,8.545594,0.011119492,-0.01505368,0.0,0.0,0.0,0.0,0.0,0.0,0.0,0.0,0.0,0.0,0.0,0.0,0.0,0.0,0.021281602,0.0,0.0,0.0,0.0,0.0,0.0,0.0,0.0,0.0,0.0,0.0,0.0,inf,inf,inf,inf,inf,1,1,1,1,0,0,0,0,0,0,1,1,0,0,0,0
1777225973805000,0,1777225642797000,47.397742,8.545594,0.011119492,-0.00752684,0.0,0.0,0.0,0.0,0.0,0.0,0.0,0.0,0.0,0.0,0.0,0.0,0.0,0.0,0.021281602,0.0,0.0,0.0,0.0,0.0,0.0,0.0,0.0,0.0,0.0,0.0,0.0,inf,inf,inf,inf,inf,1,1,1,1,0,0,0,0,0,0,1,1,0,0,0,0
1777225973821000,0,1777225642797000,47.397742,8.545594,0.0,-0.00752684,0.0,0.0,0.0,0.0,0.0,0.0,0.0,0.0,0.0,0.0,0.0,0.0,0.0,0.0,0.021281602,0.0,0.0,0.0,0.0,0.0,0.0,0.0,0.0,0.0,0.0,0.0,0.0,inf,inf,inf,inf,inf,1,1,1,1,0,0,0,0,0,0,1,1,0,0,0,0
1777225973845000,0,1777225642797000,47.397742,8.545594,0.0,-0.00752684,0.0,0.0,0.0,0.0,0.0,0.0,0.0,0.0,0.0,0.0,0.0,0.0,0.0,0.0,0.021281602,0.0,0.0,0.0,0.0,0.0,0.0,0.0,0.0,0.0,0.0,0.0,0.0,inf,inf,inf,inf,inf,1,1,1,1,0,0,0,0,0,0,1,1,0,0,0,0
1777225973869000,0,1777225642797000,47.397742,8.545594,0.0,-0.01505368,0.0,0.0,0.0,0.0,0.0,0.0,0.0,0.0,0.0,0.0,0.0,0.0,0.0,0.0,0.021281602,0.0,0.0,0.0,0.0,0.0,0.0,0.0,0.0,0.0,0.0,0.0,0.0,inf,inf,inf,inf,inf,1,1,1,1,0,0,0,0,0,0,1,1,0,0,0,0
1777225973885000,0,1777225642797000,47.397742,8.545594,0.0,-0.01505368,0.0,0.0,0.0,0.0,0.0,0.0,0.0,0.0,0.0,0.0,0.0,0.0,0.0,0.0,0.021281602,0.0,0.0,0.0,0.0,0.0,0.0,0.0,0.0,0.0,0.0,0.0,0.0,inf,inf,inf,inf,inf,1,1,1,1,0,0,0,0,0,0,1,1,0,0,0,0
1777225973909000,0,1777225642797000,47.397742,8.545594,0.0,-0.01505368,0.0,0.0,0.0,0.0,0.0,0.0,0.0,0.0,0.0,0.0,0.0,0.0,0.0,0.0,0.021281602,0.0,0.0,0.0,0.0,0.0,0.0,0.0,0.0,0.0,0.0,0.0,0.0,inf,inf,inf,inf,inf,1,1,1,1,0,0,0,0,0,0,1,1,0,0,0,0
1777225973925000,0,1777225642797000,47.397742,8.545594,0.0,-0.01505368,0.0,0.0,0.0,0.0,0.0,0.0,0.0,0.0,0.0,0.0,0.0,0.0,0.0,0.0,0.021281602,0.0,0.0,0.0,0.0,0.0,0.0,0.0,0.0,0.0,0.0,0.0,0.0,inf,inf,inf,inf,inf,1,1,1,1,0,0,0,0,0,0,1,1,0,0,0,0
1777225973941000,0,1777225642797000,47.397742,8.545594,0.0,-0.01505368,0.0,0.0,0.0,0.0,0.0,0.0,0.0,0.0,0.0,0.0,0.0,0.0,0.0,0.0,0.021281602,0.0,0.0,0.0,0.0,0.0,0.0,0.0,0.0,0.0,0.0,0.0,0.0,inf,inf,inf,inf,inf,1,1,1,1,0,0,0,0,0,0,1,1,0,0,0,0
1777225973965000,0,1777225642797000,47.397742,8.545594,0.0,-0.02258052,0.0,0.0,0.0,0.0,0.0,0.0,0.0,0.0,0.0,0.0,0.0,0.0,0.0,0.0,0.021281602,0.0,0.0,0.0,0.0,0.0,0.0,0.0,0.0,0.0,0.0,0.0,0.0,inf,inf,inf,inf,inf,1,1,1,1,0,0,0,0,0,0,1,1,0,0,0,0
1777225973989000,0,1777225642797000,47.397742,8.545594,0.011119492,-0.01505368,0.0,0.0,0.0,0.0,0.0,0.0,0.0,0.0,0.0,0.0,0.0,0.0,0.0,0.0,0.021281602,0.0,0.0,0.0,0.0,0.0,0.0,0.0,0.0,0.0,0.0,0.0,0.0,inf,inf,inf,inf,inf,1,1,1,1,0,0,0,0,0,0,1,1,0,0,0,0
1777225974005000,0,1777225642797000,47.397742,8.545594,0.011119492,-0.01505368,0.0,0.0,0.0,0.0,0.0,0.0,0.0,0.0,0.0,0.0,0.0,0.0,0.0,0.0,0.021281602,0.0,0.0,0.0,0.0,0.0,0.0,0.0,0.0,0.0,0.0,0.0,0.0,inf,inf,inf,inf,inf,1,1,1,1,0,0,0,0,0,0,1,1,0,0,0,0
1777225974029000,0,1777225642797000,47.397742,8.545594,0.011119492,-0.01505368,0.0,0.0,0.0,0.0,0.0,0.0,0.0,0.0,0.0,0.0,0.0,0.0,0.0,0.0,0.021281602,0.0,0.0,0.0,0.0,0.0,0.0,0.0,0.0,0.0,0.0,0.0,0.0,inf,inf,inf,inf,inf,1,1,1,1,0,0,0,0,0,0,1,1,0,0,0,0
1777225974045000,0,1777225642797000,47.397742,8.545594,0.0,-0.01505368,0.0,0.0,0.0,0.0,0.0,0.0,0.0,0.0,0.0,0.0,0.0,0.0,0.0,0.0,0.021281602,0.0,0.0,0.0,0.0,0.0,0.0,0.0,0.0,0.0,0.0,0.0,0.0,inf,inf,inf,inf,inf,1,1,1,1,0,0,0,0,0,0,1,1,0,0,0,0
1777225974061000,0,1777225642797000,47.397742,8.545594,0.0,-0.01505368,0.0,0.0,0.0,0.0,0.0,0.0,0.0,0.0,0.0,0.0,0.0,0.0,0.0,0.0,0.021281602,0.0,0.0,0.0,0.0,0.0,0.0,0.0,0.0,0.0,0.0,0.0,0.0,inf,inf,inf,inf,inf,1,1,1,1,0,0,0,0,0,0,1,1,0,0,0,0
1777225974085000,0,1777225642797000,47.397742,8.545594,0.011119492,-0.01505368,0.0,0.0,0.0,0.0,0.0,0.0,0.0,0.0,0.0,0.0,0.0,0.0,0.0,0.0,0.021281602,0.0,0.0,0.0,0.0,0.0,0.0,0.0,0.0,0.0,0.0,0.0,0.0,inf,inf,inf,inf,inf,1,1,1,1,0,0,0,0,0,0,1,1,0,0,0,0
1777225974109000,0,1777225642797000,47.397742,8.545594,0.011119492,-0.01505368,0.0,0.0,0.0,0.0,0.0,0.0,0.0,0.0,0.0,0.0,0.0,0.0,0.0,0.0,0.021281602,0.0,0.0,0.0,0.0,0.0,0.0,0.0,0.0,0.0,0.0,0.0,0.0,inf,inf,inf,inf,inf,1,1,1,1,0,0,0,0,0,0,1,1,0,0,0,0
1777225974125000,0,1777225642797000,47.397742,8.545594,0.011119492,-0.00752684,0.0,0.0,0.0,0.0,0.0,0.0,0.0,0.0,0.0,0.0,0.0,0.0,0.0,0.0,0.021281602,0.0,0.0,0.0,0.0,0.0,0.0,0.0,0.0,0.0,0.0,0.0,0.0,inf,inf,inf,inf,inf,1,1,1,1,0,0,0,0,0,0,1,1,0,0,0,0
1777225974141000,0,1777225642797000,47.397742,8.545594,0.022238985,-0.01505368,0.0,0.0,0.0,0.0,0.0,0.0,0.0,0.0,0.0,0.0,0.0,0.0,0.0,0.0,0.021281602,0.0,0.0,0.0,0.0,0.0,0.0,0.0,0.0,0.0,0.0,0.0,0.0,inf,inf,inf,inf,inf,1,1,1,1,0,0,0,0,0,0,1,1,0,0,0,0
1777225974165000,0,1777225642797000,47.397742,8.545594,0.022238985,-0.02258052,0.0,0.0,0.0,0.0,0.0,0.0,0.0,0.0,0.0,0.0,0.0,0.0,0.0,0.0,0.021281602,0.0,0.0,0.0,0.0,0.0,0.0,0.0,0.0,0.0,0.0,0.0,0.0,inf,inf,inf,inf,inf,1,1,1,1,0,0,0,0,0,0,1,1,0,0,0,0
1777225974181000,0,1777225642797000,47.397742,8.545594,0.022238985,-0.03010736,0.0,0.0,0.0,0.0,0.0,0.0,0.0,0.0,0.0,0.0,0.0,0.0,0.0,0.0,0.021281602,0.0,0.0,0.0,0.0,0.0,0.0,0.0,0.0,0.0,0.0,0.0,0.0,inf,inf,inf,inf,inf,1,1,1,1,0,0,0,0,0,0,1,1,0,0,0,0
1777225974205000,0,1777225642797000,47.397742,8.545594,0.033358477,-0.01505368,0.0,0.0,0.0,0.0,0.0,0.0,0.0,0.0,0.0,0.0,0.0,0.0,0.0,0.0,0.021281602,0.0,0.0,0.0,0.0,0.0,0.0,0.0,0.0,0.0,0.0,0.0,0.0,inf,inf,inf,inf,inf,1,1,1,1,0,0,0,0,0,0,1,1,0,0,0,0
1777225974221000,0,1777225642797000,47.397742,8.545594,0.033358477,-0.01505368,0.0,0.0,0.0,0.0,0.0,0.0,0.0,0.0,0.0,0.0,0.0,0.0,0.0,0.0,0.021281602,0.0,0.0,0.0,0.0,0.0,0.0,0.0,0.0,0.0,0.0,0.0,0.0,inf,inf,inf,inf,inf,1,1,1,1,0,0,0,0,0,0,1,1,0,0,0,0
1777225974245000,0,1777225642797000,47.397742,8.545594,0.033358477,-0.01505368,0.0,0.0,0.0,0.0,0.0,0.0,0.0,0.0,0.0,0.0,0.0,0.0,0.0,0.0,0.021281602,0.0,0.0,0.0,0.0,0.0,0.0,0.0,0.0,0.0,0.0,0.0,0.0,inf,inf,inf,inf,inf,1,1,1,1,0,0,0,0,0,0,1,1,0,0,0,0
1777225974261000,0,1777225642797000,47.397742,8.545594,0.033358477,-0.01505368,0.0,0.0,0.0,0.0,0.0,0.0,0.0,0.0,0.0,0.0,0.0,0.0,0.0,0.0,0.021281602,0.0,0.0,0.0,0.0,0.0,0.0,0.0,0.0,0.0,0.0,0.0,0.0,inf,inf,inf,inf,inf,1,1,1,1,0,0,0,0,0,0,1,1,0,0,0,0
1777225974285000,0,1777225642797000,47.397742,8.545594,0.033358477,-0.01505368,0.0,0.0,0.0,0.0,0.0,0.0,0.0,0.0,0.0,0.0,0.0,0.0,0.0,0.0,0.021281602,0.0,0.0,0.0,0.0,0.0,0.0,0.0,0.0,0.0,0.0,0.0,0.0,inf,inf,inf,inf,inf,1,1,1,1,0,0,0,0,0,0,1,1,0,0,0,0
1777225974301000,0,1777225642797000,47.397742,8.545594,0.022238985,-0.02258052,0.0,0.0,0.0,0.0,0.0,0.0,0.0,0.0,0.0,0.0,0.0,0.0,0.0,0.0,0.021281602,0.0,0.0,0.0,0.0,0.0,0.0,0.0,0.0,0.0,0.0,0.0,0.0,inf,inf,inf,inf,inf,1,1,1,1,0,0,0,0,0,0,1,1,0,0,0,0
1777225974325000,0,1777225642797000,47.397742,8.545594,0.022238985,-0.03010736,0.0,0.0,0.0,0.0,0.0,0.0,0.0,0.0,0.0,0.0,0.0,0.0,0.0,0.0,0.021281602,0.0,0.0,0.0,0.0,0.0,0.0,0.0,0.0,0.0,0.0,0.0,0.0,inf,inf,inf,inf,inf,1,1,1,1,0,0,0,0,0,0,1,1,0,0,0,0
1777225974341000,0,1777225642797000,47.397742,8.545594,0.022238985,-0.02258052,0.0,0.0,0.0,0.0,0.0,0.0,0.0,0.0,0.0,0.0,0.0,0.0,0.0,0.0,0.021281602,0.0,0.0,0.0,0.0,0.0,0.0,0.0,0.0,0.0,0.0,0.0,0.0,inf,inf,inf,inf,inf,1,1,1,1,0,0,0,0,0,0,1,1,0,0,0,0
1777225974365000,0,1777225642797000,47.397742,8.545594,0.022238985,-0.02258052,0.0,0.0,0.0,0.0,0.0,0.0,0.0,0.0,0.0,0.0,0.0,0.0,0.0,0.0,0.021281602,0.0,0.0,0.0,0.0,0.0,0.0,0.0,0.0,0.0,0.0,0.0,0.0,inf,inf,inf,inf,inf,1,1,1,1,0,0,0,0,0,0,1,1,0,0,0,0
1777225974389000,0,1777225642797000,47.397742,8.545594,0.022238985,-0.01505368,0.0,0.0,0.0,0.0,0.0,0.0,0.0,0.0,0.0,0.0,0.0,0.0,0.0,0.0,0.021281602,0.0,0.0,0.0,0.0,0.0,0.0,0.0,0.0,0.0,0.0,0.0,0.0,inf,inf,inf,inf,inf,1,1,1,1,0,0,0,0,0,0,1,1,0,0,0,0
1777225974405000,0,1777225642797000,47.397742,8.545594,0.022238985,-0.00752684,0.0,0.0,0.0,0.0,0.0,0.0,0.0,0.0,0.0,0.0,0.0,0.0,0.0,0.0,0.021281602,0.0,0.0,0.0,0.0,0.0,0.0,0.0,0.0,0.0,0.0,0.0,0.0,inf,inf,inf,inf,inf,1,1,1,1,0,0,0,0,0,0,1,1,0,0,0,0
1777225974429000,0,1777225642797000,47.397742,8.545594,0.022238985,0.0,0.0,0.0,0.0,0.0,0.0,0.0,0.0,0.0,0.0,0.0,0.0,0.0,0.0,0.0,0.021281602,0.0,0.0,0.0,0.0,0.0,0.0,0.0,0.0,0.0,0.0,0.0,0.0,inf,inf,inf,inf,inf,1,1,1,1,0,0,0,0,0,0,1,1,0,0,0,0
1777225974445000,0,1777225642797000,47.397742,8.545594,0.022238985,-0.01505368,0.0,0.0,0.0,0.0,0.0,0.0,0.0,0.0,0.0,0.0,0.0,0.0,0.0,0.0,0.021281602,0.0,0.0,0.0,0.0,0.0,0.0,0.0,0.0,0.0,0.0,0.0,0.0,inf,inf,inf,inf,inf,1,1,1,1,0,0,0,0,0,0,1,1,0,0,0,0
1777225974469000,0,1777225642797000,47.397742,8.545594,0.022238985,-0.01505368,0.0,0.0,0.0,0.0,0.0,0.0,0.0,0.0,0.0,0.0,0.0,0.0,0.0,0.0,0.021281602,0.0,0.0,0.0,0.0,0.0,0.0,0.0,0.0,0.0,0.0,0.0,0.0,inf,inf,inf,inf,inf,1,1,1,1,0,0,0,0,0,0,1,1,0,0,0,0
1777225974485000,0,1777225642797000,47.397742,8.545594,0.022238985,-0.01505368,0.0,0.0,0.0,0.0,0.0,0.0,0.0,0.0,0.0,0.0,0.0,0.0,0.0,0.0,0.021281602,0.0,0.0,0.0,0.0,0.0,0.0,0.0,0.0,0.0,0.0,0.0,0.0,inf,inf,inf,inf,inf,1,1,1,1,0,0,0,0,0,0,1,1,0,0,0,0
1777225974509000,0,1777225642797000,47.397742,8.545594,0.022238985,-0.01505368,0.0,0.0,0.0,0.0,0.0,0.0,0.0,0.0,0.0,0.0,0.0,0.0,0.0,0.0,0.021281602,0.0,0.0,0.0,0.0,0.0,0.0,0.0,0.0,0.0,0.0,0.0,0.0,inf,inf,inf,inf,inf,1,1,1,1,0,0,0,0,0,0,1,1,0,0,0,0
1777225974525000,0,1777225642797000,47.397742,8.545594,0.011119492,-0.01505368,0.0,0.0,0.0,0.0,0.0,0.0,0.0,0.0,0.0,0.0,0.0,0.0,0.0,0.0,0.021281602,0.0,0.0,0.0,0.0,0.0,0.0,0.0,0.0,0.0,0.0,0.0,0.0,inf,inf,inf,inf,inf,1,1,1,1,0,0,0,0,0,0,1,1,0,0,0,0
1777225974541000,0,1777225642797000,47.397742,8.545594,0.011119492,-0.01505368,0.0,0.0,0.0,0.0,0.0,0.0,0.0,0.0,0.0,0.0,0.0,0.0,0.0,0.0,0.021281602,0.0,0.0,0.0,0.0,0.0,0.0,0.0,0.0,0.0,0.0,0.0,0.0,inf,inf,inf,inf,inf,1,1,1,1,0,0,0,0,0,0,1,1,0,0,0,0
1777225974565000,0,1777225642797000,47.397742,8.545594,0.011119492,-0.01505368,0.0,0.0,0.0,0.0,0.0,0.0,0.0,0.0,0.0,0.0,0.0,0.0,0.0,0.0,0.021281602,0.0,0.0,0.0,0.0,0.0,0.0,0.0,0.0,0.0,0.0,0.0,0.0,inf,inf,inf,inf,inf,1,1,1,1,0,0,0,0,0,0,1,1,0,0,0,0
1777225974589000,0,1777225642797000,47.397742,8.545594,0.011119492,-0.01505368,0.0,0.0,0.0,0.0,0.0,0.0,0.0,0.0,0.0,0.0,0.0,0.0,0.0,0.0,0.021281602,0.0,0.0,0.0,0.0,0.0,0.0,0.0,0.0,0.0,0.0,0.0,0.0,inf,inf,inf,inf,inf,1,1,1,1,0,0,0,0,0,0,1,1,0,0,0,0
1777225974605000,0,1777225642797000,47.397742,8.545594,0.022238985,-0.00752684,0.0,0.0,0.0,0.0,0.0,0.0,0.0,0.0,0.0,0.0,0.0,0.0,0.0,0.0,0.021281602,0.0,0.0,0.0,0.0,0.0,0.0,0.0,0.0,0.0,0.0,0.0,0.0,inf,inf,inf,inf,inf,1,1,1,1,0,0,0,0,0,0,1,1,0,0,0,0
1777225974621000,0,1777225642797000,47.397742,8.545594,0.022238985,-0.01505368,0.0,0.0,0.0,0.0,0.0,0.0,0.0,0.0,0.0,0.0,0.0,0.0,0.0,0.0,0.021281602,0.0,0.0,0.0,0.0,0.0,0.0,0.0,0.0,0.0,0.0,0.0,0.0,inf,inf,inf,inf,inf,1,1,1,1,0,0,0,0,0,0,1,1,0,0,0,0
1777225974645000,0,1777225642797000,47.397742,8.545594,0.011119492,-0.01505368,0.0,0.0,0.0,0.0,0.0,0.0,0.0,0.0,0.0,0.0,0.0,0.0,0.0,0.0,0.021281602,0.0,0.0,0.0,0.0,0.0,0.0,0.0,0.0,0.0,0.0,0.0,0.0,inf,inf,inf,inf,inf,1,1,1,1,0,0,0,0,0,0,1,1,0,0,0,0
1777225974669000,0,1777225642797000,47.397742,8.545594,0.011119492,-0.02258052,0.0,0.0,0.0,0.0,0.0,0.0,0.0,0.0,0.0,0.0,0.0,0.0,0.0,0.0,0.021281602,0.0,0.0,0.0,0.0,0.0,0.0,0.0,0.0,0.0,0.0,0.0,0.0,inf,inf,inf,inf,inf,1,1,1,1,0,0,0,0,0,0,1,1,0,0,0,0
1777225974685000,0,1777225642797000,47.397742,8.545594,0.0,-0.02258052,0.0,0.0,0.0,0.0,0.0,0.0,0.0,0.0,0.0,0.0,0.0,0.0,0.0,0.0,0.021281602,0.0,0.0,0.0,0.0,0.0,0.0,0.0,0.0,0.0,0.0,0.0,0.0,inf,inf,inf,inf,inf,1,1,1,1,0,0,0,0,0,0,1,1,0,0,0,0
1777225974701000,0,1777225642797000,47.397742,8.545594,0.0,-0.02258052,0.0,0.0,0.0,0.0,0.0,0.0,0.0,0.0,0.0,0.0,0.0,0.0,0.0,0.0,0.021281602,0.0,0.0,0.0,0.0,0.0,0.0,0.0,0.0,0.0,0.0,0.0,0.0,inf,inf,inf,inf,inf,1,1,1,1,0,0,0,0,0,0,1,1,0,0,0,0
1777225974725000,0,1777225642797000,47.397742,8.545594,0.0,-0.00752684,0.0,0.0,0.0,0.0,0.0,0.0,0.0,0.0,0.0,0.0,0.0,0.0,0.0,0.0,0.021281602,0.0,0.0,0.0,0.0,0.0,0.0,0.0,0.0,0.0,0.0,0.0,0.0,inf,inf,inf,inf,inf,1,1,1,1,0,0,0,0,0,0,1,1,0,0,0,0
1777225974749000,0,1777225642797000,47.397742,8.545594,0.0,-0.01505368,0.0,0.0,0.0,0.0,0.0,0.0,0.0,0.0,0.0,0.0,0.0,0.0,0.0,0.0,0.021281602,0.0,0.0,0.0,0.0,0.0,0.0,0.0,0.0,0.0,0.0,0.0,0.0,inf,inf,inf,inf,inf,1,1,1,1,0,0,0,0,0,0,1,1,0,0,0,0
1777225974765000,0,1777225642797000,47.397742,8.545594,0.011119492,-0.00752684,0.0,0.0,0.0,0.0,0.0,0.0,0.0,0.0,0.0,0.0,0.0,0.0,0.0,0.0,0.021281602,0.0,0.0,0.0,0.0,0.0,0.0,0.0,0.0,0.0,0.0,0.0,0.0,inf,inf,inf,inf,inf,1,1,1,1,0,0,0,0,0,0,1,1,0,0,0,0
1777225974789000,0,1777225642797000,47.397742,8.545594,0.011119492,-0.00752684,0.0,0.0,0.0,0.0,0.0,0.0,0.0,0.0,0.0,0.0,0.0,0.0,0.0,0.0,0.021281602,0.0,0.0,0.0,0.0,0.0,0.0,0.0,0.0,0.0,0.0,0.0,0.0,inf,inf,inf,inf,inf,1,1,1,1,0,0,0,0,0,0,1,1,0,0,0,0
1777225974805000,0,1777225642797000,47.397742,8.545594,0.011119492,-0.01505368,0.0,0.0,0.0,0.0,0.0,0.0,0.0,0.0,0.0,0.0,0.0,0.0,0.0,0.0,0.021281602,0.0,0.0,0.0,0.0,0.0,0.0,0.0,0.0,0.0,0.0,0.0,0.0,inf,inf,inf,inf,inf,1,1,1,1,0,0,0,0,0,0,1,1,0,0,0,0
1777225974829000,0,1777225642797000,47.397742,8.545594,0.0,-0.00752684,0.0,0.0,0.0,0.0,0.0,0.0,0.0,0.0,0.0,0.0,0.0,0.0,0.0,0.0,0.021281602,0.0,0.0,0.0,0.0,0.0,0.0,0.0,0.0,0.0,0.0,0.0,0.0,inf,inf,inf,inf,inf,1,1,1,1,0,0,0,0,0,0,1,1,0,0,0,0
1777225974845000,0,1777225642797000,47.397742,8.545594,0.011119492,-0.00752684,0.0,0.0,0.0,0.0,0.0,0.0,0.0,0.0,0.0,0.0,0.0,0.0,0.0,0.0,0.021281602,0.0,0.0,0.0,0.0,0.0,0.0,0.0,0.0,0.0,0.0,0.0,0.0,inf,inf,inf,inf,inf,1,1,1,1,0,0,0,0,0,0,1,1,0,0,0,0
1777225974861000,0,1777225642797000,47.397742,8.545594,0.011119492,-0.00752684,0.0,0.0,0.0,0.0,0.0,0.0,0.0,0.0,0.0,0.0,0.0,0.0,0.0,0.0,0.021281602,0.0,0.0,0.0,0.0,0.0,0.0,0.0,0.0,0.0,0.0,0.0,0.0,inf,inf,inf,inf,inf,1,1,1,1,0,0,0,0,0,0,1,1,0,0,0,0
1777225974885000,0,1777225642797000,47.397742,8.545594,0.011119492,-0.01505368,0.0,0.0,0.0,0.0,0.0,0.0,0.0,0.0,0.0,0.0,0.0,0.0,0.0,0.0,0.021281602,0.0,0.0,0.0,0.0,0.0,0.0,0.0,0.0,0.0,0.0,0.0,0.0,inf,inf,inf,inf,inf,1,1,1,1,0,0,0,0,0,0,1,1,0,0,0,0
1777225974901000,0,1777225642797000,47.397742,8.545594,0.022238985,-0.01505368,0.0,0.0,0.0,0.0,0.0,0.0,0.0,0.0,0.0,0.0,0.0,0.0,0.0,0.0,0.021281602,0.0,0.0,0.0,0.0,0.0,0.0,0.0,0.0,0.0,0.0,0.0,0.0,inf,inf,inf,inf,inf,1,1,1,1,0,0,0,0,0,0,1,1,0,0,0,0
1777225974925000,0,1777225642797000,47.397742,8.545594,0.011119492,-0.02258052,0.0,0.0,0.0,0.0,0.0,0.0,0.0,0.0,0.0,0.0,0.0,0.0,0.0,0.0,0.021281602,0.0,0.0,0.0,0.0,0.0,0.0,0.0,0.0,0.0,0.0,0.0,0.0,inf,inf,inf,inf,inf,1,1,1,1,0,0,0,0,0,0,1,1,0,0,0,0
1777225974941000,0,1777225642797000,47.397742,8.545594,0.011119492,-0.02258052,0.0,0.0,0.0,0.0,0.0,0.0,0.0,0.0,0.0,0.0,0.0,0.0,0.0,0.0,0.021281602,0.0,0.0,0.0,0.0,0.0,0.0,0.0,0.0,0.0,0.0,0.0,0.0,inf,inf,inf,inf,inf,1,1,1,1,0,0,0,0,0,0,1,1,0,0,0,0
1777225974965000,0,1777225642797000,47.397742,8.545594,0.011119492,-0.0376342,0.0,0.0,0.0,0.0,0.0,0.0,0.0,0.0,0.0,0.0,0.0,0.0,0.0,0.0,0.021281602,0.0,0.0,0.0,0.0,0.0,0.0,0.0,0.0,0.0,0.0,0.0,0.0,inf,inf,inf,inf,inf,1,1,1,1,0,0,0,0,0,0,1,1,0,0,0,0
1777225974989000,0,1777225642797000,47.397742,8.545594,0.011119492,-0.0376342,0.0,0.0,0.0,0.0,0.0,0.0,0.0,0.0,0.0,0.0,0.0,0.0,0.0,0.0,0.021281602,0.0,0.0,0.0,0.0,0.0,0.0,0.0,0.0,0.0,0.0,0.0,0.0,inf,inf,inf,inf,inf,1,1,1,1,0,0,0,0,0,0,1,1,0,0,0,0
1777225975005000,0,1777225642797000,47.397742,8.545594,0.011119492,-0.0376342,0.0,0.0,0.0,0.0,0.0,0.0,0.0,0.0,0.0,0.0,0.0,0.0,0.0,0.0,0.021281602,0.0,0.0,0.0,0.0,0.0,0.0,0.0,0.0,0.0,0.0,0.0,0.0,inf,inf,inf,inf,inf,1,1,1,1,0,0,0,0,0,0,1,1,0,0,0,0
1777225975021000,0,1777225642797000,47.397742,8.545594,0.011119492,-0.04516104,0.0,0.0,0.0,0.0,0.0,0.0,0.0,0.0,0.0,0.0,0.0,0.0,0.0,0.0,0.021281602,0.0,0.0,0.0,0.0,0.0,0.0,0.0,0.0,0.0,0.0,0.0,0.0,inf,inf,inf,inf,inf,1,1,1,1,0,0,0,0,0,0,1,1,0,0,0,0
1777225975045000,0,1777225642797000,47.397742,8.545594,0.011119492,-0.04516104,0.0,0.0,0.0,0.0,0.0,0.0,0.0,0.0,0.0,0.0,0.0,0.0,0.0,0.0,0.021281602,0.0,0.0,0.0,0.0,0.0,0.0,0.0,0.0,0.0,0.0,0.0,0.0,inf,inf,inf,inf,inf,1,1,1,1,0,0,0,0,0,0,1,1,0,0,0,0
1777225975069000,0,1777225642797000,47.397742,8.545594,0.011119492,-0.03010736,0.0,0.0,0.0,0.0,0.0,0.0,0.0,0.0,0.0,0.0,0.0,0.0,0.0,0.0,0.021281602,0.0,0.0,0.0,0.0,0.0,0.0,0.0,0.0,0.0,0.0,0.0,0.0,inf,inf,inf,inf,inf,1,1,1,1,0,0,0,0,0,0,1,1,0,0,0,0
1777225975085000,0,1777225642797000,47.397742,8.545594,0.011119492,-0.03010736,0.0,0.0,0.0,0.0,0.0,0.0,0.0,0.0,0.0,0.0,0.0,0.0,0.0,0.0,0.021281602,0.0,0.0,0.0,0.0,0.0,0.0,0.0,0.0,0.0,0.0,0.0,0.0,inf,inf,inf,inf,inf,1,1,1,1,0,0,0,0,0,0,1,1,0,0,0,0
1777225975109000,0,1777225642797000,47.397742,8.545594,0.011119492,-0.02258052,0.0,0.0,0.0,0.0,0.0,0.0,0.0,0.0,0.0,0.0,0.0,0.0,0.0,0.0,0.021281602,0.0,0.0,0.0,0.0,0.0,0.0,0.0,0.0,0.0,0.0,0.0,0.0,inf,inf,inf,inf,inf,1,1,1,1,0,0,0,0,0,0,1,1,0,0,0,0
1777225975125000,0,1777225642797000,47.397742,8.545594,0.011119492,-0.02258052,0.0,0.0,0.0,0.0,0.0,0.0,0.0,0.0,0.0,0.0,0.0,0.0,0.0,0.0,0.021281602,0.0,0.0,0.0,0.0,0.0,0.0,0.0,0.0,0.0,0.0,0.0,0.0,inf,inf,inf,inf,inf,1,1,1,1,0,0,0,0,0,0,1,1,0,0,0,0
1777225975141000,0,1777225642797000,47.397742,8.545594,0.011119492,-0.03010736,0.0,0.0,0.0,0.0,0.0,0.0,0.0,0.0,0.0,0.0,0.0,0.0,0.0,0.0,0.021281602,0.0,0.0,0.0,0.0,0.0,0.0,0.0,0.0,0.0,0.0,0.0,0.0,inf,inf,inf,inf,inf,1,1,1,1,0,0,0,0,0,0,1,1,0,0,0,0
1777225975165000,0,1777225642797000,47.397742,8.545594,0.011119492,-0.02258052,0.0,0.0,0.0,0.0,0.0,0.0,0.0,0.0,0.0,0.0,0.0,0.0,0.0,0.0,0.021281602,0.0,0.0,0.0,0.0,0.0,0.0,0.0,0.0,0.0,0.0,0.0,0.0,inf,inf,inf,inf,inf,1,1,1,1,0,0,0,0,0,0,1,1,0,0,0,0
1777225975181000,0,1777225642797000,47.397742,8.545594,0.011119492,-0.03010736,0.0,0.0,0.0,0.0,0.0,0.0,0.0,0.0,0.0,0.0,0.0,0.0,0.0,0.0,0.021281602,0.0,0.0,0.0,0.0,0.0,0.0,0.0,0.0,0.0,0.0,0.0,0.0,inf,inf,inf,inf,inf,1,1,1,1,0,0,0,0,0,0,1,1,0,0,0,0
1777225975205000,0,1777225642797000,47.397742,8.545594,0.011119492,-0.03010736,0.0,0.0,0.0,0.0,0.0,0.0,0.0,0.0,0.0,0.0,0.0,0.0,0.0,0.0,0.021281602,0.0,0.0,0.0,0.0,0.0,0.0,0.0,0.0,0.0,0.0,0.0,0.0,inf,inf,inf,inf,inf,1,1,1,1,0,0,0,0,0,0,1,1,0,0,0,0
1777225975221000,0,1777225642797000,47.397742,8.545594,0.011119492,-0.03010736,0.0,0.0,0.0,0.0,0.0,0.0,0.0,0.0,0.0,0.0,0.0,0.0,0.0,0.0,0.021281602,0.0,0.0,0.0,0.0,0.0,0.0,0.0,0.0,0.0,0.0,0.0,0.0,inf,inf,inf,inf,inf,1,1,1,1,0,0,0,0,0,0,1,1,0,0,0,0
1777225975245000,0,1777225642797000,47.397742,8.545594,0.011119492,-0.0376342,0.0,0.0,0.0,0.0,0.0,0.0,0.0,0.0,0.0,0.0,0.0,0.0,0.0,0.0,0.021281602,0.0,0.0,0.0,0.0,0.0,0.0,0.0,0.0,0.0,0.0,0.0,0.0,inf,inf,inf,inf,inf,1,1,1,1,0,0,0,0,0,0,1,1,0,0,0,0
1777225975269000,0,1777225642797000,47.397742,8.545594,0.011119492,-0.03010736,0.0,0.0,0.0,0.0,0.0,0.0,0.0,0.0,0.0,0.0,0.0,0.0,0.0,0.0,0.021281602,0.0,0.0,0.0,0.0,0.0,0.0,0.0,0.0,0.0,0.0,0.0,0.0,inf,inf,inf,inf,inf,1,1,1,1,0,0,0,0,0,0,1,1,0,0,0,0
1777225975285000,0,1777225642797000,47.397742,8.545594,0.011119492,-0.02258052,0.0,0.0,0.0,0.0,0.0,0.0,0.0,0.0,0.0,0.0,0.0,0.0,0.0,0.0,0.021281602,0.0,0.0,0.0,0.0,0.0,0.0,0.0,0.0,0.0,0.0,0.0,0.0,inf,inf,inf,inf,inf,1,1,1,1,0,0,0,0,0,0,1,1,0,0,0,0
1777225975309000,0,1777225642797000,47.397742,8.545594,0.0,-0.02258052,0.0,0.0,0.0,0.0,0.0,0.0,0.0,0.0,0.0,0.0,0.0,0.0,0.0,0.0,0.021281602,0.0,0.0,0.0,0.0,0.0,0.0,0.0,0.0,0.0,0.0,0.0,0.0,inf,inf,inf,inf,inf,1,1,1,1,0,0,0,0,0,0,1,1,0,0,0,0
1777225975325000,0,1777225642797000,47.397742,8.545594,0.0,-0.02258052,0.0,0.0,0.0,0.0,0.0,0.0,0.0,0.0,0.0,0.0,0.0,0.0,0.0,0.0,0.021281602,0.0,0.0,0.0,0.0,0.0,0.0,0.0,0.0,0.0,0.0,0.0,0.0,inf,inf,inf,inf,inf,1,1,1,1,0,0,0,0,0,0,1,1,0,0,0,0
1777225975349000,0,1777225642797000,47.397742,8.545594,0.0,-0.02258052,0.0,0.0,0.0,0.0,0.0,0.0,0.0,0.0,0.0,0.0,0.0,0.0,0.0,0.0,0.021281602,0.0,0.0,0.0,0.0,0.0,0.0,0.0,0.0,0.0,0.0,0.0,0.0,inf,inf,inf,inf,inf,1,1,1,1,0,0,0,0,0,0,1,1,0,0,0,0
1777225975365000,0,1777225642797000,47.397742,8.545594,0.0,-0.02258052,0.0,0.0,0.0,0.0,0.0,0.0,0.0,0.0,0.0,0.0,0.0,0.0,0.0,0.0,0.021281602,0.0,0.0,0.0,0.0,0.0,0.0,0.0,0.0,0.0,0.0,0.0,0.0,inf,inf,inf,inf,inf,1,1,1,1,0,0,0,0,0,0,1,1,0,0,0,0
1777225975389000,0,1777225642797000,47.397742,8.545594,0.0,-0.02258052,0.0,0.0,0.0,0.0,0.0,0.0,0.0,0.0,0.0,0.0,0.0,0.0,0.0,0.0,0.021281602,0.0,0.0,0.0,0.0,0.0,0.0,0.0,0.0,0.0,0.0,0.0,0.0,inf,inf,inf,inf,inf,1,1,1,1,0,0,0,0,0,0,1,1,0,0,0,0
1777225975405000,0,1777225642797000,47.397742,8.545594,-0.011119492,-0.02258052,0.0,0.0,0.0,0.0,0.0,0.0,0.0,0.0,0.0,0.0,0.0,0.0,0.0,0.0,0.021281602,0.0,0.0,0.0,0.0,0.0,0.0,0.0,0.0,0.0,0.0,0.0,0.0,inf,inf,inf,inf,inf,1,1,1,1,0,0,0,0,0,0,1,1,0,0,0,0
1777225975429000,0,1777225642797000,47.397742,8.545594,0.0,-0.02258052,0.0,0.0,0.0,0.0,0.0,0.0,0.0,0.0,0.0,0.0,0.0,0.0,0.0,0.0,0.021281602,0.0,0.0,0.0,0.0,0.0,0.0,0.0,0.0,0.0,0.0,0.0,0.0,inf,inf,inf,inf,inf,1,1,1,1,0,0,0,0,0,0,1,1,0,0,0,0
1777225975445000,0,1777225642797000,47.397742,8.545594,-0.011119492,-0.02258052,0.0,0.0,0.0,0.0,0.0,0.0,0.0,0.0,0.0,0.0,0.0,0.0,0.0,0.0,0.021281602,0.0,0.0,0.0,0.0,0.0,0.0,0.0,0.0,0.0,0.0,0.0,0.0,inf,inf,inf,inf,inf,1,1,1,1,0,0,0,0,0,0,1,1,0,0,0,0
1777225975469000,0,1777225642797000,47.397742,8.545594,-0.011119492,-0.03010736,0.0,0.0,0.0,0.0,0.0,0.0,0.0,0.0,0.0,0.0,0.0,0.0,0.0,0.0,0.021281602,0.0,0.0,0.0,0.0,0.0,0.0,0.0,0.0,0.0,0.0,0.0,0.0,inf,inf,inf,inf,inf,1,1,1,1,0,0,0,0,0,0,1,1,0,0,0,0
1777225975485000,0,1777225642797000,47.397742,8.545594,-0.011119492,-0.02258052,0.0,0.0,0.0,0.0,0.0,0.0,0.0,0.0,0.0,0.0,0.0,0.0,0.0,0.0,0.021281602,0.0,0.0,0.0,0.0,0.0,0.0,0.0,0.0,0.0,0.0,0.0,0.0,inf,inf,inf,inf,inf,1,1,1,1,0,0,0,0,0,0,1,1,0,0,0,0
1777225975509000,0,1777225642797000,47.397742,8.545594,-0.011119492,-0.02258052,0.0,0.0,0.0,0.0,0.0,0.0,0.0,0.0,0.0,0.0,0.0,0.0,0.0,0.0,0.021281602,0.0,0.0,0.0,0.0,0.0,0.0,0.0,0.0,0.0,0.0,0.0,0.0,inf,inf,inf,inf,inf,1,1,1,1,0,0,0,0,0,0,1,1,0,0,0,0
1777225975525000,0,1777225642797000,47.397742,8.545594,0.0,-0.0376342,0.0,0.0,0.0,0.0,0.0,0.0,0.0,0.0,0.0,0.0,0.0,0.0,0.0,0.0,0.021281602,0.0,0.0,0.0,0.0,0.0,0.0,0.0,0.0,0.0,0.0,0.0,0.0,inf,inf,inf,inf,inf,1,1,1,1,0,0,0,0,0,0,1,1,0,0,0,0
1777225975541000,0,1777225642797000,47.397742,8.545594,0.0,-0.03010736,0.0,0.0,0.0,0.0,0.0,0.0,0.0,0.0,0.0,0.0,0.0,0.0,0.0,0.0,0.021281602,0.0,0.0,0.0,0.0,0.0,0.0,0.0,0.0,0.0,0.0,0.0,0.0,inf,inf,inf,inf,inf,1,1,1,1,0,0,0,0,0,0,1,1,0,0,0,0
1777225975565000,0,1777225642797000,47.397742,8.545594,0.0,-0.03010736,0.0,0.0,0.0,0.0,0.0,0.0,0.0,0.0,0.0,0.0,0.0,0.0,0.0,0.0,0.021281602,0.0,0.0,0.0,0.0,0.0,0.0,0.0,0.0,0.0,0.0,0.0,0.0,inf,inf,inf,inf,inf,1,1,1,1,0,0,0,0,0,0,1,1,0,0,0,0
1777225975581000,0,1777225642797000,47.397742,8.545594,0.0,-0.02258052,0.0,0.0,0.0,0.0,0.0,0.0,0.0,0.0,0.0,0.0,0.0,0.0,0.0,0.0,0.021281602,0.0,0.0,0.0,0.0,0.0,0.0,0.0,0.0,0.0,0.0,0.0,0.0,inf,inf,inf,inf,inf,1,1,1,1,0,0,0,0,0,0,1,1,0,0,0,0
1777225975605000,0,1777225642797000,47.397742,8.545594,-0.011119492,-0.01505368,0.0,0.0,0.0,0.0,0.0,0.0,0.0,0.0,0.0,0.0,0.0,0.0,0.0,0.0,0.021281602,0.0,0.0,0.0,0.0,0.0,0.0,0.0,0.0,0.0,0.0,0.0,0.0,inf,inf,inf,inf,inf,1,1,1,1,0,0,0,0,0,0,1,1,0,0,0,0
1777225975629000,0,1777225642797000,47.397742,8.545594,0.0,-0.01505368,0.0,0.0,0.0,0.0,0.0,0.0,0.0,0.0,0.0,0.0,0.0,0.0,0.0,0.0,0.021281602,0.0,0.0,0.0,0.0,0.0,0.0,0.0,0.0,0.0,0.0,0.0,0.0,inf,inf,inf,inf,inf,1,1,1,1,0,0,0,0,0,0,1,1,0,0,0,0
1777225975645000,0,1777225642797000,47.397742,8.545594,-0.011119492,-0.01505368,0.0,0.0,0.0,0.0,0.0,0.0,0.0,0.0,0.0,0.0,0.0,0.0,0.0,0.0,0.021281602,0.0,0.0,0.0,0.0,0.0,0.0,0.0,0.0,0.0,0.0,0.0,0.0,inf,inf,inf,inf,inf,1,1,1,1,0,0,0,0,0,0,1,1,0,0,0,0
1777225975661000,0,1777225642797000,47.397742,8.545594,0.0,-0.01505368,0.0,0.0,0.0,0.0,0.0,0.0,0.0,0.0,0.0,0.0,0.0,0.0,0.0,0.0,0.021281602,0.0,0.0,0.0,0.0,0.0,0.0,0.0,0.0,0.0,0.0,0.0,0.0,inf,inf,inf,inf,inf,1,1,1,1,0,0,0,0,0,0,1,1,0,0,0,0
1777225975685000,0,1777225642797000,47.397742,8.545594,0.0,-0.01505368,0.0,0.0,0.0,0.0,0.0,0.0,0.0,0.0,0.0,0.0,0.0,0.0,0.0,0.0,0.021281602,0.0,0.0,0.0,0.0,0.0,0.0,0.0,0.0,0.0,0.0,0.0,0.0,inf,inf,inf,inf,inf,1,1,1,1,0,0,0,0,0,0,1,1,0,0,0,0
1777225975709000,0,1777225642797000,47.397742,8.545594,-0.011119492,-0.01505368,0.0,0.0,0.0,0.0,0.0,0.0,0.0,0.0,0.0,0.0,0.0,0.0,0.0,0.0,0.021281602,0.0,0.0,0.0,0.0,0.0,0.0,0.0,0.0,0.0,0.0,0.0,0.0,inf,inf,inf,inf,inf,1,1,1,1,0,0,0,0,0,0,1,1,0,0,0,0
1777225975725000,0,1777225642797000,47.397742,8.545594,-0.011119492,-0.00752684,0.0,0.0,0.0,0.0,0.0,0.0,0.0,0.0,0.0,0.0,0.0,0.0,0.0,0.0,0.021281602,0.0,0.0,0.0,0.0,0.0,0.0,0.0,0.0,0.0,0.0,0.0,0.0,inf,inf,inf,inf,inf,1,1,1,1,0,0,0,0,0,0,1,1,0,0,0,0
1777225975749000,0,1777225642797000,47.397742,8.545594,0.0,-0.00752684,0.0,0.0,0.0,0.0,0.0,0.0,0.0,0.0,0.0,0.0,0.0,0.0,0.0,0.0,0.021281602,0.0,0.0,0.0,0.0,0.0,0.0,0.0,0.0,0.0,0.0,0.0,0.0,inf,inf,inf,inf,inf,1,1,1,1,0,0,0,0,0,0,1,1,0,0,0,0
1777225975765000,0,1777225642797000,47.397742,8.545594,-0.011119492,-0.00752684,0.0,0.0,0.0,0.0,0.0,0.0,0.0,0.0,0.0,0.0,0.0,0.0,0.0,0.0,0.021281602,0.0,0.0,0.0,0.0,0.0,0.0,0.0,0.0,0.0,0.0,0.0,0.0,inf,inf,inf,inf,inf,1,1,1,1,0,0,0,0,0,0,1,1,0,0,0,0
1777225975789000,0,1777225642797000,47.397742,8.545594,0.0,-0.00752684,0.0,0.0,0.0,0.0,0.0,0.0,0.0,0.0,0.0,0.0,0.0,0.0,0.0,0.0,0.021281602,0.0,0.0,0.0,0.0,0.0,0.0,0.0,0.0,0.0,0.0,0.0,0.0,inf,inf,inf,inf,inf,1,1,1,1,0,0,0,0,0,0,1,1,0,0,0,0
1777225975805000,0,1777225642797000,47.397742,8.545594,-0.011119492,-0.01505368,0.0,0.0,0.0,0.0,0.0,0.0,0.0,0.0,0.0,0.0,0.0,0.0,0.0,0.0,0.021281602,0.0,0.0,0.0,0.0,0.0,0.0,0.0,0.0,0.0,0.0,0.0,0.0,inf,inf,inf,inf,inf,1,1,1,1,0,0,0,0,0,0,1,1,0,0,0,0
1777225975829000,0,1777225642797000,47.397742,8.545594,-0.011119492,-0.00752684,0.0,0.0,0.0,0.0,0.0,0.0,0.0,0.0,0.0,0.0,0.0,0.0,0.0,0.0,0.021281602,0.0,0.0,0.0,0.0,0.0,0.0,0.0,0.0,0.0,0.0,0.0,0.0,inf,inf,inf,inf,inf,1,1,1,1,0,0,0,0,0,0,1,1,0,0,0,0
1777225975845000,0,1777225642797000,47.397742,8.545594,0.0,-0.00752684,0.0,0.0,0.0,0.0,0.0,0.0,0.0,0.0,0.0,0.0,0.0,0.0,0.0,0.0,0.021281602,0.0,0.0,0.0,0.0,0.0,0.0,0.0,0.0,0.0,0.0,0.0,0.0,inf,inf,inf,inf,inf,1,1,1,1,0,0,0,0,0,0,1,1,0,0,0,0
1777225975869000,0,1777225642797000,47.397742,8.545594,-0.011119492,-0.00752684,0.0,0.0,0.0,0.0,0.0,0.0,0.0,0.0,0.0,0.0,0.0,0.0,0.0,0.0,0.021281602,0.0,0.0,0.0,0.0,0.0,0.0,0.0,0.0,0.0,0.0,0.0,0.0,inf,inf,inf,inf,inf,1,1,1,1,0,0,0,0,0,0,1,1,0,0,0,0
1777225975885000,0,1777225642797000,47.397742,8.545594,-0.011119492,-0.01505368,0.0,0.0,0.0,0.0,0.0,0.0,0.0,0.0,0.0,0.0,0.0,0.0,0.0,0.0,0.021281602,0.0,0.0,0.0,0.0,0.0,0.0,0.0,0.0,0.0,0.0,0.0,0.0,inf,inf,inf,inf,inf,1,1,1,1,0,0,0,0,0,0,1,1,0,0,0,0
1777225975901000,0,1777225642797000,47.397742,8.545594,-0.011119492,-0.02258052,0.0,0.0,0.0,0.0,0.0,0.0,0.0,0.0,0.0,0.0,0.0,0.0,0.0,0.0,0.021281602,0.0,0.0,0.0,0.0,0.0,0.0,0.0,0.0,0.0,0.0,0.0,0.0,inf,inf,inf,inf,inf,1,1,1,1,0,0,0,0,0,0,1,1,0,0,0,0
1777225975925000,0,1777225642797000,47.397742,8.545594,0.0,-0.02258052,0.0,0.0,0.0,0.0,0.0,0.0,0.0,0.0,0.0,0.0,0.0,0.0,0.0,0.0,0.021281602,0.0,0.0,0.0,0.0,0.0,0.0,0.0,0.0,0.0,0.0,0.0,0.0,inf,inf,inf,inf,inf,1,1,1,1,0,0,0,0,0,0,1,1,0,0,0,0
1777225975941000,0,1777225642797000,47.397742,8.545594,0.0,-0.03010736,0.0,0.0,0.0,0.0,0.0,0.0,0.0,0.0,0.0,0.0,0.0,0.0,0.0,0.0,0.021281602,0.0,0.0,0.0,0.0,0.0,0.0,0.0,0.0,0.0,0.0,0.0,0.0,inf,inf,inf,inf,inf,1,1,1,1,0,0,0,0,0,0,1,1,0,0,0,0
1777225975965000,0,1777225642797000,47.397742,8.545594,0.011119492,-0.03010736,0.0,0.0,0.0,0.0,0.0,0.0,0.0,0.0,0.0,0.0,0.0,0.0,0.0,0.0,0.021281602,0.0,0.0,0.0,0.0,0.0,0.0,0.0,0.0,0.0,0.0,0.0,0.0,inf,inf,inf,inf,inf,1,1,1,1,0,0,0,0,0,0,1,1,0,0,0,0
1777225975981000,0,1777225642797000,47.397742,8.545594,0.011119492,-0.0376342,0.0,0.0,0.0,0.0,0.0,0.0,0.0,0.0,0.0,0.0,0.0,0.0,0.0,0.0,0.021281602,0.0,0.0,0.0,0.0,0.0,0.0,0.0,0.0,0.0,0.0,0.0,0.0,inf,inf,inf,inf,inf,1,1,1,1,0,0,0,0,0,0,1,1,0,0,0,0
1777225976005000,0,1777225642797000,47.397742,8.545594,0.022238985,-0.03010736,0.0,0.0,0.0,0.0,0.0,0.0,0.0,0.0,0.0,0.0,0.0,0.0,0.0,0.0,0.021281602,0.0,0.0,0.0,0.0,0.0,0.0,0.0,0.0,0.0,0.0,0.0,0.0,inf,inf,inf,inf,inf,1,1,1,1,0,0,0,0,0,0,1,1,0,0,0,0
1777225976021000,0,1777225642797000,47.397742,8.545594,0.022238985,-0.02258052,0.0,0.0,0.0,0.0,0.0,0.0,0.0,0.0,0.0,0.0,0.0,0.0,0.0,0.0,0.021281602,0.0,0.0,0.0,0.0,0.0,0.0,0.0,0.0,0.0,0.0,0.0,0.0,inf,inf,inf,inf,inf,1,1,1,1,0,0,0,0,0,0,1,1,0,0,0,0
1777225976045000,0,1777225642797000,47.397742,8.545594,0.022238985,-0.00752684,0.0,0.0,0.0,0.0,0.0,0.0,0.0,0.0,0.0,0.0,0.0,0.0,0.0,0.0,0.021281602,0.0,0.0,0.0,0.0,0.0,0.0,0.0,0.0,0.0,0.0,0.0,0.0,inf,inf,inf,inf,inf,1,1,1,1,0,0,0,0,0,0,1,1,0,0,0,0
1777225976061000,0,1777225642797000,47.397742,8.545594,0.022238985,-0.00752684,0.0,0.0,0.0,0.0,0.0,0.0,0.0,0.0,0.0,0.0,0.0,0.0,0.0,0.0,0.021281602,0.0,0.0,0.0,0.0,0.0,0.0,0.0,0.0,0.0,0.0,0.0,0.0,inf,inf,inf,inf,inf,1,1,1,1,0,0,0,0,0,0,1,1,0,0,0,0
1777225976085000,0,1777225642797000,47.397742,8.545594,0.011119492,-0.00752684,0.0,0.0,0.0,0.0,0.0,0.0,0.0,0.0,0.0,0.0,0.0,0.0,0.0,0.0,0.021281602,0.0,0.0,0.0,0.0,0.0,0.0,0.0,0.0,0.0,0.0,0.0,0.0,inf,inf,inf,inf,inf,1,1,1,1,0,0,0,0,0,0,1,1,0,0,0,0
1777225976109000,0,1777225642797000,47.397742,8.545594,0.011119492,-0.01505368,0.0,0.0,0.0,0.0,0.0,0.0,0.0,0.0,0.0,0.0,0.0,0.0,0.0,0.0,0.021281602,0.0,0.0,0.0,0.0,0.0,0.0,0.0,0.0,0.0,0.0,0.0,0.0,inf,inf,inf,inf,inf,1,1,1,1,0,0,0,0,0,0,1,1,0,0,0,0
1777225976125000,0,1777225642797000,47.397742,8.545594,0.011119492,-0.01505368,0.0,0.0,0.0,0.0,0.0,0.0,0.0,0.0,0.0,0.0,0.0,0.0,0.0,0.0,0.021281602,0.0,0.0,0.0,0.0,0.0,0.0,0.0,0.0,0.0,0.0,0.0,0.0,inf,inf,inf,inf,inf,1,1,1,1,0,0,0,0,0,0,1,1,0,0,0,0
1777225976141000,0,1777225642797000,47.397742,8.545594,0.011119492,-0.00752684,0.0,0.0,0.0,0.0,0.0,0.0,0.0,0.0,0.0,0.0,0.0,0.0,0.0,0.0,0.021281602,0.0,0.0,0.0,0.0,0.0,0.0,0.0,0.0,0.0,0.0,0.0,0.0,inf,inf,inf,inf,inf,1,1,1,1,0,0,0,0,0,0,1,1,0,0,0,0
1777225976165000,0,1777225642797000,47.397742,8.545594,0.011119492,-0.00752684,0.0,0.0,0.0,0.0,0.0,0.0,0.0,0.0,0.0,0.0,0.0,0.0,0.0,0.0,0.021281602,0.0,0.0,0.0,0.0,0.0,0.0,0.0,0.0,0.0,0.0,0.0,0.0,inf,inf,inf,inf,inf,1,1,1,1,0,0,0,0,0,0,1,1,0,0,0,0
1777225976189000,0,1777225642797000,47.397742,8.545594,0.033358477,0.0,0.0,0.0,0.0,0.0,0.0,0.0,0.0,0.0,0.0,0.0,0.0,0.0,0.0,0.0,0.021281602,0.0,0.0,0.0,0.0,0.0,0.0,0.0,0.0,0.0,0.0,0.0,0.0,inf,inf,inf,inf,inf,1,1,1,1,0,0,0,0,0,0,1,1,0,0,0,0
1777225976205000,0,1777225642797000,47.397742,8.545594,0.022238985,0.0,0.0,0.0,0.0,0.0,0.0,0.0,0.0,0.0,0.0,0.0,0.0,0.0,0.0,0.0,0.021281602,0.0,0.0,0.0,0.0,0.0,0.0,0.0,0.0,0.0,0.0,0.0,0.0,inf,inf,inf,inf,inf,1,1,1,1,0,0,0,0,0,0,1,1,0,0,0,0
1777225976229000,0,1777225642797000,47.397742,8.545594,0.011119492,-0.00752684,0.0,0.0,0.0,0.0,0.0,0.0,0.0,0.0,0.0,0.0,0.0,0.0,0.0,0.0,0.021281602,0.0,0.0,0.0,0.0,0.0,0.0,0.0,0.0,0.0,0.0,0.0,0.0,inf,inf,inf,inf,inf,1,1,1,1,0,0,0,0,0,0,1,1,0,0,0,0
1777225976245000,0,1777225642797000,47.397742,8.545594,0.011119492,0.0,0.0,0.0,0.0,0.0,0.0,0.0,0.0,0.0,0.0,0.0,0.0,0.0,0.0,0.0,0.021281602,0.0,0.0,0.0,0.0,0.0,0.0,0.0,0.0,0.0,0.0,0.0,0.0,inf,inf,inf,inf,inf,1,1,1,1,0,0,0,0,0,0,1,1,0,0,0,0
1777225976269000,0,1777225642797000,47.397742,8.545594,0.011119492,0.0,0.0,0.0,0.0,0.0,0.0,0.0,0.0,0.0,0.0,0.0,0.0,0.0,0.0,0.0,0.021281602,0.0,0.0,0.0,0.0,0.0,0.0,0.0,0.0,0.0,0.0,0.0,0.0,inf,inf,inf,inf,inf,1,1,1,1,0,0,0,0,0,0,1,1,0,0,0,0
1777225976285000,0,1777225642797000,47.397742,8.545594,0.011119492,0.00752684,0.0,0.0,0.0,0.0,0.0,0.0,0.0,0.0,0.0,0.0,0.0,0.0,0.0,0.0,0.021281602,0.0,0.0,0.0,0.0,0.0,0.0,0.0,0.0,0.0,0.0,0.0,0.0,inf,inf,inf,inf,inf,1,1,1,1,0,0,0,0,0,0,1,1,0,0,0,0
1777225976309000,0,1777225642797000,47.397742,8.545594,0.011119492,0.00752684,0.0,0.0,0.0,0.0,0.0,0.0,0.0,0.0,0.0,0.0,0.0,0.0,0.0,0.0,0.021281602,0.0,0.0,0.0,0.0,0.0,0.0,0.0,0.0,0.0,0.0,0.0,0.0,inf,inf,inf,inf,inf,1,1,1,1,0,0,0,0,0,0,1,1,0,0,0,0
1777225976325000,0,1777225642797000,47.397742,8.545594,0.022238985,0.00752684,0.0,0.0,0.0,0.0,0.0,0.0,0.0,0.0,0.0,0.0,0.0,0.0,0.0,0.0,0.021281602,0.0,0.0,0.0,0.0,0.0,0.0,0.0,0.0,0.0,0.0,0.0,0.0,inf,inf,inf,inf,inf,1,1,1,1,0,0,0,0,0,0,1,1,0,0,0,0
1777225976349000,0,1777225642797000,47.397742,8.545594,0.033358477,0.0,0.0,0.0,0.0,0.0,0.0,0.0,0.0,0.0,0.0,0.0,0.0,0.0,0.0,0.0,0.021281602,0.0,0.0,0.0,0.0,0.0,0.0,0.0,0.0,0.0,0.0,0.0,0.0,inf,inf,inf,inf,inf,1,1,1,1,0,0,0,0,0,0,1,1,0,0,0,0
1777225976365000,0,1777225642797000,47.397742,8.545594,0.022238985,-0.00752684,0.0,0.0,0.0,0.0,0.0,0.0,0.0,0.0,0.0,0.0,0.0,0.0,0.0,0.0,0.021281602,0.0,0.0,0.0,0.0,0.0,0.0,0.0,0.0,0.0,0.0,0.0,0.0,inf,inf,inf,inf,inf,1,1,1,1,0,0,0,0,0,0,1,1,0,0,0,0
1777225976389000,0,1777225642797000,47.397742,8.545594,0.022238985,-0.02258052,0.0,0.0,0.0,0.0,0.0,0.0,0.0,0.0,0.0,0.0,0.0,0.0,0.0,0.0,0.021281602,0.0,0.0,0.0,0.0,0.0,0.0,0.0,0.0,0.0,0.0,0.0,0.0,inf,inf,inf,inf,inf,1,1,1,1,0,0,0,0,0,0,1,1,0,0,0,0
1777225976405000,0,1777225642797000,47.397742,8.545594,0.011119492,-0.01505368,0.0,0.0,0.0,0.0,0.0,0.0,0.0,0.0,0.0,0.0,0.0,0.0,0.0,0.0,0.021281602,0.0,0.0,0.0,0.0,0.0,0.0,0.0,0.0,0.0,0.0,0.0,0.0,inf,inf,inf,inf,inf,1,1,1,1,0,0,0,0,0,0,1,1,0,0,0,0
1777225976429000,0,1777225642797000,47.397742,8.545594,0.011119492,-0.02258052,0.0,0.0,0.0,0.0,0.0,0.0,0.0,0.0,0.0,0.0,0.0,0.0,0.0,0.0,0.021281602,0.0,0.0,0.0,0.0,0.0,0.0,0.0,0.0,0.0,0.0,0.0,0.0,inf,inf,inf,inf,inf,1,1,1,1,0,0,0,0,0,0,1,1,0,0,0,0
1777225976445000,0,1777225642797000,47.397742,8.545594,0.011119492,-0.01505368,0.0,0.0,0.0,0.0,0.0,0.0,0.0,0.0,0.0,0.0,0.0,0.0,0.0,0.0,0.021281602,0.0,0.0,0.0,0.0,0.0,0.0,0.0,0.0,0.0,0.0,0.0,0.0,inf,inf,inf,inf,inf,1,1,1,1,0,0,0,0,0,0,1,1,0,0,0,0
1777225976469000,0,1777225642797000,47.397742,8.545594,0.011119492,-0.01505368,0.0,0.0,0.0,0.0,0.0,0.0,0.0,0.0,0.0,0.0,0.0,0.0,0.0,0.0,0.021281602,0.0,0.0,0.0,0.0,0.0,0.0,0.0,0.0,0.0,0.0,0.0,0.0,inf,inf,inf,inf,inf,1,1,1,1,0,0,0,0,0,0,1,1,0,0,0,0
1777225976485000,0,1777225642797000,47.397742,8.545594,0.011119492,-0.01505368,0.0,0.0,0.0,0.0,0.0,0.0,0.0,0.0,0.0,0.0,0.0,0.0,0.0,0.0,0.021281602,0.0,0.0,0.0,0.0,0.0,0.0,0.0,0.0,0.0,0.0,0.0,0.0,inf,inf,inf,inf,inf,1,1,1,1,0,0,0,0,0,0,1,1,0,0,0,0
1777225976509000,0,1777225642797000,47.397742,8.545594,0.011119492,-0.02258052,0.0,0.0,0.0,0.0,0.0,0.0,0.0,0.0,0.0,0.0,0.0,0.0,0.0,0.0,0.021281602,0.0,0.0,0.0,0.0,0.0,0.0,0.0,0.0,0.0,0.0,0.0,0.0,inf,inf,inf,inf,inf,1,1,1,1,0,0,0,0,0,0,1,1,0,0,0,0
1777225976525000,0,1777225642797000,47.397742,8.545594,0.011119492,-0.01505368,0.0,0.0,0.0,0.0,0.0,0.0,0.0,0.0,0.0,0.0,0.0,0.0,0.0,0.0,0.021281602,0.0,0.0,0.0,0.0,0.0,0.0,0.0,0.0,0.0,0.0,0.0,0.0,inf,inf,inf,inf,inf,1,1,1,1,0,0,0,0,0,0,1,1,0,0,0,0
1777225976549000,0,1777225642797000,47.397742,8.545594,0.0,-0.02258052,0.0,0.0,0.0,0.0,0.0,0.0,0.0,0.0,0.0,0.0,0.0,0.0,0.0,0.0,0.021281602,0.0,0.0,0.0,0.0,0.0,0.0,0.0,0.0,0.0,0.0,0.0,0.0,inf,inf,inf,inf,inf,1,1,1,1,0,0,0,0,0,0,1,1,0,0,0,0
1777225976565000,0,1777225642797000,47.397742,8.545594,0.0,-0.02258052,0.0,0.0,0.0,0.0,0.0,0.0,0.0,0.0,0.0,0.0,0.0,0.0,0.0,0.0,0.021281602,0.0,0.0,0.0,0.0,0.0,0.0,0.0,0.0,0.0,0.0,0.0,0.0,inf,inf,inf,inf,inf,1,1,1,1,0,0,0,0,0,0,1,1,0,0,0,0
1777225976589000,0,1777225642797000,47.397742,8.545594,0.0,-0.02258052,0.0,0.0,0.0,0.0,0.0,0.0,0.0,0.0,0.0,0.0,0.0,0.0,0.0,0.0,0.021281602,0.0,0.0,0.0,0.0,0.0,0.0,0.0,0.0,0.0,0.0,0.0,0.0,inf,inf,inf,inf,inf,1,1,1,1,0,0,0,0,0,0,1,1,0,0,0,0
