timestamp,timestamp_sample,q[0],q[1],q[2],q[3],delta_q_reset[0],delta_q_reset[1],delta_q_reset[2],delta_q_reset[3],quat_reset_counter
1777318619015000,0,1.0,0.0,0.0,0.0,0.0,0.0,0.0,0.0,0
1777318619023000,0,1.0,0.0,0.0,0.0,0.0,0.0,0.0,0.0,0
1777318619031000,0,1.0,0.0,0.0,0.0,0.0,0.0,0.0,0.0,0
1777318619039000,0,1.0,0.0,0.0,0.0,0.0,0.0,0.0,0.0,0
1777318619047000,0,1.0,0.0,0.0,0.0,0.0,0.0,0.0,0.0,0
1777318619055000,0,1.0,0.0,0.0,0.0,0.0,0.0,0.0,0.0,0
1777318619071000,0,1.0,0.0,0.0,0.0,0.0,0.0,0.0,0.0,0
1777318619079000,0,1.0,0.0,0.0,0.0,0.0,0.0,0.0,0.0,0
1777318619087000,0,1.0,0.0,0.0,0.0,0.0,0.0,0.0,0.0,0
1777318619095000,0,1.0,0.0,0.0,0.0,0.0,0.0,0.0,0.0,0
1777318619111000,0,1.0,0.0,0.0,0.0,0.0,0.0,0.0,0.0,0
1777318619119000,0,1.0,0.0,0.0,0.0,0.0,0.0,0.0,0.0,0
1777318619127000,0,1.0,0.0,0.0,0.0,0.0,0.0,0.0,0.0,0
1777318619135000,0,1.0,0.0,0.0,0.0,0.0,0.0,0.0,0.0,0
1777318619151000,0,1.0,0.0,0.0,0.0,0.0,0.0,0.0,0.0,0
1777318619159000,0,1.0,0.0,0.0,0.0,0.0,0.0,0.0,0.0,0
1777318619167000,0,1.0,0.0,0.0,0.0,0.0,0.0,0.0,0.0,0
1777318619175000,0,1.0,0.0,0.0,0.0,0.0,0.0,0.0,0.0,0
1777318619191000,0,1.0,0.0,0.0,0.0,0.0,0.0,0.0,0.0,0
1777318619199000,0,1.0,0.0,0.0,0.0,0.0,0.0,0.0,0.0,0
1777318619207000,0,1.0,0.0,0.0,0.0,0.0,0.0,0.0,0.0,0
1777318619215000,0,1.0,0.0,0.0,0.0,0.0,0.0,0.0,0.0,0
1777318619231000,0,1.0,0.0,0.0,0.0,0.0,0.0,0.0,0.0,0
1777318619239000,0,1.0,0.0,0.0,0.0,0.0,0.0,0.0,0.0,0
1777318619247000,0,1.0,0.0,0.0,0.0,0.0,0.0,0.0,0.0,0
1777318619255000,0,1.0,0.0,0.0,0.0,0.0,0.0,0.0,0.0,0
1777318619271000,0,1.0,0.0,0.0,0.0,0.0,0.0,0.0,0.0,0
1777318619279000,0,1.0,0.0,0.0,0.0,0.0,0.0,0.0,0.0,0
1777318619287000,0,1.0,0.0,0.0,0.0,0.0,0.0,0.0,0.0,0
1777318619295000,0,1.0,0.0,0.0,0.0,0.0,0.0,0.0,0.0,0
1777318619311000,0,1.0,0.0,0.0,0.0,0.0,0.0,0.0,0.0,0
1777318619319000,0,1.0,0.0,0.0,0.0,0.0,0.0,0.0,0.0,0
1777318619327000,0,1.0,0.0,0.0,0.0,0.0,0.0,0.0,0.0,0
1777318619335000,0,1.0,0.0,0.0,0.0,0.0,0.0,0.0,0.0,0
1777318619351000,0,1.0,0.0,0.0,0.0,0.0,0.0,0.0,0.0,0
1777318619359000,0,1.0,0.0,0.0,0.0,0.0,0.0,0.0,0.0,0
1777318619367000,0,1.0,0.0,0.0,0.0,0.0,0.0,0.0,0.0,0
1777318619375000,0,1.0,0.0,0.0,0.0,0.0,0.0,0.0,0.0,0
1777318619391000,0,1.0,0.0,0.0,0.0,0.0,0.0,0.0,0.0,0
1777318619399000,0,1.0,0.0,0.0,0.0,0.0,0.0,0.0,0.0,0
1777318619407000,0,1.0,0.0,0.0,0.0,0.0,0.0,0.0,0.0,0
1777318619415000,0,1.0,0.0,0.0,0.0,0.0,0.0,0.0,0.0,0
1777318619431000,0,1.0,0.0,0.0,0.0,0.0,0.0,0.0,0.0,0
1777318619439000,0,1.0,0.0,0.0,0.0,0.0,0.0,0.0,0.0,0
1777318619447000,0,1.0,0.0,0.0,0.0,0.0,0.0,0.0,0.0,0
1777318619455000,0,1.0,0.0,0.0,0.0,0.0,0.0,0.0,0.0,0
1777318619471000,0,1.0,0.0,0.0,0.0,0.0,0.0,0.0,0.0,0
1777318619479000,0,1.0,0.0,0.0,0.0,0.0,0.0,0.0,0.0,0
1777318619487000,0,1.0,0.0,0.0,0.0,0.0,0.0,0.0,0.0,0
1777318619495000,0,1.0,0.0,0.0,0.0,0.0,0.0,0.0,0.0,0
1777318619511000,0,1.0,0.0,0.0,0.0,0.0,0.0,0.0,0.0,0
1777318619519000,0,1.0,0.0,0.0,0.0,0.0,0.0,0.0,0.0,0
1777318619527000,0,1.0,0.0,0.0,0.0,0.0,0.0,0.0,0.0,0
1777318619535000,0,1.0,0.0,0.0,0.0,0.0,0.0,0.0,0.0,0
1777318619551000,0,1.0,0.0,0.0,0.0,0.0,0.0,0.0,0.0,0
1777318619559000,0,1.0,0.0,0.0,0.0,0.0,0.0,0.0,0.0,0
1777318619567000,0,1.0,0.0,0.0,0.0,0.0,0.0,0.0,0.0,0
1777318619575000,0,1.0,0.0,0.0,0.0,0.0,0.0,0.0,0.0,0
1777318619591000,0,1.0,0.0,0.0,0.0,0.0,0.0,0.0,0.0,0
1777318619599000,0,1.0,0.0,0.0,0.0,0.0,0.0,0.0,0.0,0
1777318619607000,0,1.0,0.0,0.0,0.0,0.0,0.0,0.0,0.0,0
1777318619615000,0,1.0,0.0,0.0,0.0,0.0,0.0,0.0,0.0,0
1777318619631000,0,1.0,0.0,0.0,0.0,0.0,0.0,0.0,0.0,0
1777318619639000,0,1.0,0.0,0.0,0.0,0.0,0.0,0.0,0.0,0
1777318619647000,0,1.0,0.0,0.0,0.0,0.0,0.0,0.0,0.0,0
1777318619655000,0,1.0,0.0,0.0,0.0,0.0,0.0,0.0,0.0,0
1777318619671000,0,1.0,0.0,0.0,0.0,0.0,0.0,0.0,0.0,0
1777318619679000,0,1.0,0.0,0.0,0.0,0.0,0.0,0.0,0.0,0
1777318619687000,0,1.0,0.0,0.0,0.0,0.0,0.0,0.0,0.0,0
1777318619695000,0,1.0,0.0,0.0,0.0,0.0,0.0,0.0,0.0,0
1777318619711000,0,1.0,0.0,0.0,0.0,0.0,0.0,0.0,0.0,0
1777318619719000,0,1.0,0.0,0.0,0.0,0.0,0.0,0.0,0.0,0
1777318619727000,0,1.0,0.0,0.0,0.0,0.0,0.0,0.0,0.0,0
1777318619735000,0,1.0,0.0,0.0,0.0,0.0,0.0,0.0,0.0,0
1777318619751000,0,1.0,0.0,0.0,0.0,0.0,0.0,0.0,0.0,0
1777318619759000,0,1.0,0.0,0.0,0.0,0.0,0.0,0.0,0.0,0
1777318619767000,0,1.0,0.0,0.0,0.0,0.0,0.0,0.0,0.0,0
1777318619775000,0,1.0,0.0,0.0,0.0,0.0,0.0,0.0,0.0,0
1777318619791000,0,1.0,0.0,0.0,0.0,0.0,0.0,0.0,0.0,0
1777318619799000,0,1.0,0.0,0.0,0.0,0.0,0.0,0.0,0.0,0
1777318619807000,0,1.0,0.0,0.0,0.0,0.0,0.0,0.0,0.0,0
1777318619815000,0,1.0,0.0,0.0,0.0,0.0,0.0,0.0,0.0,0
1777318619831000,0,1.0,0.0,0.0,0.0,0.0,0.0,0.0,0.0,0
1777318619839000,0,1.0,0.0,0.0,0.0,0.0,0.0,0.0,0.0,0
1777318619847000,0,1.0,0.0,0.0,0.0,0.0,0.0,0.0,0.0,0
1777318619855000,0,1.0,0.0,0.0,0.0,0.0,0.0,0.0,0.0,0
1777318619871000,0,1.0,0.0,0.0,0.0,0.0,0.0,0.0,0.0,0
1777318619879000,0,1.0,0.0,0.0,0.0,0.0,0.0,0.0,0.0,0
1777318619887000,0,1.0,0.0,0.0,0.0,0.0,0.0,0.0,0.0,0
1777318619895000,0,1.0,0.0,0.0,0.0,0.0,0.0,0.0,0.0,0
1777318619911000,0,1.0,0.0,0.0,0.0,0.0,0.0,0.0,0.0,0
1777318619919000,0,1.0,0.0,0.0,0.0,0.0,0.0,0.0,0.0,0
1777318619927000,0,1.0,0.0,0.0,0.0,0.0,0.0,0.0,0.0,0
1777318619935000,0,1.0,0.0,0.0,0.0,0.0,0.0,0.0,0.0,0
1777318619951000,0,1.0,0.0,0.0,0.0,0.0,0.0,0.0,0.0,0
1777318619959000,0,1.0,0.0,0.0,0.0,0.0,0.0,0.0,0.0,0
1777318619967000,0,1.0,0.0,0.0,0.0,0.0,0.0,0.0,0.0,0
1777318619975000,0,1.0,0.0,0.0,0.0,0.0,0.0,0.0,0.0,0
1777318619991000,0,1.0,0.0,0.0,0.0,0.0,0.0,0.0,0.0,0
1777318619999000,0,1.0,0.0,0.0,0.0,0.0,0.0,0.0,0.0,0
1777318620007000,0,1.0,0.0,0.0,0.0,0.0,0.0,0.0,0.0,0
1777318620015000,0,1.0,0.0,0.0,0.0,0.0,0.0,0.0,0.0,0
1777318620031000,0,1.0,0.0,0.0,0.0,0.0,0.0,0.0,0.0,0
1777318620039000,0,1.0,0.0,0.0,0.0,0.0,0.0,0.0,0.0,0
1777318620047000,0,1.0,0.0,0.0,0.0,0.0,0.0,0.0,0.0,0
1777318620055000,0,1.0,0.0,0.0,0.0,0.0,0.0,0.0,0.0,0
1777318620071000,0,1.0,0.0,0.0,0.0,0.0,0.0,0.0,0.0,0
1777318620079000,0,1.0,0.0,0.0,0.0,0.0,0.0,0.0,0.0,0
1777318620087000,0,1.0,0.0,0.0,0.0,0.0,0.0,0.0,0.0,0
1777318620095000,0,1.0,0.0,0.0,0.0,0.0,0.0,0.0,0.0,0
1777318620111000,0,1.0,0.0,0.0,0.0,0.0,0.0,0.0,0.0,0
1777318620119000,0,1.0,0.0,0.0,0.0,0.0,0.0,0.0,0.0,0
1777318620127000,0,1.0,0.0,0.0,0.0,0.0,0.0,0.0,0.0,0
1777318620135000,0,1.0,0.0,0.0,0.0,0.0,0.0,0.0,0.0,0
1777318620151000,0,1.0,0.0,0.0,0.0,0.0,0.0,0.0,0.0,0
1777318620159000,0,1.0,0.0,0.0,0.0,0.0,0.0,0.0,0.0,0
1777318620167000,0,1.0,0.0,0.0,0.0,0.0,0.0,0.0,0.0,0
1777318620175000,0,1.0,0.0,0.0,0.0,0.0,0.0,0.0,0.0,0
1777318620191000,0,1.0,0.0,0.0,0.0,0.0,0.0,0.0,0.0,0
1777318620199000,0,1.0,0.0,0.0,0.0,0.0,0.0,0.0,0.0,0
1777318620207000,0,1.0,0.0,0.0,0.0,0.0,0.0,0.0,0.0,0
1777318620215000,0,1.0,0.0,0.0,0.0,0.0,0.0,0.0,0.0,0
1777318620231000,0,1.0,0.0,0.0,0.0,0.0,0.0,0.0,0.0,0
1777318620239000,0,1.0,0.0,0.0,0.0,0.0,0.0,0.0,0.0,0
1777318620247000,0,1.0,0.0,0.0,0.0,0.0,0.0,0.0,0.0,0
1777318620255000,0,1.0,0.0,0.0,0.0,0.0,0.0,0.0,0.0,0
1777318620271000,0,1.0,0.0,0.0,0.0,0.0,0.0,0.0,0.0,0
1777318620279000,0,1.0,0.0,0.0,0.0,0.0,0.0,0.0,0.0,0
1777318620287000,0,1.0,0.0,0.0,0.0,0.0,0.0,0.0,0.0,0
1777318620295000,0,1.0,0.0,0.0,0.0,0.0,0.0,0.0,0.0,0
1777318620311000,0,1.0,0.0,0.0,0.0,0.0,0.0,0.0,0.0,0
1777318620319000,0,1.0,0.0,0.0,0.0,0.0,0.0,0.0,0.0,0
1777318620327000,0,1.0,0.0,0.0,0.0,0.0,0.0,0.0,0.0,0
1777318620335000,0,1.0,0.0,0.0,0.0,0.0,0.0,0.0,0.0,0
1777318620351000,0,1.0,0.0,0.0,0.0,0.0,0.0,0.0,0.0,0
1777318620359000,0,1.0,0.0,0.0,0.0,0.0,0.0,0.0,0.0,0
1777318620367000,0,1.0,0.0,0.0,0.0,0.0,0.0,0.0,0.0,0
1777318620375000,0,1.0,0.0,0.0,0.0,0.0,0.0,0.0,0.0,0
1777318620391000,0,1.0,0.0,0.0,0.0,0.0,0.0,0.0,0.0,0
1777318620399000,0,1.0,0.0,0.0,0.0,0.0,0.0,0.0,0.0,0
1777318620407000,0,1.0,0.0,0.0,0.0,0.0,0.0,0.0,0.0,0
1777318620415000,0,1.0,0.0,0.0,0.0,0.0,0.0,0.0,0.0,0
1777318620431000,0,1.0,0.0,0.0,0.0,0.0,0.0,0.0,0.0,0
1777318620439000,0,1.0,0.0,0.0,0.0,0.0,0.0,0.0,0.0,0
1777318620447000,0,1.0,0.0,0.0,0.0,0.0,0.0,0.0,0.0,0
1777318620455000,0,1.0,0.0,0.0,0.0,0.0,0.0,0.0,0.0,0
1777318620471000,0,1.0,0.0,0.0,0.0,0.0,0.0,0.0,0.0,0
1777318620479000,0,1.0,0.0,0.0,0.0,0.0,0.0,0.0,0.0,0
1777318620487000,0,1.0,0.0,0.0,0.0,0.0,0.0,0.0,0.0,0
1777318620495000,0,1.0,0.0,0.0,0.0,0.0,0.0,0.0,0.0,0
1777318620511000,0,1.0,0.0,0.0,0.0,0.0,0.0,0.0,0.0,0
1777318620519000,0,1.0,0.0,0.0,0.0,0.0,0.0,0.0,0.0,0
1777318620527000,0,1.0,0.0,0.0,0.0,0.0,0.0,0.0,0.0,0
1777318620535000,0,1.0,0.0,0.0,0.0,0.0,0.0,0.0,0.0,0
1777318620551000,0,1.0,0.0,0.0,0.0,0.0,0.0,0.0,0.0,0
1777318620559000,0,1.0,0.0,0.0,0.0,0.0,0.0,0.0,0.0,0
1777318620567000,0,1.0,0.0,0.0,0.0,0.0,0.0,0.0,0.0,0
1777318620575000,0,1.0,0.0,0.0,0.0,0.0,0.0,0.0,0.0,0
1777318620591000,0,1.0,0.0,0.0,0.0,0.0,0.0,0.0,0.0,0
1777318620599000,0,1.0,0.0,0.0,0.0,0.0,0.0,0.0,0.0,0
1777318620607000,0,1.0,0.0,0.0,0.0,0.0,0.0,0.0,0.0,0
1777318620615000,0,1.0,0.0,0.0,0.0,0.0,0.0,0.0,0.0,0
1777318620631000,0,1.0,0.0,0.0,0.0,0.0,0.0,0.0,0.0,0
1777318620639000,0,1.0,0.0,0.0,0.0,0.0,0.0,0.0,0.0,0
1777318620647000,0,1.0,0.0,0.0,0.0,0.0,0.0,0.0,0.0,0
1777318620655000,0,1.0,0.0,0.0,0.0,0.0,0.0,0.0,0.0,0
1777318620671000,0,1.0,0.0,0.0,0.0,0.0,0.0,0.0,0.0,0
1777318620679000,0,1.0,0.0,0.0,0.0,0.0,0.0,0.0,0.0,0
1777318620687000,0,1.0,0.0,0.0,0.0,0.0,0.0,0.0,0.0,0
1777318620695000,0,1.0,0.0,0.0,0.0,0.0,0.0,0.0,0.0,0
1777318620711000,0,1.0,0.0,0.0,0.0,0.0,0.0,0.0,0.0,0
1777318620719000,0,1.0,0.0,0.0,0.0,0.0,0.0,0.0,0.0,0
1777318620727000,0,1.0,0.0,0.0,0.0,0.0,0.0,0.0,0.0,0
1777318620735000,0,1.0,0.0,0.0,0.0,0.0,0.0,0.0,0.0,0
1777318620751000,0,1.0,0.0,0.0,0.0,0.0,0.0,0.0,0.0,0
1777318620759000,0,1.0,0.0,0.0,0.0,0.0,0.0,0.0,0.0,0
1777318620767000,0,1.0,0.0,0.0,0.0,0.0,0.0,0.0,0.0,0
1777318620775000,0,1.0,0.0,0.0,0.0,0.0,0.0,0.0,0.0,0
1777318620791000,0,1.0,0.0,0.0,0.0,0.0,0.0,0.0,0.0,0
1777318620799000,0,1.0,0.0,0.0,0.0,0.0,0.0,0.0,0.0,0
1777318620807000,0,1.0,0.0,0.0,0.0,0.0,0.0,0.0,0.0,0
1777318620815000,0,1.0,0.0,0.0,0.0,0.0,0.0,0.0,0.0,0
1777318620831000,0,1.0,0.0,0.0,0.0,0.0,0.0,0.0,0.0,0
1777318620839000,0,1.0,0.0,0.0,0.0,0.0,0.0,0.0,0.0,0
1777318620847000,0,1.0,0.0,0.0,0.0,0.0,0.0,0.0,0.0,0
1777318620855000,0,1.0,0.0,0.0,0.0,0.0,0.0,0.0,0.0,0
1777318620871000,0,1.0,0.0,0.0,0.0,0.0,0.0,0.0,0.0,0
1777318620879000,0,1.0,0.0,0.0,0.0,0.0,0.0,0.0,0.0,0
1777318620887000,0,1.0,0.0,0.0,0.0,0.0,0.0,0.0,0.0,0
1777318620895000,0,1.0,0.0,0.0,0.0,0.0,0.0,0.0,0.0,0
1777318620911000,0,1.0,0.0,0.0,0.0,0.0,0.0,0.0,0.0,0
1777318620919000,0,1.0,0.0,0.0,0.0,0.0,0.0,0.0,0.0,0
1777318620927000,0,1.0,0.0,0.0,0.0,0.0,0.0,0.0,0.0,0
1777318620935000,0,1.0,0.0,0.0,0.0,0.0,0.0,0.0,0.0,0
1777318620951000,0,1.0,0.0,0.0,0.0,0.0,0.0,0.0,0.0,0
1777318620959000,0,1.0,0.0,0.0,0.0,0.0,0.0,0.0,0.0,0
1777318620967000,0,1.0,0.0,0.0,0.0,0.0,0.0,0.0,0.0,0
1777318620975000,0,1.0,0.0,0.0,0.0,0.0,0.0,0.0,0.0,0
1777318620991000,0,1.0,0.0,0.0,0.0,0.0,0.0,0.0,0.0,0
1777318620999000,0,1.0,0.0,0.0,0.0,0.0,0.0,0.0,0.0,0
1777318621007000,0,1.0,0.0,0.0,0.0,0.0,0.0,0.0,0.0,0
1777318621015000,0,1.0,0.0,0.0,0.0,0.0,0.0,0.0,0.0,0
1777318621031000,0,1.0,0.0,0.0,0.0,0.0,0.0,0.0,0.0,0
1777318621039000,0,1.0,0.0,0.0,0.0,0.0,0.0,0.0,0.0,0
1777318621047000,0,1.0,0.0,0.0,0.0,0.0,0.0,0.0,0.0,0
1777318621055000,0,1.0,0.0,0.0,0.0,0.0,0.0,0.0,0.0,0
1777318621071000,0,1.0,0.0,0.0,0.0,0.0,0.0,0.0,0.0,0
1777318621079000,0,1.0,0.0,0.0,0.0,0.0,0.0,0.0,0.0,0
1777318621087000,0,1.0,0.0,0.0,0.0,0.0,0.0,0.0,0.0,0
1777318621095000,0,1.0,0.0,0.0,0.0,0.0,0.0,0.0,0.0,0
1777318621111000,0,1.0,0.0,0.0,0.0,0.0,0.0,0.0,0.0,0
1777318621119000,0,1.0,0.0,0.0,0.0,0.0,0.0,0.0,0.0,0
1777318621127000,0,1.0,0.0,0.0,0.0,0.0,0.0,0.0,0.0,0
1777318621135000,0,1.0,0.0,0.0,0.0,0.0,0.0,0.0,0.0,0
1777318621151000,0,1.0,0.0,0.0,0.0,0.0,0.0,0.0,0.0,0
1777318621159000,0,1.0,0.0,0.0,0.0,0.0,0.0,0.0,0.0,0
1777318621167000,0,1.0,0.0,0.0,0.0,0.0,0.0,0.0,0.0,0
1777318621175000,0,1.0,0.0,0.0,0.0,0.0,0.0,0.0,0.0,0
1777318621191000,0,1.0,0.0,0.0,0.0,0.0,0.0,0.0,0.0,0
1777318621199000,0,1.0,0.0,0.0,0.0,0.0,0.0,0.0,0.0,0
1777318621207000,0,1.0,0.0,0.0,0.0,0.0,0.0,0.0,0.0,0
1777318621215000,0,1.0,0.0,0.0,0.0,0.0,0.0,0.0,0.0,0
1777318621223000,0,1.0,0.0,0.0,0.0,0.0,0.0,0.0,0.0,0
1777318621239000,0,1.0,0.0,0.0,0.0,0.0,0.0,0.0,0.0,0
1777318621247000,0,1.0,0.0,0.0,0.0,0.0,0.0,0.0,0.0,0
1777318621255000,0,1.0,0.0,0.0,0.0,0.0,0.0,0.0,0.0,0
1777318621271000,0,1.0,0.0,0.0,0.0,0.0,0.0,0.0,0.0,0
1777318621279000,0,1.0,0.0,0.0,0.0,0.0,0.0,0.0,0.0,0
1777318621287000,0,1.0,0.0,0.0,0.0,0.0,0.0,0.0,0.0,0
1777318621295000,0,1.0,0.0,0.0,0.0,0.0,0.0,0.0,0.0,0
1777318621311000,0,1.0,0.0,0.0,0.0,0.0,0.0,0.0,0.0,0
1777318621319000,0,1.0,0.0,0.0,0.0,0.0,0.0,0.0,0.0,0
1777318621327000,0,1.0,0.0,0.0,0.0,0.0,0.0,0.0,0.0,0
1777318621335000,0,1.0,0.0,0.0,0.0,0.0,0.0,0.0,0.0,0
1777318621351000,0,1.0,0.0,0.0,0.0,0.0,0.0,0.0,0.0,0
1777318621359000,0,1.0,0.0,0.0,0.0,0.0,0.0,0.0,0.0,0
1777318621367000,0,1.0,0.0,0.0,0.0,0.0,0.0,0.0,0.0,0
1777318621375000,0,1.0,0.0,0.0,0.0,0.0,0.0,0.0,0.0,0
1777318621391000,0,1.0,0.0,0.0,0.0,0.0,0.0,0.0,0.0,0
1777318621399000,0,1.0,0.0,0.0,0.0,0.0,0.0,0.0,0.0,0
1777318621407000,0,1.0,0.0,0.0,0.0,0.0,0.0,0.0,0.0,0
1777318621415000,0,1.0,0.0,0.0,0.0,0.0,0.0,0.0,0.0,0
1777318621431000,0,1.0,0.0,0.0,0.0,0.0,0.0,0.0,0.0,0
1777318621439000,0,1.0,0.0,0.0,0.0,0.0,0.0,0.0,0.0,0
1777318621447000,0,1.0,0.0,0.0,0.0,0.0,0.0,0.0,0.0,0
1777318621455000,0,1.0,0.0,0.0,0.0,0.0,0.0,0.0,0.0,0
1777318621471000,0,1.0,0.0,0.0,0.0,0.0,0.0,0.0,0.0,0
1777318621479000,0,1.0,0.0,0.0,0.0,0.0,0.0,0.0,0.0,0
1777318621487000,0,1.0,0.0,0.0,0.0,0.0,0.0,0.0,0.0,0
1777318621495000,0,1.0,0.0,0.0,0.0,0.0,0.0,0.0,0.0,0
1777318621511000,0,1.0,0.0,0.0,0.0,0.0,0.0,0.0,0.0,0
1777318621519000,0,1.0,0.0,0.0,0.0,0.0,0.0,0.0,0.0,0
1777318621527000,0,1.0,0.0,0.0,0.0,0.0,0.0,0.0,0.0,0
1777318621535000,0,1.0,0.0,0.0,0.0,0.0,0.0,0.0,0.0,0
1777318621551000,0,1.0,0.0,0.0,0.0,0.0,0.0,0.0,0.0,0
1777318621559000,0,1.0,0.0,0.0,0.0,0.0,0.0,0.0,0.0,0
1777318621567000,0,1.0,0.0,0.0,0.0,0.0,0.0,0.0,0.0,0
1777318621575000,0,1.0,0.0,0.0,0.0,0.0,0.0,0.0,0.0,0
1777318621591000,0,1.0,0.0,0.0,0.0,0.0,0.0,0.0,0.0,0
1777318621599000,0,1.0,0.0,0.0,0.0,0.0,0.0,0.0,0.0,0
1777318621607000,0,1.0,0.0,0.0,0.0,0.0,0.0,0.0,0.0,0
1777318621615000,0,1.0,0.0,0.0,0.0,0.0,0.0,0.0,0.0,0
1777318621631000,0,1.0,0.0,0.0,0.0,0.0,0.0,0.0,0.0,0
1777318621639000,0,1.0,0.0,0.0,0.0,0.0,0.0,0.0,0.0,0
1777318621647000,0,1.0,0.0,0.0,0.0,0.0,0.0,0.0,0.0,0
1777318621655000,0,1.0,0.0,0.0,0.0,0.0,0.0,0.0,0.0,0
1777318621671000,0,1.0,0.0,0.0,0.0,0.0,0.0,0.0,0.0,0
1777318621679000,0,1.0,0.0,0.0,0.0,0.0,0.0,0.0,0.0,0
1777318621687000,0,1.0,0.0,0.0,0.0,0.0,0.0,0.0,0.0,0
1777318621695000,0,1.0,0.0,0.0,0.0,0.0,0.0,0.0,0.0,0
1777318621711000,0,1.0,0.0,0.0,0.0,0.0,0.0,0.0,0.0,0
1777318621719000,0,1.0,0.0,0.0,0.0,0.0,0.0,0.0,0.0,0
1777318621727000,0,1.0,0.0,0.0,0.0,0.0,0.0,0.0,0.0,0
1777318621735000,0,1.0,0.0,0.0,0.0,0.0,0.0,0.0,0.0,0
1777318621751000,0,1.0,0.0,0.0,0.0,0.0,0.0,0.0,0.0,0
1777318621759000,0,1.0,0.0,0.0,0.0,0.0,0.0,0.0,0.0,0
1777318621767000,0,1.0,0.0,0.0,0.0,0.0,0.0,0.0,0.0,0
1777318621775000,0,1.0,0.0,0.0,0.0,0.0,0.0,0.0,0.0,0
1777318621791000,0,1.0,0.0,0.0,0.0,0.0,0.0,0.0,0.0,0
1777318621799000,0,1.0,0.0,0.0,0.0,0.0,0.0,0.0,0.0,0
1777318621807000,0,1.0,0.0,0.0,0.0,0.0,0.0,0.0,0.0,0
1777318621815000,0,1.0,0.0,0.0,0.0,0.0,0.0,0.0,0.0,0
1777318621831000,0,1.0,0.0,0.0,0.0,0.0,0.0,0.0,0.0,0
1777318621839000,0,1.0,0.0,0.0,0.0,0.0,0.0,0.0,0.0,0
1777318621847000,0,1.0,0.0,0.0,0.0,0.0,0.0,0.0,0.0,0
1777318621855000,0,1.0,0.0,0.0,0.0,0.0,0.0,0.0,0.0,0
1777318621871000,0,1.0,0.0,0.0,0.0,0.0,0.0,0.0,0.0,0
1777318621879000,0,1.0,0.0,0.0,0.0,0.0,0.0,0.0,0.0,0
1777318621887000,0,1.0,0.0,0.0,0.0,0.0,0.0,0.0,0.0,0
1777318621895000,0,1.0,0.0,0.0,0.0,0.0,0.0,0.0,0.0,0
1777318621911000,0,1.0,0.0,0.0,0.0,0.0,0.0,0.0,0.0,0
1777318621919000,0,1.0,0.0,0.0,0.0,0.0,0.0,0.0,0.0,0
1777318621927000,0,1.0,0.0,0.0,0.0,0.0,0.0,0.0,0.0,0
1777318621935000,0,1.0,0.0,0.0,0.0,0.0,0.0,0.0,0.0,0
1777318621951000,0,1.0,0.0,0.0,0.0,0.0,0.0,0.0,0.0,0
1777318621959000,0,1.0,0.0,0.0,0.0,0.0,0.0,0.0,0.0,0
1777318621967000,0,1.0,0.0,0.0,0.0,0.0,0.0,0.0,0.0,0
1777318621975000,0,1.0,0.0,0.0,0.0,0.0,0.0,0.0,0.0,0
1777318621991000,0,1.0,0.0,0.0,0.0,0.0,0.0,0.0,0.0,0
1777318621999000,0,1.0,0.0,0.0,0.0,0.0,0.0,0.0,0.0,0
1777318622007000,0,1.0,0.0,0.0,0.0,0.0,0.0,0.0,0.0,0
1777318622015000,0,1.0,0.0,0.0,0.0,0.0,0.0,0.0,0.0,0
1777318622031000,0,1.0,0.0,0.0,0.0,0.0,0.0,0.0,0.0,0
1777318622039000,0,1.0,0.0,0.0,0.0,0.0,0.0,0.0,0.0,0
1777318622047000,0,1.0,0.0,0.0,0.0,0.0,0.0,0.0,0.0,0
1777318622055000,0,1.0,0.0,0.0,0.0,0.0,0.0,0.0,0.0,0
1777318622071000,0,1.0,0.0,0.0,0.0,0.0,0.0,0.0,0.0,0
1777318622079000,0,1.0,0.0,0.0,0.0,0.0,0.0,0.0,0.0,0
1777318622087000,0,1.0,0.0,0.0,0.0,0.0,0.0,0.0,0.0,0
1777318622095000,0,1.0,0.0,0.0,0.0,0.0,0.0,0.0,0.0,0
1777318622111000,0,1.0,0.0,0.0,0.0,0.0,0.0,0.0,0.0,0
1777318622119000,0,1.0,0.0,0.0,0.0,0.0,0.0,0.0,0.0,0
1777318622127000,0,1.0,0.0,0.0,0.0,0.0,0.0,0.0,0.0,0
1777318622135000,0,1.0,0.0,0.0,0.0,0.0,0.0,0.0,0.0,0
1777318622151000,0,1.0,0.0,0.0,0.0,0.0,0.0,0.0,0.0,0
1777318622159000,0,1.0,0.0,0.0,0.0,0.0,0.0,0.0,0.0,0
1777318622167000,0,1.0,0.0,0.0,0.0,0.0,0.0,0.0,0.0,0
1777318622175000,0,1.0,0.0,0.0,0.0,0.0,0.0,0.0,0.0,0
1777318622191000,0,1.0,0.0,0.0,0.0,0.0,0.0,0.0,0.0,0
1777318622199000,0,1.0,0.0,0.0,0.0,0.0,0.0,0.0,0.0,0
1777318622207000,0,1.0,0.0,0.0,0.0,0.0,0.0,0.0,0.0,0
1777318622215000,0,1.0,0.0,0.0,0.0,0.0,0.0,0.0,0.0,0
1777318622231000,0,1.0,0.0,0.0,0.0,0.0,0.0,0.0,0.0,0
1777318622239000,0,1.0,0.0,0.0,0.0,0.0,0.0,0.0,0.0,0
1777318622247000,0,1.0,0.0,0.0,0.0,0.0,0.0,0.0,0.0,0
1777318622255000,0,1.0,0.0,0.0,0.0,0.0,0.0,0.0,0.0,0
1777318622271000,0,1.0,0.0,0.0,0.0,0.0,0.0,0.0,0.0,0
1777318622279000,0,1.0,0.0,0.0,0.0,0.0,0.0,0.0,0.0,0
1777318622287000,0,1.0,0.0,0.0,0.0,0.0,0.0,0.0,0.0,0
1777318622295000,0,1.0,0.0,0.0,0.0,0.0,0.0,0.0,0.0,0
1777318622311000,0,1.0,0.0,0.0,0.0,0.0,0.0,0.0,0.0,0
1777318622319000,0,1.0,0.0,0.0,0.0,0.0,0.0,0.0,0.0,0
1777318622327000,0,1.0,0.0,0.0,0.0,0.0,0.0,0.0,0.0,0
1777318622335000,0,1.0,0.0,0.0,0.0,0.0,0.0,0.0,0.0,0
1777318622351000,0,1.0,0.0,0.0,0.0,0.0,0.0,0.0,0.0,0
1777318622359000,0,1.0,0.0,0.0,0.0,0.0,0.0,0.0,0.0,0
1777318622367000,0,1.0,0.0,0.0,0.0,0.0,0.0,0.0,0.0,0
1777318622375000,0,1.0,0.0,0.0,0.0,0.0,0.0,0.0,0.0,0
1777318622391000,0,1.0,0.0,0.0,0.0,0.0,0.0,0.0,0.0,0
1777318622399000,0,1.0,0.0,0.0,0.0,0.0,0.0,0.0,0.0,0
1777318622407000,0,1.0,0.0,0.0,0.0,0.0,0.0,0.0,0.0,0
1777318622415000,0,1.0,0.0,0.0,0.0,0.0,0.0,0.0,0.0,0
1777318622431000,0,1.0,0.0,0.0,0.0,0.0,0.0,0.0,0.0,0
1777318622439000,0,1.0,0.0,0.0,0.0,0.0,0.0,0.0,0.0,0
1777318622447000,0,1.0,0.0,0.0,0.0,0.0,0.0,0.0,0.0,0
1777318622455000,0,1.0,0.0,0.0,0.0,0.0,0.0,0.0,0.0,0
1777318622471000,0,1.0,0.0,0.0,0.0,0.0,0.0,0.0,0.0,0
1777318622479000,0,1.0,0.0,0.0,0.0,0.0,0.0,0.0,0.0,0
1777318622487000,0,1.0,0.0,0.0,0.0,0.0,0.0,0.0,0.0,0
1777318622495000,0,1.0,0.0,0.0,0.0,0.0,0.0,0.0,0.0,0
1777318622511000,0,1.0,0.0,0.0,0.0,0.0,0.0,0.0,0.0,0
1777318622519000,0,1.0,0.0,0.0,0.0,0.0,0.0,0.0,0.0,0
1777318622527000,0,1.0,0.0,0.0,0.0,0.0,0.0,0.0,0.0,0
1777318622535000,0,1.0,0.0,0.0,0.0,0.0,0.0,0.0,0.0,0
1777318622551000,0,1.0,0.0,0.0,0.0,0.0,0.0,0.0,0.0,0
1777318622559000,0,1.0,0.0,0.0,0.0,0.0,0.0,0.0,0.0,0
1777318622567000,0,1.0,0.0,0.0,0.0,0.0,0.0,0.0,0.0,0
1777318622575000,0,1.0,0.0,0.0,0.0,0.0,0.0,0.0,0.0,0
1777318622591000,0,1.0,0.0,0.0,0.0,0.0,0.0,0.0,0.0,0
1777318622599000,0,1.0,0.0,0.0,0.0,0.0,0.0,0.0,0.0,0
1777318622607000,0,1.0,0.0,0.0,0.0,0.0,0.0,0.0,0.0,0
1777318622615000,0,1.0,0.0,0.0,0.0,0.0,0.0,0.0,0.0,0
1777318622631000,0,1.0,0.0,0.0,0.0,0.0,0.0,0.0,0.0,0
1777318622639000,0,1.0,0.0,0.0,0.0,0.0,0.0,0.0,0.0,0
1777318622647000,0,1.0,0.0,0.0,0.0,0.0,0.0,0.0,0.0,0
1777318622655000,0,1.0,0.0,0.0,0.0,0.0,0.0,0.0,0.0,0
1777318622671000,0,1.0,0.0,0.0,0.0,0.0,0.0,0.0,0.0,0
1777318622679000,0,1.0,0.0,0.0,0.0,0.0,0.0,0.0,0.0,0
1777318622687000,0,1.0,0.0,0.0,0.0,0.0,0.0,0.0,0.0,0
1777318622695000,0,1.0,0.0,0.0,0.0,0.0,0.0,0.0,0.0,0
1777318622711000,0,1.0,0.0,0.0,0.0,0.0,0.0,0.0,0.0,0
1777318622719000,0,1.0,0.0,0.0,0.0,0.0,0.0,0.0,0.0,0
1777318622727000,0,1.0,0.0,0.0,0.0,0.0,0.0,0.0,0.0,0
1777318622735000,0,1.0,0.0,0.0,0.0,0.0,0.0,0.0,0.0,0
1777318622751000,0,1.0,0.0,0.0,0.0,0.0,0.0,0.0,0.0,0
1777318622759000,0,1.0,0.0,0.0,0.0,0.0,0.0,0.0,0.0,0
1777318622767000,0,1.0,0.0,0.0,0.0,0.0,0.0,0.0,0.0,0
1777318622775000,0,1.0,0.0,0.0,0.0,0.0,0.0,0.0,0.0,0
1777318622791000,0,1.0,0.0,0.0,0.0,0.0,0.0,0.0,0.0,0
1777318622799000,0,1.0,0.0,0.0,0.0,0.0,0.0,0.0,0.0,0
1777318622807000,0,1.0,0.0,0.0,0.0,0.0,0.0,0.0,0.0,0
1777318622815000,0,1.0,0.0,0.0,0.0,0.0,0.0,0.0,0.0,0
1777318622831000,0,1.0,0.0,0.0,0.0,0.0,0.0,0.0,0.0,0
1777318622839000,0,1.0,0.0,0.0,0.0,0.0,0.0,0.0,0.0,0
1777318622847000,0,1.0,0.0,0.0,0.0,0.0,0.0,0.0,0.0,0
1777318622855000,0,1.0,0.0,0.0,0.0,0.0,0.0,0.0,0.0,0
1777318622871000,0,1.0,0.0,0.0,0.0,0.0,0.0,0.0,0.0,0
1777318622879000,0,1.0,0.0,0.0,0.0,0.0,0.0,0.0,0.0,0
1777318622887000,0,1.0,0.0,0.0,0.0,0.0,0.0,0.0,0.0,0
1777318622895000,0,1.0,0.0,0.0,0.0,0.0,0.0,0.0,0.0,0
1777318622911000,0,1.0,0.0,0.0,0.0,0.0,0.0,0.0,0.0,0
1777318622919000,0,1.0,0.0,0.0,0.0,0.0,0.0,0.0,0.0,0
1777318622927000,0,1.0,0.0,0.0,0.0,0.0,0.0,0.0,0.0,0
1777318622935000,0,1.0,0.0,0.0,0.0,0.0,0.0,0.0,0.0,0
1777318622951000,0,1.0,0.0,0.0,0.0,0.0,0.0,0.0,0.0,0
1777318622959000,0,1.0,0.0,0.0,0.0,0.0,0.0,0.0,0.0,0
1777318622967000,0,1.0,0.0,0.0,0.0,0.0,0.0,0.0,0.0,0
1777318622975000,0,1.0,0.0,0.0,0.0,0.0,0.0,0.0,0.0,0
1777318622991000,0,1.0,0.0,0.0,0.0,0.0,0.0,0.0,0.0,0
1777318622999000,0,1.0,0.0,0.0,0.0,0.0,0.0,0.0,0.0,0
1777318623007000,0,1.0,0.0,0.0,0.0,0.0,0.0,0.0,0.0,0
1777318623015000,0,1.0,0.0,0.0,0.0,0.0,0.0,0.0,0.0,0
1777318623031000,0,1.0,0.0,0.0,0.0,0.0,0.0,0.0,0.0,0
1777318623039000,0,1.0,0.0,0.0,0.0,0.0,0.0,0.0,0.0,0
1777318623047000,0,1.0,0.0,0.0,0.0,0.0,0.0,0.0,0.0,0
1777318623055000,0,1.0,0.0,0.0,0.0,0.0,0.0,0.0,0.0,0
1777318623071000,0,1.0,0.0,0.0,0.0,0.0,0.0,0.0,0.0,0
1777318623079000,0,1.0,0.0,0.0,0.0,0.0,0.0,0.0,0.0,0
1777318623087000,0,1.0,0.0,0.0,0.0,0.0,0.0,0.0,0.0,0
1777318623095000,0,1.0,0.0,0.0,0.0,0.0,0.0,0.0,0.0,0
1777318623111000,0,1.0,0.0,0.0,0.0,0.0,0.0,0.0,0.0,0
1777318623119000,0,1.0,0.0,0.0,0.0,0.0,0.0,0.0,0.0,0
1777318623127000,0,1.0,0.0,0.0,0.0,0.0,0.0,0.0,0.0,0
1777318623135000,0,1.0,0.0,0.0,0.0,0.0,0.0,0.0,0.0,0
1777318623151000,0,1.0,0.0,0.0,0.0,0.0,0.0,0.0,0.0,0
1777318623159000,0,1.0,0.0,0.0,0.0,0.0,0.0,0.0,0.0,0
1777318623167000,0,1.0,0.0,0.0,0.0,0.0,0.0,0.0,0.0,0
1777318623175000,0,1.0,0.0,0.0,0.0,0.0,0.0,0.0,0.0,0
1777318623191000,0,1.0,0.0,0.0,0.0,0.0,0.0,0.0,0.0,0
1777318623199000,0,1.0,0.0,0.0,0.0,0.0,0.0,0.0,0.0,0
1777318623207000,0,1.0,0.0,0.0,0.0,0.0,0.0,0.0,0.0,0
1777318623215000,0,1.0,0.0,0.0,0.0,0.0,0.0,0.0,0.0,0
1777318623231000,0,1.0,0.0,0.0,0.0,0.0,0.0,0.0,0.0,0
1777318623239000,0,1.0,0.0,0.0,0.0,0.0,0.0,0.0,0.0,0
1777318623247000,0,1.0,0.0,0.0,0.0,0.0,0.0,0.0,0.0,0
1777318623255000,0,1.0,0.0,0.0,0.0,0.0,0.0,0.0,0.0,0
1777318623271000,0,1.0,0.0,0.0,0.0,0.0,0.0,0.0,0.0,0
1777318623279000,0,1.0,0.0,0.0,0.0,0.0,0.0,0.0,0.0,0
1777318623287000,0,1.0,0.0,0.0,0.0,0.0,0.0,0.0,0.0,0
1777318623295000,0,1.0,0.0,0.0,0.0,0.0,0.0,0.0,0.0,0
1777318623311000,0,1.0,0.0,0.0,0.0,0.0,0.0,0.0,0.0,0
1777318623319000,0,1.0,0.0,0.0,0.0,0.0,0.0,0.0,0.0,0
1777318623327000,0,1.0,0.0,0.0,0.0,0.0,0.0,0.0,0.0,0
1777318623335000,0,1.0,0.0,0.0,0.0,0.0,0.0,0.0,0.0,0
1777318623351000,0,1.0,0.0,0.0,0.0,0.0,0.0,0.0,0.0,0
1777318623359000,0,1.0,0.0,0.0,0.0,0.0,0.0,0.0,0.0,0
1777318623367000,0,1.0,0.0,0.0,0.0,0.0,0.0,0.0,0.0,0
1777318623375000,0,1.0,0.0,0.0,0.0,0.0,0.0,0.0,0.0,0
1777318623391000,0,1.0,0.0,0.0,0.0,0.0,0.0,0.0,0.0,0
1777318623399000,0,1.0,0.0,0.0,0.0,0.0,0.0,0.0,0.0,0
1777318623407000,0,1.0,0.0,0.0,0.0,0.0,0.0,0.0,0.0,0
1777318623415000,0,1.0,0.0,0.0,0.0,0.0,0.0,0.0,0.0,0
1777318623431000,0,1.0,0.0,0.0,0.0,0.0,0.0,0.0,0.0,0
1777318623439000,0,1.0,0.0,0.0,0.0,0.0,0.0,0.0,0.0,0
1777318623447000,0,1.0,0.0,0.0,0.0,0.0,0.0,0.0,0.0,0
1777318623455000,0,1.0,0.0,0.0,0.0,0.0,0.0,0.0,0.0,0
1777318623471000,0,1.0,0.0,0.0,0.0,0.0,0.0,0.0,0.0,0
1777318623479000,0,1.0,0.0,0.0,0.0,0.0,0.0,0.0,0.0,0
1777318623487000,0,1.0,0.0,0.0,0.0,0.0,0.0,0.0,0.0,0
1777318623495000,0,1.0,0.0,0.0,0.0,0.0,0.0,0.0,0.0,0
1777318623511000,0,1.0,0.0,0.0,0.0,0.0,0.0,0.0,0.0,0
1777318623519000,0,1.0,0.0,0.0,0.0,0.0,0.0,0.0,0.0,0
1777318623527000,0,1.0,0.0,0.0,0.0,0.0,0.0,0.0,0.0,0
1777318623535000,0,1.0,0.0,0.0,0.0,0.0,0.0,0.0,0.0,0
1777318623551000,0,1.0,0.0,0.0,0.0,0.0,0.0,0.0,0.0,0
1777318623559000,0,1.0,0.0,0.0,0.0,0.0,0.0,0.0,0.0,0
1777318623567000,0,1.0,0.0,0.0,0.0,0.0,0.0,0.0,0.0,0
1777318623575000,0,1.0,0.0,0.0,0.0,0.0,0.0,0.0,0.0,0
1777318623591000,0,1.0,0.0,0.0,0.0,0.0,0.0,0.0,0.0,0
1777318623599000,0,1.0,0.0,0.0,0.0,0.0,0.0,0.0,0.0,0
1777318623607000,0,1.0,0.0,0.0,0.0,0.0,0.0,0.0,0.0,0
1777318623615000,0,1.0,0.0,0.0,0.0,0.0,0.0,0.0,0.0,0
1777318623631000,0,1.0,0.0,0.0,0.0,0.0,0.0,0.0,0.0,0
1777318623639000,0,1.0,0.0,0.0,0.0,0.0,0.0,0.0,0.0,0
1777318623647000,0,1.0,0.0,0.0,0.0,0.0,0.0,0.0,0.0,0
1777318623655000,0,1.0,0.0,0.0,0.0,0.0,0.0,0.0,0.0,0
1777318623671000,0,1.0,0.0,0.0,0.0,0.0,0.0,0.0,0.0,0
1777318623679000,0,1.0,0.0,0.0,0.0,0.0,0.0,0.0,0.0,0
1777318623687000,0,1.0,0.0,0.0,0.0,0.0,0.0,0.0,0.0,0
1777318623695000,0,1.0,0.0,0.0,0.0,0.0,0.0,0.0,0.0,0
1777318623711000,0,1.0,0.0,0.0,0.0,0.0,0.0,0.0,0.0,0
1777318623719000,0,1.0,0.0,0.0,0.0,0.0,0.0,0.0,0.0,0
1777318623727000,0,1.0,0.0,0.0,0.0,0.0,0.0,0.0,0.0,0
1777318623735000,0,1.0,0.0,0.0,0.0,0.0,0.0,0.0,0.0,0
1777318623751000,0,1.0,0.0,0.0,0.0,0.0,0.0,0.0,0.0,0
1777318623759000,0,1.0,0.0,0.0,0.0,0.0,0.0,0.0,0.0,0
1777318623767000,0,1.0,0.0,0.0,0.0,0.0,0.0,0.0,0.0,0
1777318623775000,0,1.0,0.0,0.0,0.0,0.0,0.0,0.0,0.0,0
1777318623791000,0,1.0,0.0,0.0,0.0,0.0,0.0,0.0,0.0,0
1777318623799000,0,1.0,0.0,0.0,0.0,0.0,0.0,0.0,0.0,0
1777318623807000,0,1.0,0.0,0.0,0.0,0.0,0.0,0.0,0.0,0
1777318623815000,0,1.0,0.0,0.0,0.0,0.0,0.0,0.0,0.0,0
1777318623831000,0,1.0,0.0,0.0,0.0,0.0,0.0,0.0,0.0,0
1777318623839000,0,1.0,0.0,0.0,0.0,0.0,0.0,0.0,0.0,0
1777318623847000,0,1.0,0.0,0.0,0.0,0.0,0.0,0.0,0.0,0
1777318623855000,0,1.0,0.0,0.0,0.0,0.0,0.0,0.0,0.0,0
1777318623871000,0,1.0,0.0,0.0,0.0,0.0,0.0,0.0,0.0,0
1777318623879000,0,1.0,0.0,0.0,0.0,0.0,0.0,0.0,0.0,0
1777318623887000,0,1.0,0.0,0.0,0.0,0.0,0.0,0.0,0.0,0
1777318623895000,0,1.0,0.0,0.0,0.0,0.0,0.0,0.0,0.0,0
1777318623911000,0,1.0,0.0,0.0,0.0,0.0,0.0,0.0,0.0,0
1777318623919000,0,1.0,0.0,0.0,0.0,0.0,0.0,0.0,0.0,0
1777318623927000,0,1.0,0.0,0.0,0.0,0.0,0.0,0.0,0.0,0
1777318623935000,0,1.0,0.0,0.0,0.0,0.0,0.0,0.0,0.0,0
1777318623951000,0,1.0,0.0,0.0,0.0,0.0,0.0,0.0,0.0,0
1777318623959000,0,1.0,0.0,0.0,0.0,0.0,0.0,0.0,0.0,0
1777318623967000,0,1.0,0.0,0.0,0.0,0.0,0.0,0.0,0.0,0
1777318623975000,0,1.0,0.0,0.0,0.0,0.0,0.0,0.0,0.0,0
1777318623991000,0,1.0,0.0,0.0,0.0,0.0,0.0,0.0,0.0,0
1777318623999000,0,1.0,0.0,0.0,0.0,0.0,0.0,0.0,0.0,0
1777318624007000,0,1.0,0.0,0.0,0.0,0.0,0.0,0.0,0.0,0
1777318624015000,0,1.0,0.0,0.0,0.0,0.0,0.0,0.0,0.0,0
1777318624031000,0,1.0,0.0,0.0,0.0,0.0,0.0,0.0,0.0,0
1777318624039000,0,1.0,0.0,0.0,0.0,0.0,0.0,0.0,0.0,0
1777318624047000,0,1.0,0.0,0.0,0.0,0.0,0.0,0.0,0.0,0
1777318624055000,0,1.0,0.0,0.0,0.0,0.0,0.0,0.0,0.0,0
1777318624071000,0,1.0,0.0,0.0,0.0,0.0,0.0,0.0,0.0,0
1777318624079000,0,1.0,0.0,0.0,0.0,0.0,0.0,0.0,0.0,0
1777318624087000,0,1.0,0.0,0.0,0.0,0.0,0.0,0.0,0.0,0
1777318624095000,0,1.0,0.0,0.0,0.0,0.0,0.0,0.0,0.0,0
1777318624111000,0,1.0,0.0,0.0,0.0,0.0,0.0,0.0,0.0,0
1777318624119000,0,1.0,0.0,0.0,0.0,0.0,0.0,0.0,0.0,0
1777318624127000,0,1.0,0.0,0.0,0.0,0.0,0.0,0.0,0.0,0
1777318624135000,0,1.0,0.0,0.0,0.0,0.0,0.0,0.0,0.0,0
1777318624151000,0,1.0,0.0,0.0,0.0,0.0,0.0,0.0,0.0,0
1777318624159000,0,1.0,0.0,0.0,0.0,0.0,0.0,0.0,0.0,0
1777318624167000,0,1.0,0.0,0.0,0.0,0.0,0.0,0.0,0.0,0
1777318624175000,0,1.0,0.0,0.0,0.0,0.0,0.0,0.0,0.0,0
1777318624191000,0,1.0,0.0,0.0,0.0,0.0,0.0,0.0,0.0,0
1777318624199000,0,1.0,0.0,0.0,0.0,0.0,0.0,0.0,0.0,0
1777318624207000,0,1.0,0.0,0.0,0.0,0.0,0.0,0.0,0.0,0
1777318624215000,0,1.0,0.0,0.0,0.0,0.0,0.0,0.0,0.0,0
1777318624231000,0,1.0,0.0,0.0,0.0,0.0,0.0,0.0,0.0,0
1777318624239000,0,1.0,0.0,0.0,0.0,0.0,0.0,0.0,0.0,0
1777318624247000,0,1.0,0.0,0.0,0.0,0.0,0.0,0.0,0.0,0
1777318624255000,0,1.0,0.0,0.0,0.0,0.0,0.0,0.0,0.0,0
1777318624271000,0,1.0,0.0,0.0,0.0,0.0,0.0,0.0,0.0,0
1777318624279000,0,1.0,0.0,0.0,0.0,0.0,0.0,0.0,0.0,0
1777318624287000,0,1.0,0.0,0.0,0.0,0.0,0.0,0.0,0.0,0
1777318624295000,0,1.0,0.0,0.0,0.0,0.0,0.0,0.0,0.0,0
1777318624311000,0,1.0,0.0,0.0,0.0,0.0,0.0,0.0,0.0,0
1777318624319000,0,1.0,0.0,0.0,0.0,0.0,0.0,0.0,0.0,0
1777318624327000,0,1.0,0.0,0.0,0.0,0.0,0.0,0.0,0.0,0
1777318624335000,0,1.0,0.0,0.0,0.0,0.0,0.0,0.0,0.0,0
1777318624351000,0,1.0,0.0,0.0,0.0,0.0,0.0,0.0,0.0,0
1777318624359000,0,1.0,0.0,0.0,0.0,0.0,0.0,0.0,0.0,0
1777318624367000,0,1.0,0.0,0.0,0.0,0.0,0.0,0.0,0.0,0
1777318624375000,0,1.0,0.0,0.0,0.0,0.0,0.0,0.0,0.0,0
1777318624391000,0,1.0,0.0,0.0,0.0,0.0,0.0,0.0,0.0,0
1777318624399000,0,1.0,0.0,0.0,0.0,0.0,0.0,0.0,0.0,0
1777318624407000,0,1.0,0.0,0.0,0.0,0.0,0.0,0.0,0.0,0
1777318624415000,0,1.0,0.0,0.0,0.0,0.0,0.0,0.0,0.0,0
1777318624431000,0,1.0,0.0,0.0,0.0,0.0,0.0,0.0,0.0,0
1777318624439000,0,1.0,0.0,0.0,0.0,0.0,0.0,0.0,0.0,0
1777318624447000,0,1.0,0.0,0.0,0.0,0.0,0.0,0.0,0.0,0
1777318624455000,0,1.0,0.0,0.0,0.0,0.0,0.0,0.0,0.0,0
1777318624471000,0,1.0,0.0,0.0,0.0,0.0,0.0,0.0,0.0,0
1777318624479000,0,1.0,0.0,0.0,0.0,0.0,0.0,0.0,0.0,0
1777318624487000,0,1.0,0.0,0.0,0.0,0.0,0.0,0.0,0.0,0
1777318624495000,0,1.0,0.0,0.0,0.0,0.0,0.0,0.0,0.0,0
1777318624511000,0,1.0,0.0,0.0,0.0,0.0,0.0,0.0,0.0,0
1777318624519000,0,1.0,0.0,0.0,0.0,0.0,0.0,0.0,0.0,0
1777318624527000,0,1.0,0.0,0.0,0.0,0.0,0.0,0.0,0.0,0
1777318624535000,0,1.0,0.0,0.0,0.0,0.0,0.0,0.0,0.0,0
1777318624551000,0,1.0,0.0,0.0,0.0,0.0,0.0,0.0,0.0,0
1777318624559000,0,1.0,0.0,0.0,0.0,0.0,0.0,0.0,0.0,0
1777318624567000,0,1.0,0.0,0.0,0.0,0.0,0.0,0.0,0.0,0
1777318624575000,0,1.0,0.0,0.0,0.0,0.0,0.0,0.0,0.0,0
1777318624591000,0,1.0,0.0,0.0,0.0,0.0,0.0,0.0,0.0,0
1777318624599000,0,1.0,0.0,0.0,0.0,0.0,0.0,0.0,0.0,0
1777318624607000,0,1.0,0.0,0.0,0.0,0.0,0.0,0.0,0.0,0
1777318624615000,0,1.0,0.0,0.0,0.0,0.0,0.0,0.0,0.0,0
1777318624631000,0,1.0,0.0,0.0,0.0,0.0,0.0,0.0,0.0,0
1777318624639000,0,1.0,0.0,0.0,0.0,0.0,0.0,0.0,0.0,0
1777318624647000,0,1.0,0.0,0.0,0.0,0.0,0.0,0.0,0.0,0
1777318624655000,0,1.0,0.0,0.0,0.0,0.0,0.0,0.0,0.0,0
1777318624671000,0,1.0,0.0,0.0,0.0,0.0,0.0,0.0,0.0,0
1777318624679000,0,1.0,0.0,0.0,0.0,0.0,0.0,0.0,0.0,0
1777318624687000,0,1.0,0.0,0.0,0.0,0.0,0.0,0.0,0.0,0
1777318624695000,0,1.0,0.0,0.0,0.0,0.0,0.0,0.0,0.0,0
1777318624711000,0,1.0,0.0,0.0,0.0,0.0,0.0,0.0,0.0,0
1777318624719000,0,1.0,0.0,0.0,0.0,0.0,0.0,0.0,0.0,0
1777318624727000,0,1.0,0.0,0.0,0.0,0.0,0.0,0.0,0.0,0
1777318624735000,0,1.0,0.0,0.0,0.0,0.0,0.0,0.0,0.0,0
1777318624751000,0,1.0,0.0,0.0,0.0,0.0,0.0,0.0,0.0,0
1777318624759000,0,1.0,0.0,0.0,0.0,0.0,0.0,0.0,0.0,0
1777318624767000,0,1.0,0.0,0.0,0.0,0.0,0.0,0.0,0.0,0
1777318624775000,0,1.0,0.0,0.0,0.0,0.0,0.0,0.0,0.0,0
1777318624791000,0,1.0,0.0,0.0,0.0,0.0,0.0,0.0,0.0,0
1777318624799000,0,1.0,0.0,0.0,0.0,0.0,0.0,0.0,0.0,0
1777318624807000,0,1.0,0.0,0.0,0.0,0.0,0.0,0.0,0.0,0
1777318624815000,0,1.0,0.0,0.0,0.0,0.0,0.0,0.0,0.0,0
1777318624831000,0,1.0,0.0,0.0,0.0,0.0,0.0,0.0,0.0,0
1777318624839000,0,1.0,0.0,0.0,0.0,0.0,0.0,0.0,0.0,0
1777318624847000,0,1.0,0.0,0.0,0.0,0.0,0.0,0.0,0.0,0
1777318624855000,0,1.0,0.0,0.0,0.0,0.0,0.0,0.0,0.0,0
1777318624871000,0,1.0,0.0,0.0,0.0,0.0,0.0,0.0,0.0,0
1777318624879000,0,1.0,0.0,0.0,0.0,0.0,0.0,0.0,0.0,0
1777318624887000,0,1.0,0.0,0.0,0.0,0.0,0.0,0.0,0.0,0
1777318624895000,0,1.0,0.0,0.0,0.0,0.0,0.0,0.0,0.0,0
1777318624911000,0,1.0,0.0,0.0,0.0,0.0,0.0,0.0,0.0,0
1777318624919000,0,1.0,0.0,0.0,0.0,0.0,0.0,0.0,0.0,0
1777318624927000,0,1.0,0.0,0.0,0.0,0.0,0.0,0.0,0.0,0
1777318624935000,0,1.0,0.0,0.0,0.0,0.0,0.0,0.0,0.0,0
1777318624951000,0,1.0,0.0,0.0,0.0,0.0,0.0,0.0,0.0,0
1777318624959000,0,1.0,0.0,0.0,0.0,0.0,0.0,0.0,0.0,0
1777318624967000,0,1.0,0.0,0.0,0.0,0.0,0.0,0.0,0.0,0
1777318624975000,0,1.0,0.0,0.0,0.0,0.0,0.0,0.0,0.0,0
1777318624991000,0,1.0,0.0,0.0,0.0,0.0,0.0,0.0,0.0,0
1777318624999000,0,1.0,0.0,0.0,0.0,0.0,0.0,0.0,0.0,0
1777318625007000,0,1.0,0.0,0.0,0.0,0.0,0.0,0.0,0.0,0
1777318625015000,0,1.0,0.0,0.0,0.0,0.0,0.0,0.0,0.0,0
1777318625031000,0,1.0,0.0,0.0,0.0,0.0,0.0,0.0,0.0,0
1777318625039000,0,1.0,0.0,0.0,0.0,0.0,0.0,0.0,0.0,0
1777318625047000,0,1.0,0.0,0.0,0.0,0.0,0.0,0.0,0.0,0
1777318625055000,0,1.0,0.0,0.0,0.0,0.0,0.0,0.0,0.0,0
1777318625071000,0,1.0,0.0,0.0,0.0,0.0,0.0,0.0,0.0,0
1777318625079000,0,1.0,0.0,0.0,0.0,0.0,0.0,0.0,0.0,0
1777318625087000,0,1.0,0.0,0.0,0.0,0.0,0.0,0.0,0.0,0
1777318625095000,0,1.0,0.0,0.0,0.0,0.0,0.0,0.0,0.0,0
1777318625111000,0,1.0,0.0,0.0,0.0,0.0,0.0,0.0,0.0,0
1777318625119000,0,1.0,0.0,0.0,0.0,0.0,0.0,0.0,0.0,0
1777318625127000,0,1.0,0.0,0.0,0.0,0.0,0.0,0.0,0.0,0
1777318625135000,0,1.0,0.0,0.0,0.0,0.0,0.0,0.0,0.0,0
1777318625151000,0,1.0,0.0,0.0,0.0,0.0,0.0,0.0,0.0,0
1777318625159000,0,1.0,0.0,0.0,0.0,0.0,0.0,0.0,0.0,0
1777318625167000,0,1.0,0.0,0.0,0.0,0.0,0.0,0.0,0.0,0
1777318625175000,0,1.0,0.0,0.0,0.0,0.0,0.0,0.0,0.0,0
1777318625191000,0,1.0,0.0,0.0,0.0,0.0,0.0,0.0,0.0,0
1777318625199000,0,1.0,0.0,0.0,0.0,0.0,0.0,0.0,0.0,0
1777318625207000,0,1.0,0.0,0.0,0.0,0.0,0.0,0.0,0.0,0
1777318625215000,0,1.0,0.0,0.0,0.0,0.0,0.0,0.0,0.0,0
1777318625231000,0,1.0,0.0,0.0,0.0,0.0,0.0,0.0,0.0,0
1777318625239000,0,1.0,0.0,0.0,0.0,0.0,0.0,0.0,0.0,0
1777318625247000,0,1.0,0.0,0.0,0.0,0.0,0.0,0.0,0.0,0
1777318625255000,0,1.0,0.0,0.0,0.0,0.0,0.0,0.0,0.0,0
1777318625271000,0,1.0,0.0,0.0,0.0,0.0,0.0,0.0,0.0,0
1777318625279000,0,1.0,0.0,0.0,0.0,0.0,0.0,0.0,0.0,0
1777318625287000,0,1.0,0.0,0.0,0.0,0.0,0.0,0.0,0.0,0
1777318625295000,0,1.0,0.0,0.0,0.0,0.0,0.0,0.0,0.0,0
1777318625311000,0,1.0,0.0,0.0,0.0,0.0,0.0,0.0,0.0,0
1777318625319000,0,1.0,0.0,0.0,0.0,0.0,0.0,0.0,0.0,0
1777318625327000,0,1.0,0.0,0.0,0.0,0.0,0.0,0.0,0.0,0
1777318625335000,0,1.0,0.0,0.0,0.0,0.0,0.0,0.0,0.0,0
1777318625351000,0,1.0,0.0,0.0,0.0,0.0,0.0,0.0,0.0,0
1777318625359000,0,1.0,0.0,0.0,0.0,0.0,0.0,0.0,0.0,0
1777318625367000,0,1.0,0.0,0.0,0.0,0.0,0.0,0.0,0.0,0
1777318625375000,0,1.0,0.0,0.0,0.0,0.0,0.0,0.0,0.0,0
1777318625391000,0,1.0,0.0,0.0,0.0,0.0,0.0,0.0,0.0,0
1777318625399000,0,1.0,0.0,0.0,0.0,0.0,0.0,0.0,0.0,0
1777318625407000,0,1.0,0.0,0.0,0.0,0.0,0.0,0.0,0.0,0
1777318625415000,0,1.0,0.0,0.0,0.0,0.0,0.0,0.0,0.0,0
1777318625431000,0,1.0,0.0,0.0,0.0,0.0,0.0,0.0,0.0,0
1777318625439000,0,1.0,0.0,0.0,0.0,0.0,0.0,0.0,0.0,0
1777318625447000,0,1.0,0.0,0.0,0.0,0.0,0.0,0.0,0.0,0
1777318625455000,0,1.0,0.0,0.0,0.0,0.0,0.0,0.0,0.0,0
1777318625471000,0,1.0,0.0,0.0,0.0,0.0,0.0,0.0,0.0,0
1777318625479000,0,1.0,0.0,0.0,0.0,0.0,0.0,0.0,0.0,0
1777318625487000,0,1.0,0.0,0.0,0.0,0.0,0.0,0.0,0.0,0
1777318625495000,0,1.0,0.0,0.0,0.0,0.0,0.0,0.0,0.0,0
1777318625511000,0,1.0,0.0,0.0,0.0,0.0,0.0,0.0,0.0,0
1777318625519000,0,1.0,0.0,0.0,0.0,0.0,0.0,0.0,0.0,0
1777318625527000,0,1.0,0.0,0.0,0.0,0.0,0.0,0.0,0.0,0
1777318625535000,0,1.0,0.0,0.0,0.0,0.0,0.0,0.0,0.0,0
1777318625551000,0,1.0,0.0,0.0,0.0,0.0,0.0,0.0,0.0,0
1777318625559000,0,1.0,0.0,0.0,0.0,0.0,0.0,0.0,0.0,0
1777318625567000,0,1.0,0.0,0.0,0.0,0.0,0.0,0.0,0.0,0
1777318625575000,0,1.0,0.0,0.0,0.0,0.0,0.0,0.0,0.0,0
1777318625591000,0,1.0,0.0,0.0,0.0,0.0,0.0,0.0,0.0,0
1777318625599000,0,1.0,0.0,0.0,0.0,0.0,0.0,0.0,0.0,0
1777318625607000,0,1.0,0.0,0.0,0.0,0.0,0.0,0.0,0.0,0
1777318625615000,0,1.0,0.0,0.0,0.0,0.0,0.0,0.0,0.0,0
1777318625631000,0,1.0,0.0,0.0,0.0,0.0,0.0,0.0,0.0,0
1777318625639000,0,1.0,0.0,0.0,0.0,0.0,0.0,0.0,0.0,0
1777318625647000,0,1.0,0.0,0.0,0.0,0.0,0.0,0.0,0.0,0
1777318625655000,0,1.0,0.0,0.0,0.0,0.0,0.0,0.0,0.0,0
1777318625671000,0,1.0,0.0,0.0,0.0,0.0,0.0,0.0,0.0,0
1777318625679000,0,1.0,0.0,0.0,0.0,0.0,0.0,0.0,0.0,0
1777318625687000,0,1.0,0.0,0.0,0.0,0.0,0.0,0.0,0.0,0
1777318625695000,0,1.0,0.0,0.0,0.0,0.0,0.0,0.0,0.0,0
1777318625711000,0,1.0,0.0,0.0,0.0,0.0,0.0,0.0,0.0,0
1777318625719000,0,1.0,0.0,0.0,0.0,0.0,0.0,0.0,0.0,0
1777318625727000,0,1.0,0.0,0.0,0.0,0.0,0.0,0.0,0.0,0
1777318625735000,0,1.0,0.0,0.0,0.0,0.0,0.0,0.0,0.0,0
1777318625751000,0,1.0,0.0,0.0,0.0,0.0,0.0,0.0,0.0,0
1777318625759000,0,1.0,0.0,0.0,0.0,0.0,0.0,0.0,0.0,0
1777318625767000,0,1.0,0.0,0.0,0.0,0.0,0.0,0.0,0.0,0
1777318625775000,0,1.0,0.0,0.0,0.0,0.0,0.0,0.0,0.0,0
1777318625791000,0,1.0,0.0,0.0,0.0,0.0,0.0,0.0,0.0,0
1777318625799000,0,1.0,0.0,0.0,0.0,0.0,0.0,0.0,0.0,0
1777318625807000,0,1.0,0.0,0.0,0.0,0.0,0.0,0.0,0.0,0
1777318625815000,0,1.0,0.0,0.0,0.0,0.0,0.0,0.0,0.0,0
1777318625831000,0,1.0,0.0,0.0,0.0,0.0,0.0,0.0,0.0,0
1777318625839000,0,1.0,0.0,0.0,0.0,0.0,0.0,0.0,0.0,0
1777318625847000,0,1.0,0.0,0.0,0.0,0.0,0.0,0.0,0.0,0
1777318625855000,0,1.0,0.0,0.0,0.0,0.0,0.0,0.0,0.0,0
1777318625871000,0,1.0,0.0,0.0,0.0,0.0,0.0,0.0,0.0,0
1777318625879000,0,1.0,0.0,0.0,0.0,0.0,0.0,0.0,0.0,0
1777318625887000,0,1.0,0.0,0.0,0.0,0.0,0.0,0.0,0.0,0
1777318625895000,0,1.0,0.0,0.0,0.0,0.0,0.0,0.0,0.0,0
1777318625911000,0,1.0,0.0,0.0,0.0,0.0,0.0,0.0,0.0,0
1777318625919000,0,1.0,0.0,0.0,0.0,0.0,0.0,0.0,0.0,0
1777318625927000,0,1.0,0.0,0.0,0.0,0.0,0.0,0.0,0.0,0
1777318625935000,0,1.0,0.0,0.0,0.0,0.0,0.0,0.0,0.0,0
1777318625951000,0,1.0,0.0,0.0,0.0,0.0,0.0,0.0,0.0,0
1777318625959000,0,1.0,0.0,0.0,0.0,0.0,0.0,0.0,0.0,0
1777318625967000,0,1.0,0.0,0.0,0.0,0.0,0.0,0.0,0.0,0
1777318625975000,0,1.0,0.0,0.0,0.0,0.0,0.0,0.0,0.0,0
1777318625991000,0,1.0,0.0,0.0,0.0,0.0,0.0,0.0,0.0,0
1777318625999000,0,1.0,0.0,0.0,0.0,0.0,0.0,0.0,0.0,0
1777318626007000,0,1.0,0.0,0.0,0.0,0.0,0.0,0.0,0.0,0
1777318626015000,0,1.0,0.0,0.0,0.0,0.0,0.0,0.0,0.0,0
1777318626031000,0,1.0,0.0,0.0,0.0,0.0,0.0,0.0,0.0,0
1777318626039000,0,1.0,0.0,0.0,0.0,0.0,0.0,0.0,0.0,0
1777318626047000,0,1.0,0.0,0.0,0.0,0.0,0.0,0.0,0.0,0
1777318626055000,0,1.0,0.0,0.0,0.0,0.0,0.0,0.0,0.0,0
1777318626071000,0,1.0,0.0,0.0,0.0,0.0,0.0,0.0,0.0,0
1777318626079000,0,1.0,0.0,0.0,0.0,0.0,0.0,0.0,0.0,0
1777318626087000,0,1.0,0.0,0.0,0.0,0.0,0.0,0.0,0.0,0
1777318626095000,0,1.0,0.0,0.0,0.0,0.0,0.0,0.0,0.0,0
1777318626111000,0,1.0,0.0,0.0,0.0,0.0,0.0,0.0,0.0,0
1777318626119000,0,1.0,0.0,0.0,0.0,0.0,0.0,0.0,0.0,0
1777318626127000,0,1.0,0.0,0.0,0.0,0.0,0.0,0.0,0.0,0
1777318626135000,0,1.0,0.0,0.0,0.0,0.0,0.0,0.0,0.0,0
1777318626151000,0,1.0,0.0,0.0,0.0,0.0,0.0,0.0,0.0,0
1777318626159000,0,1.0,0.0,0.0,0.0,0.0,0.0,0.0,0.0,0
1777318626167000,0,1.0,0.0,0.0,0.0,0.0,0.0,0.0,0.0,0
1777318626175000,0,1.0,0.0,0.0,0.0,0.0,0.0,0.0,0.0,0
1777318626191000,0,1.0,0.0,0.0,0.0,0.0,0.0,0.0,0.0,0
1777318626199000,0,1.0,0.0,0.0,0.0,0.0,0.0,0.0,0.0,0
1777318626207000,0,1.0,0.0,0.0,0.0,0.0,0.0,0.0,0.0,0
1777318626215000,0,1.0,0.0,0.0,0.0,0.0,0.0,0.0,0.0,0
1777318626231000,0,1.0,0.0,0.0,0.0,0.0,0.0,0.0,0.0,0
1777318626239000,0,1.0,0.0,0.0,0.0,0.0,0.0,0.0,0.0,0
1777318626247000,0,1.0,0.0,0.0,0.0,0.0,0.0,0.0,0.0,0
1777318626255000,0,1.0,0.0,0.0,0.0,0.0,0.0,0.0,0.0,0
1777318626271000,0,1.0,0.0,0.0,0.0,0.0,0.0,0.0,0.0,0
1777318626279000,0,1.0,0.0,0.0,0.0,0.0,0.0,0.0,0.0,0
1777318626287000,0,1.0,0.0,0.0,0.0,0.0,0.0,0.0,0.0,0
1777318626295000,0,1.0,0.0,0.0,0.0,0.0,0.0,0.0,0.0,0
1777318626311000,0,1.0,0.0,0.0,0.0,0.0,0.0,0.0,0.0,0
1777318626319000,0,1.0,0.0,0.0,0.0,0.0,0.0,0.0,0.0,0
1777318626327000,0,1.0,0.0,0.0,0.0,0.0,0.0,0.0,0.0,0
1777318626335000,0,1.0,0.0,0.0,0.0,0.0,0.0,0.0,0.0,0
1777318626351000,0,1.0,0.0,0.0,0.0,0.0,0.0,0.0,0.0,0
1777318626359000,0,1.0,0.0,0.0,0.0,0.0,0.0,0.0,0.0,0
1777318626367000,0,1.0,0.0,0.0,0.0,0.0,0.0,0.0,0.0,0
1777318626375000,0,1.0,0.0,0.0,0.0,0.0,0.0,0.0,0.0,0
1777318626391000,0,1.0,0.0,0.0,0.0,0.0,0.0,0.0,0.0,0
1777318626399000,0,1.0,0.0,0.0,0.0,0.0,0.0,0.0,0.0,0
1777318626407000,0,1.0,0.0,0.0,0.0,0.0,0.0,0.0,0.0,0
1777318626415000,0,1.0,0.0,0.0,0.0,0.0,0.0,0.0,0.0,0
1777318626431000,0,1.0,0.0,0.0,0.0,0.0,0.0,0.0,0.0,0
1777318626439000,0,1.0,0.0,0.0,0.0,0.0,0.0,0.0,0.0,0
1777318626447000,0,1.0,0.0,0.0,0.0,0.0,0.0,0.0,0.0,0
1777318626455000,0,1.0,0.0,0.0,0.0,0.0,0.0,0.0,0.0,0
1777318626471000,0,1.0,0.0,0.0,0.0,0.0,0.0,0.0,0.0,0
1777318626479000,0,1.0,0.0,0.0,0.0,0.0,0.0,0.0,0.0,0
1777318626487000,0,1.0,0.0,0.0,0.0,0.0,0.0,0.0,0.0,0
1777318626495000,0,1.0,0.0,0.0,0.0,0.0,0.0,0.0,0.0,0
1777318626511000,0,1.0,0.0,0.0,0.0,0.0,0.0,0.0,0.0,0
1777318626519000,0,1.0,0.0,0.0,0.0,0.0,0.0,0.0,0.0,0
1777318626527000,0,1.0,0.0,0.0,0.0,0.0,0.0,0.0,0.0,0
1777318626535000,0,1.0,0.0,0.0,0.0,0.0,0.0,0.0,0.0,0
1777318626551000,0,1.0,0.0,0.0,0.0,0.0,0.0,0.0,0.0,0
1777318626559000,0,1.0,0.0,0.0,0.0,0.0,0.0,0.0,0.0,0
1777318626567000,0,1.0,0.0,0.0,0.0,0.0,0.0,0.0,0.0,0
1777318626575000,0,1.0,0.0,0.0,0.0,0.0,0.0,0.0,0.0,0
1777318626591000,0,1.0,0.0,0.0,0.0,0.0,0.0,0.0,0.0,0
1777318626599000,0,1.0,0.0,0.0,0.0,0.0,0.0,0.0,0.0,0
1777318626607000,0,1.0,0.0,0.0,0.0,0.0,0.0,0.0,0.0,0
1777318626615000,0,1.0,0.0,0.0,0.0,0.0,0.0,0.0,0.0,0
1777318626631000,0,1.0,0.0,0.0,0.0,0.0,0.0,0.0,0.0,0
1777318626639000,0,1.0,0.0,0.0,0.0,0.0,0.0,0.0,0.0,0
1777318626647000,0,1.0,0.0,0.0,0.0,0.0,0.0,0.0,0.0,0
1777318626655000,0,1.0,0.0,0.0,0.0,0.0,0.0,0.0,0.0,0
1777318626671000,0,1.0,0.0,0.0,0.0,0.0,0.0,0.0,0.0,0
1777318626679000,0,1.0,0.0,0.0,0.0,0.0,0.0,0.0,0.0,0
1777318626687000,0,1.0,0.0,0.0,0.0,0.0,0.0,0.0,0.0,0
1777318626695000,0,1.0,0.0,0.0,0.0,0.0,0.0,0.0,0.0,0
1777318626711000,0,1.0,0.0,0.0,0.0,0.0,0.0,0.0,0.0,0
1777318626719000,0,1.0,0.0,0.0,0.0,0.0,0.0,0.0,0.0,0
1777318626727000,0,1.0,0.0,0.0,0.0,0.0,0.0,0.0,0.0,0
1777318626735000,0,1.0,0.0,0.0,0.0,0.0,0.0,0.0,0.0,0
1777318626751000,0,1.0,0.0,0.0,0.0,0.0,0.0,0.0,0.0,0
1777318626759000,0,1.0,0.0,0.0,0.0,0.0,0.0,0.0,0.0,0
1777318626767000,0,1.0,0.0,0.0,0.0,0.0,0.0,0.0,0.0,0
1777318626775000,0,1.0,0.0,0.0,0.0,0.0,0.0,0.0,0.0,0
1777318626791000,0,1.0,0.0,0.0,0.0,0.0,0.0,0.0,0.0,0
1777318626799000,0,1.0,0.0,0.0,0.0,0.0,0.0,0.0,0.0,0
1777318626807000,0,1.0,0.0,0.0,0.0,0.0,0.0,0.0,0.0,0
1777318626815000,0,1.0,0.0,0.0,0.0,0.0,0.0,0.0,0.0,0
1777318626831000,0,1.0,0.0,0.0,0.0,0.0,0.0,0.0,0.0,0
1777318626839000,0,1.0,0.0,0.0,0.0,0.0,0.0,0.0,0.0,0
1777318626847000,0,1.0,0.0,0.0,0.0,0.0,0.0,0.0,0.0,0
1777318626855000,0,1.0,0.0,0.0,0.0,0.0,0.0,0.0,0.0,0
1777318626871000,0,1.0,0.0,0.0,0.0,0.0,0.0,0.0,0.0,0
1777318626879000,0,1.0,0.0,0.0,0.0,0.0,0.0,0.0,0.0,0
1777318626887000,0,1.0,0.0,0.0,0.0,0.0,0.0,0.0,0.0,0
1777318626895000,0,1.0,0.0,0.0,0.0,0.0,0.0,0.0,0.0,0
1777318626911000,0,1.0,0.0,0.0,0.0,0.0,0.0,0.0,0.0,0
1777318626919000,0,1.0,0.0,0.0,0.0,0.0,0.0,0.0,0.0,0
1777318626927000,0,1.0,0.0,0.0,0.0,0.0,0.0,0.0,0.0,0
1777318626935000,0,1.0,0.0,0.0,0.0,0.0,0.0,0.0,0.0,0
1777318626951000,0,1.0,0.0,0.0,0.0,0.0,0.0,0.0,0.0,0
1777318626959000,0,1.0,0.0,0.0,0.0,0.0,0.0,0.0,0.0,0
1777318626967000,0,1.0,0.0,0.0,0.0,0.0,0.0,0.0,0.0,0
1777318626975000,0,1.0,0.0,0.0,0.0,0.0,0.0,0.0,0.0,0
1777318626991000,0,1.0,0.0,0.0,0.0,0.0,0.0,0.0,0.0,0
1777318626999000,0,1.0,0.0,0.0,0.0,0.0,0.0,0.0,0.0,0
1777318627007000,0,1.0,0.0,0.0,0.0,0.0,0.0,0.0,0.0,0
1777318627015000,0,1.0,0.0,0.0,0.0,0.0,0.0,0.0,0.0,0
1777318627031000,0,1.0,0.0,0.0,0.0,0.0,0.0,0.0,0.0,0
1777318627039000,0,1.0,0.0,0.0,0.0,0.0,0.0,0.0,0.0,0
1777318627047000,0,1.0,0.0,0.0,0.0,0.0,0.0,0.0,0.0,0
1777318627055000,0,1.0,0.0,0.0,0.0,0.0,0.0,0.0,0.0,0
1777318627071000,0,1.0,0.0,0.0,0.0,0.0,0.0,0.0,0.0,0
1777318627079000,0,1.0,0.0,0.0,0.0,0.0,0.0,0.0,0.0,0
1777318627087000,0,1.0,0.0,0.0,0.0,0.0,0.0,0.0,0.0,0
1777318627095000,0,1.0,0.0,0.0,0.0,0.0,0.0,0.0,0.0,0
1777318627111000,0,1.0,0.0,0.0,0.0,0.0,0.0,0.0,0.0,0
1777318627119000,0,1.0,0.0,0.0,0.0,0.0,0.0,0.0,0.0,0
1777318627127000,0,1.0,0.0,0.0,0.0,0.0,0.0,0.0,0.0,0
1777318627135000,0,1.0,0.0,0.0,0.0,0.0,0.0,0.0,0.0,0
1777318627151000,0,1.0,0.0,0.0,0.0,0.0,0.0,0.0,0.0,0
1777318627159000,0,1.0,0.0,0.0,0.0,0.0,0.0,0.0,0.0,0
1777318627167000,0,1.0,0.0,0.0,0.0,0.0,0.0,0.0,0.0,0
1777318627175000,0,1.0,0.0,0.0,0.0,0.0,0.0,0.0,0.0,0
1777318627191000,0,1.0,0.0,0.0,0.0,0.0,0.0,0.0,0.0,0
1777318627199000,0,1.0,0.0,0.0,0.0,0.0,0.0,0.0,0.0,0
1777318627207000,0,1.0,0.0,0.0,0.0,0.0,0.0,0.0,0.0,0
1777318627215000,0,1.0,0.0,0.0,0.0,0.0,0.0,0.0,0.0,0
1777318627231000,0,1.0,0.0,0.0,0.0,0.0,0.0,0.0,0.0,0
1777318627239000,0,1.0,0.0,0.0,0.0,0.0,0.0,0.0,0.0,0
1777318627247000,0,1.0,0.0,0.0,0.0,0.0,0.0,0.0,0.0,0
1777318627255000,0,1.0,0.0,0.0,0.0,0.0,0.0,0.0,0.0,0
1777318627271000,0,1.0,0.0,0.0,0.0,0.0,0.0,0.0,0.0,0
1777318627279000,0,1.0,0.0,0.0,0.0,0.0,0.0,0.0,0.0,0
1777318627287000,0,1.0,0.0,0.0,0.0,0.0,0.0,0.0,0.0,0
1777318627295000,0,1.0,0.0,0.0,0.0,0.0,0.0,0.0,0.0,0
1777318627311000,0,1.0,0.0,0.0,0.0,0.0,0.0,0.0,0.0,0
1777318627319000,0,1.0,0.0,0.0,0.0,0.0,0.0,0.0,0.0,0
1777318627327000,0,1.0,0.0,0.0,0.0,0.0,0.0,0.0,0.0,0
1777318627335000,0,1.0,0.0,0.0,0.0,0.0,0.0,0.0,0.0,0
1777318627351000,0,1.0,0.0,0.0,0.0,0.0,0.0,0.0,0.0,0
1777318627359000,0,1.0,0.0,0.0,0.0,0.0,0.0,0.0,0.0,0
1777318627367000,0,1.0,0.0,0.0,0.0,0.0,0.0,0.0,0.0,0
1777318627375000,0,1.0,0.0,0.0,0.0,0.0,0.0,0.0,0.0,0
1777318627391000,0,1.0,0.0,0.0,0.0,0.0,0.0,0.0,0.0,0
1777318627399000,0,1.0,0.0,0.0,0.0,0.0,0.0,0.0,0.0,0
1777318627407000,0,1.0,0.0,0.0,0.0,0.0,0.0,0.0,0.0,0
1777318627415000,0,1.0,0.0,0.0,0.0,0.0,0.0,0.0,0.0,0
1777318627431000,0,1.0,0.0,0.0,0.0,0.0,0.0,0.0,0.0,0
1777318627439000,0,1.0,0.0,0.0,0.0,0.0,0.0,0.0,0.0,0
1777318627447000,0,1.0,0.0,0.0,0.0,0.0,0.0,0.0,0.0,0
1777318627455000,0,1.0,0.0,0.0,0.0,0.0,0.0,0.0,0.0,0
1777318627471000,0,1.0,0.0,0.0,0.0,0.0,0.0,0.0,0.0,0
1777318627479000,0,1.0,0.0,0.0,0.0,0.0,0.0,0.0,0.0,0
1777318627487000,0,1.0,0.0,0.0,0.0,0.0,0.0,0.0,0.0,0
1777318627495000,0,1.0,0.0,0.0,0.0,0.0,0.0,0.0,0.0,0
1777318627511000,0,1.0,0.0,0.0,0.0,0.0,0.0,0.0,0.0,0
1777318627519000,0,1.0,0.0,0.0,0.0,0.0,0.0,0.0,0.0,0
1777318627527000,0,1.0,0.0,0.0,0.0,0.0,0.0,0.0,0.0,0
1777318627535000,0,1.0,0.0,0.0,0.0,0.0,0.0,0.0,0.0,0
1777318627551000,0,1.0,0.0,0.0,0.0,0.0,0.0,0.0,0.0,0
1777318627559000,0,1.0,0.0,0.0,0.0,0.0,0.0,0.0,0.0,0
1777318627567000,0,1.0,0.0,0.0,0.0,0.0,0.0,0.0,0.0,0
1777318627575000,0,1.0,0.0,0.0,0.0,0.0,0.0,0.0,0.0,0
1777318627591000,0,1.0,0.0,0.0,0.0,0.0,0.0,0.0,0.0,0
1777318627599000,0,1.0,0.0,0.0,0.0,0.0,0.0,0.0,0.0,0
1777318627607000,0,1.0,0.0,0.0,0.0,0.0,0.0,0.0,0.0,0
1777318627615000,0,1.0,0.0,0.0,0.0,0.0,0.0,0.0,0.0,0
1777318627631000,0,1.0,0.0,0.0,0.0,0.0,0.0,0.0,0.0,0
1777318627639000,0,1.0,0.0,0.0,0.0,0.0,0.0,0.0,0.0,0
1777318627647000,0,1.0,0.0,0.0,0.0,0.0,0.0,0.0,0.0,0
1777318627655000,0,1.0,0.0,0.0,0.0,0.0,0.0,0.0,0.0,0
1777318627671000,0,1.0,0.0,0.0,0.0,0.0,0.0,0.0,0.0,0
1777318627679000,0,1.0,0.0,0.0,0.0,0.0,0.0,0.0,0.0,0
1777318627687000,0,1.0,0.0,0.0,0.0,0.0,0.0,0.0,0.0,0
1777318627695000,0,1.0,0.0,0.0,0.0,0.0,0.0,0.0,0.0,0
1777318627711000,0,1.0,0.0,0.0,0.0,0.0,0.0,0.0,0.0,0
1777318627719000,0,1.0,0.0,0.0,0.0,0.0,0.0,0.0,0.0,0
1777318627727000,0,1.0,0.0,0.0,0.0,0.0,0.0,0.0,0.0,0
1777318627735000,0,1.0,0.0,0.0,0.0,0.0,0.0,0.0,0.0,0
1777318627751000,0,1.0,0.0,0.0,0.0,0.0,0.0,0.0,0.0,0
1777318627759000,0,1.0,0.0,0.0,0.0,0.0,0.0,0.0,0.0,0
1777318627767000,0,1.0,0.0,0.0,0.0,0.0,0.0,0.0,0.0,0
1777318627775000,0,1.0,0.0,0.0,0.0,0.0,0.0,0.0,0.0,0
1777318627791000,0,1.0,0.0,0.0,0.0,0.0,0.0,0.0,0.0,0
1777318627799000,0,1.0,0.0,0.0,0.0,0.0,0.0,0.0,0.0,0
1777318627807000,0,1.0,0.0,0.0,0.0,0.0,0.0,0.0,0.0,0
1777318627815000,0,1.0,0.0,0.0,0.0,0.0,0.0,0.0,0.0,0
1777318627831000,0,1.0,0.0,0.0,0.0,0.0,0.0,0.0,0.0,0
1777318627839000,0,1.0,0.0,0.0,0.0,0.0,0.0,0.0,0.0,0
1777318627847000,0,1.0,0.0,0.0,0.0,0.0,0.0,0.0,0.0,0
1777318627855000,0,1.0,0.0,0.0,0.0,0.0,0.0,0.0,0.0,0
1777318627871000,0,1.0,0.0,0.0,0.0,0.0,0.0,0.0,0.0,0
1777318627879000,0,1.0,0.0,0.0,0.0,0.0,0.0,0.0,0.0,0
1777318627887000,0,1.0,0.0,0.0,0.0,0.0,0.0,0.0,0.0,0
1777318627895000,0,1.0,0.0,0.0,0.0,0.0,0.0,0.0,0.0,0
1777318627911000,0,1.0,0.0,0.0,0.0,0.0,0.0,0.0,0.0,0
1777318627919000,0,1.0,0.0,0.0,0.0,0.0,0.0,0.0,0.0,0
1777318627927000,0,1.0,0.0,0.0,0.0,0.0,0.0,0.0,0.0,0
1777318627935000,0,1.0,0.0,0.0,0.0,0.0,0.0,0.0,0.0,0
1777318627951000,0,1.0,0.0,0.0,0.0,0.0,0.0,0.0,0.0,0
1777318627959000,0,1.0,0.0,0.0,0.0,0.0,0.0,0.0,0.0,0
1777318627967000,0,1.0,0.0,0.0,0.0,0.0,0.0,0.0,0.0,0
1777318627975000,0,1.0,0.0,0.0,0.0,0.0,0.0,0.0,0.0,0
1777318627991000,0,1.0,0.0,0.0,0.0,0.0,0.0,0.0,0.0,0
1777318627999000,0,1.0,0.0,0.0,0.0,0.0,0.0,0.0,0.0,0
1777318628007000,0,1.0,0.0,0.0,0.0,0.0,0.0,0.0,0.0,0
1777318628015000,0,1.0,0.0,0.0,0.0,0.0,0.0,0.0,0.0,0
1777318628031000,0,1.0,0.0,0.0,0.0,0.0,0.0,0.0,0.0,0
1777318628039000,0,1.0,0.0,0.0,0.0,0.0,0.0,0.0,0.0,0
1777318628047000,0,1.0,0.0,0.0,0.0,0.0,0.0,0.0,0.0,0
1777318628055000,0,1.0,0.0,0.0,0.0,0.0,0.0,0.0,0.0,0
1777318628071000,0,1.0,0.0,0.0,0.0,0.0,0.0,0.0,0.0,0
1777318628079000,0,1.0,0.0,0.0,0.0,0.0,0.0,0.0,0.0,0
1777318628087000,0,1.0,0.0,0.0,0.0,0.0,0.0,0.0,0.0,0
1777318628095000,0,1.0,0.0,0.0,0.0,0.0,0.0,0.0,0.0,0
1777318628111000,0,1.0,0.0,0.0,0.0,0.0,0.0,0.0,0.0,0
1777318628119000,0,1.0,0.0,0.0,0.0,0.0,0.0,0.0,0.0,0
1777318628127000,0,1.0,0.0,0.0,0.0,0.0,0.0,0.0,0.0,0
1777318628135000,0,1.0,0.0,0.0,0.0,0.0,0.0,0.0,0.0,0
1777318628151000,0,1.0,0.0,0.0,0.0,0.0,0.0,0.0,0.0,0
1777318628159000,0,1.0,0.0,0.0,0.0,0.0,0.0,0.0,0.0,0
1777318628167000,0,1.0,0.0,0.0,0.0,0.0,0.0,0.0,0.0,0
1777318628175000,0,1.0,0.0,0.0,0.0,0.0,0.0,0.0,0.0,0
1777318628191000,0,1.0,0.0,0.0,0.0,0.0,0.0,0.0,0.0,0
1777318628199000,0,1.0,0.0,0.0,0.0,0.0,0.0,0.0,0.0,0
1777318628207000,0,1.0,0.0,0.0,0.0,0.0,0.0,0.0,0.0,0
1777318628215000,0,1.0,0.0,0.0,0.0,0.0,0.0,0.0,0.0,0
1777318628231000,0,1.0,0.0,0.0,0.0,0.0,0.0,0.0,0.0,0
1777318628239000,0,1.0,0.0,0.0,0.0,0.0,0.0,0.0,0.0,0
1777318628247000,0,1.0,0.0,0.0,0.0,0.0,0.0,0.0,0.0,0
1777318628255000,0,1.0,0.0,0.0,0.0,0.0,0.0,0.0,0.0,0
1777318628271000,0,1.0,0.0,0.0,0.0,0.0,0.0,0.0,0.0,0
1777318628279000,0,1.0,0.0,0.0,0.0,0.0,0.0,0.0,0.0,0
1777318628287000,0,1.0,0.0,0.0,0.0,0.0,0.0,0.0,0.0,0
1777318628295000,0,1.0,0.0,0.0,0.0,0.0,0.0,0.0,0.0,0
1777318628311000,0,1.0,0.0,0.0,0.0,0.0,0.0,0.0,0.0,0
1777318628319000,0,1.0,0.0,0.0,0.0,0.0,0.0,0.0,0.0,0
1777318628327000,0,1.0,0.0,0.0,0.0,0.0,0.0,0.0,0.0,0
1777318628335000,0,1.0,0.0,0.0,0.0,0.0,0.0,0.0,0.0,0
1777318628351000,0,1.0,0.0,0.0,0.0,0.0,0.0,0.0,0.0,0
1777318628359000,0,1.0,0.0,0.0,0.0,0.0,0.0,0.0,0.0,0
1777318628367000,0,1.0,0.0,0.0,0.0,0.0,0.0,0.0,0.0,0
1777318628375000,0,1.0,0.0,0.0,0.0,0.0,0.0,0.0,0.0,0
1777318628391000,0,1.0,0.0,0.0,0.0,0.0,0.0,0.0,0.0,0
1777318628399000,0,1.0,0.0,0.0,0.0,0.0,0.0,0.0,0.0,0
1777318628407000,0,1.0,0.0,0.0,0.0,0.0,0.0,0.0,0.0,0
1777318628415000,0,1.0,0.0,0.0,0.0,0.0,0.0,0.0,0.0,0
1777318628431000,0,1.0,0.0,0.0,0.0,0.0,0.0,0.0,0.0,0
1777318628439000,0,1.0,0.0,0.0,0.0,0.0,0.0,0.0,0.0,0
1777318628447000,0,1.0,0.0,0.0,0.0,0.0,0.0,0.0,0.0,0
1777318628455000,0,1.0,0.0,0.0,0.0,0.0,0.0,0.0,0.0,0
1777318628471000,0,1.0,0.0,0.0,0.0,0.0,0.0,0.0,0.0,0
1777318628479000,0,1.0,0.0,0.0,0.0,0.0,0.0,0.0,0.0,0
1777318628487000,0,1.0,0.0,0.0,0.0,0.0,0.0,0.0,0.0,0
1777318628495000,0,1.0,0.0,0.0,0.0,0.0,0.0,0.0,0.0,0
1777318628511000,0,1.0,0.0,0.0,0.0,0.0,0.0,0.0,0.0,0
1777318628519000,0,1.0,0.0,0.0,0.0,0.0,0.0,0.0,0.0,0
1777318628527000,0,1.0,0.0,0.0,0.0,0.0,0.0,0.0,0.0,0
1777318628535000,0,1.0,0.0,0.0,0.0,0.0,0.0,0.0,0.0,0
1777318628551000,0,1.0,0.0,0.0,0.0,0.0,0.0,0.0,0.0,0
1777318628559000,0,1.0,0.0,0.0,0.0,0.0,0.0,0.0,0.0,0
1777318628567000,0,1.0,0.0,0.0,0.0,0.0,0.0,0.0,0.0,0
1777318628575000,0,1.0,0.0,0.0,0.0,0.0,0.0,0.0,0.0,0
1777318628591000,0,1.0,0.0,0.0,0.0,0.0,0.0,0.0,0.0,0
1777318628599000,0,1.0,0.0,0.0,0.0,0.0,0.0,0.0,0.0,0
1777318628607000,0,1.0,0.0,0.0,0.0,0.0,0.0,0.0,0.0,0
1777318628615000,0,1.0,0.0,0.0,0.0,0.0,0.0,0.0,0.0,0
1777318628631000,0,1.0,0.0,0.0,0.0,0.0,0.0,0.0,0.0,0
1777318628639000,0,1.0,0.0,0.0,0.0,0.0,0.0,0.0,0.0,0
1777318628647000,0,1.0,0.0,0.0,0.0,0.0,0.0,0.0,0.0,0
1777318628655000,0,1.0,0.0,0.0,0.0,0.0,0.0,0.0,0.0,0
1777318628671000,0,1.0,0.0,0.0,0.0,0.0,0.0,0.0,0.0,0
1777318628679000,0,1.0,0.0,0.0,0.0,0.0,0.0,0.0,0.0,0
1777318628687000,0,1.0,0.0,0.0,0.0,0.0,0.0,0.0,0.0,0
1777318628695000,0,1.0,0.0,0.0,0.0,0.0,0.0,0.0,0.0,0
1777318628703000,0,1.0,0.0,0.0,0.0,0.0,0.0,0.0,0.0,0
1777318628719000,0,1.0,0.0,0.0,0.0,0.0,0.0,0.0,0.0,0
1777318628727000,0,1.0,0.0,0.0,0.0,0.0,0.0,0.0,0.0,0
1777318628735000,0,1.0,0.0,0.0,0.0,0.0,0.0,0.0,0.0,0
1777318628751000,0,1.0,0.0,0.0,0.0,0.0,0.0,0.0,0.0,0
1777318628759000,0,1.0,0.0,0.0,0.0,0.0,0.0,0.0,0.0,0
1777318628767000,0,1.0,0.0,0.0,0.0,0.0,0.0,0.0,0.0,0
1777318628775000,0,1.0,0.0,0.0,0.0,0.0,0.0,0.0,0.0,0
1777318628791000,0,1.0,0.0,0.0,0.0,0.0,0.0,0.0,0.0,0
1777318628799000,0,1.0,0.0,0.0,0.0,0.0,0.0,0.0,0.0,0
1777318628807000,0,1.0,0.0,0.0,0.0,0.0,0.0,0.0,0.0,0
1777318628815000,0,1.0,0.0,0.0,0.0,0.0,0.0,0.0,0.0,0
1777318628831000,0,1.0,0.0,0.0,0.0,0.0,0.0,0.0,0.0,0
1777318628839000,0,1.0,0.0,0.0,0.0,0.0,0.0,0.0,0.0,0
1777318628847000,0,1.0,0.0,0.0,0.0,0.0,0.0,0.0,0.0,0
1777318628855000,0,1.0,0.0,0.0,0.0,0.0,0.0,0.0,0.0,0
1777318628871000,0,1.0,0.0,0.0,0.0,0.0,0.0,0.0,0.0,0
1777318628879000,0,1.0,0.0,0.0,0.0,0.0,0.0,0.0,0.0,0
1777318628887000,0,1.0,0.0,0.0,0.0,0.0,0.0,0.0,0.0,0
1777318628895000,0,1.0,0.0,0.0,0.0,0.0,0.0,0.0,0.0,0
1777318628911000,0,1.0,0.0,0.0,0.0,0.0,0.0,0.0,0.0,0
1777318628919000,0,1.0,0.0,0.0,0.0,0.0,0.0,0.0,0.0,0
1777318628927000,0,1.0,0.0,0.0,0.0,0.0,0.0,0.0,0.0,0
1777318628935000,0,1.0,0.0,0.0,0.0,0.0,0.0,0.0,0.0,0
1777318628951000,0,1.0,0.0,0.0,0.0,0.0,0.0,0.0,0.0,0
1777318628959000,0,1.0,0.0,0.0,0.0,0.0,0.0,0.0,0.0,0
1777318628967000,0,1.0,0.0,0.0,0.0,0.0,0.0,0.0,0.0,0
1777318628975000,0,1.0,0.0,0.0,0.0,0.0,0.0,0.0,0.0,0
1777318628991000,0,1.0,0.0,0.0,0.0,0.0,0.0,0.0,0.0,0
1777318628999000,0,1.0,0.0,0.0,0.0,0.0,0.0,0.0,0.0,0
1777318629007000,0,1.0,0.0,0.0,0.0,0.0,0.0,0.0,0.0,0
1777318629015000,0,1.0,0.0,0.0,0.0,0.0,0.0,0.0,0.0,0
1777318629031000,0,1.0,0.0,0.0,0.0,0.0,0.0,0.0,0.0,0
1777318629039000,0,1.0,0.0,0.0,0.0,0.0,0.0,0.0,0.0,0
1777318629047000,0,1.0,0.0,0.0,0.0,0.0,0.0,0.0,0.0,0
1777318629055000,0,1.0,0.0,0.0,0.0,0.0,0.0,0.0,0.0,0
1777318629071000,0,1.0,0.0,0.0,0.0,0.0,0.0,0.0,0.0,0
1777318629079000,0,1.0,0.0,0.0,0.0,0.0,0.0,0.0,0.0,0
1777318629087000,0,1.0,0.0,0.0,0.0,0.0,0.0,0.0,0.0,0
1777318629095000,0,1.0,0.0,0.0,0.0,0.0,0.0,0.0,0.0,0
1777318629111000,0,1.0,0.0,0.0,0.0,0.0,0.0,0.0,0.0,0
1777318629119000,0,1.0,0.0,0.0,0.0,0.0,0.0,0.0,0.0,0
1777318629127000,0,1.0,0.0,0.0,0.0,0.0,0.0,0.0,0.0,0
1777318629135000,0,1.0,0.0,0.0,0.0,0.0,0.0,0.0,0.0,0
1777318629151000,0,1.0,0.0,0.0,0.0,0.0,0.0,0.0,0.0,0
1777318629159000,0,1.0,0.0,0.0,0.0,0.0,0.0,0.0,0.0,0
1777318629167000,0,1.0,0.0,0.0,0.0,0.0,0.0,0.0,0.0,0
1777318629175000,0,1.0,0.0,0.0,0.0,0.0,0.0,0.0,0.0,0
1777318629191000,0,1.0,0.0,0.0,0.0,0.0,0.0,0.0,0.0,0
1777318629199000,0,1.0,0.0,0.0,0.0,0.0,0.0,0.0,0.0,0
1777318629207000,0,1.0,0.0,0.0,0.0,0.0,0.0,0.0,0.0,0
1777318629215000,0,1.0,0.0,0.0,0.0,0.0,0.0,0.0,0.0,0
1777318629231000,0,1.0,0.0,0.0,0.0,0.0,0.0,0.0,0.0,0
1777318629239000,0,1.0,0.0,0.0,0.0,0.0,0.0,0.0,0.0,0
1777318629247000,0,1.0,0.0,0.0,0.0,0.0,0.0,0.0,0.0,0
1777318629255000,0,1.0,0.0,0.0,0.0,0.0,0.0,0.0,0.0,0
1777318629271000,0,1.0,0.0,0.0,0.0,0.0,0.0,0.0,0.0,0
1777318629279000,0,1.0,0.0,0.0,0.0,0.0,0.0,0.0,0.0,0
1777318629287000,0,1.0,0.0,0.0,0.0,0.0,0.0,0.0,0.0,0
1777318629295000,0,1.0,0.0,0.0,0.0,0.0,0.0,0.0,0.0,0
1777318629311000,0,1.0,0.0,0.0,0.0,0.0,0.0,0.0,0.0,0
1777318629319000,0,1.0,0.0,0.0,0.0,0.0,0.0,0.0,0.0,0
1777318629327000,0,1.0,0.0,0.0,0.0,0.0,0.0,0.0,0.0,0
1777318629335000,0,1.0,0.0,0.0,0.0,0.0,0.0,0.0,0.0,0
1777318629351000,0,1.0,0.0,0.0,0.0,0.0,0.0,0.0,0.0,0
1777318629359000,0,1.0,0.0,0.0,0.0,0.0,0.0,0.0,0.0,0
1777318629367000,0,1.0,0.0,0.0,0.0,0.0,0.0,0.0,0.0,0
1777318629375000,0,1.0,0.0,0.0,0.0,0.0,0.0,0.0,0.0,0
1777318629391000,0,1.0,0.0,0.0,0.0,0.0,0.0,0.0,0.0,0
1777318629399000,0,1.0,0.0,0.0,0.0,0.0,0.0,0.0,0.0,0
1777318629407000,0,1.0,0.0,0.0,0.0,0.0,0.0,0.0,0.0,0
1777318629415000,0,1.0,0.0,0.0,0.0,0.0,0.0,0.0,0.0,0
1777318629431000,0,1.0,0.0,0.0,0.0,0.0,0.0,0.0,0.0,0
1777318629439000,0,1.0,0.0,0.0,0.0,0.0,0.0,0.0,0.0,0
1777318629447000,0,1.0,0.0,0.0,0.0,0.0,0.0,0.0,0.0,0
1777318629455000,0,1.0,0.0,0.0,0.0,0.0,0.0,0.0,0.0,0
1777318629463000,0,1.0,0.0,0.0,0.0,0.0,0.0,0.0,0.0,0
1777318629479000,0,1.0,0.0,0.0,0.0,0.0,0.0,0.0,0.0,0
1777318629487000,0,1.0,0.0,0.0,0.0,0.0,0.0,0.0,0.0,0
1777318629495000,0,1.0,0.0,0.0,0.0,0.0,0.0,0.0,0.0,0
1777318629511000,0,1.0,0.0,0.0,0.0,0.0,0.0,0.0,0.0,0
1777318629519000,0,1.0,0.0,0.0,0.0,0.0,0.0,0.0,0.0,0
1777318629527000,0,1.0,0.0,0.0,0.0,0.0,0.0,0.0,0.0,0
1777318629535000,0,1.0,0.0,0.0,0.0,0.0,0.0,0.0,0.0,0
1777318629551000,0,1.0,0.0,0.0,0.0,0.0,0.0,0.0,0.0,0
1777318629559000,0,1.0,0.0,0.0,0.0,0.0,0.0,0.0,0.0,0
1777318629567000,0,1.0,0.0,0.0,0.0,0.0,0.0,0.0,0.0,0
1777318629575000,0,1.0,0.0,0.0,0.0,0.0,0.0,0.0,0.0,0
1777318629591000,0,1.0,0.0,0.0,0.0,0.0,0.0,0.0,0.0,0
1777318629599000,0,1.0,0.0,0.0,0.0,0.0,0.0,0.0,0.0,0
1777318629607000,0,1.0,0.0,0.0,0.0,0.0,0.0,0.0,0.0,0
1777318629615000,0,1.0,0.0,0.0,0.0,0.0,0.0,0.0,0.0,0
1777318629631000,0,1.0,0.0,0.0,0.0,0.0,0.0,0.0,0.0,0
1777318629639000,0,1.0,0.0,0.0,0.0,0.0,0.0,0.0,0.0,0
1777318629647000,0,1.0,0.0,0.0,0.0,0.0,0.0,0.0,0.0,0
1777318629655000,0,1.0,0.0,0.0,0.0,0.0,0.0,0.0,0.0,0
1777318629671000,0,1.0,0.0,0.0,0.0,0.0,0.0,0.0,0.0,0
1777318629679000,0,1.0,0.0,0.0,0.0,0.0,0.0,0.0,0.0,0
1777318629687000,0,1.0,0.0,0.0,0.0,0.0,0.0,0.0,0.0,0
1777318629695000,0,1.0,0.0,0.0,0.0,0.0,0.0,0.0,0.0,0
1777318629711000,0,1.0,0.0,0.0,0.0,0.0,0.0,0.0,0.0,0
1777318629719000,0,1.0,0.0,0.0,0.0,0.0,0.0,0.0,0.0,0
1777318629727000,0,1.0,0.0,0.0,0.0,0.0,0.0,0.0,0.0,0
1777318629735000,0,1.0,0.0,0.0,0.0,0.0,0.0,0.0,0.0,0
1777318629751000,0,1.0,0.0,0.0,0.0,0.0,0.0,0.0,0.0,0
1777318629759000,0,1.0,0.0,0.0,0.0,0.0,0.0,0.0,0.0,0
1777318629767000,0,1.0,0.0,0.0,0.0,0.0,0.0,0.0,0.0,0
1777318629775000,0,1.0,0.0,0.0,0.0,0.0,0.0,0.0,0.0,0
1777318629791000,0,1.0,0.0,0.0,0.0,0.0,0.0,0.0,0.0,0
1777318629799000,0,1.0,0.0,0.0,0.0,0.0,0.0,0.0,0.0,0
1777318629807000,0,1.0,0.0,0.0,0.0,0.0,0.0,0.0,0.0,0
1777318629815000,0,1.0,0.0,0.0,0.0,0.0,0.0,0.0,0.0,0
1777318629831000,0,1.0,0.0,0.0,0.0,0.0,0.0,0.0,0.0,0
1777318629839000,0,1.0,0.0,0.0,0.0,0.0,0.0,0.0,0.0,0
1777318629847000,0,1.0,0.0,0.0,0.0,0.0,0.0,0.0,0.0,0
1777318629855000,0,1.0,0.0,0.0,0.0,0.0,0.0,0.0,0.0,0
1777318629871000,0,1.0,0.0,0.0,0.0,0.0,0.0,0.0,0.0,0
1777318629879000,0,1.0,0.0,0.0,0.0,0.0,0.0,0.0,0.0,0
1777318629887000,0,1.0,0.0,0.0,0.0,0.0,0.0,0.0,0.0,0
1777318629895000,0,1.0,0.0,0.0,0.0,0.0,0.0,0.0,0.0,0
1777318629911000,0,1.0,0.0,0.0,0.0,0.0,0.0,0.0,0.0,0
1777318629919000,0,1.0,0.0,0.0,0.0,0.0,0.0,0.0,0.0,0
1777318629927000,0,1.0,0.0,0.0,0.0,0.0,0.0,0.0,0.0,0
1777318629935000,0,1.0,0.0,0.0,0.0,0.0,0.0,0.0,0.0,0
1777318629951000,0,1.0,0.0,0.0,0.0,0.0,0.0,0.0,0.0,0
1777318629959000,0,1.0,0.0,0.0,0.0,0.0,0.0,0.0,0.0,0
1777318629967000,0,1.0,0.0,0.0,0.0,0.0,0.0,0.0,0.0,0
1777318629975000,0,1.0,0.0,0.0,0.0,0.0,0.0,0.0,0.0,0
1777318629991000,0,1.0,0.0,0.0,0.0,0.0,0.0,0.0,0.0,0
1777318629999000,0,1.0,0.0,0.0,0.0,0.0,0.0,0.0,0.0,0
1777318630007000,0,1.0,0.0,0.0,0.0,0.0,0.0,0.0,0.0,0
1777318630015000,0,1.0,0.0,0.0,0.0,0.0,0.0,0.0,0.0,0
1777318630031000,0,1.0,0.0,0.0,0.0,0.0,0.0,0.0,0.0,0
1777318630039000,0,1.0,0.0,0.0,0.0,0.0,0.0,0.0,0.0,0
1777318630047000,0,1.0,0.0,0.0,0.0,0.0,0.0,0.0,0.0,0
1777318630055000,0,1.0,0.0,0.0,0.0,0.0,0.0,0.0,0.0,0
1777318630071000,0,1.0,0.0,0.0,0.0,0.0,0.0,0.0,0.0,0
1777318630079000,0,1.0,0.0,0.0,0.0,0.0,0.0,0.0,0.0,0
1777318630087000,0,1.0,0.0,0.0,0.0,0.0,0.0,0.0,0.0,0
1777318630095000,0,1.0,0.0,0.0,0.0,0.0,0.0,0.0,0.0,0
1777318630111000,0,1.0,0.0,0.0,0.0,0.0,0.0,0.0,0.0,0
1777318630119000,0,1.0,0.0,0.0,0.0,0.0,0.0,0.0,0.0,0
1777318630127000,0,1.0,0.0,0.0,0.0,0.0,0.0,0.0,0.0,0
1777318630135000,0,1.0,0.0,0.0,0.0,0.0,0.0,0.0,0.0,0
1777318630151000,0,1.0,0.0,0.0,0.0,0.0,0.0,0.0,0.0,0
1777318630159000,0,1.0,0.0,0.0,0.0,0.0,0.0,0.0,0.0,0
1777318630167000,0,1.0,0.0,0.0,0.0,0.0,0.0,0.0,0.0,0
1777318630175000,0,1.0,0.0,0.0,0.0,0.0,0.0,0.0,0.0,0
1777318630191000,0,1.0,0.0,0.0,0.0,0.0,0.0,0.0,0.0,0
1777318630199000,0,1.0,0.0,0.0,0.0,0.0,0.0,0.0,0.0,0
1777318630207000,0,1.0,0.0,0.0,0.0,0.0,0.0,0.0,0.0,0
1777318630215000,0,1.0,0.0,0.0,0.0,0.0,0.0,0.0,0.0,0
1777318630231000,0,1.0,0.0,0.0,0.0,0.0,0.0,0.0,0.0,0
1777318630239000,0,1.0,0.0,0.0,0.0,0.0,0.0,0.0,0.0,0
1777318630247000,0,1.0,0.0,0.0,0.0,0.0,0.0,0.0,0.0,0
1777318630255000,0,1.0,0.0,0.0,0.0,0.0,0.0,0.0,0.0,0
1777318630271000,0,1.0,0.0,0.0,0.0,0.0,0.0,0.0,0.0,0
1777318630279000,0,1.0,0.0,0.0,0.0,0.0,0.0,0.0,0.0,0
1777318630287000,0,1.0,0.0,0.0,0.0,0.0,0.0,0.0,0.0,0
1777318630295000,0,1.0,0.0,0.0,0.0,0.0,0.0,0.0,0.0,0
1777318630311000,0,1.0,0.0,0.0,0.0,0.0,0.0,0.0,0.0,0
1777318630319000,0,1.0,0.0,0.0,0.0,0.0,0.0,0.0,0.0,0
1777318630327000,0,1.0,0.0,0.0,0.0,0.0,0.0,0.0,0.0,0
1777318630335000,0,1.0,0.0,0.0,0.0,0.0,0.0,0.0,0.0,0
1777318630351000,0,1.0,0.0,0.0,0.0,0.0,0.0,0.0,0.0,0
1777318630359000,0,1.0,0.0,0.0,0.0,0.0,0.0,0.0,0.0,0
1777318630367000,0,1.0,0.0,0.0,0.0,0.0,0.0,0.0,0.0,0
1777318630375000,0,1.0,0.0,0.0,0.0,0.0,0.0,0.0,0.0,0
1777318630391000,0,1.0,0.0,0.0,0.0,0.0,0.0,0.0,0.0,0
1777318630399000,0,1.0,0.0,0.0,0.0,0.0,0.0,0.0,0.0,0
1777318630407000,0,1.0,0.0,0.0,0.0,0.0,0.0,0.0,0.0,0
1777318630415000,0,1.0,0.0,0.0,0.0,0.0,0.0,0.0,0.0,0
1777318630431000,0,1.0,0.0,0.0,0.0,0.0,0.0,0.0,0.0,0
1777318630439000,0,1.0,0.0,0.0,0.0,0.0,0.0,0.0,0.0,0
1777318630447000,0,1.0,0.0,0.0,0.0,0.0,0.0,0.0,0.0,0
1777318630455000,0,1.0,0.0,0.0,0.0,0.0,0.0,0.0,0.0,0
1777318630471000,0,1.0,0.0,0.0,0.0,0.0,0.0,0.0,0.0,0
1777318630479000,0,1.0,0.0,0.0,0.0,0.0,0.0,0.0,0.0,0
1777318630487000,0,1.0,0.0,0.0,0.0,0.0,0.0,0.0,0.0,0
1777318630495000,0,1.0,0.0,0.0,0.0,0.0,0.0,0.0,0.0,0
1777318630511000,0,1.0,0.0,0.0,0.0,0.0,0.0,0.0,0.0,0
1777318630519000,0,1.0,0.0,0.0,0.0,0.0,0.0,0.0,0.0,0
1777318630527000,0,1.0,0.0,0.0,0.0,0.0,0.0,0.0,0.0,0
1777318630535000,0,1.0,0.0,0.0,0.0,0.0,0.0,0.0,0.0,0
1777318630551000,0,1.0,0.0,0.0,0.0,0.0,0.0,0.0,0.0,0
1777318630559000,0,1.0,0.0,0.0,0.0,0.0,0.0,0.0,0.0,0
1777318630567000,0,1.0,0.0,0.0,0.0,0.0,0.0,0.0,0.0,0
1777318630575000,0,1.0,0.0,0.0,0.0,0.0,0.0,0.0,0.0,0
1777318630591000,0,1.0,0.0,0.0,0.0,0.0,0.0,0.0,0.0,0
1777318630599000,0,1.0,0.0,0.0,0.0,0.0,0.0,0.0,0.0,0
1777318630607000,0,1.0,0.0,0.0,0.0,0.0,0.0,0.0,0.0,0
1777318630615000,0,1.0,0.0,0.0,0.0,0.0,0.0,0.0,0.0,0
1777318630631000,0,1.0,0.0,0.0,0.0,0.0,0.0,0.0,0.0,0
1777318630639000,0,1.0,0.0,0.0,0.0,0.0,0.0,0.0,0.0,0
1777318630647000,0,1.0,0.0,0.0,0.0,0.0,0.0,0.0,0.0,0
1777318630655000,0,1.0,0.0,0.0,0.0,0.0,0.0,0.0,0.0,0
1777318630671000,0,1.0,0.0,0.0,0.0,0.0,0.0,0.0,0.0,0
1777318630679000,0,1.0,0.0,0.0,0.0,0.0,0.0,0.0,0.0,0
1777318630687000,0,1.0,0.0,0.0,0.0,0.0,0.0,0.0,0.0,0
1777318630695000,0,1.0,0.0,0.0,0.0,0.0,0.0,0.0,0.0,0
1777318630711000,0,1.0,0.0,0.0,0.0,0.0,0.0,0.0,0.0,0
1777318630719000,0,1.0,0.0,0.0,0.0,0.0,0.0,0.0,0.0,0
1777318630727000,0,1.0,0.0,0.0,0.0,0.0,0.0,0.0,0.0,0
1777318630735000,0,1.0,0.0,0.0,0.0,0.0,0.0,0.0,0.0,0
1777318630751000,0,1.0,0.0,0.0,0.0,0.0,0.0,0.0,0.0,0
1777318630759000,0,1.0,0.0,0.0,0.0,0.0,0.0,0.0,0.0,0
1777318630767000,0,1.0,0.0,0.0,0.0,0.0,0.0,0.0,0.0,0
1777318630775000,0,1.0,0.0,0.0,0.0,0.0,0.0,0.0,0.0,0
1777318630791000,0,1.0,0.0,0.0,0.0,0.0,0.0,0.0,0.0,0
1777318630799000,0,1.0,0.0,0.0,0.0,0.0,0.0,0.0,0.0,0
1777318630807000,0,1.0,0.0,0.0,0.0,0.0,0.0,0.0,0.0,0
1777318630815000,0,1.0,0.0,0.0,0.0,0.0,0.0,0.0,0.0,0
1777318630831000,0,1.0,0.0,0.0,0.0,0.0,0.0,0.0,0.0,0
1777318630839000,0,1.0,0.0,0.0,0.0,0.0,0.0,0.0,0.0,0
1777318630847000,0,1.0,0.0,0.0,0.0,0.0,0.0,0.0,0.0,0
1777318630855000,0,1.0,0.0,0.0,0.0,0.0,0.0,0.0,0.0,0
1777318630871000,0,1.0,0.0,0.0,0.0,0.0,0.0,0.0,0.0,0
1777318630879000,0,1.0,0.0,0.0,0.0,0.0,0.0,0.0,0.0,0
1777318630887000,0,1.0,0.0,0.0,0.0,0.0,0.0,0.0,0.0,0
1777318630895000,0,1.0,0.0,0.0,0.0,0.0,0.0,0.0,0.0,0
1777318630911000,0,1.0,0.0,0.0,0.0,0.0,0.0,0.0,0.0,0
1777318630919000,0,1.0,0.0,0.0,0.0,0.0,0.0,0.0,0.0,0
1777318630927000,0,1.0,0.0,0.0,0.0,0.0,0.0,0.0,0.0,0
1777318630935000,0,1.0,0.0,0.0,0.0,0.0,0.0,0.0,0.0,0
1777318630951000,0,1.0,0.0,0.0,0.0,0.0,0.0,0.0,0.0,0
1777318630959000,0,1.0,0.0,0.0,0.0,0.0,0.0,0.0,0.0,0
1777318630967000,0,1.0,0.0,0.0,0.0,0.0,0.0,0.0,0.0,0
1777318630975000,0,1.0,0.0,0.0,0.0,0.0,0.0,0.0,0.0,0
1777318630991000,0,1.0,0.0,0.0,0.0,0.0,0.0,0.0,0.0,0
1777318630999000,0,1.0,0.0,0.0,0.0,0.0,0.0,0.0,0.0,0
1777318631007000,0,1.0,0.0,0.0,0.0,0.0,0.0,0.0,0.0,0
1777318631015000,0,1.0,0.0,0.0,0.0,0.0,0.0,0.0,0.0,0
1777318631031000,0,1.0,0.0,0.0,0.0,0.0,0.0,0.0,0.0,0
1777318631039000,0,1.0,0.0,0.0,0.0,0.0,0.0,0.0,0.0,0
1777318631047000,0,1.0,0.0,0.0,0.0,0.0,0.0,0.0,0.0,0
1777318631055000,0,1.0,0.0,0.0,0.0,0.0,0.0,0.0,0.0,0
1777318631071000,0,1.0,0.0,0.0,0.0,0.0,0.0,0.0,0.0,0
1777318631079000,0,1.0,0.0,0.0,0.0,0.0,0.0,0.0,0.0,0
1777318631087000,0,1.0,0.0,0.0,0.0,0.0,0.0,0.0,0.0,0
1777318631095000,0,1.0,0.0,0.0,0.0,0.0,0.0,0.0,0.0,0
1777318631111000,0,1.0,0.0,0.0,0.0,0.0,0.0,0.0,0.0,0
1777318631119000,0,1.0,0.0,0.0,0.0,0.0,0.0,0.0,0.0,0
1777318631127000,0,1.0,0.0,0.0,0.0,0.0,0.0,0.0,0.0,0
1777318631135000,0,1.0,0.0,0.0,0.0,0.0,0.0,0.0,0.0,0
1777318631151000,0,1.0,0.0,0.0,0.0,0.0,0.0,0.0,0.0,0
1777318631159000,0,1.0,0.0,0.0,0.0,0.0,0.0,0.0,0.0,0
1777318631167000,0,1.0,0.0,0.0,0.0,0.0,0.0,0.0,0.0,0
1777318631175000,0,1.0,0.0,0.0,0.0,0.0,0.0,0.0,0.0,0
1777318631191000,0,1.0,0.0,0.0,0.0,0.0,0.0,0.0,0.0,0
1777318631199000,0,1.0,0.0,0.0,0.0,0.0,0.0,0.0,0.0,0
1777318631207000,0,1.0,0.0,0.0,0.0,0.0,0.0,0.0,0.0,0
1777318631215000,0,1.0,0.0,0.0,0.0,0.0,0.0,0.0,0.0,0
1777318631231000,0,1.0,0.0,0.0,0.0,0.0,0.0,0.0,0.0,0
1777318631239000,0,1.0,0.0,0.0,0.0,0.0,0.0,0.0,0.0,0
1777318631247000,0,1.0,0.0,0.0,0.0,0.0,0.0,0.0,0.0,0
1777318631255000,0,1.0,0.0,0.0,0.0,0.0,0.0,0.0,0.0,0
1777318631271000,0,1.0,0.0,0.0,0.0,0.0,0.0,0.0,0.0,0
1777318631279000,0,1.0,0.0,0.0,0.0,0.0,0.0,0.0,0.0,0
1777318631287000,0,1.0,0.0,0.0,0.0,0.0,0.0,0.0,0.0,0
1777318631295000,0,1.0,0.0,0.0,0.0,0.0,0.0,0.0,0.0,0
1777318631311000,0,1.0,0.0,0.0,0.0,0.0,0.0,0.0,0.0,0
1777318631319000,0,1.0,0.0,0.0,0.0,0.0,0.0,0.0,0.0,0
1777318631327000,0,1.0,0.0,0.0,0.0,0.0,0.0,0.0,0.0,0
1777318631335000,0,1.0,0.0,0.0,0.0,0.0,0.0,0.0,0.0,0
1777318631351000,0,1.0,0.0,0.0,0.0,0.0,0.0,0.0,0.0,0
1777318631359000,0,1.0,0.0,0.0,0.0,0.0,0.0,0.0,0.0,0
1777318631367000,0,1.0,0.0,0.0,0.0,0.0,0.0,0.0,0.0,0
1777318631375000,0,1.0,0.0,0.0,0.0,0.0,0.0,0.0,0.0,0
1777318631391000,0,1.0,0.0,0.0,0.0,0.0,0.0,0.0,0.0,0
1777318631399000,0,1.0,0.0,0.0,0.0,0.0,0.0,0.0,0.0,0
1777318631407000,0,1.0,0.0,0.0,0.0,0.0,0.0,0.0,0.0,0
1777318631415000,0,1.0,0.0,0.0,0.0,0.0,0.0,0.0,0.0,0
1777318631431000,0,1.0,0.0,0.0,0.0,0.0,0.0,0.0,0.0,0
1777318631439000,0,1.0,0.0,0.0,0.0,0.0,0.0,0.0,0.0,0
1777318631447000,0,1.0,0.0,0.0,0.0,0.0,0.0,0.0,0.0,0
1777318631455000,0,1.0,0.0,0.0,0.0,0.0,0.0,0.0,0.0,0
1777318631471000,0,1.0,0.0,0.0,0.0,0.0,0.0,0.0,0.0,0
1777318631479000,0,1.0,0.0,0.0,0.0,0.0,0.0,0.0,0.0,0
1777318631487000,0,1.0,0.0,0.0,0.0,0.0,0.0,0.0,0.0,0
1777318631495000,0,1.0,0.0,0.0,0.0,0.0,0.0,0.0,0.0,0
1777318631511000,0,1.0,0.0,0.0,0.0,0.0,0.0,0.0,0.0,0
1777318631519000,0,1.0,0.0,0.0,0.0,0.0,0.0,0.0,0.0,0
1777318631527000,0,1.0,0.0,0.0,0.0,0.0,0.0,0.0,0.0,0
1777318631535000,0,1.0,0.0,0.0,0.0,0.0,0.0,0.0,0.0,0
1777318631551000,0,1.0,0.0,0.0,0.0,0.0,0.0,0.0,0.0,0
1777318631559000,0,1.0,0.0,0.0,0.0,0.0,0.0,0.0,0.0,0
1777318631567000,0,1.0,0.0,0.0,0.0,0.0,0.0,0.0,0.0,0
1777318631575000,0,1.0,0.0,0.0,0.0,0.0,0.0,0.0,0.0,0
1777318631591000,0,1.0,0.0,0.0,0.0,0.0,0.0,0.0,0.0,0
1777318631599000,0,1.0,0.0,0.0,0.0,0.0,0.0,0.0,0.0,0
1777318631607000,0,1.0,0.0,0.0,0.0,0.0,0.0,0.0,0.0,0
1777318631615000,0,1.0,0.0,0.0,0.0,0.0,0.0,0.0,0.0,0
1777318631631000,0,1.0,0.0,0.0,0.0,0.0,0.0,0.0,0.0,0
1777318631639000,0,1.0,0.0,0.0,0.0,0.0,0.0,0.0,0.0,0
1777318631647000,0,1.0,0.0,0.0,0.0,0.0,0.0,0.0,0.0,0
1777318631655000,0,1.0,0.0,0.0,0.0,0.0,0.0,0.0,0.0,0
1777318631671000,0,1.0,0.0,0.0,0.0,0.0,0.0,0.0,0.0,0
1777318631679000,0,1.0,0.0,0.0,0.0,0.0,0.0,0.0,0.0,0
1777318631687000,0,1.0,0.0,0.0,0.0,0.0,0.0,0.0,0.0,0
1777318631695000,0,1.0,0.0,0.0,0.0,0.0,0.0,0.0,0.0,0
1777318631711000,0,1.0,0.0,0.0,0.0,0.0,0.0,0.0,0.0,0
1777318631719000,0,1.0,0.0,0.0,0.0,0.0,0.0,0.0,0.0,0
1777318631727000,0,1.0,0.0,0.0,0.0,0.0,0.0,0.0,0.0,0
1777318631735000,0,1.0,0.0,0.0,0.0,0.0,0.0,0.0,0.0,0
1777318631751000,0,1.0,0.0,0.0,0.0,0.0,0.0,0.0,0.0,0
1777318631759000,0,1.0,0.0,0.0,0.0,0.0,0.0,0.0,0.0,0
1777318631767000,0,1.0,0.0,0.0,0.0,0.0,0.0,0.0,0.0,0
1777318631775000,0,1.0,0.0,0.0,0.0,0.0,0.0,0.0,0.0,0
1777318631791000,0,1.0,0.0,0.0,0.0,0.0,0.0,0.0,0.0,0
1777318631799000,0,1.0,0.0,0.0,0.0,0.0,0.0,0.0,0.0,0
1777318631807000,0,1.0,0.0,0.0,0.0,0.0,0.0,0.0,0.0,0
1777318631815000,0,1.0,0.0,0.0,0.0,0.0,0.0,0.0,0.0,0
1777318631831000,0,1.0,0.0,0.0,0.0,0.0,0.0,0.0,0.0,0
1777318631839000,0,1.0,0.0,0.0,0.0,0.0,0.0,0.0,0.0,0
1777318631847000,0,1.0,0.0,0.0,0.0,0.0,0.0,0.0,0.0,0
1777318631855000,0,1.0,0.0,0.0,0.0,0.0,0.0,0.0,0.0,0
1777318631871000,0,1.0,0.0,0.0,0.0,0.0,0.0,0.0,0.0,0
1777318631879000,0,1.0,0.0,0.0,0.0,0.0,0.0,0.0,0.0,0
1777318631887000,0,1.0,0.0,0.0,0.0,0.0,0.0,0.0,0.0,0
1777318631895000,0,1.0,0.0,0.0,0.0,0.0,0.0,0.0,0.0,0
1777318631911000,0,1.0,0.0,0.0,0.0,0.0,0.0,0.0,0.0,0
1777318631919000,0,1.0,0.0,0.0,0.0,0.0,0.0,0.0,0.0,0
1777318631927000,0,1.0,0.0,0.0,0.0,0.0,0.0,0.0,0.0,0
1777318631935000,0,1.0,0.0,0.0,0.0,0.0,0.0,0.0,0.0,0
1777318631951000,0,1.0,0.0,0.0,0.0,0.0,0.0,0.0,0.0,0
1777318631959000,0,1.0,0.0,0.0,0.0,0.0,0.0,0.0,0.0,0
1777318631967000,0,1.0,0.0,0.0,0.0,0.0,0.0,0.0,0.0,0
1777318631975000,0,1.0,0.0,0.0,0.0,0.0,0.0,0.0,0.0,0
1777318631991000,0,1.0,0.0,0.0,0.0,0.0,0.0,0.0,0.0,0
1777318631999000,0,1.0,0.0,0.0,0.0,0.0,0.0,0.0,0.0,0
1777318632007000,0,1.0,0.0,0.0,0.0,0.0,0.0,0.0,0.0,0
1777318632015000,0,1.0,0.0,0.0,0.0,0.0,0.0,0.0,0.0,0
1777318632031000,0,1.0,0.0,0.0,0.0,0.0,0.0,0.0,0.0,0
1777318632039000,0,1.0,0.0,0.0,0.0,0.0,0.0,0.0,0.0,0
1777318632047000,0,1.0,0.0,0.0,0.0,0.0,0.0,0.0,0.0,0
1777318632055000,0,1.0,0.0,0.0,0.0,0.0,0.0,0.0,0.0,0
1777318632071000,0,1.0,0.0,0.0,0.0,0.0,0.0,0.0,0.0,0
1777318632079000,0,1.0,0.0,0.0,0.0,0.0,0.0,0.0,0.0,0
1777318632087000,0,1.0,0.0,0.0,0.0,0.0,0.0,0.0,0.0,0
1777318632095000,0,1.0,0.0,0.0,0.0,0.0,0.0,0.0,0.0,0
1777318632111000,0,1.0,0.0,0.0,0.0,0.0,0.0,0.0,0.0,0
1777318632119000,0,1.0,0.0,0.0,0.0,0.0,0.0,0.0,0.0,0
1777318632127000,0,1.0,0.0,0.0,0.0,0.0,0.0,0.0,0.0,0
1777318632135000,0,1.0,0.0,0.0,0.0,0.0,0.0,0.0,0.0,0
1777318632151000,0,1.0,0.0,0.0,0.0,0.0,0.0,0.0,0.0,0
1777318632159000,0,1.0,0.0,0.0,0.0,0.0,0.0,0.0,0.0,0
1777318632167000,0,1.0,0.0,0.0,0.0,0.0,0.0,0.0,0.0,0
1777318632175000,0,1.0,0.0,0.0,0.0,0.0,0.0,0.0,0.0,0
1777318632191000,0,1.0,0.0,0.0,0.0,0.0,0.0,0.0,0.0,0
1777318632199000,0,1.0,0.0,0.0,0.0,0.0,0.0,0.0,0.0,0
1777318632207000,0,1.0,0.0,0.0,0.0,0.0,0.0,0.0,0.0,0
1777318632215000,0,1.0,0.0,0.0,0.0,0.0,0.0,0.0,0.0,0
1777318632231000,0,1.0,0.0,0.0,0.0,0.0,0.0,0.0,0.0,0
1777318632239000,0,1.0,0.0,0.0,0.0,0.0,0.0,0.0,0.0,0
1777318632247000,0,1.0,0.0,0.0,0.0,0.0,0.0,0.0,0.0,0
1777318632255000,0,1.0,0.0,0.0,0.0,0.0,0.0,0.0,0.0,0
1777318632271000,0,1.0,0.0,0.0,0.0,0.0,0.0,0.0,0.0,0
1777318632279000,0,1.0,0.0,0.0,0.0,0.0,0.0,0.0,0.0,0
1777318632287000,0,1.0,0.0,0.0,0.0,0.0,0.0,0.0,0.0,0
1777318632295000,0,1.0,0.0,0.0,0.0,0.0,0.0,0.0,0.0,0
1777318632311000,0,1.0,0.0,0.0,0.0,0.0,0.0,0.0,0.0,0
1777318632319000,0,1.0,0.0,0.0,0.0,0.0,0.0,0.0,0.0,0
1777318632327000,0,1.0,0.0,0.0,0.0,0.0,0.0,0.0,0.0,0
1777318632335000,0,1.0,0.0,0.0,0.0,0.0,0.0,0.0,0.0,0
1777318632351000,0,1.0,0.0,0.0,0.0,0.0,0.0,0.0,0.0,0
1777318632359000,0,1.0,0.0,0.0,0.0,0.0,0.0,0.0,0.0,0
1777318632367000,0,1.0,0.0,0.0,0.0,0.0,0.0,0.0,0.0,0
1777318632375000,0,1.0,0.0,0.0,0.0,0.0,0.0,0.0,0.0,0
1777318632391000,0,1.0,0.0,0.0,0.0,0.0,0.0,0.0,0.0,0
1777318632399000,0,1.0,0.0,0.0,0.0,0.0,0.0,0.0,0.0,0
1777318632407000,0,1.0,0.0,0.0,0.0,0.0,0.0,0.0,0.0,0
1777318632415000,0,1.0,0.0,0.0,0.0,0.0,0.0,0.0,0.0,0
1777318632431000,0,1.0,0.0,0.0,0.0,0.0,0.0,0.0,0.0,0
1777318632439000,0,1.0,0.0,0.0,0.0,0.0,0.0,0.0,0.0,0
1777318632447000,0,1.0,0.0,0.0,0.0,0.0,0.0,0.0,0.0,0
1777318632455000,0,1.0,0.0,0.0,0.0,0.0,0.0,0.0,0.0,0
1777318632471000,0,1.0,0.0,0.0,0.0,0.0,0.0,0.0,0.0,0
1777318632479000,0,1.0,0.0,0.0,0.0,0.0,0.0,0.0,0.0,0
1777318632487000,0,1.0,0.0,0.0,0.0,0.0,0.0,0.0,0.0,0
1777318632495000,0,1.0,0.0,0.0,0.0,0.0,0.0,0.0,0.0,0
1777318632511000,0,1.0,0.0,0.0,0.0,0.0,0.0,0.0,0.0,0
1777318632519000,0,1.0,0.0,0.0,0.0,0.0,0.0,0.0,0.0,0
1777318632527000,0,1.0,0.0,0.0,0.0,0.0,0.0,0.0,0.0,0
1777318632535000,0,1.0,0.0,0.0,0.0,0.0,0.0,0.0,0.0,0
1777318632551000,0,1.0,0.0,0.0,0.0,0.0,0.0,0.0,0.0,0
1777318632559000,0,1.0,0.0,0.0,0.0,0.0,0.0,0.0,0.0,0
1777318632567000,0,1.0,0.0,0.0,0.0,0.0,0.0,0.0,0.0,0
1777318632575000,0,1.0,0.0,0.0,0.0,0.0,0.0,0.0,0.0,0
1777318632591000,0,1.0,0.0,0.0,0.0,0.0,0.0,0.0,0.0,0
1777318632599000,0,1.0,0.0,0.0,0.0,0.0,0.0,0.0,0.0,0
1777318632607000,0,1.0,0.0,0.0,0.0,0.0,0.0,0.0,0.0,0
1777318632615000,0,1.0,0.0,0.0,0.0,0.0,0.0,0.0,0.0,0
1777318632631000,0,1.0,0.0,0.0,0.0,0.0,0.0,0.0,0.0,0
1777318632639000,0,1.0,0.0,0.0,0.0,0.0,0.0,0.0,0.0,0
1777318632647000,0,1.0,0.0,0.0,0.0,0.0,0.0,0.0,0.0,0
1777318632655000,0,1.0,0.0,0.0,0.0,0.0,0.0,0.0,0.0,0
1777318632671000,0,1.0,0.0,0.0,0.0,0.0,0.0,0.0,0.0,0
1777318632679000,0,1.0,0.0,0.0,0.0,0.0,0.0,0.0,0.0,0
1777318632687000,0,1.0,0.0,0.0,0.0,0.0,0.0,0.0,0.0,0
1777318632695000,0,1.0,0.0,0.0,0.0,0.0,0.0,0.0,0.0,0
1777318632711000,0,1.0,0.0,0.0,0.0,0.0,0.0,0.0,0.0,0
1777318632719000,0,1.0,0.0,0.0,0.0,0.0,0.0,0.0,0.0,0
1777318632727000,0,1.0,0.0,0.0,0.0,0.0,0.0,0.0,0.0,0
1777318632735000,0,1.0,0.0,0.0,0.0,0.0,0.0,0.0,0.0,0
1777318632743000,0,1.0,0.0,0.0,0.0,0.0,0.0,0.0,0.0,0
1777318632751000,0,1.0,0.0,0.0,0.0,0.0,0.0,0.0,0.0,0
1777318632767000,0,1.0,0.0,0.0,0.0,0.0,0.0,0.0,0.0,0
1777318632775000,0,1.0,0.0,0.0,0.0,0.0,0.0,0.0,0.0,0
1777318632791000,0,1.0,0.0,0.0,0.0,0.0,0.0,0.0,0.0,0
1777318632799000,0,1.0,0.0,0.0,0.0,0.0,0.0,0.0,0.0,0
1777318632807000,0,1.0,0.0,0.0,0.0,0.0,0.0,0.0,0.0,0
1777318632815000,0,1.0,0.0,0.0,0.0,0.0,0.0,0.0,0.0,0
1777318632831000,0,1.0,0.0,0.0,0.0,0.0,0.0,0.0,0.0,0
1777318632839000,0,1.0,0.0,0.0,0.0,0.0,0.0,0.0,0.0,0
1777318632847000,0,1.0,0.0,0.0,0.0,0.0,0.0,0.0,0.0,0
1777318632855000,0,1.0,0.0,0.0,0.0,0.0,0.0,0.0,0.0,0
1777318632871000,0,1.0,0.0,0.0,0.0,0.0,0.0,0.0,0.0,0
1777318632879000,0,1.0,0.0,0.0,0.0,0.0,0.0,0.0,0.0,0
1777318632887000,0,1.0,0.0,0.0,0.0,0.0,0.0,0.0,0.0,0
1777318632895000,0,1.0,0.0,0.0,0.0,0.0,0.0,0.0,0.0,0
1777318632911000,0,1.0,0.0,0.0,0.0,0.0,0.0,0.0,0.0,0
1777318632919000,0,1.0,0.0,0.0,0.0,0.0,0.0,0.0,0.0,0
1777318632927000,0,1.0,0.0,0.0,0.0,0.0,0.0,0.0,0.0,0
1777318632935000,0,1.0,0.0,0.0,0.0,0.0,0.0,0.0,0.0,0
1777318632951000,0,1.0,0.0,0.0,0.0,0.0,0.0,0.0,0.0,0
1777318632959000,0,1.0,0.0,0.0,0.0,0.0,0.0,0.0,0.0,0
1777318632967000,0,1.0,0.0,0.0,0.0,0.0,0.0,0.0,0.0,0
1777318632975000,0,1.0,0.0,0.0,0.0,0.0,0.0,0.0,0.0,0
1777318632991000,0,1.0,0.0,0.0,0.0,0.0,0.0,0.0,0.0,0
1777318632999000,0,1.0,0.0,0.0,0.0,0.0,0.0,0.0,0.0,0
1777318633007000,0,1.0,0.0,0.0,0.0,0.0,0.0,0.0,0.0,0
1777318633015000,0,1.0,0.0,0.0,0.0,0.0,0.0,0.0,0.0,0
1777318633031000,0,1.0,0.0,0.0,0.0,0.0,0.0,0.0,0.0,0
1777318633039000,0,1.0,0.0,0.0,0.0,0.0,0.0,0.0,0.0,0
1777318633047000,0,1.0,0.0,0.0,0.0,0.0,0.0,0.0,0.0,0
1777318633055000,0,1.0,0.0,0.0,0.0,0.0,0.0,0.0,0.0,0
1777318633071000,0,1.0,0.0,0.0,0.0,0.0,0.0,0.0,0.0,0
1777318633079000,0,1.0,0.0,0.0,0.0,0.0,0.0,0.0,0.0,0
1777318633087000,0,1.0,0.0,0.0,0.0,0.0,0.0,0.0,0.0,0
1777318633095000,0,1.0,0.0,0.0,0.0,0.0,0.0,0.0,0.0,0
1777318633111000,0,1.0,0.0,0.0,0.0,0.0,0.0,0.0,0.0,0
1777318633119000,0,1.0,0.0,0.0,0.0,0.0,0.0,0.0,0.0,0
1777318633127000,0,1.0,0.0,0.0,0.0,0.0,0.0,0.0,0.0,0
1777318633135000,0,1.0,0.0,0.0,0.0,0.0,0.0,0.0,0.0,0
1777318633151000,0,1.0,0.0,0.0,0.0,0.0,0.0,0.0,0.0,0
1777318633159000,0,1.0,0.0,0.0,0.0,0.0,0.0,0.0,0.0,0
1777318633167000,0,1.0,0.0,0.0,0.0,0.0,0.0,0.0,0.0,0
1777318633175000,0,1.0,0.0,0.0,0.0,0.0,0.0,0.0,0.0,0
1777318633191000,0,1.0,0.0,0.0,0.0,0.0,0.0,0.0,0.0,0
1777318633199000,0,1.0,0.0,0.0,0.0,0.0,0.0,0.0,0.0,0
1777318633207000,0,1.0,0.0,0.0,0.0,0.0,0.0,0.0,0.0,0
1777318633215000,0,1.0,0.0,0.0,0.0,0.0,0.0,0.0,0.0,0
1777318633231000,0,1.0,0.0,0.0,0.0,0.0,0.0,0.0,0.0,0
1777318633239000,0,1.0,0.0,0.0,0.0,0.0,0.0,0.0,0.0,0
1777318633247000,0,1.0,0.0,0.0,0.0,0.0,0.0,0.0,0.0,0
1777318633255000,0,1.0,0.0,0.0,0.0,0.0,0.0,0.0,0.0,0
1777318633271000,0,1.0,0.0,0.0,0.0,0.0,0.0,0.0,0.0,0
1777318633279000,0,1.0,0.0,0.0,0.0,0.0,0.0,0.0,0.0,0
1777318633287000,0,1.0,0.0,0.0,0.0,0.0,0.0,0.0,0.0,0
1777318633295000,0,1.0,0.0,0.0,0.0,0.0,0.0,0.0,0.0,0
1777318633311000,0,1.0,0.0,0.0,0.0,0.0,0.0,0.0,0.0,0
1777318633319000,0,1.0,0.0,0.0,0.0,0.0,0.0,0.0,0.0,0
1777318633327000,0,1.0,0.0,0.0,0.0,0.0,0.0,0.0,0.0,0
1777318633335000,0,1.0,0.0,0.0,0.0,0.0,0.0,0.0,0.0,0
1777318633351000,0,1.0,0.0,0.0,0.0,0.0,0.0,0.0,0.0,0
1777318633359000,0,1.0,0.0,0.0,0.0,0.0,0.0,0.0,0.0,0
1777318633367000,0,1.0,0.0,0.0,0.0,0.0,0.0,0.0,0.0,0
1777318633375000,0,1.0,0.0,0.0,0.0,0.0,0.0,0.0,0.0,0
1777318633391000,0,1.0,0.0,0.0,0.0,0.0,0.0,0.0,0.0,0
1777318633399000,0,1.0,0.0,0.0,0.0,0.0,0.0,0.0,0.0,0
1777318633407000,0,1.0,0.0,0.0,0.0,0.0,0.0,0.0,0.0,0
1777318633415000,0,1.0,0.0,0.0,0.0,0.0,0.0,0.0,0.0,0
1777318633431000,0,1.0,0.0,0.0,0.0,0.0,0.0,0.0,0.0,0
1777318633439000,0,1.0,0.0,0.0,0.0,0.0,0.0,0.0,0.0,0
1777318633447000,0,1.0,0.0,0.0,0.0,0.0,0.0,0.0,0.0,0
1777318633455000,0,1.0,0.0,0.0,0.0,0.0,0.0,0.0,0.0,0
1777318633471000,0,1.0,0.0,0.0,0.0,0.0,0.0,0.0,0.0,0
1777318633479000,0,1.0,0.0,0.0,0.0,0.0,0.0,0.0,0.0,0
1777318633487000,0,1.0,0.0,0.0,0.0,0.0,0.0,0.0,0.0,0
1777318633495000,0,1.0,0.0,0.0,0.0,0.0,0.0,0.0,0.0,0
1777318633511000,0,1.0,0.0,0.0,0.0,0.0,0.0,0.0,0.0,0
1777318633519000,0,1.0,0.0,0.0,0.0,0.0,0.0,0.0,0.0,0
1777318633527000,0,1.0,0.0,0.0,0.0,0.0,0.0,0.0,0.0,0
1777318633535000,0,1.0,0.0,0.0,0.0,0.0,0.0,0.0,0.0,0
1777318633551000,0,1.0,0.0,0.0,0.0,0.0,0.0,0.0,0.0,0
1777318633559000,0,1.0,0.0,0.0,0.0,0.0,0.0,0.0,0.0,0
1777318633567000,0,1.0,0.0,0.0,0.0,0.0,0.0,0.0,0.0,0
1777318633575000,0,1.0,0.0,0.0,0.0,0.0,0.0,0.0,0.0,0
1777318633591000,0,1.0,0.0,0.0,0.0,0.0,0.0,0.0,0.0,0
1777318633599000,0,1.0,0.0,0.0,0.0,0.0,0.0,0.0,0.0,0
1777318633607000,0,1.0,0.0,0.0,0.0,0.0,0.0,0.0,0.0,0
1777318633615000,0,1.0,0.0,0.0,0.0,0.0,0.0,0.0,0.0,0
1777318633631000,0,1.0,0.0,0.0,0.0,0.0,0.0,0.0,0.0,0
1777318633639000,0,1.0,0.0,0.0,0.0,0.0,0.0,0.0,0.0,0
1777318633647000,0,1.0,0.0,0.0,0.0,0.0,0.0,0.0,0.0,0
1777318633655000,0,1.0,0.0,0.0,0.0,0.0,0.0,0.0,0.0,0
1777318633671000,0,1.0,0.0,0.0,0.0,0.0,0.0,0.0,0.0,0
1777318633679000,0,1.0,0.0,0.0,0.0,0.0,0.0,0.0,0.0,0
1777318633687000,0,1.0,0.0,0.0,0.0,0.0,0.0,0.0,0.0,0
1777318633695000,0,1.0,0.0,0.0,0.0,0.0,0.0,0.0,0.0,0
1777318633711000,0,1.0,0.0,0.0,0.0,0.0,0.0,0.0,0.0,0
1777318633719000,0,1.0,0.0,0.0,0.0,0.0,0.0,0.0,0.0,0
1777318633727000,0,1.0,0.0,0.0,0.0,0.0,0.0,0.0,0.0,0
1777318633735000,0,1.0,0.0,0.0,0.0,0.0,0.0,0.0,0.0,0
1777318633751000,0,1.0,0.0,0.0,0.0,0.0,0.0,0.0,0.0,0
1777318633759000,0,1.0,0.0,0.0,0.0,0.0,0.0,0.0,0.0,0
1777318633767000,0,1.0,0.0,0.0,0.0,0.0,0.0,0.0,0.0,0
1777318633775000,0,1.0,0.0,0.0,0.0,0.0,0.0,0.0,0.0,0
1777318633791000,0,1.0,0.0,0.0,0.0,0.0,0.0,0.0,0.0,0
1777318633799000,0,1.0,0.0,0.0,0.0,0.0,0.0,0.0,0.0,0
1777318633807000,0,1.0,0.0,0.0,0.0,0.0,0.0,0.0,0.0,0
1777318633815000,0,1.0,0.0,0.0,0.0,0.0,0.0,0.0,0.0,0
1777318633831000,0,1.0,0.0,0.0,0.0,0.0,0.0,0.0,0.0,0
1777318633839000,0,1.0,0.0,0.0,0.0,0.0,0.0,0.0,0.0,0
1777318633847000,0,1.0,0.0,0.0,0.0,0.0,0.0,0.0,0.0,0
1777318633855000,0,1.0,0.0,0.0,0.0,0.0,0.0,0.0,0.0,0
1777318633871000,0,1.0,0.0,0.0,0.0,0.0,0.0,0.0,0.0,0
1777318633879000,0,1.0,0.0,0.0,0.0,0.0,0.0,0.0,0.0,0
1777318633887000,0,1.0,0.0,0.0,0.0,0.0,0.0,0.0,0.0,0
1777318633895000,0,1.0,0.0,0.0,0.0,0.0,0.0,0.0,0.0,0
1777318633911000,0,1.0,0.0,0.0,0.0,0.0,0.0,0.0,0.0,0
1777318633919000,0,1.0,0.0,0.0,0.0,0.0,0.0,0.0,0.0,0
1777318633927000,0,1.0,0.0,0.0,0.0,0.0,0.0,0.0,0.0,0
1777318633935000,0,1.0,0.0,0.0,0.0,0.0,0.0,0.0,0.0,0
1777318633951000,0,1.0,0.0,0.0,0.0,0.0,0.0,0.0,0.0,0
1777318633959000,0,1.0,0.0,0.0,0.0,0.0,0.0,0.0,0.0,0
1777318633967000,0,1.0,0.0,0.0,0.0,0.0,0.0,0.0,0.0,0
1777318633975000,0,1.0,0.0,0.0,0.0,0.0,0.0,0.0,0.0,0
1777318633991000,0,1.0,0.0,0.0,0.0,0.0,0.0,0.0,0.0,0
1777318633999000,0,1.0,0.0,0.0,0.0,0.0,0.0,0.0,0.0,0
1777318634007000,0,1.0,0.0,0.0,0.0,0.0,0.0,0.0,0.0,0
1777318634015000,0,1.0,0.0,0.0,0.0,0.0,0.0,0.0,0.0,0
1777318634031000,0,1.0,0.0,0.0,0.0,0.0,0.0,0.0,0.0,0
1777318634039000,0,1.0,0.0,0.0,0.0,0.0,0.0,0.0,0.0,0
1777318634047000,0,1.0,0.0,0.0,0.0,0.0,0.0,0.0,0.0,0
1777318634055000,0,1.0,0.0,0.0,0.0,0.0,0.0,0.0,0.0,0
1777318634071000,0,1.0,0.0,0.0,0.0,0.0,0.0,0.0,0.0,0
1777318634079000,0,1.0,0.0,0.0,0.0,0.0,0.0,0.0,0.0,0
1777318634087000,0,1.0,0.0,0.0,0.0,0.0,0.0,0.0,0.0,0
1777318634095000,0,1.0,0.0,0.0,0.0,0.0,0.0,0.0,0.0,0
1777318634111000,0,1.0,0.0,0.0,0.0,0.0,0.0,0.0,0.0,0
1777318634119000,0,1.0,0.0,0.0,0.0,0.0,0.0,0.0,0.0,0
1777318634127000,0,1.0,0.0,0.0,0.0,0.0,0.0,0.0,0.0,0
1777318634135000,0,1.0,0.0,0.0,0.0,0.0,0.0,0.0,0.0,0
1777318634151000,0,1.0,0.0,0.0,0.0,0.0,0.0,0.0,0.0,0
1777318634159000,0,1.0,0.0,0.0,0.0,0.0,0.0,0.0,0.0,0
1777318634167000,0,1.0,0.0,0.0,0.0,0.0,0.0,0.0,0.0,0
1777318634175000,0,1.0,0.0,0.0,0.0,0.0,0.0,0.0,0.0,0
1777318634191000,0,1.0,0.0,0.0,0.0,0.0,0.0,0.0,0.0,0
1777318634199000,0,1.0,0.0,0.0,0.0,0.0,0.0,0.0,0.0,0
1777318634207000,0,1.0,0.0,0.0,0.0,0.0,0.0,0.0,0.0,0
1777318634215000,0,1.0,0.0,0.0,0.0,0.0,0.0,0.0,0.0,0
1777318634231000,0,1.0,0.0,0.0,0.0,0.0,0.0,0.0,0.0,0
1777318634239000,0,1.0,0.0,0.0,0.0,0.0,0.0,0.0,0.0,0
1777318634247000,0,1.0,0.0,0.0,0.0,0.0,0.0,0.0,0.0,0
1777318634255000,0,1.0,0.0,0.0,0.0,0.0,0.0,0.0,0.0,0
1777318634271000,0,1.0,0.0,0.0,0.0,0.0,0.0,0.0,0.0,0
1777318634279000,0,1.0,0.0,0.0,0.0,0.0,0.0,0.0,0.0,0
1777318634287000,0,1.0,0.0,0.0,0.0,0.0,0.0,0.0,0.0,0
1777318634295000,0,1.0,0.0,0.0,0.0,0.0,0.0,0.0,0.0,0
1777318634311000,0,1.0,0.0,0.0,0.0,0.0,0.0,0.0,0.0,0
1777318634319000,0,1.0,0.0,0.0,0.0,0.0,0.0,0.0,0.0,0
1777318634327000,0,1.0,0.0,0.0,0.0,0.0,0.0,0.0,0.0,0
1777318634335000,0,1.0,0.0,0.0,0.0,0.0,0.0,0.0,0.0,0
1777318634351000,0,1.0,0.0,0.0,0.0,0.0,0.0,0.0,0.0,0
1777318634359000,0,1.0,0.0,0.0,0.0,0.0,0.0,0.0,0.0,0
1777318634367000,0,1.0,0.0,0.0,0.0,0.0,0.0,0.0,0.0,0
1777318634375000,0,1.0,0.0,0.0,0.0,0.0,0.0,0.0,0.0,0
1777318634391000,0,1.0,0.0,0.0,0.0,0.0,0.0,0.0,0.0,0
1777318634399000,0,1.0,0.0,0.0,0.0,0.0,0.0,0.0,0.0,0
1777318634407000,0,1.0,0.0,0.0,0.0,0.0,0.0,0.0,0.0,0
1777318634415000,0,1.0,0.0,0.0,0.0,0.0,0.0,0.0,0.0,0
1777318634431000,0,1.0,0.0,0.0,0.0,0.0,0.0,0.0,0.0,0
1777318634439000,0,1.0,0.0,0.0,0.0,0.0,0.0,0.0,0.0,0
1777318634447000,0,1.0,0.0,0.0,0.0,0.0,0.0,0.0,0.0,0
1777318634455000,0,1.0,0.0,0.0,0.0,0.0,0.0,0.0,0.0,0
1777318634471000,0,1.0,0.0,0.0,0.0,0.0,0.0,0.0,0.0,0
1777318634479000,0,1.0,0.0,0.0,0.0,0.0,0.0,0.0,0.0,0
1777318634487000,0,1.0,0.0,0.0,0.0,0.0,0.0,0.0,0.0,0
1777318634495000,0,1.0,0.0,0.0,0.0,0.0,0.0,0.0,0.0,0
1777318634511000,0,1.0,0.0,0.0,0.0,0.0,0.0,0.0,0.0,0
1777318634519000,0,1.0,0.0,0.0,0.0,0.0,0.0,0.0,0.0,0
1777318634527000,0,1.0,0.0,0.0,0.0,0.0,0.0,0.0,0.0,0
1777318634535000,0,1.0,0.0,0.0,0.0,0.0,0.0,0.0,0.0,0
1777318634551000,0,1.0,0.0,0.0,0.0,0.0,0.0,0.0,0.0,0
1777318634559000,0,1.0,0.0,0.0,0.0,0.0,0.0,0.0,0.0,0
1777318634567000,0,1.0,0.0,0.0,0.0,0.0,0.0,0.0,0.0,0
1777318634575000,0,1.0,0.0,0.0,0.0,0.0,0.0,0.0,0.0,0
1777318634591000,0,1.0,0.0,0.0,0.0,0.0,0.0,0.0,0.0,0
1777318634599000,0,1.0,0.0,0.0,0.0,0.0,0.0,0.0,0.0,0
1777318634607000,0,1.0,0.0,0.0,0.0,0.0,0.0,0.0,0.0,0
1777318634615000,0,1.0,0.0,0.0,0.0,0.0,0.0,0.0,0.0,0
1777318634631000,0,1.0,0.0,0.0,0.0,0.0,0.0,0.0,0.0,0
1777318634639000,0,1.0,0.0,0.0,0.0,0.0,0.0,0.0,0.0,0
1777318634647000,0,1.0,0.0,0.0,0.0,0.0,0.0,0.0,0.0,0
1777318634655000,0,1.0,0.0,0.0,0.0,0.0,0.0,0.0,0.0,0
1777318634671000,0,1.0,0.0,0.0,0.0,0.0,0.0,0.0,0.0,0
1777318634679000,0,1.0,0.0,0.0,0.0,0.0,0.0,0.0,0.0,0
1777318634687000,0,1.0,0.0,0.0,0.0,0.0,0.0,0.0,0.0,0
1777318634695000,0,1.0,0.0,0.0,0.0,0.0,0.0,0.0,0.0,0
1777318634711000,0,1.0,0.0,0.0,0.0,0.0,0.0,0.0,0.0,0
1777318634719000,0,1.0,0.0,0.0,0.0,0.0,0.0,0.0,0.0,0
1777318634727000,0,1.0,0.0,0.0,0.0,0.0,0.0,0.0,0.0,0
1777318634735000,0,1.0,0.0,0.0,0.0,0.0,0.0,0.0,0.0,0
1777318634751000,0,1.0,0.0,0.0,0.0,0.0,0.0,0.0,0.0,0
1777318634759000,0,1.0,0.0,0.0,0.0,0.0,0.0,0.0,0.0,0
1777318634767000,0,1.0,0.0,0.0,0.0,0.0,0.0,0.0,0.0,0
1777318634775000,0,1.0,0.0,0.0,0.0,0.0,0.0,0.0,0.0,0
1777318634791000,0,1.0,0.0,0.0,0.0,0.0,0.0,0.0,0.0,0
1777318634799000,0,1.0,0.0,0.0,0.0,0.0,0.0,0.0,0.0,0
1777318634807000,0,1.0,0.0,0.0,0.0,0.0,0.0,0.0,0.0,0
1777318634815000,0,1.0,0.0,0.0,0.0,0.0,0.0,0.0,0.0,0
1777318634831000,0,1.0,0.0,0.0,0.0,0.0,0.0,0.0,0.0,0
1777318634839000,0,1.0,0.0,0.0,0.0,0.0,0.0,0.0,0.0,0
1777318634847000,0,1.0,0.0,0.0,0.0,0.0,0.0,0.0,0.0,0
1777318634855000,0,1.0,0.0,0.0,0.0,0.0,0.0,0.0,0.0,0
1777318634871000,0,1.0,0.0,0.0,0.0,0.0,0.0,0.0,0.0,0
1777318634879000,0,1.0,0.0,0.0,0.0,0.0,0.0,0.0,0.0,0
1777318634887000,0,1.0,0.0,0.0,0.0,0.0,0.0,0.0,0.0,0
1777318634895000,0,1.0,0.0,0.0,0.0,0.0,0.0,0.0,0.0,0
1777318634911000,0,1.0,0.0,0.0,0.0,0.0,0.0,0.0,0.0,0
1777318634919000,0,1.0,0.0,0.0,0.0,0.0,0.0,0.0,0.0,0
1777318634927000,0,1.0,0.0,0.0,0.0,0.0,0.0,0.0,0.0,0
1777318634935000,0,1.0,0.0,0.0,0.0,0.0,0.0,0.0,0.0,0
1777318634951000,0,1.0,0.0,0.0,0.0,0.0,0.0,0.0,0.0,0
1777318634959000,0,1.0,0.0,0.0,0.0,0.0,0.0,0.0,0.0,0
1777318634967000,0,1.0,0.0,0.0,0.0,0.0,0.0,0.0,0.0,0
1777318634975000,0,1.0,0.0,0.0,0.0,0.0,0.0,0.0,0.0,0
1777318634991000,0,1.0,0.0,0.0,0.0,0.0,0.0,0.0,0.0,0
1777318634999000,0,1.0,0.0,0.0,0.0,0.0,0.0,0.0,0.0,0
1777318635007000,0,1.0,0.0,0.0,0.0,0.0,0.0,0.0,0.0,0
1777318635015000,0,1.0,0.0,0.0,0.0,0.0,0.0,0.0,0.0,0
1777318635031000,0,1.0,0.0,0.0,0.0,0.0,0.0,0.0,0.0,0
1777318635039000,0,1.0,0.0,0.0,0.0,0.0,0.0,0.0,0.0,0
1777318635047000,0,1.0,0.0,0.0,0.0,0.0,0.0,0.0,0.0,0
1777318635055000,0,1.0,0.0,0.0,0.0,0.0,0.0,0.0,0.0,0
1777318635071000,0,1.0,0.0,0.0,0.0,0.0,0.0,0.0,0.0,0
1777318635079000,0,1.0,0.0,0.0,0.0,0.0,0.0,0.0,0.0,0
1777318635087000,0,1.0,0.0,0.0,0.0,0.0,0.0,0.0,0.0,0
1777318635095000,0,1.0,0.0,0.0,0.0,0.0,0.0,0.0,0.0,0
1777318635111000,0,1.0,0.0,0.0,0.0,0.0,0.0,0.0,0.0,0
1777318635119000,0,1.0,0.0,0.0,0.0,0.0,0.0,0.0,0.0,0
1777318635127000,0,1.0,0.0,0.0,0.0,0.0,0.0,0.0,0.0,0
1777318635135000,0,1.0,0.0,0.0,0.0,0.0,0.0,0.0,0.0,0
1777318635151000,0,1.0,0.0,0.0,0.0,0.0,0.0,0.0,0.0,0
1777318635159000,0,1.0,0.0,0.0,0.0,0.0,0.0,0.0,0.0,0
1777318635167000,0,1.0,0.0,0.0,0.0,0.0,0.0,0.0,0.0,0
1777318635175000,0,1.0,0.0,0.0,0.0,0.0,0.0,0.0,0.0,0
1777318635191000,0,1.0,0.0,0.0,0.0,0.0,0.0,0.0,0.0,0
1777318635199000,0,1.0,0.0,0.0,0.0,0.0,0.0,0.0,0.0,0
1777318635207000,0,1.0,0.0,0.0,0.0,0.0,0.0,0.0,0.0,0
1777318635215000,0,1.0,0.0,0.0,0.0,0.0,0.0,0.0,0.0,0
1777318635231000,0,1.0,0.0,0.0,0.0,0.0,0.0,0.0,0.0,0
1777318635239000,0,1.0,0.0,0.0,0.0,0.0,0.0,0.0,0.0,0
1777318635247000,0,1.0,0.0,0.0,0.0,0.0,0.0,0.0,0.0,0
1777318635255000,0,1.0,0.0,0.0,0.0,0.0,0.0,0.0,0.0,0
1777318635271000,0,1.0,0.0,0.0,0.0,0.0,0.0,0.0,0.0,0
1777318635279000,0,1.0,0.0,0.0,0.0,0.0,0.0,0.0,0.0,0
1777318635287000,0,1.0,0.0,0.0,0.0,0.0,0.0,0.0,0.0,0
1777318635295000,0,1.0,0.0,0.0,0.0,0.0,0.0,0.0,0.0,0
1777318635311000,0,1.0,0.0,0.0,0.0,0.0,0.0,0.0,0.0,0
1777318635319000,0,1.0,0.0,0.0,0.0,0.0,0.0,0.0,0.0,0
1777318635327000,0,1.0,0.0,0.0,0.0,0.0,0.0,0.0,0.0,0
1777318635335000,0,1.0,0.0,0.0,0.0,0.0,0.0,0.0,0.0,0
1777318635351000,0,1.0,0.0,0.0,0.0,0.0,0.0,0.0,0.0,0
1777318635359000,0,1.0,0.0,0.0,0.0,0.0,0.0,0.0,0.0,0
1777318635367000,0,1.0,0.0,0.0,0.0,0.0,0.0,0.0,0.0,0
1777318635375000,0,1.0,0.0,0.0,0.0,0.0,0.0,0.0,0.0,0
1777318635391000,0,1.0,0.0,0.0,0.0,0.0,0.0,0.0,0.0,0
1777318635399000,0,1.0,0.0,0.0,0.0,0.0,0.0,0.0,0.0,0
1777318635407000,0,1.0,0.0,0.0,0.0,0.0,0.0,0.0,0.0,0
1777318635415000,0,1.0,0.0,0.0,0.0,0.0,0.0,0.0,0.0,0
1777318635431000,0,1.0,0.0,0.0,0.0,0.0,0.0,0.0,0.0,0
1777318635439000,0,1.0,0.0,0.0,0.0,0.0,0.0,0.0,0.0,0
1777318635447000,0,1.0,0.0,0.0,0.0,0.0,0.0,0.0,0.0,0
1777318635455000,0,1.0,0.0,0.0,0.0,0.0,0.0,0.0,0.0,0
1777318635471000,0,1.0,0.0,0.0,0.0,0.0,0.0,0.0,0.0,0
1777318635479000,0,1.0,0.0,0.0,0.0,0.0,0.0,0.0,0.0,0
1777318635487000,0,1.0,0.0,0.0,0.0,0.0,0.0,0.0,0.0,0
1777318635495000,0,1.0,0.0,0.0,0.0,0.0,0.0,0.0,0.0,0
1777318635511000,0,1.0,0.0,0.0,0.0,0.0,0.0,0.0,0.0,0
1777318635519000,0,1.0,0.0,0.0,0.0,0.0,0.0,0.0,0.0,0
1777318635527000,0,1.0,0.0,0.0,0.0,0.0,0.0,0.0,0.0,0
1777318635535000,0,1.0,0.0,0.0,0.0,0.0,0.0,0.0,0.0,0
1777318635551000,0,1.0,0.0,0.0,0.0,0.0,0.0,0.0,0.0,0
1777318635559000,0,1.0,0.0,0.0,0.0,0.0,0.0,0.0,0.0,0
1777318635567000,0,1.0,0.0,0.0,0.0,0.0,0.0,0.0,0.0,0
1777318635575000,0,1.0,0.0,0.0,0.0,0.0,0.0,0.0,0.0,0
1777318635591000,0,1.0,0.0,0.0,0.0,0.0,0.0,0.0,0.0,0
1777318635599000,0,1.0,0.0,0.0,0.0,0.0,0.0,0.0,0.0,0
1777318635607000,0,1.0,0.0,0.0,0.0,0.0,0.0,0.0,0.0,0
1777318635615000,0,1.0,0.0,0.0,0.0,0.0,0.0,0.0,0.0,0
1777318635631000,0,1.0,0.0,0.0,0.0,0.0,0.0,0.0,0.0,0
1777318635639000,0,1.0,0.0,0.0,0.0,0.0,0.0,0.0,0.0,0
1777318635647000,0,1.0,0.0,0.0,0.0,0.0,0.0,0.0,0.0,0
1777318635655000,0,1.0,0.0,0.0,0.0,0.0,0.0,0.0,0.0,0
1777318635671000,0,1.0,0.0,0.0,0.0,0.0,0.0,0.0,0.0,0
1777318635679000,0,1.0,0.0,0.0,0.0,0.0,0.0,0.0,0.0,0
1777318635687000,0,1.0,0.0,0.0,0.0,0.0,0.0,0.0,0.0,0
1777318635695000,0,1.0,0.0,0.0,0.0,0.0,0.0,0.0,0.0,0
1777318635711000,0,1.0,0.0,0.0,0.0,0.0,0.0,0.0,0.0,0
1777318635719000,0,1.0,0.0,0.0,0.0,0.0,0.0,0.0,0.0,0
1777318635727000,0,1.0,0.0,0.0,0.0,0.0,0.0,0.0,0.0,0
1777318635735000,0,1.0,0.0,0.0,0.0,0.0,0.0,0.0,0.0,0
1777318635751000,0,1.0,0.0,0.0,0.0,0.0,0.0,0.0,0.0,0
1777318635759000,0,1.0,0.0,0.0,0.0,0.0,0.0,0.0,0.0,0
1777318635767000,0,1.0,0.0,0.0,0.0,0.0,0.0,0.0,0.0,0
1777318635775000,0,1.0,0.0,0.0,0.0,0.0,0.0,0.0,0.0,0
1777318635791000,0,1.0,0.0,0.0,0.0,0.0,0.0,0.0,0.0,0
1777318635799000,0,1.0,0.0,0.0,0.0,0.0,0.0,0.0,0.0,0
1777318635807000,0,1.0,0.0,0.0,0.0,0.0,0.0,0.0,0.0,0
1777318635815000,0,1.0,0.0,0.0,0.0,0.0,0.0,0.0,0.0,0
1777318635831000,0,1.0,0.0,0.0,0.0,0.0,0.0,0.0,0.0,0
1777318635839000,0,1.0,0.0,0.0,0.0,0.0,0.0,0.0,0.0,0
1777318635847000,0,1.0,0.0,0.0,0.0,0.0,0.0,0.0,0.0,0
1777318635855000,0,1.0,0.0,0.0,0.0,0.0,0.0,0.0,0.0,0
1777318635871000,0,1.0,0.0,0.0,0.0,0.0,0.0,0.0,0.0,0
1777318635879000,0,1.0,0.0,0.0,0.0,0.0,0.0,0.0,0.0,0
1777318635887000,0,1.0,0.0,0.0,0.0,0.0,0.0,0.0,0.0,0
1777318635895000,0,1.0,0.0,0.0,0.0,0.0,0.0,0.0,0.0,0
1777318635911000,0,1.0,0.0,0.0,0.0,0.0,0.0,0.0,0.0,0
1777318635919000,0,1.0,0.0,0.0,0.0,0.0,0.0,0.0,0.0,0
1777318635927000,0,1.0,0.0,0.0,0.0,0.0,0.0,0.0,0.0,0
1777318635935000,0,1.0,0.0,0.0,0.0,0.0,0.0,0.0,0.0,0
1777318635951000,0,1.0,0.0,0.0,0.0,0.0,0.0,0.0,0.0,0
1777318635959000,0,1.0,0.0,0.0,0.0,0.0,0.0,0.0,0.0,0
1777318635967000,0,1.0,0.0,0.0,0.0,0.0,0.0,0.0,0.0,0
1777318635975000,0,1.0,0.0,0.0,0.0,0.0,0.0,0.0,0.0,0
1777318635991000,0,1.0,0.0,0.0,0.0,0.0,0.0,0.0,0.0,0
1777318635999000,0,1.0,0.0,0.0,0.0,0.0,0.0,0.0,0.0,0
1777318636007000,0,1.0,0.0,0.0,0.0,0.0,0.0,0.0,0.0,0
1777318636015000,0,1.0,0.0,0.0,0.0,0.0,0.0,0.0,0.0,0
1777318636031000,0,1.0,0.0,0.0,0.0,0.0,0.0,0.0,0.0,0
1777318636039000,0,1.0,0.0,0.0,0.0,0.0,0.0,0.0,0.0,0
1777318636047000,0,1.0,0.0,0.0,0.0,0.0,0.0,0.0,0.0,0
1777318636055000,0,1.0,0.0,0.0,0.0,0.0,0.0,0.0,0.0,0
1777318636071000,0,1.0,0.0,0.0,0.0,0.0,0.0,0.0,0.0,0
1777318636079000,0,1.0,0.0,0.0,0.0,0.0,0.0,0.0,0.0,0
1777318636087000,0,1.0,0.0,0.0,0.0,0.0,0.0,0.0,0.0,0
1777318636095000,0,1.0,0.0,0.0,0.0,0.0,0.0,0.0,0.0,0
1777318636111000,0,1.0,0.0,0.0,0.0,0.0,0.0,0.0,0.0,0
1777318636119000,0,1.0,0.0,0.0,0.0,0.0,0.0,0.0,0.0,0
1777318636127000,0,1.0,0.0,0.0,0.0,0.0,0.0,0.0,0.0,0
1777318636135000,0,1.0,0.0,0.0,0.0,0.0,0.0,0.0,0.0,0
1777318636151000,0,1.0,0.0,0.0,0.0,0.0,0.0,0.0,0.0,0
1777318636159000,0,1.0,0.0,0.0,0.0,0.0,0.0,0.0,0.0,0
1777318636167000,0,1.0,0.0,0.0,0.0,0.0,0.0,0.0,0.0,0
1777318636175000,0,1.0,0.0,0.0,0.0,0.0,0.0,0.0,0.0,0
1777318636191000,0,1.0,0.0,0.0,0.0,0.0,0.0,0.0,0.0,0
1777318636199000,0,1.0,0.0,0.0,0.0,0.0,0.0,0.0,0.0,0
1777318636207000,0,1.0,0.0,0.0,0.0,0.0,0.0,0.0,0.0,0
1777318636215000,0,1.0,0.0,0.0,0.0,0.0,0.0,0.0,0.0,0
1777318636231000,0,1.0,0.0,0.0,0.0,0.0,0.0,0.0,0.0,0
1777318636239000,0,1.0,0.0,0.0,0.0,0.0,0.0,0.0,0.0,0
1777318636247000,0,1.0,0.0,0.0,0.0,0.0,0.0,0.0,0.0,0
1777318636255000,0,1.0,0.0,0.0,0.0,0.0,0.0,0.0,0.0,0
1777318636271000,0,1.0,0.0,0.0,0.0,0.0,0.0,0.0,0.0,0
1777318636279000,0,1.0,0.0,0.0,0.0,0.0,0.0,0.0,0.0,0
1777318636287000,0,1.0,0.0,0.0,0.0,0.0,0.0,0.0,0.0,0
1777318636295000,0,1.0,0.0,0.0,0.0,0.0,0.0,0.0,0.0,0
1777318636311000,0,1.0,0.0,0.0,0.0,0.0,0.0,0.0,0.0,0
1777318636319000,0,1.0,0.0,0.0,0.0,0.0,0.0,0.0,0.0,0
1777318636327000,0,1.0,0.0,0.0,0.0,0.0,0.0,0.0,0.0,0
1777318636335000,0,1.0,0.0,0.0,0.0,0.0,0.0,0.0,0.0,0
1777318636351000,0,1.0,0.0,0.0,0.0,0.0,0.0,0.0,0.0,0
1777318636359000,0,1.0,0.0,0.0,0.0,0.0,0.0,0.0,0.0,0
1777318636367000,0,1.0,0.0,0.0,0.0,0.0,0.0,0.0,0.0,0
1777318636375000,0,1.0,0.0,0.0,0.0,0.0,0.0,0.0,0.0,0
1777318636391000,0,1.0,0.0,0.0,0.0,0.0,0.0,0.0,0.0,0
1777318636399000,0,1.0,0.0,0.0,0.0,0.0,0.0,0.0,0.0,0
1777318636407000,0,1.0,0.0,0.0,0.0,0.0,0.0,0.0,0.0,0
1777318636415000,0,1.0,0.0,0.0,0.0,0.0,0.0,0.0,0.0,0
1777318636431000,0,1.0,0.0,0.0,0.0,0.0,0.0,0.0,0.0,0
1777318636439000,0,1.0,0.0,0.0,0.0,0.0,0.0,0.0,0.0,0
1777318636447000,0,1.0,0.0,0.0,0.0,0.0,0.0,0.0,0.0,0
1777318636455000,0,1.0,0.0,0.0,0.0,0.0,0.0,0.0,0.0,0
1777318636471000,0,1.0,0.0,0.0,0.0,0.0,0.0,0.0,0.0,0
1777318636479000,0,1.0,0.0,0.0,0.0,0.0,0.0,0.0,0.0,0
1777318636487000,0,1.0,0.0,0.0,0.0,0.0,0.0,0.0,0.0,0
1777318636495000,0,1.0,0.0,0.0,0.0,0.0,0.0,0.0,0.0,0
1777318636511000,0,1.0,0.0,0.0,0.0,0.0,0.0,0.0,0.0,0
1777318636519000,0,1.0,0.0,0.0,0.0,0.0,0.0,0.0,0.0,0
1777318636527000,0,1.0,0.0,0.0,0.0,0.0,0.0,0.0,0.0,0
1777318636535000,0,1.0,0.0,0.0,0.0,0.0,0.0,0.0,0.0,0
1777318636551000,0,1.0,0.0,0.0,0.0,0.0,0.0,0.0,0.0,0
1777318636559000,0,1.0,0.0,0.0,0.0,0.0,0.0,0.0,0.0,0
1777318636567000,0,1.0,0.0,0.0,0.0,0.0,0.0,0.0,0.0,0
1777318636575000,0,1.0,0.0,0.0,0.0,0.0,0.0,0.0,0.0,0
1777318636591000,0,1.0,0.0,0.0,0.0,0.0,0.0,0.0,0.0,0
1777318636599000,0,1.0,0.0,0.0,0.0,0.0,0.0,0.0,0.0,0
1777318636607000,0,1.0,0.0,0.0,0.0,0.0,0.0,0.0,0.0,0
1777318636615000,0,1.0,0.0,0.0,0.0,0.0,0.0,0.0,0.0,0
1777318636631000,0,1.0,0.0,0.0,0.0,0.0,0.0,0.0,0.0,0
1777318636639000,0,1.0,0.0,0.0,0.0,0.0,0.0,0.0,0.0,0
1777318636647000,0,1.0,0.0,0.0,0.0,0.0,0.0,0.0,0.0,0
1777318636655000,0,1.0,0.0,0.0,0.0,0.0,0.0,0.0,0.0,0
1777318636671000,0,1.0,0.0,0.0,0.0,0.0,0.0,0.0,0.0,0
1777318636679000,0,1.0,0.0,0.0,0.0,0.0,0.0,0.0,0.0,0
1777318636687000,0,1.0,0.0,0.0,0.0,0.0,0.0,0.0,0.0,0
1777318636695000,0,1.0,0.0,0.0,0.0,0.0,0.0,0.0,0.0,0
1777318636711000,0,1.0,0.0,0.0,0.0,0.0,0.0,0.0,0.0,0
1777318636719000,0,1.0,0.0,0.0,0.0,0.0,0.0,0.0,0.0,0
1777318636727000,0,1.0,0.0,0.0,0.0,0.0,0.0,0.0,0.0,0
1777318636735000,0,1.0,0.0,0.0,0.0,0.0,0.0,0.0,0.0,0
1777318636751000,0,1.0,0.0,0.0,0.0,0.0,0.0,0.0,0.0,0
1777318636759000,0,1.0,0.0,0.0,0.0,0.0,0.0,0.0,0.0,0
1777318636767000,0,1.0,0.0,0.0,0.0,0.0,0.0,0.0,0.0,0
1777318636775000,0,1.0,0.0,0.0,0.0,0.0,0.0,0.0,0.0,0
1777318636791000,0,1.0,0.0,0.0,0.0,0.0,0.0,0.0,0.0,0
1777318636799000,0,1.0,0.0,0.0,0.0,0.0,0.0,0.0,0.0,0
1777318636807000,0,1.0,0.0,0.0,0.0,0.0,0.0,0.0,0.0,0
1777318636815000,0,1.0,0.0,0.0,0.0,0.0,0.0,0.0,0.0,0
1777318636831000,0,1.0,0.0,0.0,0.0,0.0,0.0,0.0,0.0,0
1777318636839000,0,1.0,0.0,0.0,0.0,0.0,0.0,0.0,0.0,0
1777318636847000,0,1.0,0.0,0.0,0.0,0.0,0.0,0.0,0.0,0
1777318636855000,0,1.0,0.0,0.0,0.0,0.0,0.0,0.0,0.0,0
1777318636871000,0,1.0,0.0,0.0,0.0,0.0,0.0,0.0,0.0,0
1777318636879000,0,1.0,0.0,0.0,0.0,0.0,0.0,0.0,0.0,0
1777318636887000,0,1.0,0.0,0.0,0.0,0.0,0.0,0.0,0.0,0
1777318636895000,0,1.0,0.0,0.0,0.0,0.0,0.0,0.0,0.0,0
1777318636911000,0,1.0,0.0,0.0,0.0,0.0,0.0,0.0,0.0,0
1777318636919000,0,1.0,0.0,0.0,0.0,0.0,0.0,0.0,0.0,0
1777318636927000,0,1.0,0.0,0.0,0.0,0.0,0.0,0.0,0.0,0
1777318636935000,0,1.0,0.0,0.0,0.0,0.0,0.0,0.0,0.0,0
1777318636951000,0,1.0,0.0,0.0,0.0,0.0,0.0,0.0,0.0,0
1777318636959000,0,1.0,0.0,0.0,0.0,0.0,0.0,0.0,0.0,0
1777318636967000,0,1.0,0.0,0.0,0.0,0.0,0.0,0.0,0.0,0
1777318636975000,0,1.0,0.0,0.0,0.0,0.0,0.0,0.0,0.0,0
1777318636991000,0,1.0,0.0,0.0,0.0,0.0,0.0,0.0,0.0,0
1777318636999000,0,1.0,0.0,0.0,0.0,0.0,0.0,0.0,0.0,0
1777318637007000,0,1.0,0.0,0.0,0.0,0.0,0.0,0.0,0.0,0
1777318637015000,0,1.0,0.0,0.0,0.0,0.0,0.0,0.0,0.0,0
1777318637031000,0,1.0,0.0,0.0,0.0,0.0,0.0,0.0,0.0,0
1777318637039000,0,1.0,0.0,0.0,0.0,0.0,0.0,0.0,0.0,0
1777318637047000,0,1.0,0.0,0.0,0.0,0.0,0.0,0.0,0.0,0
1777318637055000,0,1.0,0.0,0.0,0.0,0.0,0.0,0.0,0.0,0
1777318637071000,0,1.0,0.0,0.0,0.0,0.0,0.0,0.0,0.0,0
1777318637079000,0,1.0,0.0,0.0,0.0,0.0,0.0,0.0,0.0,0
1777318637087000,0,1.0,0.0,0.0,0.0,0.0,0.0,0.0,0.0,0
1777318637095000,0,1.0,0.0,0.0,0.0,0.0,0.0,0.0,0.0,0
1777318637111000,0,1.0,0.0,0.0,0.0,0.0,0.0,0.0,0.0,0
1777318637119000,0,1.0,0.0,0.0,0.0,0.0,0.0,0.0,0.0,0
1777318637127000,0,1.0,0.0,0.0,0.0,0.0,0.0,0.0,0.0,0
1777318637135000,0,1.0,0.0,0.0,0.0,0.0,0.0,0.0,0.0,0
1777318637151000,0,1.0,0.0,0.0,0.0,0.0,0.0,0.0,0.0,0
1777318637159000,0,1.0,0.0,0.0,0.0,0.0,0.0,0.0,0.0,0
1777318637167000,0,1.0,0.0,0.0,0.0,0.0,0.0,0.0,0.0,0
1777318637175000,0,1.0,0.0,0.0,0.0,0.0,0.0,0.0,0.0,0
1777318637191000,0,1.0,0.0,0.0,0.0,0.0,0.0,0.0,0.0,0
1777318637199000,0,1.0,0.0,0.0,0.0,0.0,0.0,0.0,0.0,0
1777318637207000,0,1.0,0.0,0.0,0.0,0.0,0.0,0.0,0.0,0
1777318637215000,0,1.0,0.0,0.0,0.0,0.0,0.0,0.0,0.0,0
1777318637231000,0,1.0,0.0,0.0,0.0,0.0,0.0,0.0,0.0,0
1777318637239000,0,1.0,0.0,0.0,0.0,0.0,0.0,0.0,0.0,0
1777318637247000,0,1.0,0.0,0.0,0.0,0.0,0.0,0.0,0.0,0
1777318637255000,0,1.0,0.0,0.0,0.0,0.0,0.0,0.0,0.0,0
1777318637271000,0,1.0,0.0,0.0,0.0,0.0,0.0,0.0,0.0,0
1777318637279000,0,1.0,0.0,0.0,0.0,0.0,0.0,0.0,0.0,0
1777318637287000,0,1.0,0.0,0.0,0.0,0.0,0.0,0.0,0.0,0
1777318637295000,0,1.0,0.0,0.0,0.0,0.0,0.0,0.0,0.0,0
1777318637311000,0,1.0,0.0,0.0,0.0,0.0,0.0,0.0,0.0,0
1777318637319000,0,1.0,0.0,0.0,0.0,0.0,0.0,0.0,0.0,0
1777318637327000,0,1.0,0.0,0.0,0.0,0.0,0.0,0.0,0.0,0
1777318637335000,0,1.0,0.0,0.0,0.0,0.0,0.0,0.0,0.0,0
1777318637351000,0,1.0,0.0,0.0,0.0,0.0,0.0,0.0,0.0,0
1777318637359000,0,1.0,0.0,0.0,0.0,0.0,0.0,0.0,0.0,0
1777318637367000,0,1.0,0.0,0.0,0.0,0.0,0.0,0.0,0.0,0
1777318637375000,0,1.0,0.0,0.0,0.0,0.0,0.0,0.0,0.0,0
1777318637391000,0,1.0,0.0,0.0,0.0,0.0,0.0,0.0,0.0,0
1777318637399000,0,1.0,0.0,0.0,0.0,0.0,0.0,0.0,0.0,0
1777318637407000,0,1.0,0.0,0.0,0.0,0.0,0.0,0.0,0.0,0
1777318637415000,0,1.0,0.0,0.0,0.0,0.0,0.0,0.0,0.0,0
1777318637431000,0,1.0,0.0,0.0,0.0,0.0,0.0,0.0,0.0,0
1777318637439000,0,1.0,0.0,0.0,0.0,0.0,0.0,0.0,0.0,0
1777318637447000,0,1.0,0.0,0.0,0.0,0.0,0.0,0.0,0.0,0
1777318637455000,0,1.0,0.0,0.0,0.0,0.0,0.0,0.0,0.0,0
1777318637471000,0,1.0,0.0,0.0,0.0,0.0,0.0,0.0,0.0,0
1777318637479000,0,1.0,0.0,0.0,0.0,0.0,0.0,0.0,0.0,0
1777318637487000,0,1.0,0.0,0.0,0.0,0.0,0.0,0.0,0.0,0
1777318637495000,0,1.0,0.0,0.0,0.0,0.0,0.0,0.0,0.0,0
1777318637511000,0,1.0,0.0,0.0,0.0,0.0,0.0,0.0,0.0,0
1777318637519000,0,1.0,0.0,0.0,0.0,0.0,0.0,0.0,0.0,0
1777318637527000,0,1.0,0.0,0.0,0.0,0.0,0.0,0.0,0.0,0
1777318637535000,0,1.0,0.0,0.0,0.0,0.0,0.0,0.0,0.0,0
1777318637551000,0,1.0,0.0,0.0,0.0,0.0,0.0,0.0,0.0,0
1777318637559000,0,1.0,0.0,0.0,0.0,0.0,0.0,0.0,0.0,0
1777318637567000,0,1.0,0.0,0.0,0.0,0.0,0.0,0.0,0.0,0
1777318637575000,0,1.0,0.0,0.0,0.0,0.0,0.0,0.0,0.0,0
1777318637591000,0,1.0,0.0,0.0,0.0,0.0,0.0,0.0,0.0,0
1777318637599000,0,1.0,0.0,0.0,0.0,0.0,0.0,0.0,0.0,0
1777318637607000,0,1.0,0.0,0.0,0.0,0.0,0.0,0.0,0.0,0
1777318637615000,0,1.0,0.0,0.0,0.0,0.0,0.0,0.0,0.0,0
1777318637631000,0,1.0,0.0,0.0,0.0,0.0,0.0,0.0,0.0,0
1777318637639000,0,1.0,0.0,0.0,0.0,0.0,0.0,0.0,0.0,0
1777318637647000,0,1.0,0.0,0.0,0.0,0.0,0.0,0.0,0.0,0
1777318637655000,0,1.0,0.0,0.0,0.0,0.0,0.0,0.0,0.0,0
1777318637671000,0,1.0,0.0,0.0,0.0,0.0,0.0,0.0,0.0,0
1777318637679000,0,1.0,0.0,0.0,0.0,0.0,0.0,0.0,0.0,0
1777318637687000,0,1.0,0.0,0.0,0.0,0.0,0.0,0.0,0.0,0
1777318637695000,0,1.0,0.0,0.0,0.0,0.0,0.0,0.0,0.0,0
1777318637711000,0,1.0,0.0,0.0,0.0,0.0,0.0,0.0,0.0,0
1777318637719000,0,1.0,0.0,0.0,0.0,0.0,0.0,0.0,0.0,0
1777318637727000,0,1.0,0.0,0.0,0.0,0.0,0.0,0.0,0.0,0
1777318637735000,0,1.0,0.0,0.0,0.0,0.0,0.0,0.0,0.0,0
1777318637751000,0,1.0,0.0,0.0,0.0,0.0,0.0,0.0,0.0,0
1777318637759000,0,1.0,0.0,0.0,0.0,0.0,0.0,0.0,0.0,0
1777318637767000,0,1.0,0.0,0.0,0.0,0.0,0.0,0.0,0.0,0
1777318637775000,0,1.0,0.0,0.0,0.0,0.0,0.0,0.0,0.0,0
1777318637791000,0,1.0,0.0,0.0,0.0,0.0,0.0,0.0,0.0,0
1777318637799000,0,1.0,0.0,0.0,0.0,0.0,0.0,0.0,0.0,0
1777318637807000,0,1.0,0.0,0.0,0.0,0.0,0.0,0.0,0.0,0
1777318637815000,0,1.0,0.0,0.0,0.0,0.0,0.0,0.0,0.0,0
1777318637831000,0,1.0,0.0,0.0,0.0,0.0,0.0,0.0,0.0,0
1777318637839000,0,1.0,0.0,0.0,0.0,0.0,0.0,0.0,0.0,0
1777318637847000,0,1.0,0.0,0.0,0.0,0.0,0.0,0.0,0.0,0
1777318637855000,0,1.0,0.0,0.0,0.0,0.0,0.0,0.0,0.0,0
1777318637871000,0,1.0,0.0,0.0,0.0,0.0,0.0,0.0,0.0,0
1777318637879000,0,1.0,0.0,0.0,0.0,0.0,0.0,0.0,0.0,0
1777318637887000,0,1.0,0.0,0.0,0.0,0.0,0.0,0.0,0.0,0
1777318637895000,0,1.0,0.0,0.0,0.0,0.0,0.0,0.0,0.0,0
1777318637911000,0,1.0,0.0,0.0,0.0,0.0,0.0,0.0,0.0,0
1777318637919000,0,1.0,0.0,0.0,0.0,0.0,0.0,0.0,0.0,0
1777318637927000,0,1.0,0.0,0.0,0.0,0.0,0.0,0.0,0.0,0
1777318637935000,0,1.0,0.0,0.0,0.0,0.0,0.0,0.0,0.0,0
1777318637951000,0,1.0,0.0,0.0,0.0,0.0,0.0,0.0,0.0,0
1777318637959000,0,1.0,0.0,0.0,0.0,0.0,0.0,0.0,0.0,0
1777318637967000,0,1.0,0.0,0.0,0.0,0.0,0.0,0.0,0.0,0
1777318637975000,0,1.0,0.0,0.0,0.0,0.0,0.0,0.0,0.0,0
1777318637991000,0,1.0,0.0,0.0,0.0,0.0,0.0,0.0,0.0,0
1777318637999000,0,1.0,0.0,0.0,0.0,0.0,0.0,0.0,0.0,0
1777318638007000,0,1.0,0.0,0.0,0.0,0.0,0.0,0.0,0.0,0
1777318638015000,0,1.0,0.0,0.0,0.0,0.0,0.0,0.0,0.0,0
1777318638031000,0,1.0,0.0,0.0,0.0,0.0,0.0,0.0,0.0,0
1777318638039000,0,1.0,0.0,0.0,0.0,0.0,0.0,0.0,0.0,0
1777318638047000,0,1.0,0.0,0.0,0.0,0.0,0.0,0.0,0.0,0
1777318638055000,0,1.0,0.0,0.0,0.0,0.0,0.0,0.0,0.0,0
1777318638071000,0,1.0,0.0,0.0,0.0,0.0,0.0,0.0,0.0,0
1777318638079000,0,1.0,0.0,0.0,0.0,0.0,0.0,0.0,0.0,0
1777318638087000,0,1.0,0.0,0.0,0.0,0.0,0.0,0.0,0.0,0
1777318638095000,0,1.0,0.0,0.0,0.0,0.0,0.0,0.0,0.0,0
1777318638111000,0,1.0,0.0,0.0,0.0,0.0,0.0,0.0,0.0,0
1777318638119000,0,1.0,0.0,0.0,0.0,0.0,0.0,0.0,0.0,0
1777318638127000,0,1.0,0.0,0.0,0.0,0.0,0.0,0.0,0.0,0
1777318638135000,0,1.0,0.0,0.0,0.0,0.0,0.0,0.0,0.0,0
1777318638151000,0,1.0,0.0,0.0,0.0,0.0,0.0,0.0,0.0,0
1777318638159000,0,1.0,0.0,0.0,0.0,0.0,0.0,0.0,0.0,0
1777318638167000,0,1.0,0.0,0.0,0.0,0.0,0.0,0.0,0.0,0
1777318638175000,0,1.0,0.0,0.0,0.0,0.0,0.0,0.0,0.0,0
1777318638191000,0,1.0,0.0,0.0,0.0,0.0,0.0,0.0,0.0,0
1777318638199000,0,1.0,0.0,0.0,0.0,0.0,0.0,0.0,0.0,0
1777318638207000,0,1.0,0.0,0.0,0.0,0.0,0.0,0.0,0.0,0
1777318638215000,0,1.0,0.0,0.0,0.0,0.0,0.0,0.0,0.0,0
1777318638231000,0,1.0,0.0,0.0,0.0,0.0,0.0,0.0,0.0,0
1777318638239000,0,1.0,0.0,0.0,0.0,0.0,0.0,0.0,0.0,0
1777318638247000,0,1.0,0.0,0.0,0.0,0.0,0.0,0.0,0.0,0
1777318638255000,0,1.0,0.0,0.0,0.0,0.0,0.0,0.0,0.0,0
1777318638271000,0,1.0,0.0,0.0,0.0,0.0,0.0,0.0,0.0,0
1777318638279000,0,1.0,0.0,0.0,0.0,0.0,0.0,0.0,0.0,0
1777318638287000,0,1.0,0.0,0.0,0.0,0.0,0.0,0.0,0.0,0
1777318638295000,0,1.0,0.0,0.0,0.0,0.0,0.0,0.0,0.0,0
1777318638311000,0,1.0,0.0,0.0,0.0,0.0,0.0,0.0,0.0,0
1777318638319000,0,1.0,0.0,0.0,0.0,0.0,0.0,0.0,0.0,0
1777318638327000,0,1.0,0.0,0.0,0.0,0.0,0.0,0.0,0.0,0
1777318638335000,0,1.0,0.0,0.0,0.0,0.0,0.0,0.0,0.0,0
1777318638351000,0,1.0,0.0,0.0,0.0,0.0,0.0,0.0,0.0,0
1777318638359000,0,1.0,0.0,0.0,0.0,0.0,0.0,0.0,0.0,0
1777318638367000,0,1.0,0.0,0.0,0.0,0.0,0.0,0.0,0.0,0
1777318638375000,0,1.0,0.0,0.0,0.0,0.0,0.0,0.0,0.0,0
1777318638391000,0,1.0,0.0,0.0,0.0,0.0,0.0,0.0,0.0,0
1777318638399000,0,1.0,0.0,0.0,0.0,0.0,0.0,0.0,0.0,0
1777318638407000,0,1.0,0.0,0.0,0.0,0.0,0.0,0.0,0.0,0
1777318638415000,0,1.0,0.0,0.0,0.0,0.0,0.0,0.0,0.0,0
1777318638431000,0,1.0,0.0,0.0,0.0,0.0,0.0,0.0,0.0,0
1777318638439000,0,1.0,0.0,0.0,0.0,0.0,0.0,0.0,0.0,0
1777318638447000,0,1.0,0.0,0.0,0.0,0.0,0.0,0.0,0.0,0
1777318638455000,0,1.0,0.0,0.0,0.0,0.0,0.0,0.0,0.0,0
1777318638471000,0,1.0,0.0,0.0,0.0,0.0,0.0,0.0,0.0,0
1777318638479000,0,1.0,0.0,0.0,0.0,0.0,0.0,0.0,0.0,0
1777318638487000,0,1.0,0.0,0.0,0.0,0.0,0.0,0.0,0.0,0
1777318638495000,0,1.0,0.0,0.0,0.0,0.0,0.0,0.0,0.0,0
1777318638511000,0,1.0,0.0,0.0,0.0,0.0,0.0,0.0,0.0,0
1777318638519000,0,1.0,0.0,0.0,0.0,0.0,0.0,0.0,0.0,0
1777318638527000,0,1.0,0.0,0.0,0.0,0.0,0.0,0.0,0.0,0
1777318638535000,0,1.0,0.0,0.0,0.0,0.0,0.0,0.0,0.0,0
1777318638551000,0,1.0,0.0,0.0,0.0,0.0,0.0,0.0,0.0,0
1777318638559000,0,1.0,0.0,0.0,0.0,0.0,0.0,0.0,0.0,0
1777318638567000,0,1.0,0.0,0.0,0.0,0.0,0.0,0.0,0.0,0
1777318638575000,0,1.0,0.0,0.0,0.0,0.0,0.0,0.0,0.0,0
1777318638591000,0,1.0,0.0,0.0,0.0,0.0,0.0,0.0,0.0,0
1777318638599000,0,1.0,0.0,0.0,0.0,0.0,0.0,0.0,0.0,0
1777318638607000,0,1.0,0.0,0.0,0.0,0.0,0.0,0.0,0.0,0
1777318638615000,0,1.0,0.0,0.0,0.0,0.0,0.0,0.0,0.0,0
1777318638631000,0,1.0,0.0,0.0,0.0,0.0,0.0,0.0,0.0,0
1777318638639000,0,1.0,0.0,0.0,0.0,0.0,0.0,0.0,0.0,0
1777318638647000,0,1.0,0.0,0.0,0.0,0.0,0.0,0.0,0.0,0
1777318638655000,0,1.0,0.0,0.0,0.0,0.0,0.0,0.0,0.0,0
1777318638671000,0,1.0,0.0,0.0,0.0,0.0,0.0,0.0,0.0,0
1777318638679000,0,1.0,0.0,0.0,0.0,0.0,0.0,0.0,0.0,0
1777318638687000,0,1.0,0.0,0.0,0.0,0.0,0.0,0.0,0.0,0
1777318638695000,0,1.0,0.0,0.0,0.0,0.0,0.0,0.0,0.0,0
1777318638711000,0,1.0,0.0,0.0,0.0,0.0,0.0,0.0,0.0,0
1777318638719000,0,1.0,0.0,0.0,0.0,0.0,0.0,0.0,0.0,0
1777318638727000,0,1.0,0.0,0.0,0.0,0.0,0.0,0.0,0.0,0
1777318638735000,0,1.0,0.0,0.0,0.0,0.0,0.0,0.0,0.0,0
1777318638751000,0,1.0,0.0,0.0,0.0,0.0,0.0,0.0,0.0,0
1777318638759000,0,1.0,0.0,0.0,0.0,0.0,0.0,0.0,0.0,0
1777318638767000,0,1.0,0.0,0.0,0.0,0.0,0.0,0.0,0.0,0
1777318638775000,0,1.0,0.0,0.0,0.0,0.0,0.0,0.0,0.0,0
1777318638791000,0,1.0,0.0,0.0,0.0,0.0,0.0,0.0,0.0,0
1777318638799000,0,1.0,0.0,0.0,0.0,0.0,0.0,0.0,0.0,0
1777318638807000,0,1.0,0.0,0.0,0.0,0.0,0.0,0.0,0.0,0
1777318638815000,0,1.0,0.0,0.0,0.0,0.0,0.0,0.0,0.0,0
1777318638831000,0,1.0,0.0,0.0,0.0,0.0,0.0,0.0,0.0,0
1777318638839000,0,1.0,0.0,0.0,0.0,0.0,0.0,0.0,0.0,0
1777318638847000,0,1.0,0.0,0.0,0.0,0.0,0.0,0.0,0.0,0
1777318638855000,0,1.0,0.0,0.0,0.0,0.0,0.0,0.0,0.0,0
1777318638871000,0,1.0,0.0,0.0,0.0,0.0,0.0,0.0,0.0,0
1777318638879000,0,1.0,0.0,0.0,0.0,0.0,0.0,0.0,0.0,0
1777318638887000,0,1.0,0.0,0.0,0.0,0.0,0.0,0.0,0.0,0
1777318638895000,0,1.0,0.0,0.0,0.0,0.0,0.0,0.0,0.0,0
1777318638911000,0,1.0,0.0,0.0,0.0,0.0,0.0,0.0,0.0,0
1777318638919000,0,1.0,0.0,0.0,0.0,0.0,0.0,0.0,0.0,0
1777318638927000,0,1.0,0.0,0.0,0.0,0.0,0.0,0.0,0.0,0
1777318638935000,0,1.0,0.0,0.0,0.0,0.0,0.0,0.0,0.0,0
1777318638951000,0,1.0,0.0,0.0,0.0,0.0,0.0,0.0,0.0,0
1777318638959000,0,1.0,0.0,0.0,0.0,0.0,0.0,0.0,0.0,0
1777318638967000,0,1.0,0.0,0.0,0.0,0.0,0.0,0.0,0.0,0
1777318638975000,0,1.0,0.0,0.0,0.0,0.0,0.0,0.0,0.0,0
1777318638991000,0,1.0,0.0,0.0,0.0,0.0,0.0,0.0,0.0,0
1777318638999000,0,1.0,0.0,0.0,0.0,0.0,0.0,0.0,0.0,0
1777318639007000,0,1.0,0.0,0.0,0.0,0.0,0.0,0.0,0.0,0
1777318639015000,0,1.0,0.0,0.0,0.0,0.0,0.0,0.0,0.0,0
1777318639031000,0,1.0,0.0,0.0,0.0,0.0,0.0,0.0,0.0,0
1777318639039000,0,1.0,0.0,0.0,0.0,0.0,0.0,0.0,0.0,0
1777318639047000,0,1.0,0.0,0.0,0.0,0.0,0.0,0.0,0.0,0
1777318639055000,0,1.0,0.0,0.0,0.0,0.0,0.0,0.0,0.0,0
1777318639071000,0,1.0,0.0,0.0,0.0,0.0,0.0,0.0,0.0,0
1777318639079000,0,1.0,0.0,0.0,0.0,0.0,0.0,0.0,0.0,0
1777318639087000,0,1.0,0.0,0.0,0.0,0.0,0.0,0.0,0.0,0
1777318639095000,0,1.0,0.0,0.0,0.0,0.0,0.0,0.0,0.0,0
1777318639111000,0,1.0,0.0,0.0,0.0,0.0,0.0,0.0,0.0,0
1777318639119000,0,1.0,0.0,0.0,0.0,0.0,0.0,0.0,0.0,0
1777318639127000,0,1.0,0.0,0.0,0.0,0.0,0.0,0.0,0.0,0
1777318639135000,0,1.0,0.0,0.0,0.0,0.0,0.0,0.0,0.0,0
1777318639151000,0,1.0,0.0,0.0,0.0,0.0,0.0,0.0,0.0,0
1777318639159000,0,1.0,0.0,0.0,0.0,0.0,0.0,0.0,0.0,0
1777318639167000,0,1.0,0.0,0.0,0.0,0.0,0.0,0.0,0.0,0
1777318639175000,0,1.0,0.0,0.0,0.0,0.0,0.0,0.0,0.0,0
1777318639191000,0,1.0,0.0,0.0,0.0,0.0,0.0,0.0,0.0,0
1777318639199000,0,1.0,0.0,0.0,0.0,0.0,0.0,0.0,0.0,0
1777318639207000,0,1.0,0.0,0.0,0.0,0.0,0.0,0.0,0.0,0
1777318639215000,0,1.0,0.0,0.0,0.0,0.0,0.0,0.0,0.0,0
1777318639231000,0,1.0,0.0,0.0,0.0,0.0,0.0,0.0,0.0,0
1777318639239000,0,1.0,0.0,0.0,0.0,0.0,0.0,0.0,0.0,0
1777318639247000,0,1.0,0.0,0.0,0.0,0.0,0.0,0.0,0.0,0
1777318639255000,0,1.0,0.0,0.0,0.0,0.0,0.0,0.0,0.0,0
1777318639271000,0,1.0,0.0,0.0,0.0,0.0,0.0,0.0,0.0,0
1777318639279000,0,1.0,0.0,0.0,0.0,0.0,0.0,0.0,0.0,0
1777318639287000,0,1.0,0.0,0.0,0.0,0.0,0.0,0.0,0.0,0
1777318639295000,0,1.0,0.0,0.0,0.0,0.0,0.0,0.0,0.0,0
1777318639311000,0,1.0,0.0,0.0,0.0,0.0,0.0,0.0,0.0,0
1777318639319000,0,1.0,0.0,0.0,0.0,0.0,0.0,0.0,0.0,0
1777318639327000,0,1.0,0.0,0.0,0.0,0.0,0.0,0.0,0.0,0
1777318639335000,0,1.0,0.0,0.0,0.0,0.0,0.0,0.0,0.0,0
1777318639351000,0,1.0,0.0,0.0,0.0,0.0,0.0,0.0,0.0,0
1777318639359000,0,1.0,0.0,0.0,0.0,0.0,0.0,0.0,0.0,0
1777318639367000,0,1.0,0.0,0.0,0.0,0.0,0.0,0.0,0.0,0
1777318639375000,0,1.0,0.0,0.0,0.0,0.0,0.0,0.0,0.0,0
1777318639391000,0,1.0,0.0,0.0,0.0,0.0,0.0,0.0,0.0,0
1777318639399000,0,1.0,0.0,0.0,0.0,0.0,0.0,0.0,0.0,0
1777318639407000,0,1.0,0.0,0.0,0.0,0.0,0.0,0.0,0.0,0
1777318639415000,0,1.0,0.0,0.0,0.0,0.0,0.0,0.0,0.0,0
1777318639423000,0,1.0,0.0,0.0,0.0,0.0,0.0,0.0,0.0,0
1777318639439000,0,1.0,0.0,0.0,0.0,0.0,0.0,0.0,0.0,0
1777318639447000,0,1.0,0.0,0.0,0.0,0.0,0.0,0.0,0.0,0
1777318639455000,0,1.0,0.0,0.0,0.0,0.0,0.0,0.0,0.0,0
1777318639471000,0,1.0,0.0,0.0,0.0,0.0,0.0,0.0,0.0,0
1777318639479000,0,1.0,0.0,0.0,0.0,0.0,0.0,0.0,0.0,0
1777318639487000,0,1.0,0.0,0.0,0.0,0.0,0.0,0.0,0.0,0
1777318639495000,0,1.0,0.0,0.0,0.0,0.0,0.0,0.0,0.0,0
1777318639511000,0,1.0,0.0,0.0,0.0,0.0,0.0,0.0,0.0,0
1777318639519000,0,1.0,0.0,0.0,0.0,0.0,0.0,0.0,0.0,0
1777318639527000,0,1.0,0.0,0.0,0.0,0.0,0.0,0.0,0.0,0
1777318639535000,0,1.0,0.0,0.0,0.0,0.0,0.0,0.0,0.0,0
1777318639551000,0,1.0,0.0,0.0,0.0,0.0,0.0,0.0,0.0,0
1777318639559000,0,1.0,0.0,0.0,0.0,0.0,0.0,0.0,0.0,0
1777318639567000,0,1.0,0.0,0.0,0.0,0.0,0.0,0.0,0.0,0
1777318639575000,0,1.0,0.0,0.0,0.0,0.0,0.0,0.0,0.0,0
1777318639591000,0,1.0,0.0,0.0,0.0,0.0,0.0,0.0,0.0,0
1777318639599000,0,1.0,0.0,0.0,0.0,0.0,0.0,0.0,0.0,0
1777318639607000,0,1.0,0.0,0.0,0.0,0.0,0.0,0.0,0.0,0
1777318639615000,0,1.0,0.0,0.0,0.0,0.0,0.0,0.0,0.0,0
1777318639631000,0,1.0,0.0,0.0,0.0,0.0,0.0,0.0,0.0,0
1777318639639000,0,1.0,0.0,0.0,0.0,0.0,0.0,0.0,0.0,0
1777318639647000,0,1.0,0.0,0.0,0.0,0.0,0.0,0.0,0.0,0
1777318639655000,0,1.0,0.0,0.0,0.0,0.0,0.0,0.0,0.0,0
1777318639671000,0,1.0,0.0,0.0,0.0,0.0,0.0,0.0,0.0,0
1777318639679000,0,1.0,0.0,0.0,0.0,0.0,0.0,0.0,0.0,0
1777318639687000,0,1.0,0.0,0.0,0.0,0.0,0.0,0.0,0.0,0
1777318639695000,0,1.0,0.0,0.0,0.0,0.0,0.0,0.0,0.0,0
1777318639711000,0,1.0,0.0,0.0,0.0,0.0,0.0,0.0,0.0,0
1777318639719000,0,1.0,0.0,0.0,0.0,0.0,0.0,0.0,0.0,0
1777318639727000,0,1.0,0.0,0.0,0.0,0.0,0.0,0.0,0.0,0
1777318639735000,0,1.0,0.0,0.0,0.0,0.0,0.0,0.0,0.0,0
1777318639751000,0,1.0,0.0,0.0,0.0,0.0,0.0,0.0,0.0,0
1777318639759000,0,1.0,0.0,0.0,0.0,0.0,0.0,0.0,0.0,0
1777318639767000,0,1.0,0.0,0.0,0.0,0.0,0.0,0.0,0.0,0
1777318639775000,0,1.0,0.0,0.0,0.0,0.0,0.0,0.0,0.0,0
1777318639791000,0,1.0,0.0,0.0,0.0,0.0,0.0,0.0,0.0,0
1777318639799000,0,1.0,0.0,0.0,0.0,0.0,0.0,0.0,0.0,0
1777318639807000,0,1.0,0.0,0.0,0.0,0.0,0.0,0.0,0.0,0
1777318639815000,0,1.0,0.0,0.0,0.0,0.0,0.0,0.0,0.0,0
1777318639831000,0,1.0,0.0,0.0,0.0,0.0,0.0,0.0,0.0,0
1777318639839000,0,1.0,0.0,0.0,0.0,0.0,0.0,0.0,0.0,0
1777318639847000,0,1.0,0.0,0.0,0.0,0.0,0.0,0.0,0.0,0
1777318639855000,0,1.0,0.0,0.0,0.0,0.0,0.0,0.0,0.0,0
1777318639871000,0,1.0,0.0,0.0,0.0,0.0,0.0,0.0,0.0,0
1777318639879000,0,1.0,0.0,0.0,0.0,0.0,0.0,0.0,0.0,0
1777318639887000,0,1.0,0.0,0.0,0.0,0.0,0.0,0.0,0.0,0
1777318639895000,0,1.0,0.0,0.0,0.0,0.0,0.0,0.0,0.0,0
1777318639911000,0,1.0,0.0,0.0,0.0,0.0,0.0,0.0,0.0,0
1777318639919000,0,1.0,0.0,0.0,0.0,0.0,0.0,0.0,0.0,0
1777318639927000,0,1.0,0.0,0.0,0.0,0.0,0.0,0.0,0.0,0
1777318639935000,0,1.0,0.0,0.0,0.0,0.0,0.0,0.0,0.0,0
1777318639951000,0,1.0,0.0,0.0,0.0,0.0,0.0,0.0,0.0,0
1777318639959000,0,1.0,0.0,0.0,0.0,0.0,0.0,0.0,0.0,0
1777318639967000,0,1.0,0.0,0.0,0.0,0.0,0.0,0.0,0.0,0
1777318639975000,0,1.0,0.0,0.0,0.0,0.0,0.0,0.0,0.0,0
1777318639991000,0,1.0,0.0,0.0,0.0,0.0,0.0,0.0,0.0,0
1777318639999000,0,1.0,0.0,0.0,0.0,0.0,0.0,0.0,0.0,0
1777318640007000,0,1.0,0.0,0.0,0.0,0.0,0.0,0.0,0.0,0
1777318640015000,0,1.0,0.0,0.0,0.0,0.0,0.0,0.0,0.0,0
1777318640031000,0,1.0,0.0,0.0,0.0,0.0,0.0,0.0,0.0,0
1777318640039000,0,1.0,0.0,0.0,0.0,0.0,0.0,0.0,0.0,0
1777318640047000,0,1.0,0.0,0.0,0.0,0.0,0.0,0.0,0.0,0
1777318640055000,0,1.0,0.0,0.0,0.0,0.0,0.0,0.0,0.0,0
1777318640071000,0,1.0,0.0,0.0,0.0,0.0,0.0,0.0,0.0,0
1777318640079000,0,1.0,0.0,0.0,0.0,0.0,0.0,0.0,0.0,0
1777318640087000,0,1.0,0.0,0.0,0.0,0.0,0.0,0.0,0.0,0
1777318640095000,0,1.0,0.0,0.0,0.0,0.0,0.0,0.0,0.0,0
1777318640111000,0,1.0,0.0,0.0,0.0,0.0,0.0,0.0,0.0,0
1777318640119000,0,1.0,0.0,0.0,0.0,0.0,0.0,0.0,0.0,0
1777318640127000,0,1.0,0.0,0.0,0.0,0.0,0.0,0.0,0.0,0
1777318640135000,0,1.0,0.0,0.0,0.0,0.0,0.0,0.0,0.0,0
1777318640151000,0,1.0,0.0,0.0,0.0,0.0,0.0,0.0,0.0,0
1777318640159000,0,1.0,0.0,0.0,0.0,0.0,0.0,0.0,0.0,0
1777318640167000,0,1.0,0.0,0.0,0.0,0.0,0.0,0.0,0.0,0
1777318640175000,0,1.0,0.0,0.0,0.0,0.0,0.0,0.0,0.0,0
1777318640191000,0,1.0,0.0,0.0,0.0,0.0,0.0,0.0,0.0,0
1777318640199000,0,1.0,0.0,0.0,0.0,0.0,0.0,0.0,0.0,0
1777318640207000,0,1.0,0.0,0.0,0.0,0.0,0.0,0.0,0.0,0
1777318640215000,0,1.0,0.0,0.0,0.0,0.0,0.0,0.0,0.0,0
1777318640231000,0,1.0,0.0,0.0,0.0,0.0,0.0,0.0,0.0,0
1777318640239000,0,1.0,0.0,0.0,0.0,0.0,0.0,0.0,0.0,0
1777318640247000,0,1.0,0.0,0.0,0.0,0.0,0.0,0.0,0.0,0
1777318640255000,0,1.0,0.0,0.0,0.0,0.0,0.0,0.0,0.0,0
1777318640271000,0,1.0,0.0,0.0,0.0,0.0,0.0,0.0,0.0,0
1777318640279000,0,1.0,0.0,0.0,0.0,0.0,0.0,0.0,0.0,0
1777318640287000,0,1.0,0.0,0.0,0.0,0.0,0.0,0.0,0.0,0
1777318640295000,0,1.0,0.0,0.0,0.0,0.0,0.0,0.0,0.0,0
1777318640311000,0,1.0,0.0,0.0,0.0,0.0,0.0,0.0,0.0,0
1777318640319000,0,1.0,0.0,0.0,0.0,0.0,0.0,0.0,0.0,0
1777318640327000,0,1.0,0.0,0.0,0.0,0.0,0.0,0.0,0.0,0
1777318640335000,0,1.0,0.0,0.0,0.0,0.0,0.0,0.0,0.0,0
1777318640351000,0,1.0,0.0,0.0,0.0,0.0,0.0,0.0,0.0,0
1777318640359000,0,1.0,0.0,0.0,0.0,0.0,0.0,0.0,0.0,0
1777318640367000,0,1.0,0.0,0.0,0.0,0.0,0.0,0.0,0.0,0
1777318640375000,0,1.0,0.0,0.0,0.0,0.0,0.0,0.0,0.0,0
1777318640391000,0,1.0,0.0,0.0,0.0,0.0,0.0,0.0,0.0,0
1777318640399000,0,1.0,0.0,0.0,0.0,0.0,0.0,0.0,0.0,0
1777318640407000,0,1.0,0.0,0.0,0.0,0.0,0.0,0.0,0.0,0
1777318640415000,0,1.0,0.0,0.0,0.0,0.0,0.0,0.0,0.0,0
1777318640431000,0,1.0,0.0,0.0,0.0,0.0,0.0,0.0,0.0,0
1777318640439000,0,1.0,0.0,0.0,0.0,0.0,0.0,0.0,0.0,0
1777318640447000,0,1.0,0.0,0.0,0.0,0.0,0.0,0.0,0.0,0
1777318640455000,0,1.0,0.0,0.0,0.0,0.0,0.0,0.0,0.0,0
1777318640471000,0,1.0,0.0,0.0,0.0,0.0,0.0,0.0,0.0,0
1777318640479000,0,1.0,0.0,0.0,0.0,0.0,0.0,0.0,0.0,0
1777318640487000,0,1.0,0.0,0.0,0.0,0.0,0.0,0.0,0.0,0
1777318640495000,0,1.0,0.0,0.0,0.0,0.0,0.0,0.0,0.0,0
1777318640511000,0,1.0,0.0,0.0,0.0,0.0,0.0,0.0,0.0,0
1777318640519000,0,1.0,0.0,0.0,0.0,0.0,0.0,0.0,0.0,0
1777318640527000,0,1.0,0.0,0.0,0.0,0.0,0.0,0.0,0.0,0
1777318640535000,0,1.0,0.0,0.0,0.0,0.0,0.0,0.0,0.0,0
1777318640551000,0,1.0,0.0,0.0,0.0,0.0,0.0,0.0,0.0,0
1777318640559000,0,1.0,0.0,0.0,0.0,0.0,0.0,0.0,0.0,0
1777318640567000,0,1.0,0.0,0.0,0.0,0.0,0.0,0.0,0.0,0
1777318640575000,0,1.0,0.0,0.0,0.0,0.0,0.0,0.0,0.0,0
1777318640591000,0,1.0,0.0,0.0,0.0,0.0,0.0,0.0,0.0,0
1777318640599000,0,1.0,0.0,0.0,0.0,0.0,0.0,0.0,0.0,0
1777318640607000,0,1.0,0.0,0.0,0.0,0.0,0.0,0.0,0.0,0
1777318640615000,0,1.0,0.0,0.0,0.0,0.0,0.0,0.0,0.0,0
1777318640631000,0,1.0,0.0,0.0,0.0,0.0,0.0,0.0,0.0,0
1777318640639000,0,1.0,0.0,0.0,0.0,0.0,0.0,0.0,0.0,0
1777318640647000,0,1.0,0.0,0.0,0.0,0.0,0.0,0.0,0.0,0
1777318640655000,0,1.0,0.0,0.0,0.0,0.0,0.0,0.0,0.0,0
1777318640671000,0,1.0,0.0,0.0,0.0,0.0,0.0,0.0,0.0,0
1777318640679000,0,1.0,0.0,0.0,0.0,0.0,0.0,0.0,0.0,0
1777318640687000,0,1.0,0.0,0.0,0.0,0.0,0.0,0.0,0.0,0
1777318640695000,0,1.0,0.0,0.0,0.0,0.0,0.0,0.0,0.0,0
1777318640711000,0,1.0,0.0,0.0,0.0,0.0,0.0,0.0,0.0,0
1777318640719000,0,1.0,0.0,0.0,0.0,0.0,0.0,0.0,0.0,0
1777318640727000,0,1.0,0.0,0.0,0.0,0.0,0.0,0.0,0.0,0
1777318640735000,0,1.0,0.0,0.0,0.0,0.0,0.0,0.0,0.0,0
1777318640751000,0,1.0,0.0,0.0,0.0,0.0,0.0,0.0,0.0,0
1777318640759000,0,1.0,0.0,0.0,0.0,0.0,0.0,0.0,0.0,0
1777318640767000,0,1.0,0.0,0.0,0.0,0.0,0.0,0.0,0.0,0
1777318640775000,0,1.0,0.0,0.0,0.0,0.0,0.0,0.0,0.0,0
1777318640791000,0,1.0,0.0,0.0,0.0,0.0,0.0,0.0,0.0,0
1777318640799000,0,1.0,0.0,0.0,0.0,0.0,0.0,0.0,0.0,0
1777318640807000,0,1.0,0.0,0.0,0.0,0.0,0.0,0.0,0.0,0
1777318640815000,0,1.0,0.0,0.0,0.0,0.0,0.0,0.0,0.0,0
1777318640831000,0,1.0,0.0,0.0,0.0,0.0,0.0,0.0,0.0,0
1777318640839000,0,1.0,0.0,0.0,0.0,0.0,0.0,0.0,0.0,0
1777318640847000,0,1.0,0.0,0.0,0.0,0.0,0.0,0.0,0.0,0
1777318640855000,0,1.0,0.0,0.0,0.0,0.0,0.0,0.0,0.0,0
1777318640871000,0,1.0,0.0,0.0,0.0,0.0,0.0,0.0,0.0,0
1777318640879000,0,1.0,0.0,0.0,0.0,0.0,0.0,0.0,0.0,0
1777318640887000,0,1.0,0.0,0.0,0.0,0.0,0.0,0.0,0.0,0
1777318640895000,0,1.0,0.0,0.0,0.0,0.0,0.0,0.0,0.0,0
1777318640911000,0,1.0,0.0,0.0,0.0,0.0,0.0,0.0,0.0,0
1777318640919000,0,1.0,0.0,0.0,0.0,0.0,0.0,0.0,0.0,0
1777318640927000,0,1.0,0.0,0.0,0.0,0.0,0.0,0.0,0.0,0
1777318640935000,0,1.0,0.0,0.0,0.0,0.0,0.0,0.0,0.0,0
1777318640951000,0,1.0,0.0,0.0,0.0,0.0,0.0,0.0,0.0,0
1777318640959000,0,1.0,0.0,0.0,0.0,0.0,0.0,0.0,0.0,0
1777318640967000,0,1.0,0.0,0.0,0.0,0.0,0.0,0.0,0.0,0
1777318640975000,0,1.0,0.0,0.0,0.0,0.0,0.0,0.0,0.0,0
1777318640991000,0,1.0,0.0,0.0,0.0,0.0,0.0,0.0,0.0,0
1777318640999000,0,1.0,0.0,0.0,0.0,0.0,0.0,0.0,0.0,0
1777318641007000,0,1.0,0.0,0.0,0.0,0.0,0.0,0.0,0.0,0
1777318641015000,0,1.0,0.0,0.0,0.0,0.0,0.0,0.0,0.0,0
1777318641031000,0,1.0,0.0,0.0,0.0,0.0,0.0,0.0,0.0,0
1777318641039000,0,1.0,0.0,0.0,0.0,0.0,0.0,0.0,0.0,0
1777318641047000,0,1.0,0.0,0.0,0.0,0.0,0.0,0.0,0.0,0
1777318641055000,0,1.0,0.0,0.0,0.0,0.0,0.0,0.0,0.0,0
1777318641071000,0,1.0,0.0,0.0,0.0,0.0,0.0,0.0,0.0,0
1777318641079000,0,1.0,0.0,0.0,0.0,0.0,0.0,0.0,0.0,0
1777318641087000,0,1.0,0.0,0.0,0.0,0.0,0.0,0.0,0.0,0
1777318641095000,0,1.0,0.0,0.0,0.0,0.0,0.0,0.0,0.0,0
1777318641111000,0,1.0,0.0,0.0,0.0,0.0,0.0,0.0,0.0,0
1777318641119000,0,1.0,0.0,0.0,0.0,0.0,0.0,0.0,0.0,0
1777318641127000,0,1.0,0.0,0.0,0.0,0.0,0.0,0.0,0.0,0
1777318641135000,0,1.0,0.0,0.0,0.0,0.0,0.0,0.0,0.0,0
1777318641151000,0,1.0,0.0,0.0,0.0,0.0,0.0,0.0,0.0,0
1777318641159000,0,1.0,0.0,0.0,0.0,0.0,0.0,0.0,0.0,0
1777318641167000,0,1.0,0.0,0.0,0.0,0.0,0.0,0.0,0.0,0
1777318641175000,0,1.0,0.0,0.0,0.0,0.0,0.0,0.0,0.0,0
1777318641191000,0,1.0,0.0,0.0,0.0,0.0,0.0,0.0,0.0,0
1777318641199000,0,1.0,0.0,0.0,0.0,0.0,0.0,0.0,0.0,0
1777318641207000,0,1.0,0.0,0.0,0.0,0.0,0.0,0.0,0.0,0
1777318641215000,0,1.0,0.0,0.0,0.0,0.0,0.0,0.0,0.0,0
1777318641231000,0,1.0,0.0,0.0,0.0,0.0,0.0,0.0,0.0,0
1777318641239000,0,1.0,0.0,0.0,0.0,0.0,0.0,0.0,0.0,0
1777318641247000,0,1.0,0.0,0.0,0.0,0.0,0.0,0.0,0.0,0
1777318641255000,0,1.0,0.0,0.0,0.0,0.0,0.0,0.0,0.0,0
1777318641271000,0,1.0,0.0,0.0,0.0,0.0,0.0,0.0,0.0,0
1777318641279000,0,1.0,0.0,0.0,0.0,0.0,0.0,0.0,0.0,0
1777318641287000,0,1.0,0.0,0.0,0.0,0.0,0.0,0.0,0.0,0
1777318641295000,0,1.0,0.0,0.0,0.0,0.0,0.0,0.0,0.0,0
1777318641311000,0,1.0,0.0,0.0,0.0,0.0,0.0,0.0,0.0,0
1777318641319000,0,1.0,0.0,0.0,0.0,0.0,0.0,0.0,0.0,0
1777318641327000,0,1.0,0.0,0.0,0.0,0.0,0.0,0.0,0.0,0
1777318641335000,0,1.0,0.0,0.0,0.0,0.0,0.0,0.0,0.0,0
1777318641351000,0,1.0,0.0,0.0,0.0,0.0,0.0,0.0,0.0,0
1777318641359000,0,1.0,0.0,0.0,0.0,0.0,0.0,0.0,0.0,0
1777318641367000,0,1.0,0.0,0.0,0.0,0.0,0.0,0.0,0.0,0
1777318641375000,0,1.0,0.0,0.0,0.0,0.0,0.0,0.0,0.0,0
1777318641391000,0,1.0,0.0,0.0,0.0,0.0,0.0,0.0,0.0,0
1777318641399000,0,1.0,0.0,0.0,0.0,0.0,0.0,0.0,0.0,0
1777318641407000,0,1.0,0.0,0.0,0.0,0.0,0.0,0.0,0.0,0
1777318641415000,0,1.0,0.0,0.0,0.0,0.0,0.0,0.0,0.0,0
1777318641431000,0,1.0,0.0,0.0,0.0,0.0,0.0,0.0,0.0,0
1777318641439000,0,1.0,0.0,0.0,0.0,0.0,0.0,0.0,0.0,0
1777318641447000,0,1.0,0.0,0.0,0.0,0.0,0.0,0.0,0.0,0
1777318641455000,0,1.0,0.0,0.0,0.0,0.0,0.0,0.0,0.0,0
1777318641471000,0,1.0,0.0,0.0,0.0,0.0,0.0,0.0,0.0,0
1777318641479000,0,1.0,0.0,0.0,0.0,0.0,0.0,0.0,0.0,0
1777318641487000,0,1.0,0.0,0.0,0.0,0.0,0.0,0.0,0.0,0
1777318641495000,0,1.0,0.0,0.0,0.0,0.0,0.0,0.0,0.0,0
1777318641511000,0,1.0,0.0,0.0,0.0,0.0,0.0,0.0,0.0,0
1777318641519000,0,1.0,0.0,0.0,0.0,0.0,0.0,0.0,0.0,0
1777318641527000,0,1.0,0.0,0.0,0.0,0.0,0.0,0.0,0.0,0
1777318641535000,0,1.0,0.0,0.0,0.0,0.0,0.0,0.0,0.0,0
1777318641551000,0,1.0,0.0,0.0,0.0,0.0,0.0,0.0,0.0,0
1777318641559000,0,1.0,0.0,0.0,0.0,0.0,0.0,0.0,0.0,0
1777318641567000,0,1.0,0.0,0.0,0.0,0.0,0.0,0.0,0.0,0
1777318641575000,0,1.0,0.0,0.0,0.0,0.0,0.0,0.0,0.0,0
1777318641591000,0,1.0,0.0,0.0,0.0,0.0,0.0,0.0,0.0,0
1777318641599000,0,1.0,0.0,0.0,0.0,0.0,0.0,0.0,0.0,0
1777318641607000,0,1.0,0.0,0.0,0.0,0.0,0.0,0.0,0.0,0
1777318641615000,0,1.0,0.0,0.0,0.0,0.0,0.0,0.0,0.0,0
1777318641631000,0,1.0,0.0,0.0,0.0,0.0,0.0,0.0,0.0,0
1777318641639000,0,1.0,0.0,0.0,0.0,0.0,0.0,0.0,0.0,0
1777318641647000,0,1.0,0.0,0.0,0.0,0.0,0.0,0.0,0.0,0
1777318641655000,0,1.0,0.0,0.0,0.0,0.0,0.0,0.0,0.0,0
1777318641671000,0,1.0,0.0,0.0,0.0,0.0,0.0,0.0,0.0,0
1777318641679000,0,1.0,0.0,0.0,0.0,0.0,0.0,0.0,0.0,0
1777318641687000,0,1.0,0.0,0.0,0.0,0.0,0.0,0.0,0.0,0
1777318641695000,0,1.0,0.0,0.0,0.0,0.0,0.0,0.0,0.0,0
1777318641711000,0,1.0,0.0,0.0,0.0,0.0,0.0,0.0,0.0,0
1777318641719000,0,1.0,0.0,0.0,0.0,0.0,0.0,0.0,0.0,0
1777318641727000,0,1.0,0.0,0.0,0.0,0.0,0.0,0.0,0.0,0
1777318641735000,0,1.0,0.0,0.0,0.0,0.0,0.0,0.0,0.0,0
1777318641751000,0,1.0,0.0,0.0,0.0,0.0,0.0,0.0,0.0,0
1777318641759000,0,1.0,0.0,0.0,0.0,0.0,0.0,0.0,0.0,0
1777318641767000,0,1.0,0.0,0.0,0.0,0.0,0.0,0.0,0.0,0
1777318641775000,0,1.0,0.0,0.0,0.0,0.0,0.0,0.0,0.0,0
1777318641791000,0,1.0,0.0,0.0,0.0,0.0,0.0,0.0,0.0,0
1777318641799000,0,1.0,0.0,0.0,0.0,0.0,0.0,0.0,0.0,0
1777318641807000,0,1.0,0.0,0.0,0.0,0.0,0.0,0.0,0.0,0
1777318641815000,0,1.0,0.0,0.0,0.0,0.0,0.0,0.0,0.0,0
1777318641831000,0,1.0,0.0,0.0,0.0,0.0,0.0,0.0,0.0,0
1777318641839000,0,1.0,0.0,0.0,0.0,0.0,0.0,0.0,0.0,0
1777318641847000,0,1.0,0.0,0.0,0.0,0.0,0.0,0.0,0.0,0
1777318641855000,0,1.0,0.0,0.0,0.0,0.0,0.0,0.0,0.0,0
1777318641871000,0,1.0,0.0,0.0,0.0,0.0,0.0,0.0,0.0,0
1777318641879000,0,1.0,0.0,0.0,0.0,0.0,0.0,0.0,0.0,0
1777318641887000,0,1.0,0.0,0.0,0.0,0.0,0.0,0.0,0.0,0
1777318641895000,0,1.0,0.0,0.0,0.0,0.0,0.0,0.0,0.0,0
1777318641911000,0,1.0,0.0,0.0,0.0,0.0,0.0,0.0,0.0,0
1777318641919000,0,1.0,0.0,0.0,0.0,0.0,0.0,0.0,0.0,0
1777318641927000,0,1.0,0.0,0.0,0.0,0.0,0.0,0.0,0.0,0
1777318641935000,0,1.0,0.0,0.0,0.0,0.0,0.0,0.0,0.0,0
1777318641951000,0,1.0,0.0,0.0,0.0,0.0,0.0,0.0,0.0,0
1777318641959000,0,1.0,0.0,0.0,0.0,0.0,0.0,0.0,0.0,0
1777318641967000,0,1.0,0.0,0.0,0.0,0.0,0.0,0.0,0.0,0
1777318641975000,0,1.0,0.0,0.0,0.0,0.0,0.0,0.0,0.0,0
1777318641991000,0,1.0,0.0,0.0,0.0,0.0,0.0,0.0,0.0,0
1777318641999000,0,1.0,0.0,0.0,0.0,0.0,0.0,0.0,0.0,0
1777318642007000,0,1.0,0.0,0.0,0.0,0.0,0.0,0.0,0.0,0
1777318642015000,0,1.0,0.0,0.0,0.0,0.0,0.0,0.0,0.0,0
1777318642031000,0,1.0,0.0,0.0,0.0,0.0,0.0,0.0,0.0,0
1777318642039000,0,1.0,0.0,0.0,0.0,0.0,0.0,0.0,0.0,0
1777318642047000,0,1.0,0.0,0.0,0.0,0.0,0.0,0.0,0.0,0
1777318642055000,0,1.0,0.0,0.0,0.0,0.0,0.0,0.0,0.0,0
1777318642071000,0,1.0,0.0,0.0,0.0,0.0,0.0,0.0,0.0,0
1777318642079000,0,1.0,0.0,0.0,0.0,0.0,0.0,0.0,0.0,0
1777318642087000,0,1.0,0.0,0.0,0.0,0.0,0.0,0.0,0.0,0
1777318642095000,0,1.0,0.0,0.0,0.0,0.0,0.0,0.0,0.0,0
1777318642111000,0,1.0,0.0,0.0,0.0,0.0,0.0,0.0,0.0,0
1777318642119000,0,1.0,0.0,0.0,0.0,0.0,0.0,0.0,0.0,0
1777318642127000,0,1.0,0.0,0.0,0.0,0.0,0.0,0.0,0.0,0
1777318642135000,0,1.0,0.0,0.0,0.0,0.0,0.0,0.0,0.0,0
1777318642151000,0,1.0,0.0,0.0,0.0,0.0,0.0,0.0,0.0,0
1777318642159000,0,1.0,0.0,0.0,0.0,0.0,0.0,0.0,0.0,0
1777318642167000,0,1.0,0.0,0.0,0.0,0.0,0.0,0.0,0.0,0
1777318642175000,0,1.0,0.0,0.0,0.0,0.0,0.0,0.0,0.0,0
1777318642191000,0,1.0,0.0,0.0,0.0,0.0,0.0,0.0,0.0,0
1777318642199000,0,1.0,0.0,0.0,0.0,0.0,0.0,0.0,0.0,0
1777318642207000,0,1.0,0.0,0.0,0.0,0.0,0.0,0.0,0.0,0
1777318642215000,0,1.0,0.0,0.0,0.0,0.0,0.0,0.0,0.0,0
1777318642231000,0,1.0,0.0,0.0,0.0,0.0,0.0,0.0,0.0,0
1777318642239000,0,1.0,0.0,0.0,0.0,0.0,0.0,0.0,0.0,0
1777318642247000,0,1.0,0.0,0.0,0.0,0.0,0.0,0.0,0.0,0
1777318642255000,0,1.0,0.0,0.0,0.0,0.0,0.0,0.0,0.0,0
1777318642271000,0,1.0,0.0,0.0,0.0,0.0,0.0,0.0,0.0,0
1777318642279000,0,1.0,0.0,0.0,0.0,0.0,0.0,0.0,0.0,0
1777318642287000,0,1.0,0.0,0.0,0.0,0.0,0.0,0.0,0.0,0
1777318642295000,0,1.0,0.0,0.0,0.0,0.0,0.0,0.0,0.0,0
1777318642311000,0,1.0,0.0,0.0,0.0,0.0,0.0,0.0,0.0,0
1777318642319000,0,1.0,0.0,0.0,0.0,0.0,0.0,0.0,0.0,0
1777318642327000,0,1.0,0.0,0.0,0.0,0.0,0.0,0.0,0.0,0
1777318642335000,0,1.0,0.0,0.0,0.0,0.0,0.0,0.0,0.0,0
1777318642351000,0,1.0,0.0,0.0,0.0,0.0,0.0,0.0,0.0,0
1777318642359000,0,1.0,0.0,0.0,0.0,0.0,0.0,0.0,0.0,0
1777318642367000,0,1.0,0.0,0.0,0.0,0.0,0.0,0.0,0.0,0
1777318642375000,0,1.0,0.0,0.0,0.0,0.0,0.0,0.0,0.0,0
1777318642383000,0,1.0,0.0,0.0,0.0,0.0,0.0,0.0,0.0,0
1777318642399000,0,1.0,0.0,0.0,0.0,0.0,0.0,0.0,0.0,0
1777318642407000,0,1.0,0.0,0.0,0.0,0.0,0.0,0.0,0.0,0
1777318642415000,0,1.0,0.0,0.0,0.0,0.0,0.0,0.0,0.0,0
1777318642431000,0,1.0,0.0,0.0,0.0,0.0,0.0,0.0,0.0,0
1777318642439000,0,1.0,0.0,0.0,0.0,0.0,0.0,0.0,0.0,0
1777318642447000,0,1.0,0.0,0.0,0.0,0.0,0.0,0.0,0.0,0
1777318642455000,0,1.0,0.0,0.0,0.0,0.0,0.0,0.0,0.0,0
1777318642471000,0,1.0,0.0,0.0,0.0,0.0,0.0,0.0,0.0,0
1777318642479000,0,1.0,0.0,0.0,0.0,0.0,0.0,0.0,0.0,0
1777318642487000,0,1.0,0.0,0.0,0.0,0.0,0.0,0.0,0.0,0
1777318642495000,0,1.0,0.0,0.0,0.0,0.0,0.0,0.0,0.0,0
1777318642511000,0,1.0,0.0,0.0,0.0,0.0,0.0,0.0,0.0,0
1777318642519000,0,1.0,0.0,0.0,0.0,0.0,0.0,0.0,0.0,0
1777318642527000,0,1.0,0.0,0.0,0.0,0.0,0.0,0.0,0.0,0
1777318642535000,0,1.0,0.0,0.0,0.0,0.0,0.0,0.0,0.0,0
1777318642551000,0,1.0,0.0,0.0,0.0,0.0,0.0,0.0,0.0,0
1777318642559000,0,1.0,0.0,0.0,0.0,0.0,0.0,0.0,0.0,0
1777318642567000,0,1.0,0.0,0.0,0.0,0.0,0.0,0.0,0.0,0
1777318642575000,0,1.0,0.0,0.0,0.0,0.0,0.0,0.0,0.0,0
1777318642591000,0,1.0,0.0,0.0,0.0,0.0,0.0,0.0,0.0,0
1777318642599000,0,1.0,0.0,0.0,0.0,0.0,0.0,0.0,0.0,0
1777318642607000,0,1.0,0.0,0.0,0.0,0.0,0.0,0.0,0.0,0
1777318642615000,0,1.0,0.0,0.0,0.0,0.0,0.0,0.0,0.0,0
1777318642631000,0,1.0,0.0,0.0,0.0,0.0,0.0,0.0,0.0,0
1777318642639000,0,1.0,0.0,0.0,0.0,0.0,0.0,0.0,0.0,0
1777318642647000,0,1.0,0.0,0.0,0.0,0.0,0.0,0.0,0.0,0
1777318642655000,0,1.0,0.0,0.0,0.0,0.0,0.0,0.0,0.0,0
1777318642671000,0,1.0,0.0,0.0,0.0,0.0,0.0,0.0,0.0,0
1777318642679000,0,1.0,0.0,0.0,0.0,0.0,0.0,0.0,0.0,0
1777318642687000,0,1.0,0.0,0.0,0.0,0.0,0.0,0.0,0.0,0
1777318642695000,0,1.0,0.0,0.0,0.0,0.0,0.0,0.0,0.0,0
1777318642711000,0,1.0,0.0,0.0,0.0,0.0,0.0,0.0,0.0,0
1777318642719000,0,1.0,0.0,0.0,0.0,0.0,0.0,0.0,0.0,0
1777318642727000,0,1.0,0.0,0.0,0.0,0.0,0.0,0.0,0.0,0
1777318642735000,0,1.0,0.0,0.0,0.0,0.0,0.0,0.0,0.0,0
1777318642751000,0,1.0,0.0,0.0,0.0,0.0,0.0,0.0,0.0,0
1777318642759000,0,1.0,0.0,0.0,0.0,0.0,0.0,0.0,0.0,0
1777318642767000,0,1.0,0.0,0.0,0.0,0.0,0.0,0.0,0.0,0
1777318642775000,0,1.0,0.0,0.0,0.0,0.0,0.0,0.0,0.0,0
1777318642791000,0,1.0,0.0,0.0,0.0,0.0,0.0,0.0,0.0,0
1777318642799000,0,1.0,0.0,0.0,0.0,0.0,0.0,0.0,0.0,0
1777318642807000,0,1.0,0.0,0.0,0.0,0.0,0.0,0.0,0.0,0
1777318642815000,0,1.0,0.0,0.0,0.0,0.0,0.0,0.0,0.0,0
1777318642831000,0,1.0,0.0,0.0,0.0,0.0,0.0,0.0,0.0,0
1777318642839000,0,1.0,0.0,0.0,0.0,0.0,0.0,0.0,0.0,0
1777318642847000,0,1.0,0.0,0.0,0.0,0.0,0.0,0.0,0.0,0
1777318642855000,0,1.0,0.0,0.0,0.0,0.0,0.0,0.0,0.0,0
1777318642871000,0,1.0,0.0,0.0,0.0,0.0,0.0,0.0,0.0,0
1777318642879000,0,1.0,0.0,0.0,0.0,0.0,0.0,0.0,0.0,0
1777318642887000,0,1.0,0.0,0.0,0.0,0.0,0.0,0.0,0.0,0
1777318642895000,0,1.0,0.0,0.0,0.0,0.0,0.0,0.0,0.0,0
1777318642911000,0,1.0,0.0,0.0,0.0,0.0,0.0,0.0,0.0,0
1777318642919000,0,1.0,0.0,0.0,0.0,0.0,0.0,0.0,0.0,0
1777318642927000,0,1.0,0.0,0.0,0.0,0.0,0.0,0.0,0.0,0
1777318642935000,0,1.0,0.0,0.0,0.0,0.0,0.0,0.0,0.0,0
1777318642951000,0,1.0,0.0,0.0,0.0,0.0,0.0,0.0,0.0,0
1777318642959000,0,1.0,0.0,0.0,0.0,0.0,0.0,0.0,0.0,0
1777318642967000,0,1.0,0.0,0.0,0.0,0.0,0.0,0.0,0.0,0
1777318642975000,0,1.0,0.0,0.0,0.0,0.0,0.0,0.0,0.0,0
1777318642991000,0,1.0,0.0,0.0,0.0,0.0,0.0,0.0,0.0,0
1777318642999000,0,1.0,0.0,0.0,0.0,0.0,0.0,0.0,0.0,0
1777318643007000,0,1.0,0.0,0.0,0.0,0.0,0.0,0.0,0.0,0
1777318643015000,0,1.0,0.0,0.0,0.0,0.0,0.0,0.0,0.0,0
1777318643031000,0,1.0,0.0,0.0,0.0,0.0,0.0,0.0,0.0,0
1777318643039000,0,1.0,0.0,0.0,0.0,0.0,0.0,0.0,0.0,0
1777318643047000,0,1.0,0.0,0.0,0.0,0.0,0.0,0.0,0.0,0
1777318643055000,0,1.0,0.0,0.0,0.0,0.0,0.0,0.0,0.0,0
1777318643071000,0,1.0,0.0,0.0,0.0,0.0,0.0,0.0,0.0,0
1777318643079000,0,1.0,0.0,0.0,0.0,0.0,0.0,0.0,0.0,0
1777318643087000,0,1.0,0.0,0.0,0.0,0.0,0.0,0.0,0.0,0
1777318643095000,0,1.0,0.0,0.0,0.0,0.0,0.0,0.0,0.0,0
1777318643111000,0,1.0,0.0,0.0,0.0,0.0,0.0,0.0,0.0,0
1777318643119000,0,1.0,0.0,0.0,0.0,0.0,0.0,0.0,0.0,0
1777318643127000,0,1.0,0.0,0.0,0.0,0.0,0.0,0.0,0.0,0
1777318643135000,0,1.0,0.0,0.0,0.0,0.0,0.0,0.0,0.0,0
1777318643151000,0,1.0,0.0,0.0,0.0,0.0,0.0,0.0,0.0,0
1777318643159000,0,1.0,0.0,0.0,0.0,0.0,0.0,0.0,0.0,0
1777318643167000,0,1.0,0.0,0.0,0.0,0.0,0.0,0.0,0.0,0
1777318643175000,0,1.0,0.0,0.0,0.0,0.0,0.0,0.0,0.0,0
1777318643191000,0,1.0,0.0,0.0,0.0,0.0,0.0,0.0,0.0,0
1777318643199000,0,1.0,0.0,0.0,0.0,0.0,0.0,0.0,0.0,0
1777318643207000,0,1.0,0.0,0.0,0.0,0.0,0.0,0.0,0.0,0
1777318643215000,0,1.0,0.0,0.0,0.0,0.0,0.0,0.0,0.0,0
1777318643231000,0,1.0,0.0,0.0,0.0,0.0,0.0,0.0,0.0,0
1777318643239000,0,1.0,0.0,0.0,0.0,0.0,0.0,0.0,0.0,0
1777318643247000,0,1.0,0.0,0.0,0.0,0.0,0.0,0.0,0.0,0
1777318643255000,0,1.0,0.0,0.0,0.0,0.0,0.0,0.0,0.0,0
1777318643271000,0,1.0,0.0,0.0,0.0,0.0,0.0,0.0,0.0,0
1777318643279000,0,1.0,0.0,0.0,0.0,0.0,0.0,0.0,0.0,0
1777318643287000,0,1.0,0.0,0.0,0.0,0.0,0.0,0.0,0.0,0
1777318643295000,0,1.0,0.0,0.0,0.0,0.0,0.0,0.0,0.0,0
1777318643311000,0,1.0,0.0,0.0,0.0,0.0,0.0,0.0,0.0,0
1777318643319000,0,1.0,0.0,0.0,0.0,0.0,0.0,0.0,0.0,0
1777318643327000,0,1.0,0.0,0.0,0.0,0.0,0.0,0.0,0.0,0
1777318643335000,0,1.0,0.0,0.0,0.0,0.0,0.0,0.0,0.0,0
1777318643351000,0,1.0,0.0,0.0,0.0,0.0,0.0,0.0,0.0,0
1777318643359000,0,1.0,0.0,0.0,0.0,0.0,0.0,0.0,0.0,0
1777318643367000,0,1.0,0.0,0.0,0.0,0.0,0.0,0.0,0.0,0
1777318643375000,0,1.0,0.0,0.0,0.0,0.0,0.0,0.0,0.0,0
1777318643391000,0,1.0,0.0,0.0,0.0,0.0,0.0,0.0,0.0,0
1777318643399000,0,1.0,0.0,0.0,0.0,0.0,0.0,0.0,0.0,0
1777318643407000,0,1.0,0.0,0.0,0.0,0.0,0.0,0.0,0.0,0
1777318643415000,0,1.0,0.0,0.0,0.0,0.0,0.0,0.0,0.0,0
1777318643431000,0,1.0,0.0,0.0,0.0,0.0,0.0,0.0,0.0,0
1777318643439000,0,1.0,0.0,0.0,0.0,0.0,0.0,0.0,0.0,0
1777318643447000,0,1.0,0.0,0.0,0.0,0.0,0.0,0.0,0.0,0
1777318643455000,0,1.0,0.0,0.0,0.0,0.0,0.0,0.0,0.0,0
1777318643471000,0,1.0,0.0,0.0,0.0,0.0,0.0,0.0,0.0,0
1777318643479000,0,1.0,0.0,0.0,0.0,0.0,0.0,0.0,0.0,0
1777318643487000,0,1.0,0.0,0.0,0.0,0.0,0.0,0.0,0.0,0
1777318643495000,0,1.0,0.0,0.0,0.0,0.0,0.0,0.0,0.0,0
1777318643511000,0,1.0,0.0,0.0,0.0,0.0,0.0,0.0,0.0,0
1777318643519000,0,1.0,0.0,0.0,0.0,0.0,0.0,0.0,0.0,0
1777318643527000,0,1.0,0.0,0.0,0.0,0.0,0.0,0.0,0.0,0
1777318643535000,0,1.0,0.0,0.0,0.0,0.0,0.0,0.0,0.0,0
1777318643551000,0,1.0,0.0,0.0,0.0,0.0,0.0,0.0,0.0,0
1777318643559000,0,1.0,0.0,0.0,0.0,0.0,0.0,0.0,0.0,0
1777318643567000,0,1.0,0.0,0.0,0.0,0.0,0.0,0.0,0.0,0
1777318643575000,0,1.0,0.0,0.0,0.0,0.0,0.0,0.0,0.0,0
1777318643591000,0,1.0,0.0,0.0,0.0,0.0,0.0,0.0,0.0,0
1777318643599000,0,1.0,0.0,0.0,0.0,0.0,0.0,0.0,0.0,0
1777318643607000,0,1.0,0.0,0.0,0.0,0.0,0.0,0.0,0.0,0
1777318643615000,0,1.0,0.0,0.0,0.0,0.0,0.0,0.0,0.0,0
1777318643631000,0,1.0,0.0,0.0,0.0,0.0,0.0,0.0,0.0,0
1777318643639000,0,1.0,0.0,0.0,0.0,0.0,0.0,0.0,0.0,0
1777318643647000,0,1.0,0.0,0.0,0.0,0.0,0.0,0.0,0.0,0
1777318643655000,0,1.0,0.0,0.0,0.0,0.0,0.0,0.0,0.0,0
1777318643671000,0,1.0,0.0,0.0,0.0,0.0,0.0,0.0,0.0,0
1777318643679000,0,1.0,0.0,0.0,0.0,0.0,0.0,0.0,0.0,0
1777318643687000,0,1.0,0.0,0.0,0.0,0.0,0.0,0.0,0.0,0
1777318643695000,0,1.0,0.0,0.0,0.0,0.0,0.0,0.0,0.0,0
1777318643711000,0,1.0,0.0,0.0,0.0,0.0,0.0,0.0,0.0,0
1777318643719000,0,1.0,0.0,0.0,0.0,0.0,0.0,0.0,0.0,0
1777318643727000,0,1.0,0.0,0.0,0.0,0.0,0.0,0.0,0.0,0
1777318643735000,0,1.0,0.0,0.0,0.0,0.0,0.0,0.0,0.0,0
1777318643751000,0,1.0,0.0,0.0,0.0,0.0,0.0,0.0,0.0,0
1777318643759000,0,1.0,0.0,0.0,0.0,0.0,0.0,0.0,0.0,0
1777318643767000,0,1.0,0.0,0.0,0.0,0.0,0.0,0.0,0.0,0
1777318643775000,0,1.0,0.0,0.0,0.0,0.0,0.0,0.0,0.0,0
1777318643791000,0,1.0,0.0,0.0,0.0,0.0,0.0,0.0,0.0,0
1777318643799000,0,1.0,0.0,0.0,0.0,0.0,0.0,0.0,0.0,0
1777318643807000,0,1.0,0.0,0.0,0.0,0.0,0.0,0.0,0.0,0
1777318643815000,0,1.0,0.0,0.0,0.0,0.0,0.0,0.0,0.0,0
1777318643831000,0,1.0,0.0,0.0,0.0,0.0,0.0,0.0,0.0,0
1777318643839000,0,1.0,0.0,0.0,0.0,0.0,0.0,0.0,0.0,0
1777318643847000,0,1.0,0.0,0.0,0.0,0.0,0.0,0.0,0.0,0
1777318643855000,0,1.0,0.0,0.0,0.0,0.0,0.0,0.0,0.0,0
1777318643871000,0,1.0,0.0,0.0,0.0,0.0,0.0,0.0,0.0,0
1777318643879000,0,1.0,0.0,0.0,0.0,0.0,0.0,0.0,0.0,0
1777318643887000,0,1.0,0.0,0.0,0.0,0.0,0.0,0.0,0.0,0
1777318643895000,0,1.0,0.0,0.0,0.0,0.0,0.0,0.0,0.0,0
1777318643911000,0,1.0,0.0,0.0,0.0,0.0,0.0,0.0,0.0,0
1777318643919000,0,1.0,0.0,0.0,0.0,0.0,0.0,0.0,0.0,0
1777318643927000,0,1.0,0.0,0.0,0.0,0.0,0.0,0.0,0.0,0
1777318643935000,0,1.0,0.0,0.0,0.0,0.0,0.0,0.0,0.0,0
1777318643951000,0,1.0,0.0,0.0,0.0,0.0,0.0,0.0,0.0,0
1777318643959000,0,1.0,0.0,0.0,0.0,0.0,0.0,0.0,0.0,0
1777318643967000,0,1.0,0.0,0.0,0.0,0.0,0.0,0.0,0.0,0
1777318643975000,0,1.0,0.0,0.0,0.0,0.0,0.0,0.0,0.0,0
1777318643991000,0,1.0,0.0,0.0,0.0,0.0,0.0,0.0,0.0,0
1777318643999000,0,1.0,0.0,0.0,0.0,0.0,0.0,0.0,0.0,0
1777318644007000,0,1.0,0.0,0.0,0.0,0.0,0.0,0.0,0.0,0
1777318644015000,0,1.0,0.0,0.0,0.0,0.0,0.0,0.0,0.0,0
1777318644031000,0,1.0,0.0,0.0,0.0,0.0,0.0,0.0,0.0,0
1777318644039000,0,1.0,0.0,0.0,0.0,0.0,0.0,0.0,0.0,0
1777318644047000,0,1.0,0.0,0.0,0.0,0.0,0.0,0.0,0.0,0
1777318644055000,0,1.0,0.0,0.0,0.0,0.0,0.0,0.0,0.0,0
1777318644071000,0,1.0,0.0,0.0,0.0,0.0,0.0,0.0,0.0,0
1777318644079000,0,1.0,0.0,0.0,0.0,0.0,0.0,0.0,0.0,0
1777318644087000,0,1.0,0.0,0.0,0.0,0.0,0.0,0.0,0.0,0
1777318644095000,0,1.0,0.0,0.0,0.0,0.0,0.0,0.0,0.0,0
1777318644111000,0,1.0,0.0,0.0,0.0,0.0,0.0,0.0,0.0,0
1777318644119000,0,1.0,0.0,0.0,0.0,0.0,0.0,0.0,0.0,0
1777318644127000,0,1.0,0.0,0.0,0.0,0.0,0.0,0.0,0.0,0
1777318644135000,0,1.0,0.0,0.0,0.0,0.0,0.0,0.0,0.0,0
1777318644151000,0,1.0,0.0,0.0,0.0,0.0,0.0,0.0,0.0,0
1777318644159000,0,1.0,0.0,0.0,0.0,0.0,0.0,0.0,0.0,0
1777318644167000,0,1.0,0.0,0.0,0.0,0.0,0.0,0.0,0.0,0
1777318644175000,0,1.0,0.0,0.0,0.0,0.0,0.0,0.0,0.0,0
1777318644191000,0,1.0,0.0,0.0,0.0,0.0,0.0,0.0,0.0,0
1777318644199000,0,1.0,0.0,0.0,0.0,0.0,0.0,0.0,0.0,0
1777318644207000,0,1.0,0.0,0.0,0.0,0.0,0.0,0.0,0.0,0
1777318644215000,0,1.0,0.0,0.0,0.0,0.0,0.0,0.0,0.0,0
1777318644231000,0,1.0,0.0,0.0,0.0,0.0,0.0,0.0,0.0,0
1777318644239000,0,1.0,0.0,0.0,0.0,0.0,0.0,0.0,0.0,0
1777318644247000,0,1.0,0.0,0.0,0.0,0.0,0.0,0.0,0.0,0
1777318644255000,0,1.0,0.0,0.0,0.0,0.0,0.0,0.0,0.0,0
1777318644271000,0,1.0,0.0,0.0,0.0,0.0,0.0,0.0,0.0,0
1777318644279000,0,1.0,0.0,0.0,0.0,0.0,0.0,0.0,0.0,0
1777318644287000,0,1.0,0.0,0.0,0.0,0.0,0.0,0.0,0.0,0
1777318644295000,0,1.0,0.0,0.0,0.0,0.0,0.0,0.0,0.0,0
1777318644311000,0,1.0,0.0,0.0,0.0,0.0,0.0,0.0,0.0,0
1777318644319000,0,1.0,0.0,0.0,0.0,0.0,0.0,0.0,0.0,0
1777318644327000,0,1.0,0.0,0.0,0.0,0.0,0.0,0.0,0.0,0
1777318644335000,0,1.0,0.0,0.0,0.0,0.0,0.0,0.0,0.0,0
1777318644351000,0,1.0,0.0,0.0,0.0,0.0,0.0,0.0,0.0,0
1777318644359000,0,1.0,0.0,0.0,0.0,0.0,0.0,0.0,0.0,0
1777318644367000,0,1.0,0.0,0.0,0.0,0.0,0.0,0.0,0.0,0
1777318644375000,0,1.0,0.0,0.0,0.0,0.0,0.0,0.0,0.0,0
1777318644391000,0,1.0,0.0,0.0,0.0,0.0,0.0,0.0,0.0,0
1777318644399000,0,1.0,0.0,0.0,0.0,0.0,0.0,0.0,0.0,0
1777318644407000,0,1.0,0.0,0.0,0.0,0.0,0.0,0.0,0.0,0
1777318644415000,0,1.0,0.0,0.0,0.0,0.0,0.0,0.0,0.0,0
1777318644431000,0,1.0,0.0,0.0,0.0,0.0,0.0,0.0,0.0,0
1777318644439000,0,1.0,0.0,0.0,0.0,0.0,0.0,0.0,0.0,0
1777318644447000,0,1.0,0.0,0.0,0.0,0.0,0.0,0.0,0.0,0
1777318644455000,0,1.0,0.0,0.0,0.0,0.0,0.0,0.0,0.0,0
1777318644471000,0,1.0,0.0,0.0,0.0,0.0,0.0,0.0,0.0,0
1777318644479000,0,1.0,0.0,0.0,0.0,0.0,0.0,0.0,0.0,0
1777318644487000,0,1.0,0.0,0.0,0.0,0.0,0.0,0.0,0.0,0
1777318644495000,0,1.0,0.0,0.0,0.0,0.0,0.0,0.0,0.0,0
1777318644511000,0,1.0,0.0,0.0,0.0,0.0,0.0,0.0,0.0,0
1777318644519000,0,1.0,0.0,0.0,0.0,0.0,0.0,0.0,0.0,0
1777318644527000,0,1.0,0.0,0.0,0.0,0.0,0.0,0.0,0.0,0
1777318644535000,0,1.0,0.0,0.0,0.0,0.0,0.0,0.0,0.0,0
1777318644551000,0,1.0,0.0,0.0,0.0,0.0,0.0,0.0,0.0,0
1777318644559000,0,1.0,0.0,0.0,0.0,0.0,0.0,0.0,0.0,0
1777318644567000,0,1.0,0.0,0.0,0.0,0.0,0.0,0.0,0.0,0
1777318644575000,0,1.0,0.0,0.0,0.0,0.0,0.0,0.0,0.0,0
1777318644591000,0,1.0,0.0,0.0,0.0,0.0,0.0,0.0,0.0,0
1777318644599000,0,1.0,0.0,0.0,0.0,0.0,0.0,0.0,0.0,0
1777318644607000,0,1.0,0.0,0.0,0.0,0.0,0.0,0.0,0.0,0
1777318644615000,0,1.0,0.0,0.0,0.0,0.0,0.0,0.0,0.0,0
1777318644631000,0,1.0,0.0,0.0,0.0,0.0,0.0,0.0,0.0,0
1777318644639000,0,1.0,0.0,0.0,0.0,0.0,0.0,0.0,0.0,0
1777318644647000,0,1.0,0.0,0.0,0.0,0.0,0.0,0.0,0.0,0
1777318644655000,0,1.0,0.0,0.0,0.0,0.0,0.0,0.0,0.0,0
1777318644671000,0,1.0,0.0,0.0,0.0,0.0,0.0,0.0,0.0,0
1777318644679000,0,1.0,0.0,0.0,0.0,0.0,0.0,0.0,0.0,0
1777318644687000,0,1.0,0.0,0.0,0.0,0.0,0.0,0.0,0.0,0
1777318644695000,0,1.0,0.0,0.0,0.0,0.0,0.0,0.0,0.0,0
1777318644711000,0,1.0,0.0,0.0,0.0,0.0,0.0,0.0,0.0,0
1777318644719000,0,1.0,0.0,0.0,0.0,0.0,0.0,0.0,0.0,0
1777318644727000,0,1.0,0.0,0.0,0.0,0.0,0.0,0.0,0.0,0
1777318644735000,0,1.0,0.0,0.0,0.0,0.0,0.0,0.0,0.0,0
1777318644743000,0,1.0,0.0,0.0,0.0,0.0,0.0,0.0,0.0,0
1777318644759000,0,1.0,0.0,0.0,0.0,0.0,0.0,0.0,0.0,0
1777318644767000,0,1.0,0.0,0.0,0.0,0.0,0.0,0.0,0.0,0
1777318644775000,0,1.0,0.0,0.0,0.0,0.0,0.0,0.0,0.0,0
1777318644791000,0,1.0,0.0,0.0,0.0,0.0,0.0,0.0,0.0,0
1777318644799000,0,1.0,0.0,0.0,0.0,0.0,0.0,0.0,0.0,0
1777318644807000,0,1.0,0.0,0.0,0.0,0.0,0.0,0.0,0.0,0
1777318644815000,0,1.0,0.0,0.0,0.0,0.0,0.0,0.0,0.0,0
1777318644831000,0,1.0,0.0,0.0,0.0,0.0,0.0,0.0,0.0,0
1777318644839000,0,1.0,0.0,0.0,0.0,0.0,0.0,0.0,0.0,0
1777318644847000,0,1.0,0.0,0.0,0.0,0.0,0.0,0.0,0.0,0
1777318644855000,0,1.0,0.0,0.0,0.0,0.0,0.0,0.0,0.0,0
1777318644871000,0,1.0,0.0,0.0,0.0,0.0,0.0,0.0,0.0,0
1777318644879000,0,1.0,0.0,0.0,0.0,0.0,0.0,0.0,0.0,0
1777318644887000,0,1.0,0.0,0.0,0.0,0.0,0.0,0.0,0.0,0
1777318644895000,0,1.0,0.0,0.0,0.0,0.0,0.0,0.0,0.0,0
1777318644911000,0,1.0,0.0,0.0,0.0,0.0,0.0,0.0,0.0,0
1777318644919000,0,1.0,0.0,0.0,0.0,0.0,0.0,0.0,0.0,0
1777318644927000,0,1.0,0.0,0.0,0.0,0.0,0.0,0.0,0.0,0
1777318644935000,0,1.0,0.0,0.0,0.0,0.0,0.0,0.0,0.0,0
1777318644951000,0,1.0,0.0,0.0,0.0,0.0,0.0,0.0,0.0,0
1777318644959000,0,1.0,0.0,0.0,0.0,0.0,0.0,0.0,0.0,0
1777318644967000,0,1.0,0.0,0.0,0.0,0.0,0.0,0.0,0.0,0
1777318644975000,0,1.0,0.0,0.0,0.0,0.0,0.0,0.0,0.0,0
1777318644991000,0,1.0,0.0,0.0,0.0,0.0,0.0,0.0,0.0,0
1777318644999000,0,1.0,0.0,0.0,0.0,0.0,0.0,0.0,0.0,0
1777318645007000,0,1.0,0.0,0.0,0.0,0.0,0.0,0.0,0.0,0
1777318645015000,0,1.0,0.0,0.0,0.0,0.0,0.0,0.0,0.0,0
1777318645031000,0,1.0,0.0,0.0,0.0,0.0,0.0,0.0,0.0,0
1777318645039000,0,1.0,0.0,0.0,0.0,0.0,0.0,0.0,0.0,0
1777318645047000,0,1.0,0.0,0.0,0.0,0.0,0.0,0.0,0.0,0
1777318645055000,0,1.0,0.0,0.0,0.0,0.0,0.0,0.0,0.0,0
1777318645071000,0,1.0,0.0,0.0,0.0,0.0,0.0,0.0,0.0,0
1777318645079000,0,1.0,0.0,0.0,0.0,0.0,0.0,0.0,0.0,0
1777318645087000,0,1.0,0.0,0.0,0.0,0.0,0.0,0.0,0.0,0
1777318645095000,0,1.0,0.0,0.0,0.0,0.0,0.0,0.0,0.0,0
1777318645111000,0,1.0,0.0,0.0,0.0,0.0,0.0,0.0,0.0,0
1777318645119000,0,1.0,0.0,0.0,0.0,0.0,0.0,0.0,0.0,0
1777318645127000,0,1.0,0.0,0.0,0.0,0.0,0.0,0.0,0.0,0
1777318645135000,0,1.0,0.0,0.0,0.0,0.0,0.0,0.0,0.0,0
1777318645151000,0,1.0,0.0,0.0,0.0,0.0,0.0,0.0,0.0,0
1777318645159000,0,1.0,0.0,0.0,0.0,0.0,0.0,0.0,0.0,0
1777318645167000,0,1.0,0.0,0.0,0.0,0.0,0.0,0.0,0.0,0
1777318645175000,0,1.0,0.0,0.0,0.0,0.0,0.0,0.0,0.0,0
1777318645191000,0,1.0,0.0,0.0,0.0,0.0,0.0,0.0,0.0,0
1777318645199000,0,1.0,0.0,0.0,0.0,0.0,0.0,0.0,0.0,0
1777318645207000,0,1.0,0.0,0.0,0.0,0.0,0.0,0.0,0.0,0
1777318645215000,0,1.0,0.0,0.0,0.0,0.0,0.0,0.0,0.0,0
1777318645231000,0,1.0,0.0,0.0,0.0,0.0,0.0,0.0,0.0,0
1777318645239000,0,1.0,0.0,0.0,0.0,0.0,0.0,0.0,0.0,0
1777318645247000,0,1.0,0.0,0.0,0.0,0.0,0.0,0.0,0.0,0
1777318645255000,0,1.0,0.0,0.0,0.0,0.0,0.0,0.0,0.0,0
1777318645271000,0,1.0,0.0,0.0,0.0,0.0,0.0,0.0,0.0,0
1777318645279000,0,1.0,0.0,0.0,0.0,0.0,0.0,0.0,0.0,0
1777318645287000,0,1.0,0.0,0.0,0.0,0.0,0.0,0.0,0.0,0
1777318645295000,0,1.0,0.0,0.0,0.0,0.0,0.0,0.0,0.0,0
1777318645311000,0,1.0,0.0,0.0,0.0,0.0,0.0,0.0,0.0,0
1777318645319000,0,1.0,0.0,0.0,0.0,0.0,0.0,0.0,0.0,0
1777318645327000,0,1.0,0.0,0.0,0.0,0.0,0.0,0.0,0.0,0
1777318645335000,0,1.0,0.0,0.0,0.0,0.0,0.0,0.0,0.0,0
1777318645351000,0,1.0,0.0,0.0,0.0,0.0,0.0,0.0,0.0,0
1777318645359000,0,1.0,0.0,0.0,0.0,0.0,0.0,0.0,0.0,0
1777318645367000,0,1.0,0.0,0.0,0.0,0.0,0.0,0.0,0.0,0
1777318645375000,0,1.0,0.0,0.0,0.0,0.0,0.0,0.0,0.0,0
1777318645391000,0,1.0,0.0,0.0,0.0,0.0,0.0,0.0,0.0,0
1777318645399000,0,1.0,0.0,0.0,0.0,0.0,0.0,0.0,0.0,0
1777318645407000,0,1.0,0.0,0.0,0.0,0.0,0.0,0.0,0.0,0
1777318645415000,0,1.0,0.0,0.0,0.0,0.0,0.0,0.0,0.0,0
1777318645431000,0,1.0,0.0,0.0,0.0,0.0,0.0,0.0,0.0,0
1777318645439000,0,1.0,0.0,0.0,0.0,0.0,0.0,0.0,0.0,0
1777318645447000,0,1.0,0.0,0.0,0.0,0.0,0.0,0.0,0.0,0
1777318645455000,0,1.0,0.0,0.0,0.0,0.0,0.0,0.0,0.0,0
1777318645471000,0,1.0,0.0,0.0,0.0,0.0,0.0,0.0,0.0,0
1777318645479000,0,1.0,0.0,0.0,0.0,0.0,0.0,0.0,0.0,0
1777318645487000,0,1.0,0.0,0.0,0.0,0.0,0.0,0.0,0.0,0
1777318645495000,0,1.0,0.0,0.0,0.0,0.0,0.0,0.0,0.0,0
1777318645511000,0,1.0,0.0,0.0,0.0,0.0,0.0,0.0,0.0,0
1777318645519000,0,1.0,0.0,0.0,0.0,0.0,0.0,0.0,0.0,0
1777318645527000,0,1.0,0.0,0.0,0.0,0.0,0.0,0.0,0.0,0
1777318645535000,0,1.0,0.0,0.0,0.0,0.0,0.0,0.0,0.0,0
1777318645551000,0,1.0,0.0,0.0,0.0,0.0,0.0,0.0,0.0,0
1777318645559000,0,1.0,0.0,0.0,0.0,0.0,0.0,0.0,0.0,0
1777318645567000,0,1.0,0.0,0.0,0.0,0.0,0.0,0.0,0.0,0
1777318645575000,0,1.0,0.0,0.0,0.0,0.0,0.0,0.0,0.0,0
1777318645591000,0,1.0,0.0,0.0,0.0,0.0,0.0,0.0,0.0,0
1777318645599000,0,1.0,0.0,0.0,0.0,0.0,0.0,0.0,0.0,0
1777318645607000,0,1.0,0.0,0.0,0.0,0.0,0.0,0.0,0.0,0
1777318645615000,0,1.0,0.0,0.0,0.0,0.0,0.0,0.0,0.0,0
1777318645631000,0,1.0,0.0,0.0,0.0,0.0,0.0,0.0,0.0,0
1777318645639000,0,1.0,0.0,0.0,0.0,0.0,0.0,0.0,0.0,0
1777318645647000,0,1.0,0.0,0.0,0.0,0.0,0.0,0.0,0.0,0
1777318645655000,0,1.0,0.0,0.0,0.0,0.0,0.0,0.0,0.0,0
1777318645671000,0,1.0,0.0,0.0,0.0,0.0,0.0,0.0,0.0,0
1777318645679000,0,1.0,0.0,0.0,0.0,0.0,0.0,0.0,0.0,0
1777318645687000,0,1.0,0.0,0.0,0.0,0.0,0.0,0.0,0.0,0
1777318645695000,0,1.0,0.0,0.0,0.0,0.0,0.0,0.0,0.0,0
1777318645711000,0,1.0,0.0,0.0,0.0,0.0,0.0,0.0,0.0,0
1777318645719000,0,1.0,0.0,0.0,0.0,0.0,0.0,0.0,0.0,0
1777318645727000,0,1.0,0.0,0.0,0.0,0.0,0.0,0.0,0.0,0
1777318645735000,0,1.0,0.0,0.0,0.0,0.0,0.0,0.0,0.0,0
1777318645751000,0,1.0,0.0,0.0,0.0,0.0,0.0,0.0,0.0,0
1777318645759000,0,1.0,0.0,0.0,0.0,0.0,0.0,0.0,0.0,0
1777318645767000,0,1.0,0.0,0.0,0.0,0.0,0.0,0.0,0.0,0
1777318645775000,0,1.0,0.0,0.0,0.0,0.0,0.0,0.0,0.0,0
1777318645791000,0,1.0,0.0,0.0,0.0,0.0,0.0,0.0,0.0,0
1777318645799000,0,1.0,0.0,0.0,0.0,0.0,0.0,0.0,0.0,0
1777318645807000,0,1.0,0.0,0.0,0.0,0.0,0.0,0.0,0.0,0
1777318645815000,0,1.0,0.0,0.0,0.0,0.0,0.0,0.0,0.0,0
1777318645831000,0,1.0,0.0,0.0,0.0,0.0,0.0,0.0,0.0,0
1777318645839000,0,1.0,0.0,0.0,0.0,0.0,0.0,0.0,0.0,0
1777318645847000,0,1.0,0.0,0.0,0.0,0.0,0.0,0.0,0.0,0
1777318645855000,0,1.0,0.0,0.0,0.0,0.0,0.0,0.0,0.0,0
1777318645871000,0,1.0,0.0,0.0,0.0,0.0,0.0,0.0,0.0,0
1777318645879000,0,1.0,0.0,0.0,0.0,0.0,0.0,0.0,0.0,0
1777318645887000,0,1.0,0.0,0.0,0.0,0.0,0.0,0.0,0.0,0
1777318645895000,0,1.0,0.0,0.0,0.0,0.0,0.0,0.0,0.0,0
1777318645911000,0,1.0,0.0,0.0,0.0,0.0,0.0,0.0,0.0,0
1777318645919000,0,1.0,0.0,0.0,0.0,0.0,0.0,0.0,0.0,0
1777318645927000,0,1.0,0.0,0.0,0.0,0.0,0.0,0.0,0.0,0
1777318645935000,0,1.0,0.0,0.0,0.0,0.0,0.0,0.0,0.0,0
1777318645951000,0,1.0,0.0,0.0,0.0,0.0,0.0,0.0,0.0,0
1777318645959000,0,1.0,0.0,0.0,0.0,0.0,0.0,0.0,0.0,0
1777318645967000,0,1.0,0.0,0.0,0.0,0.0,0.0,0.0,0.0,0
1777318645975000,0,1.0,0.0,0.0,0.0,0.0,0.0,0.0,0.0,0
1777318645991000,0,1.0,0.0,0.0,0.0,0.0,0.0,0.0,0.0,0
1777318645999000,0,1.0,0.0,0.0,0.0,0.0,0.0,0.0,0.0,0
1777318646007000,0,1.0,0.0,0.0,0.0,0.0,0.0,0.0,0.0,0
1777318646015000,0,1.0,0.0,0.0,0.0,0.0,0.0,0.0,0.0,0
1777318646031000,0,1.0,0.0,0.0,0.0,0.0,0.0,0.0,0.0,0
1777318646039000,0,1.0,0.0,0.0,0.0,0.0,0.0,0.0,0.0,0
1777318646047000,0,1.0,0.0,0.0,0.0,0.0,0.0,0.0,0.0,0
1777318646055000,0,1.0,0.0,0.0,0.0,0.0,0.0,0.0,0.0,0
1777318646071000,0,1.0,0.0,0.0,0.0,0.0,0.0,0.0,0.0,0
1777318646079000,0,1.0,0.0,0.0,0.0,0.0,0.0,0.0,0.0,0
1777318646087000,0,1.0,0.0,0.0,0.0,0.0,0.0,0.0,0.0,0
1777318646095000,0,1.0,0.0,0.0,0.0,0.0,0.0,0.0,0.0,0
1777318646111000,0,1.0,0.0,0.0,0.0,0.0,0.0,0.0,0.0,0
1777318646119000,0,1.0,0.0,0.0,0.0,0.0,0.0,0.0,0.0,0
1777318646127000,0,1.0,0.0,0.0,0.0,0.0,0.0,0.0,0.0,0
1777318646135000,0,1.0,0.0,0.0,0.0,0.0,0.0,0.0,0.0,0
1777318646151000,0,1.0,0.0,0.0,0.0,0.0,0.0,0.0,0.0,0
1777318646159000,0,1.0,0.0,0.0,0.0,0.0,0.0,0.0,0.0,0
1777318646167000,0,1.0,0.0,0.0,0.0,0.0,0.0,0.0,0.0,0
1777318646175000,0,1.0,0.0,0.0,0.0,0.0,0.0,0.0,0.0,0
1777318646191000,0,1.0,0.0,0.0,0.0,0.0,0.0,0.0,0.0,0
1777318646199000,0,1.0,0.0,0.0,0.0,0.0,0.0,0.0,0.0,0
1777318646207000,0,1.0,0.0,0.0,0.0,0.0,0.0,0.0,0.0,0
1777318646215000,0,1.0,0.0,0.0,0.0,0.0,0.0,0.0,0.0,0
1777318646231000,0,1.0,0.0,0.0,0.0,0.0,0.0,0.0,0.0,0
1777318646239000,0,1.0,0.0,0.0,0.0,0.0,0.0,0.0,0.0,0
1777318646247000,0,1.0,0.0,0.0,0.0,0.0,0.0,0.0,0.0,0
1777318646255000,0,1.0,0.0,0.0,0.0,0.0,0.0,0.0,0.0,0
1777318646271000,0,1.0,0.0,0.0,0.0,0.0,0.0,0.0,0.0,0
1777318646279000,0,1.0,0.0,0.0,0.0,0.0,0.0,0.0,0.0,0
1777318646287000,0,1.0,0.0,0.0,0.0,0.0,0.0,0.0,0.0,0
1777318646295000,0,1.0,0.0,0.0,0.0,0.0,0.0,0.0,0.0,0
1777318646303000,0,1.0,0.0,0.0,0.0,0.0,0.0,0.0,0.0,0
1777318646319000,0,1.0,0.0,0.0,0.0,0.0,0.0,0.0,0.0,0
1777318646327000,0,1.0,0.0,0.0,0.0,0.0,0.0,0.0,0.0,0
1777318646335000,0,1.0,0.0,0.0,0.0,0.0,0.0,0.0,0.0,0
1777318646351000,0,1.0,0.0,0.0,0.0,0.0,0.0,0.0,0.0,0
1777318646359000,0,1.0,0.0,0.0,0.0,0.0,0.0,0.0,0.0,0
1777318646367000,0,1.0,0.0,0.0,0.0,0.0,0.0,0.0,0.0,0
1777318646375000,0,1.0,0.0,0.0,0.0,0.0,0.0,0.0,0.0,0
1777318646391000,0,1.0,0.0,0.0,0.0,0.0,0.0,0.0,0.0,0
1777318646399000,0,1.0,0.0,0.0,0.0,0.0,0.0,0.0,0.0,0
1777318646407000,0,1.0,0.0,0.0,0.0,0.0,0.0,0.0,0.0,0
1777318646415000,0,1.0,0.0,0.0,0.0,0.0,0.0,0.0,0.0,0
1777318646431000,0,1.0,0.0,0.0,0.0,0.0,0.0,0.0,0.0,0
1777318646439000,0,1.0,0.0,0.0,0.0,0.0,0.0,0.0,0.0,0
1777318646447000,0,1.0,0.0,0.0,0.0,0.0,0.0,0.0,0.0,0
1777318646455000,0,1.0,0.0,0.0,0.0,0.0,0.0,0.0,0.0,0
1777318646471000,0,1.0,0.0,0.0,0.0,0.0,0.0,0.0,0.0,0
1777318646479000,0,1.0,0.0,0.0,0.0,0.0,0.0,0.0,0.0,0
1777318646487000,0,1.0,0.0,0.0,0.0,0.0,0.0,0.0,0.0,0
1777318646495000,0,1.0,0.0,0.0,0.0,0.0,0.0,0.0,0.0,0
1777318646511000,0,1.0,0.0,0.0,0.0,0.0,0.0,0.0,0.0,0
1777318646519000,0,1.0,0.0,0.0,0.0,0.0,0.0,0.0,0.0,0
1777318646527000,0,1.0,0.0,0.0,0.0,0.0,0.0,0.0,0.0,0
1777318646535000,0,1.0,0.0,0.0,0.0,0.0,0.0,0.0,0.0,0
1777318646551000,0,1.0,0.0,0.0,0.0,0.0,0.0,0.0,0.0,0
1777318646559000,0,1.0,0.0,0.0,0.0,0.0,0.0,0.0,0.0,0
1777318646567000,0,1.0,0.0,0.0,0.0,0.0,0.0,0.0,0.0,0
1777318646575000,0,1.0,0.0,0.0,0.0,0.0,0.0,0.0,0.0,0
1777318646591000,0,1.0,0.0,0.0,0.0,0.0,0.0,0.0,0.0,0
1777318646599000,0,1.0,0.0,0.0,0.0,0.0,0.0,0.0,0.0,0
1777318646607000,0,1.0,0.0,0.0,0.0,0.0,0.0,0.0,0.0,0
1777318646615000,0,1.0,0.0,0.0,0.0,0.0,0.0,0.0,0.0,0
1777318646631000,0,1.0,0.0,0.0,0.0,0.0,0.0,0.0,0.0,0
1777318646639000,0,1.0,0.0,0.0,0.0,0.0,0.0,0.0,0.0,0
1777318646647000,0,1.0,0.0,0.0,0.0,0.0,0.0,0.0,0.0,0
1777318646655000,0,1.0,0.0,0.0,0.0,0.0,0.0,0.0,0.0,0
1777318646671000,0,1.0,0.0,0.0,0.0,0.0,0.0,0.0,0.0,0
1777318646679000,0,1.0,0.0,0.0,0.0,0.0,0.0,0.0,0.0,0
1777318646687000,0,1.0,0.0,0.0,0.0,0.0,0.0,0.0,0.0,0
1777318646695000,0,1.0,0.0,0.0,0.0,0.0,0.0,0.0,0.0,0
1777318646711000,0,1.0,0.0,0.0,0.0,0.0,0.0,0.0,0.0,0
1777318646719000,0,1.0,0.0,0.0,0.0,0.0,0.0,0.0,0.0,0
1777318646727000,0,1.0,0.0,0.0,0.0,0.0,0.0,0.0,0.0,0
1777318646735000,0,1.0,0.0,0.0,0.0,0.0,0.0,0.0,0.0,0
1777318646751000,0,1.0,0.0,0.0,0.0,0.0,0.0,0.0,0.0,0
1777318646759000,0,1.0,0.0,0.0,0.0,0.0,0.0,0.0,0.0,0
1777318646767000,0,1.0,0.0,0.0,0.0,0.0,0.0,0.0,0.0,0
1777318646775000,0,1.0,0.0,0.0,0.0,0.0,0.0,0.0,0.0,0
1777318646791000,0,1.0,0.0,0.0,0.0,0.0,0.0,0.0,0.0,0
1777318646799000,0,1.0,0.0,0.0,0.0,0.0,0.0,0.0,0.0,0
1777318646807000,0,1.0,0.0,0.0,0.0,0.0,0.0,0.0,0.0,0
1777318646815000,0,1.0,0.0,0.0,0.0,0.0,0.0,0.0,0.0,0
1777318646831000,0,1.0,0.0,0.0,0.0,0.0,0.0,0.0,0.0,0
1777318646839000,0,1.0,0.0,0.0,0.0,0.0,0.0,0.0,0.0,0
1777318646847000,0,1.0,0.0,0.0,0.0,0.0,0.0,0.0,0.0,0
1777318646855000,0,1.0,0.0,0.0,0.0,0.0,0.0,0.0,0.0,0
1777318646871000,0,1.0,0.0,0.0,0.0,0.0,0.0,0.0,0.0,0
1777318646879000,0,1.0,0.0,0.0,0.0,0.0,0.0,0.0,0.0,0
1777318646887000,0,1.0,0.0,0.0,0.0,0.0,0.0,0.0,0.0,0
1777318646895000,0,1.0,0.0,0.0,0.0,0.0,0.0,0.0,0.0,0
1777318646911000,0,1.0,0.0,0.0,0.0,0.0,0.0,0.0,0.0,0
1777318646919000,0,1.0,0.0,0.0,0.0,0.0,0.0,0.0,0.0,0
1777318646927000,0,1.0,0.0,0.0,0.0,0.0,0.0,0.0,0.0,0
1777318646935000,0,1.0,0.0,0.0,0.0,0.0,0.0,0.0,0.0,0
1777318646951000,0,1.0,0.0,0.0,0.0,0.0,0.0,0.0,0.0,0
1777318646959000,0,1.0,0.0,0.0,0.0,0.0,0.0,0.0,0.0,0
1777318646967000,0,1.0,0.0,0.0,0.0,0.0,0.0,0.0,0.0,0
1777318646975000,0,1.0,0.0,0.0,0.0,0.0,0.0,0.0,0.0,0
1777318646991000,0,1.0,0.0,0.0,0.0,0.0,0.0,0.0,0.0,0
1777318646999000,0,1.0,0.0,0.0,0.0,0.0,0.0,0.0,0.0,0
1777318647007000,0,1.0,0.0,0.0,0.0,0.0,0.0,0.0,0.0,0
1777318647015000,0,1.0,0.0,0.0,0.0,0.0,0.0,0.0,0.0,0
1777318647031000,0,1.0,0.0,0.0,0.0,0.0,0.0,0.0,0.0,0
1777318647039000,0,1.0,0.0,0.0,0.0,0.0,0.0,0.0,0.0,0
1777318647047000,0,1.0,0.0,0.0,0.0,0.0,0.0,0.0,0.0,0
1777318647055000,0,1.0,0.0,0.0,0.0,0.0,0.0,0.0,0.0,0
1777318647071000,0,1.0,0.0,0.0,0.0,0.0,0.0,0.0,0.0,0
1777318647079000,0,1.0,0.0,0.0,0.0,0.0,0.0,0.0,0.0,0
1777318647087000,0,1.0,0.0,0.0,0.0,0.0,0.0,0.0,0.0,0
1777318647095000,0,1.0,0.0,0.0,0.0,0.0,0.0,0.0,0.0,0
1777318647111000,0,1.0,0.0,0.0,0.0,0.0,0.0,0.0,0.0,0
1777318647119000,0,1.0,0.0,0.0,0.0,0.0,0.0,0.0,0.0,0
1777318647127000,0,1.0,0.0,0.0,0.0,0.0,0.0,0.0,0.0,0
1777318647135000,0,1.0,0.0,0.0,0.0,0.0,0.0,0.0,0.0,0
1777318647151000,0,1.0,0.0,0.0,0.0,0.0,0.0,0.0,0.0,0
1777318647159000,0,1.0,0.0,0.0,0.0,0.0,0.0,0.0,0.0,0
1777318647167000,0,1.0,0.0,0.0,0.0,0.0,0.0,0.0,0.0,0
1777318647175000,0,1.0,0.0,0.0,0.0,0.0,0.0,0.0,0.0,0
1777318647191000,0,1.0,0.0,0.0,0.0,0.0,0.0,0.0,0.0,0
1777318647199000,0,1.0,0.0,0.0,0.0,0.0,0.0,0.0,0.0,0
1777318647207000,0,1.0,0.0,0.0,0.0,0.0,0.0,0.0,0.0,0
1777318647215000,0,1.0,0.0,0.0,0.0,0.0,0.0,0.0,0.0,0
1777318647231000,0,1.0,0.0,0.0,0.0,0.0,0.0,0.0,0.0,0
1777318647239000,0,1.0,0.0,0.0,0.0,0.0,0.0,0.0,0.0,0
1777318647247000,0,1.0,0.0,0.0,0.0,0.0,0.0,0.0,0.0,0
1777318647255000,0,1.0,0.0,0.0,0.0,0.0,0.0,0.0,0.0,0
1777318647271000,0,1.0,0.0,0.0,0.0,0.0,0.0,0.0,0.0,0
1777318647279000,0,1.0,0.0,0.0,0.0,0.0,0.0,0.0,0.0,0
1777318647287000,0,1.0,0.0,0.0,0.0,0.0,0.0,0.0,0.0,0
1777318647295000,0,1.0,0.0,0.0,0.0,0.0,0.0,0.0,0.0,0
1777318647311000,0,1.0,0.0,0.0,0.0,0.0,0.0,0.0,0.0,0
1777318647319000,0,1.0,0.0,0.0,0.0,0.0,0.0,0.0,0.0,0
1777318647327000,0,1.0,0.0,0.0,0.0,0.0,0.0,0.0,0.0,0
1777318647335000,0,1.0,0.0,0.0,0.0,0.0,0.0,0.0,0.0,0
1777318647351000,0,1.0,0.0,0.0,0.0,0.0,0.0,0.0,0.0,0
1777318647359000,0,1.0,0.0,0.0,0.0,0.0,0.0,0.0,0.0,0
1777318647367000,0,1.0,0.0,0.0,0.0,0.0,0.0,0.0,0.0,0
1777318647375000,0,1.0,0.0,0.0,0.0,0.0,0.0,0.0,0.0,0
1777318647391000,0,1.0,0.0,0.0,0.0,0.0,0.0,0.0,0.0,0
1777318647399000,0,1.0,0.0,0.0,0.0,0.0,0.0,0.0,0.0,0
1777318647407000,0,1.0,0.0,0.0,0.0,0.0,0.0,0.0,0.0,0
1777318647415000,0,1.0,0.0,0.0,0.0,0.0,0.0,0.0,0.0,0
1777318647431000,0,1.0,0.0,0.0,0.0,0.0,0.0,0.0,0.0,0
1777318647439000,0,1.0,0.0,0.0,0.0,0.0,0.0,0.0,0.0,0
1777318647447000,0,1.0,0.0,0.0,0.0,0.0,0.0,0.0,0.0,0
1777318647455000,0,1.0,0.0,0.0,0.0,0.0,0.0,0.0,0.0,0
1777318647471000,0,1.0,0.0,0.0,0.0,0.0,0.0,0.0,0.0,0
1777318647479000,0,1.0,0.0,0.0,0.0,0.0,0.0,0.0,0.0,0
1777318647487000,0,1.0,0.0,0.0,0.0,0.0,0.0,0.0,0.0,0
1777318647495000,0,1.0,0.0,0.0,0.0,0.0,0.0,0.0,0.0,0
1777318647511000,0,1.0,0.0,0.0,0.0,0.0,0.0,0.0,0.0,0
1777318647519000,0,1.0,0.0,0.0,0.0,0.0,0.0,0.0,0.0,0
1777318647527000,0,1.0,0.0,0.0,0.0,0.0,0.0,0.0,0.0,0
1777318647535000,0,1.0,0.0,0.0,0.0,0.0,0.0,0.0,0.0,0
1777318647551000,0,1.0,0.0,0.0,0.0,0.0,0.0,0.0,0.0,0
1777318647559000,0,1.0,0.0,0.0,0.0,0.0,0.0,0.0,0.0,0
1777318647567000,0,1.0,0.0,0.0,0.0,0.0,0.0,0.0,0.0,0
1777318647575000,0,1.0,0.0,0.0,0.0,0.0,0.0,0.0,0.0,0
1777318647591000,0,1.0,0.0,0.0,0.0,0.0,0.0,0.0,0.0,0
1777318647599000,0,1.0,0.0,0.0,0.0,0.0,0.0,0.0,0.0,0
1777318647607000,0,1.0,0.0,0.0,0.0,0.0,0.0,0.0,0.0,0
1777318647615000,0,1.0,0.0,0.0,0.0,0.0,0.0,0.0,0.0,0
1777318647631000,0,1.0,0.0,0.0,0.0,0.0,0.0,0.0,0.0,0
1777318647639000,0,1.0,0.0,0.0,0.0,0.0,0.0,0.0,0.0,0
1777318647647000,0,1.0,0.0,0.0,0.0,0.0,0.0,0.0,0.0,0
1777318647655000,0,1.0,0.0,0.0,0.0,0.0,0.0,0.0,0.0,0
1777318647671000,0,1.0,0.0,0.0,0.0,0.0,0.0,0.0,0.0,0
1777318647679000,0,1.0,0.0,0.0,0.0,0.0,0.0,0.0,0.0,0
1777318647687000,0,1.0,0.0,0.0,0.0,0.0,0.0,0.0,0.0,0
1777318647695000,0,1.0,0.0,0.0,0.0,0.0,0.0,0.0,0.0,0
1777318647711000,0,1.0,0.0,0.0,0.0,0.0,0.0,0.0,0.0,0
1777318647719000,0,1.0,0.0,0.0,0.0,0.0,0.0,0.0,0.0,0
1777318647727000,0,1.0,0.0,0.0,0.0,0.0,0.0,0.0,0.0,0
1777318647735000,0,1.0,0.0,0.0,0.0,0.0,0.0,0.0,0.0,0
1777318647751000,0,1.0,0.0,0.0,0.0,0.0,0.0,0.0,0.0,0
1777318647759000,0,1.0,0.0,0.0,0.0,0.0,0.0,0.0,0.0,0
1777318647767000,0,1.0,0.0,0.0,0.0,0.0,0.0,0.0,0.0,0
1777318647775000,0,1.0,0.0,0.0,0.0,0.0,0.0,0.0,0.0,0
1777318647791000,0,1.0,0.0,0.0,0.0,0.0,0.0,0.0,0.0,0
1777318647799000,0,1.0,0.0,0.0,0.0,0.0,0.0,0.0,0.0,0
1777318647807000,0,1.0,0.0,0.0,0.0,0.0,0.0,0.0,0.0,0
1777318647815000,0,1.0,0.0,0.0,0.0,0.0,0.0,0.0,0.0,0
1777318647831000,0,1.0,0.0,0.0,0.0,0.0,0.0,0.0,0.0,0
1777318647839000,0,1.0,0.0,0.0,0.0,0.0,0.0,0.0,0.0,0
1777318647847000,0,1.0,0.0,0.0,0.0,0.0,0.0,0.0,0.0,0
1777318647855000,0,1.0,0.0,0.0,0.0,0.0,0.0,0.0,0.0,0
1777318647871000,0,1.0,0.0,0.0,0.0,0.0,0.0,0.0,0.0,0
1777318647879000,0,1.0,0.0,0.0,0.0,0.0,0.0,0.0,0.0,0
1777318647887000,0,1.0,0.0,0.0,0.0,0.0,0.0,0.0,0.0,0
1777318647895000,0,1.0,0.0,0.0,0.0,0.0,0.0,0.0,0.0,0
1777318647911000,0,1.0,0.0,0.0,0.0,0.0,0.0,0.0,0.0,0
1777318647919000,0,1.0,0.0,0.0,0.0,0.0,0.0,0.0,0.0,0
1777318647927000,0,1.0,0.0,0.0,0.0,0.0,0.0,0.0,0.0,0
1777318647935000,0,1.0,0.0,0.0,0.0,0.0,0.0,0.0,0.0,0
1777318647951000,0,1.0,0.0,0.0,0.0,0.0,0.0,0.0,0.0,0
1777318647959000,0,1.0,0.0,0.0,0.0,0.0,0.0,0.0,0.0,0
1777318647967000,0,1.0,0.0,0.0,0.0,0.0,0.0,0.0,0.0,0
1777318647975000,0,1.0,0.0,0.0,0.0,0.0,0.0,0.0,0.0,0
1777318647991000,0,1.0,0.0,0.0,0.0,0.0,0.0,0.0,0.0,0
1777318647999000,0,1.0,0.0,0.0,0.0,0.0,0.0,0.0,0.0,0
1777318648007000,0,1.0,0.0,0.0,0.0,0.0,0.0,0.0,0.0,0
1777318648015000,0,1.0,0.0,0.0,0.0,0.0,0.0,0.0,0.0,0
1777318648031000,0,1.0,0.0,0.0,0.0,0.0,0.0,0.0,0.0,0
1777318648039000,0,1.0,0.0,0.0,0.0,0.0,0.0,0.0,0.0,0
1777318648047000,0,1.0,0.0,0.0,0.0,0.0,0.0,0.0,0.0,0
1777318648055000,0,1.0,0.0,0.0,0.0,0.0,0.0,0.0,0.0,0
1777318648071000,0,1.0,0.0,0.0,0.0,0.0,0.0,0.0,0.0,0
1777318648079000,0,1.0,0.0,0.0,0.0,0.0,0.0,0.0,0.0,0
1777318648087000,0,1.0,0.0,0.0,0.0,0.0,0.0,0.0,0.0,0
1777318648095000,0,1.0,0.0,0.0,0.0,0.0,0.0,0.0,0.0,0
1777318648111000,0,1.0,0.0,0.0,0.0,0.0,0.0,0.0,0.0,0
1777318648119000,0,1.0,0.0,0.0,0.0,0.0,0.0,0.0,0.0,0
1777318648127000,0,1.0,0.0,0.0,0.0,0.0,0.0,0.0,0.0,0
1777318648135000,0,1.0,0.0,0.0,0.0,0.0,0.0,0.0,0.0,0
1777318648151000,0,1.0,0.0,0.0,0.0,0.0,0.0,0.0,0.0,0
1777318648159000,0,1.0,0.0,0.0,0.0,0.0,0.0,0.0,0.0,0
1777318648167000,0,1.0,0.0,0.0,0.0,0.0,0.0,0.0,0.0,0
1777318648175000,0,1.0,0.0,0.0,0.0,0.0,0.0,0.0,0.0,0
1777318648191000,0,1.0,0.0,0.0,0.0,0.0,0.0,0.0,0.0,0
1777318648199000,0,1.0,0.0,0.0,0.0,0.0,0.0,0.0,0.0,0
1777318648207000,0,1.0,0.0,0.0,0.0,0.0,0.0,0.0,0.0,0
1777318648215000,0,1.0,0.0,0.0,0.0,0.0,0.0,0.0,0.0,0
1777318648231000,0,1.0,0.0,0.0,0.0,0.0,0.0,0.0,0.0,0
1777318648239000,0,1.0,0.0,0.0,0.0,0.0,0.0,0.0,0.0,0
1777318648247000,0,1.0,0.0,0.0,0.0,0.0,0.0,0.0,0.0,0
1777318648255000,0,1.0,0.0,0.0,0.0,0.0,0.0,0.0,0.0,0
1777318648271000,0,1.0,0.0,0.0,0.0,0.0,0.0,0.0,0.0,0
1777318648279000,0,1.0,0.0,0.0,0.0,0.0,0.0,0.0,0.0,0
1777318648287000,0,1.0,0.0,0.0,0.0,0.0,0.0,0.0,0.0,0
1777318648295000,0,1.0,0.0,0.0,0.0,0.0,0.0,0.0,0.0,0
1777318648311000,0,1.0,0.0,0.0,0.0,0.0,0.0,0.0,0.0,0
1777318648319000,0,1.0,0.0,0.0,0.0,0.0,0.0,0.0,0.0,0
1777318648327000,0,1.0,0.0,0.0,0.0,0.0,0.0,0.0,0.0,0
1777318648335000,0,1.0,0.0,0.0,0.0,0.0,0.0,0.0,0.0,0
1777318648343000,0,1.0,0.0,0.0,0.0,0.0,0.0,0.0,0.0,0
1777318648359000,0,1.0,0.0,0.0,0.0,0.0,0.0,0.0,0.0,0
1777318648367000,0,1.0,0.0,0.0,0.0,0.0,0.0,0.0,0.0,0
1777318648375000,0,1.0,0.0,0.0,0.0,0.0,0.0,0.0,0.0,0
1777318648391000,0,1.0,0.0,0.0,0.0,0.0,0.0,0.0,0.0,0
1777318648399000,0,1.0,0.0,0.0,0.0,0.0,0.0,0.0,0.0,0
1777318648407000,0,1.0,0.0,0.0,0.0,0.0,0.0,0.0,0.0,0
1777318648415000,0,1.0,0.0,0.0,0.0,0.0,0.0,0.0,0.0,0
1777318648431000,0,1.0,0.0,0.0,0.0,0.0,0.0,0.0,0.0,0
1777318648439000,0,1.0,0.0,0.0,0.0,0.0,0.0,0.0,0.0,0
1777318648447000,0,1.0,0.0,0.0,0.0,0.0,0.0,0.0,0.0,0
1777318648455000,0,1.0,0.0,0.0,0.0,0.0,0.0,0.0,0.0,0
1777318648471000,0,1.0,0.0,0.0,0.0,0.0,0.0,0.0,0.0,0
1777318648479000,0,1.0,0.0,0.0,0.0,0.0,0.0,0.0,0.0,0
1777318648487000,0,1.0,0.0,0.0,0.0,0.0,0.0,0.0,0.0,0
1777318648495000,0,1.0,0.0,0.0,0.0,0.0,0.0,0.0,0.0,0
1777318648511000,0,1.0,0.0,0.0,0.0,0.0,0.0,0.0,0.0,0
1777318648519000,0,1.0,0.0,0.0,0.0,0.0,0.0,0.0,0.0,0
1777318648527000,0,1.0,0.0,0.0,0.0,0.0,0.0,0.0,0.0,0
1777318648535000,0,1.0,0.0,0.0,0.0,0.0,0.0,0.0,0.0,0
1777318648551000,0,1.0,0.0,0.0,0.0,0.0,0.0,0.0,0.0,0
1777318648559000,0,1.0,0.0,0.0,0.0,0.0,0.0,0.0,0.0,0
1777318648567000,0,1.0,0.0,0.0,0.0,0.0,0.0,0.0,0.0,0
1777318648575000,0,1.0,0.0,0.0,0.0,0.0,0.0,0.0,0.0,0
1777318648591000,0,1.0,0.0,0.0,0.0,0.0,0.0,0.0,0.0,0
1777318648599000,0,1.0,0.0,0.0,0.0,0.0,0.0,0.0,0.0,0
1777318648607000,0,1.0,0.0,0.0,0.0,0.0,0.0,0.0,0.0,0
1777318648615000,0,1.0,0.0,0.0,0.0,0.0,0.0,0.0,0.0,0
1777318648631000,0,1.0,0.0,0.0,0.0,0.0,0.0,0.0,0.0,0
1777318648639000,0,1.0,0.0,0.0,0.0,0.0,0.0,0.0,0.0,0
1777318648647000,0,1.0,0.0,0.0,0.0,0.0,0.0,0.0,0.0,0
1777318648655000,0,1.0,0.0,0.0,0.0,0.0,0.0,0.0,0.0,0
1777318648671000,0,1.0,0.0,0.0,0.0,0.0,0.0,0.0,0.0,0
1777318648679000,0,1.0,0.0,0.0,0.0,0.0,0.0,0.0,0.0,0
1777318648687000,0,1.0,0.0,0.0,0.0,0.0,0.0,0.0,0.0,0
1777318648695000,0,1.0,0.0,0.0,0.0,0.0,0.0,0.0,0.0,0
1777318648703000,0,1.0,0.0,0.0,0.0,0.0,0.0,0.0,0.0,0
1777318648719000,0,1.0,0.0,0.0,0.0,0.0,0.0,0.0,0.0,0
1777318648727000,0,1.0,0.0,0.0,0.0,0.0,0.0,0.0,0.0,0
1777318648735000,0,1.0,0.0,0.0,0.0,0.0,0.0,0.0,0.0,0
1777318648751000,0,1.0,0.0,0.0,0.0,0.0,0.0,0.0,0.0,0
1777318648759000,0,1.0,0.0,0.0,0.0,0.0,0.0,0.0,0.0,0
1777318648767000,0,1.0,0.0,0.0,0.0,0.0,0.0,0.0,0.0,0
1777318648775000,0,1.0,0.0,0.0,0.0,0.0,0.0,0.0,0.0,0
1777318648791000,0,1.0,0.0,0.0,0.0,0.0,0.0,0.0,0.0,0
1777318648799000,0,1.0,0.0,0.0,0.0,0.0,0.0,0.0,0.0,0
1777318648807000,0,1.0,0.0,0.0,0.0,0.0,0.0,0.0,0.0,0
1777318648815000,0,1.0,0.0,0.0,0.0,0.0,0.0,0.0,0.0,0
1777318648831000,0,1.0,0.0,0.0,0.0,0.0,0.0,0.0,0.0,0
1777318648839000,0,1.0,0.0,0.0,0.0,0.0,0.0,0.0,0.0,0
1777318648847000,0,1.0,0.0,0.0,0.0,0.0,0.0,0.0,0.0,0
1777318648855000,0,1.0,0.0,0.0,0.0,0.0,0.0,0.0,0.0,0
1777318648871000,0,1.0,0.0,0.0,0.0,0.0,0.0,0.0,0.0,0
1777318648879000,0,1.0,0.0,0.0,0.0,0.0,0.0,0.0,0.0,0
1777318648887000,0,1.0,0.0,0.0,0.0,0.0,0.0,0.0,0.0,0
1777318648895000,0,1.0,0.0,0.0,0.0,0.0,0.0,0.0,0.0,0
1777318648911000,0,1.0,0.0,0.0,0.0,0.0,0.0,0.0,0.0,0
1777318648919000,0,1.0,0.0,0.0,0.0,0.0,0.0,0.0,0.0,0
1777318648927000,0,1.0,0.0,0.0,0.0,0.0,0.0,0.0,0.0,0
1777318648935000,0,1.0,0.0,0.0,0.0,0.0,0.0,0.0,0.0,0
1777318648951000,0,1.0,0.0,0.0,0.0,0.0,0.0,0.0,0.0,0
1777318648959000,0,1.0,0.0,0.0,0.0,0.0,0.0,0.0,0.0,0
1777318648967000,0,1.0,0.0,0.0,0.0,0.0,0.0,0.0,0.0,0
1777318648975000,0,1.0,0.0,0.0,0.0,0.0,0.0,0.0,0.0,0
1777318648991000,0,1.0,0.0,0.0,0.0,0.0,0.0,0.0,0.0,0
1777318648999000,0,1.0,0.0,0.0,0.0,0.0,0.0,0.0,0.0,0
1777318649007000,0,1.0,0.0,0.0,0.0,0.0,0.0,0.0,0.0,0
1777318649015000,0,1.0,0.0,0.0,0.0,0.0,0.0,0.0,0.0,0
1777318649031000,0,1.0,0.0,0.0,0.0,0.0,0.0,0.0,0.0,0
1777318649039000,0,1.0,0.0,0.0,0.0,0.0,0.0,0.0,0.0,0
1777318649047000,0,1.0,0.0,0.0,0.0,0.0,0.0,0.0,0.0,0
1777318649055000,0,1.0,0.0,0.0,0.0,0.0,0.0,0.0,0.0,0
1777318649071000,0,1.0,0.0,0.0,0.0,0.0,0.0,0.0,0.0,0
1777318649079000,0,1.0,0.0,0.0,0.0,0.0,0.0,0.0,0.0,0
1777318649087000,0,1.0,0.0,0.0,0.0,0.0,0.0,0.0,0.0,0
1777318649095000,0,1.0,0.0,0.0,0.0,0.0,0.0,0.0,0.0,0
1777318649111000,0,1.0,0.0,0.0,0.0,0.0,0.0,0.0,0.0,0
1777318649119000,0,1.0,0.0,0.0,0.0,0.0,0.0,0.0,0.0,0
1777318649127000,0,1.0,0.0,0.0,0.0,0.0,0.0,0.0,0.0,0
1777318649135000,0,1.0,0.0,0.0,0.0,0.0,0.0,0.0,0.0,0
1777318649151000,0,1.0,0.0,0.0,0.0,0.0,0.0,0.0,0.0,0
1777318649159000,0,1.0,0.0,0.0,0.0,0.0,0.0,0.0,0.0,0
1777318649167000,0,1.0,0.0,0.0,0.0,0.0,0.0,0.0,0.0,0
1777318649175000,0,1.0,0.0,0.0,0.0,0.0,0.0,0.0,0.0,0
1777318649191000,0,1.0,0.0,0.0,0.0,0.0,0.0,0.0,0.0,0
1777318649199000,0,1.0,0.0,0.0,0.0,0.0,0.0,0.0,0.0,0
1777318649207000,0,1.0,0.0,0.0,0.0,0.0,0.0,0.0,0.0,0
1777318649215000,0,1.0,0.0,0.0,0.0,0.0,0.0,0.0,0.0,0
1777318649231000,0,1.0,0.0,0.0,0.0,0.0,0.0,0.0,0.0,0
1777318649239000,0,1.0,0.0,0.0,0.0,0.0,0.0,0.0,0.0,0
1777318649247000,0,1.0,0.0,0.0,0.0,0.0,0.0,0.0,0.0,0
1777318649255000,0,1.0,0.0,0.0,0.0,0.0,0.0,0.0,0.0,0
1777318649271000,0,1.0,0.0,0.0,0.0,0.0,0.0,0.0,0.0,0
1777318649279000,0,1.0,0.0,0.0,0.0,0.0,0.0,0.0,0.0,0
1777318649287000,0,1.0,0.0,0.0,0.0,0.0,0.0,0.0,0.0,0
1777318649295000,0,1.0,0.0,0.0,0.0,0.0,0.0,0.0,0.0,0
1777318649311000,0,1.0,0.0,0.0,0.0,0.0,0.0,0.0,0.0,0
1777318649319000,0,1.0,0.0,0.0,0.0,0.0,0.0,0.0,0.0,0
1777318649327000,0,1.0,0.0,0.0,0.0,0.0,0.0,0.0,0.0,0
1777318649335000,0,1.0,0.0,0.0,0.0,0.0,0.0,0.0,0.0,0
1777318649351000,0,1.0,0.0,0.0,0.0,0.0,0.0,0.0,0.0,0
1777318649359000,0,1.0,0.0,0.0,0.0,0.0,0.0,0.0,0.0,0
1777318649367000,0,1.0,0.0,0.0,0.0,0.0,0.0,0.0,0.0,0
1777318649375000,0,1.0,0.0,0.0,0.0,0.0,0.0,0.0,0.0,0
1777318649391000,0,1.0,0.0,0.0,0.0,0.0,0.0,0.0,0.0,0
1777318649399000,0,1.0,0.0,0.0,0.0,0.0,0.0,0.0,0.0,0
1777318649407000,0,1.0,0.0,0.0,0.0,0.0,0.0,0.0,0.0,0
1777318649415000,0,1.0,0.0,0.0,0.0,0.0,0.0,0.0,0.0,0
1777318649431000,0,1.0,0.0,0.0,0.0,0.0,0.0,0.0,0.0,0
1777318649439000,0,1.0,0.0,0.0,0.0,0.0,0.0,0.0,0.0,0
1777318649447000,0,1.0,0.0,0.0,0.0,0.0,0.0,0.0,0.0,0
1777318649455000,0,1.0,0.0,0.0,0.0,0.0,0.0,0.0,0.0,0
1777318649471000,0,1.0,0.0,0.0,0.0,0.0,0.0,0.0,0.0,0
1777318649479000,0,1.0,0.0,0.0,0.0,0.0,0.0,0.0,0.0,0
1777318649487000,0,1.0,0.0,0.0,0.0,0.0,0.0,0.0,0.0,0
1777318649495000,0,1.0,0.0,0.0,0.0,0.0,0.0,0.0,0.0,0
1777318649511000,0,1.0,0.0,0.0,0.0,0.0,0.0,0.0,0.0,0
1777318649519000,0,1.0,0.0,0.0,0.0,0.0,0.0,0.0,0.0,0
1777318649527000,0,1.0,0.0,0.0,0.0,0.0,0.0,0.0,0.0,0
1777318649535000,0,1.0,0.0,0.0,0.0,0.0,0.0,0.0,0.0,0
1777318649551000,0,1.0,0.0,0.0,0.0,0.0,0.0,0.0,0.0,0
1777318649559000,0,1.0,0.0,0.0,0.0,0.0,0.0,0.0,0.0,0
1777318649567000,0,1.0,0.0,0.0,0.0,0.0,0.0,0.0,0.0,0
1777318649575000,0,1.0,0.0,0.0,0.0,0.0,0.0,0.0,0.0,0
1777318649591000,0,1.0,0.0,0.0,0.0,0.0,0.0,0.0,0.0,0
1777318649599000,0,1.0,0.0,0.0,0.0,0.0,0.0,0.0,0.0,0
1777318649607000,0,1.0,0.0,0.0,0.0,0.0,0.0,0.0,0.0,0
1777318649615000,0,1.0,0.0,0.0,0.0,0.0,0.0,0.0,0.0,0
1777318649631000,0,1.0,0.0,0.0,0.0,0.0,0.0,0.0,0.0,0
1777318649639000,0,1.0,0.0,0.0,0.0,0.0,0.0,0.0,0.0,0
1777318649647000,0,1.0,0.0,0.0,0.0,0.0,0.0,0.0,0.0,0
1777318649655000,0,1.0,0.0,0.0,0.0,0.0,0.0,0.0,0.0,0
1777318649671000,0,1.0,0.0,0.0,0.0,0.0,0.0,0.0,0.0,0
1777318649679000,0,1.0,0.0,0.0,0.0,0.0,0.0,0.0,0.0,0
1777318649687000,0,1.0,0.0,0.0,0.0,0.0,0.0,0.0,0.0,0
1777318649695000,0,1.0,0.0,0.0,0.0,0.0,0.0,0.0,0.0,0
1777318649711000,0,1.0,0.0,0.0,0.0,0.0,0.0,0.0,0.0,0
1777318649719000,0,1.0,0.0,0.0,0.0,0.0,0.0,0.0,0.0,0
1777318649727000,0,1.0,0.0,0.0,0.0,0.0,0.0,0.0,0.0,0
1777318649735000,0,1.0,0.0,0.0,0.0,0.0,0.0,0.0,0.0,0
1777318649751000,0,1.0,0.0,0.0,0.0,0.0,0.0,0.0,0.0,0
1777318649759000,0,1.0,0.0,0.0,0.0,0.0,0.0,0.0,0.0,0
1777318649767000,0,1.0,0.0,0.0,0.0,0.0,0.0,0.0,0.0,0
1777318649775000,0,1.0,0.0,0.0,0.0,0.0,0.0,0.0,0.0,0
1777318649791000,0,1.0,0.0,0.0,0.0,0.0,0.0,0.0,0.0,0
1777318649799000,0,1.0,0.0,0.0,0.0,0.0,0.0,0.0,0.0,0
1777318649807000,0,1.0,0.0,0.0,0.0,0.0,0.0,0.0,0.0,0
1777318649815000,0,1.0,0.0,0.0,0.0,0.0,0.0,0.0,0.0,0
1777318649831000,0,1.0,0.0,0.0,0.0,0.0,0.0,0.0,0.0,0
1777318649839000,0,1.0,0.0,0.0,0.0,0.0,0.0,0.0,0.0,0
1777318649847000,0,1.0,0.0,0.0,0.0,0.0,0.0,0.0,0.0,0
1777318649855000,0,1.0,0.0,0.0,0.0,0.0,0.0,0.0,0.0,0
1777318649871000,0,1.0,0.0,0.0,0.0,0.0,0.0,0.0,0.0,0
1777318649879000,0,1.0,0.0,0.0,0.0,0.0,0.0,0.0,0.0,0
1777318649887000,0,1.0,0.0,0.0,0.0,0.0,0.0,0.0,0.0,0
1777318649895000,0,1.0,0.0,0.0,0.0,0.0,0.0,0.0,0.0,0
1777318649911000,0,1.0,0.0,0.0,0.0,0.0,0.0,0.0,0.0,0
1777318649919000,0,1.0,0.0,0.0,0.0,0.0,0.0,0.0,0.0,0
1777318649927000,0,1.0,0.0,0.0,0.0,0.0,0.0,0.0,0.0,0
1777318649935000,0,1.0,0.0,0.0,0.0,0.0,0.0,0.0,0.0,0
1777318649951000,0,1.0,0.0,0.0,0.0,0.0,0.0,0.0,0.0,0
1777318649959000,0,1.0,0.0,0.0,0.0,0.0,0.0,0.0,0.0,0
1777318649967000,0,1.0,0.0,0.0,0.0,0.0,0.0,0.0,0.0,0
1777318649975000,0,1.0,0.0,0.0,0.0,0.0,0.0,0.0,0.0,0
1777318649991000,0,1.0,0.0,0.0,0.0,0.0,0.0,0.0,0.0,0
1777318649999000,0,1.0,0.0,0.0,0.0,0.0,0.0,0.0,0.0,0
1777318650007000,0,1.0,0.0,0.0,0.0,0.0,0.0,0.0,0.0,0
1777318650015000,0,1.0,0.0,0.0,0.0,0.0,0.0,0.0,0.0,0
1777318650031000,0,1.0,0.0,0.0,0.0,0.0,0.0,0.0,0.0,0
1777318650039000,0,1.0,0.0,0.0,0.0,0.0,0.0,0.0,0.0,0
1777318650047000,0,1.0,0.0,0.0,0.0,0.0,0.0,0.0,0.0,0
1777318650055000,0,1.0,0.0,0.0,0.0,0.0,0.0,0.0,0.0,0
1777318650071000,0,1.0,0.0,0.0,0.0,0.0,0.0,0.0,0.0,0
1777318650079000,0,1.0,0.0,0.0,0.0,0.0,0.0,0.0,0.0,0
1777318650087000,0,1.0,0.0,0.0,0.0,0.0,0.0,0.0,0.0,0
1777318650095000,0,1.0,0.0,0.0,0.0,0.0,0.0,0.0,0.0,0
1777318650111000,0,1.0,0.0,0.0,0.0,0.0,0.0,0.0,0.0,0
1777318650119000,0,1.0,0.0,0.0,0.0,0.0,0.0,0.0,0.0,0
1777318650127000,0,1.0,0.0,0.0,0.0,0.0,0.0,0.0,0.0,0
1777318650135000,0,1.0,0.0,0.0,0.0,0.0,0.0,0.0,0.0,0
1777318650151000,0,1.0,0.0,0.0,0.0,0.0,0.0,0.0,0.0,0
1777318650159000,0,1.0,0.0,0.0,0.0,0.0,0.0,0.0,0.0,0
1777318650167000,0,1.0,0.0,0.0,0.0,0.0,0.0,0.0,0.0,0
1777318650175000,0,1.0,0.0,0.0,0.0,0.0,0.0,0.0,0.0,0
1777318650191000,0,1.0,0.0,0.0,0.0,0.0,0.0,0.0,0.0,0
1777318650199000,0,1.0,0.0,0.0,0.0,0.0,0.0,0.0,0.0,0
1777318650207000,0,1.0,0.0,0.0,0.0,0.0,0.0,0.0,0.0,0
1777318650215000,0,1.0,0.0,0.0,0.0,0.0,0.0,0.0,0.0,0
1777318650231000,0,1.0,0.0,0.0,0.0,0.0,0.0,0.0,0.0,0
1777318650239000,0,1.0,0.0,0.0,0.0,0.0,0.0,0.0,0.0,0
1777318650247000,0,1.0,0.0,0.0,0.0,0.0,0.0,0.0,0.0,0
1777318650255000,0,1.0,0.0,0.0,0.0,0.0,0.0,0.0,0.0,0
1777318650271000,0,1.0,0.0,0.0,0.0,0.0,0.0,0.0,0.0,0
1777318650279000,0,1.0,0.0,0.0,0.0,0.0,0.0,0.0,0.0,0
1777318650287000,0,1.0,0.0,0.0,0.0,0.0,0.0,0.0,0.0,0
1777318650295000,0,1.0,0.0,0.0,0.0,0.0,0.0,0.0,0.0,0
1777318650311000,0,1.0,0.0,0.0,0.0,0.0,0.0,0.0,0.0,0
1777318650319000,0,1.0,0.0,0.0,0.0,0.0,0.0,0.0,0.0,0
1777318650327000,0,1.0,0.0,0.0,0.0,0.0,0.0,0.0,0.0,0
1777318650335000,0,1.0,0.0,0.0,0.0,0.0,0.0,0.0,0.0,0
1777318650351000,0,1.0,0.0,0.0,0.0,0.0,0.0,0.0,0.0,0
1777318650359000,0,1.0,0.0,0.0,0.0,0.0,0.0,0.0,0.0,0
1777318650367000,0,1.0,0.0,0.0,0.0,0.0,0.0,0.0,0.0,0
1777318650375000,0,1.0,0.0,0.0,0.0,0.0,0.0,0.0,0.0,0
1777318650391000,0,1.0,0.0,0.0,0.0,0.0,0.0,0.0,0.0,0
1777318650399000,0,1.0,0.0,0.0,0.0,0.0,0.0,0.0,0.0,0
1777318650407000,0,1.0,0.0,0.0,0.0,0.0,0.0,0.0,0.0,0
1777318650415000,0,1.0,0.0,0.0,0.0,0.0,0.0,0.0,0.0,0
1777318650431000,0,1.0,0.0,0.0,0.0,0.0,0.0,0.0,0.0,0
1777318650439000,0,1.0,0.0,0.0,0.0,0.0,0.0,0.0,0.0,0
1777318650447000,0,1.0,0.0,0.0,0.0,0.0,0.0,0.0,0.0,0
1777318650455000,0,1.0,0.0,0.0,0.0,0.0,0.0,0.0,0.0,0
1777318650471000,0,1.0,0.0,0.0,0.0,0.0,0.0,0.0,0.0,0
1777318650479000,0,1.0,0.0,0.0,0.0,0.0,0.0,0.0,0.0,0
1777318650487000,0,1.0,0.0,0.0,0.0,0.0,0.0,0.0,0.0,0
1777318650495000,0,1.0,0.0,0.0,0.0,0.0,0.0,0.0,0.0,0
1777318650511000,0,1.0,0.0,0.0,0.0,0.0,0.0,0.0,0.0,0
1777318650519000,0,1.0,0.0,0.0,0.0,0.0,0.0,0.0,0.0,0
1777318650527000,0,1.0,0.0,0.0,0.0,0.0,0.0,0.0,0.0,0
1777318650535000,0,1.0,0.0,0.0,0.0,0.0,0.0,0.0,0.0,0
1777318650551000,0,1.0,0.0,0.0,0.0,0.0,0.0,0.0,0.0,0
1777318650559000,0,1.0,0.0,0.0,0.0,0.0,0.0,0.0,0.0,0
1777318650567000,0,1.0,0.0,0.0,0.0,0.0,0.0,0.0,0.0,0
1777318650575000,0,1.0,0.0,0.0,0.0,0.0,0.0,0.0,0.0,0
1777318650591000,0,1.0,0.0,0.0,0.0,0.0,0.0,0.0,0.0,0
1777318650599000,0,1.0,0.0,0.0,0.0,0.0,0.0,0.0,0.0,0
1777318650607000,0,1.0,0.0,0.0,0.0,0.0,0.0,0.0,0.0,0
1777318650615000,0,1.0,0.0,0.0,0.0,0.0,0.0,0.0,0.0,0
1777318650631000,0,1.0,0.0,0.0,0.0,0.0,0.0,0.0,0.0,0
1777318650639000,0,1.0,0.0,0.0,0.0,0.0,0.0,0.0,0.0,0
1777318650647000,0,1.0,0.0,0.0,0.0,0.0,0.0,0.0,0.0,0
1777318650655000,0,1.0,0.0,0.0,0.0,0.0,0.0,0.0,0.0,0
1777318650671000,0,1.0,0.0,0.0,0.0,0.0,0.0,0.0,0.0,0
1777318650679000,0,1.0,0.0,0.0,0.0,0.0,0.0,0.0,0.0,0
1777318650687000,0,1.0,0.0,0.0,0.0,0.0,0.0,0.0,0.0,0
1777318650695000,0,1.0,0.0,0.0,0.0,0.0,0.0,0.0,0.0,0
1777318650711000,0,1.0,0.0,0.0,0.0,0.0,0.0,0.0,0.0,0
1777318650719000,0,1.0,0.0,0.0,0.0,0.0,0.0,0.0,0.0,0
1777318650727000,0,1.0,0.0,0.0,0.0,0.0,0.0,0.0,0.0,0
1777318650735000,0,1.0,0.0,0.0,0.0,0.0,0.0,0.0,0.0,0
1777318650751000,0,1.0,0.0,0.0,0.0,0.0,0.0,0.0,0.0,0
1777318650759000,0,1.0,0.0,0.0,0.0,0.0,0.0,0.0,0.0,0
1777318650767000,0,1.0,0.0,0.0,0.0,0.0,0.0,0.0,0.0,0
1777318650775000,0,1.0,0.0,0.0,0.0,0.0,0.0,0.0,0.0,0
1777318650791000,0,1.0,0.0,0.0,0.0,0.0,0.0,0.0,0.0,0
1777318650799000,0,1.0,0.0,0.0,0.0,0.0,0.0,0.0,0.0,0
1777318650807000,0,1.0,0.0,0.0,0.0,0.0,0.0,0.0,0.0,0
1777318650815000,0,1.0,0.0,0.0,0.0,0.0,0.0,0.0,0.0,0
1777318650831000,0,1.0,0.0,0.0,0.0,0.0,0.0,0.0,0.0,0
1777318650839000,0,1.0,0.0,0.0,0.0,0.0,0.0,0.0,0.0,0
1777318650847000,0,1.0,0.0,0.0,0.0,0.0,0.0,0.0,0.0,0
1777318650855000,0,1.0,0.0,0.0,0.0,0.0,0.0,0.0,0.0,0
1777318650871000,0,1.0,0.0,0.0,0.0,0.0,0.0,0.0,0.0,0
1777318650879000,0,1.0,0.0,0.0,0.0,0.0,0.0,0.0,0.0,0
1777318650887000,0,1.0,0.0,0.0,0.0,0.0,0.0,0.0,0.0,0
1777318650895000,0,1.0,0.0,0.0,0.0,0.0,0.0,0.0,0.0,0
1777318650911000,0,1.0,0.0,0.0,0.0,0.0,0.0,0.0,0.0,0
1777318650919000,0,1.0,0.0,0.0,0.0,0.0,0.0,0.0,0.0,0
1777318650927000,0,1.0,0.0,0.0,0.0,0.0,0.0,0.0,0.0,0
1777318650935000,0,1.0,0.0,0.0,0.0,0.0,0.0,0.0,0.0,0
1777318650951000,0,1.0,0.0,0.0,0.0,0.0,0.0,0.0,0.0,0
1777318650959000,0,1.0,0.0,0.0,0.0,0.0,0.0,0.0,0.0,0
1777318650967000,0,1.0,0.0,0.0,0.0,0.0,0.0,0.0,0.0,0
1777318650975000,0,1.0,0.0,0.0,0.0,0.0,0.0,0.0,0.0,0
1777318650991000,0,1.0,0.0,0.0,0.0,0.0,0.0,0.0,0.0,0
1777318650999000,0,1.0,0.0,0.0,0.0,0.0,0.0,0.0,0.0,0
1777318651007000,0,1.0,0.0,0.0,0.0,0.0,0.0,0.0,0.0,0
1777318651015000,0,1.0,0.0,0.0,0.0,0.0,0.0,0.0,0.0,0
1777318651031000,0,1.0,0.0,0.0,0.0,0.0,0.0,0.0,0.0,0
1777318651039000,0,1.0,0.0,0.0,0.0,0.0,0.0,0.0,0.0,0
1777318651047000,0,1.0,0.0,0.0,0.0,0.0,0.0,0.0,0.0,0
1777318651055000,0,1.0,0.0,0.0,0.0,0.0,0.0,0.0,0.0,0
1777318651071000,0,1.0,0.0,0.0,0.0,0.0,0.0,0.0,0.0,0
1777318651079000,0,1.0,0.0,0.0,0.0,0.0,0.0,0.0,0.0,0
1777318651087000,0,1.0,0.0,0.0,0.0,0.0,0.0,0.0,0.0,0
1777318651095000,0,1.0,0.0,0.0,0.0,0.0,0.0,0.0,0.0,0
1777318651111000,0,1.0,0.0,0.0,0.0,0.0,0.0,0.0,0.0,0
1777318651119000,0,1.0,0.0,0.0,0.0,0.0,0.0,0.0,0.0,0
1777318651127000,0,1.0,0.0,0.0,0.0,0.0,0.0,0.0,0.0,0
1777318651135000,0,1.0,0.0,0.0,0.0,0.0,0.0,0.0,0.0,0
1777318651151000,0,1.0,0.0,0.0,0.0,0.0,0.0,0.0,0.0,0
1777318651159000,0,1.0,0.0,0.0,0.0,0.0,0.0,0.0,0.0,0
1777318651167000,0,1.0,0.0,0.0,0.0,0.0,0.0,0.0,0.0,0
1777318651175000,0,1.0,0.0,0.0,0.0,0.0,0.0,0.0,0.0,0
1777318651191000,0,1.0,0.0,0.0,0.0,0.0,0.0,0.0,0.0,0
1777318651199000,0,1.0,0.0,0.0,0.0,0.0,0.0,0.0,0.0,0
1777318651207000,0,1.0,0.0,0.0,0.0,0.0,0.0,0.0,0.0,0
1777318651215000,0,1.0,0.0,0.0,0.0,0.0,0.0,0.0,0.0,0
1777318651231000,0,1.0,0.0,0.0,0.0,0.0,0.0,0.0,0.0,0
1777318651239000,0,1.0,0.0,0.0,0.0,0.0,0.0,0.0,0.0,0
1777318651247000,0,1.0,0.0,0.0,0.0,0.0,0.0,0.0,0.0,0
1777318651255000,0,1.0,0.0,0.0,0.0,0.0,0.0,0.0,0.0,0
1777318651271000,0,1.0,0.0,0.0,0.0,0.0,0.0,0.0,0.0,0
1777318651279000,0,1.0,0.0,0.0,0.0,0.0,0.0,0.0,0.0,0
1777318651287000,0,1.0,0.0,0.0,0.0,0.0,0.0,0.0,0.0,0
1777318651295000,0,1.0,0.0,0.0,0.0,0.0,0.0,0.0,0.0,0
1777318651311000,0,1.0,0.0,0.0,0.0,0.0,0.0,0.0,0.0,0
1777318651319000,0,1.0,0.0,0.0,0.0,0.0,0.0,0.0,0.0,0
1777318651327000,0,1.0,0.0,0.0,0.0,0.0,0.0,0.0,0.0,0
1777318651335000,0,1.0,0.0,0.0,0.0,0.0,0.0,0.0,0.0,0
1777318651351000,0,1.0,0.0,0.0,0.0,0.0,0.0,0.0,0.0,0
1777318651359000,0,1.0,0.0,0.0,0.0,0.0,0.0,0.0,0.0,0
1777318651367000,0,1.0,0.0,0.0,0.0,0.0,0.0,0.0,0.0,0
1777318651375000,0,1.0,0.0,0.0,0.0,0.0,0.0,0.0,0.0,0
1777318651391000,0,1.0,0.0,0.0,0.0,0.0,0.0,0.0,0.0,0
1777318651399000,0,1.0,0.0,0.0,0.0,0.0,0.0,0.0,0.0,0
1777318651407000,0,1.0,0.0,0.0,0.0,0.0,0.0,0.0,0.0,0
1777318651415000,0,1.0,0.0,0.0,0.0,0.0,0.0,0.0,0.0,0
1777318651431000,0,1.0,0.0,0.0,0.0,0.0,0.0,0.0,0.0,0
1777318651439000,0,1.0,0.0,0.0,0.0,0.0,0.0,0.0,0.0,0
1777318651447000,0,1.0,0.0,0.0,0.0,0.0,0.0,0.0,0.0,0
1777318651455000,0,1.0,0.0,0.0,0.0,0.0,0.0,0.0,0.0,0
1777318651471000,0,1.0,0.0,0.0,0.0,0.0,0.0,0.0,0.0,0
1777318651479000,0,1.0,0.0,0.0,0.0,0.0,0.0,0.0,0.0,0
1777318651487000,0,1.0,0.0,0.0,0.0,0.0,0.0,0.0,0.0,0
1777318651495000,0,1.0,0.0,0.0,0.0,0.0,0.0,0.0,0.0,0
1777318651511000,0,1.0,0.0,0.0,0.0,0.0,0.0,0.0,0.0,0
1777318651519000,0,1.0,0.0,0.0,0.0,0.0,0.0,0.0,0.0,0
1777318651527000,0,1.0,0.0,0.0,0.0,0.0,0.0,0.0,0.0,0
1777318651535000,0,1.0,0.0,0.0,0.0,0.0,0.0,0.0,0.0,0
1777318651551000,0,1.0,0.0,0.0,0.0,0.0,0.0,0.0,0.0,0
1777318651559000,0,1.0,0.0,0.0,0.0,0.0,0.0,0.0,0.0,0
1777318651567000,0,1.0,0.0,0.0,0.0,0.0,0.0,0.0,0.0,0
1777318651575000,0,1.0,0.0,0.0,0.0,0.0,0.0,0.0,0.0,0
1777318651591000,0,1.0,0.0,0.0,0.0,0.0,0.0,0.0,0.0,0
1777318651599000,0,1.0,0.0,0.0,0.0,0.0,0.0,0.0,0.0,0
1777318651607000,0,1.0,0.0,0.0,0.0,0.0,0.0,0.0,0.0,0
1777318651615000,0,1.0,0.0,0.0,0.0,0.0,0.0,0.0,0.0,0
1777318651631000,0,1.0,0.0,0.0,0.0,0.0,0.0,0.0,0.0,0
1777318651639000,0,1.0,0.0,0.0,0.0,0.0,0.0,0.0,0.0,0
1777318651647000,0,1.0,0.0,0.0,0.0,0.0,0.0,0.0,0.0,0
1777318651655000,0,1.0,0.0,0.0,0.0,0.0,0.0,0.0,0.0,0
1777318651663000,0,1.0,0.0,0.0,0.0,0.0,0.0,0.0,0.0,0
1777318651679000,0,1.0,0.0,0.0,0.0,0.0,0.0,0.0,0.0,0
1777318651687000,0,1.0,0.0,0.0,0.0,0.0,0.0,0.0,0.0,0
1777318651695000,0,1.0,0.0,0.0,0.0,0.0,0.0,0.0,0.0,0
1777318651711000,0,1.0,0.0,0.0,0.0,0.0,0.0,0.0,0.0,0
1777318651719000,0,1.0,0.0,0.0,0.0,0.0,0.0,0.0,0.0,0
1777318651727000,0,1.0,0.0,0.0,0.0,0.0,0.0,0.0,0.0,0
1777318651735000,0,1.0,0.0,0.0,0.0,0.0,0.0,0.0,0.0,0
1777318651751000,0,1.0,0.0,0.0,0.0,0.0,0.0,0.0,0.0,0
1777318651759000,0,1.0,0.0,0.0,0.0,0.0,0.0,0.0,0.0,0
1777318651767000,0,1.0,0.0,0.0,0.0,0.0,0.0,0.0,0.0,0
1777318651775000,0,1.0,0.0,0.0,0.0,0.0,0.0,0.0,0.0,0
1777318651791000,0,1.0,0.0,0.0,0.0,0.0,0.0,0.0,0.0,0
1777318651799000,0,1.0,0.0,0.0,0.0,0.0,0.0,0.0,0.0,0
1777318651807000,0,1.0,0.0,0.0,0.0,0.0,0.0,0.0,0.0,0
1777318651815000,0,1.0,0.0,0.0,0.0,0.0,0.0,0.0,0.0,0
1777318651831000,0,1.0,0.0,0.0,0.0,0.0,0.0,0.0,0.0,0
1777318651839000,0,1.0,0.0,0.0,0.0,0.0,0.0,0.0,0.0,0
1777318651847000,0,1.0,0.0,0.0,0.0,0.0,0.0,0.0,0.0,0
1777318651855000,0,1.0,0.0,0.0,0.0,0.0,0.0,0.0,0.0,0
1777318651871000,0,1.0,0.0,0.0,0.0,0.0,0.0,0.0,0.0,0
1777318651879000,0,1.0,0.0,0.0,0.0,0.0,0.0,0.0,0.0,0
1777318651887000,0,1.0,0.0,0.0,0.0,0.0,0.0,0.0,0.0,0
1777318651895000,0,1.0,0.0,0.0,0.0,0.0,0.0,0.0,0.0,0
1777318651911000,0,1.0,0.0,0.0,0.0,0.0,0.0,0.0,0.0,0
1777318651919000,0,1.0,0.0,0.0,0.0,0.0,0.0,0.0,0.0,0
1777318651927000,0,1.0,0.0,0.0,0.0,0.0,0.0,0.0,0.0,0
1777318651935000,0,1.0,0.0,0.0,0.0,0.0,0.0,0.0,0.0,0
1777318651951000,0,1.0,0.0,0.0,0.0,0.0,0.0,0.0,0.0,0
1777318651959000,0,1.0,0.0,0.0,0.0,0.0,0.0,0.0,0.0,0
1777318651967000,0,1.0,0.0,0.0,0.0,0.0,0.0,0.0,0.0,0
1777318651975000,0,1.0,0.0,0.0,0.0,0.0,0.0,0.0,0.0,0
1777318651991000,0,1.0,0.0,0.0,0.0,0.0,0.0,0.0,0.0,0
1777318651999000,0,1.0,0.0,0.0,0.0,0.0,0.0,0.0,0.0,0
1777318652007000,0,1.0,0.0,0.0,0.0,0.0,0.0,0.0,0.0,0
1777318652015000,0,1.0,0.0,0.0,0.0,0.0,0.0,0.0,0.0,0
1777318652031000,0,1.0,0.0,0.0,0.0,0.0,0.0,0.0,0.0,0
1777318652039000,0,1.0,0.0,0.0,0.0,0.0,0.0,0.0,0.0,0
1777318652047000,0,1.0,0.0,0.0,0.0,0.0,0.0,0.0,0.0,0
1777318652055000,0,1.0,0.0,0.0,0.0,0.0,0.0,0.0,0.0,0
1777318652071000,0,1.0,0.0,0.0,0.0,0.0,0.0,0.0,0.0,0
1777318652079000,0,1.0,0.0,0.0,0.0,0.0,0.0,0.0,0.0,0
1777318652087000,0,1.0,0.0,0.0,0.0,0.0,0.0,0.0,0.0,0
1777318652095000,0,1.0,0.0,0.0,0.0,0.0,0.0,0.0,0.0,0
1777318652111000,0,1.0,0.0,0.0,0.0,0.0,0.0,0.0,0.0,0
1777318652119000,0,1.0,0.0,0.0,0.0,0.0,0.0,0.0,0.0,0
1777318652127000,0,1.0,0.0,0.0,0.0,0.0,0.0,0.0,0.0,0
1777318652135000,0,1.0,0.0,0.0,0.0,0.0,0.0,0.0,0.0,0
1777318652151000,0,1.0,0.0,0.0,0.0,0.0,0.0,0.0,0.0,0
1777318652159000,0,1.0,0.0,0.0,0.0,0.0,0.0,0.0,0.0,0
1777318652167000,0,1.0,0.0,0.0,0.0,0.0,0.0,0.0,0.0,0
1777318652175000,0,1.0,0.0,0.0,0.0,0.0,0.0,0.0,0.0,0
1777318652191000,0,1.0,0.0,0.0,0.0,0.0,0.0,0.0,0.0,0
1777318652199000,0,1.0,0.0,0.0,0.0,0.0,0.0,0.0,0.0,0
1777318652207000,0,1.0,0.0,0.0,0.0,0.0,0.0,0.0,0.0,0
1777318652215000,0,1.0,0.0,0.0,0.0,0.0,0.0,0.0,0.0,0
1777318652231000,0,1.0,0.0,0.0,0.0,0.0,0.0,0.0,0.0,0
1777318652239000,0,1.0,0.0,0.0,0.0,0.0,0.0,0.0,0.0,0
1777318652247000,0,1.0,0.0,0.0,0.0,0.0,0.0,0.0,0.0,0
1777318652255000,0,1.0,0.0,0.0,0.0,0.0,0.0,0.0,0.0,0
1777318652271000,0,1.0,0.0,0.0,0.0,0.0,0.0,0.0,0.0,0
1777318652279000,0,1.0,0.0,0.0,0.0,0.0,0.0,0.0,0.0,0
1777318652287000,0,1.0,0.0,0.0,0.0,0.0,0.0,0.0,0.0,0
1777318652295000,0,1.0,0.0,0.0,0.0,0.0,0.0,0.0,0.0,0
1777318652311000,0,1.0,0.0,0.0,0.0,0.0,0.0,0.0,0.0,0
1777318652319000,0,1.0,0.0,0.0,0.0,0.0,0.0,0.0,0.0,0
1777318652327000,0,1.0,0.0,0.0,0.0,0.0,0.0,0.0,0.0,0
1777318652335000,0,1.0,0.0,0.0,0.0,0.0,0.0,0.0,0.0,0
1777318652351000,0,1.0,0.0,0.0,0.0,0.0,0.0,0.0,0.0,0
1777318652359000,0,1.0,0.0,0.0,0.0,0.0,0.0,0.0,0.0,0
1777318652367000,0,1.0,0.0,0.0,0.0,0.0,0.0,0.0,0.0,0
1777318652375000,0,1.0,0.0,0.0,0.0,0.0,0.0,0.0,0.0,0
1777318652391000,0,1.0,0.0,0.0,0.0,0.0,0.0,0.0,0.0,0
1777318652399000,0,1.0,0.0,0.0,0.0,0.0,0.0,0.0,0.0,0
1777318652407000,0,1.0,0.0,0.0,0.0,0.0,0.0,0.0,0.0,0
1777318652415000,0,1.0,0.0,0.0,0.0,0.0,0.0,0.0,0.0,0
1777318652431000,0,1.0,0.0,0.0,0.0,0.0,0.0,0.0,0.0,0
1777318652439000,0,1.0,0.0,0.0,0.0,0.0,0.0,0.0,0.0,0
1777318652447000,0,1.0,0.0,0.0,0.0,0.0,0.0,0.0,0.0,0
1777318652455000,0,1.0,0.0,0.0,0.0,0.0,0.0,0.0,0.0,0
1777318652471000,0,1.0,0.0,0.0,0.0,0.0,0.0,0.0,0.0,0
1777318652479000,0,1.0,0.0,0.0,0.0,0.0,0.0,0.0,0.0,0
1777318652487000,0,1.0,0.0,0.0,0.0,0.0,0.0,0.0,0.0,0
1777318652495000,0,1.0,0.0,0.0,0.0,0.0,0.0,0.0,0.0,0
1777318652511000,0,1.0,0.0,0.0,0.0,0.0,0.0,0.0,0.0,0
1777318652519000,0,1.0,0.0,0.0,0.0,0.0,0.0,0.0,0.0,0
1777318652527000,0,1.0,0.0,0.0,0.0,0.0,0.0,0.0,0.0,0
1777318652535000,0,1.0,0.0,0.0,0.0,0.0,0.0,0.0,0.0,0
1777318652551000,0,1.0,0.0,0.0,0.0,0.0,0.0,0.0,0.0,0
1777318652559000,0,1.0,0.0,0.0,0.0,0.0,0.0,0.0,0.0,0
1777318652567000,0,1.0,0.0,0.0,0.0,0.0,0.0,0.0,0.0,0
1777318652575000,0,1.0,0.0,0.0,0.0,0.0,0.0,0.0,0.0,0
1777318652591000,0,1.0,0.0,0.0,0.0,0.0,0.0,0.0,0.0,0
1777318652599000,0,1.0,0.0,0.0,0.0,0.0,0.0,0.0,0.0,0
1777318652607000,0,1.0,0.0,0.0,0.0,0.0,0.0,0.0,0.0,0
1777318652615000,0,1.0,0.0,0.0,0.0,0.0,0.0,0.0,0.0,0
1777318652631000,0,1.0,0.0,0.0,0.0,0.0,0.0,0.0,0.0,0
1777318652639000,0,1.0,0.0,0.0,0.0,0.0,0.0,0.0,0.0,0
1777318652647000,0,1.0,0.0,0.0,0.0,0.0,0.0,0.0,0.0,0
1777318652655000,0,1.0,0.0,0.0,0.0,0.0,0.0,0.0,0.0,0
1777318652671000,0,1.0,0.0,0.0,0.0,0.0,0.0,0.0,0.0,0
1777318652679000,0,1.0,0.0,0.0,0.0,0.0,0.0,0.0,0.0,0
1777318652687000,0,1.0,0.0,0.0,0.0,0.0,0.0,0.0,0.0,0
1777318652695000,0,1.0,0.0,0.0,0.0,0.0,0.0,0.0,0.0,0
1777318652711000,0,1.0,0.0,0.0,0.0,0.0,0.0,0.0,0.0,0
1777318652719000,0,1.0,0.0,0.0,0.0,0.0,0.0,0.0,0.0,0
1777318652727000,0,1.0,0.0,0.0,0.0,0.0,0.0,0.0,0.0,0
1777318652735000,0,1.0,0.0,0.0,0.0,0.0,0.0,0.0,0.0,0
1777318652751000,0,1.0,0.0,0.0,0.0,0.0,0.0,0.0,0.0,0
1777318652759000,0,1.0,0.0,0.0,0.0,0.0,0.0,0.0,0.0,0
1777318652767000,0,1.0,0.0,0.0,0.0,0.0,0.0,0.0,0.0,0
1777318652775000,0,1.0,0.0,0.0,0.0,0.0,0.0,0.0,0.0,0
1777318652791000,0,1.0,0.0,0.0,0.0,0.0,0.0,0.0,0.0,0
1777318652799000,0,1.0,0.0,0.0,0.0,0.0,0.0,0.0,0.0,0
1777318652807000,0,1.0,0.0,0.0,0.0,0.0,0.0,0.0,0.0,0
1777318652815000,0,1.0,0.0,0.0,0.0,0.0,0.0,0.0,0.0,0
1777318652831000,0,1.0,0.0,0.0,0.0,0.0,0.0,0.0,0.0,0
1777318652839000,0,1.0,0.0,0.0,0.0,0.0,0.0,0.0,0.0,0
1777318652847000,0,1.0,0.0,0.0,0.0,0.0,0.0,0.0,0.0,0
1777318652855000,0,1.0,0.0,0.0,0.0,0.0,0.0,0.0,0.0,0
1777318652871000,0,1.0,0.0,0.0,0.0,0.0,0.0,0.0,0.0,0
1777318652879000,0,1.0,0.0,0.0,0.0,0.0,0.0,0.0,0.0,0
1777318652887000,0,1.0,0.0,0.0,0.0,0.0,0.0,0.0,0.0,0
1777318652895000,0,1.0,0.0,0.0,0.0,0.0,0.0,0.0,0.0,0
1777318652911000,0,1.0,0.0,0.0,0.0,0.0,0.0,0.0,0.0,0
1777318652919000,0,1.0,0.0,0.0,0.0,0.0,0.0,0.0,0.0,0
1777318652927000,0,1.0,0.0,0.0,0.0,0.0,0.0,0.0,0.0,0
1777318652935000,0,1.0,0.0,0.0,0.0,0.0,0.0,0.0,0.0,0
1777318652951000,0,1.0,0.0,0.0,0.0,0.0,0.0,0.0,0.0,0
1777318652959000,0,1.0,0.0,0.0,0.0,0.0,0.0,0.0,0.0,0
1777318652967000,0,1.0,0.0,0.0,0.0,0.0,0.0,0.0,0.0,0
1777318652975000,0,1.0,0.0,0.0,0.0,0.0,0.0,0.0,0.0,0
1777318652991000,0,1.0,0.0,0.0,0.0,0.0,0.0,0.0,0.0,0
1777318652999000,0,1.0,0.0,0.0,0.0,0.0,0.0,0.0,0.0,0
1777318653007000,0,1.0,0.0,0.0,0.0,0.0,0.0,0.0,0.0,0
1777318653015000,0,1.0,0.0,0.0,0.0,0.0,0.0,0.0,0.0,0
1777318653031000,0,1.0,0.0,0.0,0.0,0.0,0.0,0.0,0.0,0
1777318653039000,0,1.0,0.0,0.0,0.0,0.0,0.0,0.0,0.0,0
1777318653047000,0,1.0,0.0,0.0,0.0,0.0,0.0,0.0,0.0,0
1777318653055000,0,1.0,0.0,0.0,0.0,0.0,0.0,0.0,0.0,0
1777318653071000,0,1.0,0.0,0.0,0.0,0.0,0.0,0.0,0.0,0
1777318653079000,0,1.0,0.0,0.0,0.0,0.0,0.0,0.0,0.0,0
1777318653087000,0,1.0,0.0,0.0,0.0,0.0,0.0,0.0,0.0,0
1777318653095000,0,1.0,0.0,0.0,0.0,0.0,0.0,0.0,0.0,0
1777318653111000,0,1.0,0.0,0.0,0.0,0.0,0.0,0.0,0.0,0
1777318653119000,0,1.0,0.0,0.0,0.0,0.0,0.0,0.0,0.0,0
1777318653127000,0,1.0,0.0,0.0,0.0,0.0,0.0,0.0,0.0,0
1777318653135000,0,1.0,0.0,0.0,0.0,0.0,0.0,0.0,0.0,0
1777318653151000,0,1.0,0.0,0.0,0.0,0.0,0.0,0.0,0.0,0
1777318653159000,0,1.0,0.0,0.0,0.0,0.0,0.0,0.0,0.0,0
1777318653167000,0,1.0,0.0,0.0,0.0,0.0,0.0,0.0,0.0,0
1777318653175000,0,1.0,0.0,0.0,0.0,0.0,0.0,0.0,0.0,0
1777318653191000,0,1.0,0.0,0.0,0.0,0.0,0.0,0.0,0.0,0
1777318653199000,0,1.0,0.0,0.0,0.0,0.0,0.0,0.0,0.0,0
1777318653207000,0,1.0,0.0,0.0,0.0,0.0,0.0,0.0,0.0,0
1777318653215000,0,1.0,0.0,0.0,0.0,0.0,0.0,0.0,0.0,0
1777318653231000,0,1.0,0.0,0.0,0.0,0.0,0.0,0.0,0.0,0
1777318653239000,0,1.0,0.0,0.0,0.0,0.0,0.0,0.0,0.0,0
1777318653247000,0,1.0,0.0,0.0,0.0,0.0,0.0,0.0,0.0,0
1777318653255000,0,1.0,0.0,0.0,0.0,0.0,0.0,0.0,0.0,0
1777318653271000,0,1.0,0.0,0.0,0.0,0.0,0.0,0.0,0.0,0
1777318653279000,0,1.0,0.0,0.0,0.0,0.0,0.0,0.0,0.0,0
1777318653287000,0,1.0,0.0,0.0,0.0,0.0,0.0,0.0,0.0,0
1777318653295000,0,1.0,0.0,0.0,0.0,0.0,0.0,0.0,0.0,0
1777318653311000,0,1.0,0.0,0.0,0.0,0.0,0.0,0.0,0.0,0
1777318653319000,0,1.0,0.0,0.0,0.0,0.0,0.0,0.0,0.0,0
1777318653327000,0,1.0,0.0,0.0,0.0,0.0,0.0,0.0,0.0,0
1777318653335000,0,1.0,0.0,0.0,0.0,0.0,0.0,0.0,0.0,0
1777318653351000,0,1.0,0.0,0.0,0.0,0.0,0.0,0.0,0.0,0
1777318653359000,0,1.0,0.0,0.0,0.0,0.0,0.0,0.0,0.0,0
1777318653367000,0,1.0,0.0,0.0,0.0,0.0,0.0,0.0,0.0,0
1777318653375000,0,1.0,0.0,0.0,0.0,0.0,0.0,0.0,0.0,0
1777318653391000,0,1.0,0.0,0.0,0.0,0.0,0.0,0.0,0.0,0
1777318653399000,0,1.0,0.0,0.0,0.0,0.0,0.0,0.0,0.0,0
1777318653407000,0,1.0,0.0,0.0,0.0,0.0,0.0,0.0,0.0,0
1777318653415000,0,1.0,0.0,0.0,0.0,0.0,0.0,0.0,0.0,0
1777318653431000,0,1.0,0.0,0.0,0.0,0.0,0.0,0.0,0.0,0
1777318653439000,0,1.0,0.0,0.0,0.0,0.0,0.0,0.0,0.0,0
1777318653447000,0,1.0,0.0,0.0,0.0,0.0,0.0,0.0,0.0,0
1777318653455000,0,1.0,0.0,0.0,0.0,0.0,0.0,0.0,0.0,0
1777318653471000,0,1.0,0.0,0.0,0.0,0.0,0.0,0.0,0.0,0
1777318653479000,0,1.0,0.0,0.0,0.0,0.0,0.0,0.0,0.0,0
1777318653487000,0,1.0,0.0,0.0,0.0,0.0,0.0,0.0,0.0,0
1777318653495000,0,1.0,0.0,0.0,0.0,0.0,0.0,0.0,0.0,0
1777318653511000,0,1.0,0.0,0.0,0.0,0.0,0.0,0.0,0.0,0
1777318653519000,0,1.0,0.0,0.0,0.0,0.0,0.0,0.0,0.0,0
1777318653527000,0,1.0,0.0,0.0,0.0,0.0,0.0,0.0,0.0,0
1777318653535000,0,1.0,0.0,0.0,0.0,0.0,0.0,0.0,0.0,0
1777318653551000,0,1.0,0.0,0.0,0.0,0.0,0.0,0.0,0.0,0
1777318653559000,0,1.0,0.0,0.0,0.0,0.0,0.0,0.0,0.0,0
1777318653567000,0,1.0,0.0,0.0,0.0,0.0,0.0,0.0,0.0,0
1777318653575000,0,1.0,0.0,0.0,0.0,0.0,0.0,0.0,0.0,0
1777318653591000,0,1.0,0.0,0.0,0.0,0.0,0.0,0.0,0.0,0
1777318653599000,0,1.0,0.0,0.0,0.0,0.0,0.0,0.0,0.0,0
1777318653607000,0,1.0,0.0,0.0,0.0,0.0,0.0,0.0,0.0,0
1777318653615000,0,1.0,0.0,0.0,0.0,0.0,0.0,0.0,0.0,0
1777318653631000,0,1.0,0.0,0.0,0.0,0.0,0.0,0.0,0.0,0
1777318653639000,0,1.0,0.0,0.0,0.0,0.0,0.0,0.0,0.0,0
1777318653647000,0,1.0,0.0,0.0,0.0,0.0,0.0,0.0,0.0,0
1777318653655000,0,1.0,0.0,0.0,0.0,0.0,0.0,0.0,0.0,0
1777318653671000,0,1.0,0.0,0.0,0.0,0.0,0.0,0.0,0.0,0
1777318653679000,0,1.0,0.0,0.0,0.0,0.0,0.0,0.0,0.0,0
1777318653687000,0,1.0,0.0,0.0,0.0,0.0,0.0,0.0,0.0,0
1777318653695000,0,1.0,0.0,0.0,0.0,0.0,0.0,0.0,0.0,0
1777318653711000,0,1.0,0.0,0.0,0.0,0.0,0.0,0.0,0.0,0
1777318653719000,0,1.0,0.0,0.0,0.0,0.0,0.0,0.0,0.0,0
1777318653727000,0,1.0,0.0,0.0,0.0,0.0,0.0,0.0,0.0,0
1777318653735000,0,1.0,0.0,0.0,0.0,0.0,0.0,0.0,0.0,0
1777318653751000,0,1.0,0.0,0.0,0.0,0.0,0.0,0.0,0.0,0
1777318653759000,0,1.0,0.0,0.0,0.0,0.0,0.0,0.0,0.0,0
1777318653767000,0,1.0,0.0,0.0,0.0,0.0,0.0,0.0,0.0,0
1777318653775000,0,1.0,0.0,0.0,0.0,0.0,0.0,0.0,0.0,0
1777318653791000,0,1.0,0.0,0.0,0.0,0.0,0.0,0.0,0.0,0
1777318653799000,0,1.0,0.0,0.0,0.0,0.0,0.0,0.0,0.0,0
1777318653807000,0,1.0,0.0,0.0,0.0,0.0,0.0,0.0,0.0,0
1777318653815000,0,1.0,0.0,0.0,0.0,0.0,0.0,0.0,0.0,0
1777318653831000,0,1.0,0.0,0.0,0.0,0.0,0.0,0.0,0.0,0
1777318653839000,0,1.0,0.0,0.0,0.0,0.0,0.0,0.0,0.0,0
1777318653847000,0,1.0,0.0,0.0,0.0,0.0,0.0,0.0,0.0,0
1777318653855000,0,1.0,0.0,0.0,0.0,0.0,0.0,0.0,0.0,0
1777318653871000,0,1.0,0.0,0.0,0.0,0.0,0.0,0.0,0.0,0
1777318653879000,0,1.0,0.0,0.0,0.0,0.0,0.0,0.0,0.0,0
1777318653887000,0,1.0,0.0,0.0,0.0,0.0,0.0,0.0,0.0,0
1777318653895000,0,1.0,0.0,0.0,0.0,0.0,0.0,0.0,0.0,0
1777318653911000,0,1.0,0.0,0.0,0.0,0.0,0.0,0.0,0.0,0
1777318653919000,0,1.0,0.0,0.0,0.0,0.0,0.0,0.0,0.0,0
1777318653927000,0,1.0,0.0,0.0,0.0,0.0,0.0,0.0,0.0,0
1777318653935000,0,1.0,0.0,0.0,0.0,0.0,0.0,0.0,0.0,0
1777318653951000,0,1.0,0.0,0.0,0.0,0.0,0.0,0.0,0.0,0
1777318653959000,0,1.0,0.0,0.0,0.0,0.0,0.0,0.0,0.0,0
1777318653967000,0,1.0,0.0,0.0,0.0,0.0,0.0,0.0,0.0,0
1777318653975000,0,1.0,0.0,0.0,0.0,0.0,0.0,0.0,0.0,0
1777318653991000,0,1.0,0.0,0.0,0.0,0.0,0.0,0.0,0.0,0
1777318653999000,0,1.0,0.0,0.0,0.0,0.0,0.0,0.0,0.0,0
1777318654007000,0,1.0,0.0,0.0,0.0,0.0,0.0,0.0,0.0,0
1777318654015000,0,1.0,0.0,0.0,0.0,0.0,0.0,0.0,0.0,0
1777318654031000,0,1.0,0.0,0.0,0.0,0.0,0.0,0.0,0.0,0
1777318654039000,0,1.0,0.0,0.0,0.0,0.0,0.0,0.0,0.0,0
1777318654047000,0,1.0,0.0,0.0,0.0,0.0,0.0,0.0,0.0,0
1777318654055000,0,1.0,0.0,0.0,0.0,0.0,0.0,0.0,0.0,0
1777318654071000,0,1.0,0.0,0.0,0.0,0.0,0.0,0.0,0.0,0
1777318654079000,0,1.0,0.0,0.0,0.0,0.0,0.0,0.0,0.0,0
1777318654087000,0,1.0,0.0,0.0,0.0,0.0,0.0,0.0,0.0,0
1777318654095000,0,1.0,0.0,0.0,0.0,0.0,0.0,0.0,0.0,0
1777318654111000,0,1.0,0.0,0.0,0.0,0.0,0.0,0.0,0.0,0
1777318654119000,0,1.0,0.0,0.0,0.0,0.0,0.0,0.0,0.0,0
1777318654127000,0,1.0,0.0,0.0,0.0,0.0,0.0,0.0,0.0,0
1777318654135000,0,1.0,0.0,0.0,0.0,0.0,0.0,0.0,0.0,0
1777318654151000,0,1.0,0.0,0.0,0.0,0.0,0.0,0.0,0.0,0
1777318654159000,0,1.0,0.0,0.0,0.0,0.0,0.0,0.0,0.0,0
1777318654167000,0,1.0,0.0,0.0,0.0,0.0,0.0,0.0,0.0,0
1777318654175000,0,1.0,0.0,0.0,0.0,0.0,0.0,0.0,0.0,0
1777318654191000,0,1.0,0.0,0.0,0.0,0.0,0.0,0.0,0.0,0
1777318654199000,0,1.0,0.0,0.0,0.0,0.0,0.0,0.0,0.0,0
1777318654207000,0,1.0,0.0,0.0,0.0,0.0,0.0,0.0,0.0,0
1777318654215000,0,1.0,0.0,0.0,0.0,0.0,0.0,0.0,0.0,0
1777318654231000,0,1.0,0.0,0.0,0.0,0.0,0.0,0.0,0.0,0
1777318654239000,0,1.0,0.0,0.0,0.0,0.0,0.0,0.0,0.0,0
1777318654247000,0,1.0,0.0,0.0,0.0,0.0,0.0,0.0,0.0,0
1777318654255000,0,1.0,0.0,0.0,0.0,0.0,0.0,0.0,0.0,0
1777318654271000,0,1.0,0.0,0.0,0.0,0.0,0.0,0.0,0.0,0
1777318654279000,0,1.0,0.0,0.0,0.0,0.0,0.0,0.0,0.0,0
1777318654287000,0,1.0,0.0,0.0,0.0,0.0,0.0,0.0,0.0,0
1777318654295000,0,1.0,0.0,0.0,0.0,0.0,0.0,0.0,0.0,0
1777318654311000,0,1.0,0.0,0.0,0.0,0.0,0.0,0.0,0.0,0
1777318654319000,0,1.0,0.0,0.0,0.0,0.0,0.0,0.0,0.0,0
1777318654327000,0,1.0,0.0,0.0,0.0,0.0,0.0,0.0,0.0,0
1777318654335000,0,1.0,0.0,0.0,0.0,0.0,0.0,0.0,0.0,0
1777318654351000,0,1.0,0.0,0.0,0.0,0.0,0.0,0.0,0.0,0
1777318654359000,0,1.0,0.0,0.0,0.0,0.0,0.0,0.0,0.0,0
1777318654367000,0,1.0,0.0,0.0,0.0,0.0,0.0,0.0,0.0,0
1777318654375000,0,1.0,0.0,0.0,0.0,0.0,0.0,0.0,0.0,0
1777318654391000,0,1.0,0.0,0.0,0.0,0.0,0.0,0.0,0.0,0
1777318654399000,0,1.0,0.0,0.0,0.0,0.0,0.0,0.0,0.0,0
1777318654407000,0,1.0,0.0,0.0,0.0,0.0,0.0,0.0,0.0,0
1777318654415000,0,1.0,0.0,0.0,0.0,0.0,0.0,0.0,0.0,0
1777318654431000,0,1.0,0.0,0.0,0.0,0.0,0.0,0.0,0.0,0
1777318654439000,0,1.0,0.0,0.0,0.0,0.0,0.0,0.0,0.0,0
1777318654447000,0,1.0,0.0,0.0,0.0,0.0,0.0,0.0,0.0,0
1777318654455000,0,1.0,0.0,0.0,0.0,0.0,0.0,0.0,0.0,0
1777318654471000,0,1.0,0.0,0.0,0.0,0.0,0.0,0.0,0.0,0
1777318654479000,0,1.0,0.0,0.0,0.0,0.0,0.0,0.0,0.0,0
1777318654487000,0,1.0,0.0,0.0,0.0,0.0,0.0,0.0,0.0,0
1777318654495000,0,1.0,0.0,0.0,0.0,0.0,0.0,0.0,0.0,0
1777318654511000,0,1.0,0.0,0.0,0.0,0.0,0.0,0.0,0.0,0
1777318654519000,0,1.0,0.0,0.0,0.0,0.0,0.0,0.0,0.0,0
1777318654527000,0,1.0,0.0,0.0,0.0,0.0,0.0,0.0,0.0,0
1777318654535000,0,1.0,0.0,0.0,0.0,0.0,0.0,0.0,0.0,0
1777318654551000,0,1.0,0.0,0.0,0.0,0.0,0.0,0.0,0.0,0
1777318654559000,0,1.0,0.0,0.0,0.0,0.0,0.0,0.0,0.0,0
1777318654567000,0,1.0,0.0,0.0,0.0,0.0,0.0,0.0,0.0,0
1777318654575000,0,1.0,0.0,0.0,0.0,0.0,0.0,0.0,0.0,0
1777318654591000,0,1.0,0.0,0.0,0.0,0.0,0.0,0.0,0.0,0
1777318654599000,0,1.0,0.0,0.0,0.0,0.0,0.0,0.0,0.0,0
1777318654607000,0,1.0,0.0,0.0,0.0,0.0,0.0,0.0,0.0,0
1777318654615000,0,1.0,0.0,0.0,0.0,0.0,0.0,0.0,0.0,0
1777318654631000,0,1.0,0.0,0.0,0.0,0.0,0.0,0.0,0.0,0
1777318654639000,0,1.0,0.0,0.0,0.0,0.0,0.0,0.0,0.0,0
1777318654647000,0,1.0,0.0,0.0,0.0,0.0,0.0,0.0,0.0,0
1777318654655000,0,1.0,0.0,0.0,0.0,0.0,0.0,0.0,0.0,0
1777318654671000,0,1.0,0.0,0.0,0.0,0.0,0.0,0.0,0.0,0
1777318654679000,0,1.0,0.0,0.0,0.0,0.0,0.0,0.0,0.0,0
1777318654687000,0,1.0,0.0,0.0,0.0,0.0,0.0,0.0,0.0,0
1777318654695000,0,1.0,0.0,0.0,0.0,0.0,0.0,0.0,0.0,0
1777318654711000,0,1.0,0.0,0.0,0.0,0.0,0.0,0.0,0.0,0
1777318654719000,0,1.0,0.0,0.0,0.0,0.0,0.0,0.0,0.0,0
1777318654727000,0,1.0,0.0,0.0,0.0,0.0,0.0,0.0,0.0,0
1777318654735000,0,1.0,0.0,0.0,0.0,0.0,0.0,0.0,0.0,0
1777318654751000,0,1.0,0.0,0.0,0.0,0.0,0.0,0.0,0.0,0
1777318654759000,0,1.0,0.0,0.0,0.0,0.0,0.0,0.0,0.0,0
1777318654767000,0,1.0,0.0,0.0,0.0,0.0,0.0,0.0,0.0,0
1777318654775000,0,1.0,0.0,0.0,0.0,0.0,0.0,0.0,0.0,0
1777318654791000,0,1.0,0.0,0.0,0.0,0.0,0.0,0.0,0.0,0
1777318654799000,0,1.0,0.0,0.0,0.0,0.0,0.0,0.0,0.0,0
1777318654807000,0,1.0,0.0,0.0,0.0,0.0,0.0,0.0,0.0,0
1777318654815000,0,1.0,0.0,0.0,0.0,0.0,0.0,0.0,0.0,0
1777318654831000,0,1.0,0.0,0.0,0.0,0.0,0.0,0.0,0.0,0
1777318654839000,0,1.0,0.0,0.0,0.0,0.0,0.0,0.0,0.0,0
1777318654847000,0,1.0,0.0,0.0,0.0,0.0,0.0,0.0,0.0,0
1777318654855000,0,1.0,0.0,0.0,0.0,0.0,0.0,0.0,0.0,0
1777318654871000,0,1.0,0.0,0.0,0.0,0.0,0.0,0.0,0.0,0
1777318654879000,0,1.0,0.0,0.0,0.0,0.0,0.0,0.0,0.0,0
1777318654887000,0,1.0,0.0,0.0,0.0,0.0,0.0,0.0,0.0,0
1777318654895000,0,1.0,0.0,0.0,0.0,0.0,0.0,0.0,0.0,0
1777318654911000,0,1.0,0.0,0.0,0.0,0.0,0.0,0.0,0.0,0
1777318654919000,0,1.0,0.0,0.0,0.0,0.0,0.0,0.0,0.0,0
1777318654927000,0,1.0,0.0,0.0,0.0,0.0,0.0,0.0,0.0,0
1777318654935000,0,1.0,0.0,0.0,0.0,0.0,0.0,0.0,0.0,0
1777318654951000,0,1.0,0.0,0.0,0.0,0.0,0.0,0.0,0.0,0
1777318654959000,0,1.0,0.0,0.0,0.0,0.0,0.0,0.0,0.0,0
1777318654967000,0,1.0,0.0,0.0,0.0,0.0,0.0,0.0,0.0,0
1777318654975000,0,1.0,0.0,0.0,0.0,0.0,0.0,0.0,0.0,0
1777318654991000,0,1.0,0.0,0.0,0.0,0.0,0.0,0.0,0.0,0
1777318654999000,0,1.0,0.0,0.0,0.0,0.0,0.0,0.0,0.0,0
1777318655007000,0,1.0,0.0,0.0,0.0,0.0,0.0,0.0,0.0,0
1777318655015000,0,1.0,0.0,0.0,0.0,0.0,0.0,0.0,0.0,0
1777318655031000,0,1.0,0.0,0.0,0.0,0.0,0.0,0.0,0.0,0
1777318655039000,0,1.0,0.0,0.0,0.0,0.0,0.0,0.0,0.0,0
1777318655047000,0,1.0,0.0,0.0,0.0,0.0,0.0,0.0,0.0,0
1777318655055000,0,1.0,0.0,0.0,0.0,0.0,0.0,0.0,0.0,0
1777318655071000,0,1.0,0.0,0.0,0.0,0.0,0.0,0.0,0.0,0
1777318655079000,0,1.0,0.0,0.0,0.0,0.0,0.0,0.0,0.0,0
1777318655087000,0,1.0,0.0,0.0,0.0,0.0,0.0,0.0,0.0,0
1777318655095000,0,1.0,0.0,0.0,0.0,0.0,0.0,0.0,0.0,0
1777318655111000,0,1.0,0.0,0.0,0.0,0.0,0.0,0.0,0.0,0
1777318655119000,0,1.0,0.0,0.0,0.0,0.0,0.0,0.0,0.0,0
1777318655127000,0,1.0,0.0,0.0,0.0,0.0,0.0,0.0,0.0,0
1777318655135000,0,1.0,0.0,0.0,0.0,0.0,0.0,0.0,0.0,0
1777318655151000,0,1.0,0.0,0.0,0.0,0.0,0.0,0.0,0.0,0
1777318655159000,0,1.0,0.0,0.0,0.0,0.0,0.0,0.0,0.0,0
1777318655167000,0,1.0,0.0,0.0,0.0,0.0,0.0,0.0,0.0,0
1777318655175000,0,1.0,0.0,0.0,0.0,0.0,0.0,0.0,0.0,0
1777318655191000,0,1.0,0.0,0.0,0.0,0.0,0.0,0.0,0.0,0
1777318655199000,0,1.0,0.0,0.0,0.0,0.0,0.0,0.0,0.0,0
1777318655207000,0,1.0,0.0,0.0,0.0,0.0,0.0,0.0,0.0,0
1777318655215000,0,1.0,0.0,0.0,0.0,0.0,0.0,0.0,0.0,0
1777318655231000,0,1.0,0.0,0.0,0.0,0.0,0.0,0.0,0.0,0
1777318655239000,0,1.0,0.0,0.0,0.0,0.0,0.0,0.0,0.0,0
1777318655247000,0,1.0,0.0,0.0,0.0,0.0,0.0,0.0,0.0,0
1777318655255000,0,1.0,0.0,0.0,0.0,0.0,0.0,0.0,0.0,0
1777318655271000,0,1.0,0.0,0.0,0.0,0.0,0.0,0.0,0.0,0
1777318655279000,0,1.0,0.0,0.0,0.0,0.0,0.0,0.0,0.0,0
1777318655287000,0,1.0,0.0,0.0,0.0,0.0,0.0,0.0,0.0,0
1777318655295000,0,1.0,0.0,0.0,0.0,0.0,0.0,0.0,0.0,0
1777318655311000,0,1.0,0.0,0.0,0.0,0.0,0.0,0.0,0.0,0
1777318655319000,0,1.0,0.0,0.0,0.0,0.0,0.0,0.0,0.0,0
1777318655327000,0,1.0,0.0,0.0,0.0,0.0,0.0,0.0,0.0,0
1777318655335000,0,1.0,0.0,0.0,0.0,0.0,0.0,0.0,0.0,0
1777318655351000,0,1.0,0.0,0.0,0.0,0.0,0.0,0.0,0.0,0
1777318655359000,0,1.0,0.0,0.0,0.0,0.0,0.0,0.0,0.0,0
1777318655367000,0,1.0,0.0,0.0,0.0,0.0,0.0,0.0,0.0,0
1777318655375000,0,1.0,0.0,0.0,0.0,0.0,0.0,0.0,0.0,0
1777318655391000,0,1.0,0.0,0.0,0.0,0.0,0.0,0.0,0.0,0
1777318655399000,0,1.0,0.0,0.0,0.0,0.0,0.0,0.0,0.0,0
1777318655407000,0,1.0,0.0,0.0,0.0,0.0,0.0,0.0,0.0,0
1777318655415000,0,1.0,0.0,0.0,0.0,0.0,0.0,0.0,0.0,0
1777318655431000,0,1.0,0.0,0.0,0.0,0.0,0.0,0.0,0.0,0
1777318655439000,0,1.0,0.0,0.0,0.0,0.0,0.0,0.0,0.0,0
1777318655447000,0,1.0,0.0,0.0,0.0,0.0,0.0,0.0,0.0,0
1777318655455000,0,1.0,0.0,0.0,0.0,0.0,0.0,0.0,0.0,0
1777318655471000,0,1.0,0.0,0.0,0.0,0.0,0.0,0.0,0.0,0
1777318655479000,0,1.0,0.0,0.0,0.0,0.0,0.0,0.0,0.0,0
1777318655487000,0,1.0,0.0,0.0,0.0,0.0,0.0,0.0,0.0,0
1777318655495000,0,1.0,0.0,0.0,0.0,0.0,0.0,0.0,0.0,0
1777318655511000,0,1.0,0.0,0.0,0.0,0.0,0.0,0.0,0.0,0
1777318655519000,0,1.0,0.0,0.0,0.0,0.0,0.0,0.0,0.0,0
1777318655527000,0,1.0,0.0,0.0,0.0,0.0,0.0,0.0,0.0,0
1777318655535000,0,1.0,0.0,0.0,0.0,0.0,0.0,0.0,0.0,0
1777318655551000,0,1.0,0.0,0.0,0.0,0.0,0.0,0.0,0.0,0
1777318655559000,0,1.0,0.0,0.0,0.0,0.0,0.0,0.0,0.0,0
1777318655567000,0,1.0,0.0,0.0,0.0,0.0,0.0,0.0,0.0,0
1777318655575000,0,1.0,0.0,0.0,0.0,0.0,0.0,0.0,0.0,0
1777318655591000,0,1.0,0.0,0.0,0.0,0.0,0.0,0.0,0.0,0
1777318655599000,0,1.0,0.0,0.0,0.0,0.0,0.0,0.0,0.0,0
1777318655607000,0,1.0,0.0,0.0,0.0,0.0,0.0,0.0,0.0,0
1777318655615000,0,1.0,0.0,0.0,0.0,0.0,0.0,0.0,0.0,0
1777318655631000,0,1.0,0.0,0.0,0.0,0.0,0.0,0.0,0.0,0
1777318655639000,0,1.0,0.0,0.0,0.0,0.0,0.0,0.0,0.0,0
1777318655647000,0,1.0,0.0,0.0,0.0,0.0,0.0,0.0,0.0,0
1777318655655000,0,1.0,0.0,0.0,0.0,0.0,0.0,0.0,0.0,0
1777318655671000,0,1.0,0.0,0.0,0.0,0.0,0.0,0.0,0.0,0
1777318655679000,0,1.0,0.0,0.0,0.0,0.0,0.0,0.0,0.0,0
1777318655687000,0,1.0,0.0,0.0,0.0,0.0,0.0,0.0,0.0,0
1777318655695000,0,1.0,0.0,0.0,0.0,0.0,0.0,0.0,0.0,0
1777318655711000,0,1.0,0.0,0.0,0.0,0.0,0.0,0.0,0.0,0
1777318655719000,0,1.0,0.0,0.0,0.0,0.0,0.0,0.0,0.0,0
1777318655727000,0,1.0,0.0,0.0,0.0,0.0,0.0,0.0,0.0,0
1777318655735000,0,1.0,0.0,0.0,0.0,0.0,0.0,0.0,0.0,0
1777318655751000,0,1.0,0.0,0.0,0.0,0.0,0.0,0.0,0.0,0
1777318655759000,0,1.0,0.0,0.0,0.0,0.0,0.0,0.0,0.0,0
1777318655767000,0,1.0,0.0,0.0,0.0,0.0,0.0,0.0,0.0,0
1777318655775000,0,1.0,0.0,0.0,0.0,0.0,0.0,0.0,0.0,0
1777318655791000,0,1.0,0.0,0.0,0.0,0.0,0.0,0.0,0.0,0
1777318655799000,0,1.0,0.0,0.0,0.0,0.0,0.0,0.0,0.0,0
1777318655807000,0,1.0,0.0,0.0,0.0,0.0,0.0,0.0,0.0,0
1777318655815000,0,1.0,0.0,0.0,0.0,0.0,0.0,0.0,0.0,0
1777318655831000,0,1.0,0.0,0.0,0.0,0.0,0.0,0.0,0.0,0
1777318655839000,0,1.0,0.0,0.0,0.0,0.0,0.0,0.0,0.0,0
1777318655847000,0,1.0,0.0,0.0,0.0,0.0,0.0,0.0,0.0,0
1777318655855000,0,1.0,0.0,0.0,0.0,0.0,0.0,0.0,0.0,0
1777318655871000,0,1.0,0.0,0.0,0.0,0.0,0.0,0.0,0.0,0
1777318655879000,0,1.0,0.0,0.0,0.0,0.0,0.0,0.0,0.0,0
1777318655887000,0,1.0,0.0,0.0,0.0,0.0,0.0,0.0,0.0,0
1777318655895000,0,1.0,0.0,0.0,0.0,0.0,0.0,0.0,0.0,0
1777318655911000,0,1.0,0.0,0.0,0.0,0.0,0.0,0.0,0.0,0
1777318655919000,0,1.0,0.0,0.0,0.0,0.0,0.0,0.0,0.0,0
1777318655927000,0,1.0,0.0,0.0,0.0,0.0,0.0,0.0,0.0,0
1777318655935000,0,1.0,0.0,0.0,0.0,0.0,0.0,0.0,0.0,0
1777318655951000,0,1.0,0.0,0.0,0.0,0.0,0.0,0.0,0.0,0
1777318655959000,0,1.0,0.0,0.0,0.0,0.0,0.0,0.0,0.0,0
1777318655967000,0,1.0,0.0,0.0,0.0,0.0,0.0,0.0,0.0,0
1777318655975000,0,1.0,0.0,0.0,0.0,0.0,0.0,0.0,0.0,0
1777318655991000,0,1.0,0.0,0.0,0.0,0.0,0.0,0.0,0.0,0
1777318655999000,0,1.0,0.0,0.0,0.0,0.0,0.0,0.0,0.0,0
1777318656007000,0,1.0,0.0,0.0,0.0,0.0,0.0,0.0,0.0,0
1777318656015000,0,1.0,0.0,0.0,0.0,0.0,0.0,0.0,0.0,0
1777318656031000,0,1.0,0.0,0.0,0.0,0.0,0.0,0.0,0.0,0
1777318656039000,0,1.0,0.0,0.0,0.0,0.0,0.0,0.0,0.0,0
1777318656047000,0,1.0,0.0,0.0,0.0,0.0,0.0,0.0,0.0,0
1777318656055000,0,1.0,0.0,0.0,0.0,0.0,0.0,0.0,0.0,0
1777318656071000,0,1.0,0.0,0.0,0.0,0.0,0.0,0.0,0.0,0
1777318656079000,0,1.0,0.0,0.0,0.0,0.0,0.0,0.0,0.0,0
1777318656087000,0,1.0,0.0,0.0,0.0,0.0,0.0,0.0,0.0,0
1777318656095000,0,1.0,0.0,0.0,0.0,0.0,0.0,0.0,0.0,0
1777318656111000,0,1.0,0.0,0.0,0.0,0.0,0.0,0.0,0.0,0
1777318656119000,0,1.0,0.0,0.0,0.0,0.0,0.0,0.0,0.0,0
1777318656127000,0,1.0,0.0,0.0,0.0,0.0,0.0,0.0,0.0,0
1777318656135000,0,1.0,0.0,0.0,0.0,0.0,0.0,0.0,0.0,0
1777318656151000,0,1.0,0.0,0.0,0.0,0.0,0.0,0.0,0.0,0
1777318656159000,0,1.0,0.0,0.0,0.0,0.0,0.0,0.0,0.0,0
1777318656167000,0,1.0,0.0,0.0,0.0,0.0,0.0,0.0,0.0,0
1777318656175000,0,1.0,0.0,0.0,0.0,0.0,0.0,0.0,0.0,0
1777318656191000,0,1.0,0.0,0.0,0.0,0.0,0.0,0.0,0.0,0
1777318656199000,0,1.0,0.0,0.0,0.0,0.0,0.0,0.0,0.0,0
1777318656207000,0,1.0,0.0,0.0,0.0,0.0,0.0,0.0,0.0,0
1777318656215000,0,1.0,0.0,0.0,0.0,0.0,0.0,0.0,0.0,0
1777318656231000,0,1.0,0.0,0.0,0.0,0.0,0.0,0.0,0.0,0
1777318656239000,0,1.0,0.0,0.0,0.0,0.0,0.0,0.0,0.0,0
1777318656247000,0,1.0,0.0,0.0,0.0,0.0,0.0,0.0,0.0,0
1777318656255000,0,1.0,0.0,0.0,0.0,0.0,0.0,0.0,0.0,0
1777318656271000,0,1.0,0.0,0.0,0.0,0.0,0.0,0.0,0.0,0
1777318656279000,0,1.0,0.0,0.0,0.0,0.0,0.0,0.0,0.0,0
1777318656287000,0,1.0,0.0,0.0,0.0,0.0,0.0,0.0,0.0,0
1777318656295000,0,1.0,0.0,0.0,0.0,0.0,0.0,0.0,0.0,0
1777318656311000,0,1.0,0.0,0.0,0.0,0.0,0.0,0.0,0.0,0
1777318656319000,0,1.0,0.0,0.0,0.0,0.0,0.0,0.0,0.0,0
1777318656327000,0,1.0,0.0,0.0,0.0,0.0,0.0,0.0,0.0,0
1777318656335000,0,1.0,0.0,0.0,0.0,0.0,0.0,0.0,0.0,0
1777318656351000,0,1.0,0.0,0.0,0.0,0.0,0.0,0.0,0.0,0
1777318656359000,0,1.0,0.0,0.0,0.0,0.0,0.0,0.0,0.0,0
1777318656367000,0,1.0,0.0,0.0,0.0,0.0,0.0,0.0,0.0,0
1777318656375000,0,1.0,0.0,0.0,0.0,0.0,0.0,0.0,0.0,0
1777318656391000,0,1.0,0.0,0.0,0.0,0.0,0.0,0.0,0.0,0
1777318656399000,0,1.0,0.0,0.0,0.0,0.0,0.0,0.0,0.0,0
1777318656407000,0,1.0,0.0,0.0,0.0,0.0,0.0,0.0,0.0,0
1777318656415000,0,1.0,0.0,0.0,0.0,0.0,0.0,0.0,0.0,0
1777318656431000,0,1.0,0.0,0.0,0.0,0.0,0.0,0.0,0.0,0
1777318656439000,0,1.0,0.0,0.0,0.0,0.0,0.0,0.0,0.0,0
1777318656447000,0,1.0,0.0,0.0,0.0,0.0,0.0,0.0,0.0,0
1777318656455000,0,1.0,0.0,0.0,0.0,0.0,0.0,0.0,0.0,0
1777318656471000,0,1.0,0.0,0.0,0.0,0.0,0.0,0.0,0.0,0
1777318656479000,0,1.0,0.0,0.0,0.0,0.0,0.0,0.0,0.0,0
1777318656487000,0,1.0,0.0,0.0,0.0,0.0,0.0,0.0,0.0,0
1777318656495000,0,1.0,0.0,0.0,0.0,0.0,0.0,0.0,0.0,0
1777318656511000,0,1.0,0.0,0.0,0.0,0.0,0.0,0.0,0.0,0
1777318656519000,0,1.0,0.0,0.0,0.0,0.0,0.0,0.0,0.0,0
1777318656527000,0,1.0,0.0,0.0,0.0,0.0,0.0,0.0,0.0,0
1777318656535000,0,1.0,0.0,0.0,0.0,0.0,0.0,0.0,0.0,0
1777318656551000,0,1.0,0.0,0.0,0.0,0.0,0.0,0.0,0.0,0
1777318656559000,0,1.0,0.0,0.0,0.0,0.0,0.0,0.0,0.0,0
1777318656567000,0,1.0,0.0,0.0,0.0,0.0,0.0,0.0,0.0,0
1777318656575000,0,1.0,0.0,0.0,0.0,0.0,0.0,0.0,0.0,0
1777318656591000,0,1.0,0.0,0.0,0.0,0.0,0.0,0.0,0.0,0
1777318656599000,0,1.0,0.0,0.0,0.0,0.0,0.0,0.0,0.0,0
1777318656607000,0,1.0,0.0,0.0,0.0,0.0,0.0,0.0,0.0,0
1777318656615000,0,1.0,0.0,0.0,0.0,0.0,0.0,0.0,0.0,0
1777318656631000,0,1.0,0.0,0.0,0.0,0.0,0.0,0.0,0.0,0
1777318656639000,0,1.0,0.0,0.0,0.0,0.0,0.0,0.0,0.0,0
1777318656647000,0,1.0,0.0,0.0,0.0,0.0,0.0,0.0,0.0,0
1777318656655000,0,1.0,0.0,0.0,0.0,0.0,0.0,0.0,0.0,0
1777318656671000,0,1.0,0.0,0.0,0.0,0.0,0.0,0.0,0.0,0
1777318656679000,0,1.0,0.0,0.0,0.0,0.0,0.0,0.0,0.0,0
1777318656687000,0,1.0,0.0,0.0,0.0,0.0,0.0,0.0,0.0,0
1777318656695000,0,1.0,0.0,0.0,0.0,0.0,0.0,0.0,0.0,0
1777318656711000,0,1.0,0.0,0.0,0.0,0.0,0.0,0.0,0.0,0
1777318656719000,0,1.0,0.0,0.0,0.0,0.0,0.0,0.0,0.0,0
1777318656727000,0,1.0,0.0,0.0,0.0,0.0,0.0,0.0,0.0,0
1777318656735000,0,1.0,0.0,0.0,0.0,0.0,0.0,0.0,0.0,0
1777318656751000,0,1.0,0.0,0.0,0.0,0.0,0.0,0.0,0.0,0
1777318656759000,0,1.0,0.0,0.0,0.0,0.0,0.0,0.0,0.0,0
1777318656767000,0,1.0,0.0,0.0,0.0,0.0,0.0,0.0,0.0,0
1777318656775000,0,1.0,0.0,0.0,0.0,0.0,0.0,0.0,0.0,0
1777318656791000,0,1.0,0.0,0.0,0.0,0.0,0.0,0.0,0.0,0
1777318656799000,0,1.0,0.0,0.0,0.0,0.0,0.0,0.0,0.0,0
1777318656807000,0,1.0,0.0,0.0,0.0,0.0,0.0,0.0,0.0,0
1777318656815000,0,1.0,0.0,0.0,0.0,0.0,0.0,0.0,0.0,0
1777318656831000,0,1.0,0.0,0.0,0.0,0.0,0.0,0.0,0.0,0
1777318656839000,0,1.0,0.0,0.0,0.0,0.0,0.0,0.0,0.0,0
1777318656847000,0,1.0,0.0,0.0,0.0,0.0,0.0,0.0,0.0,0
1777318656855000,0,1.0,0.0,0.0,0.0,0.0,0.0,0.0,0.0,0
1777318656871000,0,1.0,0.0,0.0,0.0,0.0,0.0,0.0,0.0,0
1777318656879000,0,1.0,0.0,0.0,0.0,0.0,0.0,0.0,0.0,0
1777318656887000,0,1.0,0.0,0.0,0.0,0.0,0.0,0.0,0.0,0
1777318656895000,0,1.0,0.0,0.0,0.0,0.0,0.0,0.0,0.0,0
1777318656911000,0,1.0,0.0,0.0,0.0,0.0,0.0,0.0,0.0,0
1777318656919000,0,1.0,0.0,0.0,0.0,0.0,0.0,0.0,0.0,0
1777318656927000,0,1.0,0.0,0.0,0.0,0.0,0.0,0.0,0.0,0
1777318656935000,0,1.0,0.0,0.0,0.0,0.0,0.0,0.0,0.0,0
1777318656951000,0,1.0,0.0,0.0,0.0,0.0,0.0,0.0,0.0,0
1777318656959000,0,1.0,0.0,0.0,0.0,0.0,0.0,0.0,0.0,0
1777318656967000,0,1.0,0.0,0.0,0.0,0.0,0.0,0.0,0.0,0
1777318656975000,0,1.0,0.0,0.0,0.0,0.0,0.0,0.0,0.0,0
1777318656991000,0,1.0,0.0,0.0,0.0,0.0,0.0,0.0,0.0,0
1777318656999000,0,1.0,0.0,0.0,0.0,0.0,0.0,0.0,0.0,0
1777318657007000,0,1.0,0.0,0.0,0.0,0.0,0.0,0.0,0.0,0
1777318657015000,0,1.0,0.0,0.0,0.0,0.0,0.0,0.0,0.0,0
1777318657031000,0,1.0,0.0,0.0,0.0,0.0,0.0,0.0,0.0,0
1777318657039000,0,1.0,0.0,0.0,0.0,0.0,0.0,0.0,0.0,0
1777318657047000,0,1.0,0.0,0.0,0.0,0.0,0.0,0.0,0.0,0
1777318657055000,0,1.0,0.0,0.0,0.0,0.0,0.0,0.0,0.0,0
1777318657071000,0,1.0,0.0,0.0,0.0,0.0,0.0,0.0,0.0,0
1777318657079000,0,1.0,0.0,0.0,0.0,0.0,0.0,0.0,0.0,0
1777318657087000,0,1.0,0.0,0.0,0.0,0.0,0.0,0.0,0.0,0
1777318657095000,0,1.0,0.0,0.0,0.0,0.0,0.0,0.0,0.0,0
1777318657111000,0,1.0,0.0,0.0,0.0,0.0,0.0,0.0,0.0,0
1777318657119000,0,1.0,0.0,0.0,0.0,0.0,0.0,0.0,0.0,0
1777318657127000,0,1.0,0.0,0.0,0.0,0.0,0.0,0.0,0.0,0
1777318657135000,0,1.0,0.0,0.0,0.0,0.0,0.0,0.0,0.0,0
1777318657151000,0,1.0,0.0,0.0,0.0,0.0,0.0,0.0,0.0,0
1777318657159000,0,1.0,0.0,0.0,0.0,0.0,0.0,0.0,0.0,0
1777318657167000,0,1.0,0.0,0.0,0.0,0.0,0.0,0.0,0.0,0
1777318657175000,0,1.0,0.0,0.0,0.0,0.0,0.0,0.0,0.0,0
1777318657191000,0,1.0,0.0,0.0,0.0,0.0,0.0,0.0,0.0,0
1777318657199000,0,1.0,0.0,0.0,0.0,0.0,0.0,0.0,0.0,0
1777318657207000,0,1.0,0.0,0.0,0.0,0.0,0.0,0.0,0.0,0
1777318657215000,0,1.0,0.0,0.0,0.0,0.0,0.0,0.0,0.0,0
1777318657231000,0,1.0,0.0,0.0,0.0,0.0,0.0,0.0,0.0,0
1777318657239000,0,1.0,0.0,0.0,0.0,0.0,0.0,0.0,0.0,0
1777318657247000,0,1.0,0.0,0.0,0.0,0.0,0.0,0.0,0.0,0
1777318657255000,0,1.0,0.0,0.0,0.0,0.0,0.0,0.0,0.0,0
1777318657271000,0,1.0,0.0,0.0,0.0,0.0,0.0,0.0,0.0,0
1777318657279000,0,1.0,0.0,0.0,0.0,0.0,0.0,0.0,0.0,0
1777318657287000,0,1.0,0.0,0.0,0.0,0.0,0.0,0.0,0.0,0
1777318657295000,0,1.0,0.0,0.0,0.0,0.0,0.0,0.0,0.0,0
1777318657311000,0,1.0,0.0,0.0,0.0,0.0,0.0,0.0,0.0,0
1777318657319000,0,1.0,0.0,0.0,0.0,0.0,0.0,0.0,0.0,0
1777318657327000,0,1.0,0.0,0.0,0.0,0.0,0.0,0.0,0.0,0
1777318657335000,0,1.0,0.0,0.0,0.0,0.0,0.0,0.0,0.0,0
1777318657351000,0,1.0,0.0,0.0,0.0,0.0,0.0,0.0,0.0,0
1777318657359000,0,1.0,0.0,0.0,0.0,0.0,0.0,0.0,0.0,0
1777318657367000,0,1.0,0.0,0.0,0.0,0.0,0.0,0.0,0.0,0
1777318657375000,0,1.0,0.0,0.0,0.0,0.0,0.0,0.0,0.0,0
1777318657391000,0,1.0,0.0,0.0,0.0,0.0,0.0,0.0,0.0,0
1777318657399000,0,1.0,0.0,0.0,0.0,0.0,0.0,0.0,0.0,0
1777318657407000,0,1.0,0.0,0.0,0.0,0.0,0.0,0.0,0.0,0
1777318657415000,0,1.0,0.0,0.0,0.0,0.0,0.0,0.0,0.0,0
1777318657431000,0,1.0,0.0,0.0,0.0,0.0,0.0,0.0,0.0,0
1777318657439000,0,1.0,0.0,0.0,0.0,0.0,0.0,0.0,0.0,0
1777318657447000,0,1.0,0.0,0.0,0.0,0.0,0.0,0.0,0.0,0
1777318657455000,0,1.0,0.0,0.0,0.0,0.0,0.0,0.0,0.0,0
1777318657471000,0,1.0,0.0,0.0,0.0,0.0,0.0,0.0,0.0,0
1777318657479000,0,1.0,0.0,0.0,0.0,0.0,0.0,0.0,0.0,0
1777318657487000,0,1.0,0.0,0.0,0.0,0.0,0.0,0.0,0.0,0
1777318657495000,0,1.0,0.0,0.0,0.0,0.0,0.0,0.0,0.0,0
1777318657511000,0,1.0,0.0,0.0,0.0,0.0,0.0,0.0,0.0,0
1777318657519000,0,1.0,0.0,0.0,0.0,0.0,0.0,0.0,0.0,0
1777318657527000,0,1.0,0.0,0.0,0.0,0.0,0.0,0.0,0.0,0
1777318657535000,0,1.0,0.0,0.0,0.0,0.0,0.0,0.0,0.0,0
1777318657551000,0,1.0,0.0,0.0,0.0,0.0,0.0,0.0,0.0,0
1777318657559000,0,1.0,0.0,0.0,0.0,0.0,0.0,0.0,0.0,0
1777318657567000,0,1.0,0.0,0.0,0.0,0.0,0.0,0.0,0.0,0
1777318657575000,0,1.0,0.0,0.0,0.0,0.0,0.0,0.0,0.0,0
1777318657591000,0,1.0,0.0,0.0,0.0,0.0,0.0,0.0,0.0,0
1777318657599000,0,1.0,0.0,0.0,0.0,0.0,0.0,0.0,0.0,0
1777318657607000,0,1.0,0.0,0.0,0.0,0.0,0.0,0.0,0.0,0
1777318657615000,0,1.0,0.0,0.0,0.0,0.0,0.0,0.0,0.0,0
1777318657631000,0,1.0,0.0,0.0,0.0,0.0,0.0,0.0,0.0,0
1777318657639000,0,1.0,0.0,0.0,0.0,0.0,0.0,0.0,0.0,0
1777318657647000,0,1.0,0.0,0.0,0.0,0.0,0.0,0.0,0.0,0
1777318657655000,0,1.0,0.0,0.0,0.0,0.0,0.0,0.0,0.0,0
1777318657671000,0,1.0,0.0,0.0,0.0,0.0,0.0,0.0,0.0,0
1777318657679000,0,1.0,0.0,0.0,0.0,0.0,0.0,0.0,0.0,0
1777318657687000,0,1.0,0.0,0.0,0.0,0.0,0.0,0.0,0.0,0
1777318657695000,0,1.0,0.0,0.0,0.0,0.0,0.0,0.0,0.0,0
1777318657711000,0,1.0,0.0,0.0,0.0,0.0,0.0,0.0,0.0,0
1777318657719000,0,1.0,0.0,0.0,0.0,0.0,0.0,0.0,0.0,0
1777318657727000,0,1.0,0.0,0.0,0.0,0.0,0.0,0.0,0.0,0
1777318657735000,0,1.0,0.0,0.0,0.0,0.0,0.0,0.0,0.0,0
1777318657751000,0,1.0,0.0,0.0,0.0,0.0,0.0,0.0,0.0,0
1777318657759000,0,1.0,0.0,0.0,0.0,0.0,0.0,0.0,0.0,0
1777318657767000,0,1.0,0.0,0.0,0.0,0.0,0.0,0.0,0.0,0
1777318657775000,0,1.0,0.0,0.0,0.0,0.0,0.0,0.0,0.0,0
1777318657791000,0,1.0,0.0,0.0,0.0,0.0,0.0,0.0,0.0,0
1777318657799000,0,1.0,0.0,0.0,0.0,0.0,0.0,0.0,0.0,0
1777318657807000,0,1.0,0.0,0.0,0.0,0.0,0.0,0.0,0.0,0
1777318657815000,0,1.0,0.0,0.0,0.0,0.0,0.0,0.0,0.0,0
1777318657831000,0,1.0,0.0,0.0,0.0,0.0,0.0,0.0,0.0,0
1777318657839000,0,1.0,0.0,0.0,0.0,0.0,0.0,0.0,0.0,0
1777318657847000,0,1.0,0.0,0.0,0.0,0.0,0.0,0.0,0.0,0
1777318657855000,0,1.0,0.0,0.0,0.0,0.0,0.0,0.0,0.0,0
1777318657871000,0,1.0,0.0,0.0,0.0,0.0,0.0,0.0,0.0,0
1777318657879000,0,1.0,0.0,0.0,0.0,0.0,0.0,0.0,0.0,0
1777318657887000,0,1.0,0.0,0.0,0.0,0.0,0.0,0.0,0.0,0
1777318657895000,0,1.0,0.0,0.0,0.0,0.0,0.0,0.0,0.0,0
1777318657911000,0,1.0,0.0,0.0,0.0,0.0,0.0,0.0,0.0,0
1777318657919000,0,1.0,0.0,0.0,0.0,0.0,0.0,0.0,0.0,0
1777318657927000,0,1.0,0.0,0.0,0.0,0.0,0.0,0.0,0.0,0
1777318657935000,0,1.0,0.0,0.0,0.0,0.0,0.0,0.0,0.0,0
1777318657951000,0,1.0,0.0,0.0,0.0,0.0,0.0,0.0,0.0,0
1777318657959000,0,1.0,0.0,0.0,0.0,0.0,0.0,0.0,0.0,0
1777318657967000,0,1.0,0.0,0.0,0.0,0.0,0.0,0.0,0.0,0
1777318657975000,0,1.0,0.0,0.0,0.0,0.0,0.0,0.0,0.0,0
1777318657991000,0,1.0,0.0,0.0,0.0,0.0,0.0,0.0,0.0,0
1777318657999000,0,1.0,0.0,0.0,0.0,0.0,0.0,0.0,0.0,0
1777318658007000,0,1.0,0.0,0.0,0.0,0.0,0.0,0.0,0.0,0
1777318658015000,0,1.0,0.0,0.0,0.0,0.0,0.0,0.0,0.0,0
1777318658031000,0,1.0,0.0,0.0,0.0,0.0,0.0,0.0,0.0,0
1777318658039000,0,1.0,0.0,0.0,0.0,0.0,0.0,0.0,0.0,0
1777318658047000,0,1.0,0.0,0.0,0.0,0.0,0.0,0.0,0.0,0
1777318658055000,0,1.0,0.0,0.0,0.0,0.0,0.0,0.0,0.0,0
1777318658071000,0,1.0,0.0,0.0,0.0,0.0,0.0,0.0,0.0,0
1777318658079000,0,1.0,0.0,0.0,0.0,0.0,0.0,0.0,0.0,0
1777318658087000,0,1.0,0.0,0.0,0.0,0.0,0.0,0.0,0.0,0
1777318658095000,0,1.0,0.0,0.0,0.0,0.0,0.0,0.0,0.0,0
1777318658111000,0,1.0,0.0,0.0,0.0,0.0,0.0,0.0,0.0,0
1777318658119000,0,1.0,0.0,0.0,0.0,0.0,0.0,0.0,0.0,0
1777318658127000,0,1.0,0.0,0.0,0.0,0.0,0.0,0.0,0.0,0
1777318658135000,0,1.0,0.0,0.0,0.0,0.0,0.0,0.0,0.0,0
1777318658151000,0,1.0,0.0,0.0,0.0,0.0,0.0,0.0,0.0,0
1777318658159000,0,1.0,0.0,0.0,0.0,0.0,0.0,0.0,0.0,0
1777318658167000,0,1.0,0.0,0.0,0.0,0.0,0.0,0.0,0.0,0
1777318658175000,0,1.0,0.0,0.0,0.0,0.0,0.0,0.0,0.0,0
1777318658191000,0,1.0,0.0,0.0,0.0,0.0,0.0,0.0,0.0,0
1777318658199000,0,1.0,0.0,0.0,0.0,0.0,0.0,0.0,0.0,0
1777318658207000,0,1.0,0.0,0.0,0.0,0.0,0.0,0.0,0.0,0
1777318658215000,0,1.0,0.0,0.0,0.0,0.0,0.0,0.0,0.0,0
1777318658231000,0,1.0,0.0,0.0,0.0,0.0,0.0,0.0,0.0,0
1777318658239000,0,1.0,0.0,0.0,0.0,0.0,0.0,0.0,0.0,0
1777318658247000,0,1.0,0.0,0.0,0.0,0.0,0.0,0.0,0.0,0
1777318658255000,0,1.0,0.0,0.0,0.0,0.0,0.0,0.0,0.0,0
1777318658271000,0,1.0,0.0,0.0,0.0,0.0,0.0,0.0,0.0,0
1777318658279000,0,1.0,0.0,0.0,0.0,0.0,0.0,0.0,0.0,0
1777318658287000,0,1.0,0.0,0.0,0.0,0.0,0.0,0.0,0.0,0
1777318658295000,0,1.0,0.0,0.0,0.0,0.0,0.0,0.0,0.0,0
1777318658311000,0,1.0,0.0,0.0,0.0,0.0,0.0,0.0,0.0,0
1777318658319000,0,1.0,0.0,0.0,0.0,0.0,0.0,0.0,0.0,0
1777318658327000,0,1.0,0.0,0.0,0.0,0.0,0.0,0.0,0.0,0
1777318658335000,0,1.0,0.0,0.0,0.0,0.0,0.0,0.0,0.0,0
1777318658351000,0,1.0,0.0,0.0,0.0,0.0,0.0,0.0,0.0,0
1777318658359000,0,1.0,0.0,0.0,0.0,0.0,0.0,0.0,0.0,0
1777318658367000,0,1.0,0.0,0.0,0.0,0.0,0.0,0.0,0.0,0
1777318658375000,0,1.0,0.0,0.0,0.0,0.0,0.0,0.0,0.0,0
1777318658391000,0,1.0,0.0,0.0,0.0,0.0,0.0,0.0,0.0,0
1777318658399000,0,1.0,0.0,0.0,0.0,0.0,0.0,0.0,0.0,0
1777318658407000,0,1.0,0.0,0.0,0.0,0.0,0.0,0.0,0.0,0
1777318658415000,0,1.0,0.0,0.0,0.0,0.0,0.0,0.0,0.0,0
1777318658431000,0,1.0,0.0,0.0,0.0,0.0,0.0,0.0,0.0,0
1777318658439000,0,1.0,0.0,0.0,0.0,0.0,0.0,0.0,0.0,0
1777318658447000,0,1.0,0.0,0.0,0.0,0.0,0.0,0.0,0.0,0
1777318658455000,0,1.0,0.0,0.0,0.0,0.0,0.0,0.0,0.0,0
1777318658471000,0,1.0,0.0,0.0,0.0,0.0,0.0,0.0,0.0,0
1777318658479000,0,1.0,0.0,0.0,0.0,0.0,0.0,0.0,0.0,0
1777318658487000,0,1.0,0.0,0.0,0.0,0.0,0.0,0.0,0.0,0
1777318658495000,0,1.0,0.0,0.0,0.0,0.0,0.0,0.0,0.0,0
1777318658511000,0,1.0,0.0,0.0,0.0,0.0,0.0,0.0,0.0,0
1777318658519000,0,1.0,0.0,0.0,0.0,0.0,0.0,0.0,0.0,0
1777318658527000,0,1.0,0.0,0.0,0.0,0.0,0.0,0.0,0.0,0
1777318658535000,0,1.0,0.0,0.0,0.0,0.0,0.0,0.0,0.0,0
1777318658551000,0,1.0,0.0,0.0,0.0,0.0,0.0,0.0,0.0,0
1777318658559000,0,1.0,0.0,0.0,0.0,0.0,0.0,0.0,0.0,0
1777318658567000,0,1.0,0.0,0.0,0.0,0.0,0.0,0.0,0.0,0
1777318658575000,0,1.0,0.0,0.0,0.0,0.0,0.0,0.0,0.0,0
1777318658591000,0,1.0,0.0,0.0,0.0,0.0,0.0,0.0,0.0,0
1777318658599000,0,1.0,0.0,0.0,0.0,0.0,0.0,0.0,0.0,0
1777318658607000,0,1.0,0.0,0.0,0.0,0.0,0.0,0.0,0.0,0
1777318658615000,0,1.0,0.0,0.0,0.0,0.0,0.0,0.0,0.0,0
1777318658631000,0,1.0,3.0204585e-06,-0.000116969975,-1.7803843e-07,0.0,0.0,0.0,0.0,0
1777318658639000,0,0.99999994,1.1644792e-06,-0.00029416737,-8.898459e-07,0.0,0.0,0.0,0.0,0
1777318658647000,0,0.9999999,3.1001853e-06,-0.00051027874,-1.6005051e-06,0.0,0.0,0.0,0.0,0
1777318658655000,0,0.9999997,1.19868655e-05,-0.00073566503,-1.8186736e-06,0.0,0.0,0.0,0.0,0
1777318658671000,0,0.99999934,4.483215e-05,-0.0011554941,-2.1988894e-06,0.0,0.0,0.0,0.0,0
1777318658679000,0,0.9999991,6.379642e-05,-0.0013209868,-2.0064438e-06,0.0,0.0,0.0,0.0,0
1777318658687000,0,0.9999989,8.475026e-05,-0.0014694905,-1.6772225e-06,0.0,0.0,0.0,0.0,0
1777318658695000,0,0.9999987,9.56654e-05,-0.0016328954,-1.7197258e-06,0.0,0.0,0.0,0.0,0
1777318658711000,0,0.999998,0.00012496521,-0.0020045307,-8.155226e-07,0.0,0.0,0.0,0.0,0
1777318658719000,0,0.9999977,0.00014799232,-0.0021510972,-1.6322883e-06,0.0,0.0,0.0,0.0,0
1777318658727000,0,0.9999974,0.00014582493,-0.0022859343,-3.2574019e-06,0.0,0.0,0.0,0.0,0
1777318658735000,0,0.99999714,0.00012597773,-0.0024002928,-5.0085077e-06,0.0,0.0,0.0,0.0,0
1777318658751000,0,0.99999666,9.487603e-05,-0.0025928766,-7.150923e-06,0.0,0.0,0.0,0.0,0
1777318658759000,0,0.99999636,9.619849e-05,-0.0027059144,-7.78013e-06,0.0,0.0,0.0,0.0,0
1777318658767000,0,0.999996,0.000120763296,-0.0028304067,-7.547569e-06,0.0,0.0,0.0,0.0,0
1777318658775000,0,0.9999957,0.00014927829,-0.002934107,-7.879412e-06,0.0,0.0,0.0,0.0,0
1777318658791000,0,0.9999953,0.00015954867,-0.0030589544,-1.0802206e-05,0.0,0.0,0.0,0.0,0
1777318658799000,0,0.99999523,0.00015752674,-0.0030933782,-1.2369449e-05,0.0,0.0,0.0,0.0,0
1777318658807000,0,0.9999951,0.00015883453,-0.0031280415,-1.3837524e-05,0.0,0.0,0.0,0.0,0
1777318658815000,0,0.99999493,0.0001633408,-0.003176007,-1.5164398e-05,0.0,0.0,0.0,0.0,0
1777318658831000,0,0.9999947,0.00014954952,-0.0032624335,-1.5045763e-05,0.0,0.0,0.0,0.0,0
1777318658839000,0,0.9999947,0.00012267838,-0.0032594046,-1.43331e-05,0.0,0.0,0.0,0.0,0
1777318658847000,0,0.99999475,0.00010891573,-0.0032315727,-1.3396838e-05,0.0,0.0,0.0,0.0,0
1777318658855000,0,0.99999493,0.000103493185,-0.0031870825,-1.3054017e-05,0.0,0.0,0.0,0.0,0
1777318658871000,0,0.999995,0.0001069219,-0.0031691198,-1.3841323e-05,0.0,0.0,0.0,0.0,0
1777318658879000,0,0.99999493,0.000102434016,-0.0031877868,-1.4568675e-05,0.0,0.0,0.0,0.0,0
1777318658887000,0,0.99999493,0.00010067325,-0.003183936,-1.5151691e-05,0.0,0.0,0.0,0.0,0
1777318658895000,0,0.99999505,9.6317934e-05,-0.0031432146,-1.5961454e-05,0.0,0.0,0.0,0.0,0
1777318658911000,0,0.9999954,6.538588e-05,-0.0030339079,-2.2314054e-05,0.0,0.0,0.0,0.0,0
1777318658919000,0,0.9999955,3.7228787e-05,-0.0029960691,-2.6530326e-05,0.0,0.0,0.0,0.0,0
1777318658927000,0,0.9999956,1.9460042e-05,-0.0029743842,-3.093835e-05,0.0,0.0,0.0,0.0,0
1777318658935000,0,0.9999956,1.2459754e-05,-0.0029606035,-3.535895e-05,0.0,0.0,0.0,0.0,0
1777318658951000,0,0.99999595,3.214908e-05,-0.0028541773,-4.2677875e-05,0.0,0.0,0.0,0.0,0
1777318658959000,0,0.9999961,5.86439e-05,-0.0027886655,-4.5977995e-05,0.0,0.0,0.0,0.0,0
1777318658967000,0,0.99999624,7.308637e-05,-0.002741156,-4.837928e-05,0.0,0.0,0.0,0.0,0
1777318658975000,0,0.9999963,5.634557e-05,-0.002709008,-5.0289415e-05,0.0,0.0,0.0,0.0,0
1777318658991000,0,0.99999654,3.7297526e-05,-0.002630433,-5.2426953e-05,0.0,0.0,0.0,0.0,0
1777318658999000,0,0.99999666,6.833612e-05,-0.0025708198,-5.1809966e-05,0.0,0.0,0.0,0.0,0
1777318659007000,0,0.99999684,0.00010636029,-0.0025042526,-5.0907547e-05,0.0,0.0,0.0,0.0,0
1777318659015000,0,0.9999971,0.00013589169,-0.0024132654,-5.0112718e-05,0.0,0.0,0.0,0.0,0
1777318659031000,0,0.99999744,0.00019084815,-0.0022443275,-4.8757534e-05,0.0,0.0,0.0,0.0,0
1777318659039000,0,0.99999756,0.00020320095,-0.00219723,-4.8765272e-05,0.0,0.0,0.0,0.0,0
1777318659047000,0,0.9999976,0.00020453255,-0.0021728536,-4.911298e-05,0.0,0.0,0.0,0.0,0
1777318659055000,0,0.9999977,0.00020450343,-0.002154501,-4.9687118e-05,0.0,0.0,0.0,0.0,0
1777318659071000,0,0.9999978,0.00021130974,-0.002079863,-5.1434978e-05,0.0,0.0,0.0,0.0,0
1777318659079000,0,0.999998,0.00021388108,-0.0019984918,-5.1901407e-05,0.0,0.0,0.0,0.0,0
1777318659087000,0,0.9999982,0.00022775616,-0.0018890619,-5.3850494e-05,0.0,0.0,0.0,0.0,0
1777318659095000,0,0.9999984,0.00024746876,-0.0017707845,-5.7519665e-05,0.0,0.0,0.0,0.0,0
1777318659111000,0,0.9999986,0.0002689616,-0.0016274913,-6.300191e-05,0.0,0.0,0.0,0.0,0
1777318659119000,0,0.9999987,0.00026429544,-0.0016010234,-6.495797e-05,0.0,0.0,0.0,0.0,0
1777318659127000,0,0.99999875,0.0002577383,-0.0015595369,-6.7135385e-05,0.0,0.0,0.0,0.0,0
1777318659135000,0,0.99999887,0.00025493206,-0.0014781712,-6.9385555e-05,0.0,0.0,0.0,0.0,0
1777318659151000,0,0.99999917,0.00025483812,-0.0012730083,-7.3378054e-05,0.0,0.0,0.0,0.0,0
1777318659159000,0,0.9999992,0.0002560031,-0.001203127,-7.598107e-05,0.0,0.0,0.0,0.0,0
1777318659167000,0,0.9999993,0.00025261365,-0.0011850441,-7.926943e-05,0.0,0.0,0.0,0.0,0
1777318659175000,0,0.9999993,0.00024127883,-0.0011628602,-8.216625e-05,0.0,0.0,0.0,0.0,0
1777318659191000,0,0.99999946,0.0002448719,-0.0010201536,-8.524039e-05,0.0,0.0,0.0,0.0,0
1777318659199000,0,0.9999995,0.00027333133,-0.00093412487,-8.545709e-05,0.0,0.0,0.0,0.0,0
1777318659207000,0,0.9999996,0.00029668232,-0.0008531658,-8.536864e-05,0.0,0.0,0.0,0.0,0
1777318659215000,0,0.99999964,0.00030831597,-0.00078654836,-8.587226e-05,0.0,0.0,0.0,0.0,0
1777318659231000,0,0.9999997,0.00028595992,-0.0006889772,-8.705913e-05,0.0,0.0,0.0,0.0,0
1777318659239000,0,0.99999976,0.00027008972,-0.00061355665,-8.722645e-05,0.0,0.0,0.0,0.0,0
1777318659247000,0,0.9999998,0.00026045155,-0.0005187062,-8.707354e-05,0.0,0.0,0.0,0.0,0
1777318659255000,0,0.9999999,0.00025404344,-0.00043231028,-8.7498884e-05,0.0,0.0,0.0,0.0,0
1777318659271000,0,0.9999999,0.00028079547,-0.00038255533,-9.0409216e-05,0.0,0.0,0.0,0.0,0
1777318659279000,0,0.9999999,0.0003090944,-0.00037900798,-9.226402e-05,0.0,0.0,0.0,0.0,0
1777318659287000,0,0.9999999,0.0003183134,-0.00032512983,-9.406586e-05,0.0,0.0,0.0,0.0,0
1777318659295000,0,0.99999994,0.00029232318,-0.00024276694,-9.569226e-05,0.0,0.0,0.0,0.0,0
1777318659311000,0,0.99999994,0.00020932451,-0.0001849667,-0.000102181606,0.0,0.0,0.0,0.0,0
1777318659319000,0,0.99999994,0.0001967284,-0.0002437297,-0.000105929386,0.0,0.0,0.0,0.0,0
1777318659327000,0,0.99999994,0.00020163445,-0.0002785879,-0.000109935034,0.0,0.0,0.0,0.0,0
1777318659335000,0,0.99999994,0.00020175667,-0.00023729,-0.00011374887,0.0,0.0,0.0,0.0,0
1777318659351000,0,1.0,0.000164163,-1.8809367e-05,-0.00012082385,0.0,0.0,0.0,0.0,0
1777318659359000,0,1.0,0.00013340102,1.9514084e-05,-0.00012388447,0.0,0.0,0.0,0.0,0
1777318659367000,0,1.0,0.00010451193,-1.5195538e-05,-0.00012748838,0.0,0.0,0.0,0.0,0
1777318659375000,0,1.0,7.848622e-05,-6.223751e-05,-0.00013136043,0.0,0.0,0.0,0.0,0
1777318659391000,0,1.0,6.679595e-05,-8.57469e-05,-0.00013718527,0.0,0.0,0.0,0.0,0
1777318659399000,0,1.0,6.686499e-05,-5.7962243e-05,-0.00013842783,0.0,0.0,0.0,0.0,0
1777318659407000,0,1.0,5.398747e-05,-3.5283796e-05,-0.0001390493,0.0,0.0,0.0,0.0,0
1777318659415000,0,1.0,5.029517e-05,-1.6391205e-05,-0.00013993736,0.0,0.0,0.0,0.0,0
1777318659431000,0,1.0,5.87263e-05,-5.9371955e-06,-0.00014211451,0.0,0.0,0.0,0.0,0
1777318659439000,0,1.0,5.4372704e-05,6.9558364e-06,-0.00014251385,0.0,0.0,0.0,0.0,0
1777318659447000,0,1.0,6.533228e-05,5.7559304e-05,-0.00014260015,0.0,0.0,0.0,0.0,0
1777318659455000,0,1.0,9.5803414e-05,0.00012610252,-0.00014241987,0.0,0.0,0.0,0.0,0
1777318659471000,0,0.99999994,0.00019033687,0.00016210126,-0.00014189765,0.0,0.0,0.0,0.0,0
1777318659479000,0,0.99999994,0.00021829654,0.00015135233,-0.00014061536,0.0,0.0,0.0,0.0,0
1777318659487000,0,0.99999994,0.00022247275,0.00015252442,-0.0001398602,0.0,0.0,0.0,0.0,0
1777318659495000,0,0.99999994,0.00021418551,0.00017318405,-0.00013940992,0.0,0.0,0.0,0.0,0
1777318659511000,0,0.99999994,0.00019172613,0.00022019152,-0.00013912913,0.0,0.0,0.0,0.0,0
1777318659519000,0,0.99999994,0.00019437741,0.00021469968,-0.00013939744,0.0,0.0,0.0,0.0,0
1777318659527000,0,0.99999994,0.00021477608,0.00020106614,-0.00014024887,0.0,0.0,0.0,0.0,0
1777318659535000,0,0.99999994,0.00024019666,0.0002025167,-0.00014096475,0.0,0.0,0.0,0.0,0
1777318659551000,0,0.99999994,0.0003046386,0.00024050991,-0.00014114629,0.0,0.0,0.0,0.0,0
1777318659559000,0,0.9999999,0.0003234027,0.0002680898,-0.00014260903,0.0,0.0,0.0,0.0,0
1777318659567000,0,0.9999999,0.00033822126,0.00029466886,-0.00014411555,0.0,0.0,0.0,0.0,0
1777318659575000,0,0.9999999,0.00035988863,0.0003175941,-0.0001455809,0.0,0.0,0.0,0.0,0
1777318659591000,0,0.9999998,0.00040403023,0.0003528079,-0.00014847123,0.0,0.0,0.0,0.0,0
1777318659599000,0,0.9999998,0.00042319353,0.00036807658,-0.0001494496,0.0,0.0,0.0,0.0,0
1777318659607000,0,0.9999998,0.0004468479,0.00039348507,-0.00014949203,0.0,0.0,0.0,0.0,0
1777318659615000,0,0.99999976,0.00047621736,0.00041530817,-0.00014896053,0.0,0.0,0.0,0.0,0
1777318659631000,0,0.99999976,0.000537126,0.00046205774,-0.000148119,0.0,0.0,0.0,0.0,0
1777318659639000,0,0.9999997,0.00055040134,0.00047876404,-0.00014718281,0.0,0.0,0.0,0.0,0
1777318659647000,0,0.9999997,0.0005435988,0.0004928754,-0.00014592732,0.0,0.0,0.0,0.0,0
1777318659655000,0,0.9999997,0.00053050707,0.00050397805,-0.00014458153,0.0,0.0,0.0,0.0,0
1777318659671000,0,0.99999964,0.00058066443,0.0005912268,-0.00014211681,0.0,0.0,0.0,0.0,0
1777318659679000,0,0.9999996,0.00064423843,0.00065404014,-0.000140696,0.0,0.0,0.0,0.0,0
1777318659687000,0,0.9999995,0.0007007755,0.0006912193,-0.00013893125,0.0,0.0,0.0,0.0,0
1777318659695000,0,0.99999946,0.0007314987,0.000716796,-0.00013706788,0.0,0.0,0.0,0.0,0
1777318659711000,0,0.99999946,0.00072144176,0.00076089526,-0.00013480544,0.0,0.0,0.0,0.0,0
1777318659719000,0,0.99999946,0.0006746745,0.0007955992,-0.00013430037,0.0,0.0,0.0,0.0,0
1777318659727000,0,0.99999946,0.0006414788,0.0008355213,-0.00013273614,0.0,0.0,0.0,0.0,0
1777318659735000,0,0.9999994,0.0006497613,0.00088185456,-0.00012991356,0.0,0.0,0.0,0.0,0
1777318659751000,0,0.9999993,0.000727836,0.00093515194,-0.00012337219,0.0,0.0,0.0,0.0,0
1777318659759000,0,0.9999993,0.0007606778,0.0009075053,-0.00012000091,0.0,0.0,0.0,0.0,0
1777318659767000,0,0.9999993,0.00077290647,0.00088150904,-0.00011652073,0.0,0.0,0.0,0.0,0
1777318659775000,0,0.9999993,0.0007682579,0.0008771588,-0.00011340891,0.0,0.0,0.0,0.0,0
1777318659791000,0,0.9999993,0.0007538666,0.0009054678,-0.00010781898,0.0,0.0,0.0,0.0,0
1777318659799000,0,0.9999993,0.0007328907,0.00092161226,-0.0001060545,0.0,0.0,0.0,0.0,0
1777318659807000,0,0.9999993,0.0007139592,0.0009469152,-0.00010366303,0.0,0.0,0.0,0.0,0
1777318659815000,0,0.9999993,0.00069843803,0.0009701991,-0.000100876125,0.0,0.0,0.0,0.0,0
1777318659831000,0,0.99999934,0.0006480214,0.0009500256,-9.5418356e-05,0.0,0.0,0.0,0.0,0
1777318659839000,0,0.99999934,0.0006322051,0.0009211884,-9.204423e-05,0.0,0.0,0.0,0.0,0
1777318659847000,0,0.9999994,0.0006265603,0.0009085572,-8.822483e-05,0.0,0.0,0.0,0.0,0
1777318659855000,0,0.9999994,0.00061661773,0.00091878185,-8.487609e-05,0.0,0.0,0.0,0.0,0
1777318659871000,0,0.9999994,0.0005711908,0.0009410664,-7.957588e-05,0.0,0.0,0.0,0.0,0
1777318659879000,0,0.9999994,0.00055830047,0.00095295714,-7.617926e-05,0.0,0.0,0.0,0.0,0
1777318659887000,0,0.99999934,0.00055910676,0.0009855988,-7.305078e-05,0.0,0.0,0.0,0.0,0
1777318659895000,0,0.9999993,0.00057249994,0.0010290444,-7.010639e-05,0.0,0.0,0.0,0.0,0
1777318659911000,0,0.9999992,0.00058174337,0.0011124568,-6.149e-05,0.0,0.0,0.0,0.0,0
1777318659919000,0,0.99999917,0.00057814625,0.0011408253,-5.631398e-05,0.0,0.0,0.0,0.0,0
1777318659927000,0,0.99999917,0.0005801491,0.0011689626,-5.1900046e-05,0.0,0.0,0.0,0.0,0
1777318659935000,0,0.9999991,0.00057826383,0.001195159,-4.8460384e-05,0.0,0.0,0.0,0.0,0
1777318659951000,0,0.99999917,0.00053732254,0.0011496489,-4.052646e-05,0.0,0.0,0.0,0.0,0
1777318659959000,0,0.9999992,0.0005064658,0.0011517336,-3.5601173e-05,0.0,0.0,0.0,0.0,0
1777318659967000,0,0.99999917,0.00047861435,0.001193659,-3.181475e-05,0.0,0.0,0.0,0.0,0
1777318659975000,0,0.9999991,0.0004638002,0.001273569,-2.975893e-05,0.0,0.0,0.0,0.0,0
1777318659991000,0,0.9999989,0.00042525853,0.0014195497,-2.5996555e-05,0.0,0.0,0.0,0.0,0
1777318659999000,0,0.99999887,0.0004055784,0.0014361414,-2.3339255e-05,0.0,0.0,0.0,0.0,0
1777318660007000,0,0.9999989,0.00039658547,0.0014181469,-1.968916e-05,0.0,0.0,0.0,0.0,0
1777318660015000,0,0.9999989,0.00040160987,0.0013931928,-1.5661673e-05,0.0,0.0,0.0,0.0,0
1777318660031000,0,0.9999989,0.0004469477,0.0013821396,-6.573266e-06,0.0,0.0,0.0,0.0,0
1777318660039000,0,0.9999989,0.00045855247,0.0013887474,-2.4085675e-06,0.0,0.0,0.0,0.0,0
1777318660047000,0,0.9999989,0.0004625327,0.001385835,1.184569e-06,0.0,0.0,0.0,0.0,0
1777318660055000,0,0.999999,0.0004550869,0.0013688968,4.520365e-06,0.0,0.0,0.0,0.0,0
1777318660071000,0,0.999999,0.00043053515,0.0013661376,9.974545e-06,0.0,0.0,0.0,0.0,0
1777318660079000,0,0.9999989,0.0004308128,0.0014050103,1.31908555e-05,0.0,0.0,0.0,0.0,0
1777318660087000,0,0.9999988,0.00044339974,0.0014624139,1.697559e-05,0.0,0.0,0.0,0.0,0
1777318660095000,0,0.99999875,0.00047121555,0.0015105671,2.2511642e-05,0.0,0.0,0.0,0.0,0
1777318660111000,0,0.99999875,0.00053000264,0.0015020291,3.7395424e-05,0.0,0.0,0.0,0.0,0
1777318660119000,0,0.99999875,0.00052978913,0.001493249,4.396887e-05,0.0,0.0,0.0,0.0,0
1777318660127000,0,0.99999875,0.00051722757,0.0015008156,5.0836086e-05,0.0,0.0,0.0,0.0,0
1777318660135000,0,0.99999875,0.0004968939,0.0015188927,5.883154e-05,0.0,0.0,0.0,0.0,0
1777318660151000,0,0.9999987,0.00046569348,0.0015488085,7.204939e-05,0.0,0.0,0.0,0.0,0
1777318660159000,0,0.9999987,0.00045653776,0.0015653081,7.709348e-05,0.0,0.0,0.0,0.0,0
1777318660167000,0,0.9999986,0.0004662568,0.0015907214,8.340098e-05,0.0,0.0,0.0,0.0,0
1777318660175000,0,0.99999857,0.00048397796,0.0016208488,9.1342394e-05,0.0,0.0,0.0,0.0,0
1777318660191000,0,0.99999857,0.0004915262,0.0016155464,0.0001070164,0.0,0.0,0.0,0.0,0
1777318660199000,0,0.9999986,0.0004853161,0.0015751987,0.00011367331,0.0,0.0,0.0,0.0,0
1777318660207000,0,0.99999875,0.00048001742,0.0015036818,0.00011902482,0.0,0.0,0.0,0.0,0
1777318660215000,0,0.99999887,0.0004826915,0.0014237213,0.00012338252,0.0,0.0,0.0,0.0,0
1777318660231000,0,0.9999989,0.00046893617,0.0013876904,0.00013009513,0.0,0.0,0.0,0.0,0
1777318660239000,0,0.99999887,0.00044312543,0.0014379108,0.00013237675,0.0,0.0,0.0,0.0,0
1777318660247000,0,0.9999988,0.00041065208,0.0014966973,0.00013444945,0.0,0.0,0.0,0.0,0
1777318660255000,0,0.99999875,0.00039140848,0.0015250882,0.00013631224,0.0,0.0,0.0,0.0,0
1777318660271000,0,0.9999989,0.0003846253,0.0014184951,0.00014081539,0.0,0.0,0.0,0.0,0
1777318660279000,0,0.9999989,0.00039774354,0.0013839179,0.00014358359,0.0,0.0,0.0,0.0,0
1777318660287000,0,0.9999989,0.000405929,0.0014037702,0.00014651356,0.0,0.0,0.0,0.0,0
1777318660295000,0,0.99999887,0.00039951142,0.0014413861,0.00014907125,0.0,0.0,0.0,0.0,0
1777318660311000,0,0.99999875,0.00037566217,0.0015386641,0.0001537218,0.0,0.0,0.0,0.0,0
1777318660319000,0,0.9999986,0.0003663176,0.0015954209,0.00015620189,0.0,0.0,0.0,0.0,0
1777318660327000,0,0.99999857,0.00037062768,0.0016290601,0.00015811836,0.0,0.0,0.0,0.0,0
1777318660335000,0,0.99999857,0.00038028625,0.0016225621,0.00015956683,0.0,0.0,0.0,0.0,0
1777318660351000,0,0.9999987,0.00037425244,0.0015723897,0.00016306815,0.0,0.0,0.0,0.0,0
1777318660359000,0,0.9999987,0.00036018153,0.0015672186,0.00016531053,0.0,0.0,0.0,0.0,0
1777318660367000,0,0.9999986,0.00035235556,0.0015938708,0.00016671007,0.0,0.0,0.0,0.0,0
1777318660375000,0,0.99999857,0.00035733322,0.001650908,0.0001663221,0.0,0.0,0.0,0.0,0
1777318660391000,0,0.9999984,0.0003962033,0.0017414415,0.00016375627,0.0,0.0,0.0,0.0,0
1777318660399000,0,0.9999984,0.00040600784,0.0017321236,0.00016337985,0.0,0.0,0.0,0.0,0
1777318660407000,0,0.99999845,0.0004055981,0.0016931604,0.00016323137,0.0,0.0,0.0,0.0,0
1777318660415000,0,0.9999985,0.00038600154,0.001661755,0.00016249606,0.0,0.0,0.0,0.0,0
1777318660431000,0,0.99999845,0.0003062834,0.0017181558,0.00015958164,0.0,0.0,0.0,0.0,0
1777318660439000,0,0.9999984,0.00028575677,0.0017537752,0.00015727224,0.0,0.0,0.0,0.0,0
1777318660447000,0,0.9999984,0.00028028496,0.0017580341,0.00015368305,0.0,0.0,0.0,0.0,0
1777318660455000,0,0.99999845,0.00029226186,0.0017293543,0.0001504095,0.0,0.0,0.0,0.0,0
1777318660471000,0,0.9999985,0.000338634,0.0016868536,0.00014734012,0.0,0.0,0.0,0.0,0
1777318660479000,0,0.99999845,0.00035240245,0.0017152413,0.00014750435,0.0,0.0,0.0,0.0,0
1777318660487000,0,0.99999833,0.00035841274,0.0017735751,0.00014858128,0.0,0.0,0.0,0.0,0
1777318660495000,0,0.9999982,0.00036491163,0.0018434564,0.00014979472,0.0,0.0,0.0,0.0,0
1777318660511000,0,0.9999982,0.00038413377,0.0018325794,0.00014931001,0.0,0.0,0.0,0.0,0
1777318660519000,0,0.9999984,0.00038909283,0.0017605302,0.0001488287,0.0,0.0,0.0,0.0,0
1777318660527000,0,0.99999845,0.00037543333,0.0017051871,0.00014816431,0.0,0.0,0.0,0.0,0
1777318660535000,0,0.9999985,0.0003495051,0.0016969044,0.00014820526,0.0,0.0,0.0,0.0,0
1777318660551000,0,0.99999845,0.00032598412,0.0017321411,0.00014839039,0.0,0.0,0.0,0.0,0
1777318660559000,0,0.9999984,0.0003377633,0.0017410307,0.00014783948,0.0,0.0,0.0,0.0,0
1777318660567000,0,0.99999845,0.00034925604,0.0017229627,0.0001471911,0.0,0.0,0.0,0.0,0
1777318660575000,0,0.9999985,0.00035619392,0.0016855001,0.00014681045,0.0,0.0,0.0,0.0,0
1777318660591000,0,0.9999986,0.0003835583,0.0015886106,0.00014593043,0.0,0.0,0.0,0.0,0
1777318660599000,0,0.9999987,0.0004048157,0.001576368,0.00014455874,0.0,0.0,0.0,0.0,0
1777318660607000,0,0.9999986,0.0004205965,0.0016037716,0.00014241168,0.0,0.0,0.0,0.0,0
1777318660615000,0,0.99999857,0.00042024822,0.0016350005,0.00013993654,0.0,0.0,0.0,0.0,0
1777318660631000,0,0.9999986,0.00042860967,0.0016079372,0.00013604501,0.0,0.0,0.0,0.0,0
1777318660639000,0,0.9999987,0.00045748064,0.0015503195,0.00013512938,0.0,0.0,0.0,0.0,0
1777318660647000,0,0.99999875,0.00048964977,0.0014867759,0.00013362836,0.0,0.0,0.0,0.0,0
1777318660655000,0,0.9999988,0.00052395684,0.0014651942,0.00013196694,0.0,0.0,0.0,0.0,0
1777318660671000,0,0.9999987,0.0005638972,0.0014992487,0.00013134893,0.0,0.0,0.0,0.0,0
1777318660679000,0,0.9999986,0.0005716398,0.0015357732,0.00013251354,0.0,0.0,0.0,0.0,0
1777318660687000,0,0.99999857,0.0005637552,0.001574103,0.0001341032,0.0,0.0,0.0,0.0,0
1777318660695000,0,0.99999857,0.00053218874,0.0015917278,0.00013625188,0.0,0.0,0.0,0.0,0
1777318660711000,0,0.9999986,0.0004346496,0.0015904475,0.00014111785,0.0,0.0,0.0,0.0,0
1777318660719000,0,0.9999987,0.00038931653,0.0015791736,0.00014402953,0.0,0.0,0.0,0.0,0
1777318660727000,0,0.9999987,0.00034181375,0.0015644688,0.00014689883,0.0,0.0,0.0,0.0,0
1777318660735000,0,0.99999875,0.00032258563,0.0015589201,0.00015083814,0.0,0.0,0.0,0.0,0
1777318660751000,0,0.9999987,0.00032243316,0.0015784174,0.0001613336,0.0,0.0,0.0,0.0,0
1777318660759000,0,0.9999986,0.0003193676,0.0016200489,0.00016619635,0.0,0.0,0.0,0.0,0
1777318660767000,0,0.99999857,0.00029748437,0.001666659,0.00017082464,0.0,0.0,0.0,0.0,0
1777318660775000,0,0.99999857,0.00025629558,0.0016795578,0.00017583076,0.0,0.0,0.0,0.0,0
1777318660791000,0,0.99999875,0.00017315938,0.0015565698,0.00018540732,0.0,0.0,0.0,0.0,0
1777318660799000,0,0.99999887,0.00014556161,0.0014986319,0.00019072922,0.0,0.0,0.0,0.0,0
1777318660807000,0,0.99999887,0.00013908611,0.0014837646,0.0001968701,0.0,0.0,0.0,0.0,0
1777318660815000,0,0.9999988,0.00015268943,0.0015203794,0.00020338835,0.0,0.0,0.0,0.0,0
1777318660831000,0,0.9999987,0.00016357137,0.0016003277,0.00021640708,0.0,0.0,0.0,0.0,0
1777318660839000,0,0.9999987,0.00014593841,0.0015806023,0.00022269884,0.0,0.0,0.0,0.0,0
1777318660847000,0,0.9999988,0.00013126858,0.0015357722,0.00022898224,0.0,0.0,0.0,0.0,0
1777318660855000,0,0.9999988,0.00012765129,0.0015115072,0.00023578464,0.0,0.0,0.0,0.0,0
1777318660871000,0,0.9999988,0.000117001844,0.0015379433,0.00025073733,0.0,0.0,0.0,0.0,0
1777318660879000,0,0.9999987,0.00011426475,0.0015919756,0.00025745895,0.0,0.0,0.0,0.0,0
1777318660887000,0,0.9999986,0.00011703271,0.0016248538,0.0002635916,0.0,0.0,0.0,0.0,0
1777318660895000,0,0.9999986,0.00011777169,0.0016258677,0.0002688794,0.0,0.0,0.0,0.0,0
1777318660911000,0,0.9999987,0.000100564,0.0015759103,0.0002783684,0.0,0.0,0.0,0.0,0
1777318660919000,0,0.99999875,9.3796734e-05,0.0015441616,0.00028273143,0.0,0.0,0.0,0.0,0
1777318660927000,0,0.99999875,8.718245e-05,0.0015466426,0.00028696406,0.0,0.0,0.0,0.0,0
1777318660935000,0,0.9999987,8.677927e-05,0.0015743802,0.0002909671,0.0,0.0,0.0,0.0,0
1777318660951000,0,0.99999875,9.0042784e-05,0.0015658434,0.0002993167,0.0,0.0,0.0,0.0,0
1777318660959000,0,0.99999875,8.705854e-05,0.0015419627,0.0003023859,0.0,0.0,0.0,0.0,0
1777318660967000,0,0.9999988,6.3456835e-05,0.0015141681,0.00030521982,0.0,0.0,0.0,0.0,0
1777318660975000,0,0.99999887,3.812237e-05,0.0014904349,0.0003081456,0.0,0.0,0.0,0.0,0
1777318660991000,0,0.9999988,1.6653436e-05,0.001517579,0.00031328943,0.0,0.0,0.0,0.0,0
1777318660999000,0,0.99999875,-5.5043427e-07,0.0015450456,0.00031464934,0.0,0.0,0.0,0.0,0
1777318661007000,0,0.99999875,-6.9045755e-06,0.0015445312,0.0003163925,0.0,0.0,0.0,0.0,0
1777318661015000,0,0.9999988,7.19132e-06,0.0015041779,0.00031863776,0.0,0.0,0.0,0.0,0
1777318661031000,0,0.9999989,0.000106586405,0.0014298763,0.00032124587,0.0,0.0,0.0,0.0,0
1777318661039000,0,0.99999887,0.00016783479,0.0014481929,0.0003211162,0.0,0.0,0.0,0.0,0
1777318661047000,0,0.9999988,0.00021364867,0.0014955983,0.00032065788,0.0,0.0,0.0,0.0,0
1777318661055000,0,0.99999875,0.00024007817,0.0015268396,0.00032018055,0.0,0.0,0.0,0.0,0
1777318661071000,0,0.9999987,0.00027633854,0.0015453215,0.0003185738,0.0,0.0,0.0,0.0,0
1777318661079000,0,0.99999875,0.00030023596,0.0015363389,0.0003182677,0.0,0.0,0.0,0.0,0
1777318661087000,0,0.99999875,0.00035250883,0.001519548,0.00031822687,0.0,0.0,0.0,0.0,0
1777318661095000,0,0.9999987,0.00041993306,0.0015170714,0.00031776816,0.0,0.0,0.0,0.0,0
1777318661111000,0,0.9999986,0.00050855504,0.0015468455,0.0003167578,0.0,0.0,0.0,0.0,0
1777318661119000,0,0.9999986,0.00052130147,0.0015397435,0.00031668996,0.0,0.0,0.0,0.0,0
1777318661127000,0,0.9999987,0.0005228443,0.0015158975,0.00031618628,0.0,0.0,0.0,0.0,0
1777318661135000,0,0.9999987,0.0005336721,0.0014959925,0.00031549283,0.0,0.0,0.0,0.0,0
1777318661151000,0,0.99999875,0.00056347856,0.0014592794,0.00031498418,0.0,0.0,0.0,0.0,0
1777318661159000,0,0.99999875,0.00058330584,0.001446623,0.0003151259,0.0,0.0,0.0,0.0,0
1777318661167000,0,0.99999875,0.00060943764,0.0014208165,0.00031507298,0.0,0.0,0.0,0.0,0
1777318661175000,0,0.9999988,0.0006328179,0.0013807681,0.00031537088,0.0,0.0,0.0,0.0,0
1777318661191000,0,0.9999988,0.0006756299,0.0013537793,0.00031787308,0.0,0.0,0.0,0.0,0
1777318661199000,0,0.99999875,0.0006965014,0.0013726021,0.0003200798,0.0,0.0,0.0,0.0,0
1777318661207000,0,0.99999875,0.00072530174,0.0013901832,0.00032218575,0.0,0.0,0.0,0.0,0
1777318661215000,0,0.9999987,0.00075696065,0.0013829978,0.00032298086,0.0,0.0,0.0,0.0,0
1777318661231000,0,0.99999875,0.0007721947,0.0013464872,0.00032533184,0.0,0.0,0.0,0.0,0
1777318661239000,0,0.99999875,0.0007523701,0.0013351921,0.00032766088,0.0,0.0,0.0,0.0,0
1777318661247000,0,0.9999988,0.00072797615,0.0013300156,0.00032915623,0.0,0.0,0.0,0.0,0
1777318661255000,0,0.99999875,0.0007285882,0.0013442951,0.00032974355,0.0,0.0,0.0,0.0,0
1777318661271000,0,0.9999987,0.0007485273,0.0013898816,0.00033237215,0.0,0.0,0.0,0.0,0
1777318661279000,0,0.9999987,0.00075532845,0.0013733765,0.0003340392,0.0,0.0,0.0,0.0,0
1777318661287000,0,0.99999875,0.000770986,0.0013399302,0.00033563696,0.0,0.0,0.0,0.0,0
1777318661295000,0,0.99999875,0.0007896783,0.0013158296,0.00033666004,0.0,0.0,0.0,0.0,0
1777318661311000,0,0.9999987,0.0007864108,0.0013634255,0.00033608032,0.0,0.0,0.0,0.0,0
1777318661319000,0,0.9999987,0.00075855403,0.0013929262,0.0003362749,0.0,0.0,0.0,0.0,0
1777318661327000,0,0.9999987,0.00073039636,0.0014020228,0.00033676557,0.0,0.0,0.0,0.0,0
1777318661335000,0,0.99999875,0.0006999071,0.0013740967,0.0003375881,0.0,0.0,0.0,0.0,0
1777318661351000,0,0.99999887,0.0006167058,0.0013255213,0.00033944414,0.0,0.0,0.0,0.0,0
1777318661359000,0,0.99999887,0.00058392243,0.0013442051,0.00034114352,0.0,0.0,0.0,0.0,0
1777318661367000,0,0.99999887,0.0005590395,0.0013690018,0.00034372474,0.0,0.0,0.0,0.0,0
1777318661375000,0,0.9999988,0.00052658294,0.0013972474,0.0003448961,0.0,0.0,0.0,0.0,0
1777318661391000,0,0.9999988,0.00046428517,0.0014235366,0.0003432196,0.0,0.0,0.0,0.0,0
1777318661399000,0,0.9999988,0.00042056115,0.0014375353,0.000342355,0.0,0.0,0.0,0.0,0
1777318661407000,0,0.9999988,0.00037178834,0.0014494378,0.00034118575,0.0,0.0,0.0,0.0,0
1777318661415000,0,0.9999988,0.00032156895,0.0014540756,0.0003397047,0.0,0.0,0.0,0.0,0
1777318661431000,0,0.99999887,0.00025761523,0.0014512293,0.00033517467,0.0,0.0,0.0,0.0,0
1777318661439000,0,0.99999887,0.0002354336,0.001457217,0.0003332973,0.0,0.0,0.0,0.0,0
1777318661447000,0,0.99999887,0.00021686636,0.0014543174,0.00033154595,0.0,0.0,0.0,0.0,0
1777318661455000,0,0.99999887,0.00018680238,0.0014420387,0.0003296759,0.0,0.0,0.0,0.0,0
1777318661471000,0,0.9999989,0.00010318904,0.0014361504,0.00032672795,0.0,0.0,0.0,0.0,0
1777318661479000,0,0.99999887,5.5094515e-05,0.0014606654,0.00032408835,0.0,0.0,0.0,0.0,0
1777318661487000,0,0.99999887,6.660652e-07,0.0014901857,0.00032185845,0.0,0.0,0.0,0.0,0
1777318661495000,0,0.9999988,-4.8004218e-05,0.0015034962,0.00031935333,0.0,0.0,0.0,0.0,0
1777318661511000,0,0.9999989,-0.00012793684,0.001406367,0.00031365827,0.0,0.0,0.0,0.0,0
1777318661519000,0,0.99999905,-0.00017029847,0.0013278149,0.00031172784,0.0,0.0,0.0,0.0,0
1777318661527000,0,0.9999991,-0.00020564975,0.001284077,0.00031067105,0.0,0.0,0.0,0.0,0
1777318661535000,0,0.9999991,-0.00023457888,0.0012668038,0.00031035618,0.0,0.0,0.0,0.0,0
1777318661551000,0,0.99999917,-0.00029472462,0.0012252566,0.00030901996,0.0,0.0,0.0,0.0,0
1777318661559000,0,0.99999917,-0.00031840775,0.0012153985,0.0003076297,0.0,0.0,0.0,0.0,0
1777318661567000,0,0.99999917,-0.00034368926,0.001209549,0.00030739562,0.0,0.0,0.0,0.0,0
1777318661575000,0,0.99999917,-0.0003728853,0.0012009504,0.00030805616,0.0,0.0,0.0,0.0,0
1777318661591000,0,0.99999917,-0.0004168105,0.0011728441,0.00030931915,0.0,0.0,0.0,0.0,0
1777318661599000,0,0.99999917,-0.00043602922,0.0011800772,0.00031004977,0.0,0.0,0.0,0.0,0
1777318661607000,0,0.99999917,-0.0004513047,0.0011836172,0.00031073295,0.0,0.0,0.0,0.0,0
1777318661615000,0,0.99999917,-0.00046105348,0.001173344,0.00031190473,0.0,0.0,0.0,0.0,0
1777318661631000,0,0.99999917,-0.00051252067,0.001138683,0.00031638105,0.0,0.0,0.0,0.0,0
1777318661639000,0,0.9999992,-0.0005414598,0.0010904599,0.00031892778,0.0,0.0,0.0,0.0,0
1777318661647000,0,0.9999993,-0.00057214114,0.0010284905,0.00032135026,0.0,0.0,0.0,0.0,0
1777318661655000,0,0.9999993,-0.0006113019,0.0009960308,0.0003230978,0.0,0.0,0.0,0.0,0
1777318661663000,0,0.9999992,-0.0006593785,0.0010027746,0.00032460803,0.0,0.0,0.0,0.0,0
1777318661679000,0,0.9999991,-0.00077652157,0.001038728,0.0003257699,0.0,0.0,0.0,0.0,0
1777318661687000,0,0.9999991,-0.0008337243,0.0010229176,0.00032490844,0.0,0.0,0.0,0.0,0
1777318661695000,0,0.99999905,-0.0008696661,0.0009991772,0.00032425398,0.0,0.0,0.0,0.0,0
1777318661711000,0,0.9999991,-0.00086604076,0.000978531,0.00032129066,0.0,0.0,0.0,0.0,0
1777318661719000,0,0.99999905,-0.0008895682,0.0009823884,0.00031753254,0.0,0.0,0.0,0.0,0
1777318661727000,0,0.999999,-0.000931658,0.0010026246,0.00031368918,0.0,0.0,0.0,0.0,0
1777318661735000,0,0.9999989,-0.0009774123,0.0010267402,0.00030966816,0.0,0.0,0.0,0.0,0
1777318661751000,0,0.9999989,-0.0010250884,0.0009761177,0.00030141405,0.0,0.0,0.0,0.0,0
1777318661759000,0,0.9999991,-0.0009741833,0.00085927424,0.00029712898,0.0,0.0,0.0,0.0,0
1777318661767000,0,0.99999934,-0.0008617703,0.00066985027,0.00029268416,0.0,0.0,0.0,0.0,0
1777318661775000,0,0.99999964,-0.0006870706,0.00040319393,0.00028866396,0.0,0.0,0.0,0.0,0
1777318661791000,0,0.9999999,-0.00012938454,-0.000315049,0.00028241577,0.0,0.0,0.0,0.0,0
1777318661799000,0,0.99999964,0.000248555,-0.0007467495,0.0002807244,0.0,0.0,0.0,0.0,0
1777318661807000,0,0.9999989,0.00068849744,-0.0012557678,0.00027999165,0.0,0.0,0.0,0.0,0
1777318661815000,0,0.9999975,0.0011956863,-0.001880995,0.00028055083,0.0,0.0,0.0,0.0,0
1777318661831000,0,0.9999908,0.0024753932,-0.0034854638,0.0002858603,0.0,0.0,0.0,0.0,0
1777318661839000,0,0.9999853,0.003238269,-0.0043505738,0.00028989444,0.0,0.0,0.0,0.0,0
1777318661847000,0,0.9999783,0.00404432,-0.0051923264,0.00029459008,0.0,0.0,0.0,0.0,0
1777318661855000,0,0.99996954,0.0049080867,-0.006065435,0.0003001192,0.0,0.0,0.0,0.0,0
1777318661871000,0,0.99994403,0.0068172454,-0.0080861235,0.00031301388,0.0,0.0,0.0,0.0,0
1777318661879000,0,0.99992615,0.007869617,-0.009254248,0.00032133024,0.0,0.0,0.0,0.0,0
1777318661887000,0,0.9999044,0.009000266,-0.0104910545,0.00033139522,0.0,0.0,0.0,0.0,0
1777318661895000,0,0.99987864,0.010215994,-0.011754405,0.00034304883,0.0,0.0,0.0,0.0,0
1777318661911000,0,0.99981403,0.01283935,-0.014385374,0.00037060952,0.0,0.0,0.0,0.0,0
1777318661919000,0,0.9997746,0.014185641,-0.015791645,0.00038492333,0.0,0.0,0.0,0.0,0
1777318661927000,0,0.9997306,0.015540853,-0.017235335,0.00040080838,0.0,0.0,0.0,0.0,0
1777318661935000,0,0.9996809,0.01695711,-0.018721065,0.00041869827,0.0,0.0,0.0,0.0,0
1777318661951000,0,0.99956405,0.01995371,-0.02175537,0.00045860204,0.0,0.0,0.0,0.0,0
1777318661959000,0,0.9994968,0.021504823,-0.023312412,0.0004821012,0.0,0.0,0.0,0.0,0
1777318661967000,0,0.99942446,0.023059083,-0.02487406,0.00050726236,0.0,0.0,0.0,0.0,0
1777318661975000,0,0.9993465,0.024629308,-0.026452253,0.00053341564,0.0,0.0,0.0,0.0,0
1777318661991000,0,0.9991685,0.02790449,-0.029719967,0.00060747494,0.0,0.0,0.0,0.0,0
1777318661999000,0,0.99906725,0.029639736,-0.031394806,0.0006672424,0.0,0.0,0.0,0.0,0
1777318662007000,0,0.9989579,0.03143451,-0.033082232,0.0007539478,0.0,0.0,0.0,0.0,0
1777318662015000,0,0.9988392,0.03329418,-0.03479992,0.00087102124,0.0,0.0,0.0,0.0,0
1777318662031000,0,0.9985728,0.037153378,-0.038346168,0.001207059,0.0,0.0,0.0,0.0,0
1777318662039000,0,0.9984265,0.039148368,-0.040122908,0.0014337085,0.0,0.0,0.0,0.0,0
1777318662047000,0,0.9982748,0.04116522,-0.04183283,0.0017042866,0.0,0.0,0.0,0.0,0
1777318662055000,0,0.9981175,0.04323191,-0.043454893,0.0020316318,0.0,0.0,0.0,0.0,0
1777318662071000,0,0.9977841,0.047491584,-0.046511147,0.0028615156,0.0,0.0,0.0,0.0,0
1777318662079000,0,0.99760664,0.049666125,-0.04798921,0.00336526,0.0,0.0,0.0,0.0,0
1777318662087000,0,0.9974261,0.051820986,-0.049399875,0.003928793,0.0,0.0,0.0,0.0,0
1777318662095000,0,0.9972418,0.053993717,-0.0507219,0.004563359,0.0,0.0,0.0,0.0,0
1777318662111000,0,0.9968513,0.058458805,-0.053229928,0.0060504572,0.0,0.0,0.0,0.0,0
1777318662119000,0,0.99664104,0.060741127,-0.054493066,0.0068996884,0.0,0.0,0.0,0.0,0
1777318662127000,0,0.99642605,0.063006565,-0.0557147,0.007818643,0.0,0.0,0.0,0.0,0
1777318662135000,0,0.99620783,0.06526201,-0.056860447,0.00881716,0.0,0.0,0.0,0.0,0
1777318662151000,0,0.9957603,0.069751054,-0.058940653,0.011055636,0.0,0.0,0.0,0.0,0
1777318662159000,0,0.9955273,0.071982384,-0.05994037,0.01229129,0.0,0.0,0.0,0.0,0
1777318662167000,0,0.99529314,0.07416802,-0.060873013,0.013605119,0.0,0.0,0.0,0.0,0
1777318662175000,0,0.9950553,0.07635173,-0.061726164,0.015006063,0.0,0.0,0.0,0.0,0
1777318662191000,0,0.99456155,0.08072364,-0.0632829,0.018064186,0.0,0.0,0.0,0.0,0
1777318662199000,0,0.99430406,0.082872406,-0.06405448,0.01971308,0.0,0.0,0.0,0.0,0
1777318662207000,0,0.9940449,0.084941216,-0.06480865,0.021436252,0.0,0.0,0.0,0.0,0
1777318662215000,0,0.9937836,0.08695431,-0.06552039,0.023242183,0.0,0.0,0.0,0.0,0
1777318662231000,0,0.9932512,0.09089902,-0.06673938,0.02711485,0.0,0.0,0.0,0.0,0
1777318662239000,0,0.9929732,0.09286085,-0.06730272,0.029178072,0.0,0.0,0.0,0.0,0
1777318662247000,0,0.99268883,0.09478185,-0.067855336,0.03131892,0.0,0.0,0.0,0.0,0
1777318662255000,0,0.9923952,0.096690185,-0.06839271,0.033543263,0.0,0.0,0.0,0.0,0
1777318662271000,0,0.99179053,0.1003891,-0.06936425,0.03823896,0.0,0.0,0.0,0.0,0
1777318662279000,0,0.9914788,0.102162845,-0.069827646,0.040702492,0.0,0.0,0.0,0.0,0
1777318662287000,0,0.9911643,0.10385475,-0.070270576,0.043238502,0.0,0.0,0.0,0.0,0
1777318662295000,0,0.990841,0.10551391,-0.07070053,0.04585276,0.0,0.0,0.0,0.0,0
1777318662311000,0,0.9901568,0.108797655,-0.071550615,0.05131315,0.0,0.0,0.0,0.0,0
1777318662319000,0,0.9897943,0.110413745,-0.07199795,0.054151308,0.0,0.0,0.0,0.0,0
1777318662327000,0,0.9894239,0.11196314,-0.07245234,0.057055686,0.0,0.0,0.0,0.0,0
1777318662335000,0,0.9890434,0.11346218,-0.07290885,0.0600313,0.0,0.0,0.0,0.0,0
1777318662351000,0,0.98824507,0.11633971,-0.07386516,0.06618699,0.0,0.0,0.0,0.0,0
1777318662359000,0,0.9878237,0.11773335,-0.074377015,0.069363065,0.0,0.0,0.0,0.0,0
1777318662367000,0,0.987393,0.119071804,-0.07487039,0.07260439,0.0,0.0,0.0,0.0,0
1777318662375000,0,0.98695123,0.12036653,-0.07534097,0.07591347,0.0,0.0,0.0,0.0,0
1777318662391000,0,0.9860112,0.1229176,-0.07635717,0.08272073,0.0,0.0,0.0,0.0,0
1777318662399000,0,0.9855088,0.124176756,-0.07694712,0.08620733,0.0,0.0,0.0,0.0,0
1777318662407000,0,0.98498935,0.12538898,-0.07758617,0.08974402,0.0,0.0,0.0,0.0,0
1777318662415000,0,0.98444897,0.12658556,-0.07825964,0.09333654,0.0,0.0,0.0,0.0,0
1777318662431000,0,0.9833151,0.12891786,-0.07957835,0.10069205,0.0,0.0,0.0,0.0,0
1777318662439000,0,0.982722,0.13003175,-0.08025078,0.10444646,0.0,0.0,0.0,0.0,0
1777318662447000,0,0.9821138,0.13108744,-0.0809409,0.108245954,0.0,0.0,0.0,0.0,0
1777318662455000,0,0.9814832,0.13212354,-0.081665374,0.112093076,0.0,0.0,0.0,0.0,0
1777318662471000,0,0.98013717,0.13425589,-0.08320915,0.11992819,0.0,0.0,0.0,0.0,0
1777318662479000,0,0.9794247,0.1353328,-0.08401443,0.12391071,0.0,0.0,0.0,0.0,0
1777318662487000,0,0.9786993,0.13633771,-0.084812075,0.12793171,0.0,0.0,0.0,0.0,0
1777318662495000,0,0.9779527,0.13730475,-0.08564124,0.13199045,0.0,0.0,0.0,0.0,0
1777318662511000,0,0.9763726,0.13926005,-0.08741699,0.14021917,0.0,0.0,0.0,0.0,0
1777318662519000,0,0.9755478,0.1402163,-0.08830822,0.14438687,0.0,0.0,0.0,0.0,0
1777318662527000,0,0.9747104,0.14109735,-0.089183085,0.1485852,0.0,0.0,0.0,0.0,0
1777318662535000,0,0.9738558,0.14190748,-0.09009185,0.15280901,0.0,0.0,0.0,0.0,0
1777318662551000,0,0.9720888,0.14336249,-0.091992885,0.16133158,0.0,0.0,0.0,0.0,0
1777318662559000,0,0.97118497,0.1439895,-0.09290804,0.16563466,0.0,0.0,0.0,0.0,0
1777318662567000,0,0.97026724,0.1445462,-0.09381124,0.16996284,0.0,0.0,0.0,0.0,0
1777318662575000,0,0.96932745,0.14505582,-0.09476443,0.17430648,0.0,0.0,0.0,0.0,0
1777318662591000,0,0.96738863,0.14590555,-0.09680052,0.18303145,0.0,0.0,0.0,0.0,0
1777318662599000,0,0.9664005,0.14621179,-0.09781371,0.18741573,0.0,0.0,0.0,0.0,0
1777318662607000,0,0.9654066,0.14642023,-0.09878162,0.19181615,0.0,0.0,0.0,0.0,0
1777318662615000,0,0.964399,0.14655875,-0.09974536,0.19622958,0.0,0.0,0.0,0.0,0
1777318662631000,0,0.96232325,0.14672327,-0.10172552,0.20508079,0.0,0.0,0.0,0.0,0
1777318662639000,0,0.9612581,0.14673214,-0.10274808,0.20951211,0.0,0.0,0.0,0.0,0
1777318662647000,0,0.96018314,0.1466602,-0.103756495,0.21394782,0.0,0.0,0.0,0.0,0
1777318662655000,0,0.9590921,0.14654079,-0.104753815,0.21839139,0.0,0.0,0.0,0.0,0
1777318662671000,0,0.9568519,0.14620434,-0.106773,0.22728448,0.0,0.0,0.0,0.0,0
1777318662679000,0,0.95569736,0.14600702,-0.10783141,0.23172592,0.0,0.0,0.0,0.0,0
1777318662687000,0,0.954528,0.14575279,-0.10890554,0.23616108,0.0,0.0,0.0,0.0,0
1777318662695000,0,0.95334214,0.14545192,-0.10998769,0.24059345,0.0,0.0,0.0,0.0,0
1777318662711000,0,0.9509281,0.14474587,-0.1120215,0.24947059,0.0,0.0,0.0,0.0,0
1777318662719000,0,0.94970006,0.14435214,-0.11295587,0.25391588,0.0,0.0,0.0,0.0,0
1777318662727000,0,0.9484565,0.14392702,-0.1138746,0.258356,0.0,0.0,0.0,0.0,0
1777318662735000,0,0.9471865,0.1435058,-0.114841886,0.2627834,0.0,0.0,0.0,0.0,0
1777318662751000,0,0.94457537,0.14264168,-0.116915576,0.27159065,0.0,0.0,0.0,0.0,0
1777318662759000,0,0.94324327,0.14217907,-0.11795697,0.27597713,0.0,0.0,0.0,0.0,0
1777318662767000,0,0.9419071,0.14166085,-0.11891287,0.28036213,0.0,0.0,0.0,0.0,0
1777318662775000,0,0.94055766,0.14111878,-0.11982579,0.28474298,0.0,0.0,0.0,0.0,0
1777318662791000,0,0.93779063,0.14007202,-0.12169184,0.2934615,0.0,0.0,0.0,0.0,0
1777318662799000,0,0.9363758,0.13956387,-0.12263603,0.2977963,0.0,0.0,0.0,0.0,0
1777318662807000,0,0.9349501,0.13903189,-0.123544276,0.30211797,0.0,0.0,0.0,0.0,0
1777318662815000,0,0.933505,0.13850328,-0.12445396,0.30642533,0.0,0.0,0.0,0.0,0
1777318662831000,0,0.9305571,0.13748103,-0.12624426,0.31499985,0.0,0.0,0.0,0.0,0
1777318662839000,0,0.92906123,0.13696103,-0.12711467,0.3192628,0.0,0.0,0.0,0.0,0
1777318662847000,0,0.9275593,0.13639751,-0.12796278,0.32350412,0.0,0.0,0.0,0.0,0
1777318662855000,0,0.9260417,0.13583125,-0.1288162,0.327724,0.0,0.0,0.0,0.0,0
1777318662871000,0,0.9229631,0.1347097,-0.13046247,0.33611313,0.0,0.0,0.0,0.0,0
1777318662879000,0,0.9214106,0.13412426,-0.13123022,0.34028196,0.0,0.0,0.0,0.0,0
1777318662887000,0,0.91985095,0.13351947,-0.13196538,0.34442988,0.0,0.0,0.0,0.0,0
1777318662895000,0,0.9182724,0.13294242,-0.13270491,0.34855643,0.0,0.0,0.0,0.0,0
1777318662911000,0,0.91506666,0.13183913,-0.1342023,0.35673687,0.0,0.0,0.0,0.0,0
1777318662919000,0,0.913445,0.13129635,-0.13494736,0.360789,0.0,0.0,0.0,0.0,0
1777318662927000,0,0.9118176,0.1307371,-0.13565554,0.3648205,0.0,0.0,0.0,0.0,0
1777318662935000,0,0.91018075,0.13017441,-0.13634907,0.36882862,0.0,0.0,0.0,0.0,0
1777318662951000,0,0.90687853,0.129053,-0.13771248,0.376765,0.0,0.0,0.0,0.0,0
1777318662959000,0,0.9052186,0.12848689,-0.13835125,0.38069588,0.0,0.0,0.0,0.0,0
1777318662967000,0,0.90355814,0.12790732,-0.1389199,0.38460848,0.0,0.0,0.0,0.0,0
1777318662975000,0,0.9018878,0.1273443,-0.13946114,0.3885003,0.0,0.0,0.0,0.0,0
1777318662991000,0,0.89851636,0.12625287,-0.14054452,0.39620176,0.0,0.0,0.0,0.0,0
1777318662999000,0,0.8968173,0.12570836,-0.14112361,0.40000033,0.0,0.0,0.0,0.0,0
1777318663007000,0,0.89511776,0.12514776,-0.1416746,0.40377042,0.0,0.0,0.0,0.0,0
1777318663015000,0,0.89341533,0.1245783,-0.1422009,0.4075147,0.0,0.0,0.0,0.0,0
1777318663031000,0,0.8900117,0.1233813,-0.14314944,0.41492704,0.0,0.0,0.0,0.0,0
1777318663039000,0,0.8883047,0.12278861,-0.14358519,0.41859406,0.0,0.0,0.0,0.0,0
1777318663047000,0,0.88659596,0.12219846,-0.14398912,0.4222349,0.0,0.0,0.0,0.0,0
1777318663055000,0,0.8848806,0.1216147,-0.1444025,0.42584518,0.0,0.0,0.0,0.0,0
1777318663071000,0,0.88142556,0.12048166,-0.1453224,0.43296027,0.0,0.0,0.0,0.0,0
1777318663079000,0,0.87968916,0.11994239,-0.14578192,0.43647268,0.0,0.0,0.0,0.0,0
1777318663087000,0,0.87796164,0.1193823,-0.1461523,0.43996677,0.0,0.0,0.0,0.0,0
1777318663095000,0,0.8762396,0.11880881,-0.14645098,0.443442,0.0,0.0,0.0,0.0,0
1777318663111000,0,0.8727817,0.11767759,-0.14711137,0.45029137,0.0,0.0,0.0,0.0,0
1777318663119000,0,0.8710432,0.11713439,-0.1474952,0.45366108,0.0,0.0,0.0,0.0,0
1777318663127000,0,0.86931264,0.11656795,-0.1478203,0.4570083,0.0,0.0,0.0,0.0,0
1777318663135000,0,0.8675845,0.11600118,-0.1480949,0.4603354,0.0,0.0,0.0,0.0,0
1777318663151000,0,0.86411965,0.11491233,-0.14862885,0.46690667,0.0,0.0,0.0,0.0,0
1777318663159000,0,0.862378,0.11439015,-0.14897141,0.47013468,0.0,0.0,0.0,0.0,0
1777318663167000,0,0.8606367,0.11386609,-0.1493134,0.47333333,0.0,0.0,0.0,0.0,0
1777318663175000,0,0.8588997,0.11333665,-0.1496106,0.47651106,0.0,0.0,0.0,0.0,0
1777318663191000,0,0.85544974,0.112234436,-0.15002015,0.48280758,0.0,0.0,0.0,0.0,0
1777318663199000,0,0.853729,0.11167599,-0.15021735,0.48591146,0.0,0.0,0.0,0.0,0
1777318663207000,0,0.85201013,0.11111269,-0.15042694,0.48898304,0.0,0.0,0.0,0.0,0
1777318663215000,0,0.85028595,0.11057581,-0.15066259,0.49202397,0.0,0.0,0.0,0.0,0
1777318663231000,0,0.8468362,0.10953712,-0.15111947,0.49802905,0.0,0.0,0.0,0.0,0
1777318663239000,0,0.84512496,0.10899114,-0.15127794,0.5009987,0.0,0.0,0.0,0.0,0
1777318663247000,0,0.8434299,0.10839923,-0.15136644,0.50394815,0.0,0.0,0.0,0.0,0
1777318663255000,0,0.84173477,0.107816815,-0.15145336,0.5068728,0.0,0.0,0.0,0.0,0
1777318663271000,0,0.838326,0.10674098,-0.15177247,0.5126217,0.0,0.0,0.0,0.0,0
1777318663279000,0,0.83661693,0.106232375,-0.15197816,0.5154507,0.0,0.0,0.0,0.0,0
1777318663287000,0,0.83492166,0.10568502,-0.15213017,0.5182595,0.0,0.0,0.0,0.0,0
1777318663295000,0,0.83323455,0.10512087,-0.15223934,0.5210499,0.0,0.0,0.0,0.0,0
1777318663311000,0,0.82986,0.104045875,-0.1524318,0.5265657,0.0,0.0,0.0,0.0,0
1777318663319000,0,0.82816756,0.103540175,-0.15256909,0.5292831,0.0,0.0,0.0,0.0,0
1777318663327000,0,0.8264868,0.1029951,-0.15269803,0.53197265,0.0,0.0,0.0,0.0,0
1777318663335000,0,0.8248188,0.102406874,-0.15282732,0.53463125,0.0,0.0,0.0,0.0,0
1777318663351000,0,0.82153904,0.1010836,-0.15300044,0.5398579,0.0,0.0,0.0,0.0,0
1777318663359000,0,0.81993496,0.100324154,-0.15307705,0.54241043,0.0,0.0,0.0,0.0,0
1777318663367000,0,0.8183638,0.09947208,-0.15312968,0.5449196,0.0,0.0,0.0,0.0,0
1777318663375000,0,0.8168286,0.0985189,-0.15319423,0.5473724,0.0,0.0,0.0,0.0,0
1777318663391000,0,0.81387,0.096330374,-0.15335123,0.5521046,0.0,0.0,0.0,0.0,0
1777318663399000,0,0.8124517,0.09510256,-0.15341711,0.55438334,0.0,0.0,0.0,0.0,0
1777318663407000,0,0.81107515,0.09380858,-0.15342861,0.55661184,0.0,0.0,0.0,0.0,0
1777318663415000,0,0.80973774,0.09245529,-0.15345253,0.55877465,0.0,0.0,0.0,0.0,0
1777318663431000,0,0.80719143,0.08953247,-0.15358388,0.56288356,0.0,0.0,0.0,0.0,0
1777318663439000,0,0.8059897,0.087967075,-0.15362726,0.5648372,0.0,0.0,0.0,0.0,0
1777318663447000,0,0.80484277,0.08632107,-0.15359229,0.56673294,0.0,0.0,0.0,0.0,0
1777318663455000,0,0.80374783,0.084614076,-0.15350962,0.5685637,0.0,0.0,0.0,0.0,0
1777318663471000,0,0.8016963,0.0811058,-0.15329689,0.5720183,0.0,0.0,0.0,0.0,0
1777318663479000,0,0.8007398,0.0793133,-0.15317217,0.5736405,0.0,0.0,0.0,0.0,0
1777318663487000,0,0.79983294,0.07749535,-0.15300077,0.5751978,0.0,0.0,0.0,0.0,0
1777318663495000,0,0.7989765,0.075644635,-0.15280737,0.57668394,0.0,0.0,0.0,0.0,0
1777318663511000,0,0.79740334,0.07191725,-0.152389,0.5794424,0.0,0.0,0.0,0.0,0
1777318663519000,0,0.7966845,0.07007048,-0.15214485,0.5807202,0.0,0.0,0.0,0.0,0
1777318663527000,0,0.7960204,0.068211295,-0.15181662,0.58193684,0.0,0.0,0.0,0.0,0
1777318663535000,0,0.795413,0.0663346,-0.15141167,0.58308864,0.0,0.0,0.0,0.0,0
1777318663551000,0,0.79434484,0.06259749,-0.15051861,0.58518547,0.0,0.0,0.0,0.0,0
1777318663559000,0,0.79387766,0.060766958,-0.15005535,0.58613056,0.0,0.0,0.0,0.0,0
1777318663567000,0,0.79345936,0.058954343,-0.14953712,0.58701384,0.0,0.0,0.0,0.0,0
1777318663575000,0,0.79309034,0.057164837,-0.14896555,0.5878343,0.0,0.0,0.0,0.0,0
1777318663591000,0,0.7924865,0.053712077,-0.14774159,0.5892814,0.0,0.0,0.0,0.0,0
1777318663599000,0,0.7922517,0.052055765,-0.14706665,0.58991426,0.0,0.0,0.0,0.0,0
1777318663607000,0,0.79206985,0.05041245,-0.14628915,0.5904942,0.0,0.0,0.0,0.0,0
1777318663615000,0,0.7919402,0.04876778,-0.14544532,0.5910144,0.0,0.0,0.0,0.0,0
1777318663631000,0,0.7918061,0.045601673,-0.14372966,0.59186596,0.0,0.0,0.0,0.0,0
1777318663639000,0,0.7917932,0.044129618,-0.14287515,0.5922016,0.0,0.0,0.0,0.0,0
1777318663647000,0,0.79182476,0.042705644,-0.14195402,0.5924853,0.0,0.0,0.0,0.0,0
1777318663655000,0,0.7919037,0.04130973,-0.140963,0.5927153,0.0,0.0,0.0,0.0,0
1777318663671000,0,0.7921967,0.038595956,-0.1388262,0.593011,0.0,0.0,0.0,0.0,0
1777318663679000,0,0.7923981,0.037312996,-0.13775301,0.59307426,0.0,0.0,0.0,0.0,0
1777318663687000,0,0.7926408,0.03606276,-0.13663068,0.5930869,0.0,0.0,0.0,0.0,0
1777318663695000,0,0.79292333,0.03484527,-0.13547765,0.59304655,0.0,0.0,0.0,0.0,0
1777318663711000,0,0.7936046,0.03250861,-0.1330831,0.5928101,0.0,0.0,0.0,0.0,0
1777318663719000,0,0.79400134,0.03138384,-0.13184953,0.5926151,0.0,0.0,0.0,0.0,0
1777318663727000,0,0.7944388,0.030267762,-0.13055472,0.5923735,0.0,0.0,0.0,0.0,0
1777318663735000,0,0.7949145,0.029154934,-0.12922888,0.5920818,0.0,0.0,0.0,0.0,0
1777318663751000,0,0.7959564,0.027037648,-0.1266331,0.5913429,0.0,0.0,0.0,0.0,0
1777318663759000,0,0.7965262,0.02602098,-0.12530528,0.590904,0.0,0.0,0.0,0.0,0
1777318663767000,0,0.7971333,0.025018798,-0.12389281,0.5904262,0.0,0.0,0.0,0.0,0
1777318663775000,0,0.7977693,0.02404203,-0.12246788,0.58990484,0.0,0.0,0.0,0.0,0
1777318663791000,0,0.79911447,0.022162994,-0.11970942,0.5887228,0.0,0.0,0.0,0.0,0
1777318663799000,0,0.79982406,0.021260116,-0.11835791,0.5880653,0.0,0.0,0.0,0.0,0
1777318663807000,0,0.8005643,0.020354759,-0.11696082,0.5873693,0.0,0.0,0.0,0.0,0
1777318663815000,0,0.8013345,0.019427214,-0.11553577,0.58663195,0.0,0.0,0.0,0.0,0
1777318663831000,0,0.8029512,0.017578816,-0.11261737,0.585045,0.0,0.0,0.0,0.0,0
1777318663839000,0,0.8037894,0.016719034,-0.11113728,0.5842017,0.0,0.0,0.0,0.0,0
1777318663847000,0,0.80464774,0.015896544,-0.10962412,0.58332825,0.0,0.0,0.0,0.0,0
1777318663855000,0,0.80552506,0.015110346,-0.108085796,0.5824247,0.0,0.0,0.0,0.0,0
1777318663871000,0,0.80734,0.013599747,-0.10486826,0.58053404,0.0,0.0,0.0,0.0,0
1777318663879000,0,0.80827713,0.012871663,-0.103164144,0.5795512,0.0,0.0,0.0,0.0,0
1777318663887000,0,0.80923,0.012168735,-0.10141677,0.5785442,0.0,0.0,0.0,0.0,0
1777318663895000,0,0.81019354,0.011528541,-0.099653825,0.5775142,0.0,0.0,0.0,0.0,0
1777318663911000,0,0.81215465,0.010427228,-0.09601665,0.5753928,0.0,0.0,0.0,0.0,0
1777318663919000,0,0.81315863,0.009877991,-0.09410699,0.574299,0.0,0.0,0.0,0.0,0
1777318663927000,0,0.81417775,0.009324408,-0.0921163,0.57318604,0.0,0.0,0.0,0.0,0
1777318663935000,0,0.81520766,0.008798703,-0.09006358,0.57205564,0.0,0.0,0.0,0.0,0
1777318663951000,0,0.81728977,0.007873217,-0.08581789,0.5697462,0.0,0.0,0.0,0.0,0
1777318663959000,0,0.81833947,0.0074556135,-0.08362841,0.5685695,0.0,0.0,0.0,0.0,0
1777318663967000,0,0.8193966,0.0070275636,-0.081379324,0.5673775,0.0,0.0,0.0,0.0,0
1777318663975000,0,0.82045805,0.006602104,-0.07910206,0.56616944,0.0,0.0,0.0,0.0,0
1777318663991000,0,0.8225831,0.005836752,-0.074557275,0.56370574,0.0,0.0,0.0,0.0,0
1777318663999000,0,0.8236482,0.0054787695,-0.07224909,0.56245327,0.0,0.0,0.0,0.0,0
1777318664007000,0,0.8247152,0.0051142243,-0.069896884,0.561189,0.0,0.0,0.0,0.0,0
1777318664015000,0,0.82578146,0.004762058,-0.06751255,0.5599146,0.0,0.0,0.0,0.0,0
1777318664031000,0,0.8279074,0.0040934375,-0.062681094,0.5573363,0.0,0.0,0.0,0.0,0
1777318664039000,0,0.8289653,0.0037685763,-0.060243394,0.5560333,0.0,0.0,0.0,0.0,0
1777318664047000,0,0.83002007,0.0034305418,-0.05777799,0.5547221,0.0,0.0,0.0,0.0,0
1777318664055000,0,0.8310693,0.0030912175,-0.05530979,0.5534032,0.0,0.0,0.0,0.0,0
1777318664071000,0,0.83315057,0.0024074088,-0.050361782,0.55074316,0.0,0.0,0.0,0.0,0
1777318664079000,0,0.83418113,0.002064996,-0.04787473,0.5494048,0.0,0.0,0.0,0.0,0
1777318664087000,0,0.8352055,0.0017045366,-0.045348097,0.5480624,0.0,0.0,0.0,0.0,0
1777318664095000,0,0.8362228,0.001321169,-0.04280206,0.54671526,0.0,0.0,0.0,0.0,0
1777318664111000,0,0.83822596,0.0006098351,-0.03779402,0.5440114,0.0,0.0,0.0,0.0,0
1777318664119000,0,0.83921146,0.00026372654,-0.035326123,0.54265654,0.0,0.0,0.0,0.0,0
1777318664127000,0,0.8401869,-0.00011443974,-0.032843165,0.5413015,0.0,0.0,0.0,0.0,0
1777318664135000,0,0.8411518,-0.0005299545,-0.030343084,0.539947,0.0,0.0,0.0,0.0,0
1777318664151000,0,0.8430461,-0.0013695837,-0.02534818,0.5372418,0.0,0.0,0.0,0.0,0
1777318664159000,0,0.8439753,-0.0017947562,-0.022855584,0.53589183,0.0,0.0,0.0,0.0,0
1777318664167000,0,0.8448923,-0.0022478655,-0.020357387,0.53454417,0.0,0.0,0.0,0.0,0
1777318664175000,0,0.845796,-0.0027139937,-0.017901363,0.53319913,0.0,0.0,0.0,0.0,0
1777318664191000,0,0.8475591,-0.003592375,-0.013278575,0.53052276,0.0,0.0,0.0,0.0,0
1777318664199000,0,0.84841746,-0.003956683,-0.011199673,0.5291945,0.0,0.0,0.0,0.0,0
1777318664207000,0,0.8492618,-0.0043021636,-0.009226638,0.52787375,0.0,0.0,0.0,0.0,0
1777318664215000,0,0.850092,-0.0046371,-0.007360456,0.5265624,0.0,0.0,0.0,0.0,0
1777318664231000,0,0.85171187,-0.0053121066,-0.0039239777,0.5239688,0.0,0.0,0.0,0.0,0
1777318664239000,0,0.85250235,-0.00564051,-0.0023849495,0.5226875,0.0,0.0,0.0,0.0,0
1777318664247000,0,0.8532805,-0.0059798122,-0.00092605967,0.5214171,0.0,0.0,0.0,0.0,0
1777318664255000,0,0.85404575,-0.006304177,0.00042218712,0.52015954,0.0,0.0,0.0,0.0,0
1777318664271000,0,0.8555367,-0.0068925004,0.0027803518,0.5176888,0.0,0.0,0.0,0.0,0
1777318664279000,0,0.85626316,-0.0071931668,0.00382031,0.5164756,0.0,0.0,0.0,0.0,0
1777318664287000,0,0.8569775,-0.0075077205,0.0048159617,0.5152766,0.0,0.0,0.0,0.0,0
1777318664295000,0,0.8576802,-0.007788037,0.0057319575,0.5140925,0.0,0.0,0.0,0.0,0
1777318664311000,0,0.85904914,-0.0082825,0.0072588627,0.5117746,0.0,0.0,0.0,0.0,0
1777318664319000,0,0.85971594,-0.00852362,0.007894182,0.51064026,0.0,0.0,0.0,0.0,0
1777318664327000,0,0.8603709,-0.008799673,0.00850243,0.50952154,0.0,0.0,0.0,0.0,0
1777318664335000,0,0.8610139,-0.009097706,0.009075302,0.5084191,0.0,0.0,0.0,0.0,0
1777318664351000,0,0.8622646,-0.009680581,0.010047969,0.5062658,0.0,0.0,0.0,0.0,0
1777318664359000,0,0.8628729,-0.00991914,0.010426659,0.505216,0.0,0.0,0.0,0.0,0
1777318664367000,0,0.8634692,-0.0101435715,0.010788977,0.5041842,0.0,0.0,0.0,0.0,0
1777318664375000,0,0.8640531,-0.010369929,0.011120716,0.5031711,0.0,0.0,0.0,0.0,0
1777318664391000,0,0.8651834,-0.010897956,0.0116974935,0.5012007,0.0,0.0,0.0,0.0,0
1777318664399000,0,0.86573,-0.011183172,0.011951486,0.50024366,0.0,0.0,0.0,0.0,0
1777318664407000,0,0.866264,-0.011489238,0.012213099,0.49930504,0.0,0.0,0.0,0.0,0
1777318664415000,0,0.8667861,-0.011799723,0.012450226,0.49838498,0.0,0.0,0.0,0.0,0
1777318664431000,0,0.86779654,-0.012346645,0.012796604,0.49660143,0.0,0.0,0.0,0.0,0
1777318664439000,0,0.8682838,-0.01260443,0.012951783,0.49573848,0.0,0.0,0.0,0.0,0
1777318664447000,0,0.86875784,-0.012864006,0.013150809,0.4948953,0.0,0.0,0.0,0.0,0
1777318664455000,0,0.8692194,-0.013123194,0.013372414,0.49407142,0.0,0.0,0.0,0.0,0
1777318664471000,0,0.87010676,-0.013689342,0.013830504,0.49247903,0.0,0.0,0.0,0.0,0
1777318664479000,0,0.87053335,-0.013987326,0.01403712,0.49171028,0.0,0.0,0.0,0.0,0
1777318664487000,0,0.8709488,-0.014288807,0.014256373,0.49095905,0.0,0.0,0.0,0.0,0
1777318664495000,0,0.87135386,-0.014561978,0.014464692,0.49022558,0.0,0.0,0.0,0.0,0
1777318664511000,0,0.87213296,-0.015028082,0.014827247,0.48881328,0.0,0.0,0.0,0.0,0
1777318664519000,0,0.87250555,-0.015273853,0.015009844,0.48813465,0.0,0.0,0.0,0.0,0
1777318664527000,0,0.8728657,-0.015567683,0.01527134,0.487473,0.0,0.0,0.0,0.0,0
1777318664535000,0,0.87321407,-0.01586967,0.0155807445,0.48682913,0.0,0.0,0.0,0.0,0
1777318664551000,0,0.87388104,-0.016387526,0.016154401,0.4855949,0.0,0.0,0.0,0.0,0
1777318664559000,0,0.87420094,-0.016554454,0.016378673,0.48500553,0.0,0.0,0.0,0.0,0
1777318664567000,0,0.87451017,-0.016714372,0.01663191,0.4844337,0.0,0.0,0.0,0.0,0
1777318664575000,0,0.87480813,-0.01690025,0.016929675,0.4838786,0.0,0.0,0.0,0.0,0
1777318664591000,0,0.87536997,-0.017377188,0.017630745,0.48281944,0.0,0.0,0.0,0.0,0
1777318664599000,0,0.87563545,-0.017606221,0.017985301,0.48231643,0.0,0.0,0.0,0.0,0
1777318664607000,0,0.87589175,-0.017823782,0.018317722,0.48183027,0.0,0.0,0.0,0.0,0
1777318664615000,0,0.8761398,-0.018011397,0.018605823,0.48136097,0.0,0.0,0.0,0.0,0
1777318664631000,0,0.8766098,-0.018301629,0.019157037,0.48047194,0.0,0.0,0.0,0.0,0
1777318664639000,0,0.87683177,-0.0184285,0.019401936,0.48005208,0.0,0.0,0.0,0.0,0
1777318664647000,0,0.8770435,-0.018587159,0.019657943,0.47964865,0.0,0.0,0.0,0.0,0
1777318664655000,0,0.8772455,-0.018756384,0.01992512,0.47926143,0.0,0.0,0.0,0.0,0
1777318664671000,0,0.8776221,-0.019115917,0.020532172,0.47853157,0.0,0.0,0.0,0.0,0
1777318664679000,0,0.8777981,-0.019278837,0.020828748,0.4781893,0.0,0.0,0.0,0.0,0
1777318664687000,0,0.87796646,-0.01941466,0.021124568,0.47786155,0.0,0.0,0.0,0.0,0
1777318664695000,0,0.8781283,-0.019517353,0.021399906,0.47754776,0.0,0.0,0.0,0.0,0
1777318664711000,0,0.8784307,-0.019702222,0.021906463,0.47696057,0.0,0.0,0.0,0.0,0
1777318664719000,0,0.8785703,-0.019801138,0.022166912,0.47668728,0.0,0.0,0.0,0.0,0
1777318664727000,0,0.8787012,-0.019920325,0.022463704,0.4764271,0.0,0.0,0.0,0.0,0
1777318664735000,0,0.87882453,-0.020051198,0.02276883,0.4761795,0.0,0.0,0.0,0.0,0
1777318664751000,0,0.8790522,-0.020253,0.023287436,0.47572547,0.0,0.0,0.0,0.0,0
1777318664759000,0,0.87915695,-0.020311115,0.023484789,0.47551972,0.0,0.0,0.0,0.0,0
1777318664767000,0,0.87925357,-0.02037876,0.023711855,0.4753268,0.0,0.0,0.0,0.0,0
1777318664775000,0,0.87934273,-0.02045807,0.02395508,0.47514632,0.0,0.0,0.0,0.0,0
1777318664791000,0,0.87950116,-0.020621998,0.024439637,0.47482118,0.0,0.0,0.0,0.0,0
1777318664799000,0,0.8795728,-0.020650428,0.02463671,0.474677,0.0,0.0,0.0,0.0,0
1777318664807000,0,0.87963873,-0.020662867,0.024842478,0.4745436,0.0,0.0,0.0,0.0,0
1777318664815000,0,0.879699,-0.020664573,0.025032377,0.47442174,0.0,0.0,0.0,0.0,0
1777318664831000,0,0.87980187,-0.020687224,0.025352923,0.47421294,0.0,0.0,0.0,0.0,0
1777318664839000,0,0.8798445,-0.020720232,0.025478503,0.47412574,0.0,0.0,0.0,0.0,0
1777318664847000,0,0.8798801,-0.020782722,0.025653442,0.47404748,0.0,0.0,0.0,0.0,0
1777318664855000,0,0.8799103,-0.02082054,0.025851771,0.47397894,0.0,0.0,0.0,0.0,0
1777318664871000,0,0.8799575,-0.02081925,0.026144084,0.4738753,0.0,0.0,0.0,0.0,0
1777318664879000,0,0.8799756,-0.020775955,0.026215483,0.47383964,0.0,0.0,0.0,0.0,0
1777318664887000,0,0.8799881,-0.020737672,0.026318084,0.4738125,0.0,0.0,0.0,0.0,0
1777318664895000,0,0.8799952,-0.020712959,0.026453368,0.47379282,0.0,0.0,0.0,0.0,0
1777318664911000,0,0.8799948,-0.020724043,0.026728028,0.4737776,0.0,0.0,0.0,0.0,0
1777318664919000,0,0.8799887,-0.02070906,0.026832644,0.47378373,0.0,0.0,0.0,0.0,0
1777318664927000,0,0.8799788,-0.020672487,0.026956107,0.47379676,0.0,0.0,0.0,0.0,0
1777318664935000,0,0.879966,-0.020612901,0.027062155,0.47381702,0.0,0.0,0.0,0.0,0
1777318664951000,0,0.87993,-0.020498456,0.027247012,0.4738782,0.0,0.0,0.0,0.0,0
1777318664959000,0,0.8799056,-0.020470668,0.02733715,0.47391963,0.0,0.0,0.0,0.0,0
1777318664967000,0,0.8798771,-0.020443613,0.027420256,0.4739689,0.0,0.0,0.0,0.0,0
1777318664975000,0,0.87984604,-0.020378035,0.027479568,0.4740259,0.0,0.0,0.0,0.0,0
1777318664991000,0,0.87977666,-0.020177942,0.027520576,0.47416088,0.0,0.0,0.0,0.0,0
1777318664999000,0,0.8797361,-0.02010107,0.027541224,0.47423807,0.0,0.0,0.0,0.0,0
1777318665007000,0,0.87969154,-0.020048851,0.027596373,0.47431985,0.0,0.0,0.0,0.0,0
1777318665015000,0,0.8796453,-0.019987855,0.027629968,0.4744062,0.0,0.0,0.0,0.0,0
1777318665031000,0,0.87954736,-0.019863872,0.027633652,0.4745927,0.0,0.0,0.0,0.0,0
1777318665039000,0,0.8794954,-0.01978938,0.027618542,0.47469303,0.0,0.0,0.0,0.0,0
1777318665047000,0,0.8794412,-0.019700715,0.027616922,0.47479716,0.0,0.0,0.0,0.0,0
1777318665055000,0,0.8793852,-0.01958041,0.027603492,0.47490668,0.0,0.0,0.0,0.0,0
1777318665071000,0,0.8792663,-0.019314298,0.02754546,0.475141,0.0,0.0,0.0,0.0,0
1777318665079000,0,0.8792029,-0.019207548,0.027511375,0.47526464,0.0,0.0,0.0,0.0,0
1777318665087000,0,0.8791361,-0.019130876,0.027511265,0.47539133,0.0,0.0,0.0,0.0,0
1777318665095000,0,0.879068,-0.019044962,0.027495986,0.47552148,0.0,0.0,0.0,0.0,0
1777318665111000,0,0.87892884,-0.018812245,0.027378207,0.47579467,0.0,0.0,0.0,0.0,0
1777318665119000,0,0.8788587,-0.018660566,0.027277492,0.47593606,0.0,0.0,0.0,0.0,0
1777318665127000,0,0.8787859,-0.01852666,0.027205868,0.47607976,0.0,0.0,0.0,0.0,0
1777318665135000,0,0.8787112,-0.018394813,0.027129384,0.47622707,0.0,0.0,0.0,0.0,0
1777318665151000,0,0.87855864,-0.018079171,0.026970888,0.4765296,0.0,0.0,0.0,0.0,0
1777318665159000,0,0.8784811,-0.017914452,0.026894774,0.47668302,0.0,0.0,0.0,0.0,0
1777318665167000,0,0.8784017,-0.01778349,0.026844455,0.47683707,0.0,0.0,0.0,0.0,0
1777318665175000,0,0.87832135,-0.017666575,0.026785877,0.47699267,0.0,0.0,0.0,0.0,0
1777318665191000,0,0.8781605,-0.017401101,0.02655608,0.47731143,0.0,0.0,0.0,0.0,0
1777318665199000,0,0.87808007,-0.01724111,0.026387213,0.47747442,0.0,0.0,0.0,0.0,0
1777318665207000,0,0.8779982,-0.017075634,0.02625489,0.4776382,0.0,0.0,0.0,0.0,0
1777318665215000,0,0.87791586,-0.016893001,0.026136994,0.47780254,0.0,0.0,0.0,0.0,0
1777318665231000,0,0.87774783,-0.016577544,0.02596143,0.4781317,0.0,0.0,0.0,0.0,0
1777318665239000,0,0.8776635,-0.016406424,0.025831513,0.47829944,0.0,0.0,0.0,0.0,0
1777318665247000,0,0.87757975,-0.016211117,0.02565021,0.47846943,0.0,0.0,0.0,0.0,0
1777318665255000,0,0.87749654,-0.016001236,0.025435563,0.47864056,0.0,0.0,0.0,0.0,0
1777318665271000,0,0.8773278,-0.015602757,0.025054064,0.47898304,0.0,0.0,0.0,0.0,0
1777318665279000,0,0.87724125,-0.0154361585,0.024934731,0.4791532,0.0,0.0,0.0,0.0,0
1777318665287000,0,0.8771532,-0.015293064,0.024856057,0.47932294,0.0,0.0,0.0,0.0,0
1777318665295000,0,0.87706625,-0.015128164,0.02472956,0.4794939,0.0,0.0,0.0,0.0,0
1777318665311000,0,0.87689584,-0.014722844,0.02428512,0.47984076,0.0,0.0,0.0,0.0,0
1777318665319000,0,0.87681,-0.0145193,0.024065489,0.48001483,0.0,0.0,0.0,0.0,0
1777318665327000,0,0.8767219,-0.014346541,0.023930572,0.48018762,0.0,0.0,0.0,0.0,0
1777318665335000,0,0.8766331,-0.014184735,0.023816964,0.48036027,0.0,0.0,0.0,0.0,0
1777318665351000,0,0.87645906,-0.013810562,0.023446538,0.48070678,0.0,0.0,0.0,0.0,0
1777318665359000,0,0.8763736,-0.013604794,0.023197489,0.48088062,0.0,0.0,0.0,0.0,0
1777318665367000,0,0.87628704,-0.013399573,0.022965798,0.4810551,0.0,0.0,0.0,0.0,0
1777318665375000,0,0.87619996,-0.013196739,0.022738349,0.4812301,0.0,0.0,0.0,0.0,0
1777318665391000,0,0.87602544,-0.012788415,0.02226075,0.48158112,0.0,0.0,0.0,0.0,0
1777318665399000,0,0.8759384,-0.012583996,0.021991557,0.48175716,0.0,0.0,0.0,0.0,0
1777318665407000,0,0.875851,-0.012385425,0.021751147,0.4819321,0.0,0.0,0.0,0.0,0
1777318665415000,0,0.8757645,-0.012168044,0.021513112,0.48210543,0.0,0.0,0.0,0.0,0
1777318665431000,0,0.8755956,-0.011649272,0.020950068,0.4824497,0.0,0.0,0.0,0.0,0
1777318665439000,0,0.8755129,-0.011371643,0.020644901,0.48261958,0.0,0.0,0.0,0.0,0
1777318665447000,0,0.8754299,-0.011129237,0.02038257,0.48278686,0.0,0.0,0.0,0.0,0
1777318665455000,0,0.8753466,-0.010914253,0.020130673,0.48295343,0.0,0.0,0.0,0.0,0
1777318665471000,0,0.87518114,-0.010507063,0.019606493,0.4832838,0.0,0.0,0.0,0.0,0
1777318665479000,0,0.8750994,-0.010287954,0.019343436,0.48344696,0.0,0.0,0.0,0.0,0
1777318665487000,0,0.8750179,-0.010063353,0.019105453,0.48360878,0.0,0.0,0.0,0.0,0
1777318665495000,0,0.87493736,-0.009817383,0.018856099,0.4837693,0.0,0.0,0.0,0.0,0
1777318665511000,0,0.87478065,-0.009296494,0.018241111,0.48408642,0.0,0.0,0.0,0.0,0
1777318665519000,0,0.8747026,-0.009067922,0.017932232,0.48424333,0.0,0.0,0.0,0.0,0
1777318665527000,0,0.87462443,-0.008863815,0.017648801,0.48439863,0.0,0.0,0.0,0.0,0
1777318665535000,0,0.8745473,-0.008661663,0.017360825,0.48455194,0.0,0.0,0.0,0.0,0
1777318665551000,0,0.87439626,-0.008216977,0.016847232,0.48485032,0.0,0.0,0.0,0.0,0
1777318665559000,0,0.87432206,-0.007987053,0.016605418,0.48499626,0.0,0.0,0.0,0.0,0
1777318665567000,0,0.87424767,-0.0077958177,0.016398313,0.48514047,0.0,0.0,0.0,0.0,0
1777318665575000,0,0.8741736,-0.007627768,0.016169313,0.48528436,0.0,0.0,0.0,0.0,0
1777318665591000,0,0.8740278,-0.007254636,0.015654871,0.48556948,0.0,0.0,0.0,0.0,0
1777318665599000,0,0.8739562,-0.0070235757,0.015379982,0.48571053,0.0,0.0,0.0,0.0,0
1777318665607000,0,0.87388426,-0.0068150056,0.01515064,0.4858501,0.0,0.0,0.0,0.0,0
1777318665615000,0,0.87381256,-0.0066177147,0.014934753,0.4859885,0.0,0.0,0.0,0.0,0
1777318665631000,0,0.87367046,-0.0062040896,0.01448907,0.48626283,0.0,0.0,0.0,0.0,0
1777318665639000,0,0.8736012,-0.0059597236,0.01420397,0.48639873,0.0,0.0,0.0,0.0,0
1777318665647000,0,0.8735318,-0.0057317694,0.013926881,0.48653403,0.0,0.0,0.0,0.0,0
1777318665655000,0,0.87346226,-0.0055228816,0.013634527,0.48666963,0.0,0.0,0.0,0.0,0
1777318665671000,0,0.87332463,-0.005135297,0.013050733,0.48693675,0.0,0.0,0.0,0.0,0
1777318665679000,0,0.87325674,-0.004960582,0.012784733,0.48706737,0.0,0.0,0.0,0.0,0
1777318665687000,0,0.87318796,-0.0048116944,0.012575832,0.4871976,0.0,0.0,0.0,0.0,0
1777318665695000,0,0.8731196,-0.004659677,0.012377774,0.48732668,0.0,0.0,0.0,0.0,0
1777318665711000,0,0.8729886,-0.0042642024,0.011826336,0.48757863,0.0,0.0,0.0,0.0,0
1777318665719000,0,0.87292534,-0.004023604,0.011481016,0.4877021,0.0,0.0,0.0,0.0,0
1777318665727000,0,0.8728615,-0.0038052322,0.011193292,0.48782483,0.0,0.0,0.0,0.0,0
1777318665735000,0,0.87279695,-0.0036092943,0.010940832,0.48794746,0.0,0.0,0.0,0.0,0
1777318665751000,0,0.8726696,-0.0032306523,0.010363647,0.48819047,0.0,0.0,0.0,0.0,0
1777318665759000,0,0.8726066,-0.0030122905,0.01002118,0.48831165,0.0,0.0,0.0,0.0,0
1777318665767000,0,0.8725435,-0.00278057,0.0096970685,0.48843223,0.0,0.0,0.0,0.0,0
1777318665775000,0,0.87248105,-0.002523797,0.009371973,0.4885516,0.0,0.0,0.0,0.0,0
1777318665791000,0,0.8723559,-0.001997141,0.008722125,0.48878944,0.0,0.0,0.0,0.0,0
1777318665799000,0,0.87229365,-0.0017645468,0.008405405,0.48890698,0.0,0.0,0.0,0.0,0
1777318665807000,0,0.8722319,-0.0015649822,0.008112946,0.48902276,0.0,0.0,0.0,0.0,0
1777318665815000,0,0.87217087,-0.0013695657,0.007804183,0.48913723,0.0,0.0,0.0,0.0,0
1777318665831000,0,0.8720517,-0.0009164002,0.007098867,0.4893614,0.0,0.0,0.0,0.0,0
1777318665839000,0,0.871993,-0.0006738602,0.00673812,0.4894715,0.0,0.0,0.0,0.0,0
1777318665847000,0,0.871934,-0.00047112314,0.0064404393,0.48958087,0.0,0.0,0.0,0.0,0
1777318665855000,0,0.8718749,-0.00028752306,0.0061632274,0.48968974,0.0,0.0,0.0,0.0,0
1777318665871000,0,0.8717583,0.00012226097,0.0054640183,0.48990574,0.0,0.0,0.0,0.0,0
1777318665879000,0,0.87170136,0.00039160432,0.00503866,0.49001145,0.0,0.0,0.0,0.0,0
1777318665887000,0,0.8716452,0.00065351574,0.0046395874,0.49011493,0.0,0.0,0.0,0.0,0
1777318665895000,0,0.87158966,0.0008858057,0.0042701713,0.4902167,0.0,0.0,0.0,0.0,0
1777318665911000,0,0.8714786,0.0012970769,0.003539884,0.49041903,0.0,0.0,0.0,0.0,0
1777318665919000,0,0.8714234,0.0015350389,0.0031184885,0.49051923,0.0,0.0,0.0,0.0,0
1777318665927000,0,0.87136877,0.0017746082,0.0027264927,0.49061787,0.0,0.0,0.0,0.0,0
1777318665935000,0,0.8713145,0.0020254238,0.0023371244,0.49071527,0.0,0.0,0.0,0.0,0
1777318665951000,0,0.87120605,0.0024902343,0.0015872779,0.49090865,0.0,0.0,0.0,0.0,0
1777318665959000,0,0.8711516,0.0026828744,0.0012238907,0.49100524,0.0,0.0,0.0,0.0,0
1777318665967000,0,0.8710972,0.00286109,0.00088019564,0.49110147,0.0,0.0,0.0,0.0,0
1777318665975000,0,0.87104285,0.003056677,0.0005057388,0.4911973,0.0,0.0,0.0,0.0,0
1777318665991000,0,0.87093395,0.003549908,-0.00035744527,0.49138716,0.0,0.0,0.0,0.0,0
1777318665999000,0,0.87087935,0.0038113135,-0.00079773203,0.49148145,0.0,0.0,0.0,0.0,0
1777318666007000,0,0.8708248,0.004037348,-0.0011598702,0.49157554,0.0,0.0,0.0,0.0,0
1777318666015000,0,0.8707709,0.0042193905,-0.001449202,0.49166882,0.0,0.0,0.0,0.0,0
1777318666031000,0,0.8706639,0.0045759864,-0.0020632353,0.49185282,0.0,0.0,0.0,0.0,0
1777318666039000,0,0.8706091,0.0048030205,-0.002454333,0.4919458,0.0,0.0,0.0,0.0,0
1777318666047000,0,0.8705539,0.0050457474,-0.0028420417,0.49203894,0.0,0.0,0.0,0.0,0
1777318666055000,0,0.87049866,0.0052913334,-0.0032263047,0.49213177,0.0,0.0,0.0,0.0,0
1777318666071000,0,0.8703883,0.0057086665,-0.0039799795,0.49231666,0.0,0.0,0.0,0.0,0
1777318666079000,0,0.8703338,0.0058752946,-0.0043246555,0.49240825,0.0,0.0,0.0,0.0,0
1777318666087000,0,0.8702798,0.006036628,-0.0046419655,0.49249884,0.0,0.0,0.0,0.0,0
1777318666095000,0,0.8702256,0.0062288432,-0.004975479,0.4925889,0.0,0.0,0.0,0.0,0
1777318666111000,0,0.87011707,0.00668598,-0.0057017272,0.49276674,0.0,0.0,0.0,0.0,0
1777318666119000,0,0.8700626,0.0068980427,-0.006103538,0.4928552,0.0,0.0,0.0,0.0,0
1777318666127000,0,0.87000877,0.007080172,-0.006464161,0.49294305,0.0,0.0,0.0,0.0,0
1777318666135000,0,0.8699551,0.00726406,-0.006799534,0.49303055,0.0,0.0,0.0,0.0,0
1777318666151000,0,0.8698484,0.0076586655,-0.007488647,0.49320284,0.0,0.0,0.0,0.0,0
1777318666159000,0,0.8697952,0.007868735,-0.007852501,0.4932877,0.0,0.0,0.0,0.0,0
1777318666167000,0,0.86974186,0.008061854,-0.008191679,0.49337307,0.0,0.0,0.0,0.0,0
1777318666175000,0,0.8696881,0.008261483,-0.008537414,0.49345866,0.0,0.0,0.0,0.0,0
1777318666191000,0,0.8695778,0.008746808,-0.009242063,0.49363196,0.0,0.0,0.0,0.0,0
1777318666199000,0,0.8695224,0.008998512,-0.009617147,0.49371782,0.0,0.0,0.0,0.0,0
1777318666207000,0,0.8694673,0.00921536,-0.009971969,0.4938038,0.0,0.0,0.0,0.0,0
1777318666215000,0,0.86941177,0.009418446,-0.010315479,0.4938907,0.0,0.0,0.0,0.0,0
1777318666231000,0,0.8692996,0.009834702,-0.011013015,0.494065,0.0,0.0,0.0,0.0,0
1777318666239000,0,0.8692427,0.0100661535,-0.011381348,0.494152,0.0,0.0,0.0,0.0,0
1777318666247000,0,0.8691861,0.010300142,-0.0117268795,0.4942387,0.0,0.0,0.0,0.0,0
1777318666255000,0,0.86912966,0.010536351,-0.012084532,0.4943244,0.0,0.0,0.0,0.0,0
1777318666271000,0,0.8690178,0.010972165,-0.012838219,0.49449256,0.0,0.0,0.0,0.0,0
1777318666279000,0,0.8689613,0.011202033,-0.013225436,0.49457645,0.0,0.0,0.0,0.0,0
1777318666287000,0,0.868905,0.011429504,-0.01360004,0.49466002,0.0,0.0,0.0,0.0,0
1777318666295000,0,0.86884904,0.011642239,-0.013972567,0.494743,0.0,0.0,0.0,0.0,0
1777318666311000,0,0.86873615,0.012081689,-0.014764716,0.49490762,0.0,0.0,0.0,0.0,0
1777318666319000,0,0.8686792,0.012324414,-0.01516338,0.49498948,0.0,0.0,0.0,0.0,0
1777318666327000,0,0.86862373,0.012539986,-0.015502918,0.49507087,0.0,0.0,0.0,0.0,0
1777318666335000,0,0.8685694,0.0127329035,-0.015815496,0.49515146,0.0,0.0,0.0,0.0,0
1777318666351000,0,0.8684619,0.013052874,-0.016457971,0.49531063,0.0,0.0,0.0,0.0,0
1777318666359000,0,0.86840826,0.013216083,-0.016808646,0.49538866,0.0,0.0,0.0,0.0,0
1777318666367000,0,0.8683551,0.013381759,-0.017133227,0.49546626,0.0,0.0,0.0,0.0,0
1777318666375000,0,0.8683012,0.013578822,-0.017450714,0.49554422,0.0,0.0,0.0,0.0,0
1777318666391000,0,0.8681936,0.013969937,-0.018063594,0.49569988,0.0,0.0,0.0,0.0,0
1777318666399000,0,0.86813927,0.0141708,-0.018386316,0.49577752,0.0,0.0,0.0,0.0,0
1777318666407000,0,0.86808556,0.014339297,-0.01867991,0.49585572,0.0,0.0,0.0,0.0,0
1777318666415000,0,0.86803216,0.014499434,-0.018984852,0.49593294,0.0,0.0,0.0,0.0,0
1777318666431000,0,0.86792403,0.014899638,-0.019713793,0.49608192,0.0,0.0,0.0,0.0,0
1777318666439000,0,0.86787117,0.015098772,-0.020071097,0.496154,0.0,0.0,0.0,0.0,0
1777318666447000,0,0.8678204,0.015253729,-0.020355912,0.4962265,0.0,0.0,0.0,0.0,0
1777318666455000,0,0.8677711,0.015387036,-0.020607466,0.4962982,0.0,0.0,0.0,0.0,0
1777318666471000,0,0.86767167,0.015667524,-0.02121728,0.4964375,0.0,0.0,0.0,0.0,0
1777318666479000,0,0.8676205,0.01584621,-0.021592045,0.49650505,0.0,0.0,0.0,0.0,0
1777318666487000,0,0.8675708,0.016008496,-0.021927731,0.49657208,0.0,0.0,0.0,0.0,0
1777318666495000,0,0.8675218,0.016161172,-0.02222223,0.4966396,0.0,0.0,0.0,0.0,0
1777318666511000,0,0.8674256,0.016466182,-0.022750922,0.4967736,0.0,0.0,0.0,0.0,0
1777318666519000,0,0.86737835,0.016612291,-0.023047697,0.49683765,0.0,0.0,0.0,0.0,0
1777318666527000,0,0.86733097,0.01677616,-0.023367459,0.4968999,0.0,0.0,0.0,0.0,0
1777318666535000,0,0.8672824,0.016979242,-0.023707729,0.4969617,0.0,0.0,0.0,0.0,0
1777318666551000,0,0.86718434,0.017449394,-0.024371427,0.49708438,0.0,0.0,0.0,0.0,0
1777318666559000,0,0.86713743,0.017639253,-0.024648814,0.49714583,0.0,0.0,0.0,0.0,0
1777318666567000,0,0.8670931,0.017769245,-0.024875764,0.49720725,0.0,0.0,0.0,0.0,0
1777318666575000,0,0.86704826,0.017895417,-0.025121473,0.49726853,0.0,0.0,0.0,0.0,0
1777318666591000,0,0.86695266,0.018261187,-0.025732376,0.49739063,0.0,0.0,0.0,0.0,0
1777318666599000,0,0.8669047,0.01845375,-0.0260231,0.49745208,0.0,0.0,0.0,0.0,0
1777318666607000,0,0.8668585,0.018621119,-0.02626276,0.49751365,0.0,0.0,0.0,0.0,0
1777318666615000,0,0.866814,0.018770631,-0.026474966,0.49757433,0.0,0.0,0.0,0.0,0
1777318666631000,0,0.86672485,0.019088252,-0.026989967,0.49768984,0.0,0.0,0.0,0.0,0
1777318666639000,0,0.8666782,0.019283373,-0.027304577,0.49774644,0.0,0.0,0.0,0.0,0
1777318666647000,0,0.866632,0.019468252,-0.027570855,0.49780503,0.0,0.0,0.0,0.0,0
1777318666655000,0,0.8665869,0.019631695,-0.02778989,0.49786484,0.0,0.0,0.0,0.0,0
1777318666671000,0,0.86649674,0.019949153,-0.028244216,0.49798357,0.0,0.0,0.0,0.0,0
1777318666679000,0,0.86645097,0.020118847,-0.028531343,0.4980401,0.0,0.0,0.0,0.0,0
1777318666687000,0,0.86640656,0.020263448,-0.028802626,0.4980958,0.0,0.0,0.0,0.0,0
1777318666695000,0,0.86636275,0.020388715,-0.029068202,0.49815157,0.0,0.0,0.0,0.0,0
1777318666711000,0,0.8662741,0.020656824,-0.029607534,0.4982628,0.0,0.0,0.0,0.0,0
1777318666719000,0,0.86622894,0.020813989,-0.029876024,0.49831882,0.0,0.0,0.0,0.0,0
1777318666727000,0,0.86618537,0.020937111,-0.030110154,0.49837533,0.0,0.0,0.0,0.0,0
1777318666735000,0,0.86614174,0.021056712,-0.030359402,0.49843097,0.0,0.0,0.0,0.0,0
1777318666751000,0,0.8660521,0.021335382,-0.03090907,0.49854103,0.0,0.0,0.0,0.0,0
1777318666759000,0,0.8660074,0.021478806,-0.031176025,0.49859595,0.0,0.0,0.0,0.0,0
1777318666767000,0,0.8659641,0.021612396,-0.031409647,0.49865064,0.0,0.0,0.0,0.0,0
1777318666775000,0,0.8659215,0.021743633,-0.03163076,0.49870494,0.0,0.0,0.0,0.0,0
1777318666791000,0,0.865836,0.02202688,-0.0321223,0.49880955,0.0,0.0,0.0,0.0,0
1777318666799000,0,0.86579496,0.022156095,-0.03234226,0.4988609,0.0,0.0,0.0,0.0,0
1777318666807000,0,0.86575586,0.022257278,-0.032523673,0.49891248,0.0,0.0,0.0,0.0,0
1777318666815000,0,0.8657165,0.022362296,-0.03271012,0.49896377,0.0,0.0,0.0,0.0,0
1777318666831000,0,0.86563677,0.022604473,-0.033069026,0.49906754,0.0,0.0,0.0,0.0,0
1777318666839000,0,0.86559725,0.022714788,-0.033235826,0.49912,0.0,0.0,0.0,0.0,0
1777318666847000,0,0.8655609,0.022763684,-0.03335335,0.49917307,0.0,0.0,0.0,0.0,0
1777318666855000,0,0.8655257,0.022788899,-0.03346083,0.4992257,0.0,0.0,0.0,0.0,0
1777318666871000,0,0.865453,0.022911912,-0.03373295,0.4993278,0.0,0.0,0.0,0.0,0
1777318666879000,0,0.86541617,0.023001641,-0.033874243,0.49937797,0.0,0.0,0.0,0.0,0
1777318666887000,0,0.8653818,0.023069108,-0.03396634,0.49942818,0.0,0.0,0.0,0.0,0
1777318666895000,0,0.8653484,0.02312017,-0.034052175,0.49947774,0.0,0.0,0.0,0.0,0
1777318666911000,0,0.8652826,0.02319513,-0.034218267,0.4995769,0.0,0.0,0.0,0.0,0
1777318666919000,0,0.8652502,0.023228109,-0.0342951,0.49962625,0.0,0.0,0.0,0.0,0
1777318666927000,0,0.8652196,0.023242306,-0.03433816,0.49967566,0.0,0.0,0.0,0.0,0
1777318666935000,0,0.8651895,0.023262054,-0.03436261,0.49972516,0.0,0.0,0.0,0.0,0
1777318666951000,0,0.86513114,0.02328139,-0.03439513,0.49982306,0.0,0.0,0.0,0.0,0
1777318666959000,0,0.8651032,0.023284301,-0.034410313,0.49987027,0.0,0.0,0.0,0.0,0
1777318666967000,0,0.8650769,0.023276336,-0.03439999,0.49991682,0.0,0.0,0.0,0.0,0
1777318666975000,0,0.8650503,0.023288285,-0.034401648,0.49996215,0.0,0.0,0.0,0.0,0
1777318666991000,0,0.8649927,0.023404064,-0.034511767,0.5000488,0.0,0.0,0.0,0.0,0
1777318666999000,0,0.86496586,0.023439242,-0.03454847,0.5000911,0.0,0.0,0.0,0.0,0
1777318667007000,0,0.86494255,0.023420399,-0.034508552,0.500135,0.0,0.0,0.0,0.0,0
1777318667015000,0,0.8649213,0.023372008,-0.034436725,0.50017905,0.0,0.0,0.0,0.0,0
1777318667031000,0,0.8648772,0.023305608,-0.034310006,0.50026697,0.0,0.0,0.0,0.0,0
1777318667039000,0,0.86485416,0.023301514,-0.034283936,0.5003089,0.0,0.0,0.0,0.0,0
1777318667047000,0,0.8648317,0.023281943,-0.034245666,0.50035125,0.0,0.0,0.0,0.0,0
1777318667055000,0,0.86480874,0.023255182,-0.034218814,0.5003939,0.0,0.0,0.0,0.0,0
1777318667071000,0,0.8647643,0.023190534,-0.03418559,0.50047606,0.0,0.0,0.0,0.0,0
1777318667079000,0,0.8647428,0.023159228,-0.034142207,0.5005176,0.0,0.0,0.0,0.0,0
1777318667087000,0,0.86472255,0.02310647,-0.03404489,0.5005616,0.0,0.0,0.0,0.0,0
1777318667095000,0,0.86470187,0.023060713,-0.033955615,0.5006056,0.0,0.0,0.0,0.0,0
1777318667111000,0,0.86465704,0.023037165,-0.033903256,0.5006876,0.0,0.0,0.0,0.0,0
1777318667119000,0,0.8646332,0.02304752,-0.03391896,0.50072724,0.0,0.0,0.0,0.0,0
1777318667127000,0,0.8646109,0.023035778,-0.033890914,0.5007681,0.0,0.0,0.0,0.0,0
1777318667135000,0,0.8645894,0.023012051,-0.033827838,0.5008106,0.0,0.0,0.0,0.0,0
1777318667151000,0,0.8645469,0.022965815,-0.03371466,0.5008938,0.0,0.0,0.0,0.0,0
1777318667159000,0,0.86452454,0.022970418,-0.033699844,0.5009331,0.0,0.0,0.0,0.0,0
1777318667167000,0,0.8645027,0.022968803,-0.033687502,0.50097173,0.0,0.0,0.0,0.0,0
1777318667175000,0,0.86448234,0.022950176,-0.033682764,0.50100803,0.0,0.0,0.0,0.0,0
1777318667191000,0,0.8644456,0.022869887,-0.033643577,0.5010777,0.0,0.0,0.0,0.0,0
1777318667199000,0,0.8644295,0.02281394,-0.033589635,0.50111175,0.0,0.0,0.0,0.0,0
1777318667207000,0,0.86441517,0.022743087,-0.03346272,0.50114805,0.0,0.0,0.0,0.0,0
1777318667215000,0,0.864401,0.022681963,-0.0333278,0.5011843,0.0,0.0,0.0,0.0,0
1777318667231000,0,0.86437094,0.022564571,-0.033163935,0.5012523,0.0,0.0,0.0,0.0,0
1777318667239000,0,0.864356,0.02250197,-0.033092774,0.5012856,0.0,0.0,0.0,0.0,0
1777318667247000,0,0.8643436,0.022415148,-0.03296995,0.501319,0.0,0.0,0.0,0.0,0
1777318667255000,0,0.86433274,0.022315694,-0.03281719,0.5013522,0.0,0.0,0.0,0.0,0
1777318667271000,0,0.8643099,0.022173626,-0.032517176,0.5014174,0.0,0.0,0.0,0.0,0
1777318667279000,0,0.86429626,0.022141911,-0.032441203,0.50144714,0.0,0.0,0.0,0.0,0
1777318667287000,0,0.86428356,0.022096276,-0.0323743,0.50147545,0.0,0.0,0.0,0.0,0
1777318667295000,0,0.86427206,0.022026207,-0.032297883,0.5015032,0.0,0.0,0.0,0.0,0
1777318667311000,0,0.86425424,0.021836981,-0.0320395,0.50155884,0.0,0.0,0.0,0.0,0
1777318667319000,0,0.864245,0.021763152,-0.03190373,0.50158656,0.0,0.0,0.0,0.0,0
1777318667327000,0,0.86423606,0.021681909,-0.031776186,0.50161356,0.0,0.0,0.0,0.0,0
1777318667335000,0,0.8642268,0.021606285,-0.031679127,0.5016389,0.0,0.0,0.0,0.0,0
1777318667351000,0,0.86420846,0.021452345,-0.03151881,0.5016872,0.0,0.0,0.0,0.0,0
1777318667359000,0,0.8642009,0.021367501,-0.03140842,0.5017109,0.0,0.0,0.0,0.0,0
1777318667367000,0,0.8641961,0.021249201,-0.031239362,0.5017346,0.0,0.0,0.0,0.0,0
1777318667375000,0,0.8641914,0.021137789,-0.031071844,0.50175786,0.0,0.0,0.0,0.0,0
1777318667391000,0,0.8641795,0.020985587,-0.030815855,0.50180054,0.0,0.0,0.0,0.0,0
1777318667399000,0,0.86417186,0.020937443,-0.030753173,0.50181955,0.0,0.0,0.0,0.0,0
1777318667407000,0,0.86416507,0.020871518,-0.030663848,0.5018394,0.0,0.0,0.0,0.0,0
1777318667415000,0,0.8641587,0.020798435,-0.030551177,0.5018604,0.0,0.0,0.0,0.0,0
1777318667431000,0,0.8641455,0.020644907,-0.030351099,0.5019015,0.0,0.0,0.0,0.0,0
1777318667439000,0,0.86413896,0.020559674,-0.030255998,0.5019221,0.0,0.0,0.0,0.0,0
1777318667447000,0,0.8641334,0.02046703,-0.03012359,0.5019433,0.0,0.0,0.0,0.0,0
1777318667455000,0,0.8641287,0.020374546,-0.029994417,0.50196296,0.0,0.0,0.0,0.0,0
1777318667471000,0,0.8641184,0.02023948,-0.02974659,0.5020009,0.0,0.0,0.0,0.0,0
1777318667479000,0,0.86411285,0.020198883,-0.029634891,0.5020187,0.0,0.0,0.0,0.0,0
1777318667487000,0,0.8641097,0.020129737,-0.029469982,0.50203663,0.0,0.0,0.0,0.0,0
1777318667495000,0,0.86410797,0.020045806,-0.029272186,0.5020545,0.0,0.0,0.0,0.0,0
1777318667511000,0,0.8641025,0.01989761,-0.028901843,0.5020913,0.0,0.0,0.0,0.0,0
1777318667519000,0,0.8640983,0.019844966,-0.028770305,0.5021081,0.0,0.0,0.0,0.0,0
1777318667527000,0,0.86409473,0.019769397,-0.02865041,0.50212413,0.0,0.0,0.0,0.0,0
1777318667535000,0,0.8640916,0.019689685,-0.028547801,0.5021385,0.0,0.0,0.0,0.0,0
1777318667551000,0,0.8640881,0.019538427,-0.02827397,0.5021659,0.0,0.0,0.0,0.0,0
1777318667559000,0,0.86408687,0.019471303,-0.028117474,0.5021794,0.0,0.0,0.0,0.0,0
1777318667567000,0,0.8640862,0.01939606,-0.02795142,0.50219274,0.0,0.0,0.0,0.0,0
1777318667575000,0,0.86408496,0.019330349,-0.02780751,0.5022054,0.0,0.0,0.0,0.0,0
1777318667591000,0,0.86407846,0.019276103,-0.0276518,0.50222725,0.0,0.0,0.0,0.0,0
1777318667599000,0,0.8640752,0.019244524,-0.027590612,0.5022375,0.0,0.0,0.0,0.0,0
1777318667607000,0,0.8640739,0.019194374,-0.027491216,0.50224715,0.0,0.0,0.0,0.0,0
1777318667615000,0,0.8640733,0.01913493,-0.027379535,0.50225645,0.0,0.0,0.0,0.0,0
1777318667631000,0,0.86407244,0.01902437,-0.027133277,0.5022755,0.0,0.0,0.0,0.0,0
1777318667639000,0,0.8640737,0.018948656,-0.026984846,0.5022842,0.0,0.0,0.0,0.0,0
1777318667647000,0,0.86407584,0.018852822,-0.026833594,0.5022922,0.0,0.0,0.0,0.0,0
1777318667655000,0,0.86407715,0.018778332,-0.026733996,0.50229806,0.0,0.0,0.0,0.0,0
1777318667671000,0,0.8640782,0.018687136,-0.026581166,0.5023078,0.0,0.0,0.0,0.0,0
1777318667679000,0,0.86407834,0.018654618,-0.026495583,0.5023132,0.0,0.0,0.0,0.0,0
1777318667687000,0,0.86408,0.018593406,-0.02636104,0.5023197,0.0,0.0,0.0,0.0,0
1777318667695000,0,0.86408293,0.018510096,-0.026196185,0.5023264,0.0,0.0,0.0,0.0,0
1777318667711000,0,0.86408794,0.018331671,-0.02590892,0.50233924,0.0,0.0,0.0,0.0,0
1777318667719000,0,0.8640883,0.018282779,-0.02581459,0.50234526,0.0,0.0,0.0,0.0,0
1777318667727000,0,0.8640884,0.01823877,-0.025708443,0.5023522,0.0,0.0,0.0,0.0,0
1777318667735000,0,0.86408883,0.018187737,-0.025615113,0.50235796,0.0,0.0,0.0,0.0,0
1777318667751000,0,0.8640913,0.018041091,-0.025406126,0.5023697,0.0,0.0,0.0,0.0,0
1777318667759000,0,0.8640921,0.017968884,-0.025266187,0.50237787,0.0,0.0,0.0,0.0,0
1777318667767000,0,0.86409414,0.017866077,-0.025083985,0.5023872,0.0,0.0,0.0,0.0,0
1777318667775000,0,0.8640961,0.01775395,-0.02492013,0.5023959,0.0,0.0,0.0,0.0,0
1777318667791000,0,0.8640949,0.017610889,-0.024708489,0.50241345,0.0,0.0,0.0,0.0,0
1777318667799000,0,0.86409396,0.017563684,-0.024612397,0.5024215,0.0,0.0,0.0,0.0,0
1777318667807000,0,0.86409503,0.017475177,-0.02447253,0.5024296,0.0,0.0,0.0,0.0,0
1777318667815000,0,0.86409706,0.017355148,-0.02431911,0.5024378,0.0,0.0,0.0,0.0,0
1777318667831000,0,0.8641005,0.017119214,-0.023985013,0.5024559,0.0,0.0,0.0,0.0,0
1777318667839000,0,0.8641014,0.017029421,-0.023822207,0.5024652,0.0,0.0,0.0,0.0,0
1777318667847000,0,0.86410254,0.016940149,-0.023655722,0.5024741,0.0,0.0,0.0,0.0,0
1777318667855000,0,0.86410403,0.016848821,-0.023494756,0.5024822,0.0,0.0,0.0,0.0,0
1777318667871000,0,0.864108,0.016626757,-0.023180721,0.50249726,0.0,0.0,0.0,0.0,0
1777318667879000,0,0.8641116,0.016484683,-0.023000129,0.5025041,0.0,0.0,0.0,0.0,0
1777318667887000,0,0.8641152,0.016346222,-0.022818891,0.5025107,0.0,0.0,0.0,0.0,0
1777318667895000,0,0.8641172,0.016250204,-0.022678731,0.5025167,0.0,0.0,0.0,0.0,0
1777318667911000,0,0.86411786,0.016165579,-0.022506023,0.5025261,0.0,0.0,0.0,0.0,0
1777318667919000,0,0.86411995,0.016097525,-0.022401854,0.5025294,0.0,0.0,0.0,0.0,0
1777318667927000,0,0.8641248,0.015967498,-0.022208834,0.5025338,0.0,0.0,0.0,0.0,0
1777318667935000,0,0.86413115,0.01581349,-0.021973375,0.5025381,0.0,0.0,0.0,0.0,0
1777318667951000,0,0.8641425,0.015568133,-0.02160889,0.502542,0.0,0.0,0.0,0.0,0
1777318667959000,0,0.8641462,0.015491682,-0.021479726,0.50254357,0.0,0.0,0.0,0.0,0
1777318667967000,0,0.8641507,0.015402482,-0.021345664,0.5025442,0.0,0.0,0.0,0.0,0
1777318667975000,0,0.8641559,0.015299359,-0.02121754,0.5025439,0.0,0.0,0.0,0.0,0
1777318667991000,0,0.8641655,0.015098578,-0.020938933,0.5025452,0.0,0.0,0.0,0.0,0
1777318667999000,0,0.8641705,0.015015698,-0.02081517,0.50254416,0.0,0.0,0.0,0.0,0
1777318668007000,0,0.86417574,0.014947298,-0.020679703,0.50254273,0.0,0.0,0.0,0.0,0
1777318668015000,0,0.86418027,0.014892424,-0.020559898,0.50254154,0.0,0.0,0.0,0.0,0
1777318668031000,0,0.8641886,0.014783824,-0.020338517,0.5025394,0.0,0.0,0.0,0.0,0
1777318668039000,0,0.86419266,0.01472735,-0.020236472,0.5025382,0.0,0.0,0.0,0.0,0
1777318668047000,0,0.864198,0.014643662,-0.020098882,0.50253695,0.0,0.0,0.0,0.0,0
1777318668055000,0,0.86420363,0.014558477,-0.019958358,0.5025354,0.0,0.0,0.0,0.0,0
1777318668071000,0,0.86421305,0.014431436,-0.019732751,0.50253177,0.0,0.0,0.0,0.0,0
1777318668079000,0,0.8642176,0.01436213,-0.019630134,0.50253,0.0,0.0,0.0,0.0,0
1777318668087000,0,0.8642222,0.014277184,-0.019505182,0.5025292,0.0,0.0,0.0,0.0,0
1777318668095000,0,0.86422586,0.014205854,-0.019394847,0.50252926,0.0,0.0,0.0,0.0,0
1777318668111000,0,0.86423177,0.014091454,-0.019182533,0.5025306,0.0,0.0,0.0,0.0,0
1777318668119000,0,0.8642351,0.014023035,-0.01905463,0.5025315,0.0,0.0,0.0,0.0,0
1777318668127000,0,0.86423993,0.013907842,-0.018866356,0.50253356,0.0,0.0,0.0,0.0,0
1777318668135000,0,0.86424494,0.01378535,-0.018680885,0.5025352,0.0,0.0,0.0,0.0,0
1777318668151000,0,0.8642521,0.0136197265,-0.018450374,0.50253594,0.0,0.0,0.0,0.0,0
1777318668159000,0,0.8642544,0.013575391,-0.018377246,0.5025359,0.0,0.0,0.0,0.0,0
1777318668167000,0,0.8642576,0.013499546,-0.01824606,0.50253725,0.0,0.0,0.0,0.0,0
1777318668175000,0,0.86426157,0.013400239,-0.018056465,0.50253993,0.0,0.0,0.0,0.0,0
1777318668191000,0,0.8642691,0.013202159,-0.017698683,0.50254494,0.0,0.0,0.0,0.0,0
1777318668199000,0,0.8642708,0.013132756,-0.017600417,0.50254726,0.0,0.0,0.0,0.0,0
1777318668207000,0,0.8642727,0.013056763,-0.017488448,0.5025499,0.0,0.0,0.0,0.0,0
1777318668215000,0,0.8642751,0.012972706,-0.017350554,0.5025527,0.0,0.0,0.0,0.0,0
1777318668231000,0,0.86428046,0.012781341,-0.017038187,0.5025591,0.0,0.0,0.0,0.0,0
1777318668239000,0,0.8642831,0.012682515,-0.01689192,0.50256205,0.0,0.0,0.0,0.0,0
1777318668247000,0,0.8642851,0.012603377,-0.016734371,0.5025658,0.0,0.0,0.0,0.0,0
1777318668255000,0,0.8642862,0.01255582,-0.016615938,0.5025691,0.0,0.0,0.0,0.0,0
1777318668271000,0,0.86428785,0.012462882,-0.016448013,0.502574,0.0,0.0,0.0,0.0,0
1777318668279000,0,0.86429024,0.012371682,-0.0163376,0.5025758,0.0,0.0,0.0,0.0,0
1777318668287000,0,0.8642941,0.012228369,-0.016181564,0.50257766,0.0,0.0,0.0,0.0,0
1777318668295000,0,0.8642979,0.01208498,-0.016016385,0.50257987,0.0,0.0,0.0,0.0,0
1777318668311000,0,0.86430323,0.011885446,-0.015801502,0.5025823,0.0,0.0,0.0,0.0,0
1777318668319000,0,0.8643048,0.011829126,-0.015725147,0.5025834,0.0,0.0,0.0,0.0,0
1777318668327000,0,0.86430764,0.0117421895,-0.015597419,0.50258446,0.0,0.0,0.0,0.0,0
1777318668335000,0,0.86431146,0.011615557,-0.015444798,0.50258553,0.0,0.0,0.0,0.0,0
1777318668351000,0,0.8643188,0.011368181,-0.015183236,0.5025866,0.0,0.0,0.0,0.0,0
1777318668359000,0,0.86432093,0.011280695,-0.015098546,0.50258744,0.0,0.0,0.0,0.0,0
1777318668367000,0,0.8643229,0.011189525,-0.014998581,0.502589,0.0,0.0,0.0,0.0,0
1777318668375000,0,0.8643241,0.011117227,-0.014898603,0.50259155,0.0,0.0,0.0,0.0,0
1777318668391000,0,0.8643246,0.011002744,-0.014685296,0.5025994,0.0,0.0,0.0,0.0,0
1777318668399000,0,0.86432517,0.010944073,-0.01460941,0.502602,0.0,0.0,0.0,0.0,0
1777318668407000,0,0.8643265,0.010863863,-0.014510039,0.50260437,0.0,0.0,0.0,0.0,0
1777318668415000,0,0.8643279,0.01077615,-0.0144085195,0.5026067,0.0,0.0,0.0,0.0,0
1777318668431000,0,0.86433053,0.010599287,-0.014210392,0.5026116,0.0,0.0,0.0,0.0,0
1777318668439000,0,0.86433125,0.010526647,-0.014142673,0.50261384,0.0,0.0,0.0,0.0,0
1777318668447000,0,0.86433226,0.010430189,-0.014049074,0.5026167,0.0,0.0,0.0,0.0,0
1777318668455000,0,0.8643333,0.010332746,-0.013938519,0.50262004,0.0,0.0,0.0,0.0,0
1777318668471000,0,0.8643335,0.010186435,-0.013750748,0.50262785,0.0,0.0,0.0,0.0,0
1777318668479000,0,0.8643334,0.010125038,-0.013671097,0.5026314,0.0,0.0,0.0,0.0,0
1777318668487000,0,0.8643346,0.010022216,-0.013544431,0.5026349,0.0,0.0,0.0,0.0,0
1777318668495000,0,0.8643357,0.009916256,-0.013430342,0.5026381,0.0,0.0,0.0,0.0,0
1777318668511000,0,0.8643356,0.009776224,-0.013249378,0.5026459,0.0,0.0,0.0,0.0,0
1777318668519000,0,0.8643352,0.0097107,-0.013137528,0.5026508,0.0,0.0,0.0,0.0,0
1777318668527000,0,0.86433554,0.00960297,-0.012963424,0.50265676,0.0,0.0,0.0,0.0,0
1777318668535000,0,0.8643362,0.009473924,-0.0127762845,0.50266284,0.0,0.0,0.0,0.0,0
1777318668551000,0,0.8643348,0.009333286,-0.012578448,0.50267285,0.0,0.0,0.0,0.0,0
1777318668559000,0,0.8643332,0.00928244,-0.01255552,0.5026772,0.0,0.0,0.0,0.0,0
1777318668567000,0,0.8643325,0.009195799,-0.012501398,0.50268126,0.0,0.0,0.0,0.0,0
1777318668575000,0,0.86433196,0.009101811,-0.0124285985,0.5026857,0.0,0.0,0.0,0.0,0
1777318668591000,0,0.8643296,0.008954777,-0.01226689,0.5026964,0.0,0.0,0.0,0.0,0
1777318668599000,0,0.8643282,0.00890948,-0.012202074,0.5027012,0.0,0.0,0.0,0.0,0
1777318668607000,0,0.86432767,0.008848171,-0.01212038,0.5027052,0.0,0.0,0.0,0.0,0
1777318668615000,0,0.8643272,0.008797836,-0.0120630795,0.50270826,0.0,0.0,0.0,0.0,0
1777318668631000,0,0.8643257,0.0087023135,-0.012004844,0.50271386,0.0,0.0,0.0,0.0,0
1777318668639000,0,0.8643262,0.00863433,-0.011980446,0.5027148,0.0,0.0,0.0,0.0,0
1777318668647000,0,0.8643276,0.008536779,-0.011909869,0.5027157,0.0,0.0,0.0,0.0,0
1777318668655000,0,0.86432946,0.008432048,-0.011836046,0.502716,0.0,0.0,0.0,0.0,0
1777318668671000,0,0.86433417,0.008237177,-0.011717948,0.5027139,0.0,0.0,0.0,0.0,0
1777318668679000,0,0.86433625,0.008187849,-0.011688309,0.50271183,0.0,0.0,0.0,0.0,0
1777318668687000,0,0.8643384,0.008152859,-0.011651674,0.50270957,0.0,0.0,0.0,0.0,0
1777318668695000,0,0.8643403,0.008124612,-0.011644526,0.50270694,0.0,0.0,0.0,0.0,0
1777318668711000,0,0.86434454,0.008023034,-0.011667798,0.50270075,0.0,0.0,0.0,0.0,0
1777318668719000,0,0.8643466,0.0079594245,-0.011650114,0.50269854,0.0,0.0,0.0,0.0,0
1777318668727000,0,0.8643492,0.007883509,-0.011567866,0.5026973,0.0,0.0,0.0,0.0,0
1777318668735000,0,0.86435145,0.007818502,-0.011485245,0.5026963,0.0,0.0,0.0,0.0,0
1777318668751000,0,0.86435413,0.0077601555,-0.011502796,0.5026922,0.0,0.0,0.0,0.0,0
1777318668759000,0,0.8643556,0.0077630486,-0.011538098,0.5026887,0.0,0.0,0.0,0.0,0
1777318668767000,0,0.8643583,0.007736143,-0.011498543,0.5026854,0.0,0.0,0.0,0.0,0
1777318668775000,0,0.8643611,0.0076840026,-0.011433788,0.50268286,0.0,0.0,0.0,0.0,0
1777318668791000,0,0.86436695,0.007529663,-0.011372319,0.5026766,0.0,0.0,0.0,0.0,0
1777318668799000,0,0.8643692,0.0074568326,-0.011371063,0.5026738,0.0,0.0,0.0,0.0,0
1777318668807000,0,0.86437154,0.0073738145,-0.011305111,0.5026725,0.0,0.0,0.0,0.0,0
1777318668815000,0,0.8643737,0.0072992775,-0.011195346,0.5026723,0.0,0.0,0.0,0.0,0
1777318668831000,0,0.8643759,0.0072027906,-0.0110001275,0.50267434,0.0,0.0,0.0,0.0,0
1777318668839000,0,0.8643773,0.0071577765,-0.010951239,0.5026735,0.0,0.0,0.0,0.0,0
1777318668847000,0,0.86437935,0.0070970547,-0.010895237,0.5026721,0.0,0.0,0.0,0.0,0
1777318668855000,0,0.86438125,0.0070360424,-0.010841329,0.5026709,0.0,0.0,0.0,0.0,0
1777318668871000,0,0.86438525,0.006919409,-0.010712647,0.5026684,0.0,0.0,0.0,0.0,0
1777318668879000,0,0.8643869,0.0068568997,-0.010620605,0.5026683,0.0,0.0,0.0,0.0,0
1777318668887000,0,0.86438876,0.0067854803,-0.010509335,0.50266844,0.0,0.0,0.0,0.0,0
1777318668895000,0,0.8643907,0.006740804,-0.0104371095,0.5026673,0.0,0.0,0.0,0.0,0
1777318668911000,0,0.86439323,0.006677176,-0.010382358,0.50266486,0.0,0.0,0.0,0.0,0
1777318668919000,0,0.8643941,0.0066422117,-0.010374162,0.5026639,0.0,0.0,0.0,0.0,0
1777318668927000,0,0.8643957,0.0065651597,-0.010326182,0.50266325,0.0,0.0,0.0,0.0,0
1777318668935000,0,0.8643977,0.0064779553,-0.01026636,0.5026621,0.0,0.0,0.0,0.0,0
1777318668943000,0,0.86440015,0.00640641,-0.010199748,0.50266016,0.0,0.0,0.0,0.0,0
1777318668959000,0,0.86440426,0.0063431123,-0.010122234,0.50265557,0.0,0.0,0.0,0.0,0
1777318668967000,0,0.86440647,0.006290209,-0.010048771,0.50265384,0.0,0.0,0.0,0.0,0
1777318668975000,0,0.8644089,0.006222272,-0.009982947,0.5026518,0.0,0.0,0.0,0.0,0
1777318668991000,0,0.86441326,0.0061264373,-0.0098774955,0.50264764,0.0,0.0,0.0,0.0,0
1777318668999000,0,0.86441493,0.006089575,-0.009829837,0.5026461,0.0,0.0,0.0,0.0,0
1777318669007000,0,0.86441725,0.0060332934,-0.0097470675,0.5026444,0.0,0.0,0.0,0.0,0
1777318669015000,0,0.86441934,0.00598236,-0.009672051,0.50264287,0.0,0.0,0.0,0.0,0
1777318669031000,0,0.8644222,0.00590255,-0.009600033,0.5026403,0.0,0.0,0.0,0.0,0
1777318669039000,0,0.86442304,0.005862275,-0.009588745,0.5026396,0.0,0.0,0.0,0.0,0
1777318669047000,0,0.8644243,0.0058169086,-0.009565668,0.50263834,0.0,0.0,0.0,0.0,0
1777318669055000,0,0.8644258,0.0057767034,-0.009557387,0.50263643,0.0,0.0,0.0,0.0,0
1777318669071000,0,0.86442745,0.005749955,-0.0095845675,0.50263333,0.0,0.0,0.0,0.0,0
1777318669079000,0,0.8644278,0.0057382258,-0.009572267,0.5026331,0.0,0.0,0.0,0.0,0
1777318669087000,0,0.8644287,0.00570595,-0.009540587,0.5026325,0.0,0.0,0.0,0.0,0
1777318669095000,0,0.86443007,0.0056637046,-0.009517128,0.50263107,0.0,0.0,0.0,0.0,0
1777318669111000,0,0.8644337,0.005594054,-0.0095631955,0.5026247,0.0,0.0,0.0,0.0,0
1777318669119000,0,0.86443573,0.005551905,-0.009602137,0.502621,0.0,0.0,0.0,0.0,0
1777318669127000,0,0.86443764,0.0055003376,-0.009616566,0.50261796,0.0,0.0,0.0,0.0,0
1777318669135000,0,0.8644384,0.005456914,-0.009632329,0.50261676,0.0,0.0,0.0,0.0,0
1777318669151000,0,0.86443794,0.0054612495,-0.009658137,0.5026171,0.0,0.0,0.0,0.0,0
1777318669159000,0,0.8644372,0.005465675,-0.009644676,0.5026185,0.0,0.0,0.0,0.0,0
1777318669167000,0,0.8644368,0.0054270816,-0.009606157,0.50262034,0.0,0.0,0.0,0.0,0
1777318669175000,0,0.8644364,0.0053638294,-0.009584089,0.50262225,0.0,0.0,0.0,0.0,0
1777318669191000,0,0.86443436,0.005267963,-0.009632115,0.5026258,0.0,0.0,0.0,0.0,0
1777318669199000,0,0.86443293,0.0052600866,-0.009665133,0.50262773,0.0,0.0,0.0,0.0,0
1777318669207000,0,0.86443233,0.005250548,-0.009623501,0.50262964,0.0,0.0,0.0,0.0,0
1777318669215000,0,0.8644323,0.005221817,-0.009541371,0.5026316,0.0,0.0,0.0,0.0,0
1777318669231000,0,0.8644342,0.0051107625,-0.009481736,0.50263065,0.0,0.0,0.0,0.0,0
1777318669239000,0,0.86443526,0.005063178,-0.009505333,0.5026288,0.0,0.0,0.0,0.0,0
1777318669247000,0,0.8644368,0.004996255,-0.009485989,0.50262713,0.0,0.0,0.0,0.0,0
1777318669255000,0,0.8644386,0.0049415533,-0.009435459,0.5026255,0.0,0.0,0.0,0.0,0
1777318669271000,0,0.864442,0.00485774,-0.009293689,0.5026232,0.0,0.0,0.0,0.0,0
1777318669279000,0,0.86444426,0.004819979,-0.009229317,0.5026208,0.0,0.0,0.0,0.0,0
1777318669287000,0,0.86444736,0.004759959,-0.009159958,0.50261736,0.0,0.0,0.0,0.0,0
1777318669295000,0,0.86445075,0.0046879747,-0.009118393,0.50261295,0.0,0.0,0.0,0.0,0
1777318669311000,0,0.86445653,0.004538408,-0.009028066,0.502606,0.0,0.0,0.0,0.0,0
1777318669319000,0,0.86445886,0.004496149,-0.008968663,0.5026035,0.0,0.0,0.0,0.0,0
1777318669327000,0,0.8644612,0.0044485778,-0.008878657,0.5026015,0.0,0.0,0.0,0.0,0
1777318669335000,0,0.86446357,0.0044049225,-0.008814065,0.50259894,0.0,0.0,0.0,0.0,0
1777318669351000,0,0.8644692,0.004297371,-0.008768143,0.502591,0.0,0.0,0.0,0.0,0
1777318669359000,0,0.8644722,0.0042544114,-0.00875869,0.50258625,0.0,0.0,0.0,0.0,0
1777318669367000,0,0.86447614,0.0042026136,-0.008695876,0.50258106,0.0,0.0,0.0,0.0,0
1777318669375000,0,0.86448056,0.004159467,-0.0086278785,0.502575,0.0,0.0,0.0,0.0,0
1777318669391000,0,0.8644885,0.0041522076,-0.00863819,0.5025613,0.0,0.0,0.0,0.0,0
1777318669399000,0,0.8644918,0.0041621057,-0.008651321,0.50255525,0.0,0.0,0.0,0.0,0
1777318669407000,0,0.8644956,0.004132134,-0.008606,0.50254977,0.0,0.0,0.0,0.0,0
1777318669415000,0,0.86449903,0.0040992,-0.008546925,0.50254506,0.0,0.0,0.0,0.0,0
1777318669431000,0,0.86450416,0.004109436,-0.008444165,0.5025379,0.0,0.0,0.0,0.0,0
1777318669439000,0,0.86450607,0.0041430276,-0.008438896,0.50253445,0.0,0.0,0.0,0.0,0
1777318669447000,0,0.8645083,0.004160079,-0.008412301,0.50253093,0.0,0.0,0.0,0.0,0
1777318669455000,0,0.86451054,0.004179838,-0.008394454,0.50252724,0.0,0.0,0.0,0.0,0
1777318669471000,0,0.86451405,0.0042368085,-0.008438465,0.5025199,0.0,0.0,0.0,0.0,0
1777318669479000,0,0.8645155,0.0042511323,-0.008455552,0.5025171,0.0,0.0,0.0,0.0,0
1777318669487000,0,0.864517,0.0042445483,-0.00842717,0.5025151,0.0,0.0,0.0,0.0,0
1777318669495000,0,0.86451834,0.0042449497,-0.008418371,0.5025128,0.0,0.0,0.0,0.0,0
1777318669511000,0,0.8645215,0.0043141358,-0.008490718,0.5025056,0.0,0.0,0.0,0.0,0
1777318669519000,0,0.86452377,0.004362277,-0.008527951,0.50250065,0.0,0.0,0.0,0.0,0
1777318669527000,0,0.8645268,0.0043788496,-0.008504481,0.50249565,0.0,0.0,0.0,0.0,0
1777318669535000,0,0.8645299,0.0043739285,-0.008464998,0.502491,0.0,0.0,0.0,0.0,0
1777318669551000,0,0.8645361,0.0043365597,-0.0083994875,0.50248176,0.0,0.0,0.0,0.0,0
1777318669559000,0,0.8645386,0.0043409322,-0.008392335,0.50247765,0.0,0.0,0.0,0.0,0
1777318669567000,0,0.8645414,0.0043461043,-0.008370953,0.5024731,0.0,0.0,0.0,0.0,0
1777318669575000,0,0.86454374,0.004361598,-0.0083622355,0.50246906,0.0,0.0,0.0,0.0,0
1777318669591000,0,0.8645484,0.004369356,-0.008362645,0.5024611,0.0,0.0,0.0,0.0,0
1777318669599000,0,0.86455053,0.004379316,-0.008348543,0.50245744,0.0,0.0,0.0,0.0,0
1777318669607000,0,0.8645531,0.0043687955,-0.00828322,0.5024542,0.0,0.0,0.0,0.0,0
1777318669615000,0,0.8645556,0.0043582735,-0.008230331,0.5024508,0.0,0.0,0.0,0.0,0
1777318669631000,0,0.8645569,0.0044175214,-0.008285711,0.50244725,0.0,0.0,0.0,0.0,0
1777318669639000,0,0.8645558,0.004488927,-0.0083689615,0.5024471,0.0,0.0,0.0,0.0,0
1777318669647000,0,0.8645554,0.0045219106,-0.008388274,0.5024471,0.0,0.0,0.0,0.0,0
1777318669655000,0,0.86455536,0.0045316876,-0.008337137,0.50244796,0.0,0.0,0.0,0.0,0
1777318669671000,0,0.8645538,0.0045998017,-0.008203686,0.50245225,0.0,0.0,0.0,0.0,0
1777318669679000,0,0.86455166,0.00464832,-0.008191283,0.50245565,0.0,0.0,0.0,0.0,0
1777318669687000,0,0.8645495,0.00466954,-0.008178,0.5024594,0.0,0.0,0.0,0.0,0
1777318669695000,0,0.86454785,0.0046709566,-0.00815723,0.5024626,0.0,0.0,0.0,0.0,0
1777318669711000,0,0.8645453,0.004681882,-0.008106273,0.50246775,0.0,0.0,0.0,0.0,0
1777318669719000,0,0.8645436,0.004692291,-0.008097527,0.5024706,0.0,0.0,0.0,0.0,0
1777318669727000,0,0.86454237,0.0046794163,-0.008073232,0.5024733,0.0,0.0,0.0,0.0,0
1777318669735000,0,0.8645405,0.0046728854,-0.0080622,0.50247675,0.0,0.0,0.0,0.0,0
1777318669751000,0,0.86453605,0.0047080778,-0.008061891,0.5024841,0.0,0.0,0.0,0.0,0
1777318669759000,0,0.8645337,0.0047331294,-0.008030058,0.5024884,0.0,0.0,0.0,0.0,0
1777318669767000,0,0.864532,0.0047298693,-0.007943345,0.5024927,0.0,0.0,0.0,0.0,0
1777318669775000,0,0.8645311,0.004711469,-0.007862567,0.5024957,0.0,0.0,0.0,0.0,0
1777318669791000,0,0.86452895,0.004708282,-0.007902621,0.50249887,0.0,0.0,0.0,0.0,0
1777318669799000,0,0.86452717,0.0047381083,-0.007993168,0.5025002,0.0,0.0,0.0,0.0,0
1777318669807000,0,0.8645261,0.0047512166,-0.008023458,0.5025014,0.0,0.0,0.0,0.0,0
1777318669815000,0,0.8645255,0.0047595925,-0.008006651,0.5025026,0.0,0.0,0.0,0.0,0
1777318669831000,0,0.86452484,0.004760553,-0.007977306,0.50250417,0.0,0.0,0.0,0.0,0
1777318669839000,0,0.8645243,0.0047503235,-0.008005771,0.50250477,0.0,0.0,0.0,0.0,0
1777318669847000,0,0.8645241,0.004721848,-0.00803369,0.50250494,0.0,0.0,0.0,0.0,0
1777318669855000,0,0.86452395,0.0047021997,-0.008056266,0.50250506,0.0,0.0,0.0,0.0,0
1777318669871000,0,0.86452216,0.0047275256,-0.008083177,0.50250745,0.0,0.0,0.0,0.0,0
1777318669879000,0,0.86451983,0.004771169,-0.008090722,0.5025109,0.0,0.0,0.0,0.0,0
1777318669887000,0,0.8645176,0.0047854055,-0.008055287,0.50251514,0.0,0.0,0.0,0.0,0
1777318669895000,0,0.86451554,0.0047805686,-0.008032533,0.5025192,0.0,0.0,0.0,0.0,0
1777318669911000,0,0.8645104,0.0047713765,-0.008104531,0.50252694,0.0,0.0,0.0,0.0,0
1777318669919000,0,0.86450756,0.0047773616,-0.008152673,0.50253105,0.0,0.0,0.0,0.0,0
1777318669927000,0,0.864505,0.00478095,-0.008146931,0.50253546,0.0,0.0,0.0,0.0,0
1777318669935000,0,0.8645026,0.0047850106,-0.008115115,0.50254,0.0,0.0,0.0,0.0,0
1777318669951000,0,0.86449844,0.004765556,-0.00804326,0.5025486,0.0,0.0,0.0,0.0,0
1777318669959000,0,0.86449623,0.00474707,-0.008053304,0.50255233,0.0,0.0,0.0,0.0,0
1777318669967000,0,0.8644937,0.004710007,-0.00804756,0.50255716,0.0,0.0,0.0,0.0,0
1777318669975000,0,0.8644906,0.004675102,-0.008022644,0.5025631,0.0,0.0,0.0,0.0,0
1777318669991000,0,0.86448383,0.0046546725,-0.007959032,0.50257605,0.0,0.0,0.0,0.0,0
1777318669999000,0,0.8644807,0.00467558,-0.007957168,0.50258136,0.0,0.0,0.0,0.0,0
1777318670007000,0,0.86447793,0.0046619447,-0.007928707,0.5025866,0.0,0.0,0.0,0.0,0
1777318670015000,0,0.86447453,0.00464008,-0.007897894,0.5025931,0.0,0.0,0.0,0.0,0
1777318670031000,0,0.8644653,0.004615372,-0.007843363,0.5026101,0.0,0.0,0.0,0.0,0
1777318670039000,0,0.8644601,0.004613611,-0.007824671,0.5026194,0.0,0.0,0.0,0.0,0
1777318670047000,0,0.8644553,0.0045897025,-0.0077677937,0.50262874,0.0,0.0,0.0,0.0,0
1777318670055000,0,0.86445045,0.004573556,-0.0077201566,0.5026379,0.0,0.0,0.0,0.0,0
1777318670071000,0,0.8644405,0.004566306,-0.007668307,0.50265586,0.0,0.0,0.0,0.0,0
1777318670079000,0,0.864436,0.0045557506,-0.0076354817,0.5026643,0.0,0.0,0.0,0.0,0
1777318670087000,0,0.8644316,0.0045190793,-0.007568875,0.5026731,0.0,0.0,0.0,0.0,0
1777318670095000,0,0.8644276,0.0044634123,-0.007477895,0.50268185,0.0,0.0,0.0,0.0,0
1777318670111000,0,0.8644191,0.0044150576,-0.007344752,0.50269896,0.0,0.0,0.0,0.0,0
1777318670119000,0,0.86441374,0.004421581,-0.0073540895,0.5027079,0.0,0.0,0.0,0.0,0
1777318670127000,0,0.86440915,0.0043941545,-0.007349174,0.5027161,0.0,0.0,0.0,0.0,0
1777318670135000,0,0.86440516,0.0043510143,-0.007333201,0.50272363,0.0,0.0,0.0,0.0,0
1777318670151000,0,0.86439705,0.00430417,-0.00729278,0.50273854,0.0,0.0,0.0,0.0,0
1777318670159000,0,0.8643929,0.004300047,-0.0072702416,0.50274605,0.0,0.0,0.0,0.0,0
1777318670167000,0,0.86438847,0.004302529,-0.0072601335,0.5027538,0.0,0.0,0.0,0.0,0
1777318670175000,0,0.86438364,0.0043057073,-0.007268777,0.5027619,0.0,0.0,0.0,0.0,0
1777318670191000,0,0.8643742,0.004300572,-0.007315134,0.50277746,0.0,0.0,0.0,0.0,0
1777318670199000,0,0.8643704,0.0042451657,-0.007274192,0.5027851,0.0,0.0,0.0,0.0,0
1777318670207000,0,0.86436725,0.0041358517,-0.007152546,0.50279313,0.0,0.0,0.0,0.0,0
1777318670215000,0,0.8643642,0.004032957,-0.007035605,0.5028009,0.0,0.0,0.0,0.0,0
1777318670231000,0,0.86435634,0.0039623817,-0.007025026,0.5028151,0.0,0.0,0.0,0.0,0
1777318670239000,0,0.8643513,0.0039815293,-0.007085564,0.5028229,0.0,0.0,0.0,0.0,0
1777318670247000,0,0.8643464,0.003972575,-0.0070916824,0.5028312,0.0,0.0,0.0,0.0,0
1777318670255000,0,0.8643418,0.0039443225,-0.007065148,0.50283974,0.0,0.0,0.0,0.0,0
1777318670271000,0,0.86433196,0.003922411,-0.007007827,0.5028576,0.0,0.0,0.0,0.0,0
1777318670279000,0,0.8643262,0.0039338013,-0.0070291283,0.5028671,0.0,0.0,0.0,0.0,0
1777318670287000,0,0.864321,0.0039062172,-0.007004304,0.50287664,0.0,0.0,0.0,0.0,0
1777318670295000,0,0.8643162,0.003865954,-0.0069646295,0.50288564,0.0,0.0,0.0,0.0,0
1777318670311000,0,0.8643061,0.0038002725,-0.0069747893,0.5029035,0.0,0.0,0.0,0.0,0
1777318670319000,0,0.8643003,0.0038089727,-0.007056834,0.5029122,0.0,0.0,0.0,0.0,0
1777318670327000,0,0.86429447,0.0038269043,-0.0071159094,0.5029212,0.0,0.0,0.0,0.0,0
1777318670335000,0,0.8642889,0.0038428432,-0.0071409177,0.5029303,0.0,0.0,0.0,0.0,0
1777318670351000,0,0.86427724,0.0038533122,-0.0071315262,0.5029504,0.0,0.0,0.0,0.0,0
1777318670359000,0,0.8642707,0.0038442265,-0.0071223765,0.5029619,0.0,0.0,0.0,0.0,0
1777318670367000,0,0.86426365,0.0038391226,-0.0071349014,0.50297385,0.0,0.0,0.0,0.0,0
1777318670375000,0,0.8642562,0.0038463518,-0.0072034807,0.5029856,0.0,0.0,0.0,0.0,0
1777318670391000,0,0.86424094,0.0038771208,-0.0073372372,0.5030096,0.0,0.0,0.0,0.0,0
1777318670399000,0,0.8642331,0.003879424,-0.0073391623,0.5030231,0.0,0.0,0.0,0.0,0
1777318670407000,0,0.86422586,0.0038524915,-0.007293439,0.5030364,0.0,0.0,0.0,0.0,0
1777318670415000,0,0.8642189,0.0038218207,-0.007255743,0.5030492,0.0,0.0,0.0,0.0,0
1777318670431000,0,0.8642044,0.0038127895,-0.0073050186,0.50307345,0.0,0.0,0.0,0.0,0
1777318670439000,0,0.86419725,0.0038358239,-0.0073693963,0.50308454,0.0,0.0,0.0,0.0,0
1777318670447000,0,0.8641909,0.0038385682,-0.007376243,0.5030954,0.0,0.0,0.0,0.0,0
1777318670455000,0,0.86418474,0.0038310527,-0.0073543126,0.5031063,0.0,0.0,0.0,0.0,0
1777318670471000,0,0.8641716,0.0038732132,-0.0074163675,0.50312763,0.0,0.0,0.0,0.0,0
1777318670479000,0,0.8641646,0.0039148,-0.0075118514,0.503138,0.0,0.0,0.0,0.0,0
1777318670487000,0,0.86415803,0.0039491337,-0.007599659,0.5031476,0.0,0.0,0.0,0.0,0
1777318670495000,0,0.8641525,0.003981174,-0.0076714368,0.5031558,0.0,0.0,0.0,0.0,0
1777318670511000,0,0.86414206,0.004015979,-0.0077251308,0.5031727,0.0,0.0,0.0,0.0,0
1777318670519000,0,0.86413646,0.0040491056,-0.007770373,0.50318134,0.0,0.0,0.0,0.0,0
1777318670527000,0,0.86413133,0.00406939,-0.007810353,0.5031893,0.0,0.0,0.0,0.0,0
1777318670535000,0,0.86412644,0.004082382,-0.007877453,0.50319654,0.0,0.0,0.0,0.0,0
1777318670551000,0,0.8641162,0.0041158604,-0.008060246,0.503211,0.0,0.0,0.0,0.0,0
1777318670559000,0,0.86411077,0.004150711,-0.008146527,0.5032186,0.0,0.0,0.0,0.0,0
1777318670567000,0,0.8641063,0.0041713924,-0.0081745945,0.5032257,0.0,0.0,0.0,0.0,0
1777318670575000,0,0.8641023,0.0041934364,-0.008205579,0.5032319,0.0,0.0,0.0,0.0,0
1777318670591000,0,0.86409515,0.0042276154,-0.008338553,0.50324166,0.0,0.0,0.0,0.0,0
1777318670599000,0,0.86409193,0.0042507467,-0.008428546,0.5032455,0.0,0.0,0.0,0.0,0
1777318670607000,0,0.86408925,0.004272959,-0.008476403,0.50324905,0.0,0.0,0.0,0.0,0
1777318670615000,0,0.8640867,0.0043091993,-0.008502552,0.50325274,0.0,0.0,0.0,0.0,0
1777318670631000,0,0.8640829,0.0043722917,-0.008529025,0.5032583,0.0,0.0,0.0,0.0,0
1777318670639000,0,0.86408144,0.004399834,-0.008584338,0.50325954,0.0,0.0,0.0,0.0,0
1777318670647000,0,0.8640798,0.004430894,-0.008643277,0.5032612,0.0,0.0,0.0,0.0,0
1777318670655000,0,0.8640781,0.004476337,-0.0087140035,0.50326234,0.0,0.0,0.0,0.0,0
1777318670671000,0,0.86407655,0.0045222384,-0.0088309515,0.5032626,0.0,0.0,0.0,0.0,0
1777318670679000,0,0.8640764,0.0045122392,-0.008857379,0.5032626,0.0,0.0,0.0,0.0,0
1777318670687000,0,0.864076,0.0044992263,-0.008864302,0.5032632,0.0,0.0,0.0,0.0,0
1777318670695000,0,0.86407495,0.0045152204,-0.008903449,0.50326425,0.0,0.0,0.0,0.0,0
1777318670711000,0,0.864072,0.0046048956,-0.009044429,0.50326586,0.0,0.0,0.0,0.0,0
1777318670719000,0,0.86407,0.004651401,-0.009081179,0.50326824,0.0,0.0,0.0,0.0,0
1777318670727000,0,0.86406875,0.0046592574,-0.009033747,0.50327116,0.0,0.0,0.0,0.0,0
1777318670735000,0,0.86406773,0.004651119,-0.00897453,0.503274,0.0,0.0,0.0,0.0,0
1777318670751000,0,0.8640658,0.0046994328,-0.009012587,0.5032762,0.0,0.0,0.0,0.0,0
1777318670759000,0,0.8640641,0.0047628293,-0.009128409,0.50327647,0.0,0.0,0.0,0.0,0
1777318670767000,0,0.86406285,0.0048105298,-0.009209393,0.5032767,0.0,0.0,0.0,0.0,0
1777318670775000,0,0.8640616,0.0048406417,-0.009247293,0.50327784,0.0,0.0,0.0,0.0,0
1777318670791000,0,0.8640592,0.004852283,-0.009246889,0.50328183,0.0,0.0,0.0,0.0,0
1777318670799000,0,0.8640577,0.004870266,-0.009289273,0.50328344,0.0,0.0,0.0,0.0,0
1777318670807000,0,0.86405593,0.0048960983,-0.00932357,0.50328565,0.0,0.0,0.0,0.0,0
1777318670815000,0,0.8640539,0.00493304,-0.009354514,0.5032882,0.0,0.0,0.0,0.0,0
1777318670831000,0,0.8640502,0.0050289766,-0.009429896,0.5032922,0.0,0.0,0.0,0.0,0
1777318670839000,0,0.8640481,0.0050918693,-0.009469645,0.50329435,0.0,0.0,0.0,0.0,0
1777318670847000,0,0.8640455,0.005164956,-0.009518936,0.50329727,0.0,0.0,0.0,0.0,0
1777318670855000,0,0.86404276,0.005236122,-0.009572225,0.5033002,0.0,0.0,0.0,0.0,0
1777318670871000,0,0.86403716,0.0053398986,-0.009753921,0.5033052,0.0,0.0,0.0,0.0,0
1777318670879000,0,0.8640344,0.00537791,-0.009830377,0.503308,0.0,0.0,0.0,0.0,0
1777318670887000,0,0.86403304,0.0053665712,-0.009837956,0.5033104,0.0,0.0,0.0,0.0,0
1777318670895000,0,0.86403275,0.005338822,-0.009850238,0.503311,0.0,0.0,0.0,0.0,0
1777318670911000,0,0.8640327,0.005301481,-0.00990618,0.5033104,0.0,0.0,0.0,0.0,0
1777318670919000,0,0.8640332,0.0052815685,-0.009961528,0.50330853,0.0,0.0,0.0,0.0,0
1777318670927000,0,0.8640346,0.005242053,-0.010015073,0.5033055,0.0,0.0,0.0,0.0,0
1777318670935000,0,0.8640364,0.0052094487,-0.010069462,0.50330174,0.0,0.0,0.0,0.0,0
1777318670951000,0,0.86404085,0.0051935753,-0.010129263,0.503293,0.0,0.0,0.0,0.0,0
1777318670959000,0,0.8640436,0.0051898086,-0.010131708,0.50328827,0.0,0.0,0.0,0.0,0
1777318670967000,0,0.86404675,0.005169605,-0.010089646,0.50328386,0.0,0.0,0.0,0.0,0
1777318670975000,0,0.86405,0.0051616593,-0.010048842,0.50327927,0.0,0.0,0.0,0.0,0
1777318670991000,0,0.8640551,0.0051537245,-0.010074647,0.50327003,0.0,0.0,0.0,0.0,0
1777318670999000,0,0.86405736,0.005135808,-0.010115702,0.5032655,0.0,0.0,0.0,0.0,0
1777318671007000,0,0.8640603,0.005105201,-0.010113105,0.50326085,0.0,0.0,0.0,0.0,0
1777318671015000,0,0.86406344,0.005091012,-0.010115239,0.50325555,0.0,0.0,0.0,0.0,0
1777318671031000,0,0.8640702,0.0051337737,-0.010184643,0.50324214,0.0,0.0,0.0,0.0,0
1777318671039000,0,0.86407423,0.005150747,-0.010208807,0.50323457,0.0,0.0,0.0,0.0,0
1777318671047000,0,0.86408013,0.0051298235,-0.010180316,0.5032252,0.0,0.0,0.0,0.0,0
1777318671055000,0,0.8640863,0.0051128413,-0.010162109,0.50321513,0.0,0.0,0.0,0.0,0
1777318671071000,0,0.8640964,0.005180646,-0.010222781,0.5031958,0.0,0.0,0.0,0.0,0
1777318671079000,0,0.86410123,0.0052455743,-0.0102795325,0.5031857,0.0,0.0,0.0,0.0,0
1777318671087000,0,0.8641064,0.0052908477,-0.010319307,0.50317556,0.0,0.0,0.0,0.0,0
1777318671095000,0,0.86411136,0.005325893,-0.010358513,0.5031659,0.0,0.0,0.0,0.0,0
1777318671111000,0,0.864121,0.0053731594,-0.010428846,0.5031473,0.0,0.0,0.0,0.0,0
1777318671119000,0,0.86412567,0.0053940504,-0.0104455,0.5031388,0.0,0.0,0.0,0.0,0
1777318671127000,0,0.8641306,0.005395969,-0.010416968,0.50313085,0.0,0.0,0.0,0.0,0
1777318671135000,0,0.86413604,0.0053957812,-0.01040243,0.50312185,0.0,0.0,0.0,0.0,0
1777318671151000,0,0.864146,0.005402276,-0.010509316,0.5031025,0.0,0.0,0.0,0.0,0
1777318671159000,0,0.864151,0.005411041,-0.010554443,0.5030928,0.0,0.0,0.0,0.0,0
1777318671167000,0,0.86415726,0.005396455,-0.01050914,0.50308317,0.0,0.0,0.0,0.0,0
1777318671175000,0,0.8641638,0.0053707445,-0.010437436,0.5030737,0.0,0.0,0.0,0.0,0
1777318671191000,0,0.86417395,0.0053940024,-0.010492811,0.5030549,0.0,0.0,0.0,0.0,0
1777318671199000,0,0.86417794,0.0054500564,-0.010601572,0.5030451,0.0,0.0,0.0,0.0,0
1777318671207000,0,0.8641817,0.005518024,-0.010687212,0.50303614,0.0,0.0,0.0,0.0,0
1777318671215000,0,0.86418515,0.0055848574,-0.010746941,0.50302815,0.0,0.0,0.0,0.0,0
1777318671231000,0,0.86419314,0.0056535946,-0.010761988,0.5030134,0.0,0.0,0.0,0.0,0
1777318671239000,0,0.8641968,0.0056759324,-0.010781457,0.5030064,0.0,0.0,0.0,0.0,0
1777318671247000,0,0.86419994,0.005685847,-0.010805389,0.50300044,0.0,0.0,0.0,0.0,0
1777318671255000,0,0.8642029,0.0057069347,-0.010863678,0.5029938,0.0,0.0,0.0,0.0,0
1777318671271000,0,0.8642075,0.0058170515,-0.011136553,0.5029787,0.0,0.0,0.0,0.0,0
1777318671279000,0,0.8642099,0.0058782306,-0.011251563,0.50297123,0.0,0.0,0.0,0.0,0
1777318671287000,0,0.86421365,0.0059042634,-0.011261661,0.5029643,0.0,0.0,0.0,0.0,0
1777318671295000,0,0.864218,0.0059270174,-0.011233675,0.50295717,0.0,0.0,0.0,0.0,0
1777318671311000,0,0.86422426,0.006050831,-0.011304662,0.50294334,0.0,0.0,0.0,0.0,0
1777318671319000,0,0.86422586,0.0061431127,-0.0114531275,0.5029361,0.0,0.0,0.0,0.0,0
1777318671327000,0,0.8642281,0.0061994186,-0.011567495,0.502929,0.0,0.0,0.0,0.0,0
1777318671335000,0,0.8642309,0.0062239734,-0.011641401,0.50292224,0.0,0.0,0.0,0.0,0
1777318671351000,0,0.86423767,0.0062782005,-0.011715784,0.5029082,0.0,0.0,0.0,0.0,0
1777318671359000,0,0.8642408,0.0063268985,-0.011762529,0.502901,0.0,0.0,0.0,0.0,0
1777318671367000,0,0.86424345,0.0063691554,-0.01180798,0.50289494,0.0,0.0,0.0,0.0,0
1777318671375000,0,0.86424494,0.0064134756,-0.0118717775,0.5028902,0.0,0.0,0.0,0.0,0
1777318671391000,0,0.86424553,0.0065194736,-0.012013909,0.5028845,0.0,0.0,0.0,0.0,0
1777318671399000,0,0.86424625,0.0065606907,-0.012076335,0.5028812,0.0,0.0,0.0,0.0,0
1777318671407000,0,0.86424786,0.0065639126,-0.012093169,0.502878,0.0,0.0,0.0,0.0,0
1777318671415000,0,0.86424893,0.0065653073,-0.012103802,0.50287586,0.0,0.0,0.0,0.0,0
1777318671431000,0,0.8642475,0.0066722184,-0.012201889,0.5028746,0.0,0.0,0.0,0.0,0
1777318671439000,0,0.864246,0.006759829,-0.012276135,0.50287414,0.0,0.0,0.0,0.0,0
1777318671447000,0,0.8642448,0.006813942,-0.012313462,0.50287455,0.0,0.0,0.0,0.0,0
1777318671455000,0,0.8642431,0.0068437466,-0.012350887,0.5028762,0.0,0.0,0.0,0.0,0
1777318671471000,0,0.8642366,0.0069398507,-0.012523833,0.5028818,0.0,0.0,0.0,0.0,0
1777318671479000,0,0.8642328,0.007014166,-0.01264192,0.5028843,0.0,0.0,0.0,0.0,0
1777318671487000,0,0.86422956,0.007068624,-0.012716571,0.50288725,0.0,0.0,0.0,0.0,0
1777318671495000,0,0.86422634,0.0071082283,-0.012769107,0.5028909,0.0,0.0,0.0,0.0,0
1777318671511000,0,0.86422,0.0071713054,-0.012836462,0.50289917,0.0,0.0,0.0,0.0,0
1777318671519000,0,0.8642169,0.0072104046,-0.012899711,0.50290227,0.0,0.0,0.0,0.0,0
1777318671527000,0,0.86421347,0.00722109,-0.012973461,0.50290614,0.0,0.0,0.0,0.0,0
1777318671535000,0,0.86420935,0.0072342497,-0.013072724,0.5029105,0.0,0.0,0.0,0.0,0
1777318671551000,0,0.8641997,0.007306661,-0.013273334,0.5029208,0.0,0.0,0.0,0.0,0
1777318671559000,0,0.86419505,0.007342036,-0.013369367,0.50292575,0.0,0.0,0.0,0.0,0
1777318671567000,0,0.86419123,0.007342939,-0.013426341,0.50293076,0.0,0.0,0.0,0.0,0
1777318671575000,0,0.8641875,0.0073436126,-0.013483639,0.50293565,0.0,0.0,0.0,0.0,0
1777318671583000,0,0.8641834,0.007354031,-0.01354035,0.50294095,0.0,0.0,0.0,0.0,0
1777318671599000,0,0.86417377,0.0074065565,-0.013713664,0.50295204,0.0,0.0,0.0,0.0,0
1777318671607000,0,0.8641695,0.0073975013,-0.013755027,0.5029585,0.0,0.0,0.0,0.0,0
1777318671615000,0,0.86416495,0.0073936568,-0.013783793,0.50296545,0.0,0.0,0.0,0.0,0
1777318671631000,0,0.86415464,0.0074165375,-0.013915266,0.5029793,0.0,0.0,0.0,0.0,0
1777318671639000,0,0.8641485,0.007439053,-0.014031401,0.50298625,0.0,0.0,0.0,0.0,0
1777318671647000,0,0.8641425,0.0074372846,-0.014117271,0.5029942,0.0,0.0,0.0,0.0,0
1777318671655000,0,0.8641367,0.007429062,-0.014185289,0.50300235,0.0,0.0,0.0,0.0,0
1777318671671000,0,0.86412454,0.007444139,-0.014268192,0.5030207,0.0,0.0,0.0,0.0,0
1777318671679000,0,0.8641181,0.007473194,-0.014343063,0.5030292,0.0,0.0,0.0,0.0,0
1777318671687000,0,0.8641118,0.007497266,-0.014417252,0.5030376,0.0,0.0,0.0,0.0,0
1777318671695000,0,0.8641052,0.0075382083,-0.014524361,0.5030451,0.0,0.0,0.0,0.0,0
1777318671711000,0,0.8640934,0.007635883,-0.01471777,0.50305825,0.0,0.0,0.0,0.0,0
1777318671719000,0,0.86408854,0.007664931,-0.014752453,0.5030652,0.0,0.0,0.0,0.0,0
1777318671727000,0,0.8640842,0.0076511092,-0.014726341,0.5030737,0.0,0.0,0.0,0.0,0
1777318671735000,0,0.8640791,0.007635898,-0.014725416,0.5030827,0.0,0.0,0.0,0.0,0
1777318671751000,0,0.86406624,0.007676831,-0.014862053,0.5031001,0.0,0.0,0.0,0.0,0
1777318671759000,0,0.8640591,0.0077238614,-0.014955233,0.5031089,0.0,0.0,0.0,0.0,0
1777318671767000,0,0.864052,0.007790767,-0.015028073,0.50311786,0.0,0.0,0.0,0.0,0
1777318671775000,0,0.86404586,0.007859489,-0.015058371,0.5031265,0.0,0.0,0.0,0.0,0
1777318671791000,0,0.8640356,0.007948355,-0.015058101,0.5031426,0.0,0.0,0.0,0.0,0
1777318671799000,0,0.86403096,0.007959561,-0.015074023,0.50315,0.0,0.0,0.0,0.0,0
1777318671807000,0,0.8640271,0.0079566045,-0.015045401,0.5031575,0.0,0.0,0.0,0.0,0
1777318671815000,0,0.86402327,0.007963971,-0.015009886,0.50316507,0.0,0.0,0.0,0.0,0
1777318671831000,0,0.8640153,0.00802074,-0.014994582,0.50317836,0.0,0.0,0.0,0.0,0
1777318671839000,0,0.8640115,0.008060935,-0.015011151,0.50318366,0.0,0.0,0.0,0.0,0
1777318671847000,0,0.8640087,0.0080846455,-0.0150276115,0.5031876,0.0,0.0,0.0,0.0,0
1777318671855000,0,0.8640059,0.008110649,-0.01505019,0.5031913,0.0,0.0,0.0,0.0,0
1777318671871000,0,0.86400104,0.008178585,-0.015070218,0.50319797,0.0,0.0,0.0,0.0,0
1777318671879000,0,0.86399925,0.008202382,-0.015041877,0.50320154,0.0,0.0,0.0,0.0,0
1777318671887000,0,0.863997,0.008227616,-0.015014335,0.5032058,0.0,0.0,0.0,0.0,0
1777318671895000,0,0.86399424,0.00826546,-0.015005381,0.5032102,0.0,0.0,0.0,0.0,0
1777318671911000,0,0.8639879,0.00836995,-0.015056566,0.50321776,0.0,0.0,0.0,0.0,0
1777318671919000,0,0.863985,0.008402532,-0.015066631,0.50322187,0.0,0.0,0.0,0.0,0
1777318671927000,0,0.86398375,0.008400169,-0.015004965,0.5032259,0.0,0.0,0.0,0.0,0
1777318671935000,0,0.86398286,0.008387315,-0.01491917,0.5032303,0.0,0.0,0.0,0.0,0
1777318671951000,0,0.86397904,0.0083969245,-0.014848888,0.50323874,0.0,0.0,0.0,0.0,0
1777318671959000,0,0.86397564,0.008438362,-0.014886962,0.50324273,0.0,0.0,0.0,0.0,0
1777318671967000,0,0.8639727,0.008483709,-0.01490474,0.5032464,0.0,0.0,0.0,0.0,0
1777318671975000,0,0.86397016,0.008528792,-0.0148973465,0.5032503,0.0,0.0,0.0,0.0,0
1777318671991000,0,0.86396635,0.008576888,-0.014848451,0.5032575,0.0,0.0,0.0,0.0,0
1777318671999000,0,0.8639639,0.008598701,-0.014825285,0.503262,0.0,0.0,0.0,0.0,0
1777318672007000,0,0.86396194,0.008618509,-0.014784681,0.5032662,0.0,0.0,0.0,0.0,0
1777318672015000,0,0.86396056,0.008644519,-0.014763316,0.50326884,0.0,0.0,0.0,0.0,0
1777318672031000,0,0.8639572,0.008748366,-0.014783017,0.5032721,0.0,0.0,0.0,0.0,0
1777318672039000,0,0.8639553,0.008794137,-0.014793088,0.50327426,0.0,0.0,0.0,0.0,0
1777318672047000,0,0.86395496,0.008795969,-0.014741272,0.50327647,0.0,0.0,0.0,0.0,0
1777318672055000,0,0.86395574,0.008766496,-0.014638433,0.5032786,0.0,0.0,0.0,0.0,0
1777318672071000,0,0.8639573,0.00872746,-0.014503544,0.5032805,0.0,0.0,0.0,0.0,0
1777318672079000,0,0.86395776,0.008742425,-0.01451993,0.50327903,0.0,0.0,0.0,0.0,0
1777318672087000,0,0.86395895,0.0087445825,-0.014514231,0.50327706,0.0,0.0,0.0,0.0,0
1777318672095000,0,0.8639605,0.008744899,-0.0144907795,0.5032751,0.0,0.0,0.0,0.0,0
1777318672111000,0,0.8639628,0.008742172,-0.014434718,0.5032728,0.0,0.0,0.0,0.0,0
1777318672119000,0,0.8639634,0.008726714,-0.014434225,0.503272,0.0,0.0,0.0,0.0,0
1777318672127000,0,0.8639644,0.008695753,-0.014417725,0.5032714,0.0,0.0,0.0,0.0,0
1777318672135000,0,0.8639649,0.008669758,-0.014408641,0.5032711,0.0,0.0,0.0,0.0,0
1777318672151000,0,0.863965,0.00865791,-0.014405246,0.50327134,0.0,0.0,0.0,0.0,0
1777318672159000,0,0.8639647,0.008674842,-0.014428346,0.50327086,0.0,0.0,0.0,0.0,0
1777318672167000,0,0.86396587,0.008672817,-0.014436022,0.5032687,0.0,0.0,0.0,0.0,0
1777318672175000,0,0.86396754,0.008668816,-0.014461977,0.5032652,0.0,0.0,0.0,0.0,0
1777318672191000,0,0.86397046,0.008678855,-0.014586189,0.5032563,0.0,0.0,0.0,0.0,0
1777318672199000,0,0.86397195,0.008693261,-0.014642028,0.50325197,0.0,0.0,0.0,0.0,0
1777318672207000,0,0.86397386,0.008695135,-0.014669515,0.50324786,0.0,0.0,0.0,0.0,0
1777318672215000,0,0.8639749,0.008722405,-0.014727804,0.50324386,0.0,0.0,0.0,0.0,0
1777318672231000,0,0.8639748,0.008833173,-0.014955145,0.5032354,0.0,0.0,0.0,0.0,0
1777318672239000,0,0.86397517,0.008834935,-0.015042028,0.5032321,0.0,0.0,0.0,0.0,0
1777318672247000,0,0.86397725,0.008786983,-0.015048712,0.5032292,0.0,0.0,0.0,0.0,0
1777318672255000,0,0.86397964,0.00875625,-0.015033014,0.5032261,0.0,0.0,0.0,0.0,0
1777318672271000,0,0.8639813,0.008834537,-0.015109995,0.5032196,0.0,0.0,0.0,0.0,0
1777318672279000,0,0.8639815,0.008894014,-0.015181731,0.503216,0.0,0.0,0.0,0.0,0
1777318672287000,0,0.86398315,0.008903284,-0.015200375,0.5032125,0.0,0.0,0.0,0.0,0
1777318672295000,0,0.86398566,0.008877516,-0.015189708,0.503209,0.0,0.0,0.0,0.0,0
1777318672311000,0,0.8639896,0.008844271,-0.01518839,0.5032028,0.0,0.0,0.0,0.0,0
1777318672319000,0,0.8639906,0.008863089,-0.015230374,0.5031995,0.0,0.0,0.0,0.0,0
1777318672327000,0,0.863992,0.008868981,-0.015252711,0.50319636,0.0,0.0,0.0,0.0,0
1777318672335000,0,0.86399364,0.008862709,-0.015267896,0.50319314,0.0,0.0,0.0,0.0,0
1777318672351000,0,0.86399686,0.008866861,-0.01533531,0.50318545,0.0,0.0,0.0,0.0,0
1777318672359000,0,0.8639979,0.008885438,-0.015386074,0.5031819,0.0,0.0,0.0,0.0,0
1777318672367000,0,0.86399984,0.008870289,-0.015368425,0.5031793,0.0,0.0,0.0,0.0,0
1777318672375000,0,0.86400235,0.008830892,-0.015325399,0.5031769,0.0,0.0,0.0,0.0,0
1777318672391000,0,0.86400515,0.008799568,-0.015316003,0.503173,0.0,0.0,0.0,0.0,0
1777318672399000,0,0.8640043,0.0088190595,-0.015353301,0.503173,0.0,0.0,0.0,0.0,0
1777318672407000,0,0.8640037,0.008825989,-0.015362919,0.5031736,0.0,0.0,0.0,0.0,0
1777318672415000,0,0.86400354,0.008828717,-0.0153639475,0.5031738,0.0,0.0,0.0,0.0,0
1777318672431000,0,0.86400497,0.00883352,-0.015419474,0.50316954,0.0,0.0,0.0,0.0,0
1777318672439000,0,0.8640062,0.008827314,-0.01547432,0.50316584,0.0,0.0,0.0,0.0,0
1777318672447000,0,0.8640077,0.008798398,-0.015510521,0.50316274,0.0,0.0,0.0,0.0,0
1777318672455000,0,0.8640088,0.008795741,-0.015556506,0.50315946,0.0,0.0,0.0,0.0,0
1777318672471000,0,0.86400926,0.008895639,-0.015665479,0.5031535,0.0,0.0,0.0,0.0,0
1777318672479000,0,0.8640096,0.008960216,-0.015707536,0.5031504,0.0,0.0,0.0,0.0,0
1777318672487000,0,0.8640109,0.008981373,-0.015700528,0.5031482,0.0,0.0,0.0,0.0,0
1777318672495000,0,0.86401224,0.008982437,-0.015683156,0.5031463,0.0,0.0,0.0,0.0,0
1777318672511000,0,0.86401355,0.009029481,-0.015725741,0.5031419,0.0,0.0,0.0,0.0,0
1777318672519000,0,0.86401314,0.009084507,-0.015786309,0.50313973,0.0,0.0,0.0,0.0,0
1777318672527000,0,0.86401314,0.009109571,-0.01579614,0.503139,0.0,0.0,0.0,0.0,0
1777318672535000,0,0.8640125,0.009122171,-0.01579436,0.5031399,0.0,0.0,0.0,0.0,0
1777318672551000,0,0.86400956,0.009175586,-0.015812924,0.50314337,0.0,0.0,0.0,0.0,0
1777318672559000,0,0.864008,0.009213423,-0.015820391,0.5031451,0.0,0.0,0.0,0.0,0
1777318672567000,0,0.86400706,0.009232364,-0.015796803,0.5031472,0.0,0.0,0.0,0.0,0
1777318672575000,0,0.8640059,0.009261606,-0.015796391,0.5031485,0.0,0.0,0.0,0.0,0
1777318672591000,0,0.86400384,0.009374451,-0.015842995,0.50314856,0.0,0.0,0.0,0.0,0
1777318672599000,0,0.864004,0.0094070425,-0.01585327,0.5031473,0.0,0.0,0.0,0.0,0
1777318672607000,0,0.86400586,0.009388611,-0.015808115,0.50314593,0.0,0.0,0.0,0.0,0
1777318672615000,0,0.86400795,0.009346505,-0.015769765,0.5031443,0.0,0.0,0.0,0.0,0
1777318672631000,0,0.86400914,0.009316829,-0.015826674,0.503141,0.0,0.0,0.0,0.0,0
1777318672639000,0,0.86400855,0.009353366,-0.01589978,0.5031391,0.0,0.0,0.0,0.0,0
1777318672647000,0,0.86400914,0.00936883,-0.015923733,0.50313705,0.0,0.0,0.0,0.0,0
1777318672655000,0,0.86401045,0.009362811,-0.015903981,0.5031355,0.0,0.0,0.0,0.0,0
1777318672671000,0,0.8640133,0.009320842,-0.015852882,0.50313294,0.0,0.0,0.0,0.0,0
1777318672679000,0,0.8640142,0.009289404,-0.015865488,0.5031316,0.0,0.0,0.0,0.0,0
1777318672687000,0,0.86401576,0.009241373,-0.015878169,0.5031294,0.0,0.0,0.0,0.0,0
1777318672695000,0,0.864017,0.009209758,-0.015920296,0.50312656,0.0,0.0,0.0,0.0,0
1777318672711000,0,0.86401826,0.009228985,-0.01599024,0.5031218,0.0,0.0,0.0,0.0,0
1777318672719000,0,0.8640197,0.00923713,-0.015985997,0.5031194,0.0,0.0,0.0,0.0,0
1777318672727000,0,0.86402214,0.009207416,-0.015923278,0.50311774,0.0,0.0,0.0,0.0,0
1777318672735000,0,0.86402434,0.009176831,-0.01587423,0.503116,0.0,0.0,0.0,0.0,0
1777318672751000,0,0.86402446,0.009208376,-0.015918402,0.50311387,0.0,0.0,0.0,0.0,0
1777318672759000,0,0.8640238,0.009228673,-0.015963169,0.50311315,0.0,0.0,0.0,0.0,0
1777318672767000,0,0.8640248,0.0092025455,-0.015935782,0.50311285,0.0,0.0,0.0,0.0,0
1777318672775000,0,0.8640262,0.009165475,-0.015872926,0.5031131,0.0,0.0,0.0,0.0,0
1777318672791000,0,0.86402786,0.009135042,-0.015788483,0.5031135,0.0,0.0,0.0,0.0,0
1777318672799000,0,0.86402816,0.009136479,-0.015788421,0.5031129,0.0,0.0,0.0,0.0,0
1777318672807000,0,0.8640291,0.009119368,-0.015768325,0.50311226,0.0,0.0,0.0,0.0,0
1777318672815000,0,0.86402994,0.009101335,-0.015747607,0.5031117,0.0,0.0,0.0,0.0,0
1777318672831000,0,0.86403084,0.009093018,-0.015724376,0.50311106,0.0,0.0,0.0,0.0,0
1777318672839000,0,0.8640311,0.009102255,-0.015723921,0.5031105,0.0,0.0,0.0,0.0,0
1777318672847000,0,0.8640322,0.009078147,-0.015674826,0.5031106,0.0,0.0,0.0,0.0,0
1777318672855000,0,0.86403364,0.009038385,-0.015600069,0.5031112,0.0,0.0,0.0,0.0,0
1777318672871000,0,0.86403626,0.008968265,-0.015485555,0.5031114,0.0,0.0,0.0,0.0,0
1777318672879000,0,0.8640363,0.008986363,-0.015474387,0.50311136,0.0,0.0,0.0,0.0,0
1777318672887000,0,0.8640367,0.009000541,-0.0154397115,0.50311154,0.0,0.0,0.0,0.0,0
1777318672895000,0,0.86403704,0.009007156,-0.015406348,0.50311184,0.0,0.0,0.0,0.0,0
1777318672911000,0,0.8640398,0.008992161,-0.015335836,0.5031096,0.0,0.0,0.0,0.0,0
1777318672919000,0,0.8640409,0.008986135,-0.015315025,0.5031083,0.0,0.0,0.0,0.0,0
1777318672927000,0,0.8640419,0.008967995,-0.015257365,0.50310874,0.0,0.0,0.0,0.0,0
1777318672935000,0,0.86404234,0.008952876,-0.015191557,0.5031102,0.0,0.0,0.0,0.0,0
1777318672951000,0,0.864041,0.008955149,-0.015119119,0.5031147,0.0,0.0,0.0,0.0,0
1777318672959000,0,0.8640392,0.008971105,-0.015116001,0.5031176,0.0,0.0,0.0,0.0,0
1777318672967000,0,0.8640378,0.008953636,-0.015067003,0.5031218,0.0,0.0,0.0,0.0,0
1777318672975000,0,0.86403686,0.0089219995,-0.015006483,0.5031258,0.0,0.0,0.0,0.0,0
1777318672991000,0,0.8640355,0.008872939,-0.014932678,0.50313115,0.0,0.0,0.0,0.0,0
1777318672999000,0,0.8640345,0.008857545,-0.014926641,0.50313336,0.0,0.0,0.0,0.0,0
1777318673007000,0,0.86403346,0.008844964,-0.014913091,0.50313574,0.0,0.0,0.0,0.0,0
1777318673015000,0,0.86403203,0.0088419,-0.014898798,0.50313866,0.0,0.0,0.0,0.0,0
1777318673031000,0,0.8640266,0.008827398,-0.014885663,0.5031486,0.0,0.0,0.0,0.0,0
1777318673039000,0,0.86402345,0.00881247,-0.0148760155,0.5031546,0.0,0.0,0.0,0.0,0
1777318673047000,0,0.8640209,0.008772659,-0.014823762,0.5031612,0.0,0.0,0.0,0.0,0
1777318673055000,0,0.86401856,0.008736734,-0.014739984,0.5031683,0.0,0.0,0.0,0.0,0
1777318673071000,0,0.86401296,0.008715173,-0.0146274455,0.5031816,0.0,0.0,0.0,0.0,0
1777318673079000,0,0.864009,0.008715027,-0.01463189,0.5031882,0.0,0.0,0.0,0.0,0
1777318673087000,0,0.8640057,0.008682385,-0.014626603,0.50319463,0.0,0.0,0.0,0.0,0
1777318673095000,0,0.8640027,0.008631806,-0.014624791,0.50320065,0.0,0.0,0.0,0.0,0
1777318673111000,0,0.86399525,0.008599859,-0.014711845,0.5032115,0.0,0.0,0.0,0.0,0
1777318673119000,0,0.8639909,0.008609921,-0.014757421,0.5032174,0.0,0.0,0.0,0.0,0
1777318673127000,0,0.86398643,0.008621574,-0.014763568,0.5032248,0.0,0.0,0.0,0.0,0
1777318673135000,0,0.8639818,0.008628906,-0.01474993,0.5032331,0.0,0.0,0.0,0.0,0
1777318673151000,0,0.86397076,0.008660965,-0.014817614,0.50324935,0.0,0.0,0.0,0.0,0
1777318673159000,0,0.8639649,0.008660652,-0.014874486,0.50325775,0.0,0.0,0.0,0.0,0
1777318673167000,0,0.86395985,0.008618742,-0.014884925,0.5032669,0.0,0.0,0.0,0.0,0
1777318673175000,0,0.8639547,0.008578022,-0.014883267,0.5032764,0.0,0.0,0.0,0.0,0
1777318673191000,0,0.8639441,0.008535931,-0.014889841,0.5032952,0.0,0.0,0.0,0.0,0
1777318673199000,0,0.86393833,0.008541283,-0.0149083175,0.5033044,0.0,0.0,0.0,0.0,0
1777318673207000,0,0.86393315,0.008539786,-0.014912011,0.5033133,0.0,0.0,0.0,0.0,0
1777318673215000,0,0.8639277,0.008553348,-0.014925022,0.50332195,0.0,0.0,0.0,0.0,0
1777318673231000,0,0.86391485,0.008642983,-0.014991062,0.50334054,0.0,0.0,0.0,0.0,0
1777318673239000,0,0.86390924,0.008669943,-0.015038047,0.5033483,0.0,0.0,0.0,0.0,0
1777318673247000,0,0.86390454,0.008659816,-0.015052115,0.5033561,0.0,0.0,0.0,0.0,0
1777318673255000,0,0.8638994,0.008646919,-0.015073298,0.50336456,0.0,0.0,0.0,0.0,0
1777318673271000,0,0.86388916,0.008661188,-0.015154566,0.50337946,0.0,0.0,0.0,0.0,0
1777318673279000,0,0.8638839,0.008692076,-0.015211113,0.5033862,0.0,0.0,0.0,0.0,0
1777318673287000,0,0.8638799,0.008692278,-0.015235825,0.5033923,0.0,0.0,0.0,0.0,0
1777318673295000,0,0.8638762,0.008697117,-0.015289355,0.5033969,0.0,0.0,0.0,0.0,0
1777318673311000,0,0.8638664,0.0088023245,-0.015517511,0.503405,0.0,0.0,0.0,0.0,0
1777318673319000,0,0.8638608,0.008863123,-0.015645407,0.50340956,0.0,0.0,0.0,0.0,0
1777318673327000,0,0.8638562,0.008863873,-0.015702436,0.50341564,0.0,0.0,0.0,0.0,0
1777318673335000,0,0.86385214,0.008836944,-0.015739799,0.50342196,0.0,0.0,0.0,0.0,0
1777318673351000,0,0.8638437,0.00881195,-0.015868621,0.5034328,0.0,0.0,0.0,0.0,0
1777318673359000,0,0.863839,0.008844612,-0.015979987,0.50343686,0.0,0.0,0.0,0.0,0
1777318673367000,0,0.86383456,0.008883142,-0.016060917,0.50344115,0.0,0.0,0.0,0.0,0
1777318673375000,0,0.8638304,0.008915391,-0.016141457,0.50344515,0.0,0.0,0.0,0.0,0
1777318673391000,0,0.86382306,0.008922869,-0.016285546,0.50345296,0.0,0.0,0.0,0.0,0
1777318673399000,0,0.86381984,0.008914716,-0.016302478,0.5034581,0.0,0.0,0.0,0.0,0
1777318673407000,0,0.8638175,0.008894851,-0.01628297,0.5034631,0.0,0.0,0.0,0.0,0
1777318673415000,0,0.8638153,0.008875031,-0.01629102,0.50346696,0.0,0.0,0.0,0.0,0
1777318673431000,0,0.8638111,0.008847164,-0.016466133,0.50346893,0.0,0.0,0.0,0.0,0
1777318673439000,0,0.8638098,0.008837756,-0.016560378,0.5034682,0.0,0.0,0.0,0.0,0
1777318673447000,0,0.86381006,0.008810894,-0.01656485,0.5034681,0.0,0.0,0.0,0.0,0
1777318673455000,0,0.86381096,0.0087821735,-0.016510777,0.5034689,0.0,0.0,0.0,0.0,0
1777318673471000,0,0.86381185,0.008745599,-0.016466007,0.5034694,0.0,0.0,0.0,0.0,0
1777318673479000,0,0.8638116,0.008738728,-0.016528191,0.5034679,0.0,0.0,0.0,0.0,0
1777318673487000,0,0.86381215,0.008720686,-0.01656142,0.50346625,0.0,0.0,0.0,0.0,0
1777318673495000,0,0.8638137,0.008693492,-0.016494192,0.5034663,0.0,0.0,0.0,0.0,0
1777318673511000,0,0.8638221,0.008538684,-0.015945401,0.50347215,0.0,0.0,0.0,0.0,0
1777318673519000,0,0.86382884,0.008387809,-0.015514672,0.5034766,0.0,0.0,0.0,0.0,0
1777318673527000,0,0.86383694,0.008188474,-0.0150238415,0.50348085,0.0,0.0,0.0,0.0,0
1777318673535000,0,0.86384606,0.007963045,-0.014453817,0.50348544,0.0,0.0,0.0,0.0,0
1777318673551000,0,0.8638647,0.0075167725,-0.013040684,0.503499,0.0,0.0,0.0,0.0,0
1777318673559000,0,0.8638745,0.007280374,-0.012187154,0.503507,0.0,0.0,0.0,0.0,0
1777318673567000,0,0.863885,0.0070056105,-0.011199852,0.5035159,0.0,0.0,0.0,0.0,0
1777318673575000,0,0.8638952,0.006707969,-0.010075411,0.5035262,0.0,0.0,0.0,0.0,0
1777318673591000,0,0.8639126,0.0060890503,-0.007543726,0.50354844,0.0,0.0,0.0,0.0,0
1777318673599000,0,0.8639195,0.0057482645,-0.0061754193,0.5035593,0.0,0.0,0.0,0.0,0
1777318673607000,0,0.86392516,0.005371284,-0.004711039,0.50356954,0.0,0.0,0.0,0.0,0
1777318673615000,0,0.8639294,0.0049683335,-0.0031499064,0.5035786,0.0,0.0,0.0,0.0,0
1777318673631000,0,0.863933,0.0041135717,0.00019546984,0.5035899,0.0,0.0,0.0,0.0,0
1777318673639000,0,0.86393094,0.0036741719,0.0019487315,0.5035931,0.0,0.0,0.0,0.0,0
1777318673647000,0,0.8639264,0.0032036721,0.0037502584,0.5035939,0.0,0.0,0.0,0.0,0
1777318673655000,0,0.863919,0.0027041466,0.00562279,0.5035921,0.0,0.0,0.0,0.0,0
1777318673671000,0,0.8638939,0.0016916414,0.00958093,0.5035798,0.0,0.0,0.0,0.0,0
1777318673679000,0,0.86387634,0.0011797881,0.01162358,0.5035685,0.0,0.0,0.0,0.0,0
1777318673687000,0,0.86385536,0.00066640857,0.0136974305,0.5035533,0.0,0.0,0.0,0.0,0
1777318673695000,0,0.8638303,0.00014289812,0.015832389,0.503534,0.0,0.0,0.0,0.0,0
1777318673711000,0,0.8637673,-0.0009515788,0.020231802,0.5034836,0.0,0.0,0.0,0.0,0
1777318673719000,0,0.8637296,-0.001505257,0.022461653,0.5034525,0.0,0.0,0.0,0.0,0
1777318673727000,0,0.8636875,-0.002064482,0.024727501,0.5034165,0.0,0.0,0.0,0.0,0
1777318673735000,0,0.86364055,-0.0026366916,0.02703817,0.50337565,0.0,0.0,0.0,0.0,0
1777318673751000,0,0.8635291,-0.003841203,0.03177949,0.50328207,0.0,0.0,0.0,0.0,0
1777318673759000,0,0.86346614,-0.0044230656,0.03416577,0.5032289,0.0,0.0,0.0,0.0,0
1777318673767000,0,0.86339927,-0.0049915947,0.036542982,0.5031714,0.0,0.0,0.0,0.0,0
1777318673775000,0,0.8633279,-0.00555927,0.038924165,0.5031092,0.0,0.0,0.0,0.0,0
1777318673791000,0,0.86316717,-0.0067507275,0.04379929,0.5029697,0.0,0.0,0.0,0.0,0
1777318673799000,0,0.8630785,-0.0073723746,0.04626041,0.5028928,0.0,0.0,0.0,0.0,0
1777318673807000,0,0.8629854,-0.008002955,0.04870688,0.50281197,0.0,0.0,0.0,0.0,0
1777318673815000,0,0.86288774,-0.008630001,0.051160295,0.5027254,0.0,0.0,0.0,0.0,0
1777318673831000,0,0.8626786,-0.009825307,0.05611785,0.5025335,0.0,0.0,0.0,0.0,0
1777318673839000,0,0.8625671,-0.010410003,0.05861079,0.5024284,0.0,0.0,0.0,0.0,0
1777318673847000,0,0.8624506,-0.011030565,0.061081775,0.5023209,0.0,0.0,0.0,0.0,0
1777318673855000,0,0.86233044,-0.011692217,0.0635022,0.50221205,0.0,0.0,0.0,0.0,0
1777318673871000,0,0.86208713,-0.013055963,0.06812529,0.50199026,0.0,0.0,0.0,0.0,0
1777318673879000,0,0.86196476,-0.0137390215,0.07033448,0.5018775,0.0,0.0,0.0,0.0,0
1777318673887000,0,0.86183965,-0.014442186,0.07251033,0.501763,0.0,0.0,0.0,0.0,0
1777318673895000,0,0.8617097,-0.015198435,0.07467153,0.5016468,0.0,0.0,0.0,0.0,0
1777318673903000,0,0.861575,-0.01601322,0.0768127,0.5015296,0.0,0.0,0.0,0.0,0
1777318673919000,0,0.86130154,-0.017731534,0.08090837,0.50129735,0.0,0.0,0.0,0.0,0
1777318673927000,0,0.86116564,-0.018638413,0.08281754,0.50118625,0.0,0.0,0.0,0.0,0
1777318673935000,0,0.8610292,-0.019580536,0.084650196,0.5010785,0.0,0.0,0.0,0.0,0
1777318673951000,0,0.8607497,-0.021590028,0.08815449,0.50087184,0.0,0.0,0.0,0.0,0
1777318673959000,0,0.8606053,-0.022666939,0.089853935,0.50077033,0.0,0.0,0.0,0.0,0
1777318673967000,0,0.8604584,-0.023783151,0.09151714,0.5006699,0.0,0.0,0.0,0.0,0
1777318673975000,0,0.8603104,-0.024933638,0.09312165,0.5005724,0.0,0.0,0.0,0.0,0
1777318673991000,0,0.86000687,-0.02738218,0.09618142,0.5003874,0.0,0.0,0.0,0.0,0
1777318673999000,0,0.8598525,-0.028648539,0.09765592,0.5002962,0.0,0.0,0.0,0.0,0
1777318674007000,0,0.8596977,-0.029935839,0.09907814,0.5002072,0.0,0.0,0.0,0.0,0
1777318674015000,0,0.8595428,-0.031242019,0.10044424,0.50012106,0.0,0.0,0.0,0.0,0
1777318674031000,0,0.85923547,-0.033907115,0.10300808,0.49995402,0.0,0.0,0.0,0.0,0
1777318674039000,0,0.8590812,-0.03525717,0.10424165,0.49987006,0.0,0.0,0.0,0.0,0
1777318674047000,0,0.85892713,-0.036609102,0.10544109,0.49978605,0.0,0.0,0.0,0.0,0
1777318674055000,0,0.8587678,-0.03798374,0.10664779,0.49970123,0.0,0.0,0.0,0.0,0
1777318674071000,0,0.8584281,-0.040881105,0.10906723,0.49953398,0.0,0.0,0.0,0.0,0
1777318674079000,0,0.8582556,-0.042363573,0.11021728,0.4994545,0.0,0.0,0.0,0.0,0
1777318674087000,0,0.85808706,-0.04382104,0.1113106,0.49937588,0.0,0.0,0.0,0.0,0
1777318674095000,0,0.8579202,-0.04525786,0.11237928,0.499295,0.0,0.0,0.0,0.0,0
1777318674111000,0,0.85757095,-0.0481973,0.11456605,0.49912292,0.0,0.0,0.0,0.0,0
1777318674119000,0,0.85738343,-0.049734443,0.11569045,0.4990349,0.0,0.0,0.0,0.0,0
1777318674127000,0,0.857192,-0.051285423,0.11680312,0.49894768,0.0,0.0,0.0,0.0,0
1777318674135000,0,0.85700226,-0.05282491,0.11786783,0.4988625,0.0,0.0,0.0,0.0,0
1777318674151000,0,0.85662824,-0.055849735,0.119886205,0.49869442,0.0,0.0,0.0,0.0,0
1777318674159000,0,0.8564309,-0.05739021,0.12093356,0.49860567,0.0,0.0,0.0,0.0,0
1777318674167000,0,0.8562257,-0.05894912,0.12202002,0.49851137,0.0,0.0,0.0,0.0,0
1777318674175000,0,0.85601735,-0.060502,0.12311551,0.49841383,0.0,0.0,0.0,0.0,0
1777318674191000,0,0.8556021,-0.063554764,0.12523729,0.49821827,0.0,0.0,0.0,0.0,0
1777318674199000,0,0.8553947,-0.06507838,0.12624677,0.49812287,0.0,0.0,0.0,0.0,0
1777318674207000,0,0.8551851,-0.06660878,0.12724222,0.4980273,0.0,0.0,0.0,0.0,0
1777318674215000,0,0.8549675,-0.06816472,0.12826869,0.49792704,0.0,0.0,0.0,0.0,0
1777318674231000,0,0.85451084,-0.0713173,0.13041967,0.49771056,0.0,0.0,0.0,0.0,0
1777318674239000,0,0.85428745,-0.07283342,0.13146003,0.49760073,0.0,0.0,0.0,0.0,0
1777318674247000,0,0.85407674,-0.074273266,0.13243164,0.49749202,0.0,0.0,0.0,0.0,0
1777318674255000,0,0.853874,-0.07566353,0.13335547,0.49738368,0.0,0.0,0.0,0.0,0
1777318674271000,0,0.8534743,-0.07836672,0.13516,0.49716398,0.0,0.0,0.0,0.0,0
1777318674279000,0,0.8532785,-0.07965366,0.13607246,0.49704662,0.0,0.0,0.0,0.0,0
1777318674287000,0,0.8530906,-0.08087294,0.13696977,0.4969259,0.0,0.0,0.0,0.0,0
1777318674295000,0,0.85291624,-0.08200866,0.13781221,0.49680606,0.0,0.0,0.0,0.0,0
1777318674311000,0,0.8526074,-0.08408518,0.13926679,0.49658337,0.0,0.0,0.0,0.0,0
1777318674319000,0,0.8524642,-0.08504473,0.13995579,0.49647215,0.0,0.0,0.0,0.0,0
1777318674327000,0,0.85232663,-0.08595078,0.1406431,0.49635804,0.0,0.0,0.0,0.0,0
1777318674335000,0,0.8521919,-0.08681812,0.14133988,0.49624044,0.0,0.0,0.0,0.0,0
1777318674351000,0,0.85193354,-0.0884353,0.14274876,0.4959952,0.0,0.0,0.0,0.0,0
1777318674359000,0,0.85181755,-0.08917145,0.14339222,0.49587703,0.0,0.0,0.0,0.0,0
1777318674367000,0,0.8517149,-0.08984401,0.14397518,0.4957629,0.0,0.0,0.0,0.0,0
1777318674375000,0,0.851623,-0.09046295,0.14452232,0.49564913,0.0,0.0,0.0,0.0,0
1777318674391000,0,0.85144985,-0.09161481,0.14562605,0.49541187,0.0,0.0,0.0,0.0,0
1777318674399000,0,0.85137206,-0.09213381,0.14616613,0.49529028,0.0,0.0,0.0,0.0,0
1777318674407000,0,0.8513006,-0.09261497,0.14668743,0.4951692,0.0,0.0,0.0,0.0,0
1777318674415000,0,0.8512332,-0.09307208,0.14719248,0.49504954,0.0,0.0,0.0,0.0,0
1777318674431000,0,0.8511083,-0.09390877,0.14819653,0.49480656,0.0,0.0,0.0,0.0,0
1777318674439000,0,0.8510555,-0.09428097,0.14865853,0.49468806,0.0,0.0,0.0,0.0,0
1777318674447000,0,0.8510095,-0.09462683,0.14907902,0.49457458,0.0,0.0,0.0,0.0,0
1777318674455000,0,0.8509677,-0.09495106,0.14947835,0.49446386,0.0,0.0,0.0,0.0,0
1777318674471000,0,0.8508952,-0.09552114,0.1502623,0.49424115,0.0,0.0,0.0,0.0,0
1777318674479000,0,0.8508635,-0.09577234,0.15064454,0.49413067,0.0,0.0,0.0,0.0,0
1777318674487000,0,0.8508365,-0.09599998,0.15100698,0.49402243,0.0,0.0,0.0,0.0,0
1777318674495000,0,0.8508093,-0.09621773,0.15136829,0.49391636,0.0,0.0,0.0,0.0,0
1777318674511000,0,0.85074353,-0.09666615,0.15215445,0.4937004,0.0,0.0,0.0,0.0,0
1777318674519000,0,0.8507109,-0.09688074,0.15254971,0.49359256,0.0,0.0,0.0,0.0,0
1777318674527000,0,0.8506803,-0.097083144,0.15293075,0.49348766,0.0,0.0,0.0,0.0,0
1777318674535000,0,0.85064775,-0.097295605,0.15330344,0.49338624,0.0,0.0,0.0,0.0,0
1777318674551000,0,0.85058254,-0.09772237,0.15401594,0.4931924,0.0,0.0,0.0,0.0,0
1777318674559000,0,0.8505515,-0.0979205,0.15436822,0.49309653,0.0,0.0,0.0,0.0,0
1777318674567000,0,0.8505191,-0.09812153,0.15472023,0.49300206,0.0,0.0,0.0,0.0,0
1777318674575000,0,0.8504868,-0.098314345,0.15507928,0.49290663,0.0,0.0,0.0,0.0,0
1777318674591000,0,0.8504127,-0.098716706,0.15583158,0.4927167,0.0,0.0,0.0,0.0,0
1777318674599000,0,0.85037255,-0.09893037,0.15619093,0.49262938,0.0,0.0,0.0,0.0,0
1777318674607000,0,0.85033435,-0.09913828,0.1565173,0.49255,0.0,0.0,0.0,0.0,0
1777318674615000,0,0.85029984,-0.0993361,0.15680152,0.49247926,0.0,0.0,0.0,0.0,0
1777318674631000,0,0.8502339,-0.099699356,0.15734884,0.4923451,0.0,0.0,0.0,0.0,0
1777318674639000,0,0.8501998,-0.09987251,0.1576332,0.49227795,0.0,0.0,0.0,0.0,0
1777318674647000,0,0.85016334,-0.10005713,0.1579084,0.4922152,0.0,0.0,0.0,0.0,0
1777318674655000,0,0.85012615,-0.10025138,0.15815996,0.4921591,0.0,0.0,0.0,0.0,0
1777318674671000,0,0.8500487,-0.10062971,0.15868732,0.4920459,0.0,0.0,0.0,0.0,0
1777318674679000,0,0.8500069,-0.10082129,0.15896493,0.4919894,0.0,0.0,0.0,0.0,0
1777318674687000,0,0.8499643,-0.1010125,0.15923466,0.49193645,0.0,0.0,0.0,0.0,0
1777318674695000,0,0.8499222,-0.10121175,0.15947185,0.49189144,0.0,0.0,0.0,0.0,0
1777318674711000,0,0.84983516,-0.1016236,0.1599193,0.49181157,0.0,0.0,0.0,0.0,0
1777318674719000,0,0.84978473,-0.10184295,0.16017005,0.49177182,0.0,0.0,0.0,0.0,0
1777318674727000,0,0.84972465,-0.10209065,0.16045548,0.49173123,0.0,0.0,0.0,0.0,0
1777318674735000,0,0.8496603,-0.10235008,0.16075464,0.49169075,0.0,0.0,0.0,0.0,0
1777318674751000,0,0.8495531,-0.10279469,0.1612154,0.4916323,0.0,0.0,0.0,0.0,0
1777318674759000,0,0.849505,-0.10299686,0.16139662,0.49161372,0.0,0.0,0.0,0.0,0
1777318674767000,0,0.84945357,-0.103201605,0.16159591,0.4915942,0.0,0.0,0.0,0.0,0
1777318674775000,0,0.84938973,-0.10344349,0.16184871,0.4915705,0.0,0.0,0.0,0.0,0
1777318674791000,0,0.84924066,-0.103976615,0.16245148,0.49151668,0.0,0.0,0.0,0.0,0
1777318674799000,0,0.84917,-0.10422626,0.16272351,0.49149585,0.0,0.0,0.0,0.0,0
1777318674807000,0,0.8491115,-0.104437515,0.16292709,0.49148473,0.0,0.0,0.0,0.0,0
1777318674815000,0,0.8490568,-0.10463417,0.16310543,0.49147823,0.0,0.0,0.0,0.0,0
1777318674831000,0,0.8489243,-0.10510131,0.16354838,0.49146023,0.0,0.0,0.0,0.0,0
1777318674839000,0,0.8488481,-0.10536118,0.16381267,0.4914482,0.0,0.0,0.0,0.0,0
1777318674847000,0,0.8487719,-0.105618894,0.16406304,0.49144095,0.0,0.0,0.0,0.0,0
1777318674855000,0,0.84869504,-0.10587557,0.16431206,0.4914353,0.0,0.0,0.0,0.0,0
1777318674871000,0,0.8485469,-0.106349334,0.16480568,0.49142343,0.0,0.0,0.0,0.0,0
1777318674879000,0,0.84847665,-0.10657978,0.16501307,0.4914253,0.0,0.0,0.0,0.0,0
1777318674887000,0,0.84840596,-0.10682373,0.16518876,0.49143532,0.0,0.0,0.0,0.0,0
1777318674895000,0,0.8483307,-0.107089736,0.16536291,0.49144882,0.0,0.0,0.0,0.0,0
1777318674911000,0,0.84815645,-0.1076724,0.16583546,0.491463,0.0,0.0,0.0,0.0,0
1777318674919000,0,0.84807247,-0.10793879,0.16607037,0.49147022,0.0,0.0,0.0,0.0,0
1777318674927000,0,0.84799814,-0.10817181,0.16625662,0.49148425,0.0,0.0,0.0,0.0,0
1777318674935000,0,0.84792864,-0.108389065,0.16641133,0.4915039,0.0,0.0,0.0,0.0,0
1777318674951000,0,0.84777504,-0.10887111,0.16675805,0.49154484,0.0,0.0,0.0,0.0,0
1777318674959000,0,0.84768945,-0.10913442,0.16697204,0.4915614,0.0,0.0,0.0,0.0,0
1777318674967000,0,0.8476094,-0.10936981,0.16717005,0.49157986,0.0,0.0,0.0,0.0,0
1777318674975000,0,0.84753513,-0.10958495,0.16733164,0.49160498,0.0,0.0,0.0,0.0,0
1777318674991000,0,0.8473961,-0.10999642,0.16757342,0.4916704,0.0,0.0,0.0,0.0,0
1777318674999000,0,0.84732276,-0.110212386,0.16771328,0.4917008,0.0,0.0,0.0,0.0,0
1777318675007000,0,0.84724915,-0.11042238,0.1678613,0.49172994,0.0,0.0,0.0,0.0,0
1777318675015000,0,0.84717524,-0.11062481,0.16802321,0.49175653,0.0,0.0,0.0,0.0,0
1777318675031000,0,0.8470297,-0.111020796,0.1683127,0.49181902,0.0,0.0,0.0,0.0,0
1777318675039000,0,0.8469555,-0.11122336,0.16844803,0.49185467,0.0,0.0,0.0,0.0,0
1777318675047000,0,0.846886,-0.1114083,0.16856004,0.4918941,0.0,0.0,0.0,0.0,0
1777318675055000,0,0.8468172,-0.11158931,0.16866386,0.49193597,0.0,0.0,0.0,0.0,0
1777318675071000,0,0.8466824,-0.11193563,0.16884668,0.49202648,0.0,0.0,0.0,0.0,0
1777318675079000,0,0.8466095,-0.112114266,0.16897433,0.49206755,0.0,0.0,0.0,0.0,0
1777318675087000,0,0.8465362,-0.112284705,0.16911623,0.49210593,0.0,0.0,0.0,0.0,0
1777318675095000,0,0.8464648,-0.11244763,0.16925052,0.49214542,0.0,0.0,0.0,0.0,0
1777318675111000,0,0.8463395,-0.11272158,0.16942815,0.49223712,0.0,0.0,0.0,0.0,0
1777318675119000,0,0.846277,-0.11285925,0.16950896,0.4922852,0.0,0.0,0.0,0.0,0
1777318675127000,0,0.84621435,-0.11300046,0.16957821,0.49233666,0.0,0.0,0.0,0.0,0
1777318675135000,0,0.8461499,-0.113144584,0.1696542,0.4923881,0.0,0.0,0.0,0.0,0
1777318675151000,0,0.84602106,-0.11340683,0.16983742,0.49248606,0.0,0.0,0.0,0.0,0
1777318675159000,0,0.8459554,-0.11353367,0.1699415,0.49253374,0.0,0.0,0.0,0.0,0
1777318675167000,0,0.8458913,-0.11366053,0.17002118,0.49258703,0.0,0.0,0.0,0.0,0
1777318675175000,0,0.84582573,-0.113798276,0.17008638,0.49264535,0.0,0.0,0.0,0.0,0
1777318675191000,0,0.8456953,-0.11405702,0.17022164,0.49276263,0.0,0.0,0.0,0.0,0
1777318675199000,0,0.8456278,-0.11418663,0.17031129,0.49281752,0.0,0.0,0.0,0.0,0
1777318675207000,0,0.8455617,-0.11431081,0.17039289,0.49287394,0.0,0.0,0.0,0.0,0
1777318675215000,0,0.8454963,-0.11443943,0.1704538,0.49293524,0.0,0.0,0.0,0.0,0
1777318675231000,0,0.84537125,-0.11468932,0.17051958,0.4930688,0.0,0.0,0.0,0.0,0
1777318675239000,0,0.8453121,-0.11480037,0.1705404,0.49313712,0.0,0.0,0.0,0.0,0
1777318675247000,0,0.84525627,-0.11489959,0.17054982,0.4932065,0.0,0.0,0.0,0.0,0
1777318675255000,0,0.84519666,-0.11500012,0.17059043,0.49327123,0.0,0.0,0.0,0.0,0
1777318675271000,0,0.84506655,-0.115217514,0.17073725,0.49339262,0.0,0.0,0.0,0.0,0
1777318675279000,0,0.8450022,-0.1153221,0.17081471,0.49345165,0.0,0.0,0.0,0.0,0
1777318675287000,0,0.844949,-0.11540738,0.1708157,0.49352232,0.0,0.0,0.0,0.0,0
1777318675295000,0,0.8449017,-0.11548813,0.17076896,0.49360064,0.0,0.0,0.0,0.0,0
1777318675311000,0,0.8447952,-0.11569371,0.17073503,0.49374643,0.0,0.0,0.0,0.0,0
1777318675319000,0,0.8447349,-0.11580913,0.17077585,0.49380845,0.0,0.0,0.0,0.0,0
1777318675327000,0,0.8446858,-0.11587577,0.17079608,0.49386984,0.0,0.0,0.0,0.0,0
1777318675335000,0,0.84465224,-0.11588666,0.17075749,0.49393797,0.0,0.0,0.0,0.0,0
1777318675351000,0,0.84461015,-0.115843885,0.17052297,0.49410096,0.0,0.0,0.0,0.0,0
1777318675359000,0,0.84458655,-0.11584363,0.17038834,0.4941879,0.0,0.0,0.0,0.0,0
1777318675367000,0,0.8445673,-0.11582897,0.17023331,0.49427766,0.0,0.0,0.0,0.0,0
1777318675375000,0,0.8445573,-0.115786664,0.17003447,0.49437305,0.0,0.0,0.0,0.0,0
1777318675391000,0,0.8445741,-0.11557952,0.16949718,0.49457726,0.0,0.0,0.0,0.0,0
1777318675399000,0,0.8445967,-0.11543364,0.16915536,0.49468976,0.0,0.0,0.0,0.0,0
1777318675407000,0,0.8446269,-0.11526669,0.16877589,0.49480677,0.0,0.0,0.0,0.0,0
1777318675415000,0,0.8446622,-0.11508129,0.16837606,0.49492583,0.0,0.0,0.0,0.0,0
