timestamp,timestamp_sample,lat,lon,alt,alt_ellipsoid,delta_alt,eph,epv,terrain_alt,lat_lon_reset_counter,alt_reset_counter,terrain_alt_valid,dead_reckoning
1777318633343000,1777318633343000,47.39774201097722,8.545593817046644,487.99768,487.99902,0.019706387,2.6211448,2.686801,nan,2,2,0,0
1777318633351000,1777318633351000,47.397742010751266,8.545593816869706,487.9977,487.99905,0.019706387,2.621147,2.6868033,nan,2,2,0,0
1777318633359000,1777318633359000,47.39774201051887,8.54559381669148,487.99774,487.99908,0.019706387,2.6211536,2.6868107,nan,2,2,0,0
1777318633367000,1777318633367000,47.39774201029631,8.545593816542196,487.99774,487.99908,0.019706387,2.6211646,2.6868227,nan,2,2,0,0
1777318633375000,1777318633375000,47.39774201007609,8.545593816410394,487.99777,487.9991,0.019706387,2.62118,2.6868396,nan,2,2,0,0
1777318633383000,1777318633383000,47.39774200985166,8.54559381625535,487.99786,487.9992,0.019706387,2.6211996,2.682257,nan,2,2,0,0
1777318633391000,1777318633391000,47.3977420096384,8.545593816092127,487.998,487.99933,0.019706387,2.621224,2.6822824,nan,2,2,0,0
1777318633399000,1777318633399000,47.397742007811814,8.545593814319792,487.9981,487.99948,0.019706387,2.5515764,2.6327581,nan,2,2,0,0
1777318633407000,1777318633407000,47.39774200602147,8.545593812604908,487.99826,487.99963,0.019706387,2.5515852,2.632768,nan,2,2,0,0
1777318633415000,1777318633415000,47.39774200428397,8.545593810933955,487.99838,487.99976,0.019706387,2.5515966,2.63278,nan,2,2,0,0
1777318633423000,1777318633423000,47.397742002609924,8.545593809307476,487.99854,487.9999,0.019706387,2.55161,2.6327949,nan,2,2,0,0
1777318633431000,1777318633431000,47.397742000992395,8.54559380774854,487.99854,487.9999,0.019706387,2.551626,2.6316626,nan,2,2,0,0
1777318633439000,1777318633439000,47.397741999426934,8.545593806275239,487.99857,487.99994,0.019706387,2.5516438,2.631682,nan,2,2,0,0
1777318633447000,1777318633447000,47.39774199790652,8.545593804862417,487.99857,487.99994,0.019706387,2.5516644,2.6317036,nan,2,2,0,0
1777318633455000,1777318633455000,47.39774199589217,8.545593802913602,487.99863,488.0,0.019706387,2.5274365,2.6150603,nan,2,2,0,0
1777318633463000,1777318633463000,47.39774199395128,8.545593801030444,487.99866,488.00003,0.019706387,2.5274477,2.6150727,nan,2,2,0,0
1777318633471000,1777318633471000,47.397741992049454,8.54559379921332,487.99872,488.0001,0.019706387,2.5274606,2.6150868,nan,2,2,0,0
1777318633479000,1777318633479000,47.397741990165656,8.545593797470062,487.99875,488.00012,0.019706387,2.5274749,2.6151023,nan,2,2,0,0
1777318633487000,1777318633487000,47.39774198830615,8.545593795770612,487.99878,488.00015,0.019706387,2.5274906,2.6151197,nan,2,2,0,0
1777318633495000,1777318633495000,47.397741986489955,8.545593794105356,487.99884,488.0002,0.019706387,2.527508,2.6151385,nan,2,2,0,0
1777318633503000,1777318633503000,47.39774198445404,8.545593792187525,487.99887,488.00024,0.019706387,2.5151796,2.6065648,nan,2,2,0,0
1777318633511000,1777318633511000,47.39774198249836,8.545593790313802,487.9989,488.00027,0.019706387,2.515191,2.6065774,nan,2,2,0,0
1777318633519000,1777318633519000,47.39774198061611,8.545593788482929,487.99893,488.0003,0.019706387,2.5152037,2.6065915,nan,2,2,0,0
1777318633527000,1777318633527000,47.397741978795715,8.54559378674607,487.99893,488.0003,0.019706387,2.5152175,2.606312,nan,2,2,0,0
1777318633535000,1777318633535000,47.39774197704327,8.54559378506239,487.99893,488.0003,0.019706387,2.5152323,2.6063282,nan,2,2,0,0
1777318633543000,1777318633543000,47.39774197534192,8.545593783392928,487.99896,488.00034,0.019706387,2.5152485,2.606346,nan,2,2,0,0
1777318633551000,1777318633551000,47.397741973684006,8.545593781767861,487.99896,488.00034,0.019706387,2.5152657,2.6063647,nan,2,2,0,0
1777318633559000,1777318633559000,47.3977419719469,8.5455937799846,487.99896,488.0003,0.019706387,2.507982,2.6012208,nan,2,2,0,0
1777318633567000,1777318633567000,47.39774197030249,8.545593778248902,487.99893,488.00027,0.019706387,2.5079944,2.6012347,nan,2,2,0,0
1777318633575000,1777318633575000,47.39774196873105,8.5455937765591,487.9989,488.00024,0.019706387,2.5080078,2.6012495,nan,2,2,0,0
1777318633583000,1777318633583000,47.39774196724336,8.545593774916771,487.9989,488.00024,0.019706387,2.5080223,2.6010766,nan,2,2,0,0
1777318633591000,1777318633591000,47.39774196583196,8.545593773295504,487.9989,488.00024,0.019706387,2.5080376,2.6010933,nan,2,2,0,0
1777318633599000,1777318633599000,47.39774196449276,8.545593771707804,487.99887,488.0002,0.019706387,2.5080538,2.601111,nan,2,2,0,0
1777318633607000,1777318633607000,47.39774196423026,8.545593769453639,487.99884,488.00012,0.019706387,2.5030992,2.5976775,nan,2,2,0,0
1777318633615000,1777318633615000,47.39774196397789,8.545593767238982,487.99878,488.00006,0.019706387,2.5031116,2.5976913,nan,2,2,0,0
1777318633623000,1777318633623000,47.39774196373243,8.545593765080065,487.99875,488.00003,0.019706387,2.503125,2.5977058,nan,2,2,0,0
1777318633631000,1777318633631000,47.397741963512395,8.545593762986124,487.9987,487.99997,0.019706387,2.503139,2.59759,nan,2,2,0,0
1777318633639000,1777318633639000,47.397741963310345,8.545593760973375,487.99866,487.99994,0.019706387,2.5031538,2.5976062,nan,2,2,0,0
1777318633647000,1777318633647000,47.39774196314143,8.545593759037983,487.99863,487.9999,0.019706387,2.5031693,2.5976233,nan,2,2,0,0
1777318633655000,1777318633655000,47.397741963229386,8.545593756665554,487.99863,487.99994,0.019706387,2.499681,2.5951626,nan,2,2,0,0
1777318633663000,1777318633663000,47.397741963341026,8.545593754376483,487.99863,487.99994,0.019706387,2.4996936,2.5951765,nan,2,2,0,0
1777318633671000,1777318633671000,47.39774196349011,8.54559375219062,487.9986,487.9999,0.019706387,2.4997067,2.595191,nan,2,2,0,0
1777318633679000,1777318633679000,47.397741963651946,8.545593750116957,487.9986,487.9999,0.019706387,2.4997206,2.5951097,nan,2,2,0,0
1777318633687000,1777318633687000,47.397741963809764,8.545593748145299,487.99857,487.99988,0.019706387,2.4997349,2.5951254,nan,2,2,0,0
1777318633695000,1777318633695000,47.39774196399037,8.545593746261147,487.99854,487.99985,0.019706387,2.4997501,2.5951421,nan,2,2,0,0
1777318633703000,1777318633703000,47.397741964199234,8.545593744435731,487.99854,487.99985,0.019706387,2.4997659,2.5951593,nan,2,2,0,0
1777318633711000,1777318633711000,47.39774196501162,8.545593742275354,487.9985,487.99982,0.019706387,2.4970868,2.5932996,nan,2,2,0,0
1777318633719000,1777318633719000,47.39774196582432,8.545593740156939,487.9985,487.99982,0.019706387,2.4970996,2.5933142,nan,2,2,0,0
1777318633727000,1777318633727000,47.3977419666048,8.545593738102491,487.9985,487.99982,0.019706387,2.4971132,2.5932548,nan,2,2,0,0
1777318633735000,1777318633735000,47.397741967376646,8.54559373611585,487.9985,487.99982,0.019706387,2.4971275,2.5932703,nan,2,2,0,0
1777318633743000,1777318633743000,47.39774196813877,8.545593734172034,487.9985,487.99982,0.019706387,2.4971423,2.5932868,nan,2,2,0,0
1777318633751000,1777318633751000,47.39774196887639,8.545593732304349,487.9985,487.99982,0.019706387,2.4971576,2.5933034,nan,2,2,0,0
1777318633759000,1777318633759000,47.39774196960967,8.545593730503953,487.9985,487.99982,0.019706387,2.4971733,2.593321,nan,2,2,0,0
1777318633767000,1777318633767000,47.39774197038056,8.545593728805747,487.9985,487.99982,0.019706387,2.4950461,2.591861,nan,2,2,0,0
1777318633775000,1777318633775000,47.397741971142935,8.545593727111452,487.9985,487.99982,0.019706387,2.4950595,2.5918758,nan,2,2,0,0
1777318633783000,1777318633783000,47.397741971918734,8.545593725482721,487.9985,487.99982,0.019706387,2.4950733,2.591832,nan,2,2,0,0
1777318633791000,1777318633791000,47.397741972687534,8.545593723924371,487.9985,487.99982,0.019706387,2.4950879,2.591848,nan,2,2,0,0
1777318633799000,1777318633799000,47.397741973441434,8.54559372239943,487.99854,487.99985,0.019706387,2.4951026,2.5918643,nan,2,2,0,0
1777318633807000,1777318633807000,47.39774197420145,8.545593720929723,487.99854,487.99985,0.019706387,2.4951181,2.5918813,nan,2,2,0,0
1777318633815000,1777318633815000,47.397741975711014,8.545593720280715,487.99857,487.99994,0.019706387,2.4934435,2.5907044,nan,2,2,0,0
1777318633823000,1777318633823000,47.39774197718713,8.545593719663248,487.9986,487.99997,0.019706387,2.4934568,2.5907192,nan,2,2,0,0
1777318633831000,1777318633831000,47.39774197863035,8.545593719085648,487.9986,487.99997,0.019706387,2.4934704,2.5906863,nan,2,2,0,0
1777318633839000,1777318633839000,47.397741980050256,8.5455937185226,487.99863,488.0,0.019706387,2.4934845,2.590702,nan,2,2,0,0
1777318633847000,1777318633847000,47.39774198143854,8.545593717961292,487.99863,488.0,0.019706387,2.4934993,2.590718,nan,2,2,0,0
1777318633855000,1777318633855000,47.39774198279792,8.545593717419242,487.99863,488.0,0.019706387,2.4935143,2.5907347,nan,2,2,0,0
1777318633863000,1777318633863000,47.397741984139145,8.545593716922614,487.99866,488.00003,0.019706387,2.4935298,2.590752,nan,2,2,0,0
1777318633871000,1777318633871000,47.39774198603544,8.545593717079173,487.9987,488.0001,0.019706387,2.492126,2.589777,nan,2,2,0,0
1777318633879000,1777318633879000,47.397741987871626,8.545593717220811,487.99872,488.00012,0.019706387,2.4921393,2.589752,nan,2,2,0,0
1777318633887000,1777318633887000,47.39774198963416,8.545593717379065,487.99878,488.00018,0.019706387,2.4921532,2.5897675,nan,2,2,0,0
1777318633895000,1777318633895000,47.39774199133397,8.545593717557898,487.9988,488.0002,0.019706387,2.4921675,2.5897834,nan,2,2,0,0
1777318633903000,1777318633903000,47.3977419929769,8.54559371773527,487.99884,488.00024,0.019706387,2.4921823,2.5897996,nan,2,2,0,0
1777318633911000,1777318633911000,47.39774199457794,8.54559371792604,487.99887,488.00027,0.019706387,2.4921975,2.5898166,nan,2,2,0,0
1777318633919000,1777318633919000,47.397741996002495,8.545593718959205,487.99896,488.00046,0.019706387,2.4910438,2.5889964,nan,2,2,0,0
1777318633927000,1777318633927000,47.397741997386944,8.54559371997158,487.99905,488.00055,0.019706387,2.4910572,2.5889773,nan,2,2,0,0
1777318633935000,1777318633935000,47.397741998736805,8.545593720959753,487.9991,488.0006,0.019706387,2.4910707,2.5889926,nan,2,2,0,0
1777318633943000,1777318633943000,47.39774200005425,8.54559372192735,487.9992,488.0007,0.019706387,2.4910848,2.5890086,nan,2,2,0,0
1777318633951000,1777318633951000,47.39774200134581,8.545593722846071,487.9993,488.0008,0.019706387,2.4910994,2.5890245,nan,2,2,0,0
1777318633959000,1777318633959000,47.397742002619644,8.545593723714793,487.99936,488.00085,0.019706387,2.4911144,2.5890412,nan,2,2,0,0
1777318633967000,1777318633967000,47.39774200347669,8.545593724649017,487.99948,488.00107,0.019706387,2.4901142,2.58834,nan,2,2,0,0
1777318633975000,1777318633975000,47.39774200431853,8.545593725534616,487.9996,488.0012,0.019706387,2.4901273,2.5883548,nan,2,2,0,0
1777318633983000,1777318633983000,47.397742005147336,8.545593726375014,487.9997,488.00128,0.019706387,2.490141,2.5883405,nan,2,2,0,0
1777318633991000,1777318633991000,47.39774200595053,8.545593727193646,487.9998,488.00137,0.019706387,2.4901547,2.5883563,nan,2,2,0,0
1777318633999000,1777318633999000,47.39774200670488,8.545593727998337,487.99988,488.00146,0.019706387,2.490169,2.5883722,nan,2,2,0,0
1777318634007000,1777318634007000,47.39774200741815,8.545593728791937,488.0,488.0016,0.019706387,2.4901838,2.5883884,nan,2,2,0,0
1777318634015000,1777318634015000,47.39774200812886,8.545593729578314,488.0001,488.00168,0.019706387,2.4901989,2.5884051,nan,2,2,0,0
1777318634023000,1777318634023000,47.39774200875999,8.545593730963883,488.00018,488.00177,0.019706387,2.489349,2.5877943,nan,2,2,0,0
1777318634031000,1777318634031000,47.39774200937315,8.545593732307356,488.00027,488.00186,0.019706387,2.4893625,2.5877838,nan,2,2,0,0
1777318634039000,1777318634039000,47.39774200997337,8.545593733630538,488.00037,488.00195,0.019706387,2.489376,2.5877993,nan,2,2,0,0
1777318634047000,1777318634047000,47.39774201055958,8.545593734931003,488.00046,488.00204,0.019706387,2.4893901,2.587815,nan,2,2,0,0
1777318634055000,1777318634055000,47.39774201112665,8.545593736173657,488.00058,488.00217,0.019706387,2.4894047,2.587831,nan,2,2,0,0
1777318634063000,1777318634063000,47.39774201168496,8.54559373733799,488.00067,488.00226,0.019706387,2.4894195,2.5878477,nan,2,2,0,0
1777318634071000,1777318634071000,47.39774201222883,8.545593738452162,488.00076,488.00235,0.019706387,2.4894347,2.5878644,nan,2,2,0,0
1777318634079000,1777318634079000,47.39774201266549,8.545593740040937,488.00082,488.0024,0.019706387,2.4886756,2.5873032,nan,2,2,0,0
1777318634087000,1777318634087000,47.39774201308385,8.5455937415493,488.0009,488.00247,0.019706387,2.4886892,2.5873184,nan,2,2,0,0
1777318634095000,1777318634095000,47.39774201348382,8.545593743021803,488.00098,488.00256,0.019706387,2.488703,2.5873342,nan,2,2,0,0
1777318634103000,1777318634103000,47.39774201386204,8.545593744456035,488.00104,488.00262,0.019706387,2.4887173,2.58735,nan,2,2,0,0
1777318634111000,1777318634111000,47.39774201424623,8.545593745862577,488.0011,488.0027,0.019706387,2.4887319,2.5873663,nan,2,2,0,0
1777318634119000,1777318634119000,47.397742014646816,8.545593747248638,488.0012,488.00278,0.019706387,2.488747,2.5873828,nan,2,2,0,0
1777318634127000,1777318634127000,47.39774201497993,8.545593749306786,488.00125,488.0028,0.019706387,2.4880898,2.5868855,nan,2,2,0,0
1777318634135000,1777318634135000,47.39774201531742,8.54559375130314,488.0013,488.00287,0.019706387,2.4881034,2.5869005,nan,2,2,0,0
1777318634143000,1777318634143000,47.39774201565353,8.545593753255371,488.00137,488.00293,0.019706387,2.4881172,2.586916,nan,2,2,0,0
1777318634151000,1777318634151000,47.39774201599675,8.545593755178425,488.00143,488.003,0.019706387,2.4881313,2.5869317,nan,2,2,0,0
1777318634159000,1777318634159000,47.39774201634639,8.54559375710867,488.0015,488.00305,0.019706387,2.4881456,2.5869477,nan,2,2,0,0
1777318634167000,1777318634167000,47.39774201671286,8.545593759057027,488.00156,488.0031,0.019706387,2.4881601,2.5869641,nan,2,2,0,0
1777318634175000,1777318634175000,47.39774201706898,8.545593761011164,488.00165,488.0032,0.019706387,2.4881752,2.586981,nan,2,2,0,0
1777318634183000,1777318634183000,47.397742017826324,8.54559376358815,488.00168,488.0032,0.019706387,2.4875765,2.5865333,nan,2,2,0,0
1777318634191000,1777318634191000,47.39774201859405,8.54559376612804,488.00174,488.00327,0.019706387,2.48759,2.5865486,nan,2,2,0,0
1777318634199000,1777318634199000,47.39774201935617,8.545593768638927,488.0018,488.00333,0.019706387,2.4876041,2.5865643,nan,2,2,0,0
1777318634207000,1777318634207000,47.397742020110265,8.545593771117101,488.00186,488.0034,0.019706387,2.4876182,2.58658,nan,2,2,0,0
1777318634215000,1777318634215000,47.39774202083002,8.545593773584024,488.0019,488.00342,0.019706387,2.4876328,2.5865963,nan,2,2,0,0
1777318634223000,1777318634223000,47.39774202153319,8.54559377604261,488.00195,488.00348,0.019706387,2.4876475,2.586613,nan,2,2,0,0
1777318634231000,1777318634231000,47.39774202258648,8.545593778798429,488.00198,488.00348,0.019706387,2.4871204,2.5862093,nan,2,2,0,0
1777318634239000,1777318634239000,47.39774202362667,8.545593781483285,488.00204,488.00354,0.019706387,2.487134,2.5862243,nan,2,2,0,0
1777318634247000,1777318634247000,47.39774202465336,8.545593784099335,488.00208,488.00357,0.019706387,2.4871476,2.5862398,nan,2,2,0,0
1777318634255000,1777318634255000,47.39774202566805,8.545593786653418,488.0021,488.0036,0.019706387,2.4871616,2.5862556,nan,2,2,0,0
1777318634263000,1777318634263000,47.397742026691795,8.545593789180502,488.00217,488.00366,0.019706387,2.487176,2.5862718,nan,2,2,0,0
1777318634271000,1777318634271000,47.397742027725286,8.545593791680007,488.0022,488.0037,0.019706387,2.4871907,2.586288,nan,2,2,0,0
1777318634279000,1777318634279000,47.39774202875187,8.545593794132454,488.00226,488.00375,0.019706387,2.4872055,2.586288,nan,2,2,0,0
1777318634287000,1777318634287000,47.39774203006965,8.545593797015538,488.0023,488.00375,0.019706387,2.4867172,2.5859358,nan,2,2,0,0
1777318634295000,1777318634295000,47.39774203137534,8.545593799861875,488.00232,488.00378,0.019706387,2.486731,2.585951,nan,2,2,0,0
1777318634303000,1777318634303000,47.39774203266482,8.545593802674881,488.00235,488.0038,0.019706387,2.4867449,2.5859666,nan,2,2,0,0
1777318634311000,1777318634311000,47.397742033933625,8.545593805450473,488.00238,488.00385,0.019706387,2.486759,2.5859826,nan,2,2,0,0
1777318634319000,1777318634319000,47.397742035193474,8.545593808166906,488.0024,488.00388,0.019706387,2.4867735,2.5859988,nan,2,2,0,0
1777318634327000,1777318634327000,47.397742036427125,8.545593810840208,488.00247,488.00394,0.019706387,2.486788,2.586,nan,2,2,0,0
1777318634335000,1777318634335000,47.39774203768069,8.545593813633424,488.0025,488.00388,0.019706387,2.4863527,2.5856779,nan,2,2,0,0
1777318634343000,1777318634343000,47.39774203890037,8.545593816345551,488.00253,488.0039,0.019706387,2.486366,2.5856931,nan,2,2,0,0
1777318634351000,1777318634351000,47.39774204009014,8.545593818977427,488.0026,488.00397,0.019706387,2.4863799,2.5857086,nan,2,2,0,0
1777318634359000,1777318634359000,47.39774204125023,8.545593821550156,488.00262,488.004,0.019706387,2.486394,2.5857244,nan,2,2,0,0
1777318634367000,1777318634367000,47.39774204238638,8.545593824048403,488.00266,488.00403,0.019706387,2.486408,2.5857403,nan,2,2,0,0
1777318634375000,1777318634375000,47.39774204347811,8.545593826464778,488.0027,488.00406,0.019706387,2.4864228,2.5857565,nan,2,2,0,0
1777318634383000,1777318634383000,47.39774204454097,8.545593828826771,488.00275,488.00412,0.019706387,2.4864373,2.5857592,nan,2,2,0,0
1777318634391000,1777318634391000,47.39774204562136,8.545593831319161,488.00278,488.0041,0.019706387,2.4860437,2.585461,nan,2,2,0,0
1777318634399000,1777318634399000,47.39774204666651,8.545593833767866,488.0028,488.00412,0.019706387,2.4860573,2.5854762,nan,2,2,0,0
1777318634407000,1777318634407000,47.397742047683145,8.545593836169529,488.0028,488.00412,0.019706387,2.486071,2.585492,nan,2,2,0,0
1777318634415000,1777318634415000,47.39774204867729,8.545593838520249,488.00287,488.00418,0.019706387,2.4860852,2.5855076,nan,2,2,0,0
1777318634423000,1777318634423000,47.397742049664,8.545593840830131,488.0029,488.0042,0.019706387,2.4860997,2.5855238,nan,2,2,0,0
1777318634431000,1777318634431000,47.397742050619954,8.545593843110485,488.00293,488.00424,0.019706387,2.4861143,2.5855272,nan,2,2,0,0
1777318634439000,1777318634439000,47.397742051587656,8.545593845475503,488.00296,488.00427,0.019706387,2.4857574,2.5852516,nan,2,2,0,0
1777318634447000,1777318634447000,47.39774205255919,8.545593847767654,488.003,488.0043,0.019706387,2.485771,2.5852668,nan,2,2,0,0
1777318634455000,1777318634455000,47.3977420535363,8.545593850013592,488.00302,488.00433,0.019706387,2.4857848,2.5852823,nan,2,2,0,0
1777318634463000,1777318634463000,47.3977420545186,8.545593852215468,488.00305,488.00436,0.019706387,2.4857988,2.585298,nan,2,2,0,0
1777318634471000,1777318634471000,47.39774205549845,8.545593854364867,488.00308,488.0044,0.019706387,2.4858131,2.585314,nan,2,2,0,0
1777318634479000,1777318634479000,47.397742056468644,8.54559385648782,488.00314,488.00446,0.019706387,2.4858277,2.5853183,nan,2,2,0,0
1777318634487000,1777318634487000,47.39774205726951,8.545593858678524,488.00314,488.0044,0.019706387,2.485502,2.585062,nan,2,2,0,0
1777318634495000,1777318634495000,47.39774205807069,8.545593860812977,488.00317,488.00443,0.019706387,2.4855156,2.5850773,nan,2,2,0,0
1777318634503000,1777318634503000,47.39774205884882,8.545593862893337,488.00317,488.00443,0.019706387,2.4855294,2.5850925,nan,2,2,0,0
1777318634511000,1777318634511000,47.39774205960402,8.545593864909216,488.0032,488.00446,0.019706387,2.4855433,2.5851083,nan,2,2,0,0
1777318634519000,1777318634519000,47.397742060352066,8.54559386685518,488.00323,488.0045,0.019706387,2.4855576,2.585124,nan,2,2,0,0
1777318634527000,1777318634527000,47.39774206109423,8.545593868759562,488.00327,488.00452,0.019706387,2.485572,2.585129,nan,2,2,0,0
1777318634535000,1777318634535000,47.397742061854885,8.545593870627876,488.0033,488.00455,0.019706387,2.4855866,2.5851452,nan,2,2,0,0
1777318634543000,1777318634543000,47.39774206213235,8.545593872373404,488.0033,488.0045,0.019706387,2.4852858,2.5849044,nan,2,2,0,0
1777318634551000,1777318634551000,47.3977420624141,8.54559387404786,488.0033,488.0045,0.019706387,2.4852996,2.5849197,nan,2,2,0,0
1777318634559000,1777318634559000,47.3977420627042,8.545593875647217,488.0033,488.0045,0.019706387,2.4853134,2.5849352,nan,2,2,0,0
1777318634567000,1777318634567000,47.39774206298956,8.545593877168361,488.00333,488.00452,0.019706387,2.4853277,2.584951,nan,2,2,0,0
1777318634575000,1777318634575000,47.397742063269654,8.545593878607743,488.00333,488.00452,0.019706387,2.485342,2.584967,nan,2,2,0,0
1777318634583000,1777318634583000,47.397742063553416,8.54559387998545,488.00336,488.00455,0.019706387,2.4853566,2.5849829,nan,2,2,0,0
1777318634591000,1777318634591000,47.39774206338746,8.545593881583937,488.00333,488.00443,0.019706387,2.485079,2.5847564,nan,2,2,0,0
1777318634599000,1777318634599000,47.39774206323973,8.545593883164571,488.00333,488.00443,0.019706387,2.4850926,2.5847716,nan,2,2,0,0
1777318634607000,1777318634607000,47.397742063112005,8.545593884692419,488.00333,488.00443,0.019706387,2.4851065,2.584787,nan,2,2,0,0
1777318634615000,1777318634615000,47.39774206299078,8.54559388615811,488.00333,488.00443,0.019706387,2.4851205,2.5848026,nan,2,2,0,0
1777318634623000,1777318634623000,47.39774206286903,8.545593887583445,488.00333,488.00443,0.019706387,2.485135,2.5848184,nan,2,2,0,0
1777318634631000,1777318634631000,47.39774206275604,8.545593888975226,488.0033,488.0044,0.019706387,2.4851496,2.5848248,nan,2,2,0,0
1777318634639000,1777318634639000,47.3977420626735,8.54559389030641,488.0033,488.0044,0.019706387,2.4851644,2.584841,nan,2,2,0,0
1777318634647000,1777318634647000,47.39774206234662,8.545593891826718,488.00327,488.00427,0.019706387,2.484905,2.5846262,nan,2,2,0,0
1777318634655000,1777318634655000,47.39774206205994,8.545593893273193,488.00323,488.00424,0.019706387,2.4849188,2.5846415,nan,2,2,0,0
1777318634663000,1777318634663000,47.39774206180593,8.545593894634097,488.00323,488.00424,0.019706387,2.484933,2.584657,nan,2,2,0,0
1777318634671000,1777318634671000,47.39774206155216,8.545593895953457,488.0032,488.0042,0.019706387,2.4849472,2.5846727,nan,2,2,0,0
1777318634679000,1777318634679000,47.39774206130067,8.545593897204265,488.00317,488.00418,0.019706387,2.4849617,2.5846794,nan,2,2,0,0
1777318634687000,1777318634687000,47.397742061082965,8.545593898384778,488.00317,488.00418,0.019706387,2.4849765,2.5846956,nan,2,2,0,0
1777318634695000,1777318634695000,47.39774206087996,8.545593899495568,488.00314,488.00415,0.019706387,2.4849913,2.5847118,nan,2,2,0,0
1777318634703000,1777318634703000,47.39774206028113,8.545593900723874,488.0031,488.00415,0.019706387,2.484748,2.5845075,nan,2,2,0,0
1777318634711000,1777318634711000,47.39774205969508,8.545593901895293,488.0031,488.00415,0.019706387,2.4847617,2.5845227,nan,2,2,0,0
1777318634719000,1777318634719000,47.39774205914885,8.545593903019457,488.00308,488.00412,0.019706387,2.484776,2.5845385,nan,2,2,0,0
1777318634727000,1777318634727000,47.39774205863296,8.545593904091238,488.00308,488.00412,0.019706387,2.4847906,2.5845454,nan,2,2,0,0
1777318634735000,1777318634735000,47.397742058146356,8.545593905121782,488.00308,488.00412,0.019706387,2.4848053,2.5845613,nan,2,2,0,0
1777318634743000,1777318634743000,47.39774205766917,8.545593906131824,488.00305,488.0041,0.019706387,2.4848201,2.5845776,nan,2,2,0,0
1777318634751000,1777318634751000,47.39774205682551,8.545593907055284,488.00305,488.0041,0.019706387,2.4845922,2.5843842,nan,2,2,0,0
1777318634759000,1777318634759000,47.39774205601597,8.545593907952401,488.00305,488.0041,0.019706387,2.4846063,2.5843995,nan,2,2,0,0
1777318634767000,1777318634767000,47.39774205524508,8.545593908817512,488.00305,488.0041,0.019706387,2.4846206,2.584415,nan,2,2,0,0
1777318634775000,1777318634775000,47.397742054510815,8.545593909649515,488.00305,488.0041,0.019706387,2.4846349,2.5844307,nan,2,2,0,0
1777318634783000,1777318634783000,47.39774205379402,8.545593910473707,488.00305,488.0041,0.019706387,2.4846497,2.5844467,nan,2,2,0,0
1777318634791000,1777318634791000,47.397742053095975,8.545593911280402,488.00305,488.0041,0.019706387,2.4846644,2.5844626,nan,2,2,0,0
1777318634799000,1777318634799000,47.39774205220592,8.545593912151746,488.00302,488.004,0.019706387,2.48445,2.5842783,nan,2,2,0,0
1777318634807000,1777318634807000,47.39774205132116,8.545593913011015,488.00302,488.004,0.019706387,2.4844642,2.5842936,nan,2,2,0,0
1777318634815000,1777318634815000,47.397742050470946,8.54559391385773,488.00302,488.004,0.019706387,2.4844785,2.584309,nan,2,2,0,0
1777318634823000,1777318634823000,47.39774204966509,8.545593914696221,488.00302,488.004,0.019706387,2.4844928,2.5843246,nan,2,2,0,0
1777318634831000,1777318634831000,47.397742048894905,8.54559391552315,488.003,488.00397,0.019706387,2.4845073,2.5843325,nan,2,2,0,0
1777318634839000,1777318634839000,47.39774204815766,8.54559391629957,488.003,488.00397,0.019706387,2.484522,2.5843484,nan,2,2,0,0
1777318634847000,1777318634847000,47.39774204744608,8.545593917070557,488.003,488.00397,0.019706387,2.4845374,2.5843647,nan,2,2,0,0
1777318634855000,1777318634855000,47.39774204656188,8.545593918073429,488.00296,488.00388,0.019706387,2.4843335,2.5841877,nan,2,2,0,0
1777318634863000,1777318634863000,47.397742045692794,8.545593919035959,488.00293,488.00385,0.019706387,2.4843478,2.584203,nan,2,2,0,0
1777318634871000,1777318634871000,47.3977420448532,8.545593919954634,488.0029,488.0038,0.019706387,2.4843621,2.5842185,nan,2,2,0,0
1777318634879000,1777318634879000,47.39774204403975,8.54559392083669,488.00287,488.00378,0.019706387,2.4843767,2.5842266,nan,2,2,0,0
1777318634887000,1777318634887000,47.39774204324567,8.545593921698234,488.00287,488.00378,0.019706387,2.4843917,2.5842426,nan,2,2,0,0
1777318634895000,1777318634895000,47.3977420424891,8.545593922553968,488.00284,488.00375,0.019706387,2.4844065,2.5842586,nan,2,2,0,0
1777318634903000,1777318634903000,47.397742041733494,8.54559392336132,488.0028,488.00366,0.019706387,2.4842136,2.5840898,nan,2,2,0,0
1777318634911000,1777318634911000,47.39774204099587,8.545593924157536,488.00278,488.00363,0.019706387,2.484228,2.584105,nan,2,2,0,0
1777318634919000,1777318634919000,47.39774204028945,8.545593924938828,488.00272,488.00357,0.019706387,2.4842422,2.5841203,nan,2,2,0,0
1777318634927000,1777318634927000,47.397742039621576,8.54559392571189,488.0027,488.00354,0.019706387,2.484257,2.5841289,nan,2,2,0,0
1777318634935000,1777318634935000,47.397742038981065,8.54559392646413,488.00266,488.0035,0.019706387,2.4842718,2.5841446,nan,2,2,0,0
1777318634943000,1777318634943000,47.3977420383852,8.545593927236194,488.00262,488.00348,0.019706387,2.4842868,2.5841603,nan,2,2,0,0
1777318634951000,1777318634951000,47.397742037830405,8.545593928031046,488.0026,488.00345,0.019706387,2.484302,2.5841765,nan,2,2,0,0
1777318634959000,1777318634959000,47.39774203713527,8.545593928865829,488.00253,488.00327,0.019706387,2.4841173,2.5840137,nan,2,2,0,0
1777318634967000,1777318634967000,47.39774203647393,8.545593929684435,488.00247,488.0032,0.019706387,2.4841316,2.584029,nan,2,2,0,0
1777318634975000,1777318634975000,47.39774203584547,8.545593930490568,488.0024,488.00314,0.019706387,2.484146,2.5840445,nan,2,2,0,0
1777318634983000,1777318634983000,47.39774203523422,8.545593931275446,488.00235,488.00308,0.019706387,2.484161,2.58406,nan,2,2,0,0
1777318634991000,1777318634991000,47.397742034649504,8.545593932051828,488.0023,488.00302,0.019706387,2.4841762,2.584076,nan,2,2,0,0
1777318634999000,1777318634999000,47.39774203410701,8.545593932831263,488.00223,488.00296,0.019706387,2.4841914,2.584092,nan,2,2,0,0
1777318635007000,1777318635007000,47.39774203355981,8.54559393364308,488.00217,488.0028,0.019706387,2.4840152,2.5839353,nan,2,2,0,0
1777318635015000,1777318635015000,47.39774203300499,8.54559393445384,488.00208,488.00272,0.019706387,2.4840295,2.5839505,nan,2,2,0,0
1777318635023000,1777318635023000,47.3977420324559,8.545593935267991,488.002,488.00266,0.019706387,2.4840443,2.5839658,nan,2,2,0,0
1777318635031000,1777318635031000,47.39774203192826,8.545593936074793,488.00195,488.0026,0.019706387,2.484059,2.5839748,nan,2,2,0,0
1777318635039000,1777318635039000,47.39774203141933,8.545593936869478,488.0019,488.00253,0.019706387,2.484074,2.5839906,nan,2,2,0,0
1777318635047000,1777318635047000,47.397742030944464,8.545593937655687,488.00183,488.00247,0.019706387,2.4840894,2.5840063,nan,2,2,0,0
1777318635055000,1777318635055000,47.397742030513314,8.545593938460533,488.00177,488.0024,0.019706387,2.4841049,2.5840225,nan,2,2,0,0
1777318635063000,1777318635063000,47.39774203019631,8.545593939310981,488.0017,488.00232,0.019706387,2.4839349,2.5838704,nan,2,2,0,0
1777318635071000,1777318635071000,47.3977420299196,8.545593940155863,488.00165,488.00226,0.019706387,2.4839494,2.583886,nan,2,2,0,0
1777318635079000,1777318635079000,47.39774202966374,8.545593941054072,488.0016,488.0022,0.019706387,2.4839644,2.583895,nan,2,2,0,0
1777318635087000,1777318635087000,47.397742029416655,8.545593941954376,488.00153,488.00214,0.019706387,2.4839795,2.5839105,nan,2,2,0,0
1777318635095000,1777318635095000,47.397742029167404,8.545593942849552,488.00146,488.00208,0.019706387,2.4839947,2.5839264,nan,2,2,0,0
1777318635103000,1777318635103000,47.39774202892681,8.545593943757433,488.0014,488.002,0.019706387,2.4840102,2.5839424,nan,2,2,0,0
1777318635111000,1777318635111000,47.397742028766835,8.545593944594382,488.00134,488.002,0.019706387,2.4838474,2.583796,nan,2,2,0,0
1777318635119000,1777318635119000,47.39774202862407,8.545593945449001,488.0013,488.00198,0.019706387,2.4838622,2.5838113,nan,2,2,0,0
1777318635127000,1777318635127000,47.397742028494186,8.54559394630499,488.00125,488.00192,0.019706387,2.483877,2.5838206,nan,2,2,0,0
1777318635135000,1777318635135000,47.39774202838784,8.545593947192152,488.00122,488.0019,0.019706387,2.483892,2.583836,nan,2,2,0,0
1777318635143000,1777318635143000,47.39774202829808,8.545593948095242,488.00116,488.00183,0.019706387,2.4839072,2.5838518,nan,2,2,0,0
1777318635151000,1777318635151000,47.39774202822464,8.545593949000029,488.00113,488.0018,0.019706387,2.4839227,2.5838675,nan,2,2,0,0
1777318635159000,1777318635159000,47.39774202815801,8.545593949879695,488.00107,488.00174,0.019706387,2.4839385,2.5838838,nan,2,2,0,0
1777318635167000,1777318635167000,47.397742028035736,8.545593950589375,488.00104,488.00174,0.019706387,2.4837806,2.5837414,nan,2,2,0,0
1777318635175000,1777318635175000,47.39774202793743,8.545593951277095,488.001,488.0017,0.019706387,2.4837954,2.5837567,nan,2,2,0,0
1777318635183000,1777318635183000,47.39774202786161,8.545593951962328,488.00098,488.00168,0.019706387,2.4838107,2.583772,nan,2,2,0,0
1777318635191000,1777318635191000,47.39774202781044,8.54559395263424,488.00095,488.00165,0.019706387,2.483826,2.5837877,nan,2,2,0,0
1777318635199000,1777318635199000,47.3977420277767,8.545593953284737,488.00092,488.00162,0.019706387,2.4838414,2.5838034,nan,2,2,0,0
1777318635207000,1777318635207000,47.39774202775808,8.545593953938365,488.0009,488.0016,0.019706387,2.483857,2.5838194,nan,2,2,0,0
1777318635215000,1777318635215000,47.39774202776242,8.545593954600191,488.0009,488.0016,0.019706387,2.483873,2.5838356,nan,2,2,0,0
1777318635223000,1777318635223000,47.39774202770761,8.545593955277559,488.00085,488.0016,0.019706387,2.4837193,2.5836961,nan,2,2,0,0
1777318635231000,1777318635231000,47.39774202765762,8.545593955961966,488.00082,488.00156,0.019706387,2.4837344,2.583706,nan,2,2,0,0
1777318635239000,1777318635239000,47.39774202762988,8.545593956646528,488.00082,488.00156,0.019706387,2.4837499,2.5837214,nan,2,2,0,0
1777318635247000,1777318635247000,47.39774202762532,8.54559395732429,488.0008,488.00153,0.019706387,2.4837654,2.5837371,nan,2,2,0,0
1777318635255000,1777318635255000,47.39774202764263,8.54559395802203,488.0008,488.00153,0.019706387,2.483781,2.5837529,nan,2,2,0,0
1777318635263000,1777318635263000,47.39774202768385,8.54559395872754,488.00076,488.0015,0.019706387,2.4837968,2.5837688,nan,2,2,0,0
1777318635271000,1777318635271000,47.39774202766393,8.545593959444854,488.0008,488.00162,0.019706387,2.4836488,2.5836344,nan,2,2,0,0
1777318635279000,1777318635279000,47.397742027650146,8.545593960188246,488.0008,488.00162,0.019706387,2.4836638,2.5836496,nan,2,2,0,0
1777318635287000,1777318635287000,47.397742027655156,8.545593960945947,488.0008,488.00162,0.019706387,2.483679,2.5836651,nan,2,2,0,0
1777318635295000,1777318635295000,47.39774202768256,8.545593961690322,488.0008,488.00162,0.019706387,2.4836948,2.5836806,nan,2,2,0,0
1777318635303000,1777318635303000,47.39774202771694,8.545593962398256,488.00082,488.00165,0.019706387,2.4837105,2.5836964,nan,2,2,0,0
1777318635311000,1777318635311000,47.39774202776225,8.545593963087173,488.00082,488.00165,0.019706387,2.4837263,2.5837123,nan,2,2,0,0
1777318635319000,1777318635319000,47.397742027636426,8.54559396388004,488.00085,488.00177,0.019706387,2.4835832,2.5835814,nan,2,2,0,0
1777318635327000,1777318635327000,47.39774202753064,8.545593964664704,488.0009,488.0018,0.019706387,2.4835982,2.5835912,nan,2,2,0,0
1777318635335000,1777318635335000,47.39774202744637,8.545593965471545,488.00092,488.00183,0.019706387,2.4836137,2.5836067,nan,2,2,0,0
1777318635343000,1777318635343000,47.39774202742102,8.545593966325695,488.00095,488.00186,0.019706387,2.4836292,2.5836222,nan,2,2,0,0
1777318635351000,1777318635351000,47.39774202743491,8.545593967193618,488.00098,488.0019,0.019706387,2.483645,2.583638,nan,2,2,0,0
1777318635359000,1777318635359000,47.397742027480504,8.54559396805888,488.001,488.00192,0.019706387,2.483661,2.583654,nan,2,2,0,0
1777318635367000,1777318635367000,47.39774202752662,8.545593968895616,488.00104,488.00195,0.019706387,2.4836771,2.58367,nan,2,2,0,0
1777318635375000,1777318635375000,47.39774202740047,8.545593969691767,488.00107,488.002,0.019706387,2.4835367,2.5835416,nan,2,2,0,0
1777318635383000,1777318635383000,47.397742027294285,8.545593970502928,488.0011,488.00204,0.019706387,2.4835522,2.583557,nan,2,2,0,0
1777318635391000,1777318635391000,47.39774202722937,8.545593971315355,488.00113,488.00208,0.019706387,2.4835677,2.5835724,nan,2,2,0,0
1777318635399000,1777318635399000,47.39774202718945,8.545593972132004,488.00116,488.0021,0.019706387,2.4835837,2.583588,nan,2,2,0,0
1777318635407000,1777318635407000,47.39774202715781,8.545593972954368,488.00122,488.00217,0.019706387,2.4835997,2.5836039,nan,2,2,0,0
1777318635415000,1777318635415000,47.39774202714034,8.545593973793318,488.00125,488.0022,0.019706387,2.4836159,2.5836196,nan,2,2,0,0
1777318635423000,1777318635423000,47.397742027151466,8.545593974642946,488.00128,488.00223,0.019706387,2.4836323,2.5836358,nan,2,2,0,0
1777318635431000,1777318635431000,47.397742026893866,8.54559397545342,488.00128,488.0022,0.019706387,2.4834945,2.5835044,nan,2,2,0,0
1777318635439000,1777318635439000,47.397742026657255,8.545593976278468,488.0013,488.00223,0.019706387,2.48351,2.5835197,nan,2,2,0,0
1777318635447000,1777318635447000,47.39774202643807,8.545593977107528,488.0013,488.00223,0.019706387,2.4835258,2.5835352,nan,2,2,0,0
1777318635455000,1777318635455000,47.39774202622437,8.54559397795212,488.00134,488.00226,0.019706387,2.483542,2.583551,nan,2,2,0,0
1777318635463000,1777318635463000,47.397742026017546,8.545593978773786,488.00134,488.00226,0.019706387,2.4835582,2.583567,nan,2,2,0,0
1777318635471000,1777318635471000,47.39774202581402,8.545593979569132,488.00137,488.0023,0.019706387,2.4835746,2.5835829,nan,2,2,0,0
1777318635479000,1777318635479000,47.39774202534424,8.545593980334187,488.00137,488.0023,0.019706387,2.4834406,2.5834599,nan,2,2,0,0
1777318635487000,1777318635487000,47.39774202490848,8.54559398108709,488.00137,488.0023,0.019706387,2.4834561,2.5834754,nan,2,2,0,0
1777318635495000,1777318635495000,47.3977420244944,8.545593981824243,488.00137,488.0023,0.019706387,2.483472,2.5834908,nan,2,2,0,0
1777318635503000,1777318635503000,47.3977420240933,8.545593982563837,488.0014,488.00232,0.019706387,2.483488,2.5835066,nan,2,2,0,0
1777318635511000,1777318635511000,47.39774202371501,8.545593983278021,488.0014,488.00232,0.019706387,2.4835045,2.5835223,nan,2,2,0,0
1777318635519000,1777318635519000,47.397742023361786,8.545593983979677,488.00143,488.00235,0.019706387,2.483521,2.5835383,nan,2,2,0,0
1777318635527000,1777318635527000,47.39774202285524,8.545593984642517,488.0014,488.0023,0.019706387,2.4833906,2.5834134,nan,2,2,0,0
1777318635535000,1777318635535000,47.39774202235144,8.5455939853358,488.0014,488.0023,0.019706387,2.483406,2.5834286,nan,2,2,0,0
1777318635543000,1777318635543000,47.39774202187967,8.545593986035781,488.0014,488.0023,0.019706387,2.483422,2.583444,nan,2,2,0,0
1777318635551000,1777318635551000,47.39774202143042,8.545593986731918,488.00137,488.00226,0.019706387,2.4834383,2.5834596,nan,2,2,0,0
1777318635559000,1777318635559000,47.39774202101003,8.545593987409477,488.00137,488.00226,0.019706387,2.4834545,2.5834754,nan,2,2,0,0
1777318635567000,1777318635567000,47.397742020616604,8.545593988114604,488.00137,488.00226,0.019706387,2.4834712,2.583491,nan,2,2,0,0
1777318635575000,1777318635575000,47.397742020243,8.545593988823603,488.00137,488.00226,0.019706387,2.4834878,2.5835073,nan,2,2,0,0
1777318635583000,1777318635583000,47.39774201973472,8.54559398957938,488.00134,488.00223,0.019706387,2.4833589,2.5833843,nan,2,2,0,0
1777318635591000,1777318635591000,47.39774201924756,8.545593990346001,488.00134,488.00223,0.019706387,2.4833748,2.5833995,nan,2,2,0,0
1777318635599000,1777318635599000,47.397742018771936,8.54559399109738,488.0013,488.0022,0.019706387,2.483391,2.583415,nan,2,2,0,0
1777318635607000,1777318635607000,47.397742018316414,8.545593991810364,488.0013,488.0022,0.019706387,2.4834073,2.5834308,nan,2,2,0,0
1777318635615000,1777318635615000,47.397742017892526,8.54559399250316,488.0013,488.0022,0.019706387,2.483424,2.5834465,nan,2,2,0,0
1777318635623000,1777318635623000,47.397742017476915,8.54559399321315,488.0013,488.0022,0.019706387,2.4834409,2.5834625,nan,2,2,0,0
1777318635631000,1777318635631000,47.397742016925726,8.545593993983385,488.0013,488.0022,0.019706387,2.4833148,2.5833426,nan,2,2,0,0
1777318635639000,1777318635639000,47.397742016373854,8.54559399473628,488.0013,488.0022,0.019706387,2.4833307,2.5833578,nan,2,2,0,0
1777318635647000,1777318635647000,47.39774201582787,8.545593995462742,488.0013,488.0022,0.019706387,2.483347,2.583373,nan,2,2,0,0
1777318635655000,1777318635655000,47.39774201530564,8.54559399615768,488.0013,488.0022,0.019706387,2.4833634,2.5833888,nan,2,2,0,0
1777318635663000,1777318635663000,47.397742014816096,8.545593996836253,488.0013,488.0022,0.019706387,2.48338,2.5834043,nan,2,2,0,0
1777318635671000,1777318635671000,47.39774201435069,8.545593997516553,488.0013,488.0022,0.019706387,2.483397,2.5834203,nan,2,2,0,0
1777318635679000,1777318635679000,47.39774201391785,8.545593998205117,488.0013,488.0022,0.019706387,2.483414,2.5834363,nan,2,2,0,0
1777318635687000,1777318635687000,47.39774201336528,8.545593998936555,488.00128,488.0021,0.019706387,2.483289,2.5833225,nan,2,2,0,0
1777318635695000,1777318635695000,47.39774201283439,8.54559399968951,488.00128,488.0021,0.019706387,2.4833052,2.5833378,nan,2,2,0,0
1777318635703000,1777318635703000,47.39774201232881,8.545594000456678,488.00128,488.0021,0.019706387,2.4833217,2.5833533,nan,2,2,0,0
1777318635711000,1777318635711000,47.39774201183714,8.545594001217504,488.00128,488.0021,0.019706387,2.4833384,2.583369,nan,2,2,0,0
1777318635719000,1777318635719000,47.39774201136267,8.545594001990441,488.00125,488.00208,0.019706387,2.4833553,2.5833848,nan,2,2,0,0
1777318635727000,1777318635727000,47.397742010896046,8.545594002765206,488.00128,488.0021,0.019706387,2.4833724,2.5833957,nan,2,2,0,0
1777318635735000,1777318635735000,47.3977420104248,8.545594003683235,488.00125,488.00195,0.019706387,2.48325,2.5832846,nan,2,2,0,0
1777318635743000,1777318635743000,47.397742009967025,8.545594004601702,488.00122,488.00192,0.019706387,2.4832664,2.5832999,nan,2,2,0,0
1777318635751000,1777318635751000,47.39774200953631,8.545594005519137,488.00122,488.00192,0.019706387,2.4832828,2.5833154,nan,2,2,0,0
1777318635759000,1777318635759000,47.39774200910823,8.545594006440183,488.00122,488.00192,0.019706387,2.4832995,2.5833309,nan,2,2,0,0
1777318635767000,1777318635767000,47.39774200869869,8.545594007367209,488.0012,488.0019,0.019706387,2.4833167,2.5833466,nan,2,2,0,0
1777318635775000,1777318635775000,47.3977420083318,8.545594008282142,488.00116,488.00186,0.019706387,2.4833338,2.5833623,nan,2,2,0,0
1777318635783000,1777318635783000,47.39774200800764,8.545594009188244,488.00116,488.00186,0.019706387,2.483351,2.5833738,nan,2,2,0,0
1777318635791000,1777318635791000,47.39774200767205,8.545594010012792,488.0011,488.00162,0.019706387,2.4832294,2.5832636,nan,2,2,0,0
1777318635799000,1777318635799000,47.397742007359895,8.545594010849218,488.00104,488.00156,0.019706387,2.4832458,2.583279,nan,2,2,0,0
1777318635807000,1777318635807000,47.397742007070974,8.54559401171091,488.00098,488.0015,0.019706387,2.4832628,2.5832944,nan,2,2,0,0
1777318635815000,1777318635815000,47.39774200680694,8.54559401261872,488.00092,488.00143,0.019706387,2.4832797,2.5833101,nan,2,2,0,0
1777318635823000,1777318635823000,47.39774200656872,8.545594013553565,488.0009,488.0014,0.019706387,2.4832969,2.5833259,nan,2,2,0,0
1777318635831000,1777318635831000,47.39774200636539,8.545594014531654,488.00082,488.00134,0.019706387,2.4833143,2.5833373,nan,2,2,0,0
1777318635839000,1777318635839000,47.39774200607238,8.545594015429735,488.00073,488.00113,0.019706387,2.4831948,2.5832293,nan,2,2,0,0
1777318635847000,1777318635847000,47.397742005812354,8.545594016327545,488.00067,488.00107,0.019706387,2.4832115,2.5832446,nan,2,2,0,0
1777318635855000,1777318635855000,47.3977420055878,8.54559401720384,488.00058,488.00098,0.019706387,2.4832282,2.58326,nan,2,2,0,0
1777318635863000,1777318635863000,47.39774200538952,8.545594018045536,488.00052,488.00092,0.019706387,2.4832454,2.5832758,nan,2,2,0,0
1777318635871000,1777318635871000,47.39774200519561,8.545594018896466,488.00043,488.00082,0.019706387,2.4832625,2.5832915,nan,2,2,0,0
1777318635879000,1777318635879000,47.39774200500437,8.545594019759111,488.00037,488.00076,0.019706387,2.48328,2.5833027,nan,2,2,0,0
1777318635887000,1777318635887000,47.39774200481646,8.545594020630368,488.00027,488.00067,0.019706387,2.4832978,2.5833187,nan,2,2,0,0
1777318635895000,1777318635895000,47.39774200461266,8.545594021512352,488.0002,488.00052,0.019706387,2.4831784,2.583212,nan,2,2,0,0
1777318635903000,1777318635903000,47.3977420044213,8.545594022406204,488.00012,488.00043,0.019706387,2.4831953,2.5832272,nan,2,2,0,0
1777318635911000,1777318635911000,47.39774200423978,8.545594023306217,488.00003,488.00034,0.019706387,2.4832125,2.5832427,nan,2,2,0,0
1777318635919000,1777318635919000,47.39774200407823,8.54559402423084,487.99997,488.00027,0.019706387,2.4832296,2.5832584,nan,2,2,0,0
1777318635927000,1777318635927000,47.39774200392569,8.5455940251606,487.99988,488.00018,0.019706387,2.4832473,2.5832698,nan,2,2,0,0
1777318635935000,1777318635935000,47.39774200378103,8.545594026102062,487.99982,488.00012,0.019706387,2.4832652,2.5832856,nan,2,2,0,0
1777318635943000,1777318635943000,47.3977420036009,8.545594027041584,487.99973,487.9999,0.019706387,2.4831479,2.5831807,nan,2,2,0,0
1777318635951000,1777318635951000,47.39774200343639,8.54559402798723,487.99963,487.99982,0.019706387,2.4831645,2.5831962,nan,2,2,0,0
1777318635959000,1777318635959000,47.397742003278935,8.545594028946919,487.99954,487.99973,0.019706387,2.4831817,2.5832117,nan,2,2,0,0
1777318635967000,1777318635967000,47.39774200312579,8.545594029910792,487.99945,487.99963,0.019706387,2.4831991,2.5832272,nan,2,2,0,0
1777318635975000,1777318635975000,47.397742002987954,8.54559403089712,487.9994,487.99957,0.019706387,2.4832168,2.583243,nan,2,2,0,0
1777318635983000,1777318635983000,47.39774200286396,8.545594031910115,487.9993,487.99948,0.019706387,2.4832346,2.5832543,nan,2,2,0,0
1777318635991000,1777318635991000,47.39774200276103,8.545594032920585,487.9992,487.9994,0.019706387,2.4832525,2.5832703,nan,2,2,0,0
1777318635999000,1777318635999000,47.39774200254229,8.545594033886944,487.9991,487.9992,0.019706387,2.4831352,2.5831664,nan,2,2,0,0
1777318636007000,1777318636007000,47.39774200234387,8.54559403484771,487.99902,487.9991,0.019706387,2.4831524,2.5831816,nan,2,2,0,0
1777318636015000,1777318636015000,47.39774200215538,8.545594035803935,487.99893,487.99902,0.019706387,2.4831698,2.583197,nan,2,2,0,0
1777318636023000,1777318636023000,47.39774200196144,8.545594036775443,487.99884,487.99893,0.019706387,2.4831874,2.5832129,nan,2,2,0,0
1777318636031000,1777318636031000,47.397742001757315,8.545594037725072,487.99875,487.99884,0.019706387,2.4832053,2.5832243,nan,2,2,0,0
1777318636039000,1777318636039000,47.39774200156926,8.545594038673476,487.99866,487.99875,0.019706387,2.4832234,2.5832403,nan,2,2,0,0
1777318636047000,1777318636047000,47.397742001388316,8.545594039647805,487.99857,487.99866,0.019706387,2.4832418,2.5832565,nan,2,2,0,0
1777318636055000,1777318636055000,47.39774200115421,8.545594040475608,487.99844,487.99844,0.019706387,2.4831243,2.583153,nan,2,2,0,0
1777318636063000,1777318636063000,47.397742000915116,8.545594041313096,487.99835,487.99835,0.019706387,2.483142,2.5831683,nan,2,2,0,0
1777318636071000,1777318636071000,47.39774200069068,8.545594042215152,487.99823,487.99823,0.019706387,2.4831595,2.583184,nan,2,2,0,0
1777318636079000,1777318636079000,47.39774200047319,8.545594043183343,487.99814,487.99814,0.019706387,2.4831774,2.5831954,nan,2,2,0,0
1777318636087000,1777318636087000,47.397742000255384,8.545594044182392,487.99802,487.99802,0.019706387,2.4831955,2.5832114,nan,2,2,0,0
1777318636095000,1777318636095000,47.39774200004906,8.545594045192836,487.99792,487.99792,0.019706387,2.483214,2.5832274,nan,2,2,0,0
1777318636103000,1777318636103000,47.3977419998129,8.545594045976108,487.9978,487.99777,0.019706387,2.483098,2.5831256,nan,2,2,0,0
1777318636111000,1777318636111000,47.397741999557915,8.545594046760666,487.9977,487.99768,0.019706387,2.4831154,2.583141,nan,2,2,0,0
1777318636119000,1777318636119000,47.397741999300315,8.545594047560726,487.9976,487.99756,0.019706387,2.483133,2.5831566,nan,2,2,0,0
1777318636127000,1777318636127000,47.39774199904597,8.545594048376946,487.99747,487.99744,0.019706387,2.4831512,2.583168,nan,2,2,0,0
1777318636135000,1777318636135000,47.39774199878958,8.545594049204787,487.99738,487.99734,0.019706387,2.4831693,2.583184,nan,2,2,0,0
1777318636143000,1777318636143000,47.39774199852852,8.545594050030855,487.99725,487.99722,0.019706387,2.4831877,2.5832,nan,2,2,0,0
1777318636151000,1777318636151000,47.39774199827779,8.545594050859574,487.99716,487.99713,0.019706387,2.4832063,2.583216,nan,2,2,0,0
1777318636159000,1777318636159000,47.397741998104465,8.54559405140535,487.99704,487.997,0.019706387,2.4830902,2.5831149,nan,2,2,0,0
1777318636167000,1777318636167000,47.39774199793,8.545594051942812,487.99695,487.99692,0.019706387,2.4831078,2.5831304,nan,2,2,0,0
1777318636175000,1777318636175000,47.39774199776102,8.545594052471513,487.99686,487.99683,0.019706387,2.483126,2.5831459,nan,2,2,0,0
1777318636183000,1777318636183000,47.39774199760231,8.54559405302403,487.99677,487.99673,0.019706387,2.483144,2.5831575,nan,2,2,0,0
1777318636191000,1777318636191000,47.39774199744791,8.545594053618311,487.99667,487.99664,0.019706387,2.4831626,2.5831735,nan,2,2,0,0
1777318636199000,1777318636199000,47.3977419973058,8.545594054218235,487.99658,487.99655,0.019706387,2.4831812,2.5831895,nan,2,2,0,0
1777318636207000,1777318636207000,47.39774199724999,8.545594054748136,487.99646,487.9964,0.019706387,2.4830666,2.5830898,nan,2,2,0,0
1777318636215000,1777318636215000,47.397741997186266,8.545594055285521,487.99637,487.9963,0.019706387,2.4830842,2.5831053,nan,2,2,0,0
1777318636223000,1777318636223000,47.39774199711119,8.545594055848461,487.99628,487.99622,0.019706387,2.4831023,2.5831208,nan,2,2,0,0
1777318636231000,1777318636231000,47.39774199703031,8.545594056423266,487.9962,487.99612,0.019706387,2.4831204,2.5831325,nan,2,2,0,0
1777318636239000,1777318636239000,47.39774199693855,8.545594056980784,487.9961,487.99603,0.019706387,2.483139,2.5831482,nan,2,2,0,0
1777318636247000,1777318636247000,47.397741996842385,8.545594057547198,487.996,487.99594,0.019706387,2.4831576,2.5831642,nan,2,2,0,0
1777318636255000,1777318636255000,47.39774199675338,8.545594058174911,487.9959,487.99582,0.019706387,2.4830441,2.5830662,nan,2,2,0,0
1777318636263000,1777318636263000,47.397741996684985,8.545594058817422,487.99582,487.99573,0.019706387,2.483062,2.5830815,nan,2,2,0,0
1777318636271000,1777318636271000,47.397741996603706,8.545594059473581,487.99573,487.99564,0.019706387,2.4830801,2.5830972,nan,2,2,0,0
1777318636279000,1777318636279000,47.39774199650119,8.545594060153869,487.99564,487.99554,0.019706387,2.4830985,2.583109,nan,2,2,0,0
1777318636287000,1777318636287000,47.397741996401194,8.545594060864433,487.99557,487.99548,0.019706387,2.4831169,2.5831246,nan,2,2,0,0
1777318636295000,1777318636295000,47.397741996310515,8.545594061574688,487.99548,487.9954,0.019706387,2.4831355,2.5831404,nan,2,2,0,0
1777318636303000,1777318636303000,47.397741996214144,8.545594062262362,487.9954,487.9953,0.019706387,2.4831545,2.5831566,nan,2,2,0,0
1777318636311000,1777318636311000,47.39774199609883,8.545594062970157,487.99533,487.9953,0.019706387,2.4830406,2.5830586,nan,2,2,0,0
1777318636319000,1777318636319000,47.39774199598194,8.545594063695122,487.99527,487.99524,0.019706387,2.4830587,2.583074,nan,2,2,0,0
1777318636327000,1777318636327000,47.397741995863676,8.545594064407457,487.9952,487.99518,0.019706387,2.483077,2.5830858,nan,2,2,0,0
1777318636335000,1777318636335000,47.39774199574863,8.545594065102826,487.99512,487.9951,0.019706387,2.4830954,2.5831015,nan,2,2,0,0
1777318636343000,1777318636343000,47.39774199564484,8.545594065804272,487.99506,487.99503,0.019706387,2.4831142,2.5831175,nan,2,2,0,0
1777318636351000,1777318636351000,47.397741995560814,8.54559406649963,487.995,487.99496,0.019706387,2.483133,2.5831335,nan,2,2,0,0
1777318636359000,1777318636359000,47.397741995508184,8.545594067216134,487.99493,487.9949,0.019706387,2.4831524,2.5831497,nan,2,2,0,0
1777318636367000,1777318636367000,47.39774199533422,8.54559406783324,487.99487,487.995,0.019706387,2.483038,2.583052,nan,2,2,0,0
1777318636375000,1777318636375000,47.39774199514179,8.54559406844383,487.99484,487.99496,0.019706387,2.483056,2.5830674,nan,2,2,0,0
1777318636383000,1777318636383000,47.39774199496111,8.545594069075404,487.9948,487.99493,0.019706387,2.4830747,2.5830793,nan,2,2,0,0
1777318636391000,1777318636391000,47.3977419948033,8.545594069702558,487.99475,487.99487,0.019706387,2.4830935,2.583095,nan,2,2,0,0
1777318636399000,1777318636399000,47.39774199468076,8.545594070334836,487.99472,487.99484,0.019706387,2.4831126,2.583111,nan,2,2,0,0
1777318636407000,1777318636407000,47.39774199455484,8.545594070996255,487.99466,487.99478,0.019706387,2.4831316,2.5831273,nan,2,2,0,0
1777318636415000,1777318636415000,47.397741994222315,8.545594071578014,487.99463,487.99478,0.019706387,2.4830184,2.583031,nan,2,2,0,0
1777318636423000,1777318636423000,47.39774199387699,8.545594072151925,487.9946,487.99475,0.019706387,2.4830368,2.5830464,nan,2,2,0,0
1777318636431000,1777318636431000,47.39774199351822,8.545594072707601,487.99457,487.99472,0.019706387,2.483055,2.583058,nan,2,2,0,0
1777318636439000,1777318636439000,47.39774199316004,8.54559407326653,487.99454,487.9947,0.019706387,2.483074,2.583074,nan,2,2,0,0
1777318636447000,1777318636447000,47.397741992825935,8.54559407384344,487.9945,487.99466,0.019706387,2.483093,2.5830898,nan,2,2,0,0
1777318636455000,1777318636455000,47.39774199252709,8.545594074429886,487.99448,487.99463,0.019706387,2.4831123,2.583106,nan,2,2,0,0
1777318636463000,1777318636463000,47.39774199222721,8.545594074979052,487.99445,487.9947,0.019706387,2.483,2.583011,nan,2,2,0,0
1777318636471000,1777318636471000,47.397741991910145,8.545594075491742,487.99445,487.9947,0.019706387,2.4830184,2.5830264,nan,2,2,0,0
1777318636479000,1777318636479000,47.39774199160017,8.545594076001834,487.99442,487.99466,0.019706387,2.483037,2.583038,nan,2,2,0,0
1777318636487000,1777318636487000,47.397741991307306,8.545594076514474,487.99442,487.99466,0.019706387,2.4830558,2.5830538,nan,2,2,0,0
1777318636495000,1777318636495000,47.39774199102012,8.545594077037977,487.99442,487.99466,0.019706387,2.4830747,2.5830698,nan,2,2,0,0
1777318636503000,1777318636503000,47.39774199074311,8.545594077604628,487.99442,487.99466,0.019706387,2.483094,2.5830858,nan,2,2,0,0
1777318636511000,1777318636511000,47.39774199047764,8.545594078177503,487.9944,487.99463,0.019706387,2.4831138,2.583102,nan,2,2,0,0
1777318636519000,1777318636519000,47.39774199022371,8.545594078709508,487.99442,487.99472,0.019706387,2.4830005,2.5830069,nan,2,2,0,0
1777318636527000,1777318636527000,47.39774198998306,8.545594079260692,487.99442,487.99472,0.019706387,2.483019,2.5830185,nan,2,2,0,0
1777318636535000,1777318636535000,47.39774198975491,8.545594079813593,487.99442,487.99472,0.019706387,2.483038,2.5830343,nan,2,2,0,0
1777318636543000,1777318636543000,47.39774198953355,8.54559408035035,487.99442,487.99472,0.019706387,2.483057,2.5830503,nan,2,2,0,0
1777318636551000,1777318636551000,47.397741989318796,8.54559408088066,487.99442,487.99472,0.019706387,2.4830763,2.5830662,nan,2,2,0,0
1777318636559000,1777318636559000,47.39774198911449,8.545594081417429,487.99442,487.99472,0.019706387,2.483096,2.5830822,nan,2,2,0,0
1777318636567000,1777318636567000,47.39774198890499,8.545594081835016,487.99445,487.9948,0.019706387,2.4829836,2.5829883,nan,2,2,0,0
1777318636575000,1777318636575000,47.39774198869668,8.545594082266376,487.99448,487.99484,0.019706387,2.4830022,2.583004,nan,2,2,0,0
1777318636583000,1777318636583000,47.39774198849112,8.545594082712435,487.9945,487.99487,0.019706387,2.483021,2.5830197,nan,2,2,0,0
1777318636591000,1777318636591000,47.3977419882874,8.54559408318641,487.9945,487.99487,0.019706387,2.4830403,2.5830355,nan,2,2,0,0
1777318636599000,1777318636599000,47.397741988110994,8.545594083675095,487.99454,487.9949,0.019706387,2.4830594,2.5830514,nan,2,2,0,0
1777318636607000,1777318636607000,47.3977419879617,8.54559408418719,487.99457,487.99493,0.019706387,2.4830792,2.5830674,nan,2,2,0,0
1777318636615000,1777318636615000,47.39774198780834,8.545594084726979,487.99457,487.99493,0.019706387,2.483099,2.5830839,nan,2,2,0,0
1777318636623000,1777318636623000,47.39774198754906,8.545594085155814,487.9946,487.99512,0.019706387,2.4829857,2.5829895,nan,2,2,0,0
1777318636631000,1777318636631000,47.39774198730133,8.545594085638685,487.99466,487.99518,0.019706387,2.4830046,2.5830014,nan,2,2,0,0
1777318636639000,1777318636639000,47.39774198707015,8.545594086112326,487.9947,487.9952,0.019706387,2.4830236,2.583017,nan,2,2,0,0
1777318636647000,1777318636647000,47.39774198682759,8.545594086574024,487.99472,487.99524,0.019706387,2.4830432,2.583033,nan,2,2,0,0
1777318636655000,1777318636655000,47.39774198657359,8.545594087031862,487.99475,487.99527,0.019706387,2.4830627,2.583049,nan,2,2,0,0
1777318636663000,1777318636663000,47.39774198631221,8.545594087486473,487.99478,487.9953,0.019706387,2.4830825,2.5830653,nan,2,2,0,0
1777318636671000,1777318636671000,47.39774198604199,8.5455940879527,487.9948,487.99533,0.019706387,2.4831026,2.5830817,nan,2,2,0,0
1777318636679000,1777318636679000,47.397741985666336,8.545594088166746,487.99484,487.99542,0.019706387,2.4829884,2.5829837,nan,2,2,0,0
1777318636687000,1777318636687000,47.39774198527881,8.545594088403758,487.99487,487.99545,0.019706387,2.4830077,2.5829992,nan,2,2,0,0
1777318636695000,1777318636695000,47.39774198490146,8.545594088662819,487.9949,487.99548,0.019706387,2.483027,2.5830152,nan,2,2,0,0
1777318636703000,1777318636703000,47.397741984523485,8.545594088963652,487.99493,487.9955,0.019706387,2.4830465,2.5830312,nan,2,2,0,0
1777318636711000,1777318636711000,47.39774198414417,8.545594089262753,487.99496,487.99554,0.019706387,2.4830663,2.5830474,nan,2,2,0,0
1777318636719000,1777318636719000,47.39774198378012,8.545594089555767,487.995,487.99557,0.019706387,2.4830863,2.5830636,nan,2,2,0,0
1777318636727000,1777318636727000,47.397741983403016,8.545594089692443,487.99503,487.99567,0.019706387,2.482973,2.5829668,nan,2,2,0,0
1777318636735000,1777318636735000,47.397741983016026,8.545594089870272,487.99506,487.9957,0.019706387,2.4829922,2.5829825,nan,2,2,0,0
1777318636743000,1777318636743000,47.39774198262014,8.545594090070312,487.99506,487.9957,0.019706387,2.4830117,2.5829983,nan,2,2,0,0
1777318636751000,1777318636751000,47.397741982236454,8.545594090276515,487.9951,487.99573,0.019706387,2.4830313,2.5830142,nan,2,2,0,0
1777318636759000,1777318636759000,47.397741981866325,8.545594090492282,487.99512,487.99576,0.019706387,2.483051,2.5830302,nan,2,2,0,0
1777318636767000,1777318636767000,47.397741981503266,8.545594090708432,487.99515,487.9958,0.019706387,2.483071,2.5830467,nan,2,2,0,0
1777318636775000,1777318636775000,47.397741981138594,8.545594090924581,487.99515,487.9958,0.019706387,2.4830914,2.5830631,nan,2,2,0,0
1777318636783000,1777318636783000,47.39774198078697,8.545594091068025,487.99518,487.9959,0.019706387,2.4829772,2.5829659,nan,2,2,0,0
1777318636791000,1777318636791000,47.397741980442696,8.545594091222112,487.9952,487.99594,0.019706387,2.4829965,2.5829816,nan,2,2,0,0
1777318636799000,1777318636799000,47.39774198011336,8.545594091399323,487.99524,487.99597,0.019706387,2.483016,2.5829976,nan,2,2,0,0
1777318636807000,1777318636807000,47.39774197978474,8.545594091599053,487.99524,487.99597,0.019706387,2.4830358,2.5830135,nan,2,2,0,0
1777318636815000,1777318636815000,47.39774197945435,8.545594091809612,487.99527,487.996,0.019706387,2.4830558,2.58303,nan,2,2,0,0
1777318636823000,1777318636823000,47.39774197910978,8.54559409203134,487.9953,487.99603,0.019706387,2.483076,2.5830462,nan,2,2,0,0
1777318636831000,1777318636831000,47.397741978773446,8.545594092290315,487.9953,487.996,0.019706387,2.4829628,2.58295,nan,2,2,0,0
1777318636839000,1777318636839000,47.39774197842539,8.545594092554511,487.99533,487.99603,0.019706387,2.4829822,2.5829659,nan,2,2,0,0
1777318636847000,1777318636847000,47.39774197808561,8.545594092806915,487.99533,487.99603,0.019706387,2.4830017,2.5829818,nan,2,2,0,0
1777318636855000,1777318636855000,47.397741977747955,8.545594093050225,487.99536,487.99606,0.019706387,2.4830215,2.5829978,nan,2,2,0,0
1777318636863000,1777318636863000,47.39774197739481,8.545594093303569,487.99536,487.99606,0.019706387,2.4830415,2.583014,nan,2,2,0,0
1777318636871000,1777318636871000,47.3977419770341,8.545594093591522,487.99536,487.99606,0.019706387,2.483062,2.5830302,nan,2,2,0,0
1777318636879000,1777318636879000,47.39774197660434,8.545594094010001,487.9954,487.99606,0.019706387,2.4829495,2.5829387,nan,2,2,0,0
1777318636887000,1777318636887000,47.39774197616679,8.545594094441498,487.9954,487.99606,0.019706387,2.4829688,2.5829544,nan,2,2,0,0
1777318636895000,1777318636895000,47.39774197571564,8.545594094910237,487.9954,487.99606,0.019706387,2.4829884,2.5829704,nan,2,2,0,0
1777318636903000,1777318636903000,47.397741975252,8.545594095409056,487.99542,487.9961,0.019706387,2.4830081,2.5829864,nan,2,2,0,0
1777318636911000,1777318636911000,47.39774197476531,8.545594095934305,487.99542,487.9961,0.019706387,2.4830282,2.5830026,nan,2,2,0,0
1777318636919000,1777318636919000,47.39774197427921,8.545594096500794,487.99542,487.9961,0.019706387,2.4830484,2.5830188,nan,2,2,0,0
1777318636927000,1777318636927000,47.39774197380512,8.545594097123272,487.99542,487.9961,0.019706387,2.483069,2.5830314,nan,2,2,0,0
1777318636935000,1777318636935000,47.39774197337377,8.545594097757247,487.99542,487.9961,0.019706387,2.4829552,2.5829396,nan,2,2,0,0
1777318636943000,1777318636943000,47.39774197294533,8.545594098403916,487.99542,487.9961,0.019706387,2.482975,2.5829554,nan,2,2,0,0
1777318636951000,1777318636951000,47.397741972532344,8.545594099048591,487.99542,487.9961,0.019706387,2.4829946,2.5829713,nan,2,2,0,0
1777318636959000,1777318636959000,47.397741972122176,8.545594099702488,487.9954,487.99606,0.019706387,2.4830146,2.5829875,nan,2,2,0,0
1777318636967000,1777318636967000,47.39774197172233,8.545594100366106,487.9954,487.99606,0.019706387,2.4830348,2.5830038,nan,2,2,0,0
1777318636975000,1777318636975000,47.39774197132367,8.545594101060288,487.9954,487.99606,0.019706387,2.4830554,2.5830202,nan,2,2,0,0
1777318636983000,1777318636983000,47.39774197090754,8.545594101777226,487.9954,487.99606,0.019706387,2.4830763,2.5830328,nan,2,2,0,0
1777318636991000,1777318636991000,47.39774197044576,8.545594102364069,487.9954,487.99603,0.019706387,2.4829614,2.5829408,nan,2,2,0,0
1777318636999000,1777318636999000,47.397741969969644,8.545594102934245,487.99536,487.996,0.019706387,2.4829812,2.5829568,nan,2,2,0,0
1777318637007000,1777318637007000,47.39774196948152,8.545594103472586,487.99536,487.996,0.019706387,2.4830012,2.5829728,nan,2,2,0,0
1777318637015000,1777318637015000,47.39774196897802,8.545594104016036,487.99536,487.996,0.019706387,2.4830215,2.582989,nan,2,2,0,0
1777318637023000,1777318637023000,47.39774196848022,8.545594104599154,487.99536,487.996,0.019706387,2.483042,2.5830054,nan,2,2,0,0
1777318637031000,1777318637031000,47.397741967996964,8.54559410520545,487.99536,487.996,0.019706387,2.4830625,2.583018,nan,2,2,0,0
1777318637039000,1777318637039000,47.397741967504935,8.545594105601298,487.99533,487.9959,0.019706387,2.4829488,2.5829268,nan,2,2,0,0
1777318637047000,1777318637047000,47.3977419670113,8.545594106024554,487.99533,487.9959,0.019706387,2.4829686,2.5829427,nan,2,2,0,0
1777318637055000,1777318637055000,47.39774196651113,8.545594106461877,487.9953,487.99588,0.019706387,2.4829884,2.5829587,nan,2,2,0,0
1777318637063000,1777318637063000,47.39774196601788,8.54559410691557,487.9953,487.99588,0.019706387,2.4830086,2.582975,nan,2,2,0,0
1777318637071000,1777318637071000,47.397741965520304,8.545594107395768,487.99527,487.99585,0.019706387,2.4830291,2.5829911,nan,2,2,0,0
1777318637079000,1777318637079000,47.397741965004,8.545594107893981,487.99527,487.99585,0.019706387,2.4830499,2.583004,nan,2,2,0,0
1777318637087000,1777318637087000,47.39774196449815,8.545594108392553,487.99524,487.99582,0.019706387,2.4830709,2.5830204,nan,2,2,0,0
1777318637095000,1777318637095000,47.39774196407476,8.545594108595724,487.9952,487.99573,0.019706387,2.4829557,2.582929,nan,2,2,0,0
1777318637103000,1777318637103000,47.39774196364913,8.545594108804684,487.9952,487.99573,0.019706387,2.4829757,2.5829449,nan,2,2,0,0
1777318637111000,1777318637111000,47.397741963217335,8.545594109008869,487.99518,487.9957,0.019706387,2.4829957,2.582961,nan,2,2,0,0
1777318637119000,1777318637119000,47.397741962785744,8.545594109219588,487.99515,487.99567,0.019706387,2.4830163,2.5829773,nan,2,2,0,0
1777318637127000,1777318637127000,47.39774196236675,8.545594109431049,487.99512,487.99564,0.019706387,2.483037,2.58299,nan,2,2,0,0
1777318637135000,1777318637135000,47.397741961947766,8.545594109640332,487.9951,487.9956,0.019706387,2.4830577,2.5830066,nan,2,2,0,0
1777318637143000,1777318637143000,47.39774196149115,8.54559410947099,487.99506,487.9955,0.019706387,2.4829435,2.5829158,nan,2,2,0,0
1777318637151000,1777318637151000,47.39774196103165,8.545594109330477,487.995,487.99545,0.019706387,2.4829636,2.5829318,nan,2,2,0,0
1777318637159000,1777318637159000,47.3977419605809,8.54559410921934,487.99496,487.99542,0.019706387,2.4829836,2.5829477,nan,2,2,0,0
1777318637167000,1777318637167000,47.39774196011435,8.5455941091403,487.99493,487.9954,0.019706387,2.483004,2.582964,nan,2,2,0,0
1777318637175000,1777318637175000,47.397741959641316,8.54559410909516,487.99487,487.99533,0.019706387,2.4830246,2.5829804,nan,2,2,0,0
1777318637183000,1777318637183000,47.397741959176855,8.545594109060714,487.99484,487.9953,0.019706387,2.4830456,2.5829933,nan,2,2,0,0
1777318637191000,1777318637191000,47.39774195872096,8.54559410868105,487.99478,487.9952,0.019706387,2.482932,2.5829031,nan,2,2,0,0
1777318637199000,1777318637199000,47.39774195828148,8.545594108357982,487.99475,487.99518,0.019706387,2.482952,2.5829191,nan,2,2,0,0
1777318637207000,1777318637207000,47.39774195784524,8.545594108093415,487.9947,487.99512,0.019706387,2.4829721,2.5829353,nan,2,2,0,0
1777318637215000,1777318637215000,47.39774195741507,8.545594107892496,487.99466,487.9951,0.019706387,2.4829924,2.5829515,nan,2,2,0,0
1777318637223000,1777318637223000,47.397741956971146,8.545594107718404,487.9946,487.99503,0.019706387,2.4830132,2.5829678,nan,2,2,0,0
1777318637231000,1777318637231000,47.39774195650123,8.545594107556783,487.99457,487.995,0.019706387,2.483034,2.5829806,nan,2,2,0,0
1777318637239000,1777318637239000,47.397741956012545,8.545594107425057,487.9945,487.99493,0.019706387,2.483055,2.582997,nan,2,2,0,0
1777318637247000,1777318637247000,47.39774195541551,8.545594107148053,487.99448,487.9949,0.019706387,2.4829404,2.5829067,nan,2,2,0,0
1777318637255000,1777318637255000,47.39774195482459,8.54559410687412,487.99442,487.99484,0.019706387,2.4829605,2.5829227,nan,2,2,0,0
1777318637263000,1777318637263000,47.397741954241496,8.545594106620156,487.9944,487.9948,0.019706387,2.482981,2.5829391,nan,2,2,0,0
1777318637271000,1777318637271000,47.397741953647234,8.545594106402113,487.99432,487.99475,0.019706387,2.4830015,2.5829554,nan,2,2,0,0
1777318637279000,1777318637279000,47.397741953057626,8.545594106237274,487.9943,487.99472,0.019706387,2.4830222,2.5829682,nan,2,2,0,0
1777318637287000,1777318637287000,47.39774195247759,8.545594106107973,487.99423,487.99466,0.019706387,2.4830432,2.5829847,nan,2,2,0,0
1777318637295000,1777318637295000,47.39774195170479,8.545594105720081,487.9942,487.99457,0.019706387,2.4829295,2.582895,nan,2,2,0,0
1777318637303000,1777318637303000,47.39774195091593,8.545594105371437,487.99414,487.9945,0.019706387,2.4829495,2.582911,nan,2,2,0,0
1777318637311000,1777318637311000,47.3977419501001,8.545594105059752,487.9941,487.99448,0.019706387,2.4829698,2.5829272,nan,2,2,0,0
1777318637319000,1777318637319000,47.39774194927581,8.545594104754626,487.99405,487.99442,0.019706387,2.4829903,2.5829434,nan,2,2,0,0
1777318637327000,1777318637327000,47.3977419484522,8.545594104474308,487.99402,487.9944,0.019706387,2.483011,2.5829563,nan,2,2,0,0
1777318637335000,1777318637335000,47.3977419476298,8.545594104231903,487.99396,487.99432,0.019706387,2.483032,2.5829728,nan,2,2,0,0
1777318637343000,1777318637343000,47.3977419468159,8.545594104025453,487.99393,487.9943,0.019706387,2.4830534,2.5829895,nan,2,2,0,0
1777318637351000,1777318637351000,47.397741945837964,8.545594103750664,487.99387,487.9942,0.019706387,2.4829383,2.5828993,nan,2,2,0,0
1777318637359000,1777318637359000,47.397741944860904,8.54559410349607,487.99384,487.99417,0.019706387,2.4829586,2.5829153,nan,2,2,0,0
1777318637367000,1777318637367000,47.3977419438985,8.545594103279685,487.99377,487.9941,0.019706387,2.482979,2.5829315,nan,2,2,0,0
1777318637375000,1777318637375000,47.39774194297045,8.545594103063175,487.99374,487.99408,0.019706387,2.4829998,2.582948,nan,2,2,0,0
1777318637383000,1777318637383000,47.397741942076976,8.54559410283908,487.9937,487.99405,0.019706387,2.4830205,2.5829608,nan,2,2,0,0
1777318637391000,1777318637391000,47.39774194121395,8.545594102669703,487.99365,487.994,0.019706387,2.4830418,2.5829775,nan,2,2,0,0
1777318637399000,1777318637399000,47.397741940407485,8.545594102353874,487.99362,487.99396,0.019706387,2.4829276,2.582888,nan,2,2,0,0
1777318637407000,1777318637407000,47.39774193963371,8.545594102068149,487.9936,487.99393,0.019706387,2.4829478,2.582904,nan,2,2,0,0
1777318637415000,1777318637415000,47.39774193890533,8.545594101840837,487.99353,487.99387,0.019706387,2.482968,2.5829203,nan,2,2,0,0
1777318637423000,1777318637423000,47.39774193819131,8.54559410168367,487.9935,487.99384,0.019706387,2.4829888,2.5829368,nan,2,2,0,0
1777318637431000,1777318637431000,47.39774193746434,8.545594101581628,487.99344,487.99377,0.019706387,2.4830098,2.5829496,nan,2,2,0,0
1777318637439000,1777318637439000,47.397741936713835,8.545594101501239,487.9934,487.99374,0.019706387,2.483031,2.582966,nan,2,2,0,0
1777318637447000,1777318637447000,47.39774193595999,8.545594101456162,487.99338,487.9937,0.019706387,2.4830525,2.5829828,nan,2,2,0,0
1777318637455000,1777318637455000,47.3977419353417,8.54559410118495,487.99332,487.99362,0.019706387,2.4829369,2.582893,nan,2,2,0,0
1777318637463000,1777318637463000,47.397741934714325,8.545594100938944,487.9933,487.9936,0.019706387,2.4829574,2.582909,nan,2,2,0,0
1777318637471000,1777318637471000,47.39774193406775,8.545594100704294,487.99323,487.99353,0.019706387,2.4829779,2.5829256,nan,2,2,0,0
1777318637479000,1777318637479000,47.39774193341941,8.545594100510998,487.9932,487.9935,0.019706387,2.4829988,2.5829382,nan,2,2,0,0
1777318637487000,1777318637487000,47.397741932772036,8.54559410037494,487.99313,487.99344,0.019706387,2.4830198,2.582955,nan,2,2,0,0
1777318637495000,1777318637495000,47.39774193211928,8.545594100258633,487.9931,487.9934,0.019706387,2.4830413,2.5829716,nan,2,2,0,0
1777318637503000,1777318637503000,47.39774193158618,8.545594100078649,487.99304,487.99335,0.019706387,2.4829266,2.5828822,nan,2,2,0,0
1777318637511000,1777318637511000,47.39774193104313,8.545594099989103,487.993,487.99332,0.019706387,2.4829469,2.5828984,nan,2,2,0,0
1777318637519000,1777318637519000,47.397741930466765,8.545594099951785,487.99298,487.9933,0.019706387,2.4829674,2.5829146,nan,2,2,0,0
1777318637527000,1777318637527000,47.3977419298786,8.545594099929017,487.99292,487.99323,0.019706387,2.482988,2.5829277,nan,2,2,0,0
1777318637535000,1777318637535000,47.39774192930282,8.545594099919082,487.9929,487.9932,0.019706387,2.483009,2.5829442,nan,2,2,0,0
1777318637543000,1777318637543000,47.397741928748246,8.545594099923747,487.99283,487.99313,0.019706387,2.4830306,2.5829608,nan,2,2,0,0
1777318637551000,1777318637551000,47.39774192821095,8.545594099964209,487.9928,487.9931,0.019706387,2.483052,2.5829775,nan,2,2,0,0
1777318637559000,1777318637559000,47.39774192780722,8.545594099855013,487.99277,487.99304,0.019706387,2.4829361,2.5828876,nan,2,2,0,0
1777318637567000,1777318637567000,47.39774192740781,8.545594099775428,487.9927,487.99298,0.019706387,2.4829566,2.5829039,nan,2,2,0,0
1777318637575000,1777318637575000,47.39774192700039,8.545594099692698,487.99265,487.99292,0.019706387,2.4829774,2.5829203,nan,2,2,0,0
1777318637583000,1777318637583000,47.39774192660686,8.545594099602967,487.9926,487.9929,0.019706387,2.4829984,2.5829334,nan,2,2,0,0
1777318637591000,1777318637591000,47.39774192623167,8.54559409952415,487.99258,487.99286,0.019706387,2.4830196,2.58295,nan,2,2,0,0
1777318637599000,1777318637599000,47.397741925847654,8.545594099501876,487.99252,487.9928,0.019706387,2.483041,2.5829668,nan,2,2,0,0
1777318637607000,1777318637607000,47.39774192568615,8.545594099292336,487.9925,487.9928,0.019706387,2.482926,2.5828776,nan,2,2,0,0
1777318637615000,1777318637615000,47.39774192552786,8.545594099101425,487.99246,487.99277,0.019706387,2.4829464,2.5828938,nan,2,2,0,0
1777318637623000,1777318637623000,47.39774192537933,8.545594098927221,487.99243,487.99274,0.019706387,2.4829671,2.58291,nan,2,2,0,0
1777318637631000,1777318637631000,47.397741925237185,8.545594098820253,487.99237,487.99268,0.019706387,2.4829879,2.5829232,nan,2,2,0,0
1777318637639000,1777318637639000,47.39774192508899,8.545594098767161,487.99234,487.99265,0.019706387,2.483009,2.5829399,nan,2,2,0,0
1777318637647000,1777318637647000,47.39774192492074,8.545594098709067,487.9923,487.9926,0.019706387,2.4830306,2.5829566,nan,2,2,0,0
1777318637655000,1777318637655000,47.39774192473569,8.54559409866732,487.99225,487.99255,0.019706387,2.4830523,2.5829735,nan,2,2,0,0
1777318637663000,1777318637663000,47.39774192473595,8.545594098343248,487.99222,487.99255,0.019706387,2.482936,2.5828836,nan,2,2,0,0
1777318637671000,1777318637671000,47.39774192471807,8.545594098024907,487.9922,487.99252,0.019706387,2.4829564,2.5828998,nan,2,2,0,0
1777318637679000,1777318637679000,47.39774192468922,8.545594097745775,487.99216,487.9925,0.019706387,2.4829774,2.582913,nan,2,2,0,0
1777318637687000,1777318637687000,47.397741924643654,8.545594097509346,487.99213,487.99246,0.019706387,2.4829984,2.5829294,nan,2,2,0,0
1777318637695000,1777318637695000,47.397741924564386,8.545594097333373,487.9921,487.99243,0.019706387,2.4830198,2.582946,nan,2,2,0,0
1777318637703000,1777318637703000,47.397741924454806,8.545594097232046,487.99207,487.9924,0.019706387,2.4830413,2.582963,nan,2,2,0,0
1777318637711000,1777318637711000,47.39774192435591,8.545594096939999,487.99203,487.99243,0.019706387,2.482926,2.5828738,nan,2,2,0,0
1777318637719000,1777318637719000,47.39774192424136,8.545594096673142,487.992,487.9924,0.019706387,2.4829464,2.58289,nan,2,2,0,0
1777318637727000,1777318637727000,47.39774192411876,8.545594096447427,487.99197,487.99237,0.019706387,2.4829671,2.5829031,nan,2,2,0,0
1777318637735000,1777318637735000,47.39774192399282,8.545594096242784,487.99194,487.99234,0.019706387,2.4829884,2.5829196,nan,2,2,0,0
1777318637743000,1777318637743000,47.3977419238522,8.54559409604048,487.9919,487.9923,0.019706387,2.4830096,2.5829363,nan,2,2,0,0
1777318637751000,1777318637751000,47.39774192368676,8.545594095844153,487.9919,487.9923,0.019706387,2.483031,2.5829532,nan,2,2,0,0
1777318637759000,1777318637759000,47.397741923502394,8.545594095687482,487.99188,487.99228,0.019706387,2.483053,2.5829701,nan,2,2,0,0
1777318637767000,1777318637767000,47.397741923245206,8.54559409539641,487.99185,487.99228,0.019706387,2.4829361,2.5828803,nan,2,2,0,0
1777318637775000,1777318637775000,47.39774192297639,8.545594095160958,487.99182,487.99225,0.019706387,2.482957,2.5828967,nan,2,2,0,0
1777318637783000,1777318637783000,47.397741922698216,8.545594094967178,487.99182,487.99225,0.019706387,2.4829779,2.5829096,nan,2,2,0,0
1777318637791000,1777318637791000,47.39774192242734,8.545594094819515,487.9918,487.99222,0.019706387,2.4829988,2.5829265,nan,2,2,0,0
1777318637799000,1777318637799000,47.39774192215699,8.545594094727335,487.9918,487.99222,0.019706387,2.4830205,2.5829432,nan,2,2,0,0
1777318637807000,1777318637807000,47.39774192186795,8.545594094691538,487.9918,487.99222,0.019706387,2.483042,2.5829601,nan,2,2,0,0
1777318637815000,1777318637815000,47.39774192141701,8.54559409459651,487.99176,487.99222,0.019706387,2.4829261,2.582871,nan,2,2,0,0
1777318637823000,1777318637823000,47.397741920972685,8.545594094516133,487.99176,487.99222,0.019706387,2.4829469,2.5828874,nan,2,2,0,0
1777318637831000,1777318637831000,47.39774192053306,8.54559409443995,487.99173,487.9922,0.019706387,2.4829676,2.5829003,nan,2,2,0,0
1777318637839000,1777318637839000,47.397741920096244,8.545594094393191,487.99173,487.9922,0.019706387,2.4829888,2.582917,nan,2,2,0,0
1777318637847000,1777318637847000,47.397741919663495,8.54559409438083,487.9917,487.99216,0.019706387,2.4830103,2.582934,nan,2,2,0,0
1777318637855000,1777318637855000,47.39774191922976,8.545594094376513,487.9917,487.99216,0.019706387,2.4830317,2.5829506,nan,2,2,0,0
1777318637863000,1777318637863000,47.3977419187954,8.54559409438187,487.9917,487.99216,0.019706387,2.4830537,2.5829678,nan,2,2,0,0
1777318637871000,1777318637871000,47.39774191842017,8.54559409450298,487.9917,487.9922,0.019706387,2.4829366,2.5828779,nan,2,2,0,0
1777318637879000,1777318637879000,47.39774191804,8.545594094666555,487.9917,487.9922,0.019706387,2.4829574,2.5828907,nan,2,2,0,0
1777318637887000,1777318637887000,47.39774191765168,8.545594094859554,487.9917,487.9922,0.019706387,2.4829786,2.5829074,nan,2,2,0,0
1777318637895000,1777318637895000,47.39774191727392,8.545594095060116,487.9917,487.9922,0.019706387,2.4829998,2.5829241,nan,2,2,0,0
1777318637903000,1777318637903000,47.397741916894766,8.545594095279098,487.9917,487.9922,0.019706387,2.4830213,2.582941,nan,2,2,0,0
1777318637911000,1777318637911000,47.39774191648483,8.545594095538902,487.9917,487.9922,0.019706387,2.483043,2.5829582,nan,2,2,0,0
1777318637919000,1777318637919000,47.39774191603349,8.545594095785503,487.9917,487.9922,0.019706387,2.483065,2.5829754,nan,2,2,0,0
1777318637927000,1777318637927000,47.39774191553056,8.545594095989378,487.9917,487.99216,0.019706387,2.4829466,2.5828812,nan,2,2,0,0
1777318637935000,1777318637935000,47.39774191503263,8.545594096205107,487.9917,487.99216,0.019706387,2.4829676,2.582898,nan,2,2,0,0
1777318637943000,1777318637943000,47.39774191452781,8.545594096431158,487.9917,487.99216,0.019706387,2.4829888,2.5829146,nan,2,2,0,0
1777318637951000,1777318637951000,47.39774191401561,8.545594096648717,487.9917,487.99216,0.019706387,2.4830103,2.5829313,nan,2,2,0,0
1777318637959000,1777318637959000,47.397741913509236,8.545594096882116,487.9917,487.99216,0.019706387,2.483032,2.5829484,nan,2,2,0,0
1777318637967000,1777318637967000,47.39774191300059,8.545594097123407,487.9917,487.99216,0.019706387,2.483054,2.5829656,nan,2,2,0,0
1777318637975000,1777318637975000,47.39774191245759,8.545594097357835,487.9917,487.99222,0.019706387,2.4829366,2.5828757,nan,2,2,0,0
1777318637983000,1777318637983000,47.39774191192144,8.545594097639848,487.99173,487.99225,0.019706387,2.4829574,2.5828886,nan,2,2,0,0
1777318637991000,1777318637991000,47.39774191137777,8.54559409792952,487.99173,487.99225,0.019706387,2.4829786,2.5829053,nan,2,2,0,0
1777318637999000,1777318637999000,47.39774191082515,8.5455940982406,487.99173,487.99225,0.019706387,2.4829998,2.5829222,nan,2,2,0,0
1777318638007000,1777318638007000,47.39774191026329,8.545594098562962,487.99173,487.99225,0.019706387,2.4830215,2.5829391,nan,2,2,0,0
1777318638015000,1777318638015000,47.397741909694965,8.545594098895458,487.99173,487.99225,0.019706387,2.4830432,2.5829563,nan,2,2,0,0
1777318638023000,1777318638023000,47.39774190908949,8.545594099139462,487.99173,487.99225,0.019706387,2.4829268,2.582867,nan,2,2,0,0
1777318638031000,1777318638031000,47.39774190850424,8.545594099434009,487.99173,487.99225,0.019706387,2.4829476,2.5828798,nan,2,2,0,0
1777318638039000,1777318638039000,47.39774190792614,8.545594099767545,487.9917,487.99222,0.019706387,2.4829686,2.5828965,nan,2,2,0,0
1777318638047000,1777318638047000,47.397741907348944,8.545594100112625,487.9917,487.99222,0.019706387,2.4829898,2.5829134,nan,2,2,0,0
1777318638055000,1777318638055000,47.39774190678211,8.545594100477516,487.9917,487.99222,0.019706387,2.4830115,2.5829303,nan,2,2,0,0
1777318638063000,1777318638063000,47.39774190622635,8.54559410085421,487.99167,487.9922,0.019706387,2.4830332,2.5829473,nan,2,2,0,0
1777318638071000,1777318638071000,47.39774190566988,8.545594101248389,487.99167,487.9922,0.019706387,2.483055,2.5829644,nan,2,2,0,0
1777318638079000,1777318638079000,47.397741905181725,8.545594101473077,487.99167,487.99222,0.019706387,2.4829376,2.582871,nan,2,2,0,0
1777318638087000,1777318638087000,47.397741904693696,8.545594101758924,487.99164,487.9922,0.019706387,2.4829583,2.5828876,nan,2,2,0,0
1777318638095000,1777318638095000,47.397741904206136,8.54559410210966,487.99164,487.9922,0.019706387,2.4829795,2.5829043,nan,2,2,0,0
1777318638103000,1777318638103000,47.39774190370774,8.545594102521186,487.99164,487.9922,0.019706387,2.483001,2.5829213,nan,2,2,0,0
1777318638111000,1777318638111000,47.39774190320654,8.545594102980175,487.99164,487.9922,0.019706387,2.4830227,2.5829382,nan,2,2,0,0
1777318638119000,1777318638119000,47.39774190271835,8.54559410347777,487.9916,487.99216,0.019706387,2.4830446,2.5829554,nan,2,2,0,0
1777318638127000,1777318638127000,47.397741902321926,8.545594103779717,487.9916,487.99216,0.019706387,2.4829278,2.5828626,nan,2,2,0,0
1777318638135000,1777318638135000,47.39774190192508,8.545594104109107,487.99164,487.9922,0.019706387,2.4829485,2.582879,nan,2,2,0,0
1777318638143000,1777318638143000,47.39774190152442,8.545594104428254,487.99164,487.9922,0.019706387,2.4829698,2.5828958,nan,2,2,0,0
1777318638151000,1777318638151000,47.39774190112224,8.545594104744813,487.99164,487.9922,0.019706387,2.482991,2.5829127,nan,2,2,0,0
1777318638159000,1777318638159000,47.39774190071053,8.545594105113082,487.99164,487.9922,0.019706387,2.4830127,2.5829296,nan,2,2,0,0
1777318638167000,1777318638167000,47.397741900282256,8.54559410554746,487.99164,487.9922,0.019706387,2.4830344,2.5829468,nan,2,2,0,0
1777318638175000,1777318638175000,47.39774189984399,8.54559410602053,487.9916,487.99216,0.019706387,2.4830565,2.582964,nan,2,2,0,0
1777318638183000,1777318638183000,47.39774189947892,8.545594106224852,487.9916,487.99213,0.019706387,2.4829385,2.5828738,nan,2,2,0,0
1777318638191000,1777318638191000,47.39774189909419,8.545594106440756,487.9916,487.99213,0.019706387,2.4829595,2.5828905,nan,2,2,0,0
1777318638199000,1777318638199000,47.39774189870912,8.545594106702959,487.99158,487.9921,0.019706387,2.4829807,2.5829074,nan,2,2,0,0
1777318638207000,1777318638207000,47.39774189834555,8.545594107009386,487.99158,487.9921,0.019706387,2.4830022,2.5829244,nan,2,2,0,0
1777318638215000,1777318638215000,47.39774189799571,8.545594107328357,487.99155,487.99207,0.019706387,2.483024,2.5829415,nan,2,2,0,0
1777318638223000,1777318638223000,47.39774189762966,8.545594107672919,487.99155,487.99207,0.019706387,2.4830458,2.5829587,nan,2,2,0,0
1777318638231000,1777318638231000,47.39774189731595,8.545594107818083,487.99155,487.9921,0.019706387,2.4829288,2.5828655,nan,2,2,0,0
1777318638239000,1777318638239000,47.39774189700408,8.545594108021005,487.99155,487.9921,0.019706387,2.4829497,2.5828822,nan,2,2,0,0
1777318638247000,1777318638247000,47.397741896680564,8.545594108310691,487.99155,487.9921,0.019706387,2.482971,2.5828989,nan,2,2,0,0
1777318638255000,1777318638255000,47.39774189633368,8.54559410864722,487.99155,487.9921,0.019706387,2.4829922,2.5829158,nan,2,2,0,0
1777318638263000,1777318638263000,47.39774189597847,8.545594109000628,487.99155,487.9921,0.019706387,2.4830139,2.582933,nan,2,2,0,0
1777318638271000,1777318638271000,47.39774189563006,8.545594109368933,487.99155,487.9921,0.019706387,2.4830356,2.58295,nan,2,2,0,0
1777318638279000,1777318638279000,47.39774189528733,8.545594109749514,487.99155,487.9921,0.019706387,2.4830577,2.5829675,nan,2,2,0,0
1777318638287000,1777318638287000,47.397741895099585,8.545594109791459,487.99152,487.99197,0.019706387,2.4829395,2.582877,nan,2,2,0,0
1777318638295000,1777318638295000,47.39774189489714,8.545594109846324,487.99152,487.99197,0.019706387,2.4829607,2.5828936,nan,2,2,0,0
1777318638303000,1777318638303000,47.3977418946779,8.545594109923483,487.99152,487.99197,0.019706387,2.482982,2.5829108,nan,2,2,0,0
1777318638311000,1777318638311000,47.397741894462094,8.545594110058031,487.9915,487.99194,0.019706387,2.4830034,2.5829277,nan,2,2,0,0
1777318638319000,1777318638319000,47.3977418942235,8.54559411025677,487.9915,487.99194,0.019706387,2.483025,2.5829449,nan,2,2,0,0
1777318638327000,1777318638327000,47.397741893957765,8.545594110475582,487.9915,487.99194,0.019706387,2.483047,2.5829587,nan,2,2,0,0
1777318638335000,1777318638335000,47.39774189373722,8.545594110295301,487.99146,487.99185,0.019706387,2.48293,2.5828686,nan,2,2,0,0
1777318638343000,1777318638343000,47.39774189351774,8.545594110135044,487.99142,487.99182,0.019706387,2.482951,2.5828853,nan,2,2,0,0
1777318638351000,1777318638351000,47.39774189331053,8.545594110006187,487.9914,487.9918,0.019706387,2.4829721,2.5829022,nan,2,2,0,0
1777318638359000,1777318638359000,47.39774189311263,8.54559410992123,487.99136,487.99176,0.019706387,2.4829934,2.5829194,nan,2,2,0,0
1777318638367000,1777318638367000,47.39774189291442,8.545594109879211,487.99133,487.99173,0.019706387,2.483015,2.5829365,nan,2,2,0,0
1777318638375000,1777318638375000,47.397741892699486,8.545594109889926,487.9913,487.9917,0.019706387,2.4830368,2.5829537,nan,2,2,0,0
1777318638383000,1777318638383000,47.39774189247429,8.545594109955408,487.99127,487.99167,0.019706387,2.483059,2.5829675,nan,2,2,0,0
1777318638391000,1777318638391000,47.397741892393014,8.54559410973031,487.99127,487.99167,0.019706387,2.4829407,2.5828767,nan,2,2,0,0
1777318638399000,1777318638399000,47.397741892278006,8.545594109506947,487.99124,487.99164,0.019706387,2.4829617,2.5828936,nan,2,2,0,0
1777318638407000,1777318638407000,47.39774189213666,8.545594109276752,487.9912,487.9916,0.019706387,2.482983,2.5829105,nan,2,2,0,0
1777318638415000,1777318638415000,47.39774189199492,8.545594109072171,487.99118,487.99158,0.019706387,2.4830046,2.5829277,nan,2,2,0,0
1777318638423000,1777318638423000,47.39774189187453,8.545594108880483,487.99115,487.99155,0.019706387,2.4830263,2.582945,nan,2,2,0,0
1777318638431000,1777318638431000,47.397741891758905,8.54559410868058,487.99112,487.99152,0.019706387,2.4830484,2.5829587,nan,2,2,0,0
1777318638439000,1777318638439000,47.397741891617066,8.545594108502453,487.9911,487.9915,0.019706387,2.4830706,2.5829763,nan,2,2,0,0
1777318638447000,1777318638447000,47.397741891505895,8.545594108029915,487.99106,487.99142,0.019706387,2.4829512,2.5828848,nan,2,2,0,0
1777318638455000,1777318638455000,47.39774189137314,8.54559410760088,487.99103,487.9914,0.019706387,2.4829724,2.5829017,nan,2,2,0,0
1777318638463000,1777318638463000,47.397741891216114,8.545594107209586,487.991,487.99136,0.019706387,2.4829938,2.582919,nan,2,2,0,0
1777318638471000,1777318638471000,47.39774189105073,8.545594106846094,487.99097,487.99133,0.019706387,2.4830153,2.582936,nan,2,2,0,0
1777318638479000,1777318638479000,47.3977418908925,8.545594106498898,487.99094,487.9913,0.019706387,2.4830372,2.5829535,nan,2,2,0,0
1777318638487000,1777318638487000,47.39774189074969,8.545594106150613,487.9909,487.99127,0.019706387,2.4830594,2.582971,nan,2,2,0,0
1777318638495000,1777318638495000,47.397741890744925,8.5455941054703,487.99088,487.9912,0.019706387,2.482941,2.5828798,nan,2,2,0,0
1777318638503000,1777318638503000,47.39774189070882,8.545594104803214,487.99084,487.99118,0.019706387,2.4829621,2.5828967,nan,2,2,0,0
1777318638511000,1777318638511000,47.39774189065191,8.545594104146252,487.9908,487.99115,0.019706387,2.4829834,2.5829139,nan,2,2,0,0
1777318638519000,1777318638519000,47.39774189057546,8.545594103546875,487.9908,487.99115,0.019706387,2.4830048,2.582931,nan,2,2,0,0
1777318638527000,1777318638527000,47.39774189046227,8.545594103015217,487.99078,487.99112,0.019706387,2.4830267,2.5829449,nan,2,2,0,0
1777318638535000,1777318638535000,47.397741890335254,8.54559410254665,487.99075,487.9911,0.019706387,2.4830487,2.5829623,nan,2,2,0,0
1777318638543000,1777318638543000,47.39774189018406,8.545594102131004,487.99072,487.99106,0.019706387,2.4830709,2.58298,nan,2,2,0,0
1777318638551000,1777318638551000,47.39774189017641,8.545594101332638,487.99072,487.9911,0.019706387,2.4829514,2.5828881,nan,2,2,0,0
1777318638559000,1777318638559000,47.39774189016656,8.545594100582493,487.9907,487.99106,0.019706387,2.4829726,2.582905,nan,2,2,0,0
1777318638567000,1777318638567000,47.39774189013389,8.54559409990051,487.99066,487.99103,0.019706387,2.482994,2.5829222,nan,2,2,0,0
1777318638575000,1777318638575000,47.39774189008573,8.54559409927662,487.99066,487.99103,0.019706387,2.4830158,2.5829396,nan,2,2,0,0
1777318638583000,1777318638583000,47.39774189002486,8.545594098668246,487.99063,487.991,0.019706387,2.4830377,2.5829535,nan,2,2,0,0
1777318638591000,1777318638591000,47.39774188994629,8.545594098106285,487.99063,487.991,0.019706387,2.4830596,2.5829709,nan,2,2,0,0
1777318638599000,1777318638599000,47.397741889924994,8.54559409712149,487.9906,487.99094,0.019706387,2.4829414,2.5828798,nan,2,2,0,0
1777318638607000,1777318638607000,47.3977418898852,8.545594096158856,487.99057,487.9909,0.019706387,2.4829624,2.5828965,nan,2,2,0,0
1777318638615000,1777318638615000,47.39774188981338,8.54559409523198,487.99057,487.9909,0.019706387,2.4829836,2.5829136,nan,2,2,0,0
1777318638623000,1777318638623000,47.39774188970044,8.545594094365129,487.99054,487.99088,0.019706387,2.4830053,2.582931,nan,2,2,0,0
1777318638631000,1777318638631000,47.39774188955621,8.54559409352911,487.99054,487.99088,0.019706387,2.483027,2.5829449,nan,2,2,0,0
1777318638639000,1777318638639000,47.397741889395775,8.545594092697089,487.9905,487.99084,0.019706387,2.4830492,2.5829623,nan,2,2,0,0
1777318638647000,1777318638647000,47.39774188928656,8.545594091525393,487.9905,487.99084,0.019706387,2.4829316,2.5828717,nan,2,2,0,0
1777318638655000,1777318638655000,47.3977418891655,8.545594090359948,487.9905,487.99084,0.019706387,2.4829526,2.5828886,nan,2,2,0,0
1777318638663000,1777318638663000,47.39774188904845,8.545594089240172,487.99048,487.9908,0.019706387,2.4829738,2.5829055,nan,2,2,0,0
1777318638671000,1777318638671000,47.39774188892154,8.545594088186542,487.99048,487.9908,0.019706387,2.4829953,2.5829227,nan,2,2,0,0
1777318638679000,1777318638679000,47.39774188874742,8.54559408716099,487.99048,487.9908,0.019706387,2.483017,2.5829365,nan,2,2,0,0
1777318638687000,1777318638687000,47.39774188854556,8.545594086151672,487.99048,487.9908,0.019706387,2.4830387,2.582954,nan,2,2,0,0
1777318638695000,1777318638695000,47.39774188832314,8.545594085171428,487.99045,487.99078,0.019706387,2.483061,2.5829716,nan,2,2,0,0
1777318638703000,1777318638703000,47.39774188826959,8.545594083979962,487.99048,487.99088,0.019706387,2.4829426,2.5828803,nan,2,2,0,0
1777318638711000,1777318638711000,47.39774188820395,8.545594082842825,487.99048,487.99088,0.019706387,2.4829636,2.5828972,nan,2,2,0,0
1777318638719000,1777318638719000,47.39774188813402,8.545594081735398,487.99048,487.99088,0.019706387,2.4829848,2.5829144,nan,2,2,0,0
1777318638727000,1777318638727000,47.39774188804937,8.545594080649266,487.99048,487.99088,0.019706387,2.4830062,2.5829282,nan,2,2,0,0
1777318638735000,1777318638735000,47.39774188793301,8.54559407960441,487.9905,487.9909,0.019706387,2.4830282,2.5829456,nan,2,2,0,0
1777318638743000,1777318638743000,47.397741887784484,8.545594078563193,487.9905,487.9909,0.019706387,2.48305,2.5829632,nan,2,2,0,0
1777318638751000,1777318638751000,47.397741887625195,8.545594077510207,487.9905,487.9909,0.019706387,2.4830725,2.5829809,nan,2,2,0,0
1777318638759000,1777318638759000,47.39774188756177,8.545594076138114,487.99054,487.99106,0.019706387,2.4829528,2.5828888,nan,2,2,0,0
1777318638767000,1777318638767000,47.39774188748559,8.545594074806147,487.99057,487.9911,0.019706387,2.482974,2.582906,nan,2,2,0,0
1777318638775000,1777318638775000,47.39774188740743,8.545594073539387,487.9906,487.99112,0.019706387,2.4829955,2.5829232,nan,2,2,0,0
1777318638783000,1777318638783000,47.39774188733468,8.5455940723267,487.99063,487.99115,0.019706387,2.483017,2.582937,nan,2,2,0,0
1777318638791000,1777318638791000,47.39774188724075,8.545594071177858,487.99066,487.99118,0.019706387,2.483039,2.5829544,nan,2,2,0,0
1777318638799000,1777318638799000,47.397741887118016,8.545594070062847,487.9907,487.9912,0.019706387,2.483061,2.582972,nan,2,2,0,0
1777318638807000,1777318638807000,47.39774188696953,8.54559406868078,487.99075,487.99133,0.019706387,2.4829426,2.5828805,nan,2,2,0,0
1777318638815000,1777318638815000,47.39774188681322,8.545594067344457,487.99078,487.99136,0.019706387,2.4829638,2.5828977,nan,2,2,0,0
1777318638823000,1777318638823000,47.39774188666145,8.545594066034528,487.99084,487.99142,0.019706387,2.482985,2.5829148,nan,2,2,0,0
1777318638831000,1777318638831000,47.39774188649599,8.545594064757745,487.99088,487.99146,0.019706387,2.4830065,2.5829287,nan,2,2,0,0
1777318638839000,1777318638839000,47.39774188629738,8.545594063522278,487.99094,487.99152,0.019706387,2.4830284,2.582946,nan,2,2,0,0
1777318638847000,1777318638847000,47.39774188608339,8.545594062323374,487.99097,487.99155,0.019706387,2.4830503,2.5829637,nan,2,2,0,0
1777318638855000,1777318638855000,47.397741885954055,8.54559406097656,487.99103,487.9916,0.019706387,2.4829328,2.5828726,nan,2,2,0,0
1777318638863000,1777318638863000,47.39774188582724,8.545594059650593,487.9911,487.99167,0.019706387,2.4829538,2.5828898,nan,2,2,0,0
1777318638871000,1777318638871000,47.3977418856827,8.545594058363147,487.99112,487.9917,0.019706387,2.482975,2.582907,nan,2,2,0,0
1777318638879000,1777318638879000,47.39774188550287,8.545594057139384,487.99118,487.99176,0.019706387,2.4829965,2.5829241,nan,2,2,0,0
1777318638887000,1777318638887000,47.39774188530317,8.545594055925855,487.99124,487.99182,0.019706387,2.4830182,2.5829415,nan,2,2,0,0
1777318638895000,1777318638895000,47.39774188506848,8.545594054699793,487.9913,487.99188,0.019706387,2.48304,2.5829592,nan,2,2,0,0
1777318638903000,1777318638903000,47.397741884794,8.545594053463013,487.99133,487.9919,0.019706387,2.4830623,2.582977,nan,2,2,0,0
1777318638911000,1777318638911000,47.3977418845816,8.545594052026715,487.9914,487.99194,0.019706387,2.4829435,2.582885,nan,2,2,0,0
1777318638919000,1777318638919000,47.39774188435721,8.545594050595291,487.99142,487.99197,0.019706387,2.4829648,2.5829022,nan,2,2,0,0
1777318638927000,1777318638927000,47.39774188409253,8.545594049206889,487.99146,487.992,0.019706387,2.482986,2.5829158,nan,2,2,0,0
1777318638935000,1777318638935000,47.397741883782764,8.54559404784045,487.9915,487.99203,0.019706387,2.4830074,2.5829332,nan,2,2,0,0
1777318638943000,1777318638943000,47.397741883436666,8.545594046495243,487.99152,487.99207,0.019706387,2.4830294,2.5829508,nan,2,2,0,0
1777318638951000,1777318638951000,47.39774188307925,8.545594045156793,487.99155,487.9921,0.019706387,2.4830513,2.5829685,nan,2,2,0,0
1777318638959000,1777318638959000,47.39774188271636,8.545594043843435,487.99158,487.99213,0.019706387,2.4830735,2.5829864,nan,2,2,0,0
1777318638967000,1777318638967000,47.3977418825838,8.545594042296184,487.9916,487.99213,0.019706387,2.4829538,2.5828936,nan,2,2,0,0
1777318638975000,1777318638975000,47.39774188239925,8.545594040737923,487.99164,487.99216,0.019706387,2.482975,2.5829108,nan,2,2,0,0
1777318638983000,1777318638983000,47.39774188219825,8.545594039153551,487.99164,487.99216,0.019706387,2.4829965,2.5829246,nan,2,2,0,0
1777318638991000,1777318638991000,47.397741881951575,8.545594037602662,487.99167,487.9922,0.019706387,2.4830182,2.5829422,nan,2,2,0,0
1777318638999000,1777318638999000,47.39774188164565,8.545594036099214,487.9917,487.99222,0.019706387,2.48304,2.58296,nan,2,2,0,0
1777318639007000,1777318639007000,47.39774188127782,8.545594034661516,487.9917,487.99222,0.019706387,2.4830623,2.5829775,nan,2,2,0,0
1777318639015000,1777318639015000,47.39774188120007,8.545594033223558,487.99173,487.99228,0.019706387,2.4829438,2.5828855,nan,2,2,0,0
1777318639023000,1777318639023000,47.39774188111641,8.545594031820903,487.99176,487.9923,0.019706387,2.4829648,2.5829027,nan,2,2,0,0
1777318639031000,1777318639031000,47.39774188101281,8.545594030451223,487.9918,487.99234,0.019706387,2.482986,2.5829165,nan,2,2,0,0
1777318639039000,1777318639039000,47.39774188087393,8.545594029101217,487.99182,487.99237,0.019706387,2.4830077,2.582934,nan,2,2,0,0
1777318639047000,1777318639047000,47.397741880710704,8.545594027772205,487.99185,487.9924,0.019706387,2.4830294,2.5829513,nan,2,2,0,0
1777318639055000,1777318639055000,47.397741880535456,8.545594026494447,487.99185,487.9924,0.019706387,2.4830513,2.5829692,nan,2,2,0,0
1777318639063000,1777318639063000,47.397741880339126,8.545594025249317,487.99188,487.99243,0.019706387,2.4830735,2.582987,nan,2,2,0,0
1777318639071000,1777318639071000,47.39774188040998,8.545594024039003,487.9919,487.99258,0.019706387,2.482954,2.582894,nan,2,2,0,0
1777318639079000,1777318639079000,47.39774188044784,8.545594022866096,487.99194,487.9926,0.019706387,2.482975,2.582908,nan,2,2,0,0
1777318639087000,1777318639087000,47.39774188047068,8.545594021754635,487.992,487.99268,0.019706387,2.4829965,2.5829253,nan,2,2,0,0
1777318639095000,1777318639095000,47.397741880471486,8.545594020686456,487.99203,487.9927,0.019706387,2.4830182,2.5829427,nan,2,2,0,0
1777318639103000,1777318639103000,47.39774188043964,8.545594019631256,487.99207,487.99274,0.019706387,2.48304,2.5829604,nan,2,2,0,0
1777318639111000,1777318639111000,47.39774188037253,8.545594018575462,487.9921,487.99277,0.019706387,2.483062,2.5829782,nan,2,2,0,0
1777318639119000,1777318639119000,47.39774188048262,8.545594017619708,487.99213,487.99286,0.019706387,2.4829438,2.5828862,nan,2,2,0,0
1777318639127000,1777318639127000,47.397741880558435,8.545594016673961,487.9922,487.99292,0.019706387,2.4829648,2.5828998,nan,2,2,0,0
1777318639135000,1777318639135000,47.397741880604094,8.545594015727858,487.99222,487.99295,0.019706387,2.482986,2.582917,nan,2,2,0,0
1777318639143000,1777318639143000,47.397741880606645,8.545594014816661,487.99225,487.99298,0.019706387,2.4830074,2.5829346,nan,2,2,0,0
1777318639151000,1777318639151000,47.39774188056254,8.545594013928822,487.9923,487.99304,0.019706387,2.4830294,2.5829523,nan,2,2,0,0
1777318639159000,1777318639159000,47.397741880488816,8.54559401305566,487.99234,487.99307,0.019706387,2.4830513,2.58297,nan,2,2,0,0
1777318639167000,1777318639167000,47.39774188038751,8.545594012214606,487.9924,487.99313,0.019706387,2.4830735,2.5829878,nan,2,2,0,0
1777318639175000,1777318639175000,47.397741880577414,8.545594011465832,487.99243,487.9932,0.019706387,2.482954,2.582895,nan,2,2,0,0
1777318639183000,1777318639183000,47.397741880737215,8.545594010742535,487.99246,487.99323,0.019706387,2.482975,2.5829086,nan,2,2,0,0
1777318639191000,1777318639191000,47.39774188085237,8.545594010046534,487.99252,487.9933,0.019706387,2.4829965,2.582926,nan,2,2,0,0
1777318639199000,1777318639199000,47.39774188092776,8.545594009370998,487.99255,487.99332,0.019706387,2.483018,2.5829437,nan,2,2,0,0
1777318639207000,1777318639207000,47.39774188096217,8.545594008676074,487.9926,487.99338,0.019706387,2.4830399,2.5829613,nan,2,2,0,0
1777318639215000,1777318639215000,47.39774188095082,8.545594007985096,487.99265,487.9934,0.019706387,2.483062,2.5829792,nan,2,2,0,0
1777318639223000,1777318639223000,47.39774188111027,8.545594007406963,487.99268,487.99338,0.019706387,2.4829435,2.582887,nan,2,2,0,0
1777318639231000,1777318639231000,47.39774188123186,8.545594006845262,487.9927,487.9934,0.019706387,2.4829648,2.5829005,nan,2,2,0,0
1777318639239000,1777318639239000,47.3977418813175,8.545594006293374,487.9927,487.9934,0.019706387,2.482986,2.582918,nan,2,2,0,0
1777318639247000,1777318639247000,47.39774188137102,8.54559400574902,487.99274,487.99344,0.019706387,2.4830074,2.5829353,nan,2,2,0,0
1777318639255000,1777318639255000,47.39774188139606,8.545594005221593,487.99277,487.99347,0.019706387,2.4830291,2.582953,nan,2,2,0,0
1777318639263000,1777318639263000,47.39774188139738,8.545594004724915,487.9928,487.9935,0.019706387,2.483051,2.5829709,nan,2,2,0,0
1777318639271000,1777318639271000,47.397741881378245,8.545594004231132,487.9928,487.9935,0.019706387,2.4830732,2.582989,nan,2,2,0,0
1777318639279000,1777318639279000,47.397741881552754,8.54559400388656,487.9928,487.99335,0.019706387,2.4829538,2.5828922,nan,2,2,0,0
1777318639287000,1777318639287000,47.39774188169952,8.545594003548834,487.99277,487.99332,0.019706387,2.482975,2.5829096,nan,2,2,0,0
1777318639295000,1777318639295000,47.39774188181811,8.545594003214235,487.99277,487.99332,0.019706387,2.4829962,2.582927,nan,2,2,0,0
1777318639303000,1777318639303000,47.397741881907024,8.54559400289059,487.99274,487.9933,0.019706387,2.483018,2.5829446,nan,2,2,0,0
1777318639311000,1777318639311000,47.397741881960926,8.54559400258625,487.9927,487.99326,0.019706387,2.4830399,2.5829625,nan,2,2,0,0
1777318639319000,1777318639319000,47.39774188196815,8.545594002284815,487.9927,487.99326,0.019706387,2.4830618,2.5829802,nan,2,2,0,0
1777318639327000,1777318639327000,47.397741882172674,8.545594002063481,487.99268,487.99316,0.019706387,2.4829435,2.5828843,nan,2,2,0,0
1777318639335000,1777318639335000,47.39774188235114,8.545594001852676,487.99265,487.99313,0.019706387,2.4829645,2.5829015,nan,2,2,0,0
1777318639343000,1777318639343000,47.39774188251824,8.545594001621733,487.9926,487.9931,0.019706387,2.4829857,2.582919,nan,2,2,0,0
1777318639351000,1777318639351000,47.39774188265862,8.545594001366917,487.9926,487.9931,0.019706387,2.4830072,2.5829365,nan,2,2,0,0
1777318639359000,1777318639359000,47.39774188275235,8.545594001132423,487.99258,487.99307,0.019706387,2.483029,2.5829542,nan,2,2,0,0
1777318639367000,1777318639367000,47.39774188281603,8.545594000916662,487.99255,487.99304,0.019706387,2.4830508,2.582972,nan,2,2,0,0
1777318639375000,1777318639375000,47.39774188298277,8.545594000675493,487.99252,487.99292,0.019706387,2.4829335,2.58288,nan,2,2,0,0
1777318639383000,1777318639383000,47.39774188312418,8.545594000427661,487.9925,487.9929,0.019706387,2.4829545,2.5828938,nan,2,2,0,0
1777318639391000,1777318639391000,47.39774188323952,8.545594000168002,487.99246,487.99286,0.019706387,2.4829755,2.582911,nan,2,2,0,0
1777318639399000,1777318639399000,47.39774188332177,8.54559399988973,487.99243,487.99283,0.019706387,2.482997,2.5829287,nan,2,2,0,0
1777318639407000,1777318639407000,47.397741883368624,8.545593999613855,487.9924,487.9928,0.019706387,2.4830184,2.5829463,nan,2,2,0,0
1777318639415000,1777318639415000,47.397741883396364,8.54559399932741,487.99234,487.99274,0.019706387,2.4830403,2.582964,nan,2,2,0,0
1777318639423000,1777318639423000,47.39774188339327,8.545593999034708,487.9923,487.9927,0.019706387,2.4830625,2.582982,nan,2,2,0,0
1777318639431000,1777318639431000,47.39774188356821,8.545593998726021,487.99228,487.99255,0.019706387,2.482944,2.5828857,nan,2,2,0,0
1777318639439000,1777318639439000,47.39774188371104,8.54559399843093,487.99222,487.9925,0.019706387,2.4829652,2.5829031,nan,2,2,0,0
1777318639447000,1777318639447000,47.397741883822114,8.545593998136766,487.9922,487.99246,0.019706387,2.4829865,2.5829206,nan,2,2,0,0
1777318639455000,1777318639455000,47.39774188388611,8.545593997853732,487.99213,487.9924,0.019706387,2.4830077,2.582938,nan,2,2,0,0
1777318639463000,1777318639463000,47.39774188390928,8.545593997595036,487.9921,487.99237,0.019706387,2.4830294,2.5829558,nan,2,2,0,0
1777318639471000,1777318639471000,47.39774188390032,8.54559399734757,487.99203,487.9923,0.019706387,2.4830513,2.5829737,nan,2,2,0,0
1777318639479000,1777318639479000,47.39774188386301,8.545593997083218,487.992,487.99228,0.019706387,2.4830735,2.582988,nan,2,2,0,0
1777318639487000,1777318639487000,47.39774188403426,8.545593996822543,487.99194,487.99216,0.019706387,2.4829543,2.5828948,nan,2,2,0,0
1777318639495000,1777318639495000,47.39774188417568,8.545593996558427,487.9919,487.99213,0.019706387,2.4829752,2.5829122,nan,2,2,0,0
1777318639503000,1777318639503000,47.397741884257044,8.545593996301395,487.99185,487.99207,0.019706387,2.4829967,2.5829296,nan,2,2,0,0
1777318639511000,1777318639511000,47.39774188428241,8.545593996052851,487.99182,487.99203,0.019706387,2.4830182,2.5829473,nan,2,2,0,0
1777318639519000,1777318639519000,47.39774188424888,8.545593995794725,487.9918,487.992,0.019706387,2.4830399,2.5829651,nan,2,2,0,0
1777318639527000,1777318639527000,47.397741884189536,8.54559399552959,487.99173,487.99194,0.019706387,2.483062,2.5829794,nan,2,2,0,0
1777318639535000,1777318639535000,47.397741884336426,8.545593995272156,487.9917,487.9919,0.019706387,2.4829438,2.5828867,nan,2,2,0,0
1777318639543000,1777318639543000,47.397741884444585,8.54559399498969,487.99167,487.99188,0.019706387,2.4829648,2.582904,nan,2,2,0,0
1777318639551000,1777318639551000,47.3977418845087,8.54559399471932,487.99164,487.99185,0.019706387,2.482986,2.5829215,nan,2,2,0,0
1777318639559000,1777318639559000,47.39774188454235,8.545593994477873,487.9916,487.99182,0.019706387,2.4830074,2.5829391,nan,2,2,0,0
1777318639567000,1777318639567000,47.397741884565164,8.5455939942499,487.99158,487.9918,0.019706387,2.483029,2.582957,nan,2,2,0,0
1777318639575000,1777318639575000,47.397741884548296,8.545593994043715,487.99155,487.99176,0.019706387,2.4830508,2.582975,nan,2,2,0,0
1777318639583000,1777318639583000,47.397741884705894,8.545593993877086,487.99152,487.99176,0.019706387,2.482934,2.582879,nan,2,2,0,0
1777318639591000,1777318639591000,47.397741884814295,8.54559399371617,487.9915,487.99173,0.019706387,2.4829547,2.5828965,nan,2,2,0,0
1777318639599000,1777318639599000,47.397741884874186,8.545593993536341,487.99146,487.9917,0.019706387,2.4829757,2.5829139,nan,2,2,0,0
1777318639607000,1777318639607000,47.397741884896966,8.54559399336849,487.99142,487.99167,0.019706387,2.482997,2.5829313,nan,2,2,0,0
1777318639615000,1777318639615000,47.39774188488819,8.545593993205594,487.9914,487.99164,0.019706387,2.4830186,2.5829492,nan,2,2,0,0
1777318639623000,1777318639623000,47.39774188484869,8.545593993061711,487.99136,487.9916,0.019706387,2.4830403,2.5829668,nan,2,2,0,0
1777318639631000,1777318639631000,47.39774188476954,8.545593992931778,487.99133,487.99158,0.019706387,2.4830623,2.582981,nan,2,2,0,0
1777318639639000,1777318639639000,47.397741884890245,8.545593992715913,487.9913,487.99158,0.019706387,2.4829443,2.5828884,nan,2,2,0,0
1777318639647000,1777318639647000,47.3977418850165,8.545593992465074,487.99127,487.99155,0.019706387,2.4829652,2.5829058,nan,2,2,0,0
1777318639655000,1777318639655000,47.39774188512799,8.545593992181045,487.99127,487.99155,0.019706387,2.4829865,2.5829232,nan,2,2,0,0
1777318639663000,1777318639663000,47.39774188520995,8.545593991909215,487.99124,487.99152,0.019706387,2.4830077,2.5829408,nan,2,2,0,0
1777318639671000,1777318639671000,47.397741885265575,8.545593991632837,487.9912,487.9915,0.019706387,2.4830294,2.5829587,nan,2,2,0,0
1777318639679000,1777318639679000,47.39774188528449,8.54559399137518,487.99118,487.99146,0.019706387,2.483051,2.582973,nan,2,2,0,0
1777318639687000,1777318639687000,47.397741885270214,8.545593991126221,487.99115,487.99142,0.019706387,2.4830732,2.582991,nan,2,2,0,0
1777318639695000,1777318639695000,47.39774188554787,8.545593990681986,487.99115,487.9915,0.019706387,2.4829543,2.5828974,nan,2,2,0,0
1777318639703000,1777318639703000,47.397741885789095,8.545593990248623,487.99112,487.99146,0.019706387,2.4829752,2.582915,nan,2,2,0,0
1777318639711000,1777318639711000,47.3977418859825,8.545593989817089,487.99112,487.99146,0.019706387,2.4829965,2.5829325,nan,2,2,0,0
1777318639719000,1777318639719000,47.39774188614287,8.54559398939647,487.9911,487.99142,0.019706387,2.483018,2.58295,nan,2,2,0,0
1777318639727000,1777318639727000,47.39774188626504,8.54559398897155,487.9911,487.99142,0.019706387,2.4830399,2.5829644,nan,2,2,0,0
1777318639735000,1777318639735000,47.39774188634717,8.545593988572918,487.99106,487.9914,0.019706387,2.4830618,2.5829825,nan,2,2,0,0
1777318639743000,1777318639743000,47.39774188672154,8.545593988209006,487.99106,487.99142,0.019706387,2.4829438,2.5828896,nan,2,2,0,0
1777318639751000,1777318639751000,47.3977418870736,8.54559398786048,487.99106,487.99142,0.019706387,2.4829648,2.582907,nan,2,2,0,0
1777318639759000,1777318639759000,47.39774188739702,8.545593987510362,487.99106,487.99142,0.019706387,2.482986,2.5829244,nan,2,2,0,0
1777318639767000,1777318639767000,47.39774188766672,8.545593987178824,487.99103,487.9914,0.019706387,2.4830072,2.582942,nan,2,2,0,0
1777318639775000,1777318639775000,47.397741887883015,8.545593986871916,487.99103,487.9914,0.019706387,2.483029,2.58296,nan,2,2,0,0
1777318639783000,1777318639783000,47.397741888068275,8.545593986558648,487.99103,487.9914,0.019706387,2.4830506,2.5829742,nan,2,2,0,0
1777318639791000,1777318639791000,47.3977418882095,8.54559398625957,487.99103,487.9914,0.019706387,2.4830728,2.5829923,nan,2,2,0,0
1777318639799000,1777318639799000,47.39774188852782,8.54559398589699,487.99103,487.9915,0.019706387,2.4829538,2.5828986,nan,2,2,0,0
1777318639807000,1777318639807000,47.39774188880948,8.545593985511257,487.99103,487.9915,0.019706387,2.4829748,2.5829163,nan,2,2,0,0
1777318639815000,1777318639815000,47.3977418890557,8.545593985104624,487.99103,487.9915,0.019706387,2.482996,2.5829337,nan,2,2,0,0
1777318639823000,1777318639823000,47.397741889259756,8.545593984665302,487.99103,487.9915,0.019706387,2.4830174,2.5829513,nan,2,2,0,0
1777318639831000,1777318639831000,47.397741889440915,8.545593984227272,487.99103,487.9915,0.019706387,2.4830391,2.5829656,nan,2,2,0,0
1777318639839000,1777318639839000,47.39774188961729,8.54559398380192,487.99103,487.9915,0.019706387,2.483061,2.5829837,nan,2,2,0,0
1777318639847000,1777318639847000,47.397741890092625,8.5455939835687,487.99106,487.9916,0.019706387,2.4829433,2.5828907,nan,2,2,0,0
1777318639855000,1777318639855000,47.39774189053734,8.545593983313495,487.99106,487.9916,0.019706387,2.4829643,2.5829082,nan,2,2,0,0
1777318639863000,1777318639863000,47.39774189095502,8.545593983046384,487.99106,487.9916,0.019706387,2.4829853,2.5829256,nan,2,2,0,0
1777318639871000,1777318639871000,47.39774189134019,8.54559398276807,487.9911,487.99164,0.019706387,2.4830067,2.5829432,nan,2,2,0,0
1777318639879000,1777318639879000,47.3977418917074,8.545593982467448,487.9911,487.99164,0.019706387,2.4830282,2.582961,nan,2,2,0,0
1777318639887000,1777318639887000,47.397741892045545,8.54559398214923,487.9911,487.99164,0.019706387,2.4830499,2.5829792,nan,2,2,0,0
1777318639895000,1777318639895000,47.397741892347106,8.54559398180929,487.99112,487.99167,0.019706387,2.4830718,2.582997,nan,2,2,0,0
1777318639903000,1777318639903000,47.39774189282253,8.545593981667027,487.99112,487.9918,0.019706387,2.4829533,2.5829034,nan,2,2,0,0
1777318639911000,1777318639911000,47.39774189324701,8.545593981518474,487.99115,487.99182,0.019706387,2.482974,2.5829208,nan,2,2,0,0
1777318639919000,1777318639919000,47.397741893619475,8.545593981345197,487.99118,487.99185,0.019706387,2.4829953,2.5829384,nan,2,2,0,0
1777318639927000,1777318639927000,47.39774189393168,8.545593981150756,487.9912,487.99188,0.019706387,2.4830167,2.5829525,nan,2,2,0,0
1777318639935000,1777318639935000,47.397741894205325,8.54559398095731,487.99124,487.9919,0.019706387,2.4830384,2.5829704,nan,2,2,0,0
1777318639943000,1777318639943000,47.39774189445347,8.545593980766073,487.99127,487.99194,0.019706387,2.4830604,2.5829885,nan,2,2,0,0
1777318639951000,1777318639951000,47.397741894872276,8.54559398059753,487.9913,487.99207,0.019706387,2.4829428,2.5828953,nan,2,2,0,0
1777318639959000,1777318639959000,47.39774189524301,8.545593980412926,487.99133,487.9921,0.019706387,2.4829636,2.5829127,nan,2,2,0,0
1777318639967000,1777318639967000,47.397741895574015,8.545593980222359,487.99136,487.99213,0.019706387,2.4829845,2.58293,nan,2,2,0,0
1777318639975000,1777318639975000,47.39774189586406,8.5455939800199,487.99142,487.9922,0.019706387,2.483006,2.582948,nan,2,2,0,0
1777318639983000,1777318639983000,47.39774189610665,8.545593979791493,487.99146,487.99222,0.019706387,2.4830275,2.582962,nan,2,2,0,0
1777318639991000,1777318639991000,47.397741896290604,8.545593979528181,487.9915,487.99225,0.019706387,2.4830492,2.5829802,nan,2,2,0,0
1777318639999000,1777318639999000,47.39774189641855,8.545593979250585,487.99152,487.99228,0.019706387,2.483071,2.5829983,nan,2,2,0,0
1777318640007000,1777318640007000,47.397741896730096,8.545593979040833,487.99155,487.99234,0.019706387,2.4829526,2.582904,nan,2,2,0,0
1777318640015000,1777318640015000,47.39774189700289,8.545593978839406,487.99158,487.99237,0.019706387,2.4829736,2.5829217,nan,2,2,0,0
1777318640023000,1777318640023000,47.39774189723078,8.545593978662222,487.99164,487.99243,0.019706387,2.4829948,2.5829394,nan,2,2,0,0
1777318640031000,1777318640031000,47.39774189741555,8.545593978470656,487.99167,487.99246,0.019706387,2.483016,2.5829535,nan,2,2,0,0
1777318640039000,1777318640039000,47.39774189757607,8.545593978241797,487.9917,487.9925,0.019706387,2.4830377,2.5829713,nan,2,2,0,0
1777318640047000,1777318640047000,47.39774189770827,8.545593977990453,487.99173,487.99252,0.019706387,2.4830594,2.5829895,nan,2,2,0,0
1777318640055000,1777318640055000,47.39774189811212,8.545593977772427,487.9918,487.9927,0.019706387,2.482942,2.5828962,nan,2,2,0,0
1777318640063000,1777318640063000,47.39774189847851,8.545593977532349,487.99185,487.99277,0.019706387,2.4829628,2.5829136,nan,2,2,0,0
1777318640071000,1777318640071000,47.39774189881343,8.545593977240367,487.9919,487.99283,0.019706387,2.482984,2.582931,nan,2,2,0,0
1777318640079000,1777318640079000,47.397741899118714,8.545593976910494,487.99194,487.99286,0.019706387,2.4830053,2.5829453,nan,2,2,0,0
1777318640087000,1777318640087000,47.397741899414896,8.545593976551517,487.992,487.99292,0.019706387,2.4830267,2.582963,nan,2,2,0,0
1777318640095000,1777318640095000,47.397741899701195,8.545593976186348,487.99207,487.99298,0.019706387,2.4830484,2.582981,nan,2,2,0,0
1777318640103000,1777318640103000,47.397741900248654,8.54559397586997,487.99213,487.9931,0.019706387,2.482932,2.5828884,nan,2,2,0,0
1777318640111000,1777318640111000,47.39774190074945,8.545593975541165,487.99216,487.99313,0.019706387,2.4829528,2.5829055,nan,2,2,0,0
1777318640119000,1777318640119000,47.39774190123415,8.545593975181355,487.99222,487.9932,0.019706387,2.4829736,2.5829232,nan,2,2,0,0
1777318640127000,1777318640127000,47.39774190168332,8.545593974782623,487.99228,487.99326,0.019706387,2.4829948,2.5829372,nan,2,2,0,0
1777318640135000,1777318640135000,47.397741902112664,8.545593974348472,487.9923,487.9933,0.019706387,2.483016,2.5829551,nan,2,2,0,0
1777318640143000,1777318640143000,47.39774190250609,8.545593973889991,487.99237,487.99335,0.019706387,2.4830377,2.582973,nan,2,2,0,0
1777318640151000,1777318640151000,47.39774190286005,8.545593973440504,487.99243,487.9934,0.019706387,2.4830594,2.5829911,nan,2,2,0,0
1777318640159000,1777318640159000,47.39774190338162,8.545593972992162,487.99246,487.99347,0.019706387,2.482942,2.5828974,nan,2,2,0,0
1777318640167000,1777318640167000,47.39774190386913,8.545593972552686,487.99252,487.99353,0.019706387,2.482963,2.582915,nan,2,2,0,0
1777318640175000,1777318640175000,47.397741904340634,8.545593972088609,487.99255,487.99356,0.019706387,2.482984,2.5829325,nan,2,2,0,0
1777318640183000,1777318640183000,47.39774190479619,8.545593971597475,487.99258,487.9936,0.019706387,2.4830053,2.5829468,nan,2,2,0,0
1777318640191000,1777318640191000,47.397741905206644,8.545593971100493,487.99265,487.99365,0.019706387,2.4830267,2.5829647,nan,2,2,0,0
1777318640199000,1777318640199000,47.397741905562135,8.545593970606438,487.99268,487.99368,0.019706387,2.4830484,2.5829825,nan,2,2,0,0
1777318640207000,1777318640207000,47.39774190606126,8.545593970036723,487.99274,487.99384,0.019706387,2.482932,2.5828896,nan,2,2,0,0
1777318640215000,1777318640215000,47.39774190651108,8.545593969456945,487.9928,487.9939,0.019706387,2.4829528,2.5829072,nan,2,2,0,0
1777318640223000,1777318640223000,47.39774190693759,8.545593968861322,487.99283,487.99393,0.019706387,2.4829736,2.5829246,nan,2,2,0,0
1777318640231000,1777318640231000,47.397741907353506,8.54559396822078,487.9929,487.994,0.019706387,2.4829948,2.5829387,nan,2,2,0,0
1777318640239000,1777318640239000,47.3977419077631,8.545593967560631,487.99292,487.99402,0.019706387,2.483016,2.5829566,nan,2,2,0,0
1777318640247000,1777318640247000,47.39774190813966,8.545593966880515,487.99298,487.99408,0.019706387,2.4830377,2.5829744,nan,2,2,0,0
1777318640255000,1777318640255000,47.397741908482786,8.545593966177716,487.993,487.9941,0.019706387,2.4830594,2.5829926,nan,2,2,0,0
1777318640263000,1777318640263000,47.397741908889635,8.54559396547705,487.99307,487.99432,0.019706387,2.482942,2.582899,nan,2,2,0,0
1777318640271000,1777318640271000,47.3977419092761,8.545593964793719,487.99313,487.9944,0.019706387,2.482963,2.5829165,nan,2,2,0,0
1777318640279000,1777318640279000,47.39774190963638,8.545593964089589,487.9932,487.99445,0.019706387,2.482984,2.5829306,nan,2,2,0,0
1777318640287000,1777318640287000,47.39774190995899,8.545593963353905,487.99326,487.9945,0.019706387,2.4830053,2.5829482,nan,2,2,0,0
1777318640295000,1777318640295000,47.39774191025084,8.545593962626922,487.99332,487.99457,0.019706387,2.4830265,2.582966,nan,2,2,0,0
1777318640303000,1777318640303000,47.39774191050086,8.545593961885599,487.99338,487.99463,0.019706387,2.4830482,2.5829842,nan,2,2,0,0
1777318640311000,1777318640311000,47.39774191069376,8.545593961135358,487.99344,487.9947,0.019706387,2.4830701,2.5830023,nan,2,2,0,0
1777318640319000,1777318640319000,47.39774191091586,8.545593960302229,487.9935,487.99478,0.019706387,2.4829519,2.582908,nan,2,2,0,0
1777318640327000,1777318640327000,47.397741911104085,8.545593959402822,487.99356,487.99484,0.019706387,2.4829729,2.582922,nan,2,2,0,0
1777318640335000,1777318640335000,47.39774191129106,8.5455939584854,487.99362,487.9949,0.019706387,2.4829938,2.5829396,nan,2,2,0,0
1777318640343000,1777318640343000,47.3977419114739,8.545593957568887,487.99368,487.99496,0.019706387,2.483015,2.5829575,nan,2,2,0,0
1777318640351000,1777318640351000,47.39774191165146,8.545593956625789,487.99374,487.99503,0.019706387,2.4830368,2.5829754,nan,2,2,0,0
1777318640359000,1777318640359000,47.39774191179454,8.5455939556619,487.9938,487.9951,0.019706387,2.4830585,2.5829935,nan,2,2,0,0
1777318640367000,1777318640367000,47.397741911991744,8.545593954742628,487.99384,487.99512,0.019706387,2.4829414,2.5828998,nan,2,2,0,0
1777318640375000,1777318640375000,47.39774191216666,8.545593953821882,487.9939,487.99518,0.019706387,2.4829621,2.5829175,nan,2,2,0,0
1777318640383000,1777318640383000,47.3977419123146,8.54559395289262,487.99393,487.9952,0.019706387,2.482983,2.582935,nan,2,2,0,0
1777318640391000,1777318640391000,47.39774191242804,8.54559395196143,487.994,487.99527,0.019706387,2.483004,2.5829527,nan,2,2,0,0
1777318640399000,1777318640399000,47.39774191251475,8.545593951030924,487.99402,487.9953,0.019706387,2.4830256,2.5829706,nan,2,2,0,0
1777318640407000,1777318640407000,47.39774191256876,8.545593950128332,487.99408,487.99536,0.019706387,2.4830472,2.5829887,nan,2,2,0,0
1777318640415000,1777318640415000,47.397741912603315,8.545593949252623,487.9941,487.9954,0.019706387,2.4830692,2.583007,nan,2,2,0,0
1777318640423000,1777318640423000,47.39774191270619,8.545593948729817,487.99414,487.9954,0.019706387,2.4829512,2.5829122,nan,2,2,0,0
1777318640431000,1777318640431000,47.39774191277481,8.545593948171756,487.99417,487.99542,0.019706387,2.482972,2.5829263,nan,2,2,0,0
1777318640439000,1777318640439000,47.397741912815405,8.545593947583532,487.99417,487.99542,0.019706387,2.482993,2.582944,nan,2,2,0,0
1777318640447000,1777318640447000,47.3977419128198,8.545593946979066,487.9942,487.99545,0.019706387,2.483014,2.5829618,nan,2,2,0,0
1777318640455000,1777318640455000,47.39774191278339,8.545593946341299,487.99423,487.99548,0.019706387,2.4830358,2.58298,nan,2,2,0,0
1777318640463000,1777318640463000,47.39774191270546,8.545593945665852,487.99426,487.9955,0.019706387,2.4830575,2.582998,nan,2,2,0,0
1777318640471000,1777318640471000,47.39774191278286,8.54559394517804,487.99426,487.9955,0.019706387,2.4829404,2.5829039,nan,2,2,0,0
1777318640479000,1777318640479000,47.397741912826476,8.545593944607043,487.9943,487.99554,0.019706387,2.4829612,2.582918,nan,2,2,0,0
1777318640487000,1777318640487000,47.39774191282704,8.545593943980304,487.99432,487.99557,0.019706387,2.4829822,2.5829356,nan,2,2,0,0
1777318640495000,1777318640495000,47.39774191276908,8.545593943330584,487.99432,487.99557,0.019706387,2.4830031,2.5829535,nan,2,2,0,0
1777318640503000,1777318640503000,47.39774191267733,8.545593942669516,487.99435,487.9956,0.019706387,2.4830246,2.5829713,nan,2,2,0,0
1777318640511000,1777318640511000,47.397741912569444,8.545593941970033,487.9944,487.99564,0.019706387,2.483046,2.5829895,nan,2,2,0,0
1777318640519000,1777318640519000,47.39774191244651,8.545593941248507,487.9944,487.99564,0.019706387,2.483068,2.5830076,nan,2,2,0,0
1777318640527000,1777318640527000,47.3977419124954,8.545593940789614,487.9944,487.99567,0.019706387,2.4829502,2.5829093,nan,2,2,0,0
1777318640535000,1777318640535000,47.397741912505374,8.545593940334514,487.99442,487.9957,0.019706387,2.482971,2.5829268,nan,2,2,0,0
1777318640543000,1777318640543000,47.397741912496535,8.545593939852857,487.99442,487.9957,0.019706387,2.482992,2.5829446,nan,2,2,0,0
1777318640551000,1777318640551000,47.39774191247756,8.54559393931175,487.99442,487.9957,0.019706387,2.4830132,2.5829625,nan,2,2,0,0
1777318640559000,1777318640559000,47.39774191242576,8.545593938723792,487.99442,487.9957,0.019706387,2.4830346,2.5829804,nan,2,2,0,0
1777318640567000,1777318640567000,47.397741912338375,8.54559393812349,487.99445,487.99573,0.019706387,2.4830563,2.5829988,nan,2,2,0,0
1777318640575000,1777318640575000,47.39774191240875,8.545593937560703,487.99445,487.99576,0.019706387,2.4829397,2.5829046,nan,2,2,0,0
1777318640583000,1777318640583000,47.397741912444346,8.545593936972477,487.99445,487.99576,0.019706387,2.4829602,2.5829186,nan,2,2,0,0
1777318640591000,1777318640591000,47.39774191245823,8.545593936354319,487.99445,487.99576,0.019706387,2.4829812,2.5829363,nan,2,2,0,0
1777318640599000,1777318640599000,47.39774191243222,8.545593935687021,487.99445,487.99576,0.019706387,2.4830022,2.582954,nan,2,2,0,0
1777318640607000,1777318640607000,47.39774191238391,8.545593934950395,487.99445,487.99576,0.019706387,2.4830236,2.5829718,nan,2,2,0,0
1777318640615000,1777318640615000,47.39774191229478,8.545593934206014,487.99445,487.99576,0.019706387,2.483045,2.58299,nan,2,2,0,0
1777318640623000,1777318640623000,47.397741912262426,8.545593933430652,487.99448,487.99588,0.019706387,2.4829297,2.5828965,nan,2,2,0,0
1777318640631000,1777318640631000,47.39774191221485,8.545593932611949,487.9945,487.9959,0.019706387,2.4829502,2.5829105,nan,2,2,0,0
1777318640639000,1777318640639000,47.39774191216224,8.54559393178578,487.99454,487.99594,0.019706387,2.482971,2.5829282,nan,2,2,0,0
1777318640647000,1777318640647000,47.39774191208618,8.545593930971954,487.99457,487.99597,0.019706387,2.482992,2.5829458,nan,2,2,0,0
1777318640655000,1777318640655000,47.397741911991275,8.545593930158226,487.9946,487.996,0.019706387,2.4830132,2.5829637,nan,2,2,0,0
1777318640663000,1777318640663000,47.397741911864166,8.545593929331744,487.99463,487.99603,0.019706387,2.4830344,2.5829816,nan,2,2,0,0
1777318640671000,1777318640671000,47.39774191170723,8.545593928496686,487.99466,487.99606,0.019706387,2.483056,2.583,nan,2,2,0,0
1777318640679000,1777318640679000,47.39774191172968,8.545593927563559,487.9947,487.99615,0.019706387,2.4829395,2.5829022,nan,2,2,0,0
1777318640687000,1777318640687000,47.39774191169181,8.545593926613908,487.99475,487.99622,0.019706387,2.4829602,2.5829196,nan,2,2,0,0
1777318640695000,1777318640695000,47.39774191161553,8.545593925649465,487.99478,487.99625,0.019706387,2.482981,2.5829372,nan,2,2,0,0
1777318640703000,1777318640703000,47.39774191150351,8.545593924675053,487.9948,487.99628,0.019706387,2.4830022,2.5829551,nan,2,2,0,0
1777318640711000,1777318640711000,47.39774191136162,8.545593923676883,487.99487,487.99634,0.019706387,2.4830234,2.582973,nan,2,2,0,0
1777318640719000,1777318640719000,47.39774191119187,8.545593922664459,487.9949,487.99637,0.019706387,2.4830449,2.5829911,nan,2,2,0,0
1777318640727000,1777318640727000,47.397741910992295,8.545593921635684,487.99493,487.9964,0.019706387,2.4830666,2.5830057,nan,2,2,0,0
1777318640735000,1777318640735000,47.39774191098708,8.54559392056038,487.99496,487.9965,0.019706387,2.4829493,2.582911,nan,2,2,0,0
1777318640743000,1777318640743000,47.39774191096623,8.545593919503327,487.995,487.99652,0.019706387,2.4829698,2.5829287,nan,2,2,0,0
1777318640751000,1777318640751000,47.39774191092346,8.545593918453545,487.99503,487.99655,0.019706387,2.4829907,2.5829463,nan,2,2,0,0
1777318640759000,1777318640759000,47.39774191086677,8.545593917415903,487.9951,487.9966,0.019706387,2.483012,2.5829642,nan,2,2,0,0
1777318640767000,1777318640767000,47.39774191078765,8.545593916370285,487.99512,487.99664,0.019706387,2.4830334,2.5829823,nan,2,2,0,0
1777318640775000,1777318640775000,47.397741910675094,8.545593915315939,487.99515,487.99667,0.019706387,2.483055,2.5830004,nan,2,2,0,0
1777318640783000,1777318640783000,47.397741910638345,8.545593914207995,487.99518,487.99673,0.019706387,2.4829385,2.5829027,nan,2,2,0,0
1777318640791000,1777318640791000,47.39774191053643,8.545593913059548,487.99524,487.9968,0.019706387,2.4829593,2.5829203,nan,2,2,0,0
1777318640799000,1777318640799000,47.397741910377704,8.545593911890526,487.99527,487.99683,0.019706387,2.48298,2.582938,nan,2,2,0,0
1777318640807000,1777318640807000,47.397741910189396,8.545593910720159,487.9953,487.99686,0.019706387,2.483001,2.5829556,nan,2,2,0,0
1777318640815000,1777318640815000,47.39774190996623,8.545593909556674,487.99536,487.99692,0.019706387,2.4830222,2.5829737,nan,2,2,0,0
1777318640823000,1777318640823000,47.39774190969985,8.545593908401354,487.9954,487.99695,0.019706387,2.4830437,2.5829918,nan,2,2,0,0
1777318640831000,1777318640831000,47.397741909536,8.545593907401244,487.99542,487.997,0.019706387,2.4829285,2.5828946,nan,2,2,0,0
1777318640839000,1777318640839000,47.39774190937778,8.545593906371009,487.99548,487.99707,0.019706387,2.482949,2.5829122,nan,2,2,0,0
1777318640847000,1777318640847000,47.39774190920025,8.545593905299363,487.9955,487.9971,0.019706387,2.4829698,2.5829296,nan,2,2,0,0
1777318640855000,1777318640855000,47.397741908992394,8.545593904218814,487.99557,487.99716,0.019706387,2.4829905,2.5829475,nan,2,2,0,0
1777318640863000,1777318640863000,47.39774190874569,8.545593903144754,487.9956,487.9972,0.019706387,2.4830117,2.5829654,nan,2,2,0,0
1777318640871000,1777318640871000,47.39774190847053,8.545593902050996,487.99567,487.99725,0.019706387,2.4830332,2.5829835,nan,2,2,0,0
1777318640879000,1777318640879000,47.39774190815978,8.545593900922508,487.9957,487.99728,0.019706387,2.4830546,2.5829978,nan,2,2,0,0
1777318640887000,1777318640887000,47.3977419081314,8.545593899846907,487.99573,487.99728,0.019706387,2.4829383,2.5829039,nan,2,2,0,0
1777318640895000,1777318640895000,47.3977419080713,8.545593898763412,487.99576,487.9973,0.019706387,2.482959,2.5829213,nan,2,2,0,0
1777318640903000,1777318640903000,47.39774190796821,8.545593897674575,487.9958,487.99734,0.019706387,2.4829798,2.582939,nan,2,2,0,0
1777318640911000,1777318640911000,47.39774190783861,8.5455938965783,487.99582,487.99738,0.019706387,2.4830008,2.5829568,nan,2,2,0,0
1777318640919000,1777318640919000,47.39774190767137,8.545593895473406,487.99585,487.9974,0.019706387,2.483022,2.5829747,nan,2,2,0,0
1777318640927000,1777318640927000,47.397741907473545,8.545593894358404,487.99588,487.99744,0.019706387,2.4830434,2.5829892,nan,2,2,0,0
1777318640935000,1777318640935000,47.39774190757405,8.545593893342021,487.9959,487.99753,0.019706387,2.4829283,2.5828958,nan,2,2,0,0
1777318640943000,1777318640943000,47.39774190761995,8.545593892349528,487.99594,487.99756,0.019706387,2.4829488,2.5829132,nan,2,2,0,0
1777318640951000,1777318640951000,47.39774190760995,8.545593891340824,487.99597,487.9976,0.019706387,2.4829693,2.5829308,nan,2,2,0,0
1777318640959000,1777318640959000,47.397741907552415,8.545593890337237,487.996,487.99762,0.019706387,2.4829903,2.5829484,nan,2,2,0,0
1777318640967000,1777318640967000,47.39774190747269,8.545593889369151,487.996,487.99762,0.019706387,2.4830115,2.5829666,nan,2,2,0,0
1777318640975000,1777318640975000,47.397741907369735,8.545593888401767,487.99603,487.99765,0.019706387,2.4830327,2.5829844,nan,2,2,0,0
1777318640983000,1777318640983000,47.39774190723097,8.545593887439068,487.99606,487.99768,0.019706387,2.4830544,2.582999,nan,2,2,0,0
1777318640991000,1777318640991000,47.39774190727245,8.545593886384129,487.9961,487.99777,0.019706387,2.482938,2.5829048,nan,2,2,0,0
1777318640999000,1777318640999000,47.397741907264816,8.545593885340283,487.99612,487.9978,0.019706387,2.4829588,2.5829222,nan,2,2,0,0
1777318641007000,1777318641007000,47.397741907208214,8.545593884291387,487.99615,487.99783,0.019706387,2.4829795,2.58294,nan,2,2,0,0
1777318641015000,1777318641015000,47.39774190710235,8.545593883210872,487.9962,487.99786,0.019706387,2.4830005,2.582958,nan,2,2,0,0
1777318641023000,1777318641023000,47.39774190696335,8.545593882114844,487.99622,487.9979,0.019706387,2.4830217,2.5829759,nan,2,2,0,0
1777318641031000,1777318641031000,47.39774190679524,8.545593881025868,487.99625,487.99792,0.019706387,2.4830432,2.5829902,nan,2,2,0,0
1777318641039000,1777318641039000,47.397741906604416,8.545593879972532,487.99628,487.99796,0.019706387,2.4830647,2.5830085,nan,2,2,0,0
1777318641047000,1777318641047000,47.397741906520835,8.545593878919483,487.9963,487.99805,0.019706387,2.4829476,2.5829136,nan,2,2,0,0
1777318641055000,1777318641055000,47.39774190636627,8.545593877874241,487.99634,487.99808,0.019706387,2.4829683,2.5829313,nan,2,2,0,0
1777318641063000,1777318641063000,47.397741906166885,8.545593876837666,487.99637,487.9981,0.019706387,2.482989,2.582949,nan,2,2,0,0
1777318641071000,1777318641071000,47.397741905957204,8.545593875783275,487.9964,487.99814,0.019706387,2.4830103,2.5829668,nan,2,2,0,0
1777318641079000,1777318641079000,47.39774190572607,8.545593874698893,487.99643,487.99817,0.019706387,2.4830315,2.582985,nan,2,2,0,0
1777318641087000,1777318641087000,47.39774190547661,8.545593873574322,487.99646,487.9982,0.019706387,2.483053,2.5830033,nan,2,2,0,0
1777318641095000,1777318641095000,47.39774190535281,8.54559387264964,487.9965,487.99823,0.019706387,2.482937,2.5829089,nan,2,2,0,0
1777318641103000,1777318641103000,47.39774190517209,8.5455938717151,487.99652,487.99826,0.019706387,2.4829576,2.5829263,nan,2,2,0,0
1777318641111000,1777318641111000,47.39774190493743,8.545593870800108,487.99655,487.9983,0.019706387,2.4829783,2.582944,nan,2,2,0,0
1777318641119000,1777318641119000,47.397741904667306,8.545593869930238,487.99655,487.9983,0.019706387,2.4829993,2.582962,nan,2,2,0,0
1777318641127000,1777318641127000,47.39774190435584,8.545593869062836,487.99658,487.99832,0.019706387,2.4830205,2.5829763,nan,2,2,0,0
1777318641135000,1777318641135000,47.39774190400575,8.54559386818068,487.99658,487.99832,0.019706387,2.4830418,2.5829942,nan,2,2,0,0
1777318641143000,1777318641143000,47.39774190363762,8.54559386729115,487.9966,487.99835,0.019706387,2.4830635,2.5830126,nan,2,2,0,0
1777318641151000,1777318641151000,47.39774190328743,8.545593866380967,487.99664,487.9984,0.019706387,2.4829466,2.5829175,nan,2,2,0,0
1777318641159000,1777318641159000,47.397741902886835,8.545593865466673,487.99664,487.9984,0.019706387,2.4829671,2.582935,nan,2,2,0,0
1777318641167000,1777318641167000,47.397741902456104,8.545593864529241,487.99667,487.99844,0.019706387,2.4829879,2.582953,nan,2,2,0,0
1777318641175000,1777318641175000,47.39774190201199,8.545593863583553,487.9967,487.99847,0.019706387,2.483009,2.5829709,nan,2,2,0,0
1777318641183000,1777318641183000,47.39774190155241,8.545593862653483,487.99673,487.9985,0.019706387,2.4830303,2.5829852,nan,2,2,0,0
1777318641191000,1777318641191000,47.39774190108692,8.545593861731374,487.99673,487.9985,0.019706387,2.4830518,2.5830033,nan,2,2,0,0
1777318641199000,1777318641199000,47.39774190077735,8.545593861083647,487.99677,487.9985,0.019706387,2.4829361,2.5829089,nan,2,2,0,0
1777318641207000,1777318641207000,47.39774190045294,8.5455938604289,487.9968,487.99854,0.019706387,2.4829564,2.5829265,nan,2,2,0,0
1777318641215000,1777318641215000,47.397741900103526,8.545593859787656,487.9968,487.99854,0.019706387,2.4829772,2.5829442,nan,2,2,0,0
1777318641223000,1777318641223000,47.39774189973429,8.54559385914973,487.99683,487.99857,0.019706387,2.4829981,2.582962,nan,2,2,0,0
1777318641231000,1777318641231000,47.39774189932249,8.545593858498234,487.99683,487.99857,0.019706387,2.4830194,2.5829763,nan,2,2,0,0
1777318641239000,1777318641239000,47.39774189888543,8.545593857833008,487.99686,487.9986,0.019706387,2.4830408,2.5829945,nan,2,2,0,0
1777318641247000,1777318641247000,47.39774189841265,8.545593857150767,487.99686,487.9986,0.019706387,2.4830623,2.5830128,nan,2,2,0,0
1777318641255000,1777318641255000,47.397741898091965,8.545593856741101,487.9969,487.9987,0.019706387,2.4829454,2.5829177,nan,2,2,0,0
1777318641263000,1777318641263000,47.397741897753846,8.545593856331479,487.99692,487.99872,0.019706387,2.4829662,2.5829353,nan,2,2,0,0
1777318641271000,1777318641271000,47.39774189740051,8.545593855939034,487.99695,487.99875,0.019706387,2.482987,2.582953,nan,2,2,0,0
1777318641279000,1777318641279000,47.397741897046366,8.545593855548585,487.99698,487.99878,0.019706387,2.483008,2.582971,nan,2,2,0,0
1777318641287000,1777318641287000,47.397741896682724,8.545593855167038,487.99698,487.99878,0.019706387,2.4830291,2.5829892,nan,2,2,0,0
1777318641295000,1777318641295000,47.39774189630999,8.545593854808159,487.997,487.9988,0.019706387,2.4830506,2.5830073,nan,2,2,0,0
1777318641303000,1777318641303000,47.39774189610781,8.545593854795023,487.997,487.99875,0.019706387,2.482935,2.5829127,nan,2,2,0,0
1777318641311000,1777318641311000,47.397741895912674,8.545593854762666,487.99704,487.99878,0.019706387,2.4829555,2.58293,nan,2,2,0,0
1777318641319000,1777318641319000,47.39774189571141,8.545593854725627,487.99704,487.99878,0.019706387,2.482976,2.582948,nan,2,2,0,0
1777318641327000,1777318641327000,47.39774189550233,8.545593854665533,487.99707,487.9988,0.019706387,2.482997,2.582962,nan,2,2,0,0
1777318641335000,1777318641335000,47.39774189526174,8.545593854610859,487.99707,487.9988,0.019706387,2.4830182,2.5829802,nan,2,2,0,0
1777318641343000,1777318641343000,47.39774189499083,8.545593854559824,487.9971,487.99884,0.019706387,2.4830394,2.5829983,nan,2,2,0,0
1777318641351000,1777318641351000,47.39774189472065,8.545593854512237,487.9971,487.99884,0.019706387,2.483061,2.5830166,nan,2,2,0,0
1777318641359000,1777318641359000,47.39774189461305,8.545593854792493,487.9971,487.9988,0.019706387,2.4829445,2.5829213,nan,2,2,0,0
1777318641367000,1777318641367000,47.39774189449635,8.545593855061249,487.99713,487.99884,0.019706387,2.482965,2.582939,nan,2,2,0,0
1777318641375000,1777318641375000,47.39774189436865,8.545593855321044,487.99713,487.99884,0.019706387,2.4829857,2.5829568,nan,2,2,0,0
1777318641383000,1777318641383000,47.39774189422302,8.545593855535916,487.99713,487.99884,0.019706387,2.4830067,2.582971,nan,2,2,0,0
1777318641391000,1777318641391000,47.39774189405171,8.545593855706764,487.99716,487.99887,0.019706387,2.483028,2.582989,nan,2,2,0,0
1777318641399000,1777318641399000,47.3977418938515,8.545593855878202,487.99716,487.99887,0.019706387,2.4830494,2.5830073,nan,2,2,0,0
1777318641407000,1777318641407000,47.3977418938417,8.545593856312653,487.99716,487.99887,0.019706387,2.482934,2.5829124,nan,2,2,0,0
1777318641415000,1777318641415000,47.39774189380697,8.545593856751697,487.99716,487.99887,0.019706387,2.4829543,2.58293,nan,2,2,0,0
1777318641423000,1777318641423000,47.39774189377741,8.545593857171186,487.99716,487.99887,0.019706387,2.482975,2.582948,nan,2,2,0,0
1777318641431000,1777318641431000,47.39774189373959,8.545593857579162,487.99716,487.99887,0.019706387,2.4829957,2.582962,nan,2,2,0,0
1777318641439000,1777318641439000,47.39774189367461,8.545593857966216,487.99716,487.99887,0.019706387,2.483017,2.5829802,nan,2,2,0,0
1777318641447000,1777318641447000,47.397741893584254,8.545593858346523,487.99716,487.99887,0.019706387,2.4830382,2.5829983,nan,2,2,0,0
1777318641455000,1777318641455000,47.39774189344802,8.545593858685336,487.99716,487.99887,0.019706387,2.48306,2.5830166,nan,2,2,0,0
1777318641463000,1777318641463000,47.39774189348926,8.545593859290587,487.99716,487.99887,0.019706387,2.4829435,2.582921,nan,2,2,0,0
1777318641471000,1777318641471000,47.39774189348379,8.545593859880583,487.99716,487.99887,0.019706387,2.482964,2.5829387,nan,2,2,0,0
1777318641479000,1777318641479000,47.39774189342278,8.54559386044403,487.99716,487.99887,0.019706387,2.4829848,2.582953,nan,2,2,0,0
1777318641487000,1777318641487000,47.39774189332837,8.545593861000556,487.99716,487.99887,0.019706387,2.4830058,2.5829709,nan,2,2,0,0
1777318641495000,1777318641495000,47.39774189321072,8.545593861569325,487.99716,487.99887,0.019706387,2.4830267,2.582989,nan,2,2,0,0
1777318641503000,1777318641503000,47.3977418930476,8.545593862114226,487.99716,487.99887,0.019706387,2.4830482,2.583007,nan,2,2,0,0
1777318641511000,1777318641511000,47.397741892984165,8.545593862710023,487.99716,487.99884,0.019706387,2.482933,2.5829124,nan,2,2,0,0
1777318641519000,1777318641519000,47.39774189289666,8.545593863253073,487.99716,487.99884,0.019706387,2.4829533,2.58293,nan,2,2,0,0
1777318641527000,1777318641527000,47.39774189278622,8.545593863793725,487.99716,487.99884,0.019706387,2.482974,2.5829442,nan,2,2,0,0
1777318641535000,1777318641535000,47.397741892645556,8.545593864345143,487.99716,487.99884,0.019706387,2.4829948,2.582962,nan,2,2,0,0
1777318641543000,1777318641543000,47.397741892485314,8.545593864890558,487.99716,487.99884,0.019706387,2.4830158,2.58298,nan,2,2,0,0
1777318641551000,1777318641551000,47.39774189230942,8.545593865431286,487.99716,487.99884,0.019706387,2.483037,2.5829983,nan,2,2,0,0
1777318641559000,1777318641559000,47.397741892123584,8.54559386595785,487.99716,487.99884,0.019706387,2.4830585,2.5830164,nan,2,2,0,0
1777318641567000,1777318641567000,47.397741892101315,8.545593866625376,487.99716,487.99884,0.019706387,2.4829423,2.582921,nan,2,2,0,0
1777318641575000,1777318641575000,47.39774189207706,8.545593867265934,487.99716,487.99884,0.019706387,2.4829628,2.5829387,nan,2,2,0,0
1777318641583000,1777318641583000,47.397741892044515,8.545593867876743,487.99716,487.99884,0.019706387,2.4829836,2.582953,nan,2,2,0,0
1777318641591000,1777318641591000,47.39774189199287,8.545593868441797,487.99713,487.9988,0.019706387,2.4830046,2.5829709,nan,2,2,0,0
1777318641599000,1777318641599000,47.3977418919285,8.545593868977715,487.99713,487.9988,0.019706387,2.4830256,2.582989,nan,2,2,0,0
1777318641607000,1777318641607000,47.3977418918562,8.545593869467625,487.99713,487.9988,0.019706387,2.483047,2.583007,nan,2,2,0,0
1777318641615000,1777318641615000,47.39774189201075,8.54559386998357,487.99713,487.99878,0.019706387,2.4829319,2.5829124,nan,2,2,0,0
1777318641623000,1777318641623000,47.39774189213863,8.54559387048379,487.99713,487.99878,0.019706387,2.4829524,2.58293,nan,2,2,0,0
1777318641631000,1777318641631000,47.397741892234365,8.54559387097274,487.99713,487.99878,0.019706387,2.4829729,2.5829442,nan,2,2,0,0
1777318641639000,1777318641639000,47.39774189232653,8.545593871444408,487.99713,487.99878,0.019706387,2.4829936,2.582962,nan,2,2,0,0
1777318641647000,1777318641647000,47.397741892392474,8.545593871927547,487.99713,487.99878,0.019706387,2.4830146,2.58298,nan,2,2,0,0
1777318641655000,1777318641655000,47.39774189244133,8.545593872422476,487.99713,487.99878,0.019706387,2.4830358,2.582998,nan,2,2,0,0
1777318641663000,1777318641663000,47.39774189262651,8.545593873061627,487.99713,487.99875,0.019706387,2.4829218,2.582904,nan,2,2,0,0
1777318641671000,1777318641671000,47.397741892803566,8.545593873680986,487.99713,487.99875,0.019706387,2.482942,2.5829215,nan,2,2,0,0
1777318641679000,1777318641679000,47.39774189297141,8.545593874283725,487.99713,487.99875,0.019706387,2.4829626,2.5829356,nan,2,2,0,0
1777318641687000,1777318641687000,47.39774189312082,8.54559387487762,487.99713,487.99875,0.019706387,2.4829834,2.5829535,nan,2,2,0,0
1777318641695000,1777318641695000,47.39774189324537,8.545593875466425,487.99713,487.99875,0.019706387,2.483004,2.5829713,nan,2,2,0,0
1777318641703000,1777318641703000,47.39774189334452,8.545593876062611,487.99713,487.99875,0.019706387,2.4830253,2.5829895,nan,2,2,0,0
1777318641711000,1777318641711000,47.3977418934204,8.545593876658875,487.99713,487.99875,0.019706387,2.4830465,2.5830078,nan,2,2,0,0
1777318641719000,1777318641719000,47.39774189350906,8.545593877418012,487.99713,487.99872,0.019706387,2.4829316,2.582913,nan,2,2,0,0
1777318641727000,1777318641727000,47.39774189356444,8.545593878201302,487.9971,487.9987,0.019706387,2.4829519,2.582927,nan,2,2,0,0
1777318641735000,1777318641735000,47.39774189359184,8.54559387901344,487.9971,487.9987,0.019706387,2.4829726,2.5829446,nan,2,2,0,0
1777318641743000,1777318641743000,47.39774189360804,8.545593879812367,487.9971,487.9987,0.019706387,2.4829934,2.5829625,nan,2,2,0,0
1777318641751000,1777318641751000,47.3977418936019,8.545593880589701,487.9971,487.9987,0.019706387,2.4830143,2.5829804,nan,2,2,0,0
1777318641759000,1777318641759000,47.39774189356713,8.545593881356032,487.99707,487.99866,0.019706387,2.4830356,2.5829988,nan,2,2,0,0
1777318641767000,1777318641767000,47.39774189353201,8.545593882230097,487.99707,487.99872,0.019706387,2.4829216,2.5829046,nan,2,2,0,0
1777318641775000,1777318641775000,47.39774189348676,8.545593883068287,487.99707,487.99872,0.019706387,2.4829419,2.5829222,nan,2,2,0,0
1777318641783000,1777318641783000,47.39774189342308,8.54559388390576,487.99707,487.99872,0.019706387,2.4829624,2.5829363,nan,2,2,0,0
1777318641791000,1777318641791000,47.39774189334684,8.545593884743518,487.99707,487.99872,0.019706387,2.4829829,2.582954,nan,2,2,0,0
1777318641799000,1777318641799000,47.397741893249844,8.545593885557235,487.99707,487.99872,0.019706387,2.4830039,2.5829718,nan,2,2,0,0
1777318641807000,1777318641807000,47.39774189314985,8.545593886355201,487.99707,487.99872,0.019706387,2.4830248,2.58299,nan,2,2,0,0
1777318641815000,1777318641815000,47.39774189304253,8.545593887168256,487.99707,487.99872,0.019706387,2.4830463,2.5830083,nan,2,2,0,0
1777318641823000,1777318641823000,47.3977418930269,8.545593888099301,487.99707,487.99875,0.019706387,2.4829314,2.5829134,nan,2,2,0,0
1777318641831000,1777318641831000,47.39774189299281,8.545593889022003,487.99707,487.99875,0.019706387,2.4829516,2.5829275,nan,2,2,0,0
1777318641839000,1777318641839000,47.397741892953064,8.545593889934189,487.99707,487.99875,0.019706387,2.4829721,2.582945,nan,2,2,0,0
1777318641847000,1777318641847000,47.397741892897045,8.545593890848554,487.99707,487.99875,0.019706387,2.4829931,2.582963,nan,2,2,0,0
1777318641855000,1777318641855000,47.39774189281965,8.54559389172926,487.99707,487.99875,0.019706387,2.483014,2.582981,nan,2,2,0,0
1777318641863000,1777318641863000,47.39774189271143,8.545593892569748,487.99707,487.99875,0.019706387,2.4830353,2.5829992,nan,2,2,0,0
1777318641871000,1777318641871000,47.39774189257978,8.545593893368636,487.99707,487.99875,0.019706387,2.4830565,2.5830176,nan,2,2,0,0
1777318641879000,1777318641879000,47.39774189245572,8.545593894159156,487.99707,487.99875,0.019706387,2.482941,2.582922,nan,2,2,0,0
1777318641887000,1777318641887000,47.39774189232063,8.545593894940405,487.99707,487.99875,0.019706387,2.4829612,2.5829396,nan,2,2,0,0
1777318641895000,1777318641895000,47.3977418921981,8.545593895701014,487.99707,487.99875,0.019706387,2.482982,2.5829575,nan,2,2,0,0
1777318641903000,1777318641903000,47.39774189207844,8.54559389643923,487.99707,487.99875,0.019706387,2.4830027,2.5829754,nan,2,2,0,0
1777318641911000,1777318641911000,47.39774189194076,8.545593897157802,487.99707,487.99875,0.019706387,2.483024,2.5829935,nan,2,2,0,0
1777318641919000,1777318641919000,47.39774189179672,8.545593897850752,487.99707,487.99875,0.019706387,2.483045,2.5830119,nan,2,2,0,0
1777318641927000,1777318641927000,47.39774189174422,8.545593898516174,487.99707,487.99878,0.019706387,2.4829304,2.5829134,nan,2,2,0,0
1777318641935000,1777318641935000,47.397741891677384,8.545593899164823,487.9971,487.9988,0.019706387,2.4829507,2.5829308,nan,2,2,0,0
1777318641943000,1777318641943000,47.397741891588836,8.545593899822356,487.9971,487.9988,0.019706387,2.4829712,2.5829484,nan,2,2,0,0
1777318641951000,1777318641951000,47.39774189147408,8.545593900496012,487.9971,487.9988,0.019706387,2.482992,2.5829666,nan,2,2,0,0
1777318641959000,1777318641959000,47.39774189132764,8.545593901142276,487.99713,487.99884,0.019706387,2.483013,2.5829844,nan,2,2,0,0
1777318641967000,1777318641967000,47.39774189113875,8.545593901759577,487.99713,487.99884,0.019706387,2.4830341,2.5830026,nan,2,2,0,0
1777318641975000,1777318641975000,47.397741891046664,8.545593902421887,487.99716,487.9989,0.019706387,2.4829202,2.5829084,nan,2,2,0,0
1777318641983000,1777318641983000,47.39774189092537,8.545593903037103,487.99716,487.9989,0.019706387,2.4829404,2.5829222,nan,2,2,0,0
1777318641991000,1777318641991000,47.397741890767556,8.545593903625456,487.9972,487.99893,0.019706387,2.482961,2.5829399,nan,2,2,0,0
1777318641999000,1777318641999000,47.39774189059225,8.54559390421604,487.99722,487.99896,0.019706387,2.4829814,2.5829577,nan,2,2,0,0
1777318642007000,1777318642007000,47.39774189040593,8.545593904801594,487.99722,487.99896,0.019706387,2.4830024,2.5829756,nan,2,2,0,0
1777318642015000,1777318642015000,47.39774189020187,8.545593905393751,487.99725,487.999,0.019706387,2.4830234,2.5829937,nan,2,2,0,0
1777318642023000,1777318642023000,47.397741889964905,8.545593905999857,487.99725,487.999,0.019706387,2.4830446,2.583012,nan,2,2,0,0
1777318642031000,1777318642031000,47.39774188971832,8.545593906710716,487.99728,487.99905,0.019706387,2.4829302,2.5829134,nan,2,2,0,0
1777318642039000,1777318642039000,47.39774188946387,8.54559390744901,487.9973,487.99908,0.019706387,2.4829504,2.582931,nan,2,2,0,0
1777318642047000,1777318642047000,47.39774188918895,8.545593908210051,487.9973,487.99908,0.019706387,2.482971,2.582949,nan,2,2,0,0
1777318642055000,1777318642055000,47.397741888882365,8.545593908969007,487.99734,487.9991,0.019706387,2.4829917,2.5829668,nan,2,2,0,0
1777318642063000,1777318642063000,47.397741888550264,8.545593909703639,487.99734,487.9991,0.019706387,2.4830127,2.5829847,nan,2,2,0,0
1777318642071000,1777318642071000,47.397741888209076,8.545593910435008,487.99738,487.99915,0.019706387,2.4830337,2.5830028,nan,2,2,0,0
1777318642079000,1777318642079000,47.39774188787097,8.545593911149327,487.99738,487.99915,0.019706387,2.483055,2.5830212,nan,2,2,0,0
1777318642087000,1777318642087000,47.39774188756711,8.54559391186156,487.9974,487.99918,0.019706387,2.4829395,2.5829256,nan,2,2,0,0
1777318642095000,1777318642095000,47.39774188726001,8.545593912595338,487.9974,487.99918,0.019706387,2.4829597,2.5829432,nan,2,2,0,0
1777318642103000,1777318642103000,47.397741886934675,8.545593913341856,487.99744,487.9992,0.019706387,2.4829805,2.582961,nan,2,2,0,0
1777318642111000,1777318642111000,47.39774188660304,8.545593914058166,487.99747,487.99924,0.019706387,2.4830012,2.582979,nan,2,2,0,0
1777318642119000,1777318642119000,47.39774188625032,8.545593914766592,487.99747,487.99924,0.019706387,2.4830225,2.582997,nan,2,2,0,0
1777318642127000,1777318642127000,47.39774188587574,8.545593915502625,487.9975,487.99927,0.019706387,2.4830437,2.5830116,nan,2,2,0,0
1777318642135000,1777318642135000,47.3977418856296,8.545593916404822,487.9975,487.9992,0.019706387,2.482929,2.5829165,nan,2,2,0,0
1777318642143000,1777318642143000,47.39774188538141,8.545593917295747,487.9975,487.9992,0.019706387,2.4829493,2.5829341,nan,2,2,0,0
1777318642151000,1777318642151000,47.397741885127694,8.545593918145377,487.9975,487.9992,0.019706387,2.4829698,2.582952,nan,2,2,0,0
1777318642159000,1777318642159000,47.397741884880055,8.545593918967755,487.9975,487.9992,0.019706387,2.4829905,2.58297,nan,2,2,0,0
1777318642167000,1777318642167000,47.39774188464071,8.545593919734774,487.99747,487.99918,0.019706387,2.4830115,2.5829878,nan,2,2,0,0
1777318642175000,1777318642175000,47.397741884375854,8.545593920456215,487.99747,487.99918,0.019706387,2.4830325,2.5830061,nan,2,2,0,0
1777318642183000,1777318642183000,47.397741884084716,8.54559392118338,487.99747,487.99918,0.019706387,2.483054,2.5830207,nan,2,2,0,0
1777318642191000,1777318642191000,47.39774188398799,8.545593921946166,487.99744,487.99915,0.019706387,2.4829385,2.582925,nan,2,2,0,0
1777318642199000,1777318642199000,47.39774188387282,8.545593922710003,487.99744,487.99915,0.019706387,2.4829588,2.5829427,nan,2,2,0,0
1777318642207000,1777318642207000,47.397741883734945,8.545593923464516,487.9974,487.9991,0.019706387,2.4829793,2.5829604,nan,2,2,0,0
1777318642215000,1777318642215000,47.397741883560386,8.545593924193453,487.9974,487.9991,0.019706387,2.4830003,2.5829785,nan,2,2,0,0
1777318642223000,1777318642223000,47.397741883363395,8.545593924878444,487.9974,487.9991,0.019706387,2.4830213,2.5829966,nan,2,2,0,0
1777318642231000,1777318642231000,47.39774188315001,8.545593925562576,487.9974,487.9991,0.019706387,2.4830425,2.5830112,nan,2,2,0,0
1777318642239000,1777318642239000,47.39774188301694,8.54559392620215,487.9974,487.9991,0.019706387,2.482928,2.582916,nan,2,2,0,0
1777318642247000,1777318642247000,47.39774188283888,8.545593926846118,487.99738,487.99908,0.019706387,2.4829483,2.5829337,nan,2,2,0,0
1777318642255000,1777318642255000,47.3977418826405,8.545593927461246,487.99738,487.99908,0.019706387,2.4829688,2.5829513,nan,2,2,0,0
1777318642263000,1777318642263000,47.39774188241681,8.545593928017398,487.99738,487.99908,0.019706387,2.4829893,2.5829694,nan,2,2,0,0
1777318642271000,1777318642271000,47.397741882157526,8.545593928558153,487.99738,487.99908,0.019706387,2.4830103,2.5829873,nan,2,2,0,0
1777318642279000,1777318642279000,47.39774188188336,8.545593929088842,487.99738,487.99908,0.019706387,2.4830313,2.5830054,nan,2,2,0,0
1777318642287000,1777318642287000,47.39774188173474,8.545593929583264,487.99738,487.99902,0.019706387,2.482918,2.582911,nan,2,2,0,0
1777318642295000,1777318642295000,47.39774188157366,8.54559393009186,487.99738,487.99902,0.019706387,2.482938,2.5829284,nan,2,2,0,0
1777318642303000,1777318642303000,47.39774188140477,8.545593930606781,487.99738,487.99902,0.019706387,2.4829586,2.5829463,nan,2,2,0,0
1777318642311000,1777318642311000,47.397741881236,8.545593931117935,487.99734,487.999,0.019706387,2.482979,2.582964,nan,2,2,0,0
1777318642319000,1777318642319000,47.39774188107156,8.545593931622177,487.99734,487.999,0.019706387,2.4829998,2.582982,nan,2,2,0,0
1777318642327000,1777318642327000,47.39774188090044,8.545593932143543,487.99734,487.999,0.019706387,2.483021,2.5829964,nan,2,2,0,0
1777318642335000,1777318642335000,47.39774188071042,8.545593932699813,487.99734,487.999,0.019706387,2.4830422,2.5830147,nan,2,2,0,0
1777318642343000,1777318642343000,47.39774188073382,8.545593933215441,487.9973,487.99896,0.019706387,2.4829278,2.5829194,nan,2,2,0,0
1777318642351000,1777318642351000,47.3977418807373,8.545593933738665,487.9973,487.99896,0.019706387,2.482948,2.582937,nan,2,2,0,0
1777318642359000,1777318642359000,47.397741880724894,8.545593934268277,487.99728,487.99893,0.019706387,2.4829686,2.582955,nan,2,2,0,0
1777318642367000,1777318642367000,47.39774188071362,8.54559393481284,487.99728,487.99893,0.019706387,2.482989,2.5829728,nan,2,2,0,0
1777318642375000,1777318642375000,47.39774188068491,8.54559393538216,487.99725,487.9989,0.019706387,2.48301,2.582991,nan,2,2,0,0
1777318642383000,1777318642383000,47.39774188062537,8.545593935978458,487.99725,487.9989,0.019706387,2.483031,2.5830054,nan,2,2,0,0
1777318642391000,1777318642391000,47.397741880541105,8.54559393662558,487.99725,487.9989,0.019706387,2.4830525,2.5830235,nan,2,2,0,0
1777318642399000,1777318642399000,47.39774188067442,8.545593937217017,487.99722,487.99884,0.019706387,2.482937,2.5829277,nan,2,2,0,0
1777318642407000,1777318642407000,47.39774188079994,8.545593937808576,487.99722,487.99884,0.019706387,2.4829576,2.5829456,nan,2,2,0,0
1777318642415000,1777318642415000,47.39774188091339,8.545593938432631,487.9972,487.9988,0.019706387,2.482978,2.5829632,nan,2,2,0,0
1777318642423000,1777318642423000,47.39774188100822,8.545593939103851,487.9972,487.9988,0.019706387,2.4829988,2.5829813,nan,2,2,0,0
1777318642431000,1777318642431000,47.39774188107949,8.545593939803448,487.99716,487.99878,0.019706387,2.4830198,2.5829957,nan,2,2,0,0
1777318642439000,1777318642439000,47.397741881122826,8.545593940509372,487.99716,487.99878,0.019706387,2.483041,2.583014,nan,2,2,0,0
1777318642447000,1777318642447000,47.39774188142114,8.545593941220305,487.99713,487.9987,0.019706387,2.4829268,2.5829186,nan,2,2,0,0
1777318642455000,1777318642455000,47.39774188168538,8.545593941917351,487.99713,487.9987,0.019706387,2.4829469,2.5829363,nan,2,2,0,0
1777318642463000,1777318642463000,47.39774188191177,8.545593942615193,487.9971,487.99866,0.019706387,2.4829674,2.5829542,nan,2,2,0,0
1777318642471000,1777318642471000,47.397741882092916,8.545593943326024,487.9971,487.99866,0.019706387,2.482988,2.582972,nan,2,2,0,0
1777318642479000,1777318642479000,47.39774188222076,8.545593944055591,487.99707,487.99863,0.019706387,2.4830089,2.5829864,nan,2,2,0,0
1777318642487000,1777318642487000,47.397741882317916,8.545593944803242,487.99704,487.9986,0.019706387,2.48303,2.5830045,nan,2,2,0,0
1777318642495000,1777318642495000,47.39774188239525,8.545593945594026,487.997,487.99857,0.019706387,2.4830513,2.5830228,nan,2,2,0,0
1777318642503000,1777318642503000,47.39774188262361,8.545593946422175,487.997,487.99857,0.019706387,2.4829361,2.582927,nan,2,2,0,0
1777318642511000,1777318642511000,47.397741882809726,8.54559394728586,487.99698,487.99854,0.019706387,2.4829564,2.5829449,nan,2,2,0,0
1777318642519000,1777318642519000,47.397741882972056,8.54559394816714,487.99695,487.9985,0.019706387,2.4829772,2.5829625,nan,2,2,0,0
1777318642527000,1777318642527000,47.397741883104956,8.545593949079153,487.99695,487.9985,0.019706387,2.482998,2.5829768,nan,2,2,0,0
1777318642535000,1777318642535000,47.39774188321263,8.545593950018372,487.99692,487.99847,0.019706387,2.4830186,2.582995,nan,2,2,0,0
1777318642543000,1777318642543000,47.39774188329551,8.54559395095915,487.99692,487.99847,0.019706387,2.4830399,2.583013,nan,2,2,0,0
1777318642551000,1777318642551000,47.397741883544846,8.545593951784758,487.9969,487.99844,0.019706387,2.482926,2.5829182,nan,2,2,0,0
1777318642559000,1777318642559000,47.397741883779226,8.545593952618654,487.9969,487.99844,0.019706387,2.482946,2.5829358,nan,2,2,0,0
1777318642567000,1777318642567000,47.39774188399199,8.54559395344514,487.99686,487.9984,0.019706387,2.4829664,2.5829535,nan,2,2,0,0
1777318642575000,1777318642575000,47.397741884178025,8.545593954249604,487.99686,487.9984,0.019706387,2.482987,2.5829713,nan,2,2,0,0
1777318642583000,1777318642583000,47.39774188434203,8.545593955069364,487.99683,487.99838,0.019706387,2.483008,2.5829856,nan,2,2,0,0
1777318642591000,1777318642591000,47.397741884463876,8.54559395589216,487.99683,487.99838,0.019706387,2.483029,2.5830038,nan,2,2,0,0
1777318642599000,1777318642599000,47.397741884564105,8.545593956709371,487.9968,487.99835,0.019706387,2.48305,2.583022,nan,2,2,0,0
1777318642607000,1777318642607000,47.39774188484434,8.54559395728847,487.9968,487.99835,0.019706387,2.4829352,2.5829265,nan,2,2,0,0
1777318642615000,1777318642615000,47.397741885120624,8.545593957875244,487.99677,487.99832,0.019706387,2.4829555,2.5829442,nan,2,2,0,0
1777318642623000,1777318642623000,47.3977418854129,8.545593958465393,487.99673,487.9983,0.019706387,2.482976,2.582962,nan,2,2,0,0
1777318642631000,1777318642631000,47.39774188569144,8.545593959078003,487.9967,487.99826,0.019706387,2.4829967,2.582976,nan,2,2,0,0
1777318642639000,1777318642639000,47.39774188593768,8.545593959711717,487.99667,487.99823,0.019706387,2.4830177,2.5829942,nan,2,2,0,0
1777318642647000,1777318642647000,47.39774188614999,8.545593960348103,487.99664,487.9982,0.019706387,2.4830387,2.5830126,nan,2,2,0,0
1777318642655000,1777318642655000,47.39774188643349,8.545593960847027,487.99664,487.99826,0.019706387,2.482925,2.5829175,nan,2,2,0,0
1777318642663000,1777318642663000,47.39774188667789,8.545593961342135,487.99664,487.99826,0.019706387,2.482945,2.582935,nan,2,2,0,0
1777318642671000,1777318642671000,47.397741886881995,8.545593961832076,487.9966,487.99823,0.019706387,2.4829655,2.5829527,nan,2,2,0,0
1777318642679000,1777318642679000,47.39774188703312,8.545593962318188,487.9966,487.99823,0.019706387,2.482986,2.582967,nan,2,2,0,0
1777318642687000,1777318642687000,47.397741887137215,8.545593962811175,487.9966,487.99823,0.019706387,2.483007,2.582985,nan,2,2,0,0
1777318642695000,1777318642695000,47.397741887198976,8.54559396330067,487.99658,487.9982,0.019706387,2.483028,2.5830033,nan,2,2,0,0
1777318642703000,1777318642703000,47.397741887236556,8.545593963816014,487.99658,487.9982,0.019706387,2.4830492,2.5830214,nan,2,2,0,0
1777318642711000,1777318642711000,47.39774188725934,8.545593964225565,487.99658,487.9982,0.019706387,2.4829342,2.5829258,nan,2,2,0,0
1777318642719000,1777318642719000,47.39774188725127,8.545593964683231,487.99658,487.9982,0.019706387,2.4829545,2.5829434,nan,2,2,0,0
1777318642727000,1777318642727000,47.3977418872442,8.545593965157044,487.99655,487.99817,0.019706387,2.482975,2.5829577,nan,2,2,0,0
1777318642735000,1777318642735000,47.3977418872428,8.545593965655165,487.99655,487.99817,0.019706387,2.4829957,2.5829756,nan,2,2,0,0
1777318642743000,1777318642743000,47.39774188722416,8.54559396617815,487.99655,487.99817,0.019706387,2.4830167,2.5829937,nan,2,2,0,0
1777318642751000,1777318642751000,47.39774188716688,8.54559396671365,487.99655,487.99817,0.019706387,2.4830377,2.5830119,nan,2,2,0,0
1777318642759000,1777318642759000,47.397741887287054,8.545593967216886,487.99655,487.9982,0.019706387,2.482924,2.582917,nan,2,2,0,0
1777318642767000,1777318642767000,47.39774188739155,8.545593967742612,487.99655,487.9982,0.019706387,2.482944,2.5829346,nan,2,2,0,0
1777318642775000,1777318642775000,47.397741887482546,8.545593968286896,487.99658,487.99823,0.019706387,2.4829645,2.5829523,nan,2,2,0,0
1777318642783000,1777318642783000,47.39774188754252,8.545593968862951,487.99658,487.99823,0.019706387,2.482985,2.5829666,nan,2,2,0,0
1777318642791000,1777318642791000,47.397741887573005,8.545593969468007,487.99658,487.99823,0.019706387,2.4830058,2.5829844,nan,2,2,0,0
1777318642799000,1777318642799000,47.39774188757407,8.54559397007494,487.99658,487.99823,0.019706387,2.483027,2.5830026,nan,2,2,0,0
1777318642807000,1777318642807000,47.397741887548285,8.54559397067175,487.99658,487.99823,0.019706387,2.4830482,2.583021,nan,2,2,0,0
1777318642815000,1777318642815000,47.39774188760489,8.545593971123617,487.99658,487.99823,0.019706387,2.4829335,2.5829253,nan,2,2,0,0
1777318642823000,1777318642823000,47.397741887634126,8.545593971605276,487.99658,487.99823,0.019706387,2.4829535,2.582943,nan,2,2,0,0
1777318642831000,1777318642831000,47.39774188764071,8.545593972094123,487.99658,487.99823,0.019706387,2.482974,2.582957,nan,2,2,0,0
1777318642839000,1777318642839000,47.39774188763682,8.545593972625248,487.99658,487.99823,0.019706387,2.4829948,2.5829751,nan,2,2,0,0
1777318642847000,1777318642847000,47.39774188760622,8.545593973202324,487.99658,487.99823,0.019706387,2.4830155,2.582993,nan,2,2,0,0
1777318642855000,1777318642855000,47.39774188753019,8.545593973786785,487.99658,487.99823,0.019706387,2.4830368,2.5830114,nan,2,2,0,0
1777318642863000,1777318642863000,47.3977418875274,8.545593974223614,487.99658,487.99823,0.019706387,2.482923,2.5829165,nan,2,2,0,0
1777318642871000,1777318642871000,47.3977418874983,8.545593974695285,487.99658,487.99823,0.019706387,2.4829433,2.582934,nan,2,2,0,0
1777318642879000,1777318642879000,47.39774188744862,8.545593975190808,487.99658,487.99823,0.019706387,2.4829636,2.5829518,nan,2,2,0,0
1777318642887000,1777318642887000,47.39774188737599,8.545593975707872,487.9966,487.99826,0.019706387,2.482984,2.5829697,nan,2,2,0,0
1777318642895000,1777318642895000,47.39774188726454,8.54559397626257,487.9966,487.99826,0.019706387,2.483005,2.5829875,nan,2,2,0,0
1777318642903000,1777318642903000,47.39774188709989,8.54559397683863,487.9966,487.99826,0.019706387,2.483026,2.5830057,nan,2,2,0,0
1777318642911000,1777318642911000,47.39774188710482,8.545593977362987,487.9966,487.99826,0.019706387,2.4829133,2.5829113,nan,2,2,0,0
1777318642919000,1777318642919000,47.39774188708754,8.545593977926593,487.9966,487.99826,0.019706387,2.4829333,2.582929,nan,2,2,0,0
1777318642927000,1777318642927000,47.39774188702296,8.545593978567712,487.99664,487.9983,0.019706387,2.4829535,2.582943,nan,2,2,0,0
1777318642935000,1777318642935000,47.39774188691388,8.545593979251842,487.99664,487.9983,0.019706387,2.482974,2.5829608,nan,2,2,0,0
1777318642943000,1777318642943000,47.3977418867571,8.54559397997181,487.99664,487.9983,0.019706387,2.4829946,2.5829787,nan,2,2,0,0
1777318642951000,1777318642951000,47.39774188656959,8.545593980701781,487.99667,487.99832,0.019706387,2.4830155,2.5829968,nan,2,2,0,0
1777318642959000,1777318642959000,47.397741886360166,8.545593981461431,487.99667,487.99832,0.019706387,2.4830368,2.583015,nan,2,2,0,0
1777318642967000,1777318642967000,47.397741886440095,8.545593982146062,487.99667,487.99838,0.019706387,2.482923,2.5829198,nan,2,2,0,0
1777318642975000,1777318642975000,47.3977418864849,8.545593982836179,487.9967,487.9984,0.019706387,2.482943,2.5829375,nan,2,2,0,0
1777318642983000,1777318642983000,47.397741886487466,8.545593983560101,487.9967,487.9984,0.019706387,2.4829636,2.5829515,nan,2,2,0,0
1777318642991000,1777318642991000,47.39774188645062,8.545593984305182,487.9967,487.9984,0.019706387,2.482984,2.5829694,nan,2,2,0,0
1777318642999000,1777318642999000,47.39774188637664,8.545593985072992,487.99673,487.99844,0.019706387,2.4830048,2.5829873,nan,2,2,0,0
1777318643007000,1777318643007000,47.397741886262764,8.54559398587348,487.99673,487.99844,0.019706387,2.4830258,2.5830057,nan,2,2,0,0
1777318643015000,1777318643015000,47.39774188643193,8.545593986589976,487.99677,487.99854,0.019706387,2.482913,2.582911,nan,2,2,0,0
1777318643023000,1777318643023000,47.397741886568525,8.545593987349385,487.99677,487.99854,0.019706387,2.482933,2.5829287,nan,2,2,0,0
1777318643031000,1777318643031000,47.39774188666825,8.545593988108887,487.9968,487.99857,0.019706387,2.4829533,2.5829427,nan,2,2,0,0
1777318643039000,1777318643039000,47.39774188673177,8.54559398889462,487.9968,487.99857,0.019706387,2.4829738,2.5829606,nan,2,2,0,0
1777318643047000,1777318643047000,47.39774188676674,8.545593989724953,487.99683,487.9986,0.019706387,2.4829946,2.5829785,nan,2,2,0,0
1777318643055000,1777318643055000,47.39774188677413,8.545593990589559,487.99683,487.9986,0.019706387,2.4830153,2.5829966,nan,2,2,0,0
1777318643063000,1777318643063000,47.3977418867676,8.54559399149162,487.99686,487.99863,0.019706387,2.4830365,2.5830147,nan,2,2,0,0
1777318643071000,1777318643071000,47.39774188705415,8.545593992204578,487.99686,487.99866,0.019706387,2.4829228,2.5829196,nan,2,2,0,0
1777318643079000,1777318643079000,47.39774188729697,8.545593992919017,487.9969,487.9987,0.019706387,2.482943,2.5829337,nan,2,2,0,0
1777318643087000,1777318643087000,47.39774188749591,8.54559399366242,487.99692,487.99872,0.019706387,2.4829633,2.5829513,nan,2,2,0,0
1777318643095000,1777318643095000,47.397741887665894,8.54559399445664,487.99692,487.99872,0.019706387,2.4829838,2.5829692,nan,2,2,0,0
1777318643103000,1777318643103000,47.397741887817475,8.545593995278807,487.99695,487.99875,0.019706387,2.4830046,2.5829873,nan,2,2,0,0
1777318643111000,1777318643111000,47.397741887938565,8.54559399613464,487.99698,487.99878,0.019706387,2.4830256,2.5830054,nan,2,2,0,0
1777318643119000,1777318643119000,47.39774188832458,8.545593996782545,487.99698,487.99884,0.019706387,2.482913,2.582911,nan,2,2,0,0
1777318643127000,1777318643127000,47.39774188865369,8.5455939974423,487.99704,487.9989,0.019706387,2.482933,2.5829248,nan,2,2,0,0
1777318643135000,1777318643135000,47.397741888934554,8.545593998127332,487.99707,487.99893,0.019706387,2.4829533,2.5829425,nan,2,2,0,0
1777318643143000,1777318643143000,47.397741889198166,8.545593998859099,487.9971,487.99896,0.019706387,2.4829736,2.5829604,nan,2,2,0,0
1777318643151000,1777318643151000,47.39774188944163,8.545593999613434,487.99713,487.999,0.019706387,2.4829943,2.5829782,nan,2,2,0,0
1777318643159000,1777318643159000,47.397741889641026,8.545594000397355,487.99716,487.99902,0.019706387,2.483015,2.5829964,nan,2,2,0,0
1777318643167000,1777318643167000,47.39774188980936,8.545594001221549,487.9972,487.99905,0.019706387,2.4830363,2.5830147,nan,2,2,0,0
1777318643175000,1777318643175000,47.397741890251204,8.545594001900994,487.99722,487.99905,0.019706387,2.4829228,2.5829194,nan,2,2,0,0
1777318643183000,1777318643183000,47.39774189066427,8.54559400259621,487.99725,487.99908,0.019706387,2.4829428,2.582937,nan,2,2,0,0
1777318643191000,1777318643191000,47.39774189103254,8.545594003303489,487.99728,487.9991,0.019706387,2.482963,2.582955,nan,2,2,0,0
1777318643199000,1777318643199000,47.397741891347025,8.545594004063485,487.9973,487.99915,0.019706387,2.4829836,2.5829728,nan,2,2,0,0
1777318643207000,1777318643207000,47.397741891609186,8.545594004833047,487.99734,487.99918,0.019706387,2.4830046,2.582991,nan,2,2,0,0
1777318643215000,1777318643215000,47.39774189184121,8.545594005589765,487.99734,487.99918,0.019706387,2.4830253,2.583009,nan,2,2,0,0
1777318643223000,1777318643223000,47.39774189200887,8.545594006376362,487.99738,487.9992,0.019706387,2.4830465,2.5830274,nan,2,2,0,0
1777318643231000,1777318643231000,47.39774189252439,8.545594007000796,487.9974,487.9992,0.019706387,2.482932,2.5829277,nan,2,2,0,0
1777318643239000,1777318643239000,47.397741892998795,8.545594007610939,487.99744,487.99924,0.019706387,2.4829524,2.5829453,nan,2,2,0,0
1777318643247000,1777318643247000,47.39774189342898,8.54559400822848,487.99747,487.99927,0.019706387,2.4829726,2.5829632,nan,2,2,0,0
1777318643255000,1777318643255000,47.39774189382931,8.545594008867898,487.99747,487.99927,0.019706387,2.4829934,2.582981,nan,2,2,0,0
1777318643263000,1777318643263000,47.397741894199335,8.545594009515037,487.9975,487.9993,0.019706387,2.483014,2.5829992,nan,2,2,0,0
1777318643271000,1777318643271000,47.39774189454741,8.54559401017544,487.99753,487.99933,0.019706387,2.4830353,2.5830176,nan,2,2,0,0
1777318643279000,1777318643279000,47.397741895163215,8.545594010588523,487.99753,487.99933,0.019706387,2.4829218,2.5829222,nan,2,2,0,0
1777318643287000,1777318643287000,47.39774189574089,8.545594011023434,487.99756,487.99936,0.019706387,2.482942,2.5829399,nan,2,2,0,0
1777318643295000,1777318643295000,47.39774189626209,8.545594011483452,487.99756,487.99936,0.019706387,2.4829621,2.5829575,nan,2,2,0,0
1777318643303000,1777318643303000,47.39774189672801,8.54559401197408,487.99756,487.99936,0.019706387,2.4829829,2.5829754,nan,2,2,0,0
1777318643311000,1777318643311000,47.397741897118344,8.545594012478073,487.9976,487.9994,0.019706387,2.4830036,2.5829935,nan,2,2,0,0
1777318643319000,1777318643319000,47.39774189746594,8.54559401298367,487.9976,487.9994,0.019706387,2.4830244,2.5830119,nan,2,2,0,0
1777318643327000,1777318643327000,47.39774189787411,8.545594013143734,487.99762,487.99945,0.019706387,2.482912,2.5829134,nan,2,2,0,0
1777318643335000,1777318643335000,47.39774189824645,8.545594013351582,487.99762,487.99945,0.019706387,2.482932,2.5829308,nan,2,2,0,0
1777318643343000,1777318643343000,47.39774189859303,8.54559401361392,487.99765,487.99948,0.019706387,2.482952,2.5829484,nan,2,2,0,0
1777318643351000,1777318643351000,47.39774189890634,8.545594013919418,487.99765,487.99948,0.019706387,2.4829726,2.5829663,nan,2,2,0,0
1777318643359000,1777318643359000,47.39774189918594,8.54559401428311,487.99768,487.9995,0.019706387,2.4829934,2.5829844,nan,2,2,0,0
1777318643367000,1777318643367000,47.39774189940388,8.54559401467793,487.99768,487.9995,0.019706387,2.483014,2.5830026,nan,2,2,0,0
1777318643375000,1777318643375000,47.397741899565354,8.545594015079075,487.9977,487.99954,0.019706387,2.483035,2.5830207,nan,2,2,0,0
1777318643383000,1777318643383000,47.39774189999767,8.545594015356585,487.99774,487.9996,0.019706387,2.4829218,2.5829215,nan,2,2,0,0
1777318643391000,1777318643391000,47.39774190039445,8.545594015678352,487.99777,487.99963,0.019706387,2.4829419,2.5829391,nan,2,2,0,0
1777318643399000,1777318643399000,47.3977419007448,8.545594016010405,487.99777,487.99963,0.019706387,2.4829621,2.582957,nan,2,2,0,0
1777318643407000,1777318643407000,47.397741901037946,8.545594016371643,487.9978,487.99966,0.019706387,2.4829826,2.582975,nan,2,2,0,0
1777318643415000,1777318643415000,47.39774190129314,8.545594016767135,487.99783,487.9997,0.019706387,2.4830034,2.582993,nan,2,2,0,0
1777318643423000,1777318643423000,47.39774190151787,8.545594017174354,487.99786,487.99973,0.019706387,2.4830244,2.5830112,nan,2,2,0,0
1777318643431000,1777318643431000,47.3977419017157,8.545594017594553,487.99786,487.99973,0.019706387,2.4830456,2.5830257,nan,2,2,0,0
1777318643439000,1777318643439000,47.397741902104144,8.545594017791263,487.9979,487.9998,0.019706387,2.4829311,2.5829296,nan,2,2,0,0
1777318643447000,1777318643447000,47.39774190247788,8.545594018037592,487.99792,487.99982,0.019706387,2.4829514,2.5829475,nan,2,2,0,0
1777318643455000,1777318643455000,47.397741902837815,8.545594018318717,487.99796,487.99985,0.019706387,2.4829717,2.5829654,nan,2,2,0,0
1777318643463000,1777318643463000,47.397741903170726,8.545594018620452,487.998,487.99988,0.019706387,2.4829924,2.5829833,nan,2,2,0,0
1777318643471000,1777318643471000,47.397741903480046,8.545594018939079,487.998,487.99988,0.019706387,2.4830132,2.5830014,nan,2,2,0,0
1777318643479000,1777318643479000,47.397741903751715,8.545594019274347,487.99802,487.9999,0.019706387,2.4830341,2.583016,nan,2,2,0,0
1777318643487000,1777318643487000,47.39774190420225,8.545594019373928,487.99805,487.9999,0.019706387,2.482921,2.5829206,nan,2,2,0,0
1777318643495000,1777318643495000,47.39774190462016,8.545594019521825,487.99805,487.9999,0.019706387,2.482941,2.5829382,nan,2,2,0,0
1777318643503000,1777318643503000,47.39774190501,8.545594019707378,487.99808,487.99994,0.019706387,2.4829612,2.5829558,nan,2,2,0,0
1777318643511000,1777318643511000,47.39774190537715,8.545594019938859,487.9981,487.99997,0.019706387,2.4829817,2.582974,nan,2,2,0,0
1777318643519000,1777318643519000,47.39774190572198,8.545594020217246,487.9981,487.99997,0.019706387,2.4830024,2.5829918,nan,2,2,0,0
1777318643527000,1777318643527000,47.39774190602842,8.545594020565025,487.99814,488.0,0.019706387,2.4830234,2.5830064,nan,2,2,0,0
1777318643535000,1777318643535000,47.39774190630906,8.54559402096404,487.99814,488.0,0.019706387,2.4830446,2.5830245,nan,2,2,0,0
1777318643543000,1777318643543000,47.39774190685764,8.545594021136822,487.99814,487.99994,0.019706387,2.4829302,2.582929,nan,2,2,0,0
1777318643551000,1777318643551000,47.39774190736855,8.545594021351846,487.99814,487.99994,0.019706387,2.4829504,2.5829465,nan,2,2,0,0
1777318643559000,1777318643559000,47.397741907838174,8.545594021598806,487.99817,487.99997,0.019706387,2.4829707,2.5829642,nan,2,2,0,0
1777318643567000,1777318643567000,47.39774190826609,8.545594021888304,487.99817,487.99997,0.019706387,2.4829915,2.5829823,nan,2,2,0,0
1777318643575000,1777318643575000,47.39774190865353,8.545594022218204,487.99817,487.99997,0.019706387,2.4830122,2.5830004,nan,2,2,0,0
1777318643583000,1777318643583000,47.39774190900591,8.545594022545801,487.9982,488.0,0.019706387,2.4830334,2.5830147,nan,2,2,0,0
1777318643591000,1777318643591000,47.39774190960482,8.545594022703066,487.9982,487.99997,0.019706387,2.4829202,2.5829196,nan,2,2,0,0
1777318643599000,1777318643599000,47.397741910165664,8.545594022897005,487.9982,487.99997,0.019706387,2.4829402,2.5829372,nan,2,2,0,0
1777318643607000,1777318643607000,47.39774191069136,8.545594023133065,487.99823,488.0,0.019706387,2.4829605,2.5829551,nan,2,2,0,0
1777318643615000,1777318643615000,47.39774191117699,8.545594023408457,487.99823,488.0,0.019706387,2.482981,2.582973,nan,2,2,0,0
1777318643623000,1777318643623000,47.397741911618844,8.545594023736104,487.99823,488.0,0.019706387,2.4830017,2.582991,nan,2,2,0,0
1777318643631000,1777318643631000,47.39774191203786,8.545594024104448,487.99826,488.00003,0.019706387,2.4830225,2.5830054,nan,2,2,0,0
1777318643639000,1777318643639000,47.397741912636974,8.5455940243361,487.9983,488.00012,0.019706387,2.4829104,2.5829108,nan,2,2,0,0
1777318643647000,1777318643647000,47.397741913219605,8.545594024614031,487.9983,488.00012,0.019706387,2.4829302,2.5829284,nan,2,2,0,0
1777318643655000,1777318643655000,47.39774191377073,8.54559402492365,487.99832,488.00015,0.019706387,2.4829504,2.582946,nan,2,2,0,0
1777318643663000,1777318643663000,47.39774191428447,8.545594025296111,487.99835,488.00018,0.019706387,2.4829707,2.582964,nan,2,2,0,0
1777318643671000,1777318643671000,47.397741914752395,8.545594025737989,487.99838,488.0002,0.019706387,2.4829915,2.5829818,nan,2,2,0,0
1777318643679000,1777318643679000,47.3977419151571,8.545594026210168,487.99838,488.0002,0.019706387,2.4830122,2.5829961,nan,2,2,0,0
1777318643687000,1777318643687000,47.39774191551172,8.545594026671163,487.9984,488.00024,0.019706387,2.4830332,2.5830145,nan,2,2,0,0
1777318643695000,1777318643695000,47.39774191600383,8.545594026963286,487.99844,488.00034,0.019706387,2.48292,2.5829194,nan,2,2,0,0
1777318643703000,1777318643703000,47.39774191646425,8.545594027295511,487.99847,488.00037,0.019706387,2.48294,2.582937,nan,2,2,0,0
1777318643711000,1777318643711000,47.39774191691125,8.545594027639131,487.9985,488.0004,0.019706387,2.4829602,2.5829546,nan,2,2,0,0
1777318643719000,1777318643719000,47.39774191734478,8.545594028021096,487.99854,488.00043,0.019706387,2.4829807,2.5829725,nan,2,2,0,0
1777318643727000,1777318643727000,47.39774191774736,8.545594028488747,487.99857,488.00046,0.019706387,2.4830015,2.5829868,nan,2,2,0,0
1777318643735000,1777318643735000,47.397741918126215,8.545594028984533,487.9986,488.0005,0.019706387,2.4830225,2.583005,nan,2,2,0,0
1777318643743000,1777318643743000,47.397741918644684,8.545594029278254,487.99863,488.00052,0.019706387,2.4829102,2.5829105,nan,2,2,0,0
1777318643751000,1777318643751000,47.397741919131356,8.545594029579927,487.9987,488.00058,0.019706387,2.4829302,2.5829282,nan,2,2,0,0
1777318643759000,1777318643759000,47.39774191959711,8.54559402989155,487.99872,488.0006,0.019706387,2.4829504,2.5829458,nan,2,2,0,0
1777318643767000,1777318643767000,47.39774192003469,8.545594030241222,487.99875,488.00064,0.019706387,2.4829707,2.5829637,nan,2,2,0,0
1777318643775000,1777318643775000,47.39774192043788,8.545594030646425,487.99878,488.00067,0.019706387,2.4829912,2.5829816,nan,2,2,0,0
1777318643783000,1777318643783000,47.39774192078757,8.545594031078044,487.9988,488.0007,0.019706387,2.4830122,2.5829997,nan,2,2,0,0
1777318643791000,1777318643791000,47.39774192110064,8.545594031556522,487.99884,488.00073,0.019706387,2.4830332,2.583018,nan,2,2,0,0
1777318643799000,1777318643799000,47.39774192146551,8.54559403178554,487.99887,488.0008,0.019706387,2.48292,2.5829225,nan,2,2,0,0
1777318643807000,1777318643807000,47.39774192181201,8.545594032054623,487.9989,488.00082,0.019706387,2.48294,2.58294,nan,2,2,0,0
1777318643815000,1777318643815000,47.397741922133456,8.545594032351733,487.99893,488.00085,0.019706387,2.4829602,2.582958,nan,2,2,0,0
1777318643823000,1777318643823000,47.397741922432566,8.545594032712021,487.99896,488.0009,0.019706387,2.4829807,2.5829759,nan,2,2,0,0
1777318643831000,1777318643831000,47.39774192270923,8.545594033121393,487.999,488.00092,0.019706387,2.4830015,2.5829902,nan,2,2,0,0
1777318643839000,1777318643839000,47.39774192296396,8.545594033572922,487.99905,488.00098,0.019706387,2.4830222,2.5830083,nan,2,2,0,0
1777318643847000,1777318643847000,47.39774192325638,8.545594033784209,487.99908,488.00098,0.019706387,2.4829102,2.5829136,nan,2,2,0,0
1777318643855000,1777318643855000,47.397741923504384,8.545594034039098,487.9991,488.001,0.019706387,2.4829302,2.5829313,nan,2,2,0,0
1777318643863000,1777318643863000,47.39774192374201,8.545594034319047,487.99915,488.00104,0.019706387,2.4829502,2.582949,nan,2,2,0,0
1777318643871000,1777318643871000,47.39774192396421,8.545594034603027,487.99918,488.00107,0.019706387,2.4829707,2.5829668,nan,2,2,0,0
1777318643879000,1777318643879000,47.39774192416858,8.545594034897317,487.9992,488.0011,0.019706387,2.4829912,2.582981,nan,2,2,0,0
1777318643887000,1777318643887000,47.39774192433515,8.545594035171248,487.99924,488.00113,0.019706387,2.483012,2.5829992,nan,2,2,0,0
1777318643895000,1777318643895000,47.397741924468406,8.545594035472405,487.99927,488.00116,0.019706387,2.483033,2.5830173,nan,2,2,0,0
1777318643903000,1777318643903000,47.39774192464479,8.545594035599267,487.9993,488.00116,0.019706387,2.4829197,2.582922,nan,2,2,0,0
1777318643911000,1777318643911000,47.397741924783965,8.5455940357598,487.99933,488.0012,0.019706387,2.48294,2.5829396,nan,2,2,0,0
1777318643919000,1777318643919000,47.397741924886226,8.545594035942827,487.99936,488.00122,0.019706387,2.4829602,2.5829575,nan,2,2,0,0
1777318643927000,1777318643927000,47.39774192495704,8.545594036163022,487.9994,488.00125,0.019706387,2.4829805,2.5829716,nan,2,2,0,0
1777318643935000,1777318643935000,47.397741925002585,8.545594036403807,487.99942,488.00128,0.019706387,2.4830012,2.5829897,nan,2,2,0,0
1777318643943000,1777318643943000,47.39774192502461,8.545594036658589,487.99945,488.0013,0.019706387,2.4830222,2.5830078,nan,2,2,0,0
1777318643951000,1777318643951000,47.397741925039334,8.545594036930407,487.99948,488.00134,0.019706387,2.4830432,2.5830262,nan,2,2,0,0
1777318643959000,1777318643959000,47.39774192512853,8.545594037123466,487.9995,488.0013,0.019706387,2.4829292,2.58293,nan,2,2,0,0
1777318643967000,1777318643967000,47.397741925201274,8.545594037348478,487.9995,488.0013,0.019706387,2.4829495,2.582948,nan,2,2,0,0
1777318643975000,1777318643975000,47.39774192523654,8.54559403760812,487.99954,488.00134,0.019706387,2.4829698,2.5829656,nan,2,2,0,0
1777318643983000,1777318643983000,47.397741925252525,8.545594037867712,487.99957,488.00137,0.019706387,2.4829903,2.58298,nan,2,2,0,0
1777318643991000,1777318643991000,47.39774192526586,8.545594038141635,487.99957,488.00137,0.019706387,2.483011,2.582998,nan,2,2,0,0
1777318643999000,1777318643999000,47.397741925263766,8.54559403845385,487.9996,488.0014,0.019706387,2.483032,2.5830164,nan,2,2,0,0
1777318644007000,1777318644007000,47.39774192532602,8.545594038778106,487.9996,488.0014,0.019706387,2.482919,2.582921,nan,2,2,0,0
1777318644015000,1777318644015000,47.39774192537027,8.545594039093725,487.99963,488.00143,0.019706387,2.482939,2.5829387,nan,2,2,0,0
1777318644023000,1777318644023000,47.3977419254224,8.545594039423204,487.99963,488.00143,0.019706387,2.4829593,2.5829563,nan,2,2,0,0
1777318644031000,1777318644031000,47.39774192546545,8.545594039788849,487.99966,488.00146,0.019706387,2.4829798,2.5829706,nan,2,2,0,0
1777318644039000,1777318644039000,47.39774192549606,8.545594040193185,487.99966,488.00146,0.019706387,2.4830005,2.5829887,nan,2,2,0,0
1777318644047000,1777318644047000,47.397741925515625,8.545594040635123,487.9997,488.0015,0.019706387,2.4830213,2.5830069,nan,2,2,0,0
1777318644055000,1777318644055000,47.397741925609914,8.54559404092794,487.99973,488.00156,0.019706387,2.4829092,2.5829122,nan,2,2,0,0
1777318644063000,1777318644063000,47.397741925691264,8.545594041273416,487.99976,488.0016,0.019706387,2.4829292,2.5829298,nan,2,2,0,0
1777318644071000,1777318644071000,47.397741925754474,8.545594041666766,487.99976,488.0016,0.019706387,2.4829493,2.5829475,nan,2,2,0,0
1777318644079000,1777318644079000,47.397741925802066,8.545594042077807,487.9998,488.00162,0.019706387,2.4829698,2.5829654,nan,2,2,0,0
1777318644087000,1777318644087000,47.39774192581539,8.545594042468819,487.99982,488.00165,0.019706387,2.4829903,2.5829833,nan,2,2,0,0
1777318644095000,1777318644095000,47.39774192579012,8.545594042843002,487.99985,488.00168,0.019706387,2.483011,2.5830014,nan,2,2,0,0
1777318644103000,1777318644103000,47.39774192573569,8.545594043233182,487.99985,488.00168,0.019706387,2.483032,2.5830197,nan,2,2,0,0
1777318644111000,1777318644111000,47.39774192583405,8.545594043355964,487.99988,488.00177,0.019706387,2.482919,2.5829241,nan,2,2,0,0
1777318644119000,1777318644119000,47.397741925928436,8.545594043497143,487.9999,488.0018,0.019706387,2.482939,2.5829418,nan,2,2,0,0
1777318644127000,1777318644127000,47.39774192600004,8.545594043683769,487.99994,488.00183,0.019706387,2.4829593,2.5829558,nan,2,2,0,0
1777318644135000,1777318644135000,47.39774192604138,8.545594043931287,487.99997,488.00186,0.019706387,2.4829798,2.582974,nan,2,2,0,0
1777318644143000,1777318644143000,47.39774192606095,8.545594044218596,488.0,488.0019,0.019706387,2.4830003,2.5829918,nan,2,2,0,0
1777318644151000,1777318644151000,47.397741926053,8.545594044522387,488.00003,488.00192,0.019706387,2.4830213,2.5830102,nan,2,2,0,0
1777318644159000,1777318644159000,47.39774192608072,8.545594044534228,488.00006,488.00198,0.019706387,2.4829092,2.5829153,nan,2,2,0,0
1777318644167000,1777318644167000,47.39774192609016,8.545594044552752,488.0001,488.002,0.019706387,2.4829292,2.582933,nan,2,2,0,0
1777318644175000,1777318644175000,47.397741926076705,8.545594044576198,488.00012,488.00204,0.019706387,2.4829493,2.5829506,nan,2,2,0,0
1777318644183000,1777318644183000,47.397741926053506,8.545594044626595,488.00015,488.00208,0.019706387,2.4829695,2.5829647,nan,2,2,0,0
1777318644191000,1777318644191000,47.39774192602684,8.545594044713926,488.00018,488.0021,0.019706387,2.48299,2.5829828,nan,2,2,0,0
1777318644199000,1777318644199000,47.397741925976995,8.54559404483307,488.0002,488.00214,0.019706387,2.483011,2.583001,nan,2,2,0,0
1777318644207000,1777318644207000,47.397741925865944,8.545594044944318,488.00024,488.00217,0.019706387,2.4830317,2.583019,nan,2,2,0,0
1777318644215000,1777318644215000,47.39774192578825,8.545594044818074,488.00027,488.00223,0.019706387,2.482919,2.5829237,nan,2,2,0,0
1777318644223000,1777318644223000,47.39774192569048,8.545594044750576,488.0003,488.00226,0.019706387,2.482939,2.5829413,nan,2,2,0,0
1777318644231000,1777318644231000,47.397741925587034,8.545594044719655,488.00034,488.0023,0.019706387,2.4829593,2.5829554,nan,2,2,0,0
1777318644239000,1777318644239000,47.39774192549896,8.54559404473261,488.00034,488.0023,0.019706387,2.4829795,2.5829732,nan,2,2,0,0
1777318644247000,1777318644247000,47.397741925403416,8.545594044814026,488.00037,488.00232,0.019706387,2.4830003,2.5829914,nan,2,2,0,0
1777318644255000,1777318644255000,47.39774192528201,8.545594044929853,488.0004,488.00235,0.019706387,2.483021,2.5830095,nan,2,2,0,0
1777318644263000,1777318644263000,47.39774192540406,8.54559404476827,488.00043,488.00238,0.019706387,2.4829092,2.5829148,nan,2,2,0,0
1777318644271000,1777318644271000,47.39774192552794,8.545594044637014,488.00043,488.00238,0.019706387,2.482929,2.5829322,nan,2,2,0,0
1777318644279000,1777318644279000,47.39774192564896,8.545594044565657,488.00046,488.0024,0.019706387,2.4829493,2.5829463,nan,2,2,0,0
1777318644287000,1777318644287000,47.39774192575246,8.54559404456114,488.0005,488.00244,0.019706387,2.4829695,2.5829642,nan,2,2,0,0
1777318644295000,1777318644295000,47.397741925826644,8.545594044606675,488.00052,488.00247,0.019706387,2.48299,2.582982,nan,2,2,0,0
1777318644303000,1777318644303000,47.397741925884404,8.54559404468069,488.00055,488.0025,0.019706387,2.4830108,2.5830002,nan,2,2,0,0
1777318644311000,1777318644311000,47.39774192593533,8.545594044744314,488.00055,488.0025,0.019706387,2.4830317,2.5830185,nan,2,2,0,0
1777318644319000,1777318644319000,47.3977419261204,8.545594044571063,488.00058,488.00256,0.019706387,2.4829187,2.5829232,nan,2,2,0,0
1777318644327000,1777318644327000,47.397741926286,8.545594044446922,488.0006,488.0026,0.019706387,2.4829388,2.582937,nan,2,2,0,0
1777318644335000,1777318644335000,47.39774192643089,8.545594044368684,488.00064,488.00262,0.019706387,2.482959,2.582955,nan,2,2,0,0
1777318644343000,1777318644343000,47.397741926553195,8.545594044338927,488.00064,488.00262,0.019706387,2.4829795,2.5829728,nan,2,2,0,0
1777318644351000,1777318644351000,47.39774192667337,8.545594044343604,488.00067,488.00266,0.019706387,2.4830003,2.582991,nan,2,2,0,0
1777318644359000,1777318644359000,47.397741926782444,8.545594044374512,488.00067,488.00266,0.019706387,2.483021,2.583009,nan,2,2,0,0
1777318644367000,1777318644367000,47.39774192694615,8.545594044130214,488.0007,488.0027,0.019706387,2.482909,2.5829144,nan,2,2,0,0
1777318644375000,1777318644375000,47.39774192711627,8.545594043894488,488.00073,488.00272,0.019706387,2.482929,2.5829318,nan,2,2,0,0
1777318644383000,1777318644383000,47.39774192727328,8.54559404368481,488.00073,488.00272,0.019706387,2.482949,2.5829458,nan,2,2,0,0
1777318644391000,1777318644391000,47.39774192741364,8.545594043495237,488.00076,488.00275,0.019706387,2.4829695,2.5829637,nan,2,2,0,0
1777318644399000,1777318644399000,47.39774192753746,8.545594043341524,488.00076,488.00275,0.019706387,2.4829898,2.5829816,nan,2,2,0,0
1777318644407000,1777318644407000,47.39774192764057,8.54559404322791,488.0008,488.00278,0.019706387,2.4830108,2.5829997,nan,2,2,0,0
1777318644415000,1777318644415000,47.39774192771219,8.545594043148437,488.00082,488.0028,0.019706387,2.4830317,2.583018,nan,2,2,0,0
1777318644423000,1777318644423000,47.3977419279995,8.545594043007839,488.00085,488.0029,0.019706387,2.4829187,2.5829227,nan,2,2,0,0
1777318644431000,1777318644431000,47.39774192826855,8.545594042889686,488.0009,488.00293,0.019706387,2.4829388,2.5829368,nan,2,2,0,0
1777318644439000,1777318644439000,47.39774192852984,8.545594042823241,488.00092,488.00296,0.019706387,2.482959,2.5829544,nan,2,2,0,0
1777318644447000,1777318644447000,47.39774192879186,8.545594042787975,488.00095,488.003,0.019706387,2.4829795,2.5829723,nan,2,2,0,0
1777318644455000,1777318644455000,47.397741929058,8.545594042772844,488.00098,488.00302,0.019706387,2.483,2.5829904,nan,2,2,0,0
1777318644463000,1777318644463000,47.39774192930871,8.545594042800895,488.001,488.00305,0.019706387,2.483021,2.5830085,nan,2,2,0,0
1777318644471000,1777318644471000,47.39774192954764,8.545594042878575,488.00104,488.00308,0.019706387,2.483042,2.583027,nan,2,2,0,0
1777318644479000,1777318644479000,47.397741929904136,8.54559404293449,488.00107,488.00314,0.019706387,2.4829283,2.5829272,nan,2,2,0,0
1777318644487000,1777318644487000,47.39774193025196,8.545594043046778,488.00113,488.0032,0.019706387,2.4829483,2.5829449,nan,2,2,0,0
1777318644495000,1777318644495000,47.3977419305872,8.54559404321247,488.00116,488.00323,0.019706387,2.4829686,2.5829628,nan,2,2,0,0
1777318644503000,1777318644503000,47.39774193090413,8.545594043405506,488.0012,488.00327,0.019706387,2.482989,2.5829806,nan,2,2,0,0
1777318644511000,1777318644511000,47.397741931218114,8.545594043628338,488.00125,488.00333,0.019706387,2.4830098,2.5829988,nan,2,2,0,0
1777318644519000,1777318644519000,47.39774193152655,8.545594043897779,488.00128,488.00336,0.019706387,2.4830308,2.583017,nan,2,2,0,0
1777318644527000,1777318644527000,47.39774193194603,8.54559404414839,488.00134,488.0034,0.019706387,2.4829178,2.5829182,nan,2,2,0,0
1777318644535000,1777318644535000,47.39774193233345,8.545594044440524,488.00137,488.00342,0.019706387,2.482938,2.5829358,nan,2,2,0,0
1777318644543000,1777318644543000,47.39774193269653,8.545594044750217,488.0014,488.00345,0.019706387,2.482958,2.5829535,nan,2,2,0,0
1777318644551000,1777318644551000,47.397741933059336,8.545594045122643,488.00146,488.0035,0.019706387,2.4829786,2.5829713,nan,2,2,0,0
1777318644559000,1777318644559000,47.397741933424285,8.545594045545007,488.0015,488.00354,0.019706387,2.4829993,2.5829895,nan,2,2,0,0
1777318644567000,1777318644567000,47.39774193377428,8.54559404598863,488.00153,488.00357,0.019706387,2.48302,2.5830076,nan,2,2,0,0
1777318644575000,1777318644575000,47.39774193410181,8.545594046451455,488.00156,488.0036,0.019706387,2.483041,2.583026,nan,2,2,0,0
1777318644583000,1777318644583000,47.39774193443396,8.545594046651829,488.00162,488.00366,0.019706387,2.4829273,2.58293,nan,2,2,0,0
1777318644591000,1777318644591000,47.39774193475686,8.545594046904776,488.00165,488.0037,0.019706387,2.4829473,2.5829477,nan,2,2,0,0
1777318644599000,1777318644599000,47.39774193505918,8.545594047216548,488.00168,488.00372,0.019706387,2.4829676,2.5829654,nan,2,2,0,0
1777318644607000,1777318644607000,47.397741935340946,8.545594047575971,488.00174,488.00378,0.019706387,2.4829884,2.5829835,nan,2,2,0,0
1777318644615000,1777318644615000,47.397741935615805,8.545594047967388,488.00177,488.0038,0.019706387,2.4830089,2.5830016,nan,2,2,0,0
1777318644623000,1777318644623000,47.39774193585156,8.545594048382563,488.0018,488.00385,0.019706387,2.4830298,2.5830197,nan,2,2,0,0
1777318644631000,1777318644631000,47.39774193608564,8.545594048539309,488.00186,488.00388,0.019706387,2.482917,2.5829208,nan,2,2,0,0
1777318644639000,1777318644639000,47.39774193631588,8.545594048743927,488.0019,488.0039,0.019706387,2.482937,2.5829384,nan,2,2,0,0
1777318644647000,1777318644647000,47.39774193653978,8.545594049005773,488.00192,488.00394,0.019706387,2.4829574,2.582956,nan,2,2,0,0
1777318644655000,1777318644655000,47.3977419367447,8.545594049293046,488.00195,488.00397,0.019706387,2.4829776,2.582974,nan,2,2,0,0
1777318644663000,1777318644663000,47.39774193692233,8.545594049584412,488.00198,488.004,0.019706387,2.4829984,2.582992,nan,2,2,0,0
1777318644671000,1777318644671000,47.39774193705952,8.545594049923801,488.002,488.00403,0.019706387,2.483019,2.5830102,nan,2,2,0,0
1777318644679000,1777318644679000,47.39774193719905,8.545594050155048,488.00204,488.00397,0.019706387,2.4829075,2.582912,nan,2,2,0,0
1777318644687000,1777318644687000,47.397741937317576,8.54559405038378,488.00208,488.004,0.019706387,2.4829273,2.5829294,nan,2,2,0,0
1777318644695000,1777318644695000,47.39774193740117,8.5455940506261,488.0021,488.00403,0.019706387,2.4829473,2.5829473,nan,2,2,0,0
1777318644703000,1777318644703000,47.39774193745047,8.545594050882624,488.00214,488.00406,0.019706387,2.4829676,2.582965,nan,2,2,0,0
1777318644711000,1777318644711000,47.397741937486394,8.54559405114963,488.00217,488.0041,0.019706387,2.482988,2.582983,nan,2,2,0,0
1777318644719000,1777318644719000,47.39774193749852,8.545594051409632,488.0022,488.00412,0.019706387,2.4830089,2.5830011,nan,2,2,0,0
1777318644727000,1777318644727000,47.397741937475786,8.545594051701444,488.00223,488.00415,0.019706387,2.4830298,2.5830154,nan,2,2,0,0
1777318644735000,1777318644735000,47.397741937430055,8.545594051924375,488.00223,488.00403,0.019706387,2.482917,2.5829203,nan,2,2,0,0
1777318644743000,1777318644743000,47.39774193736692,8.545594052211696,488.00223,488.00403,0.019706387,2.482937,2.582938,nan,2,2,0,0
1777318644751000,1777318644751000,47.39774193729999,8.54559405253432,488.00226,488.00406,0.019706387,2.4829574,2.5829556,nan,2,2,0,0
1777318644759000,1777318644759000,47.39774193723018,8.545594052874945,488.00226,488.00406,0.019706387,2.4829776,2.5829735,nan,2,2,0,0
1777318644767000,1777318644767000,47.39774193714518,8.545594053243436,488.00226,488.00406,0.019706387,2.4829984,2.5829916,nan,2,2,0,0
1777318644775000,1777318644775000,47.39774193702856,8.545594053634348,488.00226,488.00406,0.019706387,2.483019,2.5830097,nan,2,2,0,0
1777318644783000,1777318644783000,47.39774193689189,8.545594054025655,488.0023,488.0041,0.019706387,2.4830403,2.583028,nan,2,2,0,0
1777318644791000,1777318644791000,47.39774193677168,8.545594054199155,488.0023,488.00406,0.019706387,2.4829266,2.582932,nan,2,2,0,0
1777318644799000,1777318644799000,47.39774193663066,8.545594054376972,488.0023,488.00406,0.019706387,2.4829466,2.5829496,nan,2,2,0,0
1777318644807000,1777318644807000,47.39774193648158,8.545594054553714,488.0023,488.00406,0.019706387,2.482967,2.5829675,nan,2,2,0,0
1777318644815000,1777318644815000,47.39774193632502,8.545594054740599,488.0023,488.00406,0.019706387,2.4829874,2.5829856,nan,2,2,0,0
1777318644823000,1777318644823000,47.397741936150744,8.545594054940219,488.00232,488.0041,0.019706387,2.4830081,2.5830038,nan,2,2,0,0
1777318644831000,1777318644831000,47.39774193596628,8.545594055168074,488.00232,488.0041,0.019706387,2.483029,2.583018,nan,2,2,0,0
1777318644839000,1777318644839000,47.39774193580722,8.545594055308127,488.00232,488.00403,0.019706387,2.4829164,2.5829227,nan,2,2,0,0
1777318644847000,1777318644847000,47.397741935646486,8.545594055462942,488.00232,488.00403,0.019706387,2.4829364,2.5829403,nan,2,2,0,0
1777318644855000,1777318644855000,47.397741935462975,8.545594055612264,488.00232,488.00403,0.019706387,2.4829564,2.5829582,nan,2,2,0,0
1777318644863000,1777318644863000,47.39774193524595,8.545594055783067,488.0023,488.004,0.019706387,2.482977,2.582976,nan,2,2,0,0
1777318644871000,1777318644871000,47.39774193498594,8.54559405595137,488.0023,488.004,0.019706387,2.4829974,2.582994,nan,2,2,0,0
1777318644879000,1777318644879000,47.397741934678834,8.545594056121145,488.0023,488.004,0.019706387,2.4830184,2.5830085,nan,2,2,0,0
1777318644887000,1777318644887000,47.39774193436119,8.545594056304926,488.00232,488.00403,0.019706387,2.4830394,2.583027,nan,2,2,0,0
1777318644895000,1777318644895000,47.397741934111195,8.54559405639707,488.00232,488.00403,0.019706387,2.4829257,2.5829308,nan,2,2,0,0
1777318644903000,1777318644903000,47.39774193386531,8.545594056491515,488.00232,488.00403,0.019706387,2.482946,2.5829484,nan,2,2,0,0
1777318644911000,1777318644911000,47.397741933609105,8.545594056616572,488.00232,488.00403,0.019706387,2.4829662,2.5829663,nan,2,2,0,0
1777318644919000,1777318644919000,47.39774193336403,8.545594056763495,488.00232,488.00403,0.019706387,2.4829867,2.5829842,nan,2,2,0,0
1777318644927000,1777318644927000,47.39774193313451,8.545594056959303,488.00235,488.00406,0.019706387,2.4830072,2.5829988,nan,2,2,0,0
1777318644935000,1777318644935000,47.39774193289319,8.545594057224266,488.00235,488.00406,0.019706387,2.4830282,2.5830169,nan,2,2,0,0
1777318644943000,1777318644943000,47.39774193268649,8.545594057409916,488.00238,488.00406,0.019706387,2.4829156,2.5829215,nan,2,2,0,0
1777318644951000,1777318644951000,47.397741932473174,8.545594057634741,488.00238,488.00406,0.019706387,2.4829357,2.5829391,nan,2,2,0,0
1777318644959000,1777318644959000,47.39774193224353,8.54559405788816,488.00238,488.00406,0.019706387,2.482956,2.582957,nan,2,2,0,0
1777318644967000,1777318644967000,47.3977419320046,8.545594058153357,488.0024,488.0041,0.019706387,2.4829762,2.582975,nan,2,2,0,0
1777318644975000,1777318644975000,47.39774193177959,8.545594058411488,488.0024,488.0041,0.019706387,2.4829967,2.582993,nan,2,2,0,0
1777318644983000,1777318644983000,47.39774193155503,8.545594058663202,488.00244,488.00412,0.019706387,2.4830174,2.5830073,nan,2,2,0,0
1777318644991000,1777318644991000,47.397741931327936,8.545594058958985,488.00244,488.00412,0.019706387,2.4830387,2.5830257,nan,2,2,0,0
1777318644999000,1777318644999000,47.397741931065966,8.54559405918376,488.00247,488.0041,0.019706387,2.4829252,2.5829296,nan,2,2,0,0
1777318645007000,1777318645007000,47.39774193078687,8.545594059435558,488.00247,488.0041,0.019706387,2.4829452,2.5829475,nan,2,2,0,0
1777318645015000,1777318645015000,47.397741930483484,8.545594059745818,488.0025,488.00412,0.019706387,2.4829655,2.5829654,nan,2,2,0,0
1777318645023000,1777318645023000,47.39774193016553,8.545594060086854,488.0025,488.00412,0.019706387,2.482986,2.5829833,nan,2,2,0,0
1777318645031000,1777318645031000,47.397741929839135,8.545594060467929,488.00253,488.00415,0.019706387,2.4830065,2.5829976,nan,2,2,0,0
1777318645039000,1777318645039000,47.3977419295078,8.545594060861871,488.00253,488.00415,0.019706387,2.4830275,2.5830157,nan,2,2,0,0
1777318645047000,1777318645047000,47.397741929222406,8.545594061054993,488.00253,488.0041,0.019706387,2.482915,2.5829206,nan,2,2,0,0
1777318645055000,1777318645055000,47.39774192893058,8.545594061306929,488.00256,488.00412,0.019706387,2.482935,2.5829382,nan,2,2,0,0
1777318645063000,1777318645063000,47.39774192866918,8.545594061610199,488.00256,488.00412,0.019706387,2.482955,2.5829558,nan,2,2,0,0
1777318645071000,1777318645071000,47.39774192843148,8.54559406192556,488.00256,488.00412,0.019706387,2.4829755,2.582974,nan,2,2,0,0
1777318645079000,1777318645079000,47.39774192819046,8.54559406227137,488.00256,488.00412,0.019706387,2.482996,2.5829883,nan,2,2,0,0
1777318645087000,1777318645087000,47.397741927918176,8.545594062650501,488.00256,488.00412,0.019706387,2.4830167,2.5830061,nan,2,2,0,0
1777318645095000,1777318645095000,47.397741927777965,8.545594062827712,488.00256,488.00403,0.019706387,2.4829054,2.5829117,nan,2,2,0,0
1777318645103000,1777318645103000,47.397741927611676,8.545594063019339,488.00253,488.004,0.019706387,2.4829252,2.5829294,nan,2,2,0,0
1777318645111000,1777318645111000,47.397741927414266,8.54559406321855,488.00253,488.004,0.019706387,2.4829452,2.582947,nan,2,2,0,0
1777318645119000,1777318645119000,47.39774192718325,8.54559406346379,488.00253,488.004,0.019706387,2.4829655,2.582965,nan,2,2,0,0
1777318645127000,1777318645127000,47.39774192694074,8.545594063760639,488.0025,488.00397,0.019706387,2.482986,2.582979,nan,2,2,0,0
1777318645135000,1777318645135000,47.39774192669969,8.545594064082593,488.0025,488.00397,0.019706387,2.4830067,2.582997,nan,2,2,0,0
1777318645143000,1777318645143000,47.39774192643524,8.545594064396754,488.0025,488.00397,0.019706387,2.4830275,2.5830154,nan,2,2,0,0
1777318645151000,1777318645151000,47.3977419262855,8.545594064421909,488.00247,488.0039,0.019706387,2.482915,2.5829203,nan,2,2,0,0
1777318645159000,1777318645159000,47.39774192614045,8.545594064457655,488.00247,488.0039,0.019706387,2.482935,2.5829377,nan,2,2,0,0
1777318645167000,1777318645167000,47.39774192597972,8.545594064511752,488.00244,488.00388,0.019706387,2.4829552,2.5829556,nan,2,2,0,0
1777318645175000,1777318645175000,47.39774192578463,8.545594064597969,488.00244,488.00388,0.019706387,2.4829755,2.5829735,nan,2,2,0,0
1777318645183000,1777318645183000,47.39774192558143,8.54559406473186,488.00244,488.00388,0.019706387,2.482996,2.5829914,nan,2,2,0,0
1777318645191000,1777318645191000,47.39774192537758,8.545594064910569,488.0024,488.00385,0.019706387,2.4830167,2.5830097,nan,2,2,0,0
1777318645199000,1777318645199000,47.39774192516209,8.545594065105945,488.0024,488.00385,0.019706387,2.4830377,2.5830278,nan,2,2,0,0
1777318645207000,1777318645207000,47.39774192510132,8.545594065079898,488.0024,488.00385,0.019706387,2.4829245,2.5829318,nan,2,2,0,0
1777318645215000,1777318645215000,47.39774192502957,8.545594065080591,488.00238,488.0038,0.019706387,2.4829445,2.5829496,nan,2,2,0,0
1777318645223000,1777318645223000,47.39774192494108,8.545594065072859,488.00238,488.0038,0.019706387,2.4829648,2.5829673,nan,2,2,0,0
1777318645231000,1777318645231000,47.397741924827756,8.545594065063515,488.00238,488.0038,0.019706387,2.4829853,2.5829816,nan,2,2,0,0
1777318645239000,1777318645239000,47.3977419246953,8.54559406510295,488.00238,488.0038,0.019706387,2.4830058,2.5829997,nan,2,2,0,0
1777318645247000,1777318645247000,47.3977419245489,8.545594065165323,488.00238,488.0038,0.019706387,2.4830267,2.583018,nan,2,2,0,0
1777318645255000,1777318645255000,47.3977419244571,8.545594064762323,488.00235,488.00375,0.019706387,2.4829144,2.5829227,nan,2,2,0,0
1777318645263000,1777318645263000,47.3977419243538,8.545594064376521,488.00235,488.00375,0.019706387,2.4829342,2.5829403,nan,2,2,0,0
1777318645271000,1777318645271000,47.39774192423128,8.545594064020937,488.00235,488.00375,0.019706387,2.4829545,2.582958,nan,2,2,0,0
1777318645279000,1777318645279000,47.39774192409435,8.54559406369318,488.00235,488.00375,0.019706387,2.4829748,2.5829723,nan,2,2,0,0
1777318645287000,1777318645287000,47.39774192393693,8.54559406340764,488.00235,488.00375,0.019706387,2.4829953,2.5829902,nan,2,2,0,0
1777318645295000,1777318645295000,47.39774192376184,8.545594063183906,488.00235,488.00375,0.019706387,2.483016,2.5830085,nan,2,2,0,0
1777318645303000,1777318645303000,47.39774192361048,8.545594062748275,488.00235,488.00375,0.019706387,2.4829047,2.5829136,nan,2,2,0,0
1777318645311000,1777318645311000,47.397741923452145,8.545594062337665,488.00235,488.00375,0.019706387,2.4829245,2.5829313,nan,2,2,0,0
1777318645319000,1777318645319000,47.39774192329928,8.545594061956233,488.00235,488.00375,0.019706387,2.4829445,2.582949,nan,2,2,0,0
1777318645327000,1777318645327000,47.39774192314004,8.545594061618823,488.00235,488.00375,0.019706387,2.4829648,2.5829632,nan,2,2,0,0
1777318645335000,1777318645335000,47.397741922952676,8.545594061304046,488.00238,488.00378,0.019706387,2.4829853,2.582981,nan,2,2,0,0
1777318645343000,1777318645343000,47.3977419227566,8.545594061014917,488.00238,488.00378,0.019706387,2.483006,2.5829992,nan,2,2,0,0
1777318645351000,1777318645351000,47.397741922559646,8.545594060765286,488.00238,488.00378,0.019706387,2.4830267,2.5830173,nan,2,2,0,0
1777318645359000,1777318645359000,47.397741922511,8.54559406038864,488.00238,488.00375,0.019706387,2.4829144,2.5829222,nan,2,2,0,0
1777318645367000,1777318645367000,47.397741922464164,8.54559406002489,488.00238,488.00375,0.019706387,2.4829345,2.5829399,nan,2,2,0,0
1777318645375000,1777318645375000,47.3977419223954,8.545594059681825,488.0024,488.00378,0.019706387,2.4829545,2.5829575,nan,2,2,0,0
1777318645383000,1777318645383000,47.39774192230428,8.545594059357494,488.0024,488.00378,0.019706387,2.4829748,2.5829718,nan,2,2,0,0
1777318645391000,1777318645391000,47.3977419222042,8.54559405905994,488.00244,488.0038,0.019706387,2.4829953,2.5829897,nan,2,2,0,0
1777318645399000,1777318645399000,47.39774192211294,8.545594058811583,488.00244,488.0038,0.019706387,2.483016,2.5830078,nan,2,2,0,0
1777318645407000,1777318645407000,47.3977419220113,8.54559405860288,488.00247,488.00385,0.019706387,2.4830372,2.5830262,nan,2,2,0,0
1777318645415000,1777318645415000,47.3977419221343,8.545594058240898,488.00247,488.00388,0.019706387,2.4829237,2.5829303,nan,2,2,0,0
1777318645423000,1777318645423000,47.39774192226449,8.545594057919104,488.0025,488.0039,0.019706387,2.482944,2.582948,nan,2,2,0,0
1777318645431000,1777318645431000,47.39774192240068,8.545594057673085,488.00253,488.00394,0.019706387,2.482964,2.582962,nan,2,2,0,0
1777318645439000,1777318645439000,47.397741922540725,8.545594057506737,488.00253,488.00394,0.019706387,2.4829845,2.58298,nan,2,2,0,0
1777318645447000,1777318645447000,47.39774192267019,8.54559405738893,488.00256,488.00397,0.019706387,2.4830053,2.582998,nan,2,2,0,0
1777318645455000,1777318645455000,47.39774192277251,8.54559405732678,488.0026,488.004,0.019706387,2.483026,2.5830164,nan,2,2,0,0
1777318645463000,1777318645463000,47.39774192307754,8.545594057047303,488.00262,488.00403,0.019706387,2.4829137,2.582921,nan,2,2,0,0
1777318645471000,1777318645471000,47.397741923350594,8.545594056784505,488.00262,488.00403,0.019706387,2.4829338,2.5829387,nan,2,2,0,0
1777318645479000,1777318645479000,47.397741923618526,8.545594056522809,488.00266,488.00406,0.019706387,2.4829538,2.5829527,nan,2,2,0,0
1777318645487000,1777318645487000,47.39774192387421,8.545594056279226,488.0027,488.0041,0.019706387,2.482974,2.5829706,nan,2,2,0,0
1777318645495000,1777318645495000,47.3977419240926,8.545594056057743,488.00272,488.00412,0.019706387,2.4829948,2.5829887,nan,2,2,0,0
1777318645503000,1777318645503000,47.397741924267365,8.545594055839501,488.00275,488.00415,0.019706387,2.4830155,2.5830069,nan,2,2,0,0
1777318645511000,1777318645511000,47.397741924428516,8.54559405563935,488.00278,488.00418,0.019706387,2.4830365,2.5830252,nan,2,2,0,0
1777318645519000,1777318645519000,47.39774192470263,8.54559405530272,488.0028,488.00424,0.019706387,2.4829233,2.5829294,nan,2,2,0,0
1777318645527000,1777318645527000,47.397741924964485,8.545594055022242,488.00284,488.00427,0.019706387,2.4829433,2.5829434,nan,2,2,0,0
1777318645535000,1777318645535000,47.39774192522547,8.545594054816968,488.00284,488.00427,0.019706387,2.4829636,2.582961,nan,2,2,0,0
1777318645543000,1777318645543000,47.3977419254821,8.545594054667882,488.00287,488.0043,0.019706387,2.4829838,2.5829792,nan,2,2,0,0
1777318645551000,1777318645551000,47.39774192573026,8.545594054529472,488.0029,488.00433,0.019706387,2.4830046,2.582997,nan,2,2,0,0
1777318645559000,1777318645559000,47.397741925978146,8.545594054418732,488.00293,488.00436,0.019706387,2.4830253,2.5830154,nan,2,2,0,0
1777318645567000,1777318645567000,47.39774192635183,8.545594054079789,488.00293,488.00436,0.019706387,2.4829133,2.5829203,nan,2,2,0,0
1777318645575000,1777318645575000,47.397741926712904,8.545594053788792,488.00296,488.0044,0.019706387,2.482933,2.582938,nan,2,2,0,0
1777318645583000,1777318645583000,47.39774192706785,8.545594053528568,488.003,488.00443,0.019706387,2.4829533,2.5829518,nan,2,2,0,0
1777318645591000,1777318645591000,47.39774192741026,8.545594053298275,488.00302,488.00446,0.019706387,2.4829736,2.5829697,nan,2,2,0,0
1777318645599000,1777318645599000,47.39774192773238,8.545594053115334,488.00305,488.0045,0.019706387,2.482994,2.5829878,nan,2,2,0,0
1777318645607000,1777318645607000,47.39774192803284,8.545594052983573,488.00305,488.0045,0.019706387,2.4830148,2.583006,nan,2,2,0,0
1777318645615000,1777318645615000,47.397741928338746,8.54559405290604,488.00308,488.00452,0.019706387,2.4830358,2.5830243,nan,2,2,0,0
1777318645623000,1777318645623000,47.39774192867141,8.545594052524754,488.00308,488.0045,0.019706387,2.4829226,2.5829284,nan,2,2,0,0
1777318645631000,1777318645631000,47.39774192899827,8.545594052168415,488.0031,488.00452,0.019706387,2.4829426,2.5829425,nan,2,2,0,0
1777318645639000,1777318645639000,47.39774192931907,8.545594051851038,488.0031,488.00452,0.019706387,2.4829628,2.5829604,nan,2,2,0,0
1777318645647000,1777318645647000,47.39774192962758,8.54559405158579,488.00314,488.00455,0.019706387,2.4829834,2.5829782,nan,2,2,0,0
1777318645655000,1777318645655000,47.39774192992711,8.545594051374776,488.00317,488.00458,0.019706387,2.4830039,2.5829964,nan,2,2,0,0
1777318645663000,1777318645663000,47.397741930215815,8.545594051219837,488.00317,488.00458,0.019706387,2.4830246,2.5830145,nan,2,2,0,0
1777318645671000,1777318645671000,47.397741930499016,8.545594050741395,488.00317,488.00455,0.019706387,2.4829125,2.5829194,nan,2,2,0,0
1777318645679000,1777318645679000,47.39774193076719,8.545594050295026,488.00317,488.00455,0.019706387,2.4829326,2.5829334,nan,2,2,0,0
1777318645687000,1777318645687000,47.397741931015275,8.545594049916167,488.0032,488.00458,0.019706387,2.4829526,2.582951,nan,2,2,0,0
1777318645695000,1777318645695000,47.39774193124192,8.545594049597652,488.0032,488.00458,0.019706387,2.4829729,2.582969,nan,2,2,0,0
1777318645703000,1777318645703000,47.39774193145398,8.545594049354824,488.0032,488.00458,0.019706387,2.4829934,2.582987,nan,2,2,0,0
1777318645711000,1777318645711000,47.39774193166836,8.545594049151852,488.0032,488.00458,0.019706387,2.483014,2.5830052,nan,2,2,0,0
1777318645719000,1777318645719000,47.39774193190583,8.545594048756103,488.0032,488.0046,0.019706387,2.482903,2.5829108,nan,2,2,0,0
1777318645727000,1777318645727000,47.39774193214899,8.545594048416925,488.00323,488.00464,0.019706387,2.4829228,2.5829246,nan,2,2,0,0
1777318645735000,1777318645735000,47.397741932386076,8.54559404812656,488.00323,488.00464,0.019706387,2.4829428,2.5829422,nan,2,2,0,0
1777318645743000,1777318645743000,47.39774193261247,8.545594047865544,488.00327,488.00467,0.019706387,2.4829628,2.5829601,nan,2,2,0,0
1777318645751000,1777318645751000,47.39774193283413,8.545594047585894,488.00327,488.00467,0.019706387,2.4829834,2.582978,nan,2,2,0,0
1777318645759000,1777318645759000,47.39774193306016,8.545594047311056,488.0033,488.0047,0.019706387,2.483004,2.5829961,nan,2,2,0,0
1777318645767000,1777318645767000,47.397741933299514,8.545594047079057,488.0033,488.0047,0.019706387,2.4830248,2.5830142,nan,2,2,0,0
1777318645775000,1777318645775000,47.39774193355325,8.54559404673895,488.00333,488.0048,0.019706387,2.4829128,2.5829191,nan,2,2,0,0
1777318645783000,1777318645783000,47.3977419338041,8.545594046440888,488.00336,488.00482,0.019706387,2.4829326,2.5829332,nan,2,2,0,0
1777318645791000,1777318645791000,47.39774193404717,8.54559404614978,488.0034,488.00485,0.019706387,2.4829528,2.5829508,nan,2,2,0,0
1777318645799000,1777318645799000,47.39774193427531,8.545594045899913,488.00342,488.00488,0.019706387,2.482973,2.5829687,nan,2,2,0,0
1777318645807000,1777318645807000,47.3977419344973,8.545594045681387,488.00345,488.0049,0.019706387,2.4829936,2.5829868,nan,2,2,0,0
1777318645815000,1777318645815000,47.397741934712215,8.545594045498149,488.00348,488.00494,0.019706387,2.4830143,2.583005,nan,2,2,0,0
1777318645823000,1777318645823000,47.397741934928106,8.545594045367338,488.0035,488.00497,0.019706387,2.4830353,2.5830233,nan,2,2,0,0
1777318645831000,1777318645831000,47.39774193514114,8.5455940452232,488.0035,488.00504,0.019706387,2.482922,2.582924,nan,2,2,0,0
1777318645839000,1777318645839000,47.39774193536761,8.545594045136909,488.00354,488.00507,0.019706387,2.482942,2.5829415,nan,2,2,0,0
1777318645847000,1777318645847000,47.39774193561324,8.545594045108562,488.00357,488.0051,0.019706387,2.4829624,2.5829592,nan,2,2,0,0
1777318645855000,1777318645855000,47.397741935827085,8.545594045136353,488.0036,488.00513,0.019706387,2.4829826,2.5829773,nan,2,2,0,0
1777318645863000,1777318645863000,47.39774193601482,8.545594045200533,488.00363,488.00516,0.019706387,2.4830034,2.5829952,nan,2,2,0,0
1777318645871000,1777318645871000,47.3977419361866,8.545594045293383,488.00366,488.0052,0.019706387,2.4830241,2.5830135,nan,2,2,0,0
1777318645879000,1777318645879000,47.39774193645876,8.545594045253603,488.0037,488.00522,0.019706387,2.482912,2.582915,nan,2,2,0,0
1777318645887000,1777318645887000,47.39774193673556,8.54559404522137,488.00375,488.00528,0.019706387,2.482932,2.5829325,nan,2,2,0,0
1777318645895000,1777318645895000,47.39774193700245,8.545594045185474,488.00378,488.0053,0.019706387,2.482952,2.58295,nan,2,2,0,0
1777318645903000,1777318645903000,47.3977419372578,8.545594045178236,488.0038,488.00534,0.019706387,2.4829724,2.582968,nan,2,2,0,0
1777318645911000,1777318645911000,47.39774193750285,8.545594045213896,488.00385,488.00537,0.019706387,2.482993,2.582986,nan,2,2,0,0
1777318645919000,1777318645919000,47.39774193774394,8.54559404530776,488.00388,488.0054,0.019706387,2.4830136,2.5830042,nan,2,2,0,0
1777318645927000,1777318645927000,47.39774193797805,8.545594045439847,488.0039,488.00543,0.019706387,2.4830346,2.5830188,nan,2,2,0,0
1777318645935000,1777318645935000,47.397741938302,8.54559404541073,488.00394,488.00546,0.019706387,2.4829216,2.5829232,nan,2,2,0,0
1777318645943000,1777318645943000,47.3977419386366,8.545594045413676,488.00397,488.0055,0.019706387,2.4829414,2.5829408,nan,2,2,0,0
1777318645951000,1777318645951000,47.39774193897965,8.545594045464481,488.004,488.00552,0.019706387,2.4829617,2.5829587,nan,2,2,0,0
1777318645959000,1777318645959000,47.39774193932873,8.545594045574072,488.00403,488.00555,0.019706387,2.4829822,2.5829766,nan,2,2,0,0
1777318645967000,1777318645967000,47.3977419396702,8.545594045737351,488.0041,488.0056,0.019706387,2.4830027,2.5829947,nan,2,2,0,0
1777318645975000,1777318645975000,47.39774193999195,8.545594045927665,488.00412,488.00565,0.019706387,2.4830234,2.5830128,nan,2,2,0,0
1777318645983000,1777318645983000,47.39774194039035,8.54559404586049,488.00415,488.0057,0.019706387,2.4829116,2.582918,nan,2,2,0,0
1777318645991000,1777318645991000,47.397741940758664,8.545594045815156,488.00418,488.00574,0.019706387,2.4829314,2.5829353,nan,2,2,0,0
1777318645999000,1777318645999000,47.39774194109075,8.545594045807446,488.0042,488.00577,0.019706387,2.4829514,2.5829532,nan,2,2,0,0
1777318646007000,1777318646007000,47.39774194139827,8.545594045830622,488.00424,488.0058,0.019706387,2.482972,2.582971,nan,2,2,0,0
1777318646015000,1777318646015000,47.39774194168289,8.54559404586179,488.00427,488.00583,0.019706387,2.4829924,2.582989,nan,2,2,0,0
1777318646023000,1777318646023000,47.39774194194315,8.54559404589698,488.0043,488.00586,0.019706387,2.4830132,2.5830073,nan,2,2,0,0
1777318646031000,1777318646031000,47.39774194216083,8.545594045960046,488.00433,488.0059,0.019706387,2.483034,2.5830216,nan,2,2,0,0
1777318646039000,1777318646039000,47.39774194223115,8.545594045670683,488.0044,488.00604,0.019706387,2.4829211,2.582926,nan,2,2,0,0
1777318646047000,1777318646047000,47.397741942295234,8.545594045412265,488.00443,488.00607,0.019706387,2.482941,2.5829437,nan,2,2,0,0
1777318646055000,1777318646055000,47.39774194233854,8.54559404518733,488.00446,488.0061,0.019706387,2.4829612,2.5829616,nan,2,2,0,0
1777318646063000,1777318646063000,47.39774194238084,8.545594044993985,488.00452,488.00616,0.019706387,2.4829814,2.5829794,nan,2,2,0,0
1777318646071000,1777318646071000,47.397741942445975,8.545594044862678,488.00455,488.0062,0.019706387,2.4830022,2.5829976,nan,2,2,0,0
1777318646079000,1777318646079000,47.39774194252536,8.545594044805068,488.00458,488.00623,0.019706387,2.483023,2.5830119,nan,2,2,0,0
1777318646087000,1777318646087000,47.397741942602295,8.545594044428498,488.0046,488.00632,0.019706387,2.482911,2.582917,nan,2,2,0,0
1777318646095000,1777318646095000,47.39774194267293,8.545594044055875,488.00467,488.00638,0.019706387,2.482931,2.5829346,nan,2,2,0,0
1777318646103000,1777318646103000,47.397741942734875,8.545594043717351,488.0047,488.0064,0.019706387,2.482951,2.5829523,nan,2,2,0,0
1777318646111000,1777318646111000,47.397741942788855,8.54559404344337,488.00476,488.00647,0.019706387,2.4829712,2.5829701,nan,2,2,0,0
1777318646119000,1777318646119000,47.39774194283339,8.54559404321774,488.0048,488.0065,0.019706387,2.4829917,2.5829883,nan,2,2,0,0
1777318646127000,1777318646127000,47.39774194287763,8.545594043053212,488.00485,488.00656,0.019706387,2.4830124,2.5830026,nan,2,2,0,0
1777318646135000,1777318646135000,47.39774194291862,8.54559404297224,488.00488,488.0066,0.019706387,2.4830334,2.583021,nan,2,2,0,0
1777318646143000,1777318646143000,47.397741943054676,8.545594042532727,488.00494,488.00665,0.019706387,2.4829204,2.5829253,nan,2,2,0,0
1777318646151000,1777318646151000,47.3977419431663,8.54559404215263,488.00497,488.00668,0.019706387,2.4829404,2.582943,nan,2,2,0,0
1777318646159000,1777318646159000,47.39774194327373,8.545594041774834,488.00504,488.00674,0.019706387,2.4829607,2.5829608,nan,2,2,0,0
1777318646167000,1777318646167000,47.39774194337898,8.54559404141185,488.00507,488.00677,0.019706387,2.482981,2.5829787,nan,2,2,0,0
1777318646175000,1777318646175000,47.397741943460304,8.545594041092864,488.0051,488.0068,0.019706387,2.4830017,2.5829968,nan,2,2,0,0
1777318646183000,1777318646183000,47.39774194351816,8.545594040804305,488.00513,488.00684,0.019706387,2.4830225,2.5830112,nan,2,2,0,0
1777318646191000,1777318646191000,47.39774194354807,8.54559404021839,488.00516,488.00684,0.019706387,2.4829104,2.5829163,nan,2,2,0,0
1777318646199000,1777318646199000,47.397741943566736,8.54559403966754,488.0052,488.00687,0.019706387,2.4829304,2.582934,nan,2,2,0,0
1777318646207000,1777318646207000,47.39774194357281,8.545594039165058,488.00522,488.0069,0.019706387,2.4829504,2.5829515,nan,2,2,0,0
1777318646215000,1777318646215000,47.397741943572036,8.545594038722637,488.00525,488.00693,0.019706387,2.4829707,2.5829694,nan,2,2,0,0
1777318646223000,1777318646223000,47.39774194354719,8.54559403833696,488.00528,488.00696,0.019706387,2.4829912,2.5829875,nan,2,2,0,0
1777318646231000,1777318646231000,47.39774194348453,8.545594038006145,488.0053,488.007,0.019706387,2.483012,2.5830019,nan,2,2,0,0
1777318646239000,1777318646239000,47.39774194339084,8.545594037727659,488.0053,488.007,0.019706387,2.4830327,2.58302,nan,2,2,0,0
1777318646247000,1777318646247000,47.397741943267924,8.545594037169941,488.00534,488.00702,0.019706387,2.48292,2.5829246,nan,2,2,0,0
1777318646255000,1777318646255000,47.397741943159524,8.54559403667049,488.00537,488.00705,0.019706387,2.48294,2.5829422,nan,2,2,0,0
1777318646263000,1777318646263000,47.39774194306701,8.545594036216228,488.00537,488.00705,0.019706387,2.4829602,2.58296,nan,2,2,0,0
1777318646271000,1777318646271000,47.39774194297575,8.545594035817263,488.0054,488.00708,0.019706387,2.4829805,2.582978,nan,2,2,0,0
1777318646279000,1777318646279000,47.397741942873516,8.54559403545899,488.00543,488.0071,0.019706387,2.483001,2.5829923,nan,2,2,0,0
1777318646287000,1777318646287000,47.397741942786716,8.545594035136554,488.00546,488.00714,0.019706387,2.4830217,2.5830104,nan,2,2,0,0
1777318646295000,1777318646295000,47.397741942705466,8.545594034531002,488.00546,488.00708,0.019706387,2.48291,2.5829158,nan,2,2,0,0
1777318646303000,1777318646303000,47.39774194262774,8.545594033976625,488.00546,488.00708,0.019706387,2.48293,2.5829332,nan,2,2,0,0
1777318646311000,1777318646311000,47.397741942575024,8.545594033453666,488.00546,488.00708,0.019706387,2.48295,2.582951,nan,2,2,0,0
1777318646319000,1777318646319000,47.397741942535625,8.545594032936101,488.0055,488.0071,0.019706387,2.4829702,2.5829687,nan,2,2,0,0
1777318646327000,1777318646327000,47.39774194250195,8.545594032443494,488.0055,488.0071,0.019706387,2.4829907,2.582983,nan,2,2,0,0
1777318646335000,1777318646335000,47.39774194248311,8.545594031992348,488.00552,488.00714,0.019706387,2.4830112,2.5830011,nan,2,2,0,0
1777318646343000,1777318646343000,47.39774194237996,8.545594031125459,488.0055,488.00702,0.019706387,2.4829006,2.582907,nan,2,2,0,0
1777318646351000,1777318646351000,47.39774194227714,8.54559403030487,488.0055,488.00702,0.019706387,2.4829202,2.5829246,nan,2,2,0,0
1777318646359000,1777318646359000,47.3977419421739,8.545594029520908,488.0055,488.00702,0.019706387,2.4829402,2.5829422,nan,2,2,0,0
1777318646367000,1777318646367000,47.39774194208137,8.54559402879114,488.0055,488.00702,0.019706387,2.4829602,2.58296,nan,2,2,0,0
1777318646375000,1777318646375000,47.39774194197684,8.545594028130674,488.0055,488.00702,0.019706387,2.4829807,2.582978,nan,2,2,0,0
1777318646383000,1777318646383000,47.39774194188506,8.545594027527757,488.0055,488.00702,0.019706387,2.4830012,2.5829923,nan,2,2,0,0
1777318646391000,1777318646391000,47.39774194180908,8.545594026955106,488.0055,488.00702,0.019706387,2.483022,2.5830104,nan,2,2,0,0
1777318646399000,1777318646399000,47.39774194183308,8.545594026165068,488.00546,488.00693,0.019706387,2.4829104,2.5829155,nan,2,2,0,0
1777318646407000,1777318646407000,47.39774194187208,8.545594025442773,488.00546,488.00693,0.019706387,2.4829302,2.5829332,nan,2,2,0,0
1777318646415000,1777318646415000,47.39774194193518,8.545594024809096,488.00546,488.00693,0.019706387,2.4829502,2.5829508,nan,2,2,0,0
1777318646423000,1777318646423000,47.397741941997474,8.545594024263975,488.00546,488.00693,0.019706387,2.4829705,2.5829687,nan,2,2,0,0
1777318646431000,1777318646431000,47.397741942032134,8.545594023745805,488.00546,488.00693,0.019706387,2.482991,2.582983,nan,2,2,0,0
1777318646439000,1777318646439000,47.39774194203885,8.545594023264098,488.00546,488.00693,0.019706387,2.4830117,2.5830011,nan,2,2,0,0
1777318646447000,1777318646447000,47.39774194203087,8.545594022818879,488.00546,488.00693,0.019706387,2.4830325,2.5830195,nan,2,2,0,0
1777318646455000,1777318646455000,47.39774194211917,8.545594022182877,488.00546,488.00693,0.019706387,2.4829197,2.582924,nan,2,2,0,0
1777318646463000,1777318646463000,47.39774194222931,8.545594021574331,488.00546,488.00693,0.019706387,2.4829397,2.5829415,nan,2,2,0,0
1777318646471000,1777318646471000,47.39774194235153,8.545594020976203,488.00546,488.00693,0.019706387,2.4829597,2.5829594,nan,2,2,0,0
1777318646479000,1777318646479000,47.397741942483755,8.545594020396313,488.00546,488.00693,0.019706387,2.4829803,2.5829735,nan,2,2,0,0
1777318646487000,1777318646487000,47.397741942618545,8.545594019846948,488.0055,488.00696,0.019706387,2.4830008,2.5829916,nan,2,2,0,0
1777318646495000,1777318646495000,47.397741942779334,8.54559401934245,488.0055,488.00696,0.019706387,2.4830215,2.58301,nan,2,2,0,0
1777318646503000,1777318646503000,47.39774194302086,8.545594018572482,488.0055,488.00693,0.019706387,2.48291,2.582915,nan,2,2,0,0
1777318646511000,1777318646511000,47.39774194326254,8.545594017878324,488.0055,488.00693,0.019706387,2.4829297,2.5829325,nan,2,2,0,0
1777318646519000,1777318646519000,47.39774194350064,8.545594017228696,488.0055,488.00693,0.019706387,2.4829497,2.5829504,nan,2,2,0,0
1777318646527000,1777318646527000,47.39774194373554,8.545594016617837,488.0055,488.00693,0.019706387,2.48297,2.5829644,nan,2,2,0,0
1777318646535000,1777318646535000,47.397741943976996,8.545594016049195,488.00552,488.00696,0.019706387,2.4829903,2.5829825,nan,2,2,0,0
1777318646543000,1777318646543000,47.39774194421827,8.545594015545044,488.00552,488.00696,0.019706387,2.483011,2.5830007,nan,2,2,0,0
1777318646551000,1777318646551000,47.39774194441052,8.54559401490101,488.00552,488.00693,0.019706387,2.4829001,2.5829065,nan,2,2,0,0
1777318646559000,1777318646559000,47.39774194461597,8.54559401433092,488.00552,488.00693,0.019706387,2.48292,2.582924,nan,2,2,0,0
1777318646567000,1777318646567000,47.39774194482767,8.54559401380984,488.00552,488.00693,0.019706387,2.48294,2.5829415,nan,2,2,0,0
1777318646575000,1777318646575000,47.3977419450284,8.54559401334021,488.00552,488.00693,0.019706387,2.48296,2.5829594,nan,2,2,0,0
1777318646583000,1777318646583000,47.39774194522678,8.545594012873858,488.00555,488.00696,0.019706387,2.4829805,2.5829773,nan,2,2,0,0
1777318646591000,1777318646591000,47.39774194542891,8.545594012417851,488.00555,488.00696,0.019706387,2.483001,2.5829954,nan,2,2,0,0
1777318646599000,1777318646599000,47.397741945627324,8.545594012015,488.00555,488.00696,0.019706387,2.4830217,2.5830135,nan,2,2,0,0
1777318646607000,1777318646607000,47.39774194578044,8.54559401134893,488.00555,488.00687,0.019706387,2.48291,2.5829186,nan,2,2,0,0
1777318646615000,1777318646615000,47.39774194593378,8.545594010722317,488.00552,488.00684,0.019706387,2.48293,2.5829363,nan,2,2,0,0
1777318646623000,1777318646623000,47.39774194609248,8.545594010136105,488.00552,488.00684,0.019706387,2.48295,2.582954,nan,2,2,0,0
1777318646631000,1777318646631000,47.397741946255785,8.545594009591913,488.0055,488.0068,0.019706387,2.4829702,2.5829682,nan,2,2,0,0
1777318646639000,1777318646639000,47.39774194642434,8.545594009109426,488.0055,488.0068,0.019706387,2.4829905,2.582986,nan,2,2,0,0
1777318646647000,1777318646647000,47.39774194658326,8.545594008695055,488.0055,488.0068,0.019706387,2.4830112,2.5830042,nan,2,2,0,0
1777318646655000,1777318646655000,47.39774194675402,8.545594008348923,488.0055,488.0068,0.019706387,2.4830322,2.5830226,nan,2,2,0,0
1777318646663000,1777318646663000,47.39774194678183,8.545594007745821,488.0055,488.0067,0.019706387,2.4829195,2.5829268,nan,2,2,0,0
1777318646671000,1777318646671000,47.39774194680209,8.545594007214211,488.0055,488.0067,0.019706387,2.4829395,2.5829444,nan,2,2,0,0
1777318646679000,1777318646679000,47.39774194681896,8.545594006731973,488.00546,488.00668,0.019706387,2.4829595,2.5829623,nan,2,2,0,0
1777318646687000,1777318646687000,47.39774194684339,8.545594006282956,488.00546,488.00668,0.019706387,2.48298,2.5829804,nan,2,2,0,0
1777318646695000,1777318646695000,47.39774194688212,8.545594005866851,488.00543,488.00665,0.019706387,2.4830005,2.5829985,nan,2,2,0,0
1777318646703000,1777318646703000,47.397741946909996,8.545594005492312,488.00543,488.00665,0.019706387,2.4830213,2.5830166,nan,2,2,0,0
1777318646711000,1777318646711000,47.39774194680083,8.545594005054616,488.00543,488.00662,0.019706387,2.4829094,2.5829213,nan,2,2,0,0
1777318646719000,1777318646719000,47.39774194671781,8.545594004672713,488.00543,488.00662,0.019706387,2.4829295,2.582939,nan,2,2,0,0
1777318646727000,1777318646727000,47.39774194665959,8.545594004314825,488.0054,488.0066,0.019706387,2.4829495,2.582953,nan,2,2,0,0
1777318646735000,1777318646735000,47.39774194663891,8.545594003953882,488.0054,488.0066,0.019706387,2.4829698,2.5829709,nan,2,2,0,0
1777318646743000,1777318646743000,47.39774194663884,8.545594003608004,488.0054,488.0066,0.019706387,2.48299,2.582989,nan,2,2,0,0
1777318646751000,1777318646751000,47.397741946639385,8.545594003295044,488.00537,488.00656,0.019706387,2.4830108,2.583007,nan,2,2,0,0
1777318646759000,1777318646759000,47.3977419466541,8.54559400300583,488.00537,488.00656,0.019706387,2.4830317,2.5830255,nan,2,2,0,0
1777318646767000,1777318646767000,47.39774194654093,8.545594002427146,488.00537,488.00653,0.019706387,2.482919,2.5829296,nan,2,2,0,0
1777318646775000,1777318646775000,47.39774194644001,8.545594001878685,488.00537,488.00653,0.019706387,2.482939,2.5829473,nan,2,2,0,0
1777318646783000,1777318646783000,47.39774194636585,8.545594001362623,488.00537,488.00653,0.019706387,2.482959,2.5829613,nan,2,2,0,0
1777318646791000,1777318646791000,47.397741946304954,8.545594000887956,488.00537,488.00653,0.019706387,2.4829795,2.5829792,nan,2,2,0,0
1777318646799000,1777318646799000,47.39774194626634,8.545594000484622,488.00537,488.00653,0.019706387,2.483,2.5829973,nan,2,2,0,0
1777318646807000,1777318646807000,47.39774194624202,8.545594000127188,488.00537,488.00653,0.019706387,2.4830208,2.5830157,nan,2,2,0,0
1777318646815000,1777318646815000,47.39774194616537,8.5455939996942,488.00537,488.00653,0.019706387,2.482909,2.5829203,nan,2,2,0,0
1777318646823000,1777318646823000,47.397741946097746,8.545593999304662,488.00534,488.0065,0.019706387,2.482929,2.582938,nan,2,2,0,0
1777318646831000,1777318646831000,47.39774194604123,8.545593998910924,488.00534,488.0065,0.019706387,2.482949,2.5829523,nan,2,2,0,0
1777318646839000,1777318646839000,47.39774194598662,8.545593998534885,488.00534,488.0065,0.019706387,2.482969,2.58297,nan,2,2,0,0
1777318646847000,1777318646847000,47.39774194592598,8.545593998164625,488.00537,488.00653,0.019706387,2.4829895,2.582988,nan,2,2,0,0
1777318646855000,1777318646855000,47.39774194588116,8.545593997834548,488.00537,488.00653,0.019706387,2.4830103,2.5830061,nan,2,2,0,0
1777318646863000,1777318646863000,47.39774194578402,8.545593997244907,488.00537,488.00647,0.019706387,2.4828994,2.5829117,nan,2,2,0,0
1777318646871000,1777318646871000,47.39774194567001,8.545593996680132,488.00534,488.00644,0.019706387,2.4829192,2.5829291,nan,2,2,0,0
1777318646879000,1777318646879000,47.39774194558901,8.545593996108044,488.00534,488.00644,0.019706387,2.4829392,2.5829432,nan,2,2,0,0
1777318646887000,1777318646887000,47.397741945531386,8.545593995537756,488.00534,488.00644,0.019706387,2.4829593,2.582961,nan,2,2,0,0
1777318646895000,1777318646895000,47.39774194548524,8.545593994995375,488.00534,488.00644,0.019706387,2.4829798,2.582979,nan,2,2,0,0
1777318646903000,1777318646903000,47.39774194546319,8.545593994498345,488.00534,488.00644,0.019706387,2.4830003,2.582997,nan,2,2,0,0
1777318646911000,1777318646911000,47.39774194545657,8.545593994063056,488.00534,488.00644,0.019706387,2.483021,2.5830152,nan,2,2,0,0
1777318646919000,1777318646919000,47.39774194541257,8.54559399337777,488.00534,488.00644,0.019706387,2.4829094,2.58292,nan,2,2,0,0
1777318646927000,1777318646927000,47.3977419453739,8.545593992737473,488.00534,488.00644,0.019706387,2.4829292,2.5829341,nan,2,2,0,0
1777318646935000,1777318646935000,47.397741945343974,8.545593992148744,488.00534,488.00644,0.019706387,2.4829493,2.5829518,nan,2,2,0,0
1777318646943000,1777318646943000,47.39774194531446,8.545593991597578,488.00537,488.00647,0.019706387,2.4829695,2.5829697,nan,2,2,0,0
1777318646951000,1777318646951000,47.39774194528992,8.545593991063564,488.00537,488.00647,0.019706387,2.4829898,2.5829878,nan,2,2,0,0
1777318646959000,1777318646959000,47.39774194527315,8.545593990526825,488.00537,488.00647,0.019706387,2.4830105,2.583006,nan,2,2,0,0
1777318646967000,1777318646967000,47.397741945224936,8.545593989816044,488.0054,488.00647,0.019706387,2.4829,2.5829115,nan,2,2,0,0
1777318646975000,1777318646975000,47.39774194520151,8.545593989160837,488.0054,488.00647,0.019706387,2.4829195,2.582929,nan,2,2,0,0
1777318646983000,1777318646983000,47.39774194517816,8.545593988549934,488.0054,488.00647,0.019706387,2.4829395,2.582943,nan,2,2,0,0
1777318646991000,1777318646991000,47.39774194515406,8.545593987981125,488.0054,488.00647,0.019706387,2.4829595,2.5829608,nan,2,2,0,0
1777318646999000,1777318646999000,47.397741945137,8.545593987447493,488.00543,488.0065,0.019706387,2.48298,2.5829787,nan,2,2,0,0
1777318647007000,1777318647007000,47.39774194511874,8.545593986932948,488.00543,488.0065,0.019706387,2.4830005,2.5829968,nan,2,2,0,0
1777318647015000,1777318647015000,47.397741945100016,8.545593986436263,488.00543,488.0065,0.019706387,2.4830213,2.583015,nan,2,2,0,0
1777318647023000,1777318647023000,47.39774194520428,8.545593985768745,488.00546,488.00656,0.019706387,2.4829094,2.5829198,nan,2,2,0,0
1777318647031000,1777318647031000,47.39774194531313,8.545593985132173,488.00546,488.00656,0.019706387,2.4829295,2.582934,nan,2,2,0,0
1777318647039000,1777318647039000,47.397741945428265,8.545593984534701,488.00546,488.00656,0.019706387,2.4829495,2.5829515,nan,2,2,0,0
1777318647047000,1777318647047000,47.39774194554393,8.545593983983412,488.00546,488.00656,0.019706387,2.4829698,2.5829694,nan,2,2,0,0
1777318647055000,1777318647055000,47.39774194567451,8.545593983473314,488.0055,488.0066,0.019706387,2.48299,2.5829875,nan,2,2,0,0
1777318647063000,1777318647063000,47.39774194580609,8.545593983024268,488.0055,488.0066,0.019706387,2.4830108,2.5830057,nan,2,2,0,0
1777318647071000,1777318647071000,47.39774194593628,8.545593982597943,488.0055,488.0066,0.019706387,2.4830317,2.583024,nan,2,2,0,0
1777318647079000,1777318647079000,47.397741946088836,8.545593981893393,488.0055,488.0066,0.019706387,2.482919,2.5829246,nan,2,2,0,0
1777318647087000,1777318647087000,47.397741946237936,8.545593981209542,488.0055,488.0066,0.019706387,2.482939,2.5829422,nan,2,2,0,0
1777318647095000,1777318647095000,47.39774194638258,8.545593980558838,488.00552,488.00662,0.019706387,2.482959,2.58296,nan,2,2,0,0
1777318647103000,1777318647103000,47.3977419465194,8.545593979959621,488.00552,488.00662,0.019706387,2.4829795,2.582978,nan,2,2,0,0
1777318647111000,1777318647111000,47.39774194665815,8.54559397941311,488.00552,488.00662,0.019706387,2.483,2.582996,nan,2,2,0,0
1777318647119000,1777318647119000,47.39774194680513,8.545593978914724,488.00552,488.00662,0.019706387,2.4830208,2.5830142,nan,2,2,0,0
1777318647127000,1777318647127000,47.39774194698205,8.545593978275763,488.00552,488.0067,0.019706387,2.4829092,2.5829155,nan,2,2,0,0
1777318647135000,1777318647135000,47.39774194714942,8.545593977623986,488.00555,488.00674,0.019706387,2.482929,2.5829332,nan,2,2,0,0
1777318647143000,1777318647143000,47.39774194728146,8.545593976964547,488.00555,488.00674,0.019706387,2.482949,2.5829508,nan,2,2,0,0
1777318647151000,1777318647151000,47.39774194736546,8.545593976341598,488.00558,488.00677,0.019706387,2.482969,2.5829687,nan,2,2,0,0
1777318647159000,1777318647159000,47.39774194739877,8.545593975787916,488.0056,488.0068,0.019706387,2.4829895,2.5829868,nan,2,2,0,0
1777318647167000,1777318647167000,47.397741947410886,8.545593975287808,488.0056,488.0068,0.019706387,2.4830103,2.583005,nan,2,2,0,0
1777318647175000,1777318647175000,47.397741947432756,8.54559397477617,488.00565,488.00684,0.019706387,2.4828994,2.5829105,nan,2,2,0,0
1777318647183000,1777318647183000,47.39774194744087,8.545593974305687,488.00568,488.00687,0.019706387,2.4829192,2.5829244,nan,2,2,0,0
1777318647191000,1777318647191000,47.397741947447784,8.545593973857734,488.0057,488.0069,0.019706387,2.4829392,2.582942,nan,2,2,0,0
1777318647199000,1777318647199000,47.39774194747194,8.545593973434558,488.00574,488.00693,0.019706387,2.4829593,2.58296,nan,2,2,0,0
1777318647207000,1777318647207000,47.39774194753953,8.545593973045355,488.00577,488.00696,0.019706387,2.4829798,2.5829778,nan,2,2,0,0
1777318647215000,1777318647215000,47.39774194761944,8.545593972685328,488.0058,488.007,0.019706387,2.4830003,2.582996,nan,2,2,0,0
1777318647223000,1777318647223000,47.397741947684295,8.545593972353691,488.00583,488.00702,0.019706387,2.483021,2.5830142,nan,2,2,0,0
1777318647231000,1777318647231000,47.39774194785958,8.545593971907582,488.00586,488.00705,0.019706387,2.4829094,2.5829155,nan,2,2,0,0
1777318647239000,1777318647239000,47.3977419480128,8.545593971494565,488.00586,488.00705,0.019706387,2.4829292,2.582933,nan,2,2,0,0
1777318647247000,1777318647247000,47.39774194815194,8.545593971136492,488.0059,488.00708,0.019706387,2.4829493,2.5829508,nan,2,2,0,0
1777318647255000,1777318647255000,47.397741948266884,8.54559397081929,488.00592,488.0071,0.019706387,2.4829695,2.5829687,nan,2,2,0,0
1777318647263000,1777318647263000,47.39774194837007,8.545593970522997,488.00592,488.0071,0.019706387,2.4829898,2.5829866,nan,2,2,0,0
1777318647271000,1777318647271000,47.397741948468806,8.545593970265687,488.00595,488.00714,0.019706387,2.4830105,2.583005,nan,2,2,0,0
1777318647279000,1777318647279000,47.39774194852044,8.545593970091458,488.00595,488.00705,0.019706387,2.4829,2.5829067,nan,2,2,0,0
1777318647287000,1777318647287000,47.39774194858823,8.54559396996909,488.00598,488.00708,0.019706387,2.4829195,2.5829244,nan,2,2,0,0
1777318647295000,1777318647295000,47.39774194865627,8.545593969887483,488.00598,488.00708,0.019706387,2.4829395,2.582942,nan,2,2,0,0
1777318647303000,1777318647303000,47.39774194871149,8.545593969846186,488.006,488.0071,0.019706387,2.4829595,2.58296,nan,2,2,0,0
1777318647311000,1777318647311000,47.397741948761684,8.545593969810916,488.006,488.0071,0.019706387,2.48298,2.5829778,nan,2,2,0,0
1777318647319000,1777318647319000,47.39774194880444,8.545593969773703,488.006,488.0071,0.019706387,2.4830005,2.582996,nan,2,2,0,0
1777318647327000,1777318647327000,47.397741948831154,8.545593969726475,488.00604,488.00714,0.019706387,2.4830213,2.5830102,nan,2,2,0,0
1777318647335000,1777318647335000,47.39774194891939,8.545593969516858,488.00604,488.00708,0.019706387,2.4829094,2.5829153,nan,2,2,0,0
1777318647343000,1777318647343000,47.3977419490296,8.545593969314016,488.00604,488.00708,0.019706387,2.4829295,2.582933,nan,2,2,0,0
1777318647351000,1777318647351000,47.39774194916419,8.54559396915696,488.00604,488.00708,0.019706387,2.4829495,2.5829508,nan,2,2,0,0
1777318647359000,1777318647359000,47.397741949306216,8.545593969068355,488.00604,488.00708,0.019706387,2.4829698,2.5829685,nan,2,2,0,0
1777318647367000,1777318647367000,47.39774194945366,8.54559396905321,488.00604,488.00708,0.019706387,2.48299,2.5829866,nan,2,2,0,0
1777318647375000,1777318647375000,47.397741949582866,8.545593969095409,488.00604,488.00708,0.019706387,2.4830108,2.5830047,nan,2,2,0,0
1777318647383000,1777318647383000,47.397741949692175,8.545593969155314,488.00604,488.00708,0.019706387,2.4830317,2.583023,nan,2,2,0,0
1777318647391000,1777318647391000,47.39774194975154,8.545593969072085,488.006,488.00693,0.019706387,2.482919,2.5829272,nan,2,2,0,0
1777318647399000,1777318647399000,47.39774194981261,8.54559396901669,488.006,488.00693,0.019706387,2.482939,2.5829449,nan,2,2,0,0
1777318647407000,1777318647407000,47.39774194987518,8.545593968983244,488.00598,488.0069,0.019706387,2.482959,2.5829628,nan,2,2,0,0
1777318647415000,1777318647415000,47.397741949962274,8.545593968981123,488.00595,488.00687,0.019706387,2.4829795,2.5829809,nan,2,2,0,0
1777318647423000,1777318647423000,47.397741950055476,8.54559396899355,488.00595,488.00687,0.019706387,2.483,2.5829988,nan,2,2,0,0
1777318647431000,1777318647431000,47.397741950149,8.545593969000139,488.00592,488.00684,0.019706387,2.4830208,2.5830133,nan,2,2,0,0
1777318647439000,1777318647439000,47.39774195009998,8.545593968859492,488.0059,488.00668,0.019706387,2.482909,2.5829182,nan,2,2,0,0
1777318647447000,1777318647447000,47.39774195002158,8.545593968767683,488.00586,488.00665,0.019706387,2.482929,2.5829358,nan,2,2,0,0
1777318647455000,1777318647455000,47.39774194992423,8.545593968713376,488.0058,488.0066,0.019706387,2.482949,2.5829537,nan,2,2,0,0
1777318647463000,1777318647463000,47.39774194983022,8.545593968683512,488.00577,488.00656,0.019706387,2.482969,2.5829713,nan,2,2,0,0
1777318647471000,1777318647471000,47.39774194973376,8.545593968656217,488.00574,488.00653,0.019706387,2.4829895,2.5829895,nan,2,2,0,0
1777318647479000,1777318647479000,47.397741949637194,8.545593968623544,488.0057,488.0065,0.019706387,2.4830103,2.583004,nan,2,2,0,0
1777318647487000,1777318647487000,47.39774194950071,8.54559396852715,488.00565,488.0063,0.019706387,2.4828994,2.5829096,nan,2,2,0,0
1777318647495000,1777318647495000,47.39774194937436,8.545593968435476,488.00558,488.00623,0.019706387,2.4829192,2.582927,nan,2,2,0,0
1777318647503000,1777318647503000,47.39774194924114,8.54559396836209,488.00552,488.00616,0.019706387,2.4829392,2.5829449,nan,2,2,0,0
1777318647511000,1777318647511000,47.3977419491161,8.545593968312893,488.00546,488.0061,0.019706387,2.4829593,2.5829625,nan,2,2,0,0
1777318647519000,1777318647519000,47.39774194901524,8.545593968284633,488.0054,488.00604,0.019706387,2.4829795,2.5829804,nan,2,2,0,0
1777318647527000,1777318647527000,47.39774194893156,8.545593968288092,488.00534,488.00598,0.019706387,2.4830003,2.582995,nan,2,2,0,0
1777318647535000,1777318647535000,47.39774194885565,8.545593968309392,488.00528,488.00592,0.019706387,2.483021,2.583013,nan,2,2,0,0
1777318647543000,1777318647543000,47.39774194884545,8.545593968163578,488.00522,488.00574,0.019706387,2.4829094,2.5829182,nan,2,2,0,0
1777318647551000,1777318647551000,47.397741948845066,8.54559396805849,488.00513,488.00565,0.019706387,2.4829292,2.5829356,nan,2,2,0,0
1777318647559000,1777318647559000,47.397741948852186,8.545593967989833,488.00507,488.00558,0.019706387,2.482949,2.5829535,nan,2,2,0,0
1777318647567000,1777318647567000,47.397741948864414,8.545593967928923,488.005,488.00552,0.019706387,2.4829693,2.5829713,nan,2,2,0,0
1777318647575000,1777318647575000,47.39774194888881,8.545593967874295,488.00494,488.00546,0.019706387,2.4829898,2.5829892,nan,2,2,0,0
1777318647583000,1777318647583000,47.39774194892119,8.545593967825333,488.00488,488.0054,0.019706387,2.4830105,2.5830038,nan,2,2,0,0
1777318647591000,1777318647591000,47.39774194908833,8.545593967607543,488.0048,488.0052,0.019706387,2.4828997,2.5829093,nan,2,2,0,0
1777318647599000,1777318647599000,47.39774194925522,8.545593967396448,488.0047,488.0051,0.019706387,2.4829195,2.5829268,nan,2,2,0,0
1777318647607000,1777318647607000,47.39774194941759,8.545593967204313,488.00464,488.00504,0.019706387,2.4829395,2.5829444,nan,2,2,0,0
1777318647615000,1777318647615000,47.39774194957495,8.54559396702528,488.00455,488.00494,0.019706387,2.4829595,2.5829623,nan,2,2,0,0
1777318647623000,1777318647623000,47.39774194973239,8.545593966864214,488.0045,488.00488,0.019706387,2.4829798,2.5829804,nan,2,2,0,0
1777318647631000,1777318647631000,47.397741949896044,8.545593966709838,488.0044,488.0048,0.019706387,2.4830003,2.5829947,nan,2,2,0,0
1777318647639000,1777318647639000,47.397741950056265,8.545593966571102,488.00433,488.00473,0.019706387,2.483021,2.5830128,nan,2,2,0,0
1777318647647000,1777318647647000,47.3977419502523,8.5455939662868,488.00427,488.0046,0.019706387,2.4829094,2.582918,nan,2,2,0,0
1777318647655000,1777318647655000,47.3977419504457,8.545593966008814,488.0042,488.00455,0.019706387,2.4829292,2.5829353,nan,2,2,0,0
1777318647663000,1777318647663000,47.39774195063441,8.545593965738895,488.00412,488.00446,0.019706387,2.4829495,2.5829532,nan,2,2,0,0
1777318647671000,1777318647671000,47.397741950817135,8.545593965491602,488.00406,488.0044,0.019706387,2.4829695,2.582971,nan,2,2,0,0
1777318647679000,1777318647679000,47.397741951010524,8.545593965251731,488.004,488.00433,0.019706387,2.48299,2.5829854,nan,2,2,0,0
1777318647687000,1777318647687000,47.397741951204004,8.545593965035211,488.00394,488.00427,0.019706387,2.4830105,2.5830035,nan,2,2,0,0
1777318647695000,1777318647695000,47.397741951337345,8.545593964693099,488.0039,488.0043,0.019706387,2.4829,2.582909,nan,2,2,0,0
1777318647703000,1777318647703000,47.39774195149655,8.5455939643701,488.00385,488.00424,0.019706387,2.4829197,2.5829268,nan,2,2,0,0
1777318647711000,1777318647711000,47.397741951663974,8.54559396408983,488.0038,488.0042,0.019706387,2.4829395,2.5829444,nan,2,2,0,0
1777318647719000,1777318647719000,47.39774195183729,8.545593963830225,488.00378,488.00418,0.019706387,2.4829597,2.5829623,nan,2,2,0,0
1777318647727000,1777318647727000,47.397741952017874,8.545593963591445,488.00372,488.00412,0.019706387,2.48298,2.5829763,nan,2,2,0,0
1777318647735000,1777318647735000,47.39774195218108,8.545593963383894,488.0037,488.0041,0.019706387,2.4830005,2.5829945,nan,2,2,0,0
1777318647743000,1777318647743000,47.39774195232659,8.54559396321285,488.00366,488.00406,0.019706387,2.4830215,2.5830128,nan,2,2,0,0
1777318647751000,1777318647751000,47.397741952319016,8.545593962855254,488.00363,488.004,0.019706387,2.4829097,2.5829177,nan,2,2,0,0
1777318647759000,1777318647759000,47.397741952306646,8.54559396252428,488.0036,488.00397,0.019706387,2.4829295,2.5829353,nan,2,2,0,0
1777318647767000,1777318647767000,47.397741952284356,8.545593962202059,488.00357,488.00394,0.019706387,2.4829495,2.582953,nan,2,2,0,0
1777318647775000,1777318647775000,47.39774195226663,8.545593961896955,488.00354,488.0039,0.019706387,2.4829698,2.582971,nan,2,2,0,0
1777318647783000,1777318647783000,47.3977419522443,8.545593961603071,488.0035,488.00388,0.019706387,2.4829903,2.5829854,nan,2,2,0,0
1777318647791000,1777318647791000,47.397741952213245,8.545593961337822,488.00348,488.00385,0.019706387,2.4830108,2.5830033,nan,2,2,0,0
1777318647799000,1777318647799000,47.39774195217066,8.545593961105137,488.00345,488.0038,0.019706387,2.4830317,2.5830216,nan,2,2,0,0
1777318647807000,1777318647807000,47.39774195206175,8.545593960736596,488.00342,488.00378,0.019706387,2.4829192,2.582926,nan,2,2,0,0
1777318647815000,1777318647815000,47.39774195195515,8.54559396035309,488.00342,488.00378,0.019706387,2.482939,2.5829437,nan,2,2,0,0
1777318647823000,1777318647823000,47.39774195186594,8.545593959982273,488.0034,488.00375,0.019706387,2.4829593,2.5829616,nan,2,2,0,0
1777318647831000,1777318647831000,47.39774195177904,8.545593959632559,488.00336,488.00372,0.019706387,2.4829795,2.5829759,nan,2,2,0,0
1777318647839000,1777318647839000,47.397741951701576,8.545593959299245,488.00336,488.00372,0.019706387,2.483,2.582994,nan,2,2,0,0
1777318647847000,1777318647847000,47.397741951649195,8.545593958973665,488.00333,488.0037,0.019706387,2.4830208,2.583012,nan,2,2,0,0
1777318647855000,1777318647855000,47.39774195164671,8.545593958539088,488.0033,488.00363,0.019706387,2.4829092,2.582917,nan,2,2,0,0
1777318647863000,1777318647863000,47.397741951642196,8.545593958133372,488.0033,488.00363,0.019706387,2.482929,2.5829346,nan,2,2,0,0
1777318647871000,1777318647871000,47.39774195166473,8.54559395775753,488.00327,488.0036,0.019706387,2.482949,2.5829525,nan,2,2,0,0
1777318647879000,1777318647879000,47.3977419517091,8.54559395738359,488.00323,488.00357,0.019706387,2.482969,2.5829666,nan,2,2,0,0
1777318647887000,1777318647887000,47.39774195177386,8.545593957035887,488.00323,488.00357,0.019706387,2.4829895,2.5829847,nan,2,2,0,0
1777318647895000,1777318647895000,47.39774195184692,8.545593956726576,488.0032,488.00354,0.019706387,2.4830103,2.5830028,nan,2,2,0,0
1777318647903000,1777318647903000,47.39774195192127,8.545593956457363,488.0032,488.00354,0.019706387,2.483031,2.5830212,nan,2,2,0,0
1777318647911000,1777318647911000,47.39774195194965,8.545593956195123,488.0032,488.00348,0.019706387,2.4829185,2.5829256,nan,2,2,0,0
1777318647919000,1777318647919000,47.39774195197362,8.545593955955617,488.00317,488.00345,0.019706387,2.4829385,2.5829432,nan,2,2,0,0
1777318647927000,1777318647927000,47.39774195198995,8.545593955735118,488.00317,488.00345,0.019706387,2.4829586,2.5829573,nan,2,2,0,0
1777318647935000,1777318647935000,47.397741951976734,8.54559395552476,488.00317,488.00345,0.019706387,2.482979,2.5829751,nan,2,2,0,0
1777318647943000,1777318647943000,47.39774195192223,8.545593955313837,488.00317,488.00345,0.019706387,2.4829993,2.5829933,nan,2,2,0,0
1777318647951000,1777318647951000,47.397741951868475,8.545593955104287,488.00317,488.00345,0.019706387,2.48302,2.5830114,nan,2,2,0,0
1777318647959000,1777318647959000,47.39774195169785,8.545593954798067,488.00317,488.00348,0.019706387,2.4829087,2.5829165,nan,2,2,0,0
1777318647967000,1777318647967000,47.397741951547005,8.545593954492245,488.00314,488.00345,0.019706387,2.4829285,2.5829341,nan,2,2,0,0
1777318647975000,1777318647975000,47.397741951420684,8.545593954198205,488.00314,488.00345,0.019706387,2.4829483,2.5829518,nan,2,2,0,0
1777318647983000,1777318647983000,47.39774195130091,8.54559395394673,488.00314,488.00345,0.019706387,2.4829686,2.5829697,nan,2,2,0,0
1777318647991000,1777318647991000,47.39774195119652,8.54559395371995,488.00314,488.00345,0.019706387,2.482989,2.5829878,nan,2,2,0,0
1777318647999000,1777318647999000,47.397741951103086,8.545593953501822,488.0031,488.00342,0.019706387,2.4830096,2.583006,nan,2,2,0,0
1777318648007000,1777318648007000,47.397741950887436,8.545593953141355,488.0031,488.0034,0.019706387,2.482899,2.5829113,nan,2,2,0,0
1777318648015000,1777318648015000,47.39774195069482,8.545593952772968,488.00308,488.00336,0.019706387,2.4829187,2.582929,nan,2,2,0,0
1777318648023000,1777318648023000,47.397741950512014,8.545593952420978,488.00308,488.00336,0.019706387,2.4829388,2.5829465,nan,2,2,0,0
1777318648031000,1777318648031000,47.397741950353165,8.54559395206502,488.00308,488.00336,0.019706387,2.4829588,2.5829608,nan,2,2,0,0
1777318648039000,1777318648039000,47.39774195020669,8.545593951699054,488.00305,488.00333,0.019706387,2.482979,2.5829787,nan,2,2,0,0
1777318648047000,1777318648047000,47.397741950059384,8.545593951311083,488.00305,488.00333,0.019706387,2.4829998,2.5829968,nan,2,2,0,0
1777318648055000,1777318648055000,47.39774194992527,8.545593950892904,488.00302,488.0033,0.019706387,2.4830205,2.5830152,nan,2,2,0,0
1777318648063000,1777318648063000,47.39774194956066,8.545593950458642,488.003,488.0032,0.019706387,2.482909,2.5829198,nan,2,2,0,0
1777318648071000,1777318648071000,47.39774194919805,8.545593950053135,488.003,488.0032,0.019706387,2.4829288,2.5829375,nan,2,2,0,0
1777318648079000,1777318648079000,47.39774194884547,8.545593949656821,488.00296,488.00317,0.019706387,2.4829485,2.5829515,nan,2,2,0,0
1777318648087000,1777318648087000,47.397741948487365,8.545593949257709,488.00293,488.00314,0.019706387,2.4829688,2.5829694,nan,2,2,0,0
1777318648095000,1777318648095000,47.397741948125734,8.545593948840812,488.0029,488.0031,0.019706387,2.4829893,2.5829875,nan,2,2,0,0
1777318648103000,1777318648103000,47.397741947757396,8.545593948392096,488.00287,488.00308,0.019706387,2.4830098,2.5830057,nan,2,2,0,0
1777318648111000,1777318648111000,47.397741947378,8.545593947960548,488.00287,488.00308,0.019706387,2.4830308,2.583024,nan,2,2,0,0
1777318648119000,1777318648119000,47.39774194685399,8.545593947429612,488.0028,488.00293,0.019706387,2.4829183,2.5829282,nan,2,2,0,0
1777318648127000,1777318648127000,47.397741946325205,8.545593946856782,488.00278,488.0029,0.019706387,2.482938,2.5829422,nan,2,2,0,0
1777318648135000,1777318648135000,47.39774194579919,8.545593946261452,488.00275,488.00287,0.019706387,2.4829583,2.58296,nan,2,2,0,0
1777318648143000,1777318648143000,47.39774194527788,8.545593945671879,488.0027,488.0028,0.019706387,2.4829786,2.582978,nan,2,2,0,0
1777318648151000,1777318648151000,47.39774194475261,8.545593945123192,488.00266,488.00278,0.019706387,2.482999,2.582996,nan,2,2,0,0
1777318648159000,1777318648159000,47.39774194423173,8.545593944592499,488.00262,488.00275,0.019706387,2.4830198,2.5830142,nan,2,2,0,0
1777318648167000,1777318648167000,47.397741943696026,8.545593943899867,488.0026,488.00266,0.019706387,2.4829085,2.5829191,nan,2,2,0,0
1777318648175000,1777318648175000,47.39774194317,8.545593943233365,488.00253,488.0026,0.019706387,2.4829283,2.5829368,nan,2,2,0,0
1777318648183000,1777318648183000,47.397741942631804,8.545593942588201,488.0025,488.00256,0.019706387,2.482948,2.5829544,nan,2,2,0,0
1777318648191000,1777318648191000,47.397741942103664,8.54559394196506,488.00244,488.0025,0.019706387,2.4829683,2.5829723,nan,2,2,0,0
1777318648199000,1777318648199000,47.39774194158522,8.545593941384787,488.0024,488.00247,0.019706387,2.4829888,2.5829904,nan,2,2,0,0
1777318648207000,1777318648207000,47.39774194108592,8.545593940800813,488.00238,488.00244,0.019706387,2.4830093,2.5830085,nan,2,2,0,0
1777318648215000,1777318648215000,47.397741940604945,8.545593940211432,488.00232,488.00238,0.019706387,2.4830303,2.583027,nan,2,2,0,0
1777318648223000,1777318648223000,47.39774194003134,8.545593939503325,488.00226,488.00226,0.019706387,2.4829178,2.582931,nan,2,2,0,0
1777318648231000,1777318648231000,47.39774193947629,8.545593938819877,488.00223,488.00223,0.019706387,2.4829376,2.5829449,nan,2,2,0,0
1777318648239000,1777318648239000,47.39774193893195,8.545593938167663,488.00217,488.00217,0.019706387,2.4829578,2.5829628,nan,2,2,0,0
1777318648247000,1777318648247000,47.397741938395164,8.545593937526883,488.0021,488.0021,0.019706387,2.482978,2.5829809,nan,2,2,0,0
1777318648255000,1777318648255000,47.39774193787177,8.545593936895013,488.00208,488.00208,0.019706387,2.4829986,2.5829988,nan,2,2,0,0
1777318648263000,1777318648263000,47.39774193735811,8.5455939362915,488.002,488.002,0.019706387,2.4830194,2.583017,nan,2,2,0,0
1777318648271000,1777318648271000,47.397741936854544,8.545593935776035,488.00198,488.00192,0.019706387,2.482908,2.5829217,nan,2,2,0,0
1777318648279000,1777318648279000,47.39774193639371,8.54559393527079,488.00192,488.00186,0.019706387,2.4829278,2.5829358,nan,2,2,0,0
1777318648287000,1777318648287000,47.397741935949426,8.545593934791064,488.00186,488.0018,0.019706387,2.4829476,2.5829535,nan,2,2,0,0
1777318648295000,1777318648295000,47.39774193551438,8.545593934349293,488.0018,488.00174,0.019706387,2.4829679,2.5829713,nan,2,2,0,0
1777318648303000,1777318648303000,47.397741935100605,8.545593933893548,488.00174,488.00168,0.019706387,2.482988,2.5829895,nan,2,2,0,0
1777318648311000,1777318648311000,47.39774193470758,8.54559393342491,488.00168,488.00162,0.019706387,2.4830089,2.5830076,nan,2,2,0,0
1777318648319000,1777318648319000,47.39774193421858,8.54559393307279,488.00162,488.00156,0.019706387,2.4828982,2.582913,nan,2,2,0,0
1777318648327000,1777318648327000,47.39774193373453,8.545593932786131,488.0016,488.00153,0.019706387,2.482918,2.582927,nan,2,2,0,0
1777318648335000,1777318648335000,47.39774193324827,8.545593932512105,488.00153,488.00146,0.019706387,2.4829378,2.5829446,nan,2,2,0,0
1777318648343000,1777318648343000,47.39774193275619,8.545593932257912,488.00146,488.0014,0.019706387,2.482958,2.5829625,nan,2,2,0,0
1777318648351000,1777318648351000,47.39774193228318,8.545593932026025,488.00143,488.00137,0.019706387,2.4829783,2.5829804,nan,2,2,0,0
1777318648359000,1777318648359000,47.397741931816086,8.545593931810574,488.00137,488.0013,0.019706387,2.4829988,2.5829985,nan,2,2,0,0
1777318648367000,1777318648367000,47.39774193133465,8.54559393160164,488.00134,488.00128,0.019706387,2.4830196,2.5830169,nan,2,2,0,0
1777318648375000,1777318648375000,47.397741930762336,8.545593931323403,488.0013,488.00125,0.019706387,2.482908,2.5829215,nan,2,2,0,0
1777318648383000,1777318648383000,47.397741930202024,8.545593931031105,488.00125,488.0012,0.019706387,2.4829278,2.5829356,nan,2,2,0,0
1777318648391000,1777318648391000,47.39774192965492,8.54559393074168,488.00122,488.00116,0.019706387,2.4829478,2.5829532,nan,2,2,0,0
1777318648399000,1777318648399000,47.39774192910218,8.545593930467854,488.0012,488.00113,0.019706387,2.482968,2.582971,nan,2,2,0,0
1777318648407000,1777318648407000,47.39774192854798,8.54559393019388,488.00116,488.0011,0.019706387,2.4829884,2.5829892,nan,2,2,0,0
1777318648415000,1777318648415000,47.3977419279977,8.54559392996056,488.0011,488.00104,0.019706387,2.483009,2.5830073,nan,2,2,0,0
1777318648423000,1777318648423000,47.3977419274591,8.545593929733434,488.00107,488.001,0.019706387,2.4830298,2.5830257,nan,2,2,0,0
1777318648431000,1777318648431000,47.39774192682904,8.545593929545461,488.00107,488.00104,0.019706387,2.4829175,2.582926,nan,2,2,0,0
1777318648439000,1777318648439000,47.39774192622108,8.545593929333375,488.00104,488.001,0.019706387,2.4829373,2.5829437,nan,2,2,0,0
1777318648447000,1777318648447000,47.39774192562965,8.54559392913597,488.001,488.00098,0.019706387,2.4829574,2.5829616,nan,2,2,0,0
1777318648455000,1777318648455000,47.39774192505582,8.545593928994068,488.00098,488.00095,0.019706387,2.4829779,2.5829797,nan,2,2,0,0
1777318648463000,1777318648463000,47.39774192450904,8.545593928877903,488.00098,488.00095,0.019706387,2.4829984,2.5829976,nan,2,2,0,0
1777318648471000,1777318648471000,47.397741923977016,8.54559392877788,488.00095,488.00092,0.019706387,2.483019,2.583016,nan,2,2,0,0
1777318648479000,1777318648479000,47.39774192345034,8.545593928613073,488.00092,488.0009,0.019706387,2.4829075,2.582917,nan,2,2,0,0
1777318648487000,1777318648487000,47.397741922926166,8.545593928432307,488.00092,488.0009,0.019706387,2.4829273,2.5829346,nan,2,2,0,0
1777318648495000,1777318648495000,47.397741922420295,8.545593928243735,488.0009,488.00085,0.019706387,2.4829473,2.5829525,nan,2,2,0,0
1777318648503000,1777318648503000,47.39774192193405,8.545593928074593,488.00085,488.00082,0.019706387,2.4829676,2.5829704,nan,2,2,0,0
1777318648511000,1777318648511000,47.39774192148357,8.54559392792451,488.00085,488.00082,0.019706387,2.4829879,2.5829883,nan,2,2,0,0
1777318648519000,1777318648519000,47.39774192105334,8.54559392779625,488.00082,488.0008,0.019706387,2.4830086,2.5830066,nan,2,2,0,0
1777318648527000,1777318648527000,47.39774192064455,8.545593927599178,488.00082,488.00085,0.019706387,2.482898,2.5829084,nan,2,2,0,0
1777318648535000,1777318648535000,47.39774192025058,8.545593927381686,488.0008,488.00082,0.019706387,2.4829178,2.582926,nan,2,2,0,0
1777318648543000,1777318648543000,47.39774191986432,8.545593927171595,488.0008,488.00082,0.019706387,2.4829376,2.5829437,nan,2,2,0,0
1777318648551000,1777318648551000,47.39774191949173,8.545593926981773,488.0008,488.00082,0.019706387,2.4829578,2.5829613,nan,2,2,0,0
1777318648559000,1777318648559000,47.397741919114765,8.545593926810083,488.0008,488.00082,0.019706387,2.482978,2.5829794,nan,2,2,0,0
1777318648567000,1777318648567000,47.3977419187164,8.54559392664275,488.0008,488.00082,0.019706387,2.4829984,2.5829976,nan,2,2,0,0
1777318648575000,1777318648575000,47.397741918308235,8.545593926483258,488.0008,488.00082,0.019706387,2.483019,2.5830157,nan,2,2,0,0
1777318648583000,1777318648583000,47.39774191809637,8.545593926155997,488.0008,488.0009,0.019706387,2.4829078,2.582917,nan,2,2,0,0
1777318648591000,1777318648591000,47.39774191788251,8.545593925808522,488.00082,488.00092,0.019706387,2.4829276,2.5829346,nan,2,2,0,0
1777318648599000,1777318648599000,47.39774191766531,8.545593925451552,488.00082,488.00092,0.019706387,2.4829476,2.5829523,nan,2,2,0,0
1777318648607000,1777318648607000,47.39774191745036,8.545593925120443,488.00082,488.00092,0.019706387,2.4829676,2.5829701,nan,2,2,0,0
1777318648615000,1777318648615000,47.397741917235415,8.545593924792746,488.00082,488.00092,0.019706387,2.482988,2.5829883,nan,2,2,0,0
1777318648623000,1777318648623000,47.397741917024156,8.545593924433158,488.00085,488.00095,0.019706387,2.4830086,2.5830064,nan,2,2,0,0
1777318648631000,1777318648631000,47.39774191681174,8.545593924062286,488.00085,488.00095,0.019706387,2.4830296,2.583021,nan,2,2,0,0
1777318648639000,1777318648639000,47.39774191670236,8.54559392371099,488.00085,488.00095,0.019706387,2.4829173,2.582925,nan,2,2,0,0
1777318648647000,1777318648647000,47.39774191659819,8.545593923315268,488.00085,488.00095,0.019706387,2.482937,2.5829427,nan,2,2,0,0
1777318648655000,1777318648655000,47.397741916484954,8.545593922901388,488.00085,488.00095,0.019706387,2.4829571,2.5829606,nan,2,2,0,0
1777318648663000,1777318648663000,47.39774191635326,8.545593922467102,488.00085,488.00095,0.019706387,2.4829774,2.5829785,nan,2,2,0,0
1777318648671000,1777318648671000,47.39774191619608,8.545593922043825,488.00085,488.00095,0.019706387,2.482998,2.5829966,nan,2,2,0,0
1777318648679000,1777318648679000,47.39774191602424,8.54559392164278,488.00085,488.00095,0.019706387,2.4830186,2.5830112,nan,2,2,0,0
1777318648687000,1777318648687000,47.397741916027535,8.545593921322926,488.00085,488.00095,0.019706387,2.4829073,2.5829163,nan,2,2,0,0
1777318648695000,1777318648695000,47.39774191602388,8.545593921010667,488.00085,488.00095,0.019706387,2.482927,2.582934,nan,2,2,0,0
1777318648703000,1777318648703000,47.39774191601005,8.545593920714104,488.00085,488.00095,0.019706387,2.482947,2.5829515,nan,2,2,0,0
1777318648711000,1777318648711000,47.397741915986366,8.545593920442066,488.00085,488.00095,0.019706387,2.4829671,2.5829694,nan,2,2,0,0
1777318648719000,1777318648719000,47.39774191596437,8.545593920174895,488.00085,488.00095,0.019706387,2.4829876,2.5829873,nan,2,2,0,0
1777318648727000,1777318648727000,47.39774191592869,8.545593919901801,488.0009,488.00098,0.019706387,2.4830081,2.5830019,nan,2,2,0,0
1777318648735000,1777318648735000,47.39774191588815,8.545593919647082,488.0009,488.00098,0.019706387,2.483029,2.58302,nan,2,2,0,0
1777318648743000,1777318648743000,47.39774191601273,8.545593919472589,488.0009,488.00098,0.019706387,2.4829168,2.5829246,nan,2,2,0,0
1777318648751000,1777318648751000,47.39774191611997,8.54559391929191,488.00092,488.001,0.019706387,2.4829366,2.5829422,nan,2,2,0,0
1777318648759000,1777318648759000,47.3977419161998,8.545593919105356,488.00092,488.001,0.019706387,2.4829566,2.58296,nan,2,2,0,0
1777318648767000,1777318648767000,47.39774191625558,8.545593918932978,488.00095,488.00104,0.019706387,2.482977,2.582978,nan,2,2,0,0
1777318648775000,1777318648775000,47.397741916309535,8.545593918782416,488.00098,488.00107,0.019706387,2.4829974,2.582996,nan,2,2,0,0
1777318648783000,1777318648783000,47.3977419163618,8.545593918634864,488.00098,488.00107,0.019706387,2.4830182,2.5830104,nan,2,2,0,0
1777318648791000,1777318648791000,47.39774191668617,8.545593918506928,488.001,488.0011,0.019706387,2.4829068,2.5829155,nan,2,2,0,0
1777318648799000,1777318648799000,47.39774191701204,8.545593918418545,488.001,488.0011,0.019706387,2.4829266,2.5829332,nan,2,2,0,0
1777318648807000,1777318648807000,47.397741917321966,8.54559391833367,488.00104,488.00113,0.019706387,2.4829466,2.5829508,nan,2,2,0,0
1777318648815000,1777318648815000,47.39774191761705,8.545593918286594,488.00104,488.00113,0.019706387,2.4829667,2.5829687,nan,2,2,0,0
1777318648823000,1777318648823000,47.39774191787963,8.545593918265496,488.00107,488.00116,0.019706387,2.4829872,2.5829868,nan,2,2,0,0
1777318648831000,1777318648831000,47.39774191812856,8.545593918243643,488.00107,488.00116,0.019706387,2.4830077,2.5830011,nan,2,2,0,0
1777318648839000,1777318648839000,47.397741918460746,8.545593918373,488.0011,488.00122,0.019706387,2.4828973,2.582907,nan,2,2,0,0
1777318648847000,1777318648847000,47.397741918791056,8.545593918457705,488.00113,488.00125,0.019706387,2.482917,2.5829244,nan,2,2,0,0
1777318648855000,1777318648855000,47.397741919117216,8.545593918515168,488.00116,488.00128,0.019706387,2.4829369,2.5829422,nan,2,2,0,0
1777318648863000,1777318648863000,47.39774191941456,8.545593918598309,488.0012,488.0013,0.019706387,2.482957,2.58296,nan,2,2,0,0
1777318648871000,1777318648871000,47.397741919702746,8.545593918688912,488.00122,488.00134,0.019706387,2.4829772,2.582978,nan,2,2,0,0
1777318648879000,1777318648879000,47.39774191998677,8.545593918782956,488.00125,488.00137,0.019706387,2.4829977,2.5829923,nan,2,2,0,0
1777318648887000,1777318648887000,47.39774192026971,8.545593918873617,488.00128,488.0014,0.019706387,2.4830184,2.5830104,nan,2,2,0,0
1777318648895000,1777318648895000,47.39774192063703,8.545593918721384,488.0013,488.0015,0.019706387,2.482907,2.5829155,nan,2,2,0,0
1777318648903000,1777318648903000,47.39774192099949,8.54559391859238,488.00137,488.00156,0.019706387,2.4829268,2.5829332,nan,2,2,0,0
1777318648911000,1777318648911000,47.39774192134683,8.54559391847534,488.0014,488.0016,0.019706387,2.4829469,2.5829508,nan,2,2,0,0
1777318648919000,1777318648919000,47.397741921674296,8.545593918378076,488.00143,488.00162,0.019706387,2.482967,2.5829687,nan,2,2,0,0
1777318648927000,1777318648927000,47.39774192199476,8.545593918272175,488.00146,488.00165,0.019706387,2.4829874,2.582983,nan,2,2,0,0
1777318648935000,1777318648935000,47.39774192228552,8.545593918179534,488.0015,488.00168,0.019706387,2.483008,2.5830011,nan,2,2,0,0
1777318648943000,1777318648943000,47.397741922576955,8.545593918103068,488.00156,488.00174,0.019706387,2.483029,2.5830195,nan,2,2,0,0
1777318648951000,1777318648951000,47.39774192288292,8.545593917794413,488.0016,488.0018,0.019706387,2.4829166,2.582924,nan,2,2,0,0
1777318648959000,1777318648959000,47.39774192317559,8.545593917499595,488.00162,488.00183,0.019706387,2.4829364,2.5829415,nan,2,2,0,0
1777318648967000,1777318648967000,47.39774192346126,8.545593917215397,488.00165,488.00186,0.019706387,2.4829564,2.5829594,nan,2,2,0,0
1777318648975000,1777318648975000,47.3977419237334,8.545593916946114,488.00168,488.0019,0.019706387,2.4829767,2.5829773,nan,2,2,0,0
1777318648983000,1777318648983000,47.39774192398081,8.545593916700831,488.0017,488.00192,0.019706387,2.4829972,2.5829916,nan,2,2,0,0
1777318648991000,1777318648991000,47.397741924210465,8.545593916449945,488.00174,488.00195,0.019706387,2.483018,2.58301,nan,2,2,0,0
1777318648999000,1777318648999000,47.39774192442202,8.545593916065092,488.00177,488.002,0.019706387,2.4829066,2.582915,nan,2,2,0,0
1777318649007000,1777318649007000,47.39774192463554,8.545593915681478,488.0018,488.00204,0.019706387,2.4829264,2.5829327,nan,2,2,0,0
1777318649015000,1777318649015000,47.397741924850855,8.545593915324899,488.00183,488.00208,0.019706387,2.4829464,2.5829504,nan,2,2,0,0
1777318649023000,1777318649023000,47.397741925059066,8.545593915007048,488.00186,488.0021,0.019706387,2.4829664,2.5829682,nan,2,2,0,0
1777318649031000,1777318649031000,47.39774192528019,8.54559391472378,488.0019,488.00214,0.019706387,2.482987,2.5829825,nan,2,2,0,0
1777318649039000,1777318649039000,47.39774192551143,8.545593914467606,488.00192,488.00217,0.019706387,2.4830074,2.5830007,nan,2,2,0,0
1777318649047000,1777318649047000,47.397741925717206,8.54559391421625,488.00195,488.0022,0.019706387,2.4830282,2.5830188,nan,2,2,0,0
1777318649055000,1777318649055000,47.39774192586934,8.5455939137856,488.00198,488.0023,0.019706387,2.482916,2.5829234,nan,2,2,0,0
1777318649063000,1777318649063000,47.397741926013204,8.545593913405826,488.002,488.00232,0.019706387,2.482936,2.582941,nan,2,2,0,0
1777318649071000,1777318649071000,47.39774192614852,8.545593913078333,488.00204,488.00235,0.019706387,2.482956,2.582959,nan,2,2,0,0
1777318649079000,1777318649079000,47.39774192626371,8.545593912788512,488.0021,488.0024,0.019706387,2.4829762,2.582973,nan,2,2,0,0
1777318649087000,1777318649087000,47.397741926377066,8.54559391252135,488.00214,488.00244,0.019706387,2.4829967,2.5829911,nan,2,2,0,0
1777318649095000,1777318649095000,47.397741926492024,8.545593912267801,488.00217,488.00247,0.019706387,2.4830174,2.5830095,nan,2,2,0,0
1777318649103000,1777318649103000,47.397741926581624,8.545593911945076,488.0022,488.00256,0.019706387,2.482906,2.5829146,nan,2,2,0,0
1777318649111000,1777318649111000,47.397741926680915,8.545593911660962,488.00226,488.00262,0.019706387,2.482926,2.5829322,nan,2,2,0,0
1777318649119000,1777318649119000,47.39774192676327,8.545593911416553,488.0023,488.00266,0.019706387,2.482946,2.5829499,nan,2,2,0,0
1777318649127000,1777318649127000,47.39774192682666,8.545593911197788,488.00232,488.0027,0.019706387,2.482966,2.582964,nan,2,2,0,0
1777318649135000,1777318649135000,47.39774192687043,8.545593910982806,488.00238,488.00275,0.019706387,2.4829865,2.582982,nan,2,2,0,0
1777318649143000,1777318649143000,47.39774192689279,8.545593910780747,488.0024,488.00278,0.019706387,2.483007,2.5830002,nan,2,2,0,0
1777318649151000,1777318649151000,47.39774192690886,8.545593910581943,488.00244,488.0028,0.019706387,2.4830277,2.5830185,nan,2,2,0,0
1777318649159000,1777318649159000,47.39774192710523,8.545593910352949,488.00247,488.00287,0.019706387,2.4829156,2.582923,nan,2,2,0,0
1777318649167000,1777318649167000,47.3977419272797,8.545593910149883,488.0025,488.0029,0.019706387,2.4829354,2.5829408,nan,2,2,0,0
1777318649175000,1777318649175000,47.397741927416575,8.545593909940157,488.00256,488.00296,0.019706387,2.4829555,2.5829585,nan,2,2,0,0
1777318649183000,1777318649183000,47.3977419275453,8.545593909692993,488.0026,488.003,0.019706387,2.4829757,2.5829725,nan,2,2,0,0
1777318649191000,1777318649191000,47.39774192768423,8.545593909432359,488.00262,488.00302,0.019706387,2.4829962,2.5829906,nan,2,2,0,0
1777318649199000,1777318649199000,47.39774192780506,8.54559390920617,488.00266,488.00305,0.019706387,2.483017,2.583009,nan,2,2,0,0
1777318649207000,1777318649207000,47.39774192797198,8.545593908881246,488.00266,488.003,0.019706387,2.4829059,2.582914,nan,2,2,0,0
1777318649215000,1777318649215000,47.39774192812054,8.545593908617137,488.0027,488.00302,0.019706387,2.4829254,2.5829318,nan,2,2,0,0
1777318649223000,1777318649223000,47.397741928249246,8.54559390837333,488.00272,488.00305,0.019706387,2.4829454,2.5829494,nan,2,2,0,0
1777318649231000,1777318649231000,47.39774192835278,8.545593908175194,488.00275,488.00308,0.019706387,2.4829657,2.5829637,nan,2,2,0,0
1777318649239000,1777318649239000,47.39774192843087,8.545593908007058,488.00278,488.0031,0.019706387,2.482986,2.5829816,nan,2,2,0,0
1777318649247000,1777318649247000,47.3977419284852,8.545593907851698,488.0028,488.00314,0.019706387,2.4830065,2.5829997,nan,2,2,0,0
1777318649255000,1777318649255000,47.39774192862389,8.545593907605182,488.00284,488.00308,0.019706387,2.4828963,2.5829055,nan,2,2,0,0
1777318649263000,1777318649263000,47.3977419287567,8.545593907406507,488.00284,488.00308,0.019706387,2.4829159,2.5829232,nan,2,2,0,0
1777318649271000,1777318649271000,47.39774192887532,8.545593907214553,488.00287,488.0031,0.019706387,2.4829357,2.5829408,nan,2,2,0,0
1777318649279000,1777318649279000,47.39774192897411,8.545593907057116,488.0029,488.00314,0.019706387,2.482956,2.582955,nan,2,2,0,0
1777318649287000,1777318649287000,47.3977419290492,8.545593906926422,488.0029,488.00314,0.019706387,2.482976,2.582973,nan,2,2,0,0
1777318649295000,1777318649295000,47.39774192910738,8.545593906813917,488.00293,488.00317,0.019706387,2.4829965,2.582991,nan,2,2,0,0
1777318649303000,1777318649303000,47.39774192914566,8.545593906710726,488.00296,488.0032,0.019706387,2.4830172,2.583009,nan,2,2,0,0
1777318649311000,1777318649311000,47.39774192918151,8.545593906287568,488.00296,488.00317,0.019706387,2.482906,2.5829144,nan,2,2,0,0
1777318649319000,1777318649319000,47.39774192923312,8.545593905896755,488.00296,488.00317,0.019706387,2.4829257,2.582932,nan,2,2,0,0
1777318649327000,1777318649327000,47.39774192927997,8.545593905527124,488.003,488.0032,0.019706387,2.4829457,2.582946,nan,2,2,0,0
1777318649335000,1777318649335000,47.39774192933046,8.545593905171968,488.003,488.0032,0.019706387,2.482966,2.582964,nan,2,2,0,0
1777318649343000,1777318649343000,47.39774192940022,8.545593904827411,488.00302,488.00323,0.019706387,2.4829862,2.5829818,nan,2,2,0,0
1777318649351000,1777318649351000,47.39774192947006,8.545593904509259,488.00302,488.00323,0.019706387,2.4830067,2.583,nan,2,2,0,0
1777318649359000,1777318649359000,47.39774192951825,8.545593904236581,488.00305,488.00327,0.019706387,2.4830275,2.5830183,nan,2,2,0,0
1777318649367000,1777318649367000,47.397741929475394,8.545593903595904,488.00308,488.0033,0.019706387,2.4829154,2.5829227,nan,2,2,0,0
1777318649375000,1777318649375000,47.397741929430744,8.545593902983406,488.00308,488.0033,0.019706387,2.4829354,2.5829403,nan,2,2,0,0
1777318649383000,1777318649383000,47.39774192938998,8.545593902419569,488.0031,488.00333,0.019706387,2.4829552,2.5829546,nan,2,2,0,0
1777318649391000,1777318649391000,47.39774192934849,8.54559390191143,488.00314,488.00336,0.019706387,2.4829755,2.5829725,nan,2,2,0,0
1777318649399000,1777318649399000,47.39774192929861,8.545593901434914,488.00314,488.00336,0.019706387,2.482996,2.5829906,nan,2,2,0,0
1777318649407000,1777318649407000,47.397741929249726,8.545593900978485,488.00317,488.0034,0.019706387,2.4830167,2.5830088,nan,2,2,0,0
1777318649415000,1777318649415000,47.397741928900324,8.545593900216048,488.00317,488.0034,0.019706387,2.4829056,2.582914,nan,2,2,0,0
1777318649423000,1777318649423000,47.397741928547475,8.545593899460572,488.00317,488.0034,0.019706387,2.4829254,2.5829315,nan,2,2,0,0
1777318649431000,1777318649431000,47.397741928180785,8.545593898711727,488.0032,488.00342,0.019706387,2.4829452,2.5829456,nan,2,2,0,0
1777318649439000,1777318649439000,47.39774192780131,8.54559389797199,488.0032,488.00342,0.019706387,2.4829655,2.5829635,nan,2,2,0,0
1777318649447000,1777318649447000,47.39774192743461,8.545593897277875,488.0032,488.00342,0.019706387,2.4829857,2.5829816,nan,2,2,0,0
1777318649455000,1777318649455000,47.397741927092994,8.545593896642727,488.00323,488.00345,0.019706387,2.4830062,2.5829997,nan,2,2,0,0
1777318649463000,1777318649463000,47.39774192666752,8.545593895927421,488.00323,488.00348,0.019706387,2.482896,2.5829055,nan,2,2,0,0
1777318649471000,1777318649471000,47.39774192622804,8.545593895227343,488.00327,488.0035,0.019706387,2.4829159,2.5829232,nan,2,2,0,0
1777318649479000,1777318649479000,47.397741925787194,8.545593894557388,488.0033,488.00354,0.019706387,2.4829357,2.5829408,nan,2,2,0,0
1777318649487000,1777318649487000,47.39774192534944,8.54559389390764,488.0033,488.00354,0.019706387,2.4829557,2.5829585,nan,2,2,0,0
1777318649495000,1777318649495000,47.39774192490678,8.545593893299579,488.00333,488.00357,0.019706387,2.482976,2.5829763,nan,2,2,0,0
1777318649503000,1777318649503000,47.39774192445754,8.545593892747442,488.00336,488.0036,0.019706387,2.4829962,2.5829945,nan,2,2,0,0
1777318649511000,1777318649511000,47.39774192401318,8.545593892246211,488.0034,488.00363,0.019706387,2.483017,2.5830128,nan,2,2,0,0
1777318649519000,1777318649519000,47.39774192351488,8.545593891705531,488.0034,488.0036,0.019706387,2.4829059,2.5829177,nan,2,2,0,0
1777318649527000,1777318649527000,47.39774192303757,8.54559389123419,488.00342,488.00363,0.019706387,2.4829257,2.5829318,nan,2,2,0,0
1777318649535000,1777318649535000,47.397741922564194,8.545593890823216,488.00345,488.00366,0.019706387,2.4829457,2.5829494,nan,2,2,0,0
1777318649543000,1777318649543000,47.39774192210594,8.545593890455443,488.00348,488.0037,0.019706387,2.4829657,2.5829673,nan,2,2,0,0
1777318649551000,1777318649551000,47.397741921653704,8.545593890111801,488.00348,488.0037,0.019706387,2.482986,2.5829854,nan,2,2,0,0
1777318649559000,1777318649559000,47.39774192120472,8.545593889816894,488.0035,488.00372,0.019706387,2.4830067,2.5830035,nan,2,2,0,0
1777318649567000,1777318649567000,47.39774192067682,8.54559388945508,488.0035,488.00366,0.019706387,2.4828966,2.582909,nan,2,2,0,0
1777318649575000,1777318649575000,47.39774192015505,8.545593889116631,488.0035,488.00366,0.019706387,2.482916,2.5829268,nan,2,2,0,0
1777318649583000,1777318649583000,47.39774191965009,8.545593888819528,488.0035,488.00366,0.019706387,2.482936,2.5829408,nan,2,2,0,0
1777318649591000,1777318649591000,47.3977419191559,8.545593888534327,488.00354,488.0037,0.019706387,2.482956,2.5829585,nan,2,2,0,0
1777318649599000,1777318649599000,47.39774191868392,8.545593888275555,488.00354,488.0037,0.019706387,2.4829762,2.5829763,nan,2,2,0,0
1777318649607000,1777318649607000,47.39774191823243,8.545593888048286,488.00354,488.0037,0.019706387,2.4829967,2.5829945,nan,2,2,0,0
1777318649615000,1777318649615000,47.39774191778035,8.545593887861642,488.00357,488.00372,0.019706387,2.4830174,2.5830128,nan,2,2,0,0
1777318649623000,1777318649623000,47.39774191715201,8.54559388756877,488.00357,488.00366,0.019706387,2.482906,2.5829177,nan,2,2,0,0
1777318649631000,1777318649631000,47.39774191651802,8.545593887302406,488.00357,488.00366,0.019706387,2.482926,2.5829318,nan,2,2,0,0
1777318649639000,1777318649639000,47.3977419158918,8.545593887050613,488.00357,488.00366,0.019706387,2.482946,2.5829494,nan,2,2,0,0
1777318649647000,1777318649647000,47.39774191527616,8.545593886825422,488.0036,488.0037,0.019706387,2.482966,2.5829673,nan,2,2,0,0
1777318649655000,1777318649655000,47.39774191466792,8.545593886626143,488.0036,488.0037,0.019706387,2.4829865,2.5829854,nan,2,2,0,0
1777318649663000,1777318649663000,47.39774191407075,8.545593886456304,488.00363,488.00372,0.019706387,2.483007,2.5830035,nan,2,2,0,0
1777318649671000,1777318649671000,47.397741913417306,8.545593886275787,488.00363,488.00366,0.019706387,2.4828966,2.582909,nan,2,2,0,0
1777318649679000,1777318649679000,47.3977419127712,8.545593886117004,488.00363,488.00366,0.019706387,2.4829164,2.5829268,nan,2,2,0,0
1777318649687000,1777318649687000,47.39774191212105,8.545593886001857,488.00363,488.00366,0.019706387,2.4829361,2.5829444,nan,2,2,0,0
1777318649695000,1777318649695000,47.39774191146315,8.545593885959278,488.00363,488.00366,0.019706387,2.4829562,2.582962,nan,2,2,0,0
1777318649703000,1777318649703000,47.39774191080398,8.545593885970135,488.00366,488.0037,0.019706387,2.4829764,2.5829802,nan,2,2,0,0
1777318649711000,1777318649711000,47.39774191017342,8.545593886011325,488.00366,488.0037,0.019706387,2.482997,2.5829983,nan,2,2,0,0
1777318649719000,1777318649719000,47.397741909568275,8.545593886090211,488.00366,488.0037,0.019706387,2.4830177,2.5830164,nan,2,2,0,0
1777318649727000,1777318649727000,47.39774190897472,8.545593886129375,488.00366,488.0036,0.019706387,2.4829063,2.5829177,nan,2,2,0,0
1777318649735000,1777318649735000,47.39774190835417,8.545593886171767,488.00366,488.0036,0.019706387,2.4829261,2.5829353,nan,2,2,0,0
1777318649743000,1777318649743000,47.397741907724665,8.545593886217942,488.00366,488.0036,0.019706387,2.4829462,2.582953,nan,2,2,0,0
1777318649751000,1777318649751000,47.397741907089014,8.545593886290376,488.00366,488.0036,0.019706387,2.4829662,2.5829709,nan,2,2,0,0
1777318649759000,1777318649759000,47.39774190645665,8.54559388641627,488.00366,488.0036,0.019706387,2.4829867,2.582989,nan,2,2,0,0
1777318649767000,1777318649767000,47.39774190583491,8.54559388659137,488.00366,488.0036,0.019706387,2.4830072,2.583007,nan,2,2,0,0
1777318649775000,1777318649775000,47.39774190536671,8.545593886785184,488.00366,488.0035,0.019706387,2.482897,2.5829124,nan,2,2,0,0
1777318649783000,1777318649783000,47.397741904928196,8.545593886994615,488.00363,488.00348,0.019706387,2.4829166,2.5829265,nan,2,2,0,0
1777318649791000,1777318649791000,47.397741904502446,8.545593887237915,488.00363,488.00348,0.019706387,2.4829364,2.5829442,nan,2,2,0,0
1777318649799000,1777318649799000,47.39774190409382,8.54559388747877,488.00363,488.00348,0.019706387,2.4829564,2.582962,nan,2,2,0,0
1777318649807000,1777318649807000,47.39774190371014,8.545593887699813,488.00363,488.00348,0.019706387,2.4829767,2.58298,nan,2,2,0,0
1777318649815000,1777318649815000,47.39774190333935,8.545593887905214,488.00363,488.00348,0.019706387,2.4829972,2.582998,nan,2,2,0,0
1777318649823000,1777318649823000,47.39774190298036,8.545593888107698,488.00363,488.00348,0.019706387,2.483018,2.5830162,nan,2,2,0,0
1777318649831000,1777318649831000,47.39774190284613,8.545593888309488,488.0036,488.00333,0.019706387,2.4829066,2.5829175,nan,2,2,0,0
1777318649839000,1777318649839000,47.39774190268724,8.545593888498264,488.00357,488.0033,0.019706387,2.4829264,2.582935,nan,2,2,0,0
1777318649847000,1777318649847000,47.39774190253614,8.545593888699045,488.00354,488.00327,0.019706387,2.4829464,2.5829527,nan,2,2,0,0
1777318649855000,1777318649855000,47.39774190236764,8.545593888962236,488.0035,488.00323,0.019706387,2.4829667,2.5829706,nan,2,2,0,0
1777318649863000,1777318649863000,47.39774190217432,8.545593889290423,488.0035,488.00323,0.019706387,2.482987,2.5829887,nan,2,2,0,0
1777318649871000,1777318649871000,47.397741901958774,8.545593889646279,488.00348,488.0032,0.019706387,2.4830074,2.5830069,nan,2,2,0,0
1777318649879000,1777318649879000,47.39774190184629,8.545593889995697,488.00345,488.00308,0.019706387,2.482897,2.5829122,nan,2,2,0,0
1777318649887000,1777318649887000,47.39774190172119,8.545593890345675,488.00342,488.00305,0.019706387,2.4829168,2.5829298,nan,2,2,0,0
1777318649895000,1777318649895000,47.397741901584254,8.545593890676503,488.0034,488.00302,0.019706387,2.4829366,2.5829475,nan,2,2,0,0
1777318649903000,1777318649903000,47.39774190146193,8.545593890998068,488.00333,488.00296,0.019706387,2.4829566,2.5829654,nan,2,2,0,0
1777318649911000,1777318649911000,47.39774190135431,8.545593891338434,488.0033,488.00293,0.019706387,2.482977,2.5829833,nan,2,2,0,0
1777318649919000,1777318649919000,47.39774190124844,8.545593891705517,488.00327,488.0029,0.019706387,2.4829974,2.5830014,nan,2,2,0,0
1777318649927000,1777318649927000,47.39774190113424,8.545593892091688,488.00323,488.00287,0.019706387,2.4830182,2.583016,nan,2,2,0,0
1777318649935000,1777318649935000,47.39774190113286,8.545593892465684,488.0032,488.00275,0.019706387,2.482907,2.5829208,nan,2,2,0,0
1777318649943000,1777318649943000,47.39774190111552,8.545593892817994,488.00314,488.0027,0.019706387,2.4829266,2.5829382,nan,2,2,0,0
1777318649951000,1777318649951000,47.397741901082014,8.545593893160497,488.0031,488.00266,0.019706387,2.4829466,2.582956,nan,2,2,0,0
1777318649959000,1777318649959000,47.39774190104084,8.545593893505048,488.00305,488.0026,0.019706387,2.4829667,2.582974,nan,2,2,0,0
1777318649967000,1777318649967000,47.39774190098714,8.545593893878642,488.00302,488.00256,0.019706387,2.4829872,2.582992,nan,2,2,0,0
1777318649975000,1777318649975000,47.39774190092772,8.545593894281577,488.003,488.00253,0.019706387,2.4830077,2.5830102,nan,2,2,0,0
1777318649983000,1777318649983000,47.397741900837886,8.545593894709063,488.00293,488.00247,0.019706387,2.4830284,2.5830247,nan,2,2,0,0
1777318649991000,1777318649991000,47.397741900747995,8.545593894961735,488.0029,488.0024,0.019706387,2.4829164,2.582929,nan,2,2,0,0
1777318649999000,1777318649999000,47.39774190065111,8.545593895212418,488.00284,488.00235,0.019706387,2.4829361,2.5829465,nan,2,2,0,0
1777318650007000,1777318650007000,47.39774190056667,8.545593895475125,488.00278,488.0023,0.019706387,2.4829562,2.5829644,nan,2,2,0,0
1777318650015000,1777318650015000,47.397741900490544,8.545593895753228,488.00275,488.00226,0.019706387,2.4829764,2.5829823,nan,2,2,0,0
1777318650023000,1777318650023000,47.3977419004233,8.54559389605549,488.0027,488.0022,0.019706387,2.482997,2.5830004,nan,2,2,0,0
1777318650031000,1777318650031000,47.397741900397904,8.545593896375703,488.00266,488.00217,0.019706387,2.4830174,2.583015,nan,2,2,0,0
1777318650039000,1777318650039000,47.39774190052262,8.545593896585114,488.00262,488.00217,0.019706387,2.4829063,2.5829198,nan,2,2,0,0
1777318650047000,1777318650047000,47.397741900661146,8.54559389683769,488.0026,488.00214,0.019706387,2.4829261,2.5829375,nan,2,2,0,0
1777318650055000,1777318650055000,47.39774190078253,8.545593897120321,488.00256,488.0021,0.019706387,2.4829462,2.5829551,nan,2,2,0,0
1777318650063000,1777318650063000,47.3977419009079,8.545593897399774,488.00253,488.00208,0.019706387,2.4829662,2.582973,nan,2,2,0,0
1777318650071000,1777318650071000,47.39774190103011,8.54559389766791,488.0025,488.00204,0.019706387,2.4829865,2.5829911,nan,2,2,0,0
1777318650079000,1777318650079000,47.39774190115471,8.545593897953603,488.00247,488.002,0.019706387,2.4830072,2.5830054,nan,2,2,0,0
1777318650087000,1777318650087000,47.397741901389665,8.545593897980481,488.00247,488.002,0.019706387,2.482897,2.582911,nan,2,2,0,0
1777318650095000,1777318650095000,47.397741901609265,8.545593898023103,488.00244,488.00198,0.019706387,2.4829166,2.5829284,nan,2,2,0,0
1777318650103000,1777318650103000,47.397741901836625,8.54559389808892,488.00244,488.00198,0.019706387,2.4829364,2.5829463,nan,2,2,0,0
1777318650111000,1777318650111000,47.39774190205241,8.545593898155582,488.00244,488.00198,0.019706387,2.4829564,2.582964,nan,2,2,0,0
1777318650119000,1777318650119000,47.3977419022284,8.545593898224558,488.0024,488.00195,0.019706387,2.4829767,2.582982,nan,2,2,0,0
1777318650127000,1777318650127000,47.39774190237227,8.545593898326645,488.0024,488.00195,0.019706387,2.4829972,2.5829964,nan,2,2,0,0
1777318650135000,1777318650135000,47.397741902505615,8.54559389845596,488.0024,488.00195,0.019706387,2.483018,2.5830147,nan,2,2,0,0
1777318650143000,1777318650143000,47.397741902645784,8.545593898543348,488.0024,488.002,0.019706387,2.4829066,2.5829194,nan,2,2,0,0
1777318650151000,1777318650151000,47.39774190276155,8.545593898680337,488.0024,488.002,0.019706387,2.4829264,2.582937,nan,2,2,0,0
1777318650159000,1777318650159000,47.39774190285625,8.545593898850429,488.0024,488.002,0.019706387,2.4829464,2.582955,nan,2,2,0,0
1777318650167000,1777318650167000,47.39774190294761,8.545593899039584,488.0024,488.002,0.019706387,2.4829664,2.5829728,nan,2,2,0,0
1777318650175000,1777318650175000,47.397741903025114,8.545593899249836,488.0024,488.002,0.019706387,2.482987,2.5829906,nan,2,2,0,0
1777318650183000,1777318650183000,47.39774190309943,8.545593899479266,488.0024,488.002,0.019706387,2.4830074,2.5830052,nan,2,2,0,0
1777318650191000,1777318650191000,47.397741903081204,8.545593899665917,488.0024,488.002,0.019706387,2.482897,2.5829108,nan,2,2,0,0
1777318650199000,1777318650199000,47.39774190307497,8.545593899871946,488.00238,488.00198,0.019706387,2.4829168,2.5829282,nan,2,2,0,0
1777318650207000,1777318650207000,47.39774190307421,8.545593900093428,488.00238,488.00198,0.019706387,2.4829366,2.582946,nan,2,2,0,0
1777318650215000,1777318650215000,47.397741903068784,8.545593900328644,488.00238,488.00198,0.019706387,2.4829566,2.5829637,nan,2,2,0,0
1777318650223000,1777318650223000,47.397741903053635,8.545593900602515,488.00238,488.00198,0.019706387,2.482977,2.5829816,nan,2,2,0,0
1777318650231000,1777318650231000,47.397741903039126,8.545593900870402,488.00238,488.00198,0.019706387,2.4829974,2.5829961,nan,2,2,0,0
1777318650239000,1777318650239000,47.39774190300999,8.54559390112025,488.00238,488.00198,0.019706387,2.483018,2.5830142,nan,2,2,0,0
1777318650247000,1777318650247000,47.39774190290003,8.545593901282173,488.00235,488.00186,0.019706387,2.4829068,2.5829191,nan,2,2,0,0
1777318650255000,1777318650255000,47.397741902789626,8.545593901476524,488.00235,488.00186,0.019706387,2.4829266,2.5829368,nan,2,2,0,0
1777318650263000,1777318650263000,47.397741902673836,8.545593901690086,488.00232,488.00183,0.019706387,2.4829464,2.5829546,nan,2,2,0,0
1777318650271000,1777318650271000,47.39774190255274,8.545593901904263,488.00232,488.00183,0.019706387,2.4829667,2.5829725,nan,2,2,0,0
1777318650279000,1777318650279000,47.397741902424976,8.545593902119853,488.0023,488.0018,0.019706387,2.482987,2.5829868,nan,2,2,0,0
1777318650287000,1777318650287000,47.39774190227896,8.545593902337554,488.0023,488.0018,0.019706387,2.4830077,2.583005,nan,2,2,0,0
1777318650295000,1777318650295000,47.397741902145526,8.545593902458146,488.0023,488.00174,0.019706387,2.4828973,2.5829105,nan,2,2,0,0
1777318650303000,1777318650303000,47.39774190198267,8.545593902604033,488.00226,488.0017,0.019706387,2.4829168,2.5829282,nan,2,2,0,0
1777318650311000,1777318650311000,47.39774190177355,8.545593902763919,488.00226,488.0017,0.019706387,2.4829369,2.5829456,nan,2,2,0,0
1777318650319000,1777318650319000,47.39774190153044,8.545593902935083,488.00223,488.00168,0.019706387,2.482957,2.5829635,nan,2,2,0,0
1777318650327000,1777318650327000,47.39774190129222,8.5455939030922,488.00223,488.00168,0.019706387,2.4829772,2.5829778,nan,2,2,0,0
1777318650335000,1777318650335000,47.39774190106517,8.54559390325101,488.0022,488.00165,0.019706387,2.4829977,2.582996,nan,2,2,0,0
1777318650343000,1777318650343000,47.39774190087229,8.545593903426637,488.0022,488.00165,0.019706387,2.4830182,2.583014,nan,2,2,0,0
1777318650351000,1777318650351000,47.397741900911605,8.545593903598501,488.00217,488.0015,0.019706387,2.482907,2.5829191,nan,2,2,0,0
1777318650359000,1777318650359000,47.39774190093639,8.545593903763393,488.0021,488.00143,0.019706387,2.4829266,2.5829368,nan,2,2,0,0
1777318650367000,1777318650367000,47.3977419009712,8.545593903938377,488.00208,488.0014,0.019706387,2.4829466,2.5829544,nan,2,2,0,0
1777318650375000,1777318650375000,47.39774190100583,8.545593904127276,488.00204,488.00137,0.019706387,2.482967,2.5829723,nan,2,2,0,0
1777318650383000,1777318650383000,47.39774190102042,8.54559390432806,488.002,488.00134,0.019706387,2.4829872,2.5829866,nan,2,2,0,0
1777318650391000,1777318650391000,47.397741901022364,8.54559390454473,488.00198,488.0013,0.019706387,2.4830077,2.5830047,nan,2,2,0,0
1777318650399000,1777318650399000,47.3977419010234,8.545593904787738,488.00195,488.00128,0.019706387,2.4830287,2.583023,nan,2,2,0,0
1777318650407000,1777318650407000,47.397741901149416,8.545593904829047,488.00192,488.0012,0.019706387,2.4829164,2.5829272,nan,2,2,0,0
1777318650415000,1777318650415000,47.39774190127242,8.545593904839237,488.0019,488.00116,0.019706387,2.4829361,2.5829449,nan,2,2,0,0
1777318650423000,1777318650423000,47.39774190141319,8.54559390482224,488.00186,488.00113,0.019706387,2.4829564,2.5829628,nan,2,2,0,0
1777318650431000,1777318650431000,47.39774190154784,8.545593904815359,488.00183,488.0011,0.019706387,2.4829767,2.582977,nan,2,2,0,0
1777318650439000,1777318650439000,47.39774190165043,8.545593904828735,488.0018,488.00107,0.019706387,2.482997,2.5829952,nan,2,2,0,0
1777318650447000,1777318650447000,47.39774190173323,8.545593904855002,488.00177,488.00104,0.019706387,2.4830177,2.5830133,nan,2,2,0,0
1777318650455000,1777318650455000,47.39774190184775,8.545593904810152,488.00174,488.00104,0.019706387,2.4829063,2.5829182,nan,2,2,0,0
1777318650463000,1777318650463000,47.39774190199025,8.54559390478602,488.0017,488.001,0.019706387,2.4829261,2.5829358,nan,2,2,0,0
1777318650471000,1777318650471000,47.39774190213137,8.545593904783242,488.0017,488.001,0.019706387,2.4829462,2.5829537,nan,2,2,0,0
1777318650479000,1777318650479000,47.397741902248136,8.54559390479508,488.00168,488.00098,0.019706387,2.4829662,2.5829678,nan,2,2,0,0
1777318650487000,1777318650487000,47.39774190235662,8.545593904804043,488.00168,488.00098,0.019706387,2.4829867,2.5829859,nan,2,2,0,0
1777318650495000,1777318650495000,47.39774190245023,8.545593904850326,488.00168,488.00098,0.019706387,2.4830072,2.583004,nan,2,2,0,0
1777318650503000,1777318650503000,47.39774190252635,8.545593904930936,488.00168,488.00098,0.019706387,2.483028,2.5830224,nan,2,2,0,0
1777318650511000,1777318650511000,47.39774190271711,8.54559390524178,488.00168,488.00107,0.019706387,2.4829159,2.5829265,nan,2,2,0,0
1777318650519000,1777318650519000,47.397741902911044,8.54559390554618,488.00168,488.00107,0.019706387,2.4829357,2.5829444,nan,2,2,0,0
1777318650527000,1777318650527000,47.39774190308301,8.545593905819981,488.0017,488.0011,0.019706387,2.4829557,2.5829585,nan,2,2,0,0
1777318650535000,1777318650535000,47.397741903226716,8.545593906075956,488.0017,488.0011,0.019706387,2.482976,2.5829763,nan,2,2,0,0
1777318650543000,1777318650543000,47.39774190336868,8.545593906372632,488.00174,488.00113,0.019706387,2.4829965,2.5829945,nan,2,2,0,0
1777318650551000,1777318650551000,47.39774190351398,8.545593906717286,488.00174,488.00113,0.019706387,2.483017,2.5830128,nan,2,2,0,0
1777318650559000,1777318650559000,47.397741903753605,8.54559390726962,488.00177,488.00122,0.019706387,2.4829059,2.5829177,nan,2,2,0,0
1777318650567000,1777318650567000,47.39774190399827,8.54559390780627,488.0018,488.00125,0.019706387,2.4829257,2.5829353,nan,2,2,0,0
1777318650575000,1777318650575000,47.39774190422047,8.54559390834043,488.00183,488.00128,0.019706387,2.4829457,2.582953,nan,2,2,0,0
1777318650583000,1777318650583000,47.39774190443671,8.545593908881923,488.00186,488.0013,0.019706387,2.4829657,2.5829673,nan,2,2,0,0
1777318650591000,1777318650591000,47.3977419046487,8.545593909435597,488.0019,488.00134,0.019706387,2.482986,2.5829852,nan,2,2,0,0
1777318650599000,1777318650599000,47.397741904856375,8.54559391001873,488.00192,488.00137,0.019706387,2.4830067,2.5830033,nan,2,2,0,0
1777318650607000,1777318650607000,47.39774190515937,8.545593910903834,488.00195,488.00143,0.019706387,2.4828966,2.582909,nan,2,2,0,0
1777318650615000,1777318650615000,47.3977419054471,8.54559391179698,488.00198,488.00146,0.019706387,2.482916,2.5829265,nan,2,2,0,0
1777318650623000,1777318650623000,47.397741905739245,8.54559391269405,488.002,488.0015,0.019706387,2.482936,2.5829442,nan,2,2,0,0
1777318650631000,1777318650631000,47.397741906043244,8.545593913586782,488.00204,488.00153,0.019706387,2.482956,2.5829582,nan,2,2,0,0
1777318650639000,1777318650639000,47.39774190635355,8.545593914463131,488.00208,488.00156,0.019706387,2.4829762,2.5829763,nan,2,2,0,0
1777318650647000,1777318650647000,47.39774190667071,8.545593915350713,488.0021,488.0016,0.019706387,2.4829967,2.5829945,nan,2,2,0,0
1777318650655000,1777318650655000,47.39774190698781,8.545593916252425,488.00217,488.00165,0.019706387,2.4830174,2.5830126,nan,2,2,0,0
1777318650663000,1777318650663000,47.39774190729489,8.54559391723734,488.0022,488.0017,0.019706387,2.482906,2.5829177,nan,2,2,0,0
1777318650671000,1777318650671000,47.39774190760351,8.545593918243707,488.00223,488.00174,0.019706387,2.482926,2.582935,nan,2,2,0,0
1777318650679000,1777318650679000,47.397741907900006,8.545593919225865,488.00226,488.00177,0.019706387,2.482946,2.5829494,nan,2,2,0,0
1777318650687000,1777318650687000,47.39774190818781,8.545593920182215,488.0023,488.0018,0.019706387,2.482966,2.5829673,nan,2,2,0,0
1777318650695000,1777318650695000,47.39774190845043,8.545593921143901,488.00232,488.00183,0.019706387,2.4829865,2.5829852,nan,2,2,0,0
1777318650703000,1777318650703000,47.3977419086813,8.54559392206703,488.00238,488.0019,0.019706387,2.483007,2.5830033,nan,2,2,0,0
1777318650711000,1777318650711000,47.39774190891392,8.545593922951376,488.0024,488.00192,0.019706387,2.4830277,2.5830216,nan,2,2,0,0
1777318650719000,1777318650719000,47.39774190915237,8.545593923669271,488.0024,488.00192,0.019706387,2.4829156,2.582926,nan,2,2,0,0
1777318650727000,1777318650727000,47.39774190937781,8.545593924402716,488.00244,488.00195,0.019706387,2.4829354,2.5829399,nan,2,2,0,0
1777318650735000,1777318650735000,47.397741909589264,8.54559392513813,488.00244,488.00195,0.019706387,2.4829555,2.5829577,nan,2,2,0,0
1777318650743000,1777318650743000,47.397741909794,8.54559392584318,488.00247,488.00198,0.019706387,2.4829757,2.5829756,nan,2,2,0,0
1777318650751000,1777318650751000,47.39774190999358,8.545593926559025,488.00247,488.00198,0.019706387,2.4829962,2.5829937,nan,2,2,0,0
1777318650759000,1777318650759000,47.39774191018144,8.545593927277347,488.0025,488.002,0.019706387,2.4830167,2.583012,nan,2,2,0,0
1777318650767000,1777318650767000,47.397741910343335,8.54559392804057,488.00247,488.00192,0.019706387,2.4829056,2.582917,nan,2,2,0,0
1777318650775000,1777318650775000,47.397741910509346,8.545593928818027,488.00247,488.00192,0.019706387,2.4829254,2.5829346,nan,2,2,0,0
1777318650783000,1777318650783000,47.397741910675194,8.545593929594933,488.00247,488.00192,0.019706387,2.4829454,2.5829525,nan,2,2,0,0
1777318650791000,1777318650791000,47.39774191083531,8.5455939303321,488.0025,488.00195,0.019706387,2.4829655,2.5829701,nan,2,2,0,0
1777318650799000,1777318650799000,47.397741910980464,8.545593931057438,488.0025,488.00195,0.019706387,2.4829857,2.5829883,nan,2,2,0,0
1777318650807000,1777318650807000,47.39774191109898,8.545593931792062,488.0025,488.00195,0.019706387,2.4830062,2.5830064,nan,2,2,0,0
1777318650815000,1777318650815000,47.397741911222134,8.545593932523776,488.0025,488.00186,0.019706387,2.482896,2.582912,nan,2,2,0,0
1777318650823000,1777318650823000,47.39774191135377,8.545593933278957,488.0025,488.00186,0.019706387,2.4829159,2.5829294,nan,2,2,0,0
1777318650831000,1777318650831000,47.397741911477674,8.54559393400875,488.00247,488.00183,0.019706387,2.4829357,2.5829437,nan,2,2,0,0
1777318650839000,1777318650839000,47.39774191159747,8.545593934732873,488.00247,488.00183,0.019706387,2.4829557,2.5829613,nan,2,2,0,0
1777318650847000,1777318650847000,47.397741911711236,8.545593935463463,488.00247,488.00183,0.019706387,2.482976,2.5829792,nan,2,2,0,0
1777318650855000,1777318650855000,47.39774191180464,8.545593936199074,488.00247,488.00183,0.019706387,2.4829962,2.5829973,nan,2,2,0,0
1777318650863000,1777318650863000,47.397741911899224,8.545593936941046,488.00247,488.00183,0.019706387,2.483017,2.5830157,nan,2,2,0,0
1777318650871000,1777318650871000,47.397741911886364,8.545593937798744,488.00244,488.00174,0.019706387,2.4829059,2.5829203,nan,2,2,0,0
1777318650879000,1777318650879000,47.39774191185518,8.545593938628187,488.0024,488.0017,0.019706387,2.4829257,2.5829344,nan,2,2,0,0
1777318650887000,1777318650887000,47.39774191183267,8.545593939436007,488.0024,488.0017,0.019706387,2.4829454,2.5829523,nan,2,2,0,0
1777318650895000,1777318650895000,47.39774191180579,8.545593940233298,488.00238,488.00168,0.019706387,2.4829657,2.5829701,nan,2,2,0,0
1777318650903000,1777318650903000,47.39774191177036,8.54559394103738,488.00235,488.00165,0.019706387,2.482986,2.582988,nan,2,2,0,0
1777318650911000,1777318650911000,47.39774191174382,8.54559394183096,488.00235,488.00165,0.019706387,2.4830065,2.5830061,nan,2,2,0,0
1777318650919000,1777318650919000,47.3977419116436,8.54559394274378,488.00232,488.0016,0.019706387,2.4828963,2.5829117,nan,2,2,0,0
1777318650927000,1777318650927000,47.39774191153357,8.545593943668615,488.0023,488.00156,0.019706387,2.482916,2.5829256,nan,2,2,0,0
1777318650935000,1777318650935000,47.39774191139198,8.545593944600402,488.00226,488.00153,0.019706387,2.482936,2.5829434,nan,2,2,0,0
1777318650943000,1777318650943000,47.397741911224024,8.545593945533643,488.00226,488.00153,0.019706387,2.482956,2.582961,nan,2,2,0,0
1777318650951000,1777318650951000,47.39774191104352,8.545593946464015,488.00223,488.0015,0.019706387,2.482976,2.5829792,nan,2,2,0,0
1777318650959000,1777318650959000,47.397741910875006,8.545593947373392,488.00223,488.0015,0.019706387,2.4829965,2.582997,nan,2,2,0,0
1777318650967000,1777318650967000,47.39774191070221,8.545593948257258,488.00223,488.0015,0.019706387,2.4830172,2.5830154,nan,2,2,0,0
1777318650975000,1777318650975000,47.39774191053374,8.545593949250254,488.0022,488.00143,0.019706387,2.482906,2.5829203,nan,2,2,0,0
1777318650983000,1777318650983000,47.39774191035814,8.545593950236738,488.00217,488.0014,0.019706387,2.482926,2.5829341,nan,2,2,0,0
1777318650991000,1777318650991000,47.39774191019774,8.545593951238924,488.00217,488.0014,0.019706387,2.4829457,2.582952,nan,2,2,0,0
1777318650999000,1777318650999000,47.39774191004787,8.545593952220623,488.00217,488.0014,0.019706387,2.482966,2.58297,nan,2,2,0,0
1777318651007000,1777318651007000,47.397741909874426,8.545593953149384,488.00217,488.0014,0.019706387,2.4829862,2.5829878,nan,2,2,0,0
1777318651015000,1777318651015000,47.39774190967739,8.545593954024428,488.00217,488.0014,0.019706387,2.4830067,2.5830061,nan,2,2,0,0
1777318651023000,1777318651023000,47.39774190946917,8.545593954880182,488.00217,488.0014,0.019706387,2.4830275,2.5830245,nan,2,2,0,0
1777318651031000,1777318651031000,47.397741909373345,8.54559395583202,488.00214,488.0013,0.019706387,2.4829154,2.5829248,nan,2,2,0,0
1777318651039000,1777318651039000,47.39774190928486,8.545593956751244,488.00214,488.0013,0.019706387,2.4829354,2.5829427,nan,2,2,0,0
1777318651047000,1777318651047000,47.397741909196604,8.545593957642625,488.00214,488.0013,0.019706387,2.4829552,2.5829604,nan,2,2,0,0
1777318651055000,1777318651055000,47.397741909108305,8.545593958499747,488.00214,488.0013,0.019706387,2.4829755,2.5829782,nan,2,2,0,0
1777318651063000,1777318651063000,47.3977419090096,8.545593959333333,488.0021,488.00128,0.019706387,2.482996,2.5829964,nan,2,2,0,0
1777318651071000,1777318651071000,47.39774190890353,8.545593960174957,488.0021,488.00128,0.019706387,2.4830165,2.5830147,nan,2,2,0,0
1777318651079000,1777318651079000,47.3977419087185,8.545593961213507,488.00208,488.00116,0.019706387,2.4829056,2.582916,nan,2,2,0,0
1777318651087000,1777318651087000,47.39774190852867,8.545593962231377,488.00204,488.00113,0.019706387,2.4829252,2.5829337,nan,2,2,0,0
1777318651095000,1777318651095000,47.397741908329664,8.545593963247898,488.00204,488.00113,0.019706387,2.4829452,2.5829513,nan,2,2,0,0
1777318651103000,1777318651103000,47.39774190813125,8.54559396427457,488.002,488.0011,0.019706387,2.4829652,2.5829692,nan,2,2,0,0
1777318651111000,1777318651111000,47.39774190792807,8.545593965305365,488.00198,488.00107,0.019706387,2.4829857,2.5829873,nan,2,2,0,0
1777318651119000,1777318651119000,47.397741907727784,8.545593966352929,488.00198,488.00107,0.019706387,2.4830062,2.5830054,nan,2,2,0,0
1777318651127000,1777318651127000,47.397741907532435,8.545593967421462,488.00198,488.00107,0.019706387,2.483027,2.58302,nan,2,2,0,0
1777318651135000,1777318651135000,47.39774190725438,8.54559396861698,488.00195,488.00107,0.019706387,2.482915,2.5829244,nan,2,2,0,0
1777318651143000,1777318651143000,47.39774190697898,8.545593969788522,488.00192,488.00104,0.019706387,2.4829347,2.582942,nan,2,2,0,0
1777318651151000,1777318651151000,47.39774190669946,8.545593970951511,488.00192,488.00104,0.019706387,2.4829547,2.58296,nan,2,2,0,0
1777318651159000,1777318651159000,47.397741906399716,8.545593972109378,488.0019,488.001,0.019706387,2.482975,2.5829778,nan,2,2,0,0
1777318651167000,1777318651167000,47.39774190610033,8.54559397327819,488.0019,488.001,0.019706387,2.4829955,2.582996,nan,2,2,0,0
1777318651175000,1777318651175000,47.39774190581603,8.545593974430398,488.00186,488.00098,0.019706387,2.483016,2.583014,nan,2,2,0,0
1777318651183000,1777318651183000,47.39774190556497,8.545593975596233,488.00183,488.00095,0.019706387,2.4829051,2.5829153,nan,2,2,0,0
1777318651191000,1777318651191000,47.39774190530442,8.545593976770853,488.00183,488.00095,0.019706387,2.4829247,2.582933,nan,2,2,0,0
1777318651199000,1777318651199000,47.39774190504353,8.545593977941119,488.0018,488.00092,0.019706387,2.4829447,2.5829506,nan,2,2,0,0
1777318651207000,1777318651207000,47.39774190478156,8.54559397909739,488.00177,488.0009,0.019706387,2.4829648,2.5829685,nan,2,2,0,0
1777318651215000,1777318651215000,47.39774190450319,8.545593980256836,488.00177,488.0009,0.019706387,2.4829853,2.5829866,nan,2,2,0,0
1777318651223000,1777318651223000,47.39774190421053,8.545593981420668,488.00174,488.00085,0.019706387,2.4830058,2.5830047,nan,2,2,0,0
1777318651231000,1777318651231000,47.397741903907985,8.54559398259188,488.00174,488.00085,0.019706387,2.4830265,2.5830193,nan,2,2,0,0
1777318651239000,1777318651239000,47.3977419037266,8.545593983742622,488.0017,488.00073,0.019706387,2.4829144,2.5829237,nan,2,2,0,0
1777318651247000,1777318651247000,47.39774190355185,8.545593984893008,488.00168,488.0007,0.019706387,2.4829342,2.5829413,nan,2,2,0,0
1777318651255000,1777318651255000,47.39774190337056,8.545593986068106,488.00165,488.00067,0.019706387,2.4829543,2.5829592,nan,2,2,0,0
1777318651263000,1777318651263000,47.39774190317515,8.545593987270708,488.00162,488.00064,0.019706387,2.4829745,2.582977,nan,2,2,0,0
1777318651271000,1777318651271000,47.39774190296815,8.545593988465406,488.00162,488.00064,0.019706387,2.482995,2.5829952,nan,2,2,0,0
1777318651279000,1777318651279000,47.39774190273019,8.54559398963217,488.0016,488.0006,0.019706387,2.4830155,2.5830097,nan,2,2,0,0
1777318651287000,1777318651287000,47.39774190258057,8.545593990598281,488.00156,488.00058,0.019706387,2.4829047,2.5829148,nan,2,2,0,0
1777318651295000,1777318651295000,47.397741902414076,8.545593991570989,488.00153,488.00055,0.019706387,2.4829242,2.5829325,nan,2,2,0,0
1777318651303000,1777318651303000,47.39774190225929,8.545593992531321,488.0015,488.00052,0.019706387,2.4829443,2.58295,nan,2,2,0,0
1777318651311000,1777318651311000,47.39774190209936,8.545593993490472,488.00146,488.0005,0.019706387,2.4829643,2.582968,nan,2,2,0,0
1777318651319000,1777318651319000,47.397741901939355,8.545593994442628,488.00143,488.00046,0.019706387,2.4829845,2.582986,nan,2,2,0,0
1777318651327000,1777318651327000,47.39774190179944,8.545593995367435,488.0014,488.00043,0.019706387,2.4830053,2.5830004,nan,2,2,0,0
1777318651335000,1777318651335000,47.397741901679126,8.545593996266057,488.00137,488.0004,0.019706387,2.483026,2.5830188,nan,2,2,0,0
1777318651343000,1777318651343000,47.397741901691155,8.54559399703925,488.00134,488.00034,0.019706387,2.482914,2.5829232,nan,2,2,0,0
1777318651351000,1777318651351000,47.39774190171879,8.545593997828892,488.0013,488.0003,0.019706387,2.4829338,2.5829408,nan,2,2,0,0
1777318651359000,1777318651359000,47.397741901764526,8.545593998656885,488.00128,488.00027,0.019706387,2.4829538,2.5829587,nan,2,2,0,0
1777318651367000,1777318651367000,47.39774190181481,8.545593999543078,488.00125,488.00024,0.019706387,2.482974,2.5829766,nan,2,2,0,0
1777318651375000,1777318651375000,47.3977419018898,8.54559400043944,488.00122,488.0002,0.019706387,2.4829943,2.5829947,nan,2,2,0,0
1777318651383000,1777318651383000,47.397741901982435,8.545594001314708,488.0012,488.00018,0.019706387,2.483015,2.5830128,nan,2,2,0,0
1777318651391000,1777318651391000,47.397741902208985,8.545594001866608,488.00116,488.00018,0.019706387,2.4829042,2.582918,nan,2,2,0,0
1777318651399000,1777318651399000,47.39774190242114,8.545594002383568,488.00113,488.00015,0.019706387,2.482924,2.5829353,nan,2,2,0,0
1777318651407000,1777318651407000,47.39774190262635,8.545594002870644,488.0011,488.00012,0.019706387,2.4829438,2.5829532,nan,2,2,0,0
1777318651415000,1777318651415000,47.39774190282953,8.545594003356793,488.00107,488.0001,0.019706387,2.4829638,2.582971,nan,2,2,0,0
1777318651423000,1777318651423000,47.39774190302228,8.545594003817428,488.001,488.00003,0.019706387,2.482984,2.582989,nan,2,2,0,0
1777318651431000,1777318651431000,47.39774190322227,8.545594004252921,488.00098,488.0,0.019706387,2.4830048,2.5830035,nan,2,2,0,0
1777318651439000,1777318651439000,47.39774190344093,8.545594004339163,488.00095,487.99994,0.019706387,2.4828947,2.582909,nan,2,2,0,0
1777318651447000,1777318651447000,47.39774190366269,8.545594004454841,488.0009,487.99988,0.019706387,2.4829144,2.5829268,nan,2,2,0,0
1777318651455000,1777318651455000,47.39774190389125,8.545594004580531,488.00085,487.99985,0.019706387,2.482934,2.5829444,nan,2,2,0,0
1777318651463000,1777318651463000,47.397741904109225,8.545594004701838,488.0008,487.9998,0.019706387,2.482954,2.582962,nan,2,2,0,0
1777318651471000,1777318651471000,47.39774190433576,8.54559400481993,488.00076,487.99976,0.019706387,2.4829743,2.5829802,nan,2,2,0,0
1777318651479000,1777318651479000,47.397741904585914,8.545594004947203,488.0007,487.9997,0.019706387,2.4829948,2.5829945,nan,2,2,0,0
1777318651487000,1777318651487000,47.39774190485834,8.545594005086269,488.00064,487.99963,0.019706387,2.4830153,2.5830128,nan,2,2,0,0
1777318651495000,1777318651495000,47.39774190505147,8.545594005029535,488.00058,487.9995,0.019706387,2.4829044,2.5829177,nan,2,2,0,0
1777318651503000,1777318651503000,47.39774190524071,8.545594004947771,488.00052,487.99945,0.019706387,2.4829242,2.5829353,nan,2,2,0,0
1777318651511000,1777318651511000,47.39774190544007,8.545594004868187,488.00046,487.9994,0.019706387,2.482944,2.582953,nan,2,2,0,0
1777318651519000,1777318651519000,47.39774190564041,8.545594004844602,488.00043,487.99936,0.019706387,2.4829643,2.5829709,nan,2,2,0,0
1777318651527000,1777318651527000,47.39774190582645,8.545594004868843,488.00037,487.9993,0.019706387,2.4829845,2.5829852,nan,2,2,0,0
1777318651535000,1777318651535000,47.3977419060037,8.545594004891015,488.0003,487.99924,0.019706387,2.483005,2.5830033,nan,2,2,0,0
1777318651543000,1777318651543000,47.397741906179014,8.545594004962336,488.00024,487.99918,0.019706387,2.4830258,2.5830216,nan,2,2,0,0
1777318651551000,1777318651551000,47.397741906361034,8.545594004986103,488.00015,487.99902,0.019706387,2.482914,2.582926,nan,2,2,0,0
1777318651559000,1777318651559000,47.39774190653895,8.545594005019984,488.0001,487.99896,0.019706387,2.4829335,2.5829437,nan,2,2,0,0
1777318651567000,1777318651567000,47.39774190669079,8.545594005058316,488.00003,487.9989,0.019706387,2.4829538,2.5829616,nan,2,2,0,0
1777318651575000,1777318651575000,47.39774190682695,8.545594005103911,487.99994,487.9988,0.019706387,2.4829738,2.5829794,nan,2,2,0,0
1777318651583000,1777318651583000,47.39774190694869,8.545594005178287,487.99988,487.99875,0.019706387,2.4829943,2.5829937,nan,2,2,0,0
1777318651591000,1777318651591000,47.39774190706124,8.54559400527678,487.99982,487.9987,0.019706387,2.4830148,2.5830119,nan,2,2,0,0
1777318651599000,1777318651599000,47.39774190715609,8.545594005414408,487.99973,487.99854,0.019706387,2.482904,2.582917,nan,2,2,0,0
1777318651607000,1777318651607000,47.39774190725158,8.545594005562865,487.99966,487.99847,0.019706387,2.4829237,2.5829346,nan,2,2,0,0
1777318651615000,1777318651615000,47.3977419073455,8.545594005725116,487.99957,487.99838,0.019706387,2.4829435,2.5829523,nan,2,2,0,0
1777318651623000,1777318651623000,47.397741907426905,8.545594005889162,487.99948,487.9983,0.019706387,2.4829638,2.5829701,nan,2,2,0,0
1777318651631000,1777318651631000,47.397741907491614,8.545594006077112,487.99942,487.99823,0.019706387,2.482984,2.5829844,nan,2,2,0,0
1777318651639000,1777318651639000,47.397741907540066,8.545594006269505,487.99933,487.99814,0.019706387,2.4830046,2.5830026,nan,2,2,0,0
1777318651647000,1777318651647000,47.39774190759329,8.545594006448201,487.99927,487.99808,0.019706387,2.483025,2.583021,nan,2,2,0,0
1777318651655000,1777318651655000,47.39774190776533,8.545594006458732,487.9992,487.99802,0.019706387,2.4829135,2.5829253,nan,2,2,0,0
1777318651663000,1777318651663000,47.397741907948266,8.545594006489875,487.9991,487.99792,0.019706387,2.4829333,2.582943,nan,2,2,0,0
1777318651671000,1777318651671000,47.39774190812573,8.545594006526624,487.99905,487.99786,0.019706387,2.4829533,2.5829608,nan,2,2,0,0
1777318651679000,1777318651679000,47.397741908292865,8.545594006573705,487.999,487.9978,0.019706387,2.4829733,2.5829751,nan,2,2,0,0
1777318651687000,1777318651687000,47.397741908451586,8.545594006641213,487.9989,487.9977,0.019706387,2.4829938,2.582993,nan,2,2,0,0
1777318651695000,1777318651695000,47.3977419086079,8.545594006695385,487.99884,487.99765,0.019706387,2.4830143,2.5830114,nan,2,2,0,0
1777318651703000,1777318651703000,47.39774190884204,8.545594006577158,487.99878,487.9976,0.019706387,2.4829035,2.5829165,nan,2,2,0,0
1777318651711000,1777318651711000,47.397741909063434,8.545594006483826,487.99872,487.99753,0.019706387,2.4829233,2.582934,nan,2,2,0,0
1777318651719000,1777318651719000,47.397741909282836,8.545594006427661,487.99866,487.99747,0.019706387,2.482943,2.5829518,nan,2,2,0,0
1777318651727000,1777318651727000,47.39774190950902,8.545594006427589,487.9986,487.9974,0.019706387,2.4829633,2.5829659,nan,2,2,0,0
1777318651735000,1777318651735000,47.39774190973548,8.545594006460314,487.99857,487.99738,0.019706387,2.4829834,2.582984,nan,2,2,0,0
1777318651743000,1777318651743000,47.397741909963734,8.545594006513348,487.9985,487.9973,0.019706387,2.483004,2.583002,nan,2,2,0,0
1777318651751000,1777318651751000,47.39774191018676,8.545594006590076,487.99844,487.99725,0.019706387,2.4830246,2.5830204,nan,2,2,0,0
1777318651759000,1777318651759000,47.39774191046088,8.545594006535582,487.9984,487.99725,0.019706387,2.482913,2.5829248,nan,2,2,0,0
1777318651767000,1777318651767000,47.3977419107056,8.545594006483418,487.99838,487.99722,0.019706387,2.4829328,2.5829425,nan,2,2,0,0
1777318651775000,1777318651775000,47.39774191095563,8.545594006445146,487.99835,487.9972,0.019706387,2.4829528,2.5829601,nan,2,2,0,0
1777318651783000,1777318651783000,47.3977419112273,8.545594006436904,487.99832,487.99716,0.019706387,2.4829729,2.5829744,nan,2,2,0,0
1777318651791000,1777318651791000,47.3977419114943,8.545594006434925,487.9983,487.99713,0.019706387,2.4829934,2.5829926,nan,2,2,0,0
1777318651799000,1777318651799000,47.3977419117541,8.545594006451767,487.99823,487.99707,0.019706387,2.4830139,2.5830107,nan,2,2,0,0
1777318651807000,1777318651807000,47.397741912089465,8.545594006314804,487.99823,487.99716,0.019706387,2.4829032,2.5829158,nan,2,2,0,0
1777318651815000,1777318651815000,47.39774191240507,8.545594006161783,487.9982,487.99713,0.019706387,2.4829228,2.5829334,nan,2,2,0,0
1777318651823000,1777318651823000,47.39774191270391,8.545594005988791,487.99817,487.9971,0.019706387,2.4829428,2.582951,nan,2,2,0,0
1777318651831000,1777318651831000,47.39774191300805,8.545594005830004,487.99817,487.9971,0.019706387,2.4829628,2.5829654,nan,2,2,0,0
1777318651839000,1777318651839000,47.397741913322626,8.545594005699824,487.99814,487.99707,0.019706387,2.482983,2.5829833,nan,2,2,0,0
1777318651847000,1777318651847000,47.39774191363496,8.545594005583602,487.99814,487.99707,0.019706387,2.4830036,2.5830014,nan,2,2,0,0
1777318651855000,1777318651855000,47.39774191390353,8.545594005411958,487.99814,487.99713,0.019706387,2.4828937,2.5829072,nan,2,2,0,0
1777318651863000,1777318651863000,47.39774191417254,8.545594005254594,487.99814,487.99713,0.019706387,2.4829133,2.5829248,nan,2,2,0,0
1777318651871000,1777318651871000,47.39774191445259,8.545594005105507,487.99814,487.99713,0.019706387,2.482933,2.5829425,nan,2,2,0,0
1777318651879000,1777318651879000,47.397741914735185,8.545594004987949,487.9981,487.9971,0.019706387,2.482953,2.5829604,nan,2,2,0,0
1777318651887000,1777318651887000,47.397741915004694,8.545594004914909,487.9981,487.9971,0.019706387,2.4829733,2.5829782,nan,2,2,0,0
1777318651895000,1777318651895000,47.39774191527041,8.545594004845135,487.9981,487.9971,0.019706387,2.4829936,2.5829964,nan,2,2,0,0
1777318651903000,1777318651903000,47.39774191555029,8.545594004795593,487.9981,487.9971,0.019706387,2.483014,2.5830145,nan,2,2,0,0
1777318651911000,1777318651911000,47.39774191582963,8.5455940046788,487.99814,487.99716,0.019706387,2.4829035,2.5829194,nan,2,2,0,0
1777318651919000,1777318651919000,47.39774191613176,8.545594004585443,487.99814,487.99716,0.019706387,2.4829233,2.582937,nan,2,2,0,0
1777318651927000,1777318651927000,47.39774191645238,8.54559400451672,487.99814,487.99716,0.019706387,2.482943,2.582951,nan,2,2,0,0
1777318651935000,1777318651935000,47.39774191677578,8.545594004452257,487.99814,487.99716,0.019706387,2.482963,2.582969,nan,2,2,0,0
1777318651943000,1777318651943000,47.39774191708619,8.545594004387434,487.99817,487.9972,0.019706387,2.4829834,2.582987,nan,2,2,0,0
1777318651951000,1777318651951000,47.397741917375356,8.545594004321867,487.99817,487.9972,0.019706387,2.4830039,2.5830052,nan,2,2,0,0
1777318651959000,1777318651959000,47.397741917650535,8.545594004247366,487.99817,487.9972,0.019706387,2.4830246,2.5830233,nan,2,2,0,0
1777318651967000,1777318651967000,47.39774191788961,8.54559400402066,487.9982,487.99725,0.019706387,2.4829128,2.5829277,nan,2,2,0,0
1777318651975000,1777318651975000,47.39774191812617,8.54559400382025,487.9982,487.99725,0.019706387,2.4829326,2.5829453,nan,2,2,0,0
1777318651983000,1777318651983000,47.39774191837562,8.545594003615452,487.99823,487.99728,0.019706387,2.4829526,2.5829594,nan,2,2,0,0
1777318651991000,1777318651991000,47.39774191863758,8.545594003427322,487.99823,487.99728,0.019706387,2.4829729,2.5829775,nan,2,2,0,0
1777318651999000,1777318651999000,47.39774191891526,8.545594003262483,487.99826,487.9973,0.019706387,2.4829931,2.5829957,nan,2,2,0,0
1777318652007000,1777318652007000,47.39774191920449,8.545594003121082,487.99826,487.9973,0.019706387,2.4830139,2.5830138,nan,2,2,0,0
1777318652015000,1777318652015000,47.397741919459826,8.545594002859929,487.99826,487.9973,0.019706387,2.482903,2.5829186,nan,2,2,0,0
1777318652023000,1777318652023000,47.397741919694255,8.545594002593248,487.99826,487.9973,0.019706387,2.4829228,2.5829363,nan,2,2,0,0
1777318652031000,1777318652031000,47.39774191989731,8.54559400229854,487.9983,487.99734,0.019706387,2.4829426,2.5829504,nan,2,2,0,0
1777318652039000,1777318652039000,47.397741920097005,8.54559400205889,487.9983,487.99734,0.019706387,2.4829626,2.5829682,nan,2,2,0,0
1777318652047000,1777318652047000,47.39774192032077,8.545594001905046,487.9983,487.99734,0.019706387,2.4829829,2.582986,nan,2,2,0,0
1777318652055000,1777318652055000,47.39774192055694,8.545594001772386,487.99832,487.99738,0.019706387,2.4830034,2.5830045,nan,2,2,0,0
1777318652063000,1777318652063000,47.39774192080277,8.545594001627123,487.99832,487.99738,0.019706387,2.4830241,2.5830226,nan,2,2,0,0
1777318652071000,1777318652071000,47.39774192110195,8.545594001449707,487.99832,487.99738,0.019706387,2.4829125,2.582927,nan,2,2,0,0
1777318652079000,1777318652079000,47.39774192138676,8.54559400129796,487.99835,487.9974,0.019706387,2.4829323,2.5829446,nan,2,2,0,0
1777318652087000,1777318652087000,47.39774192169257,8.545594001167428,487.99835,487.9974,0.019706387,2.4829524,2.5829625,nan,2,2,0,0
1777318652095000,1777318652095000,47.397741922004165,8.545594001043582,487.99835,487.9974,0.019706387,2.4829724,2.5829804,nan,2,2,0,0
1777318652103000,1777318652103000,47.39774192231214,8.545594000913576,487.99838,487.99744,0.019706387,2.482993,2.5829985,nan,2,2,0,0
1777318652111000,1777318652111000,47.39774192262641,8.54559400079384,487.99838,487.99744,0.019706387,2.4830134,2.5830169,nan,2,2,0,0
1777318652119000,1777318652119000,47.39774192290637,8.545594000717694,487.99838,487.99744,0.019706387,2.4829028,2.5829215,nan,2,2,0,0
1777318652127000,1777318652127000,47.39774192319291,8.545594000637156,487.99838,487.99744,0.019706387,2.4829223,2.5829353,nan,2,2,0,0
1777318652135000,1777318652135000,47.397741923502316,8.545594000553821,487.99838,487.99744,0.019706387,2.482942,2.5829532,nan,2,2,0,0
1777318652143000,1777318652143000,47.397741923824306,8.545594000449785,487.9984,487.99747,0.019706387,2.4829621,2.582971,nan,2,2,0,0
1777318652151000,1777318652151000,47.397741924151795,8.545594000354281,487.9984,487.99747,0.019706387,2.4829824,2.582989,nan,2,2,0,0
1777318652159000,1777318652159000,47.39774192450922,8.545594000307487,487.9984,487.99747,0.019706387,2.4830031,2.5830073,nan,2,2,0,0
1777318652167000,1777318652167000,47.39774192488606,8.545594000316854,487.9984,487.99747,0.019706387,2.4830236,2.5830257,nan,2,2,0,0
1777318652175000,1777318652175000,47.39774192514376,8.545594000381534,487.9984,487.99744,0.019706387,2.482912,2.5829296,nan,2,2,0,0
1777318652183000,1777318652183000,47.3977419254271,8.545594000414992,487.9984,487.99744,0.019706387,2.4829319,2.5829473,nan,2,2,0,0
1777318652191000,1777318652191000,47.39774192574521,8.54559400043052,487.9984,487.99744,0.019706387,2.4829519,2.5829651,nan,2,2,0,0
1777318652199000,1777318652199000,47.397741926083754,8.54559400045622,487.9984,487.99744,0.019706387,2.4829721,2.5829833,nan,2,2,0,0
1777318652207000,1777318652207000,47.39774192641933,8.545594000512853,487.9984,487.99744,0.019706387,2.4829924,2.5830014,nan,2,2,0,0
1777318652215000,1777318652215000,47.39774192676553,8.545594000589958,487.9984,487.99744,0.019706387,2.483013,2.5830195,nan,2,2,0,0
1777318652223000,1777318652223000,47.39774192706426,8.545594000515186,487.9984,487.9974,0.019706387,2.4829023,2.5829241,nan,2,2,0,0
1777318652231000,1777318652231000,47.3977419273682,8.545594000428466,487.9984,487.9974,0.019706387,2.482922,2.582938,nan,2,2,0,0
1777318652239000,1777318652239000,47.39774192767366,8.5455940003628,487.9984,487.9974,0.019706387,2.4829419,2.5829558,nan,2,2,0,0
1777318652247000,1777318652247000,47.3977419279501,8.545594000300204,487.99838,487.99738,0.019706387,2.482962,2.5829737,nan,2,2,0,0
1777318652255000,1777318652255000,47.397741928201576,8.545594000243405,487.99838,487.99738,0.019706387,2.4829822,2.5829918,nan,2,2,0,0
1777318652263000,1777318652263000,47.39774192845537,8.54559400022451,487.99838,487.99738,0.019706387,2.4830027,2.58301,nan,2,2,0,0
1777318652271000,1777318652271000,47.397741928710495,8.545594000224046,487.99838,487.99738,0.019706387,2.4830234,2.5830283,nan,2,2,0,0
1777318652279000,1777318652279000,47.397741928904374,8.545594000260033,487.99835,487.99734,0.019706387,2.4829118,2.5829322,nan,2,2,0,0
1777318652287000,1777318652287000,47.39774192910364,8.545594000291047,487.99835,487.99734,0.019706387,2.4829316,2.5829499,nan,2,2,0,0
1777318652295000,1777318652295000,47.39774192929643,8.545594000348881,487.99835,487.99734,0.019706387,2.4829514,2.5829678,nan,2,2,0,0
1777318652303000,1777318652303000,47.39774192946766,8.54559400038579,487.99832,487.9973,0.019706387,2.4829717,2.5829856,nan,2,2,0,0
1777318652311000,1777318652311000,47.39774192965069,8.545594000399976,487.99832,487.9973,0.019706387,2.482992,2.5830038,nan,2,2,0,0
1777318652319000,1777318652319000,47.39774192984519,8.545594000440673,487.99832,487.9973,0.019706387,2.4830127,2.583022,nan,2,2,0,0
1777318652327000,1777318652327000,47.39774192997449,8.54559400045387,487.99832,487.99734,0.019706387,2.482902,2.582923,nan,2,2,0,0
1777318652335000,1777318652335000,47.39774193007486,8.545594000489979,487.9983,487.9973,0.019706387,2.4829216,2.5829406,nan,2,2,0,0
1777318652343000,1777318652343000,47.3977419301868,8.545594000540909,487.9983,487.9973,0.019706387,2.4829414,2.5829582,nan,2,2,0,0
1777318652351000,1777318652351000,47.3977419303082,8.545594000573804,487.99826,487.99728,0.019706387,2.4829617,2.582976,nan,2,2,0,0
1777318652359000,1777318652359000,47.397741930429945,8.545594000585206,487.99826,487.99728,0.019706387,2.482982,2.5829942,nan,2,2,0,0
1777318652367000,1777318652367000,47.397741930551405,8.545594000586776,487.99826,487.99728,0.019706387,2.4830022,2.5830123,nan,2,2,0,0
1777318652375000,1777318652375000,47.39774193061179,8.5455940005303,487.99826,487.99734,0.019706387,2.4828925,2.5829175,nan,2,2,0,0
1777318652383000,1777318652383000,47.39774193068206,8.545594000495752,487.99823,487.9973,0.019706387,2.482912,2.5829315,nan,2,2,0,0
1777318652391000,1777318652391000,47.397741930768554,8.545594000509512,487.99823,487.9973,0.019706387,2.4829319,2.5829492,nan,2,2,0,0
1777318652399000,1777318652399000,47.39774193086604,8.545594000549341,487.99823,487.9973,0.019706387,2.4829519,2.5829668,nan,2,2,0,0
1777318652407000,1777318652407000,47.3977419309829,8.545594000580937,487.99823,487.9973,0.019706387,2.4829721,2.582985,nan,2,2,0,0
1777318652415000,1777318652415000,47.39774193112,8.54559400061474,487.99823,487.9973,0.019706387,2.4829924,2.583003,nan,2,2,0,0
1777318652423000,1777318652423000,47.397741931284564,8.545594000637799,487.9982,487.99728,0.019706387,2.483013,2.5830214,nan,2,2,0,0
1777318652431000,1777318652431000,47.39774193142405,8.545594000491157,487.99823,487.99738,0.019706387,2.4829023,2.5829222,nan,2,2,0,0
1777318652439000,1777318652439000,47.39774193157908,8.54559400032286,487.99823,487.99738,0.019706387,2.482922,2.5829399,nan,2,2,0,0
1777318652447000,1777318652447000,47.39774193174574,8.545594000167167,487.99823,487.99738,0.019706387,2.4829419,2.5829575,nan,2,2,0,0
1777318652455000,1777318652455000,47.39774193191733,8.545594000046625,487.99823,487.99738,0.019706387,2.482962,2.5829754,nan,2,2,0,0
1777318652463000,1777318652463000,47.397741932094554,8.545593999918752,487.99826,487.9974,0.019706387,2.4829822,2.5829935,nan,2,2,0,0
1777318652471000,1777318652471000,47.397741932284625,8.545593999779106,487.99826,487.9974,0.019706387,2.4830027,2.5830116,nan,2,2,0,0
1777318652479000,1777318652479000,47.39774193242519,8.545593999584726,487.99826,487.99738,0.019706387,2.482893,2.5829134,nan,2,2,0,0
1777318652487000,1777318652487000,47.39774193255268,8.545593999390498,487.99826,487.99738,0.019706387,2.4829125,2.5829308,nan,2,2,0,0
1777318652495000,1777318652495000,47.39774193266917,8.54559399923857,487.99826,487.99738,0.019706387,2.4829323,2.5829484,nan,2,2,0,0
1777318652503000,1777318652503000,47.39774193277266,8.54559399910847,487.9983,487.9974,0.019706387,2.4829524,2.5829663,nan,2,2,0,0
1777318652511000,1777318652511000,47.39774193287989,8.54559399894693,487.9983,487.9974,0.019706387,2.4829724,2.5829842,nan,2,2,0,0
1777318652519000,1777318652519000,47.397741932991615,8.545593998715338,487.9983,487.9974,0.019706387,2.482993,2.5830026,nan,2,2,0,0
1777318652527000,1777318652527000,47.39774193312457,8.54559399845697,487.9983,487.9974,0.019706387,2.4830134,2.5830169,nan,2,2,0,0
1777318652535000,1777318652535000,47.39774193319911,8.545593998173812,487.9983,487.9974,0.019706387,2.4829028,2.5829215,nan,2,2,0,0
1777318652543000,1777318652543000,47.39774193326357,8.545593997900175,487.9983,487.9974,0.019706387,2.4829223,2.5829391,nan,2,2,0,0
1777318652551000,1777318652551000,47.397741933301525,8.545593997656718,487.9983,487.9974,0.019706387,2.482942,2.582957,nan,2,2,0,0
1777318652559000,1777318652559000,47.397741933309696,8.545593997430112,487.9983,487.9974,0.019706387,2.4829621,2.582975,nan,2,2,0,0
1777318652567000,1777318652567000,47.39774193331525,8.545593997207739,487.9983,487.9974,0.019706387,2.4829824,2.5829928,nan,2,2,0,0
1777318652575000,1777318652575000,47.397741933329975,8.545593996978416,487.9983,487.9974,0.019706387,2.483003,2.5830112,nan,2,2,0,0
1777318652583000,1777318652583000,47.39774193337784,8.545593996719814,487.9983,487.9974,0.019706387,2.4828932,2.5829127,nan,2,2,0,0
1777318652591000,1777318652591000,47.397741933427625,8.54559399646215,487.99832,487.99744,0.019706387,2.4829128,2.5829303,nan,2,2,0,0
1777318652599000,1777318652599000,47.39774193348508,8.545593996179791,487.99832,487.99744,0.019706387,2.4829326,2.582948,nan,2,2,0,0
1777318652607000,1777318652607000,47.397741933572945,8.545593995881623,487.99832,487.99744,0.019706387,2.4829526,2.5829656,nan,2,2,0,0
1777318652615000,1777318652615000,47.3977419336819,8.54559399556225,487.99832,487.99744,0.019706387,2.4829726,2.5829837,nan,2,2,0,0
1777318652623000,1777318652623000,47.39774193378475,8.545593995239162,487.99832,487.99744,0.019706387,2.4829931,2.5830019,nan,2,2,0,0
1777318652631000,1777318652631000,47.3977419338865,8.545593994926035,487.99832,487.99744,0.019706387,2.4830136,2.5830164,nan,2,2,0,0
1777318652639000,1777318652639000,47.397741934026996,8.545593994596732,487.99832,487.9975,0.019706387,2.482903,2.582921,nan,2,2,0,0
1777318652647000,1777318652647000,47.39774193415788,8.545593994247598,487.99832,487.9975,0.019706387,2.4829228,2.5829387,nan,2,2,0,0
1777318652655000,1777318652655000,47.39774193427445,8.5455939939117,487.99832,487.9975,0.019706387,2.4829426,2.5829563,nan,2,2,0,0
1777318652663000,1777318652663000,47.397741934371446,8.54559399355388,487.99832,487.9975,0.019706387,2.4829626,2.5829742,nan,2,2,0,0
1777318652671000,1777318652671000,47.397741934451645,8.545593993203157,487.99832,487.9975,0.019706387,2.4829829,2.5829923,nan,2,2,0,0
1777318652679000,1777318652679000,47.397741934520255,8.545593992863594,487.99832,487.9975,0.019706387,2.4830034,2.5830069,nan,2,2,0,0
1777318652687000,1777318652687000,47.397741934598905,8.545593992506506,487.99832,487.99756,0.019706387,2.4828937,2.5829122,nan,2,2,0,0
1777318652695000,1777318652695000,47.39774193467686,8.545593992116226,487.99835,487.9976,0.019706387,2.4829133,2.5829296,nan,2,2,0,0
1777318652703000,1777318652703000,47.39774193475956,8.545593991673812,487.99835,487.9976,0.019706387,2.482933,2.5829475,nan,2,2,0,0
1777318652711000,1777318652711000,47.39774193484868,8.54559399122389,487.99835,487.9976,0.019706387,2.4829528,2.5829654,nan,2,2,0,0
1777318652719000,1777318652719000,47.39774193494309,8.545593990781153,487.99835,487.9976,0.019706387,2.482973,2.5829833,nan,2,2,0,0
1777318652727000,1777318652727000,47.397741935009826,8.545593990332756,487.99835,487.9976,0.019706387,2.4829934,2.5829976,nan,2,2,0,0
1777318652735000,1777318652735000,47.39774193504512,8.545593989869621,487.99835,487.9976,0.019706387,2.483014,2.583016,nan,2,2,0,0
1777318652743000,1777318652743000,47.39774193491393,8.545593989416396,487.99835,487.9976,0.019706387,2.4829032,2.5829206,nan,2,2,0,0
1777318652751000,1777318652751000,47.39774193478167,8.545593988973284,487.99835,487.9976,0.019706387,2.482923,2.5829382,nan,2,2,0,0
1777318652759000,1777318652759000,47.397741934667735,8.545593988530156,487.99835,487.9976,0.019706387,2.4829428,2.5829558,nan,2,2,0,0
1777318652767000,1777318652767000,47.3977419345571,8.545593988077687,487.99832,487.99756,0.019706387,2.4829628,2.582974,nan,2,2,0,0
1777318652775000,1777318652775000,47.39774193443154,8.545593987604876,487.99832,487.99756,0.019706387,2.482983,2.5829918,nan,2,2,0,0
1777318652783000,1777318652783000,47.39774193430567,8.5455939870962,487.99832,487.99756,0.019706387,2.4830036,2.5830064,nan,2,2,0,0
1777318652791000,1777318652791000,47.397741934172,8.545593986582471,487.99832,487.99756,0.019706387,2.4830244,2.5830245,nan,2,2,0,0
1777318652799000,1777318652799000,47.39774193398125,8.54559398626595,487.9983,487.99747,0.019706387,2.4829128,2.582929,nan,2,2,0,0
1777318652807000,1777318652807000,47.39774193379345,8.545593985911088,487.9983,487.99747,0.019706387,2.4829326,2.5829465,nan,2,2,0,0
1777318652815000,1777318652815000,47.397741933610526,8.545593985529296,487.9983,487.99747,0.019706387,2.4829524,2.5829642,nan,2,2,0,0
1777318652823000,1777318652823000,47.39774193343999,8.545593985136108,487.99826,487.99744,0.019706387,2.4829726,2.5829823,nan,2,2,0,0
1777318652831000,1777318652831000,47.397741933284216,8.545593984721823,487.99826,487.99744,0.019706387,2.482993,2.5829966,nan,2,2,0,0
1777318652839000,1777318652839000,47.397741933135414,8.545593984285247,487.99823,487.9974,0.019706387,2.4830136,2.5830147,nan,2,2,0,0
1777318652847000,1777318652847000,47.3977419329519,8.54559398413582,487.99823,487.9973,0.019706387,2.482903,2.5829196,nan,2,2,0,0
1777318652855000,1777318652855000,47.397741932751714,8.545593983961853,487.9982,487.99728,0.019706387,2.4829226,2.5829372,nan,2,2,0,0
1777318652863000,1777318652863000,47.39774193256443,8.545593983792827,487.99817,487.99725,0.019706387,2.4829426,2.5829551,nan,2,2,0,0
1777318652871000,1777318652871000,47.39774193241479,8.545593983659007,487.99817,487.99725,0.019706387,2.4829626,2.582973,nan,2,2,0,0
1777318652879000,1777318652879000,47.39774193227324,8.545593983529397,487.99814,487.99722,0.019706387,2.4829829,2.582991,nan,2,2,0,0
1777318652887000,1777318652887000,47.397741932126465,8.545593983395015,487.9981,487.9972,0.019706387,2.4830031,2.583009,nan,2,2,0,0
1777318652895000,1777318652895000,47.39774193177154,8.545593983397119,487.99808,487.9971,0.019706387,2.4828935,2.5829144,nan,2,2,0,0
1777318652903000,1777318652903000,47.39774193143872,8.545593983403585,487.99805,487.99707,0.019706387,2.482913,2.582932,nan,2,2,0,0
1777318652911000,1777318652911000,47.39774193110869,8.545593983401803,487.99802,487.99704,0.019706387,2.4829328,2.5829496,nan,2,2,0,0
1777318652919000,1777318652919000,47.39774193077563,8.545593983359616,487.998,487.997,0.019706387,2.4829528,2.5829675,nan,2,2,0,0
1777318652927000,1777318652927000,47.39774193044341,8.545593983292205,487.99796,487.99698,0.019706387,2.482973,2.5829816,nan,2,2,0,0
1777318652935000,1777318652935000,47.39774193012131,8.545593983212354,487.99792,487.99695,0.019706387,2.4829934,2.583,nan,2,2,0,0
1777318652943000,1777318652943000,47.397741929798435,8.545593983130592,487.9979,487.99692,0.019706387,2.4830139,2.583018,nan,2,2,0,0
1777318652951000,1777318652951000,47.39774192927351,8.545593983082854,487.99786,487.9968,0.019706387,2.4829032,2.5829227,nan,2,2,0,0
1777318652959000,1777318652959000,47.39774192874847,8.545593983028969,487.9978,487.99673,0.019706387,2.4829228,2.5829403,nan,2,2,0,0
1777318652967000,1777318652967000,47.397741928211,8.54559398295768,487.99774,487.99667,0.019706387,2.4829428,2.582958,nan,2,2,0,0
1777318652975000,1777318652975000,47.39774192768173,8.545593982871525,487.9977,487.99664,0.019706387,2.4829628,2.5829759,nan,2,2,0,0
1777318652983000,1777318652983000,47.39774192716865,8.545593982754571,487.99765,487.99658,0.019706387,2.482983,2.5829904,nan,2,2,0,0
1777318652991000,1777318652991000,47.39774192666362,8.545593982601625,487.99762,487.99655,0.019706387,2.4830036,2.5830085,nan,2,2,0,0
1777318652999000,1777318652999000,47.397741926048226,8.545593982459453,487.99756,487.9964,0.019706387,2.4828937,2.5829139,nan,2,2,0,0
1777318653007000,1777318653007000,47.39774192542762,8.545593982317595,487.9975,487.99634,0.019706387,2.4829133,2.5829313,nan,2,2,0,0
1777318653015000,1777318653015000,47.397741924813815,8.545593982197504,487.99744,487.99628,0.019706387,2.482933,2.5829492,nan,2,2,0,0
1777318653023000,1777318653023000,47.39774192422034,8.54559398205638,487.99738,487.99622,0.019706387,2.482953,2.5829668,nan,2,2,0,0
1777318653031000,1777318653031000,47.397741923645334,8.545593981925098,487.99734,487.9962,0.019706387,2.4829733,2.582981,nan,2,2,0,0
1777318653039000,1777318653039000,47.39774192309511,8.545593981814951,487.99728,487.99612,0.019706387,2.4829936,2.5829992,nan,2,2,0,0
1777318653047000,1777318653047000,47.3977419225586,8.545593981703355,487.99722,487.99606,0.019706387,2.483014,2.5830176,nan,2,2,0,0
1777318653055000,1777318653055000,47.397741921932734,8.545593981641007,487.99716,487.9959,0.019706387,2.4829035,2.5829222,nan,2,2,0,0
1777318653063000,1777318653063000,47.397741921314065,8.545593981581764,487.9971,487.99585,0.019706387,2.4829233,2.5829399,nan,2,2,0,0
1777318653071000,1777318653071000,47.397741920702316,8.54559398154395,487.99704,487.9958,0.019706387,2.482943,2.5829575,nan,2,2,0,0
1777318653079000,1777318653079000,47.397741920102014,8.545593981513697,487.997,487.99576,0.019706387,2.482963,2.5829718,nan,2,2,0,0
1777318653087000,1777318653087000,47.39774191952671,8.545593981442073,487.99695,487.9957,0.019706387,2.4829834,2.58299,nan,2,2,0,0
1777318653095000,1777318653095000,47.39774191896416,8.545593981317634,487.9969,487.99564,0.019706387,2.4830039,2.583008,nan,2,2,0,0
1777318653103000,1777318653103000,47.39774191832036,8.545593981050741,487.99683,487.99554,0.019706387,2.4828942,2.5829134,nan,2,2,0,0
1777318653111000,1777318653111000,47.39774191768408,8.54559398080015,487.99677,487.99548,0.019706387,2.4829137,2.582931,nan,2,2,0,0
1777318653119000,1777318653119000,47.39774191705645,8.545593980526272,487.99673,487.99545,0.019706387,2.4829335,2.5829484,nan,2,2,0,0
1777318653127000,1777318653127000,47.39774191643279,8.545593980239166,487.99667,487.9954,0.019706387,2.4829533,2.5829628,nan,2,2,0,0
1777318653135000,1777318653135000,47.39774191580456,8.545593979957475,487.9966,487.99533,0.019706387,2.4829736,2.5829806,nan,2,2,0,0
1777318653143000,1777318653143000,47.39774191516029,8.545593979658301,487.99655,487.99527,0.019706387,2.4829938,2.5829988,nan,2,2,0,0
1777318653151000,1777318653151000,47.39774191450007,8.545593979324133,487.99652,487.99524,0.019706387,2.4830146,2.583017,nan,2,2,0,0
1777318653159000,1777318653159000,47.39774191371686,8.545593978863268,487.99646,487.9952,0.019706387,2.4829037,2.5829217,nan,2,2,0,0
1777318653167000,1777318653167000,47.397741912907286,8.545593978373457,487.99643,487.99518,0.019706387,2.4829235,2.5829394,nan,2,2,0,0
1777318653175000,1777318653175000,47.397741912077635,8.54559397785966,487.99637,487.99512,0.019706387,2.4829433,2.582957,nan,2,2,0,0
1777318653183000,1777318653183000,47.3977419112339,8.545593977363346,487.99634,487.9951,0.019706387,2.4829633,2.5829713,nan,2,2,0,0
1777318653191000,1777318653191000,47.39774191039136,8.545593976881069,487.99628,487.99503,0.019706387,2.4829836,2.5829895,nan,2,2,0,0
1777318653199000,1777318653199000,47.39774190956607,8.545593976373508,487.99625,487.995,0.019706387,2.483004,2.5830076,nan,2,2,0,0
1777318653207000,1777318653207000,47.3977419087574,8.545593975837408,487.9962,487.99493,0.019706387,2.4830248,2.5830257,nan,2,2,0,0
1777318653215000,1777318653215000,47.39774190796767,8.545593975378598,487.99615,487.99493,0.019706387,2.4829133,2.5829298,nan,2,2,0,0
1777318653223000,1777318653223000,47.397741907176986,8.54559397495244,487.99612,487.9949,0.019706387,2.482933,2.5829477,nan,2,2,0,0
1777318653231000,1777318653231000,47.3977419063929,8.545593974537056,487.99606,487.99484,0.019706387,2.4829528,2.5829618,nan,2,2,0,0
1777318653239000,1777318653239000,47.397741905628735,8.545593974091119,487.99603,487.9948,0.019706387,2.482973,2.5829797,nan,2,2,0,0
1777318653247000,1777318653247000,47.39774190486399,8.54559397362757,487.996,487.99478,0.019706387,2.4829934,2.5829978,nan,2,2,0,0
1777318653255000,1777318653255000,47.397741904087255,8.545593973182376,487.99594,487.99472,0.019706387,2.483014,2.583016,nan,2,2,0,0
1777318653263000,1777318653263000,47.39774190346553,8.54559397274418,487.9959,487.99475,0.019706387,2.4829035,2.5829208,nan,2,2,0,0
1777318653271000,1777318653271000,47.397741902846754,8.545593972325683,487.99588,487.99472,0.019706387,2.482923,2.5829384,nan,2,2,0,0
1777318653279000,1777318653279000,47.39774190222003,8.545593971900466,487.99585,487.9947,0.019706387,2.4829428,2.5829525,nan,2,2,0,0
1777318653287000,1777318653287000,47.39774190158254,8.545593971504372,487.99582,487.99466,0.019706387,2.4829628,2.5829704,nan,2,2,0,0
1777318653295000,1777318653295000,47.397741900939245,8.545593971138299,487.9958,487.99463,0.019706387,2.482983,2.5829885,nan,2,2,0,0
1777318653303000,1777318653303000,47.397741900281716,8.545593970790064,487.99576,487.9946,0.019706387,2.4830036,2.5830066,nan,2,2,0,0
1777318653311000,1777318653311000,47.39774189966345,8.545593970527191,487.99573,487.99457,0.019706387,2.482894,2.582912,nan,2,2,0,0
1777318653319000,1777318653319000,47.3977418990586,8.545593970273142,487.9957,487.99454,0.019706387,2.4829135,2.5829296,nan,2,2,0,0
1777318653327000,1777318653327000,47.39774189847926,8.545593970033464,487.99567,487.9945,0.019706387,2.4829333,2.5829437,nan,2,2,0,0
1777318653335000,1777318653335000,47.39774189790153,8.545593969769639,487.99564,487.99448,0.019706387,2.4829533,2.5829613,nan,2,2,0,0
1777318653343000,1777318653343000,47.39774189733025,8.545593969505722,487.9956,487.99445,0.019706387,2.4829733,2.5829794,nan,2,2,0,0
1777318653351000,1777318653351000,47.39774189676801,8.545593969241242,487.99557,487.99442,0.019706387,2.4829938,2.5829976,nan,2,2,0,0
1777318653359000,1777318653359000,47.397741896181664,8.545593968991362,487.99554,487.9944,0.019706387,2.4830143,2.5830157,nan,2,2,0,0
1777318653367000,1777318653367000,47.39774189562748,8.545593968743363,487.9955,487.99435,0.019706387,2.4829035,2.5829206,nan,2,2,0,0
1777318653375000,1777318653375000,47.39774189506334,8.54559396848669,487.9955,487.99435,0.019706387,2.4829233,2.5829382,nan,2,2,0,0
1777318653383000,1777318653383000,47.39774189449458,8.545593968240473,487.99548,487.99432,0.019706387,2.482943,2.5829523,nan,2,2,0,0
1777318653391000,1777318653391000,47.397741893931396,8.545593968019366,487.99545,487.9943,0.019706387,2.4829633,2.5829701,nan,2,2,0,0
1777318653399000,1777318653399000,47.39774189337128,8.545593967812291,487.99542,487.99426,0.019706387,2.4829834,2.582988,nan,2,2,0,0
1777318653407000,1777318653407000,47.397741892792055,8.545593967605235,487.9954,487.99423,0.019706387,2.4830039,2.5830061,nan,2,2,0,0
1777318653415000,1777318653415000,47.397741892348385,8.545593967649268,487.99536,487.9942,0.019706387,2.4828942,2.5829117,nan,2,2,0,0
1777318653423000,1777318653423000,47.39774189189656,8.54559396767159,487.99536,487.9942,0.019706387,2.4829137,2.5829294,nan,2,2,0,0
1777318653431000,1777318653431000,47.39774189144419,8.545593967690179,487.99533,487.99417,0.019706387,2.4829335,2.5829432,nan,2,2,0,0
1777318653439000,1777318653439000,47.39774189099344,8.545593967735348,487.9953,487.99414,0.019706387,2.4829533,2.582961,nan,2,2,0,0
1777318653447000,1777318653447000,47.397741890537844,8.545593967801013,487.99527,487.9941,0.019706387,2.4829736,2.5829792,nan,2,2,0,0
1777318653455000,1777318653455000,47.39774189007961,8.54559396783316,487.99524,487.99408,0.019706387,2.482994,2.582997,nan,2,2,0,0
1777318653463000,1777318653463000,47.39774188961682,8.545593967841283,487.9952,487.99405,0.019706387,2.4830146,2.5830154,nan,2,2,0,0
1777318653471000,1777318653471000,47.39774188929916,8.545593967980805,487.9952,487.99417,0.019706387,2.482904,2.5829203,nan,2,2,0,0
1777318653479000,1777318653479000,47.3977418889668,8.545593968108596,487.9952,487.99417,0.019706387,2.4829235,2.5829341,nan,2,2,0,0
1777318653487000,1777318653487000,47.39774188863037,8.545593968252454,487.9952,487.99417,0.019706387,2.4829435,2.582952,nan,2,2,0,0
1777318653495000,1777318653495000,47.39774188830169,8.545593968381077,487.9952,487.99417,0.019706387,2.4829636,2.58297,nan,2,2,0,0
1777318653503000,1777318653503000,47.39774188796001,8.545593968477094,487.9952,487.99417,0.019706387,2.4829838,2.5829878,nan,2,2,0,0
1777318653511000,1777318653511000,47.39774188762176,8.545593968560842,487.9952,487.99417,0.019706387,2.483004,2.5830061,nan,2,2,0,0
1777318653519000,1777318653519000,47.39774188742785,8.54559396847674,487.99524,487.99423,0.019706387,2.4828944,2.5829115,nan,2,2,0,0
1777318653527000,1777318653527000,47.3977418872227,8.545593968370806,487.99524,487.99423,0.019706387,2.482914,2.5829256,nan,2,2,0,0
1777318653535000,1777318653535000,47.39774188701461,8.54559396824667,487.99524,487.99423,0.019706387,2.4829338,2.5829432,nan,2,2,0,0
1777318653543000,1777318653543000,47.39774188679645,8.545593968105461,487.99527,487.99426,0.019706387,2.4829538,2.5829608,nan,2,2,0,0
1777318653551000,1777318653551000,47.39774188655524,8.545593967959212,487.99527,487.99426,0.019706387,2.4829738,2.582979,nan,2,2,0,0
1777318653559000,1777318653559000,47.39774188629827,8.545593967790007,487.99527,487.99426,0.019706387,2.4829943,2.582997,nan,2,2,0,0
1777318653567000,1777318653567000,47.39774188602281,8.545593967599464,487.9953,487.9943,0.019706387,2.4830148,2.5830152,nan,2,2,0,0
1777318653575000,1777318653575000,47.397741885878204,8.545593967198734,487.9953,487.9943,0.019706387,2.482904,2.58292,nan,2,2,0,0
1777318653583000,1777318653583000,47.39774188571572,8.545593966757965,487.9953,487.9943,0.019706387,2.4829237,2.5829377,nan,2,2,0,0
1777318653591000,1777318653591000,47.39774188555223,8.545593966236662,487.99533,487.99432,0.019706387,2.4829435,2.5829554,nan,2,2,0,0
1777318653599000,1777318653599000,47.39774188539246,8.545593965668441,487.99533,487.99432,0.019706387,2.4829638,2.5829732,nan,2,2,0,0
1777318653607000,1777318653607000,47.397741885211424,8.545593965111733,487.99536,487.99435,0.019706387,2.482984,2.5829914,nan,2,2,0,0
1777318653615000,1777318653615000,47.39774188500455,8.545593964549298,487.99536,487.99435,0.019706387,2.4830046,2.5830095,nan,2,2,0,0
1777318653623000,1777318653623000,47.3977418847793,8.545593963989631,487.9954,487.9944,0.019706387,2.483025,2.5830278,nan,2,2,0,0
1777318653631000,1777318653631000,47.397741884780814,8.545593963240751,487.9954,487.9944,0.019706387,2.4829135,2.5829282,nan,2,2,0,0
1777318653639000,1777318653639000,47.397741884766425,8.54559396247914,487.99542,487.99442,0.019706387,2.4829333,2.5829458,nan,2,2,0,0
1777318653647000,1777318653647000,47.39774188472817,8.545593961738522,487.99542,487.99442,0.019706387,2.4829533,2.5829637,nan,2,2,0,0
1777318653655000,1777318653655000,47.39774188469188,8.54559396102938,487.99545,487.99445,0.019706387,2.4829733,2.5829816,nan,2,2,0,0
1777318653663000,1777318653663000,47.39774188465085,8.545593960323808,487.99545,487.99445,0.019706387,2.4829938,2.5829997,nan,2,2,0,0
1777318653671000,1777318653671000,47.39774188457295,8.545593959618532,487.99548,487.99448,0.019706387,2.4830143,2.583018,nan,2,2,0,0
1777318653679000,1777318653679000,47.39774188461645,8.545593958945231,487.99548,487.99445,0.019706387,2.4829035,2.5829191,nan,2,2,0,0
1777318653687000,1777318653687000,47.39774188462265,8.545593958261534,487.9955,487.99448,0.019706387,2.4829233,2.5829368,nan,2,2,0,0
1777318653695000,1777318653695000,47.39774188459379,8.545593957552597,487.9955,487.99448,0.019706387,2.482943,2.5829544,nan,2,2,0,0
1777318653703000,1777318653703000,47.39774188455748,8.545593956816896,487.99554,487.9945,0.019706387,2.4829633,2.5829723,nan,2,2,0,0
1777318653711000,1777318653711000,47.39774188451756,8.54559395608203,487.99554,487.9945,0.019706387,2.4829834,2.5829904,nan,2,2,0,0
1777318653719000,1777318653719000,47.39774188445902,8.545593955364351,487.99557,487.99454,0.019706387,2.4830039,2.5830085,nan,2,2,0,0
1777318653727000,1777318653727000,47.397741884384786,8.545593954640596,487.99557,487.99454,0.019706387,2.4830246,2.583023,nan,2,2,0,0
1777318653735000,1777318653735000,47.39774188442533,8.545593953921328,487.99557,487.9945,0.019706387,2.482913,2.5829272,nan,2,2,0,0
1777318653743000,1777318653743000,47.39774188442633,8.54559395319845,487.99557,487.9945,0.019706387,2.4829328,2.5829449,nan,2,2,0,0
1777318653751000,1777318653751000,47.39774188439508,8.545593952441951,487.99554,487.99448,0.019706387,2.4829528,2.5829628,nan,2,2,0,0
1777318653759000,1777318653759000,47.39774188433869,8.545593951682394,487.99554,487.99448,0.019706387,2.4829729,2.5829806,nan,2,2,0,0
1777318653767000,1777318653767000,47.39774188426262,8.545593950961129,487.99554,487.99448,0.019706387,2.4829934,2.5829988,nan,2,2,0,0
1777318653775000,1777318653775000,47.397741884169776,8.545593950263887,487.99554,487.99448,0.019706387,2.4830139,2.583017,nan,2,2,0,0
1777318653783000,1777318653783000,47.39774188431119,8.545593949605863,487.99557,487.99454,0.019706387,2.4829032,2.5829182,nan,2,2,0,0
1777318653791000,1777318653791000,47.39774188441867,8.54559394898915,487.99557,487.99454,0.019706387,2.4829228,2.5829358,nan,2,2,0,0
1777318653799000,1777318653799000,47.39774188449626,8.54559394840049,487.99557,487.99454,0.019706387,2.4829426,2.5829535,nan,2,2,0,0
1777318653807000,1777318653807000,47.397741884562095,8.545593947832975,487.9956,487.99457,0.019706387,2.4829628,2.5829713,nan,2,2,0,0
1777318653815000,1777318653815000,47.39774188457973,8.545593947257927,487.9956,487.99457,0.019706387,2.4829829,2.5829895,nan,2,2,0,0
1777318653823000,1777318653823000,47.39774188453828,8.545593946637165,487.9956,487.99457,0.019706387,2.4830034,2.5830076,nan,2,2,0,0
1777318653831000,1777318653831000,47.397741884704985,8.54559394592265,487.99564,487.99463,0.019706387,2.4828937,2.5829093,nan,2,2,0,0
1777318653839000,1777318653839000,47.39774188483425,8.545593945184912,487.99564,487.99463,0.019706387,2.4829133,2.582927,nan,2,2,0,0
1777318653847000,1777318653847000,47.39774188493701,8.545593944425246,487.99564,487.99463,0.019706387,2.482933,2.5829446,nan,2,2,0,0
1777318653855000,1777318653855000,47.3977418850101,8.545593943650951,487.99567,487.99466,0.019706387,2.482953,2.5829625,nan,2,2,0,0
1777318653863000,1777318653863000,47.39774188504677,8.545593942900597,487.99567,487.99466,0.019706387,2.482973,2.5829804,nan,2,2,0,0
1777318653871000,1777318653871000,47.39774188505189,8.54559394219506,487.9957,487.9947,0.019706387,2.4829936,2.5829985,nan,2,2,0,0
1777318653879000,1777318653879000,47.39774188504209,8.545593941524306,487.9957,487.9947,0.019706387,2.483014,2.583013,nan,2,2,0,0
1777318653887000,1777318653887000,47.39774188527701,8.54559394101494,487.99573,487.99484,0.019706387,2.4829035,2.582918,nan,2,2,0,0
1777318653895000,1777318653895000,47.39774188546607,8.545593940492838,487.99576,487.99487,0.019706387,2.482923,2.5829356,nan,2,2,0,0
1777318653903000,1777318653903000,47.397741885615055,8.545593939936776,487.9958,487.9949,0.019706387,2.482943,2.5829532,nan,2,2,0,0
1777318653911000,1777318653911000,47.39774188572444,8.545593939364732,487.99582,487.99493,0.019706387,2.482963,2.582971,nan,2,2,0,0
1777318653919000,1777318653919000,47.39774188579695,8.545593938766945,487.99585,487.99496,0.019706387,2.4829834,2.5829892,nan,2,2,0,0
1777318653927000,1777318653927000,47.397741885822406,8.545593938152347,487.99588,487.995,0.019706387,2.4830036,2.5830035,nan,2,2,0,0
1777318653935000,1777318653935000,47.39774188617294,8.54559393757144,487.9959,487.99515,0.019706387,2.482894,2.5829093,nan,2,2,0,0
1777318653943000,1777318653943000,47.39774188649485,8.54559393700282,487.99597,487.9952,0.019706387,2.4829135,2.5829268,nan,2,2,0,0
1777318653951000,1777318653951000,47.397741886771705,8.54559393645536,487.996,487.99524,0.019706387,2.4829333,2.5829444,nan,2,2,0,0
1777318653959000,1777318653959000,47.397741886988726,8.54559393592096,487.99603,487.99527,0.019706387,2.4829533,2.5829623,nan,2,2,0,0
1777318653967000,1777318653967000,47.39774188714702,8.545593935401778,487.9961,487.99533,0.019706387,2.4829733,2.5829802,nan,2,2,0,0
1777318653975000,1777318653975000,47.39774188725006,8.545593934876853,487.99612,487.99536,0.019706387,2.4829938,2.5829983,nan,2,2,0,0
1777318653983000,1777318653983000,47.397741887303575,8.545593934322408,487.99615,487.9954,0.019706387,2.4830143,2.5830128,nan,2,2,0,0
1777318653991000,1777318653991000,47.397741887699155,8.545593933986607,487.99622,487.9955,0.019706387,2.4829037,2.5829177,nan,2,2,0,0
1777318653999000,1777318653999000,47.39774188807714,8.545593933647318,487.99628,487.99557,0.019706387,2.4829233,2.5829353,nan,2,2,0,0
1777318654007000,1777318654007000,47.3977418884223,8.545593933279951,487.9963,487.9956,0.019706387,2.482943,2.582953,nan,2,2,0,0
1777318654015000,1777318654015000,47.39774188873338,8.545593932906426,487.99637,487.99567,0.019706387,2.4829633,2.5829709,nan,2,2,0,0
1777318654023000,1777318654023000,47.39774188899263,8.545593932573922,487.9964,487.9957,0.019706387,2.4829836,2.582989,nan,2,2,0,0
1777318654031000,1777318654031000,47.39774188922473,8.54559393228004,487.99643,487.99573,0.019706387,2.483004,2.5830033,nan,2,2,0,0
1777318654039000,1777318654039000,47.39774188977646,8.545593932113825,487.9965,487.9958,0.019706387,2.4828942,2.582909,nan,2,2,0,0
1777318654047000,1777318654047000,47.39774189028612,8.545593931925428,487.99652,487.99582,0.019706387,2.4829137,2.5829265,nan,2,2,0,0
1777318654055000,1777318654055000,47.39774189074538,8.545593931734095,487.99658,487.99588,0.019706387,2.4829335,2.5829442,nan,2,2,0,0
1777318654063000,1777318654063000,47.39774189115149,8.545593931505712,487.9966,487.9959,0.019706387,2.4829535,2.582962,nan,2,2,0,0
1777318654071000,1777318654071000,47.39774189151945,8.545593931205824,487.99667,487.99597,0.019706387,2.4829736,2.58298,nan,2,2,0,0
1777318654079000,1777318654079000,47.39774189185839,8.54559393086832,487.9967,487.996,0.019706387,2.482994,2.5829942,nan,2,2,0,0
1777318654087000,1777318654087000,47.39774189214786,8.54559393055498,487.99673,487.99603,0.019706387,2.4830146,2.5830126,nan,2,2,0,0
1777318654095000,1777318654095000,47.397741892658544,8.545593930420848,487.99677,487.99603,0.019706387,2.482904,2.5829175,nan,2,2,0,0
1777318654103000,1777318654103000,47.39774189312795,8.545593930299573,487.9968,487.99606,0.019706387,2.4829235,2.582935,nan,2,2,0,0
1777318654111000,1777318654111000,47.39774189355489,8.545593930169469,487.99683,487.9961,0.019706387,2.4829435,2.582953,nan,2,2,0,0
1777318654119000,1777318654119000,47.39774189396264,8.545593930034903,487.99686,487.99612,0.019706387,2.4829636,2.5829709,nan,2,2,0,0
1777318654127000,1777318654127000,47.39774189435681,8.545593929890442,487.9969,487.99615,0.019706387,2.4829838,2.5829852,nan,2,2,0,0
1777318654135000,1777318654135000,47.39774189470207,8.54559392973965,487.99692,487.9962,0.019706387,2.483004,2.5830033,nan,2,2,0,0
1777318654143000,1777318654143000,47.39774189526275,8.545593929701612,487.99695,487.9962,0.019706387,2.4828944,2.5829089,nan,2,2,0,0
1777318654151000,1777318654151000,47.397741895765456,8.545593929665142,487.99695,487.9962,0.019706387,2.482914,2.5829265,nan,2,2,0,0
1777318654159000,1777318654159000,47.39774189623585,8.545593929607756,487.99698,487.99622,0.019706387,2.4829338,2.5829442,nan,2,2,0,0
1777318654167000,1777318654167000,47.39774189667489,8.545593929551746,487.99698,487.99622,0.019706387,2.4829538,2.5829618,nan,2,2,0,0
1777318654175000,1777318654175000,47.397741897049,8.545593929500155,487.997,487.99625,0.019706387,2.4829738,2.58298,nan,2,2,0,0
1777318654183000,1777318654183000,47.39774189737421,8.545593929433982,487.99704,487.99628,0.019706387,2.4829943,2.5829942,nan,2,2,0,0
1777318654191000,1777318654191000,47.39774189767612,8.545593929375977,487.99707,487.9963,0.019706387,2.4830148,2.5830123,nan,2,2,0,0
1777318654199000,1777318654199000,47.39774189821668,8.545593929335391,487.99707,487.99625,0.019706387,2.482904,2.5829175,nan,2,2,0,0
1777318654207000,1777318654207000,47.397741898712056,8.545593929299999,487.99707,487.99625,0.019706387,2.4829237,2.582935,nan,2,2,0,0
1777318654215000,1777318654215000,47.39774189915143,8.545593929273936,487.99707,487.99625,0.019706387,2.4829435,2.5829527,nan,2,2,0,0
1777318654223000,1777318654223000,47.397741899542034,8.54559392922643,487.99707,487.99625,0.019706387,2.4829638,2.5829706,nan,2,2,0,0
1777318654231000,1777318654231000,47.39774189987294,8.545593929176924,487.99707,487.99625,0.019706387,2.482984,2.582985,nan,2,2,0,0
1777318654239000,1777318654239000,47.39774190013393,8.545593929127763,487.99707,487.99625,0.019706387,2.4830046,2.583003,nan,2,2,0,0
1777318654247000,1777318654247000,47.39774190050694,8.54559392901266,487.99707,487.99612,0.019706387,2.4828947,2.5829089,nan,2,2,0,0
1777318654255000,1777318654255000,47.39774190082001,8.545593928884879,487.99704,487.9961,0.019706387,2.4829142,2.5829263,nan,2,2,0,0
1777318654263000,1777318654263000,47.39774190107629,8.545593928734911,487.997,487.99606,0.019706387,2.482934,2.582944,nan,2,2,0,0
1777318654271000,1777318654271000,47.39774190129284,8.545593928618372,487.997,487.99606,0.019706387,2.4829538,2.5829618,nan,2,2,0,0
1777318654279000,1777318654279000,47.3977419014636,8.545593928509131,487.99698,487.99603,0.019706387,2.482974,2.582976,nan,2,2,0,0
1777318654287000,1777318654287000,47.39774190159358,8.545593928391042,487.99698,487.99603,0.019706387,2.4829946,2.5829942,nan,2,2,0,0
1777318654295000,1777318654295000,47.39774190168849,8.545593928261404,487.99695,487.996,0.019706387,2.483015,2.5830123,nan,2,2,0,0
1777318654303000,1777318654303000,47.397741901925414,8.545593927974815,487.99692,487.9959,0.019706387,2.4829044,2.5829175,nan,2,2,0,0
1777318654311000,1777318654311000,47.39774190210869,8.545593927699915,487.9969,487.99588,0.019706387,2.482924,2.582935,nan,2,2,0,0
1777318654319000,1777318654319000,47.39774190224696,8.545593927437876,487.99686,487.99585,0.019706387,2.4829438,2.5829527,nan,2,2,0,0
1777318654327000,1777318654327000,47.397741902334594,8.545593927155528,487.99686,487.99585,0.019706387,2.4829638,2.5829668,nan,2,2,0,0
1777318654335000,1777318654335000,47.397741902387374,8.545593926867191,487.99683,487.99582,0.019706387,2.482984,2.582985,nan,2,2,0,0
1777318654343000,1777318654343000,47.397741902407496,8.5455939265772,487.9968,487.9958,0.019706387,2.4830048,2.583003,nan,2,2,0,0
1777318654351000,1777318654351000,47.397741902403205,8.545593926256288,487.99677,487.99576,0.019706387,2.4830253,2.5830214,nan,2,2,0,0
1777318654359000,1777318654359000,47.39774190256689,8.545593925889236,487.99673,487.9957,0.019706387,2.4829137,2.5829256,nan,2,2,0,0
1777318654367000,1777318654367000,47.39774190270137,8.545593925502182,487.9967,487.99567,0.019706387,2.4829335,2.5829434,nan,2,2,0,0
1777318654375000,1777318654375000,47.39774190280326,8.545593925088644,487.99667,487.99564,0.019706387,2.4829533,2.582961,nan,2,2,0,0
1777318654383000,1777318654383000,47.39774190284918,8.545593924658263,487.99664,487.9956,0.019706387,2.4829736,2.5829754,nan,2,2,0,0
1777318654391000,1777318654391000,47.39774190283222,8.545593924176412,487.9966,487.99557,0.019706387,2.4829938,2.5829935,nan,2,2,0,0
1777318654399000,1777318654399000,47.39774190276958,8.545593923686313,487.99658,487.99554,0.019706387,2.4830146,2.5830116,nan,2,2,0,0
1777318654407000,1777318654407000,47.3977419027847,8.545593923024978,487.99655,487.9955,0.019706387,2.4829037,2.5829167,nan,2,2,0,0
1777318654415000,1777318654415000,47.39774190275156,8.54559392238398,487.99652,487.99548,0.019706387,2.4829235,2.5829344,nan,2,2,0,0
1777318654423000,1777318654423000,47.397741902656094,8.545593921734994,487.99646,487.99542,0.019706387,2.4829433,2.582952,nan,2,2,0,0
1777318654431000,1777318654431000,47.3977419024996,8.545593921068349,487.99643,487.9954,0.019706387,2.4829633,2.5829663,nan,2,2,0,0
1777318654439000,1777318654439000,47.397741902291905,8.545593920366954,487.9964,487.99536,0.019706387,2.4829836,2.5829842,nan,2,2,0,0
1777318654447000,1777318654447000,47.39774190207404,8.5455939196682,487.99637,487.99533,0.019706387,2.483004,2.5830026,nan,2,2,0,0
1777318654455000,1777318654455000,47.397741902155,8.545593919009963,487.99634,487.9953,0.019706387,2.4828944,2.5829082,nan,2,2,0,0
1777318654463000,1777318654463000,47.39774190219731,8.54559391836942,487.9963,487.99527,0.019706387,2.482914,2.5829256,nan,2,2,0,0
1777318654471000,1777318654471000,47.397741902217156,8.545593917713493,487.99628,487.99524,0.019706387,2.4829335,2.5829434,nan,2,2,0,0
1777318654479000,1777318654479000,47.397741902214285,8.545593917037523,487.99625,487.9952,0.019706387,2.4829535,2.5829575,nan,2,2,0,0
1777318654487000,1777318654487000,47.397741902180826,8.545593916375848,487.9962,487.99515,0.019706387,2.4829738,2.5829754,nan,2,2,0,0
1777318654495000,1777318654495000,47.397741902103306,8.545593915730946,487.99615,487.99512,0.019706387,2.482994,2.5829935,nan,2,2,0,0
1777318654503000,1777318654503000,47.39774190200214,8.545593915085748,487.99612,487.9951,0.019706387,2.4830148,2.5830116,nan,2,2,0,0
1777318654511000,1777318654511000,47.39774190220721,8.545593914423517,487.9961,487.9951,0.019706387,2.482904,2.5829167,nan,2,2,0,0
1777318654519000,1777318654519000,47.39774190236549,8.54559391379112,487.99606,487.99506,0.019706387,2.4829237,2.5829344,nan,2,2,0,0
1777318654527000,1777318654527000,47.397741902467864,8.545593913164613,487.99603,487.99503,0.019706387,2.4829435,2.5829484,nan,2,2,0,0
1777318654535000,1777318654535000,47.397741902532815,8.545593912496656,487.996,487.995,0.019706387,2.4829636,2.5829663,nan,2,2,0,0
1777318654543000,1777318654543000,47.39774190255665,8.545593911815883,487.99597,487.99496,0.019706387,2.4829838,2.5829844,nan,2,2,0,0
1777318654551000,1777318654551000,47.39774190255227,8.545593911161752,487.99594,487.99493,0.019706387,2.4830043,2.5830026,nan,2,2,0,0
1777318654559000,1777318654559000,47.397741902727674,8.545593910572048,487.99594,487.99503,0.019706387,2.4828947,2.5829082,nan,2,2,0,0
1777318654567000,1777318654567000,47.39774190284394,8.545593909973347,487.99594,487.99503,0.019706387,2.482914,2.5829258,nan,2,2,0,0
1777318654575000,1777318654575000,47.39774190292269,8.545593909381035,487.99594,487.99503,0.019706387,2.4829338,2.5829434,nan,2,2,0,0
1777318654583000,1777318654583000,47.397741902962316,8.545593908781665,487.9959,487.995,0.019706387,2.4829538,2.5829575,nan,2,2,0,0
1777318654591000,1777318654591000,47.39774190296098,8.545593908182509,487.9959,487.995,0.019706387,2.482974,2.5829754,nan,2,2,0,0
1777318654599000,1777318654599000,47.39774190291801,8.545593907584772,487.9959,487.995,0.019706387,2.4829943,2.5829935,nan,2,2,0,0
1777318654607000,1777318654607000,47.39774190283957,8.545593906974009,487.9959,487.995,0.019706387,2.483015,2.5830119,nan,2,2,0,0
1777318654615000,1777318654615000,47.39774190294408,8.54559390640807,487.9959,487.99512,0.019706387,2.4829042,2.5829167,nan,2,2,0,0
1777318654623000,1777318654623000,47.397741903012864,8.545593905838944,487.99594,487.99515,0.019706387,2.4829237,2.5829344,nan,2,2,0,0
1777318654631000,1777318654631000,47.397741903028006,8.545593905272176,487.99594,487.99515,0.019706387,2.4829438,2.5829484,nan,2,2,0,0
1777318654639000,1777318654639000,47.397741902996955,8.545593904704697,487.99597,487.99518,0.019706387,2.4829638,2.5829663,nan,2,2,0,0
1777318654647000,1777318654647000,47.397741902945235,8.54559390413105,487.99597,487.99518,0.019706387,2.482984,2.5829844,nan,2,2,0,0
1777318654655000,1777318654655000,47.397741902857994,8.545593903542915,487.99597,487.99518,0.019706387,2.4830046,2.5830026,nan,2,2,0,0
1777318654663000,1777318654663000,47.39774190274743,8.545593902957773,487.996,487.9952,0.019706387,2.4830253,2.583021,nan,2,2,0,0
1777318654671000,1777318654671000,47.397741902932005,8.545593902386457,487.996,487.99524,0.019706387,2.4829135,2.582925,nan,2,2,0,0
1777318654679000,1777318654679000,47.39774190305627,8.545593901814888,487.99603,487.99527,0.019706387,2.4829333,2.5829391,nan,2,2,0,0
1777318654687000,1777318654687000,47.397741903138225,8.545593901214973,487.99603,487.99527,0.019706387,2.4829533,2.582957,nan,2,2,0,0
1777318654695000,1777318654695000,47.39774190321187,8.545593900597353,487.99603,487.99527,0.019706387,2.4829733,2.582975,nan,2,2,0,0
1777318654703000,1777318654703000,47.397741903247095,8.545593899971605,487.99606,487.9953,0.019706387,2.4829938,2.582993,nan,2,2,0,0
1777318654711000,1777318654711000,47.39774190322422,8.54559389936991,487.99606,487.9953,0.019706387,2.4830143,2.5830114,nan,2,2,0,0
1777318654719000,1777318654719000,47.39774190338048,8.545593898759016,487.9961,487.99536,0.019706387,2.4829037,2.5829163,nan,2,2,0,0
1777318654727000,1777318654727000,47.397741903513136,8.545593898121128,487.9961,487.99536,0.019706387,2.4829233,2.5829303,nan,2,2,0,0
1777318654735000,1777318654735000,47.397741903633154,8.54559389750322,487.99612,487.9954,0.019706387,2.482943,2.5829482,nan,2,2,0,0
1777318654743000,1777318654743000,47.39774190373443,8.545593896910507,487.99612,487.9954,0.019706387,2.4829633,2.5829659,nan,2,2,0,0
1777318654751000,1777318654751000,47.39774190381513,8.54559389631572,487.99612,487.9954,0.019706387,2.4829834,2.582984,nan,2,2,0,0
1777318654759000,1777318654759000,47.39774190387022,8.545593895726128,487.99615,487.99542,0.019706387,2.4830039,2.583002,nan,2,2,0,0
1777318654767000,1777318654767000,47.39774190387866,8.54559389512805,487.99615,487.99542,0.019706387,2.4830246,2.5830204,nan,2,2,0,0
1777318654775000,1777318654775000,47.397741903984326,8.5455938946227,487.99615,487.99542,0.019706387,2.482913,2.5829248,nan,2,2,0,0
1777318654783000,1777318654783000,47.39774190405353,8.545593894126391,487.99615,487.99542,0.019706387,2.4829328,2.582939,nan,2,2,0,0
1777318654791000,1777318654791000,47.39774190406357,8.545593893634308,487.99615,487.99542,0.019706387,2.4829528,2.5829566,nan,2,2,0,0
1777318654799000,1777318654799000,47.397741904028734,8.545593893120998,487.99615,487.99542,0.019706387,2.4829729,2.5829747,nan,2,2,0,0
1777318654807000,1777318654807000,47.39774190395804,8.54559389257267,487.99615,487.99542,0.019706387,2.4829934,2.5829926,nan,2,2,0,0
1777318654815000,1777318654815000,47.39774190386108,8.545593892007732,487.99615,487.99542,0.019706387,2.4830139,2.583011,nan,2,2,0,0
1777318654823000,1777318654823000,47.397741903946844,8.54559389151562,487.99615,487.99542,0.019706387,2.4829032,2.582916,nan,2,2,0,0
1777318654831000,1777318654831000,47.39774190396591,8.545593891047554,487.99615,487.99542,0.019706387,2.4829228,2.5829298,nan,2,2,0,0
1777318654839000,1777318654839000,47.39774190391781,8.545593890592997,487.99615,487.99542,0.019706387,2.4829426,2.5829477,nan,2,2,0,0
1777318654847000,1777318654847000,47.39774190381421,8.545593890145197,487.99615,487.99542,0.019706387,2.4829628,2.5829656,nan,2,2,0,0
1777318654855000,1777318654855000,47.3977419036378,8.54559388969224,487.99615,487.99542,0.019706387,2.4829829,2.5829835,nan,2,2,0,0
1777318654863000,1777318654863000,47.39774190340727,8.545593889198233,487.99615,487.99542,0.019706387,2.4830034,2.5830016,nan,2,2,0,0
1777318654871000,1777318654871000,47.397741903366445,8.545593888865673,487.99615,487.99545,0.019706387,2.4828937,2.5829074,nan,2,2,0,0
1777318654879000,1777318654879000,47.39774190329484,8.545593888533123,487.99615,487.99545,0.019706387,2.4829133,2.5829213,nan,2,2,0,0
1777318654887000,1777318654887000,47.397741903189925,8.545593888193899,487.99615,487.99545,0.019706387,2.482933,2.5829391,nan,2,2,0,0
1777318654895000,1777318654895000,47.39774190306051,8.545593887856466,487.99615,487.99545,0.019706387,2.4829528,2.5829568,nan,2,2,0,0
1777318654903000,1777318654903000,47.397741902893344,8.545593887529254,487.99615,487.99545,0.019706387,2.482973,2.5829747,nan,2,2,0,0
1777318654911000,1777318654911000,47.39774190266978,8.545593887207675,487.9962,487.99548,0.019706387,2.4829934,2.5829928,nan,2,2,0,0
1777318654919000,1777318654919000,47.39774190238572,8.545593886897798,487.9962,487.99548,0.019706387,2.483014,2.5830112,nan,2,2,0,0
1777318654927000,1777318654927000,47.39774190229983,8.545593886646595,487.9962,487.99545,0.019706387,2.4829035,2.5829124,nan,2,2,0,0
1777318654935000,1777318654935000,47.39774190217,8.545593886383745,487.9962,487.99545,0.019706387,2.482923,2.58293,nan,2,2,0,0
1777318654943000,1777318654943000,47.39774190201468,8.545593886116066,487.99615,487.99542,0.019706387,2.4829428,2.5829477,nan,2,2,0,0
1777318654951000,1777318654951000,47.39774190185169,8.545593885851359,487.99615,487.99542,0.019706387,2.4829628,2.5829656,nan,2,2,0,0
1777318654959000,1777318654959000,47.397741901656126,8.545593885578329,487.99615,487.99542,0.019706387,2.482983,2.5829837,nan,2,2,0,0
1777318654967000,1777318654967000,47.397741901413994,8.545593885278961,487.99615,487.99542,0.019706387,2.4830036,2.5830019,nan,2,2,0,0
1777318654975000,1777318654975000,47.39774190139213,8.545593884985923,487.99615,487.99542,0.019706387,2.482894,2.5829077,nan,2,2,0,0
1777318654983000,1777318654983000,47.39774190134431,8.545593884702384,487.99615,487.99542,0.019706387,2.4829135,2.5829215,nan,2,2,0,0
1777318654991000,1777318654991000,47.39774190126758,8.545593884382221,487.99615,487.99542,0.019706387,2.482933,2.5829391,nan,2,2,0,0
1777318654999000,1777318654999000,47.39774190117477,8.545593884017656,487.99615,487.99542,0.019706387,2.482953,2.582957,nan,2,2,0,0
1777318655007000,1777318655007000,47.39774190106516,8.545593883645783,487.99615,487.99542,0.019706387,2.4829733,2.582975,nan,2,2,0,0
1777318655015000,1777318655015000,47.39774190090528,8.545593883291861,487.99615,487.99542,0.019706387,2.4829936,2.582993,nan,2,2,0,0
1777318655023000,1777318655023000,47.397741900690995,8.545593882924786,487.99615,487.99542,0.019706387,2.483014,2.5830112,nan,2,2,0,0
1777318655031000,1777318655031000,47.39774190058942,8.545593882521704,487.99612,487.99545,0.019706387,2.4829035,2.5829127,nan,2,2,0,0
1777318655039000,1777318655039000,47.397741900460154,8.545593882097018,487.99612,487.99545,0.019706387,2.4829233,2.5829303,nan,2,2,0,0
1777318655047000,1777318655047000,47.397741900290896,8.545593881656638,487.99612,487.99545,0.019706387,2.482943,2.582948,nan,2,2,0,0
1777318655055000,1777318655055000,47.39774190007947,8.545593881229173,487.99612,487.99545,0.019706387,2.482963,2.5829659,nan,2,2,0,0
1777318655063000,1777318655063000,47.39774189983644,8.545593880812374,487.99612,487.99545,0.019706387,2.4829834,2.582984,nan,2,2,0,0
1777318655071000,1777318655071000,47.397741899572864,8.545593880406763,487.99612,487.99545,0.019706387,2.4830039,2.583002,nan,2,2,0,0
1777318655079000,1777318655079000,47.39774189930827,8.545593879993197,487.99612,487.99545,0.019706387,2.4830244,2.5830166,nan,2,2,0,0
1777318655087000,1777318655087000,47.397741899175166,8.545593879457817,487.99615,487.99548,0.019706387,2.4829128,2.5829213,nan,2,2,0,0
1777318655095000,1777318655095000,47.397741899017255,8.5455938789152,487.99615,487.99548,0.019706387,2.4829326,2.582939,nan,2,2,0,0
1777318655103000,1777318655103000,47.39774189885357,8.545593878378835,487.99615,487.99548,0.019706387,2.4829526,2.5829568,nan,2,2,0,0
1777318655111000,1777318655111000,47.39774189866121,8.545593877832657,487.99615,487.99548,0.019706387,2.4829729,2.5829747,nan,2,2,0,0
1777318655119000,1777318655119000,47.397741898437495,8.545593877255799,487.99615,487.99548,0.019706387,2.4829931,2.5829928,nan,2,2,0,0
1777318655127000,1777318655127000,47.39774189818556,8.545593876685519,487.99615,487.99548,0.019706387,2.4830136,2.583007,nan,2,2,0,0
1777318655135000,1777318655135000,47.397741898075964,8.545593876056872,487.99615,487.99557,0.019706387,2.482903,2.5829124,nan,2,2,0,0
1777318655143000,1777318655143000,47.39774189794901,8.545593875448937,487.9962,487.9956,0.019706387,2.4829228,2.58293,nan,2,2,0,0
1777318655151000,1777318655151000,47.397741897840255,8.545593874823464,487.9962,487.9956,0.019706387,2.4829426,2.5829477,nan,2,2,0,0
1777318655159000,1777318655159000,47.39774189772806,8.545593874197273,487.99622,487.99564,0.019706387,2.4829626,2.5829656,nan,2,2,0,0
1777318655167000,1777318655167000,47.39774189759531,8.54559387356278,487.99622,487.99564,0.019706387,2.4829829,2.5829837,nan,2,2,0,0
1777318655175000,1777318655175000,47.397741897439396,8.545593872929429,487.99622,487.99564,0.019706387,2.4830031,2.5830016,nan,2,2,0,0
1777318655183000,1777318655183000,47.397741897503664,8.545593872213267,487.99625,487.99576,0.019706387,2.4828937,2.5829039,nan,2,2,0,0
1777318655191000,1777318655191000,47.397741897546574,8.545593871525831,487.99628,487.9958,0.019706387,2.4829133,2.5829215,nan,2,2,0,0
1777318655199000,1777318655199000,47.39774189754921,8.545593870857763,487.99628,487.9958,0.019706387,2.4829328,2.5829391,nan,2,2,0,0
1777318655207000,1777318655207000,47.39774189750024,8.545593870169226,487.9963,487.99582,0.019706387,2.4829528,2.5829568,nan,2,2,0,0
1777318655215000,1777318655215000,47.39774189741001,8.545593869473443,487.99634,487.99585,0.019706387,2.482973,2.582975,nan,2,2,0,0
1777318655223000,1777318655223000,47.39774189728709,8.545593868764037,487.99634,487.99585,0.019706387,2.4829934,2.582993,nan,2,2,0,0
1777318655231000,1777318655231000,47.397741897142815,8.545593868047611,487.99637,487.99588,0.019706387,2.4830139,2.5830073,nan,2,2,0,0
1777318655239000,1777318655239000,47.3977418971182,8.545593867364207,487.9964,487.996,0.019706387,2.4829032,2.5829127,nan,2,2,0,0
1777318655247000,1777318655247000,47.39774189706754,8.545593866644692,487.99643,487.99603,0.019706387,2.4829228,2.5829303,nan,2,2,0,0
1777318655255000,1777318655255000,47.39774189696486,8.545593865886678,487.9965,487.9961,0.019706387,2.4829428,2.582948,nan,2,2,0,0
1777318655263000,1777318655263000,47.39774189682634,8.54559386510964,487.99652,487.99612,0.019706387,2.4829628,2.5829659,nan,2,2,0,0
1777318655271000,1777318655271000,47.39774189667573,8.545593864305557,487.99655,487.99615,0.019706387,2.482983,2.5829837,nan,2,2,0,0
1777318655279000,1777318655279000,47.39774189650766,8.545593863489312,487.99658,487.9962,0.019706387,2.4830036,2.5829983,nan,2,2,0,0
1777318655287000,1777318655287000,47.397741896440955,8.545593862526736,487.99664,487.9963,0.019706387,2.4828937,2.5829043,nan,2,2,0,0
1777318655295000,1777318655295000,47.39774189631883,8.545593861570419,487.99667,487.99634,0.019706387,2.4829133,2.5829217,nan,2,2,0,0
1777318655303000,1777318655303000,47.397741896137425,8.545593860609111,487.99673,487.9964,0.019706387,2.482933,2.5829394,nan,2,2,0,0
1777318655311000,1777318655311000,47.39774189590314,8.545593859659895,487.99677,487.99643,0.019706387,2.482953,2.582957,nan,2,2,0,0
1777318655319000,1777318655319000,47.39774189562089,8.545593858726999,487.99683,487.9965,0.019706387,2.482973,2.5829751,nan,2,2,0,0
1777318655327000,1777318655327000,47.39774189530632,8.545593857785079,487.99686,487.99652,0.019706387,2.4829936,2.5829895,nan,2,2,0,0
1777318655335000,1777318655335000,47.397741894965655,8.545593856831637,487.99692,487.99658,0.019706387,2.483014,2.5830076,nan,2,2,0,0
1777318655343000,1777318655343000,47.3977418948407,8.54559385602856,487.99698,487.99673,0.019706387,2.4829035,2.582913,nan,2,2,0,0
1777318655351000,1777318655351000,47.397741894681296,8.54559385521206,487.99704,487.9968,0.019706387,2.482923,2.5829306,nan,2,2,0,0
1777318655359000,1777318655359000,47.39774189448134,8.545593854408953,487.9971,487.99686,0.019706387,2.482943,2.5829482,nan,2,2,0,0
1777318655367000,1777318655367000,47.39774189424016,8.545593853606169,487.99713,487.9969,0.019706387,2.482963,2.582966,nan,2,2,0,0
1777318655375000,1777318655375000,47.39774189397216,8.54559385279891,487.9972,487.99695,0.019706387,2.4829834,2.5829842,nan,2,2,0,0
1777318655383000,1777318655383000,47.39774189367567,8.545593852005165,487.99722,487.99698,0.019706387,2.4830036,2.5830023,nan,2,2,0,0
1777318655391000,1777318655391000,47.39774189362586,8.54559385136035,487.99728,487.9971,0.019706387,2.482894,2.582908,nan,2,2,0,0
1777318655399000,1777318655399000,47.39774189359209,8.545593850688592,487.99734,487.99716,0.019706387,2.4829135,2.5829256,nan,2,2,0,0
1777318655407000,1777318655407000,47.397741893543255,8.545593850033756,487.9974,487.99722,0.019706387,2.4829333,2.5829432,nan,2,2,0,0
1777318655415000,1777318655415000,47.39774189346139,8.545593849387512,487.99744,487.99725,0.019706387,2.4829533,2.582961,nan,2,2,0,0
1777318655423000,1777318655423000,47.39774189334537,8.545593848737017,487.9975,487.9973,0.019706387,2.4829733,2.582979,nan,2,2,0,0
1777318655431000,1777318655431000,47.39774189320307,8.545593848079996,487.99756,487.99738,0.019706387,2.4829938,2.5829933,nan,2,2,0,0
1777318655439000,1777318655439000,47.3977418930189,8.545593847442927,487.9976,487.9974,0.019706387,2.4830143,2.5830116,nan,2,2,0,0
1777318655447000,1777318655447000,47.39774189295617,8.54559384693283,487.99765,487.9975,0.019706387,2.4829037,2.5829165,nan,2,2,0,0
1777318655455000,1777318655455000,47.39774189285755,8.545593846386355,487.9977,487.99756,0.019706387,2.4829233,2.5829341,nan,2,2,0,0
1777318655463000,1777318655463000,47.39774189272488,8.545593845803799,487.99777,487.99762,0.019706387,2.482943,2.582952,nan,2,2,0,0
1777318655471000,1777318655471000,47.397741892567254,8.545593845196192,487.9978,487.99765,0.019706387,2.4829633,2.58297,nan,2,2,0,0
1777318655479000,1777318655479000,47.397741892385895,8.54559384460033,487.99786,487.9977,0.019706387,2.4829834,2.5829842,nan,2,2,0,0
1777318655487000,1777318655487000,47.39774189218164,8.54559384400243,487.99792,487.99777,0.019706387,2.4830039,2.5830023,nan,2,2,0,0
1777318655495000,1777318655495000,47.397741891952755,8.54559384337033,487.99796,487.9978,0.019706387,2.4830246,2.5830207,nan,2,2,0,0
1777318655503000,1777318655503000,47.39774189185234,8.545593842982036,487.99802,487.9979,0.019706387,2.482913,2.582925,nan,2,2,0,0
1777318655511000,1777318655511000,47.3977418917263,8.54559384258633,487.99808,487.99796,0.019706387,2.4829328,2.5829427,nan,2,2,0,0
1777318655519000,1777318655519000,47.39774189158029,8.545593842175084,487.9981,487.998,0.019706387,2.4829526,2.5829604,nan,2,2,0,0
1777318655527000,1777318655527000,47.39774189142913,8.545593841763392,487.99817,487.99805,0.019706387,2.4829729,2.5829747,nan,2,2,0,0
1777318655535000,1777318655535000,47.39774189126287,8.545593841357187,487.9982,487.99808,0.019706387,2.4829931,2.5829928,nan,2,2,0,0
1777318655543000,1777318655543000,47.397741891068634,8.545593840968397,487.99826,487.99814,0.019706387,2.4830136,2.5830112,nan,2,2,0,0
1777318655551000,1777318655551000,47.39774189100828,8.54559384090134,487.9983,487.99814,0.019706387,2.482903,2.5829163,nan,2,2,0,0
1777318655559000,1777318655559000,47.39774189093503,8.54559384081834,487.99832,487.99817,0.019706387,2.4829228,2.5829337,nan,2,2,0,0
1777318655567000,1777318655567000,47.397741890834624,8.545593840714849,487.99835,487.9982,0.019706387,2.4829426,2.5829513,nan,2,2,0,0
1777318655575000,1777318655575000,47.397741890717505,8.545593840583036,487.99838,487.99823,0.019706387,2.4829626,2.5829694,nan,2,2,0,0
1777318655583000,1777318655583000,47.39774189058089,8.545593840407408,487.9984,487.99826,0.019706387,2.4829829,2.5829837,nan,2,2,0,0
1777318655591000,1777318655591000,47.397741890401434,8.545593840182708,487.99844,487.9983,0.019706387,2.4830034,2.5830019,nan,2,2,0,0
1777318655599000,1777318655599000,47.39774189018895,8.545593839940468,487.99847,487.99832,0.019706387,2.483024,2.58302,nan,2,2,0,0
1777318655607000,1777318655607000,47.39774189000643,8.545593839983496,487.99847,487.99832,0.019706387,2.4829125,2.5829246,nan,2,2,0,0
1777318655615000,1777318655615000,47.3977418898175,8.5455938399942,487.9985,487.99835,0.019706387,2.482932,2.5829422,nan,2,2,0,0
1777318655623000,1777318655623000,47.39774188962961,8.545593839986337,487.99854,487.99838,0.019706387,2.482952,2.58296,nan,2,2,0,0
1777318655631000,1777318655631000,47.39774188942989,8.54559383997032,487.99854,487.99838,0.019706387,2.4829724,2.5829742,nan,2,2,0,0
1777318655639000,1777318655639000,47.397741889182726,8.545593839945763,487.99854,487.99838,0.019706387,2.4829926,2.5829923,nan,2,2,0,0
1777318655647000,1777318655647000,47.39774188886663,8.545593839899203,487.99857,487.9984,0.019706387,2.4830132,2.5830107,nan,2,2,0,0
1777318655655000,1777318655655000,47.39774188867621,8.545593840134785,487.99857,487.99838,0.019706387,2.4829025,2.5829158,nan,2,2,0,0
1777318655663000,1777318655663000,47.39774188849141,8.545593840352556,487.99857,487.99838,0.019706387,2.4829223,2.5829332,nan,2,2,0,0
1777318655671000,1777318655671000,47.397741888284585,8.545593840553407,487.99857,487.99838,0.019706387,2.482942,2.582951,nan,2,2,0,0
1777318655679000,1777318655679000,47.39774188802268,8.545593840689365,487.99857,487.99838,0.019706387,2.4829621,2.5829651,nan,2,2,0,0
1777318655687000,1777318655687000,47.397741887708996,8.545593840743456,487.99857,487.99838,0.019706387,2.4829824,2.5829833,nan,2,2,0,0
1777318655695000,1777318655695000,47.397741887366834,8.545593840766099,487.99857,487.99838,0.019706387,2.483003,2.5830014,nan,2,2,0,0
1777318655703000,1777318655703000,47.39774188713788,8.545593841006754,487.99857,487.99838,0.019706387,2.4828932,2.5829072,nan,2,2,0,0
1777318655711000,1777318655711000,47.39774188688002,8.54559384126052,487.99857,487.99838,0.019706387,2.4829128,2.5829246,nan,2,2,0,0
1777318655719000,1777318655719000,47.397741886614284,8.545593841469444,487.99857,487.99838,0.019706387,2.4829326,2.5829422,nan,2,2,0,0
1777318655727000,1777318655727000,47.39774188634032,8.545593841617336,487.99857,487.99838,0.019706387,2.4829524,2.5829566,nan,2,2,0,0
1777318655735000,1777318655735000,47.397741886045715,8.545593841748234,487.99857,487.99838,0.019706387,2.4829726,2.5829744,nan,2,2,0,0
1777318655743000,1777318655743000,47.39774188571355,8.545593841875561,487.99857,487.99838,0.019706387,2.482993,2.5829926,nan,2,2,0,0
1777318655751000,1777318655751000,47.39774188534173,8.545593841983223,487.99854,487.99835,0.019706387,2.4830134,2.5830107,nan,2,2,0,0
1777318655759000,1777318655759000,47.39774188510103,8.545593842198253,487.99854,487.99835,0.019706387,2.482903,2.5829158,nan,2,2,0,0
1777318655767000,1777318655767000,47.39774188483505,8.545593842392453,487.99854,487.99835,0.019706387,2.4829226,2.5829334,nan,2,2,0,0
1777318655775000,1777318655775000,47.39774188454136,8.545593842553883,487.9985,487.99832,0.019706387,2.4829423,2.582951,nan,2,2,0,0
1777318655783000,1777318655783000,47.397741884213595,8.545593842700796,487.9985,487.99832,0.019706387,2.4829624,2.5829654,nan,2,2,0,0
1777318655791000,1777318655791000,47.39774188384985,8.545593842847396,487.9985,487.99832,0.019706387,2.4829826,2.5829833,nan,2,2,0,0
1777318655799000,1777318655799000,47.39774188344579,8.545593842982854,487.99847,487.9983,0.019706387,2.4830031,2.5830014,nan,2,2,0,0
1777318655807000,1777318655807000,47.397741883143176,8.545593843229776,487.99847,487.99832,0.019706387,2.4828935,2.5829072,nan,2,2,0,0
1777318655815000,1777318655815000,47.397741882785205,8.545593843463733,487.99847,487.99832,0.019706387,2.4829128,2.5829248,nan,2,2,0,0
1777318655823000,1777318655823000,47.3977418824035,8.54559384365216,487.99847,487.99832,0.019706387,2.4829326,2.5829425,nan,2,2,0,0
1777318655831000,1777318655831000,47.397741882015836,8.545593843789776,487.99847,487.99832,0.019706387,2.4829526,2.5829566,nan,2,2,0,0
1777318655839000,1777318655839000,47.39774188160387,8.545593843908454,487.99847,487.99832,0.019706387,2.4829726,2.5829747,nan,2,2,0,0
1777318655847000,1777318655847000,47.39774188115374,8.545593844018386,487.99844,487.9983,0.019706387,2.4829931,2.5829926,nan,2,2,0,0
1777318655855000,1777318655855000,47.39774188068042,8.54559384409557,487.99844,487.9983,0.019706387,2.4830136,2.583011,nan,2,2,0,0
1777318655863000,1777318655863000,47.397741880351,8.545593844149487,487.99844,487.99826,0.019706387,2.482903,2.582916,nan,2,2,0,0
1777318655871000,1777318655871000,47.397741879996815,8.545593844149957,487.9984,487.99823,0.019706387,2.4829228,2.5829334,nan,2,2,0,0
1777318655879000,1777318655879000,47.397741879611,8.545593844106046,487.9984,487.99823,0.019706387,2.4829426,2.5829477,nan,2,2,0,0
1777318655887000,1777318655887000,47.397741879189915,8.545593844030302,487.9984,487.99823,0.019706387,2.4829626,2.5829656,nan,2,2,0,0
1777318655895000,1777318655895000,47.397741878758566,8.545593843913961,487.99838,487.9982,0.019706387,2.4829829,2.5829835,nan,2,2,0,0
1777318655903000,1777318655903000,47.397741878311535,8.545593843753418,487.99838,487.9982,0.019706387,2.4830031,2.5830016,nan,2,2,0,0
1777318655911000,1777318655911000,47.397741878104874,8.545593843594709,487.99835,487.99817,0.019706387,2.4828937,2.5829074,nan,2,2,0,0
1777318655919000,1777318655919000,47.397741877845895,8.545593843408806,487.99835,487.99817,0.019706387,2.482913,2.5829248,nan,2,2,0,0
1777318655927000,1777318655927000,47.397741877541165,8.545593843214785,487.99832,487.99814,0.019706387,2.4829328,2.582939,nan,2,2,0,0
1777318655935000,1777318655935000,47.3977418772194,8.545593843003381,487.99832,487.99814,0.019706387,2.4829528,2.5829568,nan,2,2,0,0
1777318655943000,1777318655943000,47.39774187689823,8.545593842764976,487.9983,487.9981,0.019706387,2.4829729,2.5829747,nan,2,2,0,0
1777318655951000,1777318655951000,47.39774187656985,8.545593842494434,487.9983,487.9981,0.019706387,2.4829934,2.5829928,nan,2,2,0,0
1777318655959000,1777318655959000,47.3977418762105,8.545593842202559,487.99826,487.99808,0.019706387,2.4830139,2.5830112,nan,2,2,0,0
1777318655967000,1777318655967000,47.39774187598083,8.54559384222407,487.99823,487.99792,0.019706387,2.4829032,2.582916,nan,2,2,0,0
1777318655975000,1777318655975000,47.39774187571803,8.545593842190488,487.99817,487.99786,0.019706387,2.4829228,2.5829337,nan,2,2,0,0
1777318655983000,1777318655983000,47.397741875400364,8.545593842110852,487.99814,487.99783,0.019706387,2.4829428,2.5829477,nan,2,2,0,0
1777318655991000,1777318655991000,47.397741875029105,8.545593842002617,487.9981,487.9978,0.019706387,2.4829628,2.5829656,nan,2,2,0,0
1777318655999000,1777318655999000,47.39774187461829,8.545593841855702,487.99808,487.99777,0.019706387,2.4829829,2.5829837,nan,2,2,0,0
1777318656007000,1777318656007000,47.3977418741649,8.545593841683639,487.99805,487.99774,0.019706387,2.4830034,2.5830019,nan,2,2,0,0
1777318656015000,1777318656015000,47.397741873953365,8.545593841841194,487.99802,487.99768,0.019706387,2.4828937,2.5829077,nan,2,2,0,0
1777318656023000,1777318656023000,47.39774187369957,8.545593842006973,487.998,487.99765,0.019706387,2.4829133,2.582925,nan,2,2,0,0
1777318656031000,1777318656031000,47.39774187340305,8.545593842140983,487.99792,487.9976,0.019706387,2.482933,2.5829391,nan,2,2,0,0
1777318656039000,1777318656039000,47.397741873065634,8.545593842246292,487.9979,487.99756,0.019706387,2.482953,2.582957,nan,2,2,0,0
1777318656047000,1777318656047000,47.397741872687845,8.545593842339958,487.99786,487.99753,0.019706387,2.482973,2.582975,nan,2,2,0,0
1777318656055000,1777318656055000,47.397741872313695,8.545593842401212,487.99783,487.9975,0.019706387,2.4829934,2.582993,nan,2,2,0,0
1777318656063000,1777318656063000,47.39774187194023,8.545593842426213,487.9978,487.99747,0.019706387,2.483014,2.5830112,nan,2,2,0,0
1777318656071000,1777318656071000,47.3977418719122,8.545593842593476,487.99777,487.99738,0.019706387,2.4829035,2.5829163,nan,2,2,0,0
1777318656079000,1777318656079000,47.39774187185712,8.54559384273958,487.99774,487.99734,0.019706387,2.482923,2.5829303,nan,2,2,0,0
1777318656087000,1777318656087000,47.39774187177068,8.545593842865696,487.9977,487.9973,0.019706387,2.482943,2.582948,nan,2,2,0,0
1777318656095000,1777318656095000,47.39774187165769,8.545593842994137,487.99765,487.99725,0.019706387,2.4829628,2.5829659,nan,2,2,0,0
1777318656103000,1777318656103000,47.39774187153125,8.54559384310212,487.99762,487.99722,0.019706387,2.482983,2.582984,nan,2,2,0,0
1777318656111000,1777318656111000,47.397741871401486,8.545593843170192,487.9976,487.9972,0.019706387,2.4830036,2.583002,nan,2,2,0,0
1777318656119000,1777318656119000,47.397741871243895,8.545593843195197,487.99756,487.99716,0.019706387,2.4830244,2.5830204,nan,2,2,0,0
1777318656127000,1777318656127000,47.39774187132443,8.545593843346493,487.99753,487.9971,0.019706387,2.4829128,2.582921,nan,2,2,0,0
1777318656135000,1777318656135000,47.39774187138244,8.545593843479365,487.9975,487.99707,0.019706387,2.4829326,2.582939,nan,2,2,0,0
1777318656143000,1777318656143000,47.397741871413906,8.545593843582694,487.99744,487.997,0.019706387,2.4829524,2.5829566,nan,2,2,0,0
1777318656151000,1777318656151000,47.397741871428195,8.545593843650723,487.9974,487.99698,0.019706387,2.4829726,2.5829747,nan,2,2,0,0
1777318656159000,1777318656159000,47.39774187141275,8.54559384367719,487.99738,487.99695,0.019706387,2.482993,2.5829928,nan,2,2,0,0
1777318656167000,1777318656167000,47.39774187136849,8.545593843659875,487.99734,487.99692,0.019706387,2.4830134,2.583011,nan,2,2,0,0
1777318656175000,1777318656175000,47.397741871585346,8.545593843915594,487.9973,487.99692,0.019706387,2.482903,2.582916,nan,2,2,0,0
1777318656183000,1777318656183000,47.397741871792746,8.545593844100644,487.99728,487.9969,0.019706387,2.4829226,2.5829334,nan,2,2,0,0
1777318656191000,1777318656191000,47.3977418719736,8.5455938442448,487.99728,487.9969,0.019706387,2.4829423,2.5829513,nan,2,2,0,0
1777318656199000,1777318656199000,47.39774187209923,8.545593844343198,487.99725,487.99686,0.019706387,2.4829624,2.5829692,nan,2,2,0,0
1777318656207000,1777318656207000,47.397741872178166,8.545593844401317,487.99722,487.99683,0.019706387,2.4829826,2.5829873,nan,2,2,0,0
1777318656215000,1777318656215000,47.39774187222772,8.545593844421292,487.99722,487.99683,0.019706387,2.4830031,2.5830054,nan,2,2,0,0
1777318656223000,1777318656223000,47.39774187250162,8.545593844575095,487.9972,487.99683,0.019706387,2.4828935,2.5829108,nan,2,2,0,0
1777318656231000,1777318656231000,47.3977418727348,8.545593844726254,487.99716,487.9968,0.019706387,2.482913,2.5829248,nan,2,2,0,0
1777318656239000,1777318656239000,47.39774187293613,8.545593844863035,487.99713,487.99677,0.019706387,2.4829326,2.5829425,nan,2,2,0,0
1777318656247000,1777318656247000,47.3977418730833,8.545593844987103,487.9971,487.99673,0.019706387,2.4829526,2.5829604,nan,2,2,0,0
1777318656255000,1777318656255000,47.39774187318025,8.545593845104394,487.9971,487.99673,0.019706387,2.4829729,2.5829782,nan,2,2,0,0
1777318656263000,1777318656263000,47.39774187326395,8.545593845197542,487.99707,487.9967,0.019706387,2.4829931,2.5829964,nan,2,2,0,0
1777318656271000,1777318656271000,47.39774187332143,8.54559384526145,487.99704,487.99667,0.019706387,2.4830136,2.5830147,nan,2,2,0,0
1777318656279000,1777318656279000,47.397741873600026,8.545593845358637,487.99704,487.9967,0.019706387,2.482903,2.5829194,nan,2,2,0,0
1777318656287000,1777318656287000,47.397741873852425,8.545593845475162,487.997,487.99667,0.019706387,2.4829228,2.582937,nan,2,2,0,0
1777318656295000,1777318656295000,47.39774187405157,8.545593845566978,487.997,487.99667,0.019706387,2.4829426,2.582955,nan,2,2,0,0
1777318656303000,1777318656303000,47.397741874210716,8.545593845635745,487.997,487.99667,0.019706387,2.4829626,2.5829728,nan,2,2,0,0
1777318656311000,1777318656311000,47.39774187432946,8.545593845667494,487.99698,487.99664,0.019706387,2.4829829,2.582991,nan,2,2,0,0
1777318656319000,1777318656319000,47.39774187440674,8.545593845654428,487.99698,487.99664,0.019706387,2.4830031,2.583009,nan,2,2,0,0
1777318656327000,1777318656327000,47.3977418744425,8.545593845613528,487.99698,487.99664,0.019706387,2.483024,2.5830235,nan,2,2,0,0
1777318656335000,1777318656335000,47.39774187478278,8.54559384570668,487.99698,487.99664,0.019706387,2.4829123,2.5829277,nan,2,2,0,0
1777318656343000,1777318656343000,47.39774187508197,8.54559384575258,487.99695,487.9966,0.019706387,2.482932,2.5829453,nan,2,2,0,0
1777318656351000,1777318656351000,47.39774187534434,8.54559384575795,487.99695,487.9966,0.019706387,2.482952,2.5829632,nan,2,2,0,0
1777318656359000,1777318656359000,47.39774187558113,8.54559384575469,487.99692,487.99658,0.019706387,2.4829721,2.5829813,nan,2,2,0,0
1777318656367000,1777318656367000,47.39774187580264,8.545593845721003,487.99692,487.99658,0.019706387,2.4829926,2.5829992,nan,2,2,0,0
1777318656375000,1777318656375000,47.39774187599986,8.545593845654905,487.9969,487.99655,0.019706387,2.4830132,2.5830176,nan,2,2,0,0
1777318656383000,1777318656383000,47.39774187650333,8.545593845793059,487.9969,487.9965,0.019706387,2.4829025,2.5829222,nan,2,2,0,0
1777318656391000,1777318656391000,47.39774187697412,8.5455938459063,487.99686,487.99646,0.019706387,2.4829223,2.5829399,nan,2,2,0,0
1777318656399000,1777318656399000,47.39774187739708,8.54559384598411,487.99683,487.99643,0.019706387,2.482942,2.5829575,nan,2,2,0,0
1777318656407000,1777318656407000,47.397741877781804,8.545593846028801,487.99677,487.99637,0.019706387,2.4829621,2.5829754,nan,2,2,0,0
1777318656415000,1777318656415000,47.39774187813976,8.545593846042282,487.99673,487.99634,0.019706387,2.4829824,2.5829935,nan,2,2,0,0
1777318656423000,1777318656423000,47.397741878452344,8.54559384601891,487.9967,487.9963,0.019706387,2.4830027,2.5830119,nan,2,2,0,0
1777318656431000,1777318656431000,47.397741878711344,8.54559384595447,487.99667,487.99628,0.019706387,2.4830234,2.5830264,nan,2,2,0,0
1777318656439000,1777318656439000,47.39774187914047,8.545593846101445,487.99664,487.99625,0.019706387,2.4829118,2.5829303,nan,2,2,0,0
1777318656447000,1777318656447000,47.39774187951213,8.545593846224952,487.9966,487.99622,0.019706387,2.4829316,2.582948,nan,2,2,0,0
1777318656455000,1777318656455000,47.39774187983291,8.545593846302747,487.99658,487.9962,0.019706387,2.4829516,2.5829659,nan,2,2,0,0
1777318656463000,1777318656463000,47.39774188010425,8.545593846320399,487.99655,487.99615,0.019706387,2.4829717,2.582984,nan,2,2,0,0
1777318656471000,1777318656471000,47.39774188033482,8.545593846316798,487.99652,487.99612,0.019706387,2.482992,2.583002,nan,2,2,0,0
1777318656479000,1777318656479000,47.39774188053967,8.545593846295956,487.9965,487.9961,0.019706387,2.4830127,2.5830164,nan,2,2,0,0
1777318656487000,1777318656487000,47.39774188093268,8.545593846278885,487.99646,487.99606,0.019706387,2.482902,2.5829213,nan,2,2,0,0
1777318656495000,1777318656495000,47.39774188129333,8.545593846208549,487.99643,487.99603,0.019706387,2.4829218,2.5829387,nan,2,2,0,0
1777318656503000,1777318656503000,47.39774188163065,8.545593846106117,487.99643,487.99603,0.019706387,2.4829414,2.5829566,nan,2,2,0,0
1777318656511000,1777318656511000,47.39774188194609,8.54559384601141,487.9964,487.996,0.019706387,2.4829617,2.5829744,nan,2,2,0,0
1777318656519000,1777318656519000,47.39774188223977,8.54559384591006,487.99637,487.99597,0.019706387,2.482982,2.5829926,nan,2,2,0,0
1777318656527000,1777318656527000,47.3977418824994,8.545593845781061,487.99634,487.99594,0.019706387,2.4830022,2.583007,nan,2,2,0,0
1777318656535000,1777318656535000,47.39774188274082,8.545593845571563,487.99634,487.99594,0.019706387,2.483023,2.5830252,nan,2,2,0,0
1777318656543000,1777318656543000,47.397741883091456,8.545593845479548,487.9963,487.9959,0.019706387,2.4829113,2.5829294,nan,2,2,0,0
1777318656551000,1777318656551000,47.3977418834085,8.54559384537758,487.9963,487.9959,0.019706387,2.4829311,2.582947,nan,2,2,0,0
1777318656559000,1777318656559000,47.39774188370025,8.545593845260083,487.99628,487.99588,0.019706387,2.4829512,2.582965,nan,2,2,0,0
1777318656567000,1777318656567000,47.3977418839799,8.545593845096748,487.99628,487.99588,0.019706387,2.4829712,2.5829828,nan,2,2,0,0
1777318656575000,1777318656575000,47.39774188424096,8.545593844911952,487.99625,487.99585,0.019706387,2.4829915,2.583001,nan,2,2,0,0
1777318656583000,1777318656583000,47.39774188448451,8.545593844724614,487.99625,487.99585,0.019706387,2.4830122,2.5830154,nan,2,2,0,0
1777318656591000,1777318656591000,47.39774188494147,8.545593844772116,487.99622,487.99582,0.019706387,2.4829016,2.5829203,nan,2,2,0,0
1777318656599000,1777318656599000,47.397741885384626,8.545593844800877,487.99622,487.99582,0.019706387,2.4829214,2.582938,nan,2,2,0,0
1777318656607000,1777318656607000,47.39774188580147,8.545593844800319,487.99622,487.99582,0.019706387,2.482941,2.5829556,nan,2,2,0,0
1777318656615000,1777318656615000,47.397741886181144,8.545593844749213,487.9962,487.9958,0.019706387,2.4829612,2.5829735,nan,2,2,0,0
1777318656623000,1777318656623000,47.39774188653249,8.545593844667838,487.9962,487.9958,0.019706387,2.4829812,2.5829916,nan,2,2,0,0
1777318656631000,1777318656631000,47.3977418868398,8.545593844574908,487.99615,487.99576,0.019706387,2.4830017,2.583006,nan,2,2,0,0
1777318656639000,1777318656639000,47.397741887111486,8.54559384446132,487.99615,487.99576,0.019706387,2.4830225,2.5830243,nan,2,2,0,0
1777318656647000,1777318656647000,47.397741887577794,8.545593844604685,487.99612,487.9957,0.019706387,2.482911,2.5829284,nan,2,2,0,0
1777318656655000,1777318656655000,47.39774188801012,8.545593844755787,487.99612,487.9957,0.019706387,2.4829307,2.582946,nan,2,2,0,0
1777318656663000,1777318656663000,47.39774188838932,8.545593844915107,487.9961,487.99567,0.019706387,2.4829507,2.582964,nan,2,2,0,0
1777318656671000,1777318656671000,47.397741888731154,8.54559384508025,487.99606,487.99564,0.019706387,2.4829707,2.582982,nan,2,2,0,0
1777318656679000,1777318656679000,47.39774188905167,8.545593845225122,487.99606,487.99564,0.019706387,2.482991,2.5829964,nan,2,2,0,0
1777318656687000,1777318656687000,47.39774188933836,8.545593845336253,487.99603,487.9956,0.019706387,2.4830117,2.5830145,nan,2,2,0,0
1777318656695000,1777318656695000,47.397741889813744,8.545593845648254,487.996,487.99554,0.019706387,2.482901,2.5829194,nan,2,2,0,0
1777318656703000,1777318656703000,47.39774189027864,8.545593845912851,487.99597,487.9955,0.019706387,2.482921,2.582937,nan,2,2,0,0
1777318656711000,1777318656711000,47.39774189072514,8.545593846158996,487.99594,487.99548,0.019706387,2.4829407,2.5829546,nan,2,2,0,0
1777318656719000,1777318656719000,47.39774189112493,8.545593846383397,487.9959,487.99545,0.019706387,2.4829607,2.5829725,nan,2,2,0,0
1777318656727000,1777318656727000,47.39774189147238,8.545593846539413,487.9959,487.99545,0.019706387,2.482981,2.582987,nan,2,2,0,0
1777318656735000,1777318656735000,47.39774189180636,8.545593846642545,487.99588,487.99542,0.019706387,2.4830012,2.5830052,nan,2,2,0,0
1777318656743000,1777318656743000,47.39774189211728,8.545593846713501,487.99585,487.9954,0.019706387,2.483022,2.5830233,nan,2,2,0,0
1777318656751000,1777318656751000,47.397741892592215,8.545593846855484,487.99585,487.99542,0.019706387,2.4829106,2.5829277,nan,2,2,0,0
1777318656759000,1777318656759000,47.39774189303605,8.545593846955988,487.99585,487.99542,0.019706387,2.4829302,2.5829453,nan,2,2,0,0
1777318656767000,1777318656767000,47.39774189344208,8.545593847011624,487.99582,487.9954,0.019706387,2.4829502,2.5829632,nan,2,2,0,0
1777318656775000,1777318656775000,47.397741893808316,8.545593846986563,487.99582,487.9954,0.019706387,2.4829702,2.582981,nan,2,2,0,0
1777318656783000,1777318656783000,47.39774189413442,8.545593846914697,487.99582,487.9954,0.019706387,2.4829905,2.5829954,nan,2,2,0,0
1777318656791000,1777318656791000,47.39774189443703,8.545593846805396,487.9958,487.99536,0.019706387,2.483011,2.5830135,nan,2,2,0,0
1777318656799000,1777318656799000,47.39774189493605,8.545593846589748,487.9958,487.99545,0.019706387,2.4829009,2.5829186,nan,2,2,0,0
1777318656807000,1777318656807000,47.397741895427984,8.545593846308652,487.9958,487.99545,0.019706387,2.4829204,2.5829363,nan,2,2,0,0
1777318656815000,1777318656815000,47.39774189590941,8.545593846006883,487.9958,487.99545,0.019706387,2.4829402,2.582954,nan,2,2,0,0
1777318656823000,1777318656823000,47.39774189636275,8.545593845684044,487.9958,487.99545,0.019706387,2.4829602,2.5829718,nan,2,2,0,0
1777318656831000,1777318656831000,47.39774189677679,8.545593845346621,487.9958,487.99545,0.019706387,2.4829805,2.582986,nan,2,2,0,0
1777318656839000,1777318656839000,47.397741897151235,8.545593844975581,487.9958,487.99545,0.019706387,2.4830008,2.5830042,nan,2,2,0,0
1777318656847000,1777318656847000,47.397741897599715,8.545593844634906,487.9958,487.99554,0.019706387,2.4828913,2.5829098,nan,2,2,0,0
1777318656855000,1777318656855000,47.397741898048274,8.54559384426386,487.9958,487.99554,0.019706387,2.4829109,2.5829275,nan,2,2,0,0
1777318656863000,1777318656863000,47.397741898493415,8.545593843893865,487.9958,487.99554,0.019706387,2.4829307,2.582945,nan,2,2,0,0
1777318656871000,1777318656871000,47.397741898919335,8.54559384349602,487.9958,487.99554,0.019706387,2.4829504,2.5829628,nan,2,2,0,0
1777318656879000,1777318656879000,47.397741899330434,8.54559384303505,487.9958,487.99554,0.019706387,2.4829707,2.582977,nan,2,2,0,0
1777318656887000,1777318656887000,47.397741899733255,8.545593842538143,487.99582,487.99557,0.019706387,2.482991,2.5829952,nan,2,2,0,0
1777318656895000,1777318656895000,47.39774190014383,8.54559384201011,487.99582,487.99557,0.019706387,2.4830115,2.5830135,nan,2,2,0,0
1777318656903000,1777318656903000,47.397741900553946,8.545593841463194,487.99582,487.9956,0.019706387,2.482901,2.5829184,nan,2,2,0,0
1777318656911000,1777318656911000,47.3977419009342,8.545593840936078,487.99582,487.9956,0.019706387,2.4829206,2.582936,nan,2,2,0,0
1777318656919000,1777318656919000,47.39774190128409,8.545593840423178,487.99582,487.9956,0.019706387,2.4829404,2.5829537,nan,2,2,0,0
1777318656927000,1777318656927000,47.3977419016106,8.54559383990302,487.99585,487.99564,0.019706387,2.4829605,2.582968,nan,2,2,0,0
1777318656935000,1777318656935000,47.39774190193369,8.545593839345997,487.99585,487.99564,0.019706387,2.4829807,2.5829859,nan,2,2,0,0
1777318656943000,1777318656943000,47.39774190224501,8.545593838753586,487.99585,487.99564,0.019706387,2.4830012,2.5830042,nan,2,2,0,0
1777318656951000,1777318656951000,47.397741902502474,8.545593838123194,487.99585,487.99564,0.019706387,2.4830217,2.5830224,nan,2,2,0,0
1777318656959000,1777318656959000,47.397741902908976,8.545593837496952,487.99588,487.99573,0.019706387,2.4829104,2.5829268,nan,2,2,0,0
1777318656967000,1777318656967000,47.39774190329438,8.545593836861062,487.99588,487.99573,0.019706387,2.4829302,2.5829444,nan,2,2,0,0
1777318656975000,1777318656975000,47.39774190364619,8.545593836217925,487.9959,487.99576,0.019706387,2.48295,2.5829623,nan,2,2,0,0
1777318656983000,1777318656983000,47.39774190398583,8.545593835602173,487.9959,487.99576,0.019706387,2.4829702,2.5829763,nan,2,2,0,0
1777318656991000,1777318656991000,47.39774190431858,8.54559383500181,487.99594,487.9958,0.019706387,2.4829905,2.5829945,nan,2,2,0,0
1777318656999000,1777318656999000,47.397741904649806,8.545593834373078,487.99594,487.9958,0.019706387,2.483011,2.5830128,nan,2,2,0,0
1777318657007000,1777318657007000,47.39774190504235,8.545593833913852,487.99597,487.99588,0.019706387,2.4829006,2.5829177,nan,2,2,0,0
1777318657015000,1777318657015000,47.39774190542256,8.545593833428835,487.99597,487.99588,0.019706387,2.4829202,2.5829353,nan,2,2,0,0
1777318657023000,1777318657023000,47.397741905794,8.545593832916648,487.996,487.9959,0.019706387,2.48294,2.582953,nan,2,2,0,0
1777318657031000,1777318657031000,47.39774190614984,8.545593832379216,487.996,487.9959,0.019706387,2.48296,2.5829673,nan,2,2,0,0
1777318657039000,1777318657039000,47.39774190648987,8.54559383186196,487.99603,487.99594,0.019706387,2.4829803,2.5829854,nan,2,2,0,0
1777318657047000,1777318657047000,47.397741906828045,8.545593831352233,487.99603,487.99594,0.019706387,2.4830008,2.5830033,nan,2,2,0,0
1777318657055000,1777318657055000,47.3977419071585,8.54559383082127,487.99606,487.99597,0.019706387,2.4830213,2.5830216,nan,2,2,0,0
1777318657063000,1777318657063000,47.397741907609216,8.545593830566137,487.99606,487.99603,0.019706387,2.4829102,2.582926,nan,2,2,0,0
1777318657071000,1777318657071000,47.39774190800872,8.545593830291962,487.9961,487.99606,0.019706387,2.4829297,2.5829437,nan,2,2,0,0
1777318657079000,1777318657079000,47.397741908371124,8.545593829978001,487.99612,487.9961,0.019706387,2.4829497,2.582958,nan,2,2,0,0
1777318657087000,1777318657087000,47.39774190871865,8.545593829614223,487.99615,487.99612,0.019706387,2.4829698,2.5829759,nan,2,2,0,0
1777318657095000,1777318657095000,47.39774190906861,8.54559382922323,487.9962,487.99615,0.019706387,2.48299,2.582994,nan,2,2,0,0
1777318657103000,1777318657103000,47.397741909409625,8.54559382877593,487.9962,487.99615,0.019706387,2.4830105,2.583012,nan,2,2,0,0
1777318657111000,1777318657111000,47.39774190986914,8.545593828375893,487.99622,487.9963,0.019706387,2.4829004,2.582917,nan,2,2,0,0
1777318657119000,1777318657119000,47.39774191028663,8.545593827919953,487.99628,487.99637,0.019706387,2.48292,2.5829346,nan,2,2,0,0
1777318657127000,1777318657127000,47.397741910657636,8.545593827407473,487.9963,487.9964,0.019706387,2.4829397,2.5829487,nan,2,2,0,0
1777318657135000,1777318657135000,47.39774191098948,8.545593826828778,487.99634,487.99643,0.019706387,2.4829597,2.5829666,nan,2,2,0,0
1777318657143000,1777318657143000,47.397741911297246,8.545593826205835,487.9964,487.9965,0.019706387,2.4829798,2.5829847,nan,2,2,0,0
1777318657151000,1777318657151000,47.39774191160969,8.545593825580596,487.99643,487.99652,0.019706387,2.4830003,2.5830028,nan,2,2,0,0
1777318657159000,1777318657159000,47.39774191215668,8.545593825045035,487.9965,487.99667,0.019706387,2.4828908,2.5829084,nan,2,2,0,0
1777318657167000,1777318657167000,47.39774191268864,8.5455938244555,487.99652,487.9967,0.019706387,2.4829104,2.582926,nan,2,2,0,0
1777318657175000,1777318657175000,47.397741913201166,8.545593823845506,487.99658,487.99677,0.019706387,2.4829302,2.5829437,nan,2,2,0,0
1777318657183000,1777318657183000,47.39774191368404,8.545593823217763,487.99664,487.99683,0.019706387,2.48295,2.5829577,nan,2,2,0,0
1777318657191000,1777318657191000,47.397741914139274,8.545593822539555,487.99667,487.99686,0.019706387,2.4829702,2.5829759,nan,2,2,0,0
1777318657199000,1777318657199000,47.39774191455681,8.545593821802504,487.99673,487.99692,0.019706387,2.4829903,2.5829937,nan,2,2,0,0
1777318657207000,1777318657207000,47.39774191496101,8.545593821039489,487.99677,487.99695,0.019706387,2.483011,2.583012,nan,2,2,0,0
1777318657215000,1777318657215000,47.397741915491636,8.545593820514988,487.99683,487.99704,0.019706387,2.4829006,2.582917,nan,2,2,0,0
1777318657223000,1777318657223000,47.397741916008115,8.545593819981592,487.99686,487.99707,0.019706387,2.4829202,2.5829346,nan,2,2,0,0
1777318657231000,1777318657231000,47.39774191651164,8.545593819445621,487.99692,487.99713,0.019706387,2.48294,2.5829487,nan,2,2,0,0
1777318657239000,1777318657239000,47.39774191700709,8.545593818872055,487.99695,487.99716,0.019706387,2.48296,2.5829666,nan,2,2,0,0
1777318657247000,1777318657247000,47.39774191749407,8.545593818259617,487.997,487.99722,0.019706387,2.4829803,2.5829847,nan,2,2,0,0
1777318657255000,1777318657255000,47.397741917948224,8.54559381762896,487.99704,487.99725,0.019706387,2.4830005,2.5830028,nan,2,2,0,0
1777318657263000,1777318657263000,47.39774191849907,8.545593817200853,487.9971,487.9973,0.019706387,2.482891,2.5829084,nan,2,2,0,0
1777318657271000,1777318657271000,47.39774191902039,8.545593816728582,487.99713,487.99734,0.019706387,2.4829106,2.582926,nan,2,2,0,0
1777318657279000,1777318657279000,47.3977419194915,8.545593816214097,487.99716,487.99738,0.019706387,2.4829304,2.5829437,nan,2,2,0,0
1777318657287000,1777318657287000,47.39774191992354,8.545593815653776,487.99722,487.99744,0.019706387,2.4829504,2.5829616,nan,2,2,0,0
1777318657295000,1777318657295000,47.3977419203426,8.545593815048534,487.99725,487.99747,0.019706387,2.4829705,2.5829794,nan,2,2,0,0
1777318657303000,1777318657303000,47.3977419207562,8.54559381438503,487.99728,487.9975,0.019706387,2.4829907,2.5829976,nan,2,2,0,0
1777318657311000,1777318657311000,47.39774192115806,8.545593813685528,487.9973,487.99753,0.019706387,2.4830112,2.5830157,nan,2,2,0,0
1777318657319000,1777318657319000,47.39774192165712,8.545593813204638,487.99738,487.99765,0.019706387,2.4829009,2.5829206,nan,2,2,0,0
1777318657327000,1777318657327000,47.39774192212944,8.54559381271049,487.9974,487.99768,0.019706387,2.4829204,2.5829346,nan,2,2,0,0
1777318657335000,1777318657335000,47.397741922587805,8.545593812223201,487.99744,487.9977,0.019706387,2.4829404,2.5829523,nan,2,2,0,0
1777318657343000,1777318657343000,47.39774192302365,8.54559381171446,487.9975,487.99777,0.019706387,2.4829602,2.5829701,nan,2,2,0,0
1777318657351000,1777318657351000,47.397741923447455,8.54559381117568,487.99753,487.9978,0.019706387,2.4829805,2.5829883,nan,2,2,0,0
1777318657359000,1777318657359000,47.397741923872985,8.545593810643929,487.99756,487.99783,0.019706387,2.483001,2.5830064,nan,2,2,0,0
1777318657367000,1777318657367000,47.39774192461531,8.54559381055145,487.99762,487.99796,0.019706387,2.4828916,2.5829117,nan,2,2,0,0
1777318657375000,1777318657375000,47.39774192533198,8.54559381041762,487.99768,487.99802,0.019706387,2.4829109,2.5829294,nan,2,2,0,0
1777318657383000,1777318657383000,47.397741926027145,8.545593810284428,487.99774,487.99808,0.019706387,2.4829307,2.582947,nan,2,2,0,0
1777318657391000,1777318657391000,47.39774192669496,8.545593810127434,487.99777,487.9981,0.019706387,2.4829507,2.582965,nan,2,2,0,0
1777318657399000,1777318657399000,47.39774192733205,8.545593809932894,487.9978,487.99814,0.019706387,2.4829707,2.5829828,nan,2,2,0,0
1777318657407000,1777318657407000,47.39774192794809,8.545593809695308,487.99786,487.9982,0.019706387,2.482991,2.583001,nan,2,2,0,0
1777318657415000,1777318657415000,47.3977419285359,8.545593809441424,487.9979,487.99823,0.019706387,2.4830117,2.5830193,nan,2,2,0,0
1777318657423000,1777318657423000,47.39774192928248,8.545593809584009,487.99792,487.99826,0.019706387,2.482901,2.582924,nan,2,2,0,0
1777318657431000,1777318657431000,47.397741929994304,8.545593809696545,487.99796,487.9983,0.019706387,2.482921,2.582938,nan,2,2,0,0
1777318657439000,1777318657439000,47.397741930687104,8.545593809771775,487.998,487.99832,0.019706387,2.4829407,2.5829556,nan,2,2,0,0
1777318657447000,1777318657447000,47.39774193135387,8.545593809807905,487.99802,487.99835,0.019706387,2.4829607,2.5829735,nan,2,2,0,0
1777318657455000,1777318657455000,47.39774193200973,8.545593809797907,487.99805,487.99838,0.019706387,2.482981,2.5829914,nan,2,2,0,0
1777318657463000,1777318657463000,47.39774193265474,8.545593809725029,487.99808,487.9984,0.019706387,2.4830012,2.5830097,nan,2,2,0,0
1777318657471000,1777318657471000,47.39774193341489,8.545593810082815,487.9981,487.9984,0.019706387,2.4828918,2.582915,nan,2,2,0,0
1777318657479000,1777318657479000,47.39774193417314,8.545593810406224,487.99814,487.99844,0.019706387,2.4829113,2.5829325,nan,2,2,0,0
1777318657487000,1777318657487000,47.39774193488905,8.54559381072201,487.99817,487.99847,0.019706387,2.4829311,2.58295,nan,2,2,0,0
1777318657495000,1777318657495000,47.397741935576796,8.545593811007043,487.99817,487.99847,0.019706387,2.482951,2.582968,nan,2,2,0,0
1777318657503000,1777318657503000,47.397741936235946,8.54559381125024,487.9982,487.9985,0.019706387,2.4829712,2.582986,nan,2,2,0,0
1777318657511000,1777318657511000,47.39774193686567,8.545593811423153,487.99823,487.99854,0.019706387,2.4829915,2.5830042,nan,2,2,0,0
1777318657519000,1777318657519000,47.397741937464,8.545593811526,487.99826,487.99857,0.019706387,2.483012,2.5830226,nan,2,2,0,0
1777318657527000,1777318657527000,47.3977419380454,8.545593812051669,487.9983,487.9986,0.019706387,2.4829016,2.5829232,nan,2,2,0,0
1777318657535000,1777318657535000,47.39774193860057,8.545593812510745,487.99832,487.99863,0.019706387,2.4829211,2.5829408,nan,2,2,0,0
1777318657543000,1777318657543000,47.39774193911556,8.545593812923485,487.99835,487.99866,0.019706387,2.482941,2.5829587,nan,2,2,0,0
1777318657551000,1777318657551000,47.39774193959527,8.545593813284365,487.99838,487.9987,0.019706387,2.482961,2.5829766,nan,2,2,0,0
1777318657559000,1777318657559000,47.39774194006485,8.545593813605832,487.9984,487.99872,0.019706387,2.4829812,2.5829947,nan,2,2,0,0
1777318657567000,1777318657567000,47.397741940535674,8.545593813889193,487.99844,487.99875,0.019706387,2.4830015,2.5830128,nan,2,2,0,0
1777318657575000,1777318657575000,47.39774194089718,8.545593814424596,487.99847,487.99875,0.019706387,2.482892,2.582918,nan,2,2,0,0
1777318657583000,1777318657583000,47.39774194123319,8.545593814905509,487.9985,487.99878,0.019706387,2.4829116,2.5829353,nan,2,2,0,0
1777318657591000,1777318657591000,47.39774194154603,8.545593815325665,487.99854,487.9988,0.019706387,2.4829314,2.5829532,nan,2,2,0,0
1777318657599000,1777318657599000,47.39774194186444,8.545593815719535,487.99857,487.99884,0.019706387,2.4829512,2.582971,nan,2,2,0,0
1777318657607000,1777318657607000,47.39774194217908,8.545593816082489,487.9986,487.99887,0.019706387,2.4829714,2.582989,nan,2,2,0,0
1777318657615000,1777318657615000,47.39774194246956,8.54559381638259,487.99863,487.9989,0.019706387,2.4829917,2.583007,nan,2,2,0,0
1777318657623000,1777318657623000,47.397741942733205,8.54559381663775,487.99863,487.9989,0.019706387,2.4830122,2.5830255,nan,2,2,0,0
1777318657631000,1777318657631000,47.397741942868336,8.545593817245262,487.99866,487.9989,0.019706387,2.4829018,2.582926,nan,2,2,0,0
1777318657639000,1777318657639000,47.39774194296593,8.545593817806324,487.9987,487.99893,0.019706387,2.4829214,2.5829437,nan,2,2,0,0
1777318657647000,1777318657647000,47.397741943039094,8.545593818322066,487.9987,487.99893,0.019706387,2.4829412,2.5829616,nan,2,2,0,0
1777318657655000,1777318657655000,47.39774194310848,8.54559381881701,487.99872,487.99896,0.019706387,2.4829612,2.5829794,nan,2,2,0,0
1777318657663000,1777318657663000,47.39774194317622,8.545593819268706,487.99875,487.999,0.019706387,2.4829814,2.5829976,nan,2,2,0,0
1777318657671000,1777318657671000,47.3977419432408,8.545593819664251,487.99878,487.99902,0.019706387,2.4830017,2.5830157,nan,2,2,0,0
1777318657679000,1777318657679000,47.39774194330382,8.545593820023134,487.9988,487.99905,0.019706387,2.4830225,2.5830302,nan,2,2,0,0
1777318657687000,1777318657687000,47.397741943365965,8.545593820754698,487.9988,487.99905,0.019706387,2.482911,2.582934,nan,2,2,0,0
1777318657695000,1777318657695000,47.39774194343382,8.545593821459528,487.99884,487.99908,0.019706387,2.482931,2.5829518,nan,2,2,0,0
1777318657703000,1777318657703000,47.39774194350796,8.545593822127026,487.99887,487.9991,0.019706387,2.4829507,2.5829694,nan,2,2,0,0
1777318657711000,1777318657711000,47.397741943594,8.545593822758871,487.9989,487.99915,0.019706387,2.482971,2.5829875,nan,2,2,0,0
1777318657719000,1777318657719000,47.39774194367826,8.54559382335486,487.9989,487.99915,0.019706387,2.4829912,2.5830057,nan,2,2,0,0
1777318657727000,1777318657727000,47.39774194376434,8.545593823884866,487.99893,487.99918,0.019706387,2.4830117,2.5830202,nan,2,2,0,0
1777318657735000,1777318657735000,47.397741943865796,8.545593824525824,487.99893,487.9991,0.019706387,2.4829013,2.5829246,nan,2,2,0,0
1777318657743000,1777318657743000,47.39774194397345,8.545593825108188,487.99896,487.99915,0.019706387,2.482921,2.5829422,nan,2,2,0,0
1777318657751000,1777318657751000,47.39774194407827,8.545593825650307,487.99896,487.99915,0.019706387,2.4829407,2.58296,nan,2,2,0,0
1777318657759000,1777318657759000,47.397741944171,8.54559382613783,487.99896,487.99915,0.019706387,2.4829607,2.582978,nan,2,2,0,0
1777318657767000,1777318657767000,47.397741944295205,8.545593826558834,487.99896,487.99915,0.019706387,2.482981,2.582996,nan,2,2,0,0
1777318657775000,1777318657775000,47.39774194443915,8.54559382693584,487.999,487.99918,0.019706387,2.4830015,2.5830142,nan,2,2,0,0
1777318657783000,1777318657783000,47.39774194449452,8.545593827642778,487.999,487.99915,0.019706387,2.4828918,2.5829155,nan,2,2,0,0
1777318657791000,1777318657791000,47.39774194455308,8.54559382831976,487.999,487.99915,0.019706387,2.4829113,2.5829332,nan,2,2,0,0
1777318657799000,1777318657799000,47.39774194461841,8.545593828947299,487.99902,487.99918,0.019706387,2.4829311,2.5829508,nan,2,2,0,0
1777318657807000,1777318657807000,47.39774194467564,8.545593829528,487.99902,487.99918,0.019706387,2.482951,2.5829687,nan,2,2,0,0
1777318657815000,1777318657815000,47.39774194471681,8.545593830059046,487.99902,487.99918,0.019706387,2.4829712,2.5829868,nan,2,2,0,0
1777318657823000,1777318657823000,47.39774194475443,8.545593830521556,487.99905,487.9992,0.019706387,2.4829915,2.583005,nan,2,2,0,0
1777318657831000,1777318657831000,47.39774194479511,8.545593830916351,487.99905,487.9992,0.019706387,2.483012,2.5830193,nan,2,2,0,0
1777318657839000,1777318657839000,47.39774194492561,8.545593831743455,487.99905,487.9992,0.019706387,2.4829016,2.582924,nan,2,2,0,0
1777318657847000,1777318657847000,47.39774194502727,8.545593832480233,487.99908,487.99924,0.019706387,2.4829214,2.5829415,nan,2,2,0,0
1777318657855000,1777318657855000,47.39774194512274,8.54559383314764,487.99908,487.99924,0.019706387,2.482941,2.5829592,nan,2,2,0,0
1777318657863000,1777318657863000,47.39774194521134,8.545593833785164,487.99908,487.99924,0.019706387,2.482961,2.582977,nan,2,2,0,0
1777318657871000,1777318657871000,47.39774194528255,8.54559383436681,487.9991,487.99927,0.019706387,2.4829812,2.5829952,nan,2,2,0,0
1777318657879000,1777318657879000,47.397741945358895,8.545593834876655,487.9991,487.99927,0.019706387,2.4830017,2.5830097,nan,2,2,0,0
1777318657887000,1777318657887000,47.397741945524906,8.545593835890529,487.99915,487.9993,0.019706387,2.482892,2.582915,nan,2,2,0,0
1777318657895000,1777318657895000,47.39774194571933,8.545593836868028,487.99915,487.9993,0.019706387,2.4829116,2.5829325,nan,2,2,0,0
1777318657903000,1777318657903000,47.39774194593119,8.545593837821878,487.99915,487.9993,0.019706387,2.4829314,2.58295,nan,2,2,0,0
1777318657911000,1777318657911000,47.39774194612904,8.545593838739622,487.99915,487.9993,0.019706387,2.4829514,2.582968,nan,2,2,0,0
1777318657919000,1777318657919000,47.39774194629894,8.545593839578165,487.99918,487.99933,0.019706387,2.4829714,2.582986,nan,2,2,0,0
1777318657927000,1777318657927000,47.39774194646503,8.545593840370783,487.99918,487.99933,0.019706387,2.4829917,2.5830004,nan,2,2,0,0
1777318657935000,1777318657935000,47.39774194664884,8.545593841104653,487.99918,487.99933,0.019706387,2.4830122,2.5830185,nan,2,2,0,0
1777318657943000,1777318657943000,47.397741946822045,8.545593842203091,487.99918,487.99933,0.019706387,2.4829018,2.5829232,nan,2,2,0,0
1777318657951000,1777318657951000,47.397741947002324,8.54559384322643,487.99918,487.99933,0.019706387,2.4829214,2.5829408,nan,2,2,0,0
1777318657959000,1777318657959000,47.39774194720373,8.54559384418881,487.99918,487.99933,0.019706387,2.4829414,2.5829587,nan,2,2,0,0
1777318657967000,1777318657967000,47.39774194741608,8.545593845108675,487.99918,487.99933,0.019706387,2.4829612,2.5829766,nan,2,2,0,0
1777318657975000,1777318657975000,47.39774194763842,8.54559384600072,487.99918,487.99933,0.019706387,2.4829814,2.5829947,nan,2,2,0,0
1777318657983000,1777318657983000,47.39774194785144,8.545593846827458,487.99918,487.99933,0.019706387,2.483002,2.583009,nan,2,2,0,0
1777318657991000,1777318657991000,47.397741948059895,8.545593848126503,487.99918,487.99927,0.019706387,2.4828925,2.5829144,nan,2,2,0,0
1777318657999000,1777318657999000,47.397741948284825,8.545593849418061,487.99915,487.99924,0.019706387,2.4829118,2.5829318,nan,2,2,0,0
1777318658007000,1777318658007000,47.39774194849516,8.54559385068446,487.99915,487.99924,0.019706387,2.4829316,2.5829496,nan,2,2,0,0
1777318658015000,1777318658015000,47.39774194868692,8.545593851913573,487.99915,487.99924,0.019706387,2.4829516,2.5829673,nan,2,2,0,0
1777318658023000,1777318658023000,47.39774194886035,8.545593853054262,487.99915,487.99924,0.019706387,2.4829717,2.5829854,nan,2,2,0,0
1777318658031000,1777318658031000,47.39774194902079,8.545593854118819,487.9991,487.9992,0.019706387,2.482992,2.5829997,nan,2,2,0,0
1777318658039000,1777318658039000,47.397741949170864,8.545593855152815,487.9991,487.9992,0.019706387,2.4830127,2.583018,nan,2,2,0,0
1777318658047000,1777318658047000,47.397741949369255,8.545593856454822,487.9991,487.99915,0.019706387,2.482902,2.5829227,nan,2,2,0,0
1777318658055000,1777318658055000,47.397741949559105,8.545593857673861,487.99908,487.9991,0.019706387,2.4829218,2.5829403,nan,2,2,0,0
1777318658063000,1777318658063000,47.39774194972614,8.545593858853843,487.99908,487.9991,0.019706387,2.4829414,2.582958,nan,2,2,0,0
1777318658071000,1777318658071000,47.39774194987238,8.54559386001602,487.99905,487.99908,0.019706387,2.4829617,2.5829759,nan,2,2,0,0
1777318658079000,1777318658079000,47.39774195002002,8.545593861141258,487.99905,487.99908,0.019706387,2.4829817,2.5829902,nan,2,2,0,0
1777318658087000,1777318658087000,47.397741950162285,8.545593862221168,487.99902,487.99905,0.019706387,2.4830022,2.5830085,nan,2,2,0,0
1777318658095000,1777318658095000,47.39774195030607,8.545593863245687,487.99902,487.99905,0.019706387,2.483023,2.5830266,nan,2,2,0,0
1777318658103000,1777318658103000,47.39774195052366,8.545593864455194,487.99902,487.9991,0.019706387,2.4829113,2.5829308,nan,2,2,0,0
1777318658111000,1777318658111000,47.39774195076076,8.54559386562251,487.99902,487.9991,0.019706387,2.4829311,2.5829484,nan,2,2,0,0
1777318658119000,1777318658119000,47.39774195100072,8.545593866743856,487.999,487.99908,0.019706387,2.4829512,2.5829663,nan,2,2,0,0
1777318658127000,1777318658127000,47.39774195125505,8.545593867821776,487.999,487.99908,0.019706387,2.4829712,2.5829806,nan,2,2,0,0
1777318658135000,1777318658135000,47.39774195152196,8.545593868852082,487.999,487.99908,0.019706387,2.4829915,2.5829988,nan,2,2,0,0
1777318658143000,1777318658143000,47.39774195178797,8.545593869822778,487.999,487.99908,0.019706387,2.4830122,2.5830169,nan,2,2,0,0
1777318658151000,1777318658151000,47.397741952195375,8.545593870789128,487.999,487.99908,0.019706387,2.4829016,2.5829215,nan,2,2,0,0
1777318658159000,1777318658159000,47.39774195258093,8.54559387173108,487.999,487.99908,0.019706387,2.4829214,2.5829391,nan,2,2,0,0
1777318658167000,1777318658167000,47.39774195296496,8.545593872644305,487.99896,487.99905,0.019706387,2.482941,2.582957,nan,2,2,0,0
1777318658175000,1777318658175000,47.39774195337745,8.545593873492127,487.99896,487.99905,0.019706387,2.4829612,2.582975,nan,2,2,0,0
1777318658183000,1777318658183000,47.397741953805834,8.54559387424527,487.99896,487.99905,0.019706387,2.4829812,2.5829892,nan,2,2,0,0
1777318658191000,1777318658191000,47.39774195420365,8.5455938749534,487.99896,487.99905,0.019706387,2.4830017,2.5830073,nan,2,2,0,0
1777318658199000,1777318658199000,47.39774195462491,8.545593875744984,487.99896,487.9991,0.019706387,2.4828923,2.5829127,nan,2,2,0,0
1777318658207000,1777318658207000,47.39774195503538,8.545593876491775,487.99896,487.9991,0.019706387,2.4829118,2.5829303,nan,2,2,0,0
1777318658215000,1777318658215000,47.39774195543603,8.5455938771945,487.99896,487.9991,0.019706387,2.4829314,2.582948,nan,2,2,0,0
1777318658223000,1777318658223000,47.39774195583393,8.545593877879348,487.99896,487.9991,0.019706387,2.4829514,2.5829659,nan,2,2,0,0
1777318658231000,1777318658231000,47.397741956216954,8.545593878520574,487.99893,487.99908,0.019706387,2.4829714,2.5829802,nan,2,2,0,0
1777318658239000,1777318658239000,47.39774195658886,8.545593879096606,487.99893,487.99908,0.019706387,2.482992,2.5829983,nan,2,2,0,0
1777318658247000,1777318658247000,47.397741956952146,8.545593879625937,487.99893,487.99908,0.019706387,2.4830124,2.5830164,nan,2,2,0,0
1777318658255000,1777318658255000,47.39774195724136,8.54559388032092,487.99896,487.99918,0.019706387,2.4829018,2.582921,nan,2,2,0,0
1777318658263000,1777318658263000,47.39774195752279,8.545593880947663,487.99896,487.99918,0.019706387,2.4829216,2.5829387,nan,2,2,0,0
1777318658271000,1777318658271000,47.39774195779818,8.545593881525994,487.99896,487.99918,0.019706387,2.4829414,2.5829566,nan,2,2,0,0
1777318658279000,1777318658279000,47.39774195806891,8.545593882073579,487.99896,487.99918,0.019706387,2.4829612,2.5829706,nan,2,2,0,0
1777318658287000,1777318658287000,47.397741958344895,8.545593882616101,487.99896,487.99918,0.019706387,2.4829814,2.5829887,nan,2,2,0,0
1777318658295000,1777318658295000,47.39774195861886,8.545593883143935,487.999,487.9992,0.019706387,2.483002,2.5830069,nan,2,2,0,0
1777318658303000,1777318658303000,47.397741958899964,8.545593883638364,487.999,487.9992,0.019706387,2.4830227,2.5830252,nan,2,2,0,0
1777318658311000,1777318658311000,47.397741959131075,8.545593884144667,487.999,487.99924,0.019706387,2.4829113,2.5829294,nan,2,2,0,0
1777318658319000,1777318658319000,47.397741959376184,8.545593884633238,487.99902,487.99927,0.019706387,2.482931,2.582947,nan,2,2,0,0
1777318658327000,1777318658327000,47.397741959629656,8.545593885122166,487.99905,487.9993,0.019706387,2.482951,2.582961,nan,2,2,0,0
1777318658335000,1777318658335000,47.39774195988565,8.545593885585246,487.99905,487.9993,0.019706387,2.482971,2.5829792,nan,2,2,0,0
1777318658343000,1777318658343000,47.39774196013591,8.545593886009321,487.99908,487.99933,0.019706387,2.4829915,2.582997,nan,2,2,0,0
1777318658351000,1777318658351000,47.39774196039978,8.545593886413883,487.99908,487.99933,0.019706387,2.4830117,2.5830154,nan,2,2,0,0
1777318658359000,1777318658359000,47.39774196052732,8.545593887114414,487.9991,487.99942,0.019706387,2.4829016,2.5829203,nan,2,2,0,0
1777318658367000,1777318658367000,47.3977419606646,8.545593887769819,487.9991,487.99942,0.019706387,2.4829211,2.582938,nan,2,2,0,0
1777318658375000,1777318658375000,47.39774196079015,8.545593888369575,487.99915,487.99945,0.019706387,2.482941,2.5829556,nan,2,2,0,0
1777318658383000,1777318658383000,47.39774196090887,8.545593888907725,487.99918,487.99948,0.019706387,2.4829607,2.5829697,nan,2,2,0,0
1777318658391000,1777318658391000,47.39774196101842,8.545593889373297,487.99918,487.99948,0.019706387,2.482981,2.5829878,nan,2,2,0,0
1777318658399000,1777318658399000,47.39774196112643,8.545593889786591,487.9992,487.9995,0.019706387,2.4830015,2.583006,nan,2,2,0,0
1777318658407000,1777318658407000,47.397741961211715,8.545593890174178,487.99924,487.99954,0.019706387,2.483022,2.5830243,nan,2,2,0,0
1777318658415000,1777318658415000,47.397741961136724,8.545593890644724,487.99927,487.9996,0.019706387,2.4829109,2.5829284,nan,2,2,0,0
1777318658423000,1777318658423000,47.397741961052134,8.545593891112361,487.9993,487.99963,0.019706387,2.4829304,2.582946,nan,2,2,0,0
1777318658431000,1777318658431000,47.39774196097252,8.545593891547387,487.99933,487.99966,0.019706387,2.4829504,2.5829604,nan,2,2,0,0
1777318658439000,1777318658439000,47.39774196090404,8.545593891967041,487.99936,487.9997,0.019706387,2.4829705,2.5829782,nan,2,2,0,0
1777318658447000,1777318658447000,47.39774196084566,8.54559389237942,487.9994,487.99973,0.019706387,2.482991,2.5829964,nan,2,2,0,0
1777318658455000,1777318658455000,47.39774196079604,8.545593892779046,487.99942,487.99976,0.019706387,2.4830112,2.5830145,nan,2,2,0,0
1777318658463000,1777318658463000,47.39774196060094,8.54559389320821,487.99948,487.99988,0.019706387,2.482901,2.5829194,nan,2,2,0,0
1777318658471000,1777318658471000,47.397741960405455,8.545593893586291,487.9995,487.9999,0.019706387,2.4829206,2.582937,nan,2,2,0,0
1777318658479000,1777318658479000,47.39774196022231,8.545593893929373,487.99957,487.99997,0.019706387,2.4829404,2.582951,nan,2,2,0,0
1777318658487000,1777318658487000,47.39774196005145,8.545593894235383,487.9996,488.0,0.019706387,2.4829605,2.582969,nan,2,2,0,0
1777318658495000,1777318658495000,47.39774195989933,8.545593894519234,487.99963,488.00003,0.019706387,2.4829805,2.582987,nan,2,2,0,0
1777318658503000,1777318658503000,47.397741959765966,8.545593894763542,487.9997,488.0001,0.019706387,2.483001,2.5830052,nan,2,2,0,0
1777318658511000,1777318658511000,47.39774195949056,8.545593895096284,487.99973,488.00027,0.019706387,2.4828916,2.5829108,nan,2,2,0,0
1777318658519000,1777318658519000,47.39774195920614,8.545593895388967,487.9998,488.00034,0.019706387,2.482911,2.5829282,nan,2,2,0,0
1777318658527000,1777318658527000,47.39774195892773,8.545593895651159,487.99985,488.0004,0.019706387,2.4829307,2.5829422,nan,2,2,0,0
1777318658535000,1777318658535000,47.397741958677344,8.54559389588089,487.99988,488.00043,0.019706387,2.4829507,2.5829601,nan,2,2,0,0
1777318658543000,1777318658543000,47.397741958445756,8.545593896062504,487.99994,488.0005,0.019706387,2.4829707,2.582978,nan,2,2,0,0
1777318658551000,1777318658551000,47.397741958237965,8.545593896218044,487.99997,488.00052,0.019706387,2.4829912,2.5829961,nan,2,2,0,0
1777318658559000,1777318658559000,47.397741958044925,8.54559389633715,488.00003,488.00058,0.019706387,2.4830117,2.5830142,nan,2,2,0,0
1777318658567000,1777318658567000,47.397741957656805,8.54559389659544,488.00006,488.00064,0.019706387,2.4829013,2.5829191,nan,2,2,0,0
1777318658575000,1777318658575000,47.39774195728908,8.545593896788679,488.00012,488.0007,0.019706387,2.482921,2.5829368,nan,2,2,0,0
1777318658583000,1777318658583000,47.39774195693515,8.545593896934687,488.00018,488.00076,0.019706387,2.4829407,2.5829546,nan,2,2,0,0
1777318658591000,1777318658591000,47.39774195659793,8.545593897035106,488.0002,488.0008,0.019706387,2.4829607,2.5829725,nan,2,2,0,0
1777318658599000,1777318658599000,47.39774195627588,8.545593897108791,488.00024,488.00082,0.019706387,2.482981,2.5829904,nan,2,2,0,0
1777318658607000,1777318658607000,47.39774195595633,8.545593897173339,488.0003,488.0009,0.019706387,2.4830012,2.5830085,nan,2,2,0,0
1777318658615000,1777318658615000,47.397741955426206,8.545593897414745,488.00034,488.00092,0.019706387,2.4828918,2.5829139,nan,2,2,0,0
1777318658623000,1777318658623000,47.39774195491542,8.54559389761612,488.00037,488.00095,0.019706387,2.4829113,2.5829315,nan,2,2,0,0
1777318658631000,1777318658631000,47.397741954440974,8.545593897771308,488.00043,488.001,0.019706387,2.4829311,2.5829456,nan,2,2,0,0
1777318658639000,1777318658639000,47.39774195399356,8.54559389787363,488.00046,488.00104,0.019706387,2.482951,2.5829635,nan,2,2,0,0
1777318658647000,1777318658647000,47.39774195357084,8.545593897898517,488.0005,488.00107,0.019706387,2.4829712,2.5829813,nan,2,2,0,0
1777318658655000,1777318658655000,47.39774195317962,8.545593897877538,488.00052,488.0011,0.019706387,2.4829915,2.5829995,nan,2,2,0,0
1777318658663000,1777318658663000,47.39774195281031,8.54559389778915,488.00055,488.00113,0.019706387,2.483012,2.5830176,nan,2,2,0,0
1777318658671000,1777318658671000,47.3977419522281,8.545593897944045,488.0006,488.0012,0.019706387,2.4829016,2.5829222,nan,2,2,0,0
1777318658679000,1777318658679000,47.39774195165119,8.545593898063919,488.00067,488.00125,0.019706387,2.4829211,2.5829363,nan,2,2,0,0
1777318658687000,1777318658687000,47.3977419510909,8.54559389812798,488.00076,488.00134,0.019706387,2.482941,2.5829542,nan,2,2,0,0
1777318658695000,1777318658695000,47.397741950572296,8.545593898116177,488.00082,488.0014,0.019706387,2.482961,2.582972,nan,2,2,0,0
1777318658703000,1777318658703000,47.39774195011488,8.54559389809585,488.00092,488.0015,0.019706387,2.4829812,2.5829902,nan,2,2,0,0
1777318658711000,1777318658711000,47.39774194973084,8.545593898073541,488.00104,488.00162,0.019706387,2.4830017,2.5830083,nan,2,2,0,0
1777318658719000,1777318658719000,47.39774194927306,8.545593898322249,488.00116,488.0017,0.019706387,2.482892,2.5829136,nan,2,2,0,0
1777318658727000,1777318658727000,47.39774194885782,8.545593898525551,488.0013,488.00186,0.019706387,2.4829116,2.5829275,nan,2,2,0,0
1777318658735000,1777318658735000,47.397741948484395,8.54559389866923,488.00146,488.002,0.019706387,2.4829314,2.5829453,nan,2,2,0,0
1777318658743000,1777318658743000,47.39774194817045,8.54559389875817,488.00168,488.00223,0.019706387,2.4829512,2.582963,nan,2,2,0,0
1777318658751000,1777318658751000,47.39774194791913,8.545593898838302,488.0019,488.00244,0.019706387,2.4829714,2.5829809,nan,2,2,0,0
1777318658759000,1777318658759000,47.397741947732804,8.545593898909523,488.0021,488.00266,0.019706387,2.4829917,2.582999,nan,2,2,0,0
1777318658767000,1777318658767000,47.39774194760775,8.545593898970058,488.00235,488.0029,0.019706387,2.4830122,2.5830173,nan,2,2,0,0
1777318658775000,1777318658775000,47.39774194750509,8.545593899309285,488.00262,488.00317,0.019706387,2.4829018,2.582922,nan,2,2,0,0
1777318658783000,1777318658783000,47.397741947447585,8.545593899594746,488.00293,488.00348,0.019706387,2.4829214,2.582936,nan,2,2,0,0
1777318658791000,1777318658791000,47.39774194742612,8.545593899863317,488.00327,488.0038,0.019706387,2.4829412,2.5829537,nan,2,2,0,0
1777318658799000,1777318658799000,47.397741947447386,8.54559390013272,488.00363,488.00418,0.019706387,2.4829612,2.5829716,nan,2,2,0,0
1777318658807000,1777318658807000,47.397741947521546,8.54559390036108,488.004,488.00455,0.019706387,2.4829814,2.5829897,nan,2,2,0,0
1777318658815000,1777318658815000,47.39774194766748,8.545593900551259,488.00443,488.00497,0.019706387,2.4830017,2.5830078,nan,2,2,0,0
1777318658823000,1777318658823000,47.39774194789556,8.545593900870372,488.00485,488.0054,0.019706387,2.4828923,2.5829132,nan,2,2,0,0
1777318658831000,1777318658831000,47.39774194814341,8.545593901162732,488.0053,488.00586,0.019706387,2.4829118,2.5829272,nan,2,2,0,0
1777318658839000,1777318658839000,47.397741948420475,8.545593901419219,488.0058,488.00635,0.019706387,2.4829316,2.5829449,nan,2,2,0,0
1777318658847000,1777318658847000,47.397741948735934,8.545593901646447,488.00632,488.00687,0.019706387,2.4829514,2.5829628,nan,2,2,0,0
1777318658855000,1777318658855000,47.397741949084704,8.54559390184191,488.0069,488.00745,0.019706387,2.4829717,2.5829806,nan,2,2,0,0
1777318658863000,1777318658863000,47.39774194946947,8.545593902002219,488.00748,488.00803,0.019706387,2.482992,2.5829988,nan,2,2,0,0
1777318658871000,1777318658871000,47.39774194987817,8.545593902168907,488.00812,488.00867,0.019706387,2.4830124,2.5830169,nan,2,2,0,0
1777318658879000,1777318658879000,47.39774195026805,8.54559390235515,488.00873,488.0092,0.019706387,2.482902,2.5829182,nan,2,2,0,0
1777318658887000,1777318658887000,47.397741950690445,8.545593902513689,488.0094,488.00986,0.019706387,2.4829216,2.5829358,nan,2,2,0,0
1777318658895000,1777318658895000,47.39774195115095,8.54559390263449,488.0101,488.01056,0.019706387,2.4829414,2.5829535,nan,2,2,0,0
1777318658903000,1777318658903000,47.39774195164393,8.545593902726212,488.01083,488.0113,0.019706387,2.4829614,2.5829713,nan,2,2,0,0
1777318658911000,1777318658911000,47.39774195217505,8.54559390281911,488.0116,488.01205,0.019706387,2.4829817,2.5829895,nan,2,2,0,0
1777318658919000,1777318658919000,47.397741952733135,8.545593902891165,488.01242,488.01288,0.019706387,2.4830022,2.5830076,nan,2,2,0,0
1777318658927000,1777318658927000,47.397741953321486,8.545593902940489,488.01328,488.01373,0.019706387,2.483023,2.583022,nan,2,2,0,0
1777318658935000,1777318658935000,47.39774195409972,8.5455939031491,488.01413,488.01453,0.019706387,2.4829113,2.5829265,nan,2,2,0,0
1777318658943000,1777318658943000,47.39774195490742,8.545593903300388,488.015,488.0154,0.019706387,2.4829311,2.582944,nan,2,2,0,0
1777318658951000,1777318658951000,47.3977419557682,8.54559390338156,488.01596,488.01636,0.019706387,2.482951,2.5829618,nan,2,2,0,0
1777318658959000,1777318658959000,47.39774195666702,8.545593903418684,488.0169,488.0173,0.019706387,2.4829712,2.5829797,nan,2,2,0,0
1777318658967000,1777318658967000,47.39774195759102,8.545593903418684,488.01794,488.01834,0.019706387,2.4829915,2.5829978,nan,2,2,0,0
1777318658975000,1777318658975000,47.39774195856755,8.54559390336488,488.01898,488.01938,0.019706387,2.4830122,2.5830162,nan,2,2,0,0
1777318658983000,1777318658983000,47.39774195962187,8.545593903363834,488.02002,488.02036,0.019706387,2.4829016,2.5829175,nan,2,2,0,0
1777318658991000,1777318658991000,47.397741960720694,8.545593903278883,488.02112,488.02145,0.019706387,2.4829214,2.5829349,nan,2,2,0,0
1777318658999000,1777318658999000,47.39774196184977,8.545593903144983,488.02225,488.02258,0.019706387,2.482941,2.5829525,nan,2,2,0,0
1777318659007000,1777318659007000,47.397741963004115,8.545593902981688,488.02344,488.02377,0.019706387,2.4829612,2.5829706,nan,2,2,0,0
1777318659015000,1777318659015000,47.397741964176774,8.54559390277678,488.0247,488.02502,0.019706387,2.4829814,2.5829885,nan,2,2,0,0
1777318659023000,1777318659023000,47.39774196537404,8.545593902564196,488.02603,488.02637,0.019706387,2.483002,2.5830066,nan,2,2,0,0
1777318659031000,1777318659031000,47.39774196662292,8.545593902768557,488.02734,488.02756,0.019706387,2.482892,2.5829086,nan,2,2,0,0
1777318659039000,1777318659039000,47.39774196792502,8.545593902975696,488.02878,488.029,0.019706387,2.4829118,2.582926,nan,2,2,0,0
1777318659047000,1777318659047000,47.39774196926584,8.545593903122413,488.03027,488.0305,0.019706387,2.4829316,2.5829437,nan,2,2,0,0
1777318659055000,1777318659055000,47.39774197063816,8.54559390320514,488.03183,488.03204,0.019706387,2.4829514,2.5829616,nan,2,2,0,0
1777318659063000,1777318659063000,47.39774197204434,8.545593903259737,488.03348,488.0337,0.019706387,2.4829717,2.5829797,nan,2,2,0,0
1777318659071000,1777318659071000,47.39774197347849,8.54559390327745,488.03522,488.03543,0.019706387,2.482992,2.5829976,nan,2,2,0,0
1777318659079000,1777318659079000,47.39774197492788,8.54559390324991,488.03702,488.03723,0.019706387,2.4830127,2.583012,nan,2,2,0,0
1777318659087000,1777318659087000,47.39774197645158,8.545593903496906,488.0388,488.03882,0.019706387,2.482902,2.5829172,nan,2,2,0,0
1777318659095000,1777318659095000,47.39774197797579,8.545593903686932,488.04068,488.0407,0.019706387,2.4829216,2.5829346,nan,2,2,0,0
1777318659103000,1777318659103000,47.39774197949263,8.54559390382438,488.04263,488.04266,0.019706387,2.4829414,2.5829525,nan,2,2,0,0
1777318659111000,1777318659111000,47.39774198103346,8.54559390394121,488.04465,488.04468,0.019706387,2.4829617,2.5829704,nan,2,2,0,0
1777318659119000,1777318659119000,47.39774198261166,8.54559390401679,488.04675,488.04678,0.019706387,2.482982,2.5829883,nan,2,2,0,0
1777318659127000,1777318659127000,47.39774198422643,8.545593904053522,488.04892,488.04895,0.019706387,2.4830024,2.5830028,nan,2,2,0,0
1777318659135000,1777318659135000,47.397741985879,8.54559390417127,488.05106,488.05078,0.019706387,2.4828925,2.5829084,nan,2,2,0,0
1777318659143000,1777318659143000,47.397741987530175,8.545593904263498,488.05328,488.053,0.019706387,2.4829123,2.582926,nan,2,2,0,0
1777318659151000,1777318659151000,47.39774198919675,8.545593904323265,488.05554,488.05527,0.019706387,2.482932,2.5829437,nan,2,2,0,0
1777318659159000,1777318659159000,47.39774199088454,8.54559390435041,488.05792,488.05765,0.019706387,2.4829519,2.5829616,nan,2,2,0,0
1777318659167000,1777318659167000,47.3977419925818,8.545593904372002,488.06033,488.06006,0.019706387,2.4829721,2.5829794,nan,2,2,0,0
1777318659175000,1777318659175000,47.39774199429861,8.54559390439501,488.06284,488.06256,0.019706387,2.4829926,2.5829976,nan,2,2,0,0
1777318659183000,1777318659183000,47.39774199603484,8.545593904411994,488.06537,488.0651,0.019706387,2.4830134,2.5830119,nan,2,2,0,0
1777318659191000,1777318659191000,47.39774199777087,8.545593904650055,488.06787,488.06732,0.019706387,2.4829025,2.582917,nan,2,2,0,0
1777318659199000,1777318659199000,47.39774199951981,8.545593904909447,488.07043,488.0699,0.019706387,2.482922,2.5829346,nan,2,2,0,0
1777318659207000,1777318659207000,47.39774200126598,8.54559390518817,488.07306,488.0725,0.019706387,2.482942,2.5829523,nan,2,2,0,0
1777318659215000,1777318659215000,47.3977420030115,8.545593905440004,488.07578,488.07523,0.019706387,2.4829621,2.5829701,nan,2,2,0,0
1777318659223000,1777318659223000,47.397742004750896,8.545593905658368,488.07855,488.078,0.019706387,2.4829826,2.5829883,nan,2,2,0,0
1777318659231000,1777318659231000,47.39774200648377,8.545593905831392,488.0814,488.08084,0.019706387,2.4830031,2.5830026,nan,2,2,0,0
1777318659239000,1777318659239000,47.3977420082659,8.545593906103594,488.08417,488.0832,0.019706387,2.4828932,2.5829084,nan,2,2,0,0
1777318659247000,1777318659247000,47.39774201003721,8.545593906352602,488.087,488.08603,0.019706387,2.4829128,2.5829258,nan,2,2,0,0
1777318659255000,1777318659255000,47.397742011803594,8.545593906567342,488.0899,488.08893,0.019706387,2.4829326,2.5829434,nan,2,2,0,0
1777318659263000,1777318659263000,47.39774201356161,8.545593906762328,488.09286,488.0919,0.019706387,2.4829526,2.5829613,nan,2,2,0,0
1777318659271000,1777318659271000,47.39774201531316,8.545593906946946,488.09592,488.09494,0.019706387,2.482973,2.5829792,nan,2,2,0,0
1777318659279000,1777318659279000,47.39774201705168,8.545593907086252,488.09903,488.09805,0.019706387,2.4829934,2.5829935,nan,2,2,0,0
1777318659287000,1777318659287000,47.397742018786715,8.545593907176666,488.1022,488.10123,0.019706387,2.483014,2.5830119,nan,2,2,0,0
1777318659295000,1777318659295000,47.3977420204811,8.545593907249035,488.1053,488.1038,0.019706387,2.482903,2.582917,nan,2,2,0,0
1777318659303000,1777318659303000,47.39774202217216,8.545593907312806,488.10846,488.10696,0.019706387,2.4829228,2.5829346,nan,2,2,0,0
1777318659311000,1777318659311000,47.39774202385543,8.545593907381512,488.1117,488.1102,0.019706387,2.4829428,2.5829523,nan,2,2,0,0
1777318659319000,1777318659319000,47.397742025523065,8.54559390742319,488.115,488.1135,0.019706387,2.482963,2.5829701,nan,2,2,0,0
1777318659327000,1777318659327000,47.3977420271702,8.545593907427216,488.11835,488.11685,0.019706387,2.4829834,2.5829844,nan,2,2,0,0
1777318659335000,1777318659335000,47.39774202879236,8.545593907393648,488.1218,488.1203,0.019706387,2.483004,2.5830026,nan,2,2,0,0
1777318659343000,1777318659343000,47.39774203040322,8.54559390732672,488.12534,488.12384,0.019706387,2.4830248,2.583021,nan,2,2,0,0
1777318659351000,1777318659351000,47.39774203195389,8.54559390733233,488.12875,488.12674,0.019706387,2.4829128,2.582925,nan,2,2,0,0
1777318659359000,1777318659359000,47.39774203348073,8.54559390731423,488.13226,488.13025,0.019706387,2.4829326,2.582943,nan,2,2,0,0
1777318659367000,1777318659367000,47.39774203498774,8.545593907279745,488.13586,488.13385,0.019706387,2.4829528,2.5829608,nan,2,2,0,0
1777318659375000,1777318659375000,47.397742036495195,8.545593907213572,488.1395,488.13748,0.019706387,2.482973,2.5829787,nan,2,2,0,0
1777318659383000,1777318659383000,47.39774203800029,8.545593907117846,488.14322,488.1412,0.019706387,2.4829936,2.582993,nan,2,2,0,0
1777318659391000,1777318659391000,47.39774203951697,8.54559390699935,488.147,488.145,0.019706387,2.4830143,2.5830112,nan,2,2,0,0
1777318659399000,1777318659399000,47.39774204099506,8.545593906955807,488.15073,488.14832,0.019706387,2.482903,2.5829163,nan,2,2,0,0
1777318659407000,1777318659407000,47.39774204249768,8.545593906900407,488.15454,488.15213,0.019706387,2.4829228,2.582934,nan,2,2,0,0
1777318659415000,1777318659415000,47.39774204400624,8.545593906835423,488.1584,488.15598,0.019706387,2.482943,2.5829515,nan,2,2,0,0
1777318659423000,1777318659423000,47.39774204550934,8.545593906729076,488.16235,488.15994,0.019706387,2.4829633,2.5829694,nan,2,2,0,0
1777318659431000,1777318659431000,47.39774204701235,8.545593906570664,488.16635,488.16394,0.019706387,2.4829836,2.5829837,nan,2,2,0,0
1777318659439000,1777318659439000,47.39774204851508,8.545593906365628,488.17044,488.16803,0.019706387,2.4830043,2.5830019,nan,2,2,0,0
1777318659447000,1777318659447000,47.3977420499958,8.54559390613733,488.1746,488.17218,0.019706387,2.483025,2.5830202,nan,2,2,0,0
1777318659455000,1777318659455000,47.397742051492976,8.545593905882264,488.17868,488.17584,0.019706387,2.4829128,2.5829246,nan,2,2,0,0
1777318659463000,1777318659463000,47.397742052977534,8.545593905597856,488.18286,488.18002,0.019706387,2.4829328,2.5829422,nan,2,2,0,0
1777318659471000,1777318659471000,47.39774205445676,8.545593905268143,488.1871,488.18427,0.019706387,2.4829528,2.5829601,nan,2,2,0,0
1777318659479000,1777318659479000,47.39774205595865,8.545593904897807,488.1914,488.18857,0.019706387,2.4829733,2.5829742,nan,2,2,0,0
1777318659487000,1777318659487000,47.397742057442564,8.545593904500413,488.1958,488.19296,0.019706387,2.4829938,2.5829923,nan,2,2,0,0
1777318659495000,1777318659495000,47.39774205891815,8.545593904074861,488.20023,488.1974,0.019706387,2.4830146,2.5830107,nan,2,2,0,0
1777318659503000,1777318659503000,47.39774206051551,8.545593903731042,488.20465,488.2014,0.019706387,2.4829032,2.5829158,nan,2,2,0,0
1777318659511000,1777318659511000,47.39774206208566,8.545593903372673,488.2091,488.20584,0.019706387,2.482923,2.5829334,nan,2,2,0,0
1777318659519000,1777318659519000,47.39774206364263,8.545593903022276,488.21365,488.2104,0.019706387,2.482943,2.582951,nan,2,2,0,0
1777318659527000,1777318659527000,47.397742065205065,8.545593902657965,488.21823,488.21497,0.019706387,2.4829633,2.5829654,nan,2,2,0,0
1777318659535000,1777318659535000,47.39774206677344,8.545593902269717,488.2229,488.21964,0.019706387,2.482984,2.5829833,nan,2,2,0,0
1777318659543000,1777318659543000,47.39774206832628,8.54559390184626,488.22763,488.22437,0.019706387,2.4830046,2.5830014,nan,2,2,0,0
1777318659551000,1777318659551000,47.39774206986869,8.545593901371726,488.23242,488.22916,0.019706387,2.4830256,2.5830197,nan,2,2,0,0
1777318659559000,1777318659559000,47.39774207142409,8.545593900918542,488.23718,488.23343,0.019706387,2.482913,2.5829241,nan,2,2,0,0
1777318659567000,1777318659567000,47.39774207294606,8.545593900459057,488.242,488.23825,0.019706387,2.482933,2.5829418,nan,2,2,0,0
1777318659575000,1777318659575000,47.39774207444624,8.545593900013067,488.2469,488.24313,0.019706387,2.4829533,2.5829597,nan,2,2,0,0
1777318659583000,1777318659583000,47.39774207592144,8.54559389954017,488.25183,488.24808,0.019706387,2.4829736,2.582974,nan,2,2,0,0
1777318659591000,1777318659591000,47.39774207735819,8.54559389901278,488.25684,488.25308,0.019706387,2.4829943,2.5829918,nan,2,2,0,0
1777318659599000,1777318659599000,47.39774207877984,8.545593898430296,488.2619,488.25815,0.019706387,2.483015,2.5830102,nan,2,2,0,0
1777318659607000,1777318659607000,47.39774208021656,8.5455938979343,488.26694,488.2627,0.019706387,2.4829035,2.5829153,nan,2,2,0,0
1777318659615000,1777318659615000,47.397742081637325,8.545593897378819,488.27206,488.26782,0.019706387,2.4829235,2.582933,nan,2,2,0,0
1777318659623000,1777318659623000,47.39774208305947,8.545593896772493,488.27722,488.27298,0.019706387,2.4829435,2.5829506,nan,2,2,0,0
1777318659631000,1777318659631000,47.39774208447551,8.54559389612804,488.28244,488.2782,0.019706387,2.4829638,2.582965,nan,2,2,0,0
1777318659639000,1777318659639000,47.39774208588757,8.54559389546548,488.28775,488.2835,0.019706387,2.4829843,2.5829828,nan,2,2,0,0
1777318659647000,1777318659647000,47.39774208730076,8.54559389480139,488.2931,488.28885,0.019706387,2.483005,2.583001,nan,2,2,0,0
1777318659655000,1777318659655000,47.39774208875081,8.545593894293354,488.29843,488.29364,0.019706387,2.4828944,2.5829067,nan,2,2,0,0
1777318659663000,1777318659663000,47.39774209019522,8.54559389377786,488.3038,488.299,0.019706387,2.4829142,2.5829244,nan,2,2,0,0
1777318659671000,1777318659671000,47.397742091613615,8.545593893241163,488.30923,488.30444,0.019706387,2.4829342,2.582942,nan,2,2,0,0
1777318659679000,1777318659679000,47.39774209301877,8.54559389269227,488.31476,488.30997,0.019706387,2.4829543,2.582956,nan,2,2,0,0
1777318659687000,1777318659687000,47.3977420944048,8.545593892132421,488.3203,488.31552,0.019706387,2.4829748,2.582974,nan,2,2,0,0
1777318659695000,1777318659695000,47.397742095770624,8.545593891562843,488.32596,488.32117,0.019706387,2.4829955,2.582992,nan,2,2,0,0
1777318659703000,1777318659703000,47.397742097116215,8.545593890953203,488.33163,488.32684,0.019706387,2.4830163,2.5830102,nan,2,2,0,0
1777318659711000,1777318659711000,47.39774209856046,8.545593890587751,488.3373,488.33203,0.019706387,2.4829047,2.5829153,nan,2,2,0,0
1777318659719000,1777318659719000,47.39774209998877,8.545593890219035,488.34308,488.3378,0.019706387,2.4829245,2.582933,nan,2,2,0,0
1777318659727000,1777318659727000,47.397742101407935,8.545593889839077,488.34888,488.3436,0.019706387,2.4829447,2.582947,nan,2,2,0,0
1777318659735000,1777318659735000,47.397742102805644,8.545593889452668,488.35474,488.34946,0.019706387,2.482965,2.582965,nan,2,2,0,0
1777318659743000,1777318659743000,47.397742104173446,8.545593889022294,488.36066,488.35538,0.019706387,2.4829855,2.5829828,nan,2,2,0,0
1777318659751000,1777318659751000,47.397742105521374,8.545593888554855,488.36664,488.36136,0.019706387,2.4830062,2.5830011,nan,2,2,0,0
1777318659759000,1777318659759000,47.397742106956024,8.54559388835353,488.37262,488.36688,0.019706387,2.4828956,2.5829067,nan,2,2,0,0
1777318659767000,1777318659767000,47.39774210837146,8.545593888150266,488.37863,488.3729,0.019706387,2.4829154,2.5829244,nan,2,2,0,0
1777318659775000,1777318659775000,47.39774210977959,8.545593887902449,488.38474,488.379,0.019706387,2.4829354,2.582942,nan,2,2,0,0
1777318659783000,1777318659783000,47.39774211116729,8.54559388761105,488.3909,488.38516,0.019706387,2.4829555,2.58296,nan,2,2,0,0
1777318659791000,1777318659791000,47.39774211253291,8.545593887295,488.39713,488.3914,0.019706387,2.482976,2.5829778,nan,2,2,0,0
1777318659799000,1777318659799000,47.3977421138713,8.545593886962942,488.4034,488.39767,0.019706387,2.4829967,2.582996,nan,2,2,0,0
1777318659807000,1777318659807000,47.39774211516781,8.545593886623427,488.40973,488.404,0.019706387,2.4830177,2.583014,nan,2,2,0,0
1777318659815000,1777318659815000,47.397742116538964,8.545593886435253,488.41608,488.40982,0.019706387,2.4829056,2.5829191,nan,2,2,0,0
1777318659823000,1777318659823000,47.397742117872454,8.54559388623968,488.42245,488.4162,0.019706387,2.4829257,2.5829365,nan,2,2,0,0
1777318659831000,1777318659831000,47.39774211918587,8.545593886014753,488.42892,488.42267,0.019706387,2.482946,2.5829506,nan,2,2,0,0
1777318659839000,1777318659839000,47.397742120489255,8.54559388578613,488.43542,488.42917,0.019706387,2.4829662,2.5829685,nan,2,2,0,0
1777318659847000,1777318659847000,47.39774212178971,8.54559388555819,488.44202,488.43576,0.019706387,2.482987,2.5829866,nan,2,2,0,0
1777318659855000,1777318659855000,47.39774212308608,8.54559388533032,488.44864,488.44238,0.019706387,2.4830077,2.5830047,nan,2,2,0,0
1777318659863000,1777318659863000,47.397742124364065,8.545593885090634,488.45535,488.4491,0.019706387,2.4830287,2.583023,nan,2,2,0,0
1777318659871000,1777318659871000,47.39774212572504,8.54559388492264,488.46204,488.45523,0.019706387,2.4829156,2.5829272,nan,2,2,0,0
1777318659879000,1777318659879000,47.39774212706908,8.545593884739505,488.46875,488.46194,0.019706387,2.4829357,2.5829413,nan,2,2,0,0
1777318659887000,1777318659887000,47.39774212841285,8.545593884503484,488.47556,488.46875,0.019706387,2.482956,2.5829592,nan,2,2,0,0
1777318659895000,1777318659895000,47.397742129743705,8.545593884248012,488.48242,488.47562,0.019706387,2.4829764,2.582977,nan,2,2,0,0
1777318659903000,1777318659903000,47.397742131064234,8.545593883933721,488.48932,488.4825,0.019706387,2.4829972,2.5829952,nan,2,2,0,0
1777318659911000,1777318659911000,47.397742132384494,8.545593883600642,488.4963,488.4895,0.019706387,2.4830182,2.5830135,nan,2,2,0,0
1777318659919000,1777318659919000,47.3977421337944,8.545593883603562,488.50327,488.4959,0.019706387,2.482906,2.5829184,nan,2,2,0,0
1777318659927000,1777318659927000,47.39774213516033,8.545593883578219,488.51028,488.50293,0.019706387,2.4829261,2.5829322,nan,2,2,0,0
1777318659935000,1777318659935000,47.397742136490045,8.54559388351045,488.51736,488.51,0.019706387,2.4829464,2.58295,nan,2,2,0,0
1777318659943000,1777318659943000,47.39774213781027,8.545593883426253,488.5245,488.51715,0.019706387,2.4829667,2.582968,nan,2,2,0,0
1777318659951000,1777318659951000,47.39774213911816,8.54559388335301,488.5317,488.52435,0.019706387,2.4829874,2.5829859,nan,2,2,0,0
1777318659959000,1777318659959000,47.39774214042512,8.545593883252867,488.53897,488.53162,0.019706387,2.4830081,2.5830042,nan,2,2,0,0
1777318659967000,1777318659967000,47.39774214193109,8.5455938834784,488.54623,488.53836,0.019706387,2.482897,2.5829096,nan,2,2,0,0
1777318659975000,1777318659975000,47.39774214339205,8.545593883689227,488.55356,488.5457,0.019706387,2.4829168,2.5829272,nan,2,2,0,0
1777318659983000,1777318659983000,47.39774214482069,8.545593883877801,488.56094,488.55307,0.019706387,2.4829369,2.5829413,nan,2,2,0,0
1777318659991000,1777318659991000,47.39774214624321,8.545593884037897,488.56836,488.5605,0.019706387,2.4829574,2.5829592,nan,2,2,0,0
1777318659999000,1777318659999000,47.39774214764451,8.545593884177956,488.57587,488.568,0.019706387,2.4829779,2.582977,nan,2,2,0,0
1777318660007000,1777318660007000,47.39774214900735,8.545593884305239,488.5834,488.57553,0.019706387,2.4829986,2.5829952,nan,2,2,0,0
1777318660015000,1777318660015000,47.39774215034376,8.545593884396403,488.591,488.58313,0.019706387,2.4830196,2.5830133,nan,2,2,0,0
1777318660023000,1777318660023000,47.39774215184801,8.545593884881846,488.5986,488.59018,0.019706387,2.4829073,2.5829182,nan,2,2,0,0
1777318660031000,1777318660031000,47.39774215331374,8.545593885333762,488.60626,488.59784,0.019706387,2.4829273,2.5829322,nan,2,2,0,0
1777318660039000,1777318660039000,47.39774215476359,8.545593885721926,488.61398,488.60556,0.019706387,2.4829473,2.58295,nan,2,2,0,0
1777318660047000,1777318660047000,47.39774215619397,8.545593886095213,488.62173,488.6133,0.019706387,2.4829679,2.582968,nan,2,2,0,0
1777318660055000,1777318660055000,47.39774215759521,8.545593886462356,488.62955,488.62112,0.019706387,2.4829886,2.5829859,nan,2,2,0,0
1777318660063000,1777318660063000,47.39774215895232,8.545593886793478,488.63742,488.629,0.019706387,2.4830093,2.583004,nan,2,2,0,0
1777318660071000,1777318660071000,47.39774216046947,8.545593887381962,488.6453,488.6363,0.019706387,2.482898,2.5829096,nan,2,2,0,0
1777318660079000,1777318660079000,47.397742161951754,8.545593887932716,488.65323,488.64423,0.019706387,2.482918,2.5829237,nan,2,2,0,0
1777318660087000,1777318660087000,47.39774216339831,8.545593888437613,488.66122,488.65222,0.019706387,2.482938,2.5829413,nan,2,2,0,0
1777318660095000,1777318660095000,47.39774216481583,8.545593888910773,488.66928,488.66028,0.019706387,2.4829586,2.5829592,nan,2,2,0,0
1777318660103000,1777318660103000,47.397742166195364,8.54559388937257,488.67737,488.66837,0.019706387,2.482979,2.582977,nan,2,2,0,0
1777318660111000,1777318660111000,47.39774216752815,8.545593889843115,488.68552,488.6765,0.019706387,2.4829998,2.5829952,nan,2,2,0,0
1777318660119000,1777318660119000,47.39774216879799,8.54559389027343,488.69376,488.68475,0.019706387,2.4830208,2.5830133,nan,2,2,0,0
1777318660127000,1777318660127000,47.39774217010539,8.54559389093583,488.70197,488.6924,0.019706387,2.4829085,2.5829148,nan,2,2,0,0
1777318660135000,1777318660135000,47.39774217136249,8.545593891543122,488.71027,488.7007,0.019706387,2.4829285,2.5829322,nan,2,2,0,0
1777318660143000,1777318660143000,47.397742172571085,8.545593892087563,488.7186,488.70905,0.019706387,2.4829488,2.58295,nan,2,2,0,0
1777318660151000,1777318660151000,47.39774217373616,8.545593892591596,488.727,488.71744,0.019706387,2.482969,2.582968,nan,2,2,0,0
1777318660159000,1777318660159000,47.39774217485655,8.545593893087794,488.73544,488.7259,0.019706387,2.4829898,2.5829859,nan,2,2,0,0
1777318660167000,1777318660167000,47.39774217595489,8.545593893562245,488.74393,488.73438,0.019706387,2.4830108,2.5830042,nan,2,2,0,0
1777318660175000,1777318660175000,47.39774217704473,8.545593894008164,488.75247,488.74292,0.019706387,2.4830317,2.5830224,nan,2,2,0,0
1777318660183000,1777318660183000,47.397742178203636,8.545593894585819,488.76105,488.75092,0.019706387,2.4829185,2.5829232,nan,2,2,0,0
1777318660191000,1777318660191000,47.39774217932724,8.545593895120572,488.76962,488.7595,0.019706387,2.4829385,2.5829408,nan,2,2,0,0
1777318660199000,1777318660199000,47.39774218041944,8.545593895625396,488.7783,488.76816,0.019706387,2.4829588,2.5829585,nan,2,2,0,0
1777318660207000,1777318660207000,47.39774218149025,8.545593896104714,488.787,488.77686,0.019706387,2.4829795,2.5829766,nan,2,2,0,0
1777318660215000,1777318660215000,47.39774218254206,8.54559389655019,488.79572,488.78558,0.019706387,2.4830003,2.5829947,nan,2,2,0,0
1777318660223000,1777318660223000,47.39774218355892,8.545593896964577,488.8045,488.79437,0.019706387,2.4830213,2.5830128,nan,2,2,0,0
1777318660231000,1777318660231000,47.39774218468255,8.545593897631187,488.81326,488.80255,0.019706387,2.482909,2.582914,nan,2,2,0,0
1777318660239000,1777318660239000,47.39774218578907,8.5455938982701,488.82208,488.81137,0.019706387,2.4829288,2.5829318,nan,2,2,0,0
1777318660247000,1777318660247000,47.39774218686915,8.545593898855499,488.8309,488.8202,0.019706387,2.482949,2.5829494,nan,2,2,0,0
1777318660255000,1777318660255000,47.39774218791788,8.545593899404487,488.83978,488.82907,0.019706387,2.4829698,2.5829673,nan,2,2,0,0
1777318660263000,1777318660263000,47.39774218892084,8.545593899935245,488.8487,488.83798,0.019706387,2.4829903,2.5829854,nan,2,2,0,0
1777318660271000,1777318660271000,47.39774218988607,8.545593900441766,488.8576,488.8469,0.019706387,2.4830112,2.5830035,nan,2,2,0,0
1777318660279000,1777318660279000,47.3977421909436,8.545593901182615,488.86652,488.85516,0.019706387,2.4828997,2.5829055,nan,2,2,0,0
1777318660287000,1777318660287000,47.397742191985465,8.545593901896355,488.87543,488.86407,0.019706387,2.4829197,2.5829232,nan,2,2,0,0
1777318660295000,1777318660295000,47.39774219298722,8.545593902590847,488.88437,488.87302,0.019706387,2.4829397,2.5829408,nan,2,2,0,0
1777318660303000,1777318660303000,47.39774219395178,8.545593903240011,488.89334,488.882,0.019706387,2.4829602,2.5829587,nan,2,2,0,0
1777318660311000,1777318660311000,47.39774219487062,8.545593903847005,488.9023,488.89096,0.019706387,2.4829807,2.5829766,nan,2,2,0,0
1777318660319000,1777318660319000,47.39774219576768,8.54559390439937,488.91132,488.89996,0.019706387,2.4830015,2.5829947,nan,2,2,0,0
1777318660327000,1777318660327000,47.39774219665699,8.545593904911888,488.92032,488.90897,0.019706387,2.4830225,2.583009,nan,2,2,0,0
1777318660335000,1777318660335000,47.3977421975715,8.54559390580279,488.9293,488.91733,0.019706387,2.48291,2.5829144,nan,2,2,0,0
1777318660343000,1777318660343000,47.39774219844314,8.545593906622814,488.9383,488.92633,0.019706387,2.48293,2.5829318,nan,2,2,0,0
1777318660351000,1777318660351000,47.39774219927617,8.545593907372332,488.94727,488.9353,0.019706387,2.4829504,2.5829496,nan,2,2,0,0
1777318660359000,1777318660359000,47.39774220009245,8.545593908088986,488.95627,488.9443,0.019706387,2.4829707,2.5829675,nan,2,2,0,0
1777318660367000,1777318660367000,47.39774220089008,8.545593908788312,488.96527,488.9533,0.019706387,2.4829915,2.5829854,nan,2,2,0,0
1777318660375000,1777318660375000,47.397742201650686,8.545593909452897,488.97427,488.9623,0.019706387,2.4830124,2.5830038,nan,2,2,0,0
1777318660383000,1777318660383000,47.39774220238576,8.54559391007015,488.98328,488.9713,0.019706387,2.4830334,2.583018,nan,2,2,0,0
1777318660391000,1777318660391000,47.39774220323685,8.545593910953341,488.99225,488.9797,0.019706387,2.48292,2.5829227,nan,2,2,0,0
1777318660399000,1777318660399000,47.3977422040523,8.545593911835555,489.00122,488.98868,0.019706387,2.4829402,2.5829403,nan,2,2,0,0
1777318660407000,1777318660407000,47.39774220481994,8.545593912711524,489.0102,488.99765,0.019706387,2.4829605,2.5829582,nan,2,2,0,0
1777318660415000,1777318660415000,47.39774220556205,8.545593913503309,489.01913,489.0066,0.019706387,2.482981,2.582976,nan,2,2,0,0
1777318660423000,1777318660423000,47.397742206291866,8.545593914219415,489.02808,489.01553,0.019706387,2.4830017,2.5829942,nan,2,2,0,0
1777318660431000,1777318660431000,47.397742207002885,8.545593914894875,489.03702,489.02448,0.019706387,2.483023,2.5830085,nan,2,2,0,0
1777318660439000,1777318660439000,47.39774220771907,8.545593915893198,489.04593,489.03287,0.019706387,2.4829104,2.5829139,nan,2,2,0,0
1777318660447000,1777318660447000,47.397742208382205,8.545593916808986,489.0548,489.04175,0.019706387,2.4829304,2.5829315,nan,2,2,0,0
1777318660455000,1777318660455000,47.39774220901915,8.545593917672612,489.0637,489.05063,0.019706387,2.4829507,2.5829492,nan,2,2,0,0
1777318660463000,1777318660463000,47.39774220964076,8.545593918465691,489.07254,489.05948,0.019706387,2.4829712,2.582967,nan,2,2,0,0
1777318660471000,1777318660471000,47.39774221023247,8.545593919212417,489.08136,489.0683,0.019706387,2.4829917,2.582985,nan,2,2,0,0
1777318660479000,1777318660479000,47.397742210765436,8.545593919946652,489.09018,489.07712,0.019706387,2.4830127,2.5829995,nan,2,2,0,0
1777318660487000,1777318660487000,47.39774221125339,8.54559392067867,489.09897,489.0859,0.019706387,2.4830337,2.5830176,nan,2,2,0,0
1777318660495000,1777318660495000,47.39774221176752,8.545593921765915,489.1078,489.0942,0.019706387,2.4829202,2.5829222,nan,2,2,0,0
1777318660503000,1777318660503000,47.39774221225196,8.545593922805526,489.11658,489.103,0.019706387,2.4829404,2.5829399,nan,2,2,0,0
1777318660511000,1777318660511000,47.39774221269245,8.54559392378672,489.12537,489.1118,0.019706387,2.4829607,2.5829577,nan,2,2,0,0
1777318660519000,1777318660519000,47.397742213085436,8.545593924657737,489.1341,489.1205,0.019706387,2.4829812,2.5829756,nan,2,2,0,0
1777318660527000,1777318660527000,47.39774221344609,8.54559392546806,489.14282,489.12924,0.019706387,2.483002,2.58299,nan,2,2,0,0
1777318660535000,1777318660535000,47.39774221376922,8.545593926234893,489.15152,489.13794,0.019706387,2.483023,2.5830083,nan,2,2,0,0
1777318660543000,1777318660543000,47.397742214116874,8.545593927334892,489.16025,489.14624,0.019706387,2.4829106,2.5829134,nan,2,2,0,0
1777318660551000,1777318660551000,47.39774221443079,8.545593928379505,489.16898,489.15497,0.019706387,2.4829307,2.582931,nan,2,2,0,0
1777318660559000,1777318660559000,47.39774221470132,8.545593929403573,489.17767,489.16367,0.019706387,2.4829507,2.582949,nan,2,2,0,0
1777318660567000,1777318660567000,47.397742214925344,8.545593930402495,489.18637,489.17236,0.019706387,2.4829712,2.5829666,nan,2,2,0,0
1777318660575000,1777318660575000,47.39774221510914,8.545593931370888,489.195,489.181,0.019706387,2.4829917,2.5829847,nan,2,2,0,0
1777318660583000,1777318660583000,47.39774221525612,8.545593932317368,489.20364,489.18964,0.019706387,2.4830127,2.5830028,nan,2,2,0,0
1777318660591000,1777318660591000,47.397742215461925,8.545593933658283,489.21234,489.19794,0.019706387,2.4829013,2.5829084,nan,2,2,0,0
1777318660599000,1777318660599000,47.39774221565004,8.5455939349578,489.221,489.2066,0.019706387,2.4829211,2.582926,nan,2,2,0,0
1777318660607000,1777318660607000,47.39774221580321,8.54559393621433,489.22964,489.21524,0.019706387,2.4829412,2.5829437,nan,2,2,0,0
1777318660615000,1777318660615000,47.39774221591544,8.545593937401751,489.23828,489.22388,0.019706387,2.4829614,2.5829616,nan,2,2,0,0
1777318660623000,1777318660623000,47.39774221599163,8.545593938549297,489.24686,489.23245,0.019706387,2.482982,2.5829794,nan,2,2,0,0
1777318660631000,1777318660631000,47.39774221604131,8.545593939663112,489.25543,489.24103,0.019706387,2.4830027,2.5829937,nan,2,2,0,0
1777318660639000,1777318660639000,47.397742216049586,8.545593940714408,489.26398,489.24957,0.019706387,2.4830234,2.583012,nan,2,2,0,0
1777318660647000,1777318660647000,47.397742216312515,8.545593942158996,489.27258,489.25772,0.019706387,2.4829113,2.582917,nan,2,2,0,0
1777318660655000,1777318660655000,47.39774221655336,8.545593943545652,489.28116,489.2663,0.019706387,2.4829311,2.5829346,nan,2,2,0,0
1777318660663000,1777318660663000,47.39774221676007,8.545593944871774,489.28973,489.27487,0.019706387,2.4829514,2.5829525,nan,2,2,0,0
1777318660671000,1777318660671000,47.397742216937964,8.545593946137135,489.29825,489.2834,0.019706387,2.4829717,2.5829701,nan,2,2,0,0
1777318660679000,1777318660679000,47.39774221709127,8.54559394735107,489.30676,489.2919,0.019706387,2.4829922,2.5829883,nan,2,2,0,0
1777318660687000,1777318660687000,47.397742217221804,8.545593948499954,489.31522,489.30035,0.019706387,2.483013,2.5830066,nan,2,2,0,0
1777318660695000,1777318660695000,47.3977422175372,8.545593950024232,489.32373,489.30847,0.019706387,2.4829018,2.582912,nan,2,2,0,0
1777318660703000,1777318660703000,47.3977422178289,8.545593951485175,489.33224,489.317,0.019706387,2.4829216,2.5829294,nan,2,2,0,0
1777318660711000,1777318660711000,47.397742218084986,8.545593952886012,489.3407,489.32544,0.019706387,2.4829416,2.5829473,nan,2,2,0,0
1777318660719000,1777318660719000,47.39774221832527,8.545593954244842,489.34915,489.3339,0.019706387,2.4829617,2.582965,nan,2,2,0,0
1777318660727000,1777318660727000,47.39774221855258,8.545593955543227,489.35754,489.3423,0.019706387,2.4829822,2.5829792,nan,2,2,0,0
1777318660735000,1777318660735000,47.39774221876767,8.545593956795027,489.36594,489.35068,0.019706387,2.4830027,2.5829973,nan,2,2,0,0
1777318660743000,1777318660743000,47.39774221896,8.54559395800671,489.3743,489.35904,0.019706387,2.4830236,2.5830157,nan,2,2,0,0
1777318660751000,1777318660751000,47.39774221926709,8.545593959605345,489.3827,489.367,0.019706387,2.4829116,2.5829203,nan,2,2,0,0
1777318660759000,1777318660759000,47.397742219556136,8.54559396116214,489.39108,489.3754,0.019706387,2.4829316,2.582938,nan,2,2,0,0
1777318660767000,1777318660767000,47.397742219810326,8.545593962664952,489.39944,489.38376,0.019706387,2.4829516,2.5829558,nan,2,2,0,0
1777318660775000,1777318660775000,47.39774222000782,8.545593964081466,489.40778,489.3921,0.019706387,2.482972,2.5829737,nan,2,2,0,0
1777318660783000,1777318660783000,47.39774222016089,8.54559396538076,489.41608,489.4004,0.019706387,2.4829924,2.582988,nan,2,2,0,0
1777318660791000,1777318660791000,47.397742220281735,8.545593966573286,489.42438,489.4087,0.019706387,2.4830132,2.5830061,nan,2,2,0,0
1777318660799000,1777318660799000,47.39774222034476,8.545593967666521,489.43265,489.41696,0.019706387,2.483034,2.5830245,nan,2,2,0,0
1777318660807000,1777318660807000,47.39774222050192,8.545593969004255,489.44098,489.42496,0.019706387,2.4829211,2.5829287,nan,2,2,0,0
1777318660815000,1777318660815000,47.39774222063716,8.54559397027412,489.44928,489.43326,0.019706387,2.482941,2.5829463,nan,2,2,0,0
1777318660823000,1777318660823000,47.39774222074343,8.545593971484214,489.45758,489.44156,0.019706387,2.4829612,2.5829642,nan,2,2,0,0
1777318660831000,1777318660831000,47.39774222080514,8.545593972611094,489.46582,489.4498,0.019706387,2.4829814,2.5829782,nan,2,2,0,0
1777318660839000,1777318660839000,47.39774222080441,8.545593973665971,489.47406,489.45804,0.019706387,2.483002,2.5829964,nan,2,2,0,0
1777318660847000,1777318660847000,47.397742220751134,8.545593974643793,489.48227,489.46625,0.019706387,2.4830227,2.5830147,nan,2,2,0,0
1777318660855000,1777318660855000,47.39774222069751,8.545593975800294,489.49054,489.4743,0.019706387,2.482911,2.5829196,nan,2,2,0,0
1777318660863000,1777318660863000,47.397742220605444,8.545593976896463,489.4988,489.48257,0.019706387,2.482931,2.5829372,nan,2,2,0,0
1777318660871000,1777318660871000,47.397742220461375,8.54559397791706,489.50702,489.49078,0.019706387,2.482951,2.582955,nan,2,2,0,0
1777318660879000,1777318660879000,47.39774222028123,8.545593978843824,489.51523,489.499,0.019706387,2.4829712,2.5829692,nan,2,2,0,0
1777318660887000,1777318660887000,47.39774222008247,8.5455939796924,489.52338,489.50714,0.019706387,2.4829915,2.582987,nan,2,2,0,0
1777318660895000,1777318660895000,47.39774221986963,8.545593980476754,489.53152,489.5153,0.019706387,2.4830122,2.5830054,nan,2,2,0,0
1777318660903000,1777318660903000,47.39774221978007,8.545593981638973,489.53973,489.5233,0.019706387,2.4829016,2.5829108,nan,2,2,0,0
1777318660911000,1777318660911000,47.39774221966767,8.545593982742673,489.5479,489.53146,0.019706387,2.4829211,2.5829284,nan,2,2,0,0
1777318660919000,1777318660919000,47.39774221952127,8.545593983782148,489.55603,489.53958,0.019706387,2.482941,2.582946,nan,2,2,0,0
1777318660927000,1777318660927000,47.3977422193421,8.545593984782986,489.56415,489.5477,0.019706387,2.4829612,2.5829604,nan,2,2,0,0
1777318660935000,1777318660935000,47.397742219138635,8.545593985727077,489.57224,489.5558,0.019706387,2.4829814,2.5829782,nan,2,2,0,0
1777318660943000,1777318660943000,47.39774221890653,8.545593986612033,489.58032,489.56387,0.019706387,2.4830017,2.5829964,nan,2,2,0,0
1777318660951000,1777318660951000,47.39774221865775,8.545593987425345,489.58835,489.5719,0.019706387,2.4830225,2.5830145,nan,2,2,0,0
1777318660959000,1777318660959000,47.39774221846648,8.545593988484264,489.59644,489.57983,0.019706387,2.4829113,2.5829194,nan,2,2,0,0
1777318660967000,1777318660967000,47.39774221825367,8.545593989462477,489.60452,489.58792,0.019706387,2.482931,2.582937,nan,2,2,0,0
1777318660975000,1777318660975000,47.397742218019225,8.545593990339642,489.61255,489.59595,0.019706387,2.482951,2.5829546,nan,2,2,0,0
1777318660983000,1777318660983000,47.39774221776105,8.545593991120834,489.62057,489.60397,0.019706387,2.4829707,2.582969,nan,2,2,0,0
1777318660991000,1777318660991000,47.39774221745625,8.545593991813499,489.62857,489.61197,0.019706387,2.482991,2.582987,nan,2,2,0,0
1777318660999000,1777318660999000,47.39774221712089,8.545593992428932,489.63654,489.61993,0.019706387,2.4830112,2.5830052,nan,2,2,0,0
1777318661007000,1777318661007000,47.39774221675203,8.545593992985907,489.64447,489.62787,0.019706387,2.4830317,2.5830235,nan,2,2,0,0
1777318661015000,1777318661015000,47.39774221640683,8.545593993985209,489.65244,489.63562,0.019706387,2.482921,2.5829277,nan,2,2,0,0
1777318661023000,1777318661023000,47.397742216018834,8.545593994901456,489.6604,489.6436,0.019706387,2.4829402,2.5829453,nan,2,2,0,0
1777318661031000,1777318661031000,47.397742215610705,8.545593995685147,489.66833,489.65152,0.019706387,2.4829597,2.5829597,nan,2,2,0,0
1777318661039000,1777318661039000,47.397742215192494,8.54559399636148,489.6762,489.6594,0.019706387,2.4829795,2.5829775,nan,2,2,0,0
1777318661047000,1777318661047000,47.3977422147565,8.545593996978603,489.68408,489.66727,0.019706387,2.4829996,2.5829957,nan,2,2,0,0
1777318661055000,1777318661055000,47.397742214287234,8.545593997547549,489.6919,489.67508,0.019706387,2.4830196,2.5830138,nan,2,2,0,0
1777318661063000,1777318661063000,47.397742213772176,8.545593998673183,489.6998,489.68277,0.019706387,2.4829104,2.5829186,nan,2,2,0,0
1777318661071000,1777318661071000,47.39774221323238,8.545593999737799,489.70764,489.6906,0.019706387,2.4829297,2.5829363,nan,2,2,0,0
1777318661079000,1777318661079000,47.39774221266136,8.54559400078297,489.71545,489.69843,0.019706387,2.4829488,2.5829504,nan,2,2,0,0
1777318661087000,1777318661087000,47.39774221204804,8.54559400172911,489.72324,489.7062,0.019706387,2.482968,2.5829682,nan,2,2,0,0
1777318661095000,1777318661095000,47.397742211417786,8.54559400258901,489.731,489.71396,0.019706387,2.4829879,2.5829864,nan,2,2,0,0
1777318661103000,1777318661103000,47.397742210769394,8.545594003384226,489.7387,489.72168,0.019706387,2.4830074,2.5830045,nan,2,2,0,0
1777318661111000,1777318661111000,47.39774221009673,8.545594004075316,489.7464,489.72937,0.019706387,2.4830275,2.5830228,nan,2,2,0,0
1777318661119000,1777318661119000,47.39774220940909,8.545594005180664,489.75415,489.73688,0.019706387,2.4829183,2.582927,nan,2,2,0,0
1777318661127000,1777318661127000,47.39774220868181,8.545594006247816,489.76184,489.74457,0.019706387,2.4829373,2.582941,nan,2,2,0,0
1777318661135000,1777318661135000,47.39774220791203,8.545594007231424,489.7695,489.75223,0.019706387,2.4829564,2.5829587,nan,2,2,0,0
1777318661143000,1777318661143000,47.39774220711937,8.54559400813354,489.77713,489.75986,0.019706387,2.4829755,2.5829768,nan,2,2,0,0
1777318661151000,1777318661151000,47.397742206334684,8.545594008970783,489.78476,489.7675,0.019706387,2.482995,2.582995,nan,2,2,0,0
1777318661159000,1777318661159000,47.397742205545605,8.545594009709323,489.79233,489.77505,0.019706387,2.4830148,2.583013,nan,2,2,0,0
1777318661167000,1777318661167000,47.39774220467005,8.545594010784729,489.79993,489.7825,0.019706387,2.4829073,2.5829182,nan,2,2,0,0
1777318661175000,1777318661175000,47.397742203783885,8.54559401178399,489.80753,489.7901,0.019706387,2.482926,2.5829356,nan,2,2,0,0
1777318661183000,1777318661183000,47.397742202891706,8.545594012711742,489.8151,489.79767,0.019706387,2.4829447,2.5829496,nan,2,2,0,0
1777318661191000,1777318661191000,47.39774220199834,8.545594013550991,489.82263,489.8052,0.019706387,2.4829638,2.5829678,nan,2,2,0,0
1777318661199000,1777318661199000,47.39774220107991,8.545594014299812,489.8301,489.81268,0.019706387,2.482983,2.5829856,nan,2,2,0,0
1777318661207000,1777318661207000,47.39774220015417,8.54559401496853,489.8376,489.82016,0.019706387,2.4830027,2.5830038,nan,2,2,0,0
1777318661215000,1777318661215000,47.39774219917486,8.545594016176976,489.8451,489.82755,0.019706387,2.4828963,2.5829093,nan,2,2,0,0
1777318661223000,1777318661223000,47.39774219818935,8.545594017311265,489.85257,489.83502,0.019706387,2.4829147,2.582927,nan,2,2,0,0
1777318661231000,1777318661231000,47.397742197190155,8.54559401838823,489.86002,489.84247,0.019706387,2.4829335,2.582941,nan,2,2,0,0
1777318661239000,1777318661239000,47.397742196170135,8.545594019413844,489.86743,489.84988,0.019706387,2.4829524,2.5829587,nan,2,2,0,0
1777318661247000,1777318661247000,47.39774219513887,8.545594020392837,489.87482,489.85727,0.019706387,2.4829717,2.5829768,nan,2,2,0,0
1777318661255000,1777318661255000,47.39774219408565,8.545594021318845,489.88217,489.86462,0.019706387,2.482991,2.5829947,nan,2,2,0,0
1777318661263000,1777318661263000,47.397742193018004,8.545594022194646,489.8895,489.87195,0.019706387,2.4830108,2.583013,nan,2,2,0,0
1777318661271000,1777318661271000,47.39774219191892,8.545594023446803,489.89685,489.87915,0.019706387,2.4829035,2.582918,nan,2,2,0,0
1777318661279000,1777318661279000,47.39774219083334,8.545594024649619,489.90417,489.88647,0.019706387,2.4829218,2.5829356,nan,2,2,0,0
1777318661287000,1777318661287000,47.397742189746104,8.545594025814308,489.91147,489.89377,0.019706387,2.482941,2.5829535,nan,2,2,0,0
1777318661295000,1777318661295000,47.39774218866752,8.545594026948216,489.91873,489.90103,0.019706387,2.48296,2.5829713,nan,2,2,0,0
1777318661303000,1777318661303000,47.397742187606866,8.545594028073745,489.92596,489.90826,0.019706387,2.4829795,2.5829892,nan,2,2,0,0
1777318661311000,1777318661311000,47.39774218655084,8.545594029160707,489.93317,489.91547,0.019706387,2.4829993,2.5830073,nan,2,2,0,0
1777318661319000,1777318661319000,47.39774218550025,8.545594030214472,489.94034,489.92264,0.019706387,2.4830196,2.5830257,nan,2,2,0,0
1777318661327000,1777318661327000,47.39774218450915,8.545594031654902,489.94757,489.92978,0.019706387,2.4829104,2.5829263,nan,2,2,0,0
1777318661335000,1777318661335000,47.397742183495666,8.545594033062557,489.95474,489.93695,0.019706387,2.4829295,2.582944,nan,2,2,0,0
1777318661343000,1777318661343000,47.397742182465265,8.545594034429554,489.9619,489.94412,0.019706387,2.4829485,2.5829618,nan,2,2,0,0
1777318661351000,1777318661351000,47.397742181408844,8.545594035790858,489.96906,489.95126,0.019706387,2.4829683,2.5829797,nan,2,2,0,0
1777318661359000,1777318661359000,47.397742180321956,8.54559403714423,489.97617,489.95837,0.019706387,2.4829884,2.5829978,nan,2,2,0,0
1777318661367000,1777318661367000,47.397742179223044,8.545594038450163,489.98322,489.96542,0.019706387,2.4830086,2.583016,nan,2,2,0,0
1777318661375000,1777318661375000,47.397742178182966,8.545594039994928,489.99033,489.9725,0.019706387,2.4828997,2.5829208,nan,2,2,0,0
1777318661383000,1777318661383000,47.397742177136486,8.545594041498388,489.99744,489.9796,0.019706387,2.4829187,2.5829349,nan,2,2,0,0
1777318661391000,1777318661391000,47.397742176096806,8.54559404295451,490.0045,489.98666,0.019706387,2.482938,2.5829525,nan,2,2,0,0
1777318661399000,1777318661399000,47.397742175046105,8.545594044369675,490.0115,489.99368,0.019706387,2.4829578,2.5829704,nan,2,2,0,0
1777318661407000,1777318661407000,47.39774217398053,8.54559404571221,490.01846,490.00064,0.019706387,2.482978,2.5829885,nan,2,2,0,0
1777318661415000,1777318661415000,47.39774217290835,8.545594047000609,490.02542,490.0076,0.019706387,2.4829986,2.5830066,nan,2,2,0,0
1777318661423000,1777318661423000,47.397742171830146,8.54559404823234,490.03232,490.0145,0.019706387,2.4830196,2.583025,nan,2,2,0,0
1777318661431000,1777318661431000,47.39774217092066,8.545594049665942,490.0393,490.02145,0.019706387,2.482908,2.5829256,nan,2,2,0,0
1777318661439000,1777318661439000,47.39774216999305,8.545594051055952,490.04623,490.02838,0.019706387,2.4829276,2.5829432,nan,2,2,0,0
1777318661447000,1777318661447000,47.39774216905917,8.545594052403533,490.0531,490.03525,0.019706387,2.4829476,2.5829608,nan,2,2,0,0
1777318661455000,1777318661455000,47.397742168121034,8.545594053709454,490.05997,490.0421,0.019706387,2.482968,2.5829787,nan,2,2,0,0
1777318661463000,1777318661463000,47.397742167180965,8.545594054971277,490.06677,490.04892,0.019706387,2.4829888,2.5829968,nan,2,2,0,0
1777318661471000,1777318661471000,47.39774216621094,8.545594056220912,490.07355,490.0557,0.019706387,2.48301,2.5830152,nan,2,2,0,0
1777318661479000,1777318661479000,47.3977421653839,8.545594057669522,490.08038,490.0626,0.019706387,2.4828982,2.5829165,nan,2,2,0,0
1777318661487000,1777318661487000,47.397742164558665,8.545594059090378,490.0872,490.0694,0.019706387,2.482918,2.5829341,nan,2,2,0,0
1777318661495000,1777318661495000,47.39774216374124,8.545594060461791,490.09396,490.07617,0.019706387,2.4829383,2.5829518,nan,2,2,0,0
1777318661503000,1777318661503000,47.39774216291152,8.545594061763518,490.10068,490.0829,0.019706387,2.482959,2.5829697,nan,2,2,0,0
1777318661511000,1777318661511000,47.39774216205651,8.545594063043666,490.1074,490.0896,0.019706387,2.48298,2.5829878,nan,2,2,0,0
1777318661519000,1777318661519000,47.39774216119537,8.545594064337312,490.11404,490.09625,0.019706387,2.4830017,2.583006,nan,2,2,0,0
1777318661527000,1777318661527000,47.3977421604019,8.545594066017193,490.12076,490.10303,0.019706387,2.4828894,2.5829077,nan,2,2,0,0
1777318661535000,1777318661535000,47.397742159592184,8.545594067644673,490.12744,490.1097,0.019706387,2.4829094,2.5829253,nan,2,2,0,0
1777318661543000,1777318661543000,47.397742158749196,8.545594069255262,490.1341,490.11636,0.019706387,2.48293,2.582943,nan,2,2,0,0
1777318661551000,1777318661551000,47.39774215788564,8.545594070833546,490.1407,490.12296,0.019706387,2.482951,2.5829608,nan,2,2,0,0
1777318661559000,1777318661559000,47.397742157003854,8.545594072383988,490.14728,490.12955,0.019706387,2.4829724,2.5829787,nan,2,2,0,0
1777318661567000,1777318661567000,47.39774215610824,8.545594073899911,490.1538,490.13608,0.019706387,2.4829946,2.5829968,nan,2,2,0,0
1777318661575000,1777318661575000,47.39774215521242,8.54559407537959,490.16028,490.14255,0.019706387,2.483017,2.5830152,nan,2,2,0,0
1777318661583000,1777318661583000,47.39774215439591,8.545594077337972,490.16684,490.14917,0.019706387,2.4829009,2.5829163,nan,2,2,0,0
1777318661591000,1777318661591000,47.39774215356729,8.545594079266841,490.17337,490.1557,0.019706387,2.4829216,2.582934,nan,2,2,0,0
1777318661599000,1777318661599000,47.397742152727645,8.54559408115317,490.17984,490.16217,0.019706387,2.4829428,2.5829518,nan,2,2,0,0
1777318661607000,1777318661607000,47.39774215188001,8.545594082999894,490.18628,490.1686,0.019706387,2.4829648,2.5829694,nan,2,2,0,0
1777318661615000,1777318661615000,47.39774215103297,8.545594084785666,490.1927,490.17502,0.019706387,2.4829872,2.5829875,nan,2,2,0,0
1777318661623000,1777318661623000,47.39774215017973,8.54559408653324,490.19907,490.1814,0.019706387,2.48301,2.5830057,nan,2,2,0,0
1777318661631000,1777318661631000,47.397742149322134,8.545594088262058,490.20538,490.1877,0.019706387,2.4830334,2.5830202,nan,2,2,0,0
1777318661639000,1777318661639000,47.39774214847101,8.545594090493,490.2118,490.19415,0.019706387,2.482913,2.5829246,nan,2,2,0,0
1777318661647000,1777318661647000,47.397742147606245,8.545594092643302,490.21814,490.2005,0.019706387,2.4829347,2.5829422,nan,2,2,0,0
1777318661655000,1777318661655000,47.397742146726216,8.545594094702118,490.22446,490.20682,0.019706387,2.482957,2.5829601,nan,2,2,0,0
1777318661663000,1777318661663000,47.39774214583404,8.545594096662601,490.2307,490.21307,0.019706387,2.4829795,2.582978,nan,2,2,0,0
1777318661671000,1777318661671000,47.39774214493534,8.545594098537869,490.23697,490.21933,0.019706387,2.4830027,2.5829961,nan,2,2,0,0
1777318661679000,1777318661679000,47.397742144043676,8.545594100341225,490.24313,490.2255,0.019706387,2.4830265,2.5830142,nan,2,2,0,0
1777318661687000,1777318661687000,47.39774214325409,8.545594102489858,490.2494,490.23184,0.019706387,2.4829054,2.5829191,nan,2,2,0,0
1777318661695000,1777318661695000,47.39774214245513,8.545594104587895,490.2556,490.23807,0.019706387,2.482927,2.5829368,nan,2,2,0,0
1777318661703000,1777318661703000,47.39774214163097,8.545594106635884,490.26178,490.24423,0.019706387,2.4829495,2.5829546,nan,2,2,0,0
1777318661711000,1777318661711000,47.39774214079573,8.545594108630246,490.26788,490.25034,0.019706387,2.4829726,2.5829725,nan,2,2,0,0
1777318661719000,1777318661719000,47.39774213995143,8.54559411055658,490.27396,490.2564,0.019706387,2.482996,2.5829906,nan,2,2,0,0
1777318661727000,1777318661727000,47.39774213911176,8.545594112421119,490.28,490.26245,0.019706387,2.48302,2.583005,nan,2,2,0,0
1777318661735000,1777318661735000,47.397742138117245,8.545594114624246,490.28607,490.26865,0.019706387,2.4828985,2.5829105,nan,2,2,0,0
1777318661743000,1777318661743000,47.39774213711894,8.545594116766864,490.29205,490.27463,0.019706387,2.4829204,2.582928,nan,2,2,0,0
1777318661751000,1777318661751000,47.397742136101044,8.545594118866944,490.298,490.28058,0.019706387,2.482943,2.5829456,nan,2,2,0,0
1777318661759000,1777318661759000,47.3977421350678,8.54559412092441,490.30392,490.2865,0.019706387,2.4829662,2.5829635,nan,2,2,0,0
1777318661767000,1777318661767000,47.3977421340248,8.545594122914443,490.30975,490.29233,0.019706387,2.48299,2.5829816,nan,2,2,0,0
1777318661775000,1777318661775000,47.39774213299048,8.545594124801006,490.31552,490.2981,0.019706387,2.4830146,2.5829997,nan,2,2,0,0
1777318661783000,1777318661783000,47.397742131986014,8.54559412659153,490.32123,490.3038,0.019706387,2.4830394,2.5830178,nan,2,2,0,0
1777318661791000,1777318661791000,47.397742130832505,8.545594128726231,490.327,490.30957,0.019706387,2.4829133,2.5829225,nan,2,2,0,0
1777318661799000,1777318661799000,47.39774212965583,8.545594130818317,490.33267,490.31525,0.019706387,2.4829361,2.58294,nan,2,2,0,0
1777318661807000,1777318661807000,47.397742128484985,8.545594132863261,490.3383,490.32086,0.019706387,2.4829595,2.582958,nan,2,2,0,0
1777318661815000,1777318661815000,47.397742127361354,8.545594134874056,490.34387,490.32645,0.019706387,2.4829834,2.5829759,nan,2,2,0,0
1777318661823000,1777318661823000,47.39774212627614,8.545594136878266,490.3494,490.33197,0.019706387,2.4830081,2.582994,nan,2,2,0,0
1777318661831000,1777318661831000,47.39774212522585,8.545594138881984,490.35486,490.33743,0.019706387,2.4830332,2.5830083,nan,2,2,0,0
1777318661839000,1777318661839000,47.3977421242054,8.545594140870309,490.36026,490.34283,0.019706387,2.483059,2.5830266,nan,2,2,0,0
1777318661847000,1777318661847000,47.39774212310223,8.545594143397937,490.36572,490.3484,0.019706387,2.4829288,2.5829306,nan,2,2,0,0
1777318661855000,1777318661855000,47.39774212204507,8.545594145975677,490.37112,490.3538,0.019706387,2.482952,2.5829482,nan,2,2,0,0
1777318661863000,1777318661863000,47.397742121048736,8.545594148590613,490.37646,490.35913,0.019706387,2.4829762,2.582966,nan,2,2,0,0
1777318661871000,1777318661871000,47.3977421201296,8.5455941512274,490.38174,490.3644,0.019706387,2.483001,2.5829842,nan,2,2,0,0
1777318661879000,1777318661879000,47.39774211928678,8.545594153916351,490.387,490.36966,0.019706387,2.4830263,2.5829985,nan,2,2,0,0
1777318661887000,1777318661887000,47.397742118531276,8.545594156678058,490.39215,490.37482,0.019706387,2.483052,2.5830166,nan,2,2,0,0
1777318661895000,1777318661895000,47.39774211760996,8.545594159912405,490.3974,490.3802,0.019706387,2.4829218,2.5829215,nan,2,2,0,0
1777318661903000,1777318661903000,47.397742116820346,8.545594163266177,490.4026,490.38538,0.019706387,2.4829454,2.5829391,nan,2,2,0,0
1777318661911000,1777318661911000,47.397742116175664,8.54559416675383,490.40775,490.39053,0.019706387,2.4829695,2.5829568,nan,2,2,0,0
1777318661919000,1777318661919000,47.39774211570586,8.545594170409935,490.4128,490.3956,0.019706387,2.4829943,2.5829747,nan,2,2,0,0
1777318661927000,1777318661927000,47.3977421154299,8.545594174258813,490.41785,490.40063,0.019706387,2.4830196,2.582989,nan,2,2,0,0
1777318661935000,1777318661935000,47.397742115350674,8.545594178308168,490.4228,490.40558,0.019706387,2.4830456,2.583007,nan,2,2,0,0
1777318661943000,1777318661943000,47.39774211548695,8.545594182576233,490.4277,490.4105,0.019706387,2.4830723,2.5830255,nan,2,2,0,0
1777318661951000,1777318661951000,47.39774211575674,8.545594187396915,490.43268,490.4156,0.019706387,2.4829378,2.5829296,nan,2,2,0,0
1777318661959000,1777318661959000,47.39774211624863,8.545594192502113,490.43762,490.42053,0.019706387,2.4829621,2.5829473,nan,2,2,0,0
1777318661967000,1777318661967000,47.39774211695834,8.545594197913351,490.44247,490.42538,0.019706387,2.482987,2.5829651,nan,2,2,0,0
1777318661975000,1777318661975000,47.39774211792375,8.545594203645011,490.4473,490.4302,0.019706387,2.4830122,2.582983,nan,2,2,0,0
1777318661983000,1777318661983000,47.397742119164,8.545594209735722,490.45206,490.43497,0.019706387,2.4830382,2.5830011,nan,2,2,0,0
1777318661991000,1777318661991000,47.39774212067694,8.545594216197358,490.4568,490.4397,0.019706387,2.483065,2.5830195,nan,2,2,0,0
1777318661999000,1777318661999000,47.397742122201684,8.545594223240347,490.46155,490.44458,0.019706387,2.482931,2.582924,nan,2,2,0,0
1777318662007000,1777318662007000,47.39774212405682,8.545594230722562,490.46628,490.4493,0.019706387,2.4829552,2.5829415,nan,2,2,0,0
1777318662015000,1777318662015000,47.39774212624673,8.54559423864126,490.47095,490.45398,0.019706387,2.48298,2.5829594,nan,2,2,0,0
1777318662023000,1777318662023000,47.39774212877981,8.545594247029184,490.47556,490.4586,0.019706387,2.4830053,2.5829773,nan,2,2,0,0
1777318662031000,1777318662031000,47.397742131699374,8.545594255926789,490.4801,490.46313,0.019706387,2.4830313,2.5829916,nan,2,2,0,0
1777318662039000,1777318662039000,47.397742135027734,8.545594265404802,490.48462,490.46765,0.019706387,2.483058,2.5830097,nan,2,2,0,0
1777318662047000,1777318662047000,47.39774213820161,8.545594275389778,490.48917,490.47235,0.019706387,2.4829242,2.582915,nan,2,2,0,0
1777318662055000,1777318662055000,47.397742141802674,8.545594285980577,490.49368,490.47687,0.019706387,2.4829485,2.5829325,nan,2,2,0,0
1777318662063000,1777318662063000,47.39774214584634,8.545594297174281,490.49814,490.48132,0.019706387,2.4829733,2.5829504,nan,2,2,0,0
1777318662071000,1777318662071000,47.39774215033659,8.545594309036046,490.50253,490.48572,0.019706387,2.4829988,2.5829682,nan,2,2,0,0
1777318662079000,1777318662079000,47.39774215530378,8.545594321629375,490.50687,490.49005,0.019706387,2.4830248,2.5829825,nan,2,2,0,0
1777318662087000,1777318662087000,47.39774216076574,8.545594334970573,490.51114,490.49432,0.019706387,2.4830515,2.5830004,nan,2,2,0,0
1777318662095000,1777318662095000,47.39774216672962,8.54559434907986,490.51538,490.49857,0.019706387,2.4830787,2.5830188,nan,2,2,0,0
1777318662103000,1777318662103000,47.39774217234508,8.545594363352128,490.51965,490.50302,0.019706387,2.4829412,2.5829234,nan,2,2,0,0
1777318662111000,1777318662111000,47.397742178498525,8.545594378476178,490.5239,490.50726,0.019706387,2.482966,2.582941,nan,2,2,0,0
1777318662119000,1777318662119000,47.39774218519182,8.545594394439785,490.52805,490.5114,0.019706387,2.4829915,2.5829587,nan,2,2,0,0
1777318662127000,1777318662127000,47.39774219243516,8.545594411282195,490.53217,490.51553,0.019706387,2.4830174,2.582973,nan,2,2,0,0
1777318662135000,1777318662135000,47.39774220024442,8.545594429043256,490.53622,490.5196,0.019706387,2.483044,2.5829911,nan,2,2,0,0
1777318662143000,1777318662143000,47.39774220864362,8.54559444775835,490.54022,490.5236,0.019706387,2.483071,2.5830092,nan,2,2,0,0
1777318662151000,1777318662151000,47.39774221764745,8.545594467450249,490.5442,490.52756,0.019706387,2.4830987,2.5830274,nan,2,2,0,0
1777318662159000,1777318662159000,47.397742226246265,8.545594487360656,490.54816,490.53168,0.019706387,2.4829578,2.5829315,nan,2,2,0,0
1777318662167000,1777318662167000,47.397742235432396,8.545594508326069,490.5521,490.5356,0.019706387,2.482983,2.5829492,nan,2,2,0,0
1777318662175000,1777318662175000,47.39774224521146,8.545594530414734,490.55597,490.5395,0.019706387,2.483009,2.582967,nan,2,2,0,0
1777318662183000,1777318662183000,47.397742255605195,8.545594553650707,490.5598,490.54333,0.019706387,2.4830353,2.5829813,nan,2,2,0,0
1777318662191000,1777318662191000,47.39774226666505,8.5455945780619,490.56357,490.5471,0.019706387,2.4830625,2.5829992,nan,2,2,0,0
1777318662199000,1777318662199000,47.39774227837777,8.545594603685778,490.56726,490.55078,0.019706387,2.48309,2.5830176,nan,2,2,0,0
1777318662207000,1777318662207000,47.397742289274845,8.545594628985626,490.571,490.5548,0.019706387,2.4829502,2.5829222,nan,2,2,0,0
1777318662215000,1777318662215000,47.39774230081399,8.545594655540825,490.5747,490.5585,0.019706387,2.4829755,2.5829399,nan,2,2,0,0
1777318662223000,1777318662223000,47.397742313007974,8.545594683378745,490.57837,490.56216,0.019706387,2.4830012,2.5829575,nan,2,2,0,0
1777318662231000,1777318662231000,47.39774232585852,8.545594712561599,490.58194,490.56573,0.019706387,2.4830275,2.5829718,nan,2,2,0,0
1777318662239000,1777318662239000,47.39774233938222,8.545594743105026,490.58548,490.56927,0.019706387,2.4830544,2.58299,nan,2,2,0,0
1777318662247000,1777318662247000,47.3977423535863,8.545594775055402,490.58896,490.57275,0.019706387,2.4830816,2.583008,nan,2,2,0,0
1777318662255000,1777318662255000,47.39774236845597,8.54559480847712,490.59238,490.57617,0.019706387,2.4831097,2.5830264,nan,2,2,0,0
1777318662263000,1777318662263000,47.39774238235168,8.545594840977865,490.59583,490.57983,0.019706387,2.482967,2.5829303,nan,2,2,0,0
1777318662271000,1777318662271000,47.39774239692205,8.54559487496836,490.5992,490.58322,0.019706387,2.4829924,2.5829482,nan,2,2,0,0
1777318662279000,1777318662279000,47.39774241217493,8.545594910477016,490.60257,490.58658,0.019706387,2.4830186,2.5829623,nan,2,2,0,0
1777318662287000,1777318662287000,47.39774242809625,8.54559494753264,490.60583,490.58984,0.019706387,2.4830453,2.5829802,nan,2,2,0,0
1777318662295000,1777318662295000,47.397742444686806,8.545594986195807,490.60904,490.59305,0.019706387,2.4830725,2.5829983,nan,2,2,0,0
1777318662303000,1777318662303000,47.397742461951104,8.545595026508199,490.61218,490.5962,0.019706387,2.4831004,2.5830164,nan,2,2,0,0
1777318662311000,1777318662311000,47.39774247833683,8.545595065890407,490.6154,490.5996,0.019706387,2.4829588,2.5829213,nan,2,2,0,0
1777318662319000,1777318662319000,47.39774249539407,8.54559510691956,490.6185,490.60272,0.019706387,2.4829843,2.582939,nan,2,2,0,0
1777318662327000,1777318662327000,47.3977425131083,8.545595149610405,490.62158,490.6058,0.019706387,2.4830103,2.582953,nan,2,2,0,0
1777318662335000,1777318662335000,47.397742531475224,8.545595194001942,490.62457,490.6088,0.019706387,2.4830368,2.5829709,nan,2,2,0,0
1777318662343000,1777318662343000,47.3977425505075,8.545595240145449,490.62753,490.61176,0.019706387,2.483064,2.5829887,nan,2,2,0,0
1777318662351000,1777318662351000,47.397742570221155,8.545595288067252,490.6304,490.61462,0.019706387,2.4830916,2.583007,nan,2,2,0,0
1777318662359000,1777318662359000,47.397742589263075,8.545595335053928,490.63333,490.6178,0.019706387,2.4829514,2.5829124,nan,2,2,0,0
1777318662367000,1777318662367000,47.3977426089644,8.545595383899974,490.63617,490.62064,0.019706387,2.4829767,2.58293,nan,2,2,0,0
1777318662375000,1777318662375000,47.39774262934548,8.54559543460786,490.63898,490.62344,0.019706387,2.4830024,2.5829477,nan,2,2,0,0
1777318662383000,1777318662383000,47.3977426503972,8.545595487181947,490.64172,490.6262,0.019706387,2.4830287,2.5829618,nan,2,2,0,0
1777318662391000,1777318662391000,47.3977426721159,8.545595541663214,490.6444,490.62888,0.019706387,2.4830556,2.5829797,nan,2,2,0,0
1777318662399000,1777318662399000,47.39774269450156,8.545595598077,490.64703,490.6315,0.019706387,2.483083,2.5829978,nan,2,2,0,0
1777318662407000,1777318662407000,47.397742717581785,8.545595656451914,490.6496,490.63406,0.019706387,2.4831111,2.583016,nan,2,2,0,0
1777318662415000,1777318662415000,47.397742740136444,8.545595713305993,490.6522,490.6369,0.019706387,2.482968,2.5829208,nan,2,2,0,0
1777318662423000,1777318662423000,47.39774276337266,8.545595772187125,490.65475,490.63947,0.019706387,2.4829938,2.5829384,nan,2,2,0,0
1777318662431000,1777318662431000,47.397742787301496,8.545595833116494,490.65726,490.64197,0.019706387,2.4830198,2.5829525,nan,2,2,0,0
1777318662439000,1777318662439000,47.39774281191807,8.54559589613488,490.65967,490.64438,0.019706387,2.4830465,2.5829704,nan,2,2,0,0
1777318662447000,1777318662447000,47.39774283721429,8.545595961258915,490.66205,490.64676,0.019706387,2.4830737,2.5829883,nan,2,2,0,0
1777318662455000,1777318662455000,47.39774286320486,8.545596028494337,490.66437,490.64908,0.019706387,2.4831016,2.5830066,nan,2,2,0,0
1777318662463000,1777318662463000,47.39774288990127,8.545596097871243,490.66663,490.65134,0.019706387,2.48313,2.5830247,nan,2,2,0,0
1777318662471000,1777318662471000,47.39774291609507,8.545596165329387,490.66895,490.65393,0.019706387,2.4829843,2.582929,nan,2,2,0,0
1777318662479000,1777318662479000,47.39774294299196,8.545596234981872,490.67117,490.65616,0.019706387,2.4830103,2.582943,nan,2,2,0,0
1777318662487000,1777318662487000,47.39774297059359,8.54559630688294,490.67337,490.65836,0.019706387,2.4830368,2.5829608,nan,2,2,0,0
1777318662495000,1777318662495000,47.39774299889919,8.54559638105873,490.6755,490.6605,0.019706387,2.4830637,2.5829787,nan,2,2,0,0
1777318662503000,1777318662503000,47.39774302792147,8.545596457508639,490.67758,490.66257,0.019706387,2.483091,2.5829968,nan,2,2,0,0
1777318662511000,1777318662511000,47.39774305767006,8.545596536275633,490.6796,490.66458,0.019706387,2.4831192,2.583015,nan,2,2,0,0
1777318662519000,1777318662519000,47.397743087082965,8.545596613542385,490.68164,490.6669,0.019706387,2.4829755,2.5829198,nan,2,2,0,0
1777318662527000,1777318662527000,47.39774311719662,8.545596693152152,490.68365,490.6689,0.019706387,2.4830012,2.582934,nan,2,2,0,0
1777318662535000,1777318662535000,47.39774314802225,8.545596775131667,490.6856,490.67087,0.019706387,2.4830275,2.5829515,nan,2,2,0,0
1777318662543000,1777318662543000,47.39774317958668,8.545596859526855,490.68747,490.67273,0.019706387,2.4830542,2.5829694,nan,2,2,0,0
1777318662551000,1777318662551000,47.39774321190678,8.545596946359298,490.6893,490.67456,0.019706387,2.4830813,2.5829873,nan,2,2,0,0
1777318662559000,1777318662559000,47.39774324499463,8.545597035643251,490.69107,490.67633,0.019706387,2.4831092,2.5830057,nan,2,2,0,0
1777318662567000,1777318662567000,47.39774327882516,8.545597127410582,490.69275,490.678,0.019706387,2.4831376,2.5830238,nan,2,2,0,0
1777318662575000,1777318662575000,47.397743312430556,8.545597217570569,490.6945,490.68002,0.019706387,2.4829915,2.5829282,nan,2,2,0,0
1777318662583000,1777318662583000,47.39774334675262,8.545597310235513,490.69617,490.6817,0.019706387,2.4830174,2.5829458,nan,2,2,0,0
1777318662591000,1777318662591000,47.3977433818277,8.545597405395124,490.69778,490.68332,0.019706387,2.4830437,2.5829635,nan,2,2,0,0
1777318662599000,1777318662599000,47.397743417670235,8.54559750306544,490.69934,490.68488,0.019706387,2.4830709,2.5829816,nan,2,2,0,0
1777318662607000,1777318662607000,47.39774345426284,8.545597603297534,490.70087,490.6864,0.019706387,2.4830985,2.5829997,nan,2,2,0,0
1777318662615000,1777318662615000,47.39774349162637,8.545597706119125,490.7023,490.68784,0.019706387,2.4831264,2.5830178,nan,2,2,0,0
1777318662623000,1777318662623000,47.39774352884708,8.545597807834438,490.70377,490.68964,0.019706387,2.4829822,2.5829225,nan,2,2,0,0
1777318662631000,1777318662631000,47.39774356683538,8.545597912103215,490.7052,490.69107,0.019706387,2.483008,2.5829365,nan,2,2,0,0
1777318662639000,1777318662639000,47.39774360561072,8.5455980189409,490.70657,490.69244,0.019706387,2.4830341,2.5829542,nan,2,2,0,0
1777318662647000,1777318662647000,47.39774364515607,8.545598128324528,490.70786,490.69373,0.019706387,2.4830608,2.582972,nan,2,2,0,0
1777318662655000,1777318662655000,47.397743685464874,8.545598240286958,490.7091,490.69498,0.019706387,2.483088,2.5829902,nan,2,2,0,0
1777318662663000,1777318662663000,47.397743726539275,8.545598354863829,490.7103,490.69617,0.019706387,2.483116,2.5830083,nan,2,2,0,0
1777318662671000,1777318662671000,47.397743767672516,8.54559846867969,490.7115,490.69763,0.019706387,2.4829733,2.5829136,nan,2,2,0,0
1777318662679000,1777318662679000,47.39774380960564,8.545598585096137,490.71265,490.6988,0.019706387,2.4829988,2.5829277,nan,2,2,0,0
1777318662687000,1777318662687000,47.39774385233988,8.545598704144838,490.7137,490.69986,0.019706387,2.4830248,2.5829453,nan,2,2,0,0
1777318662695000,1777318662695000,47.397743895881135,8.54559882583451,490.71475,490.7009,0.019706387,2.4830513,2.582963,nan,2,2,0,0
1777318662703000,1777318662703000,47.39774394021933,8.545598950182967,490.7157,490.70184,0.019706387,2.4830785,2.5829809,nan,2,2,0,0
1777318662711000,1777318662711000,47.39774398536587,8.545599077212781,490.7166,490.70276,0.019706387,2.4831061,2.582999,nan,2,2,0,0
1777318662719000,1777318662719000,47.39774403132826,8.545599206891879,490.71747,490.7036,0.019706387,2.4831343,2.583017,nan,2,2,0,0
1777318662727000,1777318662727000,47.39774407734532,8.545599335429857,490.71832,490.70477,0.019706387,2.4829893,2.5829184,nan,2,2,0,0
1777318662735000,1777318662735000,47.39774412420866,8.545599466619098,490.71915,490.7056,0.019706387,2.483015,2.582936,nan,2,2,0,0
1777318662743000,1777318662743000,47.397744171909814,8.545599600473462,490.7199,490.70636,0.019706387,2.4830413,2.5829537,nan,2,2,0,0
1777318662751000,1777318662751000,47.39774422043541,8.545599737003242,490.7206,490.70706,0.019706387,2.483068,2.5829716,nan,2,2,0,0
1777318662759000,1777318662759000,47.39774426979212,8.54559987624051,490.72125,490.7077,0.019706387,2.4830954,2.5829897,nan,2,2,0,0
1777318662767000,1777318662767000,47.39774431998827,8.545600018208233,490.72183,490.70828,0.019706387,2.483123,2.5830078,nan,2,2,0,0
1777318662775000,1777318662775000,47.39774437036694,8.545600159669933,490.72244,490.7092,0.019706387,2.48298,2.5829132,nan,2,2,0,0
1777318662783000,1777318662783000,47.39774442162443,8.545600303903663,490.723,490.70975,0.019706387,2.4830058,2.5829272,nan,2,2,0,0
1777318662791000,1777318662791000,47.39774447377337,8.545600450887642,490.7235,490.71027,0.019706387,2.4830315,2.5829449,nan,2,2,0,0
1777318662799000,1777318662799000,47.39774452682954,8.545600600639295,490.72397,490.71072,0.019706387,2.4830582,2.5829625,nan,2,2,0,0
1777318662807000,1777318662807000,47.39774458077822,8.545600753174854,490.72437,490.71112,0.019706387,2.4830852,2.5829804,nan,2,2,0,0
1777318662815000,1777318662815000,47.39774463560064,8.545600908505802,490.72473,490.7115,0.019706387,2.4831128,2.5829985,nan,2,2,0,0
1777318662823000,1777318662823000,47.39774469132226,8.5456010666456,490.72507,490.71182,0.019706387,2.483141,2.5830169,nan,2,2,0,0
1777318662831000,1777318662831000,47.397744747141694,8.545601224336394,490.72543,490.71252,0.019706387,2.4829955,2.582918,nan,2,2,0,0
1777318662839000,1777318662839000,47.39774480389894,8.545601384862966,490.72577,490.71286,0.019706387,2.4830213,2.5829356,nan,2,2,0,0
1777318662847000,1777318662847000,47.39774486158834,8.545601548207097,490.72604,490.71313,0.019706387,2.4830475,2.5829532,nan,2,2,0,0
1777318662855000,1777318662855000,47.397744920193325,8.545601714406802,490.7263,490.71338,0.019706387,2.4830742,2.582971,nan,2,2,0,0
1777318662863000,1777318662863000,47.397744979712485,8.545601883481085,490.72653,490.71362,0.019706387,2.4831016,2.5829892,nan,2,2,0,0
1777318662871000,1777318662871000,47.39774504017402,8.5456020554149,490.7267,490.7138,0.019706387,2.4831295,2.5830073,nan,2,2,0,0
1777318662879000,1777318662879000,47.397745101581116,8.54560223022567,490.7269,490.714,0.019706387,2.4831579,2.5830219,nan,2,2,0,0
1777318662887000,1777318662887000,47.397745163069956,8.545602404677712,490.72708,490.71448,0.019706387,2.4830105,2.5829263,nan,2,2,0,0
1777318662895000,1777318662895000,47.39774522547168,8.545602582083522,490.72726,490.71466,0.019706387,2.4830363,2.582944,nan,2,2,0,0
1777318662903000,1777318662903000,47.39774528880743,8.545602762417758,490.72742,490.7148,0.019706387,2.4830627,2.5829616,nan,2,2,0,0
1777318662911000,1777318662911000,47.39774535310484,8.545602945690717,490.72757,490.71497,0.019706387,2.4830897,2.5829797,nan,2,2,0,0
1777318662919000,1777318662919000,47.397745418393654,8.545603131934865,490.7277,490.7151,0.019706387,2.4831173,2.5829976,nan,2,2,0,0
1777318662927000,1777318662927000,47.39774548465512,8.545603321187423,490.72778,490.71518,0.019706387,2.4831452,2.583012,nan,2,2,0,0
1777318662935000,1777318662935000,47.39774555116849,8.545603510697346,490.7279,490.71558,0.019706387,2.483,2.5829172,nan,2,2,0,0
1777318662943000,1777318662943000,47.397745618656664,8.545603703211718,490.72803,490.7157,0.019706387,2.4830258,2.5829346,nan,2,2,0,0
1777318662951000,1777318662951000,47.39774568710728,8.54560389871787,490.72815,490.71582,0.019706387,2.483052,2.5829525,nan,2,2,0,0
1777318662959000,1777318662959000,47.397745756543415,8.545604097212632,490.72824,490.7159,0.019706387,2.4830785,2.5829704,nan,2,2,0,0
1777318662967000,1777318662967000,47.39774582694602,8.545604298687296,490.72833,490.716,0.019706387,2.483106,2.5829883,nan,2,2,0,0
1777318662975000,1777318662975000,47.397745898306255,8.545604503176705,490.72842,490.7161,0.019706387,2.4831336,2.5830066,nan,2,2,0,0
1777318662983000,1777318662983000,47.39774597065978,8.545604710664227,490.7285,490.71616,0.019706387,2.483162,2.583021,nan,2,2,0,0
1777318662991000,1777318662991000,47.3977460432076,8.545604918204806,490.72858,490.71652,0.019706387,2.4830146,2.5829253,nan,2,2,0,0
1777318662999000,1777318662999000,47.397746116731,8.545605128763297,490.72864,490.71658,0.019706387,2.4830403,2.582943,nan,2,2,0,0
1777318663007000,1777318663007000,47.39774619122893,8.545605342317527,490.72873,490.71667,0.019706387,2.4830668,2.5829608,nan,2,2,0,0
1777318663015000,1777318663015000,47.397746266723885,8.545605558897586,490.7288,490.71674,0.019706387,2.4830935,2.5829787,nan,2,2,0,0
1777318663023000,1777318663023000,47.39774634321265,8.545605778472593,490.72882,490.71677,0.019706387,2.4831212,2.5829968,nan,2,2,0,0
1777318663031000,1777318663031000,47.39774642069417,8.54560600104809,490.72888,490.71683,0.019706387,2.483149,2.5830114,nan,2,2,0,0
1777318663039000,1777318663039000,47.397746498304315,8.545606224390141,490.7289,490.71713,0.019706387,2.4830039,2.5829165,nan,2,2,0,0
1777318663047000,1777318663047000,47.397746576906684,8.545606450746938,490.7289,490.71713,0.019706387,2.4830296,2.582934,nan,2,2,0,0
1777318663055000,1777318663055000,47.39774665650661,8.545606680094721,490.72894,490.71716,0.019706387,2.4830556,2.5829518,nan,2,2,0,0
1777318663063000,1777318663063000,47.39774673709232,8.545606912472296,490.72894,490.71716,0.019706387,2.4830823,2.5829697,nan,2,2,0,0
1777318663071000,1777318663071000,47.397746818640194,8.54560714787174,490.72894,490.71716,0.019706387,2.4831092,2.5829878,nan,2,2,0,0
1777318663079000,1777318663079000,47.39774690115082,8.545607386273259,490.7289,490.71713,0.019706387,2.483137,2.5830057,nan,2,2,0,0
1777318663087000,1777318663087000,47.397746983986266,8.545607625878459,490.72888,490.71732,0.019706387,2.4829938,2.5829113,nan,2,2,0,0
1777318663095000,1777318663095000,47.397747067787634,8.545607868502362,490.72882,490.71725,0.019706387,2.483019,2.582929,nan,2,2,0,0
1777318663103000,1777318663103000,47.397747152578546,8.545608114143386,490.72876,490.7172,0.019706387,2.483045,2.5829465,nan,2,2,0,0
1777318663111000,1777318663111000,47.397747238334865,8.545608362796779,490.7287,490.71713,0.019706387,2.4830713,2.5829644,nan,2,2,0,0
1777318663119000,1777318663119000,47.397747325055505,8.545608614467291,490.7286,490.71704,0.019706387,2.483098,2.5829823,nan,2,2,0,0
1777318663127000,1777318663127000,47.39774741274906,8.545608869131167,490.72852,490.71695,0.019706387,2.4831254,2.5829968,nan,2,2,0,0
1777318663135000,1777318663135000,47.39774750141283,8.54560912678207,490.72842,490.71686,0.019706387,2.4831533,2.583015,nan,2,2,0,0
1777318663143000,1777318663143000,47.39774759016076,8.545609385593893,490.7283,490.71695,0.019706387,2.4830084,2.5829198,nan,2,2,0,0
1777318663151000,1777318663151000,47.39774767987679,8.545609647410165,490.72815,490.7168,0.019706387,2.483034,2.5829375,nan,2,2,0,0
1777318663159000,1777318663159000,47.397747770566774,8.545609912219803,490.728,490.71664,0.019706387,2.48306,2.5829551,nan,2,2,0,0
1777318663167000,1777318663167000,47.39774786219752,8.545610179981622,490.72784,490.7165,0.019706387,2.4830863,2.582973,nan,2,2,0,0
1777318663175000,1777318663175000,47.397747954780264,8.545610450706713,490.7277,490.71634,0.019706387,2.4831133,2.5829911,nan,2,2,0,0
1777318663183000,1777318663183000,47.397748048306966,8.545610724399829,490.72754,490.7162,0.019706387,2.483141,2.5830057,nan,2,2,0,0
1777318663191000,1777318663191000,47.39774814276797,8.54561100107522,490.72736,490.716,0.019706387,2.483169,2.583024,nan,2,2,0,0
1777318663199000,1777318663199000,47.39774823718342,8.54561127875157,490.72717,490.7161,0.019706387,2.4830222,2.5829282,nan,2,2,0,0
1777318663207000,1777318663207000,47.39774833251763,8.545611559419697,490.72696,490.71588,0.019706387,2.4830477,2.5829458,nan,2,2,0,0
1777318663215000,1777318663215000,47.39774842879581,8.54561184306535,490.72675,490.71567,0.019706387,2.483074,2.5829637,nan,2,2,0,0
1777318663223000,1777318663223000,47.39774852601421,8.545612129718622,490.72653,490.71545,0.019706387,2.4831007,2.5829816,nan,2,2,0,0
1777318663231000,1777318663231000,47.39774862415565,8.545612419393763,490.72632,490.71524,0.019706387,2.483128,2.5829961,nan,2,2,0,0
1777318663239000,1777318663239000,47.39774872322818,8.545612712041681,490.7261,490.71503,0.019706387,2.4831557,2.5830142,nan,2,2,0,0
1777318663247000,1777318663247000,47.39774882259019,8.54561300636525,490.72583,490.715,0.019706387,2.483011,2.5829191,nan,2,2,0,0
1777318663255000,1777318663255000,47.397748922865055,8.545613303653672,490.7256,490.71475,0.019706387,2.4830365,2.5829368,nan,2,2,0,0
1777318663263000,1777318663263000,47.397749024079054,8.545613603878444,490.7253,490.71448,0.019706387,2.4830623,2.5829546,nan,2,2,0,0
1777318663271000,1777318663271000,47.397749126211835,8.545613907028473,490.72504,490.7142,0.019706387,2.4830887,2.5829725,nan,2,2,0,0
1777318663279000,1777318663279000,47.397749229257464,8.545614213122773,490.72476,490.71393,0.019706387,2.4831157,2.5829868,nan,2,2,0,0
1777318663287000,1777318663287000,47.39774933320741,8.545614522180342,490.7245,490.71365,0.019706387,2.483143,2.5830052,nan,2,2,0,0
1777318663295000,1777318663295000,47.39774943755294,8.54561483371971,490.72418,490.71353,0.019706387,2.4830005,2.5829105,nan,2,2,0,0
1777318663303000,1777318663303000,47.39774954279901,8.545615148227105,490.72385,490.7132,0.019706387,2.4830256,2.5829282,nan,2,2,0,0
1777318663311000,1777318663311000,47.39774964894026,8.54561546567718,490.7235,490.71286,0.019706387,2.4830513,2.5829458,nan,2,2,0,0
1777318663319000,1777318663319000,47.3977497559858,8.545615786028758,490.72318,490.71252,0.019706387,2.4830773,2.5829637,nan,2,2,0,0
1777318663327000,1777318663327000,47.397749863929754,8.545616109269172,490.72284,490.7122,0.019706387,2.483104,2.582978,nan,2,2,0,0
1777318663335000,1777318663335000,47.397749972759755,8.545616435407922,490.7225,490.71185,0.019706387,2.4831312,2.5829964,nan,2,2,0,0
1777318663343000,1777318663343000,47.39775008247852,8.545616764486187,490.72217,490.71152,0.019706387,2.4831588,2.5830145,nan,2,2,0,0
1777318663351000,1777318663351000,47.39775019257839,8.545617095873618,490.72177,490.7113,0.019706387,2.4830143,2.5829191,nan,2,2,0,0
1777318663359000,1777318663359000,47.39775030356006,8.545617430154635,490.72137,490.7109,0.019706387,2.4830396,2.5829368,nan,2,2,0,0
1777318663367000,1777318663367000,47.39775041542296,8.54561776731657,490.72095,490.71048,0.019706387,2.4830654,2.5829546,nan,2,2,0,0
1777318663375000,1777318663375000,47.39775052819767,8.545618107351498,490.72055,490.71008,0.019706387,2.4830916,2.5829728,nan,2,2,0,0
1777318663383000,1777318663383000,47.397750641865414,8.545618450235665,490.72012,490.70966,0.019706387,2.4831185,2.582991,nan,2,2,0,0
1777318663391000,1777318663391000,47.3977507564026,8.545618795961154,490.71973,490.70926,0.019706387,2.483146,2.583009,nan,2,2,0,0
1777318663399000,1777318663399000,47.39775087165915,8.545619144220707,490.71927,490.70898,0.019706387,2.4830036,2.582914,nan,2,2,0,0
1777318663407000,1777318663407000,47.3977509878098,8.545619495300993,490.71878,490.7085,0.019706387,2.4830287,2.5829318,nan,2,2,0,0
1777318663415000,1777318663415000,47.39775110485459,8.545619849133907,490.71832,490.70804,0.019706387,2.4830542,2.5829496,nan,2,2,0,0
1777318663423000,1777318663423000,47.397751222788095,8.54562020568619,490.71783,490.70755,0.019706387,2.4830801,2.5829675,nan,2,2,0,0
1777318663431000,1777318663431000,47.39775134158142,8.545620564954673,490.71738,490.7071,0.019706387,2.4831066,2.582982,nan,2,2,0,0
1777318663439000,1777318663439000,47.39775146125491,8.545620926898179,490.7169,490.7066,0.019706387,2.4831336,2.5830002,nan,2,2,0,0
1777318663447000,1777318663447000,47.397751581833234,8.545621291496117,490.7164,490.70612,0.019706387,2.4831612,2.5830185,nan,2,2,0,0
1777318663455000,1777318663455000,47.39775170286718,8.545621658463409,490.71585,490.7057,0.019706387,2.483017,2.5829227,nan,2,2,0,0
1777318663463000,1777318663463000,47.39775182478561,8.545622028037618,490.7153,490.70514,0.019706387,2.4830422,2.5829406,nan,2,2,0,0
1777318663471000,1777318663471000,47.39775194758311,8.545622400240923,490.71475,490.7046,0.019706387,2.483068,2.5829585,nan,2,2,0,0
1777318663479000,1777318663479000,47.397752071279015,8.545622775076488,490.7142,490.70404,0.019706387,2.4830942,2.5829766,nan,2,2,0,0
1777318663487000,1777318663487000,47.3977521958894,8.545623152458788,490.71365,490.7035,0.019706387,2.483121,2.5829947,nan,2,2,0,0
1777318663495000,1777318663495000,47.39775232143678,8.54562353233081,490.7131,490.70294,0.019706387,2.483148,2.583013,nan,2,2,0,0
1777318663503000,1777318663503000,47.39775244792652,8.545623914708386,490.71252,490.70236,0.019706387,2.483176,2.5830317,nan,2,2,0,0
1777318663511000,1777318663511000,47.39775257484721,8.545624299217748,490.7119,490.70184,0.019706387,2.4830298,2.5829349,nan,2,2,0,0
1777318663519000,1777318663519000,47.39775270270812,8.545624686210493,490.7113,490.70123,0.019706387,2.4830554,2.5829527,nan,2,2,0,0
1777318663527000,1777318663527000,47.3977528314953,8.545625075620105,490.7107,490.70062,0.019706387,2.483081,2.582967,nan,2,2,0,0
1777318663535000,1777318663535000,47.39775296122805,8.545625467418072,490.71008,490.7,0.019706387,2.4831076,2.5829852,nan,2,2,0,0
1777318663543000,1777318663543000,47.39775309192245,8.545625861582224,490.70947,490.6994,0.019706387,2.4831345,2.5830035,nan,2,2,0,0
1777318663551000,1777318663551000,47.397753223578505,8.545626258068214,490.70886,490.6988,0.019706387,2.483162,2.583022,nan,2,2,0,0
1777318663559000,1777318663559000,47.39775335591423,8.545626657420868,490.7082,490.6982,0.019706387,2.4830184,2.5829258,nan,2,2,0,0
1777318663567000,1777318663567000,47.397753489228776,8.545627059022504,490.7075,490.6975,0.019706387,2.4830434,2.5829437,nan,2,2,0,0
1777318663575000,1777318663575000,47.397753623521055,8.545627462863623,490.70682,490.69684,0.019706387,2.483069,2.5829616,nan,2,2,0,0
1777318663583000,1777318663583000,47.39775375880178,8.54562786891888,490.70615,490.69617,0.019706387,2.483095,2.582976,nan,2,2,0,0
1777318663591000,1777318663591000,47.39775389509561,8.545628277134432,490.70547,490.6955,0.019706387,2.4831216,2.5829942,nan,2,2,0,0
1777318663599000,1777318663599000,47.39775403239718,8.545628687481765,490.7048,490.69482,0.019706387,2.4831486,2.5830128,nan,2,2,0,0
1777318663607000,1777318663607000,47.39775417071617,8.545629099954548,490.70416,490.69418,0.019706387,2.4831762,2.5830312,nan,2,2,0,0
1777318663615000,1777318663615000,47.39775430962157,8.545629515300327,490.70343,490.69354,0.019706387,2.483031,2.5829344,nan,2,2,0,0
1777318663623000,1777318663623000,47.39775444953149,8.54562993266069,490.7027,490.6928,0.019706387,2.4830563,2.5829523,nan,2,2,0,0
1777318663631000,1777318663631000,47.3977545904331,8.545630352054642,490.70197,490.69208,0.019706387,2.4830818,2.5829666,nan,2,2,0,0
1777318663639000,1777318663639000,47.397754732337084,8.545630773450508,490.70126,490.69138,0.019706387,2.483108,2.582985,nan,2,2,0,0
1777318663647000,1777318663647000,47.397754875237034,8.545631196788102,490.70056,490.69067,0.019706387,2.483135,2.5830033,nan,2,2,0,0
1777318663655000,1777318663655000,47.39775501914472,8.545631622045255,490.69986,490.68997,0.019706387,2.4831622,2.5830216,nan,2,2,0,0
1777318663663000,1777318663663000,47.397755163619536,8.545632050739231,490.69907,490.68918,0.019706387,2.483019,2.5829256,nan,2,2,0,0
1777318663671000,1777318663671000,47.39775530911925,8.54563248131792,490.69827,490.6884,0.019706387,2.4830441,2.5829432,nan,2,2,0,0
1777318663679000,1777318663679000,47.39775545563422,8.545632913698967,490.6975,490.68762,0.019706387,2.4830697,2.5829613,nan,2,2,0,0
1777318663687000,1777318663687000,47.39775560314408,8.545633347841191,490.69675,490.68686,0.019706387,2.4830954,2.5829794,nan,2,2,0,0
1777318663695000,1777318663695000,47.39775575165631,8.54563378374459,490.69598,490.6861,0.019706387,2.4831219,2.5829978,nan,2,2,0,0
1777318663703000,1777318663703000,47.39775590115808,8.545634221380661,490.69525,490.68536,0.019706387,2.4831488,2.5830162,nan,2,2,0,0
1777318663711000,1777318663711000,47.39775605140922,8.54563466314409,490.6944,490.68448,0.019706387,2.4830081,2.5829203,nan,2,2,0,0
1777318663719000,1777318663719000,47.397756202618794,8.545635106522987,490.69357,490.68365,0.019706387,2.4830327,2.5829382,nan,2,2,0,0
1777318663727000,1777318663727000,47.397756354776085,8.545635551501515,490.69275,490.68283,0.019706387,2.483058,2.5829525,nan,2,2,0,0
1777318663735000,1777318663735000,47.39775650788429,8.54563599803533,490.69196,490.68204,0.019706387,2.4830835,2.5829706,nan,2,2,0,0
1777318663743000,1777318663743000,47.39775666196273,8.545636446133932,490.69116,490.68124,0.019706387,2.4831095,2.5829887,nan,2,2,0,0
1777318663751000,1777318663751000,47.39775681700604,8.545636895787819,490.69037,490.68045,0.019706387,2.4831362,2.5830073,nan,2,2,0,0
1777318663759000,1777318663759000,47.397756972989555,8.545637346965314,490.6896,490.6797,0.019706387,2.4831634,2.5830257,nan,2,2,0,0
1777318663767000,1777318663767000,47.397757129442624,8.54563780220365,490.68875,490.6788,0.019706387,2.4830208,2.5829291,nan,2,2,0,0
1777318663775000,1777318663775000,47.397757286829474,8.545638258873735,490.6879,490.67795,0.019706387,2.4830456,2.582947,nan,2,2,0,0
1777318663783000,1777318663783000,47.39775744514903,8.545638716928059,490.68707,490.67712,0.019706387,2.483071,2.5829616,nan,2,2,0,0
1777318663791000,1777318663791000,47.39775760440343,8.54563917634761,490.68625,490.6763,0.019706387,2.4830968,2.5829797,nan,2,2,0,0
1777318663799000,1777318663799000,47.397757764562655,8.545639637084877,490.68546,490.6755,0.019706387,2.483123,2.582998,nan,2,2,0,0
1777318663807000,1777318663807000,47.397757925632085,8.545640099124023,490.68466,490.6747,0.019706387,2.4831498,2.5830164,nan,2,2,0,0
1777318663815000,1777318663815000,47.397758087618115,8.545640562430206,490.68387,490.67392,0.019706387,2.4831772,2.5830352,nan,2,2,0,0
1777318663823000,1777318663823000,47.39775824990542,8.545641029873252,490.683,490.67307,0.019706387,2.4830332,2.5829377,nan,2,2,0,0
1777318663831000,1777318663831000,47.3977584130643,8.545641498504143,490.68216,490.6722,0.019706387,2.4830582,2.582952,nan,2,2,0,0
1777318663839000,1777318663839000,47.39775857710228,8.545641968288036,490.68134,490.6714,0.019706387,2.4830837,2.5829701,nan,2,2,0,0
1777318663847000,1777318663847000,47.39775874200973,8.545642439202759,490.68048,490.67053,0.019706387,2.4831095,2.5829885,nan,2,2,0,0
1777318663855000,1777318663855000,47.397758907761954,8.545642911210303,490.6797,490.66974,0.019706387,2.483136,2.583007,nan,2,2,0,0
1777318663863000,1777318663863000,47.39775907434503,8.545643384285322,490.6789,490.66895,0.019706387,2.4831629,2.5830255,nan,2,2,0,0
1777318663871000,1777318663871000,47.3977592415928,8.545643861788623,490.67798,490.66797,0.019706387,2.4830213,2.582929,nan,2,2,0,0
1777318663879000,1777318663879000,47.39775940967678,8.545644340305552,490.6771,490.66708,0.019706387,2.483046,2.5829432,nan,2,2,0,0
1777318663887000,1777318663887000,47.3977595785541,8.545644819801266,490.67624,490.66623,0.019706387,2.483071,2.582961,nan,2,2,0,0
1777318663895000,1777318663895000,47.397759748225816,8.54564530024726,490.67538,490.66537,0.019706387,2.4830968,2.5829794,nan,2,2,0,0
1777318663903000,1777318663903000,47.39775991868873,8.54564578164353,490.67453,490.66452,0.019706387,2.4831228,2.5829978,nan,2,2,0,0
1777318663911000,1777318663911000,47.397760089931026,8.545646263948901,490.6737,490.6637,0.019706387,2.4831495,2.5830162,nan,2,2,0,0
1777318663919000,1777318663919000,47.3977602619388,8.545646751024652,490.67282,490.66272,0.019706387,2.4830098,2.58292,nan,2,2,0,0
1777318663927000,1777318663927000,47.39776043468628,8.54564723893348,490.6719,490.6618,0.019706387,2.4830344,2.5829344,nan,2,2,0,0
1777318663935000,1777318663935000,47.397760608156354,8.545647727634204,490.67102,490.66092,0.019706387,2.4830594,2.5829525,nan,2,2,0,0
1777318663943000,1777318663943000,47.397760782318976,8.545648217101489,490.67017,490.66006,0.019706387,2.4830847,2.5829706,nan,2,2,0,0
1777318663951000,1777318663951000,47.397760957163435,8.545648707265643,490.6693,490.6592,0.019706387,2.4831104,2.582989,nan,2,2,0,0
1777318663959000,1777318663959000,47.39776113267259,8.545649198107666,490.6685,490.6584,0.019706387,2.483137,2.5830073,nan,2,2,0,0
1777318663967000,1777318663967000,47.39776130885284,8.545649689576873,490.66766,490.65756,0.019706387,2.4831636,2.583026,nan,2,2,0,0
1777318663975000,1777318663975000,47.39776148574497,8.54565018564541,490.66675,490.6566,0.019706387,2.4830225,2.5829291,nan,2,2,0,0
1777318663983000,1777318663983000,47.397761663220294,8.54565068234113,490.66586,490.6557,0.019706387,2.483047,2.5829434,nan,2,2,0,0
1777318663991000,1777318663991000,47.397761841300266,8.54565117963236,490.66498,490.65482,0.019706387,2.483072,2.5829616,nan,2,2,0,0
1777318663999000,1777318663999000,47.39776201996773,8.54565167748109,490.66412,490.65396,0.019706387,2.4830976,2.5829797,nan,2,2,0,0
1777318664007000,1777318664007000,47.3977621991948,8.545652175836635,490.6633,490.65314,0.019706387,2.4831235,2.582998,nan,2,2,0,0
1777318664015000,1777318664015000,47.39776237897295,8.545652674648315,490.66248,490.6523,0.019706387,2.4831502,2.5830166,nan,2,2,0,0
1777318664023000,1777318664023000,47.39776255929782,8.54565317386545,490.66168,490.65152,0.019706387,2.4831772,2.5830352,nan,2,2,0,0
1777318664031000,1777318664031000,47.39776274043534,8.545653677669245,490.6608,490.65054,0.019706387,2.4830344,2.5829341,nan,2,2,0,0
1777318664039000,1777318664039000,47.39776292204885,8.545654181815141,490.6599,490.64966,0.019706387,2.4830592,2.582952,nan,2,2,0,0
1777318664047000,1777318664047000,47.3977631041255,8.545654686303143,490.6591,490.64883,0.019706387,2.4830844,2.5829701,nan,2,2,0,0
1777318664055000,1777318664055000,47.39776328664383,8.545655191082563,490.65823,490.64798,0.019706387,2.4831102,2.5829885,nan,2,2,0,0
1777318664063000,1777318664063000,47.397763469567415,8.54565569610906,490.65744,490.6472,0.019706387,2.4831362,2.583007,nan,2,2,0,0
1777318664071000,1777318664071000,47.397763652870516,8.545656201344622,490.65668,490.64642,0.019706387,2.4831629,2.5830257,nan,2,2,0,0
1777318664079000,1777318664079000,47.39776383706557,8.545656711280877,490.6558,490.64545,0.019706387,2.4830225,2.5829287,nan,2,2,0,0
1777318664087000,1777318664087000,47.39776402159725,8.545657221337503,490.65497,490.64462,0.019706387,2.483047,2.5829465,nan,2,2,0,0
1777318664095000,1777318664095000,47.397764206472004,8.545657731495497,490.65414,490.6438,0.019706387,2.4830718,2.5829647,nan,2,2,0,0
1777318664103000,1777318664103000,47.39776439167908,8.545658241704174,490.65335,490.643,0.019706387,2.4830973,2.582983,nan,2,2,0,0
1777318664111000,1777318664111000,47.39776457720993,8.545658751950867,490.6526,490.64224,0.019706387,2.483123,2.5830014,nan,2,2,0,0
1777318664119000,1777318664119000,47.39776476301523,8.545659262178559,490.65182,490.64148,0.019706387,2.4831493,2.58302,nan,2,2,0,0
1777318664127000,1777318664127000,47.39776494906067,8.545659772361908,490.65112,490.64078,0.019706387,2.4831762,2.5830348,nan,2,2,0,0
1777318664135000,1777318664135000,47.39776513613745,8.545660287068568,490.6503,490.6399,0.019706387,2.4830344,2.5829372,nan,2,2,0,0
1777318664143000,1777318664143000,47.397765323424345,8.545660801686537,490.64954,490.63913,0.019706387,2.483059,2.5829551,nan,2,2,0,0
1777318664151000,1777318664151000,47.3977655109128,8.545661316209484,490.64877,490.63837,0.019706387,2.483084,2.5829735,nan,2,2,0,0
1777318664159000,1777318664159000,47.397765698583484,8.545661830605733,490.64804,490.63763,0.019706387,2.4831095,2.5829916,nan,2,2,0,0
1777318664167000,1777318664167000,47.39776588642571,8.545662344843604,490.64734,490.63693,0.019706387,2.4831355,2.5830102,nan,2,2,0,0
1777318664175000,1777318664175000,47.39776607443732,8.54566285884708,490.64667,490.63626,0.019706387,2.483162,2.5830288,nan,2,2,0,0
1777318664183000,1777318664183000,47.39776626368611,8.545663377570254,490.6459,490.63544,0.019706387,2.4830222,2.5829282,nan,2,2,0,0
1777318664191000,1777318664191000,47.39776645303566,8.545663896014688,490.64514,490.63467,0.019706387,2.4830465,2.582946,nan,2,2,0,0
1777318664199000,1777318664199000,47.397766642470984,8.545664414104353,490.64444,490.63397,0.019706387,2.4830716,2.582964,nan,2,2,0,0
1777318664207000,1777318664207000,47.39776683195775,8.545664931794908,490.64377,490.6333,0.019706387,2.4830966,2.5829823,nan,2,2,0,0
1777318664215000,1777318664215000,47.39776702147455,8.545665449067348,490.6431,490.63263,0.019706387,2.4831223,2.5830007,nan,2,2,0,0
1777318664223000,1777318664223000,47.397767211008485,8.545665965902664,490.6425,490.63202,0.019706387,2.4831486,2.5830193,nan,2,2,0,0
1777318664231000,1777318664231000,47.39776740055957,8.545666482269182,490.64188,490.6314,0.019706387,2.483175,2.583034,nan,2,2,0,0
1777318664239000,1777318664239000,47.39776759133498,8.545667003165345,490.64117,490.6306,0.019706387,2.4830341,2.5829365,nan,2,2,0,0
1777318664247000,1777318664247000,47.39776778208894,8.545667523535695,490.64053,490.62997,0.019706387,2.4830585,2.5829544,nan,2,2,0,0
1777318664255000,1777318664255000,47.397767972817164,8.545668043386565,490.6399,490.62933,0.019706387,2.4830835,2.5829725,nan,2,2,0,0
1777318664263000,1777318664263000,47.39776816352179,8.545668562673608,490.63928,490.62872,0.019706387,2.4831088,2.582991,nan,2,2,0,0
1777318664271000,1777318664271000,47.39776835418355,8.545669081358815,490.6387,490.62814,0.019706387,2.4831345,2.5830092,nan,2,2,0,0
1777318664279000,1777318664279000,47.397768544755245,8.545669599461192,490.63815,490.6276,0.019706387,2.4831607,2.5830278,nan,2,2,0,0
1777318664287000,1777318664287000,47.397768736879286,8.545670122264264,490.6375,490.6269,0.019706387,2.483022,2.5829308,nan,2,2,0,0
1777318664295000,1777318664295000,47.39776892892829,8.545670644414816,490.63687,490.62625,0.019706387,2.4830463,2.5829487,nan,2,2,0,0
1777318664303000,1777318664303000,47.39776912092798,8.545671165938192,490.6363,490.62567,0.019706387,2.4830709,2.5829668,nan,2,2,0,0
1777318664311000,1777318664311000,47.39776931283976,8.545671686809051,490.63574,490.62512,0.019706387,2.483096,2.582985,nan,2,2,0,0
1777318664319000,1777318664319000,47.39776950465075,8.545672206995716,490.6352,490.62457,0.019706387,2.4831214,2.5830033,nan,2,2,0,0
1777318664327000,1777318664327000,47.39776969634598,8.545672726498186,490.63467,490.62405,0.019706387,2.4831474,2.583018,nan,2,2,0,0
1777318664335000,1777318664335000,47.39776988791039,8.545673245265782,490.63422,490.6236,0.019706387,2.4831736,2.5830367,nan,2,2,0,0
1777318664343000,1777318664343000,47.39777008109149,8.545673768620041,490.63364,490.62296,0.019706387,2.4830337,2.5829391,nan,2,2,0,0
1777318664351000,1777318664351000,47.39777027417825,8.54567429123309,490.6331,490.6224,0.019706387,2.483058,2.582957,nan,2,2,0,0
1777318664359000,1777318664359000,47.39777046717066,8.545674813111262,490.63257,490.6219,0.019706387,2.4830828,2.5829751,nan,2,2,0,0
1777318664367000,1777318664367000,47.39777066007946,8.545675334235556,490.6321,490.62143,0.019706387,2.483108,2.5829933,nan,2,2,0,0
1777318664375000,1777318664375000,47.397770852902475,8.545675854618638,490.63165,490.62097,0.019706387,2.4831336,2.5830119,nan,2,2,0,0
1777318664383000,1777318664383000,47.39777104560542,8.54567637424784,490.6312,490.6205,0.019706387,2.4831595,2.5830264,nan,2,2,0,0
1777318664391000,1777318664391000,47.39777124017163,8.545676898609415,490.63068,490.61984,0.019706387,2.4830217,2.5829296,nan,2,2,0,0
1777318664399000,1777318664399000,47.39777143465421,8.545677422179098,490.63016,490.61932,0.019706387,2.4830458,2.5829475,nan,2,2,0,0
1777318664407000,1777318664407000,47.39777162905103,8.545677944950553,490.6297,490.61887,0.019706387,2.4830704,2.5829656,nan,2,2,0,0
1777318664415000,1777318664415000,47.39777182334493,8.545678466898444,490.62924,490.6184,0.019706387,2.4830952,2.5829837,nan,2,2,0,0
1777318664423000,1777318664423000,47.39777201753589,8.545678988060777,490.6288,490.61798,0.019706387,2.4831204,2.5830019,nan,2,2,0,0
1777318664431000,1777318664431000,47.397772211615376,8.545679508399541,490.62842,490.61758,0.019706387,2.4831462,2.5830166,nan,2,2,0,0
1777318664439000,1777318664439000,47.39777240770176,8.545680033603718,490.62793,490.61694,0.019706387,2.4830103,2.5829206,nan,2,2,0,0
1777318664447000,1777318664447000,47.397772603670234,8.545680557958987,490.62747,490.6165,0.019706387,2.4830341,2.5829382,nan,2,2,0,0
1777318664455000,1777318664455000,47.397772799533634,8.545681081452676,490.627,490.61603,0.019706387,2.4830582,2.5829563,nan,2,2,0,0
1777318664463000,1777318664463000,47.397772995317695,8.545681604078453,490.62662,490.61563,0.019706387,2.4830828,2.5829742,nan,2,2,0,0
1777318664471000,1777318664471000,47.397773191003125,8.545682125848987,490.62625,490.61526,0.019706387,2.4831078,2.5829926,nan,2,2,0,0
1777318664479000,1777318664479000,47.3977733865792,8.545682646751608,490.6259,490.6149,0.019706387,2.4831333,2.583011,nan,2,2,0,0
1777318664487000,1777318664487000,47.39777358206094,8.545683166748304,490.62558,490.6146,0.019706387,2.483159,2.5830293,nan,2,2,0,0
1777318664495000,1777318664495000,47.3977737793116,8.545683691274647,490.62515,490.614,0.019706387,2.483022,2.5829325,nan,2,2,0,0
1777318664503000,1777318664503000,47.39777397646147,8.54568421488873,490.6248,490.61365,0.019706387,2.4830458,2.58295,nan,2,2,0,0
1777318664511000,1777318664511000,47.39777417351058,8.54568473758422,490.62442,490.61328,0.019706387,2.4830704,2.5829682,nan,2,2,0,0
1777318664519000,1777318664519000,47.397774370450314,8.545685259335775,490.62408,490.61295,0.019706387,2.483095,2.5829864,nan,2,2,0,0
1777318664527000,1777318664527000,47.39777456727641,8.545685780118053,490.62378,490.61264,0.019706387,2.4831202,2.583001,nan,2,2,0,0
1777318664535000,1777318664535000,47.39777476396745,8.545686299943723,490.6235,490.61237,0.019706387,2.4831457,2.5830193,nan,2,2,0,0
1777318664543000,1777318664543000,47.397774962065014,8.545686824026632,490.62314,490.6118,0.019706387,2.4830105,2.5829232,nan,2,2,0,0
1777318664551000,1777318664551000,47.397775160010355,8.545687347127592,490.62283,490.61148,0.019706387,2.4830341,2.5829408,nan,2,2,0,0
1777318664559000,1777318664559000,47.39777535782705,8.545687869202261,490.62253,490.61118,0.019706387,2.4830582,2.5829587,nan,2,2,0,0
1777318664567000,1777318664567000,47.39777555551295,8.545688390250636,490.62225,490.6109,0.019706387,2.4830828,2.5829768,nan,2,2,0,0
1777318664575000,1777318664575000,47.397775753044456,8.545688910266383,490.62204,490.6107,0.019706387,2.4831076,2.582995,nan,2,2,0,0
1777318664583000,1777318664583000,47.39777595042588,8.545689429224163,490.62183,490.61047,0.019706387,2.4831328,2.5830095,nan,2,2,0,0
1777318664591000,1777318664591000,47.39777614764221,8.5456899470923,490.62164,490.6103,0.019706387,2.4831586,2.5830278,nan,2,2,0,0
1777318664599000,1777318664599000,47.397776346121425,8.545690468755204,490.6214,490.60992,0.019706387,2.483022,2.5829313,nan,2,2,0,0
1777318664607000,1777318664607000,47.3977765444377,8.545690989341132,490.6212,490.6097,0.019706387,2.4830458,2.582949,nan,2,2,0,0
1777318664615000,1777318664615000,47.397776742591,8.545691508881765,490.621,490.60953,0.019706387,2.4830701,2.5829668,nan,2,2,0,0
1777318664623000,1777318664623000,47.39777694059421,8.54569202738977,490.62085,490.60938,0.019706387,2.4830947,2.582985,nan,2,2,0,0
1777318664631000,1777318664631000,47.39777713844734,8.545692544827133,490.6207,490.60922,0.019706387,2.4831197,2.5829995,nan,2,2,0,0
1777318664639000,1777318664639000,47.3977773361375,8.54569306118119,490.6206,490.60913,0.019706387,2.4831452,2.5830178,nan,2,2,0,0
1777318664647000,1777318664647000,47.397777535060555,8.54569358119064,490.62042,490.60883,0.019706387,2.4830103,2.582922,nan,2,2,0,0
1777318664655000,1777318664655000,47.397777733822785,8.545694100110447,490.6203,490.6087,0.019706387,2.483034,2.5829396,nan,2,2,0,0
1777318664663000,1777318664663000,47.39777793241349,8.545694617934274,490.62018,490.60858,0.019706387,2.483058,2.5829575,nan,2,2,0,0
1777318664671000,1777318664671000,47.39777813082407,8.545695134643116,490.6201,490.6085,0.019706387,2.4830823,2.5829754,nan,2,2,0,0
1777318664679000,1777318664679000,47.397778329050276,8.545695650230638,490.62003,490.60843,0.019706387,2.483107,2.58299,nan,2,2,0,0
1777318664687000,1777318664687000,47.397778527092065,8.54569616468417,490.62,490.6084,0.019706387,2.4831324,2.583008,nan,2,2,0,0
1777318664695000,1777318664695000,47.39777872494517,8.545696677997375,490.62,490.6084,0.019706387,2.4831579,2.5830264,nan,2,2,0,0
1777318664703000,1777318664703000,47.397778923647365,8.54569719454152,490.61993,490.60822,0.019706387,2.4830217,2.5829298,nan,2,2,0,0
1777318664711000,1777318664711000,47.39777912215228,8.545697709900992,490.61987,490.60815,0.019706387,2.4830456,2.5829477,nan,2,2,0,0
1777318664719000,1777318664719000,47.39777932044279,8.545698224094798,490.61987,490.60815,0.019706387,2.4830697,2.5829656,nan,2,2,0,0
1777318664727000,1777318664727000,47.39777951854033,8.545698737129271,490.61987,490.60815,0.019706387,2.4830942,2.58298,nan,2,2,0,0
1777318664735000,1777318664735000,47.39777971644488,8.545699248960071,490.6199,490.6082,0.019706387,2.4831192,2.582998,nan,2,2,0,0
1777318664743000,1777318664743000,47.39777991413931,8.54569975959986,490.61996,490.60825,0.019706387,2.4831445,2.5830164,nan,2,2,0,0
1777318664751000,1777318664751000,47.397780111623625,8.545700269016969,490.62006,490.60834,0.019706387,2.4831703,2.5830348,nan,2,2,0,0
1777318664759000,1777318664759000,47.397780309669685,8.545700781493965,490.6201,490.6083,0.019706387,2.4830327,2.5829377,nan,2,2,0,0
1777318664767000,1777318664767000,47.397780507492755,8.545701292741942,490.62015,490.60837,0.019706387,2.4830565,2.5829554,nan,2,2,0,0
1777318664775000,1777318664775000,47.39778070508856,8.545701802811584,490.62024,490.60846,0.019706387,2.4830809,2.5829735,nan,2,2,0,0
1777318664783000,1777318664783000,47.3977809024442,8.545702311690217,490.62036,490.60858,0.019706387,2.4831057,2.5829878,nan,2,2,0,0
1777318664791000,1777318664791000,47.39778109955969,8.545702819352503,490.62048,490.6087,0.019706387,2.4831307,2.583006,nan,2,2,0,0
1777318664799000,1777318664799000,47.397781296456486,8.54570332579844,490.62064,490.60886,0.019706387,2.4831562,2.5830243,nan,2,2,0,0
1777318664807000,1777318664807000,47.39778149383356,8.545703834917823,490.62076,490.60895,0.019706387,2.4830205,2.5829282,nan,2,2,0,0
1777318664815000,1777318664815000,47.397781690957636,8.545704342820855,490.6209,490.6091,0.019706387,2.4830441,2.5829456,nan,2,2,0,0
1777318664823000,1777318664823000,47.39778188783727,8.545704849494872,490.6211,490.60928,0.019706387,2.4830682,2.5829637,nan,2,2,0,0
1777318664831000,1777318664831000,47.397782084472475,8.545705354952538,490.62128,490.60947,0.019706387,2.4830928,2.5829778,nan,2,2,0,0
1777318664839000,1777318664839000,47.39778228088897,8.545705859193857,490.6215,490.60968,0.019706387,2.4831176,2.582996,nan,2,2,0,0
1777318664847000,1777318664847000,47.39778247709962,8.54570636220616,490.62173,490.60992,0.019706387,2.4831429,2.5830142,nan,2,2,0,0
1777318664855000,1777318664855000,47.397782673104444,8.545706863976774,490.622,490.6102,0.019706387,2.4831686,2.5830326,nan,2,2,0,0
1777318664863000,1777318664863000,47.39778286941801,8.545707367863336,490.62222,490.61038,0.019706387,2.4830313,2.5829358,nan,2,2,0,0
1777318664871000,1777318664871000,47.39778306550002,8.54570787050821,490.62247,490.61063,0.019706387,2.483055,2.5829535,nan,2,2,0,0
1777318664879000,1777318664879000,47.39778326133758,8.545708371949402,490.6227,490.61087,0.019706387,2.4830794,2.5829713,nan,2,2,0,0
1777318664887000,1777318664887000,47.39778345691784,8.545708872161581,490.623,490.61115,0.019706387,2.483104,2.5829895,nan,2,2,0,0
1777318664895000,1777318664895000,47.39778365223653,8.54570937113207,490.62332,490.61148,0.019706387,2.483129,2.5830076,nan,2,2,0,0
1777318664903000,1777318664903000,47.39778384733222,8.545709868873539,490.62363,490.6118,0.019706387,2.4831545,2.583026,nan,2,2,0,0
1777318664911000,1777318664911000,47.39778404262516,8.54571036885766,490.62393,490.61197,0.019706387,2.483019,2.5829296,nan,2,2,0,0
1777318664919000,1777318664919000,47.39778423764794,8.545710867587424,490.6242,490.61224,0.019706387,2.4830427,2.5829473,nan,2,2,0,0
1777318664927000,1777318664927000,47.397784432413424,8.545711365100837,490.62454,490.61258,0.019706387,2.4830668,2.5829616,nan,2,2,0,0
1777318664935000,1777318664935000,47.397784626930196,8.545711861435917,490.62488,490.6129,0.019706387,2.483091,2.5829794,nan,2,2,0,0
1777318664943000,1777318664943000,47.397784821181084,8.545712356541975,490.62524,490.61328,0.019706387,2.4831161,2.5829976,nan,2,2,0,0
1777318664951000,1777318664951000,47.397785015178954,8.545712850469696,490.6256,490.61365,0.019706387,2.4831412,2.5830157,nan,2,2,0,0
1777318664959000,1777318664959000,47.397785209271156,8.54571334658939,490.62595,490.6139,0.019706387,2.4830077,2.5829203,nan,2,2,0,0
1777318664967000,1777318664967000,47.397785403093216,8.545713841454722,490.6263,490.61426,0.019706387,2.483031,2.582938,nan,2,2,0,0
1777318664975000,1777318664975000,47.397785596640816,8.545714335065695,490.62668,490.61462,0.019706387,2.4830549,2.5829556,nan,2,2,0,0
1777318664983000,1777318664983000,47.39778578991825,8.54571482744765,490.62708,490.61502,0.019706387,2.483079,2.5829735,nan,2,2,0,0
1777318664991000,1777318664991000,47.39778598292552,8.545715318638598,490.6275,490.61545,0.019706387,2.4831035,2.5829914,nan,2,2,0,0
1777318664999000,1777318664999000,47.39778617565834,8.545715808625868,490.62793,490.61588,0.019706387,2.4831285,2.5830095,nan,2,2,0,0
1777318665007000,1777318665007000,47.397786368121004,8.54571629742213,490.62836,490.6163,0.019706387,2.483154,2.5830278,nan,2,2,0,0
1777318665015000,1777318665015000,47.39778656047645,8.545716788030251,490.62878,490.61667,0.019706387,2.4830189,2.5829315,nan,2,2,0,0
1777318665023000,1777318665023000,47.397786752574575,8.545717277447364,490.6292,490.6171,0.019706387,2.4830425,2.5829492,nan,2,2,0,0
1777318665031000,1777318665031000,47.39778694441542,8.545717765648131,490.62967,490.61755,0.019706387,2.4830663,2.5829635,nan,2,2,0,0
1777318665039000,1777318665039000,47.39778713599468,8.545718252607209,490.63016,490.61804,0.019706387,2.4830909,2.5829813,nan,2,2,0,0
1777318665047000,1777318665047000,47.3977873272952,8.545718738337266,490.63065,490.61853,0.019706387,2.4831157,2.5829995,nan,2,2,0,0
1777318665055000,1777318665055000,47.39778751829553,8.545719222850977,490.63113,490.61902,0.019706387,2.483141,2.5830176,nan,2,2,0,0
1777318665063000,1777318665063000,47.397787709150066,8.545719709227226,490.63162,490.61948,0.019706387,2.4830072,2.582922,nan,2,2,0,0
1777318665071000,1777318665071000,47.39778789970441,8.545720194374457,490.6321,490.61996,0.019706387,2.4830306,2.5829396,nan,2,2,0,0
1777318665079000,1777318665079000,47.39778808996716,8.54572067828,490.63263,490.62048,0.019706387,2.4830544,2.5829537,nan,2,2,0,0
1777318665087000,1777318665087000,47.39778827992972,8.545721160956525,490.63318,490.62103,0.019706387,2.4830787,2.5829716,nan,2,2,0,0
1777318665095000,1777318665095000,47.397788469617836,8.54572164242937,490.6337,490.62155,0.019706387,2.4831033,2.5829895,nan,2,2,0,0
1777318665103000,1777318665103000,47.39778865904866,8.545722122723879,490.63428,490.62213,0.019706387,2.4831283,2.5830076,nan,2,2,0,0
1777318665111000,1777318665111000,47.39778884822645,8.545722601878062,490.63486,490.6227,0.019706387,2.4831536,2.583026,nan,2,2,0,0
1777318665119000,1777318665119000,47.39778903702688,8.54572308269206,490.6354,490.62326,0.019706387,2.4830184,2.5829298,nan,2,2,0,0
1777318665127000,1777318665127000,47.39778922558287,8.545723562340388,490.636,490.62384,0.019706387,2.483042,2.582944,nan,2,2,0,0
1777318665135000,1777318665135000,47.397789413890145,8.545724040861062,490.63657,490.62442,0.019706387,2.483066,2.5829616,nan,2,2,0,0
1777318665143000,1777318665143000,47.39778960191867,8.545724518190728,490.63715,490.625,0.019706387,2.4830904,2.5829794,nan,2,2,0,0
1777318665151000,1777318665151000,47.39778978968561,8.545724994367397,490.63776,490.6256,0.019706387,2.4831152,2.5829976,nan,2,2,0,0
1777318665159000,1777318665159000,47.39778997717811,8.54572546940374,490.63837,490.62622,0.019706387,2.4831405,2.5830157,nan,2,2,0,0
1777318665167000,1777318665167000,47.39779016431038,8.54572594587183,490.63898,490.62683,0.019706387,2.4830067,2.5829203,nan,2,2,0,0
1777318665175000,1777318665175000,47.39779035117248,8.545726421199594,490.63962,490.62747,0.019706387,2.4830303,2.582938,nan,2,2,0,0
1777318665183000,1777318665183000,47.397790537747284,8.545726895412374,490.64026,490.6281,0.019706387,2.4830542,2.582952,nan,2,2,0,0
1777318665191000,1777318665191000,47.39779072402189,8.545727368484824,490.6409,490.62875,0.019706387,2.4830782,2.5829697,nan,2,2,0,0
1777318665199000,1777318665199000,47.397790910030615,8.545727840429622,490.64157,490.62943,0.019706387,2.4831028,2.5829878,nan,2,2,0,0
1777318665207000,1777318665207000,47.39779109579062,8.54572831124676,490.64224,490.6301,0.019706387,2.4831278,2.5830057,nan,2,2,0,0
1777318665215000,1777318665215000,47.397791281336225,8.545728780961584,490.64294,490.6308,0.019706387,2.4831533,2.583024,nan,2,2,0,0
1777318665223000,1777318665223000,47.397791466341495,8.545729251880092,490.64362,490.6315,0.019706387,2.4830182,2.5829282,nan,2,2,0,0
1777318665231000,1777318665231000,47.39779165108517,8.545729721670941,490.6443,490.63217,0.019706387,2.4830418,2.582942,nan,2,2,0,0
1777318665239000,1777318665239000,47.39779183558012,8.545730190346806,490.645,490.63287,0.019706387,2.4830658,2.58296,nan,2,2,0,0
1777318665247000,1777318665247000,47.39779201982637,8.545730657945693,490.6457,490.63358,0.019706387,2.4830902,2.5829778,nan,2,2,0,0
1777318665255000,1777318665255000,47.39779220382388,8.545731124467606,490.6464,490.63428,0.019706387,2.483115,2.5829957,nan,2,2,0,0
1777318665263000,1777318665263000,47.397792387581255,8.545731589937887,490.64713,490.635,0.019706387,2.48314,2.583014,nan,2,2,0,0
1777318665271000,1777318665271000,47.39779257108562,8.545732054331191,490.64786,490.63574,0.019706387,2.4831657,2.5830321,nan,2,2,0,0
1777318665279000,1777318665279000,47.39779275406252,8.545732519535397,490.6486,490.6365,0.019706387,2.483029,2.5829322,nan,2,2,0,0
1777318665287000,1777318665287000,47.39779293678639,8.545732983649959,490.6493,490.6372,0.019706387,2.4830527,2.5829496,nan,2,2,0,0
1777318665295000,1777318665295000,47.39779311924869,8.545733446712884,490.65002,490.63794,0.019706387,2.483077,2.5829675,nan,2,2,0,0
1777318665303000,1777318665303000,47.397793301492285,8.545733908774858,490.6508,490.6387,0.019706387,2.4831016,2.5829854,nan,2,2,0,0
1777318665311000,1777318665311000,47.39779348352146,8.545734369797866,490.65155,490.63947,0.019706387,2.4831266,2.5830035,nan,2,2,0,0
1777318665319000,1777318665319000,47.39779366531907,8.545734829857935,490.6523,490.64023,0.019706387,2.483152,2.5830216,nan,2,2,0,0
1777318665327000,1777318665327000,47.397793846507746,8.545735290716234,490.65305,490.64096,0.019706387,2.483017,2.5829225,nan,2,2,0,0
1777318665335000,1777318665335000,47.397794027417675,8.545735750510227,490.6538,490.64172,0.019706387,2.4830406,2.58294,nan,2,2,0,0
1777318665343000,1777318665343000,47.397794208057434,8.545736209227245,490.6546,490.64252,0.019706387,2.4830644,2.5829577,nan,2,2,0,0
1777318665351000,1777318665351000,47.39779438846564,8.54573666691797,490.65536,490.64328,0.019706387,2.4830887,2.5829756,nan,2,2,0,0
1777318665359000,1777318665359000,47.3977945686251,8.545737123595071,490.65616,490.64407,0.019706387,2.4831135,2.5829935,nan,2,2,0,0
1777318665367000,1777318665367000,47.39779474854014,8.545737579296558,490.65695,490.64487,0.019706387,2.4831388,2.5830116,nan,2,2,0,0
1777318665375000,1777318665375000,47.39779492822791,8.545738034009762,490.65775,490.64566,0.019706387,2.4831643,2.58303,nan,2,2,0,0
1777318665383000,1777318665383000,47.39779510717808,8.545738489090407,490.6585,490.6464,0.019706387,2.483028,2.58293,nan,2,2,0,0
1777318665391000,1777318665391000,47.39779528590954,8.545738943233452,490.6593,490.6472,0.019706387,2.4830515,2.5829477,nan,2,2,0,0
1777318665399000,1777318665399000,47.39779546443088,8.545739396476906,490.66006,490.64795,0.019706387,2.4830759,2.5829654,nan,2,2,0,0
1777318665407000,1777318665407000,47.39779564273353,8.545739848808097,490.66086,490.64874,0.019706387,2.4831002,2.5829833,nan,2,2,0,0
1777318665415000,1777318665415000,47.39779582083461,8.545740300189017,490.66165,490.64954,0.019706387,2.4831252,2.5830014,nan,2,2,0,0
1777318665423000,1777318665423000,47.3977959987427,8.545740750619663,490.66245,490.65033,0.019706387,2.4831505,2.5830197,nan,2,2,0,0
1777318665431000,1777318665431000,47.39779617584462,8.545741201316389,490.66324,490.65106,0.019706387,2.4830158,2.5829206,nan,2,2,0,0
1777318665439000,1777318665439000,47.39779635272783,8.545741651138865,490.664,490.65182,0.019706387,2.4830394,2.582938,nan,2,2,0,0
1777318665447000,1777318665447000,47.39779652938375,8.54574210009976,490.6648,490.65262,0.019706387,2.4830632,2.5829558,nan,2,2,0,0
1777318665455000,1777318665455000,47.39779670584671,8.545742548211747,490.6656,490.6534,0.019706387,2.4830875,2.5829735,nan,2,2,0,0
1777318665463000,1777318665463000,47.397796882138124,8.545742995500163,490.66635,490.65417,0.019706387,2.4831123,2.5829916,nan,2,2,0,0
1777318665471000,1777318665471000,47.397797058253715,8.545743441952341,490.66718,490.655,0.019706387,2.4831374,2.5830097,nan,2,2,0,0
1777318665479000,1777318665479000,47.397797234189206,8.54574388758095,490.66797,490.6558,0.019706387,2.4831629,2.583024,nan,2,2,0,0
1777318665487000,1777318665487000,47.39779740932277,8.545744333209559,490.66876,490.65656,0.019706387,2.4830267,2.5829282,nan,2,2,0,0
1777318665495000,1777318665495000,47.39779758427195,8.545744778090622,490.66956,490.65735,0.019706387,2.4830503,2.5829458,nan,2,2,0,0
1777318665503000,1777318665503000,47.39779775904959,8.545745222211467,490.67035,490.65814,0.019706387,2.4830744,2.5829637,nan,2,2,0,0
1777318665511000,1777318665511000,47.397797933681424,8.545745665610106,490.67117,490.65897,0.019706387,2.483099,2.5829813,nan,2,2,0,0
1777318665519000,1777318665519000,47.39779810816318,8.545746108273867,490.67197,490.65976,0.019706387,2.4831238,2.5829995,nan,2,2,0,0
1777318665527000,1777318665527000,47.39779828250341,8.545746550215426,490.6728,490.66058,0.019706387,2.483149,2.5830138,nan,2,2,0,0
1777318665535000,1777318665535000,47.397798455990284,8.545746992309025,490.67358,490.66135,0.019706387,2.4830146,2.5829186,nan,2,2,0,0
1777318665543000,1777318665543000,47.39779862933991,8.54574743369309,490.67438,490.66214,0.019706387,2.4830382,2.5829363,nan,2,2,0,0
1777318665551000,1777318665551000,47.39779880253946,8.54574787436762,490.6752,490.66296,0.019706387,2.483062,2.582954,nan,2,2,0,0
1777318665559000,1777318665559000,47.39779897559748,8.545748314370625,490.67603,490.6638,0.019706387,2.4830863,2.5829718,nan,2,2,0,0
1777318665567000,1777318665567000,47.397799148526865,8.545748753664094,490.67685,490.6646,0.019706387,2.483111,2.5829897,nan,2,2,0,0
1777318665575000,1777318665575000,47.39779932131902,8.545749192298707,490.67767,490.66544,0.019706387,2.483136,2.5830078,nan,2,2,0,0
1777318665583000,1777318665583000,47.39779949346792,8.5457496308573,490.67844,490.6661,0.019706387,2.4830031,2.5829096,nan,2,2,0,0
1777318665591000,1777318665591000,47.39779966550105,8.545750068769708,490.67923,490.6669,0.019706387,2.4830265,2.582927,nan,2,2,0,0
1777318665599000,1777318665599000,47.3977998374098,8.545750506035933,490.68002,490.6677,0.019706387,2.4830503,2.5829446,nan,2,2,0,0
1777318665607000,1777318665607000,47.39780000919419,8.545750942693982,490.68082,490.6685,0.019706387,2.4830742,2.5829625,nan,2,2,0,0
1777318665615000,1777318665615000,47.39780018083708,8.545751378756531,490.6816,490.66928,0.019706387,2.4830987,2.5829804,nan,2,2,0,0
1777318665623000,1777318665623000,47.39780035235989,8.545751814210904,490.68243,490.6701,0.019706387,2.4831235,2.5829983,nan,2,2,0,0
1777318665631000,1777318665631000,47.39780052376691,8.545752249069777,490.68323,490.6709,0.019706387,2.4831488,2.5830128,nan,2,2,0,0
1777318665639000,1777318665639000,47.39780069414903,8.545752683738593,490.684,490.67163,0.019706387,2.4830146,2.5829177,nan,2,2,0,0
1777318665647000,1777318665647000,47.397800864419665,8.545753117837247,490.68478,490.67242,0.019706387,2.483038,2.582935,nan,2,2,0,0
1777318665655000,1777318665655000,47.397801034565916,8.545753551365738,490.68558,490.67322,0.019706387,2.483062,2.582953,nan,2,2,0,0
1777318665663000,1777318665663000,47.39780120459639,8.54575398440009,490.68634,490.67398,0.019706387,2.483086,2.5829706,nan,2,2,0,0
1777318665671000,1777318665671000,47.397801374532534,8.54575441691496,490.68713,490.67477,0.019706387,2.4831107,2.5829885,nan,2,2,0,0
1777318665679000,1777318665679000,47.39780154437003,8.545754848897678,490.68793,490.67557,0.019706387,2.4831357,2.5830066,nan,2,2,0,0
1777318665687000,1777318665687000,47.39780171313545,8.545755280335573,490.6887,490.67624,0.019706387,2.483003,2.5829122,nan,2,2,0,0
1777318665695000,1777318665695000,47.39780188179795,8.545755711228646,490.68948,490.67703,0.019706387,2.4830265,2.5829296,nan,2,2,0,0
1777318665703000,1777318665703000,47.39780205036612,8.545756141602238,490.69025,490.6778,0.019706387,2.48305,2.5829473,nan,2,2,0,0
1777318665711000,1777318665711000,47.397802218857095,8.545756571456348,490.691,490.67856,0.019706387,2.4830742,2.582965,nan,2,2,0,0
1777318665719000,1777318665719000,47.39780238728374,8.54575700084166,490.6918,490.67935,0.019706387,2.4830985,2.5829828,nan,2,2,0,0
1777318665727000,1777318665727000,47.39780255564606,8.545757429796181,490.69257,490.6801,0.019706387,2.483123,2.582997,nan,2,2,0,0
1777318665735000,1777318665735000,47.39780272390117,8.545757858307244,490.69333,490.68088,0.019706387,2.4831483,2.5830154,nan,2,2,0,0
1777318665743000,1777318665743000,47.397802890959845,8.545758286020076,490.6941,490.68155,0.019706387,2.4830143,2.5829203,nan,2,2,0,0
1777318665751000,1777318665751000,47.39780305793704,8.545758713302119,490.69482,490.68228,0.019706387,2.4830377,2.5829377,nan,2,2,0,0
1777318665759000,1777318665759000,47.39780322484564,8.545759140153374,490.6956,490.68304,0.019706387,2.4830616,2.5829554,nan,2,2,0,0
1777318665767000,1777318665767000,47.397803391681315,8.545759566586508,490.69635,490.6838,0.019706387,2.4830856,2.5829732,nan,2,2,0,0
1777318665775000,1777318665775000,47.39780355842266,8.545759992652206,490.6971,490.68457,0.019706387,2.4831104,2.5829911,nan,2,2,0,0
1777318665783000,1777318665783000,47.39780372509537,8.545760418261775,490.69785,490.6853,0.019706387,2.4831352,2.5830054,nan,2,2,0,0
1777318665791000,1777318665791000,47.39780389170807,8.545760843453225,490.6986,490.68607,0.019706387,2.4831605,2.5830238,nan,2,2,0,0
1777318665799000,1777318665799000,47.397804057004244,8.545761267567698,490.69937,490.68683,0.019706387,2.483025,2.582928,nan,2,2,0,0
1777318665807000,1777318665807000,47.397804222248965,8.54576169127672,490.70013,490.6876,0.019706387,2.4830487,2.5829456,nan,2,2,0,0
1777318665815000,1777318665815000,47.3978043874508,8.545762114618306,490.7009,490.68835,0.019706387,2.4830728,2.5829632,nan,2,2,0,0
1777318665823000,1777318665823000,47.39780455260974,8.545762537579785,490.70163,490.6891,0.019706387,2.483097,2.5829813,nan,2,2,0,0
1777318665831000,1777318665831000,47.397804717717236,8.545762960161156,490.7024,490.68985,0.019706387,2.4831216,2.5829954,nan,2,2,0,0
1777318665839000,1777318665839000,47.39780488278613,8.545763382425772,490.70316,490.6906,0.019706387,2.4831467,2.5830135,nan,2,2,0,0
1777318665847000,1777318665847000,47.39780504675294,8.54576380368943,490.7039,490.69135,0.019706387,2.4830132,2.5829186,nan,2,2,0,0
1777318665855000,1777318665855000,47.397805210694,8.545764224649002,490.70465,490.6921,0.019706387,2.4830365,2.582936,nan,2,2,0,0
1777318665863000,1777318665863000,47.39780537459647,8.545764645329832,490.70538,490.69284,0.019706387,2.4830601,2.582954,nan,2,2,0,0
1777318665871000,1777318665871000,47.39780553847322,8.545765065719245,490.70612,490.69357,0.019706387,2.4830842,2.5829716,nan,2,2,0,0
1777318665879000,1777318665879000,47.397805702315665,8.545765485842583,490.70685,490.6943,0.019706387,2.4831088,2.5829895,nan,2,2,0,0
1777318665887000,1777318665887000,47.397805866132366,8.54576590571252,490.70758,490.69504,0.019706387,2.4831336,2.5830076,nan,2,2,0,0
1777318665895000,1777318665895000,47.397806029914754,8.545766325316379,490.7083,490.69577,0.019706387,2.4831586,2.583026,nan,2,2,0,0
1777318665903000,1777318665903000,47.397806192449266,8.54576674381792,490.70905,490.69644,0.019706387,2.483024,2.58293,nan,2,2,0,0
1777318665911000,1777318665911000,47.39780635496662,8.545767162091396,490.70975,490.69714,0.019706387,2.4830472,2.5829477,nan,2,2,0,0
1777318665919000,1777318665919000,47.3978065174711,8.54576758017482,490.71048,490.69788,0.019706387,2.4830713,2.5829654,nan,2,2,0,0
1777318665927000,1777318665927000,47.39780667996272,8.545767998055522,490.71118,490.69858,0.019706387,2.4830954,2.5829797,nan,2,2,0,0
1777318665935000,1777318665935000,47.39780684243718,8.54576841572083,490.71188,490.69928,0.019706387,2.48312,2.5829976,nan,2,2,0,0
1777318665943000,1777318665943000,47.39780700491592,8.545768833196085,490.7126,490.69998,0.019706387,2.4831448,2.5830157,nan,2,2,0,0
1777318665951000,1777318665951000,47.39780716614249,8.545769249391636,490.71332,490.7007,0.019706387,2.4830117,2.5829206,nan,2,2,0,0
1777318665959000,1777318665959000,47.39780732739478,8.545769665435147,490.71402,490.70142,0.019706387,2.483035,2.5829382,nan,2,2,0,0
1777318665967000,1777318665967000,47.39780748865994,8.545770081313945,490.71472,490.70212,0.019706387,2.4830587,2.5829558,nan,2,2,0,0
1777318665975000,1777318665975000,47.397807649950835,8.545770497066043,490.71542,490.70282,0.019706387,2.4830828,2.5829737,nan,2,2,0,0
1777318665983000,1777318665983000,47.39780781127601,8.545770912678769,490.71613,490.70352,0.019706387,2.483107,2.5829916,nan,2,2,0,0
1777318665991000,1777318665991000,47.397807972622644,8.545771328190135,490.71686,490.70425,0.019706387,2.4831316,2.5830097,nan,2,2,0,0
1777318665999000,1777318665999000,47.39780813276427,8.545771742637191,490.71756,490.70496,0.019706387,2.4830003,2.582915,nan,2,2,0,0
1777318666007000,1777318666007000,47.39780829293591,8.545772156995561,490.71826,490.70566,0.019706387,2.4830234,2.5829325,nan,2,2,0,0
1777318666015000,1777318666015000,47.39780845314184,8.545772571290579,490.71893,490.70633,0.019706387,2.4830468,2.58295,nan,2,2,0,0
1777318666023000,1777318666023000,47.397808613377805,8.545772985522248,490.71964,490.70703,0.019706387,2.4830706,2.582968,nan,2,2,0,0
1777318666031000,1777318666031000,47.39780877362663,8.545773399677898,490.72034,490.70773,0.019706387,2.4830947,2.582982,nan,2,2,0,0
1777318666039000,1777318666039000,47.3978089338926,8.545773813770198,490.721,490.7084,0.019706387,2.4831192,2.5830002,nan,2,2,0,0
1777318666047000,1777318666047000,47.39780909422719,8.54577422778648,490.7217,490.7091,0.019706387,2.4831438,2.5830183,nan,2,2,0,0
1777318666055000,1777318666055000,47.39780925339964,8.545774640586409,490.72238,490.70972,0.019706387,2.4830112,2.5829232,nan,2,2,0,0
1777318666063000,1777318666063000,47.397809412657864,8.54577505334833,490.72302,490.71036,0.019706387,2.4830346,2.5829406,nan,2,2,0,0
1777318666071000,1777318666071000,47.3978095719847,8.54577546605957,490.7237,490.71103,0.019706387,2.4830582,2.5829582,nan,2,2,0,0
1777318666079000,1777318666079000,47.3978097313587,8.545775878732803,490.72437,490.7117,0.019706387,2.483082,2.582976,nan,2,2,0,0
1777318666087000,1777318666087000,47.39780989079702,8.545776291444051,490.72504,490.71237,0.019706387,2.4831061,2.5829942,nan,2,2,0,0
1777318666095000,1777318666095000,47.39781005030397,8.54577670416797,490.7257,490.71304,0.019706387,2.4831307,2.5830123,nan,2,2,0,0
1777318666103000,1777318666103000,47.39781020849009,8.545777115523492,490.72635,490.71368,0.019706387,2.4829998,2.5829175,nan,2,2,0,0
1777318666111000,1777318666111000,47.397810366779154,8.545777526879016,490.727,490.71432,0.019706387,2.483023,2.5829349,nan,2,2,0,0
1777318666119000,1777318666119000,47.39781052515397,8.545777938234545,490.72766,490.715,0.019706387,2.483046,2.5829525,nan,2,2,0,0
1777318666127000,1777318666127000,47.39781068358027,8.545778349577406,490.7283,490.71564,0.019706387,2.48307,2.5829666,nan,2,2,0,0
1777318666135000,1777318666135000,47.397810842066576,8.545778760920268,490.72894,490.71628,0.019706387,2.4830937,2.5829847,nan,2,2,0,0
1777318666143000,1777318666143000,47.3978110006258,8.545779172275804,490.72958,490.71692,0.019706387,2.483118,2.5830026,nan,2,2,0,0
1777318666151000,1777318666151000,47.397811159296495,8.545779583682023,490.73022,490.71756,0.019706387,2.4831429,2.583021,nan,2,2,0,0
1777318666159000,1777318666159000,47.39781131652205,8.545779993567802,490.73087,490.71823,0.019706387,2.4830108,2.5829253,nan,2,2,0,0
1777318666167000,1777318666167000,47.39781147384195,8.545780403529605,490.7315,490.71887,0.019706387,2.483034,2.582943,nan,2,2,0,0
1777318666175000,1777318666175000,47.397811631264766,8.545780813567431,490.73215,490.7195,0.019706387,2.4830573,2.5829606,nan,2,2,0,0
1777318666183000,1777318666183000,47.3978117888248,8.545781223668612,490.73276,490.72012,0.019706387,2.483081,2.5829785,nan,2,2,0,0
1777318666191000,1777318666191000,47.39781194649633,8.545781633807808,490.7334,490.72076,0.019706387,2.4831052,2.5829966,nan,2,2,0,0
1777318666199000,1777318666199000,47.39781210428792,8.545782043997688,490.734,490.72137,0.019706387,2.4831295,2.5830147,nan,2,2,0,0
1777318666207000,1777318666207000,47.39781226071157,8.54578245279383,490.73462,490.72202,0.019706387,2.4829993,2.5829196,nan,2,2,0,0
1777318666215000,1777318666215000,47.39781241726813,8.545782861704007,490.73526,490.72266,0.019706387,2.483022,2.5829372,nan,2,2,0,0
1777318666223000,1777318666223000,47.39781257396621,8.54578327075356,490.73587,490.72327,0.019706387,2.4830453,2.582955,nan,2,2,0,0
1777318666231000,1777318666231000,47.397812730810095,8.54578367995516,490.73648,490.72388,0.019706387,2.483069,2.582969,nan,2,2,0,0
1777318666239000,1777318666239000,47.39781288779121,8.545784089283467,490.7371,490.7245,0.019706387,2.4830928,2.582987,nan,2,2,0,0
1777318666247000,1777318666247000,47.397813044866645,8.545784498814502,490.7377,490.7251,0.019706387,2.4831169,2.583005,nan,2,2,0,0
1777318666255000,1777318666255000,47.397813202036446,8.545784908548264,490.7383,490.7257,0.019706387,2.4831414,2.5830233,nan,2,2,0,0
1777318666263000,1777318666263000,47.397813357765365,8.545785316710901,490.73892,490.72635,0.019706387,2.48301,2.5829277,nan,2,2,0,0
1777318666271000,1777318666271000,47.397813513635796,8.545785725025588,490.7395,490.72693,0.019706387,2.483033,2.5829453,nan,2,2,0,0
1777318666279000,1777318666279000,47.397813669656315,8.545786133517662,490.7401,490.72754,0.019706387,2.4830563,2.5829592,nan,2,2,0,0
1777318666287000,1777318666287000,47.39781382582692,8.545786542187123,490.74072,490.72815,0.019706387,2.48308,2.582977,nan,2,2,0,0
1777318666295000,1777318666295000,47.39781398212618,8.545786951097323,490.7413,490.72873,0.019706387,2.483104,2.5829952,nan,2,2,0,0
1777318666303000,1777318666303000,47.39781413851979,8.54578736018491,490.74188,490.7293,0.019706387,2.483128,2.5830133,nan,2,2,0,0
1777318666311000,1777318666311000,47.3978142950506,8.545787769411875,490.7425,490.72992,0.019706387,2.4831526,2.5830317,nan,2,2,0,0
1777318666319000,1777318666319000,47.39781445003764,8.545788176763626,490.74304,490.73047,0.019706387,2.4830203,2.5829353,nan,2,2,0,0
1777318666327000,1777318666327000,47.39781460518763,8.545788584356117,490.74362,490.73105,0.019706387,2.4830434,2.5829494,nan,2,2,0,0
1777318666335000,1777318666335000,47.397814760534885,8.54578899222736,490.7442,490.73163,0.019706387,2.4830668,2.582967,nan,2,2,0,0
1777318666343000,1777318666343000,47.39781491606225,8.545789400352012,490.74478,490.7322,0.019706387,2.4830904,2.5829852,nan,2,2,0,0
1777318666351000,1777318666351000,47.397815071778275,8.545789808730072,490.74533,490.73276,0.019706387,2.4831145,2.583003,nan,2,2,0,0
1777318666359000,1777318666359000,47.39781522769158,8.545790217348872,490.7459,490.73334,0.019706387,2.4831388,2.5830214,nan,2,2,0,0
1777318666367000,1777318666367000,47.397815382103964,8.545790624497911,490.74646,490.73398,0.019706387,2.4830081,2.5829258,nan,2,2,0,0
1777318666375000,1777318666375000,47.3978155367222,8.54579103191303,490.74704,490.73456,0.019706387,2.483031,2.5829434,nan,2,2,0,0
1777318666383000,1777318666383000,47.39781569152912,8.54579143965758,490.7476,490.7351,0.019706387,2.4830542,2.582961,nan,2,2,0,0
1777318666391000,1777318666391000,47.39781584652472,8.545791847706223,490.74817,490.7357,0.019706387,2.4830778,2.582979,nan,2,2,0,0
1777318666399000,1777318666399000,47.39781600171758,8.545792256071625,490.74872,490.73624,0.019706387,2.4831014,2.582997,nan,2,2,0,0
1777318666407000,1777318666407000,47.39781615710769,8.545792664715778,490.74927,490.7368,0.019706387,2.4831254,2.5830152,nan,2,2,0,0
1777318666415000,1777318666415000,47.39781631271224,8.545793073676695,490.74982,490.73734,0.019706387,2.4831498,2.5830336,nan,2,2,0,0
1777318666423000,1777318666423000,47.397816466901624,8.545793480686374,490.75037,490.73795,0.019706387,2.4830184,2.582937,nan,2,2,0,0
1777318666431000,1777318666431000,47.397816621279695,8.545793888012817,490.75092,490.7385,0.019706387,2.4830413,2.582951,nan,2,2,0,0
1777318666439000,1777318666439000,47.39781677586362,8.545794295681361,490.75146,490.73904,0.019706387,2.4830644,2.582969,nan,2,2,0,0
1777318666447000,1777318666447000,47.39781693064479,8.545794703679338,490.75198,490.73956,0.019706387,2.483088,2.5829868,nan,2,2,0,0
1777318666455000,1777318666455000,47.39781708564037,8.545795111994076,490.75253,490.7401,0.019706387,2.4831119,2.583005,nan,2,2,0,0
1777318666463000,1777318666463000,47.397817240867525,8.545795520612904,490.75305,490.74063,0.019706387,2.483136,2.5830233,nan,2,2,0,0
1777318666471000,1777318666471000,47.3978173948082,8.545795927432543,490.7536,490.74124,0.019706387,2.4830062,2.5829277,nan,2,2,0,0
1777318666479000,1777318666479000,47.39781754899758,8.545796334644967,490.75412,490.74176,0.019706387,2.483029,2.5829415,nan,2,2,0,0
1777318666487000,1777318666487000,47.39781770342711,8.545796742237503,490.75464,490.74228,0.019706387,2.4830518,2.5829592,nan,2,2,0,0
1777318666495000,1777318666495000,47.397817858096765,8.545797150222825,490.75516,490.7428,0.019706387,2.4830751,2.582977,nan,2,2,0,0
1777318666503000,1777318666503000,47.397818013006585,8.545797558613597,490.75565,490.7433,0.019706387,2.4830987,2.5829952,nan,2,2,0,0
1777318666511000,1777318666511000,47.397818168147964,8.545797967384486,490.75616,490.7438,0.019706387,2.4831226,2.5830133,nan,2,2,0,0
1777318666519000,1777318666519000,47.39781832353806,8.545798376573497,490.75665,490.7443,0.019706387,2.483147,2.5830317,nan,2,2,0,0
1777318666527000,1777318666527000,47.39781847754732,8.54579878370991,490.75717,490.74484,0.019706387,2.483016,2.5829318,nan,2,2,0,0
1777318666535000,1777318666535000,47.397818631813884,8.54579919127712,490.75766,490.74533,0.019706387,2.483039,2.5829494,nan,2,2,0,0
1777318666543000,1777318666543000,47.39781878632059,8.545799599287795,490.75815,490.74582,0.019706387,2.483062,2.5829673,nan,2,2,0,0
1777318666551000,1777318666551000,47.39781894108459,8.545800007741935,490.75864,490.7463,0.019706387,2.4830854,2.5829852,nan,2,2,0,0
1777318666559000,1777318666559000,47.397819096114475,8.545800416652208,490.75912,490.7468,0.019706387,2.483109,2.5830033,nan,2,2,0,0
1777318666567000,1777318666567000,47.397819251401636,8.545800825967937,490.75958,490.74725,0.019706387,2.4831328,2.5830214,nan,2,2,0,0
1777318666575000,1777318666575000,47.397819405470926,8.545801233560498,490.76007,490.7477,0.019706387,2.483004,2.582926,nan,2,2,0,0
1777318666583000,1777318666583000,47.39781955982325,8.545801641609195,490.76053,490.74817,0.019706387,2.4830265,2.5829399,nan,2,2,0,0
1777318666591000,1777318666591000,47.397819714458585,8.545802050114029,490.761,490.74863,0.019706387,2.4830494,2.5829575,nan,2,2,0,0
1777318666599000,1777318666599000,47.39781986935981,8.545802459087666,490.76144,490.74908,0.019706387,2.4830725,2.5829754,nan,2,2,0,0
1777318666607000,1777318666607000,47.39782002453547,8.54580286851744,490.7619,490.74954,0.019706387,2.483096,2.5829935,nan,2,2,0,0
1777318666615000,1777318666615000,47.39782017994271,8.545803278416019,490.76236,490.75,0.019706387,2.4831197,2.5830116,nan,2,2,0,0
1777318666623000,1777318666623000,47.39782033420926,8.54580368655342,490.76282,490.75046,0.019706387,2.4829924,2.5829167,nan,2,2,0,0
1777318666631000,1777318666631000,47.397820488733096,8.545804095197637,490.76324,490.7509,0.019706387,2.4830148,2.5829308,nan,2,2,0,0
1777318666639000,1777318666639000,47.3978206435228,8.545804504336,490.7637,490.75134,0.019706387,2.4830375,2.5829484,nan,2,2,0,0
1777318666647000,1777318666647000,47.397820798595546,8.54580491400652,490.76413,490.75177,0.019706387,2.4830604,2.582966,nan,2,2,0,0
1777318666655000,1777318666655000,47.39782095393416,8.545805324196529,490.7646,490.75223,0.019706387,2.4830835,2.5829842,nan,2,2,0,0
1777318666663000,1777318666663000,47.397821109512904,8.545805734906025,490.765,490.75266,0.019706387,2.4831069,2.583002,nan,2,2,0,0
1777318666671000,1777318666671000,47.39782126533181,8.545806146109667,490.76544,490.75308,0.019706387,2.4831307,2.5830204,nan,2,2,0,0
1777318666679000,1777318666679000,47.39782141984706,8.545806555336735,490.76587,490.75357,0.019706387,2.4830027,2.5829248,nan,2,2,0,0
1777318666687000,1777318666687000,47.397821574619606,8.545806965095961,490.7663,490.754,0.019706387,2.483025,2.5829425,nan,2,2,0,0
1777318666695000,1777318666695000,47.3978217296323,8.545807375387342,490.76672,490.75443,0.019706387,2.4830477,2.5829604,nan,2,2,0,0
1777318666703000,1777318666703000,47.39782188492803,8.5458077861602,490.76715,490.75485,0.019706387,2.4830706,2.5829782,nan,2,2,0,0
1777318666711000,1777318666711000,47.39782204049819,8.545808197389194,490.76755,490.75525,0.019706387,2.483094,2.5829961,nan,2,2,0,0
1777318666719000,1777318666719000,47.397822196334225,8.545808609125004,490.76797,490.75568,0.019706387,2.4831173,2.5830142,nan,2,2,0,0
1777318666727000,1777318666727000,47.397822350952396,8.545809019162988,490.7684,490.7562,0.019706387,2.482991,2.5829158,nan,2,2,0,0
1777318666735000,1777318666735000,47.39782250587073,8.54580942975847,490.7688,490.7566,0.019706387,2.4830132,2.5829334,nan,2,2,0,0
1777318666743000,1777318666743000,47.3978226610721,8.545809840962132,490.76923,490.75702,0.019706387,2.4830356,2.582951,nan,2,2,0,0
1777318666751000,1777318666751000,47.39782281654791,8.545810252723292,490.76962,490.75742,0.019706387,2.4830585,2.5829687,nan,2,2,0,0
1777318666759000,1777318666759000,47.397822972315325,8.54581066506729,490.77002,490.7578,0.019706387,2.4830813,2.5829868,nan,2,2,0,0
1777318666767000,1777318666767000,47.397823128382925,8.545811077994129,490.77045,490.75824,0.019706387,2.4831047,2.583005,nan,2,2,0,0
1777318666775000,1777318666775000,47.39782328473355,8.545811491478464,490.77084,490.75864,0.019706387,2.4831283,2.583023,nan,2,2,0,0
1777318666783000,1777318666783000,47.39782343985772,8.545811902910202,490.77124,490.7591,0.019706387,2.483001,2.582924,nan,2,2,0,0
1777318666791000,1777318666791000,47.397823595290646,8.545812314924781,490.77167,490.75952,0.019706387,2.4830232,2.5829415,nan,2,2,0,0
1777318666799000,1777318666799000,47.39782375102374,8.54581272754754,490.77206,490.75992,0.019706387,2.4830458,2.5829592,nan,2,2,0,0
1777318666807000,1777318666807000,47.39782390704845,8.545813140778476,490.77246,490.7603,0.019706387,2.4830685,2.582977,nan,2,2,0,0
1777318666815000,1777318666815000,47.39782406336477,8.545813554566914,490.77286,490.7607,0.019706387,2.4830916,2.5829952,nan,2,2,0,0
1777318666823000,1777318666823000,47.39782421997266,8.545813968988869,490.77325,490.7611,0.019706387,2.483115,2.5830133,nan,2,2,0,0
1777318666831000,1777318666831000,47.39782437546562,8.54581438176368,490.77365,490.7616,0.019706387,2.4829893,2.5829148,nan,2,2,0,0
1777318666839000,1777318666839000,47.39782453125017,8.545814795172012,490.77405,490.762,0.019706387,2.4830112,2.5829322,nan,2,2,0,0
1777318666847000,1777318666847000,47.39782468736064,8.545815209188524,490.77444,490.7624,0.019706387,2.4830337,2.5829499,nan,2,2,0,0
1777318666855000,1777318666855000,47.39782484379702,8.545815623838555,490.7748,490.76276,0.019706387,2.4830563,2.5829678,nan,2,2,0,0
1777318666863000,1777318666863000,47.397825000542134,8.545816039122107,490.7752,490.76315,0.019706387,2.4830792,2.5829856,nan,2,2,0,0
1777318666871000,1777318666871000,47.39782515759601,8.54581645503918,490.7756,490.76355,0.019706387,2.4831023,2.5830038,nan,2,2,0,0
1777318666879000,1777318666879000,47.397825314950076,8.545816871615113,490.77597,490.76392,0.019706387,2.4831257,2.5830183,nan,2,2,0,0
1777318666887000,1777318666887000,47.39782547106053,8.545817286265155,490.77637,490.76443,0.019706387,2.482999,2.582923,nan,2,2,0,0
1777318666895000,1777318666895000,47.39782562747116,8.545817701650078,490.77676,490.76483,0.019706387,2.4830213,2.5829406,nan,2,2,0,0
1777318666903000,1777318666903000,47.397825784199114,8.545818117719202,490.77716,490.76523,0.019706387,2.4830437,2.5829582,nan,2,2,0,0
1777318666911000,1777318666911000,47.397825941227254,8.54581853444719,490.77753,490.7656,0.019706387,2.4830663,2.582976,nan,2,2,0,0
1777318666919000,1777318666919000,47.397826098538424,8.545818951808696,490.77792,490.766,0.019706387,2.4830892,2.5829942,nan,2,2,0,0
1777318666927000,1777318666927000,47.39782625614978,8.545819369803723,490.7783,490.76636,0.019706387,2.4831123,2.5830085,nan,2,2,0,0
1777318666935000,1777318666935000,47.397826412551815,8.54581978632899,490.7787,490.76694,0.019706387,2.4829874,2.5829139,nan,2,2,0,0
1777318666943000,1777318666943000,47.39782656923689,8.545820203513117,490.77908,490.76733,0.019706387,2.4830093,2.5829315,nan,2,2,0,0
1777318666951000,1777318666951000,47.39782672621355,8.545820621381445,490.77945,490.7677,0.019706387,2.4830315,2.5829492,nan,2,2,0,0
1777318666959000,1777318666959000,47.3978268835333,8.545821039933976,490.77985,490.7681,0.019706387,2.483054,2.5829668,nan,2,2,0,0
1777318666967000,1777318666967000,47.3978270411532,8.545821459196048,490.7802,490.76846,0.019706387,2.4830766,2.582985,nan,2,2,0,0
1777318666975000,1777318666975000,47.39782719908186,8.545821879167665,490.7806,490.76886,0.019706387,2.4830995,2.5830028,nan,2,2,0,0
1777318666983000,1777318666983000,47.39782735729355,8.545822299798143,490.78098,490.76923,0.019706387,2.4831228,2.5830173,nan,2,2,0,0
1777318666991000,1777318666991000,47.397827514115846,8.545822718654769,490.78137,490.7697,0.019706387,2.482997,2.5829222,nan,2,2,0,0
1777318666999000,1777318666999000,47.397827671264025,8.5458231381956,490.78174,490.77008,0.019706387,2.483019,2.5829396,nan,2,2,0,0
1777318667007000,1777318667007000,47.39782782873813,8.54582355842063,490.7821,490.77045,0.019706387,2.4830413,2.5829575,nan,2,2,0,0
1777318667015000,1777318667015000,47.397827986529556,8.54582397930452,490.78247,490.7708,0.019706387,2.4830637,2.5829754,nan,2,2,0,0
1777318667023000,1777318667023000,47.397828144612596,8.545824400872615,490.78284,490.77118,0.019706387,2.4830863,2.5829933,nan,2,2,0,0
1777318667031000,1777318667031000,47.39782830301296,8.54582482312491,490.78317,490.7715,0.019706387,2.4831095,2.5830078,nan,2,2,0,0
1777318667039000,1777318667039000,47.39782846172208,8.545825246010729,490.78354,490.77188,0.019706387,2.4831326,2.583026,nan,2,2,0,0
1777318667047000,1777318667047000,47.39782861904179,8.545825666843948,490.7839,490.77234,0.019706387,2.4830062,2.58293,nan,2,2,0,0
1777318667055000,1777318667055000,47.397828776670245,8.54582608838671,490.78427,490.7727,0.019706387,2.4830282,2.5829477,nan,2,2,0,0
1777318667063000,1777318667063000,47.397828934607475,8.545826510613672,490.7846,490.77304,0.019706387,2.4830506,2.5829656,nan,2,2,0,0
1777318667071000,1777318667071000,47.39782909284487,8.54582693355018,490.78494,490.77338,0.019706387,2.4830728,2.5829835,nan,2,2,0,0
1777318667079000,1777318667079000,47.39782925141675,8.545827357120206,490.7853,490.77374,0.019706387,2.4830956,2.5830016,nan,2,2,0,0
1777318667087000,1777318667087000,47.39782941031455,8.545827781323753,490.78564,490.77408,0.019706387,2.4831188,2.5830197,nan,2,2,0,0
1777318667095000,1777318667095000,47.39782956807165,8.54582820367743,490.78598,490.77438,0.019706387,2.4829938,2.5829244,nan,2,2,0,0
1777318667103000,1777318667103000,47.397829726171814,8.545828626740649,490.7863,490.7747,0.019706387,2.4830155,2.582942,nan,2,2,0,0
1777318667111000,1777318667111000,47.39782988462361,8.54582905046273,490.78662,490.77502,0.019706387,2.4830377,2.5829597,nan,2,2,0,0
1777318667119000,1777318667119000,47.39783004341847,8.545829474869013,490.78693,490.77533,0.019706387,2.48306,2.5829775,nan,2,2,0,0
1777318667127000,1777318667127000,47.39783020255641,8.545829899959498,490.78723,490.77563,0.019706387,2.4830825,2.5829918,nan,2,2,0,0
1777318667135000,1777318667135000,47.39783036202025,8.545830325708845,490.78754,490.77594,0.019706387,2.4831054,2.5830102,nan,2,2,0,0
1777318667143000,1777318667143000,47.39783052032624,8.545830749811046,490.78784,490.7762,0.019706387,2.482982,2.5829153,nan,2,2,0,0
1777318667151000,1777318667151000,47.39783067894957,8.545831174622789,490.78812,490.7765,0.019706387,2.4830036,2.582933,nan,2,2,0,0
1777318667159000,1777318667159000,47.397830837898795,8.545831600118733,490.78842,490.7768,0.019706387,2.4830256,2.5829506,nan,2,2,0,0
1777318667167000,1777318667167000,47.39783099718252,8.545832026298882,490.7887,490.77707,0.019706387,2.4830477,2.5829685,nan,2,2,0,0
1777318667175000,1777318667175000,47.39783115678356,8.54583245316323,490.789,490.77737,0.019706387,2.48307,2.5829864,nan,2,2,0,0
1777318667183000,1777318667183000,47.397831316684794,8.54583288063576,490.78928,490.77765,0.019706387,2.4830925,2.5830007,nan,2,2,0,0
1777318667191000,1777318667191000,47.39783147689478,8.545833308716471,490.78958,490.77795,0.019706387,2.4831154,2.583019,nan,2,2,0,0
1777318667199000,1777318667199000,47.39783163582685,8.545833734845946,490.78986,490.77823,0.019706387,2.4829915,2.5829237,nan,2,2,0,0
1777318667207000,1777318667207000,47.39783179511913,8.545834161659624,490.79013,490.7785,0.019706387,2.483013,2.582941,nan,2,2,0,0
1777318667215000,1777318667215000,47.39783195473732,8.545834589157502,490.79037,490.77875,0.019706387,2.4830348,2.582959,nan,2,2,0,0
1777318667223000,1777318667223000,47.397832114664276,8.545835017364926,490.79065,490.77902,0.019706387,2.483057,2.5829768,nan,2,2,0,0
1777318667231000,1777318667231000,47.39783227489141,8.545835446205869,490.79092,490.7793,0.019706387,2.4830794,2.5829911,nan,2,2,0,0
1777318667239000,1777318667239000,47.39783243541871,8.545835875705674,490.7912,490.77957,0.019706387,2.4831018,2.5830092,nan,2,2,0,0
1777318667247000,1777318667247000,47.39783259627192,8.54583630588968,490.79147,490.77985,0.019706387,2.483125,2.5830276,nan,2,2,0,0
1777318667255000,1777318667255000,47.39783275575287,8.545836733742343,490.79172,490.78018,0.019706387,2.4830003,2.5829315,nan,2,2,0,0
1777318667263000,1777318667263000,47.397832915559746,8.545837162329887,490.792,490.78046,0.019706387,2.483022,2.5829492,nan,2,2,0,0
1777318667271000,1777318667271000,47.397833075683934,8.545837591626976,490.79227,490.78073,0.019706387,2.4830437,2.582967,nan,2,2,0,0
1777318667279000,1777318667279000,47.397833236125464,8.545838021608265,490.7925,490.78098,0.019706387,2.4830658,2.582985,nan,2,2,0,0
1777318667287000,1777318667287000,47.39783339688432,8.545838452273758,490.7928,490.78125,0.019706387,2.4830885,2.583003,nan,2,2,0,0
1777318667295000,1777318667295000,47.39783355794337,8.545838883598112,490.79303,490.7815,0.019706387,2.4831111,2.5830214,nan,2,2,0,0
1777318667303000,1777318667303000,47.39783371784457,8.545839313173955,490.7933,490.78186,0.019706387,2.4829879,2.5829258,nan,2,2,0,0
1777318667311000,1777318667311000,47.39783387808025,8.545839743434003,490.79358,490.78214,0.019706387,2.4830093,2.5829434,nan,2,2,0,0
1777318667319000,1777318667319000,47.39783403864185,8.545840174378252,490.79382,490.78238,0.019706387,2.4830313,2.582961,nan,2,2,0,0
1777318667327000,1777318667327000,47.39783419950361,8.545840605981365,490.7941,490.78265,0.019706387,2.4830532,2.5829754,nan,2,2,0,0
1777318667335000,1777318667335000,47.39783436064841,8.545841038268676,490.79437,490.78293,0.019706387,2.4830754,2.5829935,nan,2,2,0,0
1777318667343000,1777318667343000,47.39783452210195,8.545841471214853,490.79462,490.78317,0.019706387,2.4830978,2.5830116,nan,2,2,0,0
1777318667351000,1777318667351000,47.397834683855685,8.54584190484523,490.7949,490.78345,0.019706387,2.4831204,2.58303,nan,2,2,0,0
1777318667359000,1777318667359000,47.397834844322915,8.545842336651075,490.79514,490.78372,0.019706387,2.4829967,2.5829337,nan,2,2,0,0
1777318667367000,1777318667367000,47.39783500509891,8.545842769141123,490.7954,490.784,0.019706387,2.4830182,2.5829513,nan,2,2,0,0
1777318667375000,1777318667375000,47.39783516620939,8.545843202315371,490.79565,490.78424,0.019706387,2.4830399,2.5829692,nan,2,2,0,0
1777318667383000,1777318667383000,47.397835327637196,8.545843636148483,490.7959,490.7845,0.019706387,2.483062,2.5829835,nan,2,2,0,0
1777318667391000,1777318667391000,47.397835489365164,8.545844070691137,490.79614,490.78473,0.019706387,2.4830842,2.5830016,nan,2,2,0,0
1777318667399000,1777318667399000,47.39783565141907,8.545844505892655,490.79642,490.785,0.019706387,2.4831066,2.5830197,nan,2,2,0,0
1777318667407000,1777318667407000,47.39783581247808,8.545844939396343,490.79663,490.78525,0.019706387,2.4829843,2.5829244,nan,2,2,0,0
1777318667415000,1777318667415000,47.39783597387158,8.545845373609575,490.79688,490.7855,0.019706387,2.4830058,2.582942,nan,2,2,0,0
1777318667423000,1777318667423000,47.39783613559098,8.545845808481669,490.7971,490.7857,0.019706387,2.4830272,2.5829597,nan,2,2,0,0
1777318667431000,1777318667431000,47.39783629761914,8.545846244012624,490.79733,490.78595,0.019706387,2.4830492,2.582974,nan,2,2,0,0
1777318667439000,1777318667439000,47.39783645995605,8.545846680253124,490.79755,490.78616,0.019706387,2.483071,2.5829918,nan,2,2,0,0
1777318667447000,1777318667447000,47.39783662258456,8.545847117127142,490.7978,490.7864,0.019706387,2.4830935,2.5830102,nan,2,2,0,0
1777318667455000,1777318667455000,47.397836785496104,8.545847554634683,490.798,490.78662,0.019706387,2.483116,2.5830283,nan,2,2,0,0
1777318667463000,1777318667463000,47.39783694736987,8.545847990064287,490.79822,490.78693,0.019706387,2.482993,2.5829325,nan,2,2,0,0
1777318667471000,1777318667471000,47.397837109552405,8.545848426152752,490.79846,490.78717,0.019706387,2.4830143,2.58295,nan,2,2,0,0
1777318667479000,1777318667479000,47.39783727202652,8.545848862874736,490.79868,490.78738,0.019706387,2.4830358,2.5829642,nan,2,2,0,0
1777318667487000,1777318667487000,47.39783743477509,8.545849300154222,490.7989,490.7876,0.019706387,2.4830577,2.582982,nan,2,2,0,0
1777318667495000,1777318667495000,47.397837597815276,8.545849738041886,490.79913,490.78784,0.019706387,2.48308,2.5830002,nan,2,2,0,0
1777318667503000,1777318667503000,47.39783776114705,8.545850176563071,490.79935,490.78806,0.019706387,2.483102,2.5830185,nan,2,2,0,0
1777318667511000,1777318667511000,47.397837923509684,8.54585061336109,490.79956,490.7883,0.019706387,2.4829807,2.5829232,nan,2,2,0,0
1777318667519000,1777318667519000,47.397838086155325,8.54585105081797,490.79977,490.7885,0.019706387,2.483002,2.5829408,nan,2,2,0,0
1777318667527000,1777318667527000,47.39783824907543,8.54585148890837,490.79996,490.7887,0.019706387,2.4830234,2.5829546,nan,2,2,0,0
1777318667535000,1777318667535000,47.39783841225281,8.54585192760695,490.80017,490.7889,0.019706387,2.483045,2.5829725,nan,2,2,0,0
1777318667543000,1777318667543000,47.397838575696085,8.545852366863029,490.80038,490.78912,0.019706387,2.4830668,2.5829906,nan,2,2,0,0
1777318667551000,1777318667551000,47.397838739388064,8.545852806727291,490.8006,490.78934,0.019706387,2.483089,2.5830088,nan,2,2,0,0
1777318667559000,1777318667559000,47.39783890234247,8.545853245273832,490.8008,490.78967,0.019706387,2.482969,2.582914,nan,2,2,0,0
1777318667567000,1777318667567000,47.39783906558846,8.545853684453899,490.80103,490.7899,0.019706387,2.48299,2.5829318,nan,2,2,0,0
1777318667575000,1777318667575000,47.39783922911748,8.545854124242142,490.80124,490.7901,0.019706387,2.4830112,2.5829494,nan,2,2,0,0
1777318667583000,1777318667583000,47.39783939291237,8.545854564562546,490.80145,490.7903,0.019706387,2.4830327,2.5829635,nan,2,2,0,0
1777318667591000,1777318667591000,47.39783955697314,8.545855005415108,490.80167,490.79053,0.019706387,2.4830546,2.5829813,nan,2,2,0,0
1777318667599000,1777318667599000,47.39783972129979,8.54585544685051,490.80188,490.79074,0.019706387,2.4830763,2.5829995,nan,2,2,0,0
1777318667607000,1777318667607000,47.397839885883705,8.54585588886875,490.8021,490.79095,0.019706387,2.4830985,2.5830178,nan,2,2,0,0
1777318667615000,1777318667615000,47.39784004959283,8.545856329265186,490.8023,490.79126,0.019706387,2.4829779,2.5829225,nan,2,2,0,0
1777318667623000,1777318667623000,47.397840213550666,8.545856770295144,490.80252,490.79147,0.019706387,2.4829988,2.58294,nan,2,2,0,0
1777318667631000,1777318667631000,47.3978403777658,8.54585721190794,490.80273,490.7917,0.019706387,2.48302,2.5829542,nan,2,2,0,0
1777318667639000,1777318667639000,47.39784054222966,8.545857654128916,490.80298,490.79193,0.019706387,2.4830418,2.582972,nan,2,2,0,0
1777318667647000,1777318667647000,47.397840706959386,8.545858096882052,490.8032,490.79214,0.019706387,2.4830635,2.58299,nan,2,2,0,0
1777318667655000,1777318667655000,47.39784087192925,8.545858540192686,490.8034,490.79236,0.019706387,2.4830856,2.5830083,nan,2,2,0,0
1777318667663000,1777318667663000,47.39784103611864,8.545858982362986,490.80362,490.79266,0.019706387,2.4829662,2.5829136,nan,2,2,0,0
1777318667671000,1777318667671000,47.3978412005739,8.545859425116129,490.80383,490.79288,0.019706387,2.482987,2.582931,nan,2,2,0,0
1777318667679000,1777318667679000,47.39784136530362,8.545859868477452,490.80405,490.7931,0.019706387,2.4830081,2.5829487,nan,2,2,0,0
1777318667687000,1777318667687000,47.397841530307794,8.545860312446955,490.8043,490.79333,0.019706387,2.4830294,2.5829666,nan,2,2,0,0
1777318667695000,1777318667695000,47.397841695569255,8.545860757024638,490.8045,490.79355,0.019706387,2.483051,2.5829844,nan,2,2,0,0
1777318667703000,1777318667703000,47.39784186107084,8.545861202159818,490.80472,490.79376,0.019706387,2.483073,2.5830026,nan,2,2,0,0
1777318667711000,1777318667711000,47.39784202682974,8.545861647928522,490.80493,490.79398,0.019706387,2.483095,2.583021,nan,2,2,0,0
1777318667719000,1777318667719000,47.39784219180817,8.545862092354168,490.80515,490.79428,0.019706387,2.4829748,2.5829253,nan,2,2,0,0
1777318667727000,1777318667727000,47.397842357061045,8.545862537337314,490.80536,490.7945,0.019706387,2.4829957,2.5829394,nan,2,2,0,0
1777318667735000,1777318667735000,47.39784252256264,8.545862982877956,490.80557,490.7947,0.019706387,2.483017,2.582957,nan,2,2,0,0
1777318667743000,1777318667743000,47.397842688295796,8.545863429001441,490.8058,490.79492,0.019706387,2.4830384,2.5829751,nan,2,2,0,0
1777318667751000,1777318667751000,47.397842854243365,8.545863875682423,490.806,490.79514,0.019706387,2.48306,2.582993,nan,2,2,0,0
1777318667759000,1777318667759000,47.397843020431075,8.545864322895564,490.8062,490.79535,0.019706387,2.4830818,2.5830112,nan,2,2,0,0
1777318667767000,1777318667767000,47.397843186850345,8.545864770640863,490.8064,490.79553,0.019706387,2.483104,2.5830295,nan,2,2,0,0
1777318667775000,1777318667775000,47.397843352429135,8.545865216916402,490.8066,490.7958,0.019706387,2.482983,2.5829334,nan,2,2,0,0
1777318667783000,1777318667783000,47.3978435182652,8.54586566377478,490.80682,490.79602,0.019706387,2.483004,2.5829475,nan,2,2,0,0
1777318667791000,1777318667791000,47.39784368436713,8.545866111215997,490.807,490.7962,0.019706387,2.4830253,2.5829654,nan,2,2,0,0
1777318667799000,1777318667799000,47.397843850709215,8.545866559214714,490.80722,490.79642,0.019706387,2.483047,2.5829833,nan,2,2,0,0
1777318667807000,1777318667807000,47.39784401729143,8.545867007770928,490.8074,490.7966,0.019706387,2.4830687,2.5830014,nan,2,2,0,0
1777318667815000,1777318667815000,47.39784418413095,8.545867456859304,490.80762,490.7968,0.019706387,2.4830906,2.5830195,nan,2,2,0,0
1777318667823000,1777318667823000,47.397844350112806,8.545867904579278,490.8078,490.79706,0.019706387,2.4829712,2.5829241,nan,2,2,0,0
1777318667831000,1777318667831000,47.39784451636053,8.545868352882096,490.808,490.79727,0.019706387,2.482992,2.5829382,nan,2,2,0,0
1777318667839000,1777318667839000,47.39784468286555,8.545868801691727,490.8082,490.79745,0.019706387,2.4830132,2.5829558,nan,2,2,0,0
1777318667847000,1777318667847000,47.397844849585006,8.545869251033519,490.8084,490.79767,0.019706387,2.4830344,2.5829737,nan,2,2,0,0
1777318667855000,1777318667855000,47.397845016535996,8.545869700907469,490.8086,490.79785,0.019706387,2.4830558,2.5829918,nan,2,2,0,0
1777318667863000,1777318667863000,47.39784518369284,8.545870151288238,490.8088,490.79807,0.019706387,2.4830775,2.58301,nan,2,2,0,0
1777318667871000,1777318667871000,47.39784535016355,8.545870600452652,490.809,490.7983,0.019706387,2.4829595,2.582915,nan,2,2,0,0
1777318667879000,1777318667879000,47.39784551688297,8.545871050123884,490.8092,490.79852,0.019706387,2.4829803,2.5829327,nan,2,2,0,0
1777318667887000,1777318667887000,47.397845683808235,8.545871500276592,490.8094,490.7987,0.019706387,2.483001,2.5829504,nan,2,2,0,0
1777318667895000,1777318667895000,47.39784585093934,8.545871950961459,490.8096,490.79892,0.019706387,2.4830222,2.5829682,nan,2,2,0,0
1777318667903000,1777318667903000,47.39784601829343,8.545872402102463,490.8098,490.79913,0.019706387,2.4830437,2.582986,nan,2,2,0,0
1777318667911000,1777318667911000,47.3978461858705,8.545872853699601,490.81003,490.79935,0.019706387,2.4830651,2.5830042,nan,2,2,0,0
1777318667919000,1777318667919000,47.397846353670566,8.545873305752876,490.8102,490.79953,0.019706387,2.483087,2.5830226,nan,2,2,0,0
1777318667927000,1777318667927000,47.39784652072446,8.545873756615139,490.81042,490.7998,0.019706387,2.482968,2.5829234,nan,2,2,0,0
1777318667935000,1777318667935000,47.397846687984206,8.545874207933538,490.81064,490.80002,0.019706387,2.4829888,2.582941,nan,2,2,0,0
1777318667943000,1777318667943000,47.39784685546694,8.545874659758754,490.81085,490.80023,0.019706387,2.4830098,2.5829587,nan,2,2,0,0
1777318667951000,1777318667951000,47.39784702317265,8.545875112040108,490.81107,490.80045,0.019706387,2.483031,2.5829766,nan,2,2,0,0
1777318667959000,1777318667959000,47.397847191067044,8.545875564752256,490.81128,490.80066,0.019706387,2.4830525,2.5829947,nan,2,2,0,0
1777318667967000,1777318667967000,47.39784735915871,8.54587601797122,490.8115,490.80087,0.019706387,2.4830742,2.5830128,nan,2,2,0,0
1777318667975000,1777318667975000,47.39784752653849,8.545876470252582,490.81174,490.80124,0.019706387,2.4829566,2.582918,nan,2,2,0,0
1777318667983000,1777318667983000,47.397847694141284,8.545876923040758,490.81195,490.80145,0.019706387,2.4829772,2.5829318,nan,2,2,0,0
1777318667991000,1777318667991000,47.39784786197565,8.545877376259732,490.81216,490.80167,0.019706387,2.482998,2.5829496,nan,2,2,0,0
1777318667999000,1777318667999000,47.39784803003298,8.545877829909502,490.81238,490.80188,0.019706387,2.483019,2.5829673,nan,2,2,0,0
1777318668007000,1777318668007000,47.39784819830474,8.545878283990065,490.8126,490.8021,0.019706387,2.4830403,2.5829854,nan,2,2,0,0
1777318668015000,1777318668015000,47.39784836678233,8.545878738526765,490.8128,490.8023,0.019706387,2.4830618,2.5830035,nan,2,2,0,0
1777318668023000,1777318668023000,47.3978485354829,8.545879193519603,490.81305,490.80255,0.019706387,2.4830835,2.5830216,nan,2,2,0,0
1777318668031000,1777318668031000,47.3978487033344,8.545879647296086,490.81323,490.8028,0.019706387,2.4829652,2.5829227,nan,2,2,0,0
1777318668039000,1777318668039000,47.397848871383154,8.545880101503363,490.81345,490.803,0.019706387,2.4829857,2.58294,nan,2,2,0,0
1777318668047000,1777318668047000,47.39784903963774,8.545880556166779,490.81366,490.80322,0.019706387,2.4830067,2.582958,nan,2,2,0,0
1777318668055000,1777318668055000,47.39784920808102,8.54588101131167,490.81387,490.80344,0.019706387,2.483028,2.5829759,nan,2,2,0,0
1777318668063000,1777318668063000,47.397849376738705,8.545881466862017,490.8141,490.80365,0.019706387,2.4830492,2.582994,nan,2,2,0,0
1777318668071000,1777318668071000,47.39784954560223,8.545881922868498,490.8143,490.80386,0.019706387,2.4830706,2.583012,nan,2,2,0,0
1777318668079000,1777318668079000,47.39784971370243,8.545882377988056,490.81448,490.80402,0.019706387,2.4829535,2.5829136,nan,2,2,0,0
1777318668087000,1777318668087000,47.39784988204278,8.54588283356375,490.8147,490.80423,0.019706387,2.482974,2.5829313,nan,2,2,0,0
1777318668095000,1777318668095000,47.39785005058895,8.545883289544898,490.81488,490.8044,0.019706387,2.4829948,2.582949,nan,2,2,0,0
1777318668103000,1777318668103000,47.39785021933239,8.545883745982184,490.81506,490.8046,0.019706387,2.4830158,2.5829666,nan,2,2,0,0
1777318668111000,1777318668111000,47.397850388290244,8.545884202850266,490.81528,490.8048,0.019706387,2.483037,2.5829847,nan,2,2,0,0
1777318668119000,1777318668119000,47.39785055746251,8.545884660149142,490.81546,490.805,0.019706387,2.4830585,2.5830028,nan,2,2,0,0
1777318668127000,1777318668127000,47.397850726832026,8.545885117878814,490.81567,490.8052,0.019706387,2.48308,2.583017,nan,2,2,0,0
1777318668135000,1777318668135000,47.397850895326734,8.545885574518834,490.81586,490.80536,0.019706387,2.4829621,2.582922,nan,2,2,0,0
1777318668143000,1777318668143000,47.3978510640187,8.54588603153897,490.81604,490.80554,0.019706387,2.4829829,2.5829396,nan,2,2,0,0
1777318668151000,1777318668151000,47.39785123291651,8.545886488939221,490.81622,490.80573,0.019706387,2.4830036,2.5829573,nan,2,2,0,0
1777318668159000,1777318668159000,47.39785140202873,8.545886946719584,490.8164,490.8059,0.019706387,2.4830246,2.5829751,nan,2,2,0,0
1777318668167000,1777318668167000,47.39785157132963,8.54588740488006,490.8166,490.8061,0.019706387,2.4830458,2.582993,nan,2,2,0,0
1777318668175000,1777318668175000,47.397851740802054,8.545887863445994,490.8168,490.8063,0.019706387,2.4830673,2.5830114,nan,2,2,0,0
1777318668183000,1777318668183000,47.39785191048031,8.545888322417381,490.817,490.8065,0.019706387,2.483089,2.583026,nan,2,2,0,0
1777318668191000,1777318668191000,47.397852079146546,8.545888780273778,490.81717,490.80667,0.019706387,2.4829705,2.58293,nan,2,2,0,0
1777318668199000,1777318668199000,47.39785224801003,8.545889238535628,490.81732,490.80682,0.019706387,2.482991,2.5829477,nan,2,2,0,0
1777318668207000,1777318668207000,47.39785241708792,8.545889697152251,490.8175,490.807,0.019706387,2.483012,2.5829654,nan,2,2,0,0
1777318668215000,1777318668215000,47.39785258634593,8.54589015617433,490.81766,490.80716,0.019706387,2.483033,2.5829833,nan,2,2,0,0
1777318668223000,1777318668223000,47.397852755784044,8.545890615551183,490.81784,490.80734,0.019706387,2.4830542,2.5830016,nan,2,2,0,0
1777318668231000,1777318668231000,47.397852925410824,8.54589107530815,490.818,490.8075,0.019706387,2.4830759,2.583016,nan,2,2,0,0
1777318668239000,1777318668239000,47.397853094377226,8.545891534279555,490.81815,490.80765,0.019706387,2.4829586,2.5829208,nan,2,2,0,0
1777318668247000,1777318668247000,47.3978532635323,8.545891993631074,490.8183,490.8078,0.019706387,2.482979,2.5829382,nan,2,2,0,0
1777318668255000,1777318668255000,47.39785343285891,8.545892453388047,490.81848,490.80798,0.019706387,2.4829998,2.582956,nan,2,2,0,0
1777318668263000,1777318668263000,47.39785360237419,8.545892913525135,490.81863,490.80814,0.019706387,2.4830205,2.582974,nan,2,2,0,0
1777318668271000,1777318668271000,47.39785377206959,8.545893374042336,490.8188,490.8083,0.019706387,2.4830418,2.582992,nan,2,2,0,0
1777318668279000,1777318668279000,47.39785394193651,8.545893834888972,490.81897,490.80847,0.019706387,2.4830632,2.5830064,nan,2,2,0,0
1777318668287000,1777318668287000,47.397854111957805,8.545894296141062,490.81912,490.80862,0.019706387,2.4830847,2.5830247,nan,2,2,0,0
1777318668295000,1777318668295000,47.39785428118147,8.545894756328842,490.81927,490.80872,0.019706387,2.4829667,2.582929,nan,2,2,0,0
1777318668303000,1777318668303000,47.39785445060241,8.545895216871395,490.8194,490.80884,0.019706387,2.4829874,2.5829465,nan,2,2,0,0
1777318668311000,1777318668311000,47.39785462019487,8.545895677768723,490.81955,490.809,0.019706387,2.4830081,2.5829644,nan,2,2,0,0
1777318668319000,1777318668319000,47.39785478993315,8.545896139020822,490.8197,490.80914,0.019706387,2.483029,2.5829823,nan,2,2,0,0
1777318668327000,1777318668327000,47.397854959834355,8.545896600653036,490.81985,490.8093,0.019706387,2.48305,2.5829966,nan,2,2,0,0
1777318668335000,1777318668335000,47.39785512988994,8.545897062614683,490.82,490.80945,0.019706387,2.4830716,2.5830147,nan,2,2,0,0
1777318668343000,1777318668343000,47.39785529910503,8.545897523664063,490.82013,490.80954,0.019706387,2.482955,2.5829198,nan,2,2,0,0
1777318668351000,1777318668351000,47.39785546849165,8.545897985042878,490.82025,490.80966,0.019706387,2.4829755,2.5829372,nan,2,2,0,0
1777318668359000,1777318668359000,47.39785563804979,8.545898446776464,490.8204,490.8098,0.019706387,2.482996,2.5829551,nan,2,2,0,0
1777318668367000,1777318668367000,47.397855807788034,8.545898908839485,490.82053,490.80994,0.019706387,2.4830167,2.582973,nan,2,2,0,0
1777318668375000,1777318668375000,47.397855977723545,8.545899371257278,490.82068,490.8101,0.019706387,2.4830377,2.582991,nan,2,2,0,0
1777318668383000,1777318668383000,47.39785614781344,8.545899834055184,490.82083,490.81024,0.019706387,2.4830592,2.5830054,nan,2,2,0,0
1777318668391000,1777318668391000,47.39785631734584,8.545900296194235,490.82095,490.81027,0.019706387,2.4829435,2.5829108,nan,2,2,0,0
1777318668399000,1777318668399000,47.397856487041196,8.545900758688058,490.82108,490.8104,0.019706387,2.482964,2.5829284,nan,2,2,0,0
1777318668407000,1777318668407000,47.397856656873785,8.545901221511313,490.8212,490.81052,0.019706387,2.4829845,2.582946,nan,2,2,0,0
1777318668415000,1777318668415000,47.39785682688646,8.545901684638661,490.82132,490.81064,0.019706387,2.483005,2.582964,nan,2,2,0,0
1777318668423000,1777318668423000,47.39785699709642,8.545902148070102,490.82144,490.81076,0.019706387,2.483026,2.5829818,nan,2,2,0,0
1777318668431000,1777318668431000,47.39785716748646,8.545902611805634,490.82156,490.81088,0.019706387,2.4830472,2.5829961,nan,2,2,0,0
1777318668439000,1777318668439000,47.39785733805662,8.5459030758706,490.82172,490.81104,0.019706387,2.4830685,2.5830142,nan,2,2,0,0
1777318668447000,1777318668447000,47.39785750791492,8.545903539150004,490.82184,490.81116,0.019706387,2.482952,2.5829194,nan,2,2,0,0
1777318668455000,1777318668455000,47.3978576779619,8.545904002733499,490.82196,490.81128,0.019706387,2.4829726,2.582937,nan,2,2,0,0
1777318668463000,1777318668463000,47.39785784815469,8.545904466621089,490.82208,490.8114,0.019706387,2.4829931,2.5829546,nan,2,2,0,0
1777318668471000,1777318668471000,47.39785801850184,8.545904930838109,490.82224,490.81155,0.019706387,2.4830139,2.5829725,nan,2,2,0,0
1777318668479000,1777318668479000,47.39785818902053,8.54590539533388,490.82236,490.81168,0.019706387,2.4830348,2.5829868,nan,2,2,0,0
1777318668487000,1777318668487000,47.39785835968501,8.545905860184424,490.8225,490.81183,0.019706387,2.483056,2.583005,nan,2,2,0,0
1777318668495000,1777318668495000,47.39785853050388,8.545906325288382,490.82266,490.81198,0.019706387,2.4830775,2.5830233,nan,2,2,0,0
1777318668503000,1777318668503000,47.397858700533696,8.54590678940405,490.82278,490.81213,0.019706387,2.4829605,2.5829275,nan,2,2,0,0
1777318668511000,1777318668511000,47.39785887074363,8.545907253849151,490.82294,490.8123,0.019706387,2.482981,2.582945,nan,2,2,0,0
1777318668519000,1777318668519000,47.39785904110791,8.545907718623685,490.8231,490.81244,0.019706387,2.4830015,2.582963,nan,2,2,0,0
1777318668527000,1777318668527000,47.39785921164374,8.54590818370231,490.82324,490.8126,0.019706387,2.4830225,2.582977,nan,2,2,0,0
1777318668535000,1777318668535000,47.397859382333955,8.54590864911037,490.82336,490.8127,0.019706387,2.4830434,2.5829952,nan,2,2,0,0
1777318668543000,1777318668543000,47.39785955316996,8.545909114797178,490.82352,490.81287,0.019706387,2.4830647,2.5830135,nan,2,2,0,0
1777318668551000,1777318668551000,47.39785972319118,8.54590957979979,490.82367,490.81302,0.019706387,2.482949,2.5829184,nan,2,2,0,0
1777318668559000,1777318668559000,47.39785989338393,8.54591004503047,490.8238,490.81314,0.019706387,2.482969,2.582936,nan,2,2,0,0
1777318668567000,1777318668567000,47.397860063748226,8.54591051056524,490.82394,490.8133,0.019706387,2.4829895,2.5829537,nan,2,2,0,0
1777318668575000,1777318668575000,47.397860234301184,8.545910976429447,490.82407,490.81342,0.019706387,2.4830103,2.5829716,nan,2,2,0,0
1777318668583000,1777318668583000,47.39786040501711,8.545911442547062,490.82422,490.81357,0.019706387,2.4830313,2.5829859,nan,2,2,0,0
1777318668591000,1777318668591000,47.39786057587883,8.545911908943431,490.82437,490.81372,0.019706387,2.4830523,2.583004,nan,2,2,0,0
1777318668599000,1777318668599000,47.39786074600297,8.545912374807642,490.8245,490.81387,0.019706387,2.4829376,2.5829096,nan,2,2,0,0
1777318668607000,1777318668607000,47.39786091628147,8.545912840899923,490.82465,490.81403,0.019706387,2.4829578,2.5829272,nan,2,2,0,0
1777318668615000,1777318668615000,47.397861086714364,8.545913307245618,490.82477,490.81415,0.019706387,2.482978,2.5829449,nan,2,2,0,0
1777318668623000,1777318668623000,47.39786125729304,8.545913773920743,490.82492,490.8143,0.019706387,2.4829988,2.5829628,nan,2,2,0,0
1777318668631000,1777318668631000,47.397861428008945,8.54591424084928,490.82507,490.81445,0.019706387,2.4830196,2.5829768,nan,2,2,0,0
1777318668639000,1777318668639000,47.39786159888781,8.545914708005885,490.82523,490.8146,0.019706387,2.4830406,2.582995,nan,2,2,0,0
1777318668647000,1777318668647000,47.39786176992105,8.545915175365222,490.82538,490.81476,0.019706387,2.4830616,2.583013,nan,2,2,0,0
1777318668655000,1777318668655000,47.39786194027673,8.545915641964337,490.82553,490.81494,0.019706387,2.4829464,2.5829182,nan,2,2,0,0
1777318668663000,1777318668663000,47.39786211076107,8.54591610876618,490.82568,490.8151,0.019706387,2.4829664,2.5829358,nan,2,2,0,0
1777318668671000,1777318668671000,47.39786228138261,8.545916575846777,490.82584,490.81525,0.019706387,2.482987,2.5829535,nan,2,2,0,0
1777318668679000,1777318668679000,47.39786245214138,8.54591704315544,490.826,490.8154,0.019706387,2.4830077,2.5829678,nan,2,2,0,0
1777318668687000,1777318668687000,47.39786262306311,8.545917510692176,490.82614,490.81555,0.019706387,2.4830284,2.5829856,nan,2,2,0,0
1777318668695000,1777318668695000,47.397862794130646,8.54591797845698,490.8263,490.8157,0.019706387,2.4830494,2.5830038,nan,2,2,0,0
1777318668703000,1777318668703000,47.397862964700735,8.54591844594304,490.82645,490.8159,0.019706387,2.4829352,2.5829096,nan,2,2,0,0
1777318668711000,1777318668711000,47.3978631354252,8.545918913733189,490.8266,490.81604,0.019706387,2.4829552,2.582927,nan,2,2,0,0
1777318668719000,1777318668719000,47.397863306295456,8.54591938177675,490.82678,490.81622,0.019706387,2.4829755,2.5829446,nan,2,2,0,0
1777318668727000,1777318668727000,47.39786347730294,8.545919850099063,490.82693,490.81638,0.019706387,2.482996,2.5829587,nan,2,2,0,0
1777318668735000,1777318668735000,47.39786364845624,8.545920318725466,490.8271,490.81653,0.019706387,2.4830167,2.5829768,nan,2,2,0,0
1777318668743000,1777318668743000,47.39786381973816,8.5459207875546,490.82727,490.8167,0.019706387,2.4830377,2.5829947,nan,2,2,0,0
1777318668751000,1777318668751000,47.397863991148746,8.545921256586464,490.82742,490.81686,0.019706387,2.483059,2.583013,nan,2,2,0,0
1777318668759000,1777318668759000,47.39786416198468,8.545921724934127,490.82758,490.81702,0.019706387,2.4829438,2.582918,nan,2,2,0,0
1777318668767000,1777318668767000,47.39786433294928,8.545922193509863,490.82773,490.81717,0.019706387,2.482964,2.5829356,nan,2,2,0,0
1777318668775000,1777318668775000,47.397864504068245,8.545922662288326,490.8279,490.81735,0.019706387,2.4829843,2.5829535,nan,2,2,0,0
1777318668783000,1777318668783000,47.397864675324435,8.54592313129486,490.8281,490.81754,0.019706387,2.4830048,2.5829675,nan,2,2,0,0
1777318668791000,1777318668791000,47.39786484671785,8.545923600554804,490.82828,490.81772,0.019706387,2.4830258,2.5829854,nan,2,2,0,0
1777318668799000,1777318668799000,47.39786501823133,8.54592407001748,490.82843,490.81787,0.019706387,2.4830468,2.5830038,nan,2,2,0,0
1777318668807000,1777318668807000,47.39786518921306,8.545924539125382,490.82864,490.81818,0.019706387,2.4829328,2.5829093,nan,2,2,0,0
1777318668815000,1777318668815000,47.39786536036632,8.545925008461356,490.82883,490.81836,0.019706387,2.4829528,2.5829268,nan,2,2,0,0
1777318668823000,1777318668823000,47.39786553167395,8.545925478025401,490.829,490.81854,0.019706387,2.482973,2.5829444,nan,2,2,0,0
1777318668831000,1777318668831000,47.3978657031274,8.545925947817516,490.8292,490.81873,0.019706387,2.4829936,2.5829587,nan,2,2,0,0
1777318668839000,1777318668839000,47.39786587475236,8.545926417787019,490.8294,490.81894,0.019706387,2.483014,2.5829766,nan,2,2,0,0
1777318668847000,1777318668847000,47.39786604653171,8.545926887984592,490.82962,490.81915,0.019706387,2.483035,2.5829947,nan,2,2,0,0
1777318668855000,1777318668855000,47.39786621844828,8.545927358334216,490.8298,490.81934,0.019706387,2.483056,2.5830128,nan,2,2,0,0
1777318668863000,1777318668863000,47.3978663897216,8.545927827898275,490.83002,490.81964,0.019706387,2.4829414,2.582918,nan,2,2,0,0
1777318668871000,1777318668871000,47.397866561132155,8.545928297614383,490.8302,490.81982,0.019706387,2.4829617,2.5829353,nan,2,2,0,0
1777318668879000,1777318668879000,47.39786673267992,8.54592876753322,490.83038,490.82,0.019706387,2.482982,2.5829532,nan,2,2,0,0
1777318668887000,1777318668887000,47.39786690435634,8.545929237629444,490.8306,490.82022,0.019706387,2.4830024,2.582971,nan,2,2,0,0
1777318668895000,1777318668895000,47.397867076169966,8.545929707877718,490.83078,490.8204,0.019706387,2.4830232,2.582989,nan,2,2,0,0
1777318668903000,1777318668903000,47.397867248137985,8.545930178328723,490.831,490.82062,0.019706387,2.4830441,2.5830073,nan,2,2,0,0
1777318668911000,1777318668911000,47.39786741972006,8.545930648348936,490.8312,490.82092,0.019706387,2.4829307,2.5829127,nan,2,2,0,0
1777318668919000,1777318668919000,47.39786759143934,8.545931118622558,490.8314,490.8211,0.019706387,2.4829504,2.58293,nan,2,2,0,0
1777318668927000,1777318668927000,47.39786776327871,8.545931589124251,490.8316,490.82132,0.019706387,2.4829707,2.5829444,nan,2,2,0,0
1777318668935000,1777318668935000,47.39786793524672,8.545932059879355,490.8318,490.8215,0.019706387,2.482991,2.582962,nan,2,2,0,0
1777318668943000,1777318668943000,47.397868107351954,8.54593253086253,490.832,490.82172,0.019706387,2.4830117,2.58298,nan,2,2,0,0
1777318668951000,1777318668951000,47.397868279577246,8.545933002048432,490.83218,490.8219,0.019706387,2.4830325,2.582998,nan,2,2,0,0
1777318668959000,1777318668959000,47.397868451939765,8.545933473411726,490.8324,490.8221,0.019706387,2.4830534,2.5830164,nan,2,2,0,0
1777318668967000,1777318668967000,47.39786862368477,8.545933943964114,490.8326,490.82242,0.019706387,2.4829392,2.582921,nan,2,2,0,0
1777318668975000,1777318668975000,47.397868795567,8.545934414693892,490.8328,490.8226,0.019706387,2.4829593,2.5829387,nan,2,2,0,0
1777318668983000,1777318668983000,47.397868967586454,8.545934885575718,490.833,490.8228,0.019706387,2.4829795,2.5829527,nan,2,2,0,0
1777318668991000,1777318668991000,47.39786913973457,8.545935356609593,490.8332,490.823,0.019706387,2.483,2.5829706,nan,2,2,0,0
1777318668999000,1777318668999000,47.39786931198559,8.545935827795516,490.8334,490.8232,0.019706387,2.4830205,2.5829887,nan,2,2,0,0
1777318669007000,1777318669007000,47.39786948433094,8.545936299133485,490.83362,490.82343,0.019706387,2.4830415,2.5830069,nan,2,2,0,0
1777318669015000,1777318669015000,47.39786965621316,8.545936770142026,490.8338,490.8236,0.019706387,2.4829283,2.5829124,nan,2,2,0,0
1777318669023000,1777318669023000,47.397869828232594,8.545937241251934,490.83398,490.8238,0.019706387,2.4829483,2.5829298,nan,2,2,0,0
1777318669031000,1777318669031000,47.397870000372116,8.54593771251389,490.83417,490.82397,0.019706387,2.4829683,2.582944,nan,2,2,0,0
1777318669039000,1777318669039000,47.39787017264028,8.545938183927895,490.83435,490.82416,0.019706387,2.4829888,2.5829618,nan,2,2,0,0
1777318669047000,1777318669047000,47.39787034500279,8.545938655468605,490.83456,490.82437,0.019706387,2.4830093,2.5829797,nan,2,2,0,0
1777318669055000,1777318669055000,47.397870517468206,8.545939127161365,490.83475,490.82455,0.019706387,2.48303,2.5829978,nan,2,2,0,0
1777318669063000,1777318669063000,47.3978706900108,8.54593959898083,490.83493,490.82474,0.019706387,2.483051,2.583016,nan,2,2,0,0
1777318669071000,1777318669071000,47.39787086191873,8.545940070217458,490.83514,490.82498,0.019706387,2.482937,2.5829208,nan,2,2,0,0
1777318669079000,1777318669079000,47.39787103395532,8.545940541555455,490.83533,490.82516,0.019706387,2.482957,2.5829349,nan,2,2,0,0
1777318669087000,1777318669087000,47.39787120611197,8.5459410130455,490.8355,490.82535,0.019706387,2.4829772,2.5829525,nan,2,2,0,0
1777318669095000,1777318669095000,47.39787137840585,8.54594148466225,490.83572,490.82556,0.019706387,2.4829977,2.5829704,nan,2,2,0,0
1777318669103000,1777318669103000,47.39787155084553,8.545941956405708,490.8359,490.82574,0.019706387,2.4830184,2.5829885,nan,2,2,0,0
1777318669111000,1777318669111000,47.397871723405274,8.545942428250534,490.83612,490.82596,0.019706387,2.4830391,2.5830066,nan,2,2,0,0
1777318669119000,1777318669119000,47.39787189605936,8.545942900171385,490.8363,490.82614,0.019706387,2.4830601,2.583025,nan,2,2,0,0
1777318669127000,1777318669127000,47.39787206808735,8.545943371281332,490.83652,490.82642,0.019706387,2.4829454,2.5829256,nan,2,2,0,0
1777318669135000,1777318669135000,47.39787224023542,8.545943842543329,490.8367,490.8266,0.019706387,2.4829655,2.5829432,nan,2,2,0,0
1777318669143000,1777318669143000,47.39787241250355,8.54594431385601,490.8369,490.8268,0.019706387,2.4829857,2.5829608,nan,2,2,0,0
1777318669151000,1777318669151000,47.39787258488318,8.545944785295399,490.83713,490.82703,0.019706387,2.4830062,2.5829787,nan,2,2,0,0
1777318669159000,1777318669159000,47.39787275737431,8.545945256861495,490.8373,490.8272,0.019706387,2.483027,2.5829968,nan,2,2,0,0
1777318669167000,1777318669167000,47.39787292999407,8.545945728604979,490.83752,490.82742,0.019706387,2.483048,2.5830152,nan,2,2,0,0
1777318669175000,1777318669175000,47.3978731021936,8.54594619984165,490.8377,490.82764,0.019706387,2.482934,2.58292,nan,2,2,0,0
1777318669183000,1777318669183000,47.39787327449603,8.54594667125571,490.83792,490.82785,0.019706387,2.482954,2.5829375,nan,2,2,0,0
1777318669191000,1777318669191000,47.397873446909955,8.545947142821818,490.83813,490.82806,0.019706387,2.4829743,2.5829554,nan,2,2,0,0
1777318669199000,1777318669199000,47.39787361943537,8.545947614565314,490.83835,490.82828,0.019706387,2.4829948,2.5829732,nan,2,2,0,0
1777318669207000,1777318669207000,47.397873792063706,8.545948086384836,490.83856,490.8285,0.019706387,2.4830153,2.5829914,nan,2,2,0,0
1777318669215000,1777318669215000,47.397873964794954,8.545948558331064,490.83878,490.8287,0.019706387,2.483036,2.5830095,nan,2,2,0,0
1777318669223000,1777318669223000,47.397874137629124,8.54594903035332,490.839,490.82892,0.019706387,2.483057,2.5830278,nan,2,2,0,0
1777318669231000,1777318669231000,47.397874309888664,8.545949501513991,490.8392,490.82916,0.019706387,2.4829426,2.5829282,nan,2,2,0,0
1777318669239000,1777318669239000,47.39787448227685,8.54594997280137,490.83942,490.82938,0.019706387,2.4829626,2.5829458,nan,2,2,0,0
1777318669247000,1777318669247000,47.39787465477653,8.545950444240797,490.83963,490.8296,0.019706387,2.4829829,2.5829637,nan,2,2,0,0
1777318669255000,1777318669255000,47.39787482740485,8.545950915832272,490.83984,490.8298,0.019706387,2.4830034,2.5829816,nan,2,2,0,0
1777318669263000,1777318669263000,47.39787500015324,8.545951387626475,490.84006,490.83002,0.019706387,2.483024,2.5829997,nan,2,2,0,0
1777318669271000,1777318669271000,47.39787517302172,8.545951859598068,490.84027,490.83023,0.019706387,2.4830449,2.583018,nan,2,2,0,0
1777318669279000,1777318669279000,47.39787534538416,8.54595233086012,490.8405,490.8305,0.019706387,2.4829314,2.5829191,nan,2,2,0,0
1777318669287000,1777318669287000,47.39787551787525,8.54595280227422,490.84073,490.83072,0.019706387,2.4829514,2.5829368,nan,2,2,0,0
1777318669295000,1777318669295000,47.39787569047784,8.545953273789689,490.84094,490.83093,0.019706387,2.4829717,2.5829544,nan,2,2,0,0
1777318669303000,1777318669303000,47.39787586320907,8.545953745406523,490.8412,490.83118,0.019706387,2.482992,2.5829723,nan,2,2,0,0
1777318669311000,1777318669311000,47.397876036043215,8.545954217150065,490.8414,490.8314,0.019706387,2.4830124,2.5829902,nan,2,2,0,0
1777318669319000,1777318669319000,47.397876208980286,8.545954689045654,490.84164,490.83163,0.019706387,2.4830332,2.5830085,nan,2,2,0,0
1777318669327000,1777318669327000,47.397876381419906,8.545955160510452,490.84186,490.83188,0.019706387,2.482921,2.5829103,nan,2,2,0,0
1777318669335000,1777318669335000,47.397876553988176,8.545955632051275,490.84207,490.8321,0.019706387,2.4829407,2.5829277,nan,2,2,0,0
1777318669343000,1777318669343000,47.39787672665937,8.545956103642784,490.84232,490.83234,0.019706387,2.4829607,2.5829453,nan,2,2,0,0
1777318669351000,1777318669351000,47.39787689945919,8.54595657533566,490.84253,490.83255,0.019706387,2.482981,2.5829632,nan,2,2,0,0
1777318669359000,1777318669359000,47.3978770723791,8.545957047104562,490.84277,490.8328,0.019706387,2.4830012,2.5829813,nan,2,2,0,0
1777318669367000,1777318669367000,47.39787724542765,8.545957518924148,490.84302,490.83304,0.019706387,2.483022,2.5829992,nan,2,2,0,0
1777318669375000,1777318669375000,47.3978774185877,8.545957990819762,490.84326,490.83328,0.019706387,2.4830427,2.5830176,nan,2,2,0,0
1777318669383000,1777318669383000,47.397877591087344,8.5459584622339,490.84348,490.83344,0.019706387,2.4829297,2.5829186,nan,2,2,0,0
1777318669391000,1777318669391000,47.39787776368991,8.545958933698724,490.84372,490.83368,0.019706387,2.4829495,2.5829363,nan,2,2,0,0
1777318669399000,1777318669399000,47.397877936403965,8.545959405214232,490.84393,490.8339,0.019706387,2.4829695,2.582954,nan,2,2,0,0
1777318669407000,1777318669407000,47.39787810922094,8.545959876856447,490.84418,490.83414,0.019706387,2.4829898,2.5829718,nan,2,2,0,0
1777318669415000,1777318669415000,47.39787828214082,8.545960348524007,490.84442,490.83438,0.019706387,2.4830105,2.58299,nan,2,2,0,0
1777318669423000,1777318669423000,47.39787845516363,8.545960820292935,490.84464,490.8346,0.019706387,2.4830313,2.583008,nan,2,2,0,0
1777318669431000,1777318669431000,47.39787862769758,8.545961291884476,490.84485,490.8348,0.019706387,2.482919,2.5829098,nan,2,2,0,0
1777318669439000,1777318669439000,47.39787880033444,8.545961763552045,490.8451,490.83505,0.019706387,2.4829388,2.5829275,nan,2,2,0,0
1777318669447000,1777318669447000,47.39787897305706,8.545962235295638,490.8453,490.83527,0.019706387,2.4829588,2.582945,nan,2,2,0,0
1777318669455000,1777318669455000,47.397879145874015,8.545962707089917,490.84552,490.83548,0.019706387,2.482979,2.582963,nan,2,2,0,0
1777318669463000,1777318669463000,47.3978793187939,8.545963178909538,490.84576,490.83572,0.019706387,2.4829993,2.5829809,nan,2,2,0,0
1777318669471000,1777318669471000,47.39787949179953,8.545963650779846,490.84598,490.83594,0.019706387,2.48302,2.582999,nan,2,2,0,0
1777318669479000,1777318669479000,47.397879664916665,8.545964122700843,490.84622,490.83618,0.019706387,2.4830408,2.583017,nan,2,2,0,0
1777318669487000,1777318669487000,47.39787983762213,8.545964593912295,490.84644,490.8364,0.019706387,2.4829278,2.582922,nan,2,2,0,0
1777318669495000,1777318669495000,47.39788001041335,8.545965065174435,490.84668,490.83664,0.019706387,2.4829478,2.5829396,nan,2,2,0,0
1777318669503000,1777318669503000,47.397880183298916,8.5459655365126,490.8469,490.83685,0.019706387,2.4829679,2.5829573,nan,2,2,0,0
1777318669511000,1777318669511000,47.39788035627882,8.545966007952131,490.8471,490.83707,0.019706387,2.482988,2.5829751,nan,2,2,0,0
1777318669519000,1777318669519000,47.39788052935308,8.545966479442349,490.84735,490.8373,0.019706387,2.4830086,2.5829933,nan,2,2,0,0
1777318669527000,1777318669527000,47.39788070253024,8.54596695095791,490.84756,490.83752,0.019706387,2.4830294,2.5830076,nan,2,2,0,0
1777318669535000,1777318669535000,47.3978808753386,8.54596742204268,490.84778,490.8377,0.019706387,2.4829173,2.582913,nan,2,2,0,0
1777318669543000,1777318669543000,47.397881048249886,8.545967893178135,490.848,490.83792,0.019706387,2.482937,2.5829306,nan,2,2,0,0
1777318669551000,1777318669551000,47.397881221246934,8.545968364389616,490.8482,490.83813,0.019706387,2.4829571,2.5829482,nan,2,2,0,0
1777318669559000,1777318669559000,47.39788139432117,8.545968835651781,490.84842,490.83835,0.019706387,2.4829772,2.582966,nan,2,2,0,0
1777318669567000,1777318669567000,47.397881567481164,8.545969306989974,490.84863,490.83856,0.019706387,2.4829977,2.5829842,nan,2,2,0,0
1777318669575000,1777318669575000,47.397881740752666,8.545969778429532,490.84885,490.83878,0.019706387,2.4830182,2.583002,nan,2,2,0,0
1777318669583000,1777318669583000,47.39788191410992,8.545970249919778,490.84906,490.839,0.019706387,2.483039,2.5830166,nan,2,2,0,0
1777318669591000,1777318669591000,47.39788208692684,8.545970720675138,490.84927,490.83923,0.019706387,2.4829261,2.5829215,nan,2,2,0,0
1777318669599000,1777318669599000,47.39788225985528,8.545971191506528,490.8495,490.83945,0.019706387,2.482946,2.5829391,nan,2,2,0,0
1777318669607000,1777318669607000,47.39788243288661,8.5459716623886,490.84973,490.8397,0.019706387,2.4829662,2.5829568,nan,2,2,0,0
1777318669615000,1777318669615000,47.397882606029455,8.545972133321362,490.84995,490.8399,0.019706387,2.4829865,2.5829747,nan,2,2,0,0
1777318669623000,1777318669623000,47.39788277924948,8.545972604254125,490.85016,490.84012,0.019706387,2.4830067,2.5829928,nan,2,2,0,0
1777318669631000,1777318669631000,47.39788295252954,8.545973075212231,490.85037,490.84033,0.019706387,2.4830275,2.583007,nan,2,2,0,0
1777318669639000,1777318669639000,47.39788312520065,8.545973545764886,490.8506,490.84064,0.019706387,2.4829159,2.5829124,nan,2,2,0,0
1777318669647000,1777318669647000,47.39788329796611,8.545974016342885,490.85083,490.84088,0.019706387,2.4829354,2.58293,nan,2,2,0,0
1777318669655000,1777318669655000,47.397883470834486,8.54597448699691,490.85104,490.8411,0.019706387,2.4829555,2.5829477,nan,2,2,0,0
1777318669663000,1777318669663000,47.39788364383151,8.54597495772696,490.8513,490.84134,0.019706387,2.4829755,2.5829656,nan,2,2,0,0
1777318669671000,1777318669671000,47.397883816905725,8.545975428507697,490.8515,490.84155,0.019706387,2.482996,2.5829835,nan,2,2,0,0
1777318669679000,1777318669679000,47.397883990057124,8.545975899339119,490.8517,490.84177,0.019706387,2.4830165,2.582998,nan,2,2,0,0
1777318669687000,1777318669687000,47.397884163302855,8.545976370221224,490.85196,490.842,0.019706387,2.4830372,2.5830162,nan,2,2,0,0
1777318669695000,1777318669695000,47.397884336034,8.545976840545835,490.8522,490.84235,0.019706387,2.4829247,2.582921,nan,2,2,0,0
1777318669703000,1777318669703000,47.3978845088509,8.545977310946471,490.85245,490.8426,0.019706387,2.4829445,2.5829387,nan,2,2,0,0
1777318669711000,1777318669711000,47.39788468173643,8.545977781423133,490.85266,490.8428,0.019706387,2.4829645,2.5829563,nan,2,2,0,0
1777318669719000,1777318669719000,47.397884854733434,8.54597825195048,490.8529,490.84305,0.019706387,2.4829848,2.5829742,nan,2,2,0,0
1777318669727000,1777318669727000,47.39788502780763,8.545978722579193,490.85315,490.8433,0.019706387,2.4830053,2.5829885,nan,2,2,0,0
1777318669735000,1777318669735000,47.397885200967586,8.545979193258592,490.8534,490.84354,0.019706387,2.4830258,2.5830066,nan,2,2,0,0
1777318669743000,1777318669743000,47.397885374196164,8.545979663963335,490.85364,490.84378,0.019706387,2.4830465,2.583025,nan,2,2,0,0
1777318669751000,1777318669751000,47.39788554670431,8.545980133857173,490.85388,490.84412,0.019706387,2.4829333,2.5829291,nan,2,2,0,0
1777318669759000,1777318669759000,47.39788571931536,8.545980603776355,490.85413,490.84436,0.019706387,2.482953,2.5829468,nan,2,2,0,0
1777318669767000,1777318669767000,47.39788589204648,8.545981073771566,490.85437,490.8446,0.019706387,2.4829733,2.5829647,nan,2,2,0,0
1777318669775000,1777318669775000,47.39788606484622,8.5459815438428,490.8546,490.84485,0.019706387,2.4829936,2.5829825,nan,2,2,0,0
1777318669783000,1777318669783000,47.39788623774887,8.545982013914038,490.85486,490.8451,0.019706387,2.483014,2.5829968,nan,2,2,0,0
1777318669791000,1777318669791000,47.39788641070298,8.545982484035962,490.85513,490.84537,0.019706387,2.4830348,2.5830152,nan,2,2,0,0
1777318669799000,1777318669799000,47.39788658312535,8.545982953828455,490.85535,490.8456,0.019706387,2.4829226,2.58292,nan,2,2,0,0
1777318669807000,1777318669807000,47.39788675565063,8.545983423722316,490.8556,490.84586,0.019706387,2.4829423,2.5829375,nan,2,2,0,0
1777318669815000,1777318669815000,47.39788692826168,8.545983893692203,490.85583,490.8461,0.019706387,2.4829621,2.5829554,nan,2,2,0,0
1777318669823000,1777318669823000,47.397887100958464,8.545984363738114,490.85608,490.84634,0.019706387,2.4829824,2.5829732,nan,2,2,0,0
1777318669831000,1777318669831000,47.3978872737582,8.545984833834712,490.85632,490.8466,0.019706387,2.483003,2.5829875,nan,2,2,0,0
1777318669839000,1777318669839000,47.39788744666084,8.545985304032675,490.85657,490.84683,0.019706387,2.4830234,2.5830057,nan,2,2,0,0
1777318669847000,1777318669847000,47.397887619666385,8.545985774281322,490.8568,490.84708,0.019706387,2.4830444,2.583024,nan,2,2,0,0
1777318669855000,1777318669855000,47.39788779219166,8.54598624407384,490.85703,490.84735,0.019706387,2.4829311,2.5829282,nan,2,2,0,0
1777318669863000,1777318669863000,47.39788796487131,8.54598671391704,490.85727,490.8476,0.019706387,2.482951,2.5829458,nan,2,2,0,0
1777318669871000,1777318669871000,47.39788813765387,8.545987183861609,490.85748,490.8478,0.019706387,2.4829712,2.5829637,nan,2,2,0,0
1777318669879000,1777318669879000,47.39788831053934,8.545987653907543,490.85773,490.84805,0.019706387,2.4829915,2.582978,nan,2,2,0,0
1777318669887000,1777318669887000,47.397888483527744,8.545988124029504,490.85794,490.84827,0.019706387,2.483012,2.582996,nan,2,2,0,0
1777318669895000,1777318669895000,47.3978886566019,8.545988594252831,490.8582,490.8485,0.019706387,2.4830327,2.5830142,nan,2,2,0,0
1777318669903000,1777318669903000,47.397888829298694,8.545989064298773,490.8584,490.84872,0.019706387,2.4829204,2.5829191,nan,2,2,0,0
1777318669911000,1777318669911000,47.39788900209838,8.545989534446083,490.8586,490.84894,0.019706387,2.4829402,2.5829368,nan,2,2,0,0
1777318669919000,1777318669919000,47.39788917501815,8.545990004644079,490.85883,490.84915,0.019706387,2.4829602,2.5829544,nan,2,2,0,0
1777318669927000,1777318669927000,47.397889348023696,8.545990474842077,490.85904,490.84937,0.019706387,2.4829805,2.5829687,nan,2,2,0,0
1777318669935000,1777318669935000,47.3978895211493,8.5459909451161,490.85928,490.8496,0.019706387,2.4830008,2.5829866,nan,2,2,0,0
1777318669943000,1777318669943000,47.39788969437784,8.545991415466151,490.8595,490.84982,0.019706387,2.4830213,2.583005,nan,2,2,0,0
1777318669951000,1777318669951000,47.39788986721184,8.545991885588135,490.8597,490.85,0.019706387,2.4829102,2.5829105,nan,2,2,0,0
1777318669959000,1777318669959000,47.397890040148745,8.545992355735462,490.85992,490.85022,0.019706387,2.48293,2.582928,nan,2,2,0,0
1777318669967000,1777318669967000,47.39789021318858,8.54599282598416,490.86014,490.85043,0.019706387,2.4829497,2.5829456,nan,2,2,0,0
1777318669975000,1777318669975000,47.39789038631418,8.5459932962582,490.86035,490.85065,0.019706387,2.4829698,2.5829635,nan,2,2,0,0
1777318669983000,1777318669983000,47.397890559542695,8.545993766608264,490.86057,490.85086,0.019706387,2.48299,2.5829813,nan,2,2,0,0
1777318669991000,1777318669991000,47.397890732856986,8.545994237059697,490.86078,490.85107,0.019706387,2.4830105,2.5829995,nan,2,2,0,0
1777318669999000,1777318669999000,47.397890906257025,8.545994707587155,490.861,490.8513,0.019706387,2.4830313,2.5830178,nan,2,2,0,0
1777318670007000,1777318670007000,47.39789107915962,8.545995177734502,490.8612,490.85144,0.019706387,2.4829192,2.5829225,nan,2,2,0,0
1777318670015000,1777318670015000,47.39789125218229,8.545995647957875,490.86142,490.85165,0.019706387,2.482939,2.58294,nan,2,2,0,0
1777318670023000,1777318670023000,47.39789142530788,8.545996118257277,490.86163,490.85187,0.019706387,2.482959,2.5829577,nan,2,2,0,0
1777318670031000,1777318670031000,47.39789159851922,8.54599658865804,490.86182,490.85205,0.019706387,2.482979,2.582972,nan,2,2,0,0
1777318670039000,1777318670039000,47.3978917718335,8.54599705908415,490.86203,490.85226,0.019706387,2.4829996,2.58299,nan,2,2,0,0
1777318670047000,1777318670047000,47.397891945233525,8.545997529586288,490.8622,490.85245,0.019706387,2.48302,2.5830083,nan,2,2,0,0
1777318670055000,1777318670055000,47.397892118256195,8.54599799991104,490.86243,490.85266,0.019706387,2.482909,2.5829136,nan,2,2,0,0
1777318670063000,1777318670063000,47.39789229136461,8.545998470286476,490.8626,490.85284,0.019706387,2.4829288,2.582931,nan,2,2,0,0
1777318670071000,1777318670071000,47.39789246457595,8.545998940687257,490.8628,490.85303,0.019706387,2.4829485,2.582949,nan,2,2,0,0
1777318670079000,1777318670079000,47.39789263790736,8.545999411113382,490.863,490.85324,0.019706387,2.4829686,2.5829666,nan,2,2,0,0
1777318670087000,1777318670087000,47.39789281130738,8.545999881615534,490.8632,490.85342,0.019706387,2.4829888,2.5829847,nan,2,2,0,0
1777318670095000,1777318670095000,47.397892984793174,8.546000352193712,490.86337,490.8536,0.019706387,2.4830093,2.5830028,nan,2,2,0,0
1777318670103000,1777318670103000,47.39789315836472,8.546000822822574,490.86356,490.8538,0.019706387,2.48303,2.583021,nan,2,2,0,0
1777318670111000,1777318670111000,47.39789333143882,8.546001293350074,490.86374,490.85403,0.019706387,2.482918,2.5829256,nan,2,2,0,0
1777318670119000,1777318670119000,47.3978935045987,8.546001763953598,490.86392,490.85422,0.019706387,2.4829378,2.5829432,nan,2,2,0,0
1777318670127000,1777318670127000,47.39789367782718,8.546002234633148,490.86407,490.85437,0.019706387,2.4829578,2.5829573,nan,2,2,0,0
1777318670135000,1777318670135000,47.397893851107106,8.546002705388727,490.86426,490.85455,0.019706387,2.4829779,2.5829751,nan,2,2,0,0
1777318670143000,1777318670143000,47.39789402448997,8.546003176245668,490.86444,490.85474,0.019706387,2.4829984,2.582993,nan,2,2,0,0
1777318670151000,1777318670151000,47.39789419797574,8.546003647153297,490.86462,490.85492,0.019706387,2.4830189,2.5830114,nan,2,2,0,0
1777318670159000,1777318670159000,47.39789437153013,8.54600411813695,490.8648,490.8551,0.019706387,2.4830396,2.5830297,nan,2,2,0,0
1777318670167000,1777318670167000,47.397894544364064,8.546004588689811,490.86496,490.85526,0.019706387,2.4829268,2.5829334,nan,2,2,0,0
1777318670175000,1777318670175000,47.39789471726663,8.546005059268014,490.86514,490.85544,0.019706387,2.4829466,2.5829513,nan,2,2,0,0
1777318670183000,1777318670183000,47.3978948902721,8.546005529896904,490.86533,490.85562,0.019706387,2.4829667,2.5829654,nan,2,2,0,0
1777318670191000,1777318670191000,47.39789506338049,8.546006000576478,490.86548,490.85577,0.019706387,2.482987,2.5829833,nan,2,2,0,0
1777318670199000,1777318670199000,47.39789523657465,8.546006471306738,490.86566,490.85596,0.019706387,2.4830074,2.5830014,nan,2,2,0,0
1777318670207000,1777318670207000,47.39789540985456,8.546006942113022,490.8658,490.8561,0.019706387,2.4830282,2.5830197,nan,2,2,0,0
1777318670215000,1777318670215000,47.39789558241406,8.546007412615218,490.866,490.85635,0.019706387,2.4829164,2.5829241,nan,2,2,0,0
1777318670223000,1777318670223000,47.39789575511075,8.546007883168098,490.86618,490.85654,0.019706387,2.4829361,2.5829418,nan,2,2,0,0
1777318670231000,1777318670231000,47.39789592794469,8.546008353797005,490.86636,490.85672,0.019706387,2.482956,2.5829558,nan,2,2,0,0
1777318670239000,1777318670239000,47.397896100881546,8.546008824476594,490.86655,490.8569,0.019706387,2.4829762,2.582974,nan,2,2,0,0
1777318670247000,1777318670247000,47.39789627390416,8.546009295232212,490.86673,490.8571,0.019706387,2.4829965,2.5829918,nan,2,2,0,0
1777318670255000,1777318670255000,47.39789644702969,8.546009765987835,490.86694,490.8573,0.019706387,2.483017,2.5830102,nan,2,2,0,0
1777318670263000,1777318670263000,47.39789662022382,8.546010236819482,490.86713,490.85748,0.019706387,2.4830377,2.5830283,nan,2,2,0,0
1777318670271000,1777318670271000,47.397896792800445,8.546010707144314,490.86734,490.85788,0.019706387,2.4829252,2.5829322,nan,2,2,0,0
1777318670279000,1777318670279000,47.39789696544569,8.54601117751983,490.86755,490.8581,0.019706387,2.482945,2.5829463,nan,2,2,0,0
1777318670287000,1777318670287000,47.39789713821098,8.546011647946031,490.86777,490.8583,0.019706387,2.482965,2.5829642,nan,2,2,0,0
1777318670295000,1777318670295000,47.397897311096365,8.546012118397577,490.86795,490.8585,0.019706387,2.4829853,2.582982,nan,2,2,0,0
1777318670303000,1777318670303000,47.39789748403321,8.546012588874468,490.86816,490.8587,0.019706387,2.4830058,2.5830002,nan,2,2,0,0
1777318670311000,1777318670311000,47.3978976570901,8.546013059402044,490.86838,490.85892,0.019706387,2.4830263,2.5830185,nan,2,2,0,0
1777318670319000,1777318670319000,47.39789782958095,8.546013529701554,490.8686,490.85922,0.019706387,2.4829147,2.5829232,nan,2,2,0,0
1777318670327000,1777318670327000,47.39789800217471,8.546014000051748,490.8688,490.85944,0.019706387,2.4829345,2.582937,nan,2,2,0,0
1777318670335000,1777318670335000,47.3978981749057,8.546014470376605,490.86902,490.85965,0.019706387,2.4829543,2.582955,nan,2,2,0,0
1777318670343000,1777318670343000,47.397898347722446,8.546014940726806,490.86923,490.85986,0.019706387,2.4829745,2.5829728,nan,2,2,0,0
1777318670351000,1777318670351000,47.39789852065929,8.546015411077011,490.86945,490.86008,0.019706387,2.4829948,2.5829906,nan,2,2,0,0
1777318670359000,1777318670359000,47.39789869368186,8.546015881528584,490.86966,490.8603,0.019706387,2.4830153,2.583009,nan,2,2,0,0
1777318670367000,1777318670367000,47.39789886630993,8.546016351878794,490.86987,490.86057,0.019706387,2.4829047,2.5829144,nan,2,2,0,0
1777318670375000,1777318670375000,47.39789903905806,8.54601682227969,490.8701,490.86078,0.019706387,2.4829242,2.5829318,nan,2,2,0,0
1777318670383000,1777318670383000,47.39789921189195,8.546017292705928,490.8703,490.861,0.019706387,2.482944,2.5829458,nan,2,2,0,0
1777318670391000,1777318670391000,47.397899384811616,8.546017763132172,490.87048,490.86118,0.019706387,2.482964,2.5829637,nan,2,2,0,0
1777318670399000,1777318670399000,47.39789955779988,8.546018233558417,490.8707,490.8614,0.019706387,2.4829843,2.5829816,nan,2,2,0,0
1777318670407000,1777318670407000,47.39789973089108,8.546018703959328,490.8709,490.8616,0.019706387,2.4830048,2.5829997,nan,2,2,0,0
1777318670415000,1777318670415000,47.3978999039994,8.546019174360241,490.87112,490.86182,0.019706387,2.4830253,2.583018,nan,2,2,0,0
1777318670423000,1777318670423000,47.39790007655884,8.546019644431725,490.87134,490.86206,0.019706387,2.482914,2.5829227,nan,2,2,0,0
1777318670431000,1777318670431000,47.39790024918689,8.546020114553892,490.87155,490.86227,0.019706387,2.4829335,2.5829368,nan,2,2,0,0
1777318670439000,1777318670439000,47.39790042190071,8.546020584625383,490.87177,490.8625,0.019706387,2.4829535,2.5829544,nan,2,2,0,0
1777318670447000,1777318670447000,47.39790059468312,8.546021054696876,490.87198,490.8627,0.019706387,2.4829736,2.5829723,nan,2,2,0,0
1777318670455000,1777318670455000,47.39790076755131,8.546021524717693,490.8722,490.8629,0.019706387,2.4829938,2.5829902,nan,2,2,0,0
1777318670463000,1777318670463000,47.39790094053956,8.546021994738513,490.87238,490.8631,0.019706387,2.4830143,2.5830085,nan,2,2,0,0
1777318670471000,1777318670471000,47.39790111306469,8.54602246465797,490.8726,490.86334,0.019706387,2.482904,2.5829139,nan,2,2,0,0
1777318670479000,1777318670479000,47.397901285675566,8.54602293457743,490.8728,490.86356,0.019706387,2.4829235,2.5829277,nan,2,2,0,0
1777318670487000,1777318670487000,47.397901458355065,8.546023404446212,490.873,490.86374,0.019706387,2.4829433,2.5829453,nan,2,2,0,0
1777318670495000,1777318670495000,47.397901631086015,8.546023874264318,490.8732,490.86395,0.019706387,2.4829633,2.5829632,nan,2,2,0,0
1777318670503000,1777318670503000,47.397901803919886,8.546024343981063,490.8734,490.86417,0.019706387,2.4829834,2.5829813,nan,2,2,0,0
1777318670511000,1777318670511000,47.39790197683951,8.546024813647133,490.8736,490.86435,0.019706387,2.4830039,2.5829992,nan,2,2,0,0
1777318670519000,1777318670519000,47.39790214981061,8.546025283262523,490.8738,490.86456,0.019706387,2.4830246,2.5830176,nan,2,2,0,0
1777318670527000,1777318670527000,47.39790232231856,8.546025752573822,490.87402,490.86493,0.019706387,2.482913,2.5829186,nan,2,2,0,0
1777318670535000,1777318670535000,47.397902494877975,8.546026221885128,490.87424,490.86514,0.019706387,2.4829328,2.5829363,nan,2,2,0,0
1777318670543000,1777318670543000,47.397902667506,8.546026691145755,490.87445,490.86536,0.019706387,2.4829526,2.582954,nan,2,2,0,0
1777318670551000,1777318670551000,47.39790284021979,8.546027160355704,490.87466,490.86557,0.019706387,2.4829729,2.5829718,nan,2,2,0,0
1777318670559000,1777318670559000,47.39790301300218,8.546027629514976,490.87485,490.86575,0.019706387,2.4829931,2.58299,nan,2,2,0,0
1777318670567000,1777318670567000,47.3979031858532,8.54602809862357,490.87506,490.86597,0.019706387,2.4830136,2.583008,nan,2,2,0,0
1777318670575000,1777318670575000,47.39790335827537,8.546028567732161,490.87527,490.8663,0.019706387,2.4829032,2.5829134,nan,2,2,0,0
1777318670583000,1777318670583000,47.39790353073186,8.546029036790078,490.8755,490.86652,0.019706387,2.4829228,2.5829275,nan,2,2,0,0
1777318670591000,1777318670591000,47.3979037032398,8.546029505847995,490.8757,490.86673,0.019706387,2.4829426,2.582945,nan,2,2,0,0
1777318670599000,1777318670599000,47.397903875799194,8.546029974855237,490.87592,490.86694,0.019706387,2.4829626,2.5829628,nan,2,2,0,0
1777318670607000,1777318670607000,47.3979040484272,8.5460304438118,490.87613,490.86716,0.019706387,2.4829826,2.5829809,nan,2,2,0,0
1777318670615000,1777318670615000,47.39790422114098,8.546030912819049,490.87634,490.86737,0.019706387,2.4830031,2.582999,nan,2,2,0,0
1777318670623000,1777318670623000,47.39790439392337,8.546031381724937,490.87656,490.86758,0.019706387,2.483024,2.583017,nan,2,2,0,0
1777318670631000,1777318670631000,47.397904566294066,8.546031850529463,490.87677,490.86792,0.019706387,2.4829123,2.5829182,nan,2,2,0,0
1777318670639000,1777318670639000,47.39790473875054,8.546032319384674,490.87698,490.86813,0.019706387,2.482932,2.5829358,nan,2,2,0,0
1777318670647000,1777318670647000,47.39790491127562,8.546032788189207,490.8772,490.86835,0.019706387,2.4829519,2.5829537,nan,2,2,0,0
1777318670655000,1777318670655000,47.39790508386931,8.546033256943064,490.8774,490.86856,0.019706387,2.4829721,2.5829716,nan,2,2,0,0
1777318670663000,1777318670663000,47.39790525651446,8.54603372564624,490.87762,490.86877,0.019706387,2.4829924,2.5829895,nan,2,2,0,0
1777318670671000,1777318670671000,47.39790542919391,8.54603419434942,490.8778,490.86896,0.019706387,2.483013,2.5830078,nan,2,2,0,0
1777318670679000,1777318670679000,47.39790560194198,8.546034662951243,490.87802,490.86917,0.019706387,2.4830337,2.583026,nan,2,2,0,0
1777318670687000,1777318670687000,47.39790577400391,8.5460351314517,490.87823,490.86945,0.019706387,2.4829214,2.58293,nan,2,2,0,0
1777318670695000,1777318670695000,47.39790594616876,8.546035599850795,490.87842,490.86963,0.019706387,2.4829412,2.5829477,nan,2,2,0,0
1777318670703000,1777318670703000,47.39790611838508,8.546036068300578,490.87863,490.86984,0.019706387,2.4829612,2.5829656,nan,2,2,0,0
1777318670711000,1777318670711000,47.39790629068715,8.546036536699683,490.87885,490.87006,0.019706387,2.4829814,2.5829835,nan,2,2,0,0
1777318670719000,1777318670719000,47.397906463057836,8.546037005098793,490.87903,490.87024,0.019706387,2.4830017,2.5830016,nan,2,2,0,0
1777318670727000,1777318670727000,47.39790663549714,8.546037473447221,490.87924,490.87045,0.019706387,2.4830225,2.5830162,nan,2,2,0,0
1777318670735000,1777318670735000,47.39790680757621,8.546037941542245,490.87946,490.8708,0.019706387,2.482911,2.5829208,nan,2,2,0,0
1777318670743000,1777318670743000,47.39790697975822,8.546038409586592,490.8797,490.87103,0.019706387,2.4829307,2.5829384,nan,2,2,0,0
1777318670751000,1777318670751000,47.39790715202597,8.54603887758026,490.87994,490.87128,0.019706387,2.4829507,2.5829563,nan,2,2,0,0
1777318670759000,1777318670759000,47.39790732434519,8.54603934552325,490.88016,490.8715,0.019706387,2.4829707,2.5829742,nan,2,2,0,0
1777318670767000,1777318670767000,47.397907496750165,8.546039813415563,490.8804,490.87173,0.019706387,2.482991,2.5829923,nan,2,2,0,0
1777318670775000,1777318670775000,47.397907669240915,8.546040281206515,490.8806,490.87195,0.019706387,2.4830115,2.5830104,nan,2,2,0,0
1777318670783000,1777318670783000,47.397907841817435,8.546040748997473,490.88086,490.8722,0.019706387,2.4830322,2.583025,nan,2,2,0,0
1777318670791000,1777318670791000,47.397908014033725,8.546041216433661,490.8811,490.8726,0.019706387,2.4829202,2.582929,nan,2,2,0,0
1777318670799000,1777318670799000,47.39790818630147,8.546041683869852,490.88138,490.87286,0.019706387,2.48294,2.5829468,nan,2,2,0,0
1777318670807000,1777318670807000,47.397908358654995,8.546042151255365,490.88162,490.8731,0.019706387,2.4829597,2.5829644,nan,2,2,0,0
1777318670815000,1777318670815000,47.397908531094274,8.546042618691564,490.88187,490.87335,0.019706387,2.48298,2.5829825,nan,2,2,0,0
1777318670823000,1777318670823000,47.39790870363648,8.546043086077084,490.8821,490.8736,0.019706387,2.4830005,2.5830007,nan,2,2,0,0
1777318670831000,1777318670831000,47.397908876264445,8.54604355346261,490.8824,490.87387,0.019706387,2.483021,2.583015,nan,2,2,0,0
1777318670839000,1777318670839000,47.397909048549344,8.54604402069609,490.88263,490.8742,0.019706387,2.48291,2.5829198,nan,2,2,0,0
1777318670847000,1777318670847000,47.39790922086853,8.546044487980256,490.8829,490.87448,0.019706387,2.4829295,2.5829375,nan,2,2,0,0
1777318670855000,1777318670855000,47.397909393273494,8.546044955315107,490.88315,490.87473,0.019706387,2.4829495,2.5829551,nan,2,2,0,0
1777318670863000,1777318670863000,47.39790956576422,8.54604542259928,490.88342,490.875,0.019706387,2.4829695,2.582973,nan,2,2,0,0
1777318670871000,1777318670871000,47.397909738289265,8.546045889883457,490.88367,490.87524,0.019706387,2.4829898,2.5829911,nan,2,2,0,0
1777318670879000,1777318670879000,47.397909910900054,8.546046357167636,490.8839,490.8755,0.019706387,2.4830103,2.5830092,nan,2,2,0,0
1777318670887000,1777318670887000,47.39791008335647,8.546046824553182,490.8842,490.87592,0.019706387,2.4829001,2.5829146,nan,2,2,0,0
1777318670895000,1777318670895000,47.39791025588151,8.54604729188805,490.88446,490.8762,0.019706387,2.4829197,2.5829322,nan,2,2,0,0
1777318670903000,1777318670903000,47.39791042850945,8.546047759172238,490.88474,490.87646,0.019706387,2.4829395,2.5829499,nan,2,2,0,0
1777318670911000,1777318670911000,47.397910601206014,8.546048226456433,490.88498,490.8767,0.019706387,2.4829593,2.5829678,nan,2,2,0,0
1777318670919000,1777318670919000,47.39791077397117,8.546048693639266,490.88525,490.87698,0.019706387,2.4829795,2.5829856,nan,2,2,0,0
1777318670927000,1777318670927000,47.397910946822094,8.546049160822102,490.8855,490.87723,0.019706387,2.483,2.583,nan,2,2,0,0
1777318670935000,1777318670935000,47.397911119707345,8.546049627954265,490.88577,490.8775,0.019706387,2.4830205,2.5830183,nan,2,2,0,0
1777318670943000,1777318670943000,47.39791129224951,8.546050095086423,490.88605,490.8779,0.019706387,2.4829094,2.582923,nan,2,2,0,0
1777318670951000,1777318670951000,47.39791146484313,8.546050562167906,490.88632,490.87817,0.019706387,2.4829292,2.5829406,nan,2,2,0,0
1777318670959000,1777318670959000,47.39791163752253,8.546051029300072,490.88657,490.87842,0.019706387,2.482949,2.5829582,nan,2,2,0,0
1777318670967000,1777318670967000,47.39791181028768,8.546051496432243,490.88684,490.8787,0.019706387,2.482969,2.582976,nan,2,2,0,0
1777318670975000,1777318670975000,47.397911983121446,8.546051963463055,490.88712,490.87897,0.019706387,2.4829893,2.5829942,nan,2,2,0,0
1777318670983000,1777318670983000,47.397912155989516,8.546052430544552,490.8874,490.87924,0.019706387,2.4830098,2.5830085,nan,2,2,0,0
1777318670991000,1777318670991000,47.397912328565994,8.54605289762605,490.88766,490.87958,0.019706387,2.4828997,2.5829139,nan,2,2,0,0
1777318670999000,1777318670999000,47.39791250121106,8.546053364606188,490.8879,490.87982,0.019706387,2.4829192,2.5829315,nan,2,2,0,0
1777318671007000,1777318671007000,47.39791267392476,8.54605383163701,490.88818,490.8801,0.019706387,2.482939,2.5829492,nan,2,2,0,0
1777318671015000,1777318671015000,47.39791284670705,8.546054298617156,490.88843,490.88034,0.019706387,2.482959,2.582967,nan,2,2,0,0
1777318671023000,1777318671023000,47.3979130195408,8.546054765495942,490.8887,490.8806,0.019706387,2.482979,2.582985,nan,2,2,0,0
1777318671031000,1777318671031000,47.39791319244317,8.54605523227337,490.88898,490.8809,0.019706387,2.4829996,2.5829995,nan,2,2,0,0
1777318671039000,1777318671039000,47.3979133654313,8.546055699050799,490.88922,490.88113,0.019706387,2.48302,2.5830176,nan,2,2,0,0
1777318671047000,1777318671047000,47.397913538007764,8.546056165726865,490.8895,490.8815,0.019706387,2.482909,2.5829222,nan,2,2,0,0
1777318671055000,1777318671055000,47.39791371063567,8.546056632301573,490.88977,490.88177,0.019706387,2.4829288,2.5829399,nan,2,2,0,0
1777318671063000,1777318671063000,47.39791388329788,8.546057098825603,490.89005,490.88205,0.019706387,2.4829485,2.5829577,nan,2,2,0,0
1777318671071000,1777318671071000,47.39791405602872,8.546057565349637,490.89032,490.88232,0.019706387,2.4829686,2.5829756,nan,2,2,0,0
1777318671079000,1777318671079000,47.39791422882816,8.546058031772311,490.8906,490.8826,0.019706387,2.482989,2.5829935,nan,2,2,0,0
1777318671087000,1777318671087000,47.3979144016962,8.546058498194988,490.89087,490.88287,0.019706387,2.4830096,2.5830119,nan,2,2,0,0
1777318671095000,1777318671095000,47.397914574615704,8.546058964516309,490.89114,490.88315,0.019706387,2.4830303,2.5830302,nan,2,2,0,0
1777318671103000,1777318671103000,47.39791474693486,8.546059430584217,490.89142,490.8835,0.019706387,2.4829183,2.582934,nan,2,2,0,0
1777318671111000,1777318671111000,47.397914919322616,8.546059896601449,490.8917,490.8838,0.019706387,2.482938,2.5829515,nan,2,2,0,0
1777318671119000,1777318671119000,47.39791509179613,8.546060362618682,490.89197,490.88406,0.019706387,2.4829578,2.5829694,nan,2,2,0,0
1777318671127000,1777318671127000,47.397915264303954,8.546060828635923,490.89224,490.88434,0.019706387,2.482978,2.5829837,nan,2,2,0,0
1777318671135000,1777318671135000,47.39791543684608,8.546061294653164,490.89252,490.8846,0.019706387,2.4829986,2.5830019,nan,2,2,0,0
1777318671143000,1777318671143000,47.397915609473976,8.546061760619729,490.8928,490.8849,0.019706387,2.483019,2.58302,nan,2,2,0,0
1777318671151000,1777318671151000,47.397915781690195,8.54606222618084,490.89307,490.8852,0.019706387,2.482908,2.5829246,nan,2,2,0,0
1777318671159000,1777318671159000,47.397915953940725,8.546062691741957,490.89334,490.88547,0.019706387,2.4829278,2.5829422,nan,2,2,0,0
1777318671167000,1777318671167000,47.39791612625985,8.546063157252394,490.89362,490.88574,0.019706387,2.4829476,2.58296,nan,2,2,0,0
1777318671175000,1777318671175000,47.39791629866475,8.546063622712154,490.8939,490.88602,0.019706387,2.4829676,2.582978,nan,2,2,0,0
1777318671183000,1777318671183000,47.397916471155405,8.546064088121238,490.89413,490.88626,0.019706387,2.4829879,2.5829923,nan,2,2,0,0
1777318671191000,1777318671191000,47.397916643731826,8.546064553530323,490.89438,490.8865,0.019706387,2.4830084,2.5830104,nan,2,2,0,0
1777318671199000,1777318671199000,47.39791681598235,8.546065018838048,490.89462,490.88672,0.019706387,2.4828985,2.5829155,nan,2,2,0,0
1777318671207000,1777318671207000,47.39791698826715,8.546065484095093,490.89487,490.88696,0.019706387,2.482918,2.5829332,nan,2,2,0,0
1777318671215000,1777318671215000,47.397917160603434,8.546065949352142,490.8951,490.8872,0.019706387,2.4829376,2.5829508,nan,2,2,0,0
1777318671223000,1777318671223000,47.39791733297402,8.546066414558513,490.89536,490.88745,0.019706387,2.4829576,2.5829687,nan,2,2,0,0
1777318671231000,1777318671231000,47.397917505378906,8.546066879764888,490.8956,490.8877,0.019706387,2.4829779,2.582983,nan,2,2,0,0
1777318671239000,1777318671239000,47.39791767781809,8.546067344869904,490.8958,490.8879,0.019706387,2.4829984,2.5830011,nan,2,2,0,0
1777318671247000,1777318671247000,47.39791785029158,8.54606780992424,490.89606,490.88815,0.019706387,2.4830189,2.5830193,nan,2,2,0,0
1777318671255000,1777318671255000,47.397918022301944,8.54606827477585,490.89627,490.8883,0.019706387,2.4829078,2.582924,nan,2,2,0,0
1777318671263000,1777318671263000,47.39791819438091,8.54606873947542,490.89648,490.88852,0.019706387,2.4829276,2.5829415,nan,2,2,0,0
1777318671271000,1777318671271000,47.397918366528486,8.546069204174993,490.8967,490.88873,0.019706387,2.4829473,2.5829592,nan,2,2,0,0
1777318671279000,1777318671279000,47.39791853872752,8.546069668823888,490.89694,490.88898,0.019706387,2.4829674,2.5829735,nan,2,2,0,0
1777318671287000,1777318671287000,47.39791871096086,8.546070133371423,490.89716,490.8892,0.019706387,2.4829876,2.5829916,nan,2,2,0,0
1777318671295000,1777318671295000,47.397918883262804,8.5460705978176,490.89737,490.8894,0.019706387,2.4830081,2.5830097,nan,2,2,0,0
1777318671303000,1777318671303000,47.39791905559907,8.546071062162417,490.89758,490.88962,0.019706387,2.483029,2.583028,nan,2,2,0,0
1777318671311000,1777318671311000,47.397919227420736,8.54607152610178,490.8978,490.88983,0.019706387,2.482917,2.582932,nan,2,2,0,0
1777318671319000,1777318671319000,47.397919399293855,8.546071989939785,490.898,490.89005,0.019706387,2.4829369,2.5829496,nan,2,2,0,0
1777318671327000,1777318671327000,47.39791957123558,8.546072453727113,490.89822,490.89026,0.019706387,2.482957,2.5829637,nan,2,2,0,0
1777318671335000,1777318671335000,47.397919743211624,8.54607291746376,490.89844,490.89047,0.019706387,2.482977,2.5829818,nan,2,2,0,0
1777318671343000,1777318671343000,47.39791991525628,8.54607338114973,490.89865,490.8907,0.019706387,2.4829972,2.583,nan,2,2,0,0
1777318671351000,1777318671351000,47.39792008736953,8.546073844835705,490.89886,490.8909,0.019706387,2.483018,2.583018,nan,2,2,0,0
1777318671359000,1777318671359000,47.39792025922549,8.546074308318955,490.89908,490.89114,0.019706387,2.482907,2.5829227,nan,2,2,0,0
1777318671367000,1777318671367000,47.397920431167215,8.546074771802207,490.8993,490.89136,0.019706387,2.4829266,2.5829403,nan,2,2,0,0
1777318671375000,1777318671375000,47.39792060314324,8.546075235336147,490.8995,490.89157,0.019706387,2.4829464,2.5829582,nan,2,2,0,0
1777318671383000,1777318671383000,47.39792077515357,8.546075698819408,490.89972,490.89178,0.019706387,2.4829667,2.5829723,nan,2,2,0,0
1777318671391000,1777318671391000,47.397920947215354,8.54607616230267,490.89993,490.892,0.019706387,2.482987,2.5829904,nan,2,2,0,0
1777318671399000,1777318671399000,47.39792111932861,8.546076625735255,490.90012,490.89218,0.019706387,2.4830072,2.5830085,nan,2,2,0,0
1777318671407000,1777318671407000,47.39792129125316,8.546077089167841,490.90033,490.89246,0.019706387,2.4828973,2.5829139,nan,2,2,0,0
1777318671415000,1777318671415000,47.39792146324634,8.546077552600433,490.90054,490.89267,0.019706387,2.4829168,2.5829313,nan,2,2,0,0
1777318671423000,1777318671423000,47.39792163527382,8.546078015931664,490.90076,490.89288,0.019706387,2.4829366,2.5829492,nan,2,2,0,0
1777318671431000,1777318671431000,47.39792180731844,8.546078479262897,490.90097,490.8931,0.019706387,2.4829566,2.5829632,nan,2,2,0,0
1777318671439000,1777318671439000,47.39792197939737,8.546078942492771,490.90118,490.8933,0.019706387,2.482977,2.5829813,nan,2,2,0,0
1777318671447000,1777318671447000,47.39792215152777,8.546079405722649,490.9014,490.89352,0.019706387,2.4829972,2.5829992,nan,2,2,0,0
1777318671455000,1777318671455000,47.39792232367531,8.546079868952532,490.90158,490.8937,0.019706387,2.4830177,2.5830176,nan,2,2,0,0
1777318671463000,1777318671463000,47.3979224955484,8.54608033208105,490.9018,490.89398,0.019706387,2.4829068,2.5829222,nan,2,2,0,0
1777318671471000,1777318671471000,47.39792266749011,8.546080795209573,490.902,490.8942,0.019706387,2.4829266,2.5829399,nan,2,2,0,0
1777318671479000,1777318671479000,47.39792283948326,8.5460812583381,490.90222,490.8944,0.019706387,2.4829464,2.582954,nan,2,2,0,0
1777318671487000,1777318671487000,47.397923011459255,8.546081721415947,490.90244,490.89462,0.019706387,2.4829664,2.5829718,nan,2,2,0,0
1777318671495000,1777318671495000,47.39792318348672,8.546082184544478,490.90265,490.89484,0.019706387,2.4829867,2.58299,nan,2,2,0,0
1777318671503000,1777318671503000,47.39792335556563,8.546082647622335,490.90283,490.89502,0.019706387,2.4830072,2.583008,nan,2,2,0,0
1777318671511000,1777318671511000,47.397923527473026,8.546083110750871,490.90305,490.89526,0.019706387,2.4828973,2.5829134,nan,2,2,0,0
1777318671519000,1777318671519000,47.39792369941471,8.546083573778049,490.90326,490.89548,0.019706387,2.4829168,2.582931,nan,2,2,0,0
1777318671527000,1777318671527000,47.39792387140786,8.54608403680523,490.90347,490.8957,0.019706387,2.4829366,2.5829449,nan,2,2,0,0
1777318671535000,1777318671535000,47.39792404345247,8.546084499781733,490.90366,490.89587,0.019706387,2.4829564,2.5829628,nan,2,2,0,0
1777318671543000,1777318671543000,47.397924215548535,8.54608496275824,490.90387,490.8961,0.019706387,2.4829767,2.5829809,nan,2,2,0,0
1777318671551000,1777318671551000,47.3979243876789,8.546085425684069,490.90408,490.8963,0.019706387,2.4829972,2.5829988,nan,2,2,0,0
1777318671559000,1777318671559000,47.39792455984357,8.546085888609902,490.9043,490.8965,0.019706387,2.4830177,2.583017,nan,2,2,0,0
1777318671567000,1777318671567000,47.39792473175095,8.546086351434372,490.9045,490.89676,0.019706387,2.4829068,2.5829217,nan,2,2,0,0
1777318671575000,1777318671575000,47.397924903709765,8.546086814258846,490.9047,490.89694,0.019706387,2.4829264,2.5829394,nan,2,2,0,0
1777318671583000,1777318671583000,47.397925075685755,8.546087277083322,490.9049,490.89716,0.019706387,2.4829464,2.5829535,nan,2,2,0,0
1777318671591000,1777318671591000,47.39792524769604,8.5460877399078,490.90512,490.89737,0.019706387,2.4829664,2.5829713,nan,2,2,0,0
1777318671599000,1777318671599000,47.39792541975778,8.546088202782967,490.90533,490.89758,0.019706387,2.4829867,2.5829895,nan,2,2,0,0
1777318671607000,1777318671607000,47.39792559185384,8.546088665658134,490.90555,490.8978,0.019706387,2.4830072,2.5830076,nan,2,2,0,0
1777318671615000,1777318671615000,47.39792576355536,8.54608912843194,490.90576,490.89807,0.019706387,2.482897,2.582913,nan,2,2,0,0
1777318671623000,1777318671623000,47.397925935308336,8.546089591155065,490.906,490.89832,0.019706387,2.4829168,2.5829306,nan,2,2,0,0
1777318671631000,1777318671631000,47.39792610712993,8.546090053878196,490.90622,490.89853,0.019706387,2.4829366,2.5829446,nan,2,2,0,0
1777318671639000,1777318671639000,47.39792627900298,8.54609051660133,490.90646,490.89877,0.019706387,2.4829564,2.5829625,nan,2,2,0,0
1777318671647000,1777318671647000,47.39792645094464,8.546090979273785,490.9067,490.89902,0.019706387,2.4829767,2.5829804,nan,2,2,0,0
1777318671655000,1777318671655000,47.397926622920615,8.546091441946245,490.90692,490.89923,0.019706387,2.4829972,2.5829985,nan,2,2,0,0
1777318671663000,1777318671663000,47.397926794930875,8.546091904618708,490.90717,490.89948,0.019706387,2.4830177,2.5830166,nan,2,2,0,0
1777318671671000,1777318671671000,47.39792696639225,8.54609236698708,490.9074,490.89978,0.019706387,2.4829066,2.5829215,nan,2,2,0,0
1777318671679000,1777318671679000,47.39792713792222,8.546092829406136,490.90765,490.90002,0.019706387,2.4829264,2.5829353,nan,2,2,0,0
1777318671687000,1777318671687000,47.39792730948651,8.546093291723835,490.9079,490.90027,0.019706387,2.4829462,2.582953,nan,2,2,0,0
1777318671695000,1777318671695000,47.39792748110224,8.546093754041536,490.90814,490.9005,0.019706387,2.4829664,2.582971,nan,2,2,0,0
1777318671703000,1777318671703000,47.397927652786606,8.546094216409923,490.90836,490.90073,0.019706387,2.4829867,2.582989,nan,2,2,0,0
1777318671711000,1777318671711000,47.397927824539565,8.546094678778312,490.9086,490.90097,0.019706387,2.4830072,2.583007,nan,2,2,0,0
1777318671719000,1777318671719000,47.39792799601807,8.546095141197382,490.90884,490.90137,0.019706387,2.482897,2.5829124,nan,2,2,0,0
1777318671727000,1777318671727000,47.39792816758234,8.546095603515097,490.90912,490.90164,0.019706387,2.4829166,2.5829265,nan,2,2,0,0
1777318671735000,1777318671735000,47.39792833923239,8.546096065832813,490.90936,490.9019,0.019706387,2.4829364,2.5829442,nan,2,2,0,0
1777318671743000,1777318671743000,47.397928510968185,8.546096528201213,490.90964,490.90216,0.019706387,2.4829564,2.582962,nan,2,2,0,0
1777318671751000,1777318671751000,47.39792868277259,8.54609699056962,490.90988,490.9024,0.019706387,2.4829767,2.58298,nan,2,2,0,0
1777318671759000,1777318671759000,47.39792885462847,8.546097452938028,490.91016,490.90268,0.019706387,2.4829972,2.582998,nan,2,2,0,0
1777318671767000,1777318671767000,47.39792902657011,8.546097915407804,490.9104,490.90292,0.019706387,2.4830177,2.5830164,nan,2,2,0,0
1777318671775000,1777318671775000,47.397929198134364,8.546098377826898,490.91064,490.9032,0.019706387,2.4829066,2.582921,nan,2,2,0,0
1777318671783000,1777318671783000,47.39792936975008,8.546098840195315,490.91092,490.90347,0.019706387,2.4829264,2.582935,nan,2,2,0,0
1777318671791000,1777318671791000,47.39792954145157,8.546099302563732,490.91116,490.90372,0.019706387,2.4829462,2.5829527,nan,2,2,0,0
1777318671799000,1777318671799000,47.39792971322166,8.546099764982838,490.9114,490.90396,0.019706387,2.4829664,2.5829706,nan,2,2,0,0
1777318671807000,1777318671807000,47.39792988507752,8.546100227452627,490.91168,490.90424,0.019706387,2.4829867,2.5829887,nan,2,2,0,0
1777318671815000,1777318671815000,47.39793005700199,8.546100689973104,490.91193,490.90448,0.019706387,2.4830072,2.5830069,nan,2,2,0,0
1777318671823000,1777318671823000,47.39793022873778,8.546101152746985,490.91217,490.90482,0.019706387,2.482897,2.5829122,nan,2,2,0,0
1777318671831000,1777318671831000,47.397930400542165,8.546101615571553,490.91245,490.9051,0.019706387,2.4829166,2.5829263,nan,2,2,0,0
1777318671839000,1777318671839000,47.39793057243232,8.546102078396126,490.9127,490.90533,0.019706387,2.4829364,2.582944,nan,2,2,0,0
1777318671847000,1777318671847000,47.39793074437394,8.546102541271383,490.91296,490.9056,0.019706387,2.4829564,2.5829618,nan,2,2,0,0
1777318671855000,1777318671855000,47.39793091643562,8.546103004146646,490.9132,490.90585,0.019706387,2.4829767,2.5829797,nan,2,2,0,0
1777318671863000,1777318671863000,47.39793108856592,8.546103467021911,490.91345,490.9061,0.019706387,2.4829972,2.5829978,nan,2,2,0,0
1777318671871000,1777318671871000,47.39793126078198,8.546103929998543,490.91373,490.90637,0.019706387,2.4830177,2.583016,nan,2,2,0,0
1777318671879000,1777318671879000,47.39793143267213,8.54610439282313,490.91397,490.90668,0.019706387,2.4829066,2.5829172,nan,2,2,0,0
1777318671887000,1777318671887000,47.397931604665196,8.546104855698403,490.9142,490.90692,0.019706387,2.4829264,2.5829349,nan,2,2,0,0
1777318671895000,1777318671895000,47.39793177670971,8.546105318675043,490.91446,490.90717,0.019706387,2.4829462,2.5829525,nan,2,2,0,0
1777318671903000,1777318671903000,47.39793194883999,8.546105781651686,490.9147,490.9074,0.019706387,2.4829664,2.5829704,nan,2,2,0,0
1777318671911000,1777318671911000,47.397932121056044,8.546106244628334,490.91495,490.90765,0.019706387,2.4829867,2.5829885,nan,2,2,0,0
1777318671919000,1777318671919000,47.39793229334071,8.546106707604983,490.9152,490.9079,0.019706387,2.4830072,2.5830066,nan,2,2,0,0
1777318671927000,1777318671927000,47.39793246569398,8.546107170581637,490.91544,490.90814,0.019706387,2.483028,2.5830212,nan,2,2,0,0
1777318671935000,1777318671935000,47.39793263765273,8.546107633102158,490.91568,490.9085,0.019706387,2.4829159,2.5829256,nan,2,2,0,0
1777318671943000,1777318671943000,47.39793280964578,8.546108095673363,490.91595,490.90878,0.019706387,2.4829357,2.5829432,nan,2,2,0,0
1777318671951000,1777318671951000,47.39793298172459,8.546108558244573,490.9162,490.90903,0.019706387,2.4829557,2.5829608,nan,2,2,0,0
1777318671959000,1777318671959000,47.39793315388917,8.546109020866469,490.91644,490.90927,0.019706387,2.482976,2.5829787,nan,2,2,0,0
1777318671967000,1777318671967000,47.39793332613952,8.546109483589728,490.91672,490.90955,0.019706387,2.4829962,2.5829968,nan,2,2,0,0
1777318671975000,1777318671975000,47.39793349852709,8.546109946312995,490.91696,490.9098,0.019706387,2.483017,2.5830152,nan,2,2,0,0
1777318671983000,1777318671983000,47.3979336705716,8.546110408782852,490.9172,490.91016,0.019706387,2.4829059,2.58292,nan,2,2,0,0
1777318671991000,1777318671991000,47.39793384270186,8.546110871303396,490.91748,490.91043,0.019706387,2.4829257,2.5829375,nan,2,2,0,0
1777318671999000,1777318671999000,47.39793401490073,8.546111333823943,490.91776,490.9107,0.019706387,2.4829454,2.5829554,nan,2,2,0,0
1777318672007000,1777318672007000,47.397934187151066,8.546111796395175,490.918,490.91095,0.019706387,2.4829657,2.5829732,nan,2,2,0,0
1777318672015000,1777318672015000,47.397934359470014,8.546112259067774,490.91824,490.9112,0.019706387,2.482986,2.5829914,nan,2,2,0,0
1777318672023000,1777318672023000,47.39793453184042,8.546112721740377,490.9185,490.91144,0.019706387,2.4830065,2.5830095,nan,2,2,0,0
1777318672031000,1777318672031000,47.39793470427943,8.546113184463664,490.91876,490.9117,0.019706387,2.4830272,2.583024,nan,2,2,0,0
1777318672039000,1777318672039000,47.39793487632392,8.54611364683218,490.91904,490.91214,0.019706387,2.4829154,2.5829282,nan,2,2,0,0
1777318672047000,1777318672047000,47.397935048419875,8.5461141092007,490.91928,490.91238,0.019706387,2.4829352,2.5829458,nan,2,2,0,0
1777318672055000,1777318672055000,47.397935220567284,8.546114571518542,490.91956,490.91266,0.019706387,2.482955,2.5829637,nan,2,2,0,0
1777318672063000,1777318672063000,47.397935392766136,8.546115033988432,490.9198,490.9129,0.019706387,2.4829752,2.5829816,nan,2,2,0,0
1777318672071000,1777318672071000,47.39793556501646,8.546115496458325,490.92007,490.91318,0.019706387,2.4829957,2.5829997,nan,2,2,0,0
1777318672079000,1777318672079000,47.39793573736971,8.546115958978906,490.92032,490.91342,0.019706387,2.4830163,2.5830142,nan,2,2,0,0
1777318672087000,1777318672087000,47.39793590937987,8.5461164214488,490.9206,490.9138,0.019706387,2.4829054,2.5829191,nan,2,2,0,0
1777318672095000,1777318672095000,47.397936081407195,8.546116883969383,490.92084,490.91403,0.019706387,2.4829252,2.5829368,nan,2,2,0,0
1777318672103000,1777318672103000,47.39793625348599,8.54611734648997,490.92108,490.91428,0.019706387,2.482945,2.5829544,nan,2,2,0,0
1777318672111000,1777318672111000,47.39793642563337,8.546117809061238,490.92133,490.91452,0.019706387,2.482965,2.5829723,nan,2,2,0,0
1777318672119000,1777318672119000,47.39793659781507,8.546118271632512,490.92157,490.91476,0.019706387,2.4829853,2.5829902,nan,2,2,0,0
1777318672127000,1777318672127000,47.39793677003107,8.546118734203791,490.9218,490.915,0.019706387,2.4830058,2.5830047,nan,2,2,0,0
1777318672135000,1777318672135000,47.397936942264224,8.546119196825751,490.92206,490.91525,0.019706387,2.4830265,2.5830228,nan,2,2,0,0
1777318672143000,1777318672143000,47.39793711415431,8.546119659194305,490.92227,490.91553,0.019706387,2.4829147,2.5829272,nan,2,2,0,0
1777318672151000,1777318672151000,47.397937286113006,8.546120121562863,490.92252,490.91577,0.019706387,2.4829345,2.5829449,nan,2,2,0,0
1777318672159000,1777318672159000,47.39793745812317,8.546120583982107,490.92273,490.916,0.019706387,2.4829545,2.5829628,nan,2,2,0,0
1777318672167000,1777318672167000,47.397937630184785,8.546121046401352,490.92297,490.91623,0.019706387,2.4829745,2.5829806,nan,2,2,0,0
1777318672175000,1777318672175000,47.397937802280694,8.546121508820603,490.9232,490.91644,0.019706387,2.482995,2.5829988,nan,2,2,0,0
1777318672183000,1777318672183000,47.39793797439377,8.546121971290535,490.92343,490.9167,0.019706387,2.4830155,2.583013,nan,2,2,0,0
1777318672191000,1777318672191000,47.397938146301,8.54612243370979,490.92365,490.917,0.019706387,2.482905,2.5829182,nan,2,2,0,0
1777318672199000,1777318672199000,47.39793831827684,8.54612289617973,490.9239,490.91724,0.019706387,2.4829245,2.5829358,nan,2,2,0,0
1777318672207000,1777318672207000,47.39793849030413,8.546123358649671,490.92413,490.91748,0.019706387,2.4829445,2.5829535,nan,2,2,0,0
1777318672215000,1777318672215000,47.397938662400044,8.5461238211703,490.92435,490.9177,0.019706387,2.4829645,2.5829713,nan,2,2,0,0
1777318672223000,1777318672223000,47.39793883454742,8.546124283690931,490.9246,490.91794,0.019706387,2.4829848,2.5829895,nan,2,2,0,0
1777318672231000,1777318672231000,47.39793900674624,8.546124746262247,490.9248,490.91815,0.019706387,2.4830053,2.5830038,nan,2,2,0,0
1777318672239000,1777318672239000,47.39793917872206,8.546125208985607,490.92505,490.91852,0.019706387,2.4828954,2.5829093,nan,2,2,0,0
1777318672247000,1777318672247000,47.39793935074935,8.546125671759656,490.9253,490.91876,0.019706387,2.482915,2.582927,nan,2,2,0,0
1777318672255000,1777318672255000,47.39793952284525,8.546126134635069,490.9255,490.91898,0.019706387,2.4829347,2.5829446,nan,2,2,0,0
1777318672263000,1777318672263000,47.39793969502691,8.546126597561168,490.92572,490.9192,0.019706387,2.4829547,2.5829625,nan,2,2,0,0
1777318672271000,1777318672271000,47.39793986724287,8.54612706053795,490.92596,490.91943,0.019706387,2.4829748,2.5829804,nan,2,2,0,0
1777318672279000,1777318672279000,47.39794003952745,8.546127523565419,490.92618,490.91965,0.019706387,2.4829953,2.5829947,nan,2,2,0,0
1777318672287000,1777318672287000,47.397940211863485,8.54612798659289,490.9264,490.91986,0.019706387,2.4830158,2.583013,nan,2,2,0,0
1777318672295000,1777318672295000,47.39794038390792,8.546128449519,490.9266,490.9201,0.019706387,2.482905,2.582918,nan,2,2,0,0
1777318672303000,1777318672303000,47.3979405560038,8.546128912546475,490.92682,490.92032,0.019706387,2.4829247,2.5829356,nan,2,2,0,0
1777318672311000,1777318672311000,47.3979407281683,8.546129375624636,490.927,490.9205,0.019706387,2.4829445,2.5829532,nan,2,2,0,0
1777318672319000,1777318672319000,47.39794090041856,8.546129838702798,490.92722,490.92072,0.019706387,2.4829648,2.582971,nan,2,2,0,0
1777318672327000,1777318672327000,47.39794107272028,8.54613030188233,490.9274,490.9209,0.019706387,2.482985,2.5829854,nan,2,2,0,0
1777318672335000,1777318672335000,47.397941245073454,8.546130765112546,490.9276,490.9211,0.019706387,2.4830055,2.5830035,nan,2,2,0,0
1777318672343000,1777318672343000,47.397941417478094,8.546131228393447,490.9278,490.9213,0.019706387,2.483026,2.5830219,nan,2,2,0,0
1777318672351000,1777318672351000,47.39794158945388,8.546131691674347,490.92798,490.92154,0.019706387,2.4829144,2.5829263,nan,2,2,0,0
1777318672359000,1777318672359000,47.39794176148115,8.54613215490457,490.92816,490.92172,0.019706387,2.482934,2.582944,nan,2,2,0,0
1777318672367000,1777318672367000,47.39794193357702,8.546132618185476,490.92834,490.9219,0.019706387,2.482954,2.5829616,nan,2,2,0,0
1777318672375000,1777318672375000,47.397942105758645,8.546133081517068,490.92853,490.9221,0.019706387,2.4829743,2.5829797,nan,2,2,0,0
1777318672383000,1777318672383000,47.39794227799173,8.546133544848665,490.9287,490.92227,0.019706387,2.4829948,2.582994,nan,2,2,0,0
1777318672391000,1777318672391000,47.39794245025913,8.546134008180264,490.9289,490.92245,0.019706387,2.4830153,2.583012,nan,2,2,0,0
1777318672399000,1777318672399000,47.39794262237215,8.546134471613227,490.9291,490.92282,0.019706387,2.4829044,2.5829172,nan,2,2,0,0
1777318672407000,1777318672407000,47.397942794536625,8.546134935096875,490.92932,490.92303,0.019706387,2.4829242,2.5829349,nan,2,2,0,0
1777318672415000,1777318672415000,47.397942966752545,8.546135398479164,490.9295,490.92322,0.019706387,2.482944,2.5829525,nan,2,2,0,0
1777318672423000,1777318672423000,47.397943139037096,8.546135861810775,490.9297,490.9234,0.019706387,2.482964,2.5829704,nan,2,2,0,0
1777318672431000,1777318672431000,47.39794331137309,8.546136325091709,490.92987,490.92358,0.019706387,2.4829845,2.5829847,nan,2,2,0,0
1777318672439000,1777318672439000,47.39794348376055,8.546136788474008,490.93008,490.9238,0.019706387,2.4830048,2.5830028,nan,2,2,0,0
1777318672447000,1777318672447000,47.39794365606223,8.546137252008357,490.93027,490.92407,0.019706387,2.482895,2.5829084,nan,2,2,0,0
1777318672455000,1777318672455000,47.39794382843254,8.546137715492026,490.93048,490.9243,0.019706387,2.4829144,2.582926,nan,2,2,0,0
1777318672463000,1777318672463000,47.39794400087145,8.54613817902638,490.93066,490.92447,0.019706387,2.4829342,2.5829437,nan,2,2,0,0
1777318672471000,1777318672471000,47.397944173361815,8.546138642611417,490.93085,490.92465,0.019706387,2.4829543,2.5829616,nan,2,2,0,0
1777318672479000,1777318672479000,47.39794434588648,8.54613910619646,490.93103,490.92484,0.019706387,2.4829745,2.5829756,nan,2,2,0,0
1777318672487000,1777318672487000,47.397944518462616,8.546139569832189,490.9312,490.92502,0.019706387,2.4829948,2.5829937,nan,2,2,0,0
1777318672495000,1777318672495000,47.397944691090196,8.54614003346792,490.9314,490.9252,0.019706387,2.4830155,2.5830119,nan,2,2,0,0
1777318672503000,1777318672503000,47.39794486354625,8.546140496951608,490.9316,490.92557,0.019706387,2.4829047,2.582917,nan,2,2,0,0
1777318672511000,1777318672511000,47.397945036088075,8.546140960485982,490.9318,490.92575,0.019706387,2.4829242,2.5829346,nan,2,2,0,0
1777318672519000,1777318672519000,47.39794520868135,8.54614142407104,490.93198,490.92593,0.019706387,2.4829443,2.5829523,nan,2,2,0,0
1777318672527000,1777318672527000,47.39794538136039,8.546141887706783,490.9322,490.92615,0.019706387,2.4829643,2.5829666,nan,2,2,0,0
1777318672535000,1777318672535000,47.39794555409089,8.546142351393213,490.93237,490.92633,0.019706387,2.4829845,2.5829844,nan,2,2,0,0
1777318672543000,1777318672543000,47.397945726872834,8.546142815130326,490.93256,490.9265,0.019706387,2.4830053,2.5830026,nan,2,2,0,0
1777318672551000,1777318672551000,47.397945899689105,8.546143278867444,490.93274,490.9267,0.019706387,2.4830258,2.583021,nan,2,2,0,0
1777318672559000,1777318672559000,47.39794607226522,8.546143742351154,490.93295,490.92706,0.019706387,2.482914,2.5829253,nan,2,2,0,0
1777318672567000,1777318672567000,47.39794624490994,8.54614420583487,490.93317,490.92728,0.019706387,2.4829338,2.582943,nan,2,2,0,0
1777318672575000,1777318672575000,47.39794641760612,8.546144669318586,490.93338,490.9275,0.019706387,2.4829538,2.5829608,nan,2,2,0,0
1777318672583000,1777318672583000,47.39794659031945,8.54614513290367,490.9336,490.9277,0.019706387,2.482974,2.5829751,nan,2,2,0,0
1777318672591000,1777318672591000,47.3979467630671,8.546145596539438,490.93378,490.9279,0.019706387,2.4829943,2.582993,nan,2,2,0,0
1777318672599000,1777318672599000,47.39794693588333,8.54614606017521,490.934,490.9281,0.019706387,2.483015,2.5830114,nan,2,2,0,0
1777318672607000,1777318672607000,47.397947108459434,8.546146523810984,490.9342,490.92844,0.019706387,2.4829042,2.5829165,nan,2,2,0,0
1777318672615000,1777318672615000,47.39794728112131,8.546146987497442,490.93442,490.92865,0.019706387,2.4829237,2.582934,nan,2,2,0,0
1777318672623000,1777318672623000,47.39794745383463,8.546147451183906,490.93463,490.92886,0.019706387,2.4829438,2.5829518,nan,2,2,0,0
1777318672631000,1777318672631000,47.397947626633716,8.546147914870371,490.93484,490.92908,0.019706387,2.4829638,2.5829659,nan,2,2,0,0
1777318672639000,1777318672639000,47.39794779950142,8.546148378658204,490.93506,490.9293,0.019706387,2.482984,2.582984,nan,2,2,0,0
1777318672647000,1777318672647000,47.39794797242057,8.546148842496722,490.93527,490.9295,0.019706387,2.4830048,2.583002,nan,2,2,0,0
1777318672655000,1777318672655000,47.39794814542549,8.546149306335243,490.9355,490.92972,0.019706387,2.4830253,2.5830202,nan,2,2,0,0
1777318672663000,1777318672663000,47.39794831817311,8.54614976997104,490.9357,490.93002,0.019706387,2.4829135,2.5829248,nan,2,2,0,0
1777318672671000,1777318672671000,47.397948491006495,8.546150233606838,490.9359,490.93024,0.019706387,2.4829333,2.5829425,nan,2,2,0,0
1777318672679000,1777318672679000,47.39794866390849,8.546150697293324,490.93613,490.93045,0.019706387,2.4829533,2.5829566,nan,2,2,0,0
1777318672687000,1777318672687000,47.397948836861936,8.546151160979813,490.93634,490.93066,0.019706387,2.4829736,2.5829744,nan,2,2,0,0
1777318672695000,1777318672695000,47.39794900986686,8.54615162481835,490.93655,490.93088,0.019706387,2.4829938,2.5829926,nan,2,2,0,0
1777318672703000,1777318672703000,47.39794918290607,8.54615208865689,490.93677,490.9311,0.019706387,2.4830146,2.5830107,nan,2,2,0,0
1777318672711000,1777318672711000,47.397949355739435,8.54615255244475,490.937,490.93146,0.019706387,2.4829037,2.5829158,nan,2,2,0,0
1777318672719000,1777318672719000,47.39794952862428,8.546153016283295,490.93723,490.93167,0.019706387,2.4829235,2.5829334,nan,2,2,0,0
1777318672727000,1777318672727000,47.39794970154341,8.546153480223206,490.93744,490.9319,0.019706387,2.4829433,2.5829475,nan,2,2,0,0
1777318672735000,1777318672735000,47.397949874514,8.54615394416312,490.93765,490.9321,0.019706387,2.4829633,2.5829654,nan,2,2,0,0
1777318672743000,1777318672743000,47.39795004755321,8.546154408204403,490.93787,490.9323,0.019706387,2.4829836,2.5829833,nan,2,2,0,0
1777318672751000,1777318672751000,47.39795022067818,8.546154872347051,490.93808,490.93253,0.019706387,2.483004,2.5830014,nan,2,2,0,0
1777318672759000,1777318672759000,47.39795039356299,8.546155336692426,490.9383,490.9328,0.019706387,2.4828944,2.5829072,nan,2,2,0,0
1777318672767000,1777318672767000,47.39795056649927,8.546155801088483,490.9385,490.933,0.019706387,2.482914,2.5829248,nan,2,2,0,0
1777318672775000,1777318672775000,47.39795073950417,8.54615626553523,490.93875,490.93326,0.019706387,2.4829338,2.5829425,nan,2,2,0,0
1777318672783000,1777318672783000,47.39795091257766,8.546156730032658,490.93896,490.93347,0.019706387,2.4829538,2.5829604,nan,2,2,0,0
1777318672791000,1777318672791000,47.397951085719775,8.546157194580775,490.93918,490.9337,0.019706387,2.4829738,2.5829782,nan,2,2,0,0
1777318672799000,1777318672799000,47.39795125894764,8.546157659179574,490.9394,490.9339,0.019706387,2.4829943,2.5829964,nan,2,2,0,0
1777318672807000,1777318672807000,47.39795143224413,8.54615812377838,490.93958,490.93408,0.019706387,2.4830148,2.5830145,nan,2,2,0,0
1777318672815000,1777318672815000,47.39795160518039,8.546158588529229,490.93982,490.93445,0.019706387,2.482904,2.5829194,nan,2,2,0,0
1777318672823000,1777318672823000,47.39795177821958,8.54615905328008,490.94003,490.93466,0.019706387,2.4829237,2.582937,nan,2,2,0,0
1777318672831000,1777318672831000,47.397951951327364,8.546159518030937,490.94025,490.93488,0.019706387,2.4829435,2.582951,nan,2,2,0,0
1777318672839000,1777318672839000,47.39795212453807,8.54615998283248,490.94046,490.9351,0.019706387,2.4829638,2.582969,nan,2,2,0,0
1777318672847000,1777318672847000,47.39795229783455,8.546160447684706,490.94067,490.9353,0.019706387,2.482984,2.582987,nan,2,2,0,0
1777318672855000,1777318672855000,47.39795247119963,8.546160912587618,490.9409,490.93552,0.019706387,2.4830046,2.583005,nan,2,2,0,0
1777318672863000,1777318672863000,47.397952644273104,8.546161377743939,490.94113,490.93585,0.019706387,2.4828947,2.5829105,nan,2,2,0,0
1777318672871000,1777318672871000,47.39795281741521,8.546161842950942,490.94135,490.93607,0.019706387,2.4829142,2.5829282,nan,2,2,0,0
1777318672879000,1777318672879000,47.397952990608744,8.546162308208633,490.94156,490.93628,0.019706387,2.482934,2.5829422,nan,2,2,0,0
1777318672887000,1777318672887000,47.397953163870895,8.546162773466326,490.94177,490.9365,0.019706387,2.482954,2.58296,nan,2,2,0,0
1777318672895000,1777318672895000,47.39795333720166,8.546163238774707,490.942,490.9367,0.019706387,2.482974,2.582978,nan,2,2,0,0
1777318672903000,1777318672903000,47.397953510618194,8.54616370413377,490.9422,490.93692,0.019706387,2.4829946,2.5829961,nan,2,2,0,0
1777318672911000,1777318672911000,47.39795368412049,8.546164169594201,490.94238,490.9371,0.019706387,2.4830153,2.5830142,nan,2,2,0,0
1777318672919000,1777318672919000,47.39795385736548,8.546164635155996,490.9426,490.93738,0.019706387,2.4829044,2.5829191,nan,2,2,0,0
1777318672927000,1777318672927000,47.397954030661936,8.546165100717793,490.94284,490.93762,0.019706387,2.482924,2.5829332,nan,2,2,0,0
1777318672935000,1777318672935000,47.39795420400985,8.546165566330279,490.94305,490.93784,0.019706387,2.482944,2.5829508,nan,2,2,0,0
1777318672943000,1777318672943000,47.39795437742636,8.546166031993446,490.94327,490.93805,0.019706387,2.482964,2.5829687,nan,2,2,0,0
1777318672951000,1777318672951000,47.39795455091149,8.546166497656618,490.94348,490.93826,0.019706387,2.4829843,2.5829868,nan,2,2,0,0
1777318672959000,1777318672959000,47.39795472444808,8.546166963319795,490.9437,490.93848,0.019706387,2.4830048,2.583005,nan,2,2,0,0
1777318672967000,1777318672967000,47.39795489765876,8.54616742928706,490.9439,490.93878,0.019706387,2.482895,2.5829105,nan,2,2,0,0
1777318672975000,1777318672975000,47.39795507092088,8.54616789530501,490.94415,490.93903,0.019706387,2.4829144,2.582928,nan,2,2,0,0
1777318672983000,1777318672983000,47.397955244268786,8.546168361373644,490.94437,490.93924,0.019706387,2.4829342,2.582942,nan,2,2,0,0
1777318672991000,1777318672991000,47.39795541770244,8.546168827543646,490.94458,490.93945,0.019706387,2.4829543,2.58296,nan,2,2,0,0
1777318672999000,1777318672999000,47.397955591187554,8.546169293764333,490.9448,490.93967,0.019706387,2.4829745,2.5829778,nan,2,2,0,0
1777318673007000,1777318673007000,47.39795576474127,8.546169760035704,490.945,490.93988,0.019706387,2.4829948,2.582996,nan,2,2,0,0
1777318673015000,1777318673015000,47.39795593834647,8.54617022630708,490.94522,490.9401,0.019706387,2.4830155,2.583014,nan,2,2,0,0
1777318673023000,1777318673023000,47.397956111797264,8.546170692578457,490.94543,490.94046,0.019706387,2.4829047,2.5829191,nan,2,2,0,0
1777318673031000,1777318673031000,47.397956285299536,8.54617115890052,490.94568,490.9407,0.019706387,2.4829242,2.582933,nan,2,2,0,0
1777318673039000,1777318673039000,47.39795645881895,8.546171625273267,490.9459,490.94092,0.019706387,2.4829443,2.5829508,nan,2,2,0,0
1777318673047000,1777318673047000,47.39795663238982,8.546172091646017,490.9461,490.94113,0.019706387,2.4829643,2.5829685,nan,2,2,0,0
1777318673055000,1777318673055000,47.39795680596069,8.546172558018771,490.94635,490.94138,0.019706387,2.4829845,2.5829866,nan,2,2,0,0
1777318673063000,1777318673063000,47.397956979583014,8.54617302444221,490.94656,490.9416,0.019706387,2.4830053,2.5830047,nan,2,2,0,0
1777318673071000,1777318673071000,47.39795715308526,8.546173491068377,490.94678,490.94186,0.019706387,2.4828951,2.5829103,nan,2,2,0,0
1777318673079000,1777318673079000,47.397957326656126,8.54617395779591,490.947,490.94208,0.019706387,2.482915,2.5829244,nan,2,2,0,0
1777318673087000,1777318673087000,47.397957500278444,8.546174424472765,490.9472,490.9423,0.019706387,2.4829347,2.582942,nan,2,2,0,0
1777318673095000,1777318673095000,47.39795767395221,8.546174891149624,490.94742,490.9425,0.019706387,2.4829545,2.5829597,nan,2,2,0,0
1777318673103000,1777318673103000,47.3979578476603,8.546175357826487,490.94763,490.94272,0.019706387,2.4829748,2.5829778,nan,2,2,0,0
1777318673111000,1777318673111000,47.39795802138553,8.546175824503353,490.94785,490.94293,0.019706387,2.4829953,2.582996,nan,2,2,0,0
1777318673119000,1777318673119000,47.39795819516221,8.546176291180222,490.94806,490.94315,0.019706387,2.483016,2.583014,nan,2,2,0,0
1777318673127000,1777318673127000,47.39795836871592,8.54617675780641,490.94827,490.94345,0.019706387,2.482905,2.5829153,nan,2,2,0,0
1777318673135000,1777318673135000,47.39795854232107,8.546177224432602,490.94846,490.94363,0.019706387,2.4829247,2.582933,nan,2,2,0,0
1777318673143000,1777318673143000,47.397958715943375,8.5461776910588,490.94867,490.94385,0.019706387,2.4829445,2.5829506,nan,2,2,0,0
1777318673151000,1777318673151000,47.39795888959999,8.546178157583634,490.94888,490.94406,0.019706387,2.4829648,2.5829685,nan,2,2,0,0
1777318673159000,1777318673159000,47.397959063273746,8.546178624108473,490.94907,490.94424,0.019706387,2.482985,2.5829866,nan,2,2,0,0
1777318673167000,1777318673167000,47.39795923696467,8.546179090582635,490.94928,490.94446,0.019706387,2.4830055,2.5830047,nan,2,2,0,0
1777318673175000,1777318673175000,47.39795941046689,8.546179557360887,490.9495,490.94476,0.019706387,2.4828954,2.5829103,nan,2,2,0,0
1777318673183000,1777318673183000,47.39795958396911,8.546180024037776,490.9497,490.94498,0.019706387,2.4829152,2.5829241,nan,2,2,0,0
1777318673191000,1777318673191000,47.39795975752279,8.546180490663989,490.94992,490.9452,0.019706387,2.482935,2.582942,nan,2,2,0,0
1777318673199000,1777318673199000,47.39795993109363,8.546180957188843,490.95013,490.9454,0.019706387,2.4829547,2.5829597,nan,2,2,0,0
1777318673207000,1777318673207000,47.397960104647304,8.546181423663018,490.95035,490.94562,0.019706387,2.482975,2.5829775,nan,2,2,0,0
1777318673215000,1777318673215000,47.39796027821813,8.546181890035832,490.95053,490.9458,0.019706387,2.4829955,2.5829957,nan,2,2,0,0
1777318673223000,1777318673223000,47.397960451788975,8.546182356307288,490.95074,490.946,0.019706387,2.4830163,2.583014,nan,2,2,0,0
1777318673231000,1777318673231000,47.39796062501672,8.546182822730788,490.95093,490.9462,0.019706387,2.4829051,2.5829153,nan,2,2,0,0
1777318673239000,1777318673239000,47.39796079826165,8.54618328910361,490.95114,490.9464,0.019706387,2.482925,2.582933,nan,2,2,0,0
1777318673247000,1777318673247000,47.39796097152371,8.546183755273706,490.95132,490.9466,0.019706387,2.482945,2.5829506,nan,2,2,0,0
1777318673255000,1777318673255000,47.39796114478576,8.546184221393126,490.9515,490.94678,0.019706387,2.482965,2.5829685,nan,2,2,0,0
1777318673263000,1777318673263000,47.397961318064986,8.546184687411186,490.95172,490.947,0.019706387,2.4829853,2.5829866,nan,2,2,0,0
1777318673271000,1777318673271000,47.39796149132705,8.546185153327887,490.9519,490.94717,0.019706387,2.4830058,2.5830045,nan,2,2,0,0
1777318673279000,1777318673279000,47.3979616645548,8.546185619650041,490.9521,490.94736,0.019706387,2.4828956,2.5829067,nan,2,2,0,0
1777318673287000,1777318673287000,47.397961837799706,8.546186085921518,490.95227,490.94754,0.019706387,2.4829154,2.5829241,nan,2,2,0,0
1777318673295000,1777318673295000,47.39796201104462,8.546186552091633,490.95242,490.9477,0.019706387,2.4829352,2.5829418,nan,2,2,0,0
1777318673303000,1777318673303000,47.39796218427235,8.54618701816039,490.9526,490.94788,0.019706387,2.4829552,2.5829597,nan,2,2,0,0
1777318673311000,1777318673311000,47.39796235750009,8.546187484178468,490.95276,490.94803,0.019706387,2.4829755,2.5829775,nan,2,2,0,0
1777318673319000,1777318673319000,47.397962530745005,8.546187950095186,490.95294,490.9482,0.019706387,2.4829957,2.5829957,nan,2,2,0,0
1777318673327000,1777318673327000,47.39796270400705,8.546188415961225,490.9531,490.94836,0.019706387,2.4830165,2.5830102,nan,2,2,0,0
1777318673335000,1777318673335000,47.3979628770461,8.546188882232718,490.95328,490.9486,0.019706387,2.4829054,2.5829153,nan,2,2,0,0
1777318673343000,1777318673343000,47.39796305015376,8.546189348402851,490.95343,490.94876,0.019706387,2.4829252,2.582933,nan,2,2,0,0
1777318673351000,1777318673351000,47.39796322324428,8.546189814522306,490.9536,490.94894,0.019706387,2.4829452,2.5829506,nan,2,2,0,0
1777318673359000,1777318673359000,47.39796339633479,8.546190280591082,490.95377,490.9491,0.019706387,2.4829652,2.5829685,nan,2,2,0,0
1777318673367000,1777318673367000,47.3979635694253,8.546190746609179,490.95395,490.94928,0.019706387,2.4829855,2.5829866,nan,2,2,0,0
1777318673375000,1777318673375000,47.39796374249864,8.546191212525919,490.9541,490.94943,0.019706387,2.4830062,2.5830045,nan,2,2,0,0
1777318673383000,1777318673383000,47.397963915520535,8.546191679000154,490.95428,490.9497,0.019706387,2.482896,2.58291,nan,2,2,0,0
1777318673391000,1777318673391000,47.39796408855957,8.546192145373032,490.95447,490.9499,0.019706387,2.4829156,2.5829277,nan,2,2,0,0
1777318673399000,1777318673399000,47.397964261632914,8.546192611745912,490.95465,490.95007,0.019706387,2.4829354,2.5829453,nan,2,2,0,0
1777318673407000,1777318673407000,47.39796443474056,8.546193078017431,490.9548,490.95023,0.019706387,2.4829555,2.5829632,nan,2,2,0,0
1777318673415000,1777318673415000,47.39796460788252,8.546193544238275,490.955,490.9504,0.019706387,2.4829757,2.582981,nan,2,2,0,0
1777318673423000,1777318673423000,47.397964781058775,8.546194010408438,490.95517,490.9506,0.019706387,2.4829962,2.5829992,nan,2,2,0,0
1777318673431000,1777318673431000,47.39796495426935,8.546194476527926,490.95535,490.95078,0.019706387,2.483017,2.5830138,nan,2,2,0,0
1777318673439000,1777318673439000,47.39796512734268,8.546194943154228,490.95554,490.95102,0.019706387,2.4829059,2.5829186,nan,2,2,0,0
1777318673447000,1777318673447000,47.397965300433164,8.546195409729854,490.95572,490.9512,0.019706387,2.4829254,2.5829363,nan,2,2,0,0
1777318673455000,1777318673455000,47.39796547352364,8.546195876153437,490.95587,490.95135,0.019706387,2.4829454,2.582954,nan,2,2,0,0
1777318673463000,1777318673463000,47.39796564664843,8.546196342526342,490.95605,490.95154,0.019706387,2.4829655,2.5829718,nan,2,2,0,0
1777318673471000,1777318673471000,47.39796581980752,8.54619680884857,490.95624,490.95172,0.019706387,2.482986,2.58299,nan,2,2,0,0
1777318673479000,1777318673479000,47.39796599300092,8.546197275221482,490.95642,490.9519,0.019706387,2.4830065,2.5830042,nan,2,2,0,0
1777318673487000,1777318673487000,47.397966166211475,8.546197741493033,490.95657,490.95206,0.019706387,2.4830272,2.5830226,nan,2,2,0,0
1777318673495000,1777318673495000,47.397966339233335,8.54619820786595,490.95676,490.95227,0.019706387,2.4829152,2.582927,nan,2,2,0,0
1777318673503000,1777318673503000,47.39796651227235,8.546198674188188,490.95694,490.95245,0.019706387,2.4829352,2.5829446,nan,2,2,0,0
1777318673511000,1777318673511000,47.39796668532852,8.54619914051043,490.95712,490.95264,0.019706387,2.482955,2.5829625,nan,2,2,0,0
1777318673519000,1777318673519000,47.3979668584533,8.546199606781993,490.9573,490.95282,0.019706387,2.4829752,2.5829804,nan,2,2,0,0
1777318673527000,1777318673527000,47.397967031612374,8.546200073104242,490.95746,490.95297,0.019706387,2.4829957,2.5829947,nan,2,2,0,0
1777318673535000,1777318673535000,47.39796720478861,8.546200539325131,490.95764,490.95316,0.019706387,2.4830165,2.5830128,nan,2,2,0,0
1777318673543000,1777318673543000,47.3979673777933,8.546201005799428,490.9578,490.95334,0.019706387,2.4829054,2.582918,nan,2,2,0,0
1777318673551000,1777318673551000,47.3979675508323,8.546201472223048,490.95798,490.95352,0.019706387,2.4829252,2.5829356,nan,2,2,0,0
1777318673559000,1777318673559000,47.3979677238713,8.546201938595988,490.95813,490.95367,0.019706387,2.482945,2.5829532,nan,2,2,0,0
1777318673567000,1777318673567000,47.397967896910295,8.546202404918253,490.95828,490.95383,0.019706387,2.4829652,2.582971,nan,2,2,0,0
1777318673575000,1777318673575000,47.39796806993214,8.546202871088472,490.95844,490.95398,0.019706387,2.4829855,2.5829892,nan,2,2,0,0
1777318673583000,1777318673583000,47.397968242919674,8.546203337208015,490.95862,490.95416,0.019706387,2.483006,2.5830073,nan,2,2,0,0
1777318673591000,1777318673591000,47.3979684158386,8.546203803935738,490.95877,490.9543,0.019706387,2.4828959,2.5829127,nan,2,2,0,0
1777318673599000,1777318673599000,47.39796858872321,8.546204270511417,490.95892,490.95447,0.019706387,2.4829154,2.5829303,nan,2,2,0,0
1777318673607000,1777318673607000,47.3979687615735,8.546204736935056,490.95908,490.95462,0.019706387,2.4829354,2.582948,nan,2,2,0,0
1777318673615000,1777318673615000,47.397968934355205,8.54620520315597,490.95926,490.9548,0.019706387,2.4829555,2.5829659,nan,2,2,0,0
1777318673623000,1777318673623000,47.39796910706828,8.546205669022118,490.9594,490.95496,0.019706387,2.4829755,2.5829837,nan,2,2,0,0
1777318673631000,1777318673631000,47.39796927969558,8.54620613463486,490.9596,490.95514,0.019706387,2.482996,2.582998,nan,2,2,0,0
1777318673639000,1777318673639000,47.39796945221998,8.546206599994196,490.95978,490.95532,0.019706387,2.4830167,2.5830164,nan,2,2,0,0
1777318673647000,1777318673647000,47.39796962441845,8.546207065454894,490.95996,490.9555,0.019706387,2.4829056,2.582921,nan,2,2,0,0
1777318673655000,1777318673655000,47.397969796514005,8.546207530662187,490.96014,490.9557,0.019706387,2.4829254,2.5829387,nan,2,2,0,0
1777318673663000,1777318673663000,47.397969968489505,8.546207995514711,490.96033,490.95587,0.019706387,2.4829454,2.5829566,nan,2,2,0,0
1777318673671000,1777318673671000,47.39797014031061,8.546208460063148,490.9605,490.95605,0.019706387,2.4829655,2.5829744,nan,2,2,0,0
1777318673679000,1777318673679000,47.39797031196018,8.546208924206134,490.9607,490.95624,0.019706387,2.4829857,2.5829887,nan,2,2,0,0
1777318673687000,1777318673687000,47.39797048340392,8.546209387943668,490.96088,490.95642,0.019706387,2.4830065,2.5830069,nan,2,2,0,0
1777318673695000,1777318673695000,47.397970654607505,8.54620985132643,490.96106,490.9566,0.019706387,2.4830272,2.5830252,nan,2,2,0,0
1777318673703000,1777318673703000,47.39797082536512,8.54621031486124,490.96124,490.95676,0.019706387,2.4829152,2.5829294,nan,2,2,0,0
1777318673711000,1777318673711000,47.39797099591688,8.546210777939912,490.96146,490.95697,0.019706387,2.482935,2.582947,nan,2,2,0,0
1777318673719000,1777318673719000,47.397971166194196,8.546211240562451,490.96164,490.95715,0.019706387,2.482955,2.582965,nan,2,2,0,0
1777318673727000,1777318673727000,47.397971336197074,8.546211702576814,490.96182,490.95734,0.019706387,2.4829752,2.5829792,nan,2,2,0,0
1777318673735000,1777318673735000,47.397971505925476,8.546212164033681,490.962,490.95752,0.019706387,2.4829957,2.582997,nan,2,2,0,0
1777318673743000,1777318673743000,47.39797167537945,8.54621262493305,490.96222,490.95773,0.019706387,2.4830163,2.5830154,nan,2,2,0,0
1777318673751000,1777318673751000,47.397971844627584,8.54621308623787,490.9624,490.9579,0.019706387,2.4829051,2.5829203,nan,2,2,0,0
1777318673759000,1777318673759000,47.39797201354979,8.546213546883832,490.96262,490.9581,0.019706387,2.482925,2.582938,nan,2,2,0,0
1777318673767000,1777318673767000,47.397972182094634,8.546214006921616,490.96283,490.9583,0.019706387,2.482945,2.5829556,nan,2,2,0,0
1777318673775000,1777318673775000,47.39797235022782,8.546214466300537,490.96304,490.95853,0.019706387,2.482965,2.5829735,nan,2,2,0,0
1777318673783000,1777318673783000,47.39797251796646,8.546214925020596,490.96326,490.95874,0.019706387,2.4829855,2.5829878,nan,2,2,0,0
1777318673791000,1777318673791000,47.39797268527628,8.546215383031113,490.96347,490.95895,0.019706387,2.483006,2.583006,nan,2,2,0,0
1777318673799000,1777318673799000,47.39797285212297,8.546215840230724,490.9637,490.9592,0.019706387,2.4830267,2.5830243,nan,2,2,0,0
1777318673807000,1777318673807000,47.39797301884958,8.546216297328973,490.96393,490.95938,0.019706387,2.4829147,2.5829284,nan,2,2,0,0
1777318673815000,1777318673815000,47.397973185078754,8.546216753565636,490.96417,490.95963,0.019706387,2.4829347,2.582946,nan,2,2,0,0
1777318673823000,1777318673823000,47.3979733508105,8.546217208940707,490.9644,490.95984,0.019706387,2.4829545,2.582964,nan,2,2,0,0
1777318673831000,1777318673831000,47.39797351604479,8.546217663454193,490.96463,490.96008,0.019706387,2.4829748,2.5829782,nan,2,2,0,0
1777318673839000,1777318673839000,47.39797368071304,8.546218117055409,490.9649,490.96036,0.019706387,2.4829953,2.5829964,nan,2,2,0,0
1777318673847000,1777318673847000,47.39797384481523,8.546218569795032,490.96515,490.9606,0.019706387,2.483016,2.5830145,nan,2,2,0,0
1777318673855000,1777318673855000,47.39797400893457,8.546219022433297,490.9654,490.96082,0.019706387,2.482905,2.5829194,nan,2,2,0,0
1777318673863000,1777318673863000,47.39797417245355,8.54621947405793,490.96567,490.9611,0.019706387,2.4829247,2.582937,nan,2,2,0,0
1777318673871000,1777318673871000,47.397974335337864,8.546219924719608,490.9659,490.96133,0.019706387,2.4829445,2.5829546,nan,2,2,0,0
1777318673879000,1777318673879000,47.39797449757037,8.546220374316972,490.9662,490.9616,0.019706387,2.4829648,2.582969,nan,2,2,0,0
1777318673887000,1777318673887000,47.39797465915106,8.546220822900699,490.96646,490.96188,0.019706387,2.482985,2.5829868,nan,2,2,0,0
1777318673895000,1777318673895000,47.397974820028466,8.546221270470792,490.96677,490.9622,0.019706387,2.4830058,2.583005,nan,2,2,0,0
1777318673903000,1777318673903000,47.39797498118031,8.546221718547704,490.96704,490.96243,0.019706387,2.4828954,2.5829105,nan,2,2,0,0
1777318673911000,1777318673911000,47.39797514159459,8.546222165458937,490.96732,490.9627,0.019706387,2.4829152,2.5829282,nan,2,2,0,0
1777318673919000,1777318673919000,47.39797530125412,8.54622261120449,490.96762,490.963,0.019706387,2.482935,2.5829458,nan,2,2,0,0
1777318673927000,1777318673927000,47.397975460141765,8.54622305573368,490.96793,490.96332,0.019706387,2.482955,2.58296,nan,2,2,0,0
1777318673935000,1777318673935000,47.39797561827468,8.546223498995827,490.96823,490.96362,0.019706387,2.4829752,2.582978,nan,2,2,0,0
1777318673943000,1777318673943000,47.39797577563569,8.546223941041612,490.96854,490.96393,0.019706387,2.4829957,2.582996,nan,2,2,0,0
1777318673951000,1777318673951000,47.39797593220768,8.546224381820354,490.96884,490.96423,0.019706387,2.4830165,2.5830142,nan,2,2,0,0
1777318673959000,1777318673959000,47.397976089174165,8.54622482325796,490.96915,490.9645,0.019706387,2.4829051,2.5829191,nan,2,2,0,0
1777318673967000,1777318673967000,47.39797624530017,8.54622526327648,490.96948,490.96484,0.019706387,2.482925,2.5829368,nan,2,2,0,0
1777318673975000,1777318673975000,47.397976400602815,8.546225701875908,490.9698,490.96515,0.019706387,2.482945,2.5829544,nan,2,2,0,0
1777318673983000,1777318673983000,47.397976555064965,8.546226139005569,490.9701,490.96545,0.019706387,2.4829652,2.5829687,nan,2,2,0,0
1777318673991000,1777318673991000,47.39797670865231,8.546226574716139,490.97043,490.9658,0.019706387,2.4829855,2.5829866,nan,2,2,0,0
1777318673999000,1777318673999000,47.397976861382,8.546227008906255,490.97076,490.96613,0.019706387,2.4830062,2.583005,nan,2,2,0,0
1777318674007000,1777318674007000,47.39797701325404,8.546227441677285,490.97107,490.96643,0.019706387,2.483027,2.583023,nan,2,2,0,0
1777318674015000,1777318674015000,47.39797716576073,8.546227874955136,490.9714,490.9667,0.019706387,2.482915,2.5829275,nan,2,2,0,0
1777318674023000,1777318674023000,47.39797731737547,8.546228306661856,490.9717,490.967,0.019706387,2.4829347,2.582945,nan,2,2,0,0
1777318674031000,1777318674031000,47.39797746809825,8.54622873679744,490.97202,490.96732,0.019706387,2.4829547,2.5829592,nan,2,2,0,0
1777318674039000,1777318674039000,47.397977617894774,8.546229165311209,490.97235,490.96765,0.019706387,2.482975,2.582977,nan,2,2,0,0
1777318674047000,1777318674047000,47.39797776678217,8.546229592051116,490.97266,490.96796,0.019706387,2.4829955,2.5829952,nan,2,2,0,0
1777318674055000,1777318674055000,47.39797791474331,8.546230017118527,490.973,490.9683,0.019706387,2.4830163,2.5830133,nan,2,2,0,0
1777318674063000,1777318674063000,47.397978063510635,8.546230443098214,490.9733,490.9685,0.019706387,2.482905,2.5829184,nan,2,2,0,0
1777318674071000,1777318674071000,47.3979782113517,8.546230867304041,490.9736,490.9688,0.019706387,2.4829247,2.5829358,nan,2,2,0,0
1777318674079000,1777318674079000,47.397978358266506,8.546231289685329,490.97394,490.96915,0.019706387,2.4829447,2.5829537,nan,2,2,0,0
1777318674087000,1777318674087000,47.39797850423789,8.546231710191389,490.97424,490.96945,0.019706387,2.482965,2.5829716,nan,2,2,0,0
1777318674095000,1777318674095000,47.39797864926585,8.546232128822226,490.97458,490.9698,0.019706387,2.4829853,2.5829895,nan,2,2,0,0
1777318674103000,1777318674103000,47.39797879335041,8.546232545527157,490.97488,490.9701,0.019706387,2.483006,2.5830078,nan,2,2,0,0
1777318674111000,1777318674111000,47.39797893818971,8.54623296324573,490.97522,490.97043,0.019706387,2.4828956,2.5829132,nan,2,2,0,0
1777318674119000,1777318674119000,47.39797908205128,8.546233378937034,490.97552,490.97073,0.019706387,2.4829154,2.5829306,nan,2,2,0,0
1777318674127000,1777318674127000,47.397979224935106,8.546233792601068,490.97583,490.97104,0.019706387,2.4829352,2.5829446,nan,2,2,0,0
1777318674135000,1777318674135000,47.39797936685838,8.546234204237836,490.97614,490.97134,0.019706387,2.4829552,2.5829625,nan,2,2,0,0
1777318674143000,1777318674143000,47.39797950783823,8.546234613847332,490.97647,490.97168,0.019706387,2.4829755,2.5829804,nan,2,2,0,0
1777318674151000,1777318674151000,47.39797964787468,8.546235021328197,490.97678,490.972,0.019706387,2.482996,2.5829985,nan,2,2,0,0
1777318674159000,1777318674159000,47.39797978695054,8.54623542668043,490.9771,490.97232,0.019706387,2.4830167,2.5830169,nan,2,2,0,0
1777318674167000,1777318674167000,47.39797992681546,8.546235833249032,490.97742,490.97266,0.019706387,2.4829054,2.5829215,nan,2,2,0,0
1777318674175000,1777318674175000,47.39798006566834,8.546236237638317,490.97775,490.973,0.019706387,2.4829252,2.5829391,nan,2,2,0,0
1777318674183000,1777318674183000,47.397980203526345,8.546236639797609,490.9781,490.97333,0.019706387,2.4829452,2.5829532,nan,2,2,0,0
1777318674191000,1777318674191000,47.39798034040663,8.546237039676223,490.97842,490.97366,0.019706387,2.4829655,2.582971,nan,2,2,0,0
1777318674199000,1777318674199000,47.39798047627491,8.546237437223478,490.97876,490.974,0.019706387,2.482986,2.582989,nan,2,2,0,0
1777318674207000,1777318674207000,47.39798061111398,8.546237832439376,490.9791,490.97433,0.019706387,2.4830067,2.5830073,nan,2,2,0,0
1777318674215000,1777318674215000,47.39798074658771,8.546238228770275,490.97943,490.97464,0.019706387,2.482896,2.5829127,nan,2,2,0,0
1777318674223000,1777318674223000,47.397980881049435,8.54623862266845,490.97977,490.97498,0.019706387,2.4829159,2.58293,nan,2,2,0,0
1777318674231000,1777318674231000,47.397981014481964,8.546239014032542,490.98013,490.97534,0.019706387,2.4829357,2.5829442,nan,2,2,0,0
1777318674239000,1777318674239000,47.397981146919626,8.546239402913232,490.98047,490.97568,0.019706387,2.482956,2.582962,nan,2,2,0,0
1777318674247000,1777318674247000,47.39798127836242,8.546239789259836,490.9808,490.976,0.019706387,2.4829762,2.58298,nan,2,2,0,0
1777318674255000,1777318674255000,47.39798140882749,8.546240173021674,490.98114,490.97635,0.019706387,2.4829967,2.582998,nan,2,2,0,0
1777318674263000,1777318674263000,47.39798153828054,8.546240554198747,490.98148,490.97668,0.019706387,2.4830174,2.5830162,nan,2,2,0,0
1777318674271000,1777318674271000,47.39798166840255,8.54624093679491,490.9818,490.97702,0.019706387,2.4829059,2.582921,nan,2,2,0,0
1777318674279000,1777318674279000,47.39798179749538,8.546241316704943,490.98215,490.97736,0.019706387,2.482926,2.582935,nan,2,2,0,0
1777318674287000,1777318674287000,47.397981925593335,8.54624169397953,490.98248,490.9777,0.019706387,2.482946,2.5829527,nan,2,2,0,0
1777318674295000,1777318674295000,47.397982052662115,8.546242068517303,490.98282,490.97803,0.019706387,2.4829662,2.5829706,nan,2,2,0,0
1777318674303000,1777318674303000,47.39798217868457,8.546242440267585,490.98315,490.97836,0.019706387,2.4829867,2.5829885,nan,2,2,0,0
1777318674311000,1777318674311000,47.39798230369501,8.546242809281056,490.9835,490.9787,0.019706387,2.4830074,2.5830066,nan,2,2,0,0
1777318674319000,1777318674319000,47.39798242922001,8.546243180017704,490.98383,490.97906,0.019706387,2.4828966,2.5829122,nan,2,2,0,0
1777318674327000,1777318674327000,47.39798255369869,8.54624354791618,490.98416,490.9794,0.019706387,2.4829164,2.582926,nan,2,2,0,0
1777318674335000,1777318674335000,47.3979826771482,8.546243912875116,490.98447,490.9797,0.019706387,2.4829364,2.5829437,nan,2,2,0,0
1777318674343000,1777318674343000,47.39798279956853,8.546244274945197,490.9848,490.98004,0.019706387,2.4829566,2.5829616,nan,2,2,0,0
1777318674351000,1777318674351000,47.39798292092537,8.546244634126422,490.9851,490.98035,0.019706387,2.4829772,2.5829794,nan,2,2,0,0
1777318674359000,1777318674359000,47.39798304125305,8.546244990368109,490.98544,490.98068,0.019706387,2.4829977,2.5829976,nan,2,2,0,0
1777318674367000,1777318674367000,47.397983160534395,8.546245343670257,490.98575,490.981,0.019706387,2.4830184,2.5830157,nan,2,2,0,0
1777318674375000,1777318674375000,47.397983280330315,8.54624569879695,490.98605,490.98135,0.019706387,2.4829066,2.5829206,nan,2,2,0,0
1777318674383000,1777318674383000,47.39798339906276,8.54624605088274,490.9864,490.9817,0.019706387,2.4829266,2.5829346,nan,2,2,0,0
1777318674391000,1777318674391000,47.39798351671457,8.54624639997831,490.98666,490.98196,0.019706387,2.4829466,2.5829523,nan,2,2,0,0
1777318674399000,1777318674399000,47.397983633302886,8.54624674603298,490.98697,490.98227,0.019706387,2.4829671,2.5829701,nan,2,2,0,0
1777318674407000,1777318674407000,47.39798374884488,8.54624708909743,490.98727,490.98257,0.019706387,2.4829876,2.582988,nan,2,2,0,0
1777318674415000,1777318674415000,47.39798386330624,8.546247429070295,490.98755,490.98285,0.019706387,2.4830084,2.5830061,nan,2,2,0,0
1777318674423000,1777318674423000,47.39798397821358,8.54624777112111,490.98785,490.98322,0.019706387,2.4828975,2.5829117,nan,2,2,0,0
1777318674431000,1777318674431000,47.39798409204026,8.546248110080343,490.98813,490.9835,0.019706387,2.4829173,2.5829256,nan,2,2,0,0
1777318674439000,1777318674439000,47.39798420475203,8.546248445998673,490.9884,490.98376,0.019706387,2.4829373,2.5829432,nan,2,2,0,0
1777318674447000,1777318674447000,47.39798431638315,8.546248778673375,490.98868,490.98404,0.019706387,2.4829576,2.582961,nan,2,2,0,0
1777318674455000,1777318674455000,47.39798442688218,8.546249108256493,490.98892,490.98428,0.019706387,2.482978,2.582979,nan,2,2,0,0
1777318674463000,1777318674463000,47.39798453626626,8.546249434697348,490.9892,490.98456,0.019706387,2.4829988,2.582997,nan,2,2,0,0
1777318674471000,1777318674471000,47.39798464455256,8.546249757945255,490.98944,490.9848,0.019706387,2.4830198,2.5830152,nan,2,2,0,0
1777318674479000,1777318674479000,47.39798475328483,8.546250083372474,490.9897,490.9851,0.019706387,2.4829075,2.58292,nan,2,2,0,0
1777318674487000,1777318674487000,47.39798486091931,8.546250405657426,490.98993,490.98535,0.019706387,2.4829276,2.5829377,nan,2,2,0,0
1777318674495000,1777318674495000,47.39798496743885,8.546250724648072,490.99017,490.9856,0.019706387,2.4829478,2.5829554,nan,2,2,0,0
1777318674503000,1777318674503000,47.39798507287776,8.54625104044577,490.99042,490.98584,0.019706387,2.482968,2.5829732,nan,2,2,0,0
1777318674511000,1777318674511000,47.39798517723604,8.546251353101201,490.99063,490.98605,0.019706387,2.4829888,2.5829911,nan,2,2,0,0
1777318674519000,1777318674519000,47.397985280496506,8.546251662513008,490.99088,490.9863,0.019706387,2.4830098,2.5830092,nan,2,2,0,0
1777318674527000,1777318674527000,47.3979853840829,8.546251973952078,490.99112,490.98666,0.019706387,2.4828982,2.5829113,nan,2,2,0,0
1777318674535000,1777318674535000,47.397985486502876,8.546252282147517,490.99133,490.98688,0.019706387,2.4829183,2.5829287,nan,2,2,0,0
1777318674543000,1777318674543000,47.397985587790764,8.546252587048649,490.99158,490.98712,0.019706387,2.4829385,2.5829463,nan,2,2,0,0
1777318674551000,1777318674551000,47.39798568798086,8.546252888706151,490.9918,490.98734,0.019706387,2.4829588,2.582964,nan,2,2,0,0
1777318674559000,1777318674559000,47.39798578702173,8.546253187120024,490.99203,490.98758,0.019706387,2.4829795,2.5829818,nan,2,2,0,0
1777318674567000,1777318674567000,47.397985884913346,8.546253482340951,490.99222,490.98776,0.019706387,2.4830003,2.583,nan,2,2,0,0
1777318674575000,1777318674575000,47.39798598160424,8.546253774267567,490.99243,490.98798,0.019706387,2.4830215,2.583018,nan,2,2,0,0
1777318674583000,1777318674583000,47.39798607865535,8.546254068322812,490.99265,490.98828,0.019706387,2.4829087,2.5829194,nan,2,2,0,0
1777318674591000,1777318674591000,47.39798617454005,8.546254359033062,490.99283,490.98846,0.019706387,2.4829288,2.5829368,nan,2,2,0,0
1777318674599000,1777318674599000,47.39798626920691,8.54625464634764,490.99304,490.98868,0.019706387,2.482949,2.5829546,nan,2,2,0,0
1777318674607000,1777318674607000,47.397986362707364,8.546254930317225,490.99323,490.98886,0.019706387,2.4829698,2.5829723,nan,2,2,0,0
1777318674615000,1777318674615000,47.39798645504142,8.546255210941817,490.9934,490.98904,0.019706387,2.4829905,2.5829902,nan,2,2,0,0
1777318674623000,1777318674623000,47.39798654620907,8.54625548822142,490.9936,490.98923,0.019706387,2.4830117,2.5830083,nan,2,2,0,0
1777318674631000,1777318674631000,47.39798663622748,8.546255762105345,490.99377,490.9894,0.019706387,2.483033,2.5830228,nan,2,2,0,0
1777318674639000,1777318674639000,47.39798672650317,8.54625603816858,490.994,490.9898,0.019706387,2.4829187,2.5829272,nan,2,2,0,0
1777318674647000,1777318674647000,47.39798681556101,8.546256310836142,490.99417,490.99,0.019706387,2.482939,2.5829449,nan,2,2,0,0
1777318674655000,1777318674655000,47.397986903418136,8.546256580108029,490.9944,490.9902,0.019706387,2.4829595,2.5829625,nan,2,2,0,0
1777318674663000,1777318674663000,47.39798699012602,8.546256845984242,490.99457,490.9904,0.019706387,2.4829805,2.5829804,nan,2,2,0,0
1777318674671000,1777318674671000,47.39798707561605,8.546257108515462,490.99472,490.99054,0.019706387,2.4830015,2.5829985,nan,2,2,0,0
1777318674679000,1777318674679000,47.39798715990537,8.546257367701688,490.9949,490.99072,0.019706387,2.4830227,2.5830166,nan,2,2,0,0
1777318674687000,1777318674687000,47.397987244451976,8.546257628813818,490.9951,490.99097,0.019706387,2.4829094,2.5829215,nan,2,2,0,0
1777318674695000,1777318674695000,47.397987327797885,8.546257886479587,490.99524,490.99112,0.019706387,2.4829295,2.5829391,nan,2,2,0,0
1777318674703000,1777318674703000,47.397987409943084,8.546258140648323,490.9954,490.99127,0.019706387,2.48295,2.5829568,nan,2,2,0,0
1777318674711000,1777318674711000,47.397987490921885,8.546258391421382,490.99554,490.99142,0.019706387,2.4829707,2.5829744,nan,2,2,0,0
1777318674719000,1777318674719000,47.39798757071713,8.546258638697406,490.9957,490.99158,0.019706387,2.4829917,2.5829926,nan,2,2,0,0
1777318674727000,1777318674727000,47.39798764932883,8.546258882577753,490.99582,490.9917,0.019706387,2.483013,2.5830069,nan,2,2,0,0
1777318674735000,1777318674735000,47.397987726756966,8.546259123062427,490.99597,490.99185,0.019706387,2.4830344,2.583025,nan,2,2,0,0
1777318674743000,1777318674743000,47.39798780447671,8.546259365625046,490.99612,490.99213,0.019706387,2.4829197,2.5829294,nan,2,2,0,0
1777318674751000,1777318674751000,47.39798788097859,8.54625960469063,490.99625,490.99225,0.019706387,2.48294,2.5829468,nan,2,2,0,0
1777318674759000,1777318674759000,47.39798795627977,8.546259840208492,490.9964,490.9924,0.019706387,2.4829607,2.5829647,nan,2,2,0,0
1777318674767000,1777318674767000,47.39798803041455,8.546260072229316,490.99652,490.99252,0.019706387,2.4829817,2.5829825,nan,2,2,0,0
1777318674775000,1777318674775000,47.39798810336578,8.546260300803786,490.99664,490.99265,0.019706387,2.483003,2.5830004,nan,2,2,0,0
1777318674783000,1777318674783000,47.397988175133456,8.546260525881218,490.99677,490.99277,0.019706387,2.4830244,2.583015,nan,2,2,0,0
1777318674791000,1777318674791000,47.397988247072654,8.546260752732504,490.9969,490.99295,0.019706387,2.4829104,2.5829198,nan,2,2,0,0
1777318674799000,1777318674799000,47.397988317793995,8.546260976086753,490.997,490.99307,0.019706387,2.4829307,2.5829375,nan,2,2,0,0
1777318674807000,1777318674807000,47.39798838731463,8.546261195893283,490.99713,490.9932,0.019706387,2.4829514,2.5829551,nan,2,2,0,0
1777318674815000,1777318674815000,47.39798845565173,8.546261412101412,490.99722,490.9933,0.019706387,2.4829721,2.5829728,nan,2,2,0,0
1777318674823000,1777318674823000,47.39798852280527,8.546261624761822,490.99734,490.9934,0.019706387,2.4829934,2.582991,nan,2,2,0,0
1777318674831000,1777318674831000,47.39798858874095,8.54626183387451,490.99744,490.9935,0.019706387,2.4830148,2.5830052,nan,2,2,0,0
1777318674839000,1777318674839000,47.397988653441615,8.546262039490163,490.99753,490.9936,0.019706387,2.4830365,2.5830233,nan,2,2,0,0
1777318674847000,1777318674847000,47.39798871829665,8.546262246828988,490.99762,490.99374,0.019706387,2.482921,2.5829277,nan,2,2,0,0
1777318674855000,1777318674855000,47.39798878189952,8.54626245051873,490.9977,490.99384,0.019706387,2.4829416,2.5829453,nan,2,2,0,0
1777318674863000,1777318674863000,47.3979888443017,8.54626265061007,490.9978,490.99393,0.019706387,2.4829624,2.582963,nan,2,2,0,0
1777318674871000,1777318674871000,47.397988905468864,8.546262847153692,490.99786,490.994,0.019706387,2.4829836,2.5829809,nan,2,2,0,0
1777318674879000,1777318674879000,47.39798896541817,8.546263040149592,490.99796,490.99408,0.019706387,2.483005,2.5829988,nan,2,2,0,0
1777318674887000,1777318674887000,47.39798902414961,8.546263229597773,490.99805,490.99417,0.019706387,2.4830265,2.5830169,nan,2,2,0,0
1777318674895000,1777318674895000,47.397989083035434,8.546263420465039,490.9981,490.99435,0.019706387,2.4829118,2.582922,nan,2,2,0,0
1777318674903000,1777318674903000,47.39798914068624,8.54626360768322,490.99817,490.99442,0.019706387,2.4829323,2.5829394,nan,2,2,0,0
1777318674911000,1777318674911000,47.39798919706774,8.54626379125232,490.99823,490.99448,0.019706387,2.482953,2.582957,nan,2,2,0,0
1777318674919000,1777318674919000,47.39798925219707,8.546263971273698,490.9983,490.99454,0.019706387,2.482974,2.582975,nan,2,2,0,0
1777318674927000,1777318674927000,47.39798930610854,8.546264147645994,490.99832,490.99457,0.019706387,2.4829955,2.582989,nan,2,2,0,0
1777318674935000,1777318674935000,47.39798935881932,8.546264320419889,490.99835,490.9946,0.019706387,2.4830172,2.583007,nan,2,2,0,0
1777318674943000,1777318674943000,47.39798941032938,8.546264489595382,490.99838,490.99463,0.019706387,2.4830391,2.5830252,nan,2,2,0,0
1777318674951000,1777318674951000,47.39798946202813,8.546264660342004,490.99838,490.9947,0.019706387,2.4829228,2.5829296,nan,2,2,0,0
1777318674959000,1777318674959000,47.397989512509014,8.546264827439543,490.9984,490.99472,0.019706387,2.4829435,2.5829473,nan,2,2,0,0
1777318674967000,1777318674967000,47.39798956178919,8.546264990837319,490.9984,490.99472,0.019706387,2.4829645,2.582965,nan,2,2,0,0
1777318674975000,1777318674975000,47.397989609851535,8.546265150586011,490.99844,490.99475,0.019706387,2.4829857,2.5829828,nan,2,2,0,0
1777318674983000,1777318674983000,47.39798965666169,8.546265306634938,490.99844,490.99475,0.019706387,2.4830074,2.5829968,nan,2,2,0,0
1777318674991000,1777318674991000,47.397989702236856,8.546265459034782,490.99847,490.99478,0.019706387,2.4830294,2.5830152,nan,2,2,0,0
1777318674999000,1777318674999000,47.39798974793207,8.546265612600301,490.99847,490.99484,0.019706387,2.4829135,2.58292,nan,2,2,0,0
1777318675007000,1777318675007000,47.39798979242659,8.546265762466058,490.99847,490.99484,0.019706387,2.4829342,2.5829377,nan,2,2,0,0
1777318675015000,1777318675015000,47.397989835686104,8.546265908581367,490.99847,490.99484,0.019706387,2.4829552,2.5829554,nan,2,2,0,0
1777318675023000,1777318675023000,47.397989877693455,8.546266051047594,490.99844,490.9948,0.019706387,2.4829767,2.582973,nan,2,2,0,0
1777318675031000,1777318675031000,47.397989918465804,8.546266189712691,490.99844,490.9948,0.019706387,2.4829981,2.5829873,nan,2,2,0,0
1777318675039000,1777318675039000,47.397989958054595,8.546266324678024,490.9984,490.99478,0.019706387,2.48302,2.5830052,nan,2,2,0,0
1777318675047000,1777318675047000,47.39798999640838,8.546266455994274,490.9984,490.99478,0.019706387,2.4830422,2.5830233,nan,2,2,0,0
1777318675055000,1777318675055000,47.397990034762145,8.54626658842552,490.99835,490.99478,0.019706387,2.4829247,2.582928,nan,2,2,0,0
1777318675063000,1777318675063000,47.39799007188092,8.546266717106315,490.99832,490.99475,0.019706387,2.4829457,2.5829453,nan,2,2,0,0
1777318675071000,1777318675071000,47.39799010774753,8.546266842087348,490.9983,490.99472,0.019706387,2.482967,2.5829632,nan,2,2,0,0
1777318675079000,1777318675079000,47.39799014237913,8.54626696326725,490.99826,490.9947,0.019706387,2.4829884,2.5829809,nan,2,2,0,0
1777318675087000,1777318675087000,47.39799017581002,8.546267080696708,490.9982,490.99463,0.019706387,2.4830103,2.582999,nan,2,2,0,0
1777318675095000,1777318675095000,47.39799020800591,8.546267194477084,490.99817,490.9946,0.019706387,2.4830322,2.583017,nan,2,2,0,0
1777318675103000,1777318675103000,47.39799023994449,8.546267309068357,490.9981,490.9947,0.019706387,2.4829156,2.582922,nan,2,2,0,0
1777318675111000,1777318675111000,47.39799027066523,8.546267419858507,490.99808,490.99466,0.019706387,2.4829366,2.5829396,nan,2,2,0,0
1777318675119000,1777318675119000,47.39799030015095,8.546267526898207,490.99802,490.9946,0.019706387,2.4829578,2.582957,nan,2,2,0,0
1777318675127000,1777318675127000,47.39799032841881,8.546267630187462,490.998,490.99457,0.019706387,2.4829793,2.582971,nan,2,2,0,0
1777318675135000,1777318675135000,47.39799035546882,8.546267729726269,490.99792,490.9945,0.019706387,2.483001,2.582989,nan,2,2,0,0
1777318675143000,1777318675143000,47.39799038128382,8.546267825565312,490.9979,490.99448,0.019706387,2.483023,2.583007,nan,2,2,0,0
1777318675151000,1777318675151000,47.39799040689299,8.546267921809806,490.99783,490.99457,0.019706387,2.482907,2.5829127,nan,2,2,0,0
1777318675159000,1777318675159000,47.39799043124999,8.546268014354533,490.9978,490.99454,0.019706387,2.4829278,2.58293,nan,2,2,0,0
1777318675167000,1777318675167000,47.39799045437198,8.546268103047451,490.99774,490.99448,0.019706387,2.482949,2.5829477,nan,2,2,0,0
1777318675175000,1777318675175000,47.397990476293266,8.546268188040603,490.9977,490.99445,0.019706387,2.4829705,2.5829654,nan,2,2,0,0
1777318675183000,1777318675183000,47.3979904969967,8.546268269232629,490.99765,490.9944,0.019706387,2.4829922,2.5829833,nan,2,2,0,0
1777318675191000,1777318675191000,47.39799051649943,8.546268346623526,490.9976,490.99432,0.019706387,2.483014,2.5830014,nan,2,2,0,0
1777318675199000,1777318675199000,47.397990534801465,8.546268420263978,490.99756,490.9943,0.019706387,2.4830365,2.5830193,nan,2,2,0,0
1777318675207000,1777318675207000,47.39799055289767,8.54626849430988,490.9975,490.99432,0.019706387,2.4829187,2.5829241,nan,2,2,0,0
1777318675215000,1777318675215000,47.397990569775985,8.546268564554651,490.99744,490.99426,0.019706387,2.48294,2.5829415,nan,2,2,0,0
1777318675223000,1777318675223000,47.39799058541932,8.546268631048978,490.99738,490.9942,0.019706387,2.4829612,2.5829594,nan,2,2,0,0
1777318675231000,1777318675231000,47.39799059984479,8.546268693691493,490.9973,490.99414,0.019706387,2.4829826,2.5829735,nan,2,2,0,0
1777318675239000,1777318675239000,47.39799061306955,8.546268752684927,490.99725,490.99408,0.019706387,2.4830046,2.5829914,nan,2,2,0,0
1777318675247000,1777318675247000,47.39799062509362,8.546268807877233,490.9972,490.99402,0.019706387,2.4830267,2.5830095,nan,2,2,0,0
1777318675255000,1777318675255000,47.397990635934136,8.546268859319094,490.99713,490.99396,0.019706387,2.4830494,2.5830276,nan,2,2,0,0
1777318675263000,1777318675263000,47.397990646517364,8.546268911217084,490.99707,490.99402,0.019706387,2.48293,2.5829318,nan,2,2,0,0
1777318675271000,1777318675271000,47.39799065591703,8.546268959364628,490.997,490.99396,0.019706387,2.4829514,2.5829494,nan,2,2,0,0
1777318675279000,1777318675279000,47.39799066413316,8.546269003660361,490.99695,490.9939,0.019706387,2.4829729,2.582967,nan,2,2,0,0
1777318675287000,1777318675287000,47.39799067114857,8.54626904420565,490.9969,490.99384,0.019706387,2.4829948,2.582985,nan,2,2,0,0
1777318675295000,1777318675295000,47.39799067698044,8.546269080949811,490.99683,490.99377,0.019706387,2.483017,2.5830028,nan,2,2,0,0
1777318675303000,1777318675303000,47.39799068164592,8.546269113892846,490.99677,490.9937,0.019706387,2.4830391,2.583021,nan,2,2,0,0
1777318675311000,1777318675311000,47.39799068589973,8.546269147241327,490.9967,490.99384,0.019706387,2.4829206,2.5829256,nan,2,2,0,0
1777318675319000,1777318675319000,47.397990688935664,8.546269176737997,490.99667,490.9938,0.019706387,2.4829419,2.5829432,nan,2,2,0,0
1777318675327000,1777318675327000,47.39799069077091,8.546269202433539,490.99658,490.9937,0.019706387,2.4829633,2.582957,nan,2,2,0,0
1777318675335000,1777318675335000,47.397990691405454,8.546269224378637,490.99652,490.99365,0.019706387,2.4829853,2.582975,nan,2,2,0,0
1777318675343000,1777318675343000,47.397990690822134,8.546269242522605,490.99643,490.99356,0.019706387,2.4830074,2.5829928,nan,2,2,0,0
1777318675351000,1777318675351000,47.39799068903812,8.54626925691613,490.99637,490.9935,0.019706387,2.4830298,2.583011,nan,2,2,0,0
1777318675359000,1777318675359000,47.3979906860534,8.546269267609889,490.99628,490.9934,0.019706387,2.4830525,2.583029,nan,2,2,0,0
1777318675367000,1777318675367000,47.39799068275991,8.546269278810456,490.99615,490.99338,0.019706387,2.482932,2.5829332,nan,2,2,0,0
1777318675375000,1777318675375000,47.39799067828289,8.54626928631126,490.99606,490.9933,0.019706387,2.4829535,2.5829506,nan,2,2,0,0
1777318675383000,1777318675383000,47.397990672622306,8.546269290010937,490.99597,490.9932,0.019706387,2.4829752,2.5829647,nan,2,2,0,0
1777318675391000,1777318675391000,47.39799066579533,8.546269289909487,490.99585,490.99307,0.019706387,2.4829972,2.5829825,nan,2,2,0,0
1777318675399000,1777318675399000,47.39799065780196,8.546269286108272,490.99576,490.99298,0.019706387,2.4830196,2.5830004,nan,2,2,0,0
1777318675407000,1777318675407000,47.39799064865936,8.546269278607292,490.99564,490.99286,0.019706387,2.4830422,2.5830185,nan,2,2,0,0
1777318675415000,1777318675415000,47.39799063925945,8.546269271106311,490.9955,490.99286,0.019706387,2.482923,2.5829237,nan,2,2,0,0
1777318675423000,1777318675423000,47.39799062869314,8.546269259905563,490.99536,490.9927,0.019706387,2.4829445,2.582941,nan,2,2,0,0
